;Num_Acc;an;mois;jour;hrmn;lum;agg;int;atm;col;com;adr;gps;lat;long;dep
562;201300000624;13;12;31;415;5;2;1;2.0;6;627;ROUTE DE LILLEBONNE;M;4953026.0;48948.0;760
563;201300000625;13;1;5;1415;1;1;2;2.0;3;303;R DE LA BRULERIE;M;4955360.0;35025.0;760
564;201300000626;13;1;10;1330;1;1;3;2.0;5;647;;M;4954264.0;38573.0;760
565;201300000627;13;2;12;1030;2;1;1;3.0;6;533;RTE INDUSTRIELLE;M;4947915.0;25980.0;760
566;201300000630;13;7;29;1315;1;2;1;1.0;6;647;13, R DUBOIS;M;4953158.0;35305.0;760
567;201300000631;13;9;8;1115;1;1;1;1.0;3;303;;M;4956093.0;37468.0;760
568;201300000634;13;11;3;500;3;1;1;2.0;6;657;;M;4948721.0;31413.0;760
569;201300000635;13;12;13;415;3;1;2;2.0;6;563;;M;4952592.0;33004.0;760
570;201300000636;13;7;9;1900;1;1;3;1.0;3;487;;M;4978283.0;128404.0;760
571;201300000637;13;8;14;1630;1;1;1;1.0;1;262;;M;4978644.0;150403.0;760
572;201300000638;13;10;24;1900;3;1;1;8.0;7;649;;M;4968095.0;150275.0;760
573;201300000639;13;10;26;500;3;1;1;1.0;7;677;;M;4983659.0;148866.0;760
574;201300000640;13;11;23;1545;1;2;1;1.0;6;462;ZONE INDUSTRIELLE;M;4972903.0;143537.0;760
575;201300000641;13;11;30;700;3;1;1;9.0;1;427;;M;4975163.0;140545.0;760
576;201300000643;13;1;16;745;2;2;1;9.0;6;460;CD116;M;4990170.0;166349.0;760
577;201300000645;13;6;12;800;1;1;1;1.0;7;527;;M;4979760.0;167397.0;760
578;201300000646;13;11;30;1715;2;2;1;1.0;6;278;R CHARLES DESJONQUIERES;M;4984997.0;157007.0;760
579;201300000647;13;12;7;1645;2;1;2;2.0;5;372;;M;4974997.0;161644.0;760
580;201300000648;13;5;30;1615;1;1;2;1.0;3;532;;M;4961613.0;131610.0;760
581;201300000649;13;6;17;900;1;2;3;2.0;6;276;;M;4961090.0;154667.0;760
582;201300000650;13;6;30;1800;1;1;4;1.0;1;532;;M;4961295.0;132596.0;760
583;201300000651;13;8;5;1915;1;1;1;1.0;1;420;;M;4959320.0;145016.0;760
584;201300000653;13;9;3;1315;1;1;1;1.0;1;578;;M;4965128.0;142001.0;760
585;201300000656;13;12;16;645;2;1;1;1.0;6;648;;M;4965884.0;124040.0;760
586;201300000657;13;12;12;1430;1;1;1;8.0;3;432;;M;4965646.0;151941.0;760
587;201300000659;13;10;11;1315;1;2;1;1.0;6;312;BD MONTMORENCY;M;4948058.0;172358.0;760
588;201300000660;13;12;6;1745;3;1;4;1.0;6;229;;M;4949317.0;167262.0;760
589;201300000661;13;12;6;2015;3;1;1;8.0;6;208;;M;4951014.0;170788.0;760
590;201300000662;13;2;10;1500;1;1;1;4.0;1;718;;M;4961584.0;70060.0;760
591;201300000663;13;3;8;2045;3;1;2;8.0;3;223;;M;4962081.0;82471.0;760
592;201300000664;13;5;27;1430;1;1;3;1.0;3;718;;M;4962703.0;73191.0;760
593;201300000665;13;9;29;1745;1;2;2;1.0;1;758;45, R DES CHAMPS;M;4962439.0;74998.0;760
594;201300000667;13;3;19;1445;1;2;1;1.0;3;289;CD 20 PK 15+800;M;4957125.0;83469.0;760
595;201300000668;13;3;23;2000;3;1;1;1.0;6;135;CD 22;M;4956391.0;90674.0;760
596;201300000669;13;4;12;900;1;2;1;1.0;6;57;60, AV ARISTIDE BRIAND;M;4954004.0;95680.0;760
597;201300000670;13;5;22;1045;1;2;1;1.0;6;135;;M;4957271.0;90497.0;760
598;201300000671;13;7;16;1345;1;2;3;1.0;3;57;AV VICTOR HUGO;M;4954695.0;95248.0;760
599;201300000672;13;7;19;745;1;2;3;7.0;6;57;R DU GENERAL GIRAUD;M;4954554.0;95316.0;760
600;201300000673;13;7;24;1630;1;2;1;1.0;6;495;RUE DE L HOSPICE;M;4956356.0;95619.0;760
601;201300000674;13;8;3;1845;1;1;3;1.0;3;99;;M;4955183.0;84948.0;760
602;201300000675;13;9;26;1000;1;2;3;2.0;1;57;R SAINT HELLIER;M;4954498.0;95755.0;760
603;201300000676;13;9;26;1330;1;2;1;1.0;1;385;RTE DE YERVILLE;M;4961747.0;92372.0;760
604;201300000677;13;11;21;1245;1;2;1;1.0;6;433;RD 6015;M;4959171.0;87368.0;760
605;201300000678;13;1;13;1800;3;1;4;2.0;6;159;;M;4976637.0;65415.0;760
606;201300000679;13;1;23;1430;1;1;1;1.0;3;664;;M;4978975.0;67717.0;760
607;201300000680;13;6;1;200;5;2;1;1.0;6;655;;M;4986339.0;72612.0;760
608;201300000681;13;8;31;15;3;1;2;1.0;1;365;;M;4981061.0;78841.0;760
609;201300000682;13;1;1;1015;1;1;2;1.0;3;13;;M;4977716.0;48766.0;760
610;201300000683;13;1;12;1230;1;1;2;1.0;3;755;;M;4967696.0;51457.0;760
611;201300000684;13;4;5;1630;1;1;1;2.0;1;240;;M;4971738.0;36646.0;760
612;201300000685;13;5;20;1900;2;1;1;2.0;6;68;;M;4971531.0;42177.0;760
613;201300000686;13;6;2;1300;1;1;1;1.0;1;529;;M;4972065.0;54248.0;760
614;201300000687;13;6;16;1530;1;2;1;1.0;6;680;RTE DU CHATEAU;M;4970411.0;55243.0;760
615;201300000688;13;8;10;1015;1;1;2;1.0;3;291;;M;4971800.0;34383.0;760
616;201300000689;13;10;1;1430;1;1;1;1.0;1;187;;M;4972054.0;44544.0;760
617;201300000690;13;3;5;1915;2;1;3;1.0;5;456;;M;4964925.0;85088.0;760
618;201300000691;13;8;2;1545;1;1;2;1.0;3;10;;M;4965444.0;95894.0;760
619;201300000692;13;12;8;2000;3;1;2;1.0;6;385;;M;4962899.0;90374.0;760
620;201300000693;13;4;25;1500;1;1;1;1.0;7;287;;M;4858400.0;100099.0;270
621;201300000694;13;7;7;1845;1;1;1;1.0;7;238;;M;0.0;0.0;270
622;201300000695;13;7;8;915;1;2;2;1.0;3;99;1 route de louviers;M;0.0;0.0;270
623;201300000697;13;9;3;1030;1;1;1;1.0;3;165;;M;0.0;0.0;270
624;201300000698;13;9;26;1915;2;1;1;1.0;3;504;;M;0.0;0.0;270
625;201300000700;13;9;21;1000;1;2;1;1.0;1;165;;M;0.0;0.0;270
626;201300000701;13;2;12;815;1;2;1;2.0;6;507;rue de melleville;M;0.0;0.0;270
627;201300000702;13;4;26;1500;1;2;1;8.0;6;278;rue de l'ob?lisque D163;M;4891700.0;140700.0;270
628;201300000703;13;5;4;1445;1;1;1;1.0;2;183;;M;4852400.0;124300.0;270
629;201300000704;13;5;14;1715;1;2;2;1.0;3;507;rue de Quessigny;M;4891500.0;127800.0;270
630;201300000705;13;7;14;315;3;1;1;1.0;6;183;;M;4888800.0;140800.0;270
631;201300000706;13;8;6;1930;1;1;1;1.0;6;421;;M;0.0;0.0;270
632;201300000707;13;9;17;1815;1;1;2;2.0;3;27;;M;4891500.0;124200.0;270
633;201300000708;13;9;25;1230;1;1;1;1.0;3;478;;M;4898800.0;126300.0;270
634;201300000709;13;10;1;2200;3;2;1;2.0;6;144;Hameau d'Osmoy;M;4886700.0;127300.0;270
635;201300000710;13;12;18;2030;3;1;1;1.0;1;183;;M;0.0;0.0;270
636;201300000711;13;1;14;2300;3;1;1;2.0;7;503;;M;4853200.0;104200.0;270
637;201300000712;13;3;11;1700;1;1;1;4.0;5;293;;M;4851100.0;102000.0;270
638;201300000713;13;7;23;1145;1;1;2;1.0;3;181;;M;4881000.0;127100.0;270
639;201300000714;13;7;28;2000;1;1;1;2.0;3;438;;M;4877100.0;122100.0;270
640;201300000715;13;10;4;1815;1;1;1;1.0;3;181;;M;4881700.0;128000.0;270
641;201300000716;13;11;26;715;5;2;1;1.0;6;423;Rte de NONANCOURT - CD50;M;0.0;0.0;270
642;201300000717;13;11;29;700;5;2;3;1.0;3;198;route de verneuil;M;0.0;0.0;270
643;201300000718;13;6;8;2245;5;2;1;1.0;1;119;50 GRANDE RUE;M;4855500.0;126200.0;270
644;201300000719;13;10;23;1900;5;2;1;1.0;3;448;rue isambard;M;0.0;0.0;270
645;201300000720;13;1;12;2115;3;1;1;1.0;7;508;;M;4850000.0;40000.0;270
646;201300000721;13;2;3;15;3;1;1;1.0;2;108;;M;4844500.0;47200.0;270
647;201300000722;13;4;5;1345;1;1;1;4.0;1;578;;M;4847200.0;55200.0;270
648;201300000723;13;6;4;2200;2;2;1;1.0;7;643;c?te de verneuil;M;4845200.0;103200.0;270
649;201300000724;13;6;10;1045;1;1;2;1.0;3;685;;M;4854500.0;43500.0;270
650;201300000725;13;6;25;745;1;2;3;1.0;3;265;rue des trois ponts;M;4847400.0;50400.0;270
651;201300000726;13;7;14;2300;2;1;1;1.0;7;643;;M;4879000.0;101800.0;270
652;201300000727;13;7;13;615;2;1;1;1.0;6;679;;M;4872200.0;92300.0;270
653;201300000728;13;9;10;1145;1;1;1;1.0;3;383;;M;4874900.0;83300.0;270
654;201300000730;13;12;28;1115;1;1;1;1.0;1;685;;M;4892400.0;75000.0;270
655;201300000731;13;3;20;530;3;1;1;2.0;1;16;;M;4915100.0;128200.0;270
656;201300000732;13;6;20;1445;1;1;1;1.0;7;16;;M;4919300.0;131100.0;270
657;201300000733;13;9;3;1600;1;1;1;1.0;2;315;;M;0.0;0.0;270
658;201300000734;13;1;12;1315;1;1;1;2.0;6;122;;M;4912200.0;135300.0;270
659;201300000735;13;2;23;2045;3;1;1;1.0;3;213;;M;4907500.0;135500.0;270
660;201300000736;13;5;1;245;3;1;1;1.0;6;72;;M;4905400.0;132500.0;270
661;201300000737;13;7;12;845;1;1;1;1.0;1;197;;M;4916900.0;165300.0;270
662;201300000738;13;8;16;230;5;2;1;1.0;6;477;rue Harel;M;0.0;0.0;270
663;201300000739;13;8;16;2045;1;1;2;7.0;3;449;;M;4926600.0;188000.0;270
664;201300000740;13;9;30;545;3;1;1;1.0;1;644;;M;0.0;0.0;270
665;201300000741;13;10;21;1730;1;1;1;1.0;3;128;;M;0.0;0.0;270
666;201300000742;13;12;7;1300;1;1;1;8.0;6;285;;M;0.0;0.0;270
667;201300000743;13;3;3;1900;3;1;2;1.0;3;214;;M;4918300.0;123400.0;270
668;201300000744;13;6;16;1645;1;1;1;1.0;7;294;;M;0.0;0.0;270
669;201300000746;13;9;1;715;1;2;1;1.0;1;151;grande rue;M;0.0;0.0;270
670;201300000747;13;9;18;730;1;1;1;2.0;3;366;;M;0.0;0.0;270
671;201300000748;13;10;6;1645;1;1;1;1.0;6;377;;M;0.0;0.0;270
672;201300000749;13;12;16;1745;3;1;1;1.0;6;487;;M;0.0;0.0;270
673;201300000750;13;5;5;245;3;1;1;1.0;6;533;;M;0.0;0.0;270
674;201300000751;13;7;13;1930;1;1;1;1.0;3;59;;M;0.0;0.0;270
675;201300000752;13;8;2;1800;1;1;1;1.0;6;392;;M;0.0;0.0;270
676;201300000753;13;9;4;1745;1;1;1;1.0;1;226;;M;0.0;0.0;270
677;201300000754;13;9;15;1545;1;1;1;1.0;6;437;;M;0.0;0.0;270
678;201300000755;13;10;8;2030;3;1;1;8.0;6;632;;M;0.0;0.0;270
679;201300000756;13;10;18;1315;1;1;2;1.0;3;372;;M;0.0;0.0;270
680;201300000757;13;12;10;1330;1;1;1;1.0;1;226;;M;0.0;0.0;270
681;201300000758;13;5;13;615;1;1;1;1.0;7;179;;M;4907100.0;32500.0;270
682;201300000759;13;6;26;2145;1;1;1;1.0;6;149;;M;4912400.0;44400.0;270
683;201300000760;13;3;24;600;3;1;1;1.0;6;296;;M;4902400.0;39100.0;270
684;201300000761;13;5;8;1030;1;1;1;1.0;1;74;;M;4909100.0;37500.0;270
685;201300000762;13;5;17;2030;1;1;2;2.0;1;433;;M;4911500.0;36500.0;270
686;201300000763;13;5;20;2030;1;1;1;2.0;6;628;;M;4858100.0;44200.0;270
687;201300000764;13;7;12;1615;1;1;1;1.0;7;95;;M;0.0;0.0;270
688;201300000765;13;7;25;1830;1;1;1;1.0;3;131;;M;4907500.0;40100.0;270
689;201300000766;13;7;26;830;1;1;1;2.0;3;515;;M;4902500.0;41000.0;270
690;201300000767;13;11;16;1015;4;1;1;5.0;6;444;;M;0.0;0.0;270
691;201300000768;13;4;7;1630;1;2;1;1.0;1;15;ROUTE DE MUIDS;M;4913500.0;114400.0;270
692;201300000769;13;5;11;1000;1;1;1;1.0;6;3;;M;4909500.0;109100.0;270
693;201300000770;13;6;8;1630;1;2;1;1.0;7;598;rue du foss? cav?;M;4914000.0;113100.0;270
694;201300000772;13;3;14;1815;2;1;1;1.0;6;517;;M;4907200.0;118400.0;270
695;201300000773;13;6;18;2045;1;1;1;1.0;1;676;;M;4911500.0;118000.0;270
696;201300000774;13;6;30;1200;1;1;1;1.0;1;517;;M;4908000.0;118400.0;270
697;201300000775;13;10;9;1515;1;2;1;8.0;2;275;Avenue Mar?chal Leclerc;M;0.0;0.0;270
698;201300000776;13;12;6;1830;5;2;6;1.0;3;275;Avenue de l'europe;M;0.0;0.0;270
699;201300000777;13;12;7;1900;5;2;1;1.0;2;687;Route nationale 15;M;0.0;0.0;270
700;201300000778;13;3;3;1215;1;1;1;1.0;6;188;;M;4918000.0;104499.0;270
701;201300000779;13;7;1;900;1;1;1;1.0;2;458;;M;0.0;0.0;270
702;201300000780;13;8;27;830;1;1;1;1.0;1;458;;M;4919300.0;113000.0;270
703;201300000781;13;11;22;815;2;1;1;1.0;6;348;;M;0.0;0.0;270
704;201300000782;13;5;13;2100;2;1;1;1.0;7;654;;M;4913000.0;53500.0;270
705;201300000783;13;5;17;1600;1;2;2;1.0;3;428;rue de la paix;M;4909000.0;54100.0;270
706;201300000784;13;7;14;1845;1;1;1;1.0;6;185;;M;0.0;0.0;270
707;201300000786;13;7;8;1815;1;1;1;1.0;2;518;;M;0.0;0.0;270
708;201300000787;13;7;14;1545;1;1;1;1.0;7;174;;M;0.0;0.0;270
709;201300000788;13;7;18;1530;1;2;1;1.0;1;467;Rue Saint Ulfrant;M;0.0;0.0;270
710;201300000789;13;7;27;1400;1;1;1;3.0;1;646;;M;4921100.0;22200.0;270
711;201300000790;13;8;6;1630;1;1;2;1.0;3;597;;M;0.0;0.0;270
712;201300000791;13;9;17;1730;1;1;1;3.0;1;597;;M;0.0;0.0;270
713;201300000792;13;10;6;1245;1;2;1;1.0;6;107;place de la mairie;M;0.0;0.0;270
714;201300000793;13;10;11;815;1;1;1;2.0;3;174;;M;0.0;0.0;270
715;201300000794;13;11;23;1715;2;1;1;2.0;1;563;;M;0.0;0.0;270
716;201300000795;13;11;29;1145;1;2;1;1.0;6;107;Route de Trouville;M;0.0;0.0;270
717;201300000796;13;12;5;1900;5;2;1;2.0;3;467;90 route de Rouen;M;0.0;0.0;270
718;201300000797;13;1;2;1745;3;1;1;2.0;1;102;;M;4935700.0;78900.0;270
719;201300000798;13;1;8;1730;2;1;1;8.0;1;105;;M;4928000.0;88200.0;270
720;201300000799;13;4;14;1000;1;1;1;1.0;7;637;;M;4918500.0;50400.0;270
721;201300000800;13;4;17;700;1;1;1;1.0;3;105;;M;4918400.0;53300.0;270
722;201300000801;13;5;15;730;1;1;3;1.0;3;580;;M;4920500.0;55400.0;270
723;201300000802;13;6;1;2345;5;1;1;2.0;7;102;;M;4921400.0;46300.0;270
724;201300000803;13;6;3;1730;1;2;1;1.0;1;103;ROUTE DE ROUEN;M;4921200.0;49100.0;270
725;201300000805;13;6;29;1830;1;1;1;1.0;3;90;;M;4917400.0;56100.0;270
726;201300000806;13;8;8;1715;1;1;9;1.0;1;105;;M;0.0;0.0;270
727;201300000807;13;8;9;1230;1;1;1;1.0;3;103;;M;4920400.0;49200.0;270
728;201300000808;13;10;22;1000;1;1;1;1.0;1;103;;M;0.0;0.0;270
729;201300000809;13;10;30;1845;3;1;3;1.0;3;316;;M;0.0;0.0;270
730;201300000810;13;12;13;1445;1;1;2;8.0;3;62;;M;0.0;0.0;270
731;201300000811;13;3;17;1645;1;1;1;2.0;6;18;;M;4931500.0;66100.0;270
732;201300000812;13;5;18;2015;1;1;2;2.0;3;269;;M;4920900.0;49000.0;270
733;201300000813;13;7;24;1900;2;1;1;3.0;2;587;;M;0.0;0.0;270
734;201300000814;13;10;15;1345;1;2;1;1.0;1;170;rue torse rue;M;0.0;0.0;270
735;201300000815;13;8;9;400;3;2;6;1.0;6;47;D44 rond point;M;0.0;0.0;350
736;201300000816;13;9;25;1715;1;1;1;1.0;1;363;Chemin de la vigne;M;4801133.0;-171441.0;350
737;201300000817;13;10;9;1945;3;1;6;1.0;3;47;;M;4806204.0;-175527.0;350
738;201300000818;13;4;12;1330;1;2;1;1.0;6;326;Avenue Philippe de Volvi;M;4833251.0;-153555.0;350
739;201300000820;13;11;1;1845;3;1;1;5.0;2;146;;M;4824646.0;-182123.0;350
740;201300000821;13;11;2;2015;3;1;1;8.0;6;355;;M;4834030.0;-147898.0;350
741;201300000822;13;12;20;1815;3;1;2;1.0;1;94;;M;4835400.0;-177800.0;350
742;201300000823;13;10;31;930;1;1;3;1.0;3;1;;M;0.0;0.0;350
743;201300000824;13;12;11;830;2;1;1;9.0;6;152;;M;4823988.0;-154692.0;350
744;201300000825;13;1;9;1530;1;1;1;2.0;3;234;;M;4822652.0;-217695.0;350
745;201300000826;13;9;28;600;3;1;1;1.0;7;184;;M;4818917.0;-203520.0;350
746;201300000827;13;12;23;1740;3;1;1;3.0;1;117;;M;4816006.0;-221174.0;350
747;201300000828;13;8;22;1610;1;1;1;1.0;3;223;;M;4800409.0;-208580.0;350
748;201300000829;13;9;21;1;5;2;1;1.0;6;223;LE GUE;M;4800600.0;-211000.0;350
749;201300000830;13;10;15;700;4;2;1;2.0;6;188;16 rue Saint Nicolas;M;4813783.0;-195399.0;350
750;201300000831;13;10;29;1630;1;2;9;7.0;6;188;Rue de Saint Nicolas;M;4814300.0;-195600.0;350
751;201300000832;13;3;19;1215;1;2;6;1.0;6;196;BARREAU EST;M;4807847.0;-183430.0;350
752;201300000833;13;4;13;1200;1;2;9;1.0;6;196;;M;4807116.0;-184938.0;350
753;201300000834;13;7;22;700;1;1;4;1.0;7;240;;M;4809853.0;-175770.0;350
754;201300000835;13;10;26;2330;3;1;1;3.0;2;240;;M;4809748.0;-175862.0;350
755;201300000836;13;11;13;1115;1;1;1;7.0;1;76;;M;4806375.0;-179052.0;350
756;201300000837;13;12;3;1945;3;1;1;1.0;1;240;;M;0.0;0.0;350
757;201300000838;13;1;12;1630;1;1;2;1.0;3;100;;M;4827713.0;-115117.0;350
758;201300000839;13;4;20;1430;1;1;3;1.0;6;137;Les Fontaines;M;4831125.0;-117900.0;350
759;201300000840;13;6;14;1845;1;1;1;1.0;1;243;;M;4835821.0;-124692.0;350
760;201300000841;13;6;25;1200;1;1;1;1.0;1;137;;M;4830619.0;-116874.0;350
761;201300000843;13;1;29;1830;3;1;1;2.0;5;178;;M;4830884.0;-146887.0;350
762;201300000844;13;3;6;1430;1;1;1;2.0;3;267;;M;4837150.0;-132879.0;350
763;201300000845;13;4;14;1415;1;1;1;1.0;3;257;;M;4841597.0;-136058.0;350
764;201300000847;13;6;26;1530;1;1;1;1.0;1;304;;M;4831289.0;-142958.0;350
765;201300000848;13;7;25;1300;1;2;1;1.0;3;257;rue Joseph Tronchot;M;4841086.0;-136642.0;350
766;201300000849;13;8;23;1730;1;1;2;1.0;3;293;;M;4830203.0;-135744.0;350
767;201300000850;13;8;30;1315;1;1;1;1.0;1;304;;M;4832035.0;-142812.0;350
768;201300000851;13;9;20;2045;3;1;2;1.0;3;253;;M;4825622.0;-141190.0;350
769;201300000852;13;9;27;45;5;1;1;1.0;7;253;;M;0.0;0.0;350
770;201300000853;13;10;23;1500;1;2;1;1.0;3;19;le lion d'or;M;0.0;0.0;350
771;201300000854;13;10;25;2000;3;1;1;1.0;6;282;;M;0.0;0.0;350
772;201300000855;13;10;27;915;2;1;1;1.0;6;242;;M;0.0;0.0;350
773;201300000856;13;12;2;945;1;1;1;1.0;7;191;;M;4845500.0;-129526.0;350
774;201300000857;13;12;23;1815;3;1;1;3.0;6;11;;M;4838337.0;-137412.0;350
775;201300000858;13;5;26;1900;1;2;1;1.0;6;64;Grande rue;M;4769800.0;-189376.0;350
776;201300000860;13;7;6;1200;1;2;2;1.0;6;236;rue des douves;M;4765079.0;-208602.0;350
777;201300000861;13;8;30;2015;1;2;1;1.0;1;236;rue de cour?e;M;4767111.0;-208768.0;350
778;201300000862;13;10;14;1830;1;1;1;1.0;1;237;;M;4771531.0;-198002.0;350
779;201300000863;13;11;8;1730;1;1;2;3.0;5;13;;M;4770661.0;-205413.0;350
780;201300000864;13;3;18;1845;2;1;1;1.0;6;343;;M;0.0;0.0;350
781;201300000865;13;5;12;1800;1;1;1;1.0;5;322;;M;4790711.0;-159859.0;350
782;201300000866;13;5;13;1745;1;1;1;1.0;2;343;;M;4789249.0;-154332.0;350
783;201300000867;13;5;15;1730;1;1;1;1.0;6;249;;M;4774116.0;-181135.0;350
784;201300000869;13;7;21;1200;1;2;1;7.0;1;12;rue sabin;M;0.0;0.0;350
785;201300000870;13;9;12;1745;1;1;4;1.0;2;321;;M;4791890.0;-157068.0;350
786;201300000871;13;11;6;2100;3;2;1;2.0;6;221;rue du sapin;M;4788782.0;-174654.0;350
787;201300000872;13;4;13;30;4;1;6;1.0;6;126;;M;4797401.0;-181377.0;350
788;201300000873;13;4;25;745;1;1;1;1.0;2;312;;M;4791044.0;-179525.0;350
789;201300000874;13;5;9;1515;1;1;1;1.0;1;312;;M;4791660.0;-180454.0;350
790;201300000875;13;6;25;715;1;1;2;1.0;1;123;;M;4803268.0;-181108.0;350
791;201300000876;13;9;3;1345;1;1;1;1.0;1;127;;M;4789070.0;-186935.0;350
792;201300000877;13;11;22;1445;1;2;9;1.0;3;126;D 131 - PONT REAN;M;0.0;0.0;350
793;201300000878;13;3;5;2115;5;1;1;1.0;6;160;;M;4793844.0;-208189.0;350
794;201300000879;13;6;2;1900;1;1;1;7.0;1;45;;M;4779562.0;-200788.0;350
795;201300000880;13;7;1;1630;1;1;1;1.0;6;155;;M;0.0;0.0;350
796;201300000881;13;6;25;430;3;1;1;1.0;3;328;;M;4777821.0;-206557.0;350
797;201300000884;13;11;6;1815;2;1;2;2.0;3;160;;M;4794665.0;-206737.0;350
798;201300000885;13;11;8;700;3;1;1;3.0;6;168;;M;4792370.0;-207623.0;350
799;201300000886;13;12;12;1900;2;2;1;1.0;6;129;Avenue du port;M;0.0;0.0;350
800;201300000887;13;1;26;815;1;2;6;1.0;2;49;LES PETITES CROIX;M;4867837.0;-186029.0;350
801;201300000888;13;8;9;1800;1;1;4;1.0;1;122;Lieu dit Les Prous;M;4859056.0;-190430.0;350
802;201300000889;13;10;17;1415;1;2;1;1.0;3;255;28 rue du bord de mer;M;4861994.0;-185137.0;350
803;201300000890;13;1;12;1745;3;1;1;1.0;6;308;;M;0.0;0.0;350
804;201300000891;13;1;17;1815;5;2;1;1.0;3;85;Rue de la Lib?ration;M;4841600.0;-174500.0;350
805;201300000892;13;5;17;1845;1;1;1;1.0;1;225;;M;4843519.0;-194063.0;350
806;201300000893;13;2;12;930;1;1;1;1.0;7;247;;M;4859542.0;-160292.0;350
807;201300000894;13;4;6;1845;1;1;3;1.0;3;95;;M;4853695.0;-176586.0;350
808;201300000895;13;6;6;1045;1;1;2;1.0;3;246;;M;4853429.0;-180778.0;350
809;201300000896;13;6;23;1130;1;1;1;2.0;6;186;;M;4858713.0;-177873.0;350
810;201300000897;13;8;2;1900;1;1;1;7.0;3;247;;M;4859340.0;-159617.0;350
811;201300000898;13;10;17;900;1;2;1;1.0;1;186;Crois? Juin;M;4857140.0;-176069.0;350
812;201300000900;13;12;3;1900;3;1;1;1.0;3;9;;M;0.0;0.0;350
813;201300000901;13;12;15;1315;1;1;1;1.0;1;246;;M;0.0;0.0;350
814;201300000902;13;3;27;1500;1;1;1;1.0;1;228;;M;4861296.0;-206530.0;350
815;201300000903;13;9;25;1815;1;1;1;1.0;3;228;;M;0.0;0.0;350
816;201300000904;13;3;9;1630;1;1;1;1.0;5;105;;M;4811052.0;-111572.0;350
817;201300000905;13;5;24;1115;1;2;1;2.0;6;192;;M;4824705.0;-122398.0;350
818;201300000906;13;6;5;1500;1;2;1;1.0;3;109;RD 777;M;4808911.0;-123405.0;350
819;201300000907;13;8;2;2045;1;2;1;1.0;6;360;rue de Redon;M;0.0;0.0;350
820;201300000908;13;8;5;2000;1;1;1;1.0;7;194;;M;4814776.0;-122007.0;350
821;201300000909;13;9;22;815;1;2;1;7.0;2;6;la croix perrault;M;4805611.0;-113177.0;350
822;201300000910;13;9;25;645;2;1;2;1.0;1;119;;M;4802290.0;-113775.0;350
823;201300000911;13;9;29;2000;3;1;2;1.0;2;141;;M;4816319.0;-127483.0;350
824;201300000912;13;10;5;1745;1;1;1;1.0;3;360;;M;4809739.0;-119010.0;350
825;201300000913;13;10;10;1200;1;1;2;1.0;4;72;;M;4821858.0;-116964.0;350
826;201300000914;13;11;15;1715;2;2;1;1.0;2;360;rue de la Guerche;M;4811300.0;-120800.0;350
827;201300000916;13;3;22;1115;1;1;2;1.0;5;204;;M;4804374.0;-154411.0;350
828;201300000917;13;4;1;1315;1;1;2;7.0;3;69;;M;4801799.0;-150650.0;350
829;201300000920;13;12;6;1715;1;2;1;1.0;1;283;rue de rennes;M;0.0;0.0;350
830;201300000921;13;12;15;1845;3;1;1;2.0;3;204;;M;0.0;0.0;350
831;201300000922;13;2;2;1700;1;2;1;7.0;6;239;rue Mal De Lattre;M;4791403.0;-137856.0;350
832;201300000923;13;4;30;1215;1;1;2;1.0;3;167;;M;4783175.0;-132844.0;350
833;201300000924;13;6;28;1415;1;1;1;1.0;6;167;;M;4781563.0;-129391.0;350
834;201300000926;13;11;23;1815;3;1;1;1.0;5;167;;M;4787598.0;-135133.0;350
835;201300000927;13;1;4;1200;1;1;1;1.0;1;220;;M;4801298.0;-143747.0;350
836;201300000928;13;2;1;1115;1;2;1;2.0;6;136;25 rue de Villoutreys;M;4796178.0;-150147.0;350
837;201300000929;13;3;7;1600;1;2;1;1.0;6;136;8 rue de villoutreys;M;4796026.0;-150079.0;350
838;201300000930;13;3;9;1745;1;1;1;1.0;7;2;;M;0.0;0.0;350
839;201300000931;13;4;14;2145;3;1;1;1.0;6;82;;M;4786683.0;-139504.0;350
840;201300000932;13;5;30;1900;1;1;2;1.0;3;220;Le Vaubrault;M;4803295.0;-142664.0;350
841;201300000933;13;6;15;1715;1;1;2;1.0;2;136;;M;4794832.0;-149762.0;350
842;201300000934;13;6;22;915;1;1;1;8.0;1;262;;M;4789012.0;-143787.0;350
843;201300000935;13;9;22;2000;1;1;1;1.0;7;2;La Touche Neron;M;4797988.0;-146456.0;350
844;201300000936;13;11;20;730;2;1;1;9.0;1;136;;M;4795300.0;-152000.0;350
845;201300000937;13;12;5;1715;2;2;1;1.0;7;136;15 rue de villoutrey;M;4796070.0;-150102.0;350