;Num_Acc;an;mois;jour;hrmn;lum;agg;int;atm;col;com;adr;gps;lat;long;dep
846;201300000938;13;12;8;1915;3;1;1;1.0;1;198;;M;4797500.0;-132300.0;350
847;201300000939;13;10;3;2115;3;1;1;1.0;1;182;;M;0.0;0.0;220
848;201300000940;13;7;25;1330;1;2;3;1.0;7;47;rue de la Gare;M;4831912.0;-305643.0;220
849;201300000941;13;8;29;1445;1;1;1;1.0;1;107;HAUT KERRAULT;M;4823686.0;-316251.0;220
850;201300000942;13;10;21;2100;5;2;1;8.0;6;74;;M;4832300.0;-306600.0;220
851;201300000943;13;5;5;1800;1;1;1;1.0;7;63;;M;0.0;0.0;220
852;201300000944;13;7;16;1500;1;1;2;1.0;5;377;;M;4866400.0;-287700.0;220
853;201300000945;13;8;24;1230;1;2;1;1.0;6;178;rue de la Goelette;M;0.0;0.0;220
854;201300000946;13;2;4;745;2;1;2;2.0;3;142;LA SUETTE;M;4844805.0;-255382.0;220
855;201300000947;13;2;8;730;2;1;1;2.0;1;142;KER AN ROCK;M;4843077.0;-250893.0;220
856;201300000948;13;3;9;1730;1;1;2;1.0;3;93;l'etang;M;4842812.0;-250824.0;220
857;201300000949;13;7;11;2300;3;2;1;1.0;7;140;Route de Lamballe;M;0.0;0.0;220
858;201300000950;13;8;10;1745;1;1;1;1.0;1;2;;M;4850150.0;-251908.0;220
859;201300000951;13;9;22;1800;1;1;1;1.0;1;326;RUE DE LA CROIX VERTE;M;4844035.0;-241986.0;220
860;201300000952;13;9;30;1315;1;2;9;1.0;7;93;Rue de la ville es lan;M;4846787.0;-254509.0;220
861;201300000953;13;11;9;1100;1;1;1;8.0;7;355;;M;4846142.0;-240166.0;220
862;201300000955;13;12;9;1130;1;1;1;1.0;1;93;;M;4847896.0;-249894.0;220
863;201300000956;13;12;31;1415;1;1;1;1.0;1;93;PAS DOS GEO;M;4845186.0;-254212.0;220
864;201300000957;13;4;9;900;1;1;1;1.0;1;79;LES QUATRE VENTS;M;0.0;0.0;220
865;201300000958;13;4;10;1900;1;1;1;2.0;1;203;LA BELLE ETOILE;M;4834887.0;-272875.0;220
866;201300000959;13;4;24;1600;1;2;9;1.0;6;203;Rue Butter;M;4834752.0;-275691.0;220
867;201300000960;13;5;10;1615;1;1;1;1.0;3;203;;M;4834959.0;-272552.0;220
868;201300000961;13;8;19;1845;1;1;1;1.0;3;184;;M;0.0;0.0;220
869;201300000962;13;10;1;1315;1;1;1;8.0;6;80;;M;4836778.0;-287736.0;220
870;201300000963;13;12;2;715;3;1;2;1.0;3;281;La Croix Cabaret;M;4841175.0;-274345.0;220
871;201300000964;13;3;25;1745;1;1;2;1.0;1;376;QUENEHA;M;4821206.0;-277692.0;220
872;201300000965;13;6;6;1745;1;2;6;1.0;3;136;Bd H. CASTEL/LE BRAS;M;4818568.0;-276134.0;220
873;201300000966;13;9;15;1715;1;1;2;1.0;3;384;LE PAS TRANCHANT;M;4827901.0;-283115.0;220
874;201300000967;13;10;12;1930;5;2;1;1.0;6;136;rue de la trinit?;M;4818300.0;-275500.0;220
875;201300000968;13;11;2;2230;3;1;1;9.0;6;136;;M;4817650.0;-270927.0;220
876;201300000969;13;11;7;1730;4;2;1;2.0;6;136;Boulevard de  Penthièvre;M;4818347.0;-275678.0;220
877;201300000970;13;1;5;1745;3;1;1;1.0;6;86;;M;4874560.0;-303802.0;220
878;201300000971;13;2;21;745;2;2;1;1.0;6;162;rue de poulgo?c;M;0.0;0.0;220
879;201300000972;13;6;14;1545;1;1;1;1.0;6;16;;M;4884500.0;-300300.0;220
880;201300000973;13;6;20;2045;1;1;1;1.0;3;162;Chemin de GUILBEN;M;4878099.0;-301484.0;220
881;201300000974;13;6;29;1945;1;1;1;1.0;1;86;;M;4873259.0;-302773.0;220
882;201300000975;13;9;22;630;3;1;1;5.0;6;214;;M;0.0;0.0;220
883;201300000976;13;10;13;1415;1;1;1;1.0;7;162;;M;4876724.0;-306507.0;220
884;201300000977;13;11;22;1445;1;2;1;8.0;7;162;Quay morand;M;4878027.0;-304460.0;220
885;201300000978;13;1;26;1130;1;1;1;1.0;3;242;;M;0.0;0.0;220
886;201300000979;13;3;23;1445;1;1;6;1.0;3;186;Rd Pt de BIEN ASSIS;M;4858729.0;-250207.0;220
887;201300000980;13;4;18;2200;3;1;1;1.0;6;173;;M;4856000.0;-257800.0;220
888;201300000981;13;5;15;1145;1;2;1;1.0;6;389;rue de penthièvre;M;4848234.0;-267447.0;220
889;201300000982;13;6;17;945;1;1;2;1.0;3;186;LE PEHOUET;M;4858457.0;-252508.0;220
890;201300000984;13;8;28;1730;1;1;1;1.0;6;389;;M;0.0;0.0;220
891;201300000986;13;11;23;1345;1;2;4;1.0;3;173;rue des ponts neufs;M;4853137.0;-257695.0;220
892;201300000988;13;4;12;1900;1;2;3;1.0;7;176;rue du 8 mai 1945;M;4844462.0;-274042.0;220
893;201300000989;13;6;10;1645;1;2;1;1.0;6;262;Rue des Crois Jarrots;M;4840806.0;-290718.0;220
894;201300000990;13;8;6;1130;1;1;1;1.0;4;277;LANVIA;M;4838952.0;-283188.0;220
895;201300000991;13;9;15;1345;1;1;1;1.0;1;171;;M;4841700.0;-282200.0;220
896;201300000992;13;11;20;800;2;1;1;8.0;1;171;;M;4840077.0;-278829.0;220
897;201300000993;13;1;23;1145;1;1;4;1.0;3;8;LA VILLE ORIA;M;4841388.0;-210924.0;220
898;201300000995;13;2;7;800;1;1;1;1.0;1;306;Le Bois de la Garde;M;4835462.0;-196861.0;220
899;201300000996;13;2;18;1545;1;1;1;1.0;7;317;La Ville Auffret;M;4842585.0;-225618.0;220
900;201300000997;13;2;19;1745;1;1;2;1.0;3;299;;M;4848219.0;-196166.0;220
901;201300000998;13;3;1;1745;1;1;2;1.0;3;208;LA DELECHE;M;4833741.0;-196369.0;220
902;201300000999;13;3;21;1815;1;2;1;2.0;2;339;La Mereil;M;4846800.0;-206006.0;220
903;201300001000;13;6;30;1;3;2;1;1.0;6;306;Le Bourg;M;4836700.0;-195400.0;220
904;201300001001;13;7;10;745;1;2;1;7.0;6;259;Avenue de l'Aublette;M;0.0;0.0;220
905;201300001002;13;7;12;1115;1;2;1;1.0;2;123;Rue de la Cochais;M;4843562.0;-206788.0;220
906;201300001003;13;7;27;1630;1;1;1;3.0;7;118;BELLEVUE;M;4844378.0;-201968.0;220
907;201300001005;13;9;4;1600;1;1;2;1.0;3;197;LA VILLE REGNIER;M;4850954.0;-193314.0;220
908;201300001006;13;9;30;1815;1;2;9;7.0;6;50;rue de brest;M;4845800.0;-205200.0;220
909;201300001007;13;11;16;900;1;2;1;7.0;6;263;lieu dit la busardière;M;4835201.0;-199980.0;220
910;201300001009;13;12;30;1930;5;2;1;8.0;6;259;D 795 - CC PAS DOS GEO;M;4844760.0;-207423.0;220
911;201300001010;13;6;3;1930;1;1;1;1.0;1;185;;M;4837258.0;-237755.0;220
912;201300001011;13;11;24;2115;5;2;1;1.0;6;12;rue de l'Auge;M;4857401.0;-243371.0;220
913;201300001013;13;5;6;1930;1;2;1;1.0;6;143;Rue du Heume;M;4859639.0;-229542.0;220
914;201300001014;13;6;10;2000;1;1;1;1.0;6;143;LA BROCHARDINE;M;4861828.0;-228797.0;220
915;201300001015;13;6;16;1445;1;1;1;1.0;1;282;;M;4860306.0;-224464.0;220
916;201300001016;13;6;24;1500;1;2;1;1.0;1;200;rue pierre Heuze;M;4848942.0;-232126.0;220
917;201300001017;13;7;18;330;5;2;1;1.0;6;282;Rue des nouettes, 69;M;4863493.0;-227048.0;220
918;201300001018;13;7;21;545;2;1;1;1.0;6;237;;M;4850500.0;-228600.0;220
919;201300001019;13;9;3;1845;1;1;1;1.0;7;200;LE FEMULON;M;4849773.0;-232474.0;220
920;201300001020;13;2;5;1815;1;1;3;1.0;3;62;LA CROIX DU TALOIR;M;4819859.0;-248308.0;220
921;201300001021;13;2;11;830;1;1;1;9.0;1;241;LE BOIS COURTEL;M;4811700.0;-260667.0;220
922;201300001022;13;7;16;1330;1;1;1;1.0;7;66;;M;4831500.0;-251400.0;220
923;201300001023;13;8;29;2215;5;1;1;1.0;3;147;;M;0.0;0.0;220
924;201300001024;13;10;7;945;1;1;1;1.0;3;66;;M;4834300.0;-247800.0;220
925;201300001026;13;11;10;830;2;1;1;2.0;6;147;;M;4819900.0;-238200.0;220
926;201300001027;13;9;30;1730;1;1;1;1.0;7;172;;M;0.0;0.0;220
927;201300001028;13;10;17;830;2;2;1;8.0;6;180;13 rue des rouairies;M;4843500.0;-221600.0;220
928;201300001029;13;10;17;615;3;1;1;1.0;1;14;;M;4845100.0;-228500.0;220
929;201300001030;13;11;9;1115;1;1;1;1.0;3;48;;M;4850108.0;-222799.0;220
930;201300001031;13;11;10;500;3;2;7;3.0;6;237;les troix croix;M;4853300.0;-229500.0;220
931;201300001032;13;11;16;1415;1;2;1;7.0;2;97;la tombe;M;4843016.0;-217760.0;220
932;201300001033;13;12;13;715;3;1;1;2.0;7;190;;M;4853564.0;-206806.0;220
933;201300001034;13;2;15;1015;1;2;1;1.0;6;70;venelle de Traouzac'h;M;4856345.0;-315720.0;220
934;201300001035;13;6;30;1830;1;2;1;1.0;6;225;RUE DE PARC ROUZES;M;4854163.0;-313285.0;220
935;201300001036;13;10;6;1145;1;2;6;1.0;6;161;rond point du croissant;M;4857600.0;-314600.0;220
936;201300001037;13;12;26;1300;1;2;3;1.0;7;225;Place du centrePAS GEO;M;4854477.0;-313209.0;220
937;201300001038;13;8;23;1700;1;1;1;1.0;7;13;SAINT JUDE;M;4844949.0;-314424.0;220
938;201300001039;13;12;2;715;3;1;1;1.0;6;5;PAS DOS GEO;M;4855400.0;-338100.0;220
939;201300001040;13;5;25;1930;1;1;1;1.0;6;61;;M;4825656.0;-343627.0;220
940;201300001041;13;7;3;900;1;1;3;2.0;4;137;L'Enseigne;M;4829353.0;-344279.0;220
941;201300001042;13;8;6;815;1;1;1;8.0;2;61;Keranflec'h;M;4825733.0;-339956.0;220
942;201300001043;13;3;5;1100;1;1;1;1.0;1;194;;M;4864552.0;-365621.0;220
943;201300001044;13;4;18;1900;1;1;1;1.0;7;194;KERDAVID;M;4862425.0;-364284.0;220
944;201300001045;13;4;18;2015;1;1;1;1.0;2;226;Traou ar pont;M;4869386.0;-352360.0;220
945;201300001046;13;6;16;915;1;1;1;2.0;7;119;Goas Arou;M;4862735.0;-354567.0;220
946;201300001048;13;12;8;1515;1;2;3;7.0;3;194;rue St Roch;M;4865849.0;-362833.0;220
947;201300001049;13;12;10;1745;1;2;1;1.0;6;207;F. m luzelpas dos geo;M;4861088.0;-347282.0;220
948;201300001050;13;3;21;745;1;1;3;8.0;3;134;;M;4878195.0;-339029.0;220
949;201300001051;13;7;10;1500;1;2;4;1.0;1;379;RUES TREGUIER/ST GUENOLE;M;4881359.0;-333619.0;220
950;201300001054;13;10;4;1030;1;2;1;1.0;6;343;rue de lan ar cleiz;M;0.0;0.0;220
951;201300001055;13;2;8;650;3;1;2;2.0;3;226;SAINT JEAN;M;4869645.0;-354168.0;220
952;201300001057;13;8;21;1900;1;1;3;1.0;2;340;Kerdouca Huellan;M;4864845.0;-342165.0;220
953;201300001058;13;1;27;1030;1;1;1;6.0;2;152;;M;4877000.0;-328000.0;220
954;201300001059;13;2;12;1830;5;1;6;1.0;7;152;Rd Pt du Pont Losquet;M;4876012.0;-329411.0;220
955;201300001060;13;3;5;645;3;1;6;1.0;7;152;Rd Pt de Penity;M;4875242.0;-326139.0;220
956;201300001061;13;3;24;315;3;2;1;8.0;6;166;rue Poulpiquet;M;0.0;0.0;220
957;201300001062;13;3;23;2130;3;2;1;1.0;7;221;LA ROCHE JAUNE;M;4882444.0;-320957.0;220
958;201300001063;13;5;9;945;1;1;1;2.0;6;347;;M;0.0;0.0;220
959;201300001065;13;9;6;1000;1;2;1;7.0;6;362;RUE DE LA CORDERIE;M;4878005.0;-323951.0;220
960;201300001066;13;10;6;1045;1;2;1;1.0;2;221;rue des ?coles;M;4880100.0;-324000.0;220
961;201300001067;13;10;24;1745;1;1;2;1.0;3;254;;M;0.0;0.0;220
962;201300001068;13;5;7;1330;1;1;1;1.0;2;216;;M;4799386.0;-419119.0;290
963;201300001069;13;5;12;1745;1;2;1;1.0;3;3;4bis rue Emile COMBES;M;4802368.0;-454593.0;290
964;201300001071;13;8;1;530;3;1;1;5.0;3;65;;M;4802958.0;-427215.0;290
965;201300001072;13;9;22;530;3;1;1;5.0;6;145;;M;4803871.0;-448722.0;290
966;201300001073;13;10;1;1000;1;2;6;1.0;3;173;;M;4801615.0;-420843.0;290
967;201300001074;13;10;1;1100;1;2;1;1.0;6;225;rue de la mer;M;4794906.0;-436929.0;290
968;201300001075;13;10;25;800;3;1;1;1.0;5;216;;M;4795831.0;-416639.0;290
969;201300001076;13;1;21;1900;3;1;1;2.0;1;226;L'ESPERANCE;M;4806237.0;-436428.0;290
970;201300001077;13;5;25;1845;1;1;1;1.0;6;87;;M;4806386.0;-428347.0;290
971;201300001078;13;7;1;2115;1;1;1;1.0;1;169;;M;4808360.0;-419400.0;290
972;201300001079;13;8;12;1515;1;1;1;1.0;1;46;;M;4806728.0;-429205.0;290
973;201300001080;13;11;10;815;1;2;1;1.0;6;46;Bd du Gal De Gaulle;M;4808521.0;-433229.0;290
974;201300001081;13;1;11;2015;5;2;1;1.0;6;57;36 RUE DE BEG MENEZ;M;4790753.0;-394780.0;290
975;201300001082;13;1;21;1630;1;2;6;1.0;3;58;giratoire de Kerneveleck;M;4789065.0;-401419.0;290
976;201300001083;13;3;21;645;3;1;1;2.0;1;32;;M;4788775.0;-409905.0;290
977;201300001084;13;5;15;1900;1;1;1;1.0;3;161;;M;4789425.0;-403918.0;290
978;201300001086;13;6;24;1715;1;2;1;1.0;3;247;CROAS AN INTRON;M;4793989.0;-401496.0;290
979;201300001087;13;7;6;1300;1;1;1;1.0;3;6;;M;4788594.0;-405725.0;290
980;201300001088;13;8;8;130;3;1;1;1.0;6;32;;M;4788630.0;-411453.0;290
981;201300001089;13;9;1;1700;1;2;1;1.0;1;58;descente du cap;M;4789376.0;-400029.0;290
982;201300001090;13;11;16;1015;1;2;6;1.0;6;6;ROUTE DE QUIMPER;M;4788124.0;-410528.0;290
983;201300001091;13;12;4;800;3;1;1;2.0;3;161;;M;4792442.0;-407218.0;290
984;201300001092;13;12;14;30;3;1;1;2.0;7;161;;M;4790767.0;-407497.0;290
985;201300001093;13;3;12;1045;1;1;1;1.0;6;174;;M;4787193.0;-423927.0;290
986;201300001094;13;8;9;1230;1;1;1;1.0;1;170;;M;4796904.0;-412693.0;290
987;201300001095;13;8;21;2100;1;1;1;1.0;7;171;;M;4784593.0;-426850.0;290
988;201300001096;13;9;7;1900;1;1;2;7.0;3;158;;M;4781494.0;-435276.0;290
989;201300001097;13;11;22;415;3;1;1;1.0;7;174;;M;4788296.0;-429237.0;290
990;201300001098;13;12;29;230;5;2;1;1.0;6;220;LOUIS BRAILLE;M;4786691.0;-422229.0;290
991;201300001099;13;1;8;1700;2;2;1;8.0;3;75;boulevard de Coataudon;M;4841314.0;-445061.0;290
992;201300001100;13;1;18;1345;1;2;1;8.0;3;75;1 BOULEVARD COATAUDON;M;4841308.0;-445115.0;290
993;201300001101;13;2;5;1800;1;2;1;8.0;2;235;RUE LAMARTINE;M;4840083.0;-441931.0;290
994;201300001102;13;5;13;1800;1;2;1;1.0;1;245;bourg;M;4845484.0;-433537.0;290
995;201300001103;13;5;27;1430;1;1;1;1.0;1;75;;M;4841330.0;-441629.0;290
996;201300001104;13;6;6;715;1;2;6;1.0;3;61;rue du crann;M;4845716.0;-446556.0;290
997;201300001105;13;10;10;1745;1;2;1;9.0;6;235;;M;4840798.0;-439986.0;290
998;201300001106;13;3;11;1530;1;2;1;2.0;6;103;RUE CLAUDE BERNARD;M;4845197.0;-426295.0;290
999;201300001107;13;5;17;2115;1;1;1;1.0;6;181;;M;4845902.0;-423830.0;290
1000;201300001108;13;10;3;1745;1;1;1;1.0;3;237;;M;4846670.0;-420824.0;290
1001;201300001109;13;11;12;1730;2;2;1;1.0;6;103;rue francois pengam;M;4845410.0;-425204.0;290
1002;201300001110;13;12;8;1700;1;1;1;1.0;3;237;;M;4847581.0;-420180.0;290
1003;201300001111;13;12;9;2015;3;1;1;1.0;1;237;;M;4846636.0;-421140.0;290
1004;201300001113;13;10;4;230;4;2;1;1.0;7;124;le parcou;M;4856172.0;-432066.0;290
1005;201300001115;13;2;11;1800;1;1;1;1.0;1;160;;M;4851768.0;-443262.0;290
1006;201300001116;13;3;9;1530;1;1;1;1.0;1;15;;M;4852138.0;-450292.0;290
1007;201300001117;13;4;30;1300;1;1;1;1.0;7;160;;M;4861840.0;-438422.0;290
1008;201300001118;13;6;24;1645;1;1;1;1.0;3;209;;M;4852971.0;-446575.0;290
1009;201300001119;13;10;9;145;3;1;1;1.0;6;95;;M;4846959.0;-437272.0;290
1010;201300001120;13;12;12;1815;3;1;1;8.0;6;126;;M;4855711.0;-440099.0;290
1011;201300001121;13;2;20;1430;1;1;1;1.0;3;149;;M;4849077.0;-457450.0;290
1012;201300001122;13;4;9;1800;1;2;1;8.0;6;260;Place l?on Cheminant;M;4843376.0;-462193.0;290
1013;201300001123;13;7;4;1830;1;2;1;1.0;3;221;rue de l'europe;M;4851524.0;-476357.0;290
1014;201300001124;13;8;1;2130;1;2;1;1.0;3;178;chemin des dunes;M;4856814.0;-468689.0;290
1015;201300001125;13;10;7;1700;1;1;1;1.0;2;119;;M;4849643.0;-469424.0;290
1016;201300001126;13;12;13;1345;1;1;1;3.0;1;119;;M;4845851.0;-463032.0;290
1017;201300001128;13;4;15;2030;1;1;1;1.0;1;172;;M;4816013.0;-363386.0;290
1018;201300001129;13;7;10;1715;1;2;1;1.0;3;222;rue du docteur cozanet;M;4821577.0;-407118.0;290
1019;201300001130;13;7;17;1700;1;1;1;1.0;2;263;;M;4822241.0;-407330.0;290
1020;201300001131;13;9;3;1945;1;1;1;7.0;6;176;Trochoadour;M;4814879.0;-421214.0;290
1021;201300001133;13;12;1;445;3;1;1;1.0;6;26;;M;4820138.0;-408434.0;290
1022;201300001134;13;12;6;1615;1;2;1;1.0;3;26;RUE DE QUIMPER;M;4819299.0;-409630.0;290
1023;201300001135;13;12;7;1115;1;1;1;1.0;1;25;;M;4815796.0;-413911.0;290
1024;201300001136;13;5;3;1645;1;1;1;1.0;6;54;;M;4838870.0;-386727.0;290
1025;201300001137;13;7;22;1245;1;1;1;1.0;2;54;;M;4838936.0;-385804.0;290
1026;201300001139;13;8;5;1515;1;1;2;1.0;1;211;;M;4834100.0;-376241.0;290
1027;201300001140;13;3;26;1415;1;1;1;1.0;2;162;;M;4823840.0;-396319.0;290
1028;201300001141;13;5;9;1030;1;2;1;1.0;1;175;rue des fr?res floch;M;4824813.0;-382198.0;290
1029;201300001142;13;10;25;2100;3;1;1;1.0;6;48;;M;4808551.0;-397134.0;290
1030;201300001143;13;12;1;1830;5;2;1;1.0;3;162;RUE DE QUIMPER;M;4822538.0;-397047.0;290
1031;201300001144;13;6;23;630;2;1;1;1.0;3;1;;M;4822565.0;-431329.0;290
1032;201300001145;13;8;20;1130;1;2;1;1.0;1;22;18 rue du toulinguet;M;4827965.0;-460559.0;290
1033;201300001146;13;9;27;830;1;2;1;1.0;6;1;route de Pont Lorbic;M;4824722.0;-431148.0;290
1034;201300001147;13;4;5;2100;3;1;1;1.0;6;34;;M;4847680.0;-382448.0;290
1035;201300001148;13;4;6;100;3;1;1;8.0;7;113;;M;4865515.0;-372566.0;290
1036;201300001149;13;4;25;1930;1;2;1;1.0;3;67;30 Rue Even Charuel;M;4851586.0;-359412.0;290
1037;201300001150;13;5;28;1700;1;2;1;1.0;1;113;RUE DES QUATRES VENTS;M;4864328.0;-371826.0;290
1038;201300001151;13;8;17;315;3;1;1;1.0;1;188;;M;0.0;0.0;290
1039;201300001152;13;10;16;1715;1;1;1;1.0;3;114;;M;4848931.0;-366240.0;290
1040;201300001153;13;10;21;1315;1;1;1;1.0;6;182;;M;4861663.0;-368247.0;290
1041;201300001154;13;11;12;1800;3;2;1;8.0;3;113;route de locquirec;M;4865320.0;-372035.0;290
1042;201300001155;13;11;16;1745;2;2;6;1.0;1;207;ZA de Kersody;M;4853481.0;-379048.0;290
1043;201300001156;13;12;13;1645;1;1;1;2.0;3;207;;M;4853339.0;-378838.0;290
1044;201300001158;13;5;19;200;3;1;1;1.0;6;105;;M;4849976.0;-406057.0;290
1045;201300001159;13;6;21;1800;1;1;1;8.0;1;38;;M;4841950.0;-393899.0;290
1046;201300001160;13;8;11;1245;1;1;1;2.0;3;204;;M;4848867.0;-416197.0;290
1047;201300001161;13;9;29;1;3;1;1;2.0;6;127;;M;4846668.0;-397182.0;290
1048;201300001162;13;1;5;2130;3;1;1;1.0;6;210;;M;4859344.0;-405110.0;290
1049;201300001163;13;1;17;1830;5;2;1;1.0;3;213;rue du pont j?gu;M;4866031.0;-409757.0;290
1050;201300001164;13;2;19;845;1;2;1;7.0;3;184;ROCADE DES CHENES;M;4867064.0;-398703.0;290
1051;201300001165;13;5;6;1730;1;1;1;1.0;7;184;;M;4863292.0;-398897.0;290
1052;201300001166;13;7;14;545;2;2;1;1.0;1;213;Rue de BREST;M;4859620.0;-411367.0;290
1053;201300001167;13;8;21;1700;1;1;1;1.0;3;273;;M;4868964.0;-402880.0;290
1054;201300001168;13;8;26;415;3;1;1;1.0;6;68;;M;4857797.0;-396771.0;290
1055;201300001169;13;10;6;2030;5;2;1;1.0;7;259;chemin du Paradis;M;4868825.0;-396930.0;290
1056;201300001170;13;12;18;1545;1;1;1;3.0;5;259;;M;4865014.0;-395951.0;290
1057;201300001171;13;7;28;1700;1;1;1;1.0;6;157;;M;0.0;0.0;560
1058;201300001172;13;8;3;1800;1;1;2;1.0;3;157;;M;0.0;0.0;560
1059;201300001173;13;8;5;15;3;1;1;1.0;1;3;;M;0.0;0.0;560
1060;201300001174;13;8;13;1815;1;1;3;1.0;3;8;;M;0.0;0.0;560
1061;201300001175;13;9;18;1630;1;1;1;1.0;3;42;;M;0.0;0.0;560
1062;201300001176;13;9;21;115;3;1;1;1.0;2;67;;M;0.0;0.0;560
1063;201300001177;13;9;30;2045;3;1;1;1.0;6;42;;M;0.0;0.0;560
1064;201300001178;13;10;7;730;2;2;1;1.0;6;67;rue du Genaral de Gaulle;M;0.0;0.0;560
1065;201300001179;13;11;6;1815;3;1;3;2.0;3;158;;M;0.0;0.0;560
1066;201300001180;13;12;22;1745;2;1;1;8.0;6;67;;M;0.0;0.0;560
1067;201300001181;13;1;13;130;3;1;1;5.0;6;221;;M;4767010.0;-221448.0;560
1068;201300001182;13;1;12;1015;1;1;1;7.0;6;229;;M;0.0;0.0;560
1069;201300001183;13;6;1;1615;1;1;2;1.0;3;1;;M;4763474.0;-215367.0;560
1070;201300001184;13;6;7;815;1;1;1;1.0;3;229;;M;0.0;0.0;560
1071;201300001185;13;7;11;2015;1;2;1;1.0;3;221;rue sainte Anne;M;4768473.0;-221710.0;560
1072;201300001186;13;8;7;2115;1;2;1;2.0;7;229;centre bourg;M;0.0;0.0;560
1073;201300001187;13;8;9;1430;1;1;1;1.0;7;1;;M;0.0;0.0;560
1074;201300001188;13;8;13;1730;1;1;1;1.0;7;1;;M;0.0;0.0;560
1075;201300001189;13;9;20;1715;1;1;1;1.0;6;1;;M;4763542.0;-218169.0;560
1076;201300001190;13;10;10;1745;1;2;1;7.0;3;61;08 RUE DE L HOTEL DE VIL;M;4776630.0;-213481.0;560
1077;201300001191;13;11;19;1945;5;2;3;2.0;3;232;rue du clos ressac;M;4767336.0;-210669.0;560
1078;201300001192;13;1;7;1415;1;1;1;8.0;6;143;;M;0.0;0.0;560
1079;201300001193;13;7;14;1045;2;1;1;1.0;1;155;;M;4746700.0;-247700.0;560
1080;201300001194;13;11;28;1415;1;2;1;1.0;7;52;route de Muzillac;M;0.0;0.0;560
1081;201300001195;13;2;11;1845;1;1;1;1.0;1;53;;M;0.0;0.0;560
1082;201300001197;13;2;22;745;2;1;2;1.0;3;53;;M;0.0;0.0;560
1083;201300001198;13;3;20;1700;1;2;1;1.0;6;159;rue de paris;M;0.0;0.0;560
1084;201300001199;13;4;14;1815;1;1;1;1.0;6;53;;M;0.0;0.0;560
1085;201300001200;13;5;24;1130;1;1;2;1.0;3;261;;M;4769648.0;-254107.0;560
1086;201300001201;13;6;14;545;2;1;1;1.0;6;184;;M;4766186.0;-243965.0;560
1087;201300001202;13;8;17;1745;1;1;1;1.0;6;255;;M;0.0;0.0;560
1088;201300001203;13;9;6;1845;1;2;1;1.0;3;184;rue de la gare;M;0.0;0.0;560
1089;201300001204;13;11;20;1615;1;1;1;2.0;5;171;;M;0.0;0.0;560
1090;201300001205;13;1;19;2230;3;1;1;8.0;1;23;;M;0.0;0.0;560
1091;201300001206;13;1;25;1830;5;2;1;3.0;6;7;rue Philippe LE GALL;M;4767188.0;-299534.0;560
1092;201300001207;13;3;14;1000;1;1;1;1.0;3;46;;M;4763461.0;-301535.0;560
1093;201300001208;13;3;30;1745;1;2;1;1.0;6;7;41 rue  Joseph MARTIN;M;4765883.0;-297967.0;560
1094;201300001209;13;4;11;930;1;1;1;1.0;1;176;;M;4769272.0;-293320.0;560
1095;201300001210;13;6;18;1700;1;2;1;1.0;1;7;rue colonel manceau;M;4766345.0;-299715.0;560
1096;201300001211;13;7;2;1630;1;1;1;1.0;3;23;;M;4768650.0;-301350.0;560
1097;201300001212;13;7;10;2245;5;1;2;1.0;3;167;;M;0.0;0.0;560
1098;201300001213;13;8;24;1130;1;2;1;1.0;6;7;Rue du lait;M;4766670.0;-298509.0;560
1099;201300001214;13;9;14;1600;1;2;1;1.0;6;7;rue du lait;M;4766703.0;-298606.0;560
1100;201300001215;13;4;25;1615;1;1;1;1.0;1;241;;M;0.0;0.0;560
1101;201300001216;13;3;7;1515;1;2;1;1.0;3;258;cour des quais;M;4758721.0;-302914.0;560
1102;201300001217;13;4;20;100;3;1;1;1.0;7;116;;M;4756051.0;-296462.0;560
1103;201300001218;13;5;4;300;3;1;1;1.0;6;34;;M;0.0;0.0;560
1104;201300001219;13;5;26;930;5;2;1;1.0;6;34;43 avenue des druides;M;4757361.0;-307655.0;560
1105;201300001221;13;7;10;900;1;1;1;1.0;1;116;;M;0.0;0.0;560
1106;201300001222;13;7;19;1445;1;2;3;1.0;3;34;Avenue de Port en Dro;M;4757161.0;-307601.0;560
1107;201300001223;13;8;1;2230;3;1;1;1.0;1;34;;M;0.0;0.0;560
1108;201300001224;13;8;17;1430;1;2;1;1.0;7;234;Avenue des druides;M;4751579.0;-313190.0;560
1109;201300001225;13;8;24;530;3;1;1;1.0;6;34;;M;4762563.0;-309886.0;560
1110;201300001226;13;9;5;1145;1;1;1;1.0;3;116;;M;4758115.0;-297468.0;560
1111;201300001227;13;9;27;2345;3;1;1;1.0;2;34;;M;0.0;0.0;560