;Num_Acc;an;mois;jour;hrmn;lum;agg;int;atm;col;com;adr;gps;lat;long;dep
1112;201300001228;13;10;10;1800;1;1;1;1.0;3;233;;M;4757210.0;-300829.0;560
1113;201300001229;13;8;19;1115;1;2;1;1.0;3;69;route des plages;M;0.0;0.0;560
1114;201300001231;13;7;11;900;1;1;1;1.0;3;161;;M;0.0;0.0;560
1115;201300001232;13;8;14;1300;1;2;1;1.0;1;181;avenue de la cote rouge;M;0.0;0.0;560
1116;201300001233;13;9;22;1400;1;2;2;1.0;3;54;Rue TENAT ER VELIN;M;0.0;0.0;560
1117;201300001234;13;12;11;1145;1;1;1;1.0;5;193;;M;0.0;0.0;560
1118;201300001235;13;12;24;1615;1;1;1;8.0;3;13;;M;4767347.0;-314124.0;560
1119;201300001236;13;12;29;2115;4;1;1;1.0;6;169;;M;0.0;0.0;560
1120;201300001237;13;1;11;2015;3;1;1;1.0;6;165;;M;4790253.0;-237383.0;560
1121;201300001238;13;3;7;1730;1;1;1;2.0;7;80;;M;0.0;0.0;560
1122;201300001239;13;4;5;1715;1;1;1;8.0;6;165;;M;0.0;0.0;560
1123;201300001240;13;6;8;700;2;2;1;2.0;6;80;RUE DE PERHAN D.13;M;0.0;0.0;560
1124;201300001243;13;9;9;1145;1;1;1;1.0;7;32;;M;0.0;0.0;560
1125;201300001244;13;9;14;1730;1;2;6;1.0;3;165;Giratoire R & L GUILLOIS;M;4793052.0;-239302.0;560
1126;201300001245;13;9;27;1315;1;1;1;1.0;3;32;;M;0.0;0.0;560
1127;201300001246;13;9;27;1730;1;2;1;1.0;3;165;Rue Monseigneur GUILLOUX;M;4793537.0;-240082.0;560
1128;201300001247;13;11;16;1130;1;2;1;1.0;6;37;rue de la liberation;M;0.0;0.0;560
1129;201300001248;13;11;30;1215;1;1;1;1.0;1;80;;M;0.0;0.0;560
1130;201300001249;13;12;20;1000;1;2;7;2.0;6;165;Place du senechal Perret;M;4793331.0;-239922.0;560
1131;201300001250;13;1;2;1915;3;1;1;8.0;3;20;;M;0.0;0.0;560
1132;201300001251;13;6;18;2115;2;1;1;1.0;6;219;;M;0.0;0.0;560
1133;201300001252;13;8;1;1615;1;1;3;7.0;3;244;;M;0.0;0.0;560
1134;201300001253;13;8;11;1600;1;1;2;1.0;5;230;;M;0.0;0.0;560
1135;201300001254;13;9;3;800;1;1;1;7.0;6;75;;M;4794606.0;-215802.0;560
1136;201300001255;13;9;4;1630;1;2;6;1.0;3;124;rue de la mennais;M;4781005.0;-238716.0;560
1137;201300001256;13;9;23;620;3;1;1;5.0;6;200;;M;0.0;0.0;560
1138;201300001257;13;9;29;1845;1;1;1;1.0;6;244;;M;0.0;0.0;560
1139;201300001258;13;10;7;1900;1;2;1;1.0;3;124;Rue du Bois Solon;M;4780775.0;-238873.0;560
1140;201300001260;13;1;19;15;3;1;1;5.0;6;47;;M;0.0;0.0;560
1141;201300001261;13;6;2;1000;1;2;1;1.0;1;172;D126;M;0.0;0.0;560
1142;201300001262;13;6;5;2315;3;1;1;1.0;6;172;;M;0.0;0.0;560
1143;201300001263;13;6;2;2315;3;1;1;1.0;7;24;;M;0.0;0.0;560
1144;201300001264;13;7;29;2300;3;1;1;1.0;6;47;;M;0.0;0.0;560
1145;201300001265;13;9;7;2000;2;1;1;1.0;3;19;;M;0.0;0.0;560
1146;201300001266;13;10;28;1245;1;1;3;7.0;3;17;;M;0.0;0.0;560
1147;201300001267;13;11;11;1115;1;1;1;2.0;3;172;;M;0.0;0.0;560
1148;201300001268;13;12;1;2240;4;1;1;1.0;6;236;;M;0.0;0.0;560
1149;201300001269;13;12;30;1100;1;1;1;2.0;6;79;;M;4791469.0;-243995.0;560
1150;201300001270;13;1;16;1930;5;2;1;1.0;2;178;rue du pont - recollets;M;4806899.0;-296719.0;560
1151;201300001271;13;2;5;1030;1;2;1;2.0;6;178;rue Francois Mitterand;M;4806493.0;-296709.0;560
1152;201300001272;13;2;14;1545;1;1;1;1.0;5;151;;M;0.0;0.0;560
1153;201300001273;13;5;4;2000;1;2;6;1.0;3;213;route de COET NOSTRA;M;4810787.0;-289336.0;560
1154;201300001274;13;7;10;900;1;2;1;1.0;6;178;11 quai niemen;M;4806643.0;-296826.0;560
1155;201300001275;13;7;25;230;5;2;1;1.0;3;178;Quai Plessis PONTIVY;M;0.0;0.0;560
1156;201300001276;13;11;5;1730;2;1;1;8.0;1;146;;M;0.0;0.0;560
1157;201300001277;13;12;7;1815;4;2;1;1.0;6;73;Rue Mathurin et Fortune;M;0.0;0.0;560
1158;201300001278;13;4;18;1045;1;2;1;1.0;6;10;rue de la mairie;M;0.0;0.0;560
1159;201300001279;13;6;29;2345;3;1;1;1.0;6;140;;M;0.0;0.0;560
1160;201300001280;13;7;17;1600;1;1;1;1.0;6;140;;M;0.0;0.0;560
1161;201300001281;13;8;5;1730;1;2;1;1.0;3;10;Route d'Auray;M;4786848.0;-302277.0;560
1162;201300001282;13;9;20;1745;1;1;1;7.0;3;144;;M;0.0;0.0;560
1163;201300001284;13;11;13;830;1;1;1;1.0;4;140;;M;0.0;0.0;560
1164;201300001285;13;12;13;1345;1;1;1;3.0;7;74;;M;0.0;0.0;560
1165;201300001287;13;1;10;1745;1;1;1;1.0;1;199;;M;0.0;0.0;560
1166;201300001288;13;1;27;2330;3;1;1;2.0;6;182;;M;0.0;0.0;560
1167;201300001289;13;4;8;715;2;1;1;5.0;2;14;;M;0.0;0.0;560
1168;201300001290;13;6;15;45;3;1;1;3.0;3;100;;M;0.0;0.0;560
1169;201300001291;13;7;31;1815;1;1;1;1.0;1;81;;M;4804929.0;-364776.0;560
1170;201300001292;13;8;17;2215;3;1;2;1.0;3;131;;M;0.0;0.0;560
1171;201300001293;13;11;2;1600;2;1;1;3.0;6;81;;M;0.0;0.0;560
1172;201300001294;13;4;23;1815;1;1;2;1.0;3;228;CD 404-CD 83 DOUVRES;M;4928380.0;-40855.0;140
1173;201300001295;13;7;7;1915;1;2;1;1.0;5;354;Route de Luc;M;0.0;0.0;140
1174;201300001296;13;7;27;30;3;1;1;1.0;1;15;;M;0.0;0.0;140
1175;201300001297;13;7;31;1700;1;1;1;1.0;7;228;;M;0.0;0.0;140
1176;201300001299;13;11;18;1730;2;1;2;1.0;3;15;;M;0.0;0.0;140
1177;201300001300;13;1;20;130;3;1;1;1.0;7;721;;;;;140
1178;201300001302;13;2;3;1930;3;1;1;2.0;3;274;;;;;140
1179;201300001303;13;4;24;1845;1;1;1;7.0;3;592;RD36B STE HONORINE DU FA;M;4907210.0;-51393.0;140
1180;201300001304;13;6;4;1745;1;2;1;1.0;7;42;LIEU DIT TOURMEAUVILLE;M;4913050.0;-49896.0;140
1181;201300001305;13;10;9;1245;1;2;9;2.0;7;738;ALLEE JACQUES PREVERT;M;0.0;0.0;140
1182;201300001307;13;10;14;1315;1;1;1;3.0;1;288;;M;0.0;0.0;140
1183;201300001308;13;10;30;945;1;2;3;1.0;3;123;rd22;M;0.0;0.0;140
1184;201300001309;13;11;7;1700;1;1;1;3.0;7;266;;M;0.0;0.0;140
1185;201300001310;13;12;18;1830;3;1;1;6.0;1;747;;M;0.0;0.0;140
1186;201300001311;13;2;18;745;2;1;1;1.0;1;277;;;;;140
1187;201300001312;13;3;13;1745;1;1;1;8.0;1;119;;M;4915620.0;-28227.0;140
1188;201300001314;13;7;12;1700;1;1;1;1.0;4;57;;M;4913500.0;-22200.0;140
1189;201300001315;13;8;20;1345;1;2;1;1.0;1;623;route d'harcourt;M;4911900.0;-37300.0;140
1190;201300001316;13;9;8;1030;1;1;1;1.0;2;100;;M;4906400.0;-31000.0;140
1191;201300001317;13;10;13;130;3;2;1;1.0;6;408;Rue St Andr?;M;4911100.0;-37800.0;140
1192;201300001318;13;10;2;1600;1;2;1;1.0;2;290;Intersection D238C-D238B;M;0.0;0.0;140
1193;201300001319;13;12;5;1730;3;1;1;1.0;1;57;;M;4913800.0;-20100.0;140
1194;201300001320;13;1;22;1145;1;2;6;2.0;6;495;RUE DU TEMPLE;M;4925800.0;-34440.0;140
1195;201300001321;13;6;7;2030;2;2;7;7.0;6;166;RUE PORTE MORIN;;;;140
1196;201300001322;13;8;5;1630;1;2;9;1.0;3;488;Route de Caen;M;0.0;0.0;140
1197;201300001323;13;9;3;1700;1;2;1;7.0;1;76;rue G?n?ral LECLERC;M;0.0;0.0;140
1198;201300001324;13;10;15;900;1;2;2;1.0;3;488;24 BLD WINSTON CHURCHILL;M;0.0;0.0;140
1199;201300001325;13;12;28;1315;1;1;1;1.0;6;60;;M;0.0;0.0;140
1200;201300001326;13;5;19;2230;3;1;1;8.0;1;684;LA PEPINERIE;M;4915530.0;-57007.0;140
1201;201300001327;13;9;7;1445;1;2;1;1.0;3;336;route de Caumont;M;0.0;0.0;140
1202;201300001328;13;10;5;745;2;1;1;8.0;2;143;;M;0.0;0.0;140
1203;201300001329;13;10;12;1615;1;1;1;1.0;1;348;;M;4965800.0;-62900.0;140
1204;201300001331;13;12;3;2215;3;1;1;2.0;6;46;;M;0.0;0.0;140
1205;201300001332;13;3;26;930;1;1;2;1.0;3;680;;M;4929910.0;-73166.0;140
1206;201300001333;13;5;12;1900;1;1;1;1.0;3;130;;;;;140
1207;201300001334;13;7;9;945;1;2;1;1.0;6;47;Rue Saint Patrice;M;0.0;0.0;140
1208;201300001335;13;9;21;215;5;2;1;1.0;6;47;Rue Marcel Dassault;M;0.0;0.0;140
1209;201300001336;13;12;2;1830;3;1;1;1.0;6;663;;M;4930500.0;-68500.0;140
1210;201300001337;13;12;9;1515;5;2;1;1.0;3;663;Rue Kennedy;M;0.0;0.0;140
1211;201300001338;13;2;19;1700;1;1;1;1.0;1;298;;;;;140
1212;201300001339;13;4;10;2245;3;2;1;8.0;7;462;ROUTE DE CASTILLY;;;;140
1213;201300001340;13;4;17;800;1;1;3;1.0;1;272;LA FOLIE 14710;M;4925700.0;-96821.0;140
1214;201300001341;13;8;9;1745;1;1;1;1.0;7;462;;M;0.0;0.0;140
1215;201300001343;13;11;11;1845;3;1;1;1.0;2;272;;M;0.0;0.0;140
1216;201300001344;13;11;18;1715;1;1;1;1.0;3;551;;M;0.0;0.0;140
1217;201300001345;13;11;26;645;2;1;1;8.0;6;586;;M;0.0;0.0;140
1218;201300001346;13;12;31;2015;5;1;1;2.0;3;737;;M;0.0;0.0;140
1219;201300001347;13;2;18;1740;1;2;1;1.0;1;88;"""LE HAUT DU BONS""";M;4895830.0;-23735.0;140
1220;201300001348;13;2;24;745;1;1;1;4.0;7;759;;;;;140
1221;201300001349;13;3;22;1200;1;1;1;1.0;7;258;;;;;140
1222;201300001350;13;6;17;1545;1;1;1;1.0;6;332;LIEU DIT LE BOSQ D658;M;4883780.0;-15099.0;140
1223;201300001351;13;8;29;100;5;2;1;1.0;6;258;77 rue Aristide Briand;M;0.0;0.0;140
1224;201300001352;13;9;2;2015;1;1;1;1.0;3;25;;M;0.0;0.0;140
1225;201300001353;13;11;30;1915;3;1;1;1.0;6;244;;M;0.0;0.0;140
1226;201300001354;13;1;21;1415;1;1;1;4.0;1;162;;M;4892110.0;-49870.0;140
1227;201300001355;13;2;10;1100;1;1;2;2.0;3;749;;M;4904830.0;-11112.0;140
1228;201300001356;13;2;21;910;1;2;3;7.0;3;654;BOULEVARD COLLAS;M;4902030.0;-3478.0;140
1229;201300001357;13;4;12;1830;1;1;3;1.0;3;208;BISSI?RES 14730;M;4910120.0;-9483.0;140
1230;201300001358;13;7;30;745;2;1;1;1.0;6;81;;M;0.0;0.0;140
1231;201300001360;13;8;26;1945;1;1;2;1.0;3;749;;M;0.0;0.0;140
1232;201300001361;13;9;10;1215;1;2;1;1.0;2;654;Lieu dit CAREL;M;0.0;0.0;140
1233;201300001362;13;9;20;945;1;1;1;1.0;6;697;;M;4905000.0;200.0;140
1234;201300001363;13;12;2;700;5;2;1;1.0;1;431;;M;0.0;0.0;140
1235;201300001365;13;3;23;1530;1;1;1;1.0;2;270;;M;4914410.0;32450.0;140
1236;201300001366;13;1;9;1130;1;1;1;2.0;6;514;;M;4926210.0;17390.0;140
1237;201300001367;13;1;15;1900;5;1;2;2.0;3;578;CARREFOUR DE LA VIERGE;M;4935530.0;17072.0;140
1238;201300001368;13;6;17;1715;1;1;1;1.0;6;161;LA CROIX AUX AUBERTS;M;4923250.0;13019.0;140
1239;201300001369;13;8;3;1900;1;1;1;1.0;1;492;;M;0.0;0.0;140
1240;201300001370;13;8;20;1500;1;2;1;1.0;1;578;CD 74;M;0.0;0.0;140
1241;201300001371;13;8;21;1430;1;1;1;1.0;6;578;;M;0.0;0.0;140
1242;201300001372;13;11;9;1545;1;2;1;2.0;1;286;;M;0.0;0.0;140
1243;201300001373;13;12;11;1445;1;2;1;1.0;6;514;Rue Hamelin;M;0.0;0.0;140
1244;201300001374;13;12;19;1115;1;1;9;1.0;3;514;;M;0.0;0.0;140
1245;201300001375;13;2;24;315;3;1;1;4.0;6;398;;M;4918290.0;16975.0;140
1246;201300001376;13;4;18;1415;1;1;1;1.0;6;474;NOTRE DAME D'ESTREES;M;4913690.0;-562.0;140
1247;201300001377;13;4;25;430;3;1;1;5.0;3;473;D613 NOTRE DAME DE LIVAY;M;4911430.0;4820.0;140
1248;201300001378;13;4;24;1145;1;1;1;1.0;2;494;RD400 PERIERS EN AUGE;M;4927270.0;-10254.0;140
1249;201300001379;13;5;26;515;2;2;8;1.0;6;754;CD 118 AVENUE DE LA GARE;M;4931730.0;1141.0;140
1250;201300001380;13;11;22;1615;1;1;1;1.0;3;494;;M;0.0;0.0;140
1251;201300001381;13;12;26;845;2;1;1;1.0;2;474;;M;0.0;0.0;140
1252;201300001382;13;3;6;1330;1;1;2;2.0;3;545;;M;4883200.0;-86475.0;140
1253;201300001383;13;3;28;830;1;2;1;1.0;1;762;RUE DE L'ARTISANAT;;;;140
1254;201300001384;13;4;21;1545;1;1;1;7.0;2;762;ST MARTIN DE TALLEVENDE;M;4884470.0;-91371.0;140
1255;201300001385;13;6;29;1515;1;2;1;1.0;6;762;RUE EMILE CHESNEL;M;4883500.0;-88719.0;140
1256;201300001386;13;6;30;745;1;1;1;1.0;6;762;;;;;140
1257;201300001387;13;8;7;1700;1;1;1;3.0;2;658;;M;0.0;0.0;140
1258;201300001388;13;8;23;1230;1;1;1;1.0;5;717;;M;0.0;0.0;140
1259;201300001389;13;11;8;1045;1;2;1;2.0;2;762;rue ancienne brasserie;M;0.0;0.0;140
1260;201300001390;13;11;9;1600;1;1;2;2.0;3;127;;M;0.0;0.0;140
1261;201300001391;13;12;30;1500;1;1;3;1.0;3;412;;M;0.0;0.0;140
1262;201300001392;13;1;15;1445;1;1;1;4.0;6;579;;;;;140
1263;201300001393;13;4;14;1730;1;1;1;1.0;6;27;AUNAY SUR ODON;M;4900430.0;-61881.0;140
1264;201300001395;13;7;18;1915;1;2;1;1.0;1;27;le petit hamel;M;4902100.0;-64600.0;140
1265;201300001396;13;8;16;845;1;1;1;1.0;6;632;;M;0.0;0.0;140
1266;201300001398;13;4;24;1000;1;1;1;1.0;1;442;RD56 MONTCHAMP;M;4891810.0;-76319.0;140
1267;201300001400;13;7;5;1845;1;1;9;1.0;3;746;;M;0.0;0.0;140
1268;201300001401;13;7;8;1130;1;2;1;1.0;5;746;LA MERCERIE;M;0.0;0.0;140
1269;201300001402;13;12;26;1745;2;1;1;1.0;2;572;;M;0.0;0.0;140
1270;201300001403;13;7;14;1545;1;1;1;1.0;7;470;LES LANDES;M;4923250.0;-127687.0;500
1271;201300001404;13;7;23;1630;1;2;1;1.0;1;470;RUE DES BOHONS;M;4925360.0;-127337.0;500
1272;201300001405;13;2;7;1915;3;1;1;1.0;2;606;HAMEAU SAINT MARTIN;M;4919750.0;-123842.0;500
1273;201300001406;13;2;26;1700;3;1;2;1.0;3;119;;M;4918260.0;-122989.0;500
1274;201300001407;13;7;27;1730;1;2;1;1.0;6;110;RUE DES HALLES;M;4919360.0;-93588.0;500
1275;201300001408;13;9;22;645;2;1;1;2.0;6;248;LA TERETTE;M;4918980.0;-120044.0;500
1276;201300001409;13;11;22;1215;1;2;1;8.0;6;292;RUE DU 13 JUIN 1944;M;4909860.0;-123988.0;500
1277;201300001410;13;2;10;2110;5;1;1;2.0;6;54;RUE MARYSE HILSZ;M;4873080.0;236251.0;940
1278;201300001411;13;2;11;1140;1;1;1;2.0;6;54;RUE DE ROME;M;;;940
1279;201300001412;13;3;24;1810;1;1;1;1.0;6;54;RUE DES TRANSPORTEURS;;;;940
1280;201300001413;13;3;18;1215;1;1;1;2.0;6;54;RUE DE LA CHAPELLE;M;4873770.0;237305.0;940
1281;201300001414;13;5;14;2055;1;1;1;1.0;6;54;AVE DE L'UNION;M;4872880.0;236411.0;940
1282;201300001415;13;5;17;1815;1;1;1;1.0;6;54;VOIE DE SECOURS OUEST;M;4873020.0;236038.0;940
1283;201300001416;13;4;29;2000;1;1;1;1.0;7;224;LE SAUSSEY;M;4898240.0;-95640.0;500
1284;201300001417;13;5;23;2315;5;1;1;8.0;6;54;AV LOUIS BLERIOT;M;4874040.0;236051.0;940
1285;201300001418;13;5;27;2000;1;2;1;1.0;1;139;LA HUE DE LOUP;M;4907660.0;-103170.0;500
1286;201300001419;13;7;9;1500;1;1;1;1.0;7;54;AV DE L'AEROPORT;M;4873640.0;236474.0;940
1287;201300001420;13;7;10;1550;1;1;3;1.0;3;54;ROME/FABRE;M;4872950.0;236370.0;940
1288;201300001421;13;7;17;1725;1;1;1;1.0;2;54;AV DE PARIS;M;4873030.0;236953.0;940
1289;201300001422;13;7;31;2025;1;1;1;1.0;4;54;AV DE PARIS;M;4873750.0;236482.0;940
1290;201300001423;13;7;7;1115;1;1;1;1.0;1;75;ROUTE DES ROCHES DU HAM;M;4902160.0;-103480.0;500
1291;201300001424;13;9;27;1440;1;1;1;1.0;1;54;R M ALBERT;M;4874400.0;236484.0;940
1292;201300001425;13;9;29;1455;1;1;1;1.0;2;54;AV DE PARIS;M;4873670.0;236516.0;940
1293;201300001426;13;10;18;910;1;1;1;5.0;6;54;RUE DES TRANSPORTEURS;M;4872880.0;235982.0;940
1294;201300001427;13;11;2;1530;1;1;1;1.0;7;54;AV JACQUELINE AURIOL;M;4874240.0;235941.0;940
1295;201300001428;13;11;7;1815;5;1;1;2.0;6;54;PARKING P0;M;4872870.0;236188.0;940
1296;201300001429;13;11;19;1410;1;1;1;8.0;6;54;RUE DU MUSEE;M;4873080.0;236861.0;940
1297;201300001430;13;11;24;1545;1;1;3;8.0;3;54;RUE CLEMENT ADER;M;4873190.0;236571.0;940
1298;201300001431;13;11;27;1050;1;1;1;8.0;6;54;RUE DU MUSEE;M;4873070.0;236850.0;940
1299;201300001432;13;12;19;1340;1;1;1;1.0;6;54;PARKING P5;M;4873120.0;236318.0;940
1300;201300001433;13;4;7;1745;1;1;2;1.0;3;612;;M;4867460.0;-140968.0;500
1301;201300001434;13;6;18;345;3;1;1;1.0;6;584;LE BOIS DES MONTS;M;4873420.0;-134889.0;500
1302;201300001435;13;8;2;1600;1;1;1;1.0;3;554;RUE JEANNE PAISNEL;M;4867980.0;-127819.0;500
1303;201300001436;13;8;12;745;1;1;1;7.0;2;554;RUE JEANNE PAISNEL;M;4867880.0;-129047.0;500
1304;201300001437;13;9;4;900;1;2;1;7.0;6;25;BOULEVARD FOCH;M;4868280.0;-135984.0;500
1305;201300001438;13;9;20;1115;1;1;3;1.0;1;597;LE CHENE AU LOUP;M;4870900.0;-131988.0;500
1306;201300001439;13;10;26;230;5;2;9;1.0;6;25;;M;4868930.0;-136135.0;500
1307;201300001440;13;12;8;2015;3;1;1;1.0;6;516;ROUTE DES M;M;4866280.0;-135340.0;500
1308;201300001441;13;1;26;2100;3;1;1;2.0;2;540;LE CHATEAU;M;4878250.0;-149902.0;500
1309;201300001442;13;4;22;2030;1;1;1;1.0;6;282;LA MEDECINIERE;M;4876200.0;-133012.0;500
1310;201300001443;13;5;26;330;3;1;1;1.0;6;38;VILLAGE AU MONNIER;M;4882910.0;-138052.0;500
1311;201300001445;13;6;22;2215;2;1;1;8.0;2;565;LA VILLE;M;4877370.0;-148625.0;500
1312;201300001446;13;8;11;1315;1;1;2;1.0;3;237;ROUTE DE LA PICHARDIERE;M;4880400.0;-137041.0;500
1313;201300001447;13;8;22;1500;1;2;4;1.0;2;102;CHEMIN DES PECHEURS;M;4875940.0;-156696.0;500
1314;201300001448;13;10;13;1230;1;2;1;1.0;6;102;ROUTE DE LA PLAGE;M;4875930.0;-156693.0;500
1315;201300001449;13;10;26;1845;2;1;1;8.0;7;282;LE PERRON;M;4876570.0;-133798.0;500
1316;201300001450;13;10;31;1730;2;1;2;1.0;3;540;LE CHATEAU;M;4878500.0;-150273.0;500
1317;201300001451;13;11;11;1000;1;2;1;7.0;6;237;RUE DES ABRINCATES;M;4879400.0;-139642.0;500
1318;201300001452;13;2;21;1730;1;2;1;1.0;6;443;RUE SAINT THOMAS;M;4850940.0;-145045.0;500
1319;201300001453;13;3;30;1100;1;1;1;1.0;3;337;LA GARDINIERE;M;4845760.0;-138579.0;500
1320;201300001454;13;4;9;2100;3;1;1;2.0;7;487;HAMEAU LES LANDES;M;4853780.0;-138137.0;500
1321;201300001455;13;5;23;1945;2;1;2;1.0;3;19;;M;4853490.0;-148875.0;500
1322;201300001456;13;8;23;1030;1;1;1;1.0;3;168;MORTRIE;M;4860510.0;-127593.0;500
1323;201300001457;13;11;3;230;3;1;1;1.0;1;448;LE HERISSAIS;M;4857010.0;-129726.0;500
1324;201300001460;13;3;28;1945;2;1;1;1.0;7;60;RUE DE LA VIERGE;M;4886800.0;-124871.0;500
1325;201300001462;13;6;6;1630;1;1;2;1.0;1;130;;M;4879180.0;-119632.0;500
1326;201300001463;13;10;26;1200;1;2;3;1.0;5;639;RUE JEAN DEVE;M;4883400.0;-122620.0;500
1327;201300001464;13;11;1;945;1;2;7;1.0;7;74;PLACE DE L'EGLISE;M;4872500.0;-116616.0;500
1328;201300001465;13;1;11;1045;1;1;3;1.0;2;187;;M;4960250.0;-173339.0;500
1329;201300001467;13;2;19;1930;3;1;1;1.0;6;599;LA LONGUE CHASSE;M;4959480.0;-160803.0;500
1330;201300001468;13;7;8;1515;1;1;1;1.0;3;57;;M;4962270.0;-182277.0;500
1331;201300001470;13;7;22;1830;1;2;3;1.0;3;57;LE MOITIER;M;4962330.0;-182568.0;500
1332;201300001471;13;1;22;1700;2;2;2;2.0;3;82;RUE PIERRE MARIE;M;4947000.0;-164118.0;500
1333;201300001473;13;4;14;1645;1;1;2;1.0;1;369;LA CROX JACOB;M;4951690.0;-155924.0;500
1334;201300001474;13;6;1;315;3;1;1;1.0;6;572;LE BECQUET;M;4942710.0;-178883.0;500
1335;201300001475;13;6;8;1315;1;1;1;1.0;1;160;;M;4931450.0;-168118.0;500
1336;201300001476;13;6;22;1145;1;1;2;2.0;3;82;LA RAMEE;M;4946520.0;-165899.0;500
1337;201300001478;13;9;8;1545;1;1;1;2.0;1;240;ESTOUVILLE;M;4956730.0;-177557.0;500
1338;201300001479;13;9;18;1045;1;1;1;1.0;1;82;LE BAS DE CATIGNY;M;4947760.0;-165877.0;500
1339;201300001480;13;9;18;1045;1;2;1;1.0;3;31;RUE HAUVET;M;4938070.0;-175342.0;500
1340;201300001481;13;9;27;745;2;1;1;1.0;3;240;;M;4955380.0;-179512.0;500
1341;201300001482;13;2;5;745;5;2;3;2.0;6;551;R LEMARINEL/RTE BRICQUEC;M;4938730.0;-153013.0;500
1342;201300001483;13;6;7;1915;1;1;1;1.0;7;587;HAMEAU LA BARRE;M;4936670.0;-157304.0;500
1343;201300001484;13;7;21;700;1;1;1;1.0;1;49;HAMEAU VASSELIN;M;4936610.0;-161537.0;500
1344;201300001485;13;10;5;1300;1;1;2;1.0;3;467;LE MESNILDOT;M;4949770.0;-136087.0;500
1345;201300001486;13;1;25;1830;5;2;1;1.0;6;615;BOULEVARD FELIX BUHOT;M;4951100.0;-147658.0;500
1346;201300001487;13;2;6;2215;3;1;1;1.0;6;433;RUE DU GENERAL DE GAULLE;M;4961490.0;-125946.0;500
1347;201300001488;13;2;25;1300;1;1;1;1.0;1;87;ROUTE DU MONT FANU;M;4956000.0;-161698.0;500
1348;201300001490;13;6;4;1730;1;1;1;1.0;7;150;LE BAS DE CRASVILLE;M;4955100.0;-131775.0;500
1349;201300001491;13;6;6;1430;1;1;2;1.0;1;77;LES FOSSES A TERRE;M;4964250.0;-151712.0;500
1350;201300001492;13;7;18;845;1;2;1;1.0;3;87;ROUTE DES HAGUENEES;M;4956370.0;-158180.0;500
1351;201300001493;13;7;21;1630;1;1;3;1.0;3;562;ROUTE DE REVILLE;M;4959830.0;-126335.0;500
1352;201300001494;13;9;5;800;1;2;3;1.0;3;162;LE DOUET PICOT;M;4964230.0;-152656.0;500
1353;201300001495;13;10;17;1630;1;1;1;1.0;6;595;LA FILATURE;M;4961770.0;-145183.0;500
1354;201300001496;13;12;6;1615;1;1;2;1.0;5;595;ROUTE DE SAINT PIERRE;;;;500
1355;201300001497;13;12;17;1745;5;2;1;2.0;6;615;BOULEVARD DE VERDUN;M;4950760.0;-146613.0;500
1356;201300001498;13;12;19;1830;3;1;1;2.0;3;209;LES AULNAYS;M;4963010.0;-144860.0;500
1357;201300001499;13;3;21;1215;1;1;1;2.0;1;279;LA BILLARDIERE;M;4910240.0;-133633.0;500
1358;201300001500;13;3;29;2045;3;1;1;1.0;6;464;CHANTERAINE;M;4900740.0;-139776.0;500
1359;201300001501;13;5;18;1845;1;1;2;1.0;3;92;LE MERIOTEL;M;4908760.0;-139052.0;500
1360;201300001502;13;12;31;1845;3;1;1;1.0;6;109;LA FAVERIE;M;4890500.0;-148325.0;500
1361;201300001503;13;5;18;1830;1;1;1;1.0;6;266;LA FONTAINE;M;4893610.0;-138102.0;500
1362;201300001504;13;8;15;1800;1;1;2;1.0;3;605;LES HAUTS VENTS;M;4896470.0;-140166.0;500
1363;201300001505;13;8;18;1;3;2;1;1.0;6;228;RUE DE LA GARE;M;4894700.0;-126965.0;500
1364;201300001506;13;8;31;700;2;1;1;8.0;1;320;L'ARCHERIE;M;4886130.0;-138729.0;500
1365;201300001507;13;9;23;800;1;1;3;1.0;4;143;VILLAGE FLEURY;M;4887810.0;-153266.0;500
1366;201300001508;13;9;30;800;2;1;1;1.0;1;15;;M;4896460.0;-153716.0;500
1367;201300001509;13;10;20;1930;3;1;1;1.0;1;143;LE VICQUET;M;4887530.0;-153469.0;500
1368;201300001510;13;11;14;1830;3;1;1;9.0;6;336;LA FOUBERDIERE;M;4890020.0;-126199.0;500
1369;201300001511;13;11;18;2030;3;1;1;3.0;5;349;LES VIEUX CHEMINS.;M;4900250.0;-152048.0;500
1370;201300001512;13;2;16;1845;2;1;3;1.0;1;340;;M;4912080.0;-136168.0;500
1371;201300001513;13;5;8;1300;1;1;1;1.0;5;267;;M;4922650.0;-156489.0;500
1372;201300001514;13;5;18;345;3;1;1;1.0;6;364;LE HAUT BINGARD;M;4913520.0;-150503.0;500
1373;201300001515;13;5;25;1930;1;1;1;1.0;7;198;LA BARBOTERIE;M;4913140.0;-157376.0;500
1374;201300001516;13;6;13;1515;1;1;2;1.0;1;166;;M;4933520.0;-153328.0;500
1375;201300001517;13;6;19;1830;1;1;2;1.0;3;151;;M;4919020.0;-157198.0;500
1376;201300001518;13;6;24;1915;1;2;2;1.0;3;617;PLACE FRANCIS ENAULT;M;4933700.0;-149635.0;500
1377;201300001519;13;6;30;1745;1;1;1;1.0;6;438;;M;4913640.0;-143318.0;500
1378;201300001521;13;7;10;1100;1;2;1;1.0;6;236;RUE DU CHAMP DE FOIRE;M;4929260.0;-154510.0;500
1379;201300001522;13;7;17;1845;1;1;1;1.0;6;236;RUE DE LA MER;M;4927660.0;-154669.0;500
1380;201300001523;13;8;31;45;3;1;1;1.0;6;182;;M;4917310.0;-151754.0;500