;Num_Acc;an;mois;jour;hrmn;lum;agg;int;atm;col;com;adr;gps;lat;long;dep
1381;201300001524;13;9;7;1115;1;1;1;7.0;1;586;RUE DE SURVILLE;M;4928510.0;-165469.0;500
1382;201300001525;13;9;29;100;3;1;1;2.0;6;415;LA COUILLARDERIE;M;4931900.0;-144921.0;500
1383;201300001526;13;9;29;530;3;1;1;5.0;3;151;;M;4918430.0;-152118.0;500
1384;201300001527;13;10;29;1700;1;2;1;7.0;6;78;RUE DU BOURG;M;4926080.0;-163214.0;500
1385;201300001528;13;1;6;1815;3;1;2;5.0;3;625;LES QUATRE VENTS;M;4875390.0;-90622.0;500
1386;201300001529;13;1;17;1415;1;1;3;1.0;3;195;LA HUSSAIRE;M;4875540.0;-95133.0;500
1387;201300001530;13;4;14;145;3;1;1;8.0;6;428;VAUSBERG;M;4867710.0;-107675.0;500
1388;201300001531;13;6;4;730;1;1;1;1.0;6;428;LA ROCHE;M;4867590.0;-109846.0;500
1389;201300001532;13;7;3;1445;1;2;1;1.0;6;582;PLACE DU CHAMP DE FOIRE;M;4872190.0;-91720.0;500
1390;201300001533;13;7;2;1430;1;1;1;1.0;7;193;;M;4869700.0;-81315.0;500
1391;201300001534;13;8;24;1815;1;1;1;1.0;7;428;LE SAPIN;M;4867750.0;-108124.0;500
1392;201300001535;13;9;2;1930;1;1;1;7.0;6;131;LES PLACES;M;4870850.0;-101488.0;500
1393;201300001536;13;9;3;1200;1;1;1;1.0;6;193;L'AUJARDIERE;M;4870760.0;-82750.0;500
1394;201300001537;13;11;15;1715;1;1;1;1.0;1;582;LA BLANDELLIERE;M;4870090.0;-91062.0;500
1395;201300001538;13;11;23;1230;1;2;4;1.0;3;359;ROUTE DE VIRE;M;4865850.0;-94733.0;500
1396;201300001539;13;11;29;745;1;1;1;5.0;6;359;BOUILLANT;M;4863960.0;-91548.0;500
1397;201300001540;13;1;16;830;2;2;1;1.0;6;484;RUE DE LA REPUBLIQUE;M;4857830.0;-109786.0;500
1398;201300001541;13;5;13;1900;1;2;2;1.0;6;484;PLACE SAINT MIMCHEL;M;4857760.0;-109426.0;500
1399;201300001542;13;1;4;1300;1;2;2;8.0;3;53;VERNE (AVENUE JEAN MARIE;;;;10
1400;201300001543;13;1;12;515;3;1;1;1.0;7;289;SANS, BELLEVUE ( CHEMIN;;;;10
1401;201300001544;13;1;14;1932;5;2;3;1.0;3;289;71, EGLISE (CHEMIN DE L';M;4618140.0;519855.0;10
1402;201300001545;13;1;15;1630;1;2;2;4.0;7;53;ROBIN ( RUE CHARLES);M;4620590.0;522858.0;10
1403;201300001547;13;1;20;935;1;2;3;1.0;1;53;LE HON ( RUE LEOPOLD );M;4620200.0;523180.0;10
1404;201300001548;13;1;28;725;5;2;2;8.0;6;53;LEVRIER ( BD ANDRE) IMPA;M;4620970.0;522761.0;10
1405;201300001549;13;1;29;755;2;2;2;1.0;7;53;SANS, HUCHET ( BOULEVARD;;;;10
1406;201300001550;13;1;31;1515;1;2;1;1.0;6;53;CHALLES (ALLEE) N   1 A;;;;10
1407;201300001551;13;2;1;2117;5;2;2;2.0;6;53;LEVRIER ( BD ANDRE) IMPA;M;4620970.0;522761.0;10
1408;201300001552;13;2;4;2035;3;1;1;2.0;2;451;STRASBOURG (ROUTE DE);;;;10
1409;201300001553;13;2;6;1840;5;2;6;2.0;6;344;TREVOUX (AVENUE DE);M;4620070.0;519777.0;10
1410;201300001554;13;2;18;1400;1;2;2;1.0;3;53;ALBERT 1ER (RUE);;;;10
1411;201300001555;13;2;21;1110;1;2;2;1.0;3;53;CHARTREUSE ( RUE DE LA );;;;10
1412;201300001556;13;2;21;1210;1;2;3;1.0;3;53;MAIL (AVENUE DU );;;;10
1413;201300001557;13;3;1;700;5;2;2;5.0;7;53;LEVRIER ( BD ANDRE) IMPA;;;;10
1414;201300001558;13;3;1;1555;1;1;6;8.0;3;451;, MARBOZ RD 996 ( ROUTE;M;4623910.0;522897.0;10
1415;201300001559;13;3;7;1810;1;1;3;1.0;6;451;MARBOZ RD 996 ( ROUTE DE;M;4624870.0;523033.0;10
1416;201300001560;13;3;12;1430;1;1;3;1.0;3;451;RD 975;M;4625970.0;517692.0;10
1417;201300001561;13;3;15;535;5;2;1;1.0;2;344;1317, TREVOUX (AVENUE DE;M;4620000.0;519153.0;10
1418;201300001562;13;3;15;1700;1;1;1;1.0;2;451;POLLIAT (ROUTE DE ) IMPA;M;4622670.0;520512.0;10
1419;201300001563;13;3;15;2115;5;2;2;1.0;1;53;ALSACE LORRAINE (AVENUE;;;;10
1420;201300001564;13;3;18;1720;1;2;3;8.0;6;53;17, LAMARTINE ( RUE);;;;10
1421;201300001565;13;3;24;1040;1;1;1;1.0;1;451;RD 975;M;4624430.0;518992.0;10
1422;201300001566;13;3;27;815;1;2;1;1.0;2;53;11 BIS, CITADELLE ( RUE;;;;10
1423;201300001567;13;3;30;1935;5;2;1;2.0;1;53;SANS, HERRIOT ( BOULEVAR;M;4620980.0;522588.0;10
1424;201300001568;13;4;2;810;1;1;1;1.0;4;451;RD 975;M;4623330.0;520013.0;10
1425;201300001569;13;4;6;1655;1;2;1;1.0;1;53;14, MONTESQUIEU (RUE);;;;10
1426;201300001572;13;4;8;1655;1;2;2;1.0;1;53;PONT DES CHEVRES ( RUE D;M;4621030.0;522161.0;10
1427;201300001573;13;4;15;830;1;1;1;1.0;6;451;290, GARE ( CHEMIN DE LA;;;;10
1428;201300001574;13;4;17;1440;1;2;1;1.0;2;344;1250, TREVOUX (AVENUE DE;M;4619940.0;518539.0;10
1429;201300001575;13;4;17;1748;1;2;2;1.0;6;53;LECLERC (BVD  MARECHAL C;;;;10
1430;201300001576;13;4;19;1750;1;2;1;1.0;5;53;84, BROU ( BD N 68 A 182;;;;10
1431;201300001577;13;4;22;1250;1;2;1;1.0;6;53;6, BRIAND ( RUE ARISTIDE;;;;10
1432;201300001578;13;4;25;1735;1;1;2;1.0;3;289;LENT ( ROUTE DE );M;4617680.0;523436.0;10
1433;201300001579;13;4;27;2055;5;2;6;2.0;7;451;0, MARBOZ RD 996 ( ROUTE;M;4623910.0;522897.0;10
1434;201300001580;13;4;29;1325;1;2;3;2.0;7;53;0, BARBEROT PAUL ( AVENU;;;;10
1435;201300001581;13;5;6;1245;1;1;2;1.0;3;289;ROCADE (LA) COTE OUEST;M;4616980.0;519128.0;10
1436;201300001582;13;5;10;900;1;1;6;2.0;2;451;STRASBOURG (ROUTE DE);M;4622920.0;525704.0;10
1437;201300001583;13;5;11;1925;1;2;1;1.0;6;53;128, ERABLES (RUES DES);;;;10
1438;201300001585;13;5;14;1600;1;2;3;1.0;3;53;04, CHAMP DE FOIRE ( AVE;;;;10
1439;201300001587;13;5;17;2010;1;2;1;8.0;1;53;KENNEDY BVD J  - PAIR );M;4620540.0;524278.0;10
1440;201300001588;13;5;19;1049;1;2;6;2.0;2;289;1200, LYON (AVE DE) JUSQ;M;4617520.0;519967.0;10
1441;201300001590;13;5;27;1435;1;2;1;1.0;6;53;17RUE DU 4 SEPTEMBRE;;;;10
1442;201300001591;13;6;2;635;2;1;1;2.0;1;289;;M;4617280.0;526014.0;10
1443;201300001592;13;6;9;945;1;2;1;1.0;3;53;PELOUX ( RUE DU );;;;10
1444;201300001593;13;6;13;930;1;2;3;1.0;3;53;MERCIER (AVENUE AMEDEE D;M;4619990.0;525450.0;10
1445;201300001594;13;6;18;1945;1;2;2;1.0;1;53;JOLIOT CURIE ( BOULEVARD;M;4620810.0;523660.0;10
1446;201300001595;13;6;20;730;1;1;1;1.0;3;53;PARME  ( AVENUE DE;;;;10
1447;201300001596;13;6;21;1335;1;1;1;1.0;6;344;BRESSE (AVENUE DE);M;4620300.0;519748.0;10
1448;201300001597;13;6;24;1505;1;2;3;1.0;3;451;1, GOUVERNEUR LOUIS VABR;;;;10
1449;201300001598;13;6;25;805;1;1;1;1.0;1;289;SN, ROCADE ( LA) COTE ES;M;4618750.0;519377.0;10
1450;201300001599;13;6;25;845;1;2;1;1.0;6;53;2, JOLIOT CURIE ( BOULEV;M;4620930.0;523393.0;10
1451;201300001600;13;7;5;1000;1;1;1;1.0;3;451;SANS, MEILLONNAS ( CHEMI;M;4623960.0;527599.0;10
1452;201300001601;13;7;9;1605;1;2;3;1.0;3;53;STAND ( RUE DU );;;;10
1453;201300001602;13;7;9;1640;1;2;2;1.0;3;53;HERRIOT ( BOULEVARD EDOU;M;4621030.0;522161.0;10
1454;201300001604;13;7;11;2220;5;2;1;1.0;6;53;13, STAND ( RUE DU );;;;10
1455;201300001605;13;7;13;210;5;1;2;1.0;3;344;DOMBES (AVENUE DE LA);M;4619070.0;519714.0;10
1456;201300001606;13;7;14;1510;1;1;6;1.0;3;53;;M;4622090.0;524920.0;10
1457;201300001607;13;7;27;1305;1;2;1;1.0;3;53;BAUDIN (AVENUE ALPHONSE);;;;10
1458;201300001608;13;7;31;2215;5;2;1;1.0;1;344;1500, TREVOUX (AVENUE DE;;;;10
1459;201300001609;13;8;5;1315;1;2;6;1.0;3;53;CRETS ( ROND POINT DES);M;4624170.0;522930.0;10
1460;201300001610;13;8;7;1350;1;2;3;3.0;3;53;DHONNE ( AVE CAPITAINE);;;;10
1461;201300001611;13;8;8;1230;1;1;1;3.0;3;451;5600, PARIS (ROUTE DE);M;4625970.0;517689.0;10
1462;201300001612;13;8;12;1040;1;2;3;1.0;2;344;480, TREVOUX (AVENUE DE);;;;10
1463;201300001613;13;8;13;1953;1;1;1;1.0;5;451;STRASBOURG (ROUTE DE);M;4622500.0;525313.0;10
1464;201300001614;13;8;15;1955;1;2;1;1.0;2;53;SANS, ANCIENS COMBATTANT;;;;10
1465;201300001615;13;8;27;1210;1;2;1;2.0;6;53;22, ALSACE LORRAINE (AVE;;;;10
1466;201300001616;13;9;3;1715;1;2;6;1.0;3;451;PARIS (ROUTE DE);;;;10
1467;201300001618;13;9;13;1834;1;2;1;1.0;2;53;0, JUIN (AVENUE MARECHAL;;;;10
1468;201300001619;13;9;13;2120;5;2;2;1.0;3;53;LYON (AVENUE DE - N? IMP;;;;10
1469;201300001620;13;9;23;946;1;2;3;5.0;3;53;MAGINOT ( AVENUE) COTE P;;;;10
1470;201300001621;13;9;23;1905;1;2;1;1.0;7;53;9, JASSERON (AVENUE DE -;;;;10
1471;201300001622;13;9;27;1800;1;2;2;7.0;3;53;sans, CHARTREUSE ( RUE D;;;;10
1472;201300001623;13;10;13;630;5;1;1;5.0;6;289;GRANGE MAGNIEN (RUE DE L;;;;10
1473;201300001624;13;10;20;1740;1;2;3;1.0;3;53;MONTESQUIEU (RUE);;;;10
1474;201300001625;13;10;22;1235;1;1;5;7.0;3;344;BRESSE (AVENUE DE);;;;10
1475;201300001626;13;11;3;1730;1;2;1;1.0;6;53;5 bis, SPORTS ((AVENUE D;;;;10
1476;201300001627;13;11;8;1925;5;2;1;2.0;1;53;0, MARBOZ (AVENUEDE - PA;;;;10
1477;201300001628;13;11;9;1445;1;2;2;1.0;3;53;ALBERT 1ER (RUE);;;;10
1478;201300001629;13;11;13;720;1;2;3;1.0;3;53;sans, HERRIOT ( BOULEVAR;;;;10
1479;201300001630;13;11;23;515;5;2;2;1.0;3;53;BROU ( BD N?65 B A FIN);;;;10
1480;201300001631;13;11;23;1520;1;2;1;8.0;7;53;BARBEROT Paul ( Avenue);;;;10
1481;201300001632;13;11;30;1510;1;1;7;1.0;3;451;LEPINE ( RUE );;;;10
1482;201300001634;13;12;2;215;5;2;1;1.0;6;451;616, MARBOZ RD 996 ( ROU;;;;10
1483;201300001635;13;12;2;730;1;1;1;1.0;2;451;STRASBOURG (ROUTE DE);;;;10
1484;201300001636;13;12;2;855;2;2;1;1.0;1;53;0, ALAGNIER ( RUE DE L');;;;10
1485;201300001637;13;12;4;1235;1;2;3;1.0;3;53;23, BROU ( BD DU N?1 A 6;;;;10
1486;201300001638;13;12;5;1525;1;1;6;5.0;2;451;PARIS (ROUTE DE);;;;10
1487;201300001639;13;12;9;1535;1;2;1;1.0;6;53;VAVRES ( RUE DE );;;;10
1488;201300001640;13;12;11;1445;1;1;6;5.0;7;289;LYON (AVE DE) JUSQ' N;;;;10
1489;201300001642;13;12;23;1725;5;1;8;1.0;6;53;MERCIER (AVENUE AMEDEE D;;;;10
1490;201300001643;13;12;31;1340;1;2;1;1.0;2;53;SANS, EUROPE ( CARREFOUR;;;;10
1491;201300001644;13;3;18;1345;1;1;1;2.0;2;357;LE BOULAY;M;4853788.0;-7646.0;610
1492;201300001645;13;10;30;1430;1;1;1;1.0;1;213;L'AULNAIE;M;4847655.0;-15283.0;610
1493;201300001646;13;4;10;1030;1;2;1;1.0;6;412;30 route de PARIS;M;4850765.0;36068.0;610
1494;201300001647;13;11;24;800;3;1;1;1.0;7;133;;M;4861230.0;34260.0;610
1495;201300001648;13;11;25;945;1;1;2;1.0;3;464;;M;4861207.0;16552.0;610
1496;201300001650;13;12;21;1600;1;2;2;1.0;3;288;le bourg;M;4876196.0;-9212.0;610
1497;201300001651;13;2;17;545;3;1;1;1.0;7;474;40 LES FIEFFES;M;4874240.0;10474.0;610
1498;201300001652;13;3;21;730;2;2;1;1.0;6;494;54 RUE DE LA REPUBLIQUE;M;4884376.0;3185.0;610
1499;201300001653;13;9;2;900;1;1;1;1.0;6;283;;M;4881080.0;-6456.0;610
1500;201300001654;13;10;20;15;3;1;1;1.0;6;496;;M;4874880.0;82.0;610
1501;201300001656;13;12;31;815;2;1;3;1.0;3;138;;M;4874129.0;28657.0;610
1502;201300001657;13;3;11;2000;3;1;1;4.0;1;485;LA PRINCETIERE;M;4890165.0;25423.0;610
1503;201300001658;13;8;16;1815;1;1;1;1.0;1;157;;M;4876309.0;17159.0;610
1504;201300001659;13;8;25;2130;3;1;1;2.0;6;54;CARDAIE;M;4889813.0;30502.0;610
1505;201300001660;13;9;11;2330;3;1;3;2.0;3;253;;M;4867261.0;20387.0;610
1506;201300001661;13;3;15;1730;1;2;2;2.0;5;163;LE BAS BOURG;M;4866049.0;-51946.0;610
1507;201300001663;13;11;4;1700;1;1;1;7.0;6;75;LA SIMONERIE;M;4850112.0;-59745.0;610
1508;201300001664;13;1;3;1030;1;1;1;1.0;2;243;;M;4858524.0;-30444.0;610
1509;201300001665;13;1;16;1830;3;1;1;1.0;5;211;;M;4855148.0;-52010.0;610
1510;201300001666;13;2;6;1415;1;1;1;1.0;7;260;;M;4865936.0;-38008.0;610
1511;201300001667;13;6;26;1700;1;1;3;1.0;2;428;;M;4861028.0;-38902.0;610
1512;201300001668;13;7;18;1200;1;2;1;1.0;3;168;;M;4858694.0;-36512.0;610
1513;201300001669;13;8;17;1200;1;1;3;1.0;3;332;LE CHENEVAL;M;4868941.0;-34475.0;610
1514;201300001670;13;8;25;845;1;2;3;1.0;6;431;LE BOURG;M;4857977.0;-41739.0;610
1515;201300001671;13;9;2;1715;1;1;1;1.0;7;260;LA HUDAIRIE;M;4865944.0;-35867.0;610
1516;201300001672;13;11;5;1800;2;1;1;2.0;1;35;LES MERCERIES;M;4862276.0;-35967.0;610
1517;201300001673;13;1;24;700;2;1;1;2.0;7;376;;M;4870408.0;-64303.0;610
1518;201300001674;13;3;5;230;3;1;1;1.0;7;486;LA HOGNERIE;M;4874172.0;-71763.0;610
1519;201300001675;13;3;17;1415;1;1;1;1.0;6;221;;M;4874317.0;-46938.0;610
1520;201300001676;13;7;27;1800;1;1;1;1.0;3;281;LA HALBOUDIERE;M;4883011.0;-66530.0;610
1521;201300001677;13;9;7;1530;1;1;2;1.0;1;287;LE PONT;M;4882849.0;-58124.0;610
1522;201300001678;13;3;2;2205;3;1;1;1.0;6;29;LE BOIS;M;4856179.0;47509.0;610
1523;201300001679;13;3;4;1810;1;1;3;1.0;3;129;LE TELLIER;M;4847821.0;59889.0;610
1524;201300001680;13;4;20;1815;1;2;1;1.0;3;293;43 FAUBOURG SAINT ELOI;M;4852300.0;54039.0;610
1525;201300001681;13;4;22;930;1;2;1;1.0;7;329;12 RUE DES MOULINS;M;4844156.0;54880.0;610
1526;201300001683;13;5;29;1630;1;1;2;1.0;3;409;;M;4836448.0;65053.0;610
1527;201300001684;13;7;8;1845;1;1;1;1.0;7;43;ST QUENTIN;M;4836115.0;72324.0;610
1528;201300001686;13;10;26;545;3;1;1;2.0;1;246;;M;4827342.0;77338.0;610
1529;201300001687;13;11;18;930;1;1;3;1.0;3;426;CHAMP MOUSSE;M;4836350.0;55689.0;610
1530;201300001688;13;12;27;930;1;1;1;2.0;1;79;MAROISSE;M;4824964.0;69537.0;610
1531;201300001689;13;3;3;1530;1;2;2;1.0;3;214;Avenue comtesse de Segur;M;4876567.0;61627.0;610
1532;201300001690;13;3;17;1015;1;1;3;2.0;3;187;LA CHERAUDERIE;M;4865867.0;58312.0;610
1533;201300001691;13;7;31;1845;1;1;2;1.0;3;100;;M;4870449.0;61578.0;610
1534;201300001692;13;8;9;2345;3;1;1;1.0;7;425;LES BROSSES;M;4863463.0;49962.0;610
1535;201300001694;13;12;18;1145;1;1;1;1.0;1;116;LES SOUCHES;M;4836406.0;87590.0;610
1536;201300001695;13;4;21;300;5;2;1;1.0;6;172;74 route de Paris;M;4726700.0;-149200.0;440
1537;201300001696;13;9;1;800;1;1;6;1.0;3;204;;M;4727900.0;-146700.0;440
1538;201300001697;13;9;2;1530;1;2;6;1.0;3;204;ROND-POINT DE HOMBERG;M;0.0;0.0;440
1539;201300001698;13;10;5;1030;1;2;1;1.0;3;204;lieu dit la Buye;M;4728200.0;-145600.0;440
1540;201300001699;13;11;9;315;4;2;1;2.0;6;172;RD723;M;4727500.0;-147600.0;440
1541;201300001700;13;11;23;1745;3;1;1;1.0;5;204;;M;0.0;0.0;440
1542;201300001701;13;12;16;600;4;1;1;1.0;3;172;;M;0.0;0.0;440
1543;201300001703;13;1;23;1945;1;2;1;1.0;1;26;boulevard des europ?ens;M;0.0;0.0;440
1544;201300001704;13;2;3;200;5;1;1;1.0;5;26;Echangeur madeleine;M;0.0;0.0;440
1545;201300001705;13;5;6;1930;1;1;1;1.0;3;26;rte de thouaré;M;0.0;0.0;440
1546;201300001706;13;9;3;1845;1;2;9;1.0;1;26;parking moulin boisseau;M;0.0;0.0;440
1547;201300001707;13;11;16;930;1;1;6;7.0;3;26;;M;0.0;0.0;440
1548;201300001709;13;4;23;2230;3;1;1;1.0;6;22;;M;0.0;0.0;440
1549;201300001710;13;4;28;1515;1;1;1;1.0;1;216;le patis;M;4701000.0;-145400.0;440
1550;201300001711;13;5;30;845;1;1;1;2.0;7;216;La Cantinière;M;0.0;0.0;440
1551;201300001712;13;6;1;1845;1;2;9;1.0;2;63;AVENUE XAVIER RINEAU;M;0.0;0.0;440
1552;201300001713;13;7;13;2315;3;1;1;1.0;3;102;la noisetterie;M;4704400.0;-147100.0;440
1553;201300001714;13;9;9;1845;1;1;1;1.0;1;14;;M;4710400.0;-147200.0;440
1554;201300001715;13;11;12;845;1;1;3;5.0;3;22;;M;0.0;0.0;440
1555;201300001716;13;2;1;1615;1;1;1;3.0;1;174;le grand clavier;M;4704400.0;-170800.0;440
1556;201300001717;13;3;16;330;3;1;1;1.0;6;41;la buchetière;M;4708100.0;-157100.0;440
1557;201300001719;13;6;23;1830;1;1;1;1.0;7;156;Le Petit Coin;M;0.0;0.0;440
1558;201300001720;13;10;5;230;3;2;1;1.0;6;83;21 RUE GAZET DE LA NOE;M;0.0;0.0;440
1559;201300001721;13;1;16;1930;2;1;1;8.0;5;198;;M;0.0;0.0;440
1560;201300001722;13;2;14;2045;3;1;2;1.0;3;215;La Chênaie;M;0.0;0.0;440
1561;201300001723;13;7;10;1500;1;2;6;1.0;3;215;Boulevard Auguste PRIOU;M;0.0;0.0;440
1562;201300001724;13;7;11;1530;1;2;1;1.0;6;198;rue georges Clemenceau;M;0.0;0.0;440
1563;201300001725;13;8;20;1000;1;1;6;1.0;3;215;;M;0.0;0.0;440
1564;201300001726;13;9;3;1400;1;2;1;1.0;3;215;route de la gare;M;0.0;0.0;440
1565;201300001728;13;11;23;545;5;2;1;1.0;6;198;Route de NANTES;M;0.0;0.0;440
1566;201300001729;13;12;1;230;3;1;1;9.0;6;198;;M;0.0;0.0;440
1567;201300001730;13;4;25;800;2;1;1;7.0;7;213;La gilleterie;M;0.0;0.0;440
1568;201300001731;13;5;19;130;3;1;6;3.0;6;3;la marchanderie;M;0.0;0.0;440
1569;201300001732;13;5;26;2030;2;1;1;7.0;3;213;chemin vert;M;0.0;0.0;440
1570;201300001734;13;8;31;1715;1;1;2;1.0;3;3;;M;0.0;0.0;440
1571;201300001735;13;9;13;900;1;2;1;1.0;6;213;rue mar?chal foch;M;0.0;0.0;440
1572;201300001736;13;10;2;2045;3;1;1;1.0;6;213;;M;0.0;0.0;440
1573;201300001738;13;11;28;1215;1;2;1;1.0;6;3;Boulevard pasteur;M;0.0;0.0;440
1574;201300001740;13;12;20;900;1;1;1;1.0;6;96;;M;0.0;0.0;440
1575;201300001741;13;2;5;2000;3;1;1;1.0;3;212;Les roseaux;M;0.0;0.0;440
1576;201300001743;13;3;30;245;3;1;1;2.0;7;84;Le Pré Neuf;M;0.0;0.0;440
1577;201300001744;13;5;23;15;3;1;1;1.0;6;79;10 route de la cale;M;0.0;0.0;440
1578;201300001745;13;7;2;2215;2;1;1;2.0;7;212;le poirou;M;0.0;0.0;440
1579;201300001748;13;4;19;1330;1;1;1;1.0;6;107;Le Pont Esnault;M;0.0;0.0;440
1580;201300001749;13;7;13;1715;1;1;1;1.0;7;77;;M;0.0;0.0;440
1581;201300001750;13;7;23;900;1;1;1;2.0;1;77;L'Orgerais;M;0.0;0.0;440
1582;201300001751;13;8;25;300;5;2;1;1.0;6;82;rue de la Libert?;M;0.0;0.0;440
1583;201300001752;13;10;6;2330;1;1;1;1.0;6;28;;M;0.0;0.0;440
1584;201300001753;13;10;30;815;1;1;1;7.0;3;207;;M;0.0;0.0;440
1585;201300001755;13;7;6;1545;1;1;1;1.0;7;199;Le Jarrier;M;4770900.0;-128000.0;440
1586;201300001756;13;7;29;1130;1;1;1;1.0;1;199;bel air dougilard;M;4774900.0;-127000.0;440
1587;201300001757;13;9;30;900;1;2;1;1.0;6;36;boulevard de R?publique;M;0.0;0.0;440
1588;201300001758;13;11;19;1915;4;1;1;1.0;3;112;;M;0.0;0.0;440
1589;201300001759;13;11;20;30;3;1;1;1.0;6;54;;M;0.0;0.0;440
1590;201300001760;13;12;22;1245;1;2;1;1.0;1;199;RD 20;M;0.0;0.0;440
1591;201300001761;13;1;2;1115;1;2;9;1.0;6;67;rue de l'hotel de ville;M;0.0;0.0;440
1592;201300001762;13;1;15;1145;1;2;1;7.0;3;15;rue de la forêt;M;0.0;0.0;440
1593;201300001763;13;2;5;815;1;2;1;3.0;3;185;RD 164 - Face à Fiat;M;4764100.0;-205900.0;440
1594;201300001764;13;2;11;715;2;2;1;1.0;6;23;rue E Couetoux du Tertre;M;4742200.0;-184700.0;440
1595;201300001765;13;2;23;1500;1;1;2;1.0;3;56;La gergauderie;M;0.0;0.0;440
1596;201300001766;13;3;2;1830;2;1;1;1.0;3;57;le moulin aumée;M;0.0;0.0;440
1597;201300001767;13;3;14;1445;1;2;1;1.0;2;185;60 avenue Jean Burel;M;0.0;0.0;440
1598;201300001768;13;3;25;1830;1;1;1;1.0;1;128;Le Pigeon Blanc;M;4756600.0;-186200.0;440
1599;201300001769;13;4;26;1730;1;1;1;1.0;5;15;Le Chene Rond;M;4748000.0;-171000.0;440
1600;201300001770;13;6;11;1730;1;1;1;2.0;7;15;La Moutonnerie;M;4749100.0;-175700.0;440
1601;201300001771;13;6;15;1945;1;1;1;1.0;6;44;Le Foy;M;4766400.0;-178000.0;440
1602;201300001772;13;7;2;1545;1;1;1;1.0;1;56;la buchere;M;4742100.0;-180200.0;440
1603;201300001773;13;7;21;1645;1;1;1;1.0;2;44;;M;0.0;0.0;440
1604;201300001774;13;8;6;1800;1;1;2;1.0;3;15;le perche;M;0.0;0.0;440
1605;201300001775;13;8;12;1900;1;1;2;1.0;5;128;;M;4754200.0;-192700.0;440
1606;201300001776;13;11;12;1530;1;1;1;8.0;3;7;;M;0.0;0.0;440
1607;201300001778;13;11;23;1745;3;1;1;1.0;3;57;;M;4759200.0;-200300.0;440
1608;201300001779;13;12;13;200;3;1;1;5.0;6;56;;M;4738500.0;-179000.0;440
1609;201300001781;13;12;18;1900;5;2;1;3.0;6;185;avenue jean burel;M;4765100.0;-208100.0;440
1610;201300001782;13;1;23;1900;3;1;1;1.0;6;205;le meix;M;4746700.0;-146500.0;440
1611;201300001784;13;5;4;1900;1;1;1;7.0;3;110;le lindron;M;0.0;0.0;440
1612;201300001785;13;5;8;1900;1;2;1;1.0;3;110;rue des brosses;M;0.0;0.0;440
1613;201300001786;13;6;22;1730;1;2;1;8.0;2;110;Route d' HERIC;M;0.0;0.0;440
1614;201300001787;13;7;17;2145;1;2;6;1.0;6;73;rue Anne de Bretagne;M;0.0;0.0;440
1615;201300001788;13;8;29;1045;1;1;1;1.0;2;179;;M;0.0;0.0;440
1616;201300001789;13;10;1;2115;3;1;1;8.0;1;110;;M;0.0;0.0;440
1617;201300001791;13;11;17;2130;3;1;1;1.0;1;110;;M;0.0;0.0;440
1618;201300001792;13;12;14;1115;1;2;1;1.0;6;122;RUE DE NANTES;M;0.0;0.0;440
1619;201300001794;13;6;26;1630;1;1;2;1.0;3;149;beaujour;M;0.0;0.0;440
1620;201300001795;13;6;28;730;1;2;6;1.0;3;113;Rond point de DIA - CD2;M;0.0;0.0;440
1621;201300001796;13;1;11;1245;1;2;1;1.0;3;101;rue de la Haie d'Anchete;M;0.0;0.0;440
1622;201300001797;13;5;9;2100;1;1;1;1.0;2;166;;M;4729400.0;116900.0;440
1623;201300001798;13;6;8;2000;1;1;3;1.0;1;18;les mimosas;M;0.0;0.0;440
1624;201300001799;13;7;29;915;1;1;2;1.0;5;130;;M;0.0;0.0;440
1625;201300001800;13;8;1;2030;1;1;1;7.0;5;130;les heuderies;M;0.0;0.0;440
1626;201300001801;13;9;16;745;1;1;3;1.0;3;24;;M;0.0;0.0;440
1627;201300001802;13;9;18;1800;1;1;1;1.0;1;18;;M;0.0;0.0;440
1628;201300001803;13;10;26;1900;3;1;1;2.0;2;24;;M;0.0;0.0;440
1629;201300001804;13;11;22;1000;1;2;1;1.0;3;18;72 rue de Nantes;M;0.0;0.0;440
1630;201300001805;13;12;23;2000;3;1;9;3.0;1;130;;M;0.0;0.0;440
1631;201300001807;13;7;24;1715;1;1;1;1.0;1;164;la maison bertin;M;0.0;0.0;440
1632;201300001808;13;8;7;1445;1;2;3;1.0;3;12;rue Georges Cl?menceau;M;0.0;0.0;440
1633;201300001809;13;8;25;1145;1;2;1;1.0;6;131;rue du hameau pecheur;M;0.0;0.0;440
1634;201300001810;13;8;30;1845;1;1;1;1.0;6;12;;M;0.0;0.0;440
1635;201300001811;13;9;15;900;1;1;1;1.0;7;59;;M;0.0;0.0;440
1636;201300001812;13;10;6;415;3;1;1;2.0;6;131;;M;0.0;0.0;440
1637;201300001813;13;11;27;1830;3;1;1;1.0;1;164;;M;0.0;0.0;440
1638;201300001814;13;1;13;1400;1;1;2;1.0;3;187;;M;0.0;0.0;440
1639;201300001815;13;2;6;900;1;1;1;7.0;6;5;Haute perche;M;0.0;0.0;440
1640;201300001817;13;6;14;1700;1;1;1;8.0;1;5;Belle Vue;M;0.0;0.0;440
1641;201300001818;13;7;1;1700;1;2;1;1.0;1;61;rue de Nantes;M;0.0;0.0;440
1642;201300001819;13;7;12;30;5;2;6;1.0;6;154;Avenue de Mindi;M;0.0;0.0;440
1643;201300001820;13;9;19;2045;3;1;1;2.0;3;5;;M;0.0;0.0;440
1644;201300001821;13;9;18;815;1;1;1;2.0;1;5;;M;0.0;0.0;440
1645;201300001822;13;9;24;1545;2;1;2;1.0;3;154;;M;0.0;0.0;440
1646;201300001823;13;10;15;1100;1;1;1;2.0;1;46;;M;0.0;0.0;440