;Num_Acc;an;mois;jour;hrmn;lum;agg;int;atm;col;com;adr;gps;lat;long;dep
1647;201300001824;13;11;25;1645;1;1;1;1.0;1;46;;M;0.0;0.0;440
1648;201300001825;13;1;4;2230;3;1;1;1.0;1;186;Port Faisant;M;0.0;0.0;440
1649;201300001826;13;7;18;1800;1;1;1;1.0;6;133;les planchettes;M;0.0;0.0;440
1650;201300001827;13;7;26;630;2;1;1;1.0;1;186;;M;4711600.0;-182000.0;440
1651;201300001828;13;7;31;45;3;1;1;1.0;1;87;;M;0.0;0.0;440
1652;201300001829;13;8;25;1530;1;1;1;1.0;6;145;la grigotte;M;0.0;0.0;440
1653;201300001830;13;8;29;345;3;1;1;1.0;1;220;la fosse des prés;M;0.0;0.0;440
1654;201300001831;13;8;30;1400;1;2;1;1.0;2;87;24 rue Marcel Bruneliere;M;0.0;0.0;440
1655;201300001832;13;10;11;1100;1;1;1;1.0;3;178;;M;0.0;0.0;440
1656;201300001833;13;10;20;1100;1;1;1;9.0;6;181;;M;0.0;0.0;440
1657;201300001834;13;11;5;2015;3;1;1;2.0;6;133;;M;0.0;0.0;440
1658;201300001835;13;11;5;2015;3;1;2;2.0;3;133;;M;0.0;0.0;440
1659;201300001836;13;11;14;1645;1;2;1;1.0;3;186;rue de la marche;M;0.0;0.0;440
1660;201300001837;13;11;30;1500;1;1;1;1.0;6;186;;M;4710100.0;-179200.0;440
1661;201300001838;13;12;5;1800;3;1;2;1.0;3;181;;M;0.0;0.0;440
1662;201300001839;13;12;15;230;3;1;1;1.0;6;157;;M;0.0;0.0;440
1663;201300001840;13;12;20;1915;3;1;1;1.0;1;133;;M;0.0;0.0;440
1664;201300001841;13;1;2;815;2;2;1;1.0;6;47;bd de la Liberation;M;0.0;0.0;440
1665;201300001842;13;3;20;1615;1;2;6;1.0;2;47;Boulevard Blancho;M;0.0;0.0;440
1666;201300001843;13;4;25;1815;1;1;1;1.0;3;47;Les mares jaunes;M;0.0;0.0;440
1667;201300001844;13;5;10;1400;1;2;2;1.0;1;47;Rues Gautier et gare;M;0.0;0.0;440
1668;201300001845;13;8;4;945;1;2;1;1.0;6;47;rue Jean Jacques Audubon;M;0.0;0.0;440
1669;201300001846;13;9;7;330;3;1;1;1.0;6;47;;M;0.0;0.0;440
1670;201300001847;13;10;1;1700;1;2;6;3.0;7;47;Rue de la Min?e;M;0.0;0.0;440
1671;201300001848;13;10;1;1830;2;2;1;3.0;6;47;Booulevard Blancho;M;0.0;0.0;440
1672;201300001849;13;11;30;2230;5;1;6;1.0;6;74;;M;0.0;0.0;440
1673;201300001850;13;1;29;1500;1;1;2;1.0;3;69;carrefour kerbignon;M;4737800.0;-240100.0;440
1674;201300001851;13;2;9;15;3;1;1;1.0;2;69;;M;4732700.0;-241300.0;440
1675;201300001852;13;3;20;1245;1;2;1;1.0;3;69;rte de la turballe;M;4733200.0;-243900.0;440
1676;201300001853;13;4;21;730;2;1;1;1.0;7;183;La Salle;M;0.0;0.0;440
1677;201300001855;13;7;6;1400;1;2;1;1.0;1;183;Rue des Landes;M;4739400.0;-242400.0;440
1678;201300001856;13;7;8;1500;1;1;1;1.0;1;72;pompas;M;0.0;0.0;440
1679;201300001857;13;7;13;1345;1;1;1;1.0;5;175;;M;0.0;0.0;440
1680;201300001858;13;9;5;1645;1;1;1;1.0;3;69;;M;4729700.0;-243600.0;440
1681;201300001859;13;9;6;1730;1;1;2;1.0;3;72;;M;4741500.0;-235000.0;440
1682;201300001860;13;9;11;1100;1;1;3;1.0;3;69;;M;4730800.0;-240800.0;440
1683;201300001862;13;10;17;1500;1;2;1;1.0;1;69;;M;4734800.0;-248800.0;440
1684;201300001863;13;11;6;945;1;2;6;1.0;3;10;rond point de la pigeonn;M;4728000.0;-247600.0;440
1685;201300001864;13;11;8;730;2;1;1;3.0;6;175;;M;0.0;0.0;440
1686;201300001865;13;11;12;1800;2;1;1;1.0;3;69;;M;4732800.0;-239600.0;440
1687;201300001866;13;11;15;845;1;2;1;7.0;6;211;Chemin du Barbotin;M;4731100.0;-250000.0;440
1688;201300001867;13;11;30;1945;3;1;1;9.0;4;72;;M;4743600.0;-231000.0;440
1689;201300001868;13;12;1;1200;1;2;6;1.0;3;97;giratoire rue de Ho?dic;M;0.0;0.0;440
1690;201300001869;13;12;14;1015;1;2;6;1.0;4;69;avenue Anne de Bretagne;M;4732900.0;-242000.0;440
1691;201300001873;13;3;28;1345;1;2;1;1.0;3;210;38 rue louis pasteur;M;0.0;0.0;440
1692;201300001874;13;7;18;1915;1;2;1;1.0;2;210;20 rue du brivet;M;4732400.0;-219100.0;440
1693;201300001875;13;8;3;130;3;1;1;1.0;1;168;aignac;M;0.0;0.0;440
1694;201300001876;13;10;3;445;5;1;1;8.0;6;103;;M;0.0;0.0;440
1695;201300001877;13;7;31;1115;1;1;1;1.0;1;129;la pile;M;0.0;0.0;440
1696;201300001879;13;10;17;730;2;1;1;5.0;3;50;;M;0.0;0.0;440
1697;201300001880;13;1;8;1630;1;1;1;1.0;2;194;Bel Abord;M;0.0;0.0;440
1698;201300001881;13;1;15;1215;1;1;6;1.0;1;45;la croix morzel;M;0.0;0.0;440
1699;201300001882;13;2;14;815;2;1;1;3.0;6;217;le bois macé;M;0.0;0.0;440
1700;201300001883;13;2;19;1245;1;1;1;1.0;7;158;L'oiselais;M;4729100.0;175600.0;440
1701;201300001884;13;5;28;1145;1;2;4;1.0;3;217;RUE ANNE DE BRETAGNE;M;0.0;0.0;440
1702;201300001885;13;6;9;1630;1;1;1;1.0;3;158;;M;0.0;0.0;440
1703;201300001887;13;7;15;1330;1;1;2;1.0;3;217;la saulce;M;0.0;0.0;440
1704;201300001888;13;12;3;900;1;1;1;1.0;3;158;;M;0.0;0.0;440
1705;201300001889;13;3;9;115;3;1;1;1.0;6;80;;M;4731100.0;-197000.0;440
1706;201300001890;13;7;7;45;3;1;1;1.0;5;195;;M;4737100.0;-190800.0;440
1707;201300001891;13;8;9;1645;1;1;1;1.0;1;19;la carriaud;M;0.0;0.0;440
1708;201300001893;13;5;17;2000;1;2;1;1.0;1;196;;M;4752005.0;-66999.0;490
1709;201300001894;13;6;30;1900;1;1;1;1.0;5;196;La Gloutière;M;4750826.0;-64395.0;490
1710;201300001896;13;7;19;1645;1;1;2;1.0;3;194;;M;4747700.0;-27100.0;490
1711;201300001898;13;10;1;1300;1;1;2;2.0;4;106;;M;4747413.0;-31970.0;490
1712;201300001899;13;11;9;1600;1;1;1;7.0;5;106;Les trois quartiers;M;4747418.0;-33508.0;490
1713;201300001900;13;4;7;1130;1;1;1;1.0;7;345;Bonnezeaux;M;4727720.0;-48412.0;490
1714;201300001901;13;4;19;1900;1;1;1;1.0;5;292;;M;4731147.0;-61676.0;490
1715;201300001902;13;5;22;1545;1;1;2;1.0;3;167;Martigneau;M;4738487.0;-48470.0;490
1716;201300001904;13;7;16;1745;1;1;1;1.0;6;318;;M;4740151.0;-42971.0;490
1717;201300001905;13;7;26;1730;1;1;1;1.0;2;50;;M;0.0;0.0;490
1718;201300001906;13;10;13;1145;1;2;1;1.0;3;167;GRAND RUE;M;0.0;0.0;490
1719;201300001907;13;2;13;1130;1;1;1;1.0;1;289;Les Rocheries;M;4745534.0;-65543.0;490
1720;201300001908;13;5;27;1815;1;1;1;1.0;1;265;;M;4730594.0;-67893.0;490
1721;201300001910;13;9;28;1500;1;1;1;8.0;1;63;la grande chauvière;M;4733665.0;-78913.0;490
1722;201300001911;13;10;10;2115;3;1;2;1.0;3;68;Les grandes rivettes;M;4740893.0;-84759.0;490
1723;201300001912;13;5;4;1500;1;2;1;1.0;6;220;grande rue;M;4774313.0;-41649.0;490
1724;201300001913;13;8;20;545;3;1;1;1.0;1;127;;M;4768200.0;-22000.0;490
1725;201300001914;13;11;16;1445;1;1;1;1.0;5;110;;M;4756400.0;-37300.0;490
1726;201300001915;13;2;16;900;1;1;1;1.0;7;72;;M;4718337.0;-101093.0;490
1727;201300001916;13;6;26;1930;1;2;1;1.0;6;375;23 rue des mauges;M;4714497.0;-106151.0;490
1728;201300001917;13;7;11;100;3;2;1;1.0;6;165;6 rue du commerce;M;4717221.0;-89150.0;490
1729;201300001918;13;12;7;1015;3;1;1;1.0;6;312;;M;4716500.0;-101499.0;490
1730;201300001919;13;1;16;1745;2;1;1;1.0;1;92;;M;4721917.0;-76027.0;490
1731;201300001920;13;4;17;1230;1;2;1;1.0;3;111;6 Avenue du Gd Perigne;M;4716364.0;-67700.0;490
1732;201300001921;13;4;20;1045;1;2;1;1.0;6;355;Place Abbé Thuillier;M;4712190.0;-78846.0;490
1733;201300001923;13;4;17;1630;1;1;1;1.0;7;193;;M;4714307.0;-84771.0;490
1734;201300001924;13;5;24;615;2;1;1;1.0;2;258;;M;4711390.0;-105709.0;490
1735;201300001925;13;6;10;1915;1;1;1;1.0;1;193;l'ardonnière;M;4712502.0;-89466.0;490
1736;201300001926;13;8;8;1200;1;2;6;1.0;1;301;Rond-point de Strasbourg;M;0.0;0.0;490
1737;201300001927;13;10;30;1745;1;1;2;8.0;3;332;Etang de ruiné;M;4708447.0;-95269.0;490
1738;201300001928;13;11;20;2115;5;1;1;1.0;6;285;;M;0.0;0.0;490
1739;201300001929;13;11;25;1545;1;1;2;1.0;3;179;;M;4702066.0;-102935.0;490
1740;201300001930;13;12;14;815;2;1;1;1.0;1;260;;M;0.0;0.0;490
1741;201300001931;13;1;3;1830;5;2;1;1.0;6;276;Avenue de l' Europe;M;4736138.0;-101418.0;490
1742;201300001932;13;3;23;2015;2;2;4;1.0;1;313;rue de la chapelle;M;4727318.0;-102900.0;490
1743;201300001933;13;3;24;1630;1;1;1;1.0;7;313;;M;4730703.0;-103328.0;490
1744;201300001934;13;6;21;2345;5;2;1;1.0;1;276;25 avenue de l'Europe;M;4736056.0;-100912.0;490
1745;201300001935;13;7;6;1530;1;1;1;1.0;6;40;;M;4734267.0;-110262.0;490
1746;201300001937;13;8;17;1200;1;2;1;1.0;3;276;ROUTE DE BAUPREAU;M;4735833.0;-101599.0;490
1747;201300001938;13;8;22;1715;1;1;1;1.0;1;296;;M;0.0;0.0;490
1748;201300001939;13;9;16;1800;1;1;1;8.0;1;83;Le bois de l'Odiere;M;4730151.0;-94787.0;490
1749;201300001940;13;12;7;1500;1;1;1;1.0;7;190;;M;4735900.0;-104900.0;490
1750;201300001942;13;12;10;915;1;2;1;5.0;7;69;rue du docteur Giffard;M;0.0;0.0;490
1751;201300001943;13;1;21;1700;1;2;1;2.0;6;18;Parking magasin Super U;M;4754584.0;-11221.0;490
1752;201300001944;13;7;25;2300;3;2;2;1.0;3;369;D58 rue de la Roche;M;4738569.0;8157.0;490
1753;201300001945;13;8;11;1645;1;1;1;1.0;7;234;le merdron;M;4743599.0;14877.0;490
1754;201300001946;13;10;12;1500;1;1;1;1.0;1;98;L'Aurière;M;4758748.0;13981.0;490
1755;201300001947;13;10;20;2000;3;1;1;2.0;5;245;La Bohardière;M;4752967.0;-3776.0;490
1756;201300001948;13;10;21;2245;5;2;1;1.0;6;197;08 RUE DE LA GARE;M;0.0;0.0;490
1757;201300001949;13;11;26;1615;1;1;1;1.0;7;157;;M;0.0;0.0;490
1758;201300001950;13;12;24;800;2;1;1;3.0;6;368;;M;0.0;0.0;490
1759;201300001951;13;1;28;730;2;1;2;1.0;3;47;La Pichardière;M;4723065.0;-38159.0;490
1760;201300001952;13;3;17;1830;1;1;1;8.0;1;109;les vitres;M;4710979.0;-61699.0;490
1761;201300001953;13;4;7;1730;1;1;1;1.0;1;191;Millé;M;4725174.0;-44137.0;490
1762;201300001954;13;4;12;1715;1;1;1;1.0;1;125;;M;4717997.0;-27106.0;490
1763;201300001955;13;5;3;1945;1;1;1;1.0;1;59;Les Brosses;M;4708709.0;-46237.0;490
1764;201300001956;13;6;3;530;3;1;1;1.0;6;373;;M;4714525.0;-60373.0;490
1765;201300001958;13;6;27;1215;1;1;1;1.0;6;370;;M;4726796.0;-18611.0;490
1766;201300001959;13;7;13;730;1;1;1;1.0;6;230;;M;0.0;0.0;490
1767;201300001960;13;7;15;715;1;1;1;1.0;1;373;;M;4711810.0;-56093.0;490
1768;201300001961;13;9;24;2130;3;1;1;1.0;6;191;;M;0.0;0.0;490
1769;201300001962;13;11;20;2000;5;2;2;2.0;3;125;RUE DE CHOLET;M;0.0;0.0;490
1770;201300001963;13;1;4;1515;1;1;1;1.0;7;378;le moulin à vent;M;4731070.0;-4858.0;490
1771;201300001964;13;1;9;1730;2;1;1;1.0;1;180;;M;4737123.0;-12051.0;490
1772;201300001965;13;2;16;100;3;1;6;5.0;6;304;;M;4730623.0;-13339.0;490
1773;201300001967;13;5;4;1730;1;1;1;1.0;7;311;;M;4739092.0;-2737.0;490
1774;201300001968;13;6;12;1000;1;1;2;1.0;3;2;Le Gué de Louet;M;4732974.0;2198.0;490
1775;201300001969;13;6;15;2030;1;2;1;1.0;6;378;D347;M;4733146.0;-6130.0;490
1776;201300001970;13;7;26;1545;1;1;3;1.0;2;180;La gare;M;4738689.0;-11450.0;490
1777;201300001971;13;7;29;615;2;1;1;1.0;1;261;;M;4738577.0;-21536.0;490
1778;201300001972;13;7;31;2030;1;1;1;1.0;1;180;Pont de la Trone;M;4736738.0;-12260.0;490
1779;201300001973;13;8;29;1830;1;2;3;1.0;3;41;rue des maligrattes;M;4730250.0;5889.0;490
1780;201300001974;13;9;26;1500;1;1;1;1.0;6;261;;M;4739700.0;-20700.0;490
1781;201300001975;13;10;31;1130;1;1;2;1.0;3;180;;M;4739900.0;-11300.0;490
1782;201300001976;13;11;4;845;1;1;1;2.0;3;378;;M;0.0;0.0;490
1783;201300001977;13;12;3;745;2;1;1;5.0;2;261;;M;0.0;0.0;490
1784;201300001978;13;12;20;2300;3;1;1;1.0;1;2;;M;4731000.0;2000.0;490
1785;201300001980;13;7;6;2315;3;1;2;1.0;3;274;;M;0.0;0.0;490
1786;201300001981;13;10;29;1415;1;1;1;1.0;6;140;;M;0.0;0.0;490
1787;201300001982;13;11;22;2045;3;1;1;8.0;1;131;;M;0.0;0.0;490
1788;201300001984;13;7;9;1200;1;1;1;1.0;1;161;;M;0.0;0.0;490
1789;201300001985;13;10;3;2030;3;1;1;3.0;6;77;;M;0.0;0.0;490
1790;201300001987;13;6;19;1145;1;1;1;1.0;6;271;Haras de la poissardiere;M;4751778.0;-73678.0;490
1791;201300001988;13;7;6;2215;3;2;6;1.0;7;176;RD770 - l'hippodrome;M;0.0;0.0;490
1792;201300001989;13;8;4;1900;1;1;1;1.0;7;367;;M;0.0;0.0;490
1793;201300001990;13;11;24;130;3;1;1;1.0;7;266;;M;0.0;0.0;490
1794;201300001991;13;1;29;1730;1;1;1;1.0;6;132;La Gare;M;4765595.0;-46326.0;490
1795;201300001992;13;2;8;30;5;2;1;2.0;7;80;rue Allard;M;4768475.0;-48661.0;490
1796;201300001993;13;2;15;700;3;1;1;5.0;3;80;La Louvrette;M;4766720.0;-49962.0;490
1797;201300001994;13;3;13;830;1;2;1;7.0;6;347;Rue du Bourg Joly;M;4761450.0;-46631.0;490
1798;201300001995;13;3;19;845;1;1;1;1.0;1;132;;M;4765353.0;-46142.0;490
1799;201300001996;13;3;24;445;3;1;1;1.0;7;189;;M;4773479.0;-61182.0;490
1800;201300001997;13;5;29;245;3;1;1;1.0;6;48;La rétusière;M;4758960.0;-47264.0;490
1801;201300001998;13;7;11;1015;1;1;1;1.0;3;347;la chauvinière;M;4760539.0;-47696.0;490
1802;201300001999;13;8;10;1230;1;1;1;1.0;3;80;;M;0.0;0.0;490
1803;201300002000;13;9;30;715;2;1;1;5.0;1;80;;M;0.0;0.0;490
1804;201300002002;13;12;12;1200;1;1;1;5.0;7;130;;M;4761415.0;-57129.0;490
1805;201300002003;13;12;26;1400;1;2;2;1.0;3;347;carrefour D52-D68;M;4762028.0;-46645.0;490
1806;201300002004;13;1;24;1845;2;1;2;1.0;3;1;;M;4803591.0;-89763.0;530
1807;201300002005;13;3;18;645;2;1;1;1.0;6;130;;M;4796700.0;-70300.0;530
1808;201300002006;13;4;20;2030;2;1;1;1.0;1;119;le bocage;M;4802250.0;-79385.0;530
1809;201300002007;13;9;6;1115;1;1;1;1.0;6;157;;M;4800895.0;-83327.0;530
1810;201300002008;13;9;24;1715;1;1;1;1.0;1;158;;M;4801674.0;-93807.0;530
1811;201300002009;13;10;30;1700;1;1;1;1.0;1;1;;M;4803416.0;-90135.0;530
1812;201300002010;13;5;13;1930;1;1;1;1.0;3;34;;M;4809966.0;-68547.0;530
1813;201300002011;13;6;1;1715;1;1;1;1.0;6;267;;M;4805948.0;-45230.0;530
1814;201300002012;13;7;4;1000;1;2;1;2.0;6;152;Carrefour CD21 - CD152;M;4795187.0;-55680.0;530
1815;201300002014;13;11;25;145;3;1;9;1.0;6;140;;M;4810875.0;-74190.0;530
1816;201300002015;13;12;29;1200;1;1;2;1.0;3;264;;M;4803303.0;-35075.0;530
1817;201300002016;13;2;8;1045;1;2;7;1.0;6;97;rue Wildeshausen;M;4815610.0;-39942.0;530
1818;201300002017;13;5;27;430;3;1;1;1.0;1;207;;M;4812647.0;-44822.0;530
1819;201300002018;13;11;12;1815;5;2;1;2.0;6;97;34 boulevard rochemado;M;4815547.0;-39590.0;530
1820;201300002019;13;1;22;1830;5;2;1;1.0;7;215;rue felix Marchand;M;4781654.0;-69867.0;530
1821;201300002021;13;4;27;1000;1;2;6;1.0;3;62;avenue Georges Pompidou;M;4782319.0;-69772.0;530
1822;201300002022;13;6;5;900;1;1;1;1.0;3;62;;M;4784697.0;-75178.0;530
1823;201300002023;13;7;21;300;3;1;1;1.0;7;150;;M;4774805.0;-70890.0;530
1824;201300002024;13;7;22;1630;1;1;1;1.0;7;4;;M;4781251.0;-82297.0;530
1825;201300002025;13;7;26;2200;2;1;1;1.0;3;36;;M;4786969.0;-46225.0;530
1826;201300002026;13;9;21;2215;3;1;1;1.0;1;63;;M;4780892.0;-61387.0;530
1827;201300002027;13;10;4;1215;1;1;1;1.0;6;215;;M;4781171.0;-71186.0;530
1828;201300002028;13;11;12;1300;1;1;2;8.0;3;110;;M;4787056.0;-53826.0;530
1829;201300002029;13;12;20;1200;1;2;1;7.0;6;62;Boulevard des capucins;M;4783154.0;-71316.0;530
1830;201300002030;13;6;24;1815;1;1;1;1.0;3;35;;M;4780413.0;-96668.0;530
1831;201300002031;13;6;25;1815;1;1;1;1.0;6;75;;M;4791751.0;-88607.0;530
1832;201300002032;13;7;26;2000;1;1;1;1.0;7;75;;M;4792829.0;-87416.0;530
1833;201300002033;13;8;15;2245;3;2;1;1.0;5;188;LA FONTAINE;M;4778603.0;-105994.0;530
1834;201300002034;13;8;28;500;3;1;1;5.0;7;88;;M;4796152.0;-108085.0;530
1835;201300002035;13;11;20;1830;3;1;1;3.0;3;98;;M;4790154.0;-114401.0;530
1836;201300002036;13;11;27;1900;3;1;1;1.0;6;240;;M;4781337.0;-104729.0;530
1837;201300002037;13;12;29;545;3;1;1;2.0;7;12;;M;4789010.0;-93481.0;530
1838;201300002038;13;3;5;1830;2;1;1;1.0;1;147;;M;4832087.0;-62020.0;530
1839;201300002039;13;3;9;1645;1;1;1;1.0;1;122;;M;4824853.0;-49303.0;530
1840;201300002040;13;3;11;2000;3;1;1;3.0;6;72;;M;4825326.0;-62267.0;530
1841;201300002041;13;4;15;2330;4;1;2;1.0;3;8;;M;4833441.0;-54709.0;530
1842;201300002042;13;6;16;430;3;1;1;1.0;6;216;;M;4832783.0;-56133.0;530
1843;201300002044;13;7;1;1715;1;1;2;1.0;3;2;;M;4822122.0;-76983.0;530
1844;201300002045;13;8;1;2100;1;2;1;1.0;1;147;quai CARNOT;M;4830280.0;-61755.0;530
1845;201300002046;13;8;2;1730;1;1;1;1.0;6;120;;M;4822002.0;-27676.0;530
1846;201300002047;13;8;21;800;1;1;2;1.0;3;147;;M;4828877.0;-65298.0;530
1847;201300002048;13;10;19;2345;3;2;1;1.0;6;122;30 rue henri barbe;M;4825371.0;-49644.0;530
1848;201300002049;13;10;26;1030;1;1;1;1.0;1;174;;M;4832190.0;-65774.0;530
1849;201300002050;13;11;18;1430;1;1;1;1.0;1;249;;M;4823621.0;-16979.0;530
1850;201300002051;13;1;15;915;3;1;1;4.0;1;269;;M;4830300.0;-84931.0;530
1851;201300002052;13;5;25;1445;1;1;1;1.0;6;211;;M;4833998.0;-83223.0;530
1852;201300002053;13;7;7;545;1;1;1;1.0;6;71;;M;4837362.0;-82028.0;530
1853;201300002054;13;9;13;1500;1;1;1;2.0;1;126;;M;4833921.0;-103213.0;530
1854;201300002055;13;3;29;1745;1;1;1;1.0;6;176;;M;4841697.0;-67287.0;530
1855;201300002056;13;7;4;1445;1;1;1;7.0;1;216;;M;4833007.0;-55637.0;530
1856;201300002057;13;11;22;900;1;1;3;8.0;1;112;;M;4837653.0;-36597.0;530
1857;201300002060;13;4;19;1300;1;2;1;1.0;3;185;1 rue Aristide BRIAND;M;4846168.0;-19361.0;530
1858;201300002061;13;5;3;1500;1;2;1;1.0;3;271;1 rue des ecoles;M;4834587.0;-28619.0;530
1859;201300002063;13;12;22;1600;1;2;1;1.0;6;283;09, VANDEL;;;;10
1860;201300002064;13;1;14;740;3;2;2;9.0;6;283;29, NICOD (RUE DU 0 AU 2;;;;10
1861;201300002065;13;2;18;1320;1;2;1;1.0;7;283;5, COURTELINE;;;;10
1862;201300002066;13;3;1;2145;5;2;6;1.0;6;14;100, GENERAL ANDREA (RUE;M;4629280.0;567733.0;10
1863;201300002067;13;3;19;835;2;2;2;1.0;2;31;HUGO ( AVENUE VICTOR );;;;10
1864;201300002069;13;4;4;15;5;2;6;1.0;7;283;61, FORGE (ROUTE DE LA);M;4625430.0;563716.0;10
1865;201300002070;13;4;11;1900;1;2;3;1.0;6;283;11, VANDEL;;;;10
1866;201300002071;13;4;24;1900;1;2;3;1.0;6;283;0, CLEMENT (RUE J.BAPTIS;;;;10
1867;201300002072;13;5;27;1310;1;2;1;1.0;6;283;40, CASTELLION;M;4625060.0;564871.0;10
1868;201300002073;13;5;24;1705;1;2;1;1.0;6;283;52, BRILLAT SAVARIN;;;;10
1869;201300002074;13;6;8;1200;1;2;3;1.0;3;283;0, VERDUN (COURS DE DU 5;;;;10
1870;201300002075;13;6;15;1930;1;1;1;1.0;1;283;1, CD 31;M;4626830.0;565989.0;10
1871;201300002076;13;9;28;520;5;2;9;1.0;6;283;7, COURTELINE;;;;10
1872;201300002077;13;10;4;1635;1;2;6;1.0;3;283;CASTELLION;;;;10
1873;201300002078;13;10;11;1635;1;2;1;1.0;6;283;VAUGELAS (RUE PAS DE N?;;;;10
1874;201300002080;13;11;28;1825;5;2;1;1.0;6;283;NORMANDIE NIEMEN (AVENUE;;;;10
1875;201300002081;13;12;7;905;1;1;1;7.0;5;14;DORTAN (ROUTE DE);;;;10
1876;201300002082;13;12;5;2145;5;2;1;1.0;1;283;26, JAURES(AVENUE JEAN);;;;10
1877;201300002083;13;6;14;645;1;2;1;1.0;3;269;Rue Fernand Poignant;M;0.0;0.0;720
1878;201300002084;13;9;9;1330;1;1;1;2.0;1;269;;M;0.0;0.0;720
1879;201300002085;13;12;11;300;3;1;1;9.0;6;303;;M;4801900.0;58200.0;720
1880;201300002086;13;1;12;1115;1;1;1;1.0;1;224;;M;0.0;0.0;720
1881;201300002087;13;2;10;1045;1;2;3;2.0;3;386;RD314/RD91A;M;4801800.0;27500.0;720
1882;201300002088;13;2;17;800;1;1;1;1.0;6;300;;M;0.0;0.0;720
1883;201300002089;13;7;12;2130;2;1;1;1.0;3;54;;M;0.0;0.0;720
1884;201300002090;13;7;13;2030;1;1;1;1.0;6;90;;M;0.0;0.0;720
1885;201300002091;13;9;18;1715;1;2;1;1.0;3;54;RUE ARAGON;M;0.0;0.0;720
1886;201300002092;13;10;8;715;2;1;1;5.0;2;90;;M;0.0;0.0;720
1887;201300002093;13;1;4;1300;1;2;1;1.0;6;289;34 RUE DU 11/11;M;4814900.0;16100.0;720
1888;201300002094;13;5;15;1745;1;1;2;1.0;5;329;;M;0.0;0.0;720
1889;201300002095;13;7;3;800;1;1;1;2.0;1;359;;M;0.0;0.0;720
1890;201300002096;13;8;16;2315;3;1;1;1.0;3;328;;M;4805400.0;26300.0;720
1891;201300002097;13;10;26;1530;1;1;1;1.0;1;217;;M;4806800.0;22600.0;720
1892;201300002098;13;11;19;545;5;2;1;1.0;6;289;rue du 8 mai 1945;M;4814800.0;16600.0;720
1893;201300002099;13;12;22;1145;1;2;2;1.0;5;290;carrefour D 38-D 338;M;0.0;0.0;720
1894;201300002100;13;1;3;1845;3;1;2;1.0;3;96;;M;0.0;0.0;720
1895;201300002101;13;2;19;445;5;1;1;1.0;1;253;;M;0.0;0.0;720
1896;201300002102;13;2;23;1745;1;2;1;1.0;7;257;20 rue des bleuets;M;0.0;0.0;720
1897;201300002103;13;3;13;2345;3;1;9;1.0;1;381;;M;4794000.0;7600.0;720
1898;201300002104;13;4;13;945;1;1;2;1.0;3;346;;M;4789000.0;1300.0;720
1899;201300002105;13;4;23;1545;1;1;1;1.0;7;149;;M;0.0;0.0;720
1900;201300002107;13;4;15;1730;1;1;1;1.0;5;230;;M;4785300.0;10500.0;720
1901;201300002108;13;5;12;400;3;1;1;1.0;7;45;;M;0.0;0.0;720
1902;201300002110;13;5;22;1445;1;2;1;1.0;3;346;Les Cytises;M;0.0;0.0;720
1903;201300002111;13;6;27;1745;1;1;1;1.0;1;133;;M;0.0;0.0;720
1904;201300002112;13;7;5;1800;1;1;1;1.0;7;74;;M;0.0;0.0;720
1905;201300002113;13;7;13;1800;1;2;6;1.0;6;75;D309;M;4793300.0;-1600.0;720
1906;201300002114;13;8;3;1815;1;1;1;1.0;6;149;;M;0.0;0.0;720
1907;201300002115;13;8;24;1845;1;2;1;1.0;6;339;route  saint rigomer;M;0.0;0.0;720
1908;201300002116;13;8;26;1800;1;1;1;1.0;1;360;;M;0.0;0.0;720
1909;201300002117;13;8;31;915;1;1;1;1.0;5;253;;M;0.0;0.0;720
1910;201300002118;13;9;24;1930;1;1;1;1.0;6;96;;M;0.0;0.0;720
1911;201300002119;13;10;11;730;4;1;2;2.0;3;168;;M;4802600.0;-14700.0;720
1912;201300002120;13;11;10;2045;3;1;1;1.0;6;381;;M;0.0;0.0;720
1913;201300002121;13;11;18;1745;2;1;1;1.0;3;73;;M;0.0;0.0;720
1914;201300002122;13;11;29;1215;1;1;1;1.0;3;344;;M;0.0;0.0;720
1915;201300002123;13;11;30;1000;1;1;1;1.0;3;360;;M;0.0;0.0;720
1916;201300002124;13;12;5;745;2;1;1;1.0;3;344;;M;4794200.0;11900.0;720
1917;201300002125;13;12;9;1645;1;1;1;7.0;2;253;;M;4789600.0;5300.0;720
1918;201300002126;13;12;18;1245;1;1;1;1.0;1;381;;M;0.0;0.0;720
1919;201300002127;13;1;24;715;2;2;6;1.0;2;154;rond point m?daill?s mil;M;4770200.0;-8600.0;720
1920;201300002128;13;1;29;1930;5;2;1;2.0;6;154;rue rhin et danube;M;4770500.0;-8800.0;720
1921;201300002129;13;5;18;1800;1;1;1;3.0;7;154;;M;4771000.0;-4800.0;720
1922;201300002130;13;7;15;1200;1;2;1;1.0;1;154;estournelles de constant;M;0.0;0.0;720
1923;201300002131;13;8;14;1530;1;2;2;1.0;3;154;avenue chippenham;M;4769000.0;-6400.0;720
1924;201300002132;13;10;19;1230;1;2;1;1.0;2;154;rue de la Tour d'Auvergn;M;4770700.0;-5400.0;720