;Num_Acc;an;mois;jour;hrmn;lum;agg;int;atm;col;com;adr;gps;lat;long;dep
1925;201300002133;13;12;3;815;2;2;6;5.0;2;154;ROND POINT DE LA GARE;M;4770200.0;-6900.0;720
1926;201300002134;13;12;7;1945;3;1;1;1.0;5;154;;M;4769500.0;-14800.0;720
1927;201300002135;13;12;16;1545;1;1;1;1.0;6;154;;M;0.0;0.0;720
1928;201300002136;13;5;26;1115;1;2;1;1.0;6;71;12 rue des alisiers;M;4769900.0;40900.0;720
1929;201300002137;13;8;3;2300;3;1;1;1.0;7;115;;M;0.0;0.0;720
1930;201300002138;13;1;1;115;3;1;1;2.0;1;21;;M;0.0;0.0;720
1931;201300002139;13;2;1;1045;1;2;1;2.0;1;223;Rue du Mar?chal Foch;M;4786900.0;-10000.0;720
1932;201300002141;13;6;13;1615;1;1;1;1.0;1;223;;M;4785700.0;-14000.0;720
1933;201300002142;13;7;19;1830;1;1;1;1.0;3;22;;M;4777000.0;-19100.0;720
1934;201300002143;13;7;28;415;3;1;1;1.0;6;21;;M;0.0;0.0;720
1935;201300002144;13;8;2;1800;1;1;1;1.0;1;184;;M;4798400.0;-17300.0;720
1936;201300002145;13;9;2;1045;1;1;1;1.0;5;22;;M;4777000.0;-19000.0;720
1937;201300002147;13;9;26;1545;1;1;1;1.0;1;239;;M;0.0;0.0;720
1938;201300002148;13;11;18;1830;3;1;1;1.0;6;50;;M;4798100.0;-22400.0;720
1939;201300002149;13;1;11;1800;1;1;1;1.0;6;191;;M;4777000.0;30700.0;720
1940;201300002150;13;1;11;1800;5;2;1;8.0;6;175;7 rue de la fleche;M;4770900.0;6900.0;720
1941;201300002151;13;6;25;930;1;1;1;1.0;3;243;;M;4775800.0;19300.0;720
1942;201300002152;13;7;8;1645;1;2;1;1.0;3;283;;M;4763000.0;28100.0;720
1943;201300002153;13;9;7;1100;1;1;1;1.0;6;160;;M;4769300.0;35600.0;720
1944;201300002154;13;10;25;1600;1;1;1;2.0;1;160;;M;4771900.0;32900.0;720
1945;201300002155;13;2;15;1715;1;1;1;1.0;6;151;;M;0.0;0.0;720
1946;201300002156;13;2;19;1945;5;2;2;1.0;1;264;rue G?n?ral Leclerc;M;0.0;0.0;720
1947;201300002157;13;3;19;30;3;1;1;1.0;6;264;;M;0.0;0.0;720
1948;201300002158;13;8;2;1600;1;2;6;1.0;3;264;Place du Champ de Foire;M;0.0;0.0;720
1949;201300002159;13;8;6;400;3;1;1;1.0;7;151;;M;0.0;0.0;720
1950;201300002160;13;8;30;1745;1;1;1;7.0;1;244;;M;0.0;0.0;720
1951;201300002161;13;10;14;645;5;1;1;8.0;3;343;LA CLOSERAIE DU BOIS;M;0.0;0.0;720
1952;201300002162;13;3;16;645;2;1;2;1.0;3;112;;M;0.0;0.0;720
1953;201300002163;13;4;18;2000;1;1;1;3.0;3;189;;M;0.0;0.0;720
1954;201300002164;13;5;8;1030;1;2;1;1.0;7;180;2 place Carnot;M;0.0;0.0;720
1955;201300002165;13;6;7;1245;1;1;1;1.0;3;180;;M;0.0;0.0;720
1956;201300002167;13;8;18;2130;4;1;1;1.0;6;39;;M;0.0;0.0;720
1957;201300002168;13;8;23;1045;1;1;1;1.0;3;259;;M;0.0;0.0;720
1958;201300002170;13;10;4;1600;1;1;3;1.0;3;317;;M;0.0;0.0;720
1959;201300002171;13;10;16;1700;1;1;2;7.0;1;276;;M;0.0;0.0;720
1960;201300002172;13;10;20;1715;1;1;1;1.0;6;295;;M;0.0;0.0;720
1961;201300002173;13;11;7;1730;3;1;2;3.0;3;372;;M;4836317.0;28991.0;720
1962;201300002174;13;11;29;1930;3;1;1;1.0;1;295;;M;0.0;0.0;720
1963;201300002175;13;12;10;1000;1;2;1;1.0;6;189;rue de BONNETABLE;M;4825159.0;31645.0;720
1964;201300002176;13;3;16;1945;3;1;1;1.0;6;41;;M;0.0;0.0;720
1965;201300002177;13;6;30;1800;1;1;1;7.0;1;93;;M;0.0;0.0;720
1966;201300002178;13;7;11;1930;1;1;1;9.0;7;132;;M;0.0;0.0;720
1967;201300002180;13;7;14;1115;1;2;1;1.0;1;363;"01 ""les perrieres""";M;0.0;0.0;720
1968;201300002181;13;9;14;1030;1;2;1;2.0;6;132;RUE PIERRE BRULE;M;0.0;0.0;720
1969;201300002182;13;10;27;1845;2;2;1;1.0;6;132;Avenue Georges Desnos;M;0.0;0.0;720
1970;201300002183;13;1;5;815;3;1;1;1.0;6;284;;M;0.0;0.0;720
1971;201300002184;13;4;29;1500;1;1;1;1.0;6;137;;M;4841100.0;20100.0;720
1972;201300002185;13;9;1;1800;1;1;1;1.0;7;212;;M;0.0;0.0;720
1973;201300002186;13;9;5;230;3;1;1;1.0;6;137;;M;4843000.0;25300.0;720
1974;201300002187;13;11;24;1430;1;1;1;8.0;6;318;;M;4839900.0;16700.0;720
1975;201300002188;13;12;22;1745;2;2;3;1.0;3;6;;M;4841100.0;8800.0;720
1976;201300002189;13;2;3;1945;3;2;2;1.0;4;36;D60 / D949;M;0.0;0.0;850
1977;201300002191;13;5;25;1800;1;1;1;1.0;5;213;SAINTE EUGENE;M;0.0;0.0;850
1978;201300002192;13;6;9;1700;1;1;1;2.0;2;73;LE GRAND BEAUMONT;M;0.0;0.0;850
1979;201300002193;13;7;6;2000;1;2;1;1.0;3;175;LE CARREFOUR;M;0.0;0.0;850
1980;201300002194;13;7;10;1630;1;1;1;1.0;6;157;;M;0.0;0.0;850
1981;201300002195;13;7;30;2030;1;1;1;1.0;1;36;LA GARE;M;0.0;0.0;850
1982;201300002196;13;9;9;1315;1;2;1;2.0;1;73;61 RUE DE MAINCLAYE;M;0.0;0.0;850
1983;201300002197;13;9;22;1745;1;1;1;1.0;2;46;CARREFOUR DE LA MICHENOT;M;4666603.0;-127549.0;850
1984;201300002198;13;12;12;1200;1;2;1;2.0;2;69;19 RUE  LA GRENOUILLERE;M;0.0;0.0;850
1985;201300002199;13;12;31;530;3;1;1;3.0;6;8;LA BIGAUDIERE;M;0.0;0.0;850
1986;201300002200;13;1;21;1500;1;2;2;1.0;3;266;RUE DE L'OCEAN;M;0.0;0.0;850
1987;201300002201;13;1;28;1130;1;1;1;1.0;6;51;LE PONT CHARRAULT;M;0.0;0.0;850
1988;201300002202;13;3;9;1845;1;2;1;1.0;1;220;9 RUE DE LA METAIRIE;M;4671949.0;-102411.0;850
1989;201300002203;13;4;3;830;1;2;1;1.0;6;212;6 RUE DU GRAND LOGIS;M;0.0;0.0;850
1990;201300002204;13;7;11;1730;1;1;1;1.0;1;282;CHASSAIS;M;0.0;0.0;850
1991;201300002205;13;8;18;600;5;2;1;1.0;1;165;RUE NATIONALE;M;0.0;0.0;850
1992;201300002206;13;8;25;1015;1;2;1;8.0;2;89;95 RUE NATIONALE;M;0.0;0.0;850
1993;201300002207;13;9;20;645;3;2;1;1.0;1;89;RUE DU CHATEAU D'EAU;M;0.0;0.0;850
1994;201300002208;13;10;6;230;3;2;1;1.0;6;84;RUE DU ROULIN;M;0.0;0.0;850
1995;201300002209;13;10;6;1500;1;2;1;1.0;3;246;RUE SAINTE AGATHE;M;0.0;0.0;850
1996;201300002210;13;10;31;1830;2;1;1;1.0;6;34;PONT-BRIQUET;M;0.0;0.0;850
1997;201300002211;13;11;4;1845;3;1;1;8.0;3;202;LA FORTIERE;M;0.0;0.0;850
1998;201300002212;13;12;6;1545;1;2;1;1.0;1;89;RUE DU CHATEAU;M;0.0;0.0;850
1999;201300002214;13;2;13;415;3;2;1;1.0;6;109;RUE DES PECHERS;M;0.0;0.0;850
2000;201300002215;13;3;20;2130;5;1;9;1.0;7;109;;M;0.0;0.0;850
2001;201300002216;13;4;1;1845;1;1;1;1.0;7;38;LA DURANDERIE;M;0.0;0.0;850
2002;201300002217;13;5;19;1815;1;2;1;8.0;6;109;AVENUE DE LA MAINE;M;0.0;0.0;850
2003;201300002218;13;6;6;1645;1;1;2;1.0;3;153;BELLEVUE;M;0.0;0.0;850
2004;201300002219;13;7;8;1830;1;1;1;1.0;2;242;LA TRAVERSIERE;M;0.0;0.0;850
2005;201300002221;13;8;9;2130;2;1;1;1.0;5;242;LA TRAVERSERIE;M;0.0;0.0;850
2006;201300002222;13;8;26;1815;1;2;1;1.0;1;153;RUE DE L'OUEST;M;4677969.0;-106342.0;850
2007;201300002223;13;10;9;2100;5;2;1;1.0;3;109;AVENUE DES SABLES;M;0.0;0.0;850
2008;201300002224;13;11;17;345;3;1;1;8.0;6;109;2 LES HAUTES BARROUERES;M;4688222.0;-107985.0;850
2009;201300002225;13;11;18;1845;5;2;1;1.0;1;109;ROUTE DES SABLES;M;0.0;0.0;850
2010;201300002226;13;12;4;1300;1;1;1;1.0;1;215;LA LERANDIERE;M;0.0;0.0;850
2011;201300002227;13;12;11;700;3;1;1;5.0;1;64;LA SERVANTIERE;M;0.0;0.0;850
2012;201300002228;13;12;12;630;3;1;1;9.0;6;215;LA CRABOTEE;M;0.0;0.0;850
2013;201300002229;13;1;21;645;2;2;6;8.0;2;27;PORTE DE BOUFFERE;M;0.0;0.0;850
2014;201300002230;13;3;9;1630;1;1;1;1.0;3;272;LA BERNERIE;M;0.0;0.0;850
2015;201300002231;13;3;12;1130;1;1;1;1.0;7;107;LE FOSSE NEUF;M;0.0;0.0;850
2016;201300002232;13;3;16;1600;1;2;1;1.0;3;295;3 RUE JEAN MOULIN;M;4698389.0;-123777.0;850
2017;201300002233;13;3;21;1145;1;1;1;2.0;6;262;;M;0.0;0.0;850
2018;201300002235;13;4;21;2230;3;1;1;1.0;2;197;LA CHAGNAIS;M;0.0;0.0;850
2019;201300002236;13;4;29;1445;1;1;1;1.0;3;39;LE PAVILLON;M;0.0;0.0;850
2020;201300002237;13;5;17;1830;1;1;1;1.0;6;224;;M;0.0;0.0;850
2021;201300002238;13;5;24;2030;1;1;1;3.0;1;217;;M;0.0;0.0;850
2022;201300002239;13;6;16;715;1;1;1;1.0;1;27;;M;0.0;0.0;850
2023;201300002240;13;7;13;1;3;1;1;1.0;6;25;;M;0.0;0.0;850
2024;201300002241;13;7;18;1330;1;1;1;1.0;6;25;LA LIGNEE;M;0.0;0.0;850
2025;201300002243;13;8;23;1830;1;1;1;1.0;6;39;LA BROSSE;M;0.0;0.0;850
2026;201300002244;13;9;1;1845;1;1;1;1.0;1;224;;M;0.0;0.0;850
2027;201300002245;13;9;4;1945;2;1;1;1.0;3;224;LA GRANDE BERNERIE;M;0.0;0.0;850
2028;201300002246;13;12;27;200;3;1;2;2.0;3;262;LA HAUTE FAVRIE;M;0.0;0.0;850
2029;201300002247;13;2;8;1630;1;1;1;1.0;1;151;LA RIGAUDIERE;M;0.0;0.0;850
2030;201300002248;13;2;22;2200;3;1;1;1.0;7;151;;M;0.0;0.0;850
2031;201300002249;13;7;17;1130;1;1;9;7.0;3;97;;M;0.0;0.0;850
2032;201300002250;13;7;19;1500;1;1;1;1.0;1;247;;M;0.0;0.0;850
2033;201300002251;13;8;17;1100;1;1;1;1.0;5;302;LA MAMINIERE;M;0.0;0.0;850
2034;201300002252;13;10;19;1400;1;2;1;1.0;3;97;RUE DES ALOUETTES;M;0.0;0.0;850
2035;201300002253;13;11;24;715;3;1;1;1.0;6;119;;M;0.0;0.0;850
2036;201300002254;13;1;9;1445;1;1;1;1.0;6;19;;M;0.0;0.0;850
2037;201300002255;13;1;25;1945;3;1;1;1.0;6;178;LES AJONNETS;M;0.0;0.0;850
2038;201300002256;13;2;1;1845;3;1;1;2.0;2;19;;M;0.0;0.0;850
2039;201300002257;13;5;1;345;3;1;1;2.0;7;191;LA JAUSINIERE;M;0.0;0.0;850
2040;201300002258;13;6;5;1100;1;1;2;7.0;3;178;LA MAUMARNIERE;M;0.0;0.0;850
2041;201300002259;13;7;20;1430;1;1;1;1.0;6;300;BELLEVUE;M;0.0;0.0;850
2042;201300002260;13;9;9;900;1;2;6;2.0;6;3;RUE DE L'HOTEL DE VILLE;M;4673975.0;-160765.0;850
2043;201300002261;13;9;26;1145;1;2;1;2.0;3;208;RUE GEORGES CLEMENCEAU;M;0.0;0.0;850
2044;201300002262;13;10;1;1745;1;1;1;8.0;7;178;124 MOULIN DES ORANGES;M;4673705.0;-144459.0;850
2045;201300002263;13;11;8;930;1;1;1;2.0;7;19;;M;0.0;0.0;850
2046;201300002264;13;1;8;730;2;2;6;1.0;1;92;BD DU CHAIL;M;0.0;0.0;850
2047;201300002266;13;3;15;1715;1;2;1;1.0;6;92;23 RUE AMAND BUJARD;M;4646573.0;-81991.0;850
2048;201300002267;13;4;9;1400;1;2;2;1.0;3;92;RUE DE LA REPUBLIQUE;M;0.0;0.0;850
2049;201300002268;13;5;20;1200;1;2;1;1.0;6;92;21 RUE DU PORT;M;4646413.0;-80294.0;850
2050;201300002269;13;7;12;745;1;1;1;1.0;1;92;;M;0.0;0.0;850
2051;201300002270;13;7;18;1845;1;2;1;1.0;3;92;AV. FRANCOIS MITTERRAND;M;0.0;0.0;850
2052;201300002271;13;8;14;2015;1;1;2;1.0;3;167;BADORIT-ROUTE DE MERITE;M;0.0;0.0;850
2053;201300002272;13;8;29;715;1;1;1;1.0;1;92;;M;0.0;0.0;850
2054;201300002273;13;11;10;1830;3;1;1;1.0;4;256;;M;0.0;0.0;850
2055;201300002274;13;1;7;915;1;2;1;2.0;6;128;RUE DU PDT DE GAULLE;M;0.0;0.0;850
2056;201300002276;13;5;5;945;1;1;1;1.0;3;267;L'ESSART;M;0.0;0.0;850
2057;201300002277;13;7;19;1215;1;1;1;1.0;1;267;PONT DU BRAULT;M;0.0;0.0;850
2058;201300002278;13;8;6;2045;1;2;1;1.0;3;131;ROUTE DU SABLEAU;M;0.0;0.0;850
2059;201300002279;13;9;14;1400;1;1;1;2.0;1;128;LA ROULIERE;M;0.0;0.0;850
2060;201300002280;13;9;29;1830;1;1;1;1.0;1;128;CHEMIN DU BOIS MOCQUA;M;0.0;0.0;850
2061;201300002281;13;12;11;1130;1;2;1;9.0;5;58;RUE GEORGES CLEMENCEAU;M;0.0;0.0;850
2062;201300002282;13;1;15;1300;1;1;4;1.0;1;132;CARREFOUR DE SAINT-ROMAN;M;0.0;0.0;850
2063;201300002283;13;7;16;1715;1;1;1;1.0;1;306;LA TABAC;M;0.0;0.0;850
2064;201300002284;13;10;2;2130;3;1;1;1.0;1;20;;M;0.0;0.0;850
2065;201300002285;13;1;28;830;1;1;1;9.0;1;31;LA PELISSONNIERE;M;0.0;0.0;850
2066;201300002286;13;3;23;1600;1;2;1;1.0;1;141;CHEMIN DU LEVAN;M;4673134.0;-71079.0;850
2067;201300002287;13;5;3;1900;1;1;3;1.0;3;264;LA GOURMAUDIERE;M;0.0;0.0;850
2068;201300002288;13;5;9;2315;3;1;1;1.0;6;59;LA CORMENERIE;M;0.0;0.0;850
2069;201300002289;13;5;30;1230;1;1;1;3.0;1;264;LA GRATTELIERE;M;4668911.0;-73947.0;850
2070;201300002290;13;7;19;1930;1;1;1;1.0;3;257;;M;0.0;0.0;850
2071;201300002292;13;9;19;845;1;1;3;7.0;3;182;LA COCULIERE;M;0.0;0.0;850
2072;201300002293;13;9;22;915;1;1;1;1.0;6;125;RETE;M;0.0;0.0;850
2073;201300002294;13;10;11;245;3;1;1;1.0;3;31;LE MOULIN AUX DRAPS;M;0.0;0.0;850
2074;201300002295;13;10;29;1730;2;1;2;1.0;3;257;LA BONNELIERE;M;0.0;0.0;850
2075;201300002296;13;11;30;145;3;1;2;2.0;3;251;BOURGNEUF;M;0.0;0.0;850
2076;201300002297;13;3;10;1615;1;1;1;1.0;6;174;CLOUPINOT;M;0.0;0.0;850
2077;201300002298;13;6;26;2345;3;1;1;1.0;1;188;;M;0.0;0.0;850
2078;201300002299;13;10;27;1645;1;1;1;1.0;7;223;LE MOULIN DE LA LOURIE;M;0.0;0.0;850
2079;201300002300;13;5;3;1645;1;1;1;1.0;7;47;SORTIE LA BLOIRE;M;0.0;0.0;850
2080;201300002302;13;6;4;1715;1;1;1;1.0;3;210;CARREFOUR DE LA BOUTIERE;M;0.0;0.0;850
2081;201300002303;13;6;25;1730;1;1;2;1.0;3;280;;M;0.0;0.0;850
2082;201300002304;13;7;14;1215;1;1;1;1.0;3;280;;M;0.0;0.0;850
2083;201300002305;13;7;23;2130;2;2;1;1.0;6;47;40 BOULEVARD JEAN YOLE;M;4683914.0;-187531.0;850
2084;201300002306;13;7;24;1015;1;1;1;1.0;3;280;LES MORANDIERES;M;0.0;0.0;850
2085;201300002308;13;9;1;1230;1;1;1;1.0;6;96;LE PLATEAU DE JUCHEPIE;M;0.0;0.0;850
2086;201300002310;13;9;21;2130;3;1;1;1.0;6;96;LA RICHARDIERE;M;0.0;0.0;850
2087;201300002311;13;10;23;1015;1;1;1;1.0;3;47;MON RIVAGE;M;4684511.0;-181518.0;850
2088;201300002312;13;11;7;1115;1;1;1;1.0;6;86;LA CARTERON;M;0.0;0.0;850
2089;201300002313;13;11;12;830;1;1;4;2.0;3;96;LA ROMAZIERE;M;0.0;0.0;850
2090;201300002314;13;12;7;130;3;1;1;1.0;7;96;;M;0.0;0.0;850
2091;201300002315;13;12;11;745;1;1;1;9.0;6;6;LE PETIT BOURG;M;0.0;0.0;850
2092;201300002316;13;12;13;1715;5;2;1;2.0;6;47;Route des Sables;M;0.0;0.0;850
2093;201300002317;13;7;18;1430;1;2;1;1.0;3;113;RUE DE LA MEULE;M;4669950.0;-234791.0;850
2094;201300002318;13;2;17;615;3;1;1;8.0;7;118;LA GROLLE;M;0.0;0.0;850
2095;201300002319;13;5;9;1315;1;2;3;1.0;3;118;RUE NICOLON DES ABBAYES;M;0.0;0.0;850
2096;201300002321;13;7;27;1430;1;1;1;6.0;2;52;;M;0.0;0.0;850
2097;201300002322;13;8;18;15;3;1;1;1.0;6;16;LA GUERINIERE;M;0.0;0.0;850
2098;201300002323;13;10;20;2145;3;1;1;1.0;1;218;MARIE ROSES;M;0.0;0.0;850
2099;201300002324;13;11;18;715;5;2;1;1.0;6;112;38 RUE DE LA VERTONNE;M;0.0;0.0;850
2100;201300002325;13;11;23;30;3;1;1;1.0;6;214;LES PORTES D'OLONNE;M;0.0;0.0;850
2101;201300002326;13;1;10;1930;3;1;3;8.0;3;71;LE MOULIN A VENT;M;0.0;0.0;850
2102;201300002327;13;2;16;1545;1;2;1;1.0;6;226;158 AvLA PELLE A PORTEAU;M;4669616.0;-196004.0;850
2103;201300002328;13;3;26;1500;1;1;1;1.0;1;226;ROUTE DE SOULLANS;M;0.0;0.0;850
2104;201300002329;13;4;26;1545;1;1;1;1.0;3;71;LA GARSILLIERE;M;0.0;0.0;850
2105;201300002330;13;4;30;1245;1;1;1;2.0;1;268;SAINT-BENOIST;M;0.0;0.0;850
2106;201300002331;13;5;18;1515;1;2;1;1.0;3;222;QUAI GORIN;M;0.0;0.0;850
2107;201300002332;13;7;18;815;1;2;1;1.0;2;2;RUE GEORGES CLEMENCEAU;M;0.0;0.0;850
2108;201300002333;13;8;7;1900;1;1;1;1.0;7;71;GAS JEAN;M;0.0;0.0;850
2109;201300002334;13;8;9;1630;1;2;9;1.0;3;222;semi rapide face station;M;0.0;0.0;850
2110;201300002335;13;9;7;1530;1;2;1;1.0;2;222;91 ROUTE DES SABLES;M;0.0;0.0;850
2111;201300002336;13;9;14;1745;1;2;1;3.0;6;70;RUE DES VIGNES;M;4669877.0;-176026.0;850
2112;201300002337;13;9;24;1845;1;1;1;1.0;3;88;CHEMIN DU GRAND FIEF;M;4670559.0;-189449.0;850
2113;201300002338;13;12;16;1745;1;2;1;1.0;6;222;22 QUAI DE LA REPUBLIQUE;M;0.0;0.0;850
2114;201300002339;13;1;4;1715;1;1;1;1.0;3;12;;M;0.0;0.0;850
2115;201300002340;13;2;6;945;1;1;4;1.0;1;284;Carrefour MASSOTE;M;0.0;0.0;850
2116;201300002341;13;2;12;1000;1;2;1;1.0;6;234;15 BOULEVARD Mal LECLERC;M;4679072.0;-205671.0;850
2117;201300002342;13;2;8;1030;1;1;1;1.0;7;18;;M;0.0;0.0;850
2118;201300002343;13;3;30;945;1;1;1;8.0;6;29;RUE DU PORT;M;0.0;0.0;850
2119;201300002344;13;4;14;1845;1;1;1;1.0;5;164;RUE DE LA BARRE;M;0.0;0.0;850
2120;201300002345;13;5;11;1230;1;1;1;1.0;1;234;RUE DE NOTRE DAME;M;0.0;0.0;850
2121;201300002347;13;6;23;2245;3;1;1;1.0;7;18;LE MARAIS BUOR;M;0.0;0.0;850
2122;201300002348;13;7;17;830;1;1;2;1.0;3;284;CHEMIN DU GRAND LAY;M;0.0;0.0;850
2123;201300002349;13;7;24;1815;1;1;1;1.0;6;273;;M;0.0;0.0;850
2124;201300002351;13;8;27;1115;1;2;1;1.0;6;234;BOULEVARD DE LA MER;M;4678552.0;-207645.0;850
2125;201300002352;13;9;6;1445;1;2;1;1.0;6;164;37 AVENUE DE LA MER;M;4683092.0;-213415.0;850
2126;201300002353;13;9;24;1845;1;2;1;1.0;6;18;RUE DU 11 NOVEMBRE;M;4691528.0;-204044.0;850
2127;201300002354;13;9;25;1530;1;1;1;1.0;2;12;LA FORTINIERE;M;0.0;0.0;850
2128;201300002355;13;12;13;1345;1;1;1;1.0;1;29;;M;0.0;0.0;850
2129;201300002356;13;12;16;1600;1;1;1;7.0;2;234;59 ROUTE DE LA PIBOLE;M;4679674.0;-203160.0;850
2130;201300002357;13;2;23;2030;3;1;1;1.0;5;26;LA POIRAUDIERE;M;0.0;0.0;850
2131;201300002358;13;3;8;1730;1;1;1;1.0;1;294;;M;4635098.0;-144830.0;850
2132;201300002359;13;4;20;1700;1;2;1;1.0;6;307;61 AVENUE DE LA PLAGE;M;4633253.0;-132347.0;850
2133;201300002360;13;4;28;1600;1;2;1;1.0;6;127;CHEMIN GRANDES PLANTES;M;4640330.0;-150048.0;850
2134;201300002361;13;5;18;1945;1;1;1;1.0;5;288;AVENUE DE L'ATLANTIQUE;M;0.0;0.0;850
2135;201300002362;13;5;27;1315;1;1;1;1.0;6;10;L'ISABELLIERE;M;0.0;0.0;850
2136;201300002363;13;6;19;1815;1;1;1;1.0;1;26;RUE DE LA PETITE CROIX;M;4656790.0;-145797.0;850
2137;201300002364;13;7;1;1045;1;2;1;1.0;3;127;4 BD DU 8 MAI 1945;M;4642202.0;-149175.0;850
2138;201300002365;13;7;3;1845;1;1;1;1.0;1;294;;M;0.0;0.0;850
2139;201300002366;13;7;8;1000;1;2;6;1.0;6;294;ROND-POINT DES JONCS;M;0.0;0.0;850
2140;201300002367;13;7;13;715;1;1;2;1.0;3;22;;M;0.0;0.0;850
2141;201300002368;13;8;15;2345;5;2;1;1.0;6;288;AVENUE DU MOULIN;M;4644861.0;-166887.0;850
2142;201300002370;13;9;2;715;2;1;1;1.0;1;26;LE MOULIN CASSE;M;0.0;0.0;850
2143;201300002372;13;9;29;1745;2;2;1;7.0;5;294;RUE DU PHARE;M;4634340.0;-144570.0;850
2144;201300002373;13;10;17;1815;2;1;1;1.0;7;288;LA MARZELLE;M;4650670.0;-157881.0;850
2145;201300002374;13;12;21;515;2;1;1;1.0;1;103;LES BARBIERES;M;0.0;0.0;850
2146;201300002375;13;3;19;1745;1;1;1;1.0;3;436;;M;0.0;0.0;330
2147;201300002376;13;4;14;1715;1;1;1;1.0;3;436;;M;0.0;0.0;330
2148;201300002377;13;5;17;2000;2;2;2;3.0;3;498;rue va au champ;M;4455400.0;-86900.0;330
2149;201300002378;13;7;14;900;1;1;1;1.0;1;42;;M;4452800.0;-80000.0;330
2150;201300002380;13;10;22;1700;1;1;1;2.0;1;29;;M;0.0;0.0;330
2151;201300002381;13;1;26;1815;1;2;1;1.0;3;19;rue de Bordeaux;M;4469600.0;-98900.0;330
2152;201300002382;13;3;15;1530;1;1;1;1.0;2;19;;M;4468400.0;-101000.0;330
2153;201300002384;13;3;28;1330;1;1;1;1.0;2;284;;M;4460300.0;-93900.0;330
2154;201300002385;13;4;14;2230;3;1;1;1.0;1;284;;M;4456200.0;-98100.0;330
2155;201300002386;13;4;13;1130;1;1;1;1.0;6;555;;M;4471400.0;-82300.0;330
2156;201300002387;13;7;11;1700;1;2;1;1.0;1;19;37 rue ernest de boissie;M;4469200.0;-101899.0;330
2157;201300002388;13;12;16;1800;5;2;1;1.0;6;284;RUE DE TESTAROUCH;M;0.0;0.0;330
2158;201300002389;13;3;2;1115;1;2;1;1.0;6;56;rue jeanne d'arc;M;0.0;0.0;330
2159;201300002390;13;3;16;1800;1;1;1;2.0;6;56;;M;0.0;0.0;330
2160;201300002391;13;4;6;30;3;1;1;1.0;3;519;;M;0.0;0.0;330
2161;201300002392;13;4;24;1845;1;2;1;1.0;1;519;49 Rue du stade;M;0.0;0.0;330
2162;201300002393;13;9;27;700;2;1;2;1.0;3;519;;M;0.0;0.0;330
2163;201300002394;13;10;8;900;1;2;1;7.0;6;519;13 avenue de la boetie;M;0.0;0.0;330
2164;201300002395;13;10;21;815;1;2;1;1.0;6;56;rue de guyenne;M;0.0;0.0;330
2165;201300002396;13;11;19;1300;1;1;1;2.0;1;56;;M;0.0;0.0;330
2166;201300002397;13;4;29;930;1;1;1;1.0;1;236;;M;0.0;0.0;330
2167;201300002398;13;5;4;600;5;2;1;5.0;6;11;76 avenue Gnl de Gaulle;M;0.0;0.0;330
2168;201300002399;13;5;26;1230;1;2;1;1.0;3;236;int. D106, rte truc vert;M;0.0;0.0;330
2169;201300002400;13;6;27;830;1;2;1;1.0;3;236;ROUTE DU CAP FERRET;M;0.0;0.0;330
2170;201300002401;13;7;15;230;5;1;1;1.0;1;236;;M;0.0;0.0;330
2171;201300002402;13;12;26;945;1;1;1;3.0;6;236;;M;4473500.0;-119600.0;330
2172;201300002404;13;3;28;1745;1;1;1;1.0;1;449;;M;0.0;0.0;330
2173;201300002405;13;4;14;1745;1;2;1;1.0;1;449;avenue Descartes;M;0.0;0.0;330
2174;201300002406;13;5;28;1630;1;2;1;1.0;3;449;RUE CLEMENT DESSALLES;M;0.0;0.0;330
2175;201300002407;13;6;2;445;3;1;1;1.0;1;376;;M;0.0;0.0;330
2176;201300002408;13;6;16;1045;1;2;1;1.0;1;449;avenue descartes;M;0.0;0.0;330
2177;201300002409;13;6;24;1530;1;1;3;1.0;3;449;;M;0.0;0.0;330
2178;201300002410;13;7;5;1030;1;2;1;1.0;1;449;RUE PAUL BERNIARD;M;0.0;0.0;330
2179;201300002411;13;8;14;1315;1;2;1;1.0;3;449;CHEMIN LAFON;M;0.0;0.0;330
2180;201300002412;13;10;9;30;5;2;1;1.0;6;376;;M;0.0;0.0;330
2181;201300002413;13;11;23;1000;1;2;2;1.0;3;449;avenue de capeyron;M;0.0;0.0;330
2182;201300002414;13;6;26;730;1;1;1;1.0;1;47;;M;0.0;0.0;330
2183;201300002415;13;7;8;1530;1;1;1;1.0;5;47;;M;4512700.0;-57900.0;330
2184;201300002416;13;7;19;1230;1;1;1;1.0;5;47;;M;4512700.0;-58200.0;330
2185;201300002417;13;4;1;1600;1;1;1;1.0;1;67;;M;0.0;0.0;330
2186;201300002418;13;5;14;1745;1;1;2;1.0;1;551;;M;4508400.0;-63500.0;330
2187;201300002419;13;10;25;1815;3;1;1;3.0;6;228;;M;0.0;0.0;330
2188;201300002420;13;10;28;1800;3;1;2;2.0;2;530;;M;0.0;0.0;330
2189;201300002422;13;12;12;1215;1;2;1;1.0;6;67;All?es Fran?ois Daleau;M;0.0;0.0;330
2190;201300002423;13;1;8;215;5;2;1;2.0;6;389;30 av de la R?publique;M;0.0;0.0;330
2191;201300002424;13;3;18;1100;1;2;1;1.0;1;389;AVENUE DE LA REPUBLIQUE;M;4529300.0;-60900.0;330
2192;201300002425;13;3;30;1830;1;2;1;1.0;1;389;Rue Antoine Saint Exup?r;M;0.0;0.0;330
2193;201300002426;13;5;13;100;3;1;9;1.0;6;389;;M;4526600.0;-62800.0;330
2194;201300002427;13;5;28;800;1;1;1;1.0;3;380;;M;4529300.0;-56700.0;330
2195;201300002428;13;10;10;1830;1;2;1;1.0;3;267;1 La Cafourche;M;4527400.0;-51600.0;330
2196;201300002429;13;11;21;2115;3;1;1;1.0;6;389;;M;0.0;0.0;330
2197;201300002430;13;2;2;900;1;1;1;9.0;6;473;;M;4513900.0;-48500.0;330
2198;201300002431;13;2;21;1115;1;1;4;1.0;1;126;;M;4511200.0;-46100.0;330
2199;201300002432;13;5;14;2315;3;1;1;2.0;6;439;;M;4511300.0;-39600.0;330
2200;201300002433;13;5;26;1545;1;1;1;1.0;6;439;;M;4513900.0;-42300.0;330
2201;201300002434;13;6;27;1930;1;1;1;1.0;6;114;;M;4509600.0;-39900.0;330
2202;201300002435;13;7;12;1630;1;1;1;1.0;1;382;;M;4515100.0;-47800.0;330
2203;201300002436;13;8;1;630;2;1;1;1.0;7;233;;M;4515000.0;-35700.0;330