;Num_Acc;an;mois;jour;hrmn;lum;agg;int;atm;col;com;adr;gps;lat;long;dep
2204;201300002437;13;8;12;1845;1;1;1;1.0;7;473;;M;4509500.0;-39800.0;330
2205;201300002438;13;8;26;1515;1;1;1;1.0;1;439;;M;4511900.0;-41600.0;330
2206;201300002439;13;9;4;1400;1;1;1;1.0;6;151;;M;4525600.0;-48400.0;330
2207;201300002440;13;9;18;1630;1;1;1;1.0;6;473;;M;0.0;0.0;330
2208;201300002441;13;9;27;1645;1;1;1;1.0;3;126;;M;4511700.0;-46000.0;330
2209;201300002442;13;10;3;1845;1;1;2;1.0;3;492;;M;4514300.0;-42700.0;330
2210;201300002443;13;10;28;2045;3;1;1;1.0;6;151;;M;4521400.0;-41800.0;330
2211;201300002444;13;10;16;1030;1;1;1;1.0;3;473;;M;4516300.0;-44900.0;330
2212;201300002445;13;11;21;1815;5;2;1;2.0;6;114;CD249;M;4509800.0;-39100.0;330
2213;201300002446;13;12;20;1500;1;1;1;1.0;6;123;;M;0.0;0.0;330
2214;201300002447;13;1;11;645;5;1;1;8.0;2;433;;M;0.0;0.0;330
2215;201300002448;13;6;19;1245;1;1;1;1.0;1;3;;M;0.0;0.0;330
2216;201300002449;13;10;23;2000;3;1;1;8.0;6;4;;M;0.0;0.0;330
2217;201300002450;13;3;24;215;3;1;1;1.0;2;293;;M;0.0;0.0;330
2218;201300002451;13;9;4;730;1;2;3;1.0;3;554;AV DES TABERNOTTES D115;M;0.0;0.0;330
2219;201300002452;13;9;24;745;1;2;1;1.0;3;483;43 route de Cameyrac;M;0.0;0.0;330
2220;201300002453;13;10;11;2000;3;1;6;1.0;3;397;;M;0.0;0.0;330
2221;201300002454;13;10;20;1130;1;2;1;1.0;6;397;;M;0.0;0.0;330
2222;201300002455;13;2;20;1345;1;2;1;1.0;3;454;lieu dit La Cassagne;M;0.0;0.0;330
2223;201300002456;13;3;31;1445;1;1;1;1.0;6;109;;M;4469700.0;-45200.0;330
2224;201300002457;13;4;19;1600;1;1;1;1.0;6;37;;M;4470100.0;-46200.0;330
2225;201300002458;13;5;29;1545;1;1;1;8.0;6;109;;M;4464700.0;-52600.0;330
2226;201300002459;13;7;2;600;2;2;1;1.0;6;474;27 ROUTE DES GRAVES;M;4469100.0;-48200.0;330
2227;201300002460;13;9;9;1815;1;1;1;1.0;1;213;;M;0.0;0.0;330
2228;201300002461;13;3;8;230;5;2;1;3.0;3;505;46 RUE ST JEAN;M;0.0;0.0;330
2229;201300002462;13;4;24;815;1;2;1;7.0;6;140;AVENUE SUZANNE SALVET;M;0.0;0.0;330
2230;201300002463;13;7;31;915;1;2;1;1.0;1;311;CD10 route de cadillac;M;0.0;0.0;330
2231;201300002464;13;8;20;2200;5;2;1;1.0;3;83;12 route de bergerac;M;0.0;0.0;330
2232;201300002466;13;2;9;645;1;1;1;9.0;6;496;;M;0.0;0.0;330
2233;201300002467;13;10;25;330;5;2;1;1.0;6;330;05, chemin de Bellevue;M;0.0;0.0;330
2234;201300002468;13;11;7;2100;5;2;1;8.0;6;535;1 chemin de petrus;M;0.0;0.0;330
2235;201300002469;13;11;17;330;5;2;6;1.0;6;535;Av Branne Rd Pt M?lac;M;0.0;0.0;330
2236;201300002471;13;12;8;515;3;1;1;1.0;1;80;;M;0.0;0.0;330
2237;201300002472;13;12;15;845;1;2;1;7.0;2;80;Avenue de TOULOUSE;M;0.0;0.0;330
2238;201300002473;13;1;25;1700;1;1;1;1.0;2;343;;M;0.0;0.0;330
2239;201300002474;13;1;27;1245;1;1;1;2.0;3;98;;M;0.0;0.0;330
2240;201300002475;13;2;17;215;5;2;1;1.0;6;334;40 route des Graves;M;0.0;0.0;330
2241;201300002476;13;4;27;215;5;2;1;1.0;6;81;ROUTE DE BRANNE;M;0.0;0.0;330
2242;201300002477;13;6;3;630;1;1;2;1.0;3;334;;M;0.0;0.0;330
2243;201300002478;13;7;11;2245;3;1;1;1.0;1;30;;M;0.0;0.0;330
2244;201300002479;13;7;23;345;3;1;1;1.0;6;30;;M;0.0;0.0;330
2245;201300002481;13;12;21;900;1;2;1;8.0;6;81;30 route de branne;M;4463800.0;-30800.0;330
2246;201300002482;13;1;25;1130;1;1;1;1.0;1;415;;M;0.0;0.0;330
2247;201300002484;13;4;29;1430;1;1;1;1.0;7;143;;M;0.0;0.0;330
2248;201300002485;13;7;26;1830;1;2;1;1.0;3;366;rue dantagnan;M;0.0;0.0;330
2249;201300002486;13;7;24;800;1;2;1;1.0;3;366;route du Bouilh;M;0.0;0.0;330
2250;201300002487;13;8;6;1300;1;1;1;1.0;1;425;;M;0.0;0.0;330
2251;201300002488;13;8;9;1930;1;2;1;1.0;7;366;;M;0.0;0.0;330
2252;201300002491;13;1;26;1915;5;2;1;1.0;6;504;Le bourg;M;0.0;0.0;330
2253;201300002492;13;2;25;1015;1;2;1;8.0;6;227;rue Dotezac;M;0.0;0.0;330
2254;201300002493;13;4;19;1715;1;1;1;1.0;6;164;;M;0.0;0.0;330
2255;201300002494;13;4;26;1845;1;1;1;2.0;1;323;;M;0.0;0.0;330
2256;201300002495;13;5;4;1830;1;1;1;1.0;6;130;;M;0.0;0.0;330
2257;201300002497;13;6;16;1115;5;2;2;1.0;3;357;le bourg;M;4450300.0;-28200.0;330
2258;201300002499;13;7;24;1045;1;2;1;1.0;7;227;D125e3, av L?o Lagrange;M;4454200.0;-26900.0;330
2259;201300002501;13;2;14;1145;1;2;1;1.0;1;36;8 AV. DE LA REPUBLIQUE;M;4443700.0;-21200.0;330
2260;201300002502;13;7;5;1215;1;2;1;1.0;6;511;RD 10 - Lieu-dit Mitton;M;0.0;0.0;330
2261;201300002503;13;8;5;1800;1;1;2;1.0;3;391;;M;0.0;0.0;330
2262;201300002504;13;12;4;1800;2;1;1;1.0;3;271;;M;4439400.0;-9500.0;330
2263;201300002505;13;12;11;730;2;1;1;9.0;1;271;;M;4439400.0;-9700.0;330
2264;201300002506;13;1;17;815;1;1;1;1.0;1;158;;M;0.0;0.0;330
2265;201300002507;13;2;15;1830;2;2;1;1.0;1;352;Esplanade des quais -;M;0.0;0.0;330
2266;201300002508;13;2;22;845;1;1;1;1.0;2;352;;M;0.0;0.0;330
2267;201300002509;13;4;19;1400;1;1;1;1.0;2;287;;M;0.0;0.0;330
2268;201300002510;13;6;7;2045;1;1;1;1.0;6;346;;M;0.0;0.0;330
2269;201300002511;13;9;21;1215;1;1;2;1.0;3;72;;M;0.0;0.0;330
2270;201300002512;13;1;25;730;1;1;1;9.0;1;523;;M;0.0;0.0;330
2271;201300002513;13;4;17;2000;1;1;1;1.0;1;515;;M;4470700.0;-26700.0;330
2272;201300002514;13;6;6;2330;3;1;2;1.0;1;523;;M;0.0;0.0;330
2273;201300002515;13;6;6;845;1;1;2;1.0;1;44;;M;0.0;0.0;330
2274;201300002516;13;7;10;1400;1;1;1;1.0;6;506;;M;4471700.0;-9800.0;330
2275;201300002517;13;7;18;545;2;1;2;1.0;1;278;;M;0.0;0.0;330
2276;201300002518;13;8;4;1900;1;1;1;1.0;6;515;;M;0.0;0.0;330
2277;201300002519;13;8;7;1200;1;1;1;1.0;3;523;;M;0.0;0.0;330
2278;201300002520;13;8;20;900;2;1;1;1.0;7;523;;M;0.0;0.0;330
2279;201300002521;13;8;20;845;1;1;1;1.0;7;57;;M;0.0;0.0;330
2280;201300002522;13;9;1;330;5;2;1;1.0;6;299;LIEU DIT LE COSSE;M;0.0;0.0;330
2281;201300002523;13;9;20;1930;1;1;1;1.0;7;515;;M;0.0;0.0;330
2282;201300002524;13;10;12;1130;1;1;1;8.0;7;482;;M;0.0;0.0;330
2283;201300002525;13;1;31;745;5;2;6;9.0;1;240;RD 1215;M;4530700.0;-93500.0;330
2284;201300002526;13;4;19;1645;1;1;1;1.0;7;476;;M;0.0;0.0;330
2285;201300002527;13;8;16;1900;1;1;1;1.0;3;300;;M;0.0;0.0;330
2286;201300002528;13;8;21;2045;2;2;1;1.0;6;240;23 Rue Pasteur;M;0.0;0.0;330
2287;201300002529;13;8;30;1600;1;1;1;1.0;6;300;;M;0.0;0.0;330
2288;201300002530;13;9;1;145;5;2;1;1.0;6;240;42 COURS VICTOR HUGO;M;4530800.0;-92700.0;330
2289;201300002531;13;10;30;1645;1;1;1;1.0;1;177;;M;4534200.0;-97700.0;330
2290;201300002532;13;11;2;700;2;1;1;1.0;6;177;;M;0.0;0.0;330
2291;201300002533;13;12;7;1715;2;1;1;1.0;7;240;;M;0.0;0.0;330
2292;201300002534;13;2;8;1000;1;1;2;2.0;1;22;;M;0.0;0.0;330
2293;201300002536;13;7;27;515;3;1;1;1.0;6;22;;M;0.0;0.0;330
2294;201300002537;13;8;27;830;1;1;1;1.0;3;220;;M;4509900.0;-72500.0;330
2295;201300002538;13;9;24;900;1;1;1;1.0;3;248;;M;0.0;0.0;330
2296;201300002539;13;10;6;1215;1;1;2;1.0;1;220;;M;4509300.0;-72600.0;330
2297;201300002540;13;11;5;1330;1;1;1;3.0;7;248;;M;4504700.0;-89800.0;330
2298;201300002541;13;12;1;1515;1;1;1;1.0;1;104;;M;0.0;0.0;330
2299;201300002542;13;3;12;745;1;1;1;2.0;5;322;;M;0.0;0.0;330
2300;201300002543;13;4;20;745;1;1;1;1.0;1;322;;M;0.0;0.0;330
2301;201300002544;13;5;6;2115;2;1;1;1.0;3;322;;M;0.0;0.0;330
2302;201300002545;13;7;9;230;5;2;1;1.0;1;262;av de la lib?ration;M;0.0;0.0;330
2303;201300002546;13;7;15;1000;1;1;2;1.0;3;12;;M;0.0;0.0;330
2304;201300002549;13;12;27;545;5;1;1;1.0;6;256;;M;0.0;0.0;330
2305;201300002550;13;11;13;1845;3;1;1;1.0;1;424;;M;4510500.0;-89600.0;330
2306;201300002551;13;12;2;1915;3;1;6;1.0;7;125;;M;4522000.0;-87000.0;330
2307;201300002552;13;12;10;1630;1;1;1;1.0;1;395;;M;0.0;0.0;330
2308;201300002553;13;3;8;45;5;2;1;1.0;7;514;ROUTE DES LAC D101;M;0.0;0.0;330
2309;201300002554;13;5;26;1500;1;1;1;1.0;1;541;;M;4539600.0;-115800.0;330
2310;201300002555;13;6;29;1845;1;1;1;1.0;1;540;;M;4537400.0;-109700.0;330
2311;201300002556;13;8;27;1445;1;1;1;1.0;6;514;;M;0.0;0.0;330
2312;201300002558;13;10;7;915;1;1;1;1.0;3;490;;M;0.0;0.0;330
2313;201300002559;13;12;19;1245;1;1;1;1.0;1;514;;M;0.0;0.0;330
2314;201300002560;13;1;20;2045;3;1;1;2.0;2;15;;M;4490700.0;-26500.0;330
2315;201300002562;13;2;4;2045;5;1;1;2.0;1;539;;M;0.0;0.0;330
2316;201300002564;13;7;9;900;1;1;6;1.0;3;539;;M;4488700.0;-31100.0;330
2317;201300002565;13;7;14;45;3;2;5;1.0;3;243;Carrefour Chais Fonneuve;M;0.0;0.0;330
2318;201300002566;13;7;22;300;3;1;1;1.0;2;222;;M;4500200.0;-12100.0;330
2319;201300002567;13;9;1;1445;1;1;1;1.0;6;243;;M;0.0;0.0;330
2320;201300002569;13;10;28;745;2;1;1;7.0;4;243;;M;4488400.0;-29800.0;330
2321;201300002570;13;2;10;900;1;1;1;8.0;6;64;;M;0.0;0.0;330
2322;201300002571;13;2;14;1200;1;1;1;1.0;7;148;;M;0.0;0.0;330
2323;201300002572;13;6;1;2000;1;1;1;1.0;3;531;;M;4482700.0;-24400.0;330
2324;201300002573;13;6;12;1815;1;2;1;1.0;2;466;CD 936;M;4482800.0;-30000.0;330
2325;201300002574;13;6;15;2030;1;1;1;1.0;6;303;;M;4484100.0;-30400.0;330
2326;201300002577;13;9;25;1830;1;1;1;1.0;1;157;;M;4479300.0;-26000.0;330
2327;201300002578;13;2;15;1700;1;1;1;1.0;6;394;;M;0.0;0.0;330
2328;201300002579;13;4;24;1530;1;1;1;1.0;1;499;;M;0.0;0.0;330
2329;201300002580;13;4;26;745;1;1;4;1.0;3;296;;M;0.0;0.0;330
2330;201300002581;13;7;5;1900;1;1;1;1.0;1;394;;M;0.0;0.0;330
2331;201300002582;13;8;17;2000;1;1;1;1.0;6;437;;M;0.0;0.0;330
2332;201300002583;13;1;1;1845;3;1;2;1.0;1;1;;M;4499000.0;12300.0;330
2333;201300002584;13;1;12;2300;3;1;1;1.0;6;315;;M;0.0;0.0;330
2334;201300002585;13;2;14;1730;1;2;1;1.0;3;138;AVENUE JUSTIN LUQUOT;M;0.0;0.0;330
2335;201300002586;13;7;29;500;3;1;1;1.0;6;154;;M;0.0;0.0;330
2336;201300002587;13;3;9;130;3;1;1;1.0;1;154;;M;0.0;0.0;330
2337;201300002589;13;9;2;1615;1;2;1;1.0;3;138;rue des cordonniers;M;0.0;0.0;330
2338;201300002591;13;6;15;2015;1;1;1;1.0;1;1;;M;0.0;0.0;330
2339;201300002592;13;12;5;1745;5;2;3;5.0;4;138;RUE HENRI DUNAND;M;0.0;0.0;330
2340;201300002593;13;1;11;900;1;1;1;7.0;1;393;;M;0.0;0.0;330
2341;201300002594;13;2;8;45;3;1;1;3.0;7;393;;M;4498600.0;-13700.0;330
2342;201300002595;13;2;22;1615;1;1;3;1.0;3;393;;M;4497100.0;-21000.0;330
2343;201300002596;13;4;6;2200;3;1;1;1.0;6;62;;M;4500800.0;-21900.0;330
2344;201300002597;13;10;12;1815;1;2;3;1.0;6;393;route de paris;M;0.0;0.0;330
2345;201300002598;13;6;2;15;3;1;1;1.0;1;393;;M;4497400.0;-15000.0;330
2346;201300002599;13;7;26;800;2;1;1;1.0;6;393;;M;0.0;0.0;330
2347;201300002600;13;8;2;2300;3;1;1;2.0;7;445;;M;0.0;0.0;330
2348;201300002601;13;9;14;2330;5;1;1;1.0;3;393;;M;0.0;0.0;330
2349;201300002602;13;10;3;1745;1;1;2;1.0;3;393;;M;0.0;0.0;330
2350;201300002603;13;11;27;830;1;1;1;1.0;3;362;;M;0.0;0.0;330
2351;201300002605;13;4;27;1400;1;2;1;1.0;6;402;11 RUE VICTOR HUGO;M;0.0;0.0;330
2352;201300002606;13;7;14;1745;1;1;1;1.0;6;160;;M;0.0;0.0;330
2353;201300002607;13;2;8;1630;1;2;6;1.0;6;179;avenue Fernand PILLOT;M;0.0;0.0;330
2354;201300002609;13;2;28;715;1;2;1;1.0;1;259;Avenue Jean Jaur?s;M;0.0;0.0;330
2355;201300002610;13;5;18;2015;2;1;1;2.0;1;542;;M;0.0;0.0;330
2356;201300002611;13;5;29;800;1;2;2;3.0;3;174;rue du g?n?ral de Gaulle;M;0.0;0.0;330
2357;201300002612;13;10;5;2130;2;1;1;1.0;6;414;;M;0.0;0.0;330
2358;201300002613;13;12;22;1345;1;1;1;2.0;1;82;;M;0.0;0.0;330
2359;201300002614;13;1;4;2200;5;2;6;8.0;2;115;;M;4524330.0;68736.0;240
2360;201300002615;13;1;25;745;2;1;1;1.0;1;115;ROUTE DE PREYSSAC;M;4525220.0;69077.0;240
2361;201300002617;13;5;17;2045;2;1;1;2.0;5;156;LE MERLE;M;4505585.0;85883.0;240
2362;201300002618;13;6;19;730;1;1;1;2.0;3;208;ROUGEAUD;M;4504074.0;64846.0;240
2363;201300002619;13;7;9;1830;1;1;1;1.0;3;146;POMMIER;M;4505890.0;67804.0;240
2364;201300002620;13;7;7;1415;1;1;1;1.0;1;208;BORDAS;M;4504380.0;65221.0;240
2365;201300002621;13;8;2;1615;1;2;1;1.0;3;156;LE BOURG;M;4505990.0;86090.0;240
2366;201300002622;13;8;24;945;1;1;1;3.0;5;208;;M;4503910.0;64493.0;240
2367;201300002623;13;9;23;1945;2;1;1;1.0;3;459;;M;4499780.0;66632.0;240
2368;201300002624;13;10;4;1915;2;1;1;2.0;6;208;;M;4504300.0;65221.0;240
2369;201300002625;13;10;12;1430;1;1;1;2.0;7;484;LES TAUPINIES;M;4509590.0;84152.0;240
2370;201300002626;13;1;23;1700;2;1;1;8.0;6;10;LA CH?TAIGNERAIE;M;4516870.0;61194.0;240
2371;201300002627;13;2;11;1745;2;1;1;3.0;1;266;ROUTE DE RIB?RAC;M;4522560.0;55930.0;240
2372;201300002628;13;5;9;1615;1;1;1;3.0;3;552;ROUTE DU MOULIN;M;4512770.0;63365.0;240
2373;201300002629;13;5;26;1100;1;2;3;1.0;1;266;LA CROIX BLANCHE;M;4522130.0;55363.0;240
2374;201300002630;13;10;8;1800;1;1;1;1.0;2;372;LA BASSE VAURE;M;4513150.0;50739.0;240
2375;201300002632;13;4;2;2045;3;1;1;1.0;6;302;;M;4521161.0;115700.0;240
2376;201300002633;13;5;8;1130;1;1;1;1.0;3;540;;M;4527510.0;86155.0;240
2377;201300002634;13;8;28;1630;1;1;1;1.0;6;401;LES BIARDONNAS;M;4523740.0;103106.0;240
2378;201300002635;13;4;14;645;1;1;1;1.0;6;340;PEYMILOU;M;4488540.0;40978.0;240
2379;201300002636;13;6;22;1700;1;1;1;1.0;1;182;LE MAINE;M;4487690.0;24017.0;240
2380;201300002637;13;8;1;100;3;1;1;1.0;6;234;LA FOUILLOUSE;M;4499140.0;36632.0;240
2381;201300002638;13;11;11;1730;2;1;1;1.0;6;420;LE BREUIL;M;4499948.0;33141.0;240
2382;201300002639;13;8;21;230;5;1;1;1.0;6;28;;M;4476404.0;76909.0;240
2383;201300002640;13;9;1;800;2;1;1;1.0;6;273;MARS;M;4479550.0;81752.0;240
2384;201300002641;13;9;5;1030;1;2;2;1.0;3;142;CD29 ET CD51E;M;4485210.0;91063.0;240
2385;201300002642;13;8;18;930;1;1;1;1.0;6;228;LA ROUGETTE;M;4482530.0;68140.0;240
2386;201300002643;13;8;23;1015;1;1;1;1.0;6;407;LA REYNIE;M;4493030.0;76516.0;240
2387;201300002645;13;6;17;1730;1;1;1;3.0;6;274;;M;4480112.0;45451.0;240
2388;201300002646;13;7;7;230;3;1;1;1.0;6;349;LE GALATEAU;M;4480670.0;27859.0;240
2389;201300002647;13;8;18;1045;1;1;1;1.0;5;168;FONTENELLE;M;4470200.0;56135.0;240
2390;201300002648;13;8;29;1715;1;1;2;1.0;3;168;;M;4469664.0;56616.0;240
2391;201300002649;13;9;26;1515;1;1;1;1.0;1;385;LES DUCOTTES;M;4475059.0;61258.0;240
2392;201300002650;13;9;27;1715;1;1;1;1.0;1;274;poulevere;M;4480423.0;49429.0;240
2393;201300002651;13;6;26;1145;1;1;1;1.0;6;189;;M;4484980.0;18635.0;240
2394;201300002652;13;7;14;1745;1;1;3;1.0;3;272;TROMPETTE;M;4492470.0;3958.0;240
2395;201300002653;13;8;25;745;1;1;1;1.0;1;584;LE PONT LA PEYRE;M;4494320.0;5132.0;240
2396;201300002654;13;9;27;2200;5;1;1;1.0;6;272;ROUTE DE VILLEFRANCHE;M;4498980.0;4041.0;240
2397;201300002655;13;9;26;1030;1;1;3;1.0;3;501;;M;4483780.0;4715.0;240
2398;201300002657;13;5;6;800;1;1;9;1.0;3;26;NEUIL;M;4549640.0;72183.0;240
2399;201300002658;13;7;21;1715;1;1;1;7.0;6;565;ROUTE DU GRAND MOULIN;M;4559300.0;52388.0;240
2400;201300002659;13;11;10;200;3;1;1;3.0;6;1;LA BROUSSE;M;4557208.0;74542.0;240
2401;201300002660;13;11;25;1700;2;1;1;1.0;6;398;BOIS DE PUYROCHER;M;4563942.0;66262.0;240
2402;201300002661;13;12;8;515;3;1;1;1.0;6;451;;M;4550406.0;63286.0;240
2403;201300002662;13;1;13;115;3;1;1;8.0;6;304;L'HOMME MORT;M;4544080.0;93422.0;240
2404;201300002663;13;1;18;1730;3;1;1;9.0;3;551;L'HOMME MORT;M;4543460.0;93199.0;240
2405;201300002664;13;2;19;1245;1;1;1;1.0;1;304;;M;4539843.0;94667.0;240
2406;201300002665;13;5;22;1245;1;1;1;1.0;1;134;BAZOLS;M;4539310.0;94044.0;240
2407;201300002666;13;6;30;1845;1;2;1;1.0;6;551;RUE JULES THEULIER;M;4541430.0;92061.0;240
2408;201300002667;13;7;25;1900;1;2;1;1.0;1;218;LA PERDICIE;M;4549800.0;107494.0;240
2409;201300002668;13;8;14;1130;1;1;1;1.0;6;180;LE RATY;M;4557320.0;97219.0;240
2410;201300002669;13;10;10;1700;1;1;1;7.0;1;8;LA VEYSSIÈRE;M;4546155.0;115543.0;240
2411;201300002671;13;1;23;1700;1;1;1;2.0;6;57;FONTEILLAC;M;4533387.0;43059.0;240
2412;201300002672;13;4;19;1700;1;1;2;1.0;3;564;;M;4522800.0;29000.0;240
2413;201300002673;13;5;3;1215;1;1;3;1.0;3;270;LA SERVE;M;4524720.0;45945.0;240
2414;201300002674;13;7;9;1145;1;1;2;1.0;3;199;;M;4541590.0;39160.0;240
2415;201300002675;13;8;7;1645;1;1;1;2.0;6;154;;M;4521375.0;44161.0;240
2416;201300002676;13;8;20;115;3;2;1;1.0;3;573;Avenue d'Aquitaine;M;4535082.0;36548.0;240
2417;201300002677;13;9;25;1000;1;1;3;1.0;1;93;;M;4536400.0;48600.0;240
2418;201300002678;13;9;26;215;3;1;1;8.0;6;200;CANDULOU;M;4530229.0;49961.0;240
2419;201300002679;13;9;29;1715;1;1;1;8.0;7;434;;M;4532723.0;49734.0;240
2420;201300002680;13;11;14;1430;1;1;2;1.0;3;199;;M;4541600.0;39200.0;240
2421;201300002681;13;12;10;930;1;1;1;9.0;6;286;PUY DE LA GRANGE;M;4529220.0;48415.0;240
2422;201300002683;13;8;8;1845;1;2;1;1.0;5;294;D 6089, RTE DE BORDEAUX;M;4500800.0;14684.0;240
2423;201300002684;13;9;3;2030;1;1;2;1.0;3;264;LA CROIX DE PIERRE;M;4501310.0;11686.0;240
2424;201300002685;13;9;15;630;2;1;1;2.0;1;294;LES DUCHES;M;4502860.0;10645.0;240
2425;201300002686;13;11;3;115;3;1;1;2.0;6;104;;M;4515850.0;39747.0;240
2426;201300002687;13;11;29;1015;1;1;1;7.0;3;299;LA FREUNIE;M;4502560.0;37423.0;240
2427;201300002688;13;10;6;1945;1;2;1;1.0;6;354;lotissement les acacias;M;4514880.0;151.0;240
2428;201300002689;13;2;24;400;1;1;1;1.0;6;392;LE POUJOL;M;4496759.0;127784.0;240
2429;201300002690;13;2;28;1645;1;1;1;1.0;3;520;AVENUE KAUFFMANN;M;4490510.0;118951.0;240
2430;201300002691;13;5;10;1715;1;1;1;1.0;4;82;LE PECH DE LAZE;M;4485900.0;125144.0;240
2431;201300002692;13;6;17;1115;1;1;1;1.0;7;355;GAILLARDOU;M;4482319.0;121349.0;240
2432;201300002693;13;7;6;2115;1;2;1;1.0;3;520;AVENUE DE SELVES;M;4489540.0;121416.0;240
2433;201300002694;13;7;22;1830;1;2;1;1.0;5;520;RUE DE L'ABB? BREUIL;M;4490070.0;121115.0;240
2434;201300002695;13;8;16;45;3;1;1;1.0;7;392;LE POUJOL;M;4496730.0;127763.0;240
2435;201300002696;13;9;1;1830;1;2;1;1.0;7;520;BOULEVARD NESSMANN;;;;240
2436;201300002697;13;12;5;1515;1;1;1;5.0;6;341;LE VERIL;M;4493400.0;127800.0;240
2437;201300002698;13;1;9;1600;1;2;3;1.0;3;130;RUE LACOMBE LAGARDE;M;4512780.0;121771.0;240
2438;201300002699;13;4;12;1600;1;2;1;1.0;6;450;LE BOURG;M;4474629.0;125495.0;240
2439;201300002700;13;5;6;1615;1;1;1;1.0;6;74;FONGALOP;M;4472610.0;96069.0;240
2440;201300002702;13;11;5;1430;1;1;1;3.0;3;142;LE BOURG;M;4481950.0;99235.0;240
2441;201300002703;13;12;10;2245;3;1;1;4.0;6;263;LES MAZADES;M;4467513.0;99446.0;240
2442;201300002704;13;12;31;1900;3;1;3;1.0;1;404;;M;4503620.0;89712.0;240
2443;201300002705;13;5;20;1515;1;1;1;1.0;1;510;;M;4483603.0;111003.0;240
2444;201300002707;13;5;25;2245;3;1;1;1.0;6;254;;M;4583600.0;101899.0;240
2445;201300002708;13;6;15;2015;1;1;1;1.0;7;142;BOURG NORD;M;4484041.0;97626.0;240
2446;201300002709;13;10;14;1230;1;2;9;8.0;1;326;LE BOURG;M;4499430.0;105910.0;240
2447;201300002710;13;10;31;1230;1;1;3;1.0;1;76;LE MOULIN DE PORTEIL;M;4490380.0;96290.0;240
2448;201300002711;13;11;28;1715;2;1;1;1.0;3;67;ROUTE DE CAMPAGNE;M;4490490.0;95276.0;240
2449;201300002713;13;9;20;1600;1;2;1;1.0;6;291;Quai Merilhou;M;4506570.0;116173.0;240
2450;201300002714;13;9;9;1700;1;1;1;1.0;1;292;;M;4361518.0;-132189.0;400
2451;201300002715;13;10;6;1915;2;1;1;1.0;6;44;;M;4355417.0;-129652.0;400
2452;201300002716;13;11;11;1715;2;1;1;8.0;6;266;;M;4407914.0;-124651.0;400
2453;201300002717;13;12;21;1845;3;1;1;1.0;1;261;;M;4367895.0;-125277.0;400
2454;201300002719;13;3;4;1615;1;1;1;1.0;7;111;;M;4398192.0;-65824.0;400
2455;201300002720;13;5;18;1845;1;2;1;3.0;6;274;D 38;M;4393330.0;-65686.0;400
2456;201300002721;13;6;1;1615;1;1;6;1.0;7;250;;M;4391715.0;-45217.0;400
2457;201300002722;13;7;31;900;1;1;2;1.0;1;250;;M;4393580.0;-41868.0;400
2458;201300002723;13;8;6;1415;1;1;1;1.0;2;250;;M;4393395.0;-42195.0;400
2459;201300002724;13;8;11;1115;1;2;1;1.0;6;274;D38;M;4392656.0;-63696.0;400
2460;201300002725;13;11;25;1615;1;1;1;8.0;6;14;;M;4404846.0;-36848.0;400
2461;201300002727;13;12;16;515;3;1;1;8.0;5;250;;M;4393454.0;-42093.0;400
2462;201300002728;13;12;29;1730;1;1;1;2.0;7;58;;M;4405636.0;-38811.0;400
2463;201300002729;13;9;29;1230;1;1;1;8.0;3;96;;M;4424429.0;-12302.0;400
2464;201300002730;13;1;18;730;3;1;8;2.0;3;151;;M;0.0;0.0;400
2465;201300002731;13;3;18;930;1;1;1;4.0;3;18;;M;4381101.0;-82292.0;400
2466;201300002732;13;4;17;1920;1;1;1;1.0;6;66;;M;4384408.0;-78245.0;400
2467;201300002733;13;7;6;730;3;1;1;5.0;6;230;;M;4380003.0;-92017.0;400
2468;201300002734;13;8;14;1830;1;1;1;1.0;3;309;;M;4380328.0;-76144.0;400
2469;201300002736;13;1;10;1300;1;1;3;1.0;3;283;;M;4375189.0;-100794.0;400
2470;201300002737;13;9;26;2215;3;1;1;1.0;7;283;;M;4380463.0;-100127.0;400
2471;201300002738;13;10;23;1155;1;1;1;1.0;1;123;;M;4379609.0;-112545.0;400
2472;201300002739;13;12;2;1830;5;2;3;1.0;3;202;CD 947 route des Pyrenee;M;4369847.0;-102373.0;400
2473;201300002740;13;12;5;700;2;1;1;1.0;6;179;;M;4371804.0;-113095.0;400
2474;201300002741;13;1;7;810;2;2;6;8.0;6;65;;M;4364359.0;-142639.0;400
2475;201300002742;13;1;29;1600;1;1;1;1.0;3;296;;M;4370984.0;-141903.0;400
2476;201300002743;13;5;5;340;3;1;1;1.0;1;296;;M;4373558.0;-141202.0;400
2477;201300002744;13;6;23;400;3;2;1;2.0;6;304;;M;4366642.0;-140731.0;400
2478;201300002745;13;6;22;1815;1;2;1;1.0;2;133;;M;4359172.0;-142674.0;400
2479;201300002746;13;8;9;1415;1;2;1;1.0;1;304;avenue de Bordeaux;M;4366463.0;-139794.0;400
2480;201300002747;13;8;17;1900;1;1;1;1.0;1;304;;M;4367371.0;-138844.0;400
2481;201300002748;13;9;17;2100;5;2;1;2.0;1;65;avenue du Mal LECLERC;M;4365040.0;-143086.0;400
2482;201300002749;13;10;25;1945;5;2;1;1.0;1;304;Avenue du Touring Club;M;4366746.0;-142658.0;400
2483;201300002750;13;11;13;815;2;2;6;5.0;3;296;rue Pierre de Coubertin;M;4368852.0;-137228.0;400
2484;201300002752;13;3;25;800;1;1;1;8.0;3;154;;M;4401220.0;-116921.0;400