;Num_Acc;an;mois;jour;hrmn;lum;agg;int;atm;col;com;adr;gps;lat;long;dep
2485;201300002753;13;5;27;1400;1;1;1;1.0;7;266;;M;4408336.0;-128625.0;400
2486;201300002754;13;6;14;100;3;1;1;2.0;7;266;;M;4408711.0;-120541.0;400
2487;201300002755;13;11;17;1915;3;1;1;8.0;7;75;;M;4387892.0;-111403.0;400
2488;201300002756;13;1;8;1920;1;1;9;8.0;5;84;;M;4365296.0;-92930.0;400
2489;201300002757;13;1;8;1905;3;1;3;1.0;3;177;;M;4370338.0;-67897.0;400
2490;201300002758;13;1;12;1845;3;1;1;3.0;5;2;;M;4359889.0;-76542.0;400
2491;201300002759;13;6;11;2015;1;1;1;1.0;1;47;;M;4355390.0;-71790.0;400
2492;201300002760;13;7;29;1615;1;1;1;1.0;1;78;;M;4368309.0;-74127.0;400
2493;201300002761;13;8;10;1045;1;2;1;1.0;3;2;Route de France;M;4359737.0;-73167.0;400
2494;201300002762;13;3;12;1300;1;2;3;1.0;3;224;allee rene tachoires;M;4354566.0;-108954.0;400
2495;201300002763;13;3;16;1630;1;1;1;1.0;6;59;;M;4360851.0;-105864.0;400
2496;201300002764;13;4;23;1210;1;1;1;1.0;2;118;;M;4354029.0;-93939.0;400
2497;201300002765;13;5;11;1515;1;2;4;1.0;3;183;place de l'eglise;M;4364821.0;-97357.0;400
2498;201300002766;13;7;28;745;1;1;1;1.0;1;132;;M;4354820.0;-101867.0;400
2499;201300002767;13;9;2;1330;1;1;1;1.0;1;132;;M;4355512.0;-99024.0;400
2500;201300002768;13;9;15;1040;1;1;1;1.0;1;77;;M;4354476.0;-107921.0;400
2501;201300002769;13;10;12;2035;5;2;1;1.0;1;233;;M;4360767.0;-101169.0;400
2502;201300002770;13;11;15;730;2;1;1;8.0;6;212;;M;4355064.0;-115189.0;400
2503;201300002771;13;12;12;1300;1;1;1;1.0;6;212;;M;4355801.0;-114765.0;400
2504;201300002772;13;1;6;1645;1;1;1;8.0;1;264;;M;4363005.0;-125679.0;400
2505;201300002773;13;1;26;1715;1;2;6;1.0;1;284;1500 route de bordeaux;M;4366812.0;-128279.0;400
2506;201300002774;13;2;7;1330;1;1;1;1.0;3;291;;M;4366878.0;-133082.0;400
2507;201300002775;13;3;5;2250;3;1;1;1.0;6;129;;M;4363108.0;-122858.0;400
2508;201300002776;13;5;30;800;1;1;1;3.0;1;310;;M;4373237.0;-134173.0;400
2509;201300002777;13;5;31;200;3;1;1;8.0;6;21;;M;4379460.0;-133096.0;400
2510;201300002778;13;8;15;2000;1;1;1;1.0;1;292;;M;4360682.0;-134230.0;400
2511;201300002779;13;9;2;1730;2;2;1;1.0;6;187;;M;4385206.0;-138696.0;400
2512;201300002780;13;9;13;2130;3;1;1;1.0;6;181;;M;4382628.0;-137073.0;400
2513;201300002781;13;9;30;2015;5;2;1;1.0;6;310;place hotel de ville;M;4375572.0;-132733.0;400
2514;201300002782;13;10;15;1845;2;1;1;1.0;3;284;;M;4366739.0;-128553.0;400
2515;201300002784;13;4;28;245;3;1;1;1.0;6;248;;M;4355466.0;-137104.0;400
2516;201300002785;13;5;31;1615;1;2;1;1.0;6;312;boulevard jacques Duclos;M;4352464.0;-146426.0;400
2517;201300002786;13;6;13;2130;1;1;1;1.0;7;273;;M;4353706.0;-142645.0;400
2518;201300002787;13;7;8;1135;1;2;2;1.0;3;312;boulevard Jacques Duclos;M;4354014.0;-146090.0;400
2519;201300002788;13;8;23;1615;1;2;9;1.0;6;312;56 BD jacques DUCLOS;M;4353972.0;-146089.0;400
2520;201300002789;13;8;28;1815;1;1;1;1.0;3;312;;M;4352485.0;-141367.0;400
2521;201300002790;13;8;28;1930;1;2;1;1.0;3;312;Avunue Julian Grimau;M;4354952.0;-148983.0;400
2522;201300002791;13;9;18;1845;1;1;1;2.0;6;209;;M;4354620.0;-144416.0;400
2523;201300002792;13;1;5;1800;5;2;1;8.0;1;217;rue lamartine;M;4435372.0;-107796.0;400
2524;201300002793;13;1;19;1115;1;1;1;2.0;5;217;;M;4436472.0;-110285.0;400
2525;201300002794;13;1;25;1630;1;1;1;1.0;1;46;;M;4441618.0;-118509.0;400
2526;201300002796;13;6;29;1945;1;2;1;2.0;3;46;Boulevard des Sables;M;4444724.0;-125424.0;400
2527;201300002797;13;7;7;200;3;1;1;1.0;6;46;;M;4444961.0;-119508.0;400
2528;201300002798;13;8;21;2245;5;2;1;1.0;3;46;Av du Marechal Lyautey;M;4438732.0;-115505.0;400
2529;201300002799;13;12;21;450;5;2;1;1.0;6;217;Route du Yot;M;4436007.0;-107651.0;400
2530;201300002800;13;4;1;1645;1;1;1;3.0;6;303;;M;4417681.0;-89434.0;400
2531;201300002801;13;5;13;1115;1;1;1;1.0;7;94;;M;4417541.0;-104102.0;400
2532;201300002802;13;6;5;1630;1;1;1;1.0;3;152;;M;4396375.0;-109556.0;400
2533;201300002803;13;7;5;730;1;2;1;7.0;3;9;PK 32+350;M;4401383.0;-86585.0;400
2534;201300002804;13;7;9;1600;1;1;2;1.0;3;303;;M;4414501.0;-89671.0;400
2535;201300002805;13;8;20;1900;1;1;1;1.0;6;9;;M;4401370.0;-86902.0;400
2536;201300002806;13;9;6;1915;1;1;1;1.0;6;134;;M;4421091.0;-84859.0;400
2537;201300002807;13;1;17;800;2;1;1;8.0;1;307;;M;4432782.0;-64816.0;400
2538;201300002808;13;1;19;600;3;1;1;2.0;7;171;;M;4442529.0;-65732.0;400
2539;201300002809;13;1;23;1910;4;1;1;1.0;6;295;;M;4437398.0;-81791.0;400
2540;201300002810;13;4;11;1650;1;1;1;3.0;1;200;;M;4436754.0;-77168.0;400
2541;201300002811;13;4;20;2000;1;1;1;1.0;7;167;;M;4427406.0;-51114.0;400
2542;201300002812;13;8;9;400;4;1;1;1.0;3;246;;M;4411076.0;-70228.0;400
2543;201300002813;13;8;14;2330;3;1;1;1.0;6;167;;M;4425205.0;-50726.0;400
2544;201300002814;13;8;15;440;3;1;1;1.0;2;246;;M;4416955.0;-65063.0;400
2545;201300002815;13;5;18;1345;1;2;1;2.0;6;184;8 rue des Trois Pignes;M;4420974.0;-124289.0;400
2546;201300002816;13;2;2;1800;1;1;1;1.0;6;282;;M;4377620.0;-55676.0;400
2547;201300002817;13;5;12;15;3;1;1;1.0;1;280;;M;4387052.0;-59783.0;400
2548;201300002818;13;7;11;545;2;2;1;1.0;3;119;CD933S ZI MONPLAISIR;M;4364041.0;-61825.0;400
2549;201300002820;13;2;17;1115;1;2;7;1.0;6;117;place des tilleuls;M;4377229.0;-42810.0;400
2550;201300002821;13;4;7;850;1;1;1;1.0;7;97;;M;4369037.0;-38352.0;400
2551;201300002822;13;4;21;1900;1;2;1;1.0;1;117;rue du treize juin 1944;M;4377373.0;-43260.0;400
2552;201300002823;13;5;20;530;2;1;9;1.0;6;55;;M;4383836.0;-47186.0;400
2553;201300002825;13;8;16;2230;3;1;1;1.0;6;1;;M;4368549.0;-27716.0;400
2554;201300002827;13;11;30;1300;1;1;1;1.0;6;1;;M;4371329.0;-24944.0;400
2555;201300002828;13;4;2;730;2;1;1;8.0;4;51;;M;4388524.0;-37235.0;400
2556;201300002829;13;5;10;940;1;2;1;1.0;6;102;;M;4398553.0;941.0;400
2557;201300002830;13;6;16;1755;1;1;2;1.0;3;259;;M;4381315.0;-29654.0;400
2558;201300002832;13;9;14;1600;1;1;1;1.0;3;102;;M;4398883.0;-732.0;400
2559;201300002833;13;9;29;1200;1;2;1;2.0;6;51;;M;4388984.0;-39671.0;400
2560;201300002834;13;1;11;1900;3;1;1;1.0;1;145;LIEU-DIT LAPEYRE;M;4411960.0;65784.0;470
2561;201300002835;13;2;6;1415;1;1;1;4.0;3;137;LIEU-DIT PLEICHAC;M;4415220.0;54255.0;470
2562;201300002836;13;2;17;1415;1;1;6;1.0;6;69;;M;0.0;0.0;470
2563;201300002837;13;2;21;1515;1;2;1;1.0;3;246;RD 813;M;0.0;0.0;470
2564;201300002838;13;3;6;245;3;1;1;2.0;6;246;;M;4423370.0;50331.0;470
2565;201300002839;13;3;18;1145;1;1;1;3.0;3;100;AV DU CAOULET;M;4424960.0;65005.0;470
2566;201300002840;13;3;26;1815;1;1;1;1.0;1;145;LIEU-DIT DEPEAU;M;4413380.0;66841.0;470
2567;201300002841;13;3;30;1330;1;2;1;1.0;7;209;RD 656;M;4422700.0;67266.0;470
2568;201300002842;13;5;26;515;5;2;1;1.0;6;246;CD 813 - LE BOURG;M;4422470.0;51461.0;470
2569;201300002843;13;6;9;1800;1;1;1;1.0;7;169;;M;0.0;0.0;470
2570;201300002844;13;7;1;2200;3;1;3;1.0;7;169;RN 21 / RD 268;M;4415680.0;62588.0;470
2571;201300002845;13;7;22;1815;1;1;1;1.0;1;19;LDT LA TREILLE DE VAL?RI;M;4424720.0;71311.0;470
2572;201300002846;13;7;24;1530;1;1;1;1.0;6;69;ROUTE D'AGEN;M;4421850.0;58680.0;470
2573;201300002848;13;8;18;1015;1;2;1;7.0;7;69;Route du b?dat;M;4422400.0;59200.0;470
2574;201300002849;13;9;1;415;3;1;1;1.0;6;91;;M;4418900.0;57600.0;470
2575;201300002850;13;10;10;1400;1;2;1;1.0;3;15;18 Boulevard des Rondes;M;0.0;0.0;470
2576;201300002851;13;12;26;900;1;1;1;3.0;1;15;;M;4403670.0;66970.0;470
2577;201300002854;13;2;22;1115;1;2;7;1.0;6;248;VC2 (PLACE DE LA MAIRIE);M;4415400.0;74260.0;470
2578;201300002855;13;3;1;1715;1;1;1;1.0;6;51;LDT FARROUIL;M;0.0;0.0;470
2579;201300002856;13;3;5;1500;1;2;3;1.0;3;51;RD 813 / RD 443;M;4417510.0;68658.0;470
2580;201300002857;13;4;7;100;3;1;1;1.0;6;274;;M;4414520.0;77361.0;470
2581;201300002858;13;8;8;1800;1;1;1;1.0;7;138;;M;0.0;0.0;470
2582;201300002859;13;3;3;1345;1;2;1;1.0;2;28;LE BOURG;M;4448720.0;26647.0;470
2583;201300002860;13;4;14;1500;1;2;1;1.0;5;233;;M;4453060.0;9313.0;470
2584;201300002861;13;4;16;1245;1;2;4;1.0;2;157;BOULEVARD MEYNIEL;M;4450200.0;15955.0;470
2585;201300002862;13;7;20;2000;1;1;2;1.0;3;326;LIEU-DIT BERNUS;M;4450690.0;20868.0;470
2586;201300002863;13;7;30;1600;1;2;3;1.0;6;157;BOULEVARD MEYNIEL;M;4450280.0;16120.0;470
2587;201300002864;13;9;20;1300;1;2;1;1.0;3;157;RUE RONDEREAU;M;4450610.0;16238.0;470
2588;201300002865;13;9;27;945;1;2;5;1.0;2;157;PLACE DE LESTANG;M;4450120.0;15876.0;470
2589;201300002867;13;10;10;1330;1;1;2;1.0;3;157;G. BRASSENS/ CONDORCET;M;4451370.0;19297.0;470
2590;201300002868;13;11;17;1715;1;1;1;8.0;1;24;;M;0.0;0.0;470
2591;201300002869;13;12;18;1115;1;2;1;1.0;6;157;17 AV DES MARTYRS R?SIST;M;4451040.0;15971.0;470
2592;201300002870;13;6;13;2115;1;1;1;1.0;1;232;;M;0.0;0.0;470
2593;201300002871;13;7;18;900;1;1;4;8.0;3;20;;M;4467950.0;16281.0;470
2594;201300002872;13;8;14;1715;1;2;1;1.0;6;168;610 RUE DU CDT COUSTEAU;M;4460440.0;35006.0;470
2595;201300002873;13;2;17;1000;1;1;2;1.0;3;233;LIEU-DIT MONPLAISIR;M;4453840.0;10447.0;470
2596;201300002874;13;6;7;1000;1;2;1;1.0;6;233;12, ave. du G. de Gaulle;M;0.0;0.0;470
2597;201300002875;13;6;14;130;3;1;1;1.0;6;34;;M;0.0;0.0;470
2598;201300002876;13;7;21;1715;1;1;1;7.0;7;244;LIGNE MAURICE;M;4438900.0;17340.0;470
2599;201300002877;13;9;2;1915;1;1;1;1.0;6;120;;M;0.0;0.0;470
2600;201300002878;13;1;17;715;2;2;1;1.0;7;65;RD 911;M;4436060.0;37554.0;470
2601;201300002879;13;5;18;1930;1;1;1;1.0;6;71;;M;4445930.0;48649.0;470
2602;201300002880;13;7;14;400;3;2;1;1.0;6;325;PONT CANAL;M;4436260.0;27253.0;470
2603;201300002881;13;7;28;1030;1;2;1;1.0;6;159;PLACE DE LA HALLE;M;4441200.0;21745.0;470
2604;201300002882;13;9;14;500;3;2;1;5.0;6;159;LE PONT D'ACC?S;M;4441070.0;22084.0;470
2605;201300002883;13;9;16;1915;1;1;1;1.0;6;54;;M;4440460.0;51690.0;470
2606;201300002884;13;10;25;1030;1;1;1;1.0;6;118;;M;4445710.0;39527.0;470
2607;201300002885;13;10;29;915;1;1;1;1.0;2;110;;M;4445670.0;28084.0;470
2608;201300002886;13;1;19;1615;1;1;2;1.0;3;58;;M;4426890.0;22070.0;470
2609;201300002888;13;4;19;1845;1;2;7;1.0;2;52;CD933 - PLACE GAMBETTA;M;4431420.0;8609.0;470
2610;201300002889;13;5;6;1;3;2;1;1.0;7;148;paches;M;4433100.0;16500.0;470
2611;201300002890;13;8;22;1800;1;1;1;1.0;7;320;;M;0.0;0.0;470
2612;201300002891;13;9;20;1745;1;1;1;1.0;3;52;;M;4429600.0;8100.0;470
2613;201300002892;13;9;24;1415;1;1;1;1.0;1;52;;M;4433700.0;11600.0;470
2614;201300002893;13;10;2;800;1;2;3;1.0;3;119;AVENUE LOUISE NADEAU;M;4419350.0;2479.0;470
2615;201300002894;13;3;7;2000;3;1;1;2.0;1;175;;M;4453730.0;70488.0;470
2616;201300002895;13;3;26;1415;1;1;1;1.0;6;146;;M;4445510.0;65906.0;470
2617;201300002896;13;6;22;1000;1;2;2;1.0;3;280;lagarenne;M;0.0;0.0;470
2618;201300002897;13;7;11;1515;1;1;1;1.0;1;80;;M;4455480.0;77753.0;470
2619;201300002898;13;8;12;1445;1;1;3;7.0;1;237;;M;4436380.0;65708.0;470
2620;201300002900;13;10;3;1015;1;2;1;2.0;6;117;Rue Principale;M;4432500.0;78600.0;470
2621;201300002901;13;3;10;1600;1;1;1;1.0;1;324;;M;4463960.0;76523.0;470
2622;201300002902;13;5;16;2015;1;1;1;1.0;1;48;;M;0.0;0.0;470
2623;201300002903;13;5;21;1645;1;1;1;3.0;6;164;;M;0.0;0.0;470
2624;201300002904;13;7;13;1;3;1;1;1.0;6;44;LIEU-DIT LES GRANGES;M;4466370.0;55663.0;470
2625;201300002905;13;10;6;1730;1;2;2;7.0;3;324;RUE ROGER BISSIERE;M;4463640.0;0.0;470
2626;201300002906;13;11;24;1715;2;1;1;1.0;3;170;;M;0.0;0.0;470
2627;201300002907;13;5;26;1400;1;1;6;1.0;6;185;;M;4448850.0;98186.0;470
2628;201300002908;13;8;4;1730;1;1;1;1.0;7;185;;M;4445970.0;95894.0;470
2629;201300002909;13;10;16;1700;2;2;1;2.0;6;106;72 AVENUE DE L'USINE;M;4449110.0;95973.0;470
2630;201300002910;13;2;11;1845;5;2;3;3.0;3;49;ALL?E DES CRAMATS;M;4444560.0;62347.0;470
2631;201300002911;13;3;30;1945;3;1;1;1.0;5;252;LIEU-DIT PAUCHOU;M;4439550.0;60503.0;470
2632;201300002913;13;10;25;2130;3;1;1;9.0;7;206;;M;4442340.0;57697.0;470
2633;201300002914;13;11;16;100;3;2;1;1.0;3;309;;M;0.0;0.0;470
2634;201300002915;13;2;22;730;2;2;1;1.0;6;376;route de PAU RD 937;M;4327000.0;-31300.0;640
2635;201300002916;13;5;8;930;1;1;6;1.0;3;230;;M;4324470.0;-38798.0;640
2636;201300002918;13;7;3;1230;1;1;1;1.0;1;230;;M;4325650.0;-39032.0;640
2637;201300002919;13;7;19;1445;1;1;1;1.0;1;230;;M;0.0;0.0;640
2638;201300002920;13;7;22;1330;1;1;1;1.0;3;230;;M;4317940.0;-42873.0;640
2639;201300002921;13;11;15;1845;3;1;1;3.0;6;67;;M;0.0;0.0;640
2640;201300002922;13;12;21;1145;1;2;1;1.0;2;413;2 ROUTE DE NAY D 37;M;0.0;0.0;640
2641;201300002923;13;1;22;1845;2;1;1;4.0;6;454;;M;4337430.0;-5873.0;640
2642;201300002924;13;3;13;1715;1;1;1;8.0;1;262;;M;0.0;0.0;640
2643;201300002925;13;4;23;1630;1;1;1;1.0;3;238;;M;4324820.0;-8238.0;640
2644;201300002926;13;5;4;100;4;1;9;1.0;6;370;;M;0.0;0.0;640
2645;201300002927;13;7;5;2015;2;2;3;7.0;3;405;RUE DE LA BASTIDE;M;4335800.0;-26800.0;640
2646;201300002928;13;7;27;1530;1;1;1;1.0;3;451;RD202/RD62;M;4333310.0;-5611.0;640
2647;201300002929;13;8;10;315;3;2;1;1.0;6;27;RD 39;M;0.0;0.0;640
2648;201300002930;13;11;21;1900;5;1;1;3.0;2;238;;M;0.0;0.0;640
2649;201300002931;13;1;6;245;5;2;1;1.0;6;23;RUE DES PYRENEES;M;4323460.0;-25228.0;640
2650;201300002932;13;1;20;2245;3;1;1;2.0;7;270;;M;4314700.0;-23606.0;640
2651;201300002933;13;2;15;1800;1;1;1;1.0;2;191;;M;4318090.0;-24022.0;640
2652;201300002934;13;4;8;1730;1;2;1;1.0;2;101;ROUTE DE PAU;M;4319640.0;-25407.0;640
2653;201300002935;13;5;7;945;1;2;1;1.0;3;68;RD 35 RD126;M;0.0;0.0;640
2654;201300002936;13;6;24;1115;1;2;1;1.0;6;270;AV DU PIC DU MIDI;M;4316600.0;-23285.0;640
2655;201300002939;13;10;3;815;1;2;9;1.0;3;133;RUE HENRI IV/RUE COTEAUX;M;4322660.0;-27207.0;640
2656;201300002940;13;1;16;1215;1;1;1;8.0;3;78;;M;0.0;0.0;640
2657;201300002941;13;4;13;1715;1;1;1;1.0;3;560;;M;4345820.0;-39095.0;640
2658;201300002942;13;6;14;1730;1;1;1;1.0;6;190;;M;0.0;0.0;640
2659;201300002943;13;6;16;1030;1;1;1;1.0;3;470;;M;4340470.0;-31613.0;640
2660;201300002944;13;10;27;245;3;1;1;1.0;6;234;;M;4350230.0;-48407.0;640
2661;201300002945;13;12;13;1930;3;1;1;2.0;6;455;A 420 M DU D16/D143;M;4355800.0;-20518.0;640
2662;201300002946;13;5;6;1700;1;1;1;1.0;3;407;;M;4348300.0;-142378.0;640
2663;201300002947;13;6;30;1930;1;2;1;1.0;1;102;AVENUE DU LABOURD;M;4348090.0;-146359.0;640
2664;201300002948;13;10;17;1715;1;1;1;1.0;3;407;;M;0.0;0.0;640
2665;201300002949;13;3;2;1315;1;1;1;1.0;3;377;;M;4336060.0;-126911.0;640
2666;201300002950;13;3;20;800;1;1;1;2.0;1;147;;M;4347170.0;-129411.0;640
2667;201300002951;13;8;14;2000;1;1;1;1.0;6;250;;M;4353090.0;-121266.0;640
2668;201300002952;13;1;29;1030;1;1;1;1.0;3;483;;M;0.0;0.0;640
2669;201300002953;13;1;30;1530;1;1;1;1.0;1;495;;M;4336820.0;-156665.0;640
2670;201300002954;13;2;20;1545;1;1;1;1.0;1;495;;M;4336570.0;-159290.0;640
2671;201300002955;13;4;14;1730;1;1;1;1.0;7;65;;M;0.0;0.0;640
2672;201300002956;13;6;22;1915;1;1;1;1.0;3;504;;M;0.0;0.0;640
2673;201300002958;13;9;21;1630;1;1;1;1.0;3;495;;M;4335530.0;-163123.0;640
2674;201300002959;13;11;12;915;1;2;6;3.0;6;495;RP DU CHISTERA;M;0.0;0.0;640
2675;201300002960;13;12;10;745;4;1;9;1.0;6;495;;M;0.0;0.0;640
2676;201300002961;13;12;29;1545;1;2;1;8.0;6;504;Istilarte;M;0.0;0.0;640
2677;201300002962;13;1;11;1815;5;1;6;1.0;6;317;;M;0.0;0.0;640
2678;201300002963;13;1;15;1600;1;1;1;2.0;6;279;;M;4332710.0;-140438.0;640
2679;201300002964;13;2;3;1745;1;1;1;1.0;7;547;;M;0.0;0.0;640
2680;201300002965;13;2;3;1400;1;1;1;1.0;1;38;CHEMIN DU BOSQUET;M;0.0;0.0;640
2681;201300002966;13;6;13;1745;1;1;1;8.0;3;213;;M;4333100.0;-146651.0;640
2682;201300002967;13;7;5;1015;1;2;1;1.0;1;38;COTE DE CHAPELET;M;4345670.0;-153499.0;640
2683;201300002968;13;7;9;1000;1;1;1;1.0;3;213;;M;4336760.0;-146479.0;640
2684;201300002969;13;7;12;1315;1;2;1;1.0;3;547;D. 932;M;4338370.0;-144354.0;640
2685;201300002970;13;9;14;715;2;1;1;5.0;6;160;;M;4336370.0;-136954.0;640
2686;201300002972;13;11;20;1815;5;2;1;2.0;6;160;AV D'ESPAGNE;M;4336010.0;-140140.0;640
2687;201300002973;13;5;31;1400;1;1;1;3.0;7;475;;M;4303670.0;-88265.0;640
2688;201300002974;13;6;22;1515;1;2;1;1.0;3;188;2 AV GENERAL DE GAULLE;M;0.0;0.0;640
2689;201300002975;13;7;7;1830;1;1;1;1.0;3;188;;M;4324600.0;-87200.0;640
2690;201300002976;13;7;12;2230;2;1;1;1.0;1;214;;M;4328580.0;-87488.0;640
2691;201300002977;13;8;4;1530;1;2;6;1.0;7;404;RD918;M;4309800.0;-81923.0;640
2692;201300002978;13;8;22;1545;1;1;1;1.0;5;404;;M;0.0;0.0;640
2693;201300002979;13;10;19;2245;3;1;1;1.0;7;424;;M;0.0;0.0;640
2694;201300002980;13;11;15;1845;5;2;1;3.0;6;371;14 AV DE BELZUNCE;M;4322450.0;-88088.0;640
2695;201300002981;13;1;25;745;2;1;1;9.0;1;47;;M;4311750.0;-126979.0;640
2696;201300002982;13;10;21;700;5;1;3;1.0;3;13;;M;4320180.0;-114898.0;640
2697;201300002983;13;2;11;830;1;1;1;2.0;7;235;;M;4335170.0;-106230.0;640
2698;201300002984;13;4;15;1945;2;1;1;1.0;7;51;;M;4340850.0;-111180.0;640
2699;201300002985;13;6;29;1830;1;1;1;1.0;5;436;;M;4325110.0;-131835.0;640
2700;201300002986;13;9;16;1815;1;1;1;2.0;7;271;;M;4328020.0;-118834.0;640
2701;201300002987;13;4;30;1600;1;2;1;1.0;1;422;RUE DE L'UNION/AMP?RE;M;4318550.0;-60754.0;640
2702;201300002988;13;5;24;1645;1;2;1;2.0;3;422;RUE DE SEGUES;M;4319830.0;-60290.0;640
2703;201300002989;13;5;26;1230;1;1;1;1.0;6;422;;M;0.0;0.0;640
2704;201300002990;13;7;10;1145;1;1;1;1.0;4;409;;M;0.0;0.0;640
2705;201300002994;13;12;6;815;1;2;6;1.0;3;422;RP DE LA JAO;M;4319770.0;-60452.0;640
2706;201300002999;13;7;23;1415;1;1;1;1.0;6;535;;M;4334980.0;-52327.0;640
2707;201300003000;13;7;30;1315;1;2;3;1.0;3;306;CD9;M;4336020.0;-62272.0;640
2708;201300003001;13;10;5;1515;1;1;1;1.0;1;359;;M;4325200.0;-62000.0;640
2709;201300003002;13;12;4;800;2;1;1;1.0;1;178;;M;4334040.0;-78272.0;640
2710;201300003003;13;12;7;1300;1;1;1;1.0;1;420;;M;0.0;0.0;640
2711;201300003004;13;2;16;1845;1;2;1;1.0;1;430;399 RUE LA CARRERE;M;4347670.0;-80603.0;640
2712;201300003005;13;5;17;1515;1;2;1;8.0;1;430;RD 817;M;0.0;0.0;640
2713;201300003007;13;11;23;1530;1;1;1;1.0;7;135;;M;0.0;0.0;640
2714;201300003008;13;12;23;1200;1;1;1;1.0;1;430;;M;0.0;0.0;640
2715;201300003009;13;10;31;1530;1;1;1;1.0;1;499;;M;4344400.0;-92837.0;640
2716;201300003011;13;1;25;1545;1;1;1;1.0;7;276;;M;0.0;0.0;860
2717;201300003012;13;2;28;1300;1;2;1;1.0;6;62;Bd Pierre et Marie Curie;M;0.0;0.0;860
2718;201300003013;13;4;12;900;1;2;1;1.0;6;62;avenue galil?e;M;0.0;0.0;860
2719;201300003014;13;5;2;15;3;1;1;5.0;7;219;;M;0.0;0.0;860
2720;201300003015;13;8;4;1700;3;1;1;1.0;7;95;;M;0.0;0.0;860
2721;201300003016;13;12;21;1045;2;2;2;8.0;1;95;Rue de bellevue / D15;M;0.0;0.0;860
2722;201300003017;13;12;25;215;3;1;1;2.0;6;95;LIEU DIT  NOUZIERE;M;0.0;0.0;860
2723;201300003018;13;5;11;1145;1;1;1;1.0;7;139;;M;0.0;0.0;860
2724;201300003019;13;7;5;1230;1;1;1;1.0;6;293;;M;0.0;0.0;860
2725;201300003020;13;7;6;1630;1;1;1;7.0;1;293;;M;4642600.0;25300.0;860
2726;201300003021;13;7;18;1000;1;2;1;1.0;3;113;51 rue d' aigne;M;0.0;0.0;860
2727;201300003023;13;9;13;1530;2;1;1;2.0;3;83;;M;4651000.0;21500.0;860
2728;201300003024;13;10;29;745;2;1;1;1.0;7;139;;M;4645800.0;9500.0;860
2729;201300003025;13;12;12;1415;1;1;1;1.0;1;139;VC MAUPRIE AU PAVILLON;M;0.0;0.0;860
2730;201300003026;13;9;27;2015;3;1;1;1.0;1;177;;M;0.0;0.0;860
2731;201300003027;13;7;24;1745;1;1;1;1.0;5;276;;M;0.0;0.0;860
2732;201300003028;13;7;15;900;1;2;1;1.0;3;100;67 bis route de  Poitier;M;4654700.0;27800.0;860
2733;201300003029;13;10;18;1255;1;1;1;1.0;1;50;Rte de la Thibaudiére;M;4665500.0;3000.0;860
2734;201300003030;13;11;19;1815;5;2;1;1.0;1;166;Rue de la F?e M?lusine;M;4655900.0;13900.0;860
2735;201300003031;13;6;6;1215;1;1;1;7.0;3;174;;M;4677700.0;51000.0;860
2736;201300003032;13;3;24;1725;1;1;2;1.0;3;96;;M;0.0;0.0;860
2737;201300003033;13;4;10;715;2;1;1;1.0;1;127;;M;4692800.0;48100.0;860
2738;201300003034;13;5;19;530;2;1;1;1.0;6;272;;M;0.0;0.0;860
2739;201300003035;13;7;12;1100;1;1;1;1.0;1;96;;M;4681500.0;32100.0;860
2740;201300003036;13;8;1;1800;1;1;1;1.0;6;265;vc les tuileries;M;4688200.0;35400.0;860
2741;201300003037;13;9;11;800;1;1;1;7.0;1;258;;M;4681800.0;42300.0;860
2742;201300003038;13;11;5;830;1;1;3;3.0;3;224;;M;4692300.0;44100.0;860
2743;201300003039;13;11;10;200;3;1;1;3.0;6;272;;M;0.0;0.0;860
2744;201300003040;13;12;1;245;3;1;1;1.0;6;272;;M;4683200.0;47100.0;860
2745;201300003041;13;12;15;930;1;1;1;7.0;6;272;;M;4686100.0;46600.0;860
2746;201300003042;13;6;11;2230;3;1;1;1.0;6;161;;M;0.0;0.0;860
2747;201300003043;13;10;11;930;1;1;2;1.0;3;137;Intersection D47/D147;M;0.0;0.0;860
2748;201300003044;13;11;22;1745;2;1;2;1.0;3;49;;M;0.0;0.0;860
2749;201300003045;13;12;8;1430;1;1;2;1.0;3;137;;M;0.0;0.0;860
2750;201300003046;13;3;23;1645;1;1;1;1.0;7;86;;M;0.0;0.0;860
2751;201300003047;13;4;11;630;2;1;1;3.0;1;298;;M;0.0;0.0;860
2752;201300003049;13;4;2;2115;3;2;1;1.0;6;167;RUE DE LA CHAMBAUDIERE;M;4692700.0;20900.0;860
2753;201300003050;13;4;20;1645;1;1;2;1.0;3;75;;M;4681700.0;17300.0;860
2754;201300003051;13;10;2;1215;1;1;1;1.0;3;161;;M;4690300.0;2300.0;860
2755;201300003052;13;2;20;1800;2;1;1;1.0;1;34;;M;0.0;0.0;860
2756;201300003053;13;4;14;630;2;1;1;9.0;6;140;;M;0.0;0.0;860
2757;201300003054;13;8;2;2145;3;1;9;3.0;3;170;;M;0.0;0.0;860
2758;201300003055;13;9;24;1500;1;1;8;1.0;1;254;;M;0.0;0.0;860
2759;201300003056;13;1;7;1830;5;2;1;8.0;6;70;54, route de POITIERS;M;4657300.0;63900.0;860
2760;201300003057;13;2;15;1015;1;1;1;1.0;1;226;;M;4656400.0;49100.0;860