;Num_Acc;an;mois;jour;hrmn;lum;agg;int;atm;col;com;adr;gps;lat;long;dep
2761;201300003058;13;6;13;1815;1;1;1;2.0;3;70;;M;4653300.0;72600.0;860
2762;201300003059;13;6;17;845;1;1;1;1.0;5;114;;M;0.0;0.0;860
2763;201300003060;13;6;28;900;1;1;1;2.0;7;28;;M;4660100.0;46200.0;860
2764;201300003061;13;9;9;1800;1;1;2;2.0;3;70;;M;4662300.0;65000.0;860
2765;201300003063;13;11;10;645;3;1;1;8.0;6;226;;M;4656400.0;47000.0;860
2766;201300003064;13;11;14;1845;5;2;1;2.0;6;226;36 route de Chauvigny;M;0.0;0.0;860
2767;201300003065;13;1;27;1545;1;1;1;3.0;7;61;;M;0.0;0.0;860
2768;201300003066;13;3;4;1315;1;1;1;1.0;3;78;;M;4615000.0;30300.0;860
2769;201300003067;13;4;6;1745;1;1;1;1.0;7;255;;M;4620400.0;31600.0;860
2770;201300003068;13;6;16;1545;1;1;2;1.0;3;29;;M;0.0;0.0;860
2771;201300003069;13;11;3;1845;3;1;1;2.0;1;29;;M;0.0;0.0;860
2772;201300003070;13;1;20;1315;1;1;1;1.0;7;234;;M;4622800.0;53000.0;860
2773;201300003071;13;1;23;815;1;1;1;9.0;1;159;;M;4623200.0;73300.0;860
2774;201300003072;13;11;17;15;3;1;1;1.0;6;1;;M;4623500.0;80900.0;860
2775;201300003073;13;11;14;2000;5;2;1;8.0;6;246;RUE NATIONALE;M;4657000.0;86800.0;860
2776;201300003074;13;3;26;1500;1;1;1;1.0;3;118;;M;4645000.0;97300.0;860
2777;201300003075;13;1;2;1000;1;1;1;5.0;4;61;Quartier de la Loge;M;4570406.0;26595.0;160
2778;201300003076;13;5;31;1930;1;1;6;1.0;7;78;Le Mauvais Pas;M;4569094.0;19378.0;160
2779;201300003077;13;6;26;900;1;1;1;1.0;7;78;Chez Sureau;M;4569004.0;21056.0;160
2780;201300003078;13;7;31;2045;2;1;1;1.0;2;146;La Grand-Font;M;4561964.0;26703.0;160
2781;201300003079;13;8;3;1030;1;1;9;1.0;2;78;rue le l'Aretier;M;4569315.0;17987.0;160
2782;201300003080;13;8;28;2045;2;1;1;1.0;6;61;Camp de la Braconne;M;4572002.0;29661.0;160
2783;201300003081;13;10;2;1245;1;2;1;1.0;6;385;route de Bois Blanc;M;4566153.0;26037.0;160
2784;201300003082;13;11;16;1600;1;1;9;1.0;2;61;;M;4572091.0;26634.0;160
2785;201300003083;13;1;11;2030;3;1;2;1.0;6;119;pointe du Chemin rouge;M;4553912.0;-27383.0;160
2786;201300003084;13;11;14;1730;3;1;1;2.0;1;120;;M;4560111.0;26429.0;160
2787;201300003085;13;4;27;845;1;1;2;1.0;3;230;Le poteau de St Cybard;M;4542412.0;14889.0;160
2788;201300003086;13;6;6;2230;3;2;1;1.0;1;73;La pointe des Groix;M;4526957.0;5414.0;160
2789;201300003087;13;6;13;2245;3;1;1;1.0;3;227;Les Petites Loges;M;4534277.0;21024.0;160
2790;201300003088;13;7;7;930;1;1;1;1.0;6;424;Le Retouble;M;4525069.0;-3971.0;160
2791;201300003089;13;7;21;1115;1;2;1;1.0;6;73;33, avenue de la gare;M;4527198.0;4302.0;160
2792;201300003090;13;8;10;1530;1;2;1;1.0;3;230;rue henry Dunant;M;4539758.0;12859.0;160
2793;201300003091;13;5;2;1145;1;1;1;1.0;1;97;;M;4575024.0;-30094.0;160
2794;201300003092;13;5;10;745;1;1;1;1.0;1;169;Roumillac;M;4569788.0;-36888.0;160
2795;201300003093;13;8;8;1430;1;1;1;1.0;7;193;Fraingant;M;4571676.0;-39033.0;160
2796;201300003094;13;11;8;1445;1;2;1;1.0;6;169;Chemin de Saint-Remy;M;4570333.0;-36232.0;160
2797;201300003095;13;5;7;1415;1;1;3;1.0;1;380;Les Landes du Moulin;M;4538910.0;20113.0;160
2798;201300003096;13;6;6;2130;2;1;1;1.0;7;53;La Gassouille;M;4534554.0;-20841.0;160
2799;201300003097;13;6;7;1415;1;1;1;1.0;1;30;Chez Dauve;M;4548160.0;-23172.0;160
2800;201300003098;13;6;21;2130;1;1;2;1.0;3;30;;M;4549247.0;-19735.0;160
2801;201300003099;13;7;10;1200;1;1;1;1.0;1;380;Chez Landreau;M;4539410.0;-21046.0;160
2802;201300003100;13;7;14;1115;1;2;6;1.0;2;99;Toutvent;M;4536136.0;-8408.0;160
2803;201300003101;13;7;28;700;2;1;1;1.0;6;160;Le Bois de Guimps;M;4545396.0;-25241.0;160
2804;201300003102;13;8;2;1745;1;1;1;1.0;2;160;La Roche;M;4545126.0;-26061.0;160
2805;201300003103;13;8;11;2115;4;2;1;1.0;6;28;Rue Pierre Mendes France;M;4547415.0;-14981.0;160
2806;201300003104;13;8;25;1945;1;1;2;1.0;3;251;;M;4536199.0;-12992.0;160
2807;201300003105;13;10;14;600;3;1;1;3.0;6;303;le Maine de la republiqu;M;4545790.0;-8594.0;160
2808;201300003106;13;11;12;1815;2;1;1;1.0;6;160;Le Mancou;M;4545729.0;-24270.0;160
2809;201300003107;13;4;2;2200;3;1;1;1.0;7;171;L'Echalotte;M;4559943.0;-28904.0;160
2810;201300003108;13;4;20;1345;1;1;1;1.0;7;145;Les Rocs;M;4572070.0;-11483.0;160
2811;201300003109;13;3;4;1645;1;1;1;1.0;6;164;;M;4603303.0;58160.0;160
2812;201300003110;13;6;14;1400;1;2;1;1.0;2;70;La Broussauderie;M;4587814.0;72642.0;160
2813;201300003111;13;7;4;1830;1;1;3;1.0;1;134;Chez Vouivet;M;4589262.0;64677.0;160
2814;201300003112;13;7;9;1715;1;1;1;1.0;7;132;La Faye;M;4588123.0;79514.0;160
2815;201300003113;13;8;6;1700;1;2;1;8.0;6;106;4 rue de l'Ouillette;M;4609940.0;65716.0;160
2816;201300003114;13;8;9;1030;1;1;3;1.0;1;164;Les Cavailles;M;4605237.0;57838.0;160
2817;201300003117;13;11;24;345;4;1;1;1.0;6;9;;M;4598669.0;52907.0;160
2818;201300003118;13;11;24;445;3;1;1;1.0;6;134;Lafachie;M;4598669.0;66963.0;160
2819;201300003120;13;1;9;1815;5;2;3;2.0;3;336;Agglo d'Artenac;M;4584116.0;33625.0;160
2820;201300003121;13;4;5;1745;1;2;1;1.0;3;329;;M;4594174.0;47900.0;160
2821;201300003122;13;5;4;2345;4;2;1;1.0;6;85;avenue de la Republique;M;4582771.0;45351.0;160
2822;201300003124;13;8;6;700;1;1;1;2.0;7;192;Le Beau des Mineurs;M;4587900.0;56545.0;160
2823;201300003125;13;8;11;1930;1;1;3;1.0;3;308;La Teille;M;4590144.0;45782.0;160
2824;201300003126;13;8;30;745;1;1;1;1.0;5;375;La casse de Bord;M;4583998.0;48847.0;160
2825;201300003127;13;9;15;130;3;1;1;1.0;6;96;;M;4581883.0;57157.0;160
2826;201300003128;13;9;12;1500;1;2;1;8.0;3;308;Place Sadi Carnot;M;4589399.0;46609.0;160
2827;201300003129;13;10;9;1630;1;1;1;8.0;1;245;;M;4586533.0;53218.0;160
2828;201300003130;13;10;13;1100;1;1;1;8.0;6;85;Les Versennes;M;4579807.0;43528.0;160
2829;201300003131;13;11;6;2015;5;1;1;1.0;1;192;Les Féraux;M;4587314.0;55488.0;160
2830;201300003132;13;11;22;1645;1;1;1;1.0;7;68;Chez Jollet;M;4591230.0;38669.0;160
2831;201300003133;13;4;19;1600;1;1;1;1.0;3;253;Les Grandes Groies;M;4601140.0;773.0;160
2832;201300003134;13;4;28;1715;1;1;2;1.0;3;378;;M;4606864.0;23637.0;160
2833;201300003135;13;5;7;1915;1;1;1;1.0;6;114;Le Lac de Bouton;M;4593537.0;30603.0;160
2834;201300003136;13;6;6;1545;1;1;1;1.0;6;2;;M;4607997.0;19101.0;160
2835;201300003138;13;6;7;1900;1;2;1;1.0;7;292;Bd du Portal;M;4603047.0;19942.0;160
2836;201300003140;13;1;6;1000;1;2;1;1.0;1;234;Agglomération Malvieille;M;4567550.0;-2892.0;160
2837;201300003141;13;2;28;1215;1;1;3;1.0;3;19;Le Cerisier;M;4571074.0;7725.0;160
2838;201300003142;13;7;25;715;1;1;1;1.0;3;348;La Croix du Fils;M;4567049.0;2499.0;160
2839;201300003144;13;10;25;1000;1;2;1;2.0;6;187;Chez Siret;M;4564982.0;7687.0;160
2840;201300003146;13;2;10;100;4;2;1;5.0;7;206;La Gagnarderie;M;4588040.0;18235.0;160
2841;201300003147;13;2;12;815;1;1;1;4.0;1;272;Les Molières;M;4587754.0;23896.0;160
2842;201300003148;13;3;17;1445;1;1;1;1.0;7;68;Les Pins;M;4589275.0;33801.0;160
2843;201300003149;13;6;22;1945;1;1;1;2.0;6;140;Les Coirards;M;4589301.0;19528.0;160
2844;201300003150;13;10;21;1145;1;1;2;6.0;3;383;Coeur Joyeux;M;4580389.0;-21689.0;160
2845;201300003151;13;12;15;1045;1;1;1;9.0;6;318;Les Grands Genets;M;4590431.0;26720.0;160
2846;201300003152;13;1;3;1330;1;2;1;1.0;3;406;LE PANISSAUD;M;4567709.0;40683.0;160
2847;201300003153;13;5;22;415;3;1;1;2.0;6;137;La petite Motte Chateau;M;4560570.0;48287.0;160
2848;201300003154;13;11;11;1645;1;1;2;1.0;3;372;;M;4561105.0;50256.0;160
2849;201300003155;13;1;30;1845;3;1;2;1.0;3;122;La Font des marais;M;4594902.0;4715.0;160
2850;201300003156;13;5;27;1115;1;1;1;1.0;1;221;45.87168;M;4587168.0;-1252.0;160
2851;201300003157;13;7;1;1345;1;1;2;1.0;3;390;Le Magnou;M;4592947.0;7896.0;160
2852;201300003158;13;8;8;200;3;1;1;1.0;7;194;Les Marais des Gours;M;4594583.0;-6428.0;160
2853;201300003159;13;8;10;1630;1;1;3;1.0;3;194;l'Ager;M;4594360.0;-85530.0;160
2854;201300003160;13;5;18;1845;1;1;1;3.0;1;193;;M;4610949.0;-108428.0;170
2855;201300003161;13;6;6;730;1;1;1;1.0;3;109;;M;4613650.0;-101574.0;170
2856;201300003162;13;7;9;1945;1;1;2;1.0;3;194;;M;4613556.0;-100941.0;170
2857;201300003163;13;8;16;1230;1;1;1;1.0;3;94;;M;4609197.0;-109928.0;170
2858;201300003164;13;12;23;1915;3;1;1;6.0;5;315;;M;4613607.0;-93745.0;170
2859;201300003165;13;2;18;1245;1;1;1;1.0;1;267;;M;4623200.0;-91700.0;170
2860;201300003166;13;7;18;1400;1;1;1;1.0;5;91;;M;4627371.0;-106787.0;170
2861;201300003167;13;8;1;1845;1;1;1;1.0;6;439;;M;4633610.0;-82553.0;170
2862;201300003168;13;9;22;1000;1;1;1;1.0;5;439;;M;4632200.0;-83600.0;170
2863;201300003169;13;10;9;800;3;1;1;1.0;6;267;;M;4622637.0;-90685.0;170
2864;201300003170;13;10;10;1345;1;1;2;1.0;3;322;;M;4625700.0;-83500.0;170
2865;201300003171;13;5;3;745;1;1;1;1.0;5;121;;M;4619872.0;-142535.0;170
2866;201300003172;13;5;29;945;1;2;1;1.0;1;161;rue de la touche;M;4618989.0;-133838.0;170
2867;201300003173;13;6;28;1400;1;1;2;1.0;3;121;;M;4619798.0;-142726.0;170
2868;201300003174;13;7;9;200;3;1;1;1.0;6;360;;M;4616449.0;-135181.0;170
2869;201300003175;13;8;1;1000;1;2;1;1.0;3;369;avenue des Corsaires;M;4620097.0;-135280.0;170
2870;201300003176;13;8;3;130;3;1;1;1.0;6;19;;M;4620603.0;-152028.0;170
2871;201300003177;13;9;28;1130;1;1;1;8.0;7;318;;M;4623756.0;-154453.0;170
2872;201300003178;13;10;30;1900;3;1;1;1.0;2;19;;M;4620202.0;-148459.0;170
2873;201300003179;13;11;7;1930;3;1;1;1.0;3;161;;M;4618485.0;-130415.0;170
2874;201300003180;13;12;11;800;2;1;1;1.0;6;51;;M;4617582.0;-137823.0;170
2875;201300003181;13;12;12;845;1;1;1;8.0;5;51;;M;4619100.0;-136800.0;170
2876;201300003182;13;3;10;1030;1;1;1;1.0;2;204;;M;4538248.0;-33991.0;170
2877;201300003183;13;5;7;1945;1;2;1;1.0;1;197;13 avenue gal De gaulle;M;4544082.0;-43786.0;170
2878;201300003184;13;7;18;930;1;1;1;1.0;5;192;;M;4555874.0;-38169.0;170
2879;201300003185;13;8;4;1730;1;1;2;1.0;3;339;;M;4548617.0;-41647.0;170
2880;201300003186;13;8;15;2000;1;1;1;1.0;2;403;;M;4539595.0;-45168.0;170
2881;201300003187;13;10;7;1730;1;2;1;1.0;6;197;Avenue Gambetta;M;0.0;0.0;170
2882;201300003189;13;2;2;1030;1;1;1;1.0;3;250;;M;4550210.0;-52461.0;170
2883;201300003190;13;4;13;2030;3;1;1;1.0;7;331;;M;4548673.0;-58499.0;170
2884;201300003191;13;4;20;1900;1;1;1;1.0;7;210;;M;4547843.0;-67369.0;170
2885;201300003192;13;4;21;1500;1;1;1;1.0;1;210;;M;4546707.0;-67587.0;170
2886;201300003193;13;4;24;1015;1;1;1;1.0;1;129;;M;4532620.0;-48249.0;170
2887;201300003195;13;9;1;215;3;1;1;1.0;6;250;;M;4549648.0;-51782.0;170
2888;201300003196;13;9;25;1615;1;1;1;1.0;3;405;;M;4537405.0;-69164.0;170
2889;201300003197;13;10;13;1615;1;2;9;1.0;6;331;Avenue de Bordeaux D 137;M;4547727.0;-56980.0;170
2890;201300003199;13;1;18;1815;5;2;1;3.0;6;240;Boulevard de la R?publiq;M;4528460.0;-40621.0;170
2891;201300003200;13;5;1;2030;1;1;1;1.0;6;243;;M;4524543.0;-28127.0;170
2892;201300003201;13;6;19;745;1;1;1;1.0;1;282;;M;4532905.0;-35448.0;170
2893;201300003202;13;6;25;2145;2;1;1;1.0;6;287;;M;4526150.0;-25792.0;170
2894;201300003203;13;7;16;1600;1;1;1;1.0;6;38;;M;4517200.0;-33600.0;170
2895;201300003204;13;3;17;1430;1;1;1;1.0;6;351;;M;4580781.0;-99048.0;170
2896;201300003205;13;7;6;1445;1;1;1;1.0;1;351;;M;4582210.0;-107640.0;170
2897;201300003206;13;8;13;1100;1;1;3;1.0;3;219;;M;4583100.0;-111496.0;170
2898;201300003207;13;8;16;1830;1;1;1;1.0;3;219;;M;4583363.0;-109438.0;170
2899;201300003208;13;9;12;1445;1;1;9;1.0;6;219;;M;4580500.0;-113700.0;170
2900;201300003209;13;10;27;1745;2;1;1;1.0;1;351;;M;4582274.0;-106994.0;170
2901;201300003210;13;10;31;1630;2;1;3;1.0;5;406;;M;4576327.0;-97965.0;170
2902;201300003212;13;7;5;1830;1;1;1;1.0;1;308;;M;4585485.0;-97989.0;170
2903;201300003213;13;10;29;1645;1;1;1;1.0;3;348;;M;4583412.0;-94187.0;170
2904;201300003214;13;11;3;1800;3;1;1;3.0;3;348;;M;4583750.0;-94519.0;170
2905;201300003215;13;5;11;1015;1;2;1;1.0;6;337;508 rue de la giberti?re;M;4597112.0;-129475.0;170
2906;201300003216;13;5;16;900;1;2;6;8.0;3;93;D734;M;4588786.0;-120026.0;170
2907;201300003217;13;5;31;2200;3;2;1;1.0;1;385;;M;4593705.0;-135687.0;170
2908;201300003218;13;6;12;2245;3;1;1;1.0;7;385;;M;4592437.0;-129978.0;170
2909;201300003219;13;6;14;300;5;2;1;1.0;6;385;avenue des pins;M;4592047.0;-133889.0;170
2910;201300003220;13;7;5;600;2;1;1;1.0;3;385;;M;4592696.0;-128366.0;170
2911;201300003221;13;8;5;1230;1;1;1;8.0;3;323;;M;4604105.0;-139144.0;170
2912;201300003222;13;8;12;30;5;1;1;1.0;7;140;;M;4590283.0;-125081.0;170
2913;201300003223;13;8;28;800;3;1;1;1.0;6;385;;M;4594021.0;-128520.0;170
2914;201300003224;13;8;29;1800;1;1;2;1.0;3;93;;M;4586521.0;-119989.0;170
2915;201300003225;13;9;6;2215;5;2;1;1.0;6;323;PLACE DU MOULIN;M;4602985.0;-137861.0;170
2916;201300003226;13;9;13;1900;1;2;1;1.0;3;411;avenue des bouillats;M;4585011.0;-121631.0;170
2917;201300003227;13;9;26;1415;1;2;1;1.0;3;385;19 ROUTE DES CHATELIERS;M;4593334.0;-132543.0;170
2918;201300003228;13;11;10;1100;1;1;1;8.0;7;486;;M;4602064.0;-136188.0;170
2919;201300003229;13;12;31;1600;1;1;1;3.0;6;385;;M;4591609.0;-129911.0;170
2920;201300003230;13;1;7;1900;5;2;1;2.0;3;155;rue charles herv?;M;4573210.0;-109889.0;170
2921;201300003231;13;1;22;1715;1;1;1;2.0;3;409;;M;4568740.0;-100796.0;170
2922;201300003232;13;4;30;1445;1;1;1;2.0;1;21;;M;4574300.0;-113400.0;170
2923;201300003233;13;4;30;1600;1;1;1;2.0;1;409;;M;4568500.0;-99200.0;170
2924;201300003234;13;6;14;1630;1;1;1;1.0;7;225;;M;4572600.0;-122600.0;170
2925;201300003235;13;6;16;1530;1;1;1;1.0;6;452;;M;4578970.0;-120657.0;170
2926;201300003236;13;6;22;2345;5;2;1;1.0;3;452;Av du G?n?ral de Gaulle;M;4578481.0;-115695.0;170
2927;201300003237;13;7;7;1630;1;1;1;1.0;5;225;;M;4568495.0;-116558.0;170
2928;201300003238;13;7;31;1000;1;1;1;1.0;3;225;;M;4570200.0;-120000.0;170
2929;201300003240;13;8;4;1015;1;1;1;1.0;7;452;;M;4576483.0;-121275.0;170
2930;201300003241;13;9;4;1530;1;1;1;1.0;5;64;;M;4569585.0;-104647.0;170
2931;201300003242;13;9;5;1630;1;1;1;1.0;3;452;;M;4578546.0;-115803.0;170
2932;201300003245;13;11;9;315;3;1;1;3.0;7;409;;M;4568797.0;-101065.0;170
2933;201300003246;13;12;8;1045;1;1;2;1.0;3;452;avenue de l'Etrade;M;4576122.0;-114172.0;170
2934;201300003247;13;12;11;645;4;2;1;9.0;6;21;;M;4575133.0;-112697.0;170
2935;201300003248;13;1;2;915;3;1;1;1.0;1;346;;M;4591930.0;-88562.0;170
2936;201300003249;13;11;9;1700;2;1;9;2.0;3;353;;M;4599117.0;-103756.0;170
2937;201300003250;13;11;24;2230;3;1;1;1.0;7;320;;M;4594973.0;-79112.0;170
2938;201300003251;13;12;15;2000;3;1;1;1.0;1;320;;M;4596007.0;-78842.0;170
2939;201300003252;13;1;2;1700;1;1;1;7.0;3;338;;M;4616220.0;-73874.0;170
2940;201300003253;13;1;24;2300;5;2;2;1.0;3;434;24 rue Olivier Brillouet;M;4620290.0;-75259.0;170
2941;201300003254;13;1;26;2145;3;1;1;1.0;6;57;;M;4615728.0;-86173.0;170
2942;201300003255;13;2;3;700;3;2;1;1.0;6;18;;M;4605796.0;-88990.0;170
2943;201300003256;13;2;19;1830;2;2;2;1.0;3;434;;M;4610753.0;-75047.0;170
2944;201300003257;13;4;11;1400;1;1;1;2.0;1;3;;M;4610537.0;-97924.0;170
2945;201300003258;13;4;15;2115;4;1;6;1.0;6;447;;M;4609573.0;-94163.0;170
2946;201300003259;13;4;20;615;1;1;9;1.0;2;107;;M;4602538.0;-94471.0;170
2947;201300003260;13;5;16;30;3;1;1;1.0;7;107;;M;4603010.0;-94372.0;170
2948;201300003261;13;5;17;1945;2;1;1;1.0;3;482;;M;4613509.0;-78953.0;170
2949;201300003262;13;6;3;645;1;1;1;1.0;5;340;;M;4607216.0;-78741.0;170
2950;201300003263;13;6;8;1715;1;1;2;1.0;3;57;;M;4614364.0;-85647.0;170
2951;201300003264;13;6;16;1030;1;1;1;1.0;6;447;;M;4606724.0;-93951.0;170
2952;201300003265;13;7;15;1;5;2;1;1.0;5;166;CD939;M;4610115.0;-91132.0;170
2953;201300003266;13;8;1;1100;1;2;9;1.0;7;480;9 rue du pas de clerc;M;4614282.0;-89695.0;170
2954;201300003267;13;7;29;2315;3;2;1;1.0;6;447;Rue du champ de foire;M;4608442.0;-91745.0;170
2955;201300003269;13;9;1;2000;1;1;1;1.0;7;447;;M;4606569.0;-93599.0;170
2956;201300003270;13;9;21;1315;1;2;1;1.0;6;434;rue Jean Philippe Rameau;M;4611040.0;-74054.0;170
2957;201300003271;13;9;26;1715;1;1;1;1.0;1;107;;M;4606269.0;-93951.0;170
2958;201300003272;13;10;9;1530;1;1;1;1.0;2;447;;M;4607900.0;-93800.0;170
2959;201300003273;13;10;26;500;5;2;1;8.0;6;434;avenue amiral courbet;M;4611600.0;-74500.0;170
2960;201300003274;13;11;4;2145;3;1;1;3.0;6;80;;M;4610317.0;-84476.0;170
2961;201300003275;13;11;12;745;2;1;2;5.0;3;63;;M;4606653.0;-67845.0;170
2962;201300003276;13;12;6;1930;5;2;1;1.0;6;457;D107 / rue Boulangerie;M;4606200.0;-76600.0;170
2963;201300003277;13;1;5;1715;1;1;1;1.0;6;444;;M;4570300.0;-64200.0;170
2964;201300003278;13;1;21;700;2;1;1;1.0;5;86;;M;4573360.0;-53762.0;170
2965;201300003279;13;1;23;245;3;2;1;8.0;6;453;Rue de la Renaissance;M;4590600.0;-92300.0;170
2966;201300003280;13;2;14;945;1;1;2;8.0;3;45;;M;4587357.0;-86233.0;170
2967;201300003281;13;4;10;1530;1;1;1;2.0;1;179;;M;4568390.0;-61028.0;170
2968;201300003282;13;4;16;1845;1;2;6;1.0;3;284;rue du chemin vert;M;4582909.0;-86526.0;170
2969;201300003283;13;7;11;1130;1;1;1;1.0;2;164;;M;4575351.0;-59545.0;170
2970;201300003284;13;8;13;1245;1;1;2;1.0;1;143;;M;4581000.0;-58000.0;170
2971;201300003286;13;9;2;1715;1;1;1;1.0;5;330;;M;4575315.0;-92768.0;170
2972;201300003287;13;10;2;730;1;2;3;1.0;3;86;lieu dit chez P?rineau;M;4572473.0;-57271.0;170
2973;201300003288;13;10;5;615;3;1;1;1.0;6;86;;M;4573641.0;-53902.0;170
2974;201300003289;13;12;3;1200;1;1;1;1.0;1;330;;M;4575228.0;-94693.0;170
2975;201300003291;13;12;6;1645;1;1;1;1.0;6;164;;M;4577077.0;-61787.0;170
2976;201300003292;13;12;9;1400;1;1;2;1.0;3;141;;M;4571700.0;-47100.0;170
2977;201300003293;13;12;20;2115;5;1;1;1.0;6;330;;M;4578300.0;-88700.0;170
2978;201300003294;13;12;24;1715;3;1;1;3.0;6;100;;M;4572596.0;-41927.0;170
2979;201300003295;13;12;30;930;3;1;1;1.0;1;45;;M;4587395.0;-86451.0;170
2980;201300003296;13;1;21;1100;1;1;1;1.0;1;172;;M;4555680.0;-68731.0;170
2981;201300003297;13;2;8;800;1;2;1;2.0;6;404;route de la coudaignerie;M;4561330.0;-69727.0;170
2982;201300003298;13;4;8;900;1;1;1;1.0;7;425;;M;4557581.0;-89337.0;170
2983;201300003299;13;4;24;2030;2;1;1;1.0;7;244;;M;4563879.0;-77151.0;170
2984;201300003300;13;5;22;1730;1;2;1;1.0;1;131;boulevard des Dandonneau;M;4558455.0;-83543.0;170
2985;201300003301;13;7;22;1100;1;2;1;1.0;6;131;Route de Royan;M;4558266.0;-83423.0;170
2986;201300003302;13;8;31;1130;1;2;3;1.0;3;172;Intersection D732 / D248;M;4557684.0;-68187.0;170
2987;201300003303;13;9;17;1215;1;1;1;8.0;2;425;;M;4560263.0;-90643.0;170
2988;201300003304;13;11;6;2045;3;1;1;2.0;1;131;;M;4557959.0;-83718.0;170
2989;201300003305;13;11;30;1745;2;2;1;1.0;6;152;Les Gorces - D730;M;4556418.0;-80398.0;170
2990;201300003306;13;3;5;1045;1;1;1;1.0;4;283;;M;4560111.0;-55539.0;170
2991;201300003307;13;4;19;130;3;1;1;1.0;1;283;;M;4554571.0;-55801.0;170
2992;201300003308;13;8;13;45;3;1;1;1.0;7;242;;M;4567986.0;-53589.0;170
2993;201300003309;13;10;19;600;3;1;1;1.0;1;56;;M;4560096.0;-50136.0;170
2994;201300003310;13;10;20;1030;1;1;1;1.0;1;283;;M;4557700.0;-58500.0;170
2995;201300003311;13;10;31;1800;3;1;1;2.0;3;78;;M;4554600.0;-43500.0;170
2996;201300003312;13;1;2;2130;3;1;1;1.0;2;421;;M;4568080.0;-91429.0;170
2997;201300003313;13;2;22;415;3;1;1;1.0;6;421;;M;4566760.0;-93780.0;170
2998;201300003314;13;4;7;245;3;1;1;1.0;6;421;;M;4569396.0;-97289.0;170
2999;201300003315;13;4;14;1545;1;1;1;1.0;3;228;;M;4566228.0;-94636.0;170
3000;201300003316;13;8;3;1430;1;2;1;1.0;1;421;;M;4567745.0;-91025.0;170
3001;201300003317;13;9;10;1200;1;1;1;1.0;7;393;;M;4568268.0;-87805.0;170
3002;201300003318;13;9;12;2300;3;1;1;1.0;7;393;;M;4569011.0;-83235.0;170
3003;201300003319;13;1;18;1045;1;1;1;4.0;6;344;;M;4585147.0;-52960.0;170
3004;201300003320;13;6;28;1530;1;1;1;1.0;7;294;;M;4602402.0;-68004.0;170
3005;201300003322;13;8;19;900;1;1;1;1.0;6;352;;M;4603203.0;-69873.0;170
3006;201300003324;13;9;29;245;5;2;2;2.0;3;347;av Ali?nor d'Aquitaine;M;4593427.0;-52644.0;170
3007;201300003325;13;10;9;2030;2;1;1;1.0;2;344;;M;4583841.0;-53640.0;170
3008;201300003326;13;11;22;1430;1;1;2;1.0;3;459;;M;4590878.0;-42473.0;170
3009;201300003327;13;12;28;615;5;1;1;2.0;6;46;;M;4593353.0;-61140.0;170
3010;201300003328;13;12;28;1130;1;1;3;1.0;3;252;;M;4587446.0;-70669.0;170
3011;201300003329;13;2;8;1845;2;1;1;1.0;7;24;;M;4600095.0;-30261.0;170
3012;201300003331;13;6;5;1200;1;1;1;1.0;1;139;;M;4612132.0;-53001.0;170
3013;201300003332;13;9;10;1730;1;1;1;1.0;1;234;;M;4607865.0;-57224.0;170
3014;201300003333;13;10;12;2045;3;1;3;1.0;6;327;;M;4609819.0;-64570.0;170
3015;201300003335;13;11;7;1815;5;1;1;1.0;1;464;;M;4607600.0;-53600.0;170
3016;201300003336;13;12;8;1645;1;1;2;1.0;3;367;;M;4595400.0;-34100.0;170
3017;201300003337;13;4;23;1745;1;1;1;1.0;3;126;;M;4585170.0;-34842.0;170
3018;201300003339;13;6;24;1215;1;1;1;1.0;2;224;;M;4585938.0;-31371.0;170
3019;201300003340;13;8;9;1930;1;1;1;1.0;2;71;;M;4590830.0;-33845.0;170
3020;201300003341;13;9;4;1200;1;1;1;1.0;1;25;;M;4589523.0;-41195.0;170
3021;201300003342;13;9;22;1115;1;2;2;1.0;3;224;R MARC JEANJEAN;M;4586709.0;-31038.0;170
3022;201300003343;13;10;15;1400;1;2;1;2.0;6;224;32 rue andr? brugerolles;M;4587110.0;-31701.0;170
3023;201300003344;13;10;29;1530;1;1;1;9.0;6;147;;M;4582659.0;-54189.0;170
3024;201300003345;13;3;8;1745;1;1;1;1.0;7;351;Route de Niort;M;0.0;0.0;790
3025;201300003346;13;1;13;200;3;2;1;1.0;6;257;6 ROUTE DU PONT PAIRE;M;0.0;0.0;790