;Num_Acc;an;mois;jour;hrmn;lum;agg;int;atm;col;com;adr;gps;lat;long;dep
3026;201300003347;13;2;16;1930;3;2;1;1.0;6;216;RUE DE L'AUMONERIE;M;0.0;0.0;790
3027;201300003348;13;6;6;530;2;1;1;1.0;5;170;;M;0.0;0.0;790
3028;201300003349;13;7;6;1200;1;1;1;1.0;1;170;;M;0.0;0.0;790
3029;201300003350;13;8;8;1345;1;1;1;1.0;1;34;RUE DES CHARMES;M;0.0;0.0;790
3030;201300003351;13;8;31;1630;1;1;1;1.0;7;257;;M;0.0;0.0;790
3031;201300003352;13;3;28;145;3;2;1;1.0;6;316;"LD ""VILLEDIEU-DU-PERRON""";M;0.0;0.0;790
3032;201300003353;13;5;5;1830;1;1;2;1.0;3;24;;M;0.0;0.0;790
3033;201300003354;13;5;9;430;5;2;1;1.0;6;270;47 AVENUE DE BLOSSAC;M;0.0;0.0;790
3034;201300003355;13;5;19;2230;5;2;1;1.0;6;48;ROUTE DE L'ATLANTIQUE;M;0.0;0.0;790
3035;201300003356;13;7;13;215;3;2;1;1.0;6;48;RUE DE L'ANCIENNE LAITER;M;0.0;0.0;790
3036;201300003357;13;9;20;2230;3;1;3;1.0;1;48;;M;0.0;0.0;790
3037;201300003358;13;1;24;1445;1;2;6;1.0;3;49;BD DE L'EUROPE;M;0.0;0.0;790
3038;201300003359;13;2;3;545;5;2;3;1.0;1;88;RUE DU STADE;M;0.0;0.0;790
3039;201300003360;13;3;21;2145;3;1;1;2.0;1;49;Sauveur-de-Givres-en-Mai;M;0.0;0.0;790
3040;201300003362;13;6;28;1215;1;1;1;1.0;1;38;;M;0.0;0.0;790
3041;201300003363;13;7;18;2100;1;1;1;1.0;5;49;"LD ""RIDJEU""";M;0.0;0.0;790
3042;201300003364;13;7;25;1045;1;2;1;1.0;1;49;BOULEVARD YOURI GAGARINE;M;0.0;0.0;790
3043;201300003365;13;8;4;700;1;1;1;1.0;6;49;RUE DE LA MAIRIE;M;0.0;0.0;790
3044;201300003366;13;8;16;830;1;2;1;1.0;6;49;BOULEVARD YOURI GAGARINE;M;0.0;0.0;790
3045;201300003367;13;9;28;1645;1;1;2;8.0;1;131;;M;0.0;0.0;790
3046;201300003368;13;11;20;630;5;2;1;1.0;6;49;12 RUE DU PERE;M;0.0;0.0;790
3047;201300003369;13;7;26;745;1;1;1;1.0;5;210;;M;0.0;0.0;790
3048;201300003370;13;1;14;1630;1;1;1;1.0;6;280;;M;0.0;0.0;790
3049;201300003371;13;1;11;945;1;1;2;7.0;3;299;"LD ""BOUCOEUR""";M;0.0;0.0;790
3050;201300003372;13;1;21;1030;1;1;1;2.0;7;250;;M;0.0;0.0;790
3051;201300003373;13;2;18;830;3;1;1;1.0;7;157;"LD ""VITRAY""";M;0.0;0.0;790
3052;201300003374;13;3;14;1930;3;1;1;1.0;7;99;"LD ""Sans Chien""";M;0.0;0.0;790
3053;201300003375;13;3;18;1015;1;1;1;3.0;1;299;;M;0.0;0.0;790
3054;201300003376;13;4;8;1730;1;1;1;1.0;6;53;;M;0.0;0.0;790
3055;201300003377;13;5;24;1700;1;1;1;8.0;6;63;;M;0.0;0.0;790
3056;201300003378;13;7;5;2220;3;1;2;1.0;3;134;;M;0.0;0.0;790
3057;201300003379;13;7;6;1745;1;1;1;1.0;7;171;;M;0.0;0.0;790
3058;201300003380;13;7;10;1415;1;2;1;1.0;6;13;PONT DE CIRON;M;0.0;0.0;790
3059;201300003381;13;9;22;1015;1;1;2;1.0;3;5;;M;0.0;0.0;790
3060;201300003382;13;2;18;1600;1;1;1;1.0;3;353;;M;0.0;0.0;790
3061;201300003383;13;3;24;1215;1;1;1;1.0;3;343;;M;0.0;0.0;790
3062;201300003384;13;5;9;300;3;1;1;1.0;6;327;;M;0.0;0.0;790
3063;201300003385;13;6;18;745;2;1;1;3.0;1;348;;M;0.0;0.0;790
3064;201300003386;13;7;2;1330;1;2;1;1.0;6;204;ROUTE DE MELLE;M;0.0;0.0;790
3065;201300003387;13;7;6;1615;1;1;1;1.0;3;279;"LD ""LE BOUCHET DU NAC""";M;0.0;0.0;790
3066;201300003388;13;1;28;1530;1;1;1;8.0;6;297;;M;0.0;0.0;790
3067;201300003389;13;2;15;1315;1;1;1;1.0;1;163;"LD ""LES BROUSSES""";M;0.0;0.0;790
3068;201300003390;13;6;2;1900;1;1;1;1.0;6;18;"LD ""PREMORIN""";M;0.0;0.0;790
3069;201300003391;13;6;12;1815;1;1;1;1.0;1;230;"LD ""LA ROCHE GOUPILLAUD""";M;0.0;0.0;790
3070;201300003392;13;7;21;1600;1;1;3;1.0;3;163;ROUTE DE MELLE;M;0.0;0.0;790
3071;201300003393;13;7;28;1715;1;2;1;1.0;1;136;11 RUE DU CENTRE;M;0.0;0.0;790
3072;201300003394;13;8;11;1845;1;1;6;1.0;7;150;;M;0.0;0.0;790
3073;201300003395;13;10;29;2100;3;1;1;1.0;1;95;;M;0.0;0.0;790
3074;201300003396;13;1;10;2015;3;1;1;8.0;6;172;"LD ""FOUGERET""";M;0.0;0.0;790
3075;201300003397;13;1;13;1530;1;1;1;1.0;3;172;;M;0.0;0.0;790
3076;201300003399;13;3;22;1800;1;1;1;1.0;7;253;"LD ""TUILLERIE DU DEFENS""";M;0.0;0.0;790
3077;201300003400;13;4;6;1815;1;2;7;1.0;3;121;;M;0.0;0.0;790
3078;201300003401;13;4;22;915;1;1;5;1.0;3;347;"LD ""LE RENAUDERIE""";M;0.0;0.0;790
3079;201300003402;13;8;5;1145;1;1;1;1.0;6;225;;M;0.0;0.0;790
3080;201300003403;13;8;22;600;3;1;1;1.0;1;80;;M;0.0;0.0;790
3081;201300003404;13;8;29;1500;1;1;1;1.0;1;347;;M;0.0;0.0;790
3082;201300003405;13;8;30;815;1;1;1;1.0;6;339;;M;0.0;0.0;790
3083;201300003406;13;8;30;1800;1;1;2;1.0;3;92;;M;0.0;0.0;790
3084;201300003407;13;4;17;1745;1;1;1;7.0;1;208;"LD ""LE CHALET""";M;0.0;0.0;790
3085;201300003408;13;5;22;915;1;1;1;1.0;3;5;"LD ""BARROUX""";M;0.0;0.0;790
3086;201300003409;13;8;10;700;1;1;1;1.0;7;156;;M;0.0;0.0;790
3087;201300003411;13;9;23;1330;1;1;1;7.0;1;208;;M;0.0;0.0;790
3088;201300003413;13;8;7;1215;1;2;1;1.0;6;1;14 PLACE DE L'EGLISE;M;0.0;0.0;790
3089;201300003415;13;4;18;2100;3;1;1;1.0;6;202;;M;4588100.0;110800.0;870
3090;201300003416;13;5;4;1630;1;2;1;1.0;2;1;route des Cars;M;0.0;0.0;870
3091;201300003417;13;8;17;2045;1;1;1;1.0;3;107;;M;4593100.0;119700.0;870
3092;201300003418;13;9;28;1745;5;2;1;1.0;6;1;Conore 5 RN 147;M;4597900.0;115900.0;870
3093;201300003420;13;12;15;1330;1;2;1;8.0;1;21;Rue de BEYNAC;M;4578500.0;119100.0;870
3094;201300003421;13;2;9;1245;1;1;1;4.0;5;157;;M;0.0;0.0;870
3095;201300003422;13;2;15;2145;3;1;1;1.0;7;178;;M;0.0;0.0;870
3096;201300003423;13;2;16;1945;1;1;1;1.0;1;2;;M;0.0;0.0;870
3097;201300003425;13;5;27;1715;1;1;1;1.0;1;2;;M;0.0;0.0;870
3098;201300003426;13;6;3;2115;1;1;1;1.0;6;2;;M;0.0;0.0;870
3099;201300003427;13;10;24;1200;1;1;1;1.0;3;2;;M;0.0;0.0;870
3100;201300003428;13;12;18;800;2;2;6;1.0;3;125;;M;0.0;0.0;870
3101;201300003429;13;5;1;2130;5;2;1;1.0;7;117;26 avenue de la tour;M;4581700.0;177100.0;870
3102;201300003430;13;8;5;1945;1;1;1;1.0;6;104;;M;0.0;0.0;870
3103;201300003431;13;8;23;1645;1;1;1;1.0;6;117;;M;0.0;0.0;870
3104;201300003432;13;5;7;830;1;1;1;1.0;6;129;;M;0.0;0.0;870
3105;201300003433;13;1;25;1745;5;2;1;1.0;7;106;Rue Champlain;M;0.0;0.0;870
3106;201300003434;13;3;11;845;3;1;1;2.0;6;82;;M;0.0;0.0;870
3107;201300003435;13;3;13;1215;1;2;1;1.0;7;49;Le moulin autier;M;0.0;0.0;870
3108;201300003436;13;4;16;1700;1;1;1;1.0;6;96;;M;0.0;0.0;870
3109;201300003437;13;5;14;1315;1;2;1;1.0;6;150;18 RUE DES CAPUCINES;M;0.0;0.0;870
3110;201300003438;13;7;12;1900;1;1;1;1.0;6;150;;M;0.0;0.0;870
3111;201300003439;13;7;24;845;1;1;1;1.0;1;60;;M;0.0;0.0;870
3112;201300003440;13;8;13;830;1;1;1;1.0;6;66;;M;0.0;0.0;870
3113;201300003441;13;12;3;1345;1;1;1;1.0;6;124;;M;0.0;0.0;870
3114;201300003443;13;4;7;1930;1;1;1;1.0;7;12;;M;0.0;0.0;870
3115;201300003444;13;4;16;915;1;1;1;1.0;3;11;;M;0.0;0.0;870
3116;201300003445;13;8;25;1245;1;1;1;3.0;6;12;;M;0.0;0.0;870
3117;201300003446;13;9;8;515;3;1;1;1.0;6;56;;M;0.0;0.0;870
3118;201300003447;13;10;18;1130;1;1;1;1.0;2;89;;M;0.0;0.0;870
3119;201300003448;13;12;6;2215;3;1;9;8.0;6;109;;M;0.0;0.0;870
3120;201300003449;13;2;28;1945;3;1;1;4.0;7;122;;M;0.0;0.0;870
3121;201300003451;13;3;21;1315;1;1;2;1.0;3;122;;M;0.0;0.0;870
3122;201300003452;13;6;24;2130;3;1;1;1.0;7;13;;M;0.0;0.0;870
3123;201300003453;13;7;12;1600;1;1;1;1.0;3;45;;M;0.0;0.0;870
3124;201300003454;13;7;25;915;1;1;1;1.0;6;14;;M;0.0;0.0;870
3125;201300003455;13;7;28;1745;1;1;1;1.0;3;197;;M;0.0;0.0;870
3126;201300003456;13;10;8;845;3;1;1;8.0;1;14;;M;0.0;0.0;870
3127;201300003457;13;7;6;830;1;2;1;1.0;1;87;st louis et jean brac;M;4634700.0;117300.0;870
3128;201300003458;13;1;6;1300;1;1;1;1.0;2;154;;M;0.0;0.0;870
3129;201300003459;13;3;27;800;1;1;1;7.0;2;30;;M;0.0;0.0;870
3130;201300003460;13;8;10;2045;1;1;1;7.0;5;154;;M;0.0;0.0;870
3131;201300003461;13;9;10;1730;1;1;2;1.0;1;185;;M;0.0;0.0;870
3132;201300003462;13;3;27;1715;1;1;1;7.0;6;158;;M;0.0;0.0;870
3133;201300003463;13;8;20;1345;1;1;1;1.0;6;137;;M;4574500.0;80300.0;870
3134;201300003465;13;4;7;30;3;1;1;1.0;1;98;;M;4519800.0;183900.0;190
3135;201300003466;13;5;19;1;3;1;1;3.0;7;96;;M;4541400.0;140500.0;190
3136;201300003467;13;7;7;2130;1;1;1;1.0;6;207;;M;0.0;0.0;190
3137;201300003468;13;9;6;1600;1;1;1;1.0;5;85;;M;4552600.0;138900.0;190
3138;201300003470;13;5;7;1900;1;1;1;1.0;1;91;;M;4507600.0;197700.0;190
3139;201300003471;13;6;15;1545;1;2;6;1.0;6;10;Avenue Pierre et Marie C;M;4509800.0;193200.0;190
3140;201300003472;13;8;21;1900;1;1;1;1.0;7;192;;M;4513300.0;192500.0;190
3141;201300003473;13;5;2;1515;1;2;1;1.0;1;56;Le mas;M;4528600.0;197200.0;190
3142;201300003474;13;6;8;1300;1;1;1;2.0;7;264;;M;4526000.0;222300.0;190
3143;201300003475;13;8;22;1245;1;2;1;1.0;6;56;le bourg;M;4528300.0;197000.0;190
3144;201300003476;13;2;7;2000;3;1;1;1.0;7;129;;M;4554400.0;154800.0;190
3145;201300003477;13;4;6;1830;1;2;3;1.0;5;276;29 rue Pierre MOULY;M;4543800.0;156600.0;190
3146;201300003478;13;7;27;1045;1;1;3;7.0;3;213;;M;0.0;0.0;190
3147;201300003479;13;9;9;1800;1;1;1;2.0;7;1;;M;4551000.0;178600.0;190
3148;201300003480;13;10;22;1615;1;2;1;3.0;6;36;Av Archambaud de Comborn;M;4542700.0;157700.0;190
3149;201300003481;13;10;26;1030;1;1;1;2.0;7;240;;M;4539900.0;173400.0;190
3150;201300003482;13;1;13;100;3;1;1;2.0;7;66;;M;0.0;0.0;190
3151;201300003483;13;3;21;1815;1;2;1;1.0;1;123;;M;4517400.0;156300.0;190
3152;201300003484;13;6;17;1000;1;2;1;1.0;6;123;Av Capitaine Taurisson;M;4517900.0;158100.0;190
3153;201300003485;13;7;9;1100;1;1;1;1.0;2;229;;M;4515000.0;144600.0;190
3154;201300003486;13;8;26;1015;1;2;1;1.0;3;123;Avenue Leo Lagrange;M;0.0;0.0;190
3155;201300003488;13;10;19;1815;1;2;1;1.0;1;229;Avenue du 11 novembre 19;M;0.0;0.0;190
3156;201300003489;13;10;21;1945;4;2;1;1.0;3;31;Av. de la Riante Borie;M;4516900.0;155500.0;190
3157;201300003491;13;11;26;1015;2;1;1;1.0;3;66;;M;4514700.0;133900.0;190
3158;201300003492;13;12;4;1145;1;2;1;1.0;1;123;avenue honore de balzac;M;0.0;0.0;190
3159;201300003493;13;12;11;1745;1;1;1;1.0;1;229;vineviale;M;4513017.0;143448.0;190
3160;201300003494;13;12;18;1600;1;2;1;7.0;6;123;33 avenue Jean Jaures;M;4517085.0;156631.0;190
3161;201300003495;13;11;3;2015;3;2;1;2.0;6;126;La Jarrige;M;4504100.0;174700.0;190
3162;201300003496;13;1;31;1645;1;1;1;2.0;6;5;;M;4525400.0;148600.0;190
3163;201300003497;13;2;12;2345;3;1;1;2.0;7;5;;M;4524800.0;141600.0;190
3164;201300003498;13;3;10;1515;1;2;1;1.0;6;274;Rue basse;M;4519700.0;150600.0;190
3165;201300003499;13;3;13;1315;1;1;1;1.0;3;5;;M;4524500.0;142500.0;190
3166;201300003500;13;3;22;1415;1;1;1;1.0;3;246;;M;0.0;0.0;190
3167;201300003501;13;6;6;1845;1;1;1;1.0;2;202;;M;4524900.0;161900.0;190
3168;201300003502;13;7;28;1100;2;1;1;1.0;6;72;;M;4524200.0;149700.0;190
3169;201300003503;13;10;25;1215;1;2;1;1.0;3;278;Rue Edmond Michelet;M;4519800.0;145000.0;190
3170;201300003504;13;11;1;2030;5;2;1;2.0;6;5;Le saillant;M;4528000.0;146000.0;190
3171;201300003505;13;11;25;1400;1;1;1;8.0;6;243;;M;4537700.0;134800.0;190
3172;201300003506;13;1;2;1745;2;2;1;1.0;6;153;Avenue Raymond POINCARE;M;0.0;0.0;190
3173;201300003507;13;4;12;1530;1;1;1;2.0;7;289;;M;4520900.0;138500.0;190
3174;201300003508;13;5;1;1600;1;1;1;1.0;6;35;;M;4531700.0;134400.0;190
3175;201300003509;13;7;9;1945;1;1;1;7.0;3;161;;M;4524200.0;134800.0;190
3176;201300003510;13;11;28;750;2;1;1;1.0;6;288;lycee agricole;M;4527869.0;141818.0;190
3177;201300003512;13;9;18;730;1;1;1;2.0;1;247;;M;4547700.0;235400.0;190
3178;201300003513;13;11;2;1700;1;1;3;2.0;3;252;;M;4542400.0;245000.0;190
3179;201300003514;13;3;5;1730;1;1;1;1.0;3;130;;M;4547500.0;214200.0;190
3180;201300003515;13;10;22;1630;1;2;1;8.0;3;164;RD174E3 rte de la jasse;M;4572600.0;208800.0;190
3181;201300003516;13;12;4;1915;5;1;1;9.0;6;130;;M;4547200.0;214500.0;190
3182;201300003518;13;2;15;1645;1;2;1;1.0;6;44;6 Route du Berry;M;4635734.0;177535.0;230
3183;201300003519;13;3;26;1400;1;1;1;1.0;7;64;;M;4626200.0;209300.0;230
3184;201300003520;13;4;19;1830;1;1;1;1.0;7;130;;M;4642200.0;180500.0;230
3185;201300003521;13;12;9;1530;1;1;1;9.0;1;62;;M;4634800.0;180200.0;230
3186;201300003522;13;1;26;45;3;1;1;1.0;7;145;;M;0.0;0.0;230
3187;201300003523;13;6;15;1845;1;2;1;1.0;3;93;Av du G?n?ral De Gaulle;M;4619400.0;224100.0;230
3188;201300003524;13;8;25;2130;3;1;1;2.0;6;9;;M;0.0;0.0;230
3189;201300003525;13;9;20;1715;1;1;1;7.0;6;167;Le Cros;M;4613800.0;244000.0;230
3190;201300003526;13;11;29;745;2;1;1;9.0;6;149;;M;0.0;0.0;230
3191;201300003527;13;2;23;1930;3;1;1;4.0;7;244;;M;4629521.0;167909.0;230
3192;201300003528;13;3;30;2045;3;1;1;5.0;1;176;;M;0.0;0.0;230
3193;201300003529;13;7;18;1330;1;1;1;1.0;1;95;;M;4622000.0;168900.0;230
3194;201300003530;13;8;3;1;3;1;1;3.0;6;263;;M;4633700.0;172900.0;230
3195;201300003531;13;11;20;1745;2;1;1;1.0;2;95;;M;4615600.0;165400.0;230
3196;201300003532;13;11;21;2045;3;1;1;1.0;6;39;;M;0.0;0.0;230
3197;201300003533;13;5;22;1345;1;2;7;1.0;6;8;Rue Roger Cerclier;M;4595800.0;216900.0;230
3198;201300003534;13;1;1;45;3;1;1;1.0;6;66;;M;4599300.0;246700.0;230
3199;201300003535;13;10;2;1915;2;1;1;8.0;1;241;;M;0.0;0.0;230
3200;201300003536;13;1;2;1000;1;1;1;2.0;6;81;;M;4579300.0;238100.0;230
3201;201300003537;13;4;17;1145;1;1;1;1.0;6;19;;M;4578200.0;230400.0;230
3202;201300003538;13;6;19;1030;1;2;1;3.0;6;30;Avenue du docteur BUTAUD;M;4596000.0;175700.0;230
3203;201300003539;13;1;7;745;2;2;1;8.0;6;44;Route de Lavaur;M;0.0;0.0;310
3204;201300003540;13;2;7;1730;1;2;2;8.0;3;501;plaine d en bourg;M;0.0;0.0;310
3205;201300003541;13;2;15;1730;1;2;9;8.0;3;573;avenue du 19 mars 1962;M;4365912.0;166485.0;310
3206;201300003542;13;3;7;1345;1;2;1;1.0;6;44;RD 50 RTE DE MONS;M;4360986.0;149992.0;310
3207;201300003543;13;4;24;1830;1;1;1;7.0;1;163;;M;4359950.0;162195.0;310
3208;201300003544;13;5;22;1615;1;1;1;1.0;6;184;;M;4360320.0;154617.0;310
3209;201300003545;13;8;2;1800;1;1;1;1.0;6;418;route de Toulouse;M;0.0;0.0;310
3210;201300003547;13;10;31;1200;1;1;1;1.0;7;512;;M;4357208.0;161774.0;310
3211;201300003548;13;11;20;200;5;2;1;1.0;7;44;AVENUE DES AEROSTIERS;M;4360867.0;148876.0;310
3212;201300003549;13;11;26;1715;2;1;1;1.0;6;163;route de castres;M;4359509.0;159258.0;310
3213;201300003551;13;12;19;1230;1;2;1;1.0;1;44;Avenue Charles de Gaulle;M;4359524.0;149744.0;310
3214;201300003552;13;1;29;1715;1;2;1;8.0;7;113;Avenue du lauragais;M;0.0;0.0;310
3215;201300003553;13;2;9;645;3;1;1;1.0;6;448;;M;4349300.0;149800.0;310
3216;201300003556;13;10;11;1130;1;1;3;1.0;5;384;rte longagno/rte baziège;M;4347748.0;157776.0;310
3217;201300003557;13;10;17;1515;1;1;1;1.0;6;113;;M;0.0;0.0;310
3218;201300003558;13;12;14;30;3;1;1;2.0;5;402;;M;0.0;0.0;310
3219;201300003559;13;3;11;1615;1;2;1;1.0;3;202;715 AVENUE DE TOULOUSE;M;4382847.0;139390.0;310
3220;201300003560;13;4;27;1745;1;1;1;1.0;2;118;;M;0.0;0.0;310
3221;201300003561;13;6;25;1245;1;1;1;1.0;3;583;lieudit raygades;M;4382356.0;146994.0;310
3222;201300003562;13;7;19;1845;1;1;1;7.0;3;202;1875 route de grisolles;M;4384193.0;136273.0;310
3223;201300003563;13;10;5;2100;1;1;1;2.0;1;118;;M;0.0;0.0;310
3224;201300003564;13;10;6;800;1;2;4;1.0;3;79;chemin de fompigasse;M;4378729.0;141705.0;310
3225;201300003565;13;10;26;1500;1;2;1;1.0;1;584;Rue de la bataille;M;4386780.0;150282.0;310
3226;201300003566;13;1;4;845;1;2;1;8.0;1;403;CD 17 -Sortie aglo;M;4377897.0;130724.0;310
3227;201300003567;13;2;14;1730;1;1;1;8.0;5;356;route de Toulouse;M;4368560.0;124647.0;310
3228;201300003568;13;3;23;1900;1;2;1;1.0;6;232;193 ch de la Montagne;M;4376300.0;129655.0;310
3229;201300003569;13;3;25;1545;1;1;1;1.0;1;553;;M;0.0;0.0;310
3230;201300003570;13;4;4;945;1;1;1;1.0;7;338;;M;0.0;0.0;310
3231;201300003571;13;4;20;1115;1;1;2;1.0;5;553;RD 1/RD 58;M;0.0;0.0;310
3232;201300003572;13;4;26;1745;1;1;2;2.0;3;592;;M;0.0;0.0;310
3233;201300003573;13;6;3;1430;1;1;1;1.0;6;553;;M;0.0;0.0;310
3234;201300003575;13;7;4;2000;1;1;1;1.0;3;403;1 avenue de grisolles;M;4378708.0;130084.0;310
3235;201300003576;13;7;18;1445;1;2;1;1.0;1;403;CD 29 -;M;4378180.0;131420.0;310
3236;201300003577;13;9;24;1530;1;1;1;1.0;3;444;;M;4375010.0;105849.0;310
3237;201300003578;13;11;3;200;3;1;1;3.0;7;90;;M;0.0;0.0;310
3238;201300003579;13;3;2;1530;1;2;1;1.0;7;417;241 chemin de Bégué;M;4363083.0;123510.0;310
3239;201300003580;13;4;19;1400;1;2;1;2.0;6;417;route de Lèguevin;M;4361361.0;127082.0;310
3240;201300003581;13;5;7;1545;1;1;1;1.0;2;496;;M;0.0;0.0;310
3241;201300003582;13;8;9;1030;1;1;1;1.0;3;417;route de lévignac;M;4363433.0;123249.0;310
3242;201300003583;13;10;27;1015;1;2;1;1.0;3;297;avenue de la save;M;4366818.0;119126.0;310
3243;201300003586;13;2;20;1015;1;2;1;1.0;6;433;Rue des Frënes;M;4354194.0;141120.0;310
3244;201300003587;13;6;18;2015;2;1;2;2.0;1;420;;M;4350510.0;137524.0;310
3245;201300003588;13;3;29;1530;1;1;1;1.0;1;490;;M;0.0;0.0;310
3246;201300003589;13;4;3;1345;1;1;1;1.0;5;182;159 route de paris;M;4369574.0;140036.0;310
3247;201300003590;13;4;4;800;1;2;1;1.0;1;182;route de Paris;M;4368130.0;140744.0;310
3248;201300003591;13;4;3;1815;1;2;6;1.0;6;252;D20 - rond point;M;4373682.0;146893.0;310
3249;201300003592;13;4;10;1530;1;1;7;1.0;6;91;;M;4372749.0;141114.0;310
3250;201300003593;13;4;16;2100;5;1;1;1.0;4;182;;M;0.0;0.0;310
3251;201300003594;13;4;27;915;1;1;1;1.0;1;490;;M;0.0;0.0;310
3252;201300003595;13;6;18;1930;1;1;1;3.0;7;136;2732 rte de mouyssagues;M;4375647.0;144189.0;310
3253;201300003596;13;7;19;1515;1;1;1;1.0;3;182;;M;0.0;0.0;310
3254;201300003600;13;10;3;1500;1;1;1;2.0;6;91;;M;0.0;0.0;310
3255;201300003601;13;10;30;1215;1;1;1;1.0;1;22;;M;4366760.0;141733.0;310
3256;201300003602;13;12;13;1230;1;2;1;1.0;1;230;route de Bruguières;M;4371628.0;141798.0;310
3257;201300003603;13;1;2;600;2;1;1;5.0;6;94;;M;0.0;0.0;310
3258;201300003604;13;1;14;915;1;2;1;1.0;3;488;Chemin de Belbèze;M;4366327.0;150444.0;310
3259;201300003605;13;2;9;1815;5;2;1;3.0;6;488;2 ch du bois de saget;M;4366267.0;149783.0;310
3260;201300003607;13;4;4;1845;1;1;1;3.0;3;407;;M;0.0;0.0;310
3261;201300003608;13;5;17;815;1;1;1;1.0;1;49;;M;4373803.0;150302.0;310
3262;201300003609;13;9;13;1715;1;2;1;1.0;6;555;308 rte de castres-31066;M;0.0;0.0;310
3263;201300003610;13;10;1;1700;1;2;1;1.0;3;488;Route d'Albi;M;4366388.0;150123.0;310
3264;201300003611;13;10;23;2245;5;2;1;1.0;1;488;route d'albi;M;0.0;0.0;310
3265;201300003612;13;11;9;2030;5;2;1;2.0;6;561;59 avenue de Toulouse;M;4365759.0;148078.0;310
3266;201300003613;13;11;16;1415;1;1;1;8.0;1;388;;M;0.0;0.0;310
3267;201300003614;13;12;5;1115;1;1;1;5.0;6;94;;M;0.0;0.0;310
3268;201300003615;13;12;12;1445;1;1;1;7.0;1;94;;M;0.0;0.0;310
3269;201300003616;13;12;22;315;5;2;1;1.0;6;117;RD 888 rte d'albi;M;4367454.0;152696.0;310
3270;201300003617;13;12;22;715;2;1;1;5.0;6;94;;M;0.0;0.0;310
3271;201300003618;13;1;2;1630;1;1;2;1.0;6;165;rte villate/ch pont vieu;M;4345059.0;136974.0;310
3272;201300003619;13;6;18;1545;1;1;1;2.0;6;165;;M;0.0;0.0;310
3273;201300003621;13;12;20;2030;3;1;1;1.0;5;299;;M;4340900.0;119600.0;310
3274;201300003622;13;12;21;1930;3;1;1;1.0;7;263;;M;0.0;0.0;310
3275;201300003623;13;1;12;900;1;2;1;8.0;3;33;9 route d'espagne;M;4333547.0;148376.0;310
3276;201300003624;13;1;11;1700;2;1;1;1.0;6;24;;M;0.0;0.0;310
3277;201300003625;13;4;23;1800;1;1;1;1.0;3;332;RD 622;M;4336237.0;153831.0;310
3278;201300003626;13;4;23;2130;5;1;1;1.0;6;100;;M;4327760.0;164102.0;310
3279;201300003627;13;5;17;1745;1;1;1;1.0;3;145;;M;4330622.0;152074.0;310
3280;201300003628;13;5;25;1345;1;1;1;8.0;5;145;;M;0.0;0.0;310
3281;201300003629;13;6;4;1700;1;1;1;1.0;6;100;rue rené vidal;M;4328252.0;163286.0;310
3282;201300003630;13;6;4;1600;1;2;1;1.0;3;33;route de Toulouse;M;4336325.0;145870.0;310
3283;201300003631;13;7;5;1800;1;1;1;1.0;3;345;;M;0.0;0.0;310
3284;201300003632;13;7;16;1300;1;1;1;1.0;1;396;;M;0.0;0.0;310
3285;201300003633;13;7;27;845;1;1;1;1.0;5;33;;M;0.0;0.0;310
3286;201300003634;13;8;8;2230;5;2;1;9.0;6;33;6 avenue Justin Pagès;M;4335477.0;146368.0;310
3287;201300003637;13;10;4;900;1;2;1;2.0;6;33;route d'Espagne;M;4335050.0;147070.0;310
3288;201300003639;13;10;16;1645;1;1;1;1.0;6;264;;M;0.0;0.0;310
3289;201300003640;13;11;12;815;1;1;3;2.0;3;442;;M;0.0;0.0;310
3290;201300003641;13;11;21;2245;3;1;1;4.0;6;100;;M;0.0;0.0;310
3291;201300003642;13;1;1;1500;1;1;1;8.0;3;416;;M;4332493.0;118966.0;310
3292;201300003643;13;5;3;1230;1;1;1;1.0;1;107;;M;4329046.0;121649.0;310
3293;201300003644;13;5;7;845;1;2;1;1.0;1;52;avenue de la Lèze;M;0.0;0.0;310
3294;201300003645;13;6;15;1815;1;1;1;7.0;6;303;;M;0.0;0.0;310
3295;201300003646;13;7;20;1045;1;1;1;1.0;1;104;;M;4333910.0;127457.0;310
3296;201300003647;13;8;26;1230;1;2;2;1.0;3;107;Place ferry/rue gambetta;M;4329404.0;122660.0;310
3297;201300003649;13;10;30;1500;1;1;1;7.0;2;107;CD 627;M;4332130.0;122148.0;310
3298;201300003650;13;11;9;300;3;1;1;1.0;7;287;;M;0.0;0.0;310
3299;201300003652;13;12;29;1600;1;1;2;1.0;3;84;ave pyrénées/côte lanne;M;0.0;0.0;310
3300;201300003653;13;1;16;730;2;1;1;3.0;1;499;route de saint clar;M;0.0;0.0;310
3301;201300003654;13;1;27;430;3;1;6;5.0;7;188;;M;4356895.0;119902.0;310
3302;201300003655;13;4;25;1915;1;2;1;1.0;3;424;47 avenue montaigne;M;0.0;0.0;310
3303;201300003657;13;6;5;1530;1;1;1;1.0;3;499;route de fontenilles;M;4352407.0;118170.0;310
3304;201300003658;13;7;9;745;1;2;2;1.0;3;187;rte de tarbes/rue église;M;4353883.0;123404.0;310
3305;201300003659;13;7;10;1930;1;1;1;1.0;7;424;route de frouzins;M;4354037.0;130006.0;310
3306;201300003660;13;7;16;800;1;2;2;1.0;3;424;rue acacias/rue bordiers;M;4356952.0;129185.0;310
3307;201300003661;13;8;11;2315;5;2;4;1.0;3;187;RTE DE TARBES/RTE BRAGOT;M;4354016.0;123628.0;310