;Num_Acc;an;mois;jour;hrmn;lum;agg;int;atm;col;com;adr;gps;lat;long;dep
3308;201300003662;13;9;15;1845;1;2;1;1.0;6;424;39 route de Toulouse;M;4357199.0;131226.0;310
3309;201300003663;13;10;1;1730;1;2;6;1.0;1;526;F. Mitterrand;M;4357730.0;127252.0;310
3310;201300003665;13;11;6;1830;5;2;1;1.0;3;424;72 rue de la Hille;M;4356727.0;127494.0;310
3311;201300003666;13;1;7;1815;5;2;1;5.0;6;585;;M;4312100.0;66700.0;310
3312;201300003667;13;2;2;330;3;1;1;3.0;6;372;;M;0.0;0.0;310
3313;201300003668;13;3;3;2115;4;2;1;1.0;6;323;1 avenue de luchon;M;4307877.0;64052.0;310
3314;201300003669;13;5;22;1130;1;1;1;2.0;4;556;;M;0.0;0.0;310
3315;201300003670;13;6;11;1200;1;1;1;1.0;1;274;;M;0.0;0.0;310
3316;201300003671;13;7;12;1515;1;2;1;7.0;7;158;RD 34 D;M;4309970.0;53627.0;310
3317;201300003672;13;7;21;1015;1;2;1;7.0;1;585;route voie romaine;M;4313240.0;69149.0;310
3318;201300003673;13;8;20;1000;1;2;1;1.0;6;585;Chemin du Garros Naou;M;4312700.0;67400.0;310
3319;201300003674;13;9;7;45;3;1;1;2.0;6;585;;M;4310622.0;68687.0;310
3320;201300003675;13;9;17;1900;1;2;1;1.0;6;586;RD39;M;0.0;0.0;310
3321;201300003676;13;9;29;645;5;2;1;2.0;2;31;RD 817;M;4309050.0;58165.0;310
3322;201300003677;13;10;20;500;3;1;1;1.0;6;305;;M;4315500.0;57700.0;310
3323;201300003678;13;11;3;200;3;1;1;3.0;7;586;;M;0.0;0.0;310
3324;201300003679;13;12;20;1545;1;1;1;1.0;1;308;;M;0.0;0.0;310
3325;201300003680;13;12;21;230;3;1;1;1.0;1;536;;M;0.0;0.0;310
3326;201300003681;13;1;5;1200;1;2;1;1.0;6;471;Avenue Gallieni;M;0.0;0.0;310
3327;201300003682;13;5;10;1145;1;1;1;1.0;5;190;;M;0.0;0.0;310
3328;201300003683;13;5;25;1400;1;2;1;1.0;1;42;22 Allées d'Etigny;M;4278872.0;59239.0;310
3329;201300003684;13;7;16;315;5;2;1;1.0;6;42;rue Pierre Baysse;M;0.0;0.0;310
3330;201300003685;13;9;22;1045;1;1;1;1.0;3;176;;M;4293925.0;64512.0;310
3331;201300003686;13;12;15;300;3;1;1;1.0;1;144;;M;0.0;0.0;310
3332;201300003687;13;12;15;1030;1;2;1;1.0;1;471;rue de l'Anglade - RN125;M;0.0;0.0;310
3333;201300003688;13;12;29;245;3;1;1;9.0;6;404;;M;4279954.0;51048.0;310
3334;201300003689;13;2;14;900;1;1;1;2.0;7;80;;M;0.0;0.0;310
3335;201300003690;13;3;31;1115;1;1;1;8.0;6;80;;M;0.0;0.0;310
3336;201300003691;13;3;30;1215;1;2;1;1.0;3;80;38 RUE porte de dessus;M;4328985.0;64495.0;310
3337;201300003692;13;5;18;945;1;1;1;1.0;3;178;;M;0.0;0.0;310
3338;201300003693;13;6;9;1330;1;1;1;3.0;7;347;;M;0.0;0.0;310
3339;201300003694;13;6;15;1900;1;1;1;1.0;7;1;;M;0.0;0.0;310
3340;201300003695;13;7;20;2200;3;1;1;1.0;6;443;;M;0.0;0.0;310
3341;201300003696;13;8;5;1445;1;1;1;1.0;3;468;;M;0.0;0.0;310
3342;201300003697;13;8;11;1345;1;1;1;1.0;6;386;;M;0.0;0.0;310
3343;201300003698;13;9;4;1730;1;1;1;1.0;1;218;;M;0.0;0.0;310
3344;201300003699;13;11;12;1130;1;1;3;2.0;3;307;;M;0.0;0.0;310
3345;201300003700;13;9;25;1645;1;1;1;1.0;2;114;;M;0.0;0.0;310
3346;201300003701;13;9;26;715;5;2;1;1.0;6;523;route de St Girons;M;0.0;0.0;310
3347;201300003702;13;12;8;300;5;1;1;5.0;7;59;;M;0.0;0.0;310
3348;201300003703;13;1;22;630;3;1;1;9.0;6;560;;M;0.0;0.0;310
3349;201300003704;13;3;2;1730;1;1;1;1.0;1;331;;M;4352216.0;172583.0;310
3350;201300003705;13;6;4;915;1;1;3;1.0;1;582;;M;4339730.0;170445.0;310
3351;201300003706;13;7;3;815;1;1;2;2.0;3;571;RD11/RD826;M;0.0;0.0;310
3352;201300003707;13;7;5;1645;1;1;1;1.0;3;374;écluse de Négra;M;4342810.0;161711.0;310
3353;201300003708;13;7;18;515;5;1;1;1.0;1;582;;M;4340050.0;171268.0;310
3354;201300003709;13;7;29;2000;1;1;1;1.0;3;37;;M;0.0;0.0;310
3355;201300003710;13;8;22;1345;1;1;2;7.0;2;54;;M;0.0;0.0;310
3356;201300003711;13;9;15;130;3;1;1;1.0;1;137;;M;4376200.0;123300.0;310
3357;201300003712;13;11;29;2145;3;1;1;2.0;1;328;;M;0.0;0.0;310
3358;201300003713;13;12;11;830;1;1;1;1.0;6;26;;M;0.0;0.0;310
3359;201300003714;13;12;23;1730;2;1;1;2.0;6;54;;M;0.0;0.0;310
3360;201300003715;13;1;1;1600;1;1;1;2.0;3;451;;M;0.0;0.0;310
3361;201300003716;13;1;9;745;3;1;2;8.0;3;451;route de toulouse;M;0.0;0.0;310
3362;201300003717;13;2;4;1315;1;1;1;2.0;3;451;;M;0.0;0.0;310
3363;201300003718;13;5;26;2130;2;1;1;1.0;7;463;;M;0.0;0.0;310
3364;201300003719;13;10;15;1645;1;1;1;1.0;1;478;;M;4344887.0;191626.0;310
3365;201300003721;13;10;27;1415;1;1;1;1.0;7;224;;M;4308354.0;143490.0;90
3366;201300003722;13;1;16;1215;1;2;6;2.0;6;160;avenue jean jaures;M;0.0;0.0;90
3367;201300003723;13;2;2;1800;3;1;1;4.0;6;93;;M;4292923.0;170514.0;90
3368;201300003724;13;3;2;1500;1;2;1;1.0;2;106;Route de MIREPOIX;M;4294630.0;185858.0;90
3369;201300003725;13;4;15;2030;2;2;1;1.0;6;47;Lieu dit Laborie;M;4291083.0;195447.0;90
3370;201300003726;13;4;16;815;1;1;1;1.0;7;215;;M;4291344.0;177510.0;90
3371;201300003727;13;5;18;1245;1;1;1;1.0;3;206;;M;4291454.0;179391.0;90
3372;201300003728;13;6;19;1445;1;2;1;1.0;6;160;Avenue Jean JAURES;M;4293138.0;184613.0;90
3373;201300003729;13;7;9;1415;1;1;1;1.0;1;47;;M;4291123.0;195997.0;90
3374;201300003730;13;7;10;1915;1;1;1;1.0;1;157;;M;4297110.0;183554.0;90
3375;201300003731;13;7;27;1415;1;1;1;1.0;6;160;;M;4293449.0;184928.0;90
3376;201300003732;13;9;7;2030;1;1;1;2.0;6;215;;M;4291220.0;178347.0;90
3377;201300003733;13;2;7;215;3;1;1;4.0;6;188;;M;4288336.0;162307.0;90
3378;201300003734;13;4;6;2045;3;1;1;3.0;6;306;;M;4285229.0;158927.0;90
3379;201300003735;13;4;20;2045;1;1;6;1.0;2;306;;M;4291820.0;164047.0;90
3380;201300003736;13;4;14;2230;5;2;1;1.0;1;238;CD119;M;4309311.0;172434.0;90
3381;201300003737;13;4;17;845;1;2;2;1.0;3;265;Intersection D11/D11E;M;4308108.0;162401.0;90
3382;201300003738;13;4;26;300;3;1;1;1.0;6;116;;M;4312957.0;155206.0;90
3383;201300003739;13;6;21;1200;1;1;1;1.0;5;264;;M;4303380.0;162086.0;90
3384;201300003740;13;10;23;1030;1;1;1;1.0;1;332;;M;4306175.0;164648.0;90
3385;201300003741;13;12;15;1245;1;2;1;1.0;3;265;rue Jules Guesdes;M;4308500.0;162500.0;90
3386;201300003742;13;2;12;1830;5;2;1;2.0;6;167;Avenue de Toulouse;M;4327926.0;134737.0;90
3387;201300003743;13;1;3;1115;1;1;3;1.0;5;178;;M;4310398.0;191690.0;90
3388;201300003744;13;12;4;730;2;1;1;9.0;3;74;;M;4302987.0;194433.0;90
3389;201300003745;13;3;3;30;3;1;1;1.0;1;76;;M;4327042.0;155163.0;90
3390;201300003746;13;5;31;745;1;1;1;3.0;3;282;;M;4320802.0;155942.0;90
3391;201300003747;13;6;12;30;3;1;1;1.0;6;315;;M;4315533.0;170709.0;90
3392;201300003748;13;6;24;645;1;2;1;1.0;6;185;ROUTE DE MOLANDIER;M;4325303.0;168211.0;90
3393;201300003749;13;7;28;30;3;1;1;1.0;7;199;;M;4318292.0;170330.0;90
3394;201300003750;13;8;8;1845;1;1;2;1.0;1;282;;M;4324068.0;158563.0;90
3395;201300003751;13;8;20;1800;1;1;1;1.0;1;282;;M;0.0;0.0;90
3396;201300003752;13;10;27;1445;1;1;2;1.0;3;199;;M;4318493.0;164030.0;90
3397;201300003753;13;10;31;2000;3;2;2;2.0;3;282;Route de Toulouse;M;4323914.0;157288.0;90
3398;201300003754;13;12;5;930;3;1;1;1.0;6;282;;M;4323062.0;160080.0;90
3399;201300003755;13;1;7;545;3;1;1;9.0;7;111;;M;4294301.0;103832.0;90
3400;201300003756;13;5;1;530;3;1;1;1.0;6;82;;M;0.0;0.0;90
3401;201300003757;13;6;28;900;1;2;1;1.0;6;261;rue du bourg;M;4298421.0;114471.0;90
3402;201300003758;13;7;6;830;1;1;1;1.0;6;14;;M;4293201.0;98542.0;90
3403;201300003759;13;12;12;1745;1;2;1;7.0;6;261;Bvd G?n?ral de Gaulle;M;0.0;0.0;90
3404;201300003760;13;12;14;500;4;2;1;3.0;2;261;avenue aristide berges;M;4299285.0;113728.0;90
3405;201300003761;13;5;6;1915;1;1;1;1.0;7;65;;M;4290629.0;142809.0;90
3406;201300003763;13;10;20;715;1;2;1;1.0;1;86;cd117;M;4303400.0;108400.0;90
3407;201300003764;13;5;17;2251;5;2;1;8.0;7;168;17, LEON LHERMITTE (RUE);M;4905141.0;340437.0;20
3408;201300003766;13;6;14;1400;1;2;7;1.0;6;168;MARECHAL LECLERC (PLACE;M;4904218.0;340348.0;20
3409;201300003767;13;6;27;1830;1;2;6;1.0;4;168;10, JULES LEFEBVRE (AVEN;M;4904296.0;339244.0;20
3410;201300003768;13;8;17;1645;1;2;6;1.0;3;168;face N 5, JEAN DE LA FON;M;4904451.0;340314.0;20
3411;201300003769;13;9;3;1710;1;2;2;1.0;3;168;3-5, Q. ROOSEVELT (RUE);;;;20
3412;201300003770;13;10;28;1445;1;1;1;1.0;6;168;D1;;;;20
3413;201300003771;13;12;6;1300;1;2;1;1.0;3;168;0, JULES LEFEBVRE (AVENU;M;4904414.0;340111.0;20
3414;201300003772;13;12;7;1008;1;2;6;2.0;2;168;PAUL DOUMER (PLACE);M;4904019.0;340470.0;20
3415;201300003773;13;12;16;1830;4;2;3;1.0;6;168;32, SOISSONS (AVENUE DE);M;4904734.0;339851.0;20
3416;201300003774;13;3;22;1630;1;1;1;1.0;3;188;;M;4427300.0;279200.0;120
3417;201300003775;13;7;19;1530;1;2;1;1.0;6;133;24 avenue de Toulouse;M;0.0;0.0;120
3418;201300003776;13;8;18;1800;1;2;1;1.0;1;56;AVENUE DU STADE;M;4427600.0;243000.0;120
3419;201300003778;13;2;1;2130;3;1;1;3.0;6;46;;M;4415900.0;233400.0;120
3420;201300003779;13;3;4;45;3;1;1;1.0;6;15;;M;4413000.0;260000.0;120
3421;201300003780;13;3;10;1500;1;1;1;4.0;6;43;;M;4428400.0;255000.0;120
3422;201300003781;13;3;14;1200;1;1;1;1.0;5;276;;M;0.0;0.0;120
3423;201300003782;13;3;29;745;1;1;1;5.0;1;234;;M;4424400.0;250300.0;120
3424;201300003783;13;4;1;45;3;1;1;1.0;6;46;;M;4420600.0;240500.0;120
3425;201300003784;13;5;11;1800;1;1;1;8.0;7;197;;M;4399800.0;255800.0;120
3426;201300003785;13;7;2;1345;1;1;1;1.0;5;46;;M;4420100.0;239100.0;120
3427;201300003786;13;7;5;1930;1;2;1;1.0;3;197;rue du d?put? laurens;M;4403700.0;253500.0;120
3428;201300003787;13;7;29;2330;3;1;1;1.0;6;57;;M;4417600.0;252000.0;120
3429;201300003788;13;8;14;1930;1;1;1;1.0;3;43;;M;4428200.0;254900.0;120
3430;201300003789;13;9;8;1645;1;1;1;1.0;6;57;;M;0.0;0.0;120
3431;201300003790;13;9;18;830;1;1;1;2.0;1;65;;M;4417300.0;243400.0;120
3432;201300003791;13;10;9;1745;1;1;1;1.0;7;197;;M;4402800.0;254000.0;120
3433;201300003793;13;11;11;1800;2;1;1;1.0;6;43;;M;4426700.0;254300.0;120
3434;201300003794;13;11;22;1815;3;1;1;4.0;1;267;;M;4413600.0;254100.0;120
3435;201300003797;13;4;30;915;1;1;1;2.0;3;138;;M;0.0;0.0;120
3436;201300003798;13;5;5;600;4;1;1;1.0;6;8;;M;0.0;0.0;120
3437;201300003799;13;5;21;1745;2;1;1;2.0;3;254;;M;0.0;0.0;120
3438;201300003800;13;9;1;1900;1;1;1;1.0;3;254;;M;0.0;0.0;120
3439;201300003801;13;11;4;945;1;1;1;3.0;5;288;;M;4444800.0;243900.0;120
3440;201300003802;13;11;9;2130;3;1;1;3.0;4;16;;M;0.0;0.0;120
3441;201300003803;13;11;18;1445;1;1;1;2.0;3;288;;M;0.0;0.0;120
3442;201300003804;13;8;29;1400;1;1;1;1.0;1;290;;M;4443700.0;219400.0;120
3443;201300003805;13;6;16;1545;1;1;1;1.0;6;177;;M;4441000.0;285600.0;120
3444;201300003806;13;9;22;500;3;1;1;1.0;3;33;;M;0.0;0.0;120
3445;201300003807;13;8;19;1300;1;1;1;2.0;6;88;;M;4465700.0;285100.0;120
3446;201300003808;13;10;5;930;1;1;1;2.0;1;112;;M;0.0;0.0;120
3447;201300003809;13;8;13;1830;1;1;1;1.0;7;280;;M;0.0;0.0;120
3448;201300003810;13;8;21;1830;1;2;1;1.0;6;94;1, quai notre dame;M;0.0;0.0;120
3449;201300003813;13;5;13;1130;1;2;1;1.0;6;224;PLACE DU GENERAL DE GAUL;M;0.0;0.0;120
3450;201300003814;13;1;2;1530;1;1;1;7.0;3;168;;M;4402300.0;334300.0;120
3451;201300003817;13;7;25;1930;1;2;1;1.0;7;160;Route d?partementale 907;M;0.0;0.0;120
3452;201300003818;13;8;18;1745;1;1;9;1.0;3;204;;M;0.0;0.0;120
3453;201300003819;13;8;26;1030;1;1;1;1.0;3;160;;M;0.0;0.0;120
3454;201300003820;13;9;18;1715;1;1;1;2.0;6;168;;M;0.0;0.0;120
3455;201300003822;13;10;10;1400;1;1;1;8.0;7;145;;M;0.0;0.0;120
3456;201300003823;13;10;11;1630;1;1;1;1.0;6;225;;M;0.0;0.0;120
3457;201300003824;13;10;20;1200;1;1;1;8.0;7;204;;M;0.0;0.0;120
3458;201300003825;13;11;15;1630;1;1;1;1.0;6;178;;M;4414800.0;310700.0;120
3459;201300003826;13;2;19;1815;1;1;1;1.0;6;6;;M;0.0;0.0;120
3460;201300003828;13;8;2;1130;1;1;1;1.0;4;213;;M;4418100.0;300900.0;120
3461;201300003829;13;7;19;1345;1;2;1;1.0;3;237;Canet d'Olt;M;0.0;0.0;120
3462;201300003830;13;7;26;1945;1;1;1;1.0;1;247;;M;0.0;0.0;120
3463;201300003831;13;7;29;1900;1;1;1;1.0;6;237;;M;0.0;0.0;120
3464;201300003832;13;12;31;1645;2;1;1;1.0;1;284;;M;4408200.0;273300.0;120
3465;201300003833;13;5;25;1300;1;2;1;8.0;3;208;Boulevard Emile BOREL;M;4395900.0;289400.0;120
3466;201300003834;13;8;31;1930;1;1;1;1.0;7;77;;M;4390500.0;317500.0;120
3467;201300003835;13;9;3;1630;1;1;1;1.0;2;286;;M;4392200.0;282500.0;120
3468;201300003836;13;9;10;1945;1;2;1;1.0;6;208;333 avenue Jean Jaur?s;M;4395600.0;289500.0;120
3469;201300003837;13;9;14;1915;1;1;1;1.0;6;244;;M;4406200.0;290100.0;120
3470;201300003838;13;9;16;1515;1;1;1;1.0;1;286;;M;4394800.0;282600.0;120
3471;201300003840;13;6;7;730;1;1;1;1.0;3;44;;M;4384000.0;284900.0;120
3472;201300003841;13;1;3;1830;3;1;1;1.0;3;136;;M;0.0;0.0;120
3473;201300003842;13;3;7;1530;1;2;1;1.0;6;300;2 all?es Aristide briand;M;0.0;0.0;120
3474;201300003843;13;7;13;945;1;2;1;1.0;7;300;ROUTE DE LAURIERE;M;0.0;0.0;120
3475;201300003844;13;9;14;915;1;2;7;1.0;6;300;;M;0.0;0.0;120
3476;201300003845;13;11;28;1545;1;1;1;1.0;6;136;;M;0.0;0.0;120
3477;201300003846;13;12;7;1745;3;1;1;1.0;1;300;;M;0.0;0.0;120
3478;201300003847;13;3;5;1545;1;2;1;1.0;6;52;Rue Ars?ne Lugan;M;4458000.0;208500.0;120
3479;201300003848;13;6;6;1515;1;1;1;1.0;2;52;;M;4455800.0;208500.0;120
3480;201300003849;13;6;22;2230;3;1;1;1.0;3;257;;M;4454200.0;198100.0;120
3481;201300003850;13;10;16;1300;1;1;1;1.0;3;52;;M;4456200.0;203200.0;120
3482;201300003851;13;12;10;1215;1;1;1;1.0;1;3;;M;0.0;0.0;120
3483;201300003852;13;8;11;1000;1;1;1;1.0;6;259;;M;4428500.0;201700.0;120
3484;201300003853;13;8;21;1900;1;1;1;1.0;3;167;;M;4422700.0;200500.0;120
3485;201300003854;13;8;24;1645;1;1;1;3.0;7;189;;M;4426600.0;226400.0;120
3486;201300003856;13;12;15;1700;1;1;1;1.0;6;150;;M;4427300.0;198000.0;120
3487;201300003857;13;3;2;1630;1;1;1;1.0;1;29;;M;4363830.0;47686.0;320
3488;201300003858;13;5;18;1315;1;1;1;8.0;6;117;NASQUES CHEMIN CABANDE;M;4367950.0;56192.0;320
3489;201300003860;13;7;2;1500;1;1;1;1.0;7;207;LD EMMARRE;M;4366180.0;65286.0;320
3490;201300003861;13;7;9;1700;1;1;1;1.0;7;300;LD LA BRANA;M;4355500.0;61048.0;320
3491;201300003862;13;8;7;1245;1;1;1;1.0;6;312;LD LE CROS;M;4361690.0;67579.0;320
3492;201300003863;13;10;11;1315;1;1;1;1.0;1;117;;M;4367330.0;54396.0;320
3493;201300003864;13;12;13;2145;5;2;1;3.0;6;312;ROUTE D AUCH;M;4362080.0;64687.0;320
3494;201300003865;13;12;29;215;3;1;1;2.0;1;312;;M;0.0;0.0;320
3495;201300003866;13;1;23;1630;1;1;1;8.0;3;249;;M;4374370.0;87239.0;320
3496;201300003867;13;4;17;1415;1;1;1;1.0;1;288;;M;4357990.0;86875.0;320
3497;201300003868;13;6;9;415;3;1;1;1.0;6;147;;M;4362310.0;90811.0;320
3498;201300003869;13;8;6;2030;1;1;1;1.0;7;165;;M;4359570.0;81864.0;320
3499;201300003870;13;10;31;1615;1;1;1;1.0;1;147;;M;4362500.0;91200.0;320
3500;201300003872;13;3;30;600;3;1;1;2.0;6;377;;M;0.0;0.0;320
3501;201300003873;13;6;7;1645;1;2;3;1.0;2;160;;M;4362220.0;110699.0;320
3502;201300003874;13;6;24;800;1;1;1;1.0;6;210;;M;4356120.0;112799.0;320
3503;201300003875;13;7;27;1115;1;1;1;1.0;3;268;;M;4360300.0;100678.0;320
3504;201300003876;13;7;29;1730;1;1;6;1.0;7;160;;M;0.0;0.0;320
3505;201300003877;13;9;19;715;2;1;1;8.0;5;268;;M;4360850.0;96868.0;320
3506;201300003878;13;9;22;2015;5;1;6;1.0;6;160;;M;4362470.0;111421.0;320
3507;201300003879;13;12;13;1730;2;1;1;1.0;7;16;;M;4357740.0;104964.0;320
3508;201300003880;13;1;11;2230;3;1;1;1.0;7;51;;M;4351790.0;89413.0;320
3509;201300003881;13;1;16;1445;1;1;1;6.0;6;321;;M;4352090.0;87312.0;320
3510;201300003882;13;3;22;2230;3;2;1;2.0;6;356;AU VILLAGE;M;4356230.0;85643.0;320
3511;201300003883;13;5;4;1845;1;2;3;1.0;3;410;RTE LOMBEZ/CHEM ESQUIRON;M;4348940.0;92755.0;320
3512;201300003884;13;6;30;1030;1;2;4;1.0;3;213;la ramondere;M;0.0;0.0;320
3513;201300003885;13;8;15;1830;1;1;1;1.0;6;261;;M;4344500.0;100040.0;320
3514;201300003886;13;8;17;2015;1;2;1;7.0;6;213;BOULEVARD DES PYRENEES;M;4347560.0;91160.0;320
3515;201300003887;13;8;27;1230;1;1;1;1.0;1;410;;M;4349860.0;88463.0;320
3516;201300003888;13;12;31;2345;3;1;1;1.0;7;462;;M;4376100.0;33500.0;320
3517;201300003889;13;1;13;2330;3;1;1;1.0;6;462;;M;4377200.0;26500.0;320
3518;201300003890;13;2;8;900;1;2;1;1.0;6;462;;M;4375810.0;30038.0;320
3519;201300003891;13;2;14;1515;1;1;1;1.0;1;301;;M;4371500.0;44300.0;320
3520;201300003892;13;4;21;500;3;1;1;1.0;7;384;;M;4371770.0;50172.0;320
3521;201300003893;13;6;11;1730;1;1;1;1.0;7;301;;M;4370830.0;44497.0;320
3522;201300003894;13;6;21;845;1;2;3;2.0;6;462;PLACE CRESPIN;M;4375790.0;29926.0;320
3523;201300003895;13;7;12;1800;1;1;1;1.0;6;462;LD GIMAT;M;4377070.0;30248.0;320
3524;201300003896;13;7;13;1045;1;1;1;1.0;6;462;;M;4373320.0;30887.0;320
3525;201300003897;13;9;29;1700;1;1;1;8.0;7;301;LA HUMADE;M;4371220.0;43619.0;320
3526;201300003898;13;10;16;815;2;1;1;2.0;6;54;LD LA HUMADE;M;4371370.0;42979.0;320
3527;201300003899;13;11;24;545;3;1;1;1.0;6;54;;M;4369100.0;38900.0;320
3528;201300003900;13;1;16;1900;3;1;1;3.0;1;44;;M;4393230.0;40049.0;320
3529;201300003901;13;2;22;1145;1;1;2;1.0;3;402;;M;4378710.0;37702.0;320
3530;201300003902;13;3;26;1245;1;1;1;1.0;6;79;;M;4391510.0;9523.0;320
3531;201300003903;13;4;2;545;3;1;1;1.0;6;83;;M;0.0;0.0;320
3532;201300003904;13;5;8;1815;1;2;1;8.0;5;107;RUE DE LA REPUBLIQUE;M;4395590.0;36619.0;320
3533;201300003905;13;5;18;1015;1;1;1;1.0;6;107;;M;4396850.0;30281.0;320
3534;201300003906;13;6;4;930;1;1;2;7.0;3;352;;M;4381210.0;38630.0;320
3535;201300003907;13;6;29;15;3;1;1;1.0;6;404;;M;4387750.0;45600.0;320
3536;201300003908;13;7;16;930;1;2;1;1.0;6;133;CD114/PLACE A. FALLIERES;M;4399280.0;22979.0;320
3537;201300003909;13;7;16;1545;1;1;1;1.0;7;197;LD LA BOURDETTE;M;4397170.0;29841.0;320
3538;201300003910;13;9;5;2215;5;2;1;1.0;6;107;AVENUE DES MOUSQUETAIRES;M;4395460.0;36420.0;320
3539;201300003911;13;10;16;1630;1;1;1;8.0;3;107;;M;4392860.0;35528.0;320
3540;201300003912;13;10;27;1415;1;1;1;1.0;6;459;;M;4386680.0;35990.0;320
3541;201300003913;13;1;2;1815;3;1;1;1.0;7;119;;M;4389510.0;9528.0;320
3542;201300003914;13;5;5;2230;3;1;1;1.0;6;264;;M;4393650.0;-12406.0;320
3543;201300003915;13;6;26;1830;1;1;3;1.0;1;96;;M;4393590.0;-8598.0;320
3544;201300003916;13;7;19;1130;1;1;2;1.0;1;296;;M;4375430.0;-4825.0;320
3545;201300003917;13;7;30;900;1;1;1;1.0;1;264;;M;4393180.0;-11313.0;320
3546;201300003918;13;8;16;1130;1;2;1;1.0;6;119;BD G?N?RAL BALLON;M;4386050.0;9903.0;320
3547;201300003919;13;12;11;500;3;1;1;1.0;6;119;;M;4384890.0;13039.0;320
3548;201300003920;13;2;27;1445;1;1;4;1.0;6;208;;M;4395370.0;65104.0;320
3549;201300003921;13;3;27;1745;1;1;3;1.0;3;208;;M;4391780.0;62677.0;320
3550;201300003922;13;4;3;1200;1;1;3;1.0;1;286;;M;4380400.0;64185.0;320
3551;201300003923;13;4;5;800;1;1;4;1.0;3;208;;M;4392400.0;62361.0;320
3552;201300003924;13;5;6;1715;1;1;1;1.0;6;241;;M;4389640.0;54098.0;320
3553;201300003925;13;5;13;630;1;1;1;1.0;6;208;;M;4395200.0;61177.0;320
3554;201300003926;13;5;23;1900;1;2;1;1.0;1;208;RN.21 - ROUTE D'AGEN;M;4393600.0;64260.0;320
3555;201300003927;13;6;8;2300;3;1;1;2.0;6;208;LD BOURDIEU DE COMBARRAU;M;4397460.0;63934.0;320
3556;201300003928;13;6;16;1515;1;1;1;1.0;7;208;;M;4394150.0;59847.0;320
3557;201300003929;13;8;9;1830;1;1;1;1.0;6;132;LD PERISSE;M;4385020.0;64262.0;320
3558;201300003930;13;8;22;1100;1;1;1;1.0;3;47;LD LES CLAUS;M;4401750.0;53657.0;320
3559;201300003931;13;8;27;1200;1;1;1;1.0;6;239;LD CAUBOUE;M;4393650.0;51700.0;320
3560;201300003932;13;9;4;1730;1;1;1;1.0;6;132;LD MARIDAT;M;4386400.0;63294.0;320
3561;201300003933;13;10;3;1115;1;2;1;2.0;3;132;;M;4385830.0;66077.0;320
3562;201300003934;13;11;13;1430;1;1;1;1.0;1;208;;M;4393000.0;58114.0;320
3563;201300003935;13;9;28;2045;3;1;1;1.0;7;405;LD EN RAU;M;4385180.0;60500.0;320
3564;201300003936;13;10;15;615;3;1;1;1.0;7;208;LD BIDON;M;4396190.0;69834.0;320
3565;201300003937;13;1;11;2100;3;1;1;1.0;7;397;;M;4345150.0;41009.0;320
3566;201300003938;13;1;17;800;2;2;1;1.0;6;256;RUE DES CLARISSES;M;4351580.0;40639.0;320
3567;201300003939;13;1;28;745;5;2;1;8.0;6;426;AV GENERAL DE GAULLE;M;4349580.0;59377.0;320
3568;201300003940;13;2;6;1615;1;2;3;3.0;3;185;CD228;M;4334350.0;65294.0;320
3569;201300003941;13;2;27;1830;1;1;1;1.0;1;122;LE MOUN?T?;M;4342350.0;56078.0;320
3570;201300003942;13;5;18;1345;1;1;1;2.0;6;53;;M;4337800.0;61636.0;320
3571;201300003943;13;5;22;1115;1;1;1;3.0;5;254;LD LE RAT;M;4354530.0;46951.0;320
3572;201300003944;13;6;9;1700;1;1;1;2.0;1;254;;M;4354520.0;46945.0;320
3573;201300003945;13;7;16;1715;1;1;3;2.0;2;254;LD SAHUQUET;M;4353720.0;44522.0;320
3574;201300003946;13;9;22;130;3;1;1;1.0;6;397;LD CHRISTAU;M;4344770.0;41470.0;320
3575;201300003947;13;10;26;45;3;1;1;1.0;2;256;;M;4351600.0;60200.0;320
3576;201300003948;13;11;14;930;1;1;1;1.0;1;254;;M;0.0;0.0;320
3577;201300003949;13;1;21;1645;1;1;1;8.0;7;446;;M;4348720.0;26182.0;320
3578;201300003950;13;3;3;645;1;1;1;1.0;6;373;;M;4340580.0;39581.0;320
3579;201300003951;13;3;6;1130;1;1;1;1.0;6;278;RTE DE SAUVIAC;M;4340000.0;43855.0;320
3580;201300003953;13;7;3;545;2;1;1;1.0;6;159;;M;0.0;0.0;320
3581;201300003954;13;9;28;945;1;1;1;8.0;7;252;;M;4342800.0;29700.0;320
3582;201300003955;13;10;11;1615;1;1;4;1.0;1;30;;M;4351000.0;28345.0;320
3583;201300003956;13;10;25;1445;1;2;7;1.0;6;252;PLACE JEAN SENAC;M;4342960.0;30762.0;320
3584;201300003957;13;12;8;1805;3;1;1;1.0;1;273;;M;4349990.0;23378.0;320
3585;201300003958;13;2;1;1700;1;1;1;1.0;6;245;;M;4360410.0;-8238.0;320
3586;201300003959;13;3;11;1430;1;1;1;1.0;6;235;;M;0.0;0.0;320
3587;201300003960;13;3;29;745;1;2;2;1.0;3;344;RUE DE LA MENOUE;M;4365350.0;-8799.0;320
3588;201300003961;13;5;7;1945;1;1;1;1.0;1;46;;M;4366900.0;-22796.0;320
3589;201300003962;13;8;3;1445;2;1;1;1.0;1;414;;M;0.0;0.0;320