;Num_Acc;an;mois;jour;hrmn;lum;agg;int;atm;col;com;adr;gps;lat;long;dep
3590;201300003963;13;8;13;1045;1;2;1;1.0;3;344;ROUTE D'AQUITAINE;M;4366810.0;-7953.0;320
3591;201300003964;13;1;31;2115;3;1;1;1.0;2;109;;M;4434091.0;150022.0;460
3592;201300003965;13;3;2;145;3;1;1;1.0;2;202;;M;0.0;0.0;460
3593;201300003967;13;8;15;1245;1;1;1;1.0;6;210;;M;4456391.0;151327.0;460
3594;201300003968;13;1;4;1645;1;1;1;8.0;6;329;;M;4432534.0;163708.0;460
3595;201300003970;13;2;16;545;3;1;1;1.0;6;202;;M;4430500.0;147200.0;460
3596;201300003971;13;7;21;830;1;1;1;1.0;3;262;;M;4431518.0;128800.0;460
3597;201300003972;13;11;18;1715;2;1;1;2.0;6;137;;M;4440392.0;141641.0;460
3598;201300003973;13;11;19;1815;3;1;1;1.0;6;201;;M;4432174.0;117801.0;460
3599;201300003974;13;1;12;1245;1;1;1;2.0;1;335;;M;4440407.0;133800.0;460
3600;201300003977;13;4;25;2100;3;1;1;1.0;6;62;;M;0.0;0.0;460
3601;201300003978;13;4;26;1845;1;1;1;2.0;1;335;;M;4438773.0;132951.0;460
3602;201300003979;13;5;1;2245;3;1;1;1.0;6;114;;M;4457152.0;114538.0;460
3603;201300003980;13;9;3;915;1;1;1;1.0;1;184;;M;4466425.0;119707.0;460
3604;201300003981;13;9;8;1015;1;1;1;3.0;6;89;;M;4451433.0;106599.0;460
3605;201300003982;13;12;23;1930;5;2;1;1.0;2;307;le bourg;M;4448903.0;101801.0;460
3606;201300003983;13;1;15;1145;1;1;1;4.0;6;100;;M;4456266.0;202568.0;460
3607;201300003984;13;3;22;1600;1;2;1;1.0;2;15;avenue Joseph Canteloube;M;4466806.0;215905.0;460
3608;201300003986;13;4;25;930;1;1;1;1.0;1;15;;M;4464589.0;215540.0;460
3609;201300003987;13;4;29;1900;1;2;1;1.0;6;102;07 av du P G. Pompidou;M;4460673.0;202405.0;460
3610;201300003988;13;5;27;1730;1;2;1;1.0;3;102;Avenue Casimir Marcenac;M;4461072.0;202937.0;460
3611;201300003989;13;6;26;830;1;1;1;1.0;1;108;;M;4467698.0;194616.0;460
3612;201300003990;13;9;6;1915;1;2;1;1.0;3;102;;M;4459953.0;201552.0;460
3613;201300003991;13;10;5;1000;1;1;1;2.0;5;15;;M;4465633.0;213317.0;460
3614;201300003992;13;11;15;900;3;1;1;1.0;5;108;;M;4465389.0;198019.0;460
3615;201300003993;13;1;31;1845;3;1;1;2.0;1;132;;M;4425700.0;130200.0;460
3616;201300003994;13;6;2;830;1;1;1;1.0;1;45;;M;4450557.0;186216.0;460
3617;201300003995;13;6;13;1815;1;1;1;1.0;7;51;;M;4462850.0;190936.0;460
3618;201300003996;13;7;6;1430;1;1;1;1.0;7;21;;M;4458523.0;196080.0;460
3619;201300003997;13;7;9;830;1;1;1;1.0;1;319;;M;4473392.0;185114.0;460
3620;201300003998;13;7;22;1915;1;1;1;1.0;6;34;;M;4471316.0;191090.0;460
3621;201300003999;13;7;28;130;3;1;1;1.0;6;133;;M;4457726.0;129965.0;460
3622;201300004000;13;8;21;1515;1;1;1;1.0;7;143;;M;4473131.0;194224.0;460
3623;201300004001;13;11;5;1245;1;1;1;3.0;7;12;;M;4479970.0;183955.0;460
3624;201300004002;13;11;15;1345;1;1;1;2.0;6;34;;M;4469687.0;192081.0;460
3625;201300004003;13;12;26;415;3;1;3;2.0;6;143;;M;4473911.0;192257.0;460
3626;201300004004;13;1;11;1645;1;2;1;1.0;6;229;les prats sud;M;4492183.0;177827.0;460
3627;201300004005;13;1;14;1400;1;1;1;8.0;3;229;;M;4491202.0;179306.0;460
3628;201300004006;13;1;24;1200;1;2;1;1.0;1;251;avenue victor hugo;M;4485784.0;189340.0;460
3629;201300004007;13;6;25;1645;1;1;1;8.0;2;284;;M;4489722.0;185866.0;460
3630;201300004008;13;7;6;1230;1;1;1;1.0;1;124;;M;4491957.0;186147.0;460
3631;201300004009;13;8;1;930;1;2;2;1.0;3;29;AVENUE DE LA REPUBLIQUE;M;4493192.0;184874.0;460
3632;201300004010;13;8;5;1815;1;1;1;1.0;3;282;;M;0.0;0.0;460
3633;201300004012;13;9;20;1415;1;1;3;1.0;3;251;;M;4485566.0;189333.0;460
3634;201300004013;13;11;27;930;1;2;1;1.0;3;229;Route Nationale;M;4491692.0;177331.0;460
3635;201300004014;13;12;12;900;1;2;1;1.0;2;38;71 impasse SAINT MARTIN;M;0.0;0.0;460
3636;201300004015;13;2;1;1030;1;1;1;1.0;6;334;;M;4474343.0;145856.0;460
3637;201300004016;13;3;5;1930;3;1;1;1.0;6;127;;M;4473900.0;135500.0;460
3638;201300004017;13;5;26;1745;1;2;1;1.0;1;216;RD 47 PK 11+700;M;4475855.0;135195.0;460
3639;201300004018;13;10;25;1545;1;1;1;1.0;3;216;;M;4475682.0;136383.0;460
3640;201300004019;13;11;7;1715;1;1;1;1.0;7;169;;M;4471048.0;130196.0;460
3641;201300004020;13;2;21;1530;2;2;1;7.0;3;138;7 route de Gramat;M;4464947.0;157134.0;460
3642;201300004021;13;4;28;1115;1;1;1;1.0;6;240;;M;4481899.0;165993.0;460
3643;201300004022;13;4;29;1600;1;1;1;1.0;3;78;;M;4476495.0;164974.0;460
3644;201300004023;13;5;21;1700;1;1;1;2.0;3;240;;M;4480581.0;161381.0;460
3645;201300004024;13;6;12;1930;1;2;1;1.0;6;128;45 Avenue Louis CONTE;M;4478110.0;172129.0;460
3646;201300004025;13;7;6;1300;1;1;2;1.0;3;240;;M;4482067.0;165737.0;460
3647;201300004026;13;8;20;1015;1;2;9;1.0;6;138;16 PLACE DE LA MAIRIE;M;;;460
3648;201300004027;13;1;12;615;3;1;8;2.0;1;298;;M;4501573.0;161358.0;460
3649;201300004028;13;6;7;1745;1;2;1;1.0;6;145;71 route de martel;M;4490600.0;148100.0;460
3650;201300004029;13;7;2;1945;1;1;1;1.0;6;185;;M;4493631.0;160354.0;460
3651;201300004030;13;8;10;2300;3;1;3;1.0;3;208;;M;4489578.0;162099.0;460
3652;201300004032;13;12;15;1400;1;1;1;1.0;1;298;;M;4501623.0;161377.0;460
3653;201300004033;13;1;31;1745;2;1;1;1.0;6;48;;M;4331111.0;9731.0;650
3654;201300004034;13;6;10;2245;3;1;1;1.0;7;257;;M;4316051.0;-1538.0;650
3655;201300004035;13;8;2;1245;1;2;1;1.0;7;62;;M;4319981.0;11098.0;650
3656;201300004036;13;8;17;1645;1;1;1;1.0;3;2;;M;4315685.0;-1981.0;650
3657;201300004037;13;10;8;830;1;1;1;1.0;3;257;LANNE/N21;M;4316130.0;-1430.0;650
3658;201300004038;13;11;20;1;3;1;1;2.0;6;422;;M;4331660.0;-11024.0;650
3659;201300004039;13;12;3;1815;5;2;1;1.0;6;2;route de Lourdes;M;4313254.0;-2705.0;650
3660;201300004040;13;12;13;45;3;1;1;1.0;5;2;;M;4315724.0;-1950.0;650
3661;201300004041;13;1;12;2000;3;1;1;2.0;3;184;;M;4317098.0;39879.0;650
3662;201300004042;13;8;6;730;2;2;1;1.0;6;452;Route de Mi?lan;M;4332685.0;36202.0;650
3663;201300004043;13;7;7;730;1;2;1;1.0;6;303;D5, PR 014+200;M;0.0;0.0;650
3664;201300004044;13;7;20;2000;1;1;1;1.0;3;303;D 817;M;4319582.0;16889.0;650
3665;201300004045;13;9;14;1930;2;1;1;1.0;7;409;;M;4338647.0;12061.0;650
3666;201300004046;13;11;11;1645;1;2;1;1.0;6;457;D 8;M;4333746.0;9823.0;650
3667;201300004047;13;4;10;1030;1;2;1;1.0;6;362;2 route de CAUTERETS;M;4296130.0;-7903.0;650
3668;201300004048;13;8;28;530;2;1;1;1.0;7;168;PONT DE PESCADERE;M;4288538.0;-1595.0;650
3669;201300004049;13;1;29;1900;5;2;3;1.0;3;59;place G. Clémenceau;M;4306671.0;14894.0;650
3670;201300004050;13;6;24;630;1;2;2;1.0;3;198;Carrefour RD 8 / RD 208;M;4305419.0;16121.0;650
3671;201300004051;13;6;25;1515;1;1;1;1.0;2;123;;M;4292475.0;19815.0;650
3672;201300004052;13;10;30;1030;1;2;3;1.0;1;370;POUZAC/AV. DE LA MONGIE;M;4308220.0;13824.0;650
3673;201300004053;13;1;12;1915;3;1;1;4.0;1;258;;M;4310527.0;40171.0;650
3674;201300004054;13;2;5;1730;2;1;1;2.0;7;307;;M;4308991.0;52790.0;650
3675;201300004055;13;3;10;1115;1;2;1;1.0;6;363;CENTRE VILLAGE;M;4311627.0;43381.0;650
3676;201300004056;13;5;6;1200;1;1;1;1.0;7;455;;M;4306964.0;45419.0;650
3677;201300004057;13;7;9;1400;1;2;1;1.0;1;394;CHEMIN DE SANTAFE;M;4307682.0;51066.0;650
3678;201300004058;13;7;25;1215;1;1;1;1.0;1;305;;M;4294617.0;56733.0;650
3679;201300004059;13;8;11;630;2;1;1;1.0;7;389;;M;4309597.0;49084.0;650
3680;201300004060;13;9;16;715;2;2;6;1.0;3;258;giratoire de pinaouet;M;4312246.0;38787.0;650
3681;201300004061;13;10;25;1745;1;1;1;1.0;5;125;CAMPISTROUS;M;4311540.0;36528.0;650
3682;201300004062;13;10;30;2200;5;2;1;1.0;1;258;LANNEMEZAN/74 RUE THIERS;M;4312460.0;38377.0;650
3683;201300004064;13;1;13;1745;2;1;1;6.0;7;283;;M;4279997.0;45530.0;650
3684;201300004065;13;3;30;445;3;1;1;1.0;6;199;STATION DE PEYRAGUDES;M;4279427.0;44241.0;650
3685;201300004066;13;6;5;1630;1;1;1;1.0;6;388;;M;4281231.0;31745.0;650
3686;201300004067;13;6;30;1730;1;1;1;1.0;6;212;;M;4286934.0;33657.0;650
3687;201300004068;13;8;16;300;5;1;1;1.0;7;17;LIEU DIT CHAUBERE;M;4278021.0;19662.0;650
3688;201300004069;13;11;4;2000;3;1;1;3.0;2;211;;M;4283954.0;34307.0;650
3689;201300004070;13;11;6;930;1;1;1;8.0;1;408;;M;4298057.0;37490.0;650
3690;201300004071;13;3;11;1830;2;2;6;3.0;3;101;RD 988 - PK 23 + 500;M;4401170.0;215873.0;810
3691;201300004072;13;5;22;700;1;1;1;2.0;6;291;;M;4401000.0;212300.0;810
3692;201300004073;13;10;6;1745;1;1;1;1.0;2;63;;M;4395200.0;211800.0;810
3693;201300004074;13;12;10;1015;1;1;1;1.0;6;48;;M;0.0;0.0;810
3694;201300004075;13;1;22;630;3;1;1;8.0;1;218;;M;4388860.0;216502.0;810
3695;201300004077;13;11;30;1930;3;1;1;1.0;5;79;;M;4384100.0;218800.0;810
3696;201300004078;13;3;27;1230;1;1;1;1.0;2;277;;M;4401300.0;224700.0;810
3697;201300004079;13;7;31;645;2;1;1;7.0;7;186;;M;0.0;0.0;810
3698;201300004080;13;11;7;1400;1;1;1;1.0;1;230;;M;4403600.0;218700.0;810
3699;201300004081;13;3;10;1845;1;1;1;1.0;3;74;;M;0.0;0.0;810
3700;201300004082;13;4;14;1845;1;1;1;1.0;6;317;;M;4388550.0;233291.0;810
3701;201300004083;13;4;22;1430;1;1;1;1.0;1;3;;M;4388790.0;245121.0;810
3702;201300004084;13;6;22;1845;1;1;1;1.0;1;203;;M;4388500.0;239789.0;810
3703;201300004085;13;7;20;1930;1;1;1;1.0;7;295;;M;4386400.0;233800.0;810
3704;201300004086;13;10;20;915;1;1;1;1.0;4;96;;M;4390000.0;241700.0;810
3705;201300004087;13;12;15;745;2;1;1;1.0;6;3;;M;4389200.0;245600.0;810
3706;201300004088;13;2;16;900;1;2;1;7.0;7;105;AVENUE RHIN ET DANUBE;M;4376050.0;197185.0;810
3707;201300004089;13;5;15;1615;1;2;1;3.0;2;105;ROUTE DE LAVAUR;M;4376400.0;196600.0;810
3708;201300004090;13;6;28;1615;1;2;1;1.0;1;39;route du saout;M;4375600.0;190600.0;810
3709;201300004091;13;7;4;1900;1;1;2;1.0;3;105;;M;4374200.0;203399.0;810
3710;201300004092;13;8;21;1600;1;1;1;1.0;1;105;;M;4374100.0;203700.0;810
3711;201300004093;13;9;10;1400;1;2;1;1.0;3;124;RUE ANDRE THERON;M;0.0;0.0;810
3712;201300004094;13;9;20;1845;1;1;2;1.0;3;31;;M;4361200.0;246500.0;810
3713;201300004095;13;1;19;2100;5;2;1;3.0;6;140;RUE DE L'HOPITAL;M;4370050.0;181827.0;810
3714;201300004096;13;7;5;1615;1;1;1;1.0;6;104;;M;4376900.0;177000.0;810
3715;201300004097;13;7;17;900;1;1;1;1.0;6;324;;M;0.0;0.0;810
3716;201300004099;13;9;21;115;5;2;1;1.0;7;271;81 route de roqueseriere;M;0.0;0.0;810
3717;201300004100;13;9;28;130;3;1;1;1.0;6;298;;M;0.0;0.0;810
3718;201300004101;13;10;25;2015;3;1;1;1.0;1;271;;M;0.0;0.0;810
3719;201300004104;13;3;30;1045;1;1;1;2.0;1;221;;M;4378850.0;242607.0;810
3720;201300004105;13;3;31;900;1;1;1;8.0;6;268;;M;4378630.0;261963.0;810
3721;201300004106;13;6;30;1130;2;1;1;8.0;1;177;;M;0.0;0.0;810
3722;201300004107;13;6;30;1515;1;1;2;1.0;3;252;;M;4366900.0;223200.0;810
3723;201300004108;13;8;15;1700;1;2;1;1.0;6;182;Av des Docteurs Lavergne;M;4372300.0;233400.0;810
3724;201300004109;13;5;6;815;1;1;1;1.0;3;98;;M;0.0;0.0;810
3725;201300004110;13;6;21;1700;1;1;1;1.0;1;40;;M;0.0;0.0;810
3726;201300004111;13;7;20;2015;1;1;1;1.0;1;281;;M;0.0;0.0;810
3727;201300004112;13;8;2;1300;1;1;1;1.0;1;266;;M;4365000.0;198700.0;810
3728;201300004113;13;8;10;1430;1;1;1;1.0;1;159;;M;0.0;0.0;810
3729;201300004114;13;10;26;1115;1;1;1;1.0;6;139;;M;0.0;0.0;810
3730;201300004115;13;10;27;1530;1;2;1;1.0;6;132;rue des jardins;M;0.0;0.0;810
3731;201300004116;13;3;21;2115;3;1;1;1.0;6;46;;M;4385590.0;197374.0;810
3732;201300004117;13;3;24;545;3;1;1;1.0;6;131;;M;4390600.0;201399.0;810
3733;201300004118;13;4;26;1845;2;1;1;2.0;6;41;;M;4395900.0;187500.0;810
3734;201300004119;13;5;6;1840;1;2;2;1.0;3;99;av M pagnol ch poujoular;M;4390800.0;189700.0;810
3735;201300004120;13;6;1;45;3;1;1;1.0;7;99;;M;4391400.0;186500.0;810
3736;201300004121;13;6;26;1645;1;2;1;1.0;3;225;RD 21;M;4391900.0;196300.0;810
3737;201300004123;13;9;25;2030;3;1;1;1.0;3;38;;M;4388400.0;190900.0;810
3738;201300004124;13;10;21;1745;1;1;2;1.0;3;99;;M;4392300.0;196800.0;810
3739;201300004125;13;10;31;1730;1;1;1;1.0;1;29;;M;4395900.0;199300.0;810
3740;201300004126;13;11;18;1645;1;1;1;2.0;1;99;;M;0.0;0.0;810
3741;201300004127;13;1;17;745;1;2;1;1.0;3;89;Av. du chater/Taffignon;M;4572800.0;478100.0;690
3742;201300004130;13;7;24;1100;1;2;1;1.0;6;69;Pl. Andr?e Marie PERRIN;M;0.0;0.0;690
3743;201300004131;13;12;10;830;2;2;1;8.0;3;89;Avenue de Taffignon;M;4573900.0;476600.0;690
3744;201300004132;13;3;9;1125;1;2;1;1.0;6;408;0, ROMANETTE (RUELLE);M;4955338.0;360670.0;20
3745;201300004133;13;4;2;1812;1;2;1;1.0;6;408;1, LUCIE AUBRAC (RUE);M;4957122.0;363553.0;20
3746;201300004134;13;4;3;1822;1;2;1;1.0;6;408;1, BRIMBEUF (RUE ARMAND);M;4958730.0;364441.0;20
3747;201300004135;13;4;11;1525;1;2;1;1.0;6;157;RUE JEAN JAURES;M;4958695.0;364954.0;20
3748;201300004136;13;4;29;1615;1;1;4;1.0;3;408;RD 1044;;;;20
3749;201300004137;13;5;26;424;5;2;1;2.0;6;408;34BIS, GAMBETTA (AVENUE);M;4956661.0;363130.0;20
3750;201300004138;13;5;27;1025;1;2;1;1.0;3;408;61, MENDES-FRANCE (AVENU;M;4957375.0;363549.0;20
3751;201300004139;13;6;4;2110;1;1;1;1.0;6;408;faubourg de leuilly;M;4953930.0;360425.0;20
3752;201300004140;13;4;14;110;4;2;1;1.0;6;408;8 boulevard de lyon;M;4956956.0;362477.0;20
3753;201300004141;13;5;30;1625;1;2;6;1.0;3;408;DE GAULLE (AVENUE CHARLE;M;4956871.0;364709.0;20
3754;201300004142;13;6;9;1830;1;2;6;2.0;3;408;BRIAND (AVENUE ARISTIDE);M;4956831.0;362400.0;20
3755;201300004143;13;6;9;1935;1;1;6;2.0;1;408;RN2;;;;20
3756;201300004144;13;6;14;1525;1;1;6;1.0;3;408;;;;;20
3757;201300004146;13;7;5;1850;1;1;1;1.0;1;408;;M;4957190.0;360119.0;20
3758;201300004147;13;7;18;750;1;2;1;1.0;6;408;01, ARDON A LEUILLY (CHE;M;4954885.0;362237.0;20
3759;201300004148;13;7;19;1450;1;1;4;1.0;3;408;RD 1044;;;;20
3760;201300004149;13;7;23;1055;1;2;1;1.0;6;408;18, CARNOT (AVENUE);M;4956942.0;362421.0;20
3761;201300004151;13;8;23;1730;1;1;2;1.0;3;408;D 1044;;;;20
3762;201300004152;13;8;29;2210;2;2;1;1.0;6;408;2, DOUMER (RUE PAUL);M;4956433.0;362104.0;20
3763;201300004153;13;9;30;1300;1;2;6;1.0;3;408;DROITS DE L'HOMME (PLACE;;;;20
3764;201300004154;13;9;30;1645;1;2;1;1.0;2;408;34, TARPIN (RUE DANIEL);M;4956796.0;359922.0;20
3765;201300004156;13;10;21;755;2;2;1;1.0;6;408;113, BROSSOLETTE (BOULEV;M;4956934.0;361866.0;20
3766;201300004157;13;11;6;1200;1;2;1;2.0;1;408;pont de vaux;M;4957052.0;363544.0;20
3767;201300004158;13;12;12;1100;1;2;6;8.0;2;408;DE GAULLE (AVENUE CHARLE;M;4956997.0;363815.0;20
3768;201300004159;13;12;16;1715;5;2;1;1.0;6;408;Place robert Aumont;M;4956190.0;361155.0;20
3769;201300004160;13;4;26;1800;1;1;1;1.0;1;64;;M;4395500.0;182300.0;810
3770;201300004161;13;9;22;1445;1;1;1;1.0;3;206;;M;0.0;0.0;810
3771;201300004162;13;1;18;1530;1;1;2;1.0;3;276;;M;4391440.0;169264.0;810
3772;201300004163;13;2;16;630;3;1;1;1.0;6;171;;M;4383970.0;185168.0;810
3773;201300004164;13;3;16;1045;1;2;2;1.0;3;220;26 AVENUE DE TOULOUSE;M;4381930.0;171860.0;810
3774;201300004165;13;6;1;1345;1;1;1;1.0;3;208;;M;4384000.0;186700.0;810
3775;201300004166;13;8;10;1445;1;1;1;1.0;7;276;;M;4391300.0;168600.0;810
3776;201300004168;13;12;12;1215;1;1;1;1.0;7;220;;M;4389100.0;177500.0;810
3777;201300004169;13;12;13;815;1;1;1;1.0;3;145;;M;4386400.0;181100.0;810
3778;201300004170;13;1;11;1815;3;1;1;1.0;1;2;;M;4349490.0;233933.0;810
3779;201300004173;13;11;10;1600;1;1;1;1.0;6;312;;M;0.0;0.0;810
3780;201300004174;13;3;10;220;3;1;1;1.0;6;127;;M;4356670.0;192903.0;810
3781;201300004175;13;3;10;1600;1;1;1;1.0;2;251;;M;4355790.0;206928.0;810
3782;201300004177;13;6;20;1715;1;2;1;1.0;7;179;lieu dit la c?te, C.V 18;M;4351700.0;193200.0;810
3783;201300004178;13;7;2;1130;1;1;1;1.0;1;143;;M;4353500.0;210100.0;810
3784;201300004179;13;7;31;1800;1;1;1;1.0;3;50;;M;4358000.0;186000.0;810
3785;201300004180;13;11;6;1230;1;1;1;1.0;6;219;;M;4357800.0;202599.0;810
3786;201300004181;13;12;16;1900;3;1;1;1.0;6;219;;M;4355600.0;202800.0;810
3787;201300004183;13;2;27;800;1;2;1;5.0;6;87;D20 - route de Moli?res;M;0.0;0.0;820
3788;201300004184;13;3;9;1930;2;1;1;1.0;1;87;;M;0.0;0.0;820
3789;201300004185;13;3;21;915;1;1;1;1.0;6;126;;M;4416640.0;156682.0;820
3790;201300004186;13;4;4;1415;1;1;1;3.0;6;144;;M;0.0;0.0;820
3791;201300004187;13;5;4;1;3;1;1;1.0;6;144;;M;0.0;0.0;820
3792;201300004188;13;5;10;1430;1;1;1;1.0;1;39;;M;0.0;0.0;820
3793;201300004189;13;5;13;845;1;1;1;1.0;5;119;;M;0.0;0.0;820
3794;201300004190;13;6;5;945;1;2;2;1.0;3;179;Cours Sady Carnot;M;0.0;0.0;820
3795;201300004191;13;6;2;1145;1;1;1;1.0;7;76;;M;0.0;0.0;820
3796;201300004192;13;6;21;330;3;1;1;1.0;6;87;;M;0.0;0.0;820
3797;201300004193;13;6;25;1200;1;1;1;1.0;6;131;;M;0.0;0.0;820
3798;201300004194;13;6;29;945;1;2;1;1.0;6;37;58 rue Dr OLIVE;M;0.0;0.0;820
3799;201300004195;13;7;13;1330;1;1;1;1.0;1;37;;M;0.0;0.0;820
3800;201300004196;13;7;13;1315;1;1;1;1.0;7;149;;M;0.0;0.0;820
3801;201300004197;13;7;13;2115;2;1;1;1.0;6;87;;M;0.0;0.0;820
3802;201300004198;13;8;5;1530;1;1;1;1.0;6;37;;M;0.0;0.0;820
3803;201300004199;13;8;13;1930;1;1;1;1.0;1;76;;M;0.0;0.0;820
3804;201300004201;13;10;2;715;2;1;2;1.0;1;39;;M;0.0;0.0;820
3805;201300004202;13;10;14;745;2;1;1;8.0;7;37;;M;0.0;0.0;820
3806;201300004203;13;10;31;1030;1;1;2;5.0;3;37;;M;0.0;0.0;820
3807;201300004204;13;12;8;915;1;1;1;9.0;6;179;;M;0.0;0.0;820
3808;201300004206;13;6;16;1600;1;1;1;1.0;6;98;;M;0.0;0.0;820
3809;201300004207;13;7;6;2115;2;1;2;1.0;1;192;;M;0.0;0.0;820
3810;201300004208;13;8;16;1545;1;1;1;1.0;3;192;;M;0.0;0.0;820
3811;201300004209;13;12;9;1945;3;1;1;9.0;7;26;;M;0.0;0.0;820
3812;201300004210;13;4;25;1800;1;2;1;1.0;6;172;SAILLAGOL;M;0.0;0.0;820
3813;201300004211;13;6;1;1300;1;1;1;1.0;6;187;;M;0.0;0.0;820
3814;201300004212;13;7;11;1845;1;1;1;1.0;6;38;;M;0.0;0.0;820
3815;201300004213;13;7;16;1100;1;1;3;7.0;3;137;;M;4427300.0;185700.0;820
3816;201300004214;13;7;16;1645;1;1;1;7.0;6;147;;M;4430100.0;187400.0;820
3817;201300004215;13;8;22;1015;1;1;6;1.0;6;38;;M;0.0;0.0;820
3818;201300004216;13;9;23;1130;1;1;1;1.0;6;191;;M;0.0;0.0;820
3819;201300004218;13;9;4;830;1;1;1;1.0;1;55;;M;4390800.0;96100.0;820
3820;201300004219;13;9;22;2015;2;1;1;1.0;6;13;;M;0.0;0.0;820
3821;201300004220;13;11;21;45;3;2;1;2.0;6;93;RD 928;M;0.0;0.0;820
3822;201300004221;13;1;22;915;1;2;1;9.0;6;75;rue de la paix;M;0.0;0.0;820
3823;201300004222;13;2;24;600;3;1;1;1.0;6;75;;M;4384300.0;129300.0;820
3824;201300004223;13;6;10;1415;1;1;1;1.0;6;188;;M;4393800.0;148900.0;820
3825;201300004224;13;8;4;400;3;1;1;1.0;7;27;;M;4389600.0;133400.0;820
3826;201300004225;13;8;17;1345;1;1;1;1.0;6;75;;M;0.0;0.0;820
3827;201300004226;13;9;19;830;1;1;1;1.0;6;79;;M;0.0;0.0;820
3828;201300004227;13;10;11;2345;5;2;1;1.0;6;48;Route de Toulouse;M;0.0;0.0;820
3829;201300004228;13;11;8;900;1;1;2;5.0;3;79;;M;4391600.0;133100.0;820
3830;201300004229;13;12;16;1800;3;1;1;1.0;6;48;;M;0.0;0.0;820
3831;201300004230;13;8;21;1700;1;1;1;1.0;6;94;;M;4427000.0;114600.0;820
3832;201300004231;13;9;11;1000;1;1;1;1.0;1;117;;M;4433300.0;103000.0;820
3833;201300004232;13;11;6;1915;3;1;1;1.0;1;154;;M;4422100.0;114000.0;820
3834;201300004233;13;12;10;1800;3;1;1;1.0;6;151;;M;0.0;0.0;820
3835;201300004234;13;1;25;1845;3;1;1;1.0;3;112;;M;0.0;0.0;820
3836;201300004235;13;2;7;1215;1;2;1;1.0;1;112;avenue du sarlac;M;0.0;0.0;820
3837;201300004236;13;3;9;1930;3;1;1;1.0;3;112;;M;4409570.0;105419.0;820
3838;201300004238;13;7;22;2330;3;1;1;1.0;1;112;;M;4408400.0;109200.0;820
3839;201300004239;13;7;24;2330;3;1;1;1.0;6;80;;M;4407000.0;118400.0;820
3840;201300004240;13;8;3;1615;1;1;1;1.0;1;31;;M;4404000.0;103899.0;820
3841;201300004241;13;8;14;1045;1;2;1;1.0;3;112;Bd Camille Delthil;M;4410700.0;108700.0;820
3842;201300004242;13;8;17;1545;1;1;1;1.0;6;108;;M;4409300.0;120800.0;820
3843;201300004243;13;9;5;1815;1;1;1;1.0;1;112;;M;0.0;0.0;820
3844;201300004244;13;10;5;1515;1;1;1;1.0;7;112;;M;4410000.0;108900.0;820
3845;201300004245;13;10;8;1215;1;1;1;1.0;6;112;;M;4409800.0;105500.0;820
3846;201300004246;13;10;27;300;3;1;8;1.0;3;112;;M;0.0;0.0;820
3847;201300004247;13;10;31;1500;1;2;1;1.0;6;112;BD CAMILLE DELTHIL;M;0.0;0.0;820
3848;201300004248;13;1;11;1925;3;1;1;1.0;1;23;"Lieu-dit ""la sudre""";M;4394700.0;114000.0;820
3849;201300004249;13;1;11;1900;3;1;1;1.0;1;20;"Lieu-dit ""dère"" VC 12";M;0.0;0.0;820
3850;201300004250;13;1;22;1615;1;1;1;1.0;6;124;;M;0.0;0.0;820
3851;201300004251;13;1;23;1245;1;2;1;1.0;6;125;1248 route de montauban;M;4396440.0;125242.0;820
3852;201300004252;13;2;13;745;2;2;1;1.0;3;125;boulevard R?publique;M;0.0;0.0;820
3853;201300004253;13;2;17;1445;1;1;1;7.0;3;171;;M;0.0;0.0;820
3854;201300004254;13;7;12;1700;1;1;6;1.0;3;123;;M;0.0;0.0;820
3855;201300004256;13;7;28;2330;3;1;1;1.0;1;190;;M;0.0;0.0;820
3856;201300004257;13;8;15;145;5;2;1;1.0;7;125;Route d'Escatalens;M;0.0;0.0;820
3857;201300004258;13;8;25;1500;1;2;1;1.0;4;125;Faubourg Saint Blaise;M;0.0;0.0;820
3858;201300004260;13;10;10;630;3;1;1;1.0;1;125;;M;0.0;0.0;820
3859;201300004261;13;10;27;15;5;2;1;1.0;6;62;RD813  PK 10;M;0.0;0.0;820
3860;201300004262;13;10;26;600;3;1;1;1.0;6;85;;M;0.0;0.0;820
3861;201300004263;13;12;4;115;3;1;1;5.0;6;124;;M;0.0;0.0;820
3862;201300004264;13;3;2;2315;3;1;1;1.0;1;73;;M;4444750.0;93485.0;820
3863;201300004265;13;6;23;1930;1;1;1;1.0;6;50;;M;0.0;0.0;820
3864;201300004266;13;7;23;300;3;1;1;1.0;6;49;;M;0.0;0.0;820
3865;201300004267;13;7;24;1415;1;2;1;1.0;6;186;Boulevard Victor Guilhem;M;0.0;0.0;820
3866;201300004268;13;8;6;1745;1;1;1;1.0;1;65;;M;0.0;0.0;820
3867;201300004269;13;12;29;2015;3;1;1;8.0;6;141;;M;0.0;0.0;820
3868;201300004270;13;4;18;1715;1;2;1;1.0;1;76;Chemin des Bois;M;0.0;0.0;690
3869;201300004271;13;6;20;400;5;1;1;1.0;6;250;;M;0.0;0.0;690