;Num_Acc;an;mois;jour;hrmn;lum;agg;int;atm;col;com;adr;gps;lat;long;dep
3870;201300004272;13;8;5;1900;1;2;1;1.0;6;250;rue du contal;M;0.0;0.0;690
3871;201300004273;13;12;18;2045;3;2;1;1.0;1;76;ROUTE DE DARDILLY;M;0.0;0.0;690
3872;201300004274;13;12;23;2230;5;2;1;1.0;6;72;;M;0.0;0.0;690
3873;201300004275;13;1;28;1600;1;1;1;1.0;1;49;;M;0.0;0.0;690
3874;201300004276;13;3;24;1315;1;2;9;1.0;1;40;avenue lanessan;M;0.0;0.0;690
3875;201300004277;13;3;30;1745;1;2;1;2.0;3;40;68 avenue Lanessan;M;0.0;0.0;690
3876;201300004278;13;5;29;1500;1;1;9;1.0;6;116;;M;0.0;0.0;690
3877;201300004279;13;6;6;1615;1;1;1;1.0;1;116;;M;0.0;0.0;690
3878;201300004280;13;6;11;645;1;1;6;1.0;3;117;;M;0.0;0.0;690
3879;201300004281;13;6;13;15;3;2;6;1.0;6;116;av G?n?ral DE GAULLE;M;0.0;0.0;690
3880;201300004282;13;8;22;1030;1;2;1;7.0;1;49;route de montluzin;M;0.0;0.0;690
3881;201300004283;13;9;2;915;1;1;1;1.0;3;117;;M;0.0;0.0;690
3882;201300004284;13;9;5;800;1;1;1;1.0;2;116;;M;0.0;0.0;690
3883;201300004285;13;9;12;900;1;1;1;1.0;1;117;;M;0.0;0.0;690
3884;201300004286;13;9;18;2030;2;2;1;1.0;1;191;33 Rue J et C Reynier;M;0.0;0.0;690
3885;201300004287;13;10;1;730;1;2;1;5.0;6;49;rue dodat;M;0.0;0.0;690
3886;201300004288;13;12;26;1815;5;2;1;1.0;2;40;43 avenue lanessan;M;0.0;0.0;690
3887;201300004289;13;1;19;1400;1;2;2;2.0;3;85;Grande rue, pecherie;M;0.0;0.0;690
3888;201300004290;13;1;30;1825;5;2;1;3.0;3;143;69250;;;;690
3889;201300004291;13;2;12;2045;3;1;1;1.0;5;284;;M;0.0;0.0;690
3890;201300004292;13;2;20;630;2;2;1;1.0;6;143;;M;0.0;0.0;690
3891;201300004293;13;2;26;2130;5;2;1;1.0;2;68;rue gabriel p?ri;M;0.0;0.0;690
3892;201300004294;13;3;2;1630;1;2;1;1.0;6;3;quai g?n?ral de gaulle;M;0.0;0.0;690
3893;201300004295;13;3;16;300;5;1;1;1.0;6;163;;M;0.0;0.0;690
3894;201300004296;13;3;25;1815;1;1;1;1.0;1;284;;M;0.0;0.0;690
3895;201300004297;13;4;8;1700;1;1;1;2.0;6;71;;M;0.0;0.0;690
3896;201300004298;13;4;9;845;1;2;1;1.0;6;143;Ave Marie Th?r?se Prost;M;0.0;0.0;690
3897;201300004299;13;4;16;1445;1;2;1;1.0;2;3;quai general de gaulle;M;0.0;0.0;690
3898;201300004300;13;5;10;1315;1;2;3;1.0;1;278;rue des cerisiers;M;0.0;0.0;690
3899;201300004301;13;5;15;1030;1;2;1;2.0;5;68;quai jean moulin;M;0.0;0.0;690
3900;201300004302;13;5;27;815;1;1;1;1.0;6;143;;M;0.0;0.0;690
3901;201300004303;13;6;21;1730;1;2;1;1.0;6;278;rue du creuzet;M;0.0;0.0;690
3902;201300004304;13;6;22;500;2;2;1;1.0;6;163;11 Rue de la R?publique;M;0.0;0.0;690
3903;201300004305;13;6;18;2200;5;1;1;1.0;7;233;;M;0.0;0.0;690
3904;201300004306;13;7;1;1730;1;1;1;1.0;6;163;;M;0.0;0.0;690
3905;201300004307;13;7;4;245;5;1;1;1.0;6;143;;M;0.0;0.0;690
3906;201300004308;13;7;5;1630;1;2;6;7.0;2;207;AVENUE JACQUES BREL;M;0.0;0.0;690
3907;201300004309;13;7;19;1300;1;1;1;1.0;6;278;;M;0.0;0.0;690
3908;201300004310;13;9;10;800;1;1;1;1.0;3;207;;M;0.0;0.0;690
3909;201300004311;13;9;18;1145;1;1;1;1.0;1;3;;M;0.0;0.0;690
3910;201300004312;13;11;17;1730;5;2;6;1.0;3;3;D51, Quai Henri Barbusse;M;0.0;0.0;690
3911;201300004314;13;12;28;530;5;2;1;1.0;6;163;;M;0.0;0.0;690
3912;201300004315;13;6;3;1445;1;2;1;1.0;3;204;Avenue Mar?chal  FOCH;M;0.0;0.0;690
3913;201300004316;13;12;30;1900;5;2;1;1.0;3;204;36, Route de Vourles;M;0.0;0.0;690
3914;201300004317;13;1;3;545;3;1;1;1.0;1;289;;M;4566300.0;500400.0;690
3915;201300004318;13;2;11;1815;3;1;1;8.0;3;298;;M;4565600.0;496700.0;690
3916;201300004319;13;3;7;1730;1;2;1;1.0;3;287;94;M;0.0;0.0;690
3917;201300004320;13;3;15;500;3;2;1;1.0;1;288;Avenue Mar?chal Juin;M;4569400.0;507000.0;690
3918;201300004321;13;6;29;1130;1;1;1;1.0;3;299;;M;0.0;0.0;690
3919;201300004322;13;7;7;1045;1;2;1;1.0;6;287;rue Lamartine;M;0.0;0.0;690
3920;201300004323;13;8;19;845;1;1;1;1.0;7;288;;M;0.0;0.0;690
3921;201300004324;13;2;22;1630;1;2;1;1.0;1;281;route de Lyon;M;0.0;0.0;690
3922;201300004325;13;6;28;1900;1;2;9;1.0;5;273;43 avenue gabriel p?ri;M;0.0;0.0;690
3923;201300004326;13;8;20;1900;1;2;1;1.0;6;273;;M;0.0;0.0;690
3924;201300004327;13;11;9;1745;1;1;1;1.0;1;270;;M;0.0;0.0;690
3925;201300004328;13;12;1;1615;1;1;1;1.0;6;270;;M;0.0;0.0;690
3926;201300004329;13;2;27;1930;3;1;1;1.0;1;112;;M;4579600.0;469700.0;690
3927;201300004330;13;3;5;1800;1;1;1;2.0;1;144;;M;4585100.0;463600.0;690
3928;201300004332;13;3;9;2000;5;2;1;1.0;1;40;IMPASSE DES ANCIENNES VI;M;0.0;0.0;690
3929;201300004333;13;3;11;2245;3;1;1;2.0;1;175;;M;0.0;0.0;690
3930;201300004334;13;5;9;1130;1;1;3;1.0;3;21;;M;0.0;0.0;690
3931;201300004335;13;5;26;1900;1;1;1;1.0;3;22;;M;0.0;0.0;690
3932;201300004336;13;6;22;745;1;2;7;1.0;6;171;place des trois communes;M;0.0;0.0;690
3933;201300004337;13;7;6;1915;1;1;1;1.0;6;175;;M;0.0;0.0;690
3934;201300004338;13;7;25;1945;1;2;1;1.0;2;112;D70;M;4582300.0;466600.0;690
3935;201300004340;13;8;14;1815;1;1;1;1.0;7;21;;M;0.0;0.0;690
3936;201300004341;13;8;28;2345;5;1;1;1.0;1;175;;M;0.0;0.0;690
3937;201300004342;13;9;22;1615;1;1;1;1.0;1;208;;M;0.0;0.0;690
3938;201300004343;13;9;25;2245;3;1;1;1.0;6;32;;M;0.0;0.0;690
3939;201300004345;13;11;1;1900;3;1;1;1.0;1;112;;M;0.0;0.0;690
3940;201300004346;13;11;21;2030;1;1;1;1.0;6;10;;M;0.0;0.0;690
3941;201300004347;13;12;15;400;5;1;1;5.0;7;32;;M;0.0;0.0;690
3942;201300004348;13;5;10;1600;1;2;1;1.0;3;201;le bourg;M;4571100.0;447100.0;690
3943;201300004349;13;5;21;1815;1;1;1;2.0;5;31;;M;0.0;0.0;690
3944;201300004350;13;6;15;500;2;1;1;1.0;6;203;;M;4570000.0;448600.0;690
3945;201300004351;13;6;17;215;5;2;1;1.0;7;220;le croix sopha;M;0.0;0.0;690
3946;201300004353;13;1;12;1700;1;2;1;8.0;6;238;avenue de la lib?ration;M;0.0;0.0;690
3947;201300004354;13;5;14;815;1;1;1;1.0;5;42;;M;0.0;0.0;690
3948;201300004355;13;8;21;1100;1;2;1;7.0;6;238;Boulevard Andr? Margot;M;0.0;0.0;690
3949;201300004356;13;8;30;715;1;1;1;1.0;6;78;;M;0.0;0.0;690
3950;201300004357;13;9;8;1915;1;1;1;1.0;3;227;;M;0.0;0.0;690
3951;201300004358;13;9;26;1645;1;1;1;1.0;5;78;;M;0.0;0.0;690
3952;201300004359;13;12;19;830;1;2;1;3.0;6;227;rue droix bertrand;M;0.0;0.0;690
3953;201300004360;13;4;21;1445;1;2;1;1.0;6;190;Rue des monts;M;0.0;0.0;690
3954;201300004361;13;5;6;1645;1;1;1;1.0;3;28;;M;0.0;0.0;690
3955;201300004362;13;5;14;1600;1;1;9;1.0;6;154;;M;0.0;0.0;690
3956;201300004364;13;6;12;1915;1;2;1;1.0;3;94;1 rte du Col de la Lu?re;M;0.0;0.0;690
3957;201300004365;13;7;30;1645;1;1;1;1.0;6;67;;M;0.0;0.0;690
3958;201300004366;13;6;14;830;1;2;1;1.0;3;296;Croix rouge / rte PILON;M;0.0;0.0;690
3959;201300004367;13;8;19;1800;1;2;1;1.0;6;291;quai Hector Berlioz;M;0.0;0.0;690
3960;201300004368;13;9;6;730;1;2;3;1.0;3;297;RUE DES PIERRES;M;0.0;0.0;690
3961;201300004369;13;10;6;415;3;1;1;2.0;6;272;;M;0.0;0.0;690
3962;201300004370;13;11;17;500;5;2;1;1.0;6;297;rd 312;M;0.0;0.0;690
3963;201300004371;13;12;28;1045;1;1;1;1.0;1;228;;M;0.0;0.0;690
3964;201300004373;13;4;2;1845;1;1;1;1.0;1;228;;M;0.0;0.0;690
3965;201300004374;13;4;14;800;1;2;1;1.0;6;176;rue micky barange;M;0.0;0.0;690
3966;201300004375;13;4;25;1815;1;1;1;1.0;1;48;;M;0.0;0.0;690
3967;201300004376;13;5;17;855;1;2;1;1.0;6;228;69440;;;;690
3968;201300004377;13;6;4;630;1;1;1;1.0;7;237;;M;0.0;0.0;690
3969;201300004378;13;7;12;2100;1;1;1;1.0;6;141;;M;0.0;0.0;690
3970;201300004379;13;8;1;1650;1;2;1;1.0;3;141;69440;;;;690
3971;201300004380;13;8;27;1015;1;1;1;2.0;1;176;;M;0.0;0.0;690
3972;201300004381;13;10;26;1800;1;1;1;1.0;6;176;;M;4567300.0;467000.0;690
3973;201300004382;13;10;29;1830;2;1;3;1.0;3;141;;M;0.0;0.0;690
3974;201300004383;13;11;27;1530;1;1;1;1.0;1;136;;M;0.0;0.0;690
3975;201300004384;13;11;29;1430;1;1;1;8.0;7;179;;M;0.0;0.0;690
3976;201300004385;13;1;13;1715;2;1;1;1.0;1;192;;M;0.0;0.0;690
3977;201300004387;13;7;7;2330;3;1;1;1.0;7;257;;M;0.0;0.0;690
3978;201300004388;13;7;15;1700;1;1;1;1.0;6;151;;M;0.0;0.0;690
3979;201300004389;13;9;20;1515;1;1;1;1.0;3;172;;M;0.0;0.0;690
3980;201300004390;13;9;27;1615;1;1;1;1.0;3;74;;M;0.0;0.0;690
3981;201300004391;13;7;5;1900;1;2;9;1.0;3;159;674 chemin de la celli?r;M;0.0;0.0;690
3982;201300004392;13;12;21;1200;1;2;9;1.0;3;264;avenue Etienne Bernand;M;0.0;0.0;690
3983;201300004393;13;2;15;1900;5;2;1;1.0;4;121;;M;0.0;0.0;690
3984;201300004394;13;4;25;1615;1;1;1;1.0;3;121;;M;0.0;0.0;690
3985;201300004395;13;7;18;1100;1;1;1;3.0;1;121;;M;0.0;0.0;690
3986;201300004396;13;7;26;1700;1;1;1;1.0;6;159;;M;0.0;0.0;690
3987;201300004397;13;8;31;1600;1;1;1;1.0;3;121;;M;0.0;0.0;690
3988;201300004398;13;9;20;2045;3;1;1;1.0;7;122;;M;0.0;0.0;690
3989;201300004399;13;3;20;1645;1;1;1;1.0;2;108;;M;0.0;0.0;690
3990;201300004400;13;6;24;1245;1;1;1;1.0;6;267;;M;0.0;0.0;690
3991;201300004401;13;6;27;1400;1;1;1;1.0;1;267;;M;4616400.0;469900.0;690
3992;201300004402;13;7;9;1600;1;1;1;1.0;5;80;;M;0.0;0.0;690
3993;201300004403;13;7;13;2000;1;1;1;1.0;7;185;;M;4625200.0;452400.0;690
3994;201300004404;13;9;1;1615;1;2;1;1.0;1;135;route du beaujolais;M;4622500.0;451900.0;690
3995;201300004405;13;11;6;2315;3;1;1;1.0;5;161;;M;0.0;0.0;690
3996;201300004406;13;1;28;845;1;1;1;1.0;1;211;;M;0.0;0.0;690
3997;201300004407;13;4;18;1800;1;2;1;1.0;6;19;AVENUE DE VERDUN;M;4610700.0;473900.0;690
3998;201300004408;13;5;7;1745;1;2;1;1.0;6;211;avenue mar?chal foch;M;0.0;0.0;690
3999;201300004409;13;5;30;1930;1;1;6;1.0;3;145;;M;0.0;0.0;690
4000;201300004410;13;7;11;1100;1;1;1;1.0;1;242;;M;4613600.0;475900.0;690
4001;201300004411;13;9;12;1645;1;2;1;1.0;6;211;240 RUE JEAN CARON;M;0.0;0.0;690
4002;201300004412;13;9;26;745;3;1;1;1.0;7;197;;M;0.0;0.0;690
4003;201300004413;13;10;2;2030;3;1;1;1.0;6;197;;M;4606900.0;464400.0;690
4004;201300004414;13;9;26;2130;3;1;1;1.0;2;211;;M;0.0;0.0;690
4005;201300004415;13;10;6;1015;1;1;1;2.0;7;45;;M;0.0;0.0;690
4006;201300004416;13;12;18;1745;5;2;1;8.0;3;19;avenue de verdun;M;0.0;0.0;690
4007;201300004417;13;1;10;1945;3;1;1;2.0;1;17;;M;0.0;0.0;690
4008;201300004418;13;4;1;1345;1;1;2;1.0;3;90;;M;0.0;0.0;690
4009;201300004419;13;4;19;1615;1;1;2;1.0;3;246;;M;0.0;0.0;690
4010;201300004420;13;6;8;1215;1;1;1;1.0;1;239;;M;0.0;0.0;690
4011;201300004421;13;7;1;1545;1;1;1;7.0;1;39;lieu-dit La Chapelle;;;;690
4012;201300004422;13;7;21;1645;1;1;1;1.0;1;39;lieu-dit La Chapelle;M;0.0;0.0;690
4013;201300004423;13;10;11;1445;1;1;1;2.0;4;24;;M;0.0;0.0;690
4014;201300004424;13;10;7;1745;1;1;1;1.0;2;113;;M;0.0;0.0;690
4015;201300004425;13;12;17;1200;1;1;1;1.0;3;24;;M;0.0;0.0;690
4016;201300004426;13;12;22;515;5;2;1;1.0;1;26;D385;M;0.0;0.0;690
4017;201300004427;13;2;13;1800;2;2;1;1.0;6;243;Edouard HERRIOT;M;0.0;0.0;690
4018;201300004428;13;3;23;900;1;1;1;1.0;1;188;;M;0.0;0.0;690
4019;201300004429;13;4;19;1130;1;2;1;1.0;6;243;33, rue Etienne Dolet;M;0.0;0.0;690
4020;201300004430;13;5;11;1845;1;1;1;1.0;6;254;;M;0.0;0.0;690
4021;201300004431;13;6;8;1630;1;1;1;1.0;1;254;;M;0.0;0.0;690
4022;201300004432;13;6;6;1715;1;1;1;1.0;6;254;;M;0.0;0.0;690
4023;201300004433;13;6;22;1730;1;1;1;1.0;1;188;;M;0.0;0.0;690
4024;201300004434;13;7;21;1330;1;1;1;1.0;7;243;;M;0.0;0.0;690
4025;201300004435;13;7;23;530;2;2;1;1.0;1;157;;M;0.0;0.0;690
4026;201300004436;13;11;2;1645;1;1;1;1.0;6;174;;M;0.0;0.0;690
4027;201300004437;13;12;30;1630;2;2;1;8.0;3;243;41 Route de Thizy;M;0.0;0.0;690
4028;201300004438;13;5;25;2345;4;1;1;5.0;1;160;;M;4616900.0;444000.0;690
4029;201300004439;13;7;24;2315;3;1;1;1.0;6;160;;M;4612400.0;446700.0;690
4030;201300004440;13;7;26;1600;1;1;1;1.0;1;37;;M;4602500.0;450200.0;690
4031;201300004441;13;1;14;1930;5;2;1;1.0;6;248;77 rue Gambetta;M;0.0;0.0;690
4032;201300004442;13;2;1;1315;1;2;1;2.0;1;158;06 rue aim? christophe;M;0.0;0.0;690
4033;201300004443;13;7;31;1530;1;2;1;7.0;2;6;17 route de roanne;M;0.0;0.0;690
4034;201300004445;13;9;2;1015;1;2;1;7.0;6;248;D9;M;0.0;0.0;690
4035;201300004446;13;9;14;1415;1;1;1;1.0;7;6;;M;0.0;0.0;690
4036;201300004447;13;10;21;1245;1;1;1;1.0;6;169;;M;0.0;0.0;690
4037;201300004449;13;11;30;2130;5;1;1;9.0;6;25;;M;0.0;0.0;690
4038;201300004450;13;2;4;1615;1;1;1;2.0;5;336;;M;4615490.0;518154.0;10
4039;201300004451;13;5;21;815;1;1;1;2.0;7;211;;M;4610500.0;519046.0;10
4040;201300004452;13;6;1;15;3;1;1;2.0;6;264;;;;;10
4041;201300004453;13;8;17;1900;1;2;1;1.0;7;65;;M;4619590.0;515578.0;10
4042;201300004454;13;11;10;1245;1;1;1;8.0;1;211;;M;4615100.0;519600.0;10
4043;201300004455;13;3;21;1600;1;2;1;1.0;6;426;;;;;10
4044;201300004456;13;3;22;900;1;1;1;1.0;1;426;;M;4628300.0;532144.0;10
4045;201300004457;13;4;7;1545;1;2;1;1.0;6;254;CHEMIN DU GOURD;;;;10
4046;201300004458;13;6;27;930;1;1;1;3.0;1;321;;M;4616610.0;534466.0;10
4047;201300004459;13;9;21;1200;1;1;1;1.0;3;447;;M;4620500.0;540000.0;10
4048;201300004460;13;9;20;1400;1;2;1;1.0;6;312;Le Village;M;0.0;0.0;10
4049;201300004461;13;10;1;1930;2;1;1;1.0;5;184;;M;0.0;0.0;10
4050;201300004462;13;10;15;1645;1;1;1;3.0;5;426;;M;4625100.0;539100.0;10
4051;201300004463;13;10;26;30;3;1;1;8.0;7;426;;M;4631700.0;538500.0;10
4052;201300004464;13;12;14;1315;1;1;1;2.0;1;408;;M;4624700.0;544600.0;10
4053;201300004465;13;1;24;1815;5;2;1;1.0;6;266;AVENUE DE MACON;M;4633440.0;512003.0;10
4054;201300004466;13;2;1;115;3;1;1;2.0;6;115;;M;4625360.0;508363.0;10
4055;201300004467;13;3;4;1630;1;1;1;1.0;3;266;;M;4632510.0;511367.0;10
4056;201300004468;13;4;17;945;1;1;1;1.0;5;305;;M;4643930.0;493040.0;10
4057;201300004469;13;4;18;800;1;2;1;7.0;5;175;CHEMIN DES ECOLIERS;;;;10
4058;201300004471;13;4;21;1400;1;1;1;1.0;3;236;;M;0.0;0.0;10
4059;201300004472;13;4;21;1430;1;1;1;1.0;1;229;;M;4633030.0;513296.0;10
4060;201300004473;13;5;8;515;3;1;1;1.0;1;388;"""MOLARDOURY""";M;4645280.0;503977.0;10
4061;201300004474;13;5;12;1015;1;2;7;2.0;6;163;;;;;10
4062;201300004475;13;5;13;1830;1;1;1;1.0;1;352;;M;4641580.0;499291.0;10
4063;201300004477;13;6;16;1200;1;1;1;1.0;5;115;;M;4625480.0;507065.0;10
4064;201300004478;13;6;21;1345;1;1;1;1.0;3;102;;M;4639840.0;494426.0;10
4065;201300004480;13;6;28;830;1;1;1;2.0;1;24;;;;;10
4066;201300004481;13;9;28;2030;5;1;1;1.0;3;230;;M;0.0;0.0;10
4067;201300004482;13;10;14;1730;1;1;1;1.0;3;367;;M;0.0;0.0;10
4068;201300004483;13;11;9;1800;5;2;1;2.0;3;337;;M;0.0;0.0;10
4069;201300004484;13;2;27;1945;3;1;1;1.0;6;68;;M;4607390.0;544684.0;10
4070;201300004486;13;10;1;1815;1;1;1;1.0;3;151;;M;0.0;0.0;10
4071;201300004487;13;11;26;800;1;1;1;9.0;6;314;;M;0.0;0.0;10
4072;201300004490;13;6;2;1900;1;1;2;1.0;3;355;;M;4626730.0;500596.0;10
4073;201300004491;13;12;13;615;2;1;1;5.0;1;355;;M;0.0;0.0;10
4074;201300004492;13;1;11;1530;1;1;1;4.0;7;310;;M;4566800.0;562230.0;10
4075;201300004493;13;6;18;745;1;2;1;7.0;7;34;ROUTE DE LYON;M;4574060.0;567675.0;10
4076;201300004494;13;1;1;630;3;1;1;1.0;7;329;;M;4583650.0;558664.0;10
4077;201300004495;13;1;15;930;1;1;1;4.0;3;22;;M;4587750.0;569091.0;10
4078;201300004496;13;6;27;2030;2;1;1;1.0;6;118;;;;;10
4079;201300004497;13;6;25;900;1;1;1;1.0;7;73;;M;4583880.0;571293.0;10
4080;201300004499;13;8;21;1800;1;2;1;1.0;6;66;RD1504 PK27+900;M;4586800.0;553376.0;10
4081;201300004500;13;10;13;2000;5;1;1;2.0;1;407;;M;0.0;0.0;10
4082;201300004501;13;6;9;1800;1;1;1;1.0;3;185;;M;4600980.0;559088.0;10
4083;201300004502;13;6;15;830;1;2;1;1.0;6;185;SALLE DES FETES;M;4598030.0;559600.0;10
4084;201300004503;13;7;23;745;1;1;1;1.0;1;185;;M;4598110.0;557459.0;10
4085;201300004504;13;7;24;1630;1;1;1;1.0;1;101;;M;4611300.0;556837.0;10
4086;201300004505;13;12;31;1200;1;1;1;1.0;2;4;;M;4596600.0;533400.0;10
4087;201300004506;13;4;1;1615;1;1;1;1.0;1;8;;M;4594140.0;533096.0;10
4088;201300004507;13;4;14;1615;1;2;2;1.0;3;4;AVENUE DE LA LIBERATION;M;4595640.0;533268.0;10
4089;201300004509;13;6;17;1500;1;1;1;1.0;7;444;;M;4583740.0;543438.0;10
4090;201300004510;13;6;18;1930;1;1;1;1.0;1;416;;;;;10
4091;201300004511;13;6;20;1715;1;2;1;1.0;1;384;AVENUE DE L EUROPE;M;4594460.0;543500.0;10
4092;201300004512;13;7;16;1515;1;1;1;1.0;3;224;;M;4580290.0;521272.0;10
4093;201300004513;13;9;11;1130;1;2;1;1.0;5;4;;M;0.0;0.0;10
4094;201300004514;13;9;18;1600;1;1;1;2.0;1;444;;M;4584000.0;543800.0;10
4095;201300004516;13;10;18;700;3;1;1;5.0;1;99;;M;4591600.0;525300.0;10
4096;201300004517;13;12;17;1630;1;2;1;1.0;1;431;Route de Vaux F?vroux;M;4593200.0;535700.0;10
4097;201300004518;13;12;23;1645;3;1;1;1.0;1;202;;M;4583200.0;528400.0;10
4098;201300004519;13;12;25;1915;3;1;1;3.0;6;89;;M;0.0;0.0;10
4099;201300004521;13;10;17;1745;1;2;1;1.0;7;240;159 route des bateliers;M;0.0;0.0;10
4100;201300004522;13;10;18;1330;1;2;1;1.0;5;265;avenue de bresse;M;0.0;0.0;10
4101;201300004523;13;10;20;1730;1;1;1;2.0;6;228;;M;0.0;0.0;10
4102;201300004524;13;10;23;545;3;1;1;1.0;6;148;;M;0.0;0.0;10
4103;201300004525;13;11;9;2000;3;1;1;2.0;6;237;;M;0.0;0.0;10
4104;201300004526;13;1;2;1715;5;2;1;1.0;3;143;RUE VOLTAIRE;;;;10
4105;201300004527;13;3;3;1845;5;2;1;1.0;3;173;200 RUE DE GEX LA VILLE;M;4633700.0;605900.0;10
4106;201300004528;13;5;27;1700;1;1;6;1.0;7;399;;M;4629410.0;607760.0;10
4107;201300004529;13;6;28;2245;5;2;1;1.0;3;399;CD 1005;M;4630020.0;606984.0;10
4108;201300004530;13;7;31;1430;1;2;2;1.0;3;153;rue Fran?ois Estier;M;0.0;0.0;10
4109;201300004531;13;11;29;1800;5;2;1;1.0;6;71;rue de la mairie;M;0.0;0.0;10
4110;201300004532;13;11;22;1445;1;2;6;8.0;3;143;Avenue des voirons;M;0.0;0.0;10
4111;201300004533;13;12;21;2030;5;1;1;8.0;1;143;;M;0.0;0.0;10
4112;201300004534;13;3;21;1830;2;2;1;1.0;2;160;;;;;10
4113;201300004535;13;4;10;1800;1;2;9;8.0;6;160;13 CHEMIN DU LEVANT;;;;10
4114;201300004536;13;8;30;500;5;2;6;1.0;7;281;RUE DE GEN?VE;M;4627560.0;609316.0;10
4115;201300004537;13;9;1;1200;1;1;1;1.0;1;397;;M;0.0;0.0;10
4116;201300004538;13;8;14;1445;1;2;6;1.0;1;160;AVENUE DU JURA;M;4625960.0;611124.0;10
4117;201300004539;13;10;7;830;1;1;1;1.0;1;435;;M;0.0;0.0;10
4118;201300004540;13;10;13;1500;1;1;1;1.0;1;160;;M;0.0;0.0;10
4119;201300004541;13;12;24;2100;3;1;1;1.0;6;313;;M;0.0;0.0;10
4120;201300004542;13;4;14;1830;1;2;1;7.0;7;194;291 AVENUE DE LA PLAGE;M;4598400.0;476200.0;10
4121;201300004543;13;7;13;1430;1;1;1;1.0;1;322;;M;4593860.0;486323.0;10
4122;201300004544;13;7;13;2100;2;1;1;1.0;7;194;;;;;10
4123;201300004545;13;11;9;1030;1;2;7;1.0;6;427;avenue du 1er R.F.M;M;4594200.0;478200.0;10
4124;201300004546;13;11;15;545;5;2;1;1.0;6;322;203 rte veissieux le bas;M;4593700.0;482500.0;10
4125;201300004547;13;2;10;945;1;1;2;4.0;3;449;;M;4600460.0;523325.0;10
4126;201300004548;13;4;24;1815;1;1;1;1.0;7;235;;M;4603710.0;506601.0;10
4127;201300004549;13;5;9;1730;1;1;3;2.0;3;299;"""LA CARRONNI?RE""";M;4601750.0;505954.0;10
4128;201300004550;13;5;3;2115;3;1;1;2.0;7;299;LA CARRONI?RE;M;4601940.0;506556.0;10
4129;201300004551;13;5;17;745;1;1;1;8.0;3;383;;M;4610040.0;514330.0;10
4130;201300004553;13;7;29;1230;1;1;1;1.0;6;359;"""VILETTE""";M;4609210.0;507121.0;10
4131;201300004555;13;8;25;1615;1;1;1;1.0;6;383;;M;4611100.0;509916.0;10
4132;201300004556;13;9;11;1700;1;2;6;2.0;3;74;;M;0.0;0.0;10
4133;201300004557;13;9;16;1600;1;1;1;1.0;6;434;;M;0.0;0.0;10
4134;201300004559;13;2;24;330;3;1;1;4.0;6;113;;M;4614010.0;507891.0;10
4135;201300004560;13;2;24;1915;3;1;1;4.0;6;246;;;;;10
4136;201300004561;13;4;29;930;1;1;1;2.0;6;96;;M;4619240.0;506387.0;10
4137;201300004562;13;5;1;345;3;1;1;2.0;6;46;;M;4621570.0;494737.0;10
4138;201300004563;13;5;29;1830;1;1;1;1.0;7;457;"""BEOST""";M;4618480.0;499875.0;10
4139;201300004564;13;6;15;1400;1;1;1;1.0;6;368;;M;4621630.0;497285.0;10
4140;201300004565;13;8;1;2045;3;1;1;1.0;6;457;;M;4623180.0;497602.0;10
4141;201300004566;13;9;14;30;3;1;1;1.0;6;1;;M;0.0;0.0;10
4142;201300004567;13;10;17;1045;1;1;1;1.0;3;412;;M;0.0;0.0;10
4143;201300004568;13;11;1;1945;3;1;1;1.0;6;85;;M;0.0;0.0;10
4144;201300004569;13;1;18;2230;3;1;1;4.0;7;450;;M;4590300.0;523368.0;10
4145;201300004571;13;3;11;1730;1;1;1;1.0;2;290;;M;4588020.0;521781.0;10
4146;201300004572;13;3;19;630;2;1;1;1.0;1;290;;M;4585930.0;519140.0;10
4147;201300004573;13;3;28;1900;2;1;1;3.0;1;450;;M;4590670.0;522960.0;10
4148;201300004574;13;4;7;2115;4;2;1;1.0;6;361;ROUTE DE PEROUGES;M;4584430.0;521739.0;10
4149;201300004575;13;4;28;2000;2;1;1;2.0;4;290;;M;4586870.0;518200.0;10
4150;201300004576;13;5;14;1645;1;2;1;1.0;5;244;RUE DE LYON;;;;10
4151;201300004578;13;7;15;715;1;1;1;1.0;1;378;;M;4582090.0;517089.0;10
4152;201300004579;13;8;10;1400;1;1;3;1.0;3;290;;M;4589310.0;517889.0;10
4153;201300004580;13;8;16;615;1;1;1;1.0;1;54;;M;4587700.0;516044.0;10
4154;201300004581;13;9;6;745;1;2;1;1.0;3;450;89 rue du bottet;M;0.0;0.0;10
4155;201300004582;13;11;12;1830;5;2;1;1.0;1;290;RD 22a et RD 4;M;0.0;0.0;10
4156;201300004583;13;11;18;1300;1;1;1;1.0;6;290;;M;0.0;0.0;10
4157;201300004584;13;1;26;2045;5;2;1;2.0;3;249;613 GRANDE RUE;M;4582230.0;494864.0;10
4158;201300004585;13;2;25;845;1;2;1;4.0;7;43;346 CHEMIN GRANGE DEBOUT;;;;10
4159;201300004586;13;6;3;1300;1;2;1;1.0;3;249;PARKING LECLERC;;;;10
4160;201300004587;13;6;25;1545;1;1;1;1.0;3;249;;;;;10
4161;201300004588;13;7;7;1430;1;1;1;1.0;2;275;;;;;10
4162;201300004589;13;7;7;1630;1;1;1;1.0;6;249;;M;4584560.0;495698.0;10
4163;201300004591;13;7;17;345;4;2;1;1.0;6;249;304 GRANDE RUE;M;4582070.0;494454.0;10
4164;201300004592;13;7;18;1215;1;2;6;1.0;3;43;ROND POINT DE LA DOMBES;M;4583360.0;499339.0;10
4165;201300004593;13;8;28;2215;5;2;1;1.0;3;43;2199 ROUTE DE GEN?VE;M;4583200.0;498746.0;10
4166;201300004594;13;10;8;500;5;2;1;1.0;6;275;RD1084;M;0.0;0.0;10