;Num_Acc;an;mois;jour;hrmn;lum;agg;int;atm;col;com;adr;gps;lat;long;dep
4445;201300004903;13;12;21;600;3;1;1;1.0;7;95;RTE CX NOIRE BAS-GERVAN;M;4512630.0;530360.0;380
4446;201300004904;13;3;25;1545;1;1;1;1.0;6;505;;M;0.0;0.0;380
4447;201300004905;13;4;13;1830;1;1;1;1.0;7;457;;M;4530500.0;526900.0;380
4448;201300004906;13;5;18;530;2;1;2;1.0;3;218;;M;0.0;0.0;380
4449;201300004907;13;6;1;1730;1;1;1;1.0;6;387;;M;4532100.0;533800.0;380
4450;201300004908;13;9;7;1200;1;1;1;1.0;1;221;;M;4528600.0;526400.0;380
4451;201300004909;13;9;9;715;1;1;2;1.0;3;58;R DES MARGUETS/SABLIERES;M;4535660.0;530605.0;380
4452;201300004910;13;9;21;600;4;2;1;1.0;6;440;Route du village;M;4531900.0;528800.0;380
4453;201300004911;13;10;1;800;1;2;1;1.0;6;58;route de la c?te;M;4535300.0;530700.0;380
4454;201300004912;13;10;26;1230;1;1;1;1.0;5;171;;M;4530500.0;541000.0;380
4455;201300004913;13;1;11;1515;1;1;4;2.0;6;500;RTE DES SIGNAUX;M;4518790.0;537795.0;380
4456;201300004914;13;2;3;1130;1;1;1;1.0;6;74;;M;4525040.0;545451.0;380
4457;201300004915;13;3;9;1230;1;1;1;1.0;6;338;;M;4523100.0;549800.0;380
4458;201300004916;13;3;17;845;1;1;1;3.0;6;117;;M;0.0;0.0;380
4459;201300004917;13;4;23;1930;1;2;3;1.0;3;4;RD1092 - RD35;M;4522700.0;543900.0;380
4460;201300004918;13;6;23;230;3;1;1;1.0;7;310;;M;4526700.0;546900.0;380
4461;201300004919;13;6;23;1630;1;1;1;1.0;5;500;;M;0.0;0.0;380
4462;201300004920;13;7;4;1745;1;2;1;1.0;1;517;Rue du G?n?ral De Gaulle;M;4530300.0;548500.0;380
4463;201300004921;13;7;26;1345;1;1;1;7.0;1;338;;M;4525000.0;551400.0;380
4464;201300004922;13;8;2;1130;1;1;1;1.0;1;450;;M;0.0;0.0;380
4465;201300004923;13;8;7;900;1;1;1;3.0;5;450;;M;4529360.0;558654.0;380
4466;201300004924;13;8;20;1800;1;2;1;1.0;5;517;17 route de renage;M;4531400.0;549200.0;380
4467;201300004925;13;12;1;1645;1;1;1;1.0;1;450;;M;0.0;0.0;380
4468;201300004926;13;12;24;30;3;1;1;1.0;7;74;;M;0.0;0.0;380
4469;201300004927;13;2;3;1800;3;1;4;1.0;6;348;D1006/CH DE COUERE;M;4558320.0;532284.0;380
4470;201300004928;13;3;4;830;1;1;1;1.0;1;415;;M;0.0;0.0;380
4471;201300004929;13;5;24;1700;1;2;1;1.0;6;467;853 CHEMIN DES SABLES;M;0.0;0.0;380
4472;201300004930;13;5;26;900;1;1;1;1.0;1;455;;M;0.0;0.0;380
4473;201300004931;13;6;24;715;1;1;1;3.0;2;374;;M;0.0;0.0;380
4474;201300004932;13;10;15;815;1;1;1;2.0;6;415;;M;0.0;0.0;380
4475;201300004933;13;10;15;1315;1;1;1;8.0;1;498;;M;0.0;0.0;380
4476;201300004934;13;10;30;815;3;1;1;1.0;6;415;;M;0.0;0.0;380
4477;201300004935;13;11;4;1815;5;2;1;2.0;6;348;33 rue du lavaizin;M;0.0;0.0;380
4478;201300004936;13;12;8;1215;1;1;1;1.0;1;230;;M;0.0;0.0;380
4479;201300004937;13;12;19;815;1;1;1;2.0;5;374;;M;0.0;0.0;380
4480;201300004938;13;12;21;1045;1;2;1;7.0;6;276;route de Lyon;M;0.0;0.0;380
4481;201300004939;13;2;28;2130;3;2;1;1.0;6;176;chemin des marais;M;0.0;0.0;380
4482;201300004940;13;5;24;1645;5;2;1;1.0;6;542;ROUTE DE MORAS;M;4568400.0;521800.0;380
4483;201300004941;13;7;6;1630;1;1;1;1.0;6;176;;M;4564000.0;520600.0;380
4484;201300004942;13;10;4;100;3;1;1;1.0;7;451;;M;0.0;0.0;380
4485;201300004943;13;11;13;815;1;2;1;1.0;6;515;route de Cr?mieu;M;0.0;0.0;380
4486;201300004945;13;12;20;730;2;1;1;2.0;3;451;;M;4574900.0;522800.0;380
4487;201300004946;13;4;11;1900;1;1;1;1.0;6;46;;M;0.0;0.0;380
4488;201300004948;13;8;23;1500;1;1;1;1.0;3;63;;M;0.0;0.0;380
4489;201300004949;13;9;13;745;1;1;6;1.0;1;13;;M;0.0;0.0;380
4490;201300004950;13;9;24;1730;1;1;1;1.0;3;42;;M;0.0;0.0;380
4491;201300004951;13;12;13;1915;3;1;1;4.0;6;63;;M;4542600.0;542600.0;380
4492;201300004952;13;12;15;345;3;1;1;8.0;6;305;;M;0.0;0.0;380
4493;201300004953;13;3;11;1630;1;1;1;1.0;3;135;;M;0.0;0.0;380
4494;201300004954;13;8;11;1530;1;1;1;1.0;3;365;;M;4578900.0;534800.0;380
4495;201300004955;13;9;3;2345;5;1;1;1.0;3;320;;M;0.0;0.0;380
4496;201300004956;13;11;6;1915;3;1;1;2.0;1;54;;M;0.0;0.0;380
4497;201300004957;13;6;23;1730;1;1;1;1.0;7;541;;M;0.0;0.0;380
4498;201300004958;13;7;2;1530;1;1;1;1.0;1;124;;M;0.0;0.0;380
4499;201300004959;13;8;3;1645;1;1;1;7.0;6;297;;M;0.0;0.0;380
4500;201300004960;13;9;1;530;2;2;1;1.0;6;12;Route des charmilles;M;0.0;0.0;380
4501;201300004961;13;10;13;545;3;1;1;1.0;6;541;;M;0.0;0.0;380
4502;201300004962;13;10;25;430;5;1;1;1.0;1;543;;;;;380
4503;201300004963;13;1;4;1015;1;1;1;1.0;6;357;;M;4554600.0;551658.0;380
4504;201300004964;13;2;28;1030;3;2;8;1.0;6;357;passage ? niveau d 1006;M;0.0;0.0;380
4505;201300004965;13;3;20;1145;1;2;1;2.0;6;315;ROUTE DE BELLEY;M;0.0;0.0;380
4506;201300004966;13;5;21;1115;1;1;1;2.0;1;315;;M;0.0;0.0;380
4507;201300004967;13;6;7;1915;1;2;1;2.0;1;357;;M;0.0;0.0;380
4508;201300004968;13;6;16;1715;1;1;1;1.0;3;1;;M;0.0;0.0;380
4509;201300004969;13;7;3;1815;1;1;1;1.0;5;165;;M;0.0;0.0;380
4510;201300004970;13;8;11;830;1;2;1;1.0;3;315;roue de la Folati?re;M;0.0;0.0;380
4511;201300004971;13;8;23;1845;1;2;1;7.0;6;315;91 ROUTE DE LYON;;;;380
4512;201300004972;13;9;8;1830;1;1;1;3.0;1;28;;M;0.0;0.0;380
4513;201300004973;13;10;5;1345;1;1;1;1.0;1;323;;M;0.0;0.0;380
4514;201300004974;13;10;10;1830;2;1;1;8.0;5;420;;M;0.0;0.0;380
4515;201300004975;13;12;30;1900;5;2;1;1.0;1;315;AV DE LA FOLATIERE / CH;M;4553620.0;564992.0;380
4516;201300004976;13;2;9;745;1;1;1;2.0;1;369;;M;4555430.0;542921.0;380
4517;201300004977;13;2;27;1430;1;2;3;1.0;3;401;ROUTE DE LA BOURBRE;M;4556490.0;543066.0;380
4518;201300004978;13;8;17;545;5;2;1;1.0;3;64;Place du pl?tre;M;4557200.0;537500.0;380
4519;201300004979;13;8;28;1645;1;2;1;1.0;6;377;RUE RENE DUCHAMP;M;0.0;0.0;380
4520;201300004980;13;8;29;1330;1;2;1;1.0;4;64;Route de Lyon;M;4557200.0;537000.0;380
4521;201300004981;13;9;13;2000;3;2;1;1.0;2;64;Hameau de COIRANNE;M;4557300.0;535700.0;380
4522;201300004982;13;9;16;2115;3;1;1;3.0;1;64;;M;0.0;0.0;380
4523;201300004983;13;10;4;2030;3;2;3;3.0;7;464;749 ROUTE DE DOISSIN;M;4553830.0;540789.0;380
4524;201300004985;13;10;7;1845;1;2;1;1.0;3;162;Route du Fer ? Cheval;M;4559500.0;552700.0;380
4525;201300004986;13;10;25;1815;2;1;1;1.0;1;509;;M;0.0;0.0;380
4526;201300004987;13;11;29;1630;2;2;1;3.0;4;509;Avenue de SAVOIE;M;0.0;0.0;380
4527;201300004988;13;11;30;1915;3;1;1;1.0;1;341;;M;0.0;0.0;380
4528;201300004989;13;12;16;1545;1;1;1;1.0;1;377;;M;4557200.0;545800.0;380
4529;201300004990;13;2;18;1715;1;2;4;1.0;3;209;cd49;M;4733400.0;-160700.0;440
4530;201300004991;13;4;11;1645;1;2;1;3.0;6;35;Rue Martin Luther King;M;0.0;0.0;440
4531;201300004992;13;4;12;2330;5;2;6;1.0;3;66;place de l eglise;M;0.0;0.0;440
4532;201300004993;13;6;19;1715;1;2;6;1.0;3;35;place de la giliere;M;0.0;0.0;440
4533;201300004994;13;8;31;1800;1;2;9;1.0;3;35;boulevard du Gesvre;M;4728500.0;-155000.0;440
4534;201300004995;13;11;13;1815;5;2;6;1.0;6;35;boulevard du gesvre 4424;M;4727200.0;-155100.0;440
4535;201300004996;13;12;12;1145;1;1;1;2.0;7;66;;M;0.0;0.0;440
4536;201300004997;13;12;25;1115;1;2;6;2.0;3;35;place de la r?publique;M;0.0;0.0;440
4537;201300004998;13;2;22;45;5;1;1;1.0;6;215;R DE ST JUST CHALEYSSIN;M;4558440.0;497636.0;380
4538;201300004999;13;4;19;1230;1;1;1;2.0;1;336;;M;0.0;0.0;380
4539;201300005000;13;8;6;1830;1;2;1;1.0;7;160;;M;0.0;0.0;380
4540;201300005001;13;8;25;2130;3;1;1;1.0;1;157;;M;4550500.0;495300.0;380
4541;201300005002;13;10;5;1345;1;2;1;1.0;6;87;avenue fr?d?ric mistral;M;0.0;0.0;380
4542;201300005003;13;11;17;600;3;1;1;1.0;6;131;;M;4547100.0;490600.0;380
4543;201300005004;13;12;10;545;3;1;1;5.0;7;160;;M;4549700.0;499800.0;380
4544;201300005005;13;12;12;1900;3;1;1;5.0;6;215;;M;4560800.0;498300.0;380
4545;201300005006;13;1;31;815;1;1;1;8.0;3;69;;M;4546640.0;529323.0;380
4546;201300005007;13;3;7;330;3;2;1;2.0;1;479;RD 518;M;0.0;0.0;380
4547;201300005008;13;3;10;1715;3;1;1;2.0;6;16;;M;0.0;0.0;380
4548;201300005009;13;3;21;900;1;2;1;7.0;6;130;rue tourtain;M;0.0;0.0;380
4549;201300005010;13;4;8;530;2;1;1;1.0;7;274;;M;0.0;0.0;380
4550;201300005011;13;6;15;1530;1;2;1;1.0;3;335;RD 538 L'Embranchement;M;0.0;0.0;380
4551;201300005012;13;6;13;1915;1;2;1;1.0;1;300;route des burettes;M;0.0;0.0;380
4552;201300005013;13;8;1;1615;1;1;1;1.0;3;284;;M;0.0;0.0;380
4553;201300005014;13;8;21;1530;1;1;1;1.0;3;34;;M;0.0;0.0;380
4554;201300005015;13;9;19;1215;1;1;2;1.0;3;37;BATAILLOUSE;M;4535640.0;495360.0;380
4555;201300005016;13;10;19;715;2;2;1;1.0;1;130;Avenue Aristide Briand;M;0.0;0.0;380
4556;201300005017;13;11;30;2100;5;1;1;1.0;2;25;;M;0.0;0.0;380
4557;201300005018;13;12;11;1130;1;2;1;1.0;2;130;59 avenue jongkind;M;0.0;0.0;380
4558;201300005019;13;12;18;1045;1;1;1;1.0;3;37;;M;0.0;0.0;380
4559;201300005020;13;1;23;1800;3;1;2;1.0;1;519;RTE DE LYON/CH LA COMBE;M;4561320.0;500461.0;380
4560;201300005021;13;3;9;1500;1;1;1;1.0;6;399;;M;0.0;0.0;380
4561;201300005022;13;3;15;1630;1;2;1;1.0;6;389;Chemin de la froide;M;4556500.0;509700.0;380
4562;201300005023;13;4;2;1745;2;1;1;2.0;7;351;;M;0.0;0.0;380
4563;201300005024;13;4;3;2100;3;1;1;1.0;6;189;LE PLATRE;M;4561800.0;505746.0;380
4564;201300005025;13;7;2;830;1;1;1;1.0;7;389;;M;0.0;0.0;380
4565;201300005026;13;7;6;930;1;1;1;1.0;4;389;;M;0.0;0.0;380
4566;201300005027;13;10;4;1915;2;1;1;3.0;6;15;;M;0.0;0.0;380
4567;201300005028;13;11;19;1400;1;1;6;3.0;6;144;;M;0.0;0.0;380
4568;201300005029;13;12;18;1730;1;1;1;1.0;1;288;;M;4558400.0;504500.0;380
4569;201300005030;13;3;10;1630;1;2;1;1.0;7;507;Rue de l'Eglise;M;0.0;0.0;380
4570;201300005031;13;6;17;1600;1;2;1;1.0;6;507;rue des ardennes;M;0.0;0.0;380
4571;201300005032;13;7;26;45;3;1;1;1.0;5;197;D517 PR3+000;M;4575840.0;512863.0;380
4572;201300005033;13;9;13;2145;3;1;1;8.0;6;85;RTE DE VIENNE;M;4573370.0;515832.0;380
4573;201300005034;13;10;19;1400;3;1;1;1.0;1;85;;M;0.0;0.0;380
4574;201300005035;13;2;2;800;1;2;4;1.0;6;344;L'ESCALE;M;4536860.0;479943.0;380
4575;201300005037;13;2;1;2015;5;2;2;8.0;3;298;7 R J PREVERT;M;4537170.0;480077.0;380
4576;201300005038;13;2;15;1000;1;2;1;1.0;6;298;D1007B R DE LA REPUBLIQU;M;4537240.0;479866.0;380
4577;201300005039;13;3;16;500;2;1;1;1.0;1;468;;M;0.0;0.0;380
4578;201300005040;13;3;30;1530;1;1;1;2.0;5;72;;M;0.0;0.0;380
4579;201300005041;13;4;17;1745;1;2;2;1.0;3;344;rue gaston monmousseau;M;0.0;0.0;380
4580;201300005042;13;4;23;1700;1;1;1;1.0;1;344;MONTEE DE LOUZE;M;4539430.0;480637.0;380
4581;201300005043;13;4;26;1830;1;1;1;1.0;3;3;;M;0.0;0.0;380
4582;201300005044;13;5;25;2115;2;2;2;8.0;3;344;avenue Jacques Pr?vert;M;0.0;0.0;380
4583;201300005045;13;5;31;1445;1;2;1;2.0;1;344;Champ Peyraud Sud;M;0.0;0.0;380
4584;201300005046;13;6;6;1530;1;2;1;1.0;2;349;42 ROUTE DES ALPES;M;0.0;0.0;380
4585;201300005047;13;6;25;1445;1;1;1;1.0;2;468;;M;0.0;0.0;380
4586;201300005048;13;7;29;1400;1;1;1;1.0;1;349;;M;0.0;0.0;380
4587;201300005049;13;9;21;1830;1;2;1;1.0;6;3;49 route du stade;M;0.0;0.0;380
4588;201300005050;13;10;25;600;1;1;1;1.0;1;72;;M;0.0;0.0;380
4589;201300005051;13;11;15;1215;1;1;1;1.0;5;344;;M;0.0;0.0;380
4590;201300005052;13;11;20;900;1;1;1;4.0;3;344;;M;0.0;0.0;380
4591;201300005053;13;12;22;1400;1;1;1;1.0;7;468;;M;0.0;0.0;380
4592;201300005055;13;8;21;845;1;2;1;1.0;1;537;Rue Fran?ois Frandaz;M;0.0;0.0;380
4593;201300005056;13;12;5;1430;1;1;1;1.0;5;449;;M;0.0;0.0;380
4594;201300005057;13;12;25;1800;3;1;6;3.0;3;449;;M;0.0;0.0;380
4595;201300005059;13;5;1;1645;1;2;1;7.0;6;139;1 route de SAINT GENEST;M;4528391.0;439505.0;420
4596;201300005061;13;1;31;1000;1;1;1;1.0;1;96;;M;4554420.0;444633.0;420
4597;201300005063;13;5;9;1515;1;1;1;1.0;1;208;;M;4555296.0;449120.0;420
4598;201300005064;13;8;31;745;1;2;1;1.0;1;97;Avenue jean faure;M;4551031.0;430254.0;420
4599;201300005065;13;9;6;1730;1;1;1;1.0;1;97;;M;4550828.0;429012.0;420
4600;201300005066;13;9;5;945;3;1;6;1.0;3;97;;M;4552239.0;429349.0;420
4601;201300005068;13;12;6;1830;5;2;6;2.0;1;302;rue Jean Berthon;M;4547803.0;444342.0;420
4602;201300005069;13;2;11;1315;1;1;1;1.0;1;285;;M;4555944.0;414778.0;420
4603;201300005070;13;6;17;1700;1;2;1;1.0;6;147;7 RUE D'ESTIALLET;M;4560715.0;405178.0;420
4604;201300005071;13;7;16;2015;1;1;1;1.0;3;179;;M;4566191.0;404511.0;420
4605;201300005073;13;10;22;1345;1;1;1;1.0;1;285;;M;4557410.0;412073.0;420
4606;201300005074;13;10;25;1730;1;2;1;1.0;2;147;avenue paul cezanne;M;4561234.0;405562.0;420
4607;201300005075;13;11;16;1845;3;1;1;1.0;3;147;;M;4559071.0;408988.0;420
4608;201300005076;13;12;9;745;1;2;1;1.0;6;147;Rue de Beauregard;M;4560965.0;405863.0;420
4609;201300005078;13;12;14;800;1;1;1;9.0;6;299;;M;4563992.0;409930.0;420
4610;201300005079;13;2;19;1900;5;2;1;1.0;3;304;Route de la devalla;M;4554173.0;417751.0;420
4611;201300005080;13;4;7;345;3;2;1;1.0;6;75;CHEMIN DE LA LIVOTTE;M;4558462.0;422941.0;420
4612;201300005081;13;4;7;1645;1;1;1;1.0;6;22;;M;4552582.0;422914.0;420
4613;201300005082;13;5;11;1900;1;2;1;1.0;1;304;rue Gambetta;M;4554400.0;418300.0;420
4614;201300005083;13;5;17;1445;1;2;1;3.0;1;22;avenue de st rambert;M;4551795.0;422424.0;420
4615;201300005084;13;6;17;830;1;2;6;1.0;6;5;AVENUE DE SAINT ETIENNE;M;4552617.0;427016.0;420
4616;201300005085;13;7;4;845;1;2;1;1.0;3;5;AVENUE BENOIT FOURNEYRON;M;0.0;0.0;420
4617;201300005086;13;8;18;2130;5;2;1;1.0;6;5;avenue Helene Boucher;M;4553878.0;428629.0;420
4618;201300005087;13;8;20;1645;1;2;1;1.0;3;22;9 avenue de ST RAMBERT;M;4551953.0;422129.0;420
4619;201300005088;13;9;6;700;1;2;1;1.0;6;22;14 av de St Rambert;M;4552185.0;421666.0;420
4620;201300005089;13;9;9;545;3;2;1;1.0;3;5;CD 100;M;4553492.0;430523.0;420
4621;201300005090;13;9;10;1445;1;2;1;1.0;6;22;RD8 avenue de st rambert;M;4552181.0;421710.0;420
4622;201300005091;13;9;8;1530;1;1;9;3.0;1;75;;M;4558283.0;424387.0;420
4623;201300005093;13;10;17;1345;1;2;1;1.0;2;304;route de Sanzieux;M;4555699.0;418433.0;420
4624;201300005094;13;12;26;945;1;2;1;1.0;6;22;Place du 11 novembre;M;4552257.0;421509.0;420
4625;201300005095;13;12;31;2015;3;1;1;1.0;6;39;;M;4570908.0;386356.0;420
4626;201300005096;13;7;3;1000;1;1;1;1.0;3;136;;M;4571172.0;403245.0;420
4627;201300005097;13;7;21;1145;1;2;1;1.0;1;19;Rue de la plan?te;M;4575361.0;401177.0;420
4628;201300005098;13;7;23;1830;1;2;9;1.0;1;288;LA FABRIQUE;M;4575343.0;397868.0;420
4629;201300005099;13;7;28;1545;1;2;1;1.0;1;19;La Fabrique;M;4575290.0;398481.0;420
4630;201300005100;13;8;4;1045;1;2;1;1.0;3;109;LA GARE;M;4577725.0;392954.0;420
4631;201300005101;13;8;31;1400;1;1;1;1.0;6;19;;M;4575111.0;402460.0;420
4632;201300005102;13;9;11;1400;1;2;1;1.0;2;288;La fabrique RD1089/D6;M;4575328.0;397848.0;420
4633;201300005103;13;10;1;800;2;1;1;8.0;1;288;;M;4576165.0;395549.0;420
4634;201300005104;13;10;13;1315;1;1;2;1.0;3;205;;M;4507100.0;353000.0;420
4635;201300005107;13;1;23;1830;3;1;1;1.0;1;297;;M;4577141.0;426025.0;420
4636;201300005108;13;2;2;1900;3;1;1;2.0;1;296;;M;4572817.0;429023.0;420
4637;201300005109;13;2;28;1230;1;1;1;1.0;2;65;;M;4576975.0;421603.0;420
4638;201300005110;13;5;14;1745;1;1;1;1.0;6;88;;M;4577731.0;421399.0;420
4639;201300005111;13;6;14;1230;1;1;1;1.0;7;88;;M;4579022.0;421040.0;420
4640;201300005112;13;7;18;1430;1;2;1;1.0;1;155;Carrefour D1 / D112;M;4580608.0;415613.0;420
4641;201300005113;13;8;3;30;3;1;1;1.0;7;214;;M;4566714.0;427514.0;420
4642;201300005114;13;9;7;1815;1;1;1;3.0;4;94;;M;4573967.0;425609.0;420
4643;201300005115;13;11;9;930;1;1;1;1.0;1;65;;M;4575948.0;423416.0;420
4644;201300005116;13;11;15;900;1;1;1;2.0;1;65;;M;4576010.0;423531.0;420
4645;201300005117;13;11;30;915;1;1;1;4.0;6;148;;M;4583638.0;432542.0;420
4646;201300005118;13;12;19;1545;1;1;1;3.0;3;90;;M;4576054.0;434216.0;420
4647;201300005119;13;2;5;815;1;1;1;5.0;3;262;;M;4539530.0;418072.0;420
4648;201300005120;13;5;16;1915;1;1;1;2.0;6;137;;M;0.0;0.0;420
4649;201300005122;13;10;26;2330;3;2;1;1.0;1;21;lieu dit Lucenol;M;4550244.0;414090.0;420
4650;201300005123;13;6;11;1415;1;2;1;1.0;3;222;Rue Dame Noire;M;4558622.0;431140.0;420
4651;201300005124;13;6;14;1400;1;1;1;1.0;4;323;;M;4554672.0;430577.0;420
4652;201300005125;13;9;5;915;1;1;1;1.0;3;206;;M;4553607.0;431964.0;420
4653;201300005126;13;9;22;1345;1;1;1;1.0;3;13;;M;4564394.0;433908.0;420
4654;201300005127;13;10;26;1230;1;2;3;1.0;3;10;D11 lieu dit le duret;M;4556220.0;437999.0;420
4655;201300005128;13;11;20;1945;5;2;2;4.0;3;323;carrefour rue des vernes;M;4556961.0;429239.0;420
4656;201300005129;13;12;5;1830;5;2;1;1.0;3;149;route de roanne;M;4565185.0;423077.0;420
4657;201300005130;13;12;14;2015;5;2;1;1.0;1;81;;M;4560655.0;425916.0;420
4658;201300005131;13;12;15;1500;1;1;1;1.0;3;13;;M;4564694.0;430574.0;420
4659;201300005132;13;12;17;1530;1;1;1;1.0;2;81;;M;4560158.0;428307.0;420
4660;201300005133;13;12;20;1400;1;1;1;1.0;1;59;;M;4563241.0;440726.0;420
4661;201300005134;13;2;15;1900;5;2;1;1.0;3;168;rue des prairies;M;4542254.0;467356.0;420
4662;201300005135;13;5;24;2015;1;1;1;1.0;1;272;;M;4538230.0;473043.0;420
4663;201300005136;13;6;6;2100;2;2;1;1.0;6;56;route du Chirat;M;4540805.0;473667.0;420
4664;201300005137;13;6;9;1000;1;2;1;1.0;7;124;route de maclas cd 503;M;4537437.0;470771.0;420
4665;201300005138;13;10;26;1945;5;2;1;1.0;6;168;21 rue antoine eyraud;M;4541752.0;468048.0;420
4666;201300005140;13;5;30;1315;1;1;3;8.0;3;120;;M;4598459.0;396162.0;420
4667;201300005141;13;6;3;1830;1;2;1;1.0;7;145;rue de la republique;M;4603275.0;423482.0;420
4668;201300005142;13;7;18;1215;1;1;1;2.0;6;294;;M;4601629.0;410988.0;420
4669;201300005143;13;7;26;615;2;1;1;1.0;6;145;;M;4604497.0;421956.0;420
4670;201300005144;13;8;16;1000;1;1;1;1.0;3;69;;M;4598837.0;406081.0;420
4671;201300005145;13;8;23;945;1;1;1;1.0;7;145;;M;4603558.0;420941.0;420
4672;201300005146;13;9;30;1530;1;2;6;1.0;7;332;Rue Jean Moulin;M;4599572.0;403393.0;420
4673;201300005147;13;11;24;115;3;1;1;1.0;6;166;;M;4600319.0;410025.0;420
4674;201300005148;13;6;4;815;1;1;1;1.0;2;254;;M;4584597.0;419872.0;420
4675;201300005149;13;6;9;1215;1;1;1;1.0;7;171;;M;4586849.0;412225.0;420
4676;201300005150;13;6;26;15;3;2;1;1.0;6;181;le four ? chaux;M;4598533.0;421120.0;420
4677;201300005151;13;6;26;930;1;1;1;1.0;7;63;;M;4590596.0;431194.0;420
4678;201300005152;13;8;23;1200;1;1;1;1.0;5;254;;M;4587256.0;420210.0;420
4679;201300005153;13;9;2;1545;1;1;1;1.0;4;249;;M;4588460.0;422373.0;420
4680;201300005155;13;9;22;1245;1;1;1;1.0;1;77;Ratille;M;4591585.0;421821.0;420
4681;201300005157;13;12;25;1000;1;1;1;2.0;6;29;;M;4582791.0;425572.0;420
4682;201300005158;13;5;10;1145;1;1;1;1.0;6;229;;M;4618095.0;438297.0;420
4683;201300005159;13;5;19;1715;1;2;1;2.0;6;79;LE BOURG;M;4612810.0;426073.0;420
4684;201300005160;13;5;23;1615;1;1;1;1.0;6;300;;M;4610237.0;430441.0;420
4685;201300005161;13;6;9;2300;3;1;1;1.0;7;152;;M;4609853.0;417453.0;420
4686;201300005162;13;6;29;2215;3;1;1;1.0;1;52;;M;4617400.0;420000.0;420
4687;201300005163;13;7;2;1645;1;1;1;1.0;1;152;;M;4608704.0;416981.0;420
4688;201300005164;13;9;7;900;1;1;1;2.0;1;141;;M;4613857.0;425664.0;420
4689;201300005165;13;9;29;900;1;2;1;1.0;6;177;410 route de Briennon;M;4614656.0;410382.0;420
4690;201300005166;13;11;29;900;1;2;1;1.0;6;177;889 rue de la R?publique;M;4613818.0;410852.0;420
4691;201300005167;13;1;12;1500;1;1;1;5.0;6;226;;M;4584967.0;412312.0;420
4692;201300005169;13;4;21;1600;1;2;1;1.0;1;230;rue de baffy;M;4583142.0;400250.0;420
4693;201300005170;13;4;26;1500;1;1;1;3.0;6;230;;M;4582884.0;402179.0;420
4694;201300005171;13;5;7;1430;1;1;1;1.0;7;248;;M;4591504.0;384182.0;420
4695;201300005172;13;5;25;1900;1;1;1;1.0;3;230;;M;4583895.0;401513.0;420
4696;201300005173;13;7;13;1545;1;1;1;1.0;1;314;;M;4594154.0;379305.0;420
4697;201300005174;13;7;20;930;1;1;1;1.0;3;106;;M;4586909.0;393080.0;420
4698;201300005176;13;9;1;845;3;2;1;1.0;7;255;Place de l'?glise;M;4587281.0;388509.0;420
4699;201300005177;13;11;18;1500;1;1;1;2.0;6;276;;M;4596360.0;374366.0;420
4700;201300005178;13;5;23;1400;1;1;2;8.0;3;288;Rue du Tillet;M;4561533.0;592371.0;730
4701;201300005179;13;7;22;100;3;1;1;1.0;6;288;;M;4562298.0;593129.0;730
4702;201300005180;13;8;18;1515;1;2;1;1.0;1;98;Lieu-dit le Mas;M;4562372.0;600729.0;730
4703;201300005181;13;9;23;1530;1;1;2;1.0;3;288;;M;4562480.0;591210.0;730
4704;201300005182;13;4;21;530;3;1;1;1.0;1;238;;M;4577299.0;586757.0;730
4705;201300005183;13;10;13;900;1;1;1;8.0;3;263;;M;4573220.0;500450.0;730
4706;201300005184;13;11;23;1730;3;2;1;1.0;3;30;;M;4557318.0;597649.0;730
4707;201300005185;13;7;12;1415;1;1;1;1.0;7;5;;M;4566481.0;609879.0;730
4708;201300005186;13;7;26;1645;1;1;4;1.0;4;5;;M;4566999.0;609529.0;730
4709;201300005187;13;6;22;1730;1;2;1;1.0;6;73;PORTOUT;M;4581057.0;581724.0;730
4710;201300005188;13;2;4;1230;1;1;1;1.0;7;171;;M;4549838.0;604317.0;730
4711;201300005189;13;2;28;1915;3;1;1;9.0;5;118;;M;4550618.0;602908.0;730
4712;201300005191;13;5;11;1915;1;1;1;1.0;1;151;;M;4549630.0;599795.0;730
4713;201300005192;13;7;15;1300;1;1;1;1.0;2;118;;M;4550237.0;603498.0;730
4714;201300005193;13;7;24;1500;1;1;1;1.0;4;84;;M;4550770.0;602162.0;730
4715;201300005196;13;1;30;1000;1;2;3;1.0;3;179;rue jocelyn;M;4560118.0;587199.0;730
4716;201300005197;13;4;12;1730;1;1;1;8.0;1;330;;M;4570214.0;579180.0;730
4717;201300005198;13;6;2;1715;1;1;1;1.0;7;50;;M;4568077.0;585049.0;730
4718;201300005199;13;10;30;1700;1;1;2;1.0;3;51;;M;4564790.0;586470.0;730
4719;201300005200;13;7;6;2015;1;1;2;1.0;3;229;;M;4545529.0;577345.0;730
4720;201300005202;13;8;10;1745;1;2;9;1.0;6;58;Passage niveau n 029;M;4554241.0;576059.0;730