;Num_Acc;an;mois;jour;hrmn;lum;agg;int;atm;col;com;adr;gps;lat;long;dep
4721;201300005204;13;8;29;200;3;1;1;1.0;6;219;;M;4555537.0;578590.0;730
4722;201300005205;13;9;26;1215;1;1;1;1.0;3;236;;M;4560775.0;564428.0;730
4723;201300005206;13;4;7;530;4;1;1;1.0;1;79;;M;4555781.0;618086.0;730
4724;201300005207;13;7;1;645;1;2;1;7.0;3;133;les pepins D202;M;4553457.0;618337.0;730
4725;201300005208;13;10;30;1730;3;1;1;1.0;1;89;;M;4553860.0;613210.0;730
4726;201300005209;13;7;19;915;1;2;1;1.0;1;32;;M;4562806.0;644678.0;730
4727;201300005210;13;7;20;1815;1;1;1;1.0;3;124;;M;4565302.0;635634.0;730
4728;201300005212;13;9;24;1645;1;1;1;1.0;6;153;;M;0.0;0.0;730
4729;201300005213;13;10;7;200;3;1;1;1.0;7;262;;M;0.0;0.0;730
4730;201300005214;13;8;13;1030;1;2;1;1.0;1;150;Route du plan bois;M;4555747.0;669259.0;730
4731;201300005215;13;2;6;1200;1;1;1;4.0;7;34;;M;4571242.0;657187.0;730
4732;201300005216;13;5;28;1630;1;1;1;3.0;7;317;;M;4573224.0;652211.0;730
4733;201300005217;13;7;5;1830;1;1;3;1.0;3;34;;M;4571974.0;656734.0;730
4734;201300005218;13;8;17;1;3;1;1;1.0;7;211;;M;4570430.0;643065.0;730
4735;201300005219;13;11;20;1615;1;2;1;4.0;3;34;avenue des sports;M;4561533.0;676894.0;730
4736;201300005220;13;12;11;1615;1;1;1;4.0;6;211;;M;4571780.0;645390.0;730
4737;201300005221;13;12;27;2015;3;2;1;8.0;7;317;Marandaz;M;4572660.0;654380.0;730
4738;201300005222;13;2;23;930;1;1;1;1.0;6;54;;M;4561936.0;677233.0;730
4739;201300005223;13;4;22;2300;3;2;1;2.0;1;54;Arcs 1800;M;4557358.0;677627.0;730
4740;201300005224;13;5;25;745;1;1;1;4.0;1;232;;M;4558000.0;688387.0;730
4741;201300005225;13;6;1;2315;3;2;1;1.0;6;54;129 Avenue du M. Leclerc;M;4561831.0;677087.0;730
4742;201300005226;13;6;14;1845;1;2;1;1.0;6;285;Rue C lestin Freppaz;M;4562274.0;679977.0;730
4743;201300005227;13;6;22;15;5;2;1;1.0;3;54;Avenue du Stade - RD1090;M;4562188.0;677494.0;730
4744;201300005229;13;7;10;1415;1;1;4;1.0;3;232;;M;4554308.0;690930.0;730
4745;201300005230;13;7;29;1900;1;2;1;2.0;6;54;Arc 1800 route des Espag;M;4556274.0;677272.0;730
4746;201300005231;13;9;6;1800;1;1;1;1.0;1;54;;M;4559970.0;675180.0;730
4747;201300005232;13;11;8;830;1;1;1;1.0;1;232;;M;4559607.0;688072.0;730
4748;201300005233;13;11;20;1115;1;2;1;4.0;6;54;Avenue Marechal Leclerc;M;4561535.0;676893.0;730
4749;201300005235;13;8;8;1115;1;2;9;1.0;6;71;ancienne route de BOZEL;M;4545503.0;669536.0;730
4750;201300005236;13;9;7;2230;5;2;1;2.0;7;71;RD91B;M;4545359.0;669259.0;730
4751;201300005237;13;12;12;1000;1;2;1;1.0;6;55;rue emile machet;M;4544280.0;664220.0;730
4752;201300005238;13;5;28;730;1;2;4;1.0;2;187;RD 990;M;4551947.0;648718.0;730
4753;201300005239;13;6;3;645;1;1;1;1.0;7;115;;M;4545230.0;650475.0;730
4754;201300005240;13;6;17;1145;1;2;1;1.0;2;248;RUE PARC DE LA VANOISE;M;4527004.0;636027.0;730
4755;201300005241;13;7;21;2045;2;1;6;1.0;3;248;;M;4529413.0;635469.0;730
4756;201300005242;13;11;6;1245;1;1;1;8.0;6;261;;M;4521442.0;647649.0;730
4757;201300005244;13;1;18;1830;3;1;1;1.0;1;40;;M;4531586.0;698392.0;730
4758;201300005245;13;4;28;630;1;1;4;1.0;6;40;;M;4530836.0;697618.0;730
4759;201300005246;13;5;24;1400;1;2;1;1.0;6;287;Lieu-dit le Fonder;M;4526859.0;681471.0;730
4760;201300005247;13;7;23;1145;1;2;1;1.0;1;40;Rue du SAINT ESPRIT;M;0.0;0.0;730
4761;201300005248;13;1;14;815;1;1;1;4.0;5;119;;M;4519848.0;661268.0;730
4762;201300005249;13;3;19;1130;1;1;1;1.0;6;26;;M;4520661.0;673564.0;730
4763;201300005250;13;7;23;1315;1;1;1;1.0;7;117;;M;4519102.0;663993.0;730
4764;201300005251;13;7;31;1000;1;1;1;1.0;4;157;;M;4520450.0;668490.0;730
4765;201300005252;13;8;20;1745;1;2;6;1.0;6;157;Carfour Terres Blanches;M;4520220.0;667110.0;730
4766;201300005253;13;8;24;1545;1;1;1;2.0;6;223;;M;4520026.0;662487.0;730
4767;201300005254;13;1;8;745;2;1;1;1.0;3;267;;M;0.0;0.0;740
4768;201300005255;13;4;2;1430;1;1;1;1.0;7;108;Piste cyclable;M;0.0;0.0;740
4769;201300005256;13;4;7;1;3;1;1;1.0;6;275;ECHARVINES;M;0.0;0.0;740
4770;201300005257;13;5;10;1300;1;1;1;1.0;7;167;;M;0.0;0.0;740
4771;201300005258;13;6;13;1315;1;2;6;1.0;3;242;route de la tire;M;0.0;0.0;740
4772;201300005259;13;7;5;1530;1;2;1;1.0;1;267;RD 1508;M;0.0;0.0;740
4773;201300005260;13;7;19;2200;5;2;1;1.0;6;104;ROUTE DE L'ARCALOD;M;0.0;0.0;740
4774;201300005261;13;7;30;700;1;1;2;1.0;3;135;;M;0.0;0.0;740
4775;201300005262;13;8;1;1000;1;1;1;1.0;1;275;BALMETTE;M;0.0;0.0;740
4776;201300005263;13;8;10;815;1;2;2;1.0;1;242;ROUTE DES PECHEURS;M;0.0;0.0;740
4777;201300005264;13;8;31;2245;3;1;1;1.0;7;147;CHEMIN DE LA BORNETTE;M;0.0;0.0;740
4778;201300005265;13;9;8;2230;3;2;1;2.0;7;104;;M;0.0;0.0;740
4779;201300005266;13;9;15;130;5;2;1;2.0;6;267;1980 ROUTE D'ALBERTVILLE;M;0.0;0.0;740
4780;201300005267;13;9;19;1600;1;2;1;1.0;1;275;BALMETTE;M;0.0;0.0;740
4781;201300005268;13;1;11;1715;3;1;1;2.0;6;2;;M;0.0;0.0;740
4782;201300005269;13;7;11;2045;2;1;1;1.0;6;117;ROUTE D'ETERCY;M;4590100.0;599600.0;740
4783;201300005270;13;7;21;315;4;1;1;1.0;6;142;LA VOITURAZ;M;0.0;0.0;740
4784;201300005271;13;10;5;300;3;1;1;3.0;7;289;;M;0.0;0.0;740
4785;201300005272;13;10;12;1445;1;2;1;2.0;3;225;BOULEVARD DE L'EUROPE;M;0.0;0.0;740
4786;201300005274;13;12;8;1030;1;1;1;1.0;6;255;;M;0.0;0.0;740
4787;201300005275;13;10;31;30;5;2;1;1.0;6;280;LE GRAND BORNAND;M;0.0;0.0;740
4788;201300005276;13;11;24;130;3;2;1;1.0;6;80;;M;0.0;0.0;740
4789;201300005277;13;2;9;100;5;1;1;8.0;2;42;;M;0.0;0.0;740
4790;201300005278;13;4;2;1715;1;2;1;1.0;1;212;CD 12 - Tour du Bargy;M;0.0;0.0;740
4791;201300005279;13;4;27;1830;1;1;1;3.0;6;42;;M;0.0;0.0;740
4792;201300005280;13;5;16;1415;1;1;1;1.0;7;42;;M;4611700.0;636000.0;740
4793;201300005281;13;5;17;1100;1;1;1;8.0;2;42;;M;4607800.0;641700.0;740
4794;201300005282;13;6;13;1230;1;1;1;1.0;1;42;;M;0.0;0.0;740
4795;201300005283;13;6;21;1845;1;2;1;1.0;6;42;2 AVENUE DES GLIERES;M;0.0;0.0;740
4796;201300005284;13;7;12;1130;1;2;6;1.0;3;42;ROND POINT IUFM;M;4608500.0;639600.0;740
4797;201300005285;13;7;20;1530;1;1;1;1.0;6;42;;M;0.0;0.0;740
4798;201300005286;13;7;20;2115;2;2;3;1.0;3;87;RD 1205 / BLANCHARD;M;0.0;0.0;740
4799;201300005287;13;8;14;1145;1;1;1;1.0;3;212;LA VILLE;M;4596900.0;638600.0;740
4800;201300005288;13;10;2;2100;5;1;1;1.0;3;24;;M;0.0;0.0;740
4801;201300005289;13;10;15;2245;5;2;1;2.0;2;42;78 AVENUE DE PONTCHY;M;0.0;0.0;740
4802;201300005290;13;11;10;1100;1;2;1;1.0;6;42;PLACE DE L'HOTEL DE VILL;M;4608400.0;640700.0;740
4803;201300005291;13;6;30;1500;1;1;1;1.0;7;56;;M;0.0;0.0;740
4804;201300005292;13;7;7;2245;3;1;1;1.0;3;56;CHEMIN DES TISSIERES;M;0.0;0.0;740
4805;201300005294;13;10;2;1600;1;2;1;1.0;6;290;LES LIERRES;M;0.0;0.0;740
4806;201300005296;13;1;25;1030;1;1;1;1.0;6;83;ROUTE DE LA BARME;M;0.0;0.0;740
4807;201300005297;13;4;1;850;1;2;1;1.0;3;215;route de megeve;M;0.0;0.0;740
4808;201300005298;13;7;8;1900;1;1;1;3.0;7;236;CHEMIN DES CHEVREUILS;M;0.0;0.0;740
4809;201300005299;13;10;17;1830;2;1;1;9.0;1;236;;M;0.0;0.0;740
4810;201300005300;13;12;18;1315;1;2;1;1.0;2;173;721 Route Nationale;M;0.0;0.0;740
4811;201300005302;13;2;18;1630;1;2;6;1.0;6;224;Rond point candello;M;0.0;0.0;740
4812;201300005303;13;3;16;415;3;1;3;1.0;5;250;;M;0.0;0.0;740
4813;201300005305;13;6;18;900;1;1;1;1.0;3;7;Route de Bonneville;M;0.0;0.0;740
4814;201300005306;13;6;22;2000;1;2;1;1.0;3;250;476 rue de Blansin;M;0.0;0.0;740
4815;201300005307;13;6;21;1830;1;2;3;1.0;1;224;FBG ST MARTIN/BERGERIE;M;0.0;0.0;740
4816;201300005308;13;7;20;1600;1;2;3;1.0;3;244;ROUTE ANCIENNE POSTE;M;0.0;0.0;740
4817;201300005309;13;11;19;930;1;2;1;8.0;3;250;1101 rue des crets;M;0.0;0.0;740
4818;201300005310;13;5;2;1430;1;2;6;1.0;1;256;carrefour de l'Europe;M;0.0;0.0;740
4819;201300005311;13;6;14;1715;1;2;1;1.0;1;256;AVENUE ALBERT GRUFFAT;M;0.0;0.0;740
4820;201300005312;13;6;22;945;1;2;9;1.0;3;256;1420 AV ANDRE LASQUI;M;0.0;0.0;740
4821;201300005313;13;8;21;1515;1;2;3;1.0;3;256;RUE DES ANCIENS COM AFDN;M;0.0;0.0;740
4822;201300005314;13;9;8;2015;5;1;6;3.0;1;256;;M;0.0;0.0;740
4823;201300005315;13;11;27;1245;1;1;1;1.0;1;208;;M;0.0;0.0;740
4824;201300005316;13;12;23;1400;1;2;1;1.0;2;256;ANCIENNE ROUTE IMPERIALE;M;0.0;0.0;740
4825;201300005318;13;4;8;2115;3;1;1;1.0;2;276;;M;4610300.0;664800.0;740
4826;201300005319;13;6;15;1415;1;1;1;1.0;1;276;;M;4612800.0;662300.0;740
4827;201300005320;13;6;29;1815;1;1;1;3.0;5;223;;M;4610900.0;662300.0;740
4828;201300005322;13;8;24;500;3;1;1;1.0;6;276;;M;4612600.0;662000.0;740
4829;201300005323;13;8;23;1700;1;1;1;1.0;7;183;;M;4611600.0;655700.0;740
4830;201300005324;13;8;26;1945;1;1;1;1.0;7;273;;M;4606200.0;675200.0;740
4831;201300005325;13;1;7;2345;5;2;2;1.0;6;243;avenue louis armand;M;4614500.0;608100.0;740
4832;201300005326;13;10;6;1215;1;2;2;1.0;3;243;;M;0.0;0.0;740
4833;201300005327;13;10;4;715;2;1;3;3.0;3;243;;M;4614700.0;610700.0;740
4834;201300005328;13;10;21;1530;1;2;1;1.0;7;201;chemin rural de  Creuse;M;4612500.0;610200.0;740
4835;201300005329;13;2;18;915;1;2;3;1.0;3;21;;M;0.0;0.0;740
4836;201300005330;13;4;21;730;1;1;1;1.0;1;94;;M;0.0;0.0;740
4837;201300005331;13;7;3;1515;1;2;1;8.0;3;128;PONT DE FILLINGES;M;0.0;0.0;740
4838;201300005332;13;7;8;1145;1;1;1;1.0;7;220;;M;0.0;0.0;740
4839;201300005333;13;7;25;815;2;1;1;1.0;1;229;;M;0.0;0.0;740
4840;201300005334;13;7;28;230;3;1;1;1.0;1;94;;M;0.0;0.0;740
4841;201300005336;13;9;20;1600;1;2;3;1.0;6;220;IMPASSE DU BREVENT;M;0.0;0.0;740
4842;201300005337;13;11;20;645;3;1;1;4.0;6;211;;M;0.0;0.0;740
4843;201300005339;13;12;1;500;3;1;1;1.0;2;94;;M;0.0;0.0;740
4844;201300005340;13;1;10;915;1;1;1;5.0;3;9;;M;0.0;0.0;740
4845;201300005342;13;7;17;1500;1;1;1;1.0;5;309;;M;0.0;0.0;740
4846;201300005343;13;8;27;1200;1;2;1;1.0;6;314;;M;0.0;0.0;740
4847;201300005344;13;10;15;645;2;1;1;1.0;1;309;;M;4614600.0;600900.0;740
4848;201300005345;13;10;12;2215;5;1;2;3.0;3;69;;M;0.0;0.0;740
4849;201300005346;13;10;28;1745;1;1;1;1.0;4;309;;M;0.0;0.0;740
4850;201300005347;13;12;11;1900;3;1;1;1.0;3;88;;M;0.0;0.0;740
4851;201300005348;13;12;27;45;5;2;1;1.0;3;9;Lieu-dit Jussy;M;0.0;0.0;740
4852;201300005349;13;9;17;1545;1;1;1;3.0;3;68;;M;0.0;0.0;740
4853;201300005350;13;11;16;1530;1;2;1;1.0;6;269;RUE DE SAVOIE;M;0.0;0.0;740
4854;201300005351;13;12;8;1515;1;1;1;1.0;7;269;;M;0.0;0.0;740
4855;201300005352;13;12;8;1630;1;1;1;9.0;1;269;;M;0.0;0.0;740
4856;201300005353;13;1;5;2200;3;2;1;1.0;6;63;LE CLOS DE LA TOUR;M;4627100.0;683600.0;740
4857;201300005354;13;1;10;1800;5;2;1;4.0;1;58;;M;0.0;0.0;740
4858;201300005355;13;1;25;1215;1;1;1;1.0;7;73;;M;4633900.0;664000.0;740
4859;201300005356;13;1;28;1145;1;1;1;1.0;1;1;;M;4628600.0;673000.0;740
4860;201300005357;13;3;28;745;1;1;1;1.0;1;1;lieu-dit Richebourg;M;4629400.0;675000.0;740
4861;201300005358;13;4;2;1630;1;2;1;1.0;6;1;Richebourg;M;4629400.0;675300.0;740
4862;201300005359;13;4;28;1630;1;1;1;8.0;1;1;;M;0.0;0.0;740
4863;201300005360;13;6;16;2130;2;1;1;1.0;7;286;;M;4633100.0;667000.0;740
4864;201300005361;13;11;10;2130;4;2;1;4.0;1;63;ROUTE DE VONNES;M;0.0;0.0;740
4865;201300005362;13;11;27;1815;3;2;1;1.0;6;1;Chef lieu ABONDANCE;M;4628600.0;672400.0;740
4866;201300005363;13;11;30;1500;1;1;1;4.0;3;286;;M;4632500.0;667300.0;740
4867;201300005364;13;12;30;1145;1;1;1;7.0;1;41;;M;4630600.0;667500.0;740
4868;201300005365;13;7;4;1730;1;1;1;1.0;6;301;;M;0.0;0.0;740
4869;201300005367;13;10;19;300;1;1;1;1.0;6;38;;M;0.0;0.0;740
4870;201300005368;13;11;17;745;2;1;1;1.0;6;226;;M;0.0;0.0;740
4871;201300005369;13;10;30;900;1;1;1;1.0;6;293;2525 ROUTE DES VOIRONS;M;4627300.0;628100.0;740
4872;201300005370;13;1;5;1815;3;1;1;1.0;6;166;;M;0.0;0.0;740
4873;201300005371;13;2;24;215;3;1;1;4.0;6;249;D.52 lieu-dit La Beunaz;M;4637400.0;664800.0;740
4874;201300005373;13;8;26;1800;1;1;1;1.0;6;146;CRE BOUCHE;M;0.0;0.0;740
4875;201300005374;13;9;3;800;1;2;4;1.0;3;166;CD32;M;0.0;0.0;740
4876;201300005375;13;12;18;1200;1;2;1;5.0;1;218;1460 route du Gavot;M;0.0;0.0;740
4877;201300005376;13;2;27;845;1;1;1;1.0;3;307;;M;0.0;0.0;630
4878;201300005377;13;3;24;2300;3;2;1;1.0;6;42;Route de Nohanent;M;0.0;0.0;630
4879;201300005378;13;6;14;1930;1;1;1;1.0;3;141;;M;4578795.0;305220.0;630
4880;201300005379;13;12;3;1730;3;1;1;1.0;6;307;;M;0.0;0.0;630
4881;201300005380;13;2;19;1630;1;1;1;1.0;6;168;;M;4572857.0;335536.0;630
4882;201300005381;13;5;24;1630;1;2;1;1.0;6;40;chemin de la planchette;M;4573200.0;334800.0;630
4883;201300005382;13;5;30;1500;1;1;1;2.0;7;239;;M;4568900.0;334700.0;630
4884;201300005384;13;6;23;1145;1;1;1;1.0;1;40;;M;0.0;0.0;630
4885;201300005385;13;8;6;1215;1;1;2;1.0;3;438;;M;4571700.0;346600.0;630
4886;201300005386;13;8;16;1315;1;1;1;1.0;5;96;;M;4572500.0;330100.0;630
4887;201300005387;13;8;29;745;1;1;1;1.0;6;226;;M;4576000.0;323600.0;630
4888;201300005388;13;9;7;745;1;1;1;2.0;6;453;;M;0.0;0.0;630
4889;201300005389;13;9;26;1345;1;1;1;1.0;3;273;;M;4573300.0;321800.0;630
4890;201300005390;13;9;28;1715;1;1;1;1.0;3;368;;M;4570800.0;331200.0;630
4891;201300005391;13;10;19;745;1;2;7;1.0;6;106;place Lafayette;M;4575500.0;328100.0;630
4892;201300005392;13;11;27;1015;1;1;1;9.0;6;334;;M;4567600.0;348600.0;630
4893;201300005393;13;12;16;500;3;1;1;1.0;6;146;;M;0.0;0.0;630
4894;201300005394;13;12;18;2115;3;1;1;6.0;1;273;;M;4573200.0;323900.0;630
4895;201300005395;13;12;23;1345;1;1;1;1.0;7;168;;M;0.0;0.0;630
4896;201300005396;13;1;29;1000;1;1;1;3.0;7;279;;M;0.0;0.0;630
4897;201300005397;13;2;17;800;2;2;1;7.0;6;192;D645;M;0.0;0.0;630
4898;201300005398;13;8;16;1730;1;1;1;1.0;3;397;;M;0.0;0.0;630
4899;201300005399;13;5;28;1615;1;2;9;1.0;3;263;route des domes;M;0.0;0.0;630
4900;201300005400;13;6;15;1700;1;2;1;7.0;6;263;route du Puy de D?me;M;0.0;0.0;630
4901;201300005401;13;9;3;1915;1;1;1;1.0;3;307;;M;0.0;0.0;630
4902;201300005402;13;10;29;1500;1;1;1;2.0;6;263;;M;4578600.0;303600.0;630
4903;201300005403;13;1;17;1830;3;1;1;1.0;7;204;;M;0.0;0.0;630
4904;201300005404;13;1;30;1900;5;2;1;1.0;1;284;avenue de lyon;M;4579600.0;326400.0;630
4905;201300005405;13;2;21;1815;2;1;1;1.0;4;284;;M;0.0;0.0;630
4906;201300005406;13;4;15;1700;3;2;1;1.0;6;284;57 avenue  de riom;M;4580615.0;324473.0;630
4907;201300005407;13;4;23;1715;1;1;1;1.0;3;133;;M;4577902.0;324854.0;630
4908;201300005408;13;6;5;2030;1;2;1;1.0;1;133;RUE  DE PONT DU CHATEAU;M;0.0;0.0;630
4909;201300005409;13;6;10;1700;1;2;1;1.0;1;284;CHEMIN DES PALISSES;M;0.0;0.0;630
4910;201300005410;13;6;27;1915;1;2;1;1.0;3;284;av roger coulon/clermont;M;0.0;0.0;630
4911;201300005412;13;10;7;1530;1;2;1;1.0;2;284;AVENUE DE CLERMONT;M;0.0;0.0;630
4912;201300005414;13;12;3;1800;5;2;1;1.0;6;284;41 avenue de lyon;M;4579069.0;326381.0;630
4913;201300005416;13;3;31;115;3;2;1;4.0;6;326;"Lieu-dit ""Villejacques""";M;4571900.0;286300.0;630
4914;201300005417;13;4;30;1600;1;1;1;1.0;6;305;;M;0.0;0.0;630
4915;201300005418;13;1;12;330;4;2;1;1.0;7;227;Rue du champ de la reine;M;0.0;0.0;630
4916;201300005419;13;1;31;1200;1;1;1;1.0;3;214;;M;0.0;0.0;630
4917;201300005420;13;2;11;515;3;1;1;2.0;7;457;;M;4565300.0;325200.0;630
4918;201300005421;13;7;12;915;1;1;1;1.0;6;280;;M;4564500.0;330000.0;630
4919;201300005422;13;7;12;645;2;1;3;1.0;3;315;;M;0.0;0.0;630
4920;201300005423;13;10;22;1215;1;1;1;1.0;3;302;;M;0.0;0.0;630
4921;201300005425;13;11;4;630;3;2;1;1.0;7;282;CD 978;M;0.0;0.0;630
4922;201300005426;13;11;17;445;3;1;1;1.0;6;425;;M;0.0;0.0;630
4923;201300005427;13;11;21;1615;2;1;1;4.0;6;205;;M;0.0;0.0;630
4924;201300005428;13;12;18;545;3;1;1;1.0;3;126;;M;4567600.0;313800.0;630
4925;201300005429;13;1;7;1700;1;1;1;8.0;6;256;;M;0.0;0.0;630
4926;201300005430;13;3;31;600;5;2;1;5.0;6;179;Le bourg;M;0.0;0.0;630
4927;201300005432;13;5;19;1745;1;1;1;2.0;7;211;;M;0.0;0.0;630
4928;201300005433;13;5;29;1530;1;1;1;1.0;6;81;;M;4552600.0;371500.0;630
4929;201300005434;13;6;4;1445;1;1;1;1.0;6;179;;M;4563800.0;374000.0;630
4930;201300005435;13;6;9;1515;1;1;1;1.0;6;3;;M;4558300.0;373800.0;630
4931;201300005436;13;6;10;1615;1;2;1;1.0;3;3;AVENUE DE LYON;M;4555300.0;374300.0;630
4932;201300005437;13;6;21;1145;1;2;1;1.0;1;3;;M;0.0;0.0;630
4933;201300005438;13;8;6;1630;1;2;1;3.0;1;10;Lieu-dit LOUMAS;M;4541800.0;372000.0;630
4934;201300005440;13;8;21;145;5;2;1;1.0;6;3;Avenue du Dr CHASSAING;M;0.0;0.0;630
4935;201300005441;13;9;13;1715;1;1;1;1.0;6;3;;M;4554000.0;378500.0;630
4936;201300005442;13;12;17;800;2;2;1;9.0;6;3;Boulevard de l'Europe;M;0.0;0.0;630
4937;201300005443;13;3;22;1830;1;1;3;1.0;3;23;;M;0.0;0.0;630
4938;201300005444;13;6;15;1800;1;2;3;1.0;1;454;CD268A;M;0.0;0.0;630
4939;201300005445;13;6;30;1515;1;1;1;1.0;6;23;;M;0.0;0.0;630
4940;201300005447;13;2;23;1700;1;1;1;4.0;6;122;;M;0.0;0.0;630
4941;201300005448;13;4;24;1630;1;2;1;1.0;6;275;rue du chateau;M;0.0;0.0;630
4942;201300005449;13;6;14;1245;1;1;1;1.0;6;403;;M;0.0;0.0;630
4943;201300005450;13;6;19;1015;1;1;2;2.0;3;380;;M;0.0;0.0;630
4944;201300005451;13;6;21;1345;1;2;1;1.0;6;178;CD 716;M;4552600.0;325200.0;630
4945;201300005452;13;7;25;2030;2;1;1;1.0;7;178;;M;0.0;0.0;630
4946;201300005453;13;9;1;545;3;1;1;1.0;6;321;;M;0.0;0.0;630
4947;201300005454;13;10;4;1030;1;2;1;3.0;7;178;36 route de Parentignat;M;4554213.0;326077.0;630
4948;201300005455;13;11;7;1745;3;1;1;1.0;1;222;;M;0.0;0.0;630
4949;201300005457;13;4;14;1545;1;1;1;1.0;3;77;;M;0.0;0.0;630
4950;201300005458;13;4;14;1815;1;1;1;1.0;6;77;;M;0.0;0.0;630
4951;201300005459;13;6;25;1545;1;1;1;8.0;7;117;;M;0.0;0.0;630
4952;201300005461;13;7;21;1800;1;1;1;1.0;6;38;;M;0.0;0.0;630
4953;201300005462;13;7;26;1430;1;1;1;1.0;7;279;;M;0.0;0.0;630
4954;201300005463;13;6;23;1645;1;1;1;1.0;6;448;;M;4548100.0;344500.0;630
4955;201300005464;13;8;21;1015;1;1;1;1.0;3;287;;M;4552900.0;329300.0;630
4956;201300005465;13;2;18;1530;1;1;1;1.0;6;209;;M;4549000.0;316000.0;630
4957;201300005466;13;6;13;1630;1;1;1;3.0;3;52;;M;4547800.0;326300.0;630
4958;201300005467;13;7;1;700;1;1;1;7.0;1;313;;M;4539300.0;299000.0;630
4959;201300005468;13;8;26;715;1;1;1;1.0;3;52;;M;0.0;0.0;630
4960;201300005469;13;10;18;2015;5;2;1;1.0;3;352;Route d'Ardes;M;0.0;0.0;630
4961;201300005470;13;4;24;1700;1;2;1;1.0;1;99;RUE ANTOINE LANNES;M;0.0;0.0;630
4962;201300005471;13;7;31;830;1;1;1;1.0;6;470;;M;0.0;0.0;630
4963;201300005472;13;9;7;1845;1;1;1;2.0;1;470;;M;0.0;0.0;630
4964;201300005473;13;9;14;1700;1;1;1;2.0;7;470;;M;4587800.0;300400.0;630
4965;201300005474;13;9;20;1830;1;1;1;1.0;4;92;;M;0.0;0.0;630
4966;201300005475;13;9;24;1715;1;1;9;1.0;6;470;;M;4593700.0;302000.0;630
4967;201300005476;13;10;12;1430;1;1;2;2.0;3;42;;M;0.0;0.0;630
4968;201300005477;13;11;13;645;2;1;1;1.0;5;470;;M;4587200.0;303200.0;630
4969;201300005478;13;12;5;845;1;2;1;1.0;3;99;13 rue de C?bazat;M;4584837.0;309271.0;630
4970;201300005481;13;6;16;2015;1;1;8;1.0;1;295;;M;4601174.0;336395.0;630
4971;201300005482;13;7;11;1430;1;1;1;1.0;6;332;;M;0.0;0.0;630
4972;201300005483;13;7;18;1000;1;1;2;1.0;1;148;;M;0.0;0.0;630
4973;201300005484;13;7;31;1045;1;1;3;1.0;3;112;;M;4593700.0;323300.0;630
4974;201300005485;13;8;2;2045;1;1;1;1.0;7;362;;M;4592700.0;324500.0;630
4975;201300005486;13;8;30;100;3;1;1;1.0;6;112;;M;4592000.0;318700.0;630
4976;201300005487;13;9;14;2045;5;2;1;2.0;3;295;22 AVENUE DE VICHY;M;4602072.0;335483.0;630
4977;201300005488;13;10;4;1800;1;2;1;3.0;1;400;Beauvezet;M;0.0;0.0;630
4978;201300005489;13;12;5;1100;1;1;6;8.0;3;322;;M;0.0;0.0;630
4979;201300005490;13;12;8;1645;2;1;1;8.0;1;332;;M;4599700.0;327900.0;630
4980;201300005491;13;12;15;1600;1;1;1;7.0;1;400;;M;4606600.0;340600.0;630
4981;201300005492;13;11;22;2145;3;1;1;4.0;7;55;;M;4582000.0;283700.0;630
4982;201300005494;13;3;9;930;1;1;1;1.0;6;338;;M;0.0;0.0;630
4983;201300005495;13;5;3;1500;1;1;1;1.0;1;223;;M;0.0;0.0;630
4984;201300005496;13;9;8;1645;1;1;1;2.0;3;338;;M;0.0;0.0;630
4985;201300005497;13;10;6;15;3;1;1;1.0;6;223;;M;0.0;0.0;630
4986;201300005498;13;10;9;1115;1;1;1;1.0;6;233;;M;0.0;0.0;630
4987;201300005499;13;11;5;1800;5;2;1;2.0;5;430;06 Avenue de la Gare;M;4586011.0;354499.0;630
4988;201300005500;13;11;19;1615;1;1;1;3.0;1;151;;M;0.0;0.0;630
4989;201300005501;13;1;26;1445;1;1;1;1.0;6;195;;M;0.0;0.0;630
4990;201300005502;13;2;5;1000;1;1;1;1.0;2;125;;M;0.0;0.0;630
4991;201300005503;13;4;5;1800;1;2;1;1.0;5;364;D2089 - lieu dit la Mais;M;4586400.0;351600.0;630
4992;201300005504;13;10;19;1800;2;1;1;1.0;6;469;;M;4580100.0;360800.0;630
4993;201300005505;13;10;19;2345;4;2;2;1.0;3;195;RD 2089 - rue St Martin;M;4582900.0;338800.0;630
4994;201300005506;13;11;10;1330;1;1;1;2.0;6;265;;M;0.0;0.0;630
4995;201300005508;13;4;11;2100;3;2;1;2.0;6;102;Rue de l'Olli?re;M;4598000.0;352000.0;630
4996;201300005509;13;5;27;200;3;2;1;1.0;7;180;D1093;M;4587600.0;330500.0;630
4997;201300005510;13;6;30;1845;1;1;1;1.0;6;102;;M;4599300.0;353600.0;630
4998;201300005511;13;9;15;645;2;2;1;2.0;1;210;Les Goslards;M;4592200.0;335200.0;630
4999;201300005513;13;10;30;1645;1;1;1;7.0;3;291;;M;0.0;0.0;630
5000;201300005514;13;11;21;1200;1;1;1;4.0;6;128;;M;0.0;0.0;630
5001;201300005515;13;3;15;1415;1;1;1;1.0;6;15;;M;0.0;0.0;30
5002;201300005517;13;5;25;1915;1;1;1;1.0;3;121;;M;0.0;0.0;30
5003;201300005518;13;8;10;2145;3;1;1;1.0;1;286;;M;0.0;0.0;30
5004;201300005519;13;8;15;30;3;1;1;1.0;3;286;;M;0.0;0.0;30
5005;201300005520;13;9;10;1930;2;1;1;1.0;7;286;;M;0.0;0.0;30
5006;201300005521;13;1;12;1345;1;1;1;2.0;7;36;;M;4654600.0;302300.0;30