;Num_Acc;an;mois;jour;hrmn;lum;agg;int;atm;col;com;adr;gps;lat;long;dep
5007;201300005522;13;6;26;600;1;1;1;1.0;1;46;;M;0.0;0.0;30
5008;201300005523;13;8;14;1945;2;1;1;1.0;2;198;;M;4674700.0;296700.0;30
5009;201300005524;13;10;25;1930;3;1;1;1.0;7;251;;M;0.0;0.0;30
5010;201300005525;13;12;19;1645;1;2;1;1.0;7;36;;M;0.0;0.0;30
5011;201300005526;13;1;10;245;3;1;1;2.0;1;102;;M;0.0;0.0;30
5012;201300005527;13;1;18;2230;3;1;1;9.0;1;173;;M;0.0;0.0;30
5013;201300005528;13;7;5;1230;1;1;1;1.0;2;265;;M;4645300.0;374500.0;30
5014;201300005529;13;9;29;745;2;2;1;8.0;3;102;carrefour RD480 RD779;M;4652500.0;368200.0;30
5015;201300005530;13;11;21;515;3;1;1;2.0;7;86;;M;0.0;0.0;30
5016;201300005531;13;12;9;1230;1;1;9;1.0;1;173;;M;4646000.0;392000.0;30
5017;201300005532;13;1;2;1415;1;1;1;1.0;1;283;;M;4653800.0;359700.0;30
5018;201300005534;13;5;2;1645;1;2;1;1.0;1;197;24 chemin de la P?pie;M;4646600.0;341900.0;30
5019;201300005535;13;7;27;800;1;1;1;1.0;6;283;;M;4653000.0;354900.0;30
5020;201300005536;13;8;30;1900;1;1;1;1.0;3;197;;M;4652600.0;348800.0;30
5021;201300005537;13;9;9;1215;1;1;1;1.0;1;283;;M;4655900.0;361600.0;30
5022;201300005538;13;10;14;215;3;1;1;1.0;1;180;;M;4651600.0;345500.0;30
5023;201300005539;13;11;4;530;3;1;1;1.0;6;283;;M;4654000.0;355000.0;30
5024;201300005540;13;12;23;900;1;1;1;1.0;3;263;;M;4641900.0;351200.0;30
5025;201300005541;13;1;25;1815;2;2;1;1.0;6;53;rue de la mont suzette;M;4624000.0;315300.0;30
5026;201300005542;13;2;12;1900;3;1;3;2.0;3;59;;M;0.0;0.0;30
5027;201300005543;13;5;20;1930;1;2;1;8.0;6;227;Route de Vichy;M;4622900.0;334400.0;30
5028;201300005544;13;7;16;1715;1;2;1;1.0;1;254;57 boulevard ledru rolli;M;4631300.0;329000.0;30
5029;201300005545;13;10;20;630;5;2;6;1.0;3;254;rue de la moutte;M;0.0;0.0;30
5030;201300005547;13;1;18;2015;3;2;1;4.0;5;183;laly;M;4641300.0;304900.0;30
5031;201300005549;13;3;21;1800;1;1;1;1.0;6;170;;M;4652600.0;310400.0;30
5032;201300005550;13;6;8;1445;1;1;1;1.0;6;26;;M;4650300.0;324800.0;30
5033;201300005551;13;7;13;1445;1;1;1;1.0;1;2;;M;4660200.0;315700.0;30
5034;201300005552;13;10;31;1530;1;2;2;1.0;3;292;route de treban;M;4642400.0;307300.0;30
5035;201300005553;13;1;8;845;2;1;1;5.0;5;217;;M;4637600.0;269500.0;30
5036;201300005554;13;2;21;1630;1;2;1;1.0;7;128;25 Grand Rue 03380 HURIE;M;0.0;0.0;30
5037;201300005555;13;3;16;1200;1;1;1;1.0;3;301;;M;4644000.0;259300.0;30
5038;201300005556;13;4;29;1430;1;1;1;1.0;6;217;;M;4635900.0;268900.0;30
5039;201300005557;13;6;6;800;1;1;1;1.0;1;55;;M;0.0;0.0;30
5040;201300005559;13;7;13;2200;2;1;1;1.0;5;195;;M;0.0;0.0;30
5041;201300005560;13;8;27;1345;1;1;1;8.0;7;217;;M;0.0;0.0;30
5042;201300005561;13;9;21;1915;2;1;1;1.0;6;305;;M;0.0;0.0;30
5043;201300005562;13;10;14;845;1;1;1;8.0;3;195;;M;0.0;0.0;30
5044;201300005563;13;12;1;15;3;1;1;8.0;1;185;;M;4629800.0;265300.0;30
5045;201300005564;13;2;2;145;3;1;1;3.0;6;48;;M;0.0;0.0;30
5046;201300005565;13;2;12;515;3;1;1;1.0;7;48;;M;0.0;0.0;30
5047;201300005566;13;7;25;1845;1;2;1;7.0;1;193;rue des ch?nes;M;0.0;0.0;30
5048;201300005567;13;8;18;1200;1;1;1;1.0;7;41;;M;0.0;0.0;30
5049;201300005568;13;9;6;1145;1;1;1;1.0;1;221;;M;0.0;0.0;30
5050;201300005569;13;7;1;2130;1;1;6;1.0;6;82;;M;0.0;0.0;30
5051;201300005570;13;7;22;130;3;1;1;1.0;6;58;;M;0.0;0.0;30
5052;201300005571;13;1;16;1215;1;1;1;1.0;6;264;;M;0.0;0.0;30
5053;201300005572;13;8;8;1445;1;2;1;1.0;6;304;35 rue des Landes;M;4617200.0;334800.0;30
5054;201300005574;13;12;7;515;3;1;1;5.0;6;264;;M;0.0;0.0;30
5055;201300005577;13;9;4;115;3;1;1;1.0;7;311;;M;0.0;0.0;30
5056;201300005578;13;8;27;1400;1;1;1;2.0;7;107;;M;4612300.0;305900.0;30
5057;201300005580;13;3;6;1715;1;1;1;2.0;3;71;;M;4635300.0;357900.0;30
5058;201300005582;13;6;22;1500;1;1;1;1.0;7;28;;M;4622900.0;358300.0;30
5059;201300005583;13;7;31;1915;1;1;1;1.0;1;165;;M;0.0;0.0;30
5060;201300005584;13;9;14;400;3;1;1;1.0;6;6;;M;0.0;0.0;30
5061;201300005585;13;1;26;1700;2;2;1;2.0;1;298;rue Claude Labonde;M;4631900.0;339900.0;30
5062;201300005587;13;11;7;830;1;1;1;1.0;1;298;;M;0.0;0.0;30
5063;201300005588;13;1;9;830;1;2;1;5.0;6;83;RUE DESRAUX;M;4499100.0;242200.0;150
5064;201300005589;13;8;16;2015;2;2;1;1.0;1;189;le bourg;M;0.0;0.0;150
5065;201300005590;13;9;25;1600;1;2;1;1.0;3;175;rue des theils;M;0.0;0.0;150
5066;201300005591;13;10;14;1600;1;1;1;1.0;7;267;;M;4494100.0;240500.0;150
5067;201300005592;13;11;18;1500;1;1;1;2.0;6;143;;M;4498100.0;222600.0;150
5068;201300005594;13;4;14;1415;1;2;1;1.0;7;89;Le Haut Bourg;M;4476000.0;250500.0;150
5069;201300005596;13;5;29;1645;1;1;1;2.0;3;215;;M;0.0;0.0;150
5070;201300005597;13;6;14;1845;1;2;1;1.0;2;154;;M;0.0;0.0;150
5071;201300005598;13;9;18;2015;3;1;1;9.0;6;258;;M;0.0;0.0;150
5072;201300005599;13;10;4;1145;1;2;1;8.0;6;258;20 Avenue Max Mabit Four;M;4498200.0;262600.0;150
5073;201300005600;13;11;4;1915;5;2;1;3.0;1;255;LOURADOU;M;4490500.0;251200.0;150
5074;201300005601;13;8;5;315;3;1;1;1.0;7;3;;M;4519500.0;233300.0;150
5075;201300005602;13;2;27;1900;2;1;1;1.0;6;124;;M;4530600.0;260900.0;150
5076;201300005603;13;4;14;1330;1;1;1;1.0;7;246;;M;4527700.0;260700.0;150
5077;201300005604;13;6;29;1830;2;1;1;3.0;6;190;;M;4524500.0;272300.0;150
5078;201300005605;13;8;15;1200;1;1;1;1.0;7;110;;M;4526500.0;275000.0;150
5079;201300005606;13;8;18;1745;1;2;9;1.0;6;162;05 rue du 08 mai 1945;M;4528600.0;266300.0;150
5080;201300005607;13;2;8;1315;1;1;1;8.0;1;202;;M;4512600.0;243400.0;150
5081;201300005608;13;5;10;1045;1;1;1;1.0;1;186;;M;4511000.0;239300.0;150
5082;201300005609;13;6;2;1715;1;2;1;1.0;7;219;rue de la martille;M;4514200.0;249300.0;150
5083;201300005610;13;9;18;1545;1;1;1;2.0;1;202;;M;0.0;0.0;150
5084;201300005611;13;11;4;1400;1;1;1;5.0;6;205;;M;0.0;0.0;150
5085;201300005612;13;9;15;1030;1;1;1;8.0;6;37;;M;4536000.0;240900.0;150
5086;201300005613;13;10;11;1030;1;1;6;8.0;7;111;;M;0.0;0.0;150
5087;201300005614;13;5;26;130;3;1;1;2.0;6;68;;M;4497600.0;317500.0;150
5088;201300005615;13;5;27;1645;1;2;1;1.0;6;187;12 rue du 08 mai 1945;M;4504100.0;311000.0;150
5089;201300005616;13;6;16;1000;2;1;1;1.0;6;262;;M;4501800.0;304900.0;150
5090;201300005617;13;7;4;1830;1;2;9;1.0;3;187;4 Av du Docteur Mallet;M;0.0;0.0;150
5091;201300005618;13;7;15;1900;1;2;1;1.0;1;187;rue L?opold Chassang;M;0.0;0.0;150
5092;201300005619;13;9;28;1230;1;1;1;1.0;1;4;;M;0.0;0.0;150
5093;201300005620;13;10;10;1530;1;1;4;2.0;1;231;;M;4510200.0;307200.0;150
5094;201300005621;13;2;27;1300;1;1;1;1.0;6;80;;M;4515000.0;300700.0;150
5095;201300005623;13;7;29;1045;1;1;1;1.0;6;127;;M;4522500.0;310700.0;150
5096;201300005624;13;8;30;730;1;1;1;1.0;6;22;;M;4520800.0;318200.0;150
5097;201300005625;13;10;25;1500;2;1;1;9.0;1;80;;M;4516700.0;303200.0;150
5098;201300005626;13;6;14;800;1;2;2;1.0;3;138;avenue hector peschaud;M;0.0;0.0;150
5099;201300005627;13;10;22;1615;1;1;1;1.0;7;61;;M;4516500.0;283000.0;150
5100;201300005628;13;12;21;1445;1;1;4;7.0;1;1;;M;0.0;0.0;150
5101;201300005630;13;8;29;1430;1;1;1;1.0;3;26;;M;4501800.0;281800.0;150
5102;201300005631;13;8;7;2110;2;1;3;1.0;3;62;RD906/RTE DE LA SOUCH?RE;M;4506020.0;375854.0;430
5103;201300005632;13;10;28;1915;3;1;2;1.0;5;124;LANTHENAS;M;4510230.0;377375.0;430
5104;201300005633;13;5;30;1550;1;1;3;1.0;3;111;X;M;4486370.0;384832.0;430
5105;201300005634;13;7;13;1745;1;1;2;1.0;3;160;LES CHIROUZES;M;4480090.0;381219.0;430
5106;201300005635;13;8;1;1030;1;1;2;1.0;3;160;LES CHIROUZES;M;4480090.0;381219.0;430
5107;201300005636;13;8;16;2000;1;1;2;1.0;3;111;LA ROCHE;M;4486440.0;384853.0;430
5108;201300005637;13;9;27;1815;1;1;2;1.0;3;111;CHARBONNIER;M;4485710.0;384346.0;430
5109;201300005638;13;11;10;10;3;1;1;1.0;6;241;X;M;4497140.0;390880.0;430
5110;201300005639;13;2;1;1700;1;2;3;1.0;3;135;AVENUE LAURENT EYNAC;M;4493680.0;399656.0;430
5111;201300005640;13;8;31;1630;1;1;1;1.0;1;186;"LIEU-DIT ""LA FAYOLLE""";M;4497210.0;418445.0;430
5112;201300005641;13;5;8;1445;1;1;3;1.0;3;126;CARF DE LA BOUTARESSE;M;4507950.0;396524.0;430
5113;201300005642;13;5;5;1700;1;1;1;1.0;6;119;VIRAGE SAINT SIMON;M;4510720.0;389175.0;430
5114;201300005643;13;6;6;1415;1;1;1;1.0;3;140;LE ROC PERC?;M;4507020.0;390305.0;430
5115;201300005644;13;7;25;2350;5;2;1;1.0;6;119;RTE DU PUY/ CD 103;M;4511790.0;390222.0;430
5116;201300005645;13;8;13;2135;1;1;1;1.0;6;61;VERS  ACCES LA BLACHE;M;4508580.0;396366.0;430
5117;201300005646;13;9;2;200;3;1;1;1.0;7;230;"LIEU-DIT ""LA RIBEYRE""";M;4516380.0;393112.0;430
5118;201300005647;13;9;22;1845;1;1;1;1.0;2;32;DEVIATION DE BLAVOZY;M;4506460.0;398127.0;430
5119;201300005648;13;10;16;1930;4;1;1;1.0;3;165;LES ROUCHASSOUX;M;4513780.0;399094.0;430
5120;201300005649;13;11;6;830;1;1;1;8.0;6;32;?CHANGEUR ST ETIENNE L;M;4506450.0;397479.0;430
5121;201300005650;13;11;12;900;1;2;1;1.0;1;165;LES GRANGES;M;4512380.0;399663.0;430
5122;201300005651;13;12;23;1500;1;1;1;1.0;6;230;X;M;4513500.0;389041.0;430
5123;201300005652;13;5;27;730;1;1;1;1.0;1;113;X;M;4496630.0;397764.0;430
5124;201300005653;13;6;9;1600;1;1;1;8.0;1;190;VERS LIEU-DIT  CHABANNE;M;4501570.0;399806.0;430
5125;201300005654;13;8;1;1815;1;1;4;1.0;3;200;LA CHASPUZE;M;4504410.0;406569.0;430
5126;201300005655;13;8;6;1915;1;2;3;1.0;3;113;CHM LOUVIEYRE - RD39;M;4500650.0;401407.0;430
5127;201300005656;13;8;12;1405;1;1;3;1.0;1;190;"LIEU-DIT ""LA BOMBE""";M;4505140.0;395135.0;430
5128;201300005657;13;11;13;1745;2;1;1;2.0;6;150;"LIEU-DIT ""LES PRADEAUX""";M;4509340.0;405581.0;430
5129;201300005658;13;12;31;1030;1;1;1;1.0;6;231;ESPINASSE;M;4487510.0;392501.0;430
5130;201300005659;13;1;7;1030;1;1;2;5.0;3;152;Z.A POLIGNAC;M;4507790.0;383723.0;430
5131;201300005660;13;4;2;1205;1;1;1;2.0;3;152;ENTRE COMBE ET COLLET;M;4506220.0;385933.0;430
5132;201300005661;13;6;4;1300;1;1;3;1.0;3;216;ACC?S LOT LE GRAND LAC;M;4512720.0;381954.0;430
5133;201300005662;13;8;11;1845;1;2;3;1.0;3;216;R ARMAND;M;4513480.0;381104.0;430
5134;201300005663;13;8;22;1000;1;2;1;1.0;6;80;ROUTE DE LA CHAISE DIEU;M;4533040.0;384540.0;430
5135;201300005665;13;9;2;930;1;1;1;1.0;2;96;DEVIATION DE BRIOUDE;M;4526230.0;341847.0;430
5136;201300005666;13;5;21;205;3;1;1;2.0;6;48;RTE DE BONNEVAL;M;4532020.0;370648.0;430
5137;201300005667;13;7;31;1345;1;1;1;1.0;7;178;x;M;4533300.0;356300.0;430
5138;201300005668;13;1;1;1545;1;1;2;1.0;1;132;CARF CHAVANIAC LAFAYETTE;M;4514270.0;356303.0;430
5139;201300005669;13;3;1;2315;5;2;2;1.0;1;112;R JEAN BAPTISTE TUJA;;;;430
5140;201300005670;13;5;13;2015;1;1;1;1.0;1;132;"LIEU-DIT ""MARJALLAT""";M;4513550.0;352807.0;430
5141;201300005672;13;7;19;1545;1;2;1;2.0;6;112;R JULES FERRY;;;;430
5142;201300005673;13;10;19;1630;1;1;1;1.0;6;56;BOIS DE POURCHERESSE;M;4504920.0;354729.0;430
5143;201300005674;13;10;13;1930;3;1;1;8.0;1;232;SORTIE DU MARCET;M;4521080.0;349339.0;430
5144;201300005675;13;4;7;100;3;2;1;1.0;6;99;D5 ROUTE DE LEMPDES;M;4538900.0;330258.0;430
5145;201300005676;13;4;16;1030;1;1;1;1.0;7;16;X;M;4538530.0;339511.0;430
5146;201300005677;13;8;20;1900;1;2;2;1.0;3;258;ROUTE DE LUBIERES;M;4537090.0;332788.0;430
5147;201300005679;13;8;24;1545;1;2;3;1.0;1;38;LA ROCHE;M;4532910.0;331606.0;430
5148;201300005680;13;10;18;1530;1;1;1;7.0;1;38;ARVANT;M;4535750.0;332392.0;430
5149;201300005681;13;11;8;1800;2;1;2;1.0;3;258;X;M;4537250.0;331722.0;430
5150;201300005682;13;11;21;745;2;1;3;4.0;1;170;X;M;4528110.0;326524.0;430
5151;201300005683;13;1;19;600;2;1;1;4.0;6;102;LIEU-DIT VILLEDEMONT;M;4517030.0;417478.0;430
5152;201300005684;13;4;6;1430;1;1;1;2.0;6;268;"LIEU-DIT ""VERSILHAC""";M;4516180.0;417900.0;430
5153;201300005685;13;4;20;445;5;2;1;2.0;6;268;LOTISSEMENT CHATIMBARBE;;;;430
5154;201300005686;13;6;23;1630;1;1;1;1.0;6;268;LIEU-DIT MONTPINOUX;M;4514000.0;410325.0;430
5155;201300005687;13;7;27;915;1;2;1;1.0;6;268;RUE DE VERDUN;M;4514040.0;412445.0;430
5156;201300005688;13;8;10;1800;1;1;1;1.0;6;102;PT DE L'ENCEINTE;M;4516180.0;417698.0;430
5157;201300005689;13;8;31;1200;1;1;1;1.0;6;24;BOIS CHAILLON;M;4518010.0;408649.0;430
5158;201300005690;13;12;26;1930;5;1;1;4.0;3;7;"LIEU-DIT ""COULEYRE""";M;4503690.0;418365.0;430
5159;201300005691;13;1;21;1845;3;1;1;2.0;2;137;ECHANGEUR LA SOUCHONNE;M;4528450.0;418318.0;430
5160;201300005692;13;3;18;515;3;1;1;2.0;5;211;VIADUC DU LIGNON;M;4525630.0;414574.0;430
5161;201300005693;13;6;11;1800;1;1;4;1.0;3;20;CARF DE LA GARE;M;4529750.0;413434.0;430
5162;201300005694;13;7;7;230;3;1;1;1.0;7;137;"LIEU-DIT ""LES GOUTTES""";;;;430
5163;201300005695;13;7;9;1615;1;2;3;1.0;3;211;RUE DU STADE;;;;430
5164;201300005696;13;9;7;915;1;2;6;8.0;1;12;AV DU VELAY;;;;430
5165;201300005697;13;9;20;1815;1;2;1;1.0;3;20;25 RTE DE BEAUZAC;;;;430
5166;201300005698;13;9;21;1100;1;1;3;1.0;3;20;AV DU PONT;M;4529750.0;411595.0;430
5167;201300005699;13;10;11;1330;1;1;1;2.0;1;20;PT DE L'ANCE;M;4528600.0;411385.0;430
5168;201300005700;13;10;15;1800;1;1;1;1.0;6;58;MONTUSCLAT;M;4531290.0;423027.0;430
5169;201300005701;13;10;16;910;1;2;1;2.0;3;137;AVENUE DU 11 NOVEMBRE;;;;430
5170;201300005702;13;3;9;750;1;1;1;1.0;6;177;"LIEU-DIT ""LA VIGNE""";M;4532810.0;430795.0;430
5171;201300005703;13;6;2;1800;1;1;3;1.0;3;227;"LIEU-DIT ""LA SAPINI?RE""";M;4531330.0;431762.0;430
5172;201300005704;13;7;10;1830;1;1;1;2.0;5;224;PT DE CHAZEAUX;M;4526270.0;419942.0;430
5173;201300005705;13;7;3;1830;1;2;1;1.0;3;205;R DES ANCIEN AFN;;;;430
5174;201300005706;13;7;15;930;1;2;1;1.0;6;172;LE BOURG;M;4514330.0;443816.0;430
5175;201300005707;13;8;9;950;1;1;1;1.0;1;87;PT DE MIRAIL;M;4521340.0;438119.0;430
5176;201300005708;13;9;5;2000;1;1;1;1.0;6;51;LA FAYOLLE DU LAC;;;;430
5177;201300005709;13;11;28;930;1;1;1;8.0;3;159;LA DETOURBE;M;4517190.0;428572.0;430
5178;201300005710;13;3;29;2100;5;2;3;1.0;1;185;face 114, COURTAIS   (DE;;;;30
5179;201300005711;13;5;10;2330;5;2;2;1.0;3;185;REPUBLIQUE ( AV. DE LA );;;;30
5180;201300005712;13;5;22;1935;1;2;3;1.0;3;185;sans, GUESDE ( AVENUE JU;;;;30
5181;201300005715;13;8;2;1735;1;2;3;1.0;3;185;0, EINSTEIN ( RUE ALBERT;;;;30
5182;201300005716;13;8;4;1425;1;2;6;1.0;2;185;NEUVE ( RUE );;;;30
5183;201300005717;13;8;20;715;1;2;6;1.0;3;185;sans, ILES ( PONT DES );;;;30
5184;201300005718;13;8;21;850;1;2;2;1.0;3;185;sans, GUESDE ( AVENUE JU;;;;30
5185;201300005719;13;10;11;1025;1;2;2;1.0;3;185;FAVIERES ( QUAI );;;;30
5186;201300005720;13;10;28;1720;2;2;1;2.0;6;185;6, ROUX ( RUE DU DOCTEUR;;;;30
5187;201300005722;13;11;2;1635;1;1;1;1.0;2;140;sans, RD  2144;;;;30
5188;201300005723;13;11;6;2010;5;2;2;1.0;3;185;39, COURTAIS   (DE  BOUL;;;;30
5189;201300005724;13;12;3;1015;1;2;1;1.0;6;101;sans, MESSAGER ( RUE AND;;;;30
5190;201300005725;13;12;12;1510;1;2;1;1.0;6;140;sans, LIGNEROLLES (ROUTE;;;;30
5191;201300005726;13;3;9;1320;1;1;1;1.0;6;321;39, EPOUX CONTOUX (RUE D;;;;30
5192;201300005727;13;4;9;1550;1;2;2;1.0;3;190;37, ALSACE LORRAINE (AVE;;;;30
5193;201300005728;13;4;26;2045;5;2;2;3.0;3;190;42, ALLIER (RUE D');;;;30
5194;201300005729;13;6;1;2040;1;2;1;1.0;6;190;34, LIBERATION (AVENUE D;;;;30
5195;201300005731;13;7;23;600;2;2;1;1.0;1;190;REGEMORTES (PONT);;;;30
5196;201300005732;13;7;24;1445;1;2;3;1.0;3;190;68, BARBUSSE (RUE HENRI);;;;30
5197;201300005733;13;10;25;2345;5;2;1;1.0;6;190;27, LYON (ROUTE DE);;;;30
5198;201300005734;13;10;17;1810;1;2;9;1.0;3;321;JEAN-JAURES (BOULEVARD);;;;30
5199;201300005736;13;2;2;1130;1;2;3;8.0;3;648;29 grand rue;M;4909270.0;648577.0;570
5200;201300005737;13;5;20;2030;3;1;1;2.0;2;620;;M;0.0;0.0;570
5201;201300005738;13;6;3;1800;1;2;1;1.0;3;707;;M;0.0;0.0;570
5202;201300005740;13;10;11;1430;1;2;6;1.0;3;622;Rond point de jErusalem;M;0.0;0.0;570
5203;201300005741;13;10;28;1600;1;2;6;8.0;1;622;intesection RD 54 RD 643;M;0.0;0.0;570
5204;201300005742;13;12;7;1800;3;1;1;1.0;1;622;;M;0.0;0.0;570
5205;201300005743;13;12;23;200;5;2;1;8.0;6;622;RUE ROBERT SCHUMAN;M;0.0;0.0;570
5206;201300005744;13;5;14;1745;1;1;1;1.0;7;39;;M;4904761.0;611325.0;570
5207;201300005745;13;6;30;630;1;2;1;1.0;6;212;Rue de l'abbe Marchal;M;0.0;0.0;570
5208;201300005746;13;7;4;1600;1;1;1;1.0;1;350;;M;4907484.0;609661.0;570
5209;201300005747;13;7;23;1915;1;2;1;1.0;2;32;face au 40, rue Wilson;M;0.0;0.0;570
5210;201300005748;13;9;24;445;3;1;1;1.0;1;601;;M;0.0;0.0;570
5211;201300005749;13;10;18;700;3;1;1;9.0;3;601;;M;0.0;0.0;570
5212;201300005750;13;10;23;945;1;1;1;9.0;3;515;;M;0.0;0.0;570
5213;201300005751;13;10;31;1815;5;1;1;1.0;3;701;;M;4909472.0;609657.0;570
5214;201300005752;13;11;22;1745;5;2;1;2.0;6;515;;M;4902431.0;605041.0;570
5215;201300005753;13;11;26;1545;1;2;1;7.0;1;32;CD6 - PK2.800;M;0.0;0.0;570
5216;201300005754;13;1;5;1630;1;1;1;9.0;1;443;;M;4921142.0;612535.0;570
5217;201300005755;13;1;19;1500;1;2;1;1.0;7;433;route de marange;M;0.0;0.0;570
5218;201300005756;13;3;4;1215;1;2;1;1.0;1;433;14 Grand Rue;M;4920591.0;616110.0;570
5219;201300005757;13;3;7;1030;1;2;1;1.0;6;433;57 grand rue;M;0.0;0.0;570
5220;201300005758;13;4;18;2100;3;1;1;1.0;7;443;;M;4922572.0;614638.0;570
5221;201300005759;13;8;6;1915;1;1;1;1.0;7;303;;M;0.0;0.0;570
5222;201300005760;13;8;30;900;1;2;1;1.0;6;433;grand rue;M;0.0;0.0;570
5223;201300005761;13;10;5;1845;1;2;1;3.0;3;303;Route de MAIZIERES;M;0.0;0.0;570
5224;201300005762;13;10;11;1845;2;1;1;1.0;6;645;;M;0.0;0.0;570
5225;201300005763;13;10;30;1645;1;2;1;1.0;3;433;rue schuman;M;4921429.0;616423.0;570
5226;201300005764;13;12;14;1130;1;2;6;1.0;6;645;D112F/N52;M;0.0;0.0;570
5227;201300005765;13;12;27;1515;1;1;1;1.0;1;111;;M;0.0;0.0;570
5228;201300005767;13;7;22;1415;1;2;1;1.0;3;251;RUE PRINCIPALE;M;0.0;0.0;570
5229;201300005768;13;9;2;1800;1;1;1;1.0;1;57;;M;0.0;0.0;570
5230;201300005769;13;10;10;900;1;1;1;8.0;6;20;;M;0.0;0.0;570
5231;201300005770;13;11;18;1645;2;1;1;8.0;1;572;;M;0.0;0.0;570
5232;201300005771;13;3;31;1700;1;1;1;1.0;1;563;;M;0.0;0.0;570
5233;201300005772;13;6;21;2215;3;1;1;1.0;1;385;;M;4907508.0;630393.0;570
5234;201300005775;13;9;1;2000;2;1;1;1.0;6;695;;M;0.0;0.0;570
5235;201300005779;13;11;6;1845;3;1;1;2.0;6;24;;M;0.0;0.0;570
5236;201300005780;13;6;17;1815;1;1;2;1.0;3;542;GN 49.257 6.436;M;0.0;0.0;570
5237;201300005781;13;7;2;1430;1;1;1;1.0;1;167;GN 49.309 6.383;M;0.0;0.0;570
5238;201300005782;13;7;22;1945;1;1;1;1.0;6;106;;M;0.0;0.0;570
5239;201300005783;13;8;14;1200;1;2;1;1.0;1;186;27 RUE Principale;M;0.0;0.0;570
5240;201300005784;13;10;11;2200;5;2;2;1.0;3;160;bd Pascal Bd Montaigne;M;4920780.0;670754.0;570
5241;201300005785;13;9;1;600;2;2;1;1.0;6;230;GN 49.098 6.509;M;0.0;0.0;570
5242;201300005786;13;10;20;600;3;1;1;5.0;5;85;GN 49.112 6.458;M;0.0;0.0;570
5243;201300005787;13;7;15;1330;1;1;1;1.0;5;712;;M;0.0;0.0;570
5244;201300005788;13;8;3;1715;1;1;1;1.0;1;18;GN 48.84 6.506;M;0.0;0.0;570
5245;201300005790;13;3;1;1900;3;1;1;1.0;2;629;;M;0.0;0.0;570
5246;201300005791;13;7;23;1030;1;2;2;1.0;3;177;CROISEMENT CHEMIN DU PON;M;0.0;0.0;570
5247;201300005792;13;9;5;845;1;1;1;1.0;1;86;;M;0.0;0.0;570
5248;201300005794;13;2;16;400;2;1;1;5.0;1;521;;M;4917697.0;692592.0;570
5249;201300005795;13;7;15;1945;1;2;1;1.0;5;58;Boulevard Charlemagne;M;0.0;0.0;570
5250;201300005796;13;7;22;1945;1;1;1;1.0;1;58;;M;0.0;0.0;570
5251;201300005797;13;2;9;1245;1;1;2;8.0;3;271;;M;4910400.0;680200.0;570
5252;201300005798;13;2;16;2245;3;1;1;5.0;7;466;GN 49.097 6.96;M;0.0;0.0;570
5253;201300005799;13;3;2;1700;1;2;1;1.0;6;271;Rue de Hombourg49.1136.7;M;0.0;0.0;570
5254;201300005800;13;6;19;1945;1;1;1;1.0;7;466;;M;0.0;0.0;570
5255;201300005801;13;7;9;2345;3;2;1;1.0;6;207;GN 49.118 6.857;M;0.0;0.0;570
5256;201300005802;13;8;14;945;1;2;1;1.0;1;61;66 rue de la gare;M;4914200.0;683300.0;570
5257;201300005803;13;8;31;1645;1;1;1;1.0;6;52;;M;0.0;0.0;570
5258;201300005804;13;10;9;1845;5;1;1;2.0;7;669;GN 49.136 6.888;M;0.0;0.0;570
5259;201300005805;13;11;8;1000;1;1;1;3.0;7;466;GN 49.099 6.96;M;0.0;0.0;570
5260;201300005806;13;11;8;2145;5;2;1;2.0;1;73;GN 49.141 6.819;M;0.0;0.0;570
5261;201300005807;13;11;18;1400;1;2;1;1.0;6;176;104 rue principale;M;4911101.0;693709.0;570
5262;201300005808;13;11;26;1630;1;2;1;1.0;2;176;GN 49.115  6.941;M;0.0;0.0;570
5263;201300005810;13;11;28;1;5;2;1;1.0;3;144;rue principale;M;0.0;0.0;570
5264;201300005811;13;12;2;700;2;2;1;1.0;1;207;ruedemoulinGN49.13 6.858;M;0.0;0.0;570
5265;201300005812;13;12;3;1530;1;1;1;1.0;7;52;GN 49.067 6.811;M;0.0;0.0;570
5266;201300005813;13;3;20;2130;3;1;6;1.0;6;483;;M;0.0;0.0;570
5267;201300005814;13;10;9;2145;3;1;1;1.0;2;560;;M;0.0;0.0;570
5268;201300005815;13;7;24;1630;1;1;1;1.0;5;544;;M;0.0;0.0;570
5269;201300005816;13;9;14;530;2;1;1;2.0;1;321;GN 48.692 7.05;M;0.0;0.0;570
5270;201300005817;13;9;17;415;3;1;1;1.0;3;320;GN 48.692 6.958;M;0.0;0.0;570
5271;201300005818;13;10;18;1715;1;1;1;1.0;1;253;GN 48.68 6.886;M;0.0;0.0;570
5272;201300005821;13;12;9;1045;1;1;1;1.0;1;611;GN 48.666  6.938;M;0.0;0.0;570
5273;201300005822;13;4;4;1745;1;1;1;1.0;3;334;;M;0.0;0.0;570
5274;201300005823;13;6;8;2000;1;1;1;1.0;7;540;;M;0.0;0.0;570
5275;201300005824;13;6;19;1730;1;1;1;1.0;7;244;;M;0.0;0.0;570
5276;201300005825;13;1;16;1500;1;1;1;1.0;1;91;;M;0.0;0.0;570
5277;201300005826;13;1;28;1030;1;1;1;1.0;3;260;GN 49.125 7.04;M;4913050.0;704388.0;570
5278;201300005827;13;4;7;1500;1;1;1;1.0;3;93;;M;0.0;0.0;570
5279;201300005828;13;4;21;600;2;1;1;1.0;7;535;;M;0.0;0.0;570