;Num_Acc;an;mois;jour;hrmn;lum;agg;int;atm;col;com;adr;gps;lat;long;dep
5280;201300005829;13;5;4;1630;1;2;3;1.0;3;535;RUE DE LA LIBERATION;M;0.0;0.0;570
5281;201300005830;13;6;8;1630;1;2;1;1.0;2;535;RUE SAINTE CROIX;M;0.0;0.0;570
5282;201300005831;13;6;15;1530;1;2;1;1.0;3;261;GRAND'RUE;M;0.0;0.0;570
5283;201300005832;13;8;8;1115;1;1;1;1.0;3;91;;M;0.0;0.0;570
5284;201300005833;13;9;26;545;3;1;1;1.0;1;589;;M;0.0;0.0;570
5285;201300005834;13;10;29;1800;3;2;1;1.0;6;260;Rue de Forbach;M;0.0;0.0;570
5286;201300005835;13;11;27;1400;1;2;1;1.0;6;260;25 RUE DE FORBACH;M;4915525.0;702405.0;570
5287;201300005836;13;6;27;730;2;1;1;9.0;6;577;;M;0.0;0.0;570
5288;201300005837;13;2;4;1800;5;1;1;2.0;6;206;;M;0.0;0.0;570
5289;201300005838;13;11;17;1830;5;1;1;2.0;1;206;;M;4932300.0;610600.0;570
5290;201300005839;13;12;4;1215;1;1;1;8.0;2;724;GN 49.266 6.108;M;0.0;0.0;570
5291;201300005840;13;1;13;1815;3;1;1;2.0;1;117;;M;0.0;0.0;570
5292;201300005841;13;1;23;2015;3;1;1;9.0;1;287;;M;0.0;0.0;570
5293;201300005843;13;4;7;1645;1;1;3;1.0;3;331;;M;4930066.0;637554.0;570
5294;201300005844;13;4;16;1545;1;2;1;1.0;2;67;;M;0.0;0.0;570
5295;201300005845;13;5;7;1915;1;2;1;1.0;3;102;rue de Touraine;M;0.0;0.0;570
5296;201300005847;13;5;17;1330;1;1;2;2.0;3;733;;M;0.0;0.0;570
5297;201300005848;13;7;13;1815;1;1;1;1.0;3;117;;M;0.0;0.0;570
5298;201300005849;13;7;20;630;1;1;1;1.0;3;704;;M;0.0;0.0;570
5299;201300005850;13;8;16;2130;3;1;1;9.0;3;426;;M;0.0;0.0;570
5300;201300005851;13;9;8;30;3;1;1;3.0;7;733;;M;0.0;0.0;570
5301;201300005852;13;10;16;830;1;1;2;1.0;3;733;GN 49.296 6.279;M;0.0;0.0;570
5302;201300005853;13;11;15;1045;1;1;1;1.0;2;465;;M;0.0;0.0;570
5303;201300005854;13;11;18;745;2;1;1;5.0;1;287;;M;0.0;0.0;570
5304;201300005855;13;1;19;415;3;1;1;4.0;6;683;;M;0.0;0.0;570
5305;201300005856;13;1;29;1900;1;2;1;3.0;6;474;72 rue de Boussange;M;4925979.0;615846.0;570
5306;201300005857;13;2;7;1445;1;2;1;1.0;5;683;ROUTE DE THIONVILLE;M;0.0;0.0;570
5307;201300005858;13;5;14;1700;1;2;1;1.0;3;474;408 rue de Metz;M;4926497.0;617026.0;570
5308;201300005859;13;6;17;2200;5;2;1;1.0;7;683;Route de Vitry sur Orne;M;0.0;0.0;570
5309;201300005860;13;7;7;215;3;2;1;1.0;3;582;CD 54/ RUE DU STADE;M;4928040.0;615885.0;570
5310;201300005862;13;8;1;2115;2;1;1;1.0;2;582;;M;0.0;0.0;570
5311;201300005863;13;9;3;1130;1;2;1;1.0;6;474;72 route de BOUSSANGE;M;4925976.0;615845.0;570
5312;201300005864;13;1;17;1515;1;1;1;8.0;6;320;;M;4888300.0;609400.0;540
5313;201300005865;13;4;3;1815;1;1;1;1.0;2;320;;M;4886839.0;609358.0;540
5314;201300005866;13;7;5;1700;1;2;1;1.0;1;400;rue Cl?menceau;M;0.0;0.0;540
5315;201300005867;13;7;9;1000;1;1;1;1.0;3;60;;M;4881577.0;610692.0;540
5316;201300005868;13;7;12;1715;1;1;1;1.0;3;24;;M;4884600.0;628300.0;540
5317;201300005869;13;7;26;715;1;1;1;1.0;7;276;;M;4884242.0;624223.0;540
5318;201300005870;13;8;25;15;3;1;1;8.0;6;24;;M;4884331.0;627111.0;540
5319;201300005871;13;9;29;1830;1;1;1;1.0;1;400;;M;4888500.0;622200.0;540
5320;201300005872;13;1;14;745;1;2;1;8.0;6;89;;M;4877200.0;626600.0;540
5321;201300005873;13;2;23;900;1;1;1;4.0;6;89;;M;4879300.0;627800.0;540
5322;201300005874;13;3;23;915;1;1;1;1.0;6;374;;M;4876239.0;640627.0;540
5323;201300005875;13;5;17;1400;1;1;1;2.0;1;296;;M;4874129.0;632906.0;540
5324;201300005876;13;5;20;1800;1;1;1;1.0;1;192;;M;4854797.0;630089.0;540
5325;201300005877;13;5;28;430;2;1;6;1.0;6;186;;M;4873948.0;622327.0;540
5326;201300005878;13;6;15;1715;1;1;1;1.0;3;192;;M;4854804.0;630085.0;540
5327;201300005879;13;7;7;1000;1;1;1;1.0;7;89;;M;4876601.0;626420.0;540
5328;201300005880;13;11;10;1145;1;1;1;3.0;3;192;;M;4855491.0;629767.0;540
5329;201300005881;13;11;29;1215;1;1;1;8.0;3;498;;M;4856700.0;633300.0;540
5330;201300005882;13;12;14;730;1;1;1;8.0;6;462;;M;4859795.0;634211.0;540
5331;201300005883;13;6;19;730;1;2;1;7.0;6;430;1 avenue GAMBETTA;M;0.0;0.0;540
5332;201300005884;13;6;30;815;3;1;1;1.0;6;430;;M;4878608.0;612473.0;540
5333;201300005885;13;7;16;1400;1;2;1;1.0;6;215;RUE DE NANCY;M;4875250.0;614460.0;540
5334;201300005886;13;7;16;1315;1;1;1;1.0;6;150;;M;0.0;0.0;540
5335;201300005887;13;9;12;715;1;2;1;1.0;6;215;rue de Metz;M;4875000.0;613000.0;540
5336;201300005888;13;9;13;1730;1;1;1;1.0;2;115;;M;4874800.0;616200.0;540
5337;201300005889;13;10;4;2000;5;1;1;1.0;3;115;;M;4873681.0;616336.0;540
5338;201300005891;13;5;14;1800;1;1;2;1.0;3;513;;M;4845699.0;612768.0;540
5339;201300005892;13;6;1;15;3;1;1;8.0;6;309;;M;4850700.0;620200.0;540
5340;201300005893;13;1;4;1415;1;1;4;8.0;1;266;;M;4850939.0;610277.0;540
5341;201300005894;13;1;21;745;2;1;1;4.0;5;586;;M;4858000.0;602800.0;540
5342;201300005895;13;2;10;400;3;1;1;4.0;6;111;;M;4807800.0;613300.0;540
5343;201300005897;13;2;21;1730;1;2;1;1.0;6;397;rue aristide briand;M;4860800.0;610020.0;540
5344;201300005898;13;4;24;1315;1;1;1;1.0;1;563;;M;4849524.0;609522.0;540
5345;201300005900;13;6;11;1415;1;1;3;1.0;3;247;;M;4849116.0;607334.0;540
5346;201300005902;13;6;25;2000;1;1;1;1.0;1;109;;M;4851844.0;614083.0;540
5347;201300005903;13;7;24;1330;1;2;1;1.0;6;397;rue pasteur;M;4801700.0;615000.0;540
5348;201300005904;13;8;5;815;1;1;1;1.0;7;62;;M;4851300.0;624400.0;540
5349;201300005905;13;9;3;1945;1;2;1;1.0;1;397;rue capitaine Caillon;M;4861373.0;610360.0;540
5350;201300005906;13;9;24;1900;1;2;6;1.0;3;397;rue Pasteur;M;0.0;0.0;540
5351;201300005907;13;11;7;1815;3;1;1;2.0;2;586;;M;4858089.0;601282.0;540
5352;201300005908;13;10;8;1200;1;2;1;2.0;6;397;;M;4802600.0;617400.0;540
5353;201300005909;13;11;28;1845;3;2;1;2.0;6;235;9 grande rue;M;4849609.0;601526.0;540
5354;201300005910;13;12;12;730;2;1;1;5.0;7;437;;M;4855400.0;617000.0;540
5355;201300005911;13;12;29;2215;3;1;1;9.0;7;32;;M;4852900.0;613800.0;540
5356;201300005912;13;4;7;1445;1;1;1;1.0;7;594;;M;4896500.0;586000.0;540
5357;201300005913;13;11;19;1500;1;2;1;1.0;6;415;rue Anatole FRANCE;M;4898800.0;602400.0;540
5358;201300005914;13;1;5;1940;5;2;1;2.0;6;310;85, JAURES (RUE JEAN);;;;30
5359;201300005915;13;1;11;715;5;2;1;2.0;6;95;GIRAUDOUX (RUE JEAN);;;;30
5360;201300005916;13;1;22;922;1;1;1;1.0;6;95;ROUTE DE MOLLES;;;;30
5361;201300005917;13;3;14;1745;1;2;5;1.0;3;310;0, HUGO (PLACE VICTOR);;;;30
5362;201300005918;13;3;30;500;5;2;1;3.0;6;1;31, HAUTERIVE (ROUTE D');;;;30
5363;201300005919;13;4;2;1745;1;2;3;1.0;2;1;0, GRAVIERS (AVENUE DES);;;;30
5364;201300005920;13;4;9;1700;1;2;1;1.0;6;95;0, MIZON (RUE ANTOINETTE;;;;30
5365;201300005921;13;4;5;1300;1;2;6;2.0;3;23;0, FERLOT (RUE JEAN);;;;30
5366;201300005922;13;5;4;1900;1;2;3;1.0;6;310;0, IRIS (RUE DES);;;;30
5367;201300005923;13;5;14;1910;1;1;1;1.0;2;1;26, RD 131 (ROUTE D'HAUT;;;;30
5368;201300005924;13;5;24;2149;2;2;1;1.0;6;310;17, LYAUTEY (RUE DU MARE;;;;30
5369;201300005925;13;6;5;1030;1;2;1;1.0;6;310;24, CALLOU (RUE);;;;30
5370;201300005926;13;6;6;854;1;2;1;1.0;6;310;48, KENNEDY (BOULEVARD D;;;;30
5371;201300005927;13;6;13;700;1;2;1;1.0;2;95;25, BICENTENAIRE (BOULEV;;;;30
5372;201300005928;13;6;25;1340;1;1;1;1.0;6;95;0, FERRIERES (ROUTE DE);;;;30
5373;201300005929;13;7;1;800;1;2;1;1.0;3;95;42, AMPERE (RUE);;;;30
5374;201300005930;13;7;4;1440;1;2;1;1.0;6;310;0, CLEMENCEAU (RUE GEORG;;;;30
5375;201300005931;13;7;5;1140;1;2;3;1.0;6;310;1, ROUMANIE (RUE DE);;;;30
5376;201300005932;13;7;4;1830;1;2;1;1.0;3;310;0, JUIN (Esplanade Mar?c;;;;30
5377;201300005933;13;7;14;1615;1;2;1;1.0;6;95;0, GRIVATS (LES  -  LIEU;;;;30
5378;201300005934;13;7;14;2225;5;2;6;1.0;3;310;0, SCHUMAN (ROND POINT R;;;;30
5379;201300005935;13;7;24;2020;1;2;1;1.0;6;310;0, HOPITAL (BOULEVARD DE;;;;30
5380;201300005936;13;7;26;15;5;2;1;1.0;6;23;7, VICHY (AVENUE DE);;;;30
5381;201300005937;13;7;28;1610;1;2;1;8.0;6;310;AILES (ALLEE DES);;;;30
5382;201300005938;13;8;2;405;5;1;1;1.0;7;23;DE GAULLE (AVENUE DU GEN;;;;30
5383;201300005939;13;8;6;2040;1;2;1;1.0;6;94;6, BORDES (RUE DES);;;;30
5384;201300005940;13;9;3;1900;1;2;3;1.0;3;310;54, HOPITAL (BOULEVARD D;;;;30
5385;201300005941;13;9;4;1445;1;2;1;1.0;5;23;0, PONT DE BELLERIVE;;;;30
5386;201300005942;13;9;18;245;5;2;3;8.0;6;1;4, VIEUX-PORT (IMPASSE D;;;;30
5387;201300005943;13;9;22;1105;1;2;1;1.0;6;310;0, KENNEDY (BOULEVARD DU;;;;30
5388;201300005944;13;9;27;1410;1;2;1;1.0;3;95;86, PARIS (ROUTE DE);;;;30
5389;201300005945;13;10;7;1205;1;2;6;1.0;6;310;SCHUMAN (ROND POINT ROBE;;;;30
5390;201300005946;13;10;9;1530;1;2;1;1.0;6;95;0, CONSTITUTION (RUE DE;;;;30
5391;201300005947;13;10;10;1750;1;2;2;1.0;2;310;1, GAMBETTA (BOULEVARD);;;;30
5392;201300005949;13;10;17;945;1;2;3;1.0;6;310;1, VENDEE (RUE DE);;;;30
5393;201300005950;13;10;18;1655;1;2;1;1.0;6;310;1, AILES (ALLEE DES);;;;30
5394;201300005951;13;10;29;1815;5;2;3;1.0;6;95;1, GRASSET (RUE OLIVIER);;;;30
5395;201300005956;13;11;17;1820;2;2;2;1.0;3;310;86, THERMALE (AVENUE);;;;30
5396;201300005957;13;11;19;800;2;2;1;2.0;6;310;10, RUSSIE (BOULEVARD DE;;;;30
5397;201300005958;13;11;21;1740;2;2;1;2.0;6;95;1, LIEGE (RUE DE);;;;30
5398;201300005959;13;11;28;1450;1;2;1;1.0;4;310;0, AILES (ALLEE DES);;;;30
5399;201300005960;13;11;29;700;5;2;2;1.0;3;310;0, CHATEAUDUN (RUE DE);;;;30
5400;201300005961;13;11;29;1430;1;1;1;8.0;6;95;0, RD 906B;;;;30
5401;201300005962;13;12;1;122;5;2;2;1.0;3;95;0, GAMBETTA (RUE);;;;30
5402;201300005963;13;12;2;720;2;2;4;1.0;3;310;0, VOLTAIRE (RUE);;;;30
5403;201300005964;13;12;2;1540;1;2;2;1.0;6;310;0, AILES (ALLEE DES);;;;30
5404;201300005966;13;12;9;845;1;2;2;1.0;6;310;0, AILES (ALLEE DES);;;;30
5405;201300005967;13;12;11;1215;1;2;1;1.0;3;310;7, ALQUIE (RUE);;;;30
5406;201300005968;13;12;11;1900;5;2;2;1.0;1;310;0, DENIERE (BOULEVARD);;;;30
5407;201300005969;13;12;14;2005;5;2;3;1.0;3;310;1, VOLTAIRE (RUE);;;;30
5408;201300005970;13;12;17;953;1;1;1;1.0;1;95;0, MALAVAUX (LES  -  LIE;;;;30
5409;201300005971;13;12;30;2120;5;2;1;1.0;3;310;0, SCHUMAN (ROND POINT R;;;;30
5410;201300005972;13;12;31;1640;1;2;1;2.0;2;23;0, DE GAULLE (AVENUE DU;;;;30
5411;201300005973;13;3;31;1730;1;1;1;1.0;6;477;;M;4900698.0;588907.0;540
5412;201300005974;13;6;8;1745;1;1;1;1.0;6;112;;M;4903737.0;590260.0;540
5413;201300005975;13;6;14;445;2;1;1;1.0;7;171;;M;4915470.0;593814.0;540
5414;201300005976;13;7;5;2015;1;1;1;1.0;6;198;;M;4923584.0;577852.0;540
5415;201300005977;13;10;23;1600;1;1;1;8.0;5;171;;M;4915600.0;590600.0;540
5416;201300005979;13;1;15;915;1;2;3;4.0;3;29;ROUTE DE BRIEY;M;4937200.0;590700.0;540
5417;201300005980;13;3;15;200;3;1;1;1.0;6;491;;M;4935140.0;591138.0;540
5418;201300005981;13;5;16;1215;1;1;1;3.0;3;69;;M;4940120.0;592506.0;540
5419;201300005982;13;5;30;1615;1;2;1;1.0;2;29;54 rue lucien michel;M;4937494.0;590243.0;540
5420;201300005983;13;8;2;1530;1;1;1;1.0;5;337;;M;4935265.0;586043.0;540
5421;201300005984;13;10;27;1615;1;1;1;1.0;1;394;;M;4933600.0;581600.0;540
5422;201300005985;13;11;5;1630;5;2;1;3.0;7;533;rue marc raty;M;4932900.0;593200.0;540
5423;201300005987;13;12;11;1745;3;1;2;5.0;3;269;;M;4860505.0;638362.0;540
5424;201300005988;13;6;8;1730;1;1;1;1.0;1;85;;M;4845538.0;639486.0;540
5425;201300005989;13;9;14;615;3;1;1;3.0;7;331;;M;4846047.0;655634.0;540
5426;201300005990;13;4;14;1600;1;1;1;1.0;1;40;;M;4837900.0;693700.0;540
5427;201300005991;13;6;8;1415;1;1;1;1.0;6;40;;M;4849434.0;692966.0;540
5428;201300005992;13;10;11;330;5;2;1;8.0;6;77;Rue Victor Pierre;M;4858723.0;683896.0;540
5429;201300005993;13;12;16;1100;1;1;1;1.0;2;78;;M;4857340.0;672939.0;540
5430;201300005994;13;4;12;600;2;1;1;1.0;6;38;;M;4850000.0;668900.0;540
5431;201300005995;13;7;20;1945;1;1;1;1.0;1;39;;M;4844400.0;675800.0;540
5432;201300005996;13;7;25;815;1;2;1;1.0;3;377;21 grande rue;M;4851420.0;680712.0;540
5433;201300005997;13;6;15;1215;1;1;1;8.0;1;105;;M;4857700.0;585061.0;540
5434;201300005998;13;6;22;1600;1;1;1;1.0;2;523;;M;0.0;0.0;540
5435;201300005999;13;7;19;1000;1;1;1;1.0;2;288;;M;4873065.0;586648.0;540
5436;201300006000;13;7;21;1015;1;2;1;1.0;1;80;;M;4859948.0;583049.0;540
5437;201300006001;13;7;22;715;1;1;1;1.0;5;162;;M;4865200.0;585200.0;540
5438;201300006002;13;9;11;1745;1;1;1;3.0;1;46;;M;4853325.0;583997.0;540
5439;201300006003;13;3;24;1445;1;1;1;8.0;6;34;;M;4876151.0;593871.0;540
5440;201300006004;13;6;9;345;5;2;1;2.0;6;318;60 route de Pompey;M;0.0;0.0;540
5441;201300006005;13;7;27;1630;1;1;1;7.0;1;208;;M;4873428.0;593722.0;540
5442;201300006006;13;8;22;1600;1;1;1;1.0;4;19;;M;4882106.0;583465.0;540
5443;201300006007;13;1;24;1915;5;2;1;1.0;3;49;rue Haute;M;0.0;0.0;550
5444;201300006008;13;4;14;1630;1;1;1;1.0;6;541;;M;4881965.0;516885.0;550
5445;201300006009;13;5;1;1730;1;2;1;2.0;6;125;rue des paquis;M;4880600.0;496000.0;550
5446;201300006010;13;6;2;1830;1;1;1;1.0;7;378;;M;0.0;0.0;550
5447;201300006011;13;9;17;1245;1;2;1;1.0;6;123;MARAT LA GRANDE;M;0.0;0.0;550
5448;201300006012;13;10;21;1900;5;2;3;1.0;3;427;RUE ARISTIDE BRIAND;M;4882474.0;498585.0;550
5449;201300006013;13;3;18;545;3;1;1;9.0;6;326;;M;0.0;0.0;550
5450;201300006014;13;3;24;1700;1;1;1;1.0;7;10;;M;4863700.0;495100.0;550
5451;201300006016;13;4;23;1530;1;1;1;1.0;6;10;;M;4864100.0;504700.0;550
5452;201300006017;13;5;4;1600;1;1;1;1.0;6;291;;M;0.0;0.0;550
5453;201300006018;13;7;10;1500;1;2;1;1.0;1;519;RD 120;M;4872500.0;528600.0;550
5454;201300006020;13;7;6;1115;1;2;1;1.0;6;122;47 rue raymond poincar?;M;0.0;0.0;550
5455;201300006021;13;7;4;715;1;2;1;1.0;1;184;VILLE ISSEY;M;0.0;0.0;550
5456;201300006022;13;7;21;300;3;1;1;1.0;6;288;;M;0.0;0.0;550
5457;201300006023;13;3;1;1430;1;2;9;1.0;3;274;17 rue principale;M;4896500.0;558000.0;550
5458;201300006024;13;4;6;2300;3;1;1;1.0;6;301;;M;4891700.0;531300.0;550
5459;201300006025;13;5;7;1845;1;2;3;1.0;6;404;;M;4889966.0;532976.0;550
5460;201300006026;13;5;5;1815;1;1;1;1.0;3;12;;M;4882300.0;566400.0;550
5461;201300006027;13;10;9;1800;1;1;1;1.0;1;463;;M;4888600.0;556800.0;550
5462;201300006028;13;3;5;800;1;1;1;7.0;1;330;;M;4867401.0;549434.0;550
5463;201300006029;13;8;24;30;3;1;1;1.0;1;215;;M;0.0;0.0;550
5464;201300006030;13;9;19;715;1;1;1;1.0;3;398;;M;0.0;0.0;550
5465;201300006031;13;9;22;1100;1;2;1;1.0;1;148;rue de baudignecourt;M;0.0;0.0;550
5466;201300006033;13;5;4;1615;1;1;1;1.0;7;188;;M;0.0;0.0;550
5467;201300006034;13;5;26;400;3;1;1;1.0;6;546;;M;4952287.0;539675.0;550
5468;201300006035;13;7;19;1615;1;2;1;1.0;6;510;ruelle Beauclin;M;4952650.0;534914.0;550
5469;201300006036;13;2;28;1615;1;1;1;1.0;6;124;;M;4928919.0;530057.0;550
5470;201300006038;13;5;21;45;3;1;1;1.0;6;204;;M;4904961.0;543487.0;550
5471;201300006039;13;6;8;1000;1;1;1;1.0;2;102;;M;4920700.0;533600.0;550
5472;201300006040;13;7;6;1230;1;2;1;1.0;6;200;22 Rue de Verdun;M;0.0;0.0;550
5473;201300006041;13;8;26;915;1;2;3;1.0;3;154;rue des  sapins;M;0.0;0.0;550
5474;201300006042;13;11;27;1615;1;1;1;7.0;6;482;;M;0.0;0.0;550
5475;201300006043;13;1;8;1730;3;1;1;2.0;6;361;;M;4916132.0;548722.0;550
5476;201300006044;13;4;26;1815;1;1;1;3.0;6;325;;M;4924832.0;552705.0;550
5477;201300006045;13;6;17;1745;1;2;1;1.0;6;181;D 603 - Rue du 3?me RHC;M;0.0;0.0;550
5478;201300006046;13;10;5;1130;1;1;1;2.0;5;171;;M;4917400.0;545600.0;550
5479;201300006047;13;11;9;815;1;1;1;1.0;6;473;;M;4907823.0;564032.0;550
5480;201300006048;13;12;1;1800;3;1;1;8.0;4;181;;M;4924720.0;566765.0;550
5481;201300006049;13;3;11;1530;1;2;7;8.0;6;134;Face 135 rue la papeteri;M;4813978.0;647530.0;880
5482;201300006050;13;3;30;845;1;1;1;1.0;1;253;;M;;;880
5483;201300006051;13;4;13;1200;1;2;1;1.0;2;178;28 route de mirecourt;M;4817842.0;638666.0;880
5484;201300006052;13;5;8;800;1;1;1;1.0;6;160;;M;4819173.0;647715.0;880
5485;201300006053;13;9;16;1900;1;2;1;3.0;1;133;rue de la praye;M;4824288.0;650350.0;880
5486;201300006054;13;11;4;1300;1;1;1;2.0;1;253;;M;4819781.0;647493.0;880
5487;201300006055;13;11;12;1645;2;1;1;1.0;6;132;;M;4820227.0;669425.0;880
5488;201300006056;13;12;20;1730;3;1;1;8.0;3;253;;M;4819205.0;648887.0;880
5489;201300006057;13;1;3;1145;1;1;1;2.0;1;131;;M;4816794.0;665561.0;880
5490;201300006058;13;1;27;1445;1;1;1;2.0;6;101;;M;4814641.0;661133.0;880
5491;201300006060;13;2;27;530;3;1;1;1.0;7;216;;M;4824989.0;666684.0;880
5492;201300006061;13;5;18;1845;1;1;3;1.0;3;145;;M;4824433.0;675122.0;880
5493;201300006062;13;5;24;1615;1;1;3;1.0;1;131;;M;4816451.0;664241.0;880
5494;201300006064;13;10;4;2045;5;2;9;2.0;6;78;rue Abel ferry;M;4820270.0;672294.0;880
5495;201300006065;13;11;21;1745;5;2;1;4.0;3;78;rue charlemagne;M;4820541.0;671719.0;880
5496;201300006066;13;12;20;930;2;1;1;8.0;6;175;;M;4822225.0;658664.0;880
5497;201300006067;13;12;26;1700;2;1;1;8.0;6;76;;M;4822827.0;672589.0;880
5498;201300006068;13;1;9;1800;5;2;1;1.0;6;90;rue Maurice Barr?s;M;4837036.0;693066.0;880
5499;201300006069;13;1;26;600;3;1;1;1.0;6;513;;M;4833709.0;631778.0;880
5500;201300006070;13;6;6;1415;1;1;4;1.0;1;173;;M;4836240.0;626322.0;880
5501;201300006071;13;6;9;1715;1;1;2;1.0;3;73;;M;4834725.0;627709.0;880
5502;201300006072;13;7;15;1515;1;2;1;1.0;7;90;route de chamagne;M;4838212.0;629267.0;880
5503;201300006073;13;10;4;2000;5;1;3;2.0;3;513;;M;4834167.0;633333.0;880
5504;201300006074;13;12;13;800;2;1;1;9.0;1;90;;M;4838727.0;628769.0;880
5505;201300006075;13;3;3;1615;1;1;1;1.0;1;289;;M;4813300.0;585000.0;880
5506;201300006076;13;4;21;15;3;2;1;1.0;6;61;11, rue du moulin;M;4806229.0;596484.0;880
5507;201300006077;13;4;23;815;1;1;1;1.0;1;421;;M;4800255.0;588888.0;880
5508;201300006078;13;5;2;830;1;1;1;5.0;1;258;;M;4808073.0;580321.0;880
5509;201300006079;13;5;23;1715;1;1;1;1.0;3;517;;M;4812064.0;594919.0;880
5510;201300006080;13;7;10;945;1;2;1;7.0;3;238;44 rue abbes mathis et m;M;4805953.0;611129.0;880
5511;201300006081;13;9;2;1515;1;1;1;1.0;6;61;;M;4806040.0;596178.0;880
5512;201300006082;13;9;25;1800;1;1;1;1.0;7;65;;M;4809577.0;605991.0;880
5513;201300006083;13;12;11;900;1;1;1;9.0;7;291;;M;4798099.0;599361.0;880
5514;201300006084;13;3;25;1130;1;1;1;8.0;6;21;;M;4831312.0;668238.0;880
5515;201300006085;13;6;18;2230;5;2;1;1.0;3;367;avenue du 11 novembre;M;4833282.0;663686.0;880
5516;201300006086;13;7;6;1900;1;1;1;1.0;6;367;;M;4834620.0;662184.0;880
5517;201300006087;13;7;24;2215;5;2;1;1.0;7;318;5 route de Charmes;M;4835151.0;654091.0;880
5518;201300006088;13;12;19;1530;1;1;1;2.0;6;410;;M;4838921.0;673935.0;880
5519;201300006089;13;1;24;1015;1;2;1;8.0;3;465;2, rue de Lorraine;M;4825172.0;641965.0;880
5520;201300006090;13;2;13;1430;1;2;1;1.0;6;465;38 Rue de Lorraine;M;4825337.0;641720.0;880
5521;201300006091;13;3;7;1615;1;1;1;1.0;5;454;;M;4824500.0;652500.0;880
5522;201300006092;13;4;15;1615;1;2;1;1.0;6;94;6 route d'Hadigny;M;4831431.0;639973.0;880
5523;201300006093;13;5;17;1515;1;2;1;1.0;2;99;;M;4822369.0;643561.0;880
5524;201300006094;13;5;18;1400;1;2;1;1.0;2;99;RUE D'EPINAL;M;4823030.0;643652.0;880
5525;201300006095;13;5;18;1245;1;1;1;1.0;1;465;82, Rue d'Alsace;M;4824843.0;642248.0;880
5526;201300006096;13;6;21;1445;1;1;1;1.0;6;204;;M;4824399.0;644515.0;880
5527;201300006097;13;7;11;930;1;2;1;1.0;3;465;61, Rue d'Alsace;M;4824911.0;642193.0;880
5528;201300006099;13;7;30;1600;1;2;1;1.0;1;204;rue Moselle;M;4825574.0;643486.0;880
5529;201300006100;13;8;14;1345;1;1;1;1.0;1;190;;M;4830281.0;638217.0;880
5530;201300006101;13;8;17;1330;1;1;1;7.0;7;454;;M;4826431.0;654819.0;880
5531;201300006102;13;8;20;1545;1;1;2;1.0;1;94;;M;4830271.0;638361.0;880
5532;201300006103;13;11;9;1415;1;1;1;1.0;6;465;;M;4827723.0;644157.0;880
5533;201300006104;13;12;1;930;1;2;1;7.0;6;327;1 rue général De Gaulle;M;4830593.0;638665.0;880
5534;201300006106;13;9;25;1530;1;2;1;1.0;3;225;intersection RD34 et rue;M;0.0;0.0;880
5535;201300006107;13;4;14;1900;1;1;1;1.0;3;150;;M;4833474.0;589524.0;880
5536;201300006108;13;4;25;1500;1;2;2;1.0;3;460;RD 674 - RD 3;M;4840115.0;573107.0;880
5537;201300006109;13;6;6;2000;1;1;3;7.0;6;401;;M;4830206.0;576718.0;880
5538;201300006110;13;6;16;600;1;1;1;1.0;6;321;;M;4834972.0;567630.0;880
5539;201300006112;13;7;7;1200;1;1;1;6.0;6;270;;M;4830535.0;555738.0;880
5540;201300006113;13;7;12;730;1;1;1;1.0;1;363;;M;4846231.0;581722.0;880
5541;201300006114;13;7;21;2215;5;2;1;1.0;6;270;Route de Neufchateau;M;4831739.0;559629.0;880
5542;201300006115;13;8;7;1615;1;2;9;1.0;6;270;2 bis route de Joinville;M;4832239.0;557590.0;880
5543;201300006116;13;8;14;1400;1;2;1;1.0;1;321;chemin du Saulcy;M;4837057.0;569779.0;880
5544;201300006117;13;10;8;1730;1;1;1;1.0;7;366;;M;4836314.0;590224.0;880
5545;201300006118;13;11;25;1315;1;1;1;1.0;3;206;;M;4830297.0;591385.0;880
5546;201300006119;13;12;17;900;1;1;1;7.0;6;118;;M;4842199.0;568350.0;880
5547;201300006120;13;12;21;1800;5;2;1;1.0;3;321;Avenue Jean Jaur?s;M;4836056.0;569411.0;880
5548;201300006121;13;1;23;500;3;1;1;5.0;6;155;;M;4830412.0;607383.0;880
5549;201300006123;13;3;2;2000;3;1;1;1.0;2;155;;M;4830430.0;608069.0;880
5550;201300006125;13;7;22;2245;3;1;1;1.0;7;357;;M;4833231.0;612212.0;880
5551;201300006126;13;8;15;1345;1;1;1;1.0;5;237;;M;4823048.0;629856.0;880
5552;201300006127;13;8;31;1800;1;2;2;1.0;1;58;GRAND RUE;M;4832275.0;595362.0;880
5553;201300006128;13;9;15;15;3;1;1;3.0;7;129;;M;4825219.0;624929.0;880
5554;201300006129;13;10;14;730;2;2;1;1.0;6;304;Avenue Duch?ne;M;4829727.0;613373.0;880
5555;201300006130;13;10;19;1245;1;2;1;1.0;3;304;Avenue Gambetta;M;4830151.0;614434.0;880
5556;201300006131;13;11;8;1630;2;1;1;3.0;1;499;;M;4826983.0;615856.0;880