;Num_Acc;an;mois;jour;hrmn;lum;agg;int;atm;col;com;adr;gps;lat;long;dep
5557;201300006132;13;11;12;1145;1;1;1;1.0;3;55;;M;4830492.0;632464.0;880
5558;201300006133;13;1;2;900;1;2;2;1.0;3;516;Rue Winston Churchill;M;4820964.0;595079.0;880
5559;201300006135;13;10;5;1330;1;1;1;3.0;1;516;;M;4819162.0;593230.0;880
5560;201300006136;13;12;13;1615;2;1;6;5.0;3;114;;M;4818884.0;588290.0;880
5561;201300006137;13;6;15;1500;1;1;1;1.0;3;158;;M;4810208.0;659916.0;880
5562;201300006139;13;12;18;2130;5;2;1;1.0;6;11;2 rue de la gare;M;4811872.0;652799.0;880
5563;201300006140;13;2;27;1830;5;1;1;1.0;1;470;;M;4808433.0;676966.0;880
5564;201300006141;13;4;24;1415;1;1;4;1.0;6;75;Route de Gérardmer;M;4801941.0;689007.0;880
5565;201300006142;13;6;23;1645;1;1;1;1.0;1;75;;M;4800366.0;693650.0;880
5566;201300006143;13;7;9;1845;1;2;1;1.0;6;116;5 RUE DU DAVAL;M;4796353.0;683531.0;880
5567;201300006144;13;7;21;2300;1;1;1;1.0;1;75;;M;4799805.0;684952.0;880
5568;201300006145;13;8;10;430;3;1;1;8.0;6;109;;M;4805701.0;666911.0;880
5569;201300006146;13;12;16;1530;1;1;1;1.0;3;447;;M;4795577.0;674425.0;880
5570;201300006147;13;4;6;1345;1;1;1;1.0;7;426;;M;4784165.0;683522.0;880
5571;201300006148;13;11;1;15;5;2;1;1.0;6;468;32 rue de la Gare;M;4787628.0;676452.0;880
5572;201300006149;13;11;16;545;3;1;6;5.0;6;408;;M;4790942.0;669425.0;880
5573;201300006150;13;11;16;2200;5;2;1;1.0;6;302;16 grande rue;M;4789786.0;678780.0;880
5574;201300006151;13;11;19;1315;1;2;9;3.0;1;468;1, Avenue de Verdun;M;4788083.0;676317.0;880
5575;201300006152;13;5;14;445;3;1;1;1.0;1;361;;M;4830242.0;707536.0;880
5576;201300006153;13;8;30;1100;1;1;1;1.0;1;445;;M;4825244.0;695818.0;880
5577;201300006154;13;9;20;1500;1;2;3;1.0;1;445;D58 / Vaucourt;M;4823789.0;696539.0;880
5578;201300006155;13;1;11;1715;3;1;1;2.0;1;181;;M;4817814.0;693066.0;880
5579;201300006156;13;2;21;2130;5;2;1;1.0;6;218;1 route de G?rardmer;M;4814147.0;679712.0;880
5580;201300006157;13;3;24;1015;1;2;1;1.0;1;106;345 route D?p 73;M;4817765.0;697594.0;880
5581;201300006158;13;3;30;1045;1;1;1;1.0;1;9;;M;4818030.0;693707.0;880
5582;201300006159;13;5;8;615;1;1;1;1.0;6;284;;M;4822220.0;698287.0;880
5583;201300006160;13;6;9;715;2;1;3;8.0;6;505;;M;4817587.0;683155.0;880
5584;201300006161;13;6;15;1430;1;1;1;1.0;4;181;;M;4818013.0;702387.0;880
5585;201300006162;13;8;1;730;1;1;3;1.0;3;106;;M;4818355.0;697335.0;880
5586;201300006163;13;9;9;645;1;2;1;1.0;4;9;1917 route de St Dié;M;4820361.0;694444.0;880
5587;201300006164;13;9;13;730;1;1;1;1.0;6;198;;M;4810656.0;691025.0;880
5588;201300006165;13;10;29;1800;5;2;1;1.0;1;423;Mardichamp;M;4822216.0;696526.0;880
5589;201300006167;13;11;29;45;3;2;1;1.0;4;18;Route de Granges;M;4816968.0;677514.0;880
5590;201300006168;13;12;28;1845;5;2;1;2.0;1;115;rue d 'alsace;M;4816989.0;688521.0;880
5591;201300006169;13;2;16;1145;1;2;2;1.0;3;196;rue de Lorraine;M;0.0;0.0;880
5592;201300006170;13;9;21;1445;1;1;4;1.0;3;196;Route du Tour du Lac;M;4807300.0;683939.0;880
5593;201300006171;13;2;13;15;3;1;1;1.0;6;165;;M;4836115.0;682043.0;880
5594;201300006172;13;4;18;800;1;2;1;1.0;2;451;avenue de salm;M;4838953.0;695533.0;880
5595;201300006173;13;4;27;2115;5;2;1;2.0;6;165;8 rue de l'abbaye;M;4836461.0;686778.0;880
5596;201300006174;13;5;17;1000;1;1;1;2.0;7;435;;M;4834992.0;683213.0;880
5597;201300006175;13;6;5;1500;1;1;3;1.0;3;435;Route d'Etival;M;4835352.0;683364.0;880
5598;201300006176;13;6;23;1145;1;1;1;1.0;6;53;Col du Hantz;M;4840817.0;706840.0;880
5599;201300006177;13;8;29;1830;1;2;1;7.0;1;451;11 rue du mar?chal Foch;M;4840334.0;698741.0;880
5600;201300006179;13;9;3;1745;1;2;8;7.0;6;451;place mar?chal vautrin;M;4839568.0;698066.0;880
5601;201300006180;13;9;22;245;5;2;1;8.0;6;372;107 rue stalingrad;M;4841009.0;685282.0;880
5602;201300006181;13;9;27;1700;1;1;1;1.0;1;53;;M;4840998.0;704759.0;880
5603;201300006183;13;1;22;1745;5;2;6;8.0;1;28;CD5 PK 10+500;M;0.0;0.0;670
5604;201300006184;13;3;8;1930;3;1;1;2.0;6;246;;M;4833400.0;756100.0;670
5605;201300006185;13;6;23;1715;2;2;1;1.0;3;28;intersection;M;4837500.0;759200.0;670
5606;201300006186;13;6;27;1630;1;2;3;1.0;3;28;Rue S?lestat;M;4837500.0;759100.0;670
5607;201300006187;13;7;29;115;3;1;1;2.0;6;90;;M;0.0;0.0;670
5608;201300006188;13;8;1;1045;1;2;1;7.0;6;216;02 rue du gal De Gaulle;M;0.0;0.0;670
5609;201300006189;13;9;17;2015;5;1;1;3.0;2;216;;M;0.0;0.0;670
5610;201300006190;13;10;10;815;2;1;1;3.0;1;28;;M;4836700.0;761100.0;670
5611;201300006192;13;10;26;715;3;2;1;1.0;3;28;Rue de la digue;M;0.0;0.0;670
5612;201300006193;13;11;22;1715;3;1;1;9.0;6;146;;M;4831700.0;769100.0;670
5613;201300006194;13;12;11;1530;3;1;1;5.0;5;192;;M;4836100.0;761900.0;670
5614;201300006195;13;12;17;2200;3;2;1;1.0;6;216;;M;4836700.0;757800.0;670
5615;201300006197;13;8;5;1830;1;2;1;7.0;1;268;RUE DU GENERAL DE GAULLE;M;4849600.0;766800.0;670
5616;201300006198;13;8;14;1730;1;2;9;1.0;1;137;;M;4849300.0;768300.0;670
5617;201300006199;13;1;25;630;2;2;1;1.0;6;130;rue du rempart;M;0.0;0.0;670
5618;201300006200;13;2;7;745;1;2;1;8.0;6;130;08 rue merci?re;M;0.0;0.0;670
5619;201300006202;13;3;10;1100;1;1;1;2.0;6;526;;M;0.0;0.0;670
5620;201300006203;13;3;28;2000;3;1;1;1.0;6;197;;M;0.0;0.0;670
5621;201300006204;13;5;4;1645;1;1;1;2.0;7;438;;M;0.0;0.0;670
5622;201300006205;13;5;18;1630;1;1;1;1.0;3;130;;M;0.0;0.0;670
5623;201300006206;13;5;27;1030;1;2;1;1.0;7;200;rue saint ludan;M;0.0;0.0;670
5624;201300006207;13;6;18;915;1;1;1;1.0;4;217;;M;0.0;0.0;670
5625;201300006209;13;8;2;1900;1;2;1;1.0;1;130;03 RUE JEAN GEORGES ABRY;M;0.0;0.0;670
5626;201300006210;13;8;21;745;1;1;1;1.0;3;438;;M;0.0;0.0;670
5627;201300006212;13;4;23;1715;1;1;1;1.0;3;286;;M;0.0;0.0;670
5628;201300006213;13;5;24;745;1;2;1;1.0;6;348;Avenue de gail;M;0.0;0.0;670
5629;201300006214;13;9;1;1600;1;1;1;1.0;6;286;;M;0.0;0.0;670
5630;201300006215;13;11;22;2315;5;2;1;1.0;6;504;Rue du Moulin;M;0.0;0.0;670
5631;201300006216;13;12;16;1230;1;1;1;1.0;6;286;;M;4844200.0;754600.0;670
5632;201300006217;13;1;8;1800;3;1;1;2.0;5;523;;M;0.0;0.0;670
5633;201300006218;13;4;26;1845;1;1;1;3.0;3;203;;M;0.0;0.0;670
5634;201300006219;13;5;7;2315;5;2;6;1.0;7;458;rue du g?n?ral de Gaulle;M;0.0;0.0;670
5635;201300006220;13;8;1;800;1;1;1;1.0;1;523;;M;0.0;0.0;670
5636;201300006221;13;8;1;1030;1;2;2;1.0;3;230;42 rue de la Libert?;M;0.0;0.0;670
5637;201300006222;13;10;29;830;3;1;1;1.0;2;458;;M;0.0;0.0;670
5638;201300006223;13;4;6;1015;1;1;1;1.0;6;46;;M;0.0;0.0;670
5639;201300006224;13;4;27;2215;5;2;9;2.0;2;46;;M;0.0;0.0;670
5640;201300006225;13;5;10;1715;1;2;3;1.0;3;46;rue de rohrwiller;M;4877000.0;786500.0;670
5641;201300006226;13;5;23;400;5;2;1;1.0;7;449;153 RUE PRINCIPALE;M;0.0;0.0;670
5642;201300006227;13;7;11;1045;1;1;6;1.0;3;169;;M;0.0;0.0;670
5643;201300006228;13;10;4;1845;3;1;1;1.0;1;450;;M;0.0;0.0;670
5644;201300006229;13;2;26;730;1;2;1;1.0;6;473;Ru de STRASBOURG;M;0.0;0.0;670
5645;201300006230;13;5;21;1700;1;2;1;1.0;3;300;Avenue de la gare;M;0.0;0.0;670
5646;201300006231;13;7;12;1615;1;2;1;7.0;3;313;3 A rue des Trois Pics;M;0.0;0.0;670
5647;201300006232;13;8;1;1645;1;1;1;1.0;3;101;;M;0.0;0.0;670
5648;201300006233;13;8;15;1630;1;2;1;1.0;6;112;RUE DE LA FORET;M;0.0;0.0;670
5649;201300006234;13;8;21;1030;1;2;6;2.0;3;300;Carrefour Rue des Sports;M;0.0;0.0;670
5650;201300006235;13;8;23;800;1;2;1;1.0;6;300;Rue du G?n?ral LECLERC;M;4854500.0;748900.0;670
5651;201300006236;13;9;3;1430;1;2;1;7.0;1;300;rue du g?n?ral leclerc;M;4854500.0;749000.0;670
5652;201300006237;13;9;25;2100;4;1;1;1.0;6;80;;M;0.0;0.0;670
5653;201300006238;13;12;17;1730;3;1;1;1.0;4;168;;M;0.0;0.0;670
5654;201300006239;13;1;15;1300;1;2;1;8.0;6;411;rue Marie Anne Reibel;M;4850000.0;746000.0;670
5655;201300006240;13;4;18;1530;1;1;1;1.0;1;45;;M;0.0;0.0;670
5656;201300006241;13;5;9;1745;1;1;1;1.0;6;411;;M;0.0;0.0;670
5657;201300006242;13;7;23;1230;1;1;1;1.0;1;411;;M;4851200.0;749900.0;670
5658;201300006243;13;4;28;1545;1;1;1;1.0;1;377;;M;0.0;0.0;670
5659;201300006244;13;8;26;1845;1;1;1;1.0;1;520;;M;4863400.0;747300.0;670
5660;201300006245;13;9;2;1030;1;1;1;1.0;3;122;;M;4863400.0;733500.0;670
5661;201300006246;13;9;29;1315;1;1;1;1.0;5;18;;M;4858600.0;742600.0;670
5662;201300006247;13;9;30;1630;1;1;1;1.0;6;442;;M;4860100.0;751500.0;670
5663;201300006248;13;3;8;1315;1;1;1;1.0;6;352;;M;0.0;0.0;670
5664;201300006249;13;6;2;1300;1;1;1;1.0;1;61;;M;0.0;0.0;670
5665;201300006250;13;8;23;1330;1;1;1;1.0;6;322;;M;0.0;0.0;670
5666;201300006251;13;10;22;215;5;1;6;1.0;6;469;;M;0.0;0.0;670
5667;201300006252;13;12;16;1630;2;2;1;1.0;6;61;9 rue des mines;M;0.0;0.0;670
5668;201300006253;13;3;6;1615;1;2;1;1.0;6;437;36 rue du Mar?chal Joffr;M;0.0;0.0;670
5669;201300006254;13;4;17;1800;1;1;1;1.0;1;437;;M;0.0;0.0;670
5670;201300006255;13;5;3;1630;1;1;1;2.0;1;478;;M;0.0;0.0;670
5671;201300006256;13;6;17;2045;1;1;1;1.0;7;89;;M;0.0;0.0;670
5672;201300006257;13;6;19;1345;1;1;1;1.0;5;78;;M;0.0;0.0;670
5673;201300006258;13;6;29;1000;1;1;1;1.0;6;275;;M;0.0;0.0;670
5674;201300006263;13;2;11;1045;1;1;1;4.0;3;488;;M;0.0;0.0;670
5675;201300006264;13;3;1;2000;3;1;1;1.0;6;456;;M;0.0;0.0;670
5676;201300006265;13;3;12;915;1;1;1;8.0;6;183;;M;4892300.0;703100.0;670
5677;201300006266;13;4;11;1815;1;1;1;2.0;6;434;;M;4881000.0;711200.0;670
5678;201300006268;13;5;12;1915;1;1;1;1.0;1;191;;M;4904700.0;708900.0;670
5679;201300006269;13;6;17;1615;1;2;1;7.0;3;95;rue paul Paray;M;0.0;0.0;670
5680;201300006270;13;7;21;115;5;2;1;1.0;7;483;82 rue principale;M;4889400.0;725600.0;670
5681;201300006271;13;9;21;2000;3;2;1;1.0;6;524;rue de neuwiller;M;0.0;0.0;670
5682;201300006273;13;11;25;700;2;1;1;1.0;6;234;;M;0.0;0.0;670
5683;201300006274;13;2;25;745;1;1;1;4.0;7;298;;M;0.0;0.0;670
5684;201300006275;13;3;5;2130;5;2;1;1.0;5;67;115 AVENUE DE STRASBOURG;M;4872900.0;770900.0;670
5685;201300006276;13;5;15;1200;1;2;1;1.0;3;67;9 RUE DE PFAFENHOFFEN;M;0.0;0.0;670
5686;201300006277;13;6;2;1030;1;2;1;1.0;6;67;RUE DE L ABATTOIR;M;0.0;0.0;670
5687;201300006279;13;7;16;1400;1;2;1;1.0;2;67;141 Avenue de Strasbourg;M;4873400.0;771300.0;670
5688;201300006280;13;8;11;1945;1;1;1;1.0;3;39;;M;4871000.0;766000.0;670
5689;201300006281;13;11;30;800;1;2;1;5.0;6;67;103 Avenue de Strasbourg;M;4872800.0;771000.0;670
5690;201300006282;13;3;7;730;1;1;9;1.0;6;548;;M;4864400.0;760800.0;670
5691;201300006283;13;3;28;1745;1;1;1;1.0;6;460;;M;4877100.0;759400.0;670
5692;201300006284;13;4;16;630;1;1;1;1.0;1;225;;M;4880800.0;753400.0;670
5693;201300006285;13;4;17;1415;1;1;1;1.0;6;548;;M;4863900.0;759400.0;670
5694;201300006286;13;5;13;745;1;1;1;1.0;6;363;;M;4859000.0;756200.0;670
5695;201300006287;13;8;5;1100;1;2;8;1.0;7;460;Rue de WALTENHEIM;M;0.0;0.0;670
5696;201300006288;13;8;13;1930;1;2;1;1.0;1;495;Rue de la Gare;M;0.0;0.0;670
5697;201300006289;13;9;7;2245;3;1;1;1.0;2;374;;M;4867100.0;763700.0;670
5698;201300006290;13;9;21;1400;1;1;1;1.0;6;375;;M;4865000.0;767800.0;670
5699;201300006291;13;12;19;830;1;1;1;8.0;6;382;;M;0.0;0.0;670
5700;201300006292;13;12;22;215;3;1;1;1.0;7;495;;M;0.0;0.0;670
5701;201300006293;13;4;1;2130;4;2;1;1.0;3;151;16 rue Nationale;M;4869300.0;787400.0;670
5702;201300006294;13;7;17;1445;1;1;1;1.0;1;205;;M;4868800.0;778000.0;670
5703;201300006295;13;7;25;1500;1;1;1;1.0;1;519;;M;4864600.0;778700.0;670
5704;201300006296;13;2;1;1415;1;1;1;2.0;1;65;;M;0.0;0.0;670
5705;201300006297;13;3;28;1145;1;1;1;1.0;1;226;;M;0.0;0.0;670
5706;201300006298;13;4;27;615;2;2;1;2.0;1;118;rue du canal;M;0.0;0.0;670
5707;201300006299;13;5;9;1800;1;1;1;1.0;2;226;;M;0.0;0.0;670
5708;201300006300;13;5;27;1030;1;2;1;1.0;3;1;rue du Holtzheim;M;0.0;0.0;670
5709;201300006301;13;6;29;1600;1;2;9;1.0;3;551;Rue du G?n?ral LECLERC;M;4859100.0;766700.0;670
5710;201300006302;13;8;12;915;1;2;1;1.0;6;226;16 Route de Parie;M;0.0;0.0;670
5711;201300006305;13;10;7;730;2;2;6;1.0;1;551;Route de Paris - D45;M;0.0;0.0;670
5712;201300006306;13;10;18;1200;1;1;1;1.0;5;118;;M;0.0;0.0;670
5713;201300006307;13;1;2;815;1;1;1;1.0;1;20;;M;0.0;0.0;670
5714;201300006308;13;2;15;745;2;1;1;4.0;6;115;;M;4831600.0;749500.0;670
5715;201300006309;13;2;25;830;1;1;1;8.0;1;239;;M;4828100.0;734900.0;670
5716;201300006310;13;5;12;1030;1;1;1;8.0;3;239;;M;4828600.0;736200.0;670
5717;201300006311;13;7;12;815;1;1;1;1.0;3;115;;M;4830200.0;749300.0;670
5718;201300006313;13;9;2;300;3;1;1;1.0;7;317;;M;4831700.0;735200.0;670
5719;201300006314;13;4;15;1900;1;1;1;1.0;6;21;;M;0.0;0.0;670
5720;201300006315;13;6;20;1945;1;1;2;1.0;3;481;;M;0.0;0.0;670
5721;201300006316;13;7;21;545;2;1;1;1.0;6;481;;M;4838700.0;752900.0;670
5722;201300006318;13;9;1;515;3;1;1;1.0;7;10;;M;4839700.0;740900.0;670
5723;201300006319;13;9;20;1330;1;1;1;1.0;1;84;;M;4831600.0;747200.0;670
5724;201300006320;13;1;17;1130;1;2;1;8.0;6;547;1 rue de Muttersholtz;M;0.0;0.0;670
5725;201300006322;13;2;28;2200;1;2;1;1.0;6;196;;M;0.0;0.0;670
5726;201300006323;13;8;3;1445;1;2;1;1.0;6;281;8 rue du Rhin;M;0.0;0.0;670
5727;201300006324;13;8;11;1;5;1;1;1.0;2;453;;M;0.0;0.0;670
5728;201300006325;13;9;16;1745;1;2;1;3.0;3;281;12 rue cl?menceau;M;0.0;0.0;670
5729;201300006326;13;10;22;1515;1;1;2;1.0;3;310;;M;0.0;0.0;670
5730;201300006327;13;12;1;1845;3;1;1;1.0;1;277;;M;0.0;0.0;670
5731;201300006328;13;12;10;1615;1;1;1;1.0;6;311;;M;0.0;0.0;670
5732;201300006329;13;3;5;1430;1;2;1;1.0;6;544;AVENUE DE LA GARE;M;0.0;0.0;670
5733;201300006330;13;3;25;1730;1;1;1;1.0;7;400;;M;4900000.0;795500.0;670
5734;201300006331;13;5;14;1300;1;2;1;1.0;1;451;Rue principale;M;4899700.0;802699.0;670
5735;201300006333;13;12;1;145;3;1;1;1.0;6;74;;M;0.0;0.0;670
5736;201300006334;13;2;3;1515;1;2;1;1.0;3;463;1 rue de Strasbourg;M;4890300.0;811100.0;670
5737;201300006335;13;3;12;1645;1;1;1;4.0;1;346;;M;0.0;0.0;670
5738;201300006336;13;10;25;815;1;1;1;1.0;1;494;;M;0.0;0.0;670
5739;201300006337;13;10;22;15;3;1;1;1.0;7;235;;M;0.0;0.0;670
5740;201300006338;13;10;26;1515;1;1;1;1.0;5;327;;M;0.0;0.0;670
5741;201300006340;13;1;2;715;2;1;2;1.0;3;474;;M;4894900.0;789400.0;670
5742;201300006341;13;1;12;1600;1;1;1;1.0;1;184;;M;4889300.0;798700.0;670
5743;201300006342;13;2;23;1845;2;1;1;1.0;1;487;;M;4890800.0;786100.0;670
5744;201300006343;13;7;1;1200;1;1;1;1.0;7;474;;M;4893700.0;788000.0;670
5745;201300006344;13;9;22;1545;1;1;1;1.0;3;213;;M;0.0;0.0;670
5746;201300006345;13;12;30;2345;3;1;1;5.0;6;184;;M;4891800.0;798300.0;670
5747;201300006346;13;5;18;1400;1;1;1;1.0;3;160;;M;4896400.0;775600.0;670
5748;201300006347;13;7;31;1700;1;1;1;1.0;3;257;;M;4895400.0;782700.0;670
5749;201300006348;13;1;25;1000;1;1;9;1.0;1;7;;M;4806032.0;742480.0;680
5750;201300006349;13;3;13;1515;1;2;1;1.0;1;145;A hauteur 86 Grand'Rue;M;4808005.0;739825.0;680
5751;201300006350;13;4;24;1515;1;1;1;1.0;6;9;;M;4810965.0;757025.0;680
5752;201300006351;13;5;10;1445;1;2;3;1.0;1;331;rue des acacias;M;4804597.0;741506.0;680
5753;201300006353;13;7;1;2145;2;2;2;1.0;1;146;RUE DE LATTRE DE TASSIGN;M;4812493.0;737828.0;680
5754;201300006354;13;7;2;1930;1;1;2;1.0;3;227;;M;4810808.0;748291.0;680
5755;201300006355;13;7;26;1045;1;1;1;1.0;5;331;;M;4804968.0;740435.0;680
5756;201300006356;13;12;23;1500;5;2;1;1.0;1;145;GRAND RUE;M;0.0;0.0;680
5757;201300006357;13;1;22;745;2;2;1;1.0;6;249;route de colmar;M;4812858.0;716734.0;680
5758;201300006358;13;6;7;2100;2;2;2;1.0;2;26;rue de jegun;M;4814166.0;733094.0;680
5759;201300006360;13;10;2;1600;1;1;6;7.0;3;310;;M;4813700.0;731900.0;680
5760;201300006361;13;12;11;1730;1;1;1;4.0;7;44;;M;0.0;0.0;680
5761;201300006362;13;1;20;2145;5;2;1;2.0;6;368;route Nationale;M;4804657.0;720852.0;680
5762;201300006363;13;3;23;2330;5;1;1;1.0;2;368;;M;4804615.0;720768.0;680
5763;201300006364;13;4;15;1630;1;2;1;1.0;1;368;rue de Walbach;M;4805304.0;720741.0;680
5764;201300006365;13;7;7;1345;1;1;3;1.0;3;329;;M;4806069.0;708641.0;680
5765;201300006367;13;9;28;2200;3;2;1;1.0;6;51;1, route de Munster;M;4802771.0;710151.0;680
5766;201300006368;13;9;28;1630;1;1;1;1.0;3;311;;M;4799189.0;706965.0;680
5767;201300006369;13;10;2;945;1;2;1;1.0;1;117;16 B rue de MUNSTER;M;0.0;0.0;680
5768;201300006370;13;11;12;815;1;1;1;1.0;3;117;;M;4804700.0;716900.0;680
5769;201300006371;13;12;4;1815;5;2;1;1.0;6;226;38 grand'rue;M;4804500.0;713600.0;680
5770;201300006372;13;1;30;800;1;1;1;8.0;1;379;;M;4803740.0;748200.0;680
5771;201300006373;13;2;8;1619;1;1;1;1.0;6;351;;M;4801012.0;758460.0;680
5772;201300006374;13;4;17;1945;1;2;4;1.0;1;36;RD12/RUE DES PECHEURS;M;4804033.0;754741.0;680
5773;201300006375;13;7;28;1800;1;2;4;8.0;3;230;RD468- Route thierhurst;M;4794198.0;754373.0;680
5774;201300006376;13;8;22;945;1;2;9;1.0;6;189;1 Rue de Dinsheim;M;4802001.0;740667.0;680
5775;201300006377;13;9;3;1415;1;1;1;1.0;6;69;;M;4796127.0;749528.0;680
5776;201300006378;13;10;16;1215;1;1;2;1.0;1;36;;M;4805600.0;755600.0;680
5777;201300006379;13;10;17;1600;1;2;1;7.0;6;231;route de B?le;M;4801700.0;753100.0;680
5778;201300006380;13;10;20;230;3;1;1;1.0;6;36;;M;4805600.0;753700.0;680
5779;201300006381;13;10;26;1700;1;2;1;1.0;3;130;rue du Rhin et 7 f?vrier;M;4797400.0;754700.0;680
5780;201300006382;13;11;8;1715;3;1;1;2.0;3;351;;M;4801300.0;758800.0;680
5781;201300006383;13;11;18;615;2;1;1;5.0;6;69;;M;4799700.0;750330.0;680
5782;201300006385;13;12;21;1230;1;1;1;1.0;1;36;;M;0.0;0.0;680
5783;201300006386;13;4;22;1830;1;1;3;1.0;3;296;;M;4821832.0;740084.0;680
5784;201300006387;13;5;19;1715;1;1;1;2.0;6;23;;M;4816780.0;734923.0;680
5785;201300006388;13;6;18;1630;1;1;1;7.0;1;269;;M;0.0;0.0;680
5786;201300006389;13;7;6;1700;1;1;1;1.0;7;269;;M;4819265.0;722524.0;680
5787;201300006390;13;7;20;1600;1;1;2;1.0;3;280;;M;4822552.0;736243.0;680
5788;201300006392;13;3;3;1545;1;1;1;1.0;1;298;;M;4824772.0;715739.0;680
5789;201300006394;13;4;21;2215;5;2;2;1.0;1;374;RD 83 rue de Colmar;M;4806840.0;730975.0;680
5790;201300006395;13;5;21;1200;1;2;6;1.0;3;155;RUE SCHUMANN 68040;M;4809403.0;730678.0;680
5791;201300006396;13;6;29;600;2;1;1;2.0;6;161;;M;4810972.0;229574.0;680
5792;201300006397;13;7;3;1545;1;1;1;2.0;6;155;;M;4809666.0;731385.0;680
5793;201300006398;13;8;30;1115;1;1;1;1.0;1;338;;M;4809233.0;723874.0;680
5794;201300006399;13;9;3;1815;1;2;1;7.0;3;338;route des trois épis;M;4808384.0;725846.0;680
5795;201300006400;13;10;15;1515;1;1;1;1.0;3;374;;M;4807855.0;731188.0;680
5796;201300006401;13;12;3;2230;3;1;1;5.0;1;155;;M;0.0;0.0;680
5797;201300006402;13;7;11;600;2;1;1;1.0;6;133;;M;4756948.0;729252.0;680
5798;201300006403;13;8;10;1415;1;1;1;1.0;3;333;;M;4761767.0;731105.0;680
5799;201300006404;13;9;21;1845;1;2;2;1.0;5;222;D463;M;0.0;0.0;680
5800;201300006405;13;10;31;2315;5;2;1;1.0;6;10;route de Thann;M;4763773.0;723359.0;680
5801;201300006406;13;12;16;1415;1;1;1;1.0;1;17;;M;0.0;0.0;680
5802;201300006407;13;1;27;300;5;2;1;1.0;6;332;;M;4765381.0;726535.0;680
5803;201300006408;13;2;3;15;3;2;1;1.0;1;99;77 RUE PRINCIPALE;M;4769258.0;727367.0;680
5804;201300006410;13;5;18;1845;1;1;1;1.0;7;65;;M;4764408.0;703669.0;680
5805;201300006412;13;10;26;1900;3;1;1;1.0;3;245;;M;4764200.0;730500.0;680
5806;201300006414;13;5;8;1345;1;1;1;1.0;7;49;;M;4750566.0;733226.0;680
5807;201300006415;13;5;18;1500;1;1;1;1.0;7;165;;M;4744071.0;732732.0;680
5808;201300006416;13;5;20;2100;3;1;1;1.0;7;330;;M;4757948.0;712975.0;680
5809;201300006417;13;6;19;945;1;2;1;1.0;2;306;5, rue de BALE;M;4753441.0;718034.0;680
5810;201300006418;13;6;22;200;3;1;1;1.0;7;340;;M;4754508.0;715103.0;680
5811;201300006419;13;6;30;1700;1;1;1;1.0;6;259;;M;4747118.0;734474.0;680
5812;201300006420;13;7;28;130;5;2;1;8.0;6;176;rue de Seppois;M;4755854.0;718670.0;680
5813;201300006422;13;2;9;1915;5;2;1;4.0;6;82;faubourg de Belfort;M;4786300.0;734100.0;680
5814;201300006423;13;3;2;600;3;1;1;1.0;6;82;;M;4787500.0;737200.0;680
5815;201300006424;13;4;5;845;1;1;1;1.0;1;235;;M;0.0;0.0;680
5816;201300006425;13;6;9;1800;1;1;1;1.0;6;82;;M;4784923.0;732347.0;680
5817;201300006426;13;6;16;1730;1;1;2;1.0;3;281;;M;4788861.0;744810.0;680
5818;201300006427;13;6;20;1445;1;1;1;1.0;1;281;;M;4788820.0;745810.0;680
5819;201300006428;13;6;28;1215;1;1;1;1.0;1;205;;M;4791345.0;735974.0;680
5820;201300006429;13;8;17;1345;1;1;1;1.0;7;41;;M;4788800.0;754700.0;680
5821;201300006430;13;8;20;1145;1;1;1;1.0;1;205;;M;4792247.0;735666.0;680
5822;201300006431;13;8;23;1600;1;1;1;1.0;3;82;;M;4786825.0;733615.0;680
5823;201300006432;13;9;19;1530;1;1;1;1.0;3;82;;M;4787663.0;738651.0;680
5824;201300006433;13;9;29;1430;1;1;1;1.0;3;91;;M;0.0;0.0;680
5825;201300006435;13;1;14;1730;5;1;1;1.0;4;364;;M;4795437.0;725557.0;680
5826;201300006436;13;9;28;1200;1;2;1;1.0;1;251;Place du Waldacker;M;4799400.0;721400.0;680
5827;201300006437;13;12;9;1945;3;1;1;9.0;7;318;;M;4796165.0;721277.0;680
5828;201300006438;13;12;22;1000;1;1;1;8.0;6;318;;M;0.0;0.0;680
5829;201300006439;13;3;15;815;1;1;1;1.0;1;318;;M;4795745.0;719967.0;680
5830;201300006440;13;6;8;2015;1;1;1;1.0;1;203;;M;4791100.0;730200.0;680
5831;201300006441;13;6;27;245;3;1;1;1.0;6;381;;M;4787400.0;718500.0;680
5832;201300006442;13;6;30;1400;1;1;1;1.0;7;203;;M;4790727.0;729947.0;680
5833;201300006443;13;3;15;1830;1;2;1;1.0;7;154;rue de la hardt;M;0.0;0.0;680
5834;201300006444;13;2;10;1515;1;2;1;1.0;1;267;rue de mulhouse;M;4775600.0;723800.0;680
5835;201300006445;13;3;22;1200;1;2;1;1.0;2;384;69 faubourg de MULHOUSE;M;4769548.0;730373.0;680