;Num_Acc;an;mois;jour;hrmn;lum;agg;int;atm;col;com;adr;gps;lat;long;dep
5836;201300006446;13;6;12;1430;1;2;2;1.0;3;195;;M;4776299.0;727947.0;680
5837;201300006447;13;8;30;930;1;1;1;1.0;2;267;;M;4777400.0;724400.0;680
5838;201300006448;13;10;11;1530;1;2;1;1.0;2;195;rue du Gal de Gaulle;M;4776300.0;728300.0;680
5839;201300006449;13;12;20;45;5;2;1;3.0;1;70;rue de Hochstatt;M;4772400.0;730000.0;680
5840;201300006450;13;1;10;1330;1;2;3;1.0;3;135;RD419 / RUE DES TULIPES;M;0.0;0.0;680
5841;201300006451;13;5;2;1800;1;1;1;1.0;3;208;;M;0.0;0.0;680
5842;201300006452;13;5;11;1730;1;1;1;1.0;7;135;;M;0.0;0.0;680
5843;201300006453;13;6;9;1230;1;1;1;7.0;1;135;;M;4758143.0;753497.0;680
5844;201300006454;13;8;13;200;3;1;1;1.0;6;349;;M;0.0;0.0;680
5845;201300006455;13;8;25;2100;5;2;1;1.0;6;126;82 RUE DE BOURGFELDEN;M;0.0;0.0;680
5846;201300006456;13;2;10;15;5;2;2;1.0;3;324;rue principale;M;4765704.0;734553.0;680
5847;201300006457;13;3;6;1215;1;1;1;1.0;4;72;;M;4769725.0;742251.0;680
5848;201300006458;13;6;10;130;5;2;1;3.0;6;309;21 rue Rogg Haas;M;0.0;0.0;680
5849;201300006459;13;10;30;2045;3;1;1;1.0;2;21;;M;4762961.0;748891.0;680
5850;201300006460;13;11;9;915;1;1;1;1.0;4;103;;M;4770301.0;742297.0;680
5851;201300006461;13;9;25;800;2;1;1;1.0;3;334;;M;0.0;0.0;680
5852;201300006462;13;12;20;715;2;2;1;2.0;6;40;rue du Rhin;M;0.0;0.0;680
5853;201300006463;13;1;27;800;1;2;1;1.0;6;342;ESPERANCE (RUE DE L) 28;M;4782124.0;717814.0;680
5854;201300006464;13;3;10;2115;3;1;1;1.0;1;63;;M;4780239.0;719017.0;680
5855;201300006465;13;6;7;1730;1;2;1;1.0;6;63;rue risler 68700 Cernay;M;4780657.0;717407.0;680
5856;201300006466;13;6;9;1500;1;2;3;1.0;3;342;rue de Soultz;M;4781737.0;717910.0;680
5857;201300006467;13;7;2;800;1;2;1;1.0;6;63;rue georges risler;M;4880778.0;717209.0;680
5858;201300006469;13;8;8;830;1;2;1;1.0;1;63;rue Riesler;M;4780878.0;717221.0;680
5859;201300006470;13;8;11;1530;1;1;1;7.0;1;342;;M;4781680.0;719252.0;680
5860;201300006471;13;10;24;900;1;2;1;1.0;6;63;RUE GEORGES RISLER;M;4780650.0;717408.0;680
5861;201300006474;13;6;21;1445;1;2;1;1.0;1;60;pont d'aspach - RD26;M;4773976.0;714641.0;680
5862;201300006475;13;7;5;1530;1;2;1;1.0;3;307;rue principale;M;4780774.0;691549.0;680
5863;201300006476;13;9;27;1815;1;1;1;1.0;6;73;;M;4781200.0;691900.0;680
5864;201300006477;13;10;29;1300;1;1;1;1.0;5;313;;M;4772400.0;710900.0;680
5865;201300006478;13;11;21;815;1;1;1;4.0;6;302;;M;4775500.0;715400.0;680
5866;201300006479;13;1;21;2000;3;1;1;1.0;1;617;N44;M;0.0;0.0;510
5867;201300006480;13;3;3;1215;1;1;2;1.0;3;193;D3/D79;M;0.0;0.0;510
5868;201300006481;13;5;19;1200;1;1;1;2.0;6;566;D933;M;0.0;0.0;510
5869;201300006482;13;5;25;1315;1;1;1;1.0;6;146;D5;M;0.0;0.0;510
5870;201300006483;13;6;8;1840;1;2;1;1.0;6;179;D1;M;0.0;0.0;510
5871;201300006484;13;6;20;1700;1;1;1;8.0;7;371;D54;M;0.0;0.0;510
5872;201300006486;13;7;30;2345;3;1;1;1.0;6;278;D944;M;0.0;0.0;510
5873;201300006487;13;8;9;2345;5;1;2;1.0;3;617;N44/bretelle;M;0.0;0.0;510
5874;201300006488;13;9;1;1515;1;1;2;1.0;3;436;RD54;M;0.0;0.0;510
5875;201300006489;13;10;17;1630;1;1;1;1.0;7;436;D54;M;0.0;0.0;510
5876;201300006490;13;10;25;645;3;1;1;1.0;5;409;D977;M;0.0;0.0;510
5877;201300006491;13;10;24;1645;1;2;1;1.0;3;617;RUELLE AUX CHEVAUX;M;0.0;0.0;510
5878;201300006492;13;11;26;830;1;1;1;7.0;1;303;D3;M;0.0;0.0;510
5879;201300006493;13;2;20;1415;1;1;1;1.0;3;476;D208;M;0.0;0.0;510
5880;201300006494;13;3;21;830;1;2;2;1.0;1;559;RUES ST CLOUD/BAYARD;M;0.0;0.0;510
5881;201300006495;13;8;30;1615;1;2;3;1.0;3;389;D8/RUE DU GUE;M;0.0;0.0;510
5882;201300006496;13;11;23;1645;1;1;1;1.0;6;546;D931;M;0.0;0.0;510
5883;201300006497;13;5;13;815;1;1;1;1.0;1;154;D5;M;0.0;0.0;510
5884;201300006498;13;6;3;1145;1;1;1;1.0;1;367;D9;M;0.0;0.0;510
5885;201300006499;13;7;3;1845;1;2;1;8.0;6;413;RUE DU MARECHAL LECLERC;M;0.0;0.0;510
5886;201300006500;13;10;5;1445;1;2;1;2.0;3;612;10 rue de la clayette;M;0.0;0.0;510
5887;201300006501;13;11;10;1645;2;1;1;1.0;2;611;D18;M;0.0;0.0;510
5888;201300006502;13;3;26;1015;1;1;1;1.0;6;136;D23;M;0.0;0.0;510
5889;201300006504;13;7;20;1630;1;2;1;1.0;6;136;RUE DU COTEAU;M;0.0;0.0;510
5890;201300006505;13;8;19;330;3;1;1;2.0;6;217;D3;M;0.0;0.0;510
5891;201300006506;13;10;1;1900;1;1;1;1.0;6;48;D324;M;0.0;0.0;510
5892;201300006507;13;10;10;1145;1;1;3;1.0;3;136;D24/VC;M;0.0;0.0;510
5893;201300006508;13;11;30;1215;1;1;2;1.0;3;136;D24/VC;M;0.0;0.0;510
5894;201300006509;13;12;15;345;5;2;1;1.0;6;609;10 RUE DU BOIS-LECOMTE;M;0.0;0.0;510
5895;201300006510;13;4;16;915;1;1;1;1.0;3;167;N4;M;0.0;0.0;510
5896;201300006512;13;5;31;2315;3;1;1;1.0;1;248;PISTE CYCLABLE N4;M;0.0;0.0;510
5897;201300006513;13;6;1;1000;1;1;1;1.0;1;165;D305A;M;0.0;0.0;510
5898;201300006514;13;6;21;1800;1;1;1;1.0;7;167;D4;M;0.0;0.0;510
5899;201300006515;13;7;3;1100;1;1;1;2.0;1;555;N4;M;0.0;0.0;510
5900;201300006516;13;7;13;1845;1;2;1;1.0;6;164;N4;M;0.0;0.0;510
5901;201300006517;13;9;8;2045;5;2;1;1.0;6;243;D9;M;0.0;0.0;510
5902;201300006518;13;9;10;10;5;2;1;2.0;5;167;N4;M;0.0;0.0;510
5903;201300006519;13;3;16;1415;1;1;1;1.0;7;460;D41;M;0.0;0.0;510
5904;201300006520;13;5;25;600;2;1;1;2.0;6;238;D18;M;0.0;0.0;510
5905;201300006521;13;5;26;1215;1;2;2;1.0;2;596;D933;M;0.0;0.0;510
5906;201300006522;13;8;5;100;4;2;9;1.0;6;380;VOIE PIETONNE;M;0.0;0.0;510
5907;201300006523;13;9;4;1845;1;1;2;7.0;3;596;D11/VC;M;0.0;0.0;510
5908;201300006525;13;12;24;1700;2;1;1;6.0;6;42;D951;M;0.0;0.0;510
5909;201300006526;13;1;8;1630;2;1;2;2.0;3;313;D951/VC;M;0.0;0.0;510
5910;201300006527;13;2;2;1630;1;1;2;1.0;3;237;N4/D86;M;0.0;0.0;510
5911;201300006528;13;2;11;900;1;1;2;2.0;3;313;D951/VC;M;0.0;0.0;510
5912;201300006529;13;2;10;2300;3;1;1;4.0;1;323;N4;M;0.0;0.0;510
5913;201300006530;13;5;4;2345;5;2;1;1.0;6;162;AVE DU MARECHAL LECLERC;M;0.0;0.0;510
5914;201300006531;13;5;18;1500;1;1;2;1.0;3;237;N4/VC;M;0.0;0.0;510
5915;201300006532;13;6;23;2000;1;1;1;2.0;6;443;D48;M;0.0;0.0;510
5916;201300006533;13;9;4;1530;1;2;3;1.0;3;155;D352/VC;M;0.0;0.0;510
5917;201300006534;13;11;2;1515;1;1;2;1.0;3;374;D45/D439;M;0.0;0.0;510
5918;201300006535;13;11;4;525;3;1;1;6.0;6;233;D48;M;0.0;0.0;510
5919;201300006536;13;11;26;730;2;1;1;1.0;3;542;D951;M;0.0;0.0;510
5920;201300006537;13;12;26;1115;1;1;1;1.0;4;324;N4;M;0.0;0.0;510
5921;201300006538;13;4;21;2000;1;2;2;1.0;3;250;D386/RUE DES CHAILLAUX;M;0.0;0.0;510
5922;201300006539;13;4;19;1600;1;1;1;1.0;2;250;D967;M;0.0;0.0;510
5923;201300006540;13;11;28;1800;3;1;1;2.0;1;308;N31;M;0.0;0.0;510
5924;201300006541;13;12;16;1100;1;1;1;1.0;5;86;N31;M;0.0;0.0;510
5925;201300006542;13;2;24;1845;3;1;1;4.0;7;111;D980;M;0.0;0.0;510
5926;201300006543;13;3;18;1845;2;1;1;1.0;6;569;N31;M;0.0;0.0;510
5927;201300006544;13;3;30;1300;1;1;1;1.0;1;391;N31;M;0.0;0.0;510
5928;201300006545;13;7;4;715;1;1;1;1.0;2;171;D944;M;0.0;0.0;510
5929;201300006546;13;7;23;1145;1;1;1;7.0;2;282;D27;M;0.0;0.0;510
5930;201300006547;13;9;6;615;3;1;1;1.0;2;569;D27;M;0.0;0.0;510
5931;201300006549;13;9;16;645;2;1;1;2.0;1;391;N31;M;0.0;0.0;510
5932;201300006550;13;10;8;730;5;2;1;1.0;1;391;ROUTE DE TRIGNY;M;0.0;0.0;510
5933;201300006551;13;11;17;2045;1;1;1;2.0;6;109;D75;M;0.0;0.0;510
5934;201300006552;13;12;19;1715;3;1;1;9.0;1;391;N31;M;0.0;0.0;510
5935;201300006553;13;2;15;1745;5;2;2;1.0;1;210;D1/D386;M;0.0;0.0;510
5936;201300006554;13;7;1;1430;1;1;1;7.0;3;153;D40A;M;0.0;0.0;510
5937;201300006555;13;8;8;545;2;1;1;1.0;7;287;D1;M;0.0;0.0;510
5938;201300006556;13;10;21;1900;2;2;1;1.0;1;28;RUE GAMBETTA;M;0.0;0.0;510
5939;201300006557;13;1;12;1100;1;2;1;1.0;6;649;RUE SAINT ABDON;M;0.0;0.0;510
5940;201300006558;13;1;15;2245;3;1;1;4.0;6;557;N44;M;0.0;0.0;510
5941;201300006559;13;2;8;815;1;1;1;9.0;6;195;D760;M;0.0;0.0;510
5942;201300006560;13;2;8;2330;3;1;3;1.0;6;262;D14;M;0.0;0.0;510
5943;201300006561;13;3;19;1315;1;2;1;2.0;2;649;3 RUE DE L'ARQUEBUSE;M;0.0;0.0;510
5944;201300006562;13;3;28;1015;1;1;1;1.0;1;195;N44;M;0.0;0.0;510
5945;201300006563;13;3;30;1215;1;2;9;1.0;6;649;D982;M;0.0;0.0;510
5946;201300006564;13;4;13;200;5;2;1;2.0;6;328;102 RUE DE CHOISET;M;0.0;0.0;510
5947;201300006565;13;4;13;2330;5;2;2;1.0;3;649;RUES ST CHARLES/PASCAL;M;0.0;0.0;510
5948;201300006566;13;6;6;1630;1;2;1;1.0;1;649;D982E1;M;0.0;0.0;510
5949;201300006569;13;10;4;1530;1;1;1;1.0;7;141;N44;M;0.0;0.0;510
5950;201300006571;13;11;2;1100;1;1;1;2.0;7;510;D69;M;0.0;0.0;510
5951;201300006572;13;11;15;1215;1;1;2;1.0;3;649;AVE DU 106/ARQUEBUSE;M;0.0;0.0;510
5952;201300006573;13;11;21;1700;2;1;2;8.0;5;557;N44/D402;M;0.0;0.0;510
5953;201300006574;13;12;11;920;1;2;3;9.0;7;649;RUE J. JAURES/FAIENCERIE;M;0.0;0.0;510
5954;201300006575;13;12;29;1745;3;1;1;1.0;2;433;D995;M;0.0;0.0;510
5955;201300006576;13;2;3;1915;3;1;1;3.0;6;289;D81;M;0.0;0.0;510
5956;201300006577;13;6;8;1845;1;1;1;1.0;1;17;D396;M;0.0;0.0;510
5957;201300006578;13;6;20;615;2;1;1;3.0;6;567;N4;M;0.0;0.0;510
5958;201300006579;13;8;25;530;4;2;3;1.0;6;240;D995;M;0.0;0.0;510
5959;201300006580;13;9;7;1330;1;1;1;2.0;6;590;D61;M;0.0;0.0;510
5960;201300006582;13;12;5;45;3;1;1;2.0;7;417;N4;M;0.0;0.0;510
5961;201300006583;13;12;11;745;2;1;1;9.0;7;60;D995;M;0.0;0.0;510
5962;201300006584;13;10;13;230;3;1;1;2.0;6;358;D61;;;;510
5963;201300006585;13;2;28;2330;3;1;1;1.0;6;138;D63;M;0.0;0.0;510
5964;201300006586;13;6;11;445;2;1;1;1.0;6;500;D994;M;0.0;0.0;510
5965;201300006587;13;7;6;1445;1;1;1;1.0;6;3;;M;4980020.0;478330.0;80
5966;201300006588;13;12;25;2215;5;2;1;8.0;6;209;15 grande rue;M;4967900.0;482900.0;80
5967;201300006589;13;2;19;2045;5;2;1;1.0;6;448;9 chemin des longs champ;M;0.0;0.0;80
5968;201300006590;13;3;3;1545;1;1;3;7.0;2;302;;M;4987540.0;474291.0;80
5969;201300006591;13;8;21;1745;1;2;1;1.0;3;81;LA VINAIGRERIE;M;4986990.0;474213.0;80
5970;201300006593;13;10;6;1700;1;2;1;1.0;6;328;RUE DE LORRAINE;;;;80
5971;201300006594;13;5;13;800;1;1;1;8.0;2;58;;M;4976500.0;463100.0;80
5972;201300006595;13;5;24;1700;1;1;1;1.0;7;389;;M;4975830.0;456350.0;80
5973;201300006596;13;7;2;1300;1;1;1;1.0;1;284;;M;4988200.0;463400.0;80
5974;201300006597;13;7;26;2100;2;1;1;1.0;7;468;;M;4978400.0;446300.0;80
5975;201300006598;13;8;21;1845;1;1;1;1.0;3;125;;M;4982900.0;460000.0;80
5976;201300006599;13;10;6;715;2;2;1;1.0;6;370;170 RUE DE L'ENCLOS;M;4984510.0;437578.0;80
5977;201300006600;13;10;7;2345;3;1;1;1.0;6;361;;M;4985440.0;462142.0;80
5978;201300006601;13;10;22;915;1;1;1;1.0;1;450;;M;4977300.0;461100.0;80
5979;201300006602;13;4;10;1715;1;2;1;1.0;1;363;rue FERRER;M;0.0;0.0;80
5980;201300006603;13;7;16;1000;1;2;1;1.0;6;185;RUE DES EVIGNES;M;4999600.0;469700.0;80
5981;201300006604;13;9;9;2100;4;2;1;3.0;6;185;rue des Evignes;M;4999200.0;469200.0;80
5982;201300006605;13;12;10;1215;1;2;1;1.0;2;363;339 AVENUE D'ORZY;M;4993220.0;464926.0;80
5983;201300006606;13;4;1;1445;1;1;6;1.0;7;207;;M;0.0;0.0;80
5984;201300006607;13;6;2;1945;1;1;1;1.0;2;226;;M;0.0;0.0;80
5985;201300006608;13;7;13;1745;1;2;1;1.0;1;190;rue DE TIVOLI;M;0.0;0.0;80
5986;201300006609;13;7;19;1515;1;2;1;1.0;7;190;all?e des bergeronnette;M;0.0;0.0;80
5987;201300006610;13;1;4;930;1;1;1;2.0;6;367;;M;;;80
5988;201300006611;13;6;21;1630;1;2;1;2.0;6;37;rue des buttes;M;0.0;0.0;80
5989;201300006612;13;6;22;830;1;1;1;1.0;3;367;;M;0.0;0.0;80
5990;201300006613;13;10;20;1345;1;1;1;8.0;1;78;;M;0.0;0.0;80
5991;201300006614;13;3;2;2030;3;1;1;1.0;1;67;;M;4962000.0;521200.0;80
5992;201300006615;13;3;11;1945;3;1;1;8.0;6;34;;M;4960470.0;505526.0;80
5993;201300006616;13;3;25;200;5;2;1;1.0;3;375;RD 8043;M;0.0;0.0;80
5994;201300006617;13;4;21;1715;1;2;1;1.0;3;9;RUE DE LA PIERIE;M;4962790.0;505680.0;80
5995;201300006618;13;9;30;715;2;2;2;1.0;3;53;RD 129;M;4967540.0;497852.0;80
5996;201300006619;13;12;23;800;5;2;1;2.0;6;90;RUE HABLOT;M;4963150.0;516678.0;80
5997;201300006620;13;5;20;1430;1;1;2;1.0;3;142;;M;0.0;0.0;80
5998;201300006621;13;5;25;1830;1;2;1;1.0;6;142;RUE DE L'ATELIER;M;4970150.0;487209.0;80
5999;201300006622;13;6;9;600;1;1;1;1.0;7;211;;M;4962840.0;496534.0;80
6000;201300006623;13;7;3;1215;1;2;2;1.0;3;488;Rue rene Gouverneur;M;4973410.0;482790.0;80
6001;201300006624;13;8;7;1145;1;1;1;2.0;1;391;;M;4974200.0;493700.0;80
6002;201300006625;13;8;29;1445;1;2;1;1.0;6;491;LIEU DIT LA MAL CAMPEE;;;;80
6003;201300006626;13;9;22;1500;1;1;1;1.0;1;115;;M;4959860.0;484274.0;80
6004;201300006627;13;12;9;745;2;2;1;1.0;6;357;;M;4966870.0;495501.0;80
6005;201300006628;13;9;26;845;1;1;1;5.0;1;151;;M;4953700.0;461100.0;80
6006;201300006629;13;2;25;430;3;1;1;4.0;7;33;;M;4945600.0;488000.0;80
6007;201300006630;13;1;19;1930;5;2;1;1.0;6;362;4 AVENUE GAMBETTA;M;4950720.0;436410.0;80
6008;201300006631;13;3;22;1600;1;1;1;1.0;1;48;;M;4951700.0;434900.0;80
6009;201300006632;13;3;30;1200;1;1;1;1.0;1;452;;M;4949600.0;442600.0;80
6010;201300006633;13;6;3;1015;1;2;1;7.0;6;362;rue Colbert /r?publique;M;4951300.0;436700.0;80
6011;201300006634;13;10;13;1145;1;1;1;1.0;7;1;;M;4950670.0;438192.0;80
6012;201300006635;13;10;31;1545;1;2;2;1.0;3;8;BLD CALMETTE;M;4951920.0;449259.0;80
6013;201300006636;13;2;18;645;3;1;9;5.0;6;107;;M;4952250.0;424512.0;80
6014;201300006637;13;3;15;1745;1;1;1;1.0;7;473;;M;0.0;0.0;80
6015;201300006638;13;4;9;745;1;1;1;3.0;6;239;;M;0.0;0.0;80
6016;201300006639;13;4;29;1915;1;1;1;1.0;6;66;;M;4939950.0;441316.0;80
6017;201300006640;13;4;9;1600;1;1;1;1.0;7;124;;M;0.0;0.0;80
6018;201300006641;13;7;17;2330;3;2;1;1.0;7;402;Rue relais de la poste;M;0.0;0.0;80
6019;201300006642;13;3;14;730;2;1;1;1.0;5;4;;M;0.0;0.0;100
6020;201300006643;13;4;19;1445;1;1;1;1.0;6;299;;M;0.0;0.0;100
6021;201300006644;13;6;14;1345;1;1;1;1.0;6;269;;M;0.0;0.0;100
6022;201300006645;13;3;3;1415;1;1;1;1.0;7;51;;M;0.0;0.0;100
6023;201300006646;13;3;23;1400;1;2;1;8.0;1;251;jonction rue basse coudr;M;0.0;0.0;100
6024;201300006647;13;5;17;1630;1;2;1;8.0;3;98;04 route d'Etourvy;M;0.0;0.0;100
6025;201300006648;13;5;20;500;3;1;1;3.0;6;312;;M;0.0;0.0;100
6026;201300006649;13;6;6;1630;1;1;1;3.0;7;51;;M;0.0;0.0;100
6027;201300006650;13;6;23;1915;1;1;1;1.0;6;202;;M;0.0;0.0;100
6028;201300006651;13;7;1;945;1;1;1;1.0;3;359;;M;4813993.0;400254.0;100
6029;201300006653;13;3;3;2230;3;1;6;1.0;6;282;;M;0.0;0.0;100
6030;201300006654;13;5;10;1745;1;1;1;1.0;1;349;;M;0.0;0.0;100
6031;201300006655;13;6;25;1630;1;2;6;1.0;3;115;RD960;M;0.0;0.0;100
6032;201300006656;13;8;1;1730;1;1;1;1.0;5;352;;M;0.0;0.0;100
6033;201300006657;13;8;19;845;1;1;1;2.0;5;282;;M;0.0;0.0;100
6034;201300006658;13;9;24;815;1;1;1;1.0;1;409;;M;0.0;0.0;100
6035;201300006659;13;12;20;1200;1;1;1;1.0;6;115;;M;0.0;0.0;100
6036;201300006660;13;5;5;1300;1;1;1;1.0;6;142;;M;0.0;0.0;100
6037;201300006662;13;1;3;1815;3;1;1;2.0;7;100;;M;0.0;0.0;100
6038;201300006663;13;6;13;2100;1;1;1;7.0;1;375;;M;4828200.0;419800.0;100
6039;201300006664;13;8;10;1845;1;2;1;1.0;6;287;8 pl anciens combattants;M;4835852.0;433448.0;100
6040;201300006665;13;8;14;2115;2;2;1;1.0;6;129;10 rue fontaine des cham;M;4831938.0;425167.0;100
6041;201300006666;13;8;17;1830;1;1;1;1.0;7;209;;M;0.0;0.0;100
6042;201300006667;13;10;23;1730;1;2;1;1.0;1;238;Rue du lac;M;4826000.0;434200.0;100
6043;201300006668;13;10;30;1500;1;1;1;1.0;5;255;;M;4822300.0;427000.0;100
6044;201300006669;13;12;20;1930;3;1;1;1.0;5;209;;M;0.0;0.0;100
6045;201300006670;13;8;16;1845;1;1;1;1.0;7;33;;M;0.0;0.0;100
6046;201300006671;13;3;5;1700;1;1;1;1.0;1;326;;M;4845400.0;449300.0;100
6047;201300006672;13;3;8;1645;1;1;1;2.0;6;64;;M;4838400.0;455600.0;100
6048;201300006673;13;7;23;2145;2;1;1;1.0;6;428;;M;0.0;0.0;100
6049;201300006674;13;9;5;1300;1;1;1;1.0;7;63;;M;4838700.0;454600.0;100
6050;201300006675;13;10;7;845;1;1;3;5.0;3;345;;M;4842138.0;447747.0;100
6051;201300006676;13;2;15;815;1;1;1;5.0;1;213;;M;4817900.0;443200.0;100
6052;201300006677;13;5;5;1815;1;1;1;1.0;2;399;;M;0.0;0.0;100
6053;201300006678;13;5;5;1730;1;1;1;1.0;1;317;;M;0.0;0.0;100
6054;201300006679;13;6;11;1600;1;1;1;1.0;1;358;;M;0.0;0.0;100
6055;201300006680;13;6;21;2030;1;1;2;1.0;1;71;;M;0.0;0.0;100
6056;201300006681;13;7;11;2000;1;1;1;1.0;7;34;;M;0.0;0.0;100
6057;201300006682;13;9;1;615;2;1;1;1.0;2;358;;M;0.0;0.0;100
6058;201300006684;13;9;27;1445;1;1;1;1.0;1;29;;M;0.0;0.0;100
6059;201300006685;13;9;27;1415;1;1;1;1.0;1;317;;M;0.0;0.0;100
6060;201300006686;13;10;2;1745;1;1;1;1.0;7;433;;M;0.0;0.0;100
6061;201300006687;13;12;16;1200;1;1;2;1.0;3;295;;M;4807800.0;438900.0;100
6062;201300006688;13;7;9;1430;1;1;1;1.0;7;181;;M;0.0;0.0;100
6063;201300006689;13;1;10;1845;3;1;1;2.0;5;268;;M;0.0;0.0;100
6064;201300006690;13;2;8;1715;1;1;1;1.0;1;268;;M;4849200.0;351600.0;100
6065;201300006691;13;2;24;900;3;1;1;4.0;7;54;;M;0.0;0.0;100
6066;201300006692;13;3;18;2200;3;1;1;1.0;7;20;;M;4844900.0;355600.0;100
6067;201300006693;13;4;15;630;2;1;1;1.0;2;355;;M;0.0;0.0;100
6068;201300006694;13;6;30;2145;5;2;1;1.0;6;367;20 Rue Pave;M;4854440.0;350048.0;100
6069;201300006695;13;9;3;1745;1;1;1;1.0;7;153;;M;0.0;0.0;100
6070;201300006696;13;10;24;1645;1;1;1;1.0;5;259;;M;0.0;0.0;100
6071;201300006697;13;11;27;1715;2;1;1;1.0;7;355;;M;0.0;0.0;100
6072;201300006698;13;12;21;2310;3;1;1;3.0;1;225;;M;4850700.0;355600.0;100
6073;201300006700;13;5;8;1630;1;1;1;2.0;6;297;;M;4806029.0;518075.0;520
6074;201300006701;13;6;1;1315;1;1;1;1.0;3;514;;M;4806853.0;517841.0;520
6075;201300006702;13;7;5;1315;1;1;1;1.0;7;17;;M;4795598.0;500198.0;520
6076;201300006703;13;7;22;1230;1;1;1;1.0;6;297;;M;4805471.0;517849.0;520
6077;201300006704;13;8;1;1430;1;1;1;1.0;3;82;;M;4793512.0;509851.0;520
6078;201300006705;13;8;8;1700;1;1;1;1.0;1;422;;M;4802906.0;504793.0;520
6079;201300006706;13;9;22;1815;1;2;1;1.0;3;72;D200;M;4816102.0;513826.0;520
6080;201300006707;13;10;6;2015;3;1;1;9.0;7;22;;M;4792133.0;495927.0;520
6081;201300006708;13;10;22;1415;1;1;1;1.0;3;272;;M;4801916.0;478324.0;520
6082;201300006709;13;12;20;2045;3;1;1;1.0;6;494;;M;4813524.0;523544.0;520
6083;201300006710;13;2;6;915;1;1;1;4.0;1;313;;M;4819099.0;525166.0;520
6084;201300006711;13;6;7;2200;3;1;1;1.0;7;444;;M;4827022.0;541956.0;520
6085;201300006712;13;8;3;1815;1;2;2;1.0;1;95;Grande rue;M;4824228.0;547605.0;520
6086;201300006713;13;11;12;1800;3;1;1;1.0;6;289;;M;4829854.0;553770.0;520
6087;201300006714;13;6;7;2045;1;1;1;1.0;7;50;;M;4811278.0;526682.0;520
6088;201300006715;13;7;29;2100;1;1;1;1.0;7;50;;M;4810819.0;530292.0;520
6089;201300006716;13;8;9;2030;1;1;1;8.0;1;353;;M;4801116.0;532963.0;520
6090;201300006717;13;9;12;1615;1;2;1;1.0;6;139;Route de Damblain - CD23;M;4806983.0;562708.0;520
6091;201300006718;13;9;21;1700;1;1;3;1.0;5;401;;M;4803864.0;523379.0;520
6092;201300006719;13;10;1;1445;1;1;1;1.0;1;248;;M;4803560.0;541667.0;520
6093;201300006720;13;11;30;1130;1;1;1;8.0;6;127;;M;4806865.0;559180.0;520
6094;201300006721;13;7;13;1530;1;2;1;1.0;1;140;;M;4822177.0;489586.0;520
6095;201300006722;13;9;15;2030;3;1;1;9.0;6;140;;M;4819517.0;486121.0;520
6096;201300006723;13;9;29;1145;1;1;1;1.0;6;140;voir sens ? et pas RD22;M;4826651.0;493761.0;520
6097;201300006725;13;11;3;1630;1;1;1;1.0;7;524;;M;4829129.0;512281.0;520
6098;201300006726;13;1;15;1245;1;2;6;2.0;1;269;avenue de l'Europe;M;4787022.0;534034.0;520
6099;201300006727;13;3;8;1045;1;2;1;1.0;6;269;6 rue Minot;M;4786008.0;533288.0;520
6100;201300006728;13;3;20;1415;1;1;1;1.0;2;269;Mis permis valide  2Co;M;4785746.0;535698.0;520
6101;201300006729;13;4;16;930;1;1;1;1.0;1;432;;M;4795831.0;527410.0;520
6102;201300006730;13;5;10;1600;1;2;1;1.0;6;307;rue de bourgogne;M;4792785.0;519506.0;520
6103;201300006731;13;6;19;930;1;1;1;1.0;6;102;;M;4788452.0;535511.0;520
6104;201300006732;13;8;1;1900;1;1;1;1.0;7;380;;M;4787681.0;537353.0;520
6105;201300006733;13;8;26;1815;1;1;1;3.0;1;102;D74;M;4787960.0;534913.0;520
6106;201300006734;13;9;6;1430;1;2;6;1.0;1;269;Intersection D 17 / N 19;M;4785407.0;534558.0;520
6107;201300006735;13;9;28;1730;1;1;1;1.0;6;36;;M;4782890.0;538533.0;520
6108;201300006736;13;10;6;2345;5;2;1;1.0;3;269;avenue du capitaine Baud;M;4785469.0;532932.0;520
6109;201300006737;13;12;22;2215;5;2;1;2.0;1;432;Avenue de Verdun;M;4795072.0;528418.0;520
6110;201300006738;13;12;28;915;1;1;1;2.0;1;207;;M;4794958.0;545328.0;520
6111;201300006739;13;5;1;1545;1;1;1;1.0;7;120;;M;4798336.0;542774.0;520
6112;201300006741;13;9;18;1500;1;1;1;2.0;7;60;;M;4793467.0;572299.0;520
6113;201300006742;13;12;10;1530;1;2;1;7.0;6;332;rue Jeanne ROUSSEL;M;4801632.0;556378.0;520
6114;201300006743;13;6;19;600;1;1;1;1.0;6;197;;M;4778292.0;563665.0;520
6115;201300006744;13;7;2;1615;1;1;2;1.0;1;119;;M;4781747.0;549095.0;520
6116;201300006746;13;8;18;1730;1;1;2;1.0;3;197;;M;4777598.0;565340.0;520
6117;201300006747;13;8;29;1045;1;1;1;1.0;2;197;;M;4779276.0;557537.0;520
6118;201300006748;13;9;11;1400;1;1;1;8.0;1;438;;M;4780951.0;554977.0;520
6119;201300006749;13;10;20;1415;1;1;1;1.0;1;539;mis milieu;M;4775518.0;543285.0;520
6120;201300006751;13;2;24;1430;1;1;1;8.0;1;70;;M;4781438.0;528777.0;520
6121;201300006752;13;9;25;1715;1;1;1;1.0;7;360;;M;4762086.0;528610.0;520
6122;201300006753;13;11;14;1730;3;1;1;3.0;1;340;;M;4766374.0;529516.0;520
6123;201300006754;13;12;3;945;1;1;1;4.0;6;249;;M;4764747.0;531734.0;520
6124;201300006755;13;12;13;700;3;1;1;5.0;6;446;X;M;4770871.0;529746.0;520