;Num_Acc;an;mois;jour;hrmn;lum;agg;int;atm;col;com;adr;gps;lat;long;dep
6125;201300006756;13;12;16;2130;3;1;1;5.0;6;529;;M;4772775.0;530221.0;520
6126;201300006757;13;1;6;1000;1;1;1;8.0;6;414;;M;4852229.0;508773.0;520
6127;201300006758;13;5;7;1530;1;1;1;1.0;7;386;;M;4865148.0;484303.0;520
6128;201300006759;13;5;17;1615;1;1;1;1.0;6;386;;M;4866749.0;478662.0;520
6129;201300006760;13;5;30;1930;1;1;1;1.0;3;429;;M;4860597.0;502422.0;520
6130;201300006761;13;7;9;1130;1;1;1;1.0;7;429;;M;4860386.0;502983.0;520
6131;201300006762;13;8;29;1745;1;2;1;1.0;7;123;9 rue Collot Breuil S/M;M;4850597.0;511162.0;520
6132;201300006763;13;10;9;1400;1;1;1;2.0;3;448;mis PR1 car PR10 Epas;M;4865053.0;490642.0;520
6133;201300006764;13;11;10;1930;3;1;2;1.0;3;235;;M;4864711.0;487398.0;520
6134;201300006765;13;12;13;215;4;1;1;2.0;7;408;;M;4856511.0;503676.0;520
6135;201300006766;13;2;9;2330;5;2;1;1.0;6;250;rue des ursulines;M;4844410.0;513878.0;520
6136;201300006767;13;3;11;200;3;1;1;1.0;1;175;;M;4837024.0;515056.0;520
6137;201300006768;13;3;15;1545;1;1;1;1.0;1;118;;M;4848956.0;511185.0;520
6138;201300006769;13;5;10;1145;1;2;1;1.0;1;250;;M;4844331.0;513766.0;520
6139;201300006770;13;5;16;2045;2;1;1;8.0;1;356;;M;4843488.0;508825.0;520
6140;201300006772;13;3;13;1115;1;1;1;1.0;1;296;;M;4843092.0;469112.0;520
6141;201300006773;13;7;11;2100;1;2;1;1.0;6;341;1 rue de charmes;M;4843096.0;500271.0;520
6142;201300006774;13;11;5;830;1;1;1;2.0;1;550;RD2 et non 22;M;4850884.0;494034.0;520
6143;201300006775;13;11;24;1445;1;1;1;1.0;1;296;;M;4843054.0;468715.0;520
6144;201300006776;13;12;21;130;3;1;1;8.0;6;331;;M;4847183.0;478963.0;520
6145;201300006778;13;5;13;700;1;1;1;1.0;6;639;;M;4719800.0;537600.0;210
6146;201300006779;13;5;31;1800;1;2;1;3.0;6;38;Rue du Glacis;M;4720000.0;539500.0;210
6147;201300006780;13;8;24;1715;1;1;1;1.0;3;28;;M;4723100.0;537800.0;210
6148;201300006781;13;9;30;1045;1;1;1;1.0;3;493;;M;4723900.0;537800.0;210
6149;201300006782;13;10;12;2245;3;1;1;1.0;6;699;;M;0.0;0.0;210
6150;201300006783;13;12;28;1945;5;2;1;8.0;3;38;RUE DU CHATEAU;M;0.0;0.0;210
6151;201300006784;13;2;13;815;1;1;1;1.0;3;656;;M;4722700.0;518700.0;210
6152;201300006785;13;8;24;1115;1;1;1;2.0;6;106;;M;0.0;0.0;210
6153;201300006786;13;9;20;1145;1;1;1;1.0;1;532;;M;4724400.0;516700.0;210
6154;201300006787;13;9;20;1615;1;1;1;1.0;3;292;;M;0.0;0.0;210
6155;201300006788;13;12;6;500;3;1;1;1.0;1;261;;M;4726000.0;515800.0;210
6156;201300006789;13;4;25;1830;1;1;1;1.0;1;390;;M;4728500.0;498000.0;210
6157;201300006790;13;5;30;1845;1;1;6;1.0;3;295;;M;4722700.0;500000.0;210
6158;201300006791;13;6;18;1730;1;1;1;1.0;7;246;;M;4718100.0;503000.0;210
6159;201300006793;13;7;23;1730;1;1;3;1.0;1;586;;M;4722100.0;506600.0;210
6160;201300006794;13;8;27;1800;1;2;1;3.0;1;295;D-996;M;4720200.0;508300.0;210
6161;201300006795;13;9;1;1900;1;1;1;1.0;3;295;;M;0.0;0.0;210
6162;201300006796;13;9;7;1545;1;1;1;1.0;3;295;;M;0.0;0.0;210
6163;201300006797;13;9;20;1900;1;1;1;1.0;1;442;;M;4721400.0;497200.0;210
6164;201300006798;13;10;11;2115;3;1;1;1.0;6;200;;M;4726000.0;499300.0;210
6165;201300006799;13;3;15;1130;1;2;1;1.0;6;496;;M;4730800.0;542000.0;210
6166;201300006800;13;3;16;1100;1;1;1;1.0;6;317;;M;4758100.0;529900.0;210
6167;201300006803;13;7;9;1415;1;1;3;1.0;1;290;;M;4748500.0;514900.0;210
6168;201300006804;13;8;4;1300;1;1;1;1.0;7;127;;M;4747000.0;507700.0;210
6169;201300006805;13;8;6;1330;1;1;1;1.0;7;702;;M;4758300.0;509600.0;210
6170;201300006806;13;9;24;1230;1;1;1;1.0;6;211;;M;4756000.0;513500.0;210
6171;201300006807;13;10;15;1215;1;1;1;2.0;3;317;;M;0.0;0.0;210
6172;201300006808;13;12;13;2330;3;1;1;5.0;1;317;;M;0.0;0.0;210
6173;201300006809;13;12;20;815;1;1;1;1.0;1;317;;M;0.0;0.0;210
6174;201300006810;13;1;28;715;3;1;1;5.0;5;37;;M;4698520.0;471767.0;210
6175;201300006813;13;3;19;1445;1;1;1;4.0;6;461;;M;;;210
6176;201300006815;13;3;31;1300;1;1;1;1.0;3;582;;M;4691320.0;471866.0;210
6177;201300006816;13;4;1;1530;1;1;1;1.0;2;65;;M;4742425.0;443537.0;210
6178;201300006817;13;4;12;1930;1;1;2;8.0;3;412;;M;4696550.0;477376.0;210
6179;201300006818;13;5;23;1115;1;1;1;2.0;6;387;;M;;;210
6180;201300006819;13;5;26;1540;1;1;1;1.0;6;360;;M;4708617.0;468718.0;210
6181;201300006820;13;5;28;1045;1;2;1;1.0;2;461;75 RUE REPUBLIQUE;M;4695200.0;463098.0;210
6182;201300006821;13;6;12;1215;1;2;2;1.0;3;527;Carrefour RD973 et RD 33;M;0.0;0.0;210
6183;201300006823;13;8;31;1415;1;1;1;1.0;1;54;;M;0.0;0.0;210
6184;201300006824;13;9;21;1500;1;1;1;7.0;1;360;;M;0.0;0.0;210
6185;201300006825;13;9;24;2130;3;1;1;1.0;7;120;;M;0.0;0.0;210
6186;201300006826;13;10;4;715;2;1;1;1.0;3;512;;M;0.0;0.0;210
6187;201300006827;13;10;16;800;2;1;2;1.0;3;173;;M;0.0;0.0;210
6188;201300006828;13;10;5;100;5;2;1;2.0;1;590;5 rue du g?n?ral leclerc;M;4706500.0;482100.0;210
6189;201300006829;13;12;24;1600;2;1;1;2.0;6;23;;M;4725000.0;461200.0;210
6190;201300006830;13;2;8;1330;1;1;2;1.0;3;492;;M;;;210
6191;201300006831;13;5;15;330;5;1;1;1.0;6;464;;M;4713600.0;497200.0;210
6192;201300006832;13;11;7;745;1;1;2;8.0;3;22;;M;0.0;0.0;210
6193;201300006834;13;6;27;1530;1;1;1;1.0;6;12;;M;4782500.0;453700.0;210
6194;201300006835;13;8;19;1545;1;2;6;1.0;1;154;PLACE JOFFRE;M;4785710.0;457163.0;210
6195;201300006836;13;12;5;1545;1;1;1;1.0;2;78;;M;4786200.0;443000.0;210
6196;201300006837;13;12;12;2100;5;2;1;4.0;6;154;;M;4786200.0;457300.0;210
6197;201300006838;13;12;15;1745;3;1;1;1.0;2;115;;M;4782200.0;455400.0;210
6198;201300006839;13;12;8;1515;1;1;1;1.0;1;663;;M;0.0;0.0;210
6199;201300006841;13;4;14;1345;1;1;1;1.0;6;560;;M;4722960.0;422468.0;210
6200;201300006842;13;12;9;215;3;1;1;9.0;3;525;;M;4736600.0;419200.0;210
6201;201300006843;13;1;28;700;2;1;1;5.0;1;478;;M;4737060.0;483835.0;210
6202;201300006844;13;6;2;1915;1;1;1;1.0;7;559;;M;0.0;0.0;210
6203;201300006845;13;6;14;745;1;1;1;9.0;6;439;;M;4726900.0;465100.0;210
6204;201300006846;13;10;3;1515;1;1;1;1.0;2;192;;M;4730400.0;496000.0;210
6205;201300006847;13;5;20;1730;1;1;1;2.0;1;280;;M;0.0;0.0;580
6206;201300006848;13;6;26;1330;1;1;1;1.0;6;20;;M;0.0;0.0;580
6207;201300006849;13;7;11;1545;1;2;1;1.0;6;118;1 Cours Garnet;M;0.0;0.0;580
6208;201300006850;13;10;25;1015;1;1;1;1.0;6;151;;M;0.0;0.0;580
6209;201300006851;13;12;30;545;3;1;1;5.0;3;105;;M;0.0;0.0;580
6210;201300006852;13;6;1;1630;1;1;1;1.0;2;214;;M;0.0;0.0;580
6211;201300006853;13;12;10;1015;1;2;9;1.0;6;117;rue saint ?loi;M;0.0;0.0;580
6212;201300006854;13;1;23;1830;3;1;1;1.0;3;258;;M;0.0;0.0;580
6213;201300006855;13;4;28;545;2;2;1;2.0;6;238;56 Route de Bourgogne;M;0.0;0.0;580
6214;201300006857;13;7;19;1200;1;1;1;1.0;3;72;;M;0.0;0.0;580
6215;201300006858;13;8;22;1430;1;1;1;1.0;1;148;;M;0.0;0.0;580
6216;201300006859;13;12;23;1400;1;1;1;1.0;1;232;;M;0.0;0.0;580
6217;201300006861;13;6;8;815;1;1;1;1.0;3;138;;M;4681400.0;312200.0;580
6218;201300006862;13;6;9;45;3;1;6;2.0;7;260;;M;0.0;0.0;580
6219;201300006863;13;8;2;215;3;1;6;1.0;1;260;;M;4686500.0;314300.0;580
6220;201300006864;13;8;16;530;3;1;1;1.0;6;104;;M;0.0;0.0;580
6221;201300006865;13;1;12;415;4;2;1;5.0;6;257;le bourg;M;4711300.0;357200.0;580
6222;201300006866;13;1;27;400;3;1;1;5.0;7;35;;M;0.0;0.0;580
6223;201300006867;13;9;6;1515;1;1;1;1.0;3;285;;M;4706100.0;371600.0;580
6224;201300006868;13;12;20;1730;2;1;1;8.0;7;65;;M;0.0;0.0;580
6225;201300006869;13;1;7;1630;1;1;1;1.0;7;182;;M;4697500.0;380500.0;580
6226;201300006870;13;2;22;1400;1;1;1;1.0;1;63;;M;4705500.0;394200.0;580
6227;201300006871;13;3;6;1600;1;2;7;2.0;6;62;place Gudin;M;4706800.0;393000.0;580
6228;201300006872;13;4;7;1530;1;1;1;1.0;4;277;;M;0.0;0.0;580
6229;201300006873;13;4;16;1900;1;1;1;1.0;6;66;;M;4711800.0;389300.0;580
6230;201300006874;13;4;17;1730;1;2;1;1.0;6;246;Avenue Jean MERMOZ;M;4691100.0;383500.0;580
6231;201300006875;13;6;3;1115;1;1;1;1.0;6;182;;M;4699300.0;381300.0;580
6232;201300006876;13;10;11;815;1;1;1;8.0;6;63;;M;4707100.0;392600.0;580
6233;201300006877;13;1;26;15;4;2;1;1.0;6;190;le Bourg;M;0.0;0.0;580
6234;201300006878;13;2;8;615;3;1;1;4.0;5;304;;M;0.0;0.0;580
6235;201300006879;13;4;25;1800;1;2;1;1.0;3;103;D951 / Rue du Commerce;M;0.0;0.0;580
6236;201300006880;13;5;4;830;1;2;8;1.0;3;98;Croix de saint andre;M;0.0;0.0;580
6237;201300006881;13;5;28;1700;1;1;1;1.0;7;312;;M;0.0;0.0;580
6238;201300006882;13;6;1;445;3;1;1;1.0;6;165;;M;0.0;0.0;580
6239;201300006883;13;7;3;1145;1;1;1;2.0;1;109;;M;0.0;0.0;580
6240;201300006884;13;10;6;915;1;2;1;1.0;3;304;12 rue Saint Jean;M;0.0;0.0;580
6241;201300006885;13;11;23;1200;1;2;1;1.0;3;79;avenue du g?n?ral lecler;M;0.0;0.0;580
6242;201300006886;13;2;16;1000;1;1;1;5.0;7;229;;M;0.0;0.0;580
6243;201300006887;13;3;23;830;1;1;1;2.0;1;153;;M;0.0;0.0;580
6244;201300006889;13;5;22;1600;1;1;1;1.0;3;145;;M;0.0;0.0;580
6245;201300006890;13;5;24;1815;1;1;1;2.0;3;47;;M;0.0;0.0;580
6246;201300006891;13;5;31;300;3;1;1;2.0;7;129;;M;4740000.0;409999.0;580
6247;201300006892;13;6;1;2345;3;1;1;1.0;6;37;;M;0.0;0.0;580
6248;201300006893;13;7;17;1030;1;1;1;1.0;7;3;;M;0.0;0.0;580
6249;201300006894;13;8;3;1645;1;1;1;1.0;7;145;;M;0.0;0.0;580
6250;201300006895;13;9;11;1015;1;1;1;2.0;1;180;;M;4703700.0;400399.0;580
6251;201300006896;13;9;14;645;2;1;1;8.0;1;145;;M;0.0;0.0;580
6252;201300006897;13;1;21;1445;1;1;1;2.0;6;187;;M;0.0;0.0;580
6253;201300006898;13;4;4;1430;1;1;1;1.0;7;261;;M;0.0;0.0;580
6254;201300006899;13;4;22;1015;1;1;1;1.0;7;227;;M;0.0;0.0;580
6255;201300006900;13;5;3;1315;1;1;1;1.0;6;36;;M;4750100.0;316200.0;580
6256;201300006901;13;5;10;2130;3;1;1;1.0;6;2;;M;0.0;0.0;580
6257;201300006902;13;7;14;2030;2;2;2;7.0;1;86;rue du mar?chal leclerc;M;0.0;0.0;580
6258;201300006903;13;11;28;1815;5;2;1;1.0;3;86;avenue de la paix;M;0.0;0.0;580
6259;201300006904;13;4;20;2200;3;1;1;1.0;7;295;;M;4734600.0;289200.0;580
6260;201300006905;13;11;8;1130;1;2;1;8.0;3;59;Grande rue;M;0.0;0.0;580
6261;201300006906;13;3;2;1815;3;1;1;1.0;6;350;;M;4632765.0;466715.0;710
6262;201300006907;13;4;12;2315;3;1;1;1.0;1;169;;M;0.0;0.0;710
6263;201300006908;13;6;16;1745;1;1;1;1.0;3;583;;M;0.0;0.0;710
6264;201300006909;13;7;6;645;2;1;1;1.0;1;90;;M;0.0;0.0;710
6265;201300006911;13;9;17;2215;5;2;1;2.0;5;150;866 RD 906;M;4624304.0;478747.0;710
6266;201300006912;13;6;16;415;1;1;1;1.0;6;287;;M;0.0;0.0;710
6267;201300006914;13;8;22;1945;1;2;1;1.0;1;137;RD981 route de massilly;M;0.0;0.0;710
6268;201300006915;13;9;23;1630;1;1;1;1.0;6;137;;M;0.0;0.0;710
6269;201300006916;13;9;23;1200;1;1;1;1.0;6;397;;M;0.0;0.0;710
6270;201300006917;13;4;1;1845;1;1;1;1.0;6;145;;M;0.0;0.0;710
6271;201300006918;13;8;23;1645;1;1;1;1.0;3;521;;M;4656452.0;455401.0;710
6272;201300006919;13;2;15;1215;1;2;6;1.0;6;14;2 RUE DE LA BARRE;M;4694880.0;429121.0;710
6273;201300006920;13;4;4;1400;1;1;1;7.0;7;162;;M;0.0;0.0;710
6274;201300006921;13;5;11;1545;1;1;1;2.0;7;9;;M;4710636.0;407234.0;710
6275;201300006922;13;6;18;1515;1;1;1;7.0;3;535;;M;0.0;0.0;710
6276;201300006923;13;7;22;1130;1;1;1;7.0;6;14;;M;0.0;0.0;710
6277;201300006924;13;8;9;1700;1;2;1;1.0;1;14;AVENUE DU THEATRE ROMAIN;M;0.0;0.0;710
6278;201300006925;13;8;14;1030;1;2;1;1.0;3;14;36 r de la croix blanche;M;4695719.0;430453.0;710
6279;201300006926;13;8;27;1430;1;2;2;1.0;3;14;RUE DE LA GRANGE VERTU;M;4695284.0;429423.0;710
6280;201300006927;13;10;6;1345;1;2;1;1.0;1;14;rue guerin;M;4695237.0;430033.0;710
6281;201300006928;13;10;14;2030;5;1;1;8.0;3;10;;M;0.0;0.0;710
6282;201300006929;13;10;20;1800;1;2;2;1.0;3;14;rue de parpas;M;4695233.0;429305.0;710
6283;201300006931;13;3;22;1930;2;2;1;1.0;6;73;RD906;M;0.0;0.0;710
6284;201300006932;13;5;31;1500;1;1;1;3.0;5;378;;M;4687018.0;475243.0;710
6285;201300006933;13;1;19;245;3;1;1;9.0;2;404;;M;0.0;0.0;710
6286;201300006934;13;4;4;1600;1;1;1;1.0;3;247;;M;0.0;0.0;710
6287;201300006935;13;4;14;1;5;2;1;1.0;2;70;Route de Chalon;M;0.0;0.0;710
6288;201300006936;13;11;27;1630;1;1;1;1.0;5;426;;M;0.0;0.0;710
6289;201300006937;13;1;1;900;1;1;1;2.0;6;548;;M;0.0;0.0;710
6290;201300006938;13;6;16;330;4;2;1;1.0;7;3;route  de beaune;M;0.0;0.0;710
6291;201300006939;13;6;19;815;1;1;1;1.0;6;355;;M;0.0;0.0;710
6292;201300006940;13;6;26;1445;1;1;1;1.0;2;167;;M;0.0;0.0;710
6293;201300006941;13;7;24;1145;1;1;1;1.0;7;355;;M;0.0;0.0;710
6294;201300006942;13;7;26;1945;1;1;1;1.0;3;2;;M;0.0;0.0;710
6295;201300006943;13;8;21;1030;1;1;1;1.0;6;256;;M;4674312.0;507190.0;710
6296;201300006944;13;10;31;1945;3;2;1;1.0;1;215;185 route de virey;M;4685952.0;491143.0;710
6297;201300006945;13;12;13;545;3;2;1;5.0;6;336;route de Chalon;M;0.0;0.0;710
6298;201300006946;13;12;23;1445;1;2;1;1.0;3;336;58 route de colombey;M;4673228.0;494576.0;710
6299;201300006947;13;4;14;1145;1;1;1;1.0;5;555;;M;4671988.0;486145.0;710
6300;201300006948;13;5;3;1845;1;1;1;2.0;4;26;;M;4666973.0;487053.0;710
6301;201300006949;13;8;9;1430;1;2;2;1.0;3;512;intersecti Rue St Martin;M;4664044.0;486978.0;710
6302;201300006950;13;10;16;700;3;1;1;8.0;5;384;;M;0.0;0.0;710
6303;201300006951;13;4;9;1130;1;1;2;2.0;1;21;chamoge;M;4647991.0;427728.0;710
6304;201300006952;13;5;22;1115;1;2;1;1.0;3;106;avenue du 08 juin 1944;M;0.0;0.0;710
6305;201300006953;13;8;24;1115;1;1;1;1.0;1;586;;M;0.0;0.0;710
6306;201300006954;13;11;19;1330;1;1;1;2.0;1;82;;M;0.0;0.0;710
6307;201300006955;13;12;31;1630;1;1;1;1.0;6;116;;M;0.0;0.0;710
6308;201300006956;13;5;12;1530;1;2;1;1.0;6;176;Place du Verdier;M;4649918.0;398771.0;710
6309;201300006957;13;6;8;1400;1;1;1;1.0;1;176;;M;0.0;0.0;710
6310;201300006958;13;6;28;1345;1;2;1;8.0;6;176;2 rue de la FAIENCERIE;M;4648543.0;398932.0;710
6311;201300006959;13;7;7;1745;1;1;1;1.0;1;176;route des sables;M;0.0;0.0;710
6312;201300006960;13;7;17;1830;1;1;1;1.0;1;325;;M;0.0;0.0;710
6313;201300006961;13;7;12;1415;1;1;1;1.0;6;71;les roussins;M;0.0;0.0;710
6314;201300006962;13;7;15;745;1;1;1;1.0;3;24;;M;0.0;0.0;710
6315;201300006963;13;8;20;1300;1;1;1;1.0;6;11;;M;4624279.0;401406.0;710
6316;201300006964;13;9;1;1745;1;1;1;1.0;1;11;;M;4632927.0;408065.0;710
6317;201300006965;13;10;27;900;1;1;1;8.0;1;291;;M;0.0;0.0;710
6318;201300006966;13;11;2;530;1;1;1;8.0;1;510;la cray;M;0.0;0.0;710
6319;201300006967;13;1;23;1515;1;2;1;1.0;6;342;parc de la basilique;M;4644914.0;412422.0;710
6320;201300006968;13;4;2;1315;1;2;1;1.0;3;342;rue  pierre lathuiliere;M;4645400.0;410534.0;710
6321;201300006969;13;4;20;1030;1;1;1;3.0;6;590;;M;0.0;0.0;710
6322;201300006970;13;6;10;900;1;1;1;1.0;7;588;;M;0.0;0.0;710
6323;201300006972;13;9;23;700;1;1;1;5.0;3;590;;M;0.0;0.0;710
6324;201300006973;13;4;4;1145;1;1;1;1.0;7;480;;M;0.0;0.0;710
6325;201300006974;13;10;29;1430;1;1;1;1.0;6;412;;M;4672613.0;445838.0;710
6326;201300006975;13;2;14;1900;2;1;1;2.0;1;220;;M;0.0;0.0;710
6327;201300006976;13;5;16;915;1;2;6;2.0;3;47;les alouettes;M;4662885.0;373604.0;710
6328;201300006977;13;10;1;2130;5;2;1;1.0;3;47;69 Avenue Puzenat;M;4662555.0;375210.0;710
6329;201300006978;13;6;17;1330;1;2;1;1.0;3;230;rue de la convention;M;4659704.0;406737.0;710
6330;201300006979;13;9;5;1630;1;1;1;1.0;3;230;;M;4660030.0;405177.0;710
6331;201300006980;13;2;4;645;2;2;1;2.0;1;263;Rue du guidon;M;0.0;0.0;710
6332;201300006981;13;4;26;815;1;1;1;2.0;6;558;;M;0.0;0.0;710
6333;201300006982;13;1;16;1530;1;1;2;7.0;3;13;;M;0.0;0.0;710
6334;201300006983;13;1;29;1815;3;1;1;2.0;1;222;;M;0.0;0.0;710
6335;201300006984;13;7;9;1530;1;2;1;1.0;6;363;LE BOURG;M;0.0;0.0;710
6336;201300006985;13;9;3;1730;1;1;1;1.0;6;222;;M;0.0;0.0;710
6337;201300006986;13;10;10;2015;3;1;1;3.0;1;413;;M;0.0;0.0;710
6338;201300006988;13;2;1;1655;1;1;1;3.0;5;484;;M;4791139.0;332696.0;890
6339;201300006989;13;2;16;815;1;1;1;5.0;2;438;;M;4780059.0;364587.0;890
6340;201300006991;13;2;23;1900;3;1;1;4.0;7;484;;M;4791233.0;329480.0;890
6341;201300006992;13;3;28;1240;1;1;1;1.0;2;341;;M;4771898.0;376036.0;890
6342;201300006993;13;4;5;710;1;1;1;1.0;2;384;;M;4790441.0;334571.0;890
6343;201300006994;13;5;28;1630;1;1;1;2.0;7;13;;M;4785813.0;353955.0;890
6344;201300006995;13;7;16;400;3;1;1;1.0;5;313;;M;0.0;0.0;890
6345;201300006996;13;8;5;1945;1;1;1;3.0;6;341;;M;4773433.0;373779.0;890
6346;201300006997;13;9;2;100;3;1;1;1.0;2;213;;M;4789433.0;340103.0;890
6347;201300006998;13;10;7;1000;1;1;1;1.0;6;384;;M;0.0;0.0;890
6348;201300006999;13;10;16;1130;1;1;1;1.0;6;263;;M;0.0;0.0;890
6349;201300007000;13;11;4;1230;1;1;1;3.0;6;167;;M;4787909.0;345665.0;890
6350;201300007001;13;11;8;1145;1;1;1;2.0;2;388;;M;0.0;0.0;890
6351;201300007002;13;12;20;2130;3;1;1;1.0;2;341;;M;0.0;0.0;890
6352;201300007003;13;1;4;1245;1;1;1;8.0;7;136;;M;4826579.0;329229.0;890
6353;201300007005;13;2;5;1615;1;1;1;4.0;7;255;;M;4832203.0;323188.0;890
6354;201300007006;13;3;4;615;3;1;1;1.0;6;390;;M;4833758.0;320330.0;890
6355;201300007007;13;3;25;845;1;1;1;1.0;6;27;;M;0.0;0.0;890
6356;201300007008;13;4;22;600;2;1;1;1.0;1;136;;M;4824973.0;327063.0;890
6357;201300007009;13;5;25;945;1;1;1;1.0;7;80;;M;4826142.0;331425.0;890
6358;201300007010;13;5;31;2300;3;1;1;1.0;3;298;;M;4805309.0;310214.0;890
6359;201300007011;13;6;5;1100;1;1;1;1.0;6;80;;M;4826579.0;329206.0;890
6360;201300007012;13;7;3;1600;1;1;1;3.0;6;171;;M;0.0;0.0;890
6361;201300007013;13;7;11;1730;1;1;1;1.0;7;111;;M;0.0;0.0;890
6362;201300007014;13;8;9;445;3;1;1;1.0;2;298;;M;4804232.0;311735.0;890
6363;201300007015;13;8;14;2030;1;1;1;1.0;6;483;;M;4823578.0;338045.0;890
6364;201300007016;13;8;19;1715;1;1;1;1.0;3;459;;M;4814623.0;316295.0;890
6365;201300007017;13;8;22;1015;1;1;1;1.0;6;350;;M;4801962.0;313963.0;890
6366;201300007020;13;12;8;2015;3;1;1;1.0;3;350;;M;4802026.0;313839.0;890
6367;201300007021;13;3;20;800;1;1;1;1.0;1;102;route de Ribourdin;M;4775024.0;349865.0;890
6368;201300007023;13;10;8;715;2;2;1;1.0;6;13;route d?partementale 606;M;0.0;0.0;890
6369;201300007024;13;3;31;1835;1;1;1;1.0;1;130;;M;4767619.0;369302.0;890
6370;201300007025;13;4;21;1600;1;1;1;1.0;1;125;;M;4763699.0;349132.0;890
6371;201300007026;13;4;28;1520;1;1;1;8.0;7;30;;M;4764947.0;365912.0;890
6372;201300007027;13;5;28;2230;1;1;1;1.0;6;252;;M;4763755.0;349160.0;890
6373;201300007028;13;6;3;900;1;1;1;1.0;3;252;;M;4766105.0;350224.0;890
6374;201300007029;13;9;4;1130;1;1;1;1.0;6;155;;M;4773716.0;358283.0;890
6375;201300007030;13;9;7;2230;2;1;1;3.0;6;256;;M;4767200.0;351100.0;890
6376;201300007031;13;9;20;1845;1;2;1;1.0;1;130;Route de Lyon RD 606;M;4767838.0;369152.0;890
6377;201300007032;13;12;14;915;1;1;1;1.0;6;182;;M;4760800.0;354200.0;890
6378;201300007033;13;1;26;1900;5;2;1;2.0;1;101;16-18 Grande Rue;M;4796665.0;376358.0;890
6379;201300007034;13;2;4;1535;1;2;1;1.0;3;439;Route de CHEU;M;4797995.0;373441.0;890
6380;201300007035;13;6;4;2115;2;2;1;1.0;6;41;5 grande rue;M;4802141.0;380060.0;890
6381;201300007036;13;9;9;1800;1;1;1;3.0;3;276;;M;4803100.0;381300.0;890
6382;201300007037;13;9;30;1715;1;1;1;1.0;7;439;;M;4794000.0;367100.0;890
6383;201300007038;13;10;31;130;5;2;3;1.0;3;345;Av du Général Leclerc;M;0.0;0.0;890
6384;201300007039;13;5;30;1700;1;2;1;1.0;1;224;3 rue de la Poterne;M;4772812.0;385609.0;890
6385;201300007040;13;6;14;2115;2;1;1;1.0;7;341;;M;4774100.0;377900.0;890
6386;201300007042;13;3;9;1100;1;1;1;1.0;6;416;;M;4758992.0;327293.0;890
6387;201300007043;13;3;9;200;3;2;1;1.0;7;228;Rue d'Angrain;M;4779582.0;344157.0;890
6388;201300007044;13;4;11;935;1;1;1;2.0;6;344;;M;4758602.0;308069.0;890
6389;201300007045;13;7;14;2000;1;1;1;1.0;7;173;;M;4769900.0;326000.0;890
6390;201300007046;13;7;25;730;1;1;1;1.0;6;408;;M;4774700.0;311900.0;890
6391;201300007047;13;8;23;1945;1;1;1;1.0;6;72;;M;4774603.0;294165.0;890
6392;201300007048;13;11;30;500;3;1;1;2.0;7;286;;M;0.0;0.0;890
6393;201300007050;13;3;9;1030;1;2;1;1.0;6;25;D606 - Route de Paris;M;4749396.0;390499.0;890
6394;201300007051;13;5;5;1100;1;1;1;1.0;7;347;;M;4740755.0;392897.0;890
6395;201300007052;13;7;20;1700;1;1;1;1.0;1;446;;M;0.0;0.0;890
6396;201300007053;13;7;24;1545;1;2;1;1.0;6;248;D142 Lieu dit Castel;M;0.0;0.0;890
6397;201300007054;13;8;4;2000;1;2;1;1.0;3;25;12 ter route de paris;M;0.0;0.0;890
6398;201300007056;13;8;20;1445;1;2;1;1.0;6;25;Route de PARIS d606;M;4749356.0;390619.0;890
6399;201300007057;13;9;9;1430;1;2;1;1.0;1;25;route de lormes;M;4748995.0;391530.0;890
6400;201300007058;13;11;7;800;1;1;1;2.0;1;485;;M;4756600.0;379200.0;890
6401;201300007060;13;12;3;1045;1;2;1;1.0;6;25;10 avenue Hector Berlioz;M;4748603.0;392066.0;890
6402;201300007061;13;7;20;2015;1;1;2;7.0;3;128;;M;;;890
6403;201300007062;13;10;20;115;3;1;1;8.0;6;378;;M;0.0;0.0;890
6404;201300007063;13;2;2;1115;1;1;1;2.0;3;468;;M;0.0;0.0;890
6405;201300007065;13;4;26;1415;1;1;1;2.0;3;67;;M;0.0;0.0;890
6406;201300007067;13;6;26;1800;1;1;1;1.0;6;468;;M;0.0;0.0;890
6407;201300007068;13;8;22;1715;1;2;1;1.0;2;75;Route de NEUILLY;M;0.0;0.0;890
6408;201300007069;13;10;1;1930;2;1;1;1.0;5;452;;M;0.0;0.0;890
6409;201300007070;13;10;2;1230;1;2;1;1.0;5;206;rue de la Guimbarde;M;0.0;0.0;890
6410;201300007071;13;10;11;1430;1;2;1;2.0;1;206;;M;0.0;0.0;890
6411;201300007072;13;10;23;1015;1;2;3;1.0;4;206;;M;0.0;0.0;890
6412;201300007073;13;12;1;245;3;1;1;8.0;6;206;;M;0.0;0.0;890
6413;201300007074;13;12;31;1400;1;2;1;1.0;5;206;rue des entrepreneurs;M;4797877.0;337604.0;890
6414;201300007075;13;3;19;1145;1;2;1;1.0;3;358;carrefour RD950 / RD57;M;4784036.0;310183.0;890
6415;201300007076;13;3;31;1410;1;1;1;1.0;6;192;Les Fléchets;M;4779883.0;317414.0;890