;Num_Acc;an;mois;jour;hrmn;lum;agg;int;atm;col;com;adr;gps;lat;long;dep
6416;201300007077;13;4;15;1530;1;1;1;1.0;1;384;;M;0.0;0.0;890
6417;201300007078;13;6;28;1815;1;1;1;1.0;6;334;;M;0.0;0.0;890
6418;201300007079;13;8;12;1130;1;1;1;1.0;1;473;;M;4788811.0;335324.0;890
6419;201300007080;13;11;15;1630;1;1;1;1.0;7;317;;M;4788722.0;317641.0;890
6420;201300007081;13;2;9;1515;1;1;1;8.0;7;56;;M;4798732.0;351019.0;890
6421;201300007082;13;2;19;1230;1;2;1;1.0;1;56;Route de Joigny;M;4799454.0;347895.0;890
6422;201300007083;13;4;8;1100;1;2;7;1.0;6;257;Place Eugène Laporte;M;4796247.0;351392.0;890
6423;201300007084;13;4;9;710;2;2;1;3.0;3;55;4 route de Joigny;M;4799013.0;361527.0;890
6424;201300007085;13;4;12;610;2;2;2;8.0;3;50;Rue du saucy;M;4793322.0;352984.0;890
6425;201300007086;13;4;24;1615;1;1;1;1.0;5;55;;M;4799939.0;364831.0;890
6426;201300007087;13;5;18;2215;3;1;1;1.0;6;218;;M;4796518.0;346769.0;890
6427;201300007088;13;5;31;1700;1;1;2;2.0;3;257;;M;4796900.0;351400.0;890
6428;201300007089;13;6;15;2030;1;2;9;1.0;3;218;rue georges varennes;M;4796800.0;348500.0;890
6429;201300007090;13;7;22;1430;1;2;1;1.0;1;152;CD 606 Route de SENS;M;0.0;0.0;890
6430;201300007091;13;8;1;1040;1;1;1;1.0;2;29;;M;4792400.0;351400.0;890
6431;201300007092;13;9;1;630;3;1;1;1.0;6;257;;M;4797635.0;355273.0;890
6432;201300007093;13;9;14;915;1;2;2;2.0;3;99;Rue Paul Bert;M;4795424.0;353247.0;890
6433;201300007094;13;10;11;1700;1;1;1;2.0;2;257;;M;4796800.0;351400.0;890
6434;201300007095;13;11;26;1145;1;2;1;1.0;6;55;Grande rue;M;4799477.0;363209.0;890
6435;201300007097;13;2;9;1715;2;1;1;1.0;7;171;;M;4822645.0;351011.0;890
6436;201300007099;13;6;11;1745;1;1;1;1.0;1;443;;M;0.0;0.0;890
6437;201300007100;13;7;29;945;1;1;1;1.0;1;399;;M;0.0;0.0;890
6438;201300007101;13;1;11;1600;1;1;1;1.0;6;285;;M;4835290.0;332711.0;890
6439;201300007102;13;3;23;1130;1;1;1;1.0;3;136;;M;4824772.0;328497.0;890
6440;201300007103;13;4;4;800;1;1;1;1.0;6;332;;M;4829830.0;302323.0;890
6441;201300007104;13;6;8;1245;1;1;1;1.0;6;414;;M;4826810.0;335558.0;890
6442;201300007105;13;6;23;1700;1;1;1;1.0;3;189;;M;0.0;0.0;890
6443;201300007107;13;11;20;1700;3;2;1;2.0;1;460;;M;4833926.0;306732.0;890
6444;201300007108;13;12;30;645;3;1;1;1.0;3;456;;M;0.0;0.0;890
6445;201300007109;13;4;30;1545;1;1;2;3.0;3;450;;M;0.0;0.0;890
6446;201300007110;13;5;15;1745;1;1;1;1.0;2;450;;M;4821010.0;312809.0;890
6447;201300007111;13;6;23;1800;1;1;1;1.0;6;467;;M;0.0;0.0;890
6448;201300007112;13;8;22;1715;1;1;1;1.0;7;467;;M;0.0;0.0;890
6449;201300007113;13;1;23;2345;3;2;1;1.0;7;464;RD24;M;4808770.0;328686.0;890
6450;201300007114;13;1;28;505;3;1;1;2.0;7;388;;M;4793990.0;325072.0;890
6451;201300007115;13;3;10;1800;1;2;1;1.0;6;18;Petit Palteau;M;4804608.0;336199.0;890
6452;201300007116;13;5;15;1245;1;2;1;1.0;6;464;route de valprofonde;M;4808196.0;330535.0;890
6453;201300007117;13;7;28;1900;1;2;1;1.0;3;142;rue de la chapelle;M;4809700.0;345400.0;890
6454;201300007118;13;8;2;1100;1;2;1;1.0;3;388;route de JOIGNY;M;0.0;0.0;890
6455;201300007119;13;8;23;1900;1;1;1;2.0;7;142;;M;4809000.0;347100.0;890
6456;201300007120;13;9;5;830;1;2;1;1.0;6;464;12 RUE DE VALPROFONDE;M;4808341.0;329556.0;890
6457;201300007121;13;9;27;1515;1;2;1;1.0;1;464;99, rue Carnot;M;4808800.0;329500.0;890
6458;201300007122;13;3;18;900;1;1;1;9.0;1;418;;M;4784500.0;395700.0;890
6459;201300007123;13;4;2;2015;1;2;1;1.0;6;386;rue Notre Dame;M;4780654.0;428057.0;890
6460;201300007124;13;11;7;2315;3;1;1;8.0;7;447;;M;4790259.0;393666.0;890
6461;201300007125;13;11;23;1515;1;1;1;8.0;6;5;;M;4777100.0;417400.0;890
6462;201300007126;13;2;3;130;3;1;1;1.0;6;364;;M;0.0;0.0;250
6463;201300007127;13;4;14;1745;1;1;1;1.0;3;532;;M;0.0;0.0;250
6464;201300007128;13;6;22;1815;1;1;1;1.0;1;410;;M;4722800.0;607700.0;250
6465;201300007129;13;7;16;1145;1;1;3;7.0;3;410;rue du comt? Montb?liard;M;0.0;0.0;250
6466;201300007130;13;7;17;1300;1;1;1;1.0;7;410;;M;4722500.0;606100.0;250
6467;201300007131;13;7;22;245;5;2;1;1.0;1;36;Rue des Cerisiers;M;4721800.0;596300.0;250
6468;201300007133;13;8;29;2115;3;1;1;1.0;2;245;;M;0.0;0.0;250
6469;201300007134;13;12;8;1300;1;1;1;1.0;6;267;;M;4724700.0;613800.0;250
6470;201300007135;13;2;28;1600;1;2;4;7.0;5;558;route de besancon - RD67;M;4716000.0;611600.0;250
6471;201300007136;13;6;18;1500;1;1;1;1.0;7;633;;M;0.0;0.0;250
6472;201300007137;13;7;13;1830;1;1;1;1.0;5;360;;M;0.0;0.0;250
6473;201300007138;13;7;17;1145;1;2;1;1.0;7;375;rue St Laurent;M;0.0;0.0;250
6474;201300007139;13;1;6;2330;3;1;1;1.0;6;154;;M;0.0;0.0;250
6475;201300007141;13;4;13;1600;1;1;1;1.0;7;336;;M;4707800.0;582300.0;250
6476;201300007143;13;6;20;30;3;2;1;1.0;6;502;rue des fontaines;M;4715700.0;581800.0;250
6477;201300007144;13;6;24;700;1;1;1;2.0;1;450;;M;4707900.0;588300.0;250
6478;201300007145;13;7;16;1400;1;1;1;1.0;1;287;;M;4719200.0;589000.0;250
6479;201300007146;13;8;2;2245;3;1;1;1.0;6;438;;M;0.0;0.0;250
6480;201300007147;13;8;17;845;1;2;8;1.0;1;21;grande rue;M;4703500.0;577700.0;250
6481;201300007148;13;8;20;1445;1;2;1;1.0;6;397;rd 105;M;4718200.0;591000.0;250
6482;201300007149;13;9;22;1545;1;1;1;1.0;2;195;;M;4720103.0;586288.0;250
6483;201300007152;13;11;21;2100;3;1;1;8.0;1;631;;M;0.0;0.0;250
6484;201300007153;13;11;25;2045;3;2;1;1.0;6;287;rue du mont;M;4714874.0;641970.0;250
6485;201300007154;13;12;2;630;3;1;2;1.0;3;466;;M;4719700.0;584800.0;250
6486;201300007155;13;6;16;530;2;2;1;1.0;6;57;07 rue de Grand charmont;M;0.0;0.0;250
6487;201300007156;13;10;18;900;1;2;1;1.0;6;57;;M;0.0;0.0;250
6488;201300007158;13;11;7;715;1;1;1;1.0;5;57;;M;0.0;0.0;250
6489;201300007160;13;1;10;1645;2;1;1;2.0;1;170;;M;0.0;0.0;250
6490;201300007161;13;4;15;1915;1;1;1;1.0;2;43;;M;0.0;0.0;250
6491;201300007162;13;9;20;1500;1;2;1;1.0;3;198;23 rue de Sainte Marie;M;0.0;0.0;250
6492;201300007163;13;10;13;345;5;2;1;8.0;6;198;Chemin de la Grive;M;4753386.0;682119.0;250
6493;201300007164;13;10;25;1715;1;1;2;1.0;3;481;;M;0.0;0.0;250
6494;201300007165;13;3;15;1145;1;1;1;1.0;6;40;;M;4751700.0;693100.0;250
6495;201300007167;13;7;3;1945;1;1;1;3.0;6;304;;M;4743400.0;688800.0;250
6496;201300007168;13;8;14;1000;1;2;1;1.0;3;190;36 rue de Badevel;M;0.0;0.0;250
6497;201300007169;13;9;17;700;2;1;1;2.0;1;228;;M;4751400.0;688000.0;250
6498;201300007170;13;10;5;1100;1;2;1;3.0;1;228;Rue du g?n?ral de Gaulle;M;4751000.0;685700.0;250
6499;201300007171;13;10;22;1345;1;2;1;1.0;6;555;11 grande rue;M;4750200.0;685300.0;250
6500;201300007172;13;11;16;400;5;2;1;1.0;2;367;Rue de Beaulieu;M;4745100.0;681500.0;250
6501;201300007174;13;4;14;930;1;2;1;1.0;3;127;3 Rue de l'église;M;4721298.0;682539.0;250
6502;201300007175;13;4;28;1445;1;1;1;1.0;1;91;;M;0.0;0.0;250
6503;201300007176;13;5;12;1430;1;2;1;2.0;2;356;3 rue du mont miroir;M;4725239.0;680461.0;250
6504;201300007177;13;5;18;1800;1;1;1;1.0;2;234;;M;0.0;0.0;250
6505;201300007178;13;6;19;1700;1;1;1;1.0;5;127;;M;0.0;0.0;250
6506;201300007179;13;12;3;930;1;2;1;7.0;6;571;10 rue du Doubs;M;0.0;0.0;250
6507;201300007180;13;1;8;1645;2;2;3;1.0;3;82;Rue de la plaine;M;4741800.0;677900.0;250
6508;201300007181;13;3;16;1945;3;1;4;1.0;1;426;;M;0.0;0.0;250
6509;201300007182;13;7;20;1200;1;1;1;1.0;7;387;;M;4729000.0;681900.0;250
6510;201300007185;13;11;10;715;2;2;1;8.0;7;82;CD437;M;0.0;0.0;250
6511;201300007186;13;1;15;1100;1;1;3;4.0;3;298;;M;4734500.0;630600.0;250
6512;201300007187;13;3;11;1830;1;1;3;1.0;3;6;;M;4731200.0;636700.0;250
6513;201300007188;13;4;11;1330;1;1;1;8.0;7;408;;M;4743100.0;629200.0;250
6514;201300007189;13;6;8;1245;1;1;1;1.0;1;546;;M;4731900.0;631400.0;250
6515;201300007190;13;8;28;745;1;1;1;5.0;1;47;;M;4736800.0;637800.0;250
6516;201300007191;13;9;10;900;1;1;1;3.0;3;32;;M;4737900.0;637900.0;250
6517;201300007192;13;9;12;2030;3;1;1;1.0;6;499;;M;4745400.0;637400.0;250
6518;201300007193;13;12;31;1500;1;1;1;1.0;6;47;;M;0.0;0.0;250
6519;201300007194;13;1;9;1345;1;1;1;5.0;3;529;;M;0.0;0.0;250
6520;201300007195;13;2;20;1930;3;1;1;1.0;6;22;;M;4751700.0;667700.0;250
6521;201300007196;13;3;17;1345;1;1;1;2.0;1;18;;M;0.0;0.0;250
6522;201300007197;13;4;2;1615;1;1;1;1.0;1;22;;M;4751400.0;667100.0;250
6523;201300007198;13;6;16;1545;1;2;1;7.0;7;22;Rue de la 5ème DB;M;4753200.0;667100.0;250
6524;201300007199;13;7;12;1645;1;2;1;1.0;6;327;;M;4739300.0;662500.0;250
6525;201300007200;13;8;14;1745;1;1;1;1.0;2;479;;M;4742000.0;656300.0;250
6526;201300007201;13;8;18;1745;1;1;1;8.0;3;372;;M;0.0;0.0;250
6527;201300007203;13;11;23;1315;1;1;1;8.0;6;479;;M;4743200.0;657900.0;250
6528;201300007204;13;1;10;1700;2;2;1;3.0;1;508;rue du cotard;M;4731737.0;623213.0;250
6529;201300007206;13;5;15;1600;1;1;1;2.0;1;538;;M;4734000.0;628200.0;250
6530;201300007207;13;5;25;2145;3;1;1;1.0;1;468;;M;4735800.0;619700.0;250
6531;201300007209;13;6;27;630;1;2;1;1.0;1;86;Route de Besançon;M;0.0;0.0;250
6532;201300007210;13;7;5;445;2;2;1;1.0;3;429;;M;0.0;0.0;250
6533;201300007211;13;8;16;1600;1;1;1;1.0;1;137;;M;0.0;0.0;250
6534;201300007212;13;10;17;1215;1;2;1;1.0;6;508;;M;0.0;0.0;250
6535;201300007213;13;12;22;1700;3;1;1;1.0;1;538;;M;0.0;0.0;250
6536;201300007214;13;1;7;700;3;1;1;5.0;6;605;;M;0.0;0.0;250
6537;201300007215;13;1;18;1045;1;1;1;1.0;7;424;;M;0.0;0.0;250
6538;201300007216;13;1;31;1345;1;1;1;1.0;6;262;;M;4713700.0;658600.0;250
6539;201300007217;13;2;11;2015;3;1;1;4.0;1;218;;M;0.0;0.0;250
6540;201300007218;13;3;11;1645;1;2;1;1.0;3;601;Rue Gauthier;M;0.0;0.0;250
6541;201300007219;13;3;17;600;2;1;1;2.0;6;447;;M;0.0;0.0;250
6542;201300007220;13;4;8;1710;1;1;1;1.0;7;578;;M;0.0;0.0;250
6543;201300007221;13;5;31;2300;3;1;1;3.0;3;262;;M;0.0;0.0;250
6544;201300007222;13;6;1;1045;1;1;1;8.0;7;349;;M;0.0;0.0;250
6545;201300007223;13;7;13;1500;1;1;1;1.0;7;233;;M;0.0;0.0;250
6546;201300007224;13;7;28;630;1;2;1;1.0;7;227;Place de la fontaine;M;4712202.0;634238.0;250
6547;201300007225;13;7;28;700;2;2;1;1.0;7;578;34 rue Mermoz;M;4715001.0;635211.0;250
6548;201300007226;13;8;19;1900;1;2;1;1.0;6;435;rue de l'Eglise;M;4725200.0;638900.0;250
6549;201300007227;13;9;17;2030;5;2;1;3.0;6;578;1 avenue Leclerc;M;4715465.0;632864.0;250
6550;201300007228;13;9;22;1130;1;1;1;1.0;3;222;;M;0.0;0.0;250
6551;201300007229;13;10;19;1345;1;2;1;1.0;3;601;grande rue - PK 25 + 500;M;0.0;0.0;250
6552;201300007230;13;10;24;1800;1;2;1;1.0;3;578;;M;0.0;0.0;250
6553;201300007231;13;12;18;1530;1;2;1;1.0;1;601;16 rue des fourches;M;0.0;0.0;250
6554;201300007232;13;12;20;1830;5;2;1;1.0;6;578;10  avenue du gl BURNEY;M;4714984.0;633913.0;250
6555;201300007233;13;1;20;1800;3;1;1;4.0;1;157;;M;4684100.0;637000.0;250
6556;201300007234;13;4;12;1500;1;1;1;3.0;6;282;;M;0.0;0.0;250
6557;201300007235;13;4;20;330;3;1;1;2.0;6;334;;M;0.0;0.0;250
6558;201300007236;13;5;7;2100;2;1;1;1.0;6;634;;M;0.0;0.0;250
6559;201300007237;13;7;19;1345;1;2;1;3.0;3;157;;M;0.0;0.0;250
6560;201300007238;13;8;10;2130;3;1;1;1.0;6;634;;M;4696500.0;634300.0;250
6561;201300007239;13;8;26;615;2;1;1;5.0;3;157;;M;4684900.0;637100.0;250
6562;201300007240;13;9;22;900;1;1;1;1.0;1;29;;M;0.0;0.0;250
6563;201300007241;13;12;20;1930;3;1;1;5.0;6;79;;M;4692700.0;612000.0;250
6564;201300007242;13;12;21;100;3;1;1;5.0;1;110;;M;4693400.0;623200.0;250
6565;201300007243;13;4;14;1900;1;1;1;1.0;6;380;;M;0.0;0.0;250
6566;201300007244;13;4;27;2020;3;1;1;4.0;3;514;;M;0.0;0.0;250
6567;201300007245;13;5;5;1600;1;1;1;1.0;7;318;;M;0.0;0.0;250
6568;201300007246;13;6;7;500;2;2;1;5.0;1;320;LE COUDE;M;0.0;0.0;250
6569;201300007248;13;8;23;730;2;1;1;1.0;7;592;;M;0.0;0.0;250
6570;201300007249;13;9;17;1800;1;1;1;1.0;3;96;;M;0.0;0.0;250
6571;201300007250;13;9;18;1415;1;2;1;2.0;6;318;1 place du Mt d'OR;M;0.0;0.0;250
6572;201300007251;13;12;2;1800;5;2;1;1.0;6;318;ROUTE DES ALPES;M;0.0;0.0;250
6573;201300007252;13;12;18;1615;1;1;1;1.0;6;320;;M;0.0;0.0;250
6574;201300007253;13;2;1;1830;5;2;1;3.0;6;411;grande rue;M;0.0;0.0;250
6575;201300007254;13;4;6;615;3;1;1;8.0;6;50;;M;4709900.0;662900.0;250
6576;201300007255;13;4;14;445;3;1;1;1.0;6;391;;M;0.0;0.0;250
6577;201300007256;13;5;29;1815;1;1;1;8.0;1;160;;M;0.0;0.0;250
6578;201300007257;13;8;9;1230;1;1;1;1.0;1;99;;M;0.0;0.0;250
6579;201300007258;13;9;22;1400;1;1;1;1.0;7;50;;M;0.0;0.0;250
6580;201300007259;13;10;12;645;3;1;1;8.0;7;50;;M;0.0;0.0;250
6581;201300007260;13;8;1;1130;1;2;1;1.0;6;70;GAULLE (PL. DU GAL. DE);M;4409444.0;623956.0;40
6582;201300007261;13;2;25;2215;3;1;1;1.0;1;171;;M;0.0;0.0;390
6583;201300007262;13;5;22;1000;1;1;1;2.0;3;217;;M;0.0;0.0;390
6584;201300007263;13;6;16;1545;1;1;1;1.0;5;313;;M;0.0;0.0;390
6585;201300007265;13;8;30;1630;1;1;1;1.0;1;327;;M;0.0;0.0;390
6586;201300007266;13;10;24;1700;1;1;1;1.0;7;348;;M;0.0;0.0;390
6587;201300007267;13;11;10;1800;3;1;1;2.0;7;156;;M;0.0;0.0;390
6588;201300007268;13;6;15;1715;1;1;1;7.0;1;21;;M;0.0;0.0;390
6589;201300007269;13;6;18;1015;1;1;1;1.0;1;303;;M;0.0;0.0;390
6590;201300007271;13;10;29;1745;5;2;3;1.0;3;397;CHEMIN DES ALLAMANS;M;0.0;0.0;390
6591;201300007272;13;8;5;1215;1;1;1;1.0;6;422;;M;0.0;0.0;390
6592;201300007273;13;4;2;1015;1;1;1;1.0;7;88;;M;0.0;0.0;390
6593;201300007274;13;6;22;1830;1;2;9;1.0;3;475;avenue Franche Comt?;M;4673600.0;557100.0;390
6594;201300007275;13;7;26;1830;1;1;1;1.0;6;466;;M;0.0;0.0;390
6595;201300007276;13;10;26;1145;1;1;2;1.0;3;474;;M;0.0;0.0;390
6596;201300007277;13;4;4;1530;1;1;1;1.0;1;9;;M;0.0;0.0;390
6597;201300007279;13;6;10;1100;1;1;1;8.0;1;545;;M;0.0;0.0;390
6598;201300007280;13;2;7;815;1;1;1;4.0;3;227;;M;4663800.0;603000.0;390
6599;201300007281;13;5;3;1015;1;1;1;1.0;3;116;;M;4687000.0;581200.0;390
6600;201300007282;13;5;20;1715;1;1;1;8.0;5;81;;M;4688600.0;572000.0;390
6601;201300007283;13;6;30;1545;1;1;1;1.0;6;49;;M;4686500.0;560600.0;390
6602;201300007284;13;7;13;200;3;1;1;1.0;1;13;;M;4691900.0;577100.0;390
6603;201300007285;13;7;27;1415;1;1;1;1.0;1;81;;M;0.0;0.0;390
6604;201300007286;13;7;27;1715;1;2;1;1.0;3;49;rue de la poste;M;4686500.0;560400.0;390
6605;201300007287;13;8;9;1845;1;1;1;1.0;3;13;;M;4690300.0;574500.0;390
6606;201300007288;13;8;29;700;2;1;1;1.0;3;13;;M;4690100.0;573800.0;390
6607;201300007289;13;11;4;1400;1;1;1;3.0;1;434;;M;4682200.0;574000.0;390
6608;201300007290;13;11;11;1715;2;1;1;8.0;3;434;;M;4684000.0;569600.0;390
6609;201300007291;13;6;4;1815;1;1;1;1.0;6;176;;M;0.0;0.0;390
6610;201300007292;13;6;14;1845;1;2;1;1.0;6;436;Route de Champagnole;M;4687600.0;590000.0;390
6611;201300007293;13;7;8;815;1;1;1;1.0;1;500;;M;0.0;0.0;390
6612;201300007294;13;8;29;2345;3;1;1;1.0;7;439;;M;4699600.0;582200.0;390
6613;201300007295;13;9;8;1930;2;1;1;3.0;1;500;;M;0.0;0.0;390
6614;201300007296;13;9;27;745;1;1;3;1.0;3;500;;M;0.0;0.0;390
6615;201300007297;13;10;28;1730;2;1;1;2.0;6;202;;M;0.0;0.0;390
6616;201300007298;13;1;24;2200;5;2;1;1.0;3;526;39 rue de chalon;M;4703600.0;540200.0;390
6617;201300007299;13;4;10;2045;3;1;1;3.0;7;233;;M;4709500.0;545300.0;390
6618;201300007301;13;6;20;1815;1;1;1;1.0;1;270;;M;4714200.0;547500.0;390
6619;201300007302;13;7;12;730;1;2;1;1.0;3;405;RD 905;M;4702700.0;549400.0;390
6620;201300007303;13;7;12;1745;1;2;1;1.0;1;476;;M;4702900.0;533800.0;390
6621;201300007304;13;10;5;515;3;1;6;1.0;3;150;;M;0.0;0.0;390
6622;201300007305;13;11;10;700;2;2;1;2.0;6;101;route de foucherans;M;0.0;0.0;390
6623;201300007308;13;4;15;1030;1;1;1;1.0;1;387;;M;0.0;0.0;390
6624;201300007309;13;7;16;2330;3;1;1;1.0;7;149;;M;4702300.0;572700.0;390
6625;201300007310;13;8;22;2145;3;1;1;1.0;7;415;;M;4692300.0;534300.0;390
6626;201300007311;13;11;7;1615;1;2;1;1.0;3;415;rue de la louvi?re;M;0.0;0.0;390
6627;201300007312;13;3;17;1215;1;1;2;2.0;1;74;;M;4724700.0;555400.0;390
6628;201300007313;13;5;17;745;1;2;1;2.0;1;449;rue Gabriel Toytot;M;4715800.0;548400.0;390
6629;201300007315;13;7;16;2015;1;1;1;1.0;3;499;;M;4723700.0;563900.0;390
6630;201300007316;13;8;30;1415;1;1;1;1.0;1;235;;M;4715100.0;574900.0;390
6631;201300007317;13;2;12;1730;1;1;1;9.0;5;510;;M;0.0;0.0;390
6632;201300007319;13;4;25;1230;1;2;1;1.0;1;102;RUE DU JURA;M;0.0;0.0;390
6633;201300007320;13;7;20;1300;1;1;1;1.0;2;157;;M;0.0;0.0;390
6634;201300007321;13;9;27;1530;1;1;1;1.0;6;491;;M;0.0;0.0;390
6635;201300007322;13;11;28;900;1;1;1;8.0;1;547;;M;0.0;0.0;390
6636;201300007323;13;7;2;800;1;1;1;1.0;3;441;;M;4643300.0;602300.0;390
6637;201300007324;13;7;19;1400;1;2;1;2.0;2;59;1867 RUE FRANCHE COMTE;M;0.0;0.0;390
6638;201300007325;13;7;21;1630;1;2;1;1.0;3;470;RN5 - ROUTE BLANCHE;M;0.0;0.0;390
6639;201300007326;13;8;20;1700;1;1;1;1.0;6;131;;M;0.0;0.0;390
6640;201300007327;13;8;23;2015;2;2;1;1.0;3;368;100 RUE DE LA REPUBLIQUE;M;0.0;0.0;390
6641;201300007328;13;9;15;1645;1;1;1;8.0;7;258;;M;0.0;0.0;390
6642;201300007329;13;10;9;715;2;2;1;1.0;6;115;Rue du faye parcours;M;0.0;0.0;390
6643;201300007330;13;10;30;1415;1;2;1;1.0;3;487;5 rue des pesi?res;M;0.0;0.0;390
6644;201300007331;13;11;26;1745;4;2;1;1.0;6;470;;M;4648000.0;606500.0;390
6645;201300007332;13;12;26;1730;3;1;1;4.0;3;470;;M;4648900.0;604300.0;390
6646;201300007333;13;6;20;740;1;2;9;1.0;3;112;417, DEPARTEMENTALE 4096;;;;40
6647;201300007334;13;6;17;1230;1;2;1;1.0;6;112;POMPIDOU (AV.GEORGES);;;;40
6648;201300007335;13;6;22;1450;1;2;1;1.0;6;112;HAUTE PROVENCE (BD. DE);M;;;40
6649;201300007336;13;6;17;910;1;2;3;1.0;3;112;15, CAIRE (PL. DR.);;;;40
6650;201300007338;13;7;5;1825;1;1;2;1.0;3;112;ROBERT (CH.DE);M;;;40
6651;201300007339;13;7;15;15;3;1;1;1.0;6;42;;M;0.0;0.0;700
6652;201300007341;13;8;21;1400;1;1;1;1.0;6;42;;M;0.0;0.0;700
6653;201300007342;13;11;24;1745;3;1;6;1.0;7;517;;M;0.0;0.0;700
6654;201300007344;13;12;8;730;2;2;1;1.0;6;292;rue victor hugo;M;0.0;0.0;700
6655;201300007345;13;2;21;1845;3;1;2;1.0;3;566;;M;0.0;0.0;700
6656;201300007346;13;3;30;200;3;1;1;2.0;7;457;;M;0.0;0.0;700
6657;201300007347;13;4;16;1215;1;1;1;1.0;5;235;;M;0.0;0.0;700
6658;201300007348;13;4;19;1200;1;2;1;1.0;1;167;rue des communailles;M;0.0;0.0;700
6659;201300007349;13;5;27;1215;1;1;1;1.0;1;278;;M;0.0;0.0;700
6660;201300007350;13;6;10;815;1;2;1;1.0;3;421;Rue Francois MITTERRAND;M;0.0;0.0;700
6661;201300007351;13;8;23;1715;1;1;1;1.0;3;482;;M;0.0;0.0;700
6662;201300007353;13;1;5;1730;2;1;1;8.0;1;431;;M;0.0;0.0;700
6663;201300007355;13;4;25;745;1;2;1;1.0;1;441;rue de fondremand;M;0.0;0.0;700
6664;201300007356;13;9;21;730;2;1;1;5.0;1;109;;M;0.0;0.0;700
6665;201300007357;13;10;10;1300;1;1;1;2.0;1;383;;M;0.0;0.0;700
6666;201300007358;13;11;15;700;2;1;1;1.0;1;407;;M;0.0;0.0;700
6667;201300007359;13;11;27;1000;1;1;5;1.0;5;493;;M;0.0;0.0;700
6668;201300007360;13;12;12;1700;2;1;1;1.0;1;493;;M;0.0;0.0;700
6669;201300007361;13;1;13;815;1;1;1;4.0;6;432;;M;0.0;0.0;700
6670;201300007362;13;3;27;1600;1;1;1;1.0;3;577;;M;0.0;0.0;700
6671;201300007363;13;4;5;1830;1;2;1;8.0;7;4;Rue des genevriers;M;0.0;0.0;700
6672;201300007364;13;4;5;1230;1;1;1;1.0;7;310;;M;0.0;0.0;700
6673;201300007365;13;5;11;1530;1;1;1;1.0;1;262;;M;0.0;0.0;700
6674;201300007366;13;6;5;1845;1;2;1;1.0;7;310;13 RUE MARSOT;M;0.0;0.0;700
6675;201300007367;13;7;31;1630;1;1;1;1.0;6;432;;M;0.0;0.0;700
6676;201300007368;13;9;3;1700;1;2;1;1.0;3;310;100 avenue Carnot;M;0.0;0.0;700
6677;201300007369;13;10;19;1700;1;1;1;1.0;3;260;;M;0.0;0.0;700
6678;201300007371;13;1;4;1515;1;1;1;5.0;5;313;;M;0.0;0.0;700
6679;201300007373;13;7;8;1715;1;2;1;1.0;2;339;38 Grande Rue;M;0.0;0.0;700
6680;201300007374;13;9;9;1715;1;2;1;1.0;1;451;32 rue des mineurs;M;4769900.0;663200.0;700
6681;201300007375;13;11;3;1745;3;1;1;2.0;2;256;;M;0.0;0.0;700
6682;201300007376;13;11;22;2215;5;2;8;1.0;3;120;;M;0.0;0.0;700
6683;201300007377;13;2;10;915;1;1;1;1.0;5;31;;M;0.0;0.0;700
6684;201300007378;13;9;7;1115;1;2;1;1.0;1;506;04 rue du charmois;M;0.0;0.0;700
6685;201300007379;13;9;29;730;1;1;1;2.0;6;96;;M;0.0;0.0;700
6686;201300007380;13;11;8;2345;5;2;1;2.0;3;477;rue de l'eglise;M;0.0;0.0;700
6687;201300007381;13;12;5;1945;3;1;1;9.0;3;530;;M;0.0;0.0;700
6688;201300007382;13;1;6;930;1;1;1;2.0;6;141;;M;0.0;0.0;700
6689;201300007383;13;3;16;1600;1;1;1;1.0;3;473;;M;0.0;0.0;700
6690;201300007384;13;6;4;1745;1;2;1;7.0;1;311;12 rue Grammont;M;0.0;0.0;700
6691;201300007385;13;12;10;550;3;1;1;9.0;7;537;;M;0.0;0.0;700
6692;201300007386;13;1;25;815;1;1;1;8.0;2;240;;M;0.0;0.0;700
6693;201300007387;13;4;4;2130;3;1;1;1.0;7;171;;M;0.0;0.0;700
6694;201300007388;13;6;24;130;3;1;1;1.0;5;245;;M;0.0;0.0;700
6695;201300007391;13;12;10;1100;1;2;1;1.0;6;526;28 GRande Rue;M;0.0;0.0;700
6696;201300007392;13;1;15;1930;3;1;1;4.0;6;331;;M;0.0;0.0;700
6697;201300007393;13;2;6;1930;3;1;1;4.0;7;132;;M;0.0;0.0;700
6698;201300007395;13;7;27;2230;3;1;1;1.0;7;24;;M;0.0;0.0;700
6699;201300007396;13;7;27;1215;1;2;1;1.0;1;279;Avenue Carnot;M;0.0;0.0;700
6700;201300007397;13;7;27;1115;1;1;1;1.0;5;279;;M;0.0;0.0;700
6701;201300007398;13;8;1;100;5;2;1;1.0;7;26;AVENUE DES PARC;M;0.0;0.0;700
6702;201300007399;13;8;30;1730;1;1;1;1.0;1;331;;M;0.0;0.0;700
6703;201300007400;13;10;19;1200;1;2;1;1.0;1;26;49avenue Jean Jaures;M;0.0;0.0;700
6704;201300007401;13;10;21;15;3;1;1;1.0;6;220;;M;0.0;0.0;700
6705;201300007402;13;10;28;1150;1;1;1;8.0;1;279;;M;0.0;0.0;700
6706;201300007403;13;11;8;1800;3;1;1;3.0;1;26;;M;0.0;0.0;700
6707;201300007404;13;1;27;1845;3;2;1;2.0;6;53;route de Fretigney;M;0.0;0.0;700