;Num_Acc;an;mois;jour;hrmn;lum;agg;int;atm;col;com;adr;gps;lat;long;dep
6708;201300007405;13;8;18;2015;2;2;1;1.0;6;568;rue de la grapinet;M;0.0;0.0;700
6709;201300007407;13;4;6;546;3;1;1;1.0;1;15;;M;0.0;0.0;900
6710;201300007409;13;6;4;801;1;1;1;1.0;6;68;;M;0.0;0.0;900
6711;201300007410;13;7;16;2300;3;2;1;1.0;6;87;Route de PHAFFANS;M;0.0;0.0;900
6712;201300007411;13;8;18;1400;1;2;1;1.0;1;93;50 grande rue;M;0.0;0.0;900
6713;201300007412;13;10;26;1255;1;1;1;1.0;4;15;;M;0.0;0.0;900
6714;201300007413;13;1;26;1415;1;1;1;1.0;6;45;;M;0.0;0.0;900
6715;201300007414;13;3;25;645;2;1;1;4.0;6;81;;M;0.0;0.0;900
6716;201300007415;13;4;13;1801;1;1;1;1.0;7;46;;M;0.0;0.0;900
6717;201300007416;13;3;21;1505;1;1;6;1.0;3;91;;M;4769000.0;696000.0;900
6718;201300007417;13;5;3;2345;3;1;1;1.0;6;5;;M;4773200.0;676000.0;900
6719;201300007418;13;6;4;1831;1;2;3;1.0;3;89;rue de Leval;M;4773600.0;697400.0;900
6720;201300007419;13;6;22;1601;1;2;1;1.0;3;89;avenue Jean Moulin;M;0.0;0.0;900
6721;201300007420;13;7;8;315;5;2;1;1.0;6;52;18 faubourg de Belfort;M;4774000.0;683000.0;900
6722;201300007421;13;10;8;1544;1;2;1;2.0;7;58;Rue du general de Gaulle;M;0.0;0.0;900
6723;201300007422;13;10;31;803;1;2;1;1.0;2;23;47 Grande rue CHAUX;M;4771400.0;683800.0;900
6724;201300007423;13;12;11;715;3;2;1;9.0;6;91;rue Principale;M;0.0;0.0;900
6725;201300007424;13;12;13;930;1;1;1;1.0;3;52;;M;0.0;0.0;900
6726;201300007425;13;12;24;830;1;2;1;1.0;3;41;grande rue;M;0.0;0.0;900
6727;201300007426;13;8;12;1100;1;2;1;1.0;3;31;rue des orgues;M;4763200.0;699500.0;900
6728;201300007427;13;8;20;1345;1;1;1;1.0;7;50;;M;0.0;0.0;900
6729;201300007428;13;9;25;1530;1;1;1;1.0;1;53;;M;0.0;0.0;900
6730;201300007430;13;7;30;1930;1;1;1;1.0;5;141;26141;M;0.0;0.0;260
6731;201300007431;13;8;15;1500;1;1;1;1.0;6;69;26069;M;0.0;0.0;260
6732;201300007432;13;8;21;1500;1;1;1;1.0;1;248;26248;M;0.0;0.0;260
6733;201300007433;13;10;30;1400;1;1;1;7.0;6;69;26069;M;0.0;0.0;260
6734;201300007434;13;12;11;1145;1;1;1;9.0;6;277;26277;M;0.0;0.0;260
6735;201300007435;13;1;8;1300;1;1;1;1.0;5;344;A7 PK 0015+0600;M;4539480.0;480822.0;380
6736;201300007436;13;2;8;1615;1;1;1;1.0;5;295;26295;M;0.0;0.0;260
6737;201300007437;13;2;26;445;3;1;1;1.0;2;2;26002;M;0.0;0.0;260
6738;201300007438;13;3;16;1715;1;1;1;1.0;7;448;;M;0.0;0.0;380
6739;201300007439;13;6;22;730;1;1;1;1.0;6;344;;M;0.0;0.0;380
6740;201300007440;13;6;28;1845;1;1;1;1.0;6;295;26295;M;0.0;0.0;260
6741;201300007441;13;7;6;1100;1;1;1;1.0;4;325;26325;M;0.0;0.0;260
6742;201300007442;13;7;8;715;1;1;1;1.0;7;468;;M;0.0;0.0;380
6743;201300007443;13;7;10;400;3;1;1;1.0;3;72;;M;0.0;0.0;380
6744;201300007444;13;8;17;215;3;1;1;1.0;3;19;;M;0.0;0.0;380
6745;201300007445;13;8;24;715;1;1;1;1.0;2;468;;M;0.0;0.0;380
6746;201300007446;13;9;2;715;2;1;1;1.0;2;468;;M;0.0;0.0;380
6747;201300007447;13;10;13;1730;1;1;1;1.0;2;344;;M;0.0;0.0;380
6748;201300007448;13;10;20;1715;1;1;1;1.0;4;344;A7 PK0018+0300;M;4537140.0;480762.0;380
6749;201300007449;13;11;17;2000;3;1;1;1.0;1;344;;M;0.0;0.0;380
6750;201300007450;13;1;17;1915;3;1;1;1.0;5;179;26179;M;0.0;0.0;260
6751;201300007451;13;1;18;2030;3;1;1;1.0;6;252;26252;M;0.0;0.0;260
6752;201300007452;13;2;19;1100;1;1;1;1.0;2;362;26362;M;0.0;0.0;260
6753;201300007453;13;4;14;1230;1;1;1;1.0;5;72;26072;M;0.0;0.0;260
6754;201300007454;13;4;18;715;1;1;1;1.0;6;156;26156;M;0.0;0.0;260
6755;201300007455;13;4;23;415;3;1;1;1.0;2;362;26362;M;0.0;0.0;260
6756;201300007456;13;5;10;1815;1;1;1;1.0;7;124;26124;M;0.0;0.0;260
6757;201300007457;13;6;15;1730;1;1;1;1.0;6;72;26072;M;0.0;0.0;260
6758;201300007458;13;6;27;830;1;1;1;1.0;2;165;26165;M;0.0;0.0;260
6759;201300007459;13;7;3;1900;1;1;1;1.0;6;252;AIRE REPOS PORTE LES VAL;M;0.0;0.0;260
6760;201300007460;13;7;6;1715;1;2;1;7.0;6;124;45 BIS GRANDE RUE;M;4483730.0;489320.0;260
6761;201300007461;13;7;11;1530;1;1;1;1.0;5;206;26206;M;0.0;0.0;260
6762;201300007463;13;7;17;1945;1;1;1;1.0;5;206;26206;M;0.0;0.0;260
6763;201300007465;13;7;16;1445;1;2;2;1.0;1;124;26124;M;0.0;0.0;260
6764;201300007467;13;7;18;1445;1;1;1;1.0;6;185;26185;M;0.0;0.0;260
6765;201300007468;13;8;12;1545;1;1;3;1.0;3;166;26166;M;4474350.0;481990.0;260
6766;201300007469;13;8;13;1745;1;1;1;1.0;2;166;26166;M;0.0;0.0;260
6767;201300007470;13;8;14;1715;2;2;9;1.0;3;170;26170;M;4490020.0;494490.0;260
6768;201300007471;13;8;14;1515;1;1;1;1.0;3;144;26144;M;0.0;0.0;260
6769;201300007472;13;8;19;1030;1;1;1;2.0;1;166;26166;M;0.0;0.0;260
6770;201300007473;13;9;1;915;1;1;1;1.0;6;124;26124;M;0.0;0.0;260
6771;201300007474;13;8;31;1945;2;2;1;1.0;6;313;26313;M;4497100.0;495330.0;260
6772;201300007475;13;9;3;845;1;1;1;1.0;3;6;26006;M;0.0;0.0;260
6773;201300007476;13;9;9;830;1;2;1;1.0;6;124;26124;M;4483700.0;489360.0;260
6774;201300007477;13;9;11;1100;1;1;1;1.0;7;232;26232;M;0.0;0.0;260
6775;201300007478;13;9;11;1945;2;1;1;1.0;3;37;26037;M;0.0;0.0;260
6776;201300007479;13;9;16;1100;1;2;1;1.0;6;166;intersection RN7 D 104 N;M;4475700.0;481900.0;260
6777;201300007480;13;9;20;1545;1;1;2;1.0;3;170;26170;M;0.0;0.0;260
6778;201300007483;13;10;18;2230;3;1;1;1.0;2;252;26252;M;0.0;0.0;260
6779;201300007484;13;10;20;830;1;1;1;3.0;7;72;26072;M;0.0;0.0;260
6780;201300007485;13;10;23;1700;1;1;1;2.0;3;58;26058;M;0.0;0.0;260
6781;201300007486;13;11;7;1715;3;1;1;1.0;6;165;26165;M;0.0;0.0;260
6782;201300007487;13;11;30;1145;1;1;1;8.0;3;358;26358;M;4479500.0;493530.0;260
6783;201300007488;13;12;9;1745;2;1;1;8.0;7;144;26144;M;0.0;0.0;260
6784;201300007489;13;12;10;1530;1;1;1;1.0;6;72;26072;M;0.0;0.0;260
6785;201300007490;13;12;11;1530;1;1;1;1.0;1;64;26064;M;0.0;0.0;260
6786;201300007491;13;12;13;845;1;1;1;1.0;6;337;26337;M;0.0;0.0;260
6787;201300007492;13;12;14;1815;1;1;1;1.0;5;84;;M;0.0;0.0;260
6788;201300007493;13;12;19;1345;1;2;1;2.0;6;42;26042;M;0.0;0.0;260
6789;201300007494;13;7;24;1515;1;2;1;1.0;2;1;;M;4354027.0;548659.0;130
6790;201300007495;13;8;5;1900;2;1;1;1.0;1;80;;M;0.0;0.0;130
6791;201300007496;13;8;20;830;1;2;1;1.0;6;80;Chemin des ?coles;M;4366697.0;543714.0;130
6792;201300007497;13;12;5;2330;3;1;1;1.0;6;48;;M;0.0;0.0;130
6793;201300007498;13;12;15;1845;3;1;1;1.0;5;48;;M;0.0;0.0;130
6794;201300007499;13;7;5;345;3;2;1;1.0;7;67;RD7N, PK 014+430;M;0.0;0.0;130
6795;201300007500;13;7;13;845;1;1;1;1.0;1;53;;M;0.0;0.0;130
6796;201300007501;13;8;18;1930;1;1;1;1.0;2;112;;M;0.0;0.0;130
6797;201300007502;13;8;21;1915;2;1;1;1.0;6;9;;M;0.0;0.0;130
6798;201300007503;13;9;15;1245;1;1;1;1.0;3;34;;M;0.0;0.0;130
6799;201300007504;13;9;24;1530;1;1;1;1.0;3;51;;M;0.0;0.0;130
6800;201300007507;13;10;30;1700;1;1;1;1.0;6;69;;M;0.0;0.0;130
6801;201300007508;13;11;5;930;1;1;1;1.0;3;76;;M;0.0;0.0;130
6802;201300007509;13;11;13;500;3;1;1;1.0;2;49;;M;0.0;0.0;130
6803;201300007510;13;1;7;1730;2;1;1;1.0;3;62;;M;0.0;0.0;130
6804;201300007511;13;1;30;1245;1;2;7;1.0;3;41;cours de la r?publique;M;4345526.0;547073.0;130
6805;201300007512;13;2;7;845;1;2;6;7.0;6;41;Avenue du Pilon du Roy;M;4343401.0;546618.0;130
6806;201300007513;13;2;7;1700;1;2;1;1.0;6;41;;M;0.0;0.0;130
6807;201300007514;13;2;14;1545;1;1;1;1.0;3;15;;M;0.0;0.0;130
6808;201300007515;13;2;26;1130;1;1;1;1.0;6;60;;M;4348847.0;551051.0;130
6809;201300007516;13;3;26;1715;1;2;9;1.0;6;41;;M;4345624.0;546429.0;130
6810;201300007517;13;5;17;845;1;1;1;1.0;3;41;;M;0.0;0.0;130
6811;201300007518;13;5;31;1030;1;1;9;1.0;2;41;;M;0.0;0.0;130
6812;201300007520;13;7;4;2130;2;1;1;1.0;7;60;;M;0.0;0.0;130
6813;201300007521;13;7;15;645;1;1;1;1.0;6;41;;M;4345086.0;549887.0;130
6814;201300007522;13;7;12;1715;1;2;1;1.0;3;62;D58 ROUTE DU PUIT GERARD;M;0.0;0.0;130
6815;201300007523;13;8;9;700;1;1;1;1.0;6;41;;M;4344204.0;545801.0;130
6816;201300007524;13;8;25;345;3;1;1;1.0;6;60;;M;4350350.0;551136.0;130
6817;201300007525;13;9;15;1845;2;1;1;1.0;6;41;;M;4347500.0;546200.0;130
6818;201300007526;13;10;2;1615;1;1;1;1.0;1;41;;M;0.0;0.0;130
6819;201300007528;13;10;13;1800;1;1;1;1.0;3;41;;M;0.0;0.0;130
6820;201300007529;13;10;21;45;5;2;6;8.0;6;41;boulevard bontemps;M;0.0;0.0;130
6821;201300007530;13;12;10;745;2;1;1;9.0;1;62;;M;0.0;0.0;130
6822;201300007531;13;1;14;745;2;1;1;1.0;1;59;;M;0.0;0.0;130
6823;201300007532;13;5;13;715;2;2;1;1.0;1;59;RD96;M;0.0;0.0;130
6824;201300007533;13;5;26;1700;1;1;1;1.0;1;48;;M;4364545.0;567926.0;130
6825;201300007534;13;8;10;1700;1;1;1;1.0;2;99;;M;0.0;0.0;130
6826;201300007535;13;9;2;1715;1;1;1;1.0;3;48;;M;4365342.0;561196.0;130
6827;201300007536;13;11;16;2130;5;2;1;1.0;6;59;RD96;M;0.0;0.0;130
6828;201300007537;13;3;11;1300;1;1;1;1.0;7;107;place de l'eglise;M;4342905.0;543764.0;130
6829;201300007538;13;5;2;1600;1;2;1;1.0;3;15;avenue de provence;M;4344856.0;543177.0;130
6830;201300007539;13;5;4;1215;1;2;3;1.0;3;15;la croix d 'or;M;0.0;0.0;130
6831;201300007540;13;5;21;1715;1;2;1;1.0;1;15;Avenue Thiers;M;4344685.0;541338.0;130
6832;201300007541;13;6;19;500;5;2;9;1.0;6;15;avenue de violesi;M;4344362.0;539759.0;130
6833;201300007542;13;8;23;1515;1;1;1;1.0;2;107;;M;0.0;0.0;130
6834;201300007543;13;10;1;830;1;1;1;1.0;3;41;;M;0.0;0.0;130
6835;201300007544;13;10;31;1930;5;2;1;1.0;1;107;avenue g?n?ral de gaulle;M;0.0;0.0;130
6836;201300007545;13;4;19;1600;1;1;1;1.0;2;72;;M;0.0;0.0;130
6837;201300007546;13;6;4;1500;1;1;3;1.0;7;87;;M;0.0;0.0;130
6838;201300007547;13;6;20;600;1;1;1;1.0;1;79;;M;0.0;0.0;130
6839;201300007548;13;8;19;945;1;1;1;1.0;3;110;;M;0.0;0.0;130
6840;201300007549;13;9;14;830;1;2;4;1.0;3;72;CD 56 B;M;0.0;0.0;130
6841;201300007550;13;10;31;1815;5;1;9;1.0;3;72;;M;4346321.0;561096.0;130
6842;201300007551;13;10;31;1900;3;1;1;1.0;2;110;;M;0.0;0.0;130
6843;201300007553;13;12;19;2130;5;1;4;2.0;6;110;;M;0.0;0.0;130
6844;201300007554;13;1;6;1830;3;1;1;6.0;6;4;;M;0.0;0.0;130
6845;201300007555;13;3;31;15;3;1;1;1.0;6;4;;M;0.0;0.0;130
6846;201300007556;13;6;5;1745;1;2;1;1.0;3;4;;M;0.0;0.0;130
6847;201300007557;13;6;16;1645;1;1;1;1.0;5;4;;M;0.0;0.0;130
6848;201300007559;13;8;2;1600;1;1;1;1.0;1;4;;M;0.0;0.0;130
6849;201300007560;13;9;14;945;1;1;1;1.0;1;4;;M;0.0;0.0;130
6850;201300007561;13;9;20;2300;5;1;9;1.0;6;4;;M;0.0;0.0;130
6851;201300007563;13;10;20;2145;3;2;1;1.0;6;4;rd453;M;0.0;0.0;130
6852;201300007565;13;11;3;1015;1;1;1;1.0;6;4;;M;0.0;0.0;130
6853;201300007566;13;3;9;500;3;1;4;2.0;1;27;;M;0.0;0.0;130
6854;201300007567;13;5;18;600;2;1;1;2.0;6;27;;M;4385922.0;480427.0;130
6855;201300007568;13;7;13;1045;1;1;1;1.0;5;66;;M;0.0;0.0;130
6856;201300007569;13;8;22;815;1;1;1;1.0;3;66;;M;4388435.0;489783.0;130
6857;201300007571;13;3;3;1645;1;1;1;1.0;1;96;;M;0.0;0.0;130
6858;201300007572;13;4;10;2115;3;1;1;1.0;6;96;d570;M;0.0;0.0;130
6859;201300007573;13;8;3;400;3;1;1;1.0;1;96;;M;4354429.0;435510.0;130
6860;201300007574;13;8;25;1330;1;2;1;1.0;6;96;avenue d'Arles;M;4345319.0;442797.0;130
6861;201300007575;13;2;19;2215;3;1;1;1.0;5;97;;M;0.0;0.0;130
6862;201300007576;13;3;26;815;1;1;1;1.0;3;97;;M;0.0;0.0;130
6863;201300007577;13;4;22;2000;1;1;3;1.0;3;97;vers distribike;M;4362501.0;479703.0;130
6864;201300007579;13;7;15;1945;1;1;9;1.0;7;97;;M;4362509.0;474950.0;130
6865;201300007580;13;7;17;1630;1;1;1;1.0;6;97;;M;0.0;0.0;130
6866;201300007581;13;8;22;1600;1;2;7;1.0;6;97;Place du Gnl DE GAULLE;M;4363729.0;480812.0;130
6867;201300007582;13;10;15;1445;1;1;1;1.0;7;97;;M;0.0;0.0;130
6868;201300007583;13;11;14;1630;1;2;1;1.0;5;97;Avenue C?sar Bernaudon;M;4363849.0;481097.0;130
6869;201300007584;13;11;26;1145;1;1;1;1.0;3;97;;M;0.0;0.0;130
6870;201300007585;13;2;3;1445;1;1;1;1.0;6;94;;M;0.0;0.0;130
6871;201300007586;13;2;28;1345;1;2;9;1.0;3;100;chemin de pegomas;M;4379093.0;484074.0;130
6872;201300007587;13;3;9;215;3;1;1;1.0;7;100;;M;0.0;0.0;130
6873;201300007588;13;6;26;115;3;1;1;1.0;6;36;;M;0.0;0.0;130
6874;201300007589;13;12;21;1615;1;1;1;1.0;6;100;;M;4380474.0;482424.0;130
6875;201300007590;13;1;13;1700;2;1;1;2.0;1;42;;M;0.0;0.0;130
6876;201300007591;13;3;22;745;1;2;1;1.0;3;42;chemin des graviers;M;0.0;0.0;130
6877;201300007594;13;6;2;1045;1;1;1;7.0;1;30;;M;0.0;0.0;130
6878;201300007595;13;6;5;1645;1;1;1;1.0;6;30;;M;0.0;0.0;130
6879;201300007596;13;9;3;945;1;2;1;1.0;2;42;D 396 - av. 2? cuir.;M;0.0;0.0;130
6880;201300007598;13;10;29;1315;1;1;1;2.0;6;30;;M;0.0;0.0;130
6881;201300007599;13;11;29;1215;1;1;1;1.0;1;42;;M;4328010.0;562104.0;130
6882;201300007600;13;2;27;1615;1;1;1;1.0;3;22;;M;0.0;0.0;130
6883;201300007602;13;4;6;1615;1;1;1;2.0;6;23;;M;0.0;0.0;130
6884;201300007603;13;5;12;1545;1;1;1;6.0;7;22;avenue de carnux;M;0.0;0.0;130
6885;201300007604;13;5;24;645;1;2;1;1.0;1;23;Avenue Louis JULIEN;M;0.0;0.0;130
6886;201300007605;13;7;21;115;3;1;1;1.0;1;22;;M;0.0;0.0;130
6887;201300007606;13;8;11;745;1;2;1;1.0;3;22;AVENUE ALPHONSE DAUDET;M;4321803.0;553627.0;130
6888;201300007607;13;9;10;1745;1;2;1;1.0;3;22;AVENUE MARECHAL FOCH;M;0.0;0.0;130
6889;201300007608;13;10;17;1000;1;2;1;1.0;6;22;avenue du 11 novembre 18;M;4321639.0;554278.0;130
6890;201300007609;13;6;2;1545;1;1;1;1.0;1;85;;M;0.0;0.0;130
6891;201300007610;13;7;11;1230;1;1;3;1.0;3;85;;M;0.0;0.0;130
6892;201300007611;13;8;4;1900;1;2;9;1.0;1;119;;M;4325196.0;555703.0;130
6893;201300007612;13;9;26;1745;1;2;1;1.0;3;85;avenue Ghirardelli;M;0.0;0.0;130
6894;201300007613;13;6;12;1830;1;2;2;1.0;3;73;AVENUE DE LA LIBERATION;M;0.0;0.0;130
6895;201300007614;13;6;16;1800;1;1;1;1.0;1;13;;M;0.0;0.0;130
6896;201300007615;13;1;25;2000;3;1;1;1.0;5;86;;M;0.0;0.0;130
6897;201300007616;13;2;16;1930;5;2;3;1.0;3;86;Pont de l'Etoile;M;0.0;0.0;130
6898;201300007617;13;5;31;1545;1;2;1;1.0;6;86;10 RD 96  ch de GAULLE;M;0.0;0.0;130
6899;201300007618;13;6;24;1530;1;1;1;1.0;7;7;;M;4333005.0;568249.0;130
6900;201300007620;13;9;27;1200;1;2;1;1.0;2;7;Quartier Le Serre Rd 560;M;0.0;0.0;130
6901;201300007621;13;10;14;730;2;1;1;1.0;1;7;;M;0.0;0.0;130
6902;201300007622;13;10;30;1200;1;2;1;1.0;6;86;Av des Alli?s;M;0.0;0.0;130
6903;201300007623;13;11;9;1845;5;2;1;8.0;3;7;RN96 PR 9+300;M;0.0;0.0;130
6904;201300007624;13;11;15;2000;3;1;1;1.0;1;7;;M;0.0;0.0;130
6905;201300007625;13;11;20;645;5;1;1;1.0;6;7;;M;4336537.0;561173.0;130
6906;201300007626;13;12;29;1500;1;2;1;1.0;5;86;RD96 _ Pont de l'Etoile;M;0.0;0.0;130
6907;201300007627;13;2;19;630;2;1;1;1.0;7;14;;M;0.0;0.0;130
6908;201300007628;13;4;22;1615;1;1;1;1.0;2;14;;M;4349011.0;519944.0;130
6909;201300007629;13;6;17;1515;1;1;1;1.0;1;92;;M;0.0;0.0;130
6910;201300007630;13;7;25;2300;3;1;8;1.0;6;14;;M;0.0;0.0;130
6911;201300007631;13;8;2;830;1;2;1;1.0;6;14;place Jean Moulin;M;4347602.0;516781.0;130
6912;201300007632;13;1;11;1900;3;1;1;1.0;1;3;;M;0.0;0.0;130
6913;201300007633;13;10;3;945;1;1;1;1.0;1;35;;M;0.0;0.0;130
6914;201300007634;13;5;17;830;1;1;1;1.0;5;53;;M;0.0;0.0;130
6915;201300007635;13;7;28;1030;1;1;1;7.0;6;53;;M;4371761.0;518771.0;130
6916;201300007636;13;9;18;1330;1;1;1;1.0;3;3;;M;0.0;0.0;130
6917;201300007637;13;10;7;1745;1;1;1;1.0;1;115;;M;0.0;0.0;130
6918;201300007638;13;1;10;745;2;1;1;1.0;3;67;;M;0.0;0.0;130
6919;201300007639;13;2;16;2200;3;1;1;1.0;7;67;;M;0.0;0.0;130
6920;201300007640;13;6;13;345;5;1;1;1.0;6;67;;M;0.0;0.0;130
6921;201300007641;13;6;14;1745;1;2;1;1.0;6;76;;M;0.0;0.0;130
6922;201300007643;13;7;20;530;2;1;1;1.0;6;67;;M;4377751.0;505318.0;130
6923;201300007644;13;7;22;930;1;1;1;1.0;1;34;;M;0.0;0.0;130
6924;201300007645;13;8;9;1730;1;1;1;1.0;1;67;;M;4377551.0;505450.0;130
6925;201300007649;13;10;3;1615;1;1;1;1.0;6;76;;M;0.0;0.0;130
6926;201300007650;13;10;18;300;3;1;1;1.0;6;64;;M;0.0;0.0;130
6927;201300007651;13;11;5;2300;3;1;1;2.0;6;76;;M;0.0;0.0;130
6928;201300007652;13;1;24;115;1;1;1;1.0;3;117;;M;0.0;0.0;130
6929;201300007654;13;9;3;630;2;1;1;1.0;3;81;;M;0.0;0.0;130
6930;201300007655;13;12;14;515;3;1;1;1.0;3;81;;M;0.0;0.0;130
6931;201300007656;13;2;13;1945;3;1;1;1.0;3;82;;M;0.0;0.0;130
6932;201300007657;13;9;30;815;1;1;2;1.0;1;84;;M;4372565.0;528691.0;130
6933;201300007658;13;10;16;1515;1;1;1;1.0;2;84;;M;0.0;0.0;130
6934;201300007659;13;10;25;845;2;2;1;7.0;3;93;RD 561;M;0.0;0.0;130
6935;201300007660;13;1;5;145;3;1;1;1.0;6;122;;M;0.0;0.0;40
6936;201300007661;13;1;11;1100;1;1;1;1.0;2;1;;M;0.0;0.0;40
6937;201300007662;13;8;4;1015;1;1;1;1.0;1;24;;M;0.0;0.0;40
6938;201300007663;13;8;13;1500;1;1;1;1.0;4;70;;M;0.0;0.0;40
6939;201300007665;13;9;8;1245;1;1;9;1.0;3;97;;M;0.0;0.0;40
6940;201300007666;13;9;18;900;2;1;1;1.0;1;122;;M;0.0;0.0;40
6941;201300007667;13;2;22;2100;3;1;1;1.0;1;94;;M;0.0;0.0;40
6942;201300007668;13;3;22;1700;1;1;1;1.0;5;230;;M;0.0;0.0;40
6943;201300007669;13;5;12;930;1;1;1;1.0;5;94;;M;0.0;0.0;40
6944;201300007670;13;5;24;2215;3;1;1;1.0;1;189;;M;0.0;0.0;40
6945;201300007671;13;8;1;45;3;1;1;1.0;6;230;;M;0.0;0.0;40
6946;201300007672;13;8;7;1800;1;1;1;1.0;3;230;;M;0.0;0.0;40
6947;201300007673;13;9;27;2145;3;1;1;1.0;7;230;;M;0.0;0.0;40
6948;201300007674;13;10;12;630;3;2;1;1.0;6;94;parking Villa Borghese;M;0.0;0.0;40
6949;201300007675;13;1;27;500;5;2;7;1.0;6;143;rue GIAI MINIET;M;0.0;0.0;40
6950;201300007676;13;4;22;1845;1;1;1;3.0;7;116;;M;0.0;0.0;40
6951;201300007677;13;5;6;1345;1;1;1;1.0;6;106;;M;0.0;0.0;40
6952;201300007678;13;5;20;1930;1;1;1;1.0;3;143;;M;0.0;0.0;40
6953;201300007679;13;6;14;1400;1;1;1;1.0;1;41;;M;0.0;0.0;40
6954;201300007680;13;8;1;1545;1;2;1;1.0;1;149;Avenue de la lib?ration;M;0.0;0.0;40
6955;201300007681;13;9;16;1645;1;1;1;1.0;6;91;;M;0.0;0.0;40
6956;201300007682;13;9;26;45;3;1;1;1.0;6;91;;M;0.0;0.0;40
6957;201300007683;13;11;17;600;3;1;1;8.0;6;116;;M;0.0;0.0;40
6958;201300007684;13;12;19;1145;1;1;1;2.0;1;34;;M;0.0;0.0;40
6959;201300007685;13;12;24;1115;1;1;1;1.0;6;116;;M;0.0;0.0;40
6960;201300007686;13;6;10;730;1;1;1;1.0;6;74;;M;0.0;0.0;40
6961;201300007687;13;6;14;1500;1;1;1;1.0;7;22;;M;0.0;0.0;40
6962;201300007688;13;6;30;2345;3;1;1;1.0;7;84;;M;0.0;0.0;40
6963;201300007689;13;10;5;1645;1;1;1;1.0;6;74;;M;4402800.0;625400.0;40
6964;201300007690;13;11;3;1500;1;1;1;1.0;6;54;;M;0.0;0.0;40
6965;201300007691;13;5;31;1740;1;1;1;1.0;6;100;;M;4444000.0;687200.0;40
6966;201300007692;13;6;16;1645;1;2;1;1.0;1;96;cd 900;M;0.0;0.0;40
6967;201300007693;13;6;22;1130;1;1;1;1.0;1;62;;M;0.0;0.0;40
6968;201300007694;13;6;22;1545;1;1;1;1.0;1;62;;M;0.0;0.0;40
6969;201300007695;13;8;5;1515;1;1;1;1.0;1;96;;M;0.0;0.0;40
6970;201300007696;13;9;30;1615;1;2;1;1.0;3;96;Col de La Bonette;M;4433900.0;679100.0;40
6971;201300007697;13;12;23;1100;1;2;7;1.0;6;19;place aimé gassier;M;0.0;0.0;40
6972;201300007698;13;3;17;1730;1;1;1;4.0;1;237;;M;0.0;0.0;40
6973;201300007699;13;5;5;1345;1;1;1;1.0;7;126;;M;0.0;0.0;40
6974;201300007700;13;7;11;1115;1;1;1;1.0;2;203;;M;0.0;0.0;40
6975;201300007701;13;6;15;1315;1;1;1;1.0;1;69;;M;0.0;0.0;40
6976;201300007702;13;7;7;1030;1;1;1;1.0;6;171;;M;0.0;0.0;40
6977;201300007703;13;7;6;1445;1;1;1;1.0;6;171;;M;0.0;0.0;40
6978;201300007704;13;8;6;1715;1;1;1;1.0;6;183;;M;4391700.0;654900.0;40
6979;201300007705;13;8;14;1745;1;1;9;2.0;6;39;;M;0.0;0.0;40
6980;201300007706;13;8;31;1315;1;1;1;1.0;1;39;;M;0.0;0.0;40
6981;201300007707;13;9;6;1415;1;1;1;1.0;7;148;;M;0.0;0.0;40
6982;201300007708;13;11;7;1700;1;2;1;1.0;6;39;avenue sous prefecture;M;0.0;0.0;40
6983;201300007709;13;11;11;1130;1;1;1;1.0;7;171;;M;4380800.0;644200.0;40
6984;201300007710;13;11;22;1415;1;1;1;1.0;6;148;;M;0.0;0.0;40
6985;201300007711;13;9;22;1700;1;1;1;1.0;1;42;;M;0.0;0.0;40
6986;201300007712;13;9;27;630;2;1;1;1.0;3;236;;M;4391600.0;660500.0;40
6987;201300007713;13;3;3;1730;2;1;1;1.0;1;173;;M;4394400.0;652300.0;40
6988;201300007714;13;8;15;2345;3;1;1;1.0;1;61;;M;0.0;0.0;40
6989;201300007715;13;8;23;1715;1;2;1;1.0;1;6;croisement du lac RD.908;M;4423860.0;662904.0;40
6990;201300007716;13;6;15;1445;1;1;1;1.0;3;124;;M;0.0;0.0;40
6991;201300007717;13;1;11;1445;1;1;1;1.0;3;88;;M;0.0;0.0;40
6992;201300007718;13;5;25;400;3;2;1;1.0;6;88;Avenue de la Paix;M;4395241.0;577382.0;40
6993;201300007719;13;6;27;645;2;1;1;1.0;7;160;;M;0.0;0.0;40
6994;201300007721;13;12;9;1200;1;1;1;1.0;1;88;;M;0.0;0.0;40
6995;201300007722;13;7;20;530;2;1;1;1.0;3;130;;M;0.0;0.0;40
6996;201300007723;13;8;19;1500;1;2;1;1.0;7;163;route de sault;M;0.0;0.0;40
6997;201300007724;13;1;29;815;1;1;1;2.0;6;152;;M;0.0;0.0;40
6998;201300007725;13;3;12;1645;1;1;1;1.0;3;197;;M;0.0;0.0;40
6999;201300007726;13;4;5;930;1;1;1;1.0;6;152;;M;0.0;0.0;40
7000;201300007727;13;4;18;930;1;1;1;1.0;6;197;;M;0.0;0.0;40
7001;201300007728;13;6;18;845;1;1;1;1.0;1;63;;M;0.0;0.0;40
7002;201300007729;13;8;20;230;3;1;1;1.0;6;112;;M;0.0;0.0;40
7003;201300007730;13;10;9;1515;1;2;1;1.0;1;152;RD 06, route la Bastide;M;0.0;0.0;40
7004;201300007731;13;11;9;1745;1;1;1;1.0;6;118;;M;0.0;0.0;40
7005;201300007734;13;3;9;2045;3;1;6;1.0;6;209;;M;0.0;0.0;40
7006;201300007735;13;5;11;1545;1;1;1;1.0;2;79;;M;0.0;0.0;40
7007;201300007736;13;7;28;1945;1;2;9;1.0;3;49;RD4096  PK48+100 Avenue;M;0.0;0.0;40
7008;201300007737;13;6;6;1400;1;1;1;1.0;2;160;;M;4424708.0;569183.0;50
7009;201300007738;13;12;19;1200;1;1;1;9.0;7;148;;M;4465099.0;608886.0;50
7010;201300007739;13;12;23;945;1;2;1;1.0;6;132;rue de chaillol RD43;M;4468329.0;607963.0;50
7011;201300007740;13;12;29;2300;3;1;1;4.0;7;2;;M;0.0;0.0;50
7012;201300007741;13;5;12;1200;1;1;2;1.0;3;50;;M;4446390.0;622181.0;50
7013;201300007742;13;6;9;1815;1;1;1;2.0;1;170;petit collet;M;4446335.0;604415.0;50
7014;201300007743;13;6;15;1815;1;1;1;1.0;2;127;;M;4446812.0;625721.0;50