;Num_Acc;an;mois;jour;hrmn;lum;agg;int;atm;col;com;adr;gps;lat;long;dep
7015;201300007744;13;6;22;1045;1;2;1;1.0;3;184;CD 20 PAN DE VITROLLES;M;4441280.0;595332.0;50
7016;201300007745;13;6;23;1845;1;1;1;1.0;1;68;;M;4450717.0;607982.0;50
7017;201300007746;13;6;29;1330;1;1;1;1.0;1;168;;M;0.0;0.0;50
7018;201300007747;13;8;7;15;5;2;7;1.0;1;166;parking de la libert?;M;4442900.0;571700.0;50
7019;201300007748;13;7;15;1045;1;1;1;1.0;3;87;;M;0.0;0.0;50
7020;201300007750;13;8;23;1700;1;1;1;1.0;1;8;;M;4449632.0;572925.0;50
7021;201300007751;13;9;15;1945;2;1;1;1.0;7;154;;M;0.0;0.0;50
7022;201300007752;13;9;29;1745;1;1;1;1.0;1;146;;M;4464164.0;569838.0;50
7023;201300007753;13;1;13;1645;1;1;1;1.0;3;151;;M;4484289.0;657703.0;50
7024;201300007754;13;1;31;1900;3;1;1;1.0;1;180;La Batie des Vigneaux;M;4481096.0;655982.0;50
7025;201300007755;13;7;6;1615;1;1;1;1.0;1;63;;M;4504900.0;630300.0;50
7026;201300007757;13;8;19;2130;3;1;1;1.0;6;133;;M;4492676.0;660135.0;50
7027;201300007758;13;9;29;400;3;1;1;1.0;7;79;;M;4495935.0;654073.0;50
7028;201300007760;13;6;27;1415;1;2;1;1.0;6;46;;M;4456266.0;649125.0;50
7029;201300007761;13;7;13;1545;1;1;1;1.0;3;163;;M;4447035.0;632840.0;50
7030;201300007762;13;8;6;300;5;2;1;1.0;6;46;N2094, pont de frache;M;4456994.0;650258.0;50
7031;201300007763;13;6;14;1330;1;1;1;1.0;3;7;;M;4470645.0;672568.0;50
7032;201300007765;13;1;31;1015;1;1;1;1.0;3;17;05230;M;4456354.0;619624.0;50
7033;201300007766;13;2;13;1430;1;1;1;4.0;3;17;05230;M;4457324.0;617307.0;50
7034;201300007767;13;4;8;1515;1;1;1;3.0;1;17;05230;M;4456830.0;618796.0;50
7035;201300007768;13;4;8;1345;1;1;1;3.0;1;11;05230;M;4452722.0;617972.0;50
7036;201300007770;13;8;16;1715;1;1;1;1.0;1;17;;M;4456958.0;618315.0;50
7037;201300007771;13;9;8;830;1;1;1;1.0;1;124;;M;4457721.0;615355.0;50
7038;201300007772;13;12;28;845;1;1;1;2.0;6;40;;M;4455152.0;625543.0;50
7039;201300007773;13;6;30;1745;1;2;1;1.0;1;65;rond point du Chagne;M;4465580.0;664537.0;50
7040;201300007775;13;1;28;1145;2;1;1;2.0;6;48;;M;0.0;0.0;60
7041;201300007776;13;6;14;2000;1;2;1;1.0;1;48;Av flaminius raiberti;M;0.0;0.0;60
7042;201300007777;13;6;16;1645;1;2;1;1.0;1;48;300 avenue bourriglione;M;0.0;0.0;60
7043;201300007778;13;7;23;1130;1;2;1;1.0;2;14;Avenue Ren? Fatou;M;0.0;0.0;60
7044;201300007779;13;9;17;1615;1;2;1;1.0;1;48;4451 ROUTE DE SCLOS;M;0.0;0.0;60
7045;201300007780;13;9;24;845;1;2;1;1.0;2;43;route du soleil;M;0.0;0.0;60
7046;201300007781;13;11;5;1000;1;2;1;1.0;6;19;17 route nationale;M;0.0;0.0;60
7047;201300007782;13;6;11;1430;1;1;1;1.0;3;57;;M;0.0;0.0;60
7048;201300007783;13;7;23;1715;1;1;1;1.0;6;92;;M;0.0;0.0;60
7049;201300007784;13;7;30;1730;1;1;1;1.0;1;91;;M;0.0;0.0;60
7050;201300007785;13;9;11;1800;1;1;1;1.0;3;142;;M;0.0;0.0;60
7051;201300007786;13;10;16;1830;1;1;1;1.0;1;77;;M;0.0;0.0;60
7052;201300007787;13;10;18;1530;1;1;1;1.0;1;48;;M;0.0;0.0;60
7053;201300007788;13;10;13;1215;1;1;1;1.0;3;117;;M;4381900.0;722900.0;60
7054;201300007789;13;1;11;1930;5;2;6;1.0;6;54;2 avenue G?n?ral de Gaul;M;0.0;0.0;60
7055;201300007790;13;2;5;730;5;1;1;1.0;3;31;;M;0.0;0.0;60
7056;201300007791;13;3;27;2015;5;2;1;1.0;1;149;Bd de la Roma;M;4472600.0;731900.0;60
7057;201300007792;13;9;18;715;1;1;1;1.0;3;31;;M;0.0;0.0;60
7058;201300007793;13;6;20;1015;1;2;1;1.0;6;121;Mont?e Mireille Delfino;M;0.0;0.0;60
7059;201300007796;13;3;27;1045;1;2;6;1.0;3;90;rond point de l ecluse;M;0.0;0.0;60
7060;201300007797;13;4;13;2030;5;2;1;1.0;3;79;292 AVENUE DE CANNES;M;0.0;0.0;60
7061;201300007798;13;4;19;1830;2;2;1;2.0;3;79;AVENUE DE FREJUS;M;0.0;0.0;60
7062;201300007799;13;4;19;1715;1;1;1;1.0;2;79;;M;0.0;0.0;60
7063;201300007800;13;5;15;1100;1;2;7;1.0;6;108;place Jos? Thomas;M;0.0;0.0;60
7064;201300007802;13;7;18;1130;1;2;1;1.0;3;7;;M;0.0;0.0;60
7065;201300007803;13;8;1;1245;1;2;1;1.0;3;108;1003 Avenue du 08 Mai;M;0.0;0.0;60
7066;201300007804;13;8;4;2000;1;2;1;1.0;1;7;d509 PK 0+250;M;0.0;0.0;60
7067;201300007805;13;8;20;1030;1;1;1;1.0;3;138;;M;0.0;0.0;60
7068;201300007806;13;8;21;1930;1;2;6;1.0;3;79;rond poind de la canardi;M;0.0;0.0;60
7069;201300007807;13;8;27;830;1;2;1;1.0;3;79;rue marcel pagnol;M;0.0;0.0;60
7070;201300007808;13;9;4;1315;1;2;1;1.0;1;79;BOULEVARD CORNICHE D OR;M;0.0;0.0;60
7071;201300007809;13;9;6;1230;1;1;1;1.0;3;79;;M;0.0;0.0;60
7072;201300007810;13;9;17;1900;1;1;1;1.0;3;138;;M;0.0;0.0;60
7073;201300007811;13;9;24;1730;1;2;1;1.0;3;79;;M;0.0;0.0;60
7074;201300007812;13;10;1;1730;1;2;1;1.0;6;108;1120 avenue de la r?publ;M;0.0;0.0;60
7075;201300007813;13;10;12;715;2;2;1;1.0;3;90;route de Grasse;M;0.0;0.0;60
7076;201300007815;13;11;27;715;2;2;1;1.0;2;79;av de cannes;M;0.0;0.0;60
7077;201300007819;13;6;7;1400;1;1;1;1.0;1;58;;M;0.0;0.0;60
7078;201300007820;13;8;22;1400;1;1;1;1.0;1;3;;M;4377800.0;683800.0;60
7079;201300007821;13;10;11;1100;1;1;1;1.0;6;70;;M;0.0;0.0;60
7080;201300007822;13;12;29;1145;1;1;1;9.0;7;70;;M;0.0;0.0;60
7081;201300007823;13;2;6;915;1;2;1;1.0;6;157;avenue emile hugues;M;0.0;0.0;60
7082;201300007824;13;4;3;1915;1;2;1;1.0;7;157;avenue Ricolfi;M;0.0;0.0;60
7083;201300007825;13;5;30;1930;1;2;1;2.0;1;122;2925 route de Vence;M;0.0;0.0;60
7084;201300007826;13;8;1;100;3;1;1;1.0;3;157;;M;0.0;0.0;60
7085;201300007827;13;8;16;1515;1;1;1;1.0;6;50;;M;0.0;0.0;60
7086;201300007828;13;8;20;115;5;2;1;1.0;6;157;201 g?n?ral leclerc;M;0.0;0.0;60
7087;201300007829;13;10;23;1930;3;1;1;2.0;1;128;;M;0.0;0.0;60
7088;201300007830;13;11;9;1345;1;1;1;1.0;6;128;;M;0.0;0.0;60
7089;201300007831;13;12;3;930;1;2;1;1.0;6;157;44 avenue foch;M;0.0;0.0;60
7090;201300007832;13;3;12;2115;3;1;1;1.0;1;33;;M;;;60
7091;201300007833;13;7;7;1530;1;1;1;1.0;3;33;;M;0.0;0.0;60
7092;201300007834;13;7;26;1415;1;1;9;1.0;1;34;;M;0.0;0.0;60
7093;201300007836;13;11;18;1445;1;1;1;2.0;1;34;;M;0.0;0.0;60
7094;201300007837;13;5;23;1130;1;1;1;1.0;6;36;;M;0.0;0.0;60
7095;201300007838;13;7;19;1215;1;1;1;2.0;6;36;;M;0.0;0.0;60
7096;201300007839;13;1;5;1615;1;1;1;1.0;1;23;;M;0.0;0.0;60
7097;201300007840;13;3;3;1500;1;2;1;1.0;6;23;33 boulevard Rouvier;M;0.0;0.0;60
7098;201300007841;13;8;18;1245;1;2;1;1.0;6;132;RD 6204 PK 14+900;M;4399100.0;754700.0;60
7099;201300007842;13;1;8;830;1;2;1;1.0;6;32;Bd jardin Exotique;M;0.0;0.0;60
7100;201300007844;13;4;30;100;5;2;1;3.0;6;59;12 avenue de la Libert?;M;0.0;0.0;60
7101;201300007845;13;5;26;1830;1;2;1;1.0;6;32;6 avenue du 03 septembre;M;0.0;0.0;60
7102;201300007846;13;7;3;1230;1;2;1;1.0;6;32;;M;0.0;0.0;60
7103;201300007847;13;7;19;2200;3;1;1;1.0;7;150;;M;0.0;0.0;60
7104;201300007848;13;9;4;845;1;1;1;1.0;7;59;;M;0.0;0.0;60
7105;201300007849;13;9;19;2315;3;1;1;1.0;6;32;;M;4321300.0;766400.0;60
7106;201300007852;13;5;14;1430;1;1;1;1.0;1;71;;M;4409500.0;685500.0;60
7107;201300007853;13;6;2;1215;1;1;1;1.0;6;160;;M;4412200.0;680400.0;60
7108;201300007854;13;6;24;1145;1;1;1;1.0;3;71;;M;4408900.0;685800.0;60
7109;201300007855;13;8;11;1530;1;1;1;1.0;1;71;;M;4408800.0;686700.0;60
7110;201300007856;13;8;15;1615;1;1;1;1.0;1;16;;M;4407300.0;698600.0;60
7111;201300007857;13;9;18;1715;1;1;1;1.0;1;141;;M;4386700.0;711600.0;60
7112;201300007858;13;8;15;945;1;1;1;1.0;5;73;;M;0.0;0.0;60
7113;201300007859;13;1;25;745;1;2;1;1.0;2;4;Boulevard Peymarlier;M;4345167.0;648502.0;830
7114;201300007861;13;3;8;1945;3;2;1;2.0;6;8;390 chemin des combes;M;4353736.0;668827.0;830
7115;201300007862;13;6;25;1630;1;1;1;1.0;1;8;;M;0.0;0.0;830
7116;201300007863;13;7;27;1500;1;1;1;1.0;1;86;;M;0.0;0.0;830
7117;201300007865;13;9;28;1215;1;1;1;1.0;1;4;;M;0.0;0.0;830
7118;201300007866;13;11;8;1630;1;1;1;1.0;3;148;;M;0.0;0.0;830
7119;201300007867;13;11;9;1045;1;1;1;1.0;6;134;;M;0.0;0.0;830
7120;201300007868;13;11;14;1600;1;1;1;1.0;6;134;;M;4346700.0;643800.0;830
7121;201300007869;13;5;8;1245;1;1;1;1.0;6;74;;M;0.0;0.0;830
7122;201300007870;13;6;5;1745;1;1;1;1.0;6;85;;M;0.0;0.0;830
7123;201300007871;13;6;30;1245;1;1;1;1.0;7;38;;M;0.0;0.0;830
7124;201300007872;13;7;7;1845;1;1;1;9.0;1;40;;M;0.0;0.0;830
7125;201300007874;13;8;7;1130;1;1;1;1.0;6;13;;M;0.0;0.0;830
7126;201300007875;13;8;11;1845;1;1;1;1.0;1;28;;M;0.0;0.0;830
7127;201300007876;13;10;4;1400;1;1;1;1.0;3;85;;M;0.0;0.0;830
7128;201300007877;13;10;6;1730;1;1;1;2.0;6;82;;M;0.0;0.0;830
7129;201300007878;13;11;3;1745;1;1;1;1.0;7;82;;M;0.0;0.0;830
7130;201300007880;13;4;19;745;1;1;1;1.0;1;133;;M;0.0;0.0;830
7131;201300007881;13;4;20;1215;1;1;1;1.0;1;133;;M;0.0;0.0;830
7132;201300007882;13;5;4;645;2;1;1;1.0;1;29;;M;4361543.0;674613.0;830
7133;201300007883;13;5;16;1030;1;1;1;8.0;1;81;;M;0.0;0.0;830
7134;201300007884;13;6;26;1830;1;1;1;1.0;7;80;;M;0.0;0.0;830
7135;201300007885;13;8;26;2015;2;1;1;1.0;1;55;;M;0.0;0.0;830
7136;201300007886;13;10;13;1030;1;1;1;1.0;2;138;;M;0.0;0.0;830
7137;201300007887;13;10;23;1815;1;1;1;1.0;3;55;;M;0.0;0.0;830
7138;201300007888;13;11;6;1545;1;1;1;1.0;2;81;;M;0.0;0.0;830
7139;201300007889;13;3;6;800;1;1;1;2.0;1;136;;M;0.0;0.0;830
7140;201300007890;13;3;14;1030;1;2;1;1.0;2;72;;M;0.0;0.0;830
7141;201300007891;13;8;26;845;1;1;1;1.0;7;72;;M;0.0;0.0;830
7142;201300007892;13;10;24;715;2;1;1;1.0;6;72;;M;0.0;0.0;830
7143;201300007893;13;5;22;1845;1;2;6;7.0;3;31;Rond point ESCOTA;M;0.0;0.0;830
7144;201300007894;13;6;6;1815;1;2;1;1.0;6;73;Parking - Av. Barbaroux;M;4339382.0;631516.0;830
7145;201300007895;13;6;12;1530;1;1;1;1.0;6;31;;M;4339300.0;637700.0;830
7146;201300007896;13;7;21;1045;1;1;1;1.0;1;57;;M;0.0;0.0;830
7147;201300007897;13;9;26;1430;1;1;1;1.0;3;92;;M;0.0;0.0;830
7148;201300007898;13;12;10;700;2;2;1;5.0;1;92;D78 Chemin des Platri?re;M;0.0;0.0;830
7149;201300007899;13;4;16;1500;1;1;1;1.0;1;128;;M;0.0;0.0;830
7150;201300007900;13;5;20;1100;1;1;1;1.0;3;7;;M;0.0;0.0;830
7151;201300007901;13;6;16;200;3;1;1;1.0;7;139;;M;0.0;0.0;830
7152;201300007902;13;6;17;1415;1;1;1;1.0;6;121;;M;0.0;0.0;830
7153;201300007903;13;8;10;2200;3;1;1;1.0;6;15;;M;0.0;0.0;830
7154;201300007904;13;10;7;1645;1;1;1;1.0;1;149;;M;0.0;0.0;830
7155;201300007905;13;10;20;1600;1;1;1;8.0;1;15;;M;0.0;0.0;830
7156;201300007906;13;10;26;115;3;1;1;1.0;6;7;;M;0.0;0.0;830
7157;201300007907;13;10;29;1000;1;2;6;2.0;7;102;ROND POINT DE ST JEAN;M;0.0;0.0;830
7158;201300007908;13;11;5;1715;2;1;1;1.0;6;15;;M;0.0;0.0;830
7159;201300007909;13;12;16;930;2;1;1;1.0;3;149;;M;0.0;0.0;830
7160;201300007911;13;4;6;1330;1;1;1;1.0;1;23;;M;0.0;0.0;830
7161;201300007912;13;4;21;1500;1;1;1;1.0;5;23;;M;0.0;0.0;830
7162;201300007913;13;4;24;600;2;2;6;1.0;7;23;RDN7;M;0.0;0.0;830
7163;201300007914;13;5;3;1630;1;2;1;1.0;1;37;D405;M;0.0;0.0;830
7164;201300007915;13;5;7;1215;1;1;1;1.0;7;30;;M;0.0;0.0;830
7165;201300007916;13;5;9;1915;1;1;1;1.0;3;23;;M;0.0;0.0;830
7166;201300007917;13;5;11;1030;1;1;6;1.0;3;23;;M;0.0;0.0;830
7167;201300007918;13;6;4;1445;1;1;1;1.0;1;23;;M;0.0;0.0;830
7168;201300007919;13;6;10;1530;1;1;1;1.0;6;23;;M;0.0;0.0;830
7169;201300007920;13;7;11;1345;1;1;3;1.0;3;23;;M;0.0;0.0;830
7170;201300007921;13;7;15;1000;1;2;1;1.0;6;23;av de la burliere;M;4340842.0;606425.0;830
7171;201300007922;13;8;14;1900;1;2;1;1.0;3;23;Chemin de ceinture;M;4340320.0;605259.0;830
7172;201300007923;13;8;25;1700;1;1;1;1.0;1;23;;M;0.0;0.0;830
7173;201300007924;13;8;25;2045;3;1;1;1.0;5;23;;M;0.0;0.0;830
7174;201300007925;13;8;28;1145;1;2;1;1.0;6;23;Avenue DREO;M;4340596.0;606677.0;830
7175;201300007926;13;9;22;1715;1;1;1;1.0;3;143;;M;0.0;0.0;830
7176;201300007927;13;10;7;845;1;1;1;1.0;6;37;;M;0.0;0.0;830
7177;201300007928;13;11;5;1830;5;2;1;1.0;6;23;49, rue barbaroux;M;4340850.0;606403.0;830
7178;201300007930;13;4;15;1715;1;2;3;1.0;3;45;RD45 PR6;M;0.0;0.0;830
7179;201300007931;13;5;10;845;1;2;3;2.0;6;95;Passage du Mont Olympe;M;0.0;0.0;830
7180;201300007932;13;8;14;1845;1;1;1;8.0;7;32;;M;0.0;0.0;830
7181;201300007933;13;9;3;1645;1;1;1;1.0;6;46;;M;0.0;0.0;830
7182;201300007934;13;10;3;1530;1;1;1;1.0;6;60;;M;0.0;0.0;830
7183;201300007936;13;5;2;1615;1;2;1;1.0;1;104;rd3 la roquette;M;0.0;0.0;830
7184;201300007937;13;3;17;1815;1;1;1;1.0;5;108;;M;0.0;0.0;830
7185;201300007938;13;4;27;1945;1;1;1;1.0;1;106;;M;0.0;0.0;830
7186;201300007939;13;4;30;815;1;1;1;2.0;1;88;;M;0.0;0.0;830
7187;201300007940;13;5;6;1815;1;1;1;1.0;2;59;;M;0.0;0.0;830
7188;201300007941;13;5;11;1215;1;1;1;1.0;7;76;;M;0.0;0.0;830
7189;201300007942;13;6;7;1715;1;1;2;1.0;3;59;;M;0.0;0.0;830
7190;201300007943;13;6;29;1145;1;1;1;1.0;7;88;;M;0.0;0.0;830
7191;201300007944;13;7;10;1130;1;2;6;1.0;3;64;rond point de la piscine;M;0.0;0.0;830
7192;201300007945;13;7;12;1245;1;2;6;1.0;2;64;;M;0.0;0.0;830
7193;201300007946;13;7;29;930;1;1;1;1.0;6;77;;M;0.0;0.0;830
7194;201300007947;13;8;17;1830;1;1;6;1.0;6;106;;M;0.0;0.0;830
7195;201300007948;13;9;30;1845;1;2;1;1.0;2;108;CD 05 PK 04+900;M;0.0;0.0;830
7196;201300007949;13;10;20;1400;1;1;1;1.0;1;106;;M;0.0;0.0;830
7197;201300007950;13;10;28;1145;1;1;1;1.0;7;106;;M;0.0;0.0;830
7198;201300007951;13;12;7;1315;1;1;1;1.0;5;106;;M;0.0;0.0;830
7199;201300007952;13;12;17;1800;3;1;1;1.0;6;77;;M;0.0;0.0;830
7200;201300007954;13;2;21;1730;1;2;1;1.0;6;116;15 Rue Colbert;M;4345211.0;586252.0;830
7201;201300007955;13;3;9;1930;5;2;1;1.0;1;97;D23 PK 23;M;0.0;0.0;830
7202;201300007956;13;5;5;700;2;2;1;1.0;6;120;44 rue Augustin Juramy;M;0.0;0.0;830
7203;201300007957;13;5;19;245;3;1;1;1.0;6;21;;M;0.0;0.0;830
7204;201300007958;13;6;18;1730;1;2;1;1.0;3;116;intersection D69 D560;M;0.0;0.0;830
7205;201300007959;13;9;11;1515;1;1;1;1.0;1;140;;M;0.0;0.0;830
7206;201300007960;13;9;23;630;2;1;6;1.0;1;97;;M;0.0;0.0;830
7207;201300007961;13;10;1;1700;1;1;1;7.0;1;116;;M;0.0;0.0;830
7208;201300007962;13;10;13;1745;1;1;1;1.0;1;89;;M;0.0;0.0;830
7209;201300007963;13;11;6;1630;1;1;9;1.0;1;140;;M;0.0;0.0;830
7210;201300007964;13;11;20;1430;1;1;1;1.0;1;116;;M;4342700.0;542700.0;830
7211;201300007965;13;11;24;645;2;1;1;1.0;6;96;;M;0.0;0.0;830
7212;201300007966;13;12;17;1815;3;1;1;1.0;3;87;;M;0.0;0.0;830
7213;201300007967;13;1;7;630;3;1;1;8.0;2;99;;M;0.0;0.0;830
7214;201300007968;13;1;14;930;1;1;1;1.0;5;107;;M;4349000.0;665200.0;830
7215;201300007969;13;1;22;930;2;1;1;1.0;1;107;;M;4348504.0;665599.0;830
7216;201300007971;13;2;27;1400;1;1;1;1.0;4;107;;M;4345500.0;667100.0;830
7217;201300007972;13;3;7;2000;3;1;1;1.0;6;107;;M;4345900.0;662000.0;830
7218;201300007973;13;4;14;30;3;1;1;1.0;6;107;;M;4380400.0;665800.0;830
7219;201300007974;13;4;14;1730;1;1;1;1.0;3;107;;M;0.0;0.0;830
7220;201300007975;13;5;3;1815;1;1;1;1.0;6;107;;M;0.0;0.0;830
7221;201300007976;13;7;27;1630;1;2;1;1.0;3;107;rue Paul FABRE;M;4346394.0;663371.0;830
7222;201300007977;13;11;13;1015;1;1;1;1.0;2;107;Av. desPins Parasols;M;4351426.0;663871.0;830
7223;201300007978;13;12;9;1930;3;1;1;8.0;6;107;;M;0.0;0.0;830
7224;201300007979;13;12;30;615;2;2;1;1.0;2;99;RN7;M;0.0;0.0;830
7225;201300007980;13;1;5;2330;5;1;1;1.0;4;68;;M;0.0;0.0;830
7226;201300007981;13;1;5;2330;3;1;1;1.0;1;68;;M;0.0;0.0;830
7227;201300007982;13;1;16;1545;1;1;1;1.0;6;42;;M;4341700.0;690000.0;830
7228;201300007983;13;2;1;715;2;1;1;1.0;1;63;;M;4330100.0;647600.0;830
7229;201300007985;13;3;12;1745;1;1;1;1.0;4;68;;M;4345000.0;693300.0;830
7230;201300007986;13;3;17;1600;1;1;1;2.0;3;42;;M;4325500.0;652200.0;830
7231;201300007987;13;4;17;1700;1;1;1;1.0;6;63;;M;4332700.0;642600.0;830
7232;201300007988;13;5;2;1830;1;1;1;1.0;3;68;;M;4327000.0;657100.0;830
7233;201300007989;13;5;3;1230;1;1;1;1.0;5;42;;M;4325800.0;655700.0;830
7234;201300007990;13;5;6;815;1;1;1;1.0;3;42;;M;4325100.0;653800.0;830
7235;201300007991;13;5;10;1545;1;1;1;1.0;1;63;;M;0.0;0.0;830
7236;201300007992;13;5;14;1815;1;1;1;1.0;6;42;;M;4325200.0;652000.0;830
7237;201300007993;13;5;23;1900;1;1;1;1.0;1;68;;M;4329200.0;655600.0;830
7238;201300007994;13;5;27;1645;1;1;1;1.0;1;42;;M;4323900.0;652600.0;830
7239;201300007995;13;5;31;2200;3;1;1;1.0;7;79;;M;4320500.0;647100.0;830
7240;201300007996;13;6;11;1515;1;2;1;1.0;2;68;;M;0.0;0.0;830
7241;201300007998;13;7;5;1800;1;1;1;1.0;3;68;;M;4343362.0;686786.0;830
7242;201300007999;13;7;10;1230;1;1;3;1.0;3;68;;M;0.0;0.0;830
7243;201300008001;13;7;24;1845;1;1;1;1.0;6;68;;M;0.0;0.0;830
7244;201300008002;13;8;5;1415;1;1;1;1.0;3;63;;M;0.0;0.0;830
7245;201300008003;13;8;10;1515;1;1;1;1.0;6;68;;M;0.0;0.0;830
7246;201300008004;13;8;14;930;3;1;1;1.0;1;79;;M;4320600.0;648700.0;830
7247;201300008005;13;8;18;1215;1;1;1;1.0;3;68;;M;0.0;0.0;830
7248;201300008006;13;8;28;1215;1;1;1;1.0;6;68;;M;0.0;0.0;830
7249;201300008007;13;8;28;1000;1;1;1;1.0;3;68;;M;0.0;0.0;830
7250;201300008008;13;8;31;1730;1;1;1;1.0;3;68;;M;0.0;0.0;830
7251;201300008009;13;9;7;945;1;2;1;1.0;1;42;zone de valensole;M;4341000.0;690000.0;830
7252;201300008011;13;11;11;1630;1;1;1;1.0;6;63;;M;0.0;0.0;830
7253;201300008012;13;11;17;130;3;1;1;1.0;7;79;lieu dit la Ratonnière;M;0.0;0.0;830
7254;201300008013;13;9;30;15;3;1;1;1.0;1;4;;M;0.0;0.0;830
7255;201300008015;13;2;27;1915;1;1;1;1.0;6;115;;M;0.0;0.0;830
7256;201300008016;13;3;22;1045;1;2;1;1.0;3;115;route du plan de la tour;M;4354600.0;602400.0;830
7257;201300008017;13;4;15;1800;1;2;1;1.0;1;115;av Jean Moulins;M;0.0;0.0;830
7258;201300008018;13;5;15;715;1;2;1;1.0;3;115;RD25;M;0.0;0.0;830
7259;201300008019;13;5;28;1715;1;1;9;1.0;5;115;;M;0.0;0.0;830
7260;201300008021;13;7;29;345;5;1;1;1.0;6;115;;M;4351700.0;606700.0;830
7261;201300008022;13;8;1;715;1;2;1;7.0;6;115;1, Avenue Raoul Nordling;M;4349400.0;603500.0;830
7262;201300008023;13;8;3;1600;1;2;1;1.0;2;115;avenue Jean MOULIN;M;4350800.0;604800.0;830
7263;201300008024;13;8;23;930;1;2;1;1.0;3;115;av st exupery;M;4330400.0;662700.0;830
7264;201300008025;13;8;23;830;1;2;6;1.0;2;115;rond point du preconil;M;4330812.0;663310.0;830
7265;201300008026;13;8;29;2015;1;1;9;1.0;3;115;;M;0.0;0.0;830
7266;201300008027;13;9;1;130;5;2;1;1.0;1;115;4 Av de la Vierge Noire;M;4331152.0;665223.0;830
7267;201300008028;13;9;19;1900;2;2;1;7.0;6;107;bvd des murenes;M;4334260.0;669074.0;830
7268;201300008029;13;10;23;1130;1;2;1;2.0;1;107;?21'19''N / 6?42'54'';M;4335300.0;670900.0;830
7269;201300008030;13;10;23;1600;1;1;1;2.0;1;94;;M;0.0;0.0;830
7270;201300008031;13;11;20;2200;3;1;1;1.0;6;115;;M;4337800.0;659000.0;830
7271;201300008032;13;12;4;845;2;1;1;1.0;1;115;;M;4359000.0;619000.0;830
7272;201300008033;13;2;7;930;1;2;1;1.0;1;65;D98A;M;4325800.0;661900.0;830
7273;201300008034;13;2;26;2245;3;2;1;1.0;3;119;route des plages;M;4325500.0;662600.0;830
7274;201300008035;13;3;4;1330;1;2;1;1.0;1;119;34 avenue Foch;M;4344600.0;607800.0;830
7275;201300008036;13;4;12;1100;1;1;1;1.0;2;65;;M;4325000.0;658300.0;830
7276;201300008037;13;5;20;1145;1;2;1;1.0;6;119;7 quai jean Jaur?s;M;4345500.0;606500.0;830
7277;201300008039;13;5;24;400;3;2;1;1.0;1;65;RD 98;M;4344000.0;603600.0;830
7278;201300008041;13;6;6;1715;5;1;1;1.0;7;65;;M;0.0;0.0;830
7279;201300008042;13;6;6;2330;3;1;1;1.0;1;65;;M;0.0;0.0;830
7280;201300008044;13;6;29;1800;1;1;1;1.0;3;65;;M;4343500.0;699300.0;830
7281;201300008046;13;7;27;730;1;1;1;1.0;7;101;;M;4323821.0;665831.0;830
7282;201300008048;13;8;4;2145;3;2;1;1.0;3;119;route des plages RD93;M;4325400.0;663400.0;830
7283;201300008049;13;8;9;2300;5;2;1;1.0;6;119;La bouillabaisse;M;0.0;0.0;830
7284;201300008050;13;8;10;1645;1;2;9;1.0;3;119;av. du G?n?ral Leclerc;M;0.0;0.0;830
7285;201300008051;13;8;21;1815;1;1;9;1.0;3;65;;M;0.0;0.0;830
7286;201300008052;13;9;3;1200;1;2;1;1.0;3;65;RD 98 A;M;0.0;0.0;830
7287;201300008053;13;10;1;1015;1;1;1;1.0;6;65;;M;0.0;0.0;830
7288;201300008054;13;10;1;1215;1;1;1;1.0;2;65;;M;4325800.0;661000.0;830
7289;201300008055;13;10;5;215;5;1;1;8.0;6;65;;M;0.0;0.0;830
7290;201300008056;13;11;4;845;1;2;1;2.0;3;119;;M;4327069.0;664120.0;830
7291;201300008057;13;11;26;1645;2;1;1;1.0;7;65;;M;4341800.0;695500.0;830
7292;201300008058;13;1;8;1630;1;1;1;1.0;1;16;;M;0.0;0.0;830
7293;201300008059;13;3;25;1830;1;1;1;1.0;1;35;;M;0.0;0.0;830
7294;201300008060;13;4;7;1530;1;1;1;1.0;1;35;;M;0.0;0.0;830
7295;201300008061;13;4;25;1630;1;1;1;1.0;6;53;;M;0.0;0.0;830
7296;201300008062;13;5;14;1645;1;2;1;1.0;3;16;bd de la r?sistance, 559;M;0.0;0.0;830
7297;201300008063;13;6;24;845;1;1;1;1.0;5;127;;M;0.0;0.0;830
7298;201300008064;13;10;5;1630;1;1;1;8.0;2;127;;M;0.0;0.0;830
7299;201300008065;13;3;1;1715;2;1;1;2.0;3;47;;M;0.0;0.0;830
7300;201300008066;13;4;9;1745;1;1;1;1.0;6;47;;M;0.0;0.0;830
7301;201300008067;13;7;19;1445;1;1;3;1.0;3;47;;M;0.0;0.0;830
7302;201300008068;13;12;9;900;1;2;1;1.0;6;47;CHEMIN DE L ESTAGNOL;M;0.0;0.0;830
7303;201300008069;13;12;12;1815;3;1;1;1.0;3;47;;M;0.0;0.0;830
7304;201300008070;13;5;26;245;3;1;1;1.0;6;71;;M;0.0;0.0;830
7305;201300008071;13;6;10;1300;1;1;1;1.0;3;71;;M;0.0;0.0;830
7306;201300008072;13;6;26;145;5;1;1;1.0;7;71;;M;0.0;0.0;830
7307;201300008073;13;8;3;215;5;1;1;1.0;2;71;;M;0.0;0.0;830
7308;201300008074;13;8;15;1830;1;2;1;1.0;6;71;640 ch. du haut Pansard;M;4323100.0;639200.0;830
7309;201300008075;13;9;1;915;1;1;1;1.0;1;71;;M;0.0;0.0;830
7310;201300008076;13;9;28;145;3;1;1;1.0;6;71;;M;0.0;0.0;830
7311;201300008077;13;1;14;1645;1;2;1;1.0;6;112;AVENUE DE LA MER;M;0.0;0.0;830
7312;201300008078;13;8;5;1130;1;1;1;7.0;3;27;;M;0.0;0.0;830
7313;201300008079;13;8;9;1045;1;2;1;1.0;2;112;CD559 ROUTE DE LA CIOTAT;M;0.0;0.0;830
7314;201300008080;13;8;29;1;3;1;1;1.0;1;112;;M;0.0;0.0;830