;Num_Acc;an;mois;jour;hrmn;lum;agg;int;atm;col;com;adr;gps;lat;long;dep
7315;201300008082;13;3;9;730;2;1;1;1.0;6;34;;M;0.0;0.0;840
7316;201300008083;13;3;25;1700;1;1;1;1.0;6;55;;M;0.0;0.0;840
7317;201300008084;13;6;30;2230;3;1;1;1.0;6;34;;M;0.0;0.0;840
7318;201300008085;13;7;4;1915;1;2;1;1.0;6;119;route d'avignon;M;0.0;0.0;840
7319;201300008086;13;7;5;845;1;1;1;1.0;3;132;;M;0.0;0.0;840
7320;201300008087;13;7;28;500;5;2;1;1.0;6;36;Route de caumont;M;0.0;0.0;840
7321;201300008088;13;9;23;1715;1;1;1;1.0;2;132;;M;0.0;0.0;840
7322;201300008089;13;11;16;1445;1;1;1;1.0;3;34;;M;0.0;0.0;840
7323;201300008090;13;11;20;1815;5;1;1;2.0;6;119;;M;0.0;0.0;840
7324;201300008091;13;1;6;2230;3;1;1;1.0;6;139;;M;0.0;0.0;840
7325;201300008092;13;1;28;1300;1;2;1;1.0;3;54;avenue L?on REBOUL;M;0.0;0.0;840
7326;201300008093;13;2;24;1400;1;1;3;6.0;5;54;;M;0.0;0.0;840
7327;201300008094;13;5;3;100;3;1;1;1.0;1;54;;M;0.0;0.0;840
7328;201300008095;13;6;1;1730;1;1;2;1.0;3;54;;M;0.0;0.0;840
7329;201300008096;13;6;7;1230;1;2;6;1.0;6;54;rond point Ren? Cassin;M;4393300.0;505700.0;840
7330;201300008098;13;6;8;1700;1;1;1;1.0;7;54;;M;0.0;0.0;840
7331;201300008099;13;7;14;1815;1;1;1;1.0;1;54;;M;4391200.0;502700.0;840
7332;201300008100;13;7;27;515;2;1;1;1.0;6;54;;M;4391900.0;503200.0;840
7333;201300008101;13;8;15;730;1;1;1;1.0;1;54;;M;4389100.0;506800.0;840
7334;201300008102;13;10;21;1;3;1;1;1.0;6;54;;M;0.0;0.0;840
7335;201300008103;13;10;30;1630;1;2;1;1.0;6;54;CHEMIN DES ESPELUGUES;M;0.0;0.0;840
7336;201300008104;13;11;20;615;5;2;1;2.0;6;132;route d'Avignon;M;4393200.0;498700.0;840
7337;201300008105;13;12;3;1545;1;1;1;1.0;1;132;;M;4396800.0;496000.0;840
7338;201300008107;13;1;20;330;5;2;1;1.0;6;141;rue du cheval blanc;M;0.0;0.0;840
7339;201300008108;13;1;25;1200;1;2;1;1.0;1;92;38 av gustave goutarel;M;0.0;0.0;840
7340;201300008109;13;2;2;645;3;1;1;1.0;6;141;;M;0.0;0.0;840
7341;201300008111;13;3;26;1100;1;1;1;1.0;2;92;;M;0.0;0.0;840
7342;201300008112;13;5;3;1500;1;1;1;1.0;6;92;;M;0.0;0.0;840
7343;201300008113;13;5;13;645;1;2;1;7.0;2;92;Avenue Fran?ois Lascour;M;0.0;0.0;840
7344;201300008115;13;8;13;1145;1;2;9;1.0;1;92;Avenue Charles DE GAULLE;M;0.0;0.0;840
7345;201300008116;13;10;8;1100;5;2;1;1.0;3;92;avenue charles de gaulle;M;0.0;0.0;840
7346;201300008117;13;4;26;1415;1;1;1;1.0;1;129;;M;4399300.0;489200.0;840
7347;201300008119;13;7;4;1345;1;2;1;1.0;6;129;ALLEE DE LA TRAILLE;M;4399600.0;487100.0;840
7348;201300008120;13;8;14;1000;1;2;1;6.0;2;129;chemin de brantes;M;4400400.0;487200.0;840
7349;201300008121;13;12;4;1630;1;1;9;1.0;2;129;;M;4400900.0;488000.0;840
7350;201300008122;13;12;12;1815;3;1;1;2.0;6;129;;M;4403500.0;487400.0;840
7351;201300008123;13;1;29;1715;1;1;1;1.0;1;3;;M;0.0;0.0;840
7352;201300008124;13;4;8;1815;1;2;1;1.0;6;3;place lauze de Perret;M;0.0;0.0;840
7353;201300008127;13;7;8;1745;1;2;1;1.0;3;47;Carrefour RD 83;M;4390900.0;535400.0;840
7354;201300008128;13;7;25;2330;3;1;1;1.0;6;105;;M;4388300.0;544500.0;840
7355;201300008129;13;8;13;1745;1;1;1;1.0;3;3;;M;4388800.0;535500.0;840
7356;201300008130;13;9;9;1015;1;2;1;1.0;1;105;D900 PK 46;M;0.0;0.0;840
7357;201300008134;13;6;8;1615;1;2;1;1.0;3;26;11 route de pertuis;M;4373600.0;537900.0;840
7358;201300008135;13;8;3;1900;1;1;1;1.0;1;26;;M;0.0;0.0;840
7359;201300008136;13;9;10;1500;1;1;1;1.0;1;68;;M;0.0;0.0;840
7360;201300008137;13;5;23;1500;1;1;2;1.0;3;51;;M;0.0;0.0;840
7361;201300008138;13;6;14;1845;1;1;1;1.0;1;51;;M;0.0;0.0;840
7362;201300008139;13;7;12;1745;1;1;1;1.0;1;20;;M;0.0;0.0;840
7363;201300008140;13;3;9;1800;2;2;1;1.0;3;89;BOULEVARD jules FERRY;M;0.0;0.0;840
7364;201300008141;13;8;9;1145;1;1;1;1.0;3;89;;M;0.0;0.0;840
7365;201300008143;13;9;26;1130;1;2;1;1.0;6;89;rue hoche;M;0.0;0.0;840
7366;201300008145;13;11;15;1130;1;1;1;8.0;1;89;;M;0.0;0.0;840
7367;201300008146;13;2;24;15;3;1;1;1.0;7;16;;M;0.0;0.0;840
7368;201300008147;13;7;14;1645;1;1;1;1.0;6;43;;M;0.0;0.0;840
7369;201300008148;13;3;14;1930;3;1;9;1.0;3;82;;M;4406300.0;517500.0;840
7370;201300008149;13;6;27;730;1;1;1;1.0;1;17;;M;0.0;0.0;840
7371;201300008150;13;8;2;1500;1;1;1;1.0;1;17;;M;4418200.0;525300.0;840
7372;201300008151;13;8;5;1515;1;1;1;1.0;1;5;;M;0.0;0.0;840
7373;201300008152;13;8;14;1645;1;1;1;1.0;3;70;;M;0.0;0.0;840
7374;201300008153;13;11;3;1730;1;1;1;1.0;1;82;;M;4405500.0;516500.0;840
7375;201300008154;13;1;3;345;3;1;1;1.0;6;88;;M;0.0;0.0;840
7376;201300008155;13;1;27;730;2;1;1;1.0;7;143;;M;0.0;0.0;840
7377;201300008156;13;9;21;1930;1;2;1;1.0;3;142;Bld Fernand Maillan;M;0.0;0.0;840
7378;201300008157;13;2;14;700;2;2;1;1.0;6;88;20 route d'althen;M;0.0;0.0;840
7379;201300008158;13;5;13;1630;1;1;1;1.0;7;88;;M;0.0;0.0;840
7380;201300008159;13;6;10;1400;1;1;1;1.0;2;88;;M;4401600.0;504200.0;840
7381;201300008160;13;6;22;1500;1;1;3;1.0;3;142;;M;0.0;0.0;840
7382;201300008161;13;7;27;1045;1;2;1;1.0;6;88;;M;0.0;0.0;840
7383;201300008162;13;1;2;1830;3;1;1;1.0;1;127;;M;0.0;0.0;840
7384;201300008163;13;4;27;1845;1;1;1;1.0;7;127;;M;0.0;0.0;840
7385;201300008164;13;5;2;1645;1;1;1;1.0;1;29;;M;0.0;0.0;840
7386;201300008165;13;6;23;645;2;1;1;1.0;6;61;;M;0.0;0.0;840
7387;201300008166;13;1;19;800;3;1;1;2.0;7;122;;M;0.0;0.0;840
7388;201300008167;13;4;6;2345;5;2;2;1.0;3;122;D 21/ ROUTE LA GARRIGUE;M;4415000.0;461700.0;840
7389;201300008168;13;6;1;1500;1;1;1;6.0;3;12;;M;0.0;0.0;840
7390;201300008169;13;6;13;1400;1;1;2;1.0;6;122;;M;0.0;0.0;840
7391;201300008170;13;6;21;930;1;2;1;1.0;6;12;avenu GAMBETTA;M;4426300.0;544400.0;840
7392;201300008172;13;9;17;1100;1;1;1;1.0;1;4;;M;4409200.0;503300.0;840
7393;201300008173;13;10;13;1445;1;1;1;1.0;6;67;;M;0.0;0.0;840
7394;201300008174;13;11;1;1645;1;1;1;1.0;7;59;;M;4415000.0;505000.0;840
7395;201300008175;13;11;25;900;1;2;1;1.0;3;67;avenue fran?ois majoral;M;4407800.0;500700.0;840
7396;201300008176;13;12;5;800;1;1;1;1.0;7;136;;M;4415900.0;498700.0;840
7397;201300008177;13;12;10;1600;2;1;1;1.0;6;4;;M;4409100.0;501800.0;840
7398;201300008178;13;1;9;1815;3;1;1;1.0;6;64;;M;4470200.0;470200.0;840
7399;201300008179;13;3;13;930;1;1;1;6.0;6;19;;M;0.0;0.0;840
7400;201300008180;13;5;28;145;5;2;1;1.0;6;19;1444 Avenue Emile Lachau;M;0.0;0.0;840
7401;201300008181;13;6;14;1745;1;1;1;1.0;1;19;;M;0.0;0.0;840
7402;201300008182;13;6;21;830;1;1;3;1.0;3;78;;M;0.0;0.0;840
7403;201300008183;13;6;27;1915;1;2;6;1.0;1;19;rd pt portes de Provence;M;0.0;0.0;840
7404;201300008184;13;7;10;1730;1;1;1;1.0;6;63;;M;4429200.0;470300.0;840
7405;201300008185;13;12;15;645;3;1;1;1.0;7;63;;M;0.0;0.0;840
7406;201300008186;13;12;16;845;2;1;1;8.0;3;78;;M;0.0;0.0;840
7407;201300008187;13;1;25;1730;3;1;1;1.0;3;44;;M;0.0;0.0;840
7408;201300008188;13;3;26;1200;1;2;1;1.0;3;137;avenue des choralies;M;0.0;0.0;840
7409;201300008189;13;4;13;615;2;1;1;1.0;1;126;;M;0.0;0.0;840
7410;201300008190;13;4;13;1615;1;1;1;1.0;1;44;;M;0.0;0.0;840
7411;201300008191;13;4;24;1330;1;1;9;1.0;5;126;;M;0.0;0.0;840
7412;201300008192;13;5;19;745;1;2;1;1.0;6;137;Avenue Marcel pagnol par;M;0.0;0.0;840
7413;201300008193;13;6;2;2245;3;1;1;1.0;6;137;;M;0.0;0.0;840
7414;201300008194;13;6;29;1530;1;1;1;1.0;5;137;;M;0.0;0.0;840
7415;201300008195;13;7;12;1045;1;1;1;1.0;6;137;;M;0.0;0.0;840
7416;201300008196;13;7;15;530;2;1;1;1.0;6;94;;M;0.0;0.0;840
7417;201300008197;13;7;21;245;5;2;1;1.0;7;69;D938 route de Vaison;M;0.0;0.0;840
7418;201300008198;13;7;31;100;3;1;1;1.0;6;126;;M;0.0;0.0;840
7419;201300008199;13;8;31;930;1;1;1;1.0;6;96;;M;0.0;0.0;840
7420;201300008200;13;10;5;545;5;2;1;1.0;6;137;avenue Ulysse Fabre;M;0.0;0.0;840
7421;201300008201;13;4;4;1800;1;2;1;2.0;2;138;chemin des Estimeurs Sud;M;0.0;0.0;840
7422;201300008202;13;4;23;1100;1;1;1;1.0;3;138;;M;0.0;0.0;840
7423;201300008203;13;6;9;1400;1;1;1;1.0;7;138;;M;0.0;0.0;840
7424;201300008204;13;6;27;1500;1;2;1;1.0;1;138;chemin des estimeurs;M;0.0;0.0;840
7425;201300008205;13;7;20;2045;1;1;1;1.0;7;138;;M;0.0;0.0;840
7426;201300008206;13;8;11;415;3;1;1;1.0;6;138;;M;0.0;0.0;840
7427;201300008207;13;9;2;1600;1;2;1;7.0;6;138;parking LECLERC;M;0.0;0.0;840
7428;201300008209;13;4;17;900;1;1;2;1.0;1;57;;M;4364511.0;389833.0;340
7429;201300008210;13;4;20;1815;1;2;4;1.0;3;90;VOIE DOMITIENNE;M;4364850.0;392944.0;340
7430;201300008211;13;5;18;2200;5;2;6;1.0;3;57;Rond Point de Vert Parc;M;4362965.0;389978.0;340
7431;201300008212;13;7;26;1930;1;2;1;1.0;1;90;570 route de nimes;M;0.0;0.0;340
7432;201300008213;13;8;16;1600;1;2;1;1.0;6;57;1632 AVENUE DE L'EUROPE;M;0.0;0.0;340
7433;201300008214;13;1;17;1630;1;1;3;1.0;3;327;;M;4365260.0;396099.0;340
7434;201300008216;13;2;19;1715;1;2;1;1.0;6;327;rue de la monnaie;M;4366195.0;397640.0;340
7435;201300008217;13;3;2;1430;1;1;1;1.0;1;327;;M;4367413.0;395561.0;340
7436;201300008218;13;4;11;800;1;2;1;1.0;3;327;avenue de nimes;M;4365358.0;397019.0;340
7437;201300008219;13;4;16;1130;1;2;1;1.0;2;22;Route impériale;M;4366026.0;401961.0;340
7438;201300008220;13;8;9;2115;3;1;1;1.0;7;256;;M;4370384.0;402437.0;340
7439;201300008221;13;8;17;1315;1;2;1;1.0;1;22;RD613;M;0.0;0.0;340
7440;201300008222;13;11;2;415;3;1;1;1.0;6;22;;M;4310100.0;404399.0;340
7441;201300008223;13;11;8;1600;1;1;1;1.0;2;22;;M;4308400.0;401700.0;340
7442;201300008224;13;11;12;1400;1;1;1;1.0;7;249;;M;0.0;0.0;340
7443;201300008225;13;12;30;2000;5;2;1;1.0;3;22;Route de NIMES;M;0.0;0.0;340
7444;201300008226;13;4;30;1600;1;1;1;8.0;1;111;;M;4394503.0;368930.0;340
7445;201300008227;13;8;17;1530;1;2;1;1.0;6;243;;M;4390101.0;373722.0;340
7446;201300008228;13;11;9;1830;2;1;1;1.0;1;111;;M;4395700.0;371000.0;340
7447;201300008229;13;12;27;1815;5;2;1;1.0;6;111;RUE DES IRIS;M;4394400.0;371700.0;340
7448;201300008230;13;1;19;800;2;2;1;2.0;6;344;rue delattre de tassigny;M;4356116.0;407695.0;340
7449;201300008231;13;2;16;1145;1;1;1;6.0;2;344;;M;4357401.0;408920.0;340
7450;201300008232;13;6;1;700;1;1;1;1.0;6;344;;M;0.0;0.0;340
7451;201300008233;13;6;3;1800;1;1;1;1.0;6;344;;M;4356640.0;407892.0;340
7452;201300008234;13;6;30;1615;1;1;1;1.0;7;344;;M;4395000.0;411700.0;340
7453;201300008235;13;7;21;1700;1;1;1;1.0;6;344;;M;0.0;0.0;340
7454;201300008236;13;8;12;600;1;2;1;1.0;6;344;av du g?n?ral LECLERC;M;0.0;0.0;340
7455;201300008237;13;8;26;2315;3;1;1;1.0;5;344;;M;4392500.0;408000.0;340
7456;201300008239;13;2;13;845;1;1;1;1.0;1;145;;M;4369288.0;416303.0;340
7457;201300008240;13;3;2;1915;3;1;1;1.0;1;146;;M;4367533.0;407580.0;340
7458;201300008241;13;4;18;800;1;2;1;1.0;2;146;RN113;M;4367942.0;409248.0;340
7459;201300008242;13;4;26;530;3;1;1;1.0;6;145;;M;4369130.0;414510.0;340
7460;201300008243;13;6;6;815;1;1;1;1.0;1;151;;M;4358527.0;410421.0;340
7461;201300008244;13;6;11;1645;1;1;1;1.0;3;145;;M;4366900.0;415200.0;340
7462;201300008245;13;6;22;400;3;1;1;1.0;6;321;548 ROUTE DE LANSARGUES;M;4366446.0;406793.0;340
7463;201300008247;13;7;3;1000;1;1;1;2.0;6;321;;M;0.0;0.0;340
7464;201300008248;13;7;16;1445;1;2;9;1.0;3;145;avenue Mar?chal Leclerc;M;4367300.0;413500.0;340
7465;201300008249;13;8;3;1115;1;1;1;1.0;1;33;;M;4367000.0;407300.0;340
7466;201300008250;13;8;14;1530;1;1;1;1.0;6;146;;M;0.0;0.0;340
7467;201300008251;13;8;16;1515;1;1;1;1.0;1;145;;M;4365200.0;413900.0;340
7468;201300008252;13;9;19;845;1;1;1;1.0;3;294;;M;4371525.0;411286.0;340
7469;201300008253;13;9;24;2315;3;1;1;1.0;1;145;;M;4369000.0;413500.0;340
7470;201300008255;13;10;25;1530;1;1;1;6.0;6;145;;M;4311900.0;424900.0;340
7471;201300008256;13;11;12;1545;1;2;1;7.0;6;146;rue de la R?publique;M;0.0;0.0;340
7472;201300008257;13;12;1;1515;1;2;1;1.0;6;340;Place de la Mairie;M;0.0;0.0;340
7473;201300008258;13;5;9;615;4;1;1;1.0;6;154;;M;4361802.0;398410.0;340
7474;201300008259;13;5;26;245;3;1;1;1.0;6;50;;M;4362000.0;405800.0;340
7475;201300008260;13;6;25;1800;1;1;1;1.0;3;176;;M;0.0;0.0;340
7476;201300008261;13;7;23;1215;1;1;9;1.0;1;176;;M;0.0;0.0;340
7477;201300008263;13;11;12;1130;1;1;1;1.0;1;154;;M;4362100.0;394700.0;340
7478;201300008264;13;12;8;615;3;1;1;1.0;1;154;;M;4363000.0;405000.0;340
7479;201300008265;13;12;12;730;2;1;3;1.0;3;154;;M;4362000.0;397000.0;340
7480;201300008267;13;10;15;1900;3;1;1;1.0;3;322;;M;4381648.0;389125.0;340
7481;201300008268;13;3;24;1115;1;1;1;3.0;3;119;;M;4357998.0;313976.0;340
7482;201300008269;13;3;25;805;1;1;1;2.0;1;96;;M;4358135.0;316577.0;340
7483;201300008270;13;3;30;1930;1;1;1;1.0;7;312;;M;4366089.0;315297.0;340
7484;201300008271;13;4;15;1500;1;2;1;1.0;5;119;;M;4359105.0;311784.0;340
7485;201300008272;13;5;8;1145;1;1;1;1.0;6;235;;M;4367275.0;299260.0;340
7486;201300008273;13;5;10;1345;1;2;1;1.0;6;28;Avenue Jean Jaur?s;M;4361523.0;315453.0;340
7487;201300008274;13;5;17;1445;1;2;1;2.0;1;126;Boulevard Mourcayrol;M;4359118.0;308457.0;340
7488;201300008275;13;6;16;1645;1;1;1;1.0;5;126;;M;4358909.0;309874.0;340
7489;201300008276;13;6;29;1400;1;1;9;1.0;3;211;;M;0.0;0.0;340
7490;201300008277;13;7;7;300;3;1;1;1.0;1;71;;M;4381195.0;314586.0;340
7491;201300008278;13;7;15;1500;1;1;1;1.0;2;96;;M;4355930.0;318141.0;340
7492;201300008279;13;7;23;1845;1;1;1;1.0;1;28;;M;0.0;0.0;340
7493;201300008280;13;9;8;545;3;1;1;1.0;6;144;;M;4372500.0;325300.0;340
7494;201300008281;13;1;25;545;3;1;1;1.0;5;52;;M;4335348.0;303861.0;340
7495;201300008282;13;2;16;130;3;1;1;1.0;7;161;;M;4332698.0;312601.0;340
7496;201300008283;13;5;15;230;3;1;1;2.0;6;226;;M;4335632.0;299427.0;340
7497;201300008284;13;8;13;145;3;1;1;1.0;6;183;;M;4327704.0;312118.0;340
7498;201300008285;13;5;11;1700;1;1;1;1.0;6;52;;M;4331866.0;301528.0;340
7499;201300008286;13;6;17;745;1;1;1;1.0;1;226;;M;4335227.0;298850.0;340
7500;201300008287;13;6;29;1945;1;2;1;1.0;6;225;19 avenue de BEZIERS;M;4337200.0;304500.0;340
7501;201300008288;13;7;2;1800;1;1;1;1.0;7;225;;M;4336900.0;307200.0;340
7502;201300008289;13;7;31;1015;3;1;1;1.0;6;81;;M;4331400.0;317000.0;340
7503;201300008290;13;11;7;800;1;1;1;7.0;6;52;;M;4333100.0;310300.0;340
7504;201300008291;13;12;26;1515;1;1;1;1.0;6;52;;M;0.0;0.0;340
7505;201300008292;13;12;31;1945;3;1;1;1.0;1;310;;M;4341600.0;316900.0;340
7506;201300008293;13;3;21;100;3;1;1;1.0;7;84;;M;4341376.0;319543.0;340
7507;201300008294;13;5;29;1345;1;1;3;1.0;3;310;;M;4340222.0;316634.0;340
7508;201300008295;13;6;13;300;3;1;1;1.0;7;130;;M;4352200.0;318900.0;340
7509;201300008296;13;6;30;1130;1;2;1;1.0;5;140;AVENUE DES INGARRIGUES;M;4337962.0;317484.0;340
7510;201300008297;13;7;3;857;1;1;1;8.0;1;100;;M;4345693.0;289399.0;340
7511;201300008298;13;7;7;615;2;2;1;1.0;6;245;Av de ST PONS;M;4342276.0;294616.0;340
7512;201300008299;13;7;15;2000;1;1;1;1.0;7;4;;M;0.0;0.0;340
7513;201300008300;13;11;1;1530;1;1;1;1.0;1;7;;M;4334500.0;283100.0;340
7514;201300008301;13;11;18;1545;1;1;1;2.0;7;69;;M;4341100.0;308800.0;340
7515;201300008302;13;12;18;1400;1;1;1;1.0;3;258;;M;4347300.0;317200.0;340
7516;201300008303;13;1;9;1015;1;1;2;1.0;3;189;;M;4326889.0;275889.0;340
7517;201300008304;13;10;1;1830;1;1;1;1.0;3;75;;M;4332100.0;272000.0;340
7518;201300008305;13;3;3;2245;4;1;1;1.0;6;63;;M;4351488.0;335176.0;340
7519;201300008306;13;3;12;1630;1;1;1;1.0;5;184;;M;4351900.0;337000.0;340
7520;201300008307;13;5;30;1615;1;1;1;1.0;7;63;;M;4349250.0;334232.0;340
7521;201300008308;13;6;5;700;2;1;1;1.0;1;166;;M;4335300.0;336097.0;340
7522;201300008310;13;11;8;1200;1;2;1;1.0;6;182;Avenue d'Agde;M;4342600.0;340800.0;340
7523;201300008311;13;7;14;1130;1;1;1;1.0;6;284;;M;0.0;0.0;340
7524;201300008312;13;8;3;1700;1;1;1;1.0;6;232;;M;0.0;0.0;340
7525;201300008313;13;8;3;1000;1;1;1;8.0;6;305;;M;0.0;0.0;340
7526;201300008314;13;8;9;1930;1;2;1;7.0;1;284;;M;0.0;0.0;340
7527;201300008316;13;1;13;1845;3;1;1;1.0;2;147;;M;4348436.0;320043.0;340
7528;201300008319;13;10;21;1500;1;1;4;2.0;1;139;;M;0.0;0.0;340
7529;201300008320;13;1;13;345;3;1;1;1.0;7;209;;M;4331312.0;333047.0;340
7530;201300008321;13;4;14;1215;1;1;6;1.0;6;329;;M;4329524.0;321910.0;340
7531;201300008322;13;5;10;1900;1;2;1;1.0;6;298;Rue Jean Ferrat;M;4329623.0;324759.0;340
7532;201300008323;13;6;3;1330;1;1;1;1.0;1;299;;M;4327673.0;328539.0;340
7533;201300008324;13;8;1;1630;1;2;3;1.0;3;135;route de fleury;M;4327128.0;317135.0;340
7534;201300008325;13;8;9;1430;1;2;1;1.0;3;135;rue des bassins;M;0.0;0.0;340
7535;201300008326;13;9;8;515;3;1;1;1.0;6;298;;M;4327290.0;326230.0;340
7536;201300008327;13;9;25;2315;1;1;1;1.0;7;135;;M;;;340
7537;201300008328;13;10;2;1215;1;1;1;1.0;3;299;;M;;;340
7538;201300008329;13;11;2;900;1;2;6;1.0;3;324;D19;M;4341900.0;348300.0;340
7539;201300008331;13;5;13;2130;5;2;1;1.0;1;142;AVENUE DE LA REPUBLIQUE;M;4373700.0;332300.0;340
7540;201300008332;13;12;6;1115;1;2;1;1.0;6;142;Avenue g?n?ral De Gaulle;M;4373000.0;332400.0;340
7541;201300008333;13;12;10;2145;3;1;1;5.0;7;277;;M;4383017.0;349337.0;340
7542;201300008334;13;5;8;1730;1;2;1;1.0;1;13;rue de l'?cole;M;4356558.0;345162.0;340
7543;201300008335;13;4;12;1715;1;1;1;1.0;1;16;;M;4362008.0;361980.0;340
7544;201300008336;13;9;7;1715;1;1;1;1.0;3;122;;M;0.0;0.0;340
7545;201300008337;13;11;20;1730;2;2;1;1.0;6;239;avenue de MONTPELLIER;M;0.0;0.0;340
7546;201300008338;13;12;28;145;3;1;1;1.0;1;114;;M;0.0;0.0;340
7547;201300008340;13;3;10;630;2;1;1;1.0;7;31;;M;4336320.0;339699.0;340
7548;201300008341;13;3;25;1745;1;1;1;1.0;1;101;;M;4337407.0;349829.0;340
7549;201300008342;13;3;30;1415;1;1;1;1.0;4;332;;M;4330500.0;344600.0;340
7550;201300008343;13;4;6;2100;3;1;9;3.0;1;332;;M;4331326.0;338993.0;340
7551;201300008344;13;5;8;1945;2;1;1;2.0;1;101;;M;4338292.0;345272.0;340
7552;201300008345;13;6;21;2130;1;2;1;1.0;1;150;Boulevard PASTEUR;M;0.0;0.0;340
7553;201300008346;13;7;19;2345;3;2;1;1.0;6;150;Ancienne route de S?te;M;0.0;0.0;340
7554;201300008347;13;7;23;2200;3;1;1;1.0;1;31;;M;4358500.0;371700.0;340
7555;201300008349;13;9;5;1930;1;1;1;1.0;3;31;;M;0.0;0.0;340
7556;201300008350;13;9;20;2300;5;2;6;1.0;1;150;Chemin du Pairollet;M;0.0;0.0;340
7557;201300008351;13;11;10;1615;1;2;6;1.0;7;203;Chemin du 12 juillet 199;M;4367000.0;384000.0;340
7558;201300008353;13;12;5;730;2;2;1;1.0;1;31;;M;0.0;0.0;340
7559;201300008354;13;12;14;1745;3;1;1;1.0;1;207;;M;4366700.0;389900.0;340
7560;201300008355;13;2;5;1445;1;2;3;1.0;3;24;Rue du moulin;M;4346049.0;368325.0;340
7561;201300008356;13;3;31;1445;1;1;1;1.0;7;165;;M;4350400.0;370500.0;340
7562;201300008357;13;10;18;1700;1;2;6;8.0;6;23;CD2;M;0.0;0.0;340
7563;201300008358;13;1;15;1100;1;1;1;7.0;1;213;;M;4350230.0;368338.0;340
7564;201300008359;13;4;10;1115;1;1;1;1.0;2;213;;M;4347190.0;368161.0;340
7565;201300008361;13;11;9;2330;3;1;1;1.0;7;341;;M;4348943.0;359707.0;340
7566;201300008362;13;11;17;1330;1;1;1;8.0;6;157;;M;4345914.0;359335.0;340
7567;201300008364;13;1;28;900;1;1;1;2.0;3;413;;M;0.0;0.0;110
7568;201300008365;13;2;20;930;1;1;1;1.0;1;99;;M;0.0;0.0;110
7569;201300008367;13;6;15;2015;1;1;1;1.0;2;99;;M;0.0;0.0;110
7570;201300008368;13;6;16;1630;1;1;1;1.0;7;426;;M;0.0;0.0;110
7571;201300008371;13;1;18;1215;1;2;1;1.0;3;315;avenue fran?ois ferri?;M;4328600.0;258600.0;110
7572;201300008372;13;5;5;1130;1;1;1;1.0;6;315;;M;4327600.0;257800.0;110
7573;201300008373;13;6;24;800;1;2;1;1.0;6;315;Place G?n?ral BOUSQUET;M;0.0;0.0;110
7574;201300008374;13;7;8;915;1;1;1;1.0;6;315;;M;4327500.0;257400.0;110
7575;201300008375;13;8;3;500;3;1;1;1.0;6;198;;M;4330600.0;253500.0;110
7576;201300008376;13;8;4;2230;3;1;1;1.0;7;81;;M;0.0;0.0;110
7577;201300008377;13;8;22;1015;1;1;1;1.0;2;81;;M;4331800.0;250300.0;110
7578;201300008378;13;10;9;1630;1;1;1;1.0;1;301;;M;4323400.0;258500.0;110
7579;201300008380;13;1;26;1645;1;1;1;2.0;3;356;;M;4328700.0;200700.0;110
7580;201300008381;13;2;23;215;3;2;1;1.0;6;281;CD 33 Entr?e Ouest;M;4327400.0;203300.0;110
7581;201300008382;13;3;1;1230;1;1;1;1.0;1;430;;M;4329300.0;192800.0;110
7582;201300008383;13;4;12;930;1;1;1;1.0;6;243;;M;0.0;0.0;110
7583;201300008384;13;6;30;100;3;1;1;1.0;7;225;;M;0.0;0.0;110
7584;201300008385;13;7;8;45;3;2;1;1.0;6;192;CD 33;M;4327600.0;202900.0;110
7585;201300008387;13;9;1;1830;1;1;1;1.0;1;225;;M;0.0;0.0;110
7586;201300008388;13;9;26;745;2;1;1;1.0;1;178;;M;0.0;0.0;110
7587;201300008389;13;10;6;1815;1;1;1;1.0;1;74;;M;4342500.0;186100.0;110
7588;201300008390;13;1;29;830;1;1;1;1.0;1;437;;M;4324200.0;224000.0;110
7589;201300008391;13;2;3;1815;2;1;1;1.0;6;199;;M;0.0;0.0;110
7590;201300008392;13;2;23;1915;5;2;1;4.0;3;259;route imp?riale - RD38;M;0.0;0.0;110
7591;201300008393;13;7;23;1800;1;2;1;1.0;2;18;cd 211 place de l'europe;M;4320400.0;221100.0;110
7592;201300008394;13;8;14;1130;1;1;1;1.0;3;49;;M;4324100.0;211800.0;110
7593;201300008395;13;8;25;600;3;1;1;1.0;1;253;;M;4331300.0;221700.0;110
7594;201300008396;13;8;27;1000;1;1;1;1.0;1;343;;M;0.0;0.0;110
7595;201300008397;13;8;27;730;1;1;1;1.0;7;418;;M;0.0;0.0;110
7596;201300008398;13;9;8;1800;1;1;1;1.0;2;259;;M;4328300.0;223200.0;110
7597;201300008399;13;9;23;2030;3;1;1;1.0;6;254;;M;0.0;0.0;110
7598;201300008400;13;10;20;445;3;1;1;2.0;6;84;;M;0.0;0.0;110
7599;201300008401;13;11;28;1400;1;1;1;7.0;3;136;;M;0.0;0.0;110
7600;201300008402;13;6;3;1630;1;1;1;1.0;7;33;;M;4321400.0;172800.0;110
7601;201300008403;13;6;6;1200;1;1;1;1.0;6;33;;M;0.0;0.0;110
7602;201300008404;13;6;20;1845;1;1;1;1.0;6;149;;M;0.0;0.0;110
7603;201300008405;13;9;25;1630;1;1;1;1.0;7;218;;M;0.0;0.0;110
7604;201300008408;13;1;26;2045;5;2;1;1.0;6;34;AVENUE DU LAC;M;0.0;0.0;110