;Num_Acc;an;mois;jour;hrmn;lum;agg;int;atm;col;com;adr;gps;lat;long;dep
7605;201300008409;13;2;28;1330;1;2;1;2.0;3;206;Avenue Fran?ois Clamens;M;4306900.0;221800.0;110
7606;201300008410;13;3;2;1045;1;2;1;1.0;6;206;Promenade du tivoli;M;0.0;0.0;110
7607;201300008411;13;5;4;1415;1;2;9;1.0;3;206;avenue FABRE D EGLANTINE;M;0.0;0.0;110
7608;201300008413;13;7;4;1545;1;1;1;1.0;1;206;;M;0.0;0.0;110
7609;201300008414;13;7;13;2115;3;1;1;1.0;6;299;;M;4316600.0;229900.0;110
7610;201300008415;13;8;3;1445;1;1;1;1.0;7;216;;M;4311700.0;219100.0;110
7611;201300008416;13;8;27;815;1;2;1;1.0;6;206;promenade du tivoli;M;0.0;0.0;110
7612;201300008417;13;8;27;2300;3;2;1;1.0;7;289;Avenue de l'Oratoire;M;0.0;0.0;110
7613;201300008420;13;3;6;1115;1;2;1;2.0;6;103;45 ROUTE DES PYRENEES;M;0.0;0.0;110
7614;201300008421;13;5;5;1145;1;2;1;1.0;6;304;CD 118;M;4200000.0;200000.0;110
7615;201300008423;13;8;4;300;3;1;1;1.0;6;131;;M;0.0;0.0;110
7616;201300008424;13;10;19;915;1;1;1;1.0;6;304;;M;0.0;0.0;110
7617;201300008425;13;1;5;1045;1;2;1;7.0;6;370;Avenue de COURSAN;M;4323827.0;311090.0;110
7618;201300008426;13;1;9;730;3;1;1;1.0;1;262;;M;0.0;0.0;110
7619;201300008427;13;2;17;1115;1;2;1;1.0;7;24;HAMEAU PRAT DE CEST;M;0.0;0.0;110
7620;201300008428;13;2;21;1715;1;1;1;1.0;6;262;;M;0.0;0.0;110
7621;201300008429;13;2;25;1015;1;2;1;1.0;6;441;rue du four ? chaux;M;0.0;0.0;110
7622;201300008430;13;2;28;1500;1;1;1;1.0;1;106;;M;0.0;0.0;110
7623;201300008431;13;3;18;1715;1;1;1;1.0;5;262;;M;0.0;0.0;110
7624;201300008432;13;3;20;1645;1;1;1;1.0;5;24;;M;0.0;0.0;110
7625;201300008433;13;4;13;1915;1;2;1;1.0;1;116;le Pont des lavandiers;M;0.0;0.0;110
7626;201300008434;13;4;26;800;1;1;1;2.0;3;145;;M;0.0;0.0;110
7627;201300008435;13;5;19;130;3;1;1;2.0;6;145;;M;0.0;0.0;110
7628;201300008436;13;7;6;1030;1;1;9;1.0;2;262;;M;4316700.0;305000.0;110
7629;201300008437;13;7;9;2000;1;1;1;1.0;7;40;;M;0.0;0.0;110
7630;201300008438;13;8;8;200;3;1;1;1.0;6;262;;M;0.0;0.0;110
7631;201300008439;13;8;18;30;5;2;1;1.0;3;170;AVENUE DE LA JONQUE;M;0.0;0.0;110
7632;201300008440;13;8;19;1545;1;2;1;1.0;3;170;Rue des Pluviers;M;0.0;0.0;110
7633;201300008441;13;9;8;1630;1;1;1;1.0;1;116;;M;4340000.0;266500.0;110
7634;201300008442;13;9;9;430;3;1;1;1.0;6;106;;M;0.0;0.0;110
7635;201300008443;13;9;12;1645;1;1;1;1.0;2;106;;M;0.0;0.0;110
7636;201300008444;13;9;14;1130;3;1;1;1.0;1;262;;M;0.0;0.0;110
7637;201300008445;13;9;30;1745;1;1;1;1.0;5;106;;M;0.0;0.0;110
7638;201300008446;13;10;9;1030;1;1;1;1.0;2;441;;M;0.0;0.0;110
7639;201300008447;13;11;5;1700;1;2;1;1.0;6;170;Avenue de l'occitanie;M;0.0;0.0;110
7640;201300008448;13;12;11;1400;1;1;1;1.0;3;255;;M;0.0;0.0;110
7641;201300008450;13;9;15;1030;1;1;1;1.0;1;351;;M;0.0;0.0;110
7642;201300008451;13;12;29;400;3;1;1;1.0;6;233;;M;4327700.0;289200.0;110
7643;201300008452;13;1;2;1200;1;2;1;1.0;1;203;AVENUE DE LA MARNE;M;4320800.0;276000.0;110
7644;201300008453;13;1;17;1730;1;1;1;1.0;6;132;;M;0.0;0.0;110
7645;201300008454;13;2;16;1315;1;1;1;1.0;2;67;;M;0.0;0.0;110
7646;201300008455;13;2;23;830;1;1;4;1.0;3;98;;M;0.0;0.0;110
7647;201300008456;13;3;11;1630;1;1;1;1.0;2;140;;M;4316100.0;272600.0;110
7648;201300008457;13;5;15;1215;1;1;1;2.0;3;353;;M;4326500.0;291600.0;110
7649;201300008458;13;7;12;2145;3;1;1;1.0;7;140;;M;0.0;0.0;110
7650;201300008459;13;9;28;2230;3;1;1;1.0;6;203;;M;0.0;0.0;110
7651;201300008460;13;10;4;900;3;1;1;1.0;5;132;;M;0.0;0.0;110
7652;201300008461;13;11;9;1345;1;2;1;1.0;3;203;rue Louis Aragon;M;4320300.0;277800.0;110
7653;201300008462;13;11;9;1745;3;1;1;1.0;3;164;;M;0.0;0.0;110
7654;201300008463;13;11;20;1200;1;2;1;6.0;6;203;chemin des romains;M;4319900.0;276400.0;110
7655;201300008464;13;12;20;1515;1;2;9;1.0;6;203;ave georges cl?menceau;M;4320400.0;276300.0;110
7656;201300008465;13;1;12;1530;1;1;1;1.0;5;379;;M;4304300.0;297000.0;110
7657;201300008466;13;6;13;1115;1;1;1;1.0;5;379;;M;0.0;0.0;110
7658;201300008467;13;6;28;2245;3;1;1;1.0;7;295;;M;0.0;0.0;110
7659;201300008471;13;3;30;1730;1;1;1;1.0;7;133;;M;4352207.0;414968.0;300
7660;201300008472;13;4;22;1900;1;1;1;1.0;2;3;;M;4357983.0;419552.0;300
7661;201300008473;13;5;3;1045;1;2;6;1.0;3;133;CD62B - Rd Pt Casino;M;4352630.0;414980.0;300
7662;201300008474;13;5;31;1445;1;1;6;1.0;6;3;;M;4356040.0;415346.0;300
7663;201300008475;13;6;5;1000;1;2;1;1.0;2;133;boulevard mar?chal juin;M;4353490.0;413618.0;300
7664;201300008477;13;6;23;1330;1;1;1;1.0;2;133;;M;4353899.0;414430.0;300
7665;201300008478;13;7;2;900;1;2;1;1.0;7;133;02 rue des combattants;M;4353576.0;413525.0;300
7666;201300008479;13;8;1;1300;1;2;1;1.0;6;133;Rue Marceau;M;4353906.0;413645.0;300
7667;201300008480;13;9;6;1445;1;1;1;1.0;6;3;;M;4356915.0;416930.0;300
7668;201300008481;13;9;21;2215;1;1;1;1.0;3;133;;M;4354080.0;414508.0;300
7669;201300008482;13;10;8;115;3;1;1;1.0;7;3;;M;4357702.0;410044.0;300
7670;201300008483;13;10;21;200;3;1;1;1.0;6;276;;M;4358134.0;426159.0;300
7671;201300008484;13;12;10;1400;1;1;1;1.0;1;3;;M;4356976.0;417020.0;300
7672;201300008485;13;1;4;1130;1;1;1;1.0;1;352;;M;4380385.0;408854.0;300
7673;201300008487;13;2;9;100;3;1;1;1.0;6;62;;M;4375668.0;420457.0;300
7674;201300008489;13;3;26;1145;1;2;1;1.0;3;75;RD 40;M;4382228.0;426438.0;300
7675;201300008490;13;3;30;1445;1;1;1;1.0;7;62;;M;4375864.0;420412.0;300
7676;201300008491;13;4;4;1830;1;1;1;2.0;3;138;;M;4379209.0;426006.0;300
7677;201300008492;13;8;24;415;5;2;1;1.0;6;321;Route de Nimes;M;4378706.0;409151.0;300
7678;201300008493;13;9;13;2045;3;1;6;1.0;6;62;;M;4377951.0;419465.0;300
7679;201300008494;13;9;19;1645;1;2;7;1.0;6;321;impasse de la malautiere;M;4378212.0;408642.0;300
7680;201300008495;13;9;30;1445;1;1;1;1.0;3;62;;M;4378094.0;419859.0;300
7681;201300008496;13;10;14;1845;1;1;1;1.0;5;114;;M;4381409.0;409537.0;300
7682;201300008497;13;11;15;1600;5;2;1;2.0;3;352;route de Nimes;M;4379112.0;409544.0;300
7683;201300008498;13;12;8;1600;1;1;1;1.0;1;138;;M;4380939.0;424332.0;300
7684;201300008499;13;12;18;915;2;1;1;3.0;6;324;;M;4380743.0;411784.0;300
7685;201300008501;13;3;10;445;3;2;1;1.0;7;156;;M;4386379.0;443663.0;300
7686;201300008502;13;7;5;745;1;1;1;1.0;3;156;;M;4383580.0;444773.0;300
7687;201300008503;13;7;22;1815;1;2;1;1.0;7;155;AVE MANDES FRANCE;M;4382592.0;447924.0;300
7688;201300008504;13;9;8;1430;1;2;1;1.0;1;211;138 ROUTE DE SAINT GERVA;M;4383250.0;449610.0;300
7689;201300008505;13;9;17;2115;5;1;1;1.0;6;206;;M;4391052.0;441683.0;300
7690;201300008506;13;2;8;1700;1;2;1;1.0;6;258;rue de la terre du port;M;4368003.0;443851.0;300
7691;201300008507;13;3;17;600;5;2;1;2.0;6;258;16 BVD CHANZY;M;4367332.0;443408.0;300
7692;201300008508;13;7;12;1430;1;1;1;1.0;7;128;;M;4370865.0;437061.0;300
7693;201300008510;13;9;22;30;3;1;1;1.0;7;258;;M;4362457.0;442373.0;300
7694;201300008511;13;9;20;1745;1;2;1;1.0;1;128;chemin des sources;M;4373150.0;433188.0;300
7695;201300008512;13;1;23;815;5;2;1;1.0;3;123;RUE FREDERIC MISTRAL.;M;0.0;0.0;300
7696;201300008513;13;2;21;1930;3;1;3;1.0;3;344;;M;4371982.0;426175.0;300
7697;201300008514;13;2;23;1030;1;2;7;1.0;6;33;PLACE DE L'HORLOGE;M;4371846.0;432304.0;300
7698;201300008516;13;4;29;1415;1;2;1;2.0;6;341;rue Moulin d'Etienne;M;4369570.0;427127.0;300
7699;201300008517;13;5;26;1300;1;2;1;1.0;3;344;Rue de Verg?ze;M;4373448.0;421987.0;300
7700;201300008518;13;6;1;1730;1;1;6;6.0;6;347;;M;4374741.0;425580.0;300
7701;201300008519;13;6;2;1445;1;1;1;1.0;1;347;;M;4371532.0;427440.0;300
7702;201300008520;13;6;5;1315;1;2;1;1.0;7;169;chemin des creux;M;4378471.0;430481.0;300
7703;201300008521;13;6;10;2230;5;1;1;1.0;7;6;;M;4367820.0;419026.0;300
7704;201300008522;13;6;15;1815;1;1;2;1.0;3;83;;M;4371022.0;422908.0;300
7705;201300008524;13;7;3;1845;1;1;1;1.0;2;169;;M;4378336.0;429882.0;300
7706;201300008525;13;7;7;345;3;1;1;1.0;6;347;;M;4373265.0;427440.0;300
7707;201300008526;13;7;7;330;3;1;1;1.0;7;333;;M;4373867.0;428798.0;300
7708;201300008527;13;7;17;615;2;1;1;1.0;1;36;;M;4376173.0;427960.0;300
7709;201300008528;13;8;1;245;3;1;1;1.0;6;4;;M;4371595.0;420156.0;300
7710;201300008529;13;8;10;1415;1;1;1;7.0;5;169;;M;4378865.0;431799.0;300
7711;201300008530;13;8;10;1130;1;1;1;1.0;2;344;;M;4373282.0;423169.0;300
7712;201300008531;13;8;24;1530;1;1;1;1.0;1;6;;M;4369450.0;416809.0;300
7713;201300008532;13;8;28;1900;1;1;6;1.0;2;4;;M;4370600.0;419125.0;300
7714;201300008533;13;9;3;1245;1;1;1;1.0;6;341;;M;4371604.0;428421.0;300
7715;201300008535;13;9;30;830;1;1;1;1.0;1;83;;M;4373200.0;421137.0;300
7716;201300008536;13;10;20;1900;2;1;1;2.0;1;347;;M;4372095.0;426944.0;300
7717;201300008537;13;11;15;815;1;1;1;1.0;6;276;;M;4364172.0;419531.0;300
7718;201300008538;13;11;23;715;1;1;1;1.0;6;59;;M;4368765.0;421982.0;300
7719;201300008539;13;11;28;1300;1;1;1;1.0;6;4;;M;4371684.0;420227.0;300
7720;201300008540;13;12;13;1845;2;2;1;1.0;6;341;avenue maurice privat;M;4369015.0;427470.0;300
7721;201300008541;13;12;26;515;3;1;1;1.0;6;344;;M;4373313.0;422312.0;300
7722;201300008542;13;3;14;1500;1;1;1;2.0;6;214;;M;4405104.0;409591.0;300
7723;201300008543;13;3;26;1200;1;1;1;1.0;6;214;;M;4403800.0;408985.0;300
7724;201300008544;13;4;14;100;3;1;1;1.0;5;330;;M;4401551.0;399433.0;300
7725;201300008545;13;5;25;15;3;1;1;1.0;2;42;;M;4406590.0;403034.0;300
7726;201300008546;13;6;2;1245;1;1;1;1.0;3;330;;M;4401120.0;399108.0;300
7727;201300008547;13;6;22;315;3;2;1;1.0;1;330;RD 907;M;4403766.0;400056.0;300
7728;201300008548;13;6;24;1545;1;1;1;1.0;1;269;;M;4412536.0;390158.0;300
7729;201300008549;13;7;26;1100;1;1;8;1.0;7;269;;M;4409495.0;391470.0;300
7730;201300008551;13;10;7;800;1;1;1;1.0;5;94;;M;4407194.0;395335.0;300
7731;201300008552;13;12;14;2115;3;1;1;1.0;6;10;;M;4403967.0;396001.0;300
7732;201300008553;13;12;28;1915;3;1;1;2.0;1;330;;M;4401684.0;399276.0;300
7733;201300008555;13;8;13;1745;1;1;9;1.0;3;132;;M;4423055.0;405455.0;300
7734;201300008556;13;9;8;1500;1;2;1;2.0;7;203;RD 906;M;4427040.0;402142.0;300
7735;201300008557;13;1;12;1800;5;1;1;1.0;6;173;;M;4413443.0;417152.0;300
7736;201300008558;13;2;12;1745;2;2;1;1.0;3;77;CD 916 la blaqui?re;M;0.0;0.0;300
7737;201300008559;13;5;27;1730;1;1;1;1.0;3;77;;M;4415899.0;405714.0;300
7738;201300008560;13;7;8;1630;1;1;1;1.0;7;294;;M;4416097.0;411986.0;300
7739;201300008561;13;7;23;1830;1;1;1;1.0;5;270;;M;4411654.0;405290.0;300
7740;201300008562;13;8;1;1800;1;1;1;1.0;3;305;;M;4416007.0;412836.0;300
7741;201300008563;13;8;9;1500;2;1;1;1.0;3;318;;M;4413997.0;418397.0;300
7742;201300008564;13;9;13;1645;1;1;1;1.0;1;305;;M;4414802.0;416296.0;300
7743;201300008565;13;9;27;1615;1;1;1;1.0;3;223;;M;4418845.0;412947.0;300
7744;201300008567;13;10;7;1215;1;1;1;1.0;7;284;;M;0.0;0.0;300
7745;201300008568;13;10;31;100;3;1;1;1.0;7;274;;M;4416590.0;409990.0;300
7746;201300008569;13;11;13;2015;3;1;1;1.0;6;223;;M;4419307.0;413199.0;300
7747;201300008570;13;11;17;1845;3;1;1;2.0;2;173;;M;4413138.0;415671.0;300
7748;201300008571;13;2;18;1315;1;1;1;2.0;6;146;;M;4398336.0;411470.0;300
7749;201300008572;13;3;16;1845;3;1;1;2.0;6;2;;M;4396982.0;410086.0;300
7750;201300008573;13;4;24;1530;1;2;1;1.0;3;46;70 rue de la Plaine;M;4399538.0;418412.0;300
7751;201300008574;13;5;4;1100;1;2;3;1.0;3;348;CD936/CHEMIN DE LA PIOLE;M;4405015.0;413536.0;300
7752;201300008575;13;5;8;1915;1;1;6;1.0;3;348;;M;4404848.0;414797.0;300
7753;201300008576;13;5;8;2145;3;1;1;1.0;1;46;;M;4399662.0;418806.0;300
7754;201300008577;13;6;9;530;2;1;1;8.0;6;160;;M;4400692.0;413766.0;300
7755;201300008578;13;8;3;1545;1;2;1;1.0;1;146;47, grand Rue;M;4398818.0;410693.0;300
7756;201300008579;13;8;21;1515;1;1;1;1.0;3;2;;M;4395700.0;409924.0;300
7757;201300008580;13;10;16;1745;1;2;1;1.0;1;259;Route de N?mes;M;4409493.0;410726.0;300
7758;201300008582;13;12;29;1530;1;1;1;1.0;2;2;;M;4396218.0;409834.0;300
7759;201300008584;13;4;7;1600;1;2;1;1.0;6;90;RD 906;M;4438455.0;393948.0;300
7760;201300008585;13;7;20;1730;1;2;1;1.0;3;345;la tavernole;M;4428213.0;399634.0;300
7761;201300008586;13;8;8;1100;1;1;1;2.0;3;345;;M;4427109.0;401734.0;300
7762;201300008587;13;8;16;945;1;1;1;1.0;6;44;;M;4436258.0;404179.0;300
7763;201300008588;13;11;28;1600;1;1;1;1.0;7;130;;M;4434080.0;394965.0;300
7764;201300008589;13;1;8;1415;1;2;1;1.0;6;227;rue docteur bastide;M;4425960.0;419546.0;300
7765;201300008590;13;1;8;1415;1;1;1;1.0;6;152;;M;4421720.0;417464.0;300
7766;201300008591;13;2;4;1945;5;2;1;1.0;7;37;05 RUE PAUL VERMALE;M;4428686.0;410569.0;300
7767;201300008592;13;2;23;915;4;1;1;1.0;6;204;;M;4423029.0;422206.0;300
7768;201300008595;13;6;11;1315;1;1;1;1.0;6;167;;M;4427164.0;418518.0;300
7769;201300008596;13;6;26;1815;1;2;1;1.0;6;152;Avenue du Moulin;M;4422924.0;416740.0;300
7770;201300008597;13;7;3;1700;1;2;1;1.0;1;227;20 Route d'Uzes, RD 37;M;4425042.0;419974.0;300
7771;201300008598;13;8;1;1815;1;1;1;1.0;1;8;;M;4422883.0;422551.0;300
7772;201300008599;13;8;21;800;1;2;1;1.0;1;227;ROUTE D'ALES;M;4424975.0;418128.0;300
7773;201300008600;13;9;22;500;3;1;1;1.0;6;237;;M;4429306.0;418264.0;300
7774;201300008601;13;10;2;945;1;2;1;1.0;6;227;faubourg du paradis;M;4426650.0;419790.0;300
7775;201300008602;13;10;19;900;1;1;1;2.0;3;48;;M;4413107.0;431837.0;300
7776;201300008603;13;10;26;1715;1;1;1;1.0;3;164;;M;4422714.0;436358.0;300
7777;201300008604;13;12;1;1515;1;1;1;1.0;6;187;;M;4414814.0;424554.0;300
7778;201300008605;13;12;6;1;3;1;1;1.0;6;227;;M;4427164.0;419151.0;300
7779;201300008606;13;1;27;1815;1;1;1;2.0;1;286;;M;4398696.0;444990.0;300
7780;201300008607;13;2;22;1915;3;1;9;1.0;1;319;;M;4403865.0;432001.0;300
7781;201300008608;13;3;16;515;5;2;1;1.0;6;295;chemin de Montaren;M;4404572.0;443256.0;300
7782;201300008609;13;4;7;2230;3;1;1;1.0;6;338;;M;4413180.0;436860.0;300
7783;201300008610;13;6;4;1245;1;1;1;1.0;7;41;;M;4395629.0;438226.0;300
7784;201300008612;13;6;7;1145;1;1;1;1.0;3;1;;M;4405115.0;434345.0;300
7785;201300008613;13;6;11;745;1;1;1;1.0;6;151;;M;4413980.0;435631.0;300
7786;201300008614;13;6;10;1145;1;1;2;1.0;3;334;;M;4404097.0;440702.0;300
7787;201300008615;13;6;22;15;3;1;1;1.0;6;334;;M;4402666.0;447017.0;300
7788;201300008616;13;6;29;1245;1;2;1;1.0;6;334;liberation (av);M;0.0;0.0;300
7789;201300008617;13;7;14;1345;1;1;1;1.0;7;308;;M;4398310.0;441286.0;300
7790;201300008618;13;7;17;2015;1;1;1;2.0;6;334;;M;4399975.0;439879.0;300
7791;201300008620;13;7;20;1030;1;1;1;1.0;7;334;;M;4402104.0;443724.0;300
7792;201300008621;13;8;3;1715;1;2;1;1.0;1;30;CD 981 PK 17+410;M;4405421.0;428557.0;300
7793;201300008622;13;8;5;630;2;1;1;1.0;5;174;;M;4405598.0;440112.0;300
7794;201300008623;13;12;12;2000;3;1;1;1.0;7;337;;M;4405304.0;446529.0;300
7795;201300008624;13;3;12;2100;5;2;1;1.0;7;202;CHEMIN DE CRUSSOL;M;0.0;0.0;300
7796;201300008626;13;6;7;1115;1;2;1;1.0;6;202;avenue Kennedy;M;4425643.0;464757.0;300
7797;201300008627;13;6;8;1515;1;2;1;2.0;1;202;654 Rue d'Uz?s;M;4426049.0;463910.0;300
7798;201300008629;13;6;30;1630;1;1;1;1.0;6;226;;M;4422151.0;463351.0;300
7799;201300008630;13;7;15;1030;1;1;1;1.0;1;5;;M;4429578.0;455580.0;300
7800;201300008631;13;7;19;2130;2;1;1;1.0;6;304;;M;4427012.0;453478.0;300
7801;201300008632;13;8;21;945;1;1;1;1.0;1;202;;M;4427939.0;462058.0;300
7802;201300008633;13;8;22;1700;1;1;1;1.0;6;251;;M;4415794.0;471398.0;300
7803;201300008634;13;8;31;1600;1;1;3;1.0;3;256;;M;4418046.0;457752.0;300
7804;201300008635;13;9;10;1415;1;1;1;1.0;2;96;;M;4421155.0;451411.0;300
7805;201300008636;13;10;19;2300;5;1;1;1.0;3;290;;M;4426295.0;459710.0;300
7806;201300008637;13;10;28;1800;5;2;1;1.0;6;202;CD 6086;M;4426541.0;463871.0;300
7807;201300008638;13;11;30;245;3;1;1;9.0;6;230;;M;4424013.0;441558.0;300
7808;201300008639;13;11;30;1815;3;2;1;6.0;6;70;CD 306, CARSAN OUEST;M;4424081.0;459487.0;300
7809;201300008640;13;12;20;2200;5;2;1;2.0;6;202;39 Av Gaston Doumergue;M;4425462.0;464344.0;300
7810;201300008641;13;2;12;1930;4;1;1;1.0;1;145;;M;4388900.0;454630.0;300
7811;201300008643;13;4;20;1430;1;1;1;2.0;1;85;;M;0.0;0.0;300
7812;201300008644;13;6;24;1400;1;1;1;6.0;5;89;;M;4384266.0;462136.0;300
7813;201300008645;13;7;6;1000;1;2;1;1.0;6;212;;M;4393876.0;456174.0;300
7814;201300008646;13;7;14;1945;1;2;1;1.0;6;85;237 ROUTE D UZES;M;4395608.0;448093.0;300
7815;201300008647;13;7;17;945;1;1;1;1.0;1;107;;M;4395226.0;464221.0;300
7816;201300008648;13;9;29;1100;3;1;1;2.0;6;116;;M;4393947.0;459379.0;300
7817;201300008649;13;11;27;1645;1;1;1;1.0;6;103;;M;4395233.0;466529.0;300
7818;201300008650;13;12;8;1815;3;2;9;1.0;6;212;D?partementale 6101;M;4394155.0;452275.0;300
7819;201300008651;13;12;14;2330;3;2;1;1.0;6;346;D227;M;4396513.0;452817.0;300
7820;201300008652;13;2;12;1830;3;1;1;1.0;3;254;;M;4405513.0;476035.0;300
7821;201300008653;13;2;17;2015;3;1;1;1.0;7;326;;M;4400165.0;471326.0;300
7822;201300008654;13;3;10;100;1;1;1;1.0;6;209;;M;4401309.0;475313.0;300
7823;201300008655;13;3;17;1430;1;1;1;2.0;6;209;;M;4398693.0;477573.0;300
7824;201300008656;13;3;22;800;1;1;1;1.0;2;221;;M;4406739.0;476825.0;300
7825;201300008657;13;3;28;1000;1;1;1;2.0;3;221;;M;4405521.0;475977.0;300
7826;201300008658;13;5;8;1345;1;1;1;1.0;2;278;;M;4406190.0;470864.0;300
7827;201300008659;13;6;21;415;3;1;1;1.0;7;315;;M;4394907.0;469872.0;300
7828;201300008660;13;7;14;1715;1;1;1;1.0;7;315;;M;4394672.0;468219.0;300
7829;201300008661;13;8;24;1930;1;1;1;1.0;3;221;;M;0.0;0.0;300
7830;201300008662;13;8;31;1030;1;1;1;1.0;1;221;;M;4405487.0;476267.0;300
7831;201300008663;13;9;5;1915;1;2;1;1.0;6;254;Chemin de Montfaucon;M;4406458.0;472574.0;300
7832;201300008664;13;10;20;445;3;1;1;8.0;1;315;;M;4394009.0;471050.0;300
7833;201300008665;13;10;22;2115;5;2;1;1.0;6;217;1 boulevard Alber 1er;M;4395921.0;473848.0;300
7834;201300008666;13;11;7;1515;1;2;4;1.0;6;178;34 Rue des DEUX COMMUNES;M;4406475.0;475642.0;300
7835;201300008667;13;1;20;1730;2;2;1;8.0;7;193;ROUTE DE NIMES;M;4387434.0;420556.0;300
7836;201300008668;13;1;23;815;1;1;1;3.0;1;224;;M;4392782.0;422601.0;300
7837;201300008669;13;2;9;1945;3;1;1;1.0;5;182;;M;4385874.0;416999.0;300
7838;201300008670;13;3;2;1500;1;1;1;1.0;7;241;;M;4395365.0;426878.0;300
7839;201300008671;13;4;29;1800;1;1;1;2.0;3;354;;M;4394464.0;414271.0;300
7840;201300008672;13;7;19;1845;1;1;1;1.0;1;228;;M;4393861.0;438300.0;300
7841;201300008673;13;7;25;1615;1;1;1;7.0;1;281;;M;4388268.0;418999.0;300
7842;201300008674;13;12;22;1100;1;1;1;1.0;1;88;;M;4386000.0;413998.0;300
7843;201300008675;13;12;21;2345;3;1;1;5.0;1;228;;M;4392443.0;439358.0;300
7844;201300008676;13;4;10;1430;1;2;1;1.0;3;350;CD999;M;4399083.0;360767.0;300
7845;201300008677;13;6;11;1815;1;2;1;1.0;6;350;place du march?;M;4399215.0;360640.0;300
7846;201300008678;13;7;9;1930;1;1;1;1.0;5;350;;M;4399220.0;360837.0;300
7847;201300008679;13;9;1;1130;1;1;1;1.0;6;38;;M;4397181.0;351321.0;300
7848;201300008680;13;9;14;1130;1;1;1;1.0;6;229;;M;4401476.0;368044.0;300
7849;201300008681;13;10;26;1730;2;1;1;2.0;1;325;;M;4399347.0;368736.0;300
7850;201300008683;13;11;8;1800;3;1;1;8.0;3;272;;M;4397717.0;368663.0;300
7851;201300008684;13;12;21;1500;1;2;6;2.0;7;350;cd 999;M;4398577.0;360433.0;300
7852;201300008685;13;11;24;1500;1;1;1;1.0;7;140;;M;4404639.0;387399.0;300
7853;201300008686;13;12;1;1815;5;2;1;1.0;6;140;rue de la croisette;M;4404366.0;385739.0;300
7854;201300008687;13;2;12;2000;3;1;1;1.0;7;349;;M;4387655.0;407439.0;300
7855;201300008688;13;4;2;1115;1;1;1;1.0;6;58;;M;4395009.0;378971.0;300
7856;201300008689;13;4;27;1330;1;1;1;2.0;5;349;;M;4385451.0;409687.0;300
7857;201300008690;13;5;3;900;1;2;1;1.0;6;263;8 BOULEVARD DES REMPARTS;M;4396350.0;385459.0;300
7858;201300008692;13;7;24;930;1;1;1;1.0;3;121;;M;4385847.0;401703.0;300
7859;201300008693;13;8;7;1600;1;2;1;2.0;7;349;CD 999;M;4387855.0;406525.0;300
7860;201300008694;13;8;20;1015;1;1;9;1.0;3;93;;M;4396302.0;391257.0;300
7861;201300008695;13;10;28;1815;3;1;1;1.0;6;263;;M;4396048.0;390029.0;300
7862;201300008696;13;12;1;345;3;1;1;1.0;6;121;;M;4386119.0;401694.0;300
7863;201300008697;13;12;14;2315;5;2;1;1.0;6;210;45 avenue des Cevennes;M;4391010.0;400232.0;300
7864;201300008698;13;12;20;2030;3;1;1;1.0;7;69;;M;4384074.0;399410.0;300
7865;201300008699;13;4;12;730;2;2;1;1.0;6;105;rue de l'Eglise;M;4406891.0;344572.0;300
7866;201300008700;13;8;21;1800;1;1;1;1.0;6;297;;M;4409035.0;351554.0;300
7867;201300008701;13;11;3;1330;1;1;1;8.0;7;139;;M;4412792.0;341110.0;300
7868;201300008702;13;4;19;1500;1;1;1;2.0;1;111;;M;0.0;0.0;480
7869;201300008703;13;5;18;1130;1;1;1;1.0;1;16;;M;0.0;0.0;480
7870;201300008704;13;6;6;1615;1;1;1;1.0;7;42;;M;0.0;0.0;480
7871;201300008705;13;6;12;1145;1;2;1;1.0;6;147;Centre Village;M;0.0;0.0;480
7872;201300008706;13;6;23;1215;1;1;1;1.0;7;157;;M;0.0;0.0;480
7873;201300008707;13;8;25;1700;1;1;1;1.0;1;16;;M;4450900.0;346000.0;480
7874;201300008708;13;9;13;1900;1;1;2;1.0;3;189;;M;0.0;0.0;480
7875;201300008710;13;11;4;845;1;1;1;2.0;7;53;;M;0.0;0.0;480
7876;201300008711;13;7;5;1830;1;1;1;1.0;6;82;;M;0.0;0.0;480
7877;201300008712;13;10;10;945;3;1;1;2.0;6;80;;M;0.0;0.0;480
7878;201300008713;13;1;24;1145;1;1;1;1.0;7;15;;M;4448700.0;397300.0;480
7879;201300008714;13;4;14;1445;1;1;1;1.0;6;135;;M;4441300.0;393600.0;480
7880;201300008715;13;5;18;715;1;1;1;3.0;7;119;;M;4454600.0;391700.0;480
7881;201300008716;13;7;9;1315;1;1;1;1.0;7;119;;M;4455800.0;391500.0;480
7882;201300008717;13;8;20;1800;1;1;1;1.0;3;4;;M;4446600.0;388600.0;480