;Num_Acc;an;mois;jour;hrmn;lum;agg;int;atm;col;com;adr;gps;lat;long;dep
7883;201300008718;13;12;30;1800;3;1;1;1.0;6;135;;M;4440900.0;393500.0;480
7884;201300008719;13;4;8;1345;1;1;1;2.0;7;75;;M;0.0;0.0;480
7885;201300008720;13;6;8;1100;1;1;1;1.0;6;193;;M;0.0;0.0;480
7886;201300008721;13;6;21;1230;1;1;1;1.0;1;166;;M;0.0;0.0;480
7887;201300008722;13;6;29;1315;1;1;1;1.0;7;116;;M;0.0;0.0;480
7888;201300008723;13;7;3;115;1;2;1;2.0;1;61;;M;0.0;0.0;480
7889;201300008725;13;8;1;1100;1;1;1;1.0;7;75;;M;0.0;0.0;480
7890;201300008726;13;8;22;1645;1;1;1;1.0;1;75;;M;0.0;0.0;480
7891;201300008727;13;9;16;1645;1;1;1;1.0;7;166;;M;0.0;0.0;480
7892;201300008728;13;10;12;1800;1;1;1;1.0;7;75;;M;0.0;0.0;480
7893;201300008730;13;11;28;2000;3;1;1;1.0;7;75;;M;0.0;0.0;480
7894;201300008731;13;7;7;1730;1;1;1;1.0;6;67;;M;0.0;0.0;480
7895;201300008732;13;7;20;1215;1;1;1;1.0;1;115;;M;0.0;0.0;480
7896;201300008733;13;8;3;1815;1;1;1;1.0;1;146;;M;0.0;0.0;480
7897;201300008734;13;3;29;2330;3;1;1;2.0;6;18;;M;0.0;0.0;480
7898;201300008735;13;1;23;1600;1;1;1;1.0;1;182;;M;0.0;0.0;660
7899;201300008736;13;2;22;1900;3;1;1;1.0;5;182;;M;0.0;0.0;660
7900;201300008737;13;3;14;1700;1;2;1;1.0;6;37;Bd Carrere vieille;M;4269780.0;303332.0;660
7901;201300008738;13;7;8;1915;1;1;1;1.0;1;37;;M;4270648.0;299152.0;660
7902;201300008739;13;7;14;345;3;1;1;1.0;6;37;;M;0.0;0.0;660
7903;201300008740;13;8;12;1830;1;2;1;7.0;6;37;avenue de catalogne;M;4269554.0;303246.0;660
7904;201300008741;13;8;20;1930;1;1;1;7.0;7;37;;M;0.0;0.0;660
7905;201300008742;13;12;2;2100;5;2;1;1.0;3;37;avenue Mediterranee;M;4269825.0;302707.0;660
7906;201300008743;13;1;31;1630;1;1;1;1.0;1;129;;M;0.0;0.0;660
7907;201300008744;13;4;28;1815;1;2;4;1.0;3;114;RUE DU CANIGOU;M;4260804.0;293139.0;660
7908;201300008745;13;5;21;1645;1;1;1;1.0;5;208;;M;0.0;0.0;660
7909;201300008746;13;6;17;745;1;1;3;1.0;3;59;;M;0.0;0.0;660
7910;201300008747;13;8;18;900;1;1;1;1.0;2;11;;M;0.0;0.0;660
7911;201300008748;13;5;8;1815;1;1;1;2.0;6;174;;M;0.0;0.0;660
7912;201300008749;13;8;29;1015;1;1;3;1.0;3;173;;M;0.0;0.0;660
7913;201300008750;13;1;4;715;1;1;1;1.0;2;190;;M;0.0;0.0;660
7914;201300008751;13;5;17;1500;1;2;1;1.0;3;164;avenue des Pyrenees;M;4276555.0;286912.0;660
7915;201300008752;13;5;25;15;3;1;1;1.0;1;231;;M;4283800.0;280400.0;660
7916;201300008753;13;5;26;1015;1;2;1;1.0;3;190;D5b;M;0.0;0.0;660
7917;201300008754;13;6;22;2015;1;1;1;1.0;7;69;;M;0.0;0.0;660
7918;201300008755;13;7;10;1815;1;1;1;1.0;4;164;;M;0.0;0.0;660
7919;201300008756;13;9;1;1930;1;1;1;1.0;1;14;;M;0.0;0.0;660
7920;201300008757;13;9;4;645;2;1;1;1.0;3;190;;M;0.0;0.0;660
7921;201300008758;13;9;13;2300;3;2;1;1.0;6;190;;M;0.0;0.0;660
7922;201300008760;13;10;1;1215;1;1;2;1.0;3;14;;M;0.0;0.0;660
7923;201300008761;13;10;15;1545;1;2;3;1.0;1;127;Route de Vingrau;M;4286995.0;287181.0;660
7924;201300008762;13;10;17;2315;3;1;1;1.0;1;190;;M;0.0;0.0;660
7925;201300008763;13;11;24;1745;3;1;1;1.0;2;69;;M;0.0;0.0;660
7926;201300008764;13;6;28;1715;1;2;1;1.0;6;171;rue Francis CARCO;M;4263189.0;302377.0;660
7927;201300008765;13;7;21;1215;1;1;1;1.0;6;2;;M;0.0;0.0;660
7928;201300008766;13;8;17;30;5;2;1;1.0;4;171;Rue Andre Maurois;M;4262305.0;303451.0;660
7929;201300008767;13;9;3;1915;1;2;1;7.0;6;171;avenue Armand Lanoux;M;4260060.0;303724.0;660
7930;201300008768;13;9;17;1900;1;1;1;1.0;7;94;;M;4260609.0;301973.0;660
7931;201300008769;13;11;18;715;1;2;1;1.0;5;171;rue ROLAND;M;4262004.0;300013.0;660
7932;201300008770;13;12;4;1015;1;2;6;1.0;3;171;;M;0.0;0.0;660
7933;201300008771;13;12;23;1600;1;2;1;1.0;6;171;AVENUE ARMAND LANOUX;M;4261077.0;302843.0;660
7934;201300008772;13;6;9;2345;3;1;1;1.0;7;180;;M;0.0;0.0;660
7935;201300008773;13;6;15;2200;5;2;1;1.0;6;180;rue des commercants;M;4278373.0;296636.0;660
7936;201300008774;13;8;6;1345;1;2;1;1.0;6;212;;M;0.0;0.0;660
7937;201300008775;13;8;6;1500;1;2;1;1.0;6;180;BD DE LA COTE VERMEILLE;M;0.0;0.0;660
7938;201300008777;13;10;24;1215;1;2;6;1.0;3;180;CHEMIN DE LEUCATE;M;4272746.0;298534.0;660
7939;201300008778;13;4;22;1900;1;2;1;1.0;7;99;rue des cerisiers;M;4254954.0;274510.0;660
7940;201300008779;13;9;23;1715;1;2;9;1.0;6;210;Avenue louis nogueres;M;4263186.0;275029.0;660
7941;201300008780;13;11;15;445;3;1;1;6.0;1;33;;M;0.0;0.0;660
7942;201300008781;13;12;26;1215;1;2;6;1.0;2;210;route de thuir;M;0.0;0.0;660
7943;201300008782;13;2;19;2130;4;1;1;1.0;6;160;;M;4248547.0;269848.0;660
7944;201300008783;13;2;24;1830;3;1;1;1.0;5;160;;M;0.0;0.0;660
7945;201300008784;13;1;11;1645;1;1;6;7.0;6;168;;M;0.0;0.0;660
7946;201300008786;13;6;27;1300;1;1;1;1.0;3;8;;M;0.0;0.0;660
7947;201300008787;13;12;24;230;3;1;1;1.0;6;8;;M;0.0;0.0;660
7948;201300008788;13;3;7;1745;1;2;1;1.0;6;175;5 rue de la scirie;M;4254151.0;292562.0;660
7949;201300008789;13;8;6;1;3;1;1;1.0;2;214;;M;0.0;0.0;660
7950;201300008791;13;9;22;1745;1;1;1;1.0;7;196;;M;0.0;0.0;660
7951;201300008792;13;9;24;2200;3;1;1;1.0;7;93;;M;0.0;0.0;660
7952;201300008793;13;8;5;1230;1;1;1;1.0;1;9;;M;0.0;0.0;660
7953;201300008794;13;1;1;500;3;1;1;1.0;7;178;;M;0.0;0.0;660
7954;201300008795;13;7;4;1400;1;1;1;1.0;1;214;;M;4254192.0;284886.0;660
7955;201300008796;13;10;5;1215;1;1;1;1.0;1;63;;M;0.0;0.0;660
7956;201300008797;13;8;17;1000;1;1;1;1.0;5;178;;M;0.0;0.0;660
7957;201300008798;13;9;20;1045;1;1;1;1.0;1;63;;M;0.0;0.0;660
7958;201300008800;13;10;29;930;1;1;1;1.0;6;178;;M;0.0;0.0;660
7959;201300008801;13;11;1;945;1;1;1;1.0;7;15;;M;0.0;0.0;660
7960;201300008802;13;12;3;1745;1;1;1;1.0;1;24;;M;0.0;0.0;660
7961;201300008803;13;12;18;1145;1;2;1;1.0;6;24;rue menant au centre com;M;4253287.0;283982.0;660
7962;201300008804;13;12;27;1530;1;1;1;1.0;7;106;;M;0.0;0.0;660
7963;201300008805;13;3;10;230;3;2;1;1.0;1;53;route de la consolation;M;4252477.0;307456.0;660
7964;201300008806;13;10;19;1630;1;2;1;1.0;6;16;13 RUE JOLIOT CURIE;M;4247922.0;313013.0;660
7965;201300008807;13;12;4;1445;1;2;1;7.0;6;16;Avenue de la Republique;M;4248290.0;312902.0;660
7966;201300008808;13;5;10;700;2;1;1;1.0;7;45;;M;0.0;0.0;660
7967;201300008809;13;6;25;1245;1;2;1;1.0;6;149;;M;4261801.0;242750.0;660
7968;201300008810;13;6;27;1715;1;1;1;1.0;1;161;;M;0.0;0.0;660
7969;201300008811;13;11;2;345;3;1;1;1.0;6;34;;M;0.0;0.0;660
7970;201300008812;13;1;15;1200;1;1;1;4.0;6;218;;M;0.0;0.0;660
7971;201300008813;13;3;3;30;3;1;1;1.0;6;181;;M;0.0;0.0;660
7972;201300008814;13;4;27;1145;1;1;1;4.0;6;75;;M;4247397.0;209044.0;660
7973;201300008815;13;5;19;730;1;1;1;1.0;6;181;;M;0.0;0.0;660
7974;201300008816;13;8;4;730;1;1;1;1.0;1;146;;M;0.0;0.0;660
7975;201300008817;13;12;26;1145;1;1;1;4.0;1;167;;M;0.0;0.0;660
7976;201300008818;13;4;6;1515;1;2;1;4.0;6;82;5  route de Mont-Louis;M;0.0;0.0;660
7977;201300008819;13;11;1;945;4;2;1;1.0;1;124;BD FRANCOIS ARAGO;M;0.0;0.0;660
7978;201300008820;13;3;11;1500;1;1;1;2.0;1;23;;M;0.0;0.0;660
7979;201300008821;13;4;12;545;1;1;1;1.0;1;230;;M;0.0;0.0;660
7980;201300008822;13;4;21;1215;1;1;1;1.0;1;165;;M;0.0;0.0;660
7981;201300008823;13;7;11;1830;1;1;8;1.0;3;88;;M;4267216.0;263100.0;660
7982;201300008824;13;8;27;1215;1;1;1;1.0;3;23;;M;0.0;0.0;660
7983;201300008825;13;1;14;945;1;1;1;2.0;1;85;20117;M;4191187.0;893589.0;201
7984;201300008826;13;5;1;2215;5;2;1;1.0;7;32;20129;M;4192202.0;882815.0;201
7985;201300008827;13;5;17;1945;1;2;1;1.0;1;130;Boulevard M.J Bozzi;M;4188197.0;878842.0;201
7986;201300008828;13;5;26;1045;1;2;1;1.0;2;130;porticcio;M;4188900.0;892300.0;201
7987;201300008829;13;10;28;1045;2;2;1;1.0;6;85;20117;M;0.0;0.0;201
7988;201300008830;13;1;28;1600;1;1;1;1.0;1;209;20167;M;4200097.0;885385.0;201
7989;201300008831;13;2;9;1500;1;1;1;1.0;2;271;20167;M;4197207.0;881978.0;201
7990;201300008832;13;2;17;315;5;1;1;1.0;6;209;20167;M;4200031.0;885844.0;201
7991;201300008833;13;2;18;1415;1;1;1;1.0;7;6;20167;M;4197042.0;877877.0;201
7992;201300008834;13;3;20;1845;3;1;1;3.0;1;6;20167;M;4196198.0;878025.0;201
7993;201300008835;13;4;27;1645;1;1;3;1.0;2;271;RN193 Gare de Mezzana;M;4198031.0;883497.0;201
7994;201300008836;13;4;28;615;1;2;1;1.0;6;271;20167;M;0.0;0.0;201
7995;201300008837;13;6;25;1245;1;1;1;1.0;1;209;20167;M;4200534.0;885876.0;201
7996;201300008838;13;7;9;1830;1;2;1;1.0;6;6;Lieu dit Scumundaccia;M;4197201.0;874281.0;201
7997;201300008839;13;8;4;245;3;1;1;1.0;1;271;20167;M;4197800.0;882300.0;201
7998;201300008840;13;10;13;915;1;1;1;1.0;3;271;20167;M;0.0;0.0;201
7999;201300008841;13;11;17;600;5;2;1;1.0;6;271;20167;M;4195685.0;879953.0;201
8000;201300008842;13;12;11;1300;1;1;1;1.0;7;323;;M;4202300.0;889100.0;201
8001;201300008843;13;12;27;1145;1;1;1;1.0;5;40;;M;4209828.0;910455.0;201
8002;201300008844;13;5;11;215;5;2;1;1.0;7;198;Av. de la Marina - RD 84;M;4227100.0;869800.0;201
8003;201300008845;13;7;11;500;2;1;1;1.0;6;279;20147;M;4229900.0;870100.0;201
8004;201300008847;13;8;22;1545;1;1;1;1.0;7;198;20150;M;0.0;0.0;201
8005;201300008848;13;9;3;1215;1;1;1;1.0;6;212;20115;M;4218900.0;862000.0;201
8006;201300008849;13;1;25;830;1;1;1;8.0;6;215;20131;M;4149676.0;904634.0;201
8007;201300008850;13;5;19;300;3;1;1;1.0;6;215;20131;M;4150200.0;904700.0;201
8008;201300008851;13;5;24;1015;1;1;1;1.0;3;41;20169;M;4141299.0;917500.0;201
8009;201300008852;13;8;17;1930;2;1;3;7.0;1;41;Rte de l'hopital;M;4140278.0;916063.0;201
8010;201300008853;13;2;22;500;3;1;1;1.0;7;247;20137;M;4151193.0;925608.0;201
8011;201300008854;13;3;10;930;1;2;1;1.0;3;269;20145;M;0.0;0.0;201
8012;201300008855;13;3;23;2330;5;2;6;1.0;6;247;20137;M;4159793.0;926690.0;201
8013;201300008856;13;4;8;415;5;1;1;1.0;6;247;Rte de Via Notte;M;4156616.0;927731.0;201
8014;201300008857;13;5;4;1800;1;1;1;1.0;6;247;;M;4155600.0;927100.0;201
8015;201300008858;13;6;4;1830;1;1;1;1.0;1;247;20137;M;4165000.0;920800.0;201
8016;201300008859;13;6;14;1045;1;2;1;1.0;3;247;20137;M;0.0;0.0;201
8017;201300008860;13;6;18;1615;1;2;1;1.0;2;247;20137;M;0.0;0.0;201
8018;201300008861;13;6;27;915;1;1;1;1.0;1;247;20137;M;4164800.0;927800.0;201
8019;201300008862;13;6;30;1915;1;1;1;1.0;6;247;20137;M;4156675.0;925432.0;201
8020;201300008863;13;7;1;1000;1;2;6;1.0;3;247;20137;M;0.0;0.0;201
8021;201300008864;13;7;28;30;3;2;1;1.0;3;247;CD 468 RTE DE CALA ROSSA;M;0.0;0.0;201
8022;201300008866;13;8;5;2315;3;1;1;1.0;6;247;camping golfo di sognu;M;0.0;0.0;201
8023;201300008867;13;8;7;2200;5;2;1;1.0;3;247;avenue georges pompidou;M;4159700.0;928500.0;201
8024;201300008868;13;8;17;1230;1;1;1;1.0;5;247;20137;M;4155799.0;927300.0;201
8025;201300008869;13;9;3;1045;1;1;1;1.0;3;247;20137;M;0.0;0.0;201
8026;201300008870;13;9;27;1645;1;1;1;1.0;3;247;20137;M;4158450.0;926415.0;201
8027;201300008871;13;10;30;1845;3;1;1;1.0;6;247;20137;M;4159623.0;923926.0;201
8028;201300008873;13;11;22;830;1;1;1;2.0;1;247;20137;M;4156600.0;923600.0;201
8029;201300008874;13;12;7;1715;3;2;1;1.0;2;247;RUE PIERRE ANDREANI;M;4162048.0;928329.0;201
8030;201300008875;13;12;7;1845;3;1;1;1.0;1;247;;M;0.0;0.0;201
8031;201300008876;13;3;27;1030;1;1;1;1.0;1;272;20100;M;4165499.0;892658.0;201
8032;201300008877;13;3;28;1015;1;1;1;2.0;6;272;20100;M;4162609.0;895706.0;201
8033;201300008878;13;5;12;845;1;1;1;1.0;6;272;20100;M;0.0;0.0;201
8034;201300008880;13;7;15;1230;1;2;1;1.0;6;272;20100;M;0.0;0.0;201
8035;201300008881;13;8;31;1215;1;1;1;1.0;3;272;20100;M;4163119.0;895762.0;201
8036;201300008882;13;9;2;930;1;2;1;1.0;3;272;20100;M;0.0;0.0;201
8037;201300008883;13;12;10;900;1;1;1;1.0;6;272;;M;4160400.0;893900.0;201
8038;201300008884;13;7;24;1600;1;1;1;1.0;6;362;20124;M;4176894.0;917355.0;201
8039;201300008885;13;11;29;1130;1;1;1;1.0;1;56;20142;M;4189300.0;900400.0;201
8040;201300008886;13;4;17;1515;1;1;1;1.0;5;189;20113;M;4170165.0;890683.0;201
8041;201300008887;13;5;19;400;3;1;1;1.0;7;189;;M;4168896.0;893452.0;201
8042;201300008888;13;7;10;930;1;1;1;1.0;3;189;;M;4171300.0;891600.0;201
8043;201300008889;13;7;15;1830;1;1;1;1.0;3;189;ABARTELLO;M;4170700.0;883800.0;201
8044;201300008890;13;8;2;830;1;1;1;1.0;2;189;20113;M;4170100.0;890500.0;201
8045;201300008891;13;9;4;1045;1;1;1;1.0;3;189;20113;M;4170427.0;891192.0;201
8046;201300008892;13;9;7;1745;1;1;1;1.0;5;189;20113;M;4169380.0;891189.0;201
8047;201300008893;13;10;18;30;5;2;1;1.0;6;189;Abartello;M;4169748.0;884517.0;201
8048;201300008895;13;1;7;1130;1;1;1;1.0;2;42;;M;0.0;0.0;202
8049;201300008896;13;1;26;1530;1;1;1;1.0;1;148;;M;0.0;0.0;202
8050;201300008897;13;5;4;1815;1;1;1;1.0;2;42;;M;0.0;0.0;202
8051;201300008898;13;5;18;2300;3;1;1;3.0;1;42;;M;0.0;0.0;202
8052;201300008899;13;5;17;845;1;2;1;1.0;3;148;route de l aeroport;M;0.0;0.0;202
8053;201300008900;13;6;13;1145;1;1;1;1.0;3;42;;M;0.0;0.0;202
8054;201300008902;13;8;15;1545;1;1;1;1.0;3;55;;M;0.0;0.0;202
8055;201300008903;13;8;24;1400;1;1;1;1.0;6;148;;M;0.0;0.0;202
8056;201300008904;13;9;29;1330;1;1;1;1.0;1;55;;M;0.0;0.0;202
8057;201300008905;13;11;25;1600;1;1;1;8.0;5;355;;M;4251500.0;939300.0;202
8058;201300008906;13;12;18;1300;1;2;1;1.0;6;42;RN 193 CRUCETTA;M;4255500.0;944300.0;202
8059;201300008907;13;1;23;1445;1;2;9;2.0;6;43;Strada Vecchia;M;0.0;0.0;202
8060;201300008908;13;6;8;2115;2;1;1;1.0;6;281;;M;0.0;0.0;202
8061;201300008909;13;8;31;1415;1;1;1;1.0;3;159;;M;0.0;0.0;202
8062;201300008910;13;9;3;1645;1;2;1;1.0;3;309;66 route du bord de mer;M;0.0;0.0;202
8063;201300008911;13;11;4;2215;3;1;1;6.0;6;43;;M;4289800.0;944700.0;202
8064;201300008912;13;11;26;1000;1;1;1;1.0;3;43;;M;4279800.0;949100.0;202
8065;201300008913;13;12;4;1200;1;1;1;1.0;1;43;;M;0.0;0.0;202
8066;201300008914;13;3;16;1245;1;1;1;1.0;7;314;;M;0.0;0.0;202
8067;201300008915;13;8;15;730;1;1;1;1.0;1;265;;M;0.0;0.0;202
8068;201300008916;13;10;18;215;5;2;1;1.0;6;298;Route de BASTIA;M;0.0;0.0;202
8069;201300008917;13;2;20;2245;5;2;9;1.0;5;150;RN 197 PK 09+100;M;0.0;0.0;202
8070;201300008918;13;5;6;1515;1;1;1;1.0;1;50;;M;0.0;0.0;202
8071;201300008919;13;5;6;1530;1;1;1;1.0;1;121;;M;0.0;0.0;202
8072;201300008920;13;5;15;1100;1;1;1;1.0;2;50;;M;0.0;0.0;202
8073;201300008921;13;7;24;2245;5;1;1;1.0;7;50;;M;0.0;0.0;202
8074;201300008922;13;8;2;1645;1;1;1;1.0;5;150;;M;0.0;0.0;202
8075;201300008923;13;8;18;1030;1;1;1;1.0;1;49;;M;0.0;0.0;202
8076;201300008924;13;9;11;1545;1;1;1;1.0;1;150;;M;0.0;0.0;202
8077;201300008925;13;9;21;1500;1;1;1;1.0;1;150;;M;0.0;0.0;202
8078;201300008926;13;10;23;1630;1;2;1;1.0;6;50;;M;0.0;0.0;202
8079;201300008927;13;11;18;1700;3;1;1;3.0;3;150;;M;0.0;0.0;202
8080;201300008928;13;3;13;1245;1;1;1;2.0;1;93;;M;0.0;0.0;202
8081;201300008929;13;12;20;1745;3;1;1;1.0;3;93;;M;4261300.0;888600.0;202
8082;201300008930;13;4;15;900;1;1;1;1.0;7;329;;M;0.0;0.0;202
8083;201300008932;13;5;26;1800;1;1;1;1.0;5;96;;M;0.0;0.0;202
8084;201300008933;13;6;14;1430;1;1;1;1.0;3;201;;M;0.0;0.0;202
8085;201300008934;13;8;18;1300;1;1;1;1.0;1;329;;M;0.0;0.0;202
8086;201300008935;13;8;20;1315;1;1;1;1.0;7;201;;M;0.0;0.0;202
8087;201300008936;13;9;27;1200;1;1;1;1.0;2;96;;M;0.0;0.0;202
8088;201300008938;13;9;28;1800;1;2;1;1.0;3;96;route du Calvaire;M;0.0;0.0;202
8089;201300008939;13;10;12;915;1;2;1;1.0;1;341;RN 193;M;0.0;0.0;202
8090;201300008940;13;2;1;730;1;1;1;1.0;1;337;;M;0.0;0.0;202
8091;201300008941;13;4;2;1030;1;1;1;3.0;3;59;;M;0.0;0.0;202
8092;201300008942;13;8;24;315;3;1;1;1.0;6;79;;M;0.0;0.0;202
8093;201300008943;13;9;22;1300;1;1;1;1.0;6;162;;M;0.0;0.0;202
8094;201300008946;13;10;18;700;2;1;1;1.0;6;193;;M;0.0;0.0;202
8095;201300008947;13;10;8;1330;1;1;1;1.0;6;289;;M;0.0;0.0;202
8096;201300008948;13;3;1;745;1;1;1;2.0;7;123;;M;0.0;0.0;202
8097;201300008949;13;5;4;1945;2;1;1;2.0;6;123;;M;0.0;0.0;202
8098;201300008950;13;6;4;1230;1;1;1;1.0;2;342;;M;0.0;0.0;202
8099;201300008951;13;6;10;245;3;2;1;1.0;6;123;RN198;M;0.0;0.0;202
8100;201300008952;13;8;27;2030;2;1;1;1.0;3;277;;M;0.0;0.0;202
8101;201300008953;13;8;28;1515;1;1;1;1.0;3;283;;M;0.0;0.0;202
8102;201300008954;13;8;28;1630;1;2;1;1.0;3;123;Chemin de Gattone;M;0.0;0.0;202
8103;201300008955;13;10;4;1015;1;1;1;1.0;3;123;;M;0.0;0.0;202
8104;201300008956;13;12;16;1800;5;1;1;1.0;6;123;;M;0.0;0.0;202
8105;201300008957;13;1;6;2230;3;1;1;1.0;6;143;;M;0.0;0.0;202
8106;201300008958;13;7;3;1100;1;1;1;1.0;2;143;;M;0.0;0.0;202
8107;201300008959;13;7;23;1130;1;1;1;1.0;3;143;;M;0.0;0.0;202
8108;201300008960;13;8;20;1700;1;1;1;1.0;1;9;;M;0.0;0.0;202
8109;201300008961;13;10;14;1145;1;1;1;1.0;1;177;;M;0.0;0.0;202
8110;201300008962;13;11;3;1415;1;1;1;1.0;2;143;;M;0.0;0.0;202
8111;201300008963;13;12;3;1745;3;1;1;1.0;1;9;;M;0.0;0.0;202
8112;201300008964;13;2;21;1430;1;1;1;1.0;1;87;;M;0.0;0.0;202
8113;201300008965;13;4;13;630;1;1;1;1.0;6;57;;M;0.0;0.0;202
8114;201300008967;13;5;20;1530;1;1;1;1.0;3;303;;M;0.0;0.0;202
8115;201300008968;13;9;10;1145;1;1;1;1.0;6;307;;M;0.0;0.0;202
8116;201300008969;13;10;1;1500;1;1;1;1.0;6;303;;M;0.0;0.0;202
8117;201300008970;13;12;13;1145;1;1;1;1.0;3;313;;M;0.0;0.0;202
8118;201300008971;13;5;14;1745;1;1;1;1.0;3;207;;M;0.0;0.0;202
8119;201300008972;13;10;5;1415;1;1;1;1.0;1;343;;M;0.0;0.0;202
8120;201300008973;13;10;19;715;1;1;1;1.0;6;343;;M;0.0;0.0;202
8121;201300008974;13;12;5;1200;1;2;1;1.0;6;286;;M;4248800.0;948100.0;202
8122;201300008975;13;2;23;1810;1;2;1;1.0;6;23;FORGUES (AVENUE DU PROF.;M;4490557.0;663033.0;50
8123;201300008976;13;3;9;1;5;2;6;1.0;6;23;ITALIE (ROUTE D');M;4490143.0;664360.0;50
8124;201300008977;13;4;17;1023;1;2;3;1.0;3;23;DAUPHINE (AVENUE DU);M;4490330.0;663039.0;50
8125;201300008978;13;5;12;935;1;2;1;1.0;1;23;FONTENIL (ROUTE DU);M;4490259.0;664949.0;50
8126;201300008979;13;5;27;353;3;1;1;1.0;6;23;IZOARD (AVENUE DU COL D';;;;50
8127;201300008980;13;6;8;620;1;2;6;1.0;6;23;1, MONDET (RUE ALFRED);M;4488721.0;663365.0;50
8128;201300008981;13;6;25;1620;1;2;1;1.0;6;23;DE GAULLE (AVENUE DU GEN;M;4489497.0;663310.0;50
8129;201300008982;13;7;5;920;1;2;1;7.0;6;23;REPUBLIQUE (AVENUE DE LA;M;4489668.0;663485.0;50
8130;201300008983;13;7;11;1010;1;2;1;1.0;2;23;FONTAINIERS (RUE DES);M;4488480.0;662421.0;50
8131;201300008984;13;7;12;1110;1;2;3;1.0;3;23;FORGUES (AVENUE DU PROF.;M;4490564.0;662950.0;50
8132;201300008985;13;7;19;1700;1;2;4;2.0;3;23;SAVOIE (AVENUE DE);M;4491666.0;662234.0;50
8133;201300008986;13;7;22;955;1;2;1;1.0;4;23;PETSCHE (AVENUE MAURICE);M;4489581.0;663298.0;50
8134;201300008987;13;7;25;2110;3;1;1;1.0;6;23;ITALIE (ROUTE D');M;4490789.0;666201.0;50
8135;201300008988;13;8;13;1255;1;2;3;1.0;3;23;BARBOT (AVENUE DU GENERA;M;4490120.0;663209.0;50
8136;201300008989;13;8;24;1555;1;2;1;2.0;3;23;DAUPHINE (AVENUE DU);M;4490321.0;663050.0;50
8137;201300008990;13;10;2;1000;1;2;9;1.0;3;23;23, BERMOND GONNET (RUE);M;4489113.0;663138.0;50
8138;201300008991;13;10;4;1850;2;2;1;2.0;3;23;DAUPHINE (AVENUE DU);M;4490341.0;662990.0;50
8139;201300008992;13;12;20;1930;5;2;3;4.0;7;23;PETSCHE (AVE MAURICE);M;4489522.0;663085.0;50
8140;201300008993;13;12;29;1950;5;2;1;1.0;1;23;REPUBLIQUE (AVENUE DE LA;M;4489888.0;664089.0;50
8141;201300008994;13;12;30;530;5;2;1;1.0;1;23;27, MAISONS BLANCHES (RU;M;4488464.0;662891.0;50
8142;201300008995;13;12;18;945;1;1;1;1.0;3;61;CD 900B;M;4451002.0;606962.0;50
8143;201300008996;13;1;9;1020;1;2;1;1.0;6;61;6, MANTEYER ( PLACE );M;4455769.0;607760.0;50
8144;201300008997;13;1;22;1645;1;2;1;1.0;6;61;EMBRUN ( AVENUE D');M;4456910.0;610187.0;50
8145;201300008998;13;2;8;1826;5;2;1;1.0;6;61;GUILLAUME FAREL ( AVENUE;M;4455985.0;607534.0;50
8146;201300008999;13;2;9;2136;3;1;1;1.0;4;61;RN 85;M;4450993.0;604589.0;50
8147;201300009000;13;2;22;1230;1;2;1;1.0;1;61;Chemin du Clos de Charen;M;4457623.0;606253.0;50
8148;201300009001;13;1;18;1015;1;1;1;1.0;5;61;LUYE ( ROUTE DE LA );;;;50
8149;201300009002;13;3;28;1655;1;2;1;2.0;6;61;GEORGES POUGET ( RUE);M;4455803.0;606857.0;50
8150;201300009003;13;4;8;830;1;2;1;1.0;2;61;JEAN JAURES ( AVENUE );M;4454872.0;606712.0;50
8151;201300009004;13;4;14;1220;1;2;6;1.0;3;61;FAUVINS ( ROUTE  DES );M;4456392.0;610037.0;50
8152;201300009005;13;5;20;1715;1;1;1;1.0;3;61;VEYNES ( ROUTE DE );M;4454857.0;603819.0;50
8153;201300009007;13;5;30;1230;1;2;1;1.0;3;61;ST ARNOUX ( PLACE );M;4455736.0;607717.0;50
8154;201300009008;13;6;1;1555;1;2;1;1.0;2;61;JEAN JAURES ( AVENUE );M;4455320.0;607262.0;50
8155;201300009009;13;7;16;820;1;2;1;1.0;3;61;EMBRUN ( AVENUE D');M;4456863.0;610007.0;50
8156;201300009010;13;6;25;1515;1;2;1;1.0;6;61;COMMANDANT DUMONT ( AVEN;M;4456565.0;608361.0;50
8157;201300009012;13;8;21;1710;1;2;1;1.0;3;61;JEAN JAURES ( AVENUE );M;4455295.0;607231.0;50
8158;201300009013;13;8;28;905;1;2;3;1.0;6;61;SOLEIL ( RUE DU );M;4454068.0;605725.0;50
8159;201300009014;13;9;6;650;1;2;1;1.0;2;61;EYSSAGNIERES ( ROUTE DES;M;4453803.0;605171.0;50
8160;201300009015;13;9;19;1445;1;2;1;1.0;6;61;FRANCOIS MITTERAND (AVEN;M;4454279.0;605984.0;50
8161;201300009017;13;10;3;1225;1;2;3;1.0;3;61;COMMANDANT DUMONT ( AVEN;M;4456322.0;608389.0;50
8162;201300009018;13;10;8;721;2;1;1;8.0;3;61;RN 85;M;4462086.0;608223.0;50
8163;201300009019;13;10;8;1748;1;1;1;1.0;1;61;RD944;M;4460650.0;611807.0;50
8164;201300009020;13;10;30;1230;1;2;3;1.0;3;61;COMMANDANT DUMONT ( AVEN;M;4456729.0;608343.0;50
8165;201300009021;13;11;14;1720;2;2;3;1.0;3;61;FRANCOIS MITTERAND (AVEN;M;4454623.0;606407.0;50
8166;201300009022;13;2;2;1800;2;2;1;1.0;6;255;rue des vergers;M;0.0;0.0;780
8167;201300009023;13;4;11;2130;3;1;1;1.0;1;320;;M;0.0;0.0;780