;Num_Acc;an;mois;jour;hrmn;lum;agg;int;atm;col;com;adr;gps;lat;long;dep
8168;201300009024;13;4;24;815;1;2;1;1.0;2;89;avenue Aristide Briand;M;0.0;0.0;780
8169;201300009025;13;6;7;1500;1;2;1;1.0;3;503;RD915;M;0.0;0.0;780
8170;201300009026;13;8;1;1945;1;2;1;1.0;6;255;Rue des Alpes;M;0.0;0.0;780
8171;201300009027;13;9;24;1845;1;1;1;1.0;1;385;;M;0.0;0.0;780
8172;201300009028;13;11;5;1800;5;2;1;2.0;6;107;2 ROUTE DE LONGNES;M;0.0;0.0;780
8173;201300009029;13;6;30;1500;2;1;1;1.0;6;107;;M;0.0;0.0;780
8174;201300009030;13;8;6;1730;1;1;1;1.0;3;536;;M;0.0;0.0;780
8175;201300009031;13;11;2;1815;3;1;2;1.0;3;246;;M;4903700.0;174900.0;780
8176;201300009032;13;5;8;1230;1;1;1;1.0;3;206;;M;0.0;0.0;780
8177;201300009034;13;1;17;1800;3;1;1;1.0;1;381;;M;4879900.0;161900.0;780
8178;201300009035;13;2;28;1730;1;2;1;1.0;6;310;68 rue de Paris;M;4879800.0;160200.0;780
8179;201300009036;13;3;28;800;1;2;1;1.0;1;310;rue Saint-Mathieu;M;0.0;0.0;780
8180;201300009037;13;5;1;600;5;2;1;1.0;6;310;Route d'Anet;M;4881200.0;159100.0;780
8181;201300009038;13;5;25;1145;1;1;1;1.0;6;381;;M;4879600.0;163100.0;780
8182;201300009039;13;5;30;2100;1;2;2;8.0;3;171;;M;4873600.0;163900.0;780
8183;201300009040;13;6;10;1300;1;1;1;1.0;4;48;;M;4879800.0;164900.0;780
8184;201300009041;13;6;18;2200;2;1;1;1.0;6;381;;M;0.0;0.0;780
8185;201300009042;13;7;21;315;3;1;1;1.0;6;263;;M;0.0;0.0;780
8186;201300009043;13;9;24;2000;2;1;1;1.0;6;381;;M;4879700.0;163400.0;780
8187;201300009044;13;10;1;800;2;1;1;5.0;6;381;;M;0.0;0.0;780
8188;201300009045;13;11;13;930;1;2;1;1.0;6;310;rue de paris;M;0.0;0.0;780
8189;201300009046;13;11;29;30;5;2;1;5.0;6;171;;M;4874400.0;165600.0;780
8190;201300009047;13;12;7;1515;1;2;1;1.0;1;310;151 rue clos de l'ecu;M;4879600.0;160600.0;780
8191;201300009048;13;12;12;1700;5;2;6;1.0;6;310;;M;4879900.0;160300.0;780
8192;201300009049;13;12;12;1900;5;1;1;9.0;4;381;;M;4878400.0;162400.0;780
8193;201300009050;13;12;13;1600;1;1;9;1.0;6;381;;M;0.0;0.0;780
8194;201300009052;13;7;18;1245;1;1;1;1.0;7;380;;M;0.0;0.0;780
8195;201300009053;13;9;3;1915;1;1;1;1.0;2;368;;M;0.0;0.0;780
8196;201300009055;13;11;1;400;3;1;1;2.0;7;305;;M;0.0;0.0;780
8197;201300009056;13;7;23;845;1;1;1;1.0;1;163;;M;0.0;0.0;780
8198;201300009057;13;10;8;645;5;2;1;2.0;6;591;rue de Houdan;M;0.0;0.0;780
8199;201300009058;13;5;26;2245;3;1;1;1.0;2;464;;M;0.0;0.0;780
8200;201300009059;13;6;26;1115;1;1;1;1.0;6;557;;M;0.0;0.0;780
8201;201300009060;13;9;25;1515;1;1;1;1.0;3;108;;M;0.0;0.0;780
8202;201300009061;13;9;30;1730;1;1;1;1.0;1;108;;M;0.0;0.0;780
8203;201300009062;13;10;18;915;2;1;1;5.0;1;209;;M;0.0;0.0;780
8204;201300009063;13;1;24;1030;1;1;1;5.0;1;478;RN 191;M;4846573.0;187593.0;780
8205;201300009065;13;6;22;2000;2;1;1;1.0;3;164;;M;0.0;0.0;780
8206;201300009066;13;9;5;1630;1;1;2;7.0;3;470;;M;4858200.0;180000.0;780
8207;201300009067;13;10;8;1115;1;1;1;1.0;6;506;;M;0.0;0.0;780
8208;201300009068;13;11;21;515;3;2;1;2.0;7;3;RN191;M;4852100.0;182800.0;780
8209;201300009071;13;3;3;1600;1;1;3;1.0;3;128;RD 149/RD 906;M;4867721.0;198927.0;780
8210;201300009072;13;4;24;1730;1;1;1;1.0;2;128;;M;0.0;0.0;780
8211;201300009073;13;7;2;2030;1;2;1;1.0;7;162;cd 40 - pk +00.500;M;0.0;0.0;780
8212;201300009074;13;7;14;1800;1;1;1;1.0;6;128;;M;0.0;0.0;780
8213;201300009075;13;7;13;1945;1;1;1;1.0;7;30;;M;0.0;0.0;780
8214;201300009076;13;8;9;1315;1;1;1;1.0;6;548;;M;0.0;0.0;780
8215;201300009077;13;9;11;700;2;2;1;1.0;7;575;RUE DITTE;M;0.0;0.0;780
8216;201300009078;13;10;15;1845;2;2;1;1.0;5;575;chemin de coubertin;M;0.0;0.0;780
8217;201300009079;13;10;19;1800;1;1;1;1.0;7;193;;M;4816700.0;156700.0;780
8218;201300009080;13;2;22;500;3;1;1;1.0;6;389;;M;4880500.0;181600.0;780
8219;201300009081;13;2;28;1930;5;1;1;1.0;6;50;;M;4878500.0;184600.0;780
8220;201300009082;13;3;12;1530;1;2;1;4.0;5;398;RD 191;M;4874647.0;183188.0;780
8221;201300009083;13;4;2;2330;3;1;1;1.0;5;443;;M;4883700.0;185300.0;780
8222;201300009084;13;4;14;1745;1;1;1;1.0;2;389;;M;4880000.0;181400.0;780
8223;201300009085;13;4;19;1745;1;1;1;1.0;6;366;RN 12;M;4879834.0;186006.0;780
8224;201300009086;13;11;23;530;3;1;1;1.0;6;264;;M;4876300.0;173800.0;780
8225;201300009087;13;12;12;945;1;1;1;1.0;2;653;;M;4881900.0;182900.0;780
8226;201300009088;13;12;23;1845;5;2;1;6.0;6;562;;M;4872100.0;176900.0;780
8227;201300009089;13;2;28;2300;4;2;1;1.0;7;62;route de beynes;M;0.0;0.0;780
8228;201300009090;13;11;1;1345;1;1;1;2.0;6;321;;M;0.0;0.0;780
8229;201300009092;13;2;15;815;1;1;1;8.0;6;616;RD 45;M;4887596.0;181151.0;780
8230;201300009093;13;4;20;1945;1;1;1;1.0;2;513;;M;0.0;0.0;780
8231;201300009094;13;9;5;1545;1;1;1;1.0;3;262;;M;0.0;0.0;780
8232;201300009096;13;11;7;1715;2;2;9;2.0;2;265;parking intermarche;M;0.0;0.0;780
8233;201300009098;13;4;10;2300;3;1;2;2.0;3;499;;M;0.0;0.0;780
8234;201300009099;13;6;19;200;3;1;1;1.0;6;87;;M;0.0;0.0;780
8235;201300009100;13;7;20;1930;1;2;1;1.0;1;537;rue du doc Camescasse;M;0.0;0.0;780
8236;201300009101;13;7;10;700;1;2;1;1.0;2;235;Avenue du docteur FICHEZ;M;4864200.0;236200.0;910
8237;201300009103;13;2;5;1615;1;2;1;1.0;6;386;Avenue de villeroy;M;4857000.0;242800.0;910
8238;201300009104;13;5;16;2000;1;1;1;1.0;1;179;N7;M;4856300.0;249900.0;910
8239;201300009105;13;7;23;1100;1;2;6;1.0;6;386;avenue Darblay.;M;0.0;0.0;910
8240;201300009106;13;9;21;1045;1;2;1;1.0;1;179;rue de MILLY;M;4856700.0;249500.0;910
8241;201300009107;13;11;24;1000;1;2;1;7.0;2;179;RN7;M;4856800.0;249000.0;910
8242;201300009108;13;3;15;1145;1;1;1;1.0;2;405;D837;M;0.0;0.0;910
8243;201300009109;13;4;24;1930;1;1;2;1.0;5;405;D837 / D105;M;0.0;0.0;910
8244;201300009110;13;5;15;715;2;1;1;1.0;1;599;D2;M;0.0;0.0;910
8245;201300009111;13;5;16;1245;1;1;1;1.0;3;405;D837;M;0.0;0.0;910
8246;201300009112;13;7;16;1700;1;1;1;1.0;1;405;;M;0.0;0.0;910
8247;201300009114;13;9;14;2200;3;1;1;3.0;2;180;D372;M;4844100.0;248100.0;910
8248;201300009115;13;9;21;315;4;2;1;1.0;6;121;Route de MAISSE;M;0.0;0.0;910
8249;201300009116;13;11;10;1730;5;2;3;1.0;1;405;Rue Langlois;M;0.0;0.0;910
8250;201300009117;13;1;28;845;1;1;1;9.0;3;130;D21;M;4843000.0;211300.0;910
8251;201300009118;13;3;20;745;1;1;1;1.0;1;200;D836;M;4850600.0;203100.0;910
8252;201300009119;13;5;3;1815;1;1;1;1.0;3;200;D21;M;4842800.0;202800.0;910
8253;201300009121;13;10;29;1800;5;2;1;1.0;6;200;Boulevard des alliés;M;4853600.0;201399.0;910
8254;201300009122;13;11;3;845;2;1;1;1.0;6;547;D838;M;4843200.0;196300.0;910
8255;201300009124;13;12;21;2045;3;1;1;1.0;7;393;RD 21;M;4842200.0;199900.0;910
8256;201300009126;13;9;10;815;1;2;1;1.0;3;330;D 449;M;4853600.0;229400.0;910
8257;201300009127;13;1;18;1945;3;1;1;4.0;1;80;D 191;M;4847500.0;228700.0;910
8258;201300009128;13;3;22;1545;1;1;1;1.0;7;100;;M;4843000.0;228400.0;910
8259;201300009129;13;5;16;1630;1;2;1;1.0;6;232;av du général leclerc;M;0.0;0.0;910
8260;201300009130;13;10;14;1815;1;2;1;1.0;1;99;PAS LOUP CD105;M;0.0;0.0;910
8261;201300009131;13;11;28;2215;5;2;1;8.0;6;99;116 route de LA FERTE AL;M;4844800.0;236300.0;910
8262;201300009132;13;1;12;1700;2;1;1;1.0;6;294;N20;M;0.0;0.0;910
8263;201300009133;13;1;30;1300;1;1;1;2.0;1;222;D18;M;4830900.0;212300.0;910
8264;201300009134;13;2;23;1230;1;1;1;8.0;6;533;;M;0.0;0.0;910
8265;201300009135;13;6;6;1700;1;1;1;1.0;1;79;D721;M;0.0;0.0;910
8266;201300009136;13;12;1;845;1;1;1;1.0;6;544;;M;0.0;0.0;910
8267;201300009137;13;12;3;2330;5;2;1;1.0;3;533;RUE DES GRAVIERS;M;4836200.0;212500.0;910
8268;201300009139;13;5;17;1545;1;1;1;1.0;2;546;D27;M;4857300.0;202999.0;910
8269;201300009140;13;9;17;1645;1;1;1;2.0;1;630;D132;M;4857400.0;209700.0;910
8270;201300009141;13;10;31;730;2;2;1;1.0;1;546;rue des Maisons Hautes;M;0.0;0.0;910
8271;201300009142;13;12;7;115;5;2;1;1.0;6;630;rue du village face au 7;M;0.0;0.0;910
8272;201300009143;13;8;22;815;1;1;1;1.0;6;661;rue du grand dôme;M;4869300.0;222900.0;910
8273;201300009144;13;11;30;1430;1;2;1;1.0;3;661;rue de villiers.;M;4870300.0;224600.0;910
8274;201300009145;13;2;6;1515;1;1;1;1.0;6;292;D26;M;4857300.0;226800.0;910
8275;201300009146;13;6;7;1130;1;2;4;1.0;3;115;rue de la liberation;M;0.0;0.0;910
8276;201300009147;13;6;13;2200;1;1;1;1.0;2;461;;M;0.0;0.0;910
8277;201300009148;13;7;12;1915;1;1;1;7.0;3;115;D97;M;0.0;0.0;910
8278;201300009149;13;8;5;1500;1;1;1;1.0;1;292;D26;M;4857300.0;227300.0;910
8279;201300009150;13;10;4;1945;5;2;1;1.0;3;207;Avenue d'Arpajon;M;4858600.0;223200.0;910
8280;201300009151;13;7;28;645;1;2;1;1.0;6;579;rue de la Libération;M;0.0;0.0;910
8281;201300009152;13;10;7;745;1;1;1;1.0;3;579;D31;M;0.0;0.0;910
8282;201300009153;13;10;20;915;1;2;6;2.0;3;376;Route de Leuville;M;0.0;0.0;910
8283;201300009154;13;11;8;1715;1;2;1;1.0;6;494;;M;0.0;0.0;910
8284;201300009155;13;12;29;1445;1;1;1;1.0;1;494;D19;M;0.0;0.0;910
8285;201300009156;13;1;1;2145;5;2;1;1.0;6;338;3 rue du ruisseau;M;0.0;0.0;910
8286;201300009157;13;1;11;2115;2;1;2;1.0;3;338;D988;M;0.0;0.0;910
8287;201300009158;13;4;5;2100;1;2;1;1.0;1;249;D988;M;0.0;0.0;910
8288;201300009159;13;5;6;1745;1;1;2;1.0;3;338;;M;0.0;0.0;910
8289;201300009160;13;5;11;1400;1;1;1;1.0;1;249;D838;M;4863400.0;206700.0;910
8290;201300009161;13;5;14;1630;1;1;2;1.0;3;338;D988;M;0.0;0.0;910
8291;201300009162;13;6;15;1145;1;1;1;1.0;3;186;D152;M;4859800.0;215300.0;910
8292;201300009163;13;7;2;1230;1;1;1;1.0;5;111;RD97;M;4862500.0;213900.0;910
8293;201300009164;13;9;5;2115;3;1;1;1.0;7;186;D152;M;4860900.0;213800.0;910
8294;201300009166;13;9;21;1915;1;2;3;1.0;1;338;rue Clos des Fontaines;M;0.0;0.0;910
8295;201300009167;13;10;13;815;2;2;1;5.0;1;243;rue du Mont Louvet;M;4861300.0;216700.0;910
8296;201300009168;13;10;18;1915;5;2;1;1.0;3;338;CD988 PK 19+720;M;4864700.0;206599.0;910
8297;201300009169;13;11;8;945;1;1;2;3.0;3;338;;M;0.0;0.0;910
8298;201300009170;13;11;20;600;5;1;1;1.0;7;338;D988;M;0.0;0.0;910
8299;201300009171;13;12;4;1415;1;1;1;1.0;6;111;D 97 / rue M. QUINET;M;4862700.0;212500.0;910
8300;201300009172;13;12;11;1245;1;1;1;1.0;1;111;D97;M;0.0;0.0;910
8301;201300009174;13;11;25;815;1;2;1;1.0;3;587;AVENUE SALVADOR ALLENDE;M;0.0;0.0;910
8302;201300009175;13;12;25;900;1;1;1;1.0;6;587;N20;M;0.0;0.0;910
8303;201300009176;13;3;14;1615;1;1;1;1.0;6;534;D60;M;4873800.0;217400.0;910
8304;201300009177;13;4;22;815;1;1;1;1.0;1;534;D36;M;4873100.0;218500.0;910
8305;201300009178;13;5;27;645;1;1;1;1.0;3;534;;M;4874300.0;218600.0;910
8306;201300009179;13;9;27;815;1;1;6;1.0;3;534;D36;M;4873500.0;216300.0;910
8307;201300009181;13;4;4;2230;5;2;1;2.0;6;272;101 avenue du Ge Leclerc;M;0.0;0.0;910
8308;201300009182;13;4;17;1015;1;1;6;1.0;1;538;D306;M;4871700.0;214500.0;910
8309;201300009183;13;4;23;1245;1;1;1;8.0;6;538;;M;0.0;0.0;910
8310;201300009184;13;4;26;1245;1;2;1;2.0;7;272;3 rue joliot Curie;M;0.0;0.0;910
8311;201300009185;13;6;11;1345;1;1;1;8.0;4;275;D35;M;4867800.0;215700.0;910
8312;201300009186;13;6;30;1845;1;1;6;1.0;3;560;D35;M;0.0;0.0;910
8313;201300009187;13;7;3;1045;1;1;6;1.0;7;679;D36;M;4873300.0;212600.0;910
8314;201300009188;13;7;18;800;1;1;1;1.0;6;272;route de belleville;M;0.0;0.0;910
8315;201300009189;13;8;7;815;1;1;6;3.0;6;560;D35;M;0.0;0.0;910
8316;201300009190;13;9;4;1745;1;2;1;7.0;6;272;184 AV DU GL LECLERC;M;0.0;0.0;910
8317;201300009191;13;9;5;1730;1;2;1;1.0;2;538;rue Francis Perrin;M;0.0;0.0;910
8318;201300009192;13;9;7;900;1;1;1;1.0;6;679;route de chateaufort;M;4873600.0;210000.0;910
8319;201300009193;13;9;5;1615;1;2;6;7.0;3;272;place de la convention;M;0.0;0.0;910
8320;201300009194;13;9;14;1915;3;1;1;3.0;1;272;D306;M;0.0;0.0;910
8321;201300009195;13;10;10;815;1;2;1;1.0;3;272;41 rue Juliette Adam;M;0.0;0.0;910
8322;201300009196;13;12;2;2030;5;2;1;1.0;7;272;route de belle image;M;0.0;0.0;910
8323;201300009197;13;1;13;1145;1;1;1;5.0;1;139;RD 14;M;4818530.0;172910.0;950
8324;201300009198;13;7;6;2230;3;1;1;1.0;1;12;RTE DE LA RAVINE;M;4909210.0;162630.0;950
8325;201300009199;13;8;6;600;2;2;1;1.0;1;139;Route nationale;M;4918580.0;172790.0;950
8326;201300009200;13;8;25;1530;1;1;1;2.0;6;690;RTE DU VEXIN;M;4907670.0;181820.0;950
8327;201300009201;13;8;31;1515;1;2;1;1.0;5;656;CÔTE DU PAVILLON;M;4906370.0;271660.0;950
8328;201300009202;13;2;10;2330;3;1;1;1.0;3;177;RD 915;M;4910820.0;203250.0;950
8329;201300009203;13;12;1;545;3;2;1;1.0;6;213;RTE DE BEAUVAIS;M;4911960.0;205110.0;950
8330;201300009204;13;12;15;545;3;2;1;2.0;6;213;RTE DE BEAUVAIS;M;4911970.0;205110.0;950
8331;201300009205;13;6;29;2045;1;2;1;1.0;7;627;R VERTE;M;4913890.0;211630.0;950
8332;201300009206;13;10;10;1615;1;1;1;2.0;1;308;RTE DE LIVILLIERS;M;4910560.0;213120.0;950
8333;201300009207;13;12;28;1630;1;1;1;8.0;7;446;CHE DE PONTOISE;M;4912220.0;216340.0;950
8334;201300009208;13;3;9;845;1;2;1;1.0;1;592;R DES VALLEES;M;4903480.0;186480.0;950
8335;201300009209;13;4;11;1800;1;1;1;1.0;7;535;RD 81;M;4903670.0;197669.0;950
8336;201300009210;13;7;19;430;2;1;1;1.0;6;348;RD 14;M;4907490.0;195030.0;950
8337;201300009211;13;12;17;1620;1;1;2;1.0;3;483;RD 66*RD51;M;4910720.0;192690.0;950
8338;201300009212;13;1;10;1615;2;2;1;8.0;6;199;AV RASPAIL;M;4903680.0;234070.0;950
8339;201300009213;13;2;16;1945;3;1;1;1.0;2;489;RD 301;M;4901960.0;235160.0;950
8340;201300009214;13;6;6;2200;2;2;1;1.0;3;199;RD 909;M;4903710.0;231210.0;950
8341;201300009215;13;6;28;45;5;2;1;1.0;6;199;RUE DE LA CROIX MARTIN;M;4902550.0;233040.0;950
8342;201300009216;13;10;8;1715;1;2;1;1.0;6;199;AV JEAN JAURES;M;4903110.0;233520.0;950
8343;201300009217;13;12;5;2015;3;1;1;1.0;4;489;RD 301;M;4902050.0;235130.0;950
8344;201300009218;13;10;8;1200;1;1;1;1.0;1;395;CHE DE FONTENAY;M;4905190.0;240910.0;950
8345;201300009219;13;11;15;1645;2;1;1;2.0;4;205;RD 316;M;4902160.0;238650.0;950
8346;201300009221;13;11;8;1530;1;2;1;2.0;6;351;AV GENERAL LECLERC;M;4904990.0;250330.0;950
8347;201300009223;13;4;22;2145;5;2;1;1.0;7;455;rue de Cordon et Meillan;M;4865238.0;269027.0;770
8348;201300009224;13;8;2;330;3;1;6;1.0;6;253;;M;0.0;0.0;770
8349;201300009225;13;9;4;1815;1;1;1;7.0;3;175;;M;0.0;0.0;770
8350;201300009226;13;1;23;1715;2;1;1;8.0;1;266;;M;4844500.0;285500.0;770
8351;201300009227;13;6;25;1930;1;1;2;1.0;3;34;;M;0.0;0.0;770
8352;201300009228;13;8;4;730;2;1;1;1.0;1;480;;M;0.0;0.0;770
8353;201300009229;13;3;7;1730;1;1;1;1.0;1;107;;M;0.0;0.0;770
8354;201300009230;13;3;28;915;1;1;1;1.0;6;145;;M;0.0;0.0;770
8355;201300009231;13;4;16;1745;1;1;1;1.0;7;534;;M;0.0;0.0;770
8356;201300009232;13;7;7;2345;3;1;1;1.0;6;457;;M;0.0;0.0;770
8357;201300009233;13;9;17;915;1;1;1;1.0;7;493;;M;0.0;0.0;770
8358;201300009234;13;9;26;1045;1;2;1;1.0;6;493;Rue de la Gare;M;0.0;0.0;770
8359;201300009235;13;1;17;1045;1;1;1;1.0;7;211;;M;4857900.0;296400.0;770
8360;201300009236;13;2;9;1415;1;1;1;1.0;3;211;;M;0.0;0.0;770
8361;201300009237;13;4;23;400;3;1;1;1.0;6;195;;M;0.0;0.0;770
8362;201300009238;13;5;10;1745;1;2;1;8.0;1;317;79 rue Charles de Gaulle;M;0.0;0.0;770
8363;201300009239;13;10;5;545;3;1;1;9.0;6;10;;M;0.0;0.0;770
8364;201300009241;13;1;9;630;2;1;2;1.0;3;49;;M;4891600.0;292100.0;770
8365;201300009242;13;1;24;645;3;1;1;5.0;7;130;;M;0.0;0.0;770
8366;201300009243;13;7;10;1530;1;1;1;1.0;1;529;;M;0.0;0.0;770
8367;201300009244;13;7;15;145;3;1;1;1.0;6;47;;M;0.0;0.0;770
8368;201300009245;13;8;14;845;1;1;1;1.0;7;225;;M;0.0;0.0;770
8369;201300009246;13;11;16;1915;3;1;3;1.0;3;142;;M;4885500.0;293600.0;770
8370;201300009247;13;12;8;1555;1;1;1;1.0;2;529;;M;4884600.0;288800.0;770
8371;201300009248;13;1;26;1600;1;2;1;4.0;6;512;Rue du moulin ? Foulon;M;0.0;0.0;770
8372;201300009250;13;3;28;2315;3;1;1;1.0;6;406;;M;0.0;0.0;770
8373;201300009251;13;4;16;830;1;1;1;1.0;3;162;;M;0.0;0.0;770
8374;201300009252;13;7;23;1345;1;2;1;1.0;3;406;D 61;M;0.0;0.0;770
8375;201300009253;13;7;27;1515;1;2;1;1.0;3;247;Route de Saint Mars;M;4875612.0;334368.0;770
8376;201300009255;13;8;26;2100;3;1;1;1.0;2;432;;M;0.0;0.0;770
8377;201300009256;13;9;1;45;3;1;1;1.0;6;116;;M;0.0;0.0;770
8378;201300009259;13;7;5;1845;1;2;1;1.0;6;238;RUE DES POMMIERES;M;4893956.0;315242.0;770
8379;201300009260;13;8;21;1730;1;1;1;1.0;1;440;;M;0.0;0.0;770
8380;201300009261;13;9;13;1715;1;2;1;1.0;1;183;rue du guet;M;4894563.0;313368.0;770
8381;201300009262;13;11;30;715;1;1;1;1.0;2;78;;M;0.0;0.0;770
8382;201300009264;13;2;5;1715;2;1;1;1.0;1;91;;M;0.0;0.0;770
8383;201300009265;13;4;25;1545;1;1;1;1.0;5;144;;M;0.0;0.0;770
8384;201300009266;13;6;20;800;1;1;1;2.0;1;318;;M;0.0;0.0;770
8385;201300009267;13;6;21;1645;1;1;1;1.0;5;318;;M;0.0;0.0;770
8386;201300009268;13;7;5;845;1;1;1;1.0;1;508;;M;0.0;0.0;770
8387;201300009269;13;9;5;1100;1;2;7;1.0;6;176;Place DE GAULLE;M;0.0;0.0;770
8388;201300009270;13;9;19;1200;1;1;1;1.0;4;508;;M;0.0;0.0;770
8389;201300009271;13;10;17;545;2;1;1;2.0;3;508;;M;4881600.0;284000.0;770
8390;201300009272;13;12;1;930;3;1;1;1.0;7;154;;M;0.0;0.0;770
8391;201300009273;13;12;7;630;3;1;1;2.0;1;508;;M;0.0;0.0;770
8392;201300009274;13;1;3;1245;1;1;1;2.0;3;192;;M;0.0;0.0;770
8393;201300009275;13;3;16;2200;3;1;1;1.0;6;264;;M;0.0;0.0;770
8394;201300009276;13;6;15;2000;1;1;2;1.0;1;192;;M;0.0;0.0;770
8395;201300009278;13;11;3;1915;3;1;1;1.0;6;264;;M;4871100.0;297100.0;770
8396;201300009279;13;8;3;1900;1;1;1;1.0;5;359;;M;0.0;0.0;770
8397;201300009280;13;6;16;600;2;1;1;1.0;1;41;;M;0.0;0.0;770
8398;201300009281;13;6;27;1600;1;2;1;1.0;6;339;rue des grande vallée;M;4838720.0;249906.0;770
8399;201300009282;13;9;10;1845;1;1;1;1.0;7;339;;M;0.0;0.0;770
8400;201300009283;13;10;16;1115;1;1;1;2.0;7;477;;M;4833400.0;258700.0;770
8401;201300009284;13;11;13;1845;3;1;1;1.0;6;3;;M;4831300.0;252900.0;770
8402;201300009285;13;3;15;1930;3;1;1;1.0;1;102;;M;0.0;0.0;770
8403;201300009286;13;6;1;1030;1;1;1;1.0;6;11;;M;0.0;0.0;770
8404;201300009287;13;8;6;100;3;1;1;1.0;7;99;;M;0.0;0.0;770
8405;201300009288;13;11;7;1830;3;1;1;2.0;3;102;;M;0.0;0.0;770
8406;201300009289;13;6;28;1130;1;1;2;2.0;3;387;;M;0.0;0.0;770
8407;201300009290;13;10;28;415;5;2;1;2.0;6;261;50 rue emile bru;M;4824200.0;290600.0;770
8408;201300009291;13;11;3;2145;3;1;2;3.0;3;329;;M;4826200.0;281000.0;770
8409;201300009292;13;11;14;2030;3;1;1;8.0;6;531;;M;4827700.0;297000.0;770
8410;201300009293;13;12;14;1945;3;1;1;1.0;1;531;;M;4827200.0;296700.0;770
8411;201300009294;13;1;2;1145;1;2;1;2.0;6;153;rue charles de Gaule;M;0.0;0.0;770
8412;201300009295;13;2;9;430;3;1;1;4.0;2;392;;M;0.0;0.0;770
8413;201300009296;13;4;29;1645;1;2;1;1.0;6;259;RUE DU VIVIER;M;4905022.0;266454.0;770
8414;201300009297;13;5;20;1545;1;1;1;3.0;7;392;;M;0.0;0.0;770
8415;201300009298;13;6;9;1915;1;2;1;2.0;6;420;35bis rue Pasteur;M;0.0;0.0;770
8416;201300009299;13;6;13;830;1;1;1;1.0;1;153;;M;0.0;0.0;770
8417;201300009301;13;7;24;1745;1;2;1;1.0;6;153;avenue de la Gare;M;4904975.0;269056.0;770
8418;201300009302;13;9;11;815;1;1;1;2.0;1;322;;M;0.0;0.0;770
8419;201300009303;13;10;1;1130;1;1;1;1.0;2;392;;M;4906000.0;271100.0;770
8420;201300009304;13;11;25;1900;3;1;2;1.0;6;153;;M;4905900.0;271500.0;770
8421;201300009305;13;1;28;1700;1;2;1;1.0;6;5;135 RUE DU GENERAL DE GA;M;0.0;0.0;770
8422;201300009306;13;2;20;245;3;1;3;1.0;3;474;;M;0.0;0.0;770
8423;201300009307;13;2;20;830;1;1;1;1.0;1;5;;M;4892300.0;270000.0;770
8424;201300009309;13;8;29;500;3;1;1;5.0;6;234;;M;0.0;0.0;770
8425;201300009310;13;12;17;1730;3;1;1;1.0;3;315;;M;0.0;0.0;770
8426;201300009312;13;5;17;2130;3;2;1;1.0;7;204;11 Rue de la foulerie;M;4906592.0;315648.0;770
8427;201300009313;13;5;29;2345;3;1;1;2.0;3;367;;M;0.0;0.0;770
8428;201300009314;13;8;29;700;2;1;1;5.0;6;126;;M;4902500.0;297400.0;770
8429;201300009315;13;9;1;930;3;1;1;1.0;1;126;;M;0.0;0.0;770
8430;201300009316;13;2;10;1530;1;1;2;2.0;3;380;;M;4905900.0;287400.0;770
8431;201300009317;13;6;30;2030;1;2;1;1.0;6;173;RUE DU COLONEL DUBUJADOU;M;0.0;0.0;770
8432;201300009318;13;11;21;1930;3;2;9;1.0;6;430;rue Louis Bl?riot;M;4908400.0;275600.0;770
8433;201300009319;13;1;11;2015;3;1;3;1.0;7;32;;M;0.0;0.0;770
8434;201300009321;13;10;18;700;3;1;1;5.0;1;301;;M;0.0;0.0;770
8435;201300009322;13;11;27;1630;1;2;1;1.0;6;301;Route nationale 04;M;4869800.0;343800.0;770
8436;201300009323;13;12;5;930;1;1;1;5.0;1;301;;M;4870600.0;345400.0;770
8437;201300009324;13;12;13;200;3;1;1;9.0;6;262;;M;0.0;0.0;770
8438;201300009325;13;2;8;1700;1;1;2;3.0;5;524;;M;0.0;0.0;770
8439;201300009326;13;7;21;815;1;1;1;1.0;6;509;;M;0.0;0.0;770
8440;201300009327;13;7;25;215;3;1;1;1.0;6;311;;M;0.0;0.0;770
8441;201300009328;13;8;11;1330;1;1;2;1.0;6;19;;M;0.0;0.0;770
8442;201300009329;13;8;13;230;3;1;1;1.0;6;76;;M;0.0;0.0;770
8443;201300009330;13;12;10;1815;3;1;1;2.0;5;167;;M;4843200.0;311100.0;770
8444;201300009332;13;8;23;1330;1;2;4;1.0;3;383;rue des Quatre Saulx;M;4854892.0;306420.0;770
8445;201300009333;13;12;30;730;2;1;1;9.0;1;190;;M;0.0;0.0;770
8446;201300009334;13;4;23;2200;3;1;2;1.0;3;59;D 2157/RTE HERMITAGE;M;4793023.0;174222.0;450
8447;201300009336;13;9;16;1545;1;1;1;2.0;2;46;;M;4797412.0;178145.0;450
8448;201300009337;13;12;2;700;2;1;1;5.0;6;46;JANVRY;M;4798958.0;180512.0;450
8449;201300009338;13;12;27;1445;1;1;1;8.0;3;93;;M;4803735.0;185336.0;450
8450;201300009339;13;12;28;345;3;1;1;2.0;6;290;;M;4785085.0;229462.0;450
8451;201300009340;13;1;15;1800;2;1;1;1.0;2;267;LE GRAND ETANG;M;4784482.0;231828.0;450
8452;201300009342;13;3;5;1700;1;1;1;1.0;5;290;RTE DE GIEN;M;4785304.0;228547.0;450