;Num_Acc;an;mois;jour;hrmn;lum;agg;int;atm;col;com;adr;gps;lat;long;dep
8453;201300009343;13;5;27;1700;1;2;2;1.0;4;82;R ST MARTIAL/BD REPUBLIQ;M;4786393.0;222684.0;450
8454;201300009345;13;6;15;245;5;2;1;1.0;6;290;136 GRANDE RUE;M;4785587.0;227297.0;450
8455;201300009346;13;7;26;1645;1;1;1;1.0;5;82;;M;4790691.0;229618.0;450
8456;201300009347;13;8;26;1400;1;1;1;1.0;6;82;;M;4788963.0;221792.0;450
8457;201300009348;13;12;20;1815;3;1;1;1.0;5;142;;M;4791603.0;213458.0;450
8458;201300009349;13;1;17;745;2;2;1;9.0;6;126;21 AV D'ORLEANS;M;4791347.0;210377.0;450
8459;201300009350;13;1;27;500;5;2;1;1.0;6;89;111 AV DE GIEN;M;4789308.0;204896.0;450
8460;201300009351;13;3;16;1600;1;1;1;1.0;6;175;LA CHARDONNIERE;M;4774337.0;182292.0;450
8461;201300009352;13;7;18;2345;3;1;1;1.0;6;182;;M;4770161.0;179036.0;450
8462;201300009353;13;9;13;115;5;2;1;2.0;6;282;565 R VERDUN;M;4786628.0;183097.0;450
8463;201300009354;13;9;22;1215;1;2;1;1.0;6;204;509 R DE NUISANCE;M;4783079.0;180527.0;450
8464;201300009355;13;10;20;1815;2;1;1;8.0;1;175;;M;4778045.0;182151.0;450
8465;201300009356;13;12;19;1345;1;1;1;1.0;6;182;;M;4768568.0;180064.0;450
8466;201300009357;13;4;3;1630;1;1;2;1.0;3;173;D 12/R PATAUDIERE;M;4784639.0;213071.0;450
8467;201300009358;13;6;5;1115;1;1;1;1.0;6;272;ST BENOIT;M;4781804.0;199358.0;450
8468;201300009359;13;9;18;730;2;2;2;1.0;3;272;R GAUTRAY/R GENETS;M;4781709.0;195149.0;450
8469;201300009360;13;10;24;1430;1;1;2;1.0;3;193;D 921/D 13;M;4779945.0;207840.0;450
8470;201300009361;13;3;7;1700;1;2;3;1.0;3;269;D 2152/R BRETAGNE;M;0.0;0.0;450
8471;201300009362;13;3;12;1200;1;2;2;1.0;6;203;R BASMONT/FOURNEAU;M;4783321.0;169872.0;450
8472;201300009363;13;4;14;1245;1;1;1;1.0;2;116;;M;4783669.0;155069.0;450
8473;201300009364;13;4;20;30;5;2;1;1.0;6;179;57 R TREPINIERE;M;4775264.0;166419.0;450
8474;201300009365;13;7;28;400;3;1;1;1.0;6;203;;M;4784524.0;172181.0;450
8475;201300009366;13;9;14;2345;3;1;1;2.0;6;317;;M;4775195.0;158854.0;450
8476;201300009367;13;9;30;1700;1;1;1;1.0;3;179;95 RTE DE BLOIS;M;4774861.0;166464.0;450
8477;201300009368;13;12;24;2000;5;2;1;3.0;6;203;88 RTE ORLEANS;M;4783248.0;170428.0;450
8478;201300009369;13;1;24;1045;1;1;1;1.0;3;95;;M;0.0;0.0;450
8479;201300009371;13;6;14;2015;1;1;1;1.0;3;301;;M;0.0;0.0;450
8480;201300009372;13;8;23;1130;1;1;1;7.0;6;174;;M;0.0;0.0;450
8481;201300009373;13;9;9;1715;1;1;2;1.0;1;80;D 97/D 22;M;4823321.0;207673.0;450
8482;201300009374;13;10;20;315;3;1;1;1.0;6;95;;M;4803555.0;212078.0;450
8483;201300009376;13;4;7;745;1;1;1;1.0;6;96;;M;4779814.0;269159.0;450
8484;201300009377;13;6;10;1130;1;2;2;1.0;3;155;R MONTBRICON/AV J.VILLEJ;M;4768848.0;263967.0;450
8485;201300009378;13;8;3;1330;1;2;1;1.0;2;254;38 RTE DE BOURGES;M;4767799.0;262832.0;450
8486;201300009379;13;11;9;945;1;2;2;7.0;3;155;CH ST PIERRE/R FOURCHES;M;4769501.0;260865.0;450
8487;201300009380;13;11;15;930;1;1;1;2.0;6;155;PISSERATE;M;0.0;0.0;450
8488;201300009381;13;11;21;1000;1;1;2;2.0;3;96;D 44/D 56;M;4777177.0;260714.0;450
8489;201300009382;13;11;30;1600;1;1;1;2.0;6;108;LA CHEVALOIRE;M;4759276.0;249638.0;450
8490;201300009383;13;12;9;815;2;1;1;9.0;2;108;;M;4759349.0;250305.0;450
8491;201300009385;13;7;13;1915;1;1;1;1.0;1;87;;M;4761049.0;273973.0;450
8492;201300009387;13;12;6;1530;1;1;1;1.0;6;29;LES HENRIONS;M;4752529.0;277259.0;450
8493;201300009389;13;1;19;1115;1;1;1;8.0;6;340;;M;4769552.0;228388.0;450
8494;201300009390;13;10;8;2015;3;1;1;1.0;3;297;;M;4777311.0;235552.0;450
8495;201300009392;13;11;26;1830;5;2;2;1.0;3;315;R AMPERE/ALBERT COSSONET;M;0.0;0.0;450
8496;201300009393;13;11;30;1945;3;1;1;8.0;4;315;LE PORT A CHAMBERT;M;0.0;0.0;450
8497;201300009394;13;12;10;1715;1;2;1;1.0;6;315;RTE ORLEANS;M;0.0;0.0;450
8498;201300009396;13;7;2;1615;1;1;4;1.0;1;31;D2160/R POLICETTES;M;4799367.0;245415.0;450
8499;201300009397;13;7;13;1645;1;2;1;1.0;1;247;741 R PETITE RONCE;M;4801783.0;269978.0;450
8500;201300009398;13;8;11;1415;1;1;1;1.0;1;213;LA MARTINIERE;M;4784505.0;258021.0;450
8501;201300009399;13;8;13;1045;1;1;1;1.0;7;213;LA VALLEE;M;4784824.0;260719.0;450
8502;201300009400;13;9;30;2000;2;2;3;1.0;3;345;GRANDE RUE/CH CAS ROUGE;M;4794614.0;268538.0;450
8503;201300009401;13;10;21;1530;1;2;1;1.0;3;187;GRANDE RUE;M;4788929.0;251349.0;450
8504;201300009402;13;12;3;1115;1;1;1;1.0;6;187;RTE GUE EVEQUE;M;4787301.0;252516.0;450
8505;201300009403;13;12;5;1230;1;2;1;1.0;6;178;RUE DU 24 NOVEMBRE;M;4800289.0;253813.0;450
8506;201300009406;13;4;13;800;1;1;1;1.0;6;115;;M;4805154.0;307856.0;450
8507;201300009407;13;4;27;1815;1;1;1;1.0;7;136;LES ROGERS;M;0.0;0.0;450
8508;201300009408;13;4;27;1530;1;1;1;1.0;6;201;RTE DE PERS;M;4810302.0;294126.0;450
8509;201300009409;13;5;23;815;1;1;1;1.0;6;83;;M;4793495.0;289767.0;450
8510;201300009410;13;7;3;600;2;2;1;1.0;6;306;24 R DES CORMIERS;M;4801651.0;289130.0;450
8511;201300009411;13;9;19;2015;2;1;1;1.0;3;279;;M;4795487.0;282451.0;450
8512;201300009412;13;6;21;800;1;1;3;1.0;3;229;LES PRASLINS;M;4785589.0;274072.0;450
8513;201300009413;13;1;4;2100;3;1;1;2.0;7;156;LA VIEILLE POSTE;M;0.0;0.0;450
8514;201300009414;13;1;24;2130;5;1;1;2.0;6;61;AV DES ACACIAS;M;4804461.0;275336.0;450
8515;201300009415;13;2;1;2000;5;2;1;2.0;6;127;RTE DE PARIS;M;4814555.0;276394.0;450
8516;201300009416;13;4;2;1730;2;2;2;1.0;3;127;D 62/RTE AMBREVILLE;M;4813919.0;277906.0;450
8517;201300009418;13;7;15;200;3;1;1;1.0;6;127;BOIS DE THURELLES;M;4812652.0;276404.0;450
8518;201300009419;13;7;28;1515;1;1;1;1.0;1;161;LE BOIS;M;4805793.0;283357.0;450
8519;201300009422;13;8;24;1245;1;2;4;1.0;3;145;BD BRECHE/R ST APOLLINE;M;4809000.0;279109.0;450
8520;201300009423;13;11;24;600;3;1;1;1.0;6;222;;M;4810746.0;276775.0;450
8521;201300009424;13;5;10;1600;1;1;1;1.0;1;139;;M;0.0;0.0;450
8522;201300009425;13;5;29;215;3;1;2;1.0;2;253;D 2152/VC 5;M;4814529.0;221706.0;450
8523;201300009426;13;5;29;2100;2;1;1;1.0;7;50;;M;0.0;0.0;450
8524;201300009427;13;11;8;1345;1;2;1;9.0;6;252;FG ORLEANS;M;0.0;0.0;450
8525;201300009428;13;1;17;715;5;2;2;1.0;3;18;D165/RTE GONDREVILLE;M;4809401.0;246953.0;450
8526;201300009429;13;3;29;1715;1;1;1;1.0;2;220;;M;0.0;0.0;450
8527;201300009430;13;5;26;1645;1;2;1;1.0;1;30;RTE DE PITHIVIERS;M;4807411.0;242536.0;450
8528;201300009431;13;7;14;600;1;1;3;1.0;6;176;LE PAVE DE MEZIERES;M;4804037.0;247489.0;450
8529;201300009433;13;8;17;715;2;2;2;1.0;3;215;D 44/RTE NESPLOY;M;4801991.0;239693.0;450
8530;201300009434;13;9;22;1330;1;1;1;1.0;7;258;;M;4821901.0;245688.0;450
8531;201300009435;13;10;6;1400;1;1;2;1.0;5;21;D 950/VC;M;4810543.0;240224.0;450
8532;201300009436;13;10;8;730;2;1;1;1.0;3;233;;M;4820309.0;242702.0;450
8533;201300009437;13;6;8;900;1;2;1;1.0;1;310;25 ROUTE D' ENZENVILLE;M;4830901.0;223217.0;450
8534;201300009438;13;9;6;1715;1;2;1;1.0;6;191;R DES COLLEGES;M;4829617.0;241165.0;450
8535;201300009439;13;10;25;2215;3;1;1;2.0;5;263;;M;4833343.0;219326.0;450
8536;201300009440;13;4;30;1115;1;2;1;8.0;1;75;24 Grand rue;M;4702716.0;303163.0;180
8537;201300009441;13;5;19;230;4;2;2;1.0;3;240;D72/RUE ANCIENNE LIGNE;M;4715445.0;291134.0;180
8538;201300009442;13;6;21;1930;1;1;1;1.0;6;139;;M;4707100.0;301200.0;180
8539;201300009443;13;6;28;2000;1;1;1;2.0;6;241;;M;0.0;0.0;180
8540;201300009444;13;4;5;1945;1;1;1;1.0;6;29;;M;0.0;0.0;180
8541;201300009445;13;1;17;1030;1;1;3;1.0;3;252;;M;4652400.0;231700.0;180
8542;201300009446;13;1;18;1730;3;1;1;4.0;6;165;Les grands coullons;M;4735600.0;223900.0;180
8543;201300009447;13;6;14;1900;1;1;1;1.0;6;210;;M;0.0;0.0;180
8544;201300009448;13;4;15;1415;1;1;1;1.0;7;133;ROSIERES;M;4695431.0;225203.0;180
8545;201300009449;13;7;12;2100;2;1;1;1.0;6;137;;M;4688400.0;212800.0;180
8546;201300009450;13;1;14;615;2;1;1;8.0;3;177;;M;4843146.0;152892.0;280
8547;201300009451;13;3;9;2145;3;1;3;1.0;3;6;;M;4843585.0;140644.0;280
8548;201300009452;13;5;24;1745;1;1;2;2.0;3;6;;M;4845800.0;140400.0;280
8549;201300009453;13;5;23;1430;1;1;2;1.0;5;358;;M;0.0;0.0;280
8550;201300009454;13;5;26;1500;1;2;1;1.0;3;358;Avenue de la Gare;M;4848500.0;152200.0;280
8551;201300009455;13;6;7;130;3;1;1;1.0;6;6;;M;0.0;0.0;280
8552;201300009456;13;6;10;1930;1;1;1;1.0;7;388;;M;0.0;0.0;280
8553;201300009457;13;6;7;1700;1;1;1;1.0;7;253;;M;0.0;0.0;280
8554;201300009458;13;6;15;515;2;1;1;1.0;7;24;;M;0.0;0.0;280
8555;201300009459;13;6;18;1815;1;1;2;1.0;3;269;;M;0.0;0.0;280
8556;201300009460;13;6;30;1830;1;1;1;1.0;6;48;;M;0.0;0.0;280
8557;201300009461;13;7;15;1200;1;1;1;1.0;3;6;;M;0.0;0.0;280
8558;201300009462;13;8;23;1100;1;2;1;1.0;3;388;route nationale 10;M;0.0;0.0;280
8559;201300009463;13;9;9;1630;1;1;1;2.0;1;35;;M;0.0;0.0;280
8560;201300009464;13;10;1;1930;3;1;1;3.0;5;35;;M;4839600.0;157000.0;280
8561;201300009465;13;10;6;2000;5;1;6;1.0;2;6;;M;0.0;0.0;280
8562;201300009466;13;10;12;515;5;2;1;2.0;6;48;3 ROUTE NATIONALE 10;M;0.0;0.0;280
8563;201300009467;13;10;20;1515;1;1;1;1.0;7;309;;M;4836926.0;163188.0;280
8564;201300009468;13;10;7;1630;1;1;3;1.0;3;6;;M;0.0;0.0;280
8565;201300009469;13;11;22;1745;5;2;1;1.0;6;122;RUE DE CHARTRES;M;0.0;0.0;280
8566;201300009470;13;12;9;1445;1;1;1;1.0;3;388;;M;0.0;0.0;280
8567;201300009471;13;12;13;1345;1;1;1;5.0;4;48;;M;0.0;0.0;280
8568;201300009472;13;12;18;1830;3;1;1;2.0;1;173;;M;4844500.0;155200.0;280
8569;201300009474;13;12;6;1130;1;1;1;2.0;1;100;;M;0.0;0.0;280
8570;201300009475;13;7;27;1645;1;2;1;1.0;6;116;Rue de l'?cu;M;4844849.0;124166.0;280
8571;201300009476;13;9;28;1200;1;1;1;2.0;7;116;;M;4846869.0;124157.0;280
8572;201300009477;13;4;18;2100;3;1;1;1.0;7;242;;M;4829000.0;117500.0;280
8573;201300009478;13;7;7;2015;2;1;1;1.0;3;398;;M;4822301.0;106848.0;280
8574;201300009479;13;11;1;1730;2;1;1;3.0;1;424;;M;4821600.0;125400.0;280
8575;201300009480;13;1;27;1900;3;1;1;1.0;6;249;;M;4856800.0;159300.0;280
8576;201300009481;13;5;4;1645;1;2;1;1.0;6;140;rue prieur? saint thomas;M;0.0;0.0;280
8577;201300009482;13;6;3;1115;1;1;1;1.0;7;285;;M;0.0;0.0;280
8578;201300009483;13;6;5;1915;1;2;1;1.0;3;208;21 GRANDE RUE;M;0.0;0.0;280
8579;201300009484;13;6;7;900;1;1;1;1.0;1;357;;M;0.0;0.0;280
8580;201300009485;13;7;24;1415;1;2;1;1.0;6;168;6 Rue Guy Pouill?;M;4852382.0;169116.0;280
8581;201300009486;13;8;8;2000;1;1;1;1.0;2;140;;M;4861339.0;166662.0;280
8582;201300009487;13;9;1;1145;1;1;1;1.0;1;168;;M;0.0;0.0;280
8583;201300009489;13;9;19;1630;1;1;1;1.0;1;208;;M;4850464.0;175343.0;280
8584;201300009490;13;10;2;1215;1;2;2;1.0;3;23;avenue de la gare;M;0.0;0.0;280
8585;201300009491;13;10;17;1330;1;1;1;1.0;6;352;;M;0.0;0.0;280
8586;201300009492;13;10;29;1945;3;1;1;1.0;1;73;28700;M;4849000.0;166200.0;280
8587;201300009493;13;11;18;715;1;1;1;1.0;1;361;;M;4850600.0;173000.0;280
8588;201300009494;13;1;16;1915;3;1;1;1.0;2;391;;M;0.0;0.0;280
8589;201300009495;13;1;17;1030;1;1;1;1.0;3;189;;M;0.0;0.0;280
8590;201300009496;13;2;14;1400;1;1;1;1.0;3;258;;M;0.0;0.0;280
8591;201300009497;13;2;15;915;1;1;1;7.0;3;391;;M;0.0;0.0;280
8592;201300009498;13;4;2;1145;1;1;1;1.0;3;311;;M;0.0;0.0;280
8593;201300009499;13;6;11;1300;1;1;1;1.0;3;313;;M;0.0;0.0;280
8594;201300009500;13;7;24;1045;1;2;1;1.0;7;199;Rue pierre  marie curie;M;4820524.0;187581.0;280
8595;201300009501;13;8;4;1545;1;2;1;1.0;1;304;Rue de la Lib?ration;M;0.0;0.0;280
8596;201300009502;13;8;9;1415;1;1;1;1.0;7;164;;M;4825864.0;183737.0;280
8597;201300009503;13;8;17;1615;1;1;1;1.0;1;391;;M;0.0;0.0;280
8598;201300009504;13;8;18;1015;1;1;1;1.0;3;392;;M;0.0;0.0;280
8599;201300009505;13;8;16;1900;1;1;4;1.0;3;311;;M;0.0;0.0;280
8600;201300009506;13;8;18;2215;3;1;1;2.0;7;284;;M;0.0;0.0;280
8601;201300009508;13;9;9;1830;1;1;1;1.0;6;25;;M;0.0;0.0;280
8602;201300009509;13;10;28;630;3;1;2;3.0;3;304;;M;0.0;0.0;280
8603;201300009510;13;12;24;1800;2;1;1;3.0;1;391;;M;0.0;0.0;280
8604;201300009511;13;1;9;1415;1;1;1;1.0;1;75;;M;4805800.0;132500.0;280
8605;201300009512;13;1;22;530;3;1;1;1.0;3;211;;M;0.0;0.0;280
8606;201300009513;13;4;1;1730;1;1;1;1.0;5;389;;M;4804000.0;135100.0;280
8607;201300009514;13;4;28;1945;1;2;1;1.0;6;233;30 rue de la gare;M;4811000.0;134000.0;280
8608;201300009515;13;7;5;2045;1;2;1;1.0;1;88;boulevard schweitzer;M;4808115.0;134901.0;280
8609;201300009516;13;7;19;1215;1;1;1;1.0;5;75;;M;0.0;0.0;280
8610;201300009517;13;8;26;845;1;2;1;1.0;3;334;croisement D927/31;M;0.0;0.0;280
8611;201300009518;13;11;29;1600;1;1;1;1.0;1;17;;M;0.0;0.0;280
8612;201300009519;13;11;24;615;5;2;1;1.0;6;340;Rue dunoise;M;0.0;0.0;280
8613;201300009520;13;1;15;815;2;2;1;1.0;1;51;rue de la dime;M;4818640.0;139918.0;280
8614;201300009521;13;1;20;530;3;1;1;4.0;6;259;;M;0.0;0.0;280
8615;201300009522;13;6;7;1845;1;2;1;1.0;3;51;1 rue de chartres;M;0.0;0.0;280
8616;201300009523;13;6;22;715;1;1;1;1.0;3;51;;M;0.0;0.0;280
8617;201300009524;13;7;29;800;1;1;1;1.0;6;212;;M;4812985.0;172522.0;280
8618;201300009525;13;8;27;2130;3;1;1;1.0;2;51;;M;0.0;0.0;280
8619;201300009526;13;11;2;900;1;1;1;1.0;7;259;;M;0.0;0.0;280
8620;201300009527;13;12;1;1545;1;1;1;1.0;6;57;;M;0.0;0.0;280
8621;201300009528;13;9;13;1145;1;1;1;2.0;6;409;;M;4825280.0;121393.0;280
8622;201300009529;13;9;15;2015;2;1;1;8.0;7;21;;M;4837149.0;133691.0;280
8623;201300009530;13;9;30;1430;1;1;2;1.0;3;326;;M;4826861.0;124366.0;280
8624;201300009531;13;12;16;1645;1;2;1;1.0;6;61;Avenue du Gal de Gaulle;M;0.0;0.0;280
8625;201300009532;13;1;30;1245;1;1;1;3.0;7;98;;M;0.0;0.0;280
8626;201300009533;13;2;11;2015;5;2;1;1.0;6;359;16 bis RN 12;M;0.0;0.0;280
8627;201300009534;13;2;13;1500;1;1;1;8.0;6;124;;M;0.0;0.0;280
8628;201300009535;13;3;9;700;1;1;1;1.0;7;267;;M;4877300.0;137400.0;280
8629;201300009536;13;4;24;1545;1;1;1;1.0;6;251;;M;0.0;0.0;280
8630;201300009537;13;5;4;945;1;1;1;1.0;7;239;;M;4868825.0;139027.0;280
8631;201300009538;13;5;24;1500;1;1;2;3.0;5;171;;M;0.0;0.0;280
8632;201300009539;13;6;23;1715;1;2;1;1.0;3;348;;M;0.0;0.0;280
8633;201300009540;13;8;6;745;1;1;1;1.0;6;14;;M;4865568.0;129922.0;280
8634;201300009541;13;8;24;1200;1;1;1;1.0;3;98;;M;4875099.0;144720.0;280
8635;201300009542;13;9;9;2200;3;1;1;8.0;3;98;;M;0.0;0.0;280
8636;201300009543;13;9;19;1200;1;1;2;1.0;3;178;;M;4874336.0;144673.0;280
8637;201300009544;13;9;21;1500;1;1;1;1.0;3;239;;M;4867804.0;138312.0;280
8638;201300009545;13;12;6;2015;3;2;1;1.0;6;124;;M;0.0;0.0;280
8639;201300009546;13;12;6;1745;5;2;1;1.0;3;348;rue de la Baronnie;M;4876543.0;119781.0;280
8640;201300009547;13;12;22;2230;3;1;1;2.0;3;405;;M;4874800.0;129200.0;280
8641;201300009548;13;12;31;930;1;1;2;2.0;3;98;;M;4873100.0;144300.0;280
8642;201300009549;13;2;13;1745;1;1;1;1.0;7;7;;M;0.0;0.0;280
8643;201300009550;13;4;15;1745;1;1;1;1.0;7;64;;M;0.0;0.0;280
8644;201300009551;13;9;9;1400;1;1;1;8.0;6;247;;M;0.0;0.0;280
8645;201300009552;13;2;3;1515;1;1;1;8.0;6;373;;M;0.0;0.0;280
8646;201300009553;13;4;23;1615;1;1;2;1.0;3;373;;M;4854600.0;107100.0;280
8647;201300009554;13;5;19;2030;2;1;1;2.0;7;206;;M;4870700.0;115900.0;280
8648;201300009555;13;5;21;2145;4;2;1;1.0;6;90;D 316.2;M;4865029.0;101294.0;280
8649;201300009556;13;7;20;200;3;1;1;1.0;1;226;;M;0.0;0.0;280
8650;201300009557;13;2;26;215;5;2;1;4.0;6;94;49 rue des Graviers;M;0.0;0.0;280
8651;201300009558;13;7;3;1415;1;1;2;1.0;3;374;;M;4861162.0;143516.0;280
8652;201300009559;13;7;19;1600;1;1;1;1.0;1;279;;M;0.0;0.0;280
8653;201300009560;13;9;29;415;3;2;1;8.0;6;113;;M;4865610.0;154401.0;280
8654;201300009561;13;11;30;1345;1;1;1;1.0;3;374;;M;4861000.0;142300.0;280
8655;201300009562;13;2;11;1115;1;1;1;1.0;3;378;;M;0.0;0.0;280
8656;201300009563;13;2;15;1800;2;1;1;1.0;6;63;;M;0.0;0.0;280
8657;201300009564;13;4;14;2230;3;1;1;1.0;6;378;;M;4827600.0;85400.0;280
8658;201300009565;13;4;28;2015;2;1;1;1.0;5;236;;M;4835400.0;86300.0;280
8659;201300009566;13;5;16;1915;1;1;1;2.0;1;27;;M;4814700.0;93500.0;280
8660;201300009567;13;8;4;1245;1;1;1;1.0;1;280;;M;0.0;0.0;280
8661;201300009568;13;8;5;2115;2;1;1;1.0;1;407;;M;4826087.0;92977.0;280
8662;201300009569;13;10;26;1815;1;2;1;1.0;3;280;111 rue saint hilaire;M;4832327.0;82042.0;280
8663;201300009570;13;12;6;1030;5;2;1;1.0;6;280;15 rue gouverneur;M;4832400.0;82200.0;280
8664;201300009571;13;1;12;1530;1;2;1;1.0;7;354;RUE DU TROCADERO;M;0.0;0.0;280
8665;201300009572;13;5;12;1930;1;1;1;1.0;7;71;;M;0.0;0.0;280
8666;201300009573;13;7;31;1730;1;1;2;7.0;3;33;;M;0.0;0.0;280
8667;201300009574;13;10;21;1330;1;1;1;1.0;1;56;;M;4653820.0;175600.0;360
8668;201300009575;13;1;5;300;3;1;1;2.0;6;33;"LD ""LES ARDILLETS"".";M;4652690.0;150518.0;360
8669;201300009576;13;8;13;1315;1;1;1;1.0;7;177;;M;4650520.0;136182.0;360
8670;201300009578;13;9;13;1530;1;2;3;1.0;3;32;4 LE MULTON;M;4655240.0;155452.0;360
8671;201300009579;13;9;14;1045;1;1;2;2.0;3;70;;M;4643250.0;156700.0;360
8672;201300009580;13;9;14;2215;5;2;2;3.0;3;154;RUE LECLERC/RUE METIVIER;M;4658250.0;153215.0;360
8673;201300009581;13;11;25;1100;1;2;4;1.0;3;6;RUE P BERT/RUE DESCOTTES;M;4658690.0;152171.0;360
8674;201300009582;13;12;13;845;1;1;1;1.0;1;239;;M;4656250.0;144050.0;360
8675;201300009583;13;1;1;830;3;1;1;2.0;7;31;;M;4690200.0;138000.0;360
8676;201300009584;13;1;5;1700;2;2;1;1.0;6;31;RUE DES ECOLES.;M;4688720.0;142278.0;360
8677;201300009585;13;2;1;1830;5;2;3;3.0;3;241;RUE DU GENERAL DE GAULLE;M;4684830.0;153468.0;360
8678;201300009586;13;2;16;30;3;1;1;5.0;7;86;RD 11;M;4704730.0;134789.0;360
8679;201300009587;13;4;17;1500;1;1;1;1.0;6;139;"LIEU DIT ""LALEUF""";M;4679530.0;149675.0;360
8680;201300009588;13;5;3;2200;5;2;4;1.0;1;31;;M;4688850.0;140896.0;360
8681;201300009589;13;7;8;1615;1;1;1;1.0;7;232;;M;4680940.0;136530.0;360
8682;201300009590;13;7;15;745;1;1;1;1.0;6;69;;M;4708970.0;136061.0;360
8683;201300009593;13;9;5;1530;1;1;2;1.0;3;142;;M;4679260.0;155377.0;360
8684;201300009594;13;9;13;1130;1;1;1;1.0;4;118;;M;4674770.0;141020.0;360
8685;201300009595;13;10;4;1930;3;1;1;3.0;6;139;;M;4679220.0;146908.0;360
8686;201300009596;13;2;1;1645;1;1;8;3.0;3;229;;M;4719550.0;159685.0;360
8687;201300009597;13;2;3;1730;1;1;1;1.0;2;93;;M;4699390.0;160129.0;360
8688;201300009599;13;3;14;1800;1;1;1;1.0;5;191;"LD ""LE BOIS HOBLEAU""";M;4712350.0;175588.0;360
8689;201300009600;13;3;15;2045;3;1;1;1.0;6;79;"LIEU DIT ""NERLAC""";M;4694940.0;154594.0;360
8690;201300009601;13;4;14;1945;1;2;7;1.0;7;93;PARKING DU STADE;M;4697570.0;160145.0;360
8691;201300009602;13;5;24;2030;1;1;1;2.0;2;93;;M;4695410.0;162275.0;360
8692;201300009603;13;6;23;600;2;1;1;1.0;6;228;;M;4717000.0;158069.0;360
8693;201300009604;13;6;21;1915;1;2;3;2.0;3;228;9 RTE CHABRIS/FOUR A PLA;M;4716240.0;157174.0;360
8694;201300009605;13;7;12;315;3;1;1;1.0;6;57;;M;4682960.0;181174.0;360
8695;201300009606;13;8;20;1945;1;1;1;1.0;6;206;;M;4697310.0;153723.0;360
8696;201300009607;13;8;22;2100;5;2;1;1.0;6;34;48 AVENUE VICTOR HUGO;M;4725300.0;163886.0;360
8697;201300009608;13;8;28;2000;3;1;1;1.0;7;85;;M;4709310.0;174330.0;360
8698;201300009609;13;9;1;1000;1;1;1;1.0;3;107;;M;0.0;0.0;360
8699;201300009610;13;9;30;345;3;1;1;2.0;6;247;;M;4692250.0;163738.0;360
8700;201300009611;13;12;8;1800;3;1;1;1.0;6;26;;M;4693660.0;172780.0;360
8701;201300009612;13;12;18;1215;1;1;1;1.0;6;228;;M;4716300.0;156939.0;360
8702;201300009613;13;12;20;1930;3;1;1;1.0;6;34;;M;4725930.0;169099.0;360
8703;201300009614;13;6;3;1600;1;1;1;1.0;1;172;;M;4664030.0;138178.0;360
8704;201300009615;13;6;15;1930;1;1;1;1.0;6;94;"LIEU DIT ""BERNIER""";M;4645380.0;119197.0;360
8705;201300009616;13;6;23;1645;1;2;1;8.0;7;18;RD 17 LA GRANDE BORNE;M;4664750.0;108158.0;360
8706;201300009617;13;7;24;1330;1;1;1;1.0;6;58;;M;4658580.0;105189.0;360
8707;201300009618;13;7;24;1745;1;1;4;1.0;2;114;LIEU-DIT CHARNEUIL;M;4655920.0;113075.0;360
8708;201300009619;13;9;11;745;1;1;1;1.0;6;96;;M;4675390.0;113355.0;360
8709;201300009620;13;10;8;1800;1;1;1;1.0;6;148;;M;4659050.0;127280.0;360
8710;201300009621;13;11;14;1100;1;2;1;1.0;3;96;LIEU DIT LES DENETS;M;4674980.0;113218.0;360
8711;201300009622;13;12;10;1145;1;1;1;7.0;1;18;;M;4662020.0;106043.0;360
8712;201300009623;13;12;27;1100;1;2;1;1.0;3;18;RD 951- RUE DE SAUVIGNY;M;4663080.0;106221.0;360
8713;201300009625;13;10;25;1145;1;1;1;1.0;1;127;;M;4659180.0;200557.0;360
8714;201300009626;13;12;10;1015;1;1;1;1.0;6;127;;M;4661410.0;198547.0;360
8715;201300009627;13;1;10;1700;2;1;1;2.0;6;133;;M;0.0;0.0;360
8716;201300009628;13;2;18;2245;3;1;1;1.0;6;210;"LIEU DIT ""LE PONDERON""";M;4657580.0;189849.0;360
8717;201300009629;13;3;22;1315;1;2;2;1.0;1;5;"LIEU DIT ""SANGUILLES""";M;4677660.0;181477.0;360
8718;201300009631;13;5;29;1945;1;2;1;1.0;7;141;AVENUE DE VERDUN;;;;360
8719;201300009632;13;7;12;1430;1;2;4;1.0;3;207;;M;4642370.0;161289.0;360
8720;201300009633;13;7;13;1215;1;1;1;1.0;6;207;;M;4645080.0;166079.0;360
8721;201300009634;13;8;8;1;3;1;1;2.0;6;71;;M;4678250.0;180210.0;360
8722;201300009635;13;9;5;530;3;1;1;1.0;6;5;;M;4669490.0;184256.0;360
8723;201300009636;13;9;11;1315;1;2;2;1.0;3;56;RUE CHATEAU/ RUE CROIX;M;4654370.0;175068.0;360
8724;201300009637;13;9;17;1645;1;1;1;2.0;6;126;LIEU DIT L'AGE D'EN HAUT;M;4649380.0;176374.0;360
8725;201300009638;13;10;4;1830;1;1;1;3.0;1;210;;M;4660100.0;189739.0;360
8726;201300009639;13;10;15;1145;1;1;2;2.0;3;120;;M;4669610.0;188783.0;360
8727;201300009640;13;12;26;745;2;1;1;1.0;6;9;;M;4671360.0;171049.0;360
8728;201300009641;13;1;12;2215;3;1;1;2.0;6;21;;M;4699120.0;196247.0;360