;Num_Acc;an;mois;jour;hrmn;lum;agg;int;atm;col;com;adr;gps;lat;long;dep
9018;201300009951;13;6;21;2110;5;2;1;1.0;3;4;SAINTE MARGUERITE RUE;;;;60
9019;201300009952;13;6;22;825;1;1;1;1.0;5;4;RD6098;;;;60
9020;201300009953;13;6;22;1840;1;2;1;1.0;3;4;873, SAINT JEAN RTE ET C;;;;60
9021;201300009954;13;6;25;730;1;2;3;1.0;5;155;MASSIER AV.ET IMP.CLEMEN;;;;60
9022;201300009955;13;6;26;1305;1;2;1;1.0;7;4;55, CANNES(RN.7) AV.DE;;;;60
9023;201300009956;13;6;26;1726;1;2;3;1.0;6;4;0, MERMOZ AV.;;;;60
9024;201300009957;13;6;26;1840;1;2;1;1.0;5;4;C.D. 35 BIS;;;;60
9025;201300009958;13;6;27;1848;1;2;2;1.0;3;4;35, REIBAUD AV.;;;;60
9026;201300009959;13;6;28;1055;1;2;2;1.0;3;4;1, BIOT (CD.4) RTE DE;;;;60
9027;201300009961;13;6;29;2335;5;2;4;1.0;6;4;129, MEILLAND BD FRANCIS;;;;60
9028;201300009962;13;7;1;850;1;2;1;1.0;2;4;0, RD6098;;;;60
9029;201300009963;13;7;2;1105;1;2;1;1.0;2;4;08 bis, ONZE NOVEMBRE AV;;;;60
9030;201300009964;13;7;2;1155;1;2;1;1.0;6;4;16, FOURNEL BADINE CH.ET;;;;60
9031;201300009965;13;7;2;1455;1;2;1;1.0;3;4;105, POINCARE BD RAYMOND;;;;60
9032;201300009966;13;7;3;2230;5;2;2;1.0;3;4;13, VAUTRIN BD DU GENERA;;;;60
9033;201300009967;13;7;4;1525;1;2;2;1.0;3;155;LIBERTE AV.DE LA;;;;60
9034;201300009968;13;7;5;220;5;2;1;1.0;6;4;52, BAUDOIN BD EDOUARD;;;;60
9035;201300009969;13;7;5;1545;1;2;1;1.0;6;4;16, WILSON BD;;;;60
9036;201300009971;13;7;8;850;1;2;1;1.0;5;4;00, TROIS MOULINS RUE DE;;;;60
9037;201300009972;13;7;9;645;1;2;3;1.0;7;4;BAINS AV.ET IMP.DES;;;;60
9038;201300009973;13;7;12;1900;1;2;1;1.0;3;4;2495, SAINT CLAUDE CH.DE;;;;60
9039;201300009974;13;7;12;2045;1;2;9;1.0;3;155;CLEMENCEAU AV.GEORGES;;;;60
9040;201300009975;13;7;13;1423;1;2;1;1.0;3;4;JAMES WYLLIE BD;;;;60
9041;201300009976;13;7;13;2045;2;2;3;1.0;3;4;POINCARE BD RAYMOND.;;;;60
9042;201300009977;13;7;15;130;5;2;1;1.0;3;4;1297, NICE(RN.7) AV.ET R;;;;60
9043;201300009978;13;7;15;840;1;2;1;1.0;2;4;CHANCEL BD;;;;60
9044;201300009979;13;7;15;1440;1;2;1;1.0;5;4;BIOT (CD.4) RTE DE;;;;60
9045;201300009980;13;7;16;1855;1;2;1;1.0;6;155;TAPIS VERT AV.DU;;;;60
9046;201300009981;13;7;17;1544;1;2;1;1.0;7;4;168, BACON BD DU ET BD G;;;;60
9047;201300009982;13;7;17;1700;1;2;6;1.0;3;4;TROIS MOULINS RUE DES;;;;60
9048;201300009983;13;7;16;1954;1;2;1;1.0;6;4;11, BAUDOIN BD EDOUARD;;;;60
9049;201300009984;13;7;18;905;1;2;3;2.0;3;4;, KENNEDY BD J.F.;;;;60
9050;201300009985;13;7;18;1622;1;2;1;1.0;3;4;0, SAINT JEAN RTE ET CH.;;;;60
9051;201300009986;13;7;20;210;5;1;1;1.0;7;4;1965, NICE(RN.7) AV.ET R;;;;60
9052;201300009988;13;7;22;1459;1;2;1;1.0;6;155;212, LIBERTE AV.DE LA;;;;60
9053;201300009989;13;7;29;1125;1;2;1;1.0;2;4;1, BIOT (CD.4) RTE DE;;;;60
9054;201300009990;13;7;30;120;5;2;1;1.0;3;155;55, LIBERTE AV.DE LA;;;;60
9055;201300009991;13;8;2;1100;1;2;3;1.0;2;4;34, ROCHAT AV.PHILIPPE;;;;60
9056;201300009992;13;8;2;1510;1;2;1;1.0;1;155;1330, CANNET CH.DU;;;;60
9057;201300009993;13;8;3;1125;1;2;1;1.0;4;4;12, CHATAIGNIERS AV.DU;;;;60
9058;201300009994;13;8;4;1306;1;2;3;1.0;3;155;48, LIBERTE AV.DE LA;;;;60
9059;201300009995;13;8;7;1010;1;2;1;1.0;3;4;NICE(RN.7) AV.ET RTE DE;;;;60
9060;201300009996;13;8;3;1135;1;2;1;1.0;6;4;BRAGUE RTE DE LA;;;;60
9061;201300009997;13;8;7;2240;3;2;3;1.0;3;155;15, GAULLE AV.DU GENERAL;;;;60
9062;201300009998;13;8;8;2235;5;2;2;1.0;6;4;15, SADI CARNOT RUE;;;;60
9063;201300009999;13;8;8;2345;5;2;1;1.0;3;4;809, NICE(RN.7) AV.ET RT;;;;60
9064;201300010000;13;8;11;1254;1;2;1;1.0;3;155;53, RN.7;;;;60
9065;201300010001;13;8;12;1420;1;2;1;1.0;6;155;6, ROUSTAN AV.ET BD DES;;;;60
9066;201300010002;13;8;12;1830;1;1;1;1.0;5;155;1104, SAINT BERNARD CH.;;;;60
9067;201300010003;13;8;13;1220;1;1;1;1.0;6;4;SAINT CLAUDE CH.DE;;;;60
9068;201300010004;13;8;14;1643;1;2;1;1.0;3;4;15, SOLEAU AV.ROBERT;;;;60
9069;201300010005;13;8;15;1639;1;2;1;1.0;6;4;35, BRICKA RUE;;;;60
9070;201300010007;13;8;21;950;1;2;3;1.0;3;4;SABLES CH.ET ALLEE;;;;60
9071;201300010008;13;8;21;1544;1;2;1;1.0;2;4;57, BEAUVERT CH.ET IMP.D;;;;60
9072;201300010009;13;8;21;1805;1;2;9;1.0;1;4;11, CHATAIGNIERS AV.DU;;;;60
9073;201300010010;13;8;24;630;2;2;1;1.0;6;4;127, GRASSE RTE DE;;;;60
9074;201300010013;13;8;26;1900;2;2;1;1.0;6;155;95, LIBERTE AV.DE LA;;;;60
9075;201300010014;13;8;26;2340;5;2;1;1.0;1;4;108, POINCARE BD RAYMOND;;;;60
9076;201300010015;13;8;27;1500;1;2;1;2.0;3;4;236, NICE(RN.7) AV.ET RT;;;;60
9077;201300010016;13;8;30;1035;1;1;1;1.0;6;4;84, ROCHAT AV.PHILIPPE;;;;60
9078;201300010017;13;8;31;1515;1;2;1;1.0;6;4;RD6098;;;;60
9079;201300010018;13;8;31;1922;2;2;1;1.0;2;4;630, RABIAC ESTAGNOL CH.;;;;60
9080;201300010019;13;9;1;1544;1;2;3;1.0;5;4;52, JAMES WYLLIE BD;;;;60
9081;201300010020;13;9;1;1810;1;1;1;1.0;3;4;000, R.N.98 BORD DE MER;;;;60
9082;201300010021;13;9;4;1021;1;2;2;1.0;6;4;1, RD6007;;;;60
9083;201300010022;13;9;4;1620;1;2;1;1.0;1;155;218, LIBERTE AV.DE LA;;;;60
9084;201300010023;13;9;5;600;1;2;3;1.0;6;4;7, ROCHAT AV.PHILIPPE;;;;60
9085;201300010024;13;9;6;1650;1;2;1;1.0;3;4;93, POINCARE BD RAYMOND;;;;60
9086;201300010025;13;9;2;1120;1;2;1;1.0;2;155;0, JUIN AV.MARECHAL;;;;60
9087;201300010027;13;9;9;240;5;2;1;1.0;6;155;2040, SAINT BERNARD CH.;;;;60
9088;201300010028;13;9;10;958;1;2;1;1.0;2;155;ROUVIER BD MAURICE;;;;60
9089;201300010029;13;9;13;1622;1;2;1;1.0;2;4;701, NICE(RN.7) AV.ET RT;;;;60
9090;201300010030;13;9;15;1715;1;2;1;1.0;6;155;50, LIBERTE AV.DE LA;;;;60
9091;201300010031;13;9;16;1000;1;2;1;1.0;3;155;1, CANNES AV.DE;;;;60
9092;201300010032;13;9;17;1050;1;2;3;1.0;3;155;ROUSTAN AV.ET BD DES FRE;;;;60
9093;201300010035;13;9;19;1035;1;2;7;1.0;6;4;25, REPUBLIQUE RUE DE LA;;;;60
9094;201300010036;13;9;23;1230;1;2;2;1.0;3;155;132, LIBERTE AV.DE LA;;;;60
9095;201300010037;13;9;23;1940;5;2;1;1.0;3;4;55, CANNES(RN.7) AV.DE;;;;60
9096;201300010038;13;9;24;1839;1;2;1;1.0;3;155;ROUSTAN AV.ET BD DES FRE;;;;60
9097;201300010039;13;9;25;1310;1;2;1;1.0;3;4;128, WILSON BD;;;;60
9098;201300010040;13;9;26;740;1;2;1;1.0;2;4;1, ONZE NOVEMBRE AV.DU;;;;60
9099;201300010041;13;9;25;1005;1;2;1;1.0;1;4;114, POINCARE BD RAYMOND;;;;60
9100;201300010042;13;9;26;1800;1;2;1;1.0;6;4;., GREC AV.JULES;;;;60
9101;201300010043;13;9;27;1920;5;2;1;1.0;6;4;67, VAL CLARET BD ET IMP;;;;60
9102;201300010044;13;9;29;35;5;2;1;1.0;2;155;55, ROUSTAN AV.ET BD DES;;;;60
9103;201300010045;13;9;30;1400;1;2;1;1.0;3;4;BRIAND AV.ARISTIDE;;;;60
9104;201300010046;13;10;1;725;1;2;1;1.0;3;4;28, POINCARE BD RAYMOND;;;;60
9105;201300010047;13;10;1;1910;1;2;3;1.0;3;4;1, CHANCEL BD;;;;60
9106;201300010048;13;10;5;1938;3;2;1;1.0;1;4;1202, BRUSQUETS CH.DES M;;;;60
9107;201300010049;13;10;7;600;5;2;3;2.0;1;4;23, DUGOMMIER BD;;;;60
9108;201300010050;13;10;8;640;5;2;1;1.0;2;155;RD6007;;;;60
9109;201300010051;13;10;8;825;1;2;1;2.0;3;4;GRASSE RTE DE;;;;60
9110;201300010052;13;10;8;1225;1;2;1;1.0;1;155;1529, GRASSE AV.ET ROUTE;;;;60
9111;201300010053;13;10;9;900;1;2;1;1.0;3;4;1, ONZE NOVEMBRE AV.DU;;;;60
9112;201300010055;13;10;13;935;1;2;1;1.0;3;4;ROCHAT AV.PHILIPPE;;;;60
9113;201300010056;13;10;13;1350;1;2;2;1.0;3;4;GAROUPE BD DE LA;;;;60
9114;201300010058;13;10;5;2112;5;2;3;1.0;3;155;54, CANNES AV.DE;;;;60
9115;201300010059;13;10;17;1910;5;2;3;1.0;3;4;ROCHAT AV.PHILIPPE;;;;60
9116;201300010061;13;10;24;1241;1;2;1;1.0;7;4;113, POINCARE BD RAYMOND;;;;60
9117;201300010062;13;10;25;712;1;2;1;1.0;1;155;152, LIBERTE AV.DE LA;;;;60
9118;201300010063;13;10;25;838;1;2;1;1.0;2;155;2791, SAINT BERNARD CH.;;;;60
9119;201300010064;13;10;26;100;5;2;1;1.0;1;155;ROUSTAN AV.ET BD DES FRE;;;;60
9120;201300010065;13;10;28;1045;1;2;1;1.0;6;4;1, SAINT CLAUDE CH.DE;;;;60
9121;201300010066;13;10;29;1453;1;2;1;1.0;6;4;61, WILSON BD;;;;60
9122;201300010067;13;11;1;1502;1;2;1;1.0;7;4;31, NOVEMBRE 11 AVE;;;;60
9123;201300010068;13;11;5;1425;1;2;1;1.0;3;155;27, PICASSO AV.ET SQUARE;;;;60
9124;201300010069;13;11;6;1050;1;2;1;1.0;6;155;103, LINTIER CH.ET IMP.;;;;60
9125;201300010070;13;11;7;1000;1;1;3;1.0;3;155;SAINT BERNARD CH.;;;;60
9126;201300010071;13;11;10;1850;5;2;3;1.0;3;4;RABIAC ESTAGNOL CH.DE;;;;60
9127;201300010072;13;11;11;1430;1;2;1;1.0;1;4;SAINT CLAUDE CH.DE;;;;60
9128;201300010073;13;11;12;1810;5;2;6;1.0;3;4;1, GRASSE RTE DE;;;;60
9129;201300010074;13;11;13;840;1;1;1;1.0;1;4;1, TROIS MOULINS RUE DES;;;;60
9130;201300010075;13;11;14;1000;1;2;1;1.0;3;4;47, ROCHAT AV.PHILIPPE;;;;60
9131;201300010076;13;11;17;1300;1;2;3;1.0;1;4;1297, NICE(RN.7) AV.ET R;;;;60
9132;201300010077;13;11;20;745;1;2;1;1.0;5;4;59, GRASSE RTE DE;;;;60
9133;201300010078;13;11;22;1456;1;2;1;8.0;6;4;2793, SAINT CLAUDE CH.DE;;;;60
9134;201300010080;13;11;25;1755;3;2;1;1.0;6;4;1, SAINT JEAN VIEUX CH.D;;;;60
9135;201300010081;13;11;29;1030;1;2;1;7.0;1;4;COMBES CH.DES;;;;60
9136;201300010083;13;12;4;1430;1;2;1;1.0;5;4;BORD DE MER RN.98 LA SIE;;;;60
9137;201300010084;13;12;5;1930;3;2;1;1.0;3;4;100, SAINT JEAN RTE ET C;;;;60
9138;201300010085;13;12;6;845;1;2;1;1.0;6;4;14, REPUBLIQUE RUE DE LA;;;;60
9139;201300010086;13;12;10;1540;1;2;1;9.0;6;4;QUATRE CHEMINS CH.DES;;;;60
9140;201300010088;13;12;11;1715;5;2;3;1.0;6;4;670, SAINT CLAUDE CH.DE;;;;60
9141;201300010089;13;12;13;1500;1;2;1;1.0;6;4;ONZE NOVEMBRE AV.DU;;;;60
9142;201300010090;13;12;18;1700;3;2;1;1.0;3;4;BRIAND AV.ARISTIDE;;;;60
9143;201300010091;13;12;18;1310;1;2;6;1.0;3;4;1, QUATRE CHEMINS CH.DES;;;;60
9144;201300010092;13;12;22;1745;5;2;1;1.0;3;155;28, LIBERTE AV.DE LA;;;;60
9145;201300010093;13;12;29;1145;1;2;1;1.0;6;4;JAMES WYLLIE BD;;;;60
9146;201300010094;13;1;1;1330;1;2;3;1.0;3;27;NICE AVENUE DE (RN7);;;;60
9147;201300010095;13;1;5;1340;1;2;1;1.0;3;123;BORD DE MER RN 98;;;;60
9148;201300010096;13;1;9;1030;1;2;1;1.0;2;27;34, RENOIR AVENUE AUGUST;;;;60
9149;201300010097;13;1;10;1010;1;2;3;1.0;5;27;CANNES AVENUE DE (RN7);;;;60
9150;201300010098;13;1;11;1930;1;2;1;1.0;3;27;120, ALPES AVENUE DES;;;;60
9151;201300010099;13;1;15;1205;1;2;1;1.0;3;123;850, CURIE PIERRE ET MAR;;;;60
9152;201300010100;13;1;18;820;1;2;4;1.0;3;27;BONAPARTE RUE;;;;60
9153;201300010101;13;1;18;1915;5;2;1;1.0;6;123;DONADEI EUGENE AVENUE;;;;60
9154;201300010102;13;1;22;1400;1;2;1;1.0;1;27;30, FAUVETTES AVENUE DES;;;;60
9155;201300010103;13;1;22;1745;5;2;3;1.0;3;27;VENCE ROUTE DE;;;;60
9156;201300010104;13;1;22;1830;5;2;3;1.0;3;27;NICE AVENUE DE (RN7);;;;60
9157;201300010105;13;1;23;800;1;2;1;2.0;5;27;0, BESSET AVENUE CYRILLE;;;;60
9158;201300010106;13;1;24;745;1;2;1;1.0;6;123;177, PAGNOL MARCEL BOULE;;;;60
9159;201300010107;13;2;2;1545;1;2;2;1.0;6;27;BIR HAKEIM RUE;;;;60
9160;201300010109;13;2;8;1905;5;1;3;1.0;3;27;NICE AVENUE DE (RN7);;;;60
9161;201300010110;13;2;10;1030;1;2;1;1.0;2;27;112, PLAGE BOULEVARD DE;;;;60
9162;201300010111;13;2;11;750;2;2;1;3.0;6;123;99, ST EXUPERY AVENUE;;;;60
9163;201300010112;13;2;13;1005;1;2;1;1.0;3;123;233, ISCLES CHEMIN DES;;;;60
9164;201300010113;13;2;19;2030;5;2;1;1.0;3;123;DONADEI EUGENE AVENUE;;;;60
9165;201300010114;13;2;28;1040;1;2;1;1.0;6;123;29, ANCIEN PONT RUE DE L;;;;60
9166;201300010115;13;3;5;1730;2;2;1;2.0;2;27;27, VALLIERES CHEMIN DES;;;;60
9167;201300010117;13;3;6;1915;4;2;1;1.0;6;27;ZIEM AVENUE;;;;60
9168;201300010120;13;3;12;730;1;2;1;1.0;3;27;BESSET AVENUE CYRILLE;;;;60
9169;201300010121;13;3;12;1215;1;2;1;1.0;3;27;35, GRASSE AVENUE DE;;;;60
9170;201300010122;13;3;11;845;1;2;1;1.0;2;27;MOZART ALLEE;;;;60
9171;201300010123;13;3;12;1640;1;2;1;1.0;3;123;1069, CURIE PIERRE ET MA;;;;60
9172;201300010124;13;3;16;1100;1;2;1;1.0;6;27;101, BESSET AVENUE CYRIL;;;;60
9173;201300010125;13;3;18;2330;5;2;1;1.0;2;123;GARE ROUTE DE LA;;;;60
9174;201300010126;13;3;21;1400;1;2;1;1.0;2;27;CANNES AVENUE DE (RN7);;;;60
9175;201300010127;13;3;21;1910;2;2;2;1.0;3;27;NICE AVENUE DE (RN7);;;;60
9176;201300010128;13;3;22;1415;1;2;1;1.0;3;123;POMPIDOU GEORGES BOULEVA;;;;60
9177;201300010129;13;3;29;1625;1;2;1;1.0;2;27;99, PLAGE BOULEVARD DE L;;;;60
9178;201300010130;13;3;29;1755;1;2;1;1.0;6;27;34, JUIN BOULEVARD MAREC;;;;60
9179;201300010132;13;4;4;1940;2;2;1;3.0;2;123;781, PLANTIERS AVENUE DE;;;;60
9180;201300010133;13;4;5;1615;1;2;1;1.0;3;123;POMPIDOU GEORGES BOULEVA;;;;60
9181;201300010134;13;4;12;1840;1;2;3;1.0;1;123;ISCLES CHEMIN DES;;;;60
9182;201300010135;13;4;12;1840;1;2;1;1.0;2;123;JEANNE D'ARC AVENUE;;;;60
9183;201300010136;13;4;16;1915;1;2;6;1.0;7;27;BOUALAM ROND POINT BACHA;;;;60
9184;201300010137;13;4;17;2250;5;2;3;1.0;3;123;BORD DE MER RN 98;;;;60
9185;201300010138;13;4;22;1730;1;2;1;1.0;2;27;KENNEDY BOULEVARD J.F.;;;;60
9186;201300010139;13;4;26;1700;1;2;1;1.0;3;27;96, GAUDE AVENUE DE LA;;;;60
9187;201300010140;13;5;4;1720;1;2;1;1.0;3;123;GARE ROUTE DE LA;;;;60
9188;201300010141;13;5;10;1640;1;2;1;1.0;4;27;GRASSE AVENUE DE;;;;60
9189;201300010142;13;5;10;1640;1;1;1;1.0;1;27;GRASSE AVENUE DE;;;;60
9190;201300010143;13;5;15;1810;1;2;1;1.0;3;27;39, GRASSE AVENUE DE;;;;60
9191;201300010146;13;5;27;1525;1;2;1;1.0;3;27;GARE AVENUE DE LA;;;;60
9192;201300010147;13;5;28;1600;1;2;1;1.0;6;123;POMPIDOU GEORGES BOULEVA;;;;60
9193;201300010148;13;5;30;1215;1;2;1;1.0;3;27;55, VAL FLEURI CHEMIN DU;;;;60
9194;201300010149;13;6;4;2300;5;2;1;1.0;3;27;NICE AVENUE DE (RN7);;;;60
9195;201300010151;13;1;2;1730;3;1;1;1.0;6;123;RN202BIS;;;;60
9196;201300010152;13;6;11;1520;1;2;1;1.0;3;27;1, PLAGE BOULEVARD DE LA;;;;60
9197;201300010153;13;6;14;1305;1;2;1;1.0;1;27;PROMENADE DE L HIPPODROM;;;;60
9198;201300010154;13;6;16;840;1;2;1;1.0;2;27;PLAGE BOULEVARD DE LA;;;;60
9199;201300010155;13;6;17;810;1;2;3;1.0;7;27;ESPARTES CHEMIN DES;;;;60
9200;201300010156;13;6;19;1340;1;2;1;1.0;6;27;2, MARTIN RUE DU CHEVALI;;;;60
9201;201300010157;13;6;23;2205;5;2;3;1.0;3;27;GARE AVENUE DE LA;;;;60
9202;201300010158;13;6;25;1045;1;2;1;1.0;3;27;73, BESSET AVENUE CYRILL;;;;60
9203;201300010160;13;6;27;1705;1;2;1;1.0;3;27;BONAPARTE RUE;;;;60
9204;201300010161;13;6;28;835;1;2;3;1.0;3;27;NICE AVENUE DE (RN7);;;;60
9205;201300010162;13;6;28;1400;1;2;3;1.0;3;27;JUIN BOULEVARD MARECHAL;;;;60
9206;201300010163;13;6;29;2030;1;2;1;1.0;3;27;103, PLAGE BOULEVARD DE;;;;60
9207;201300010164;13;7;4;1140;1;2;1;1.0;6;27;7, JUIN BOULEVARD MARECH;;;;60
9208;201300010165;13;7;4;1515;1;2;3;1.0;3;27;PLAGE BOULEVARD DE LA;;;;60
9209;201300010166;13;7;11;2240;5;2;1;1.0;3;27;36, VAL FLEURI CHEMIN DU;;;;60
9210;201300010167;13;7;13;1900;1;2;1;1.0;3;27;36, ALPES AVENUE DES;;;;60
9211;201300010168;13;7;13;1220;1;2;3;1.0;3;27;PLAGE BOULEVARD DE LA;;;;60
9212;201300010170;13;7;15;1810;2;2;1;1.0;6;123;SAUVAIGO PIERRE AVENUE;;;;60
9213;201300010171;13;7;17;950;1;2;2;1.0;3;123;SANTONNIERS ALLEE DES;;;;60
9214;201300010173;13;7;19;1105;1;2;1;1.0;3;27;0, NICE AVENUE DE (RN7);;;;60
9215;201300010174;13;7;19;1425;1;2;1;1.0;1;27;GRASSE AVENUE DE;;;;60
9216;201300010175;13;7;22;1320;1;2;1;1.0;2;27;GRASSE AVENUE DE;;;;60
9217;201300010176;13;7;24;1300;1;2;6;1.0;3;123;MAICON PROMENADE;;;;60
9218;201300010177;13;7;25;735;1;2;3;1.0;3;27;DONAT AVENUE DOCTEUR MAU;;;;60
9219;201300010178;13;7;25;845;1;2;1;1.0;3;27;53, TUILIERES AVENUE DES;;;;60
9220;201300010179;13;7;27;1100;1;2;1;1.0;3;123;760, VESPINS ROUTE DES;;;;60
9221;201300010180;13;7;29;940;1;2;1;1.0;2;123;12, VESPINS ROUTE DES;;;;60
9222;201300010181;13;7;30;1155;1;2;2;1.0;2;27;GARE AVENUE DE LA;;;;60
9223;201300010182;13;7;31;830;1;2;1;1.0;2;123;564, DE GAULLE GENERAL A;;;;60
9224;201300010183;13;7;31;1315;1;2;1;1.0;3;27;96, NICE AVENUE DE (RN7);;;;60
9225;201300010184;13;8;1;1230;1;2;1;1.0;3;123;1573, ISCLES CHEMIN DES;;;;60
9226;201300010185;13;8;1;1730;1;2;1;1.0;2;27;CHEIRON AVENUE DU;;;;60
9227;201300010186;13;8;1;2000;1;2;3;1.0;3;27;NICE AVENUE DE (RN7);;;;60
9228;201300010187;13;8;3;400;5;2;1;1.0;7;27;DRAKKAR ROND POINT;;;;60
9229;201300010188;13;8;3;1305;1;2;1;1.0;2;123;MOSCHETTI RUE;;;;60
9230;201300010189;13;8;9;800;1;2;1;1.0;3;123;280, VAUBAN AVENUE;;;;60
9231;201300010190;13;8;9;1155;1;2;1;1.0;3;27;59, BESSET AVENUE CYRILL;;;;60
9232;201300010191;13;8;9;1740;1;2;1;1.0;2;27;CANNES AVENUE DE (RN7);;;;60
9233;201300010192;13;8;12;1315;1;2;1;1.0;2;27;JUIN BOULEVARD MARECHAL;;;;60
9234;201300010193;13;8;12;1840;1;2;2;1.0;3;27;JUIN BOULEVARD MARECHAL;;;;60
9235;201300010194;13;8;18;2235;5;2;1;1.0;2;27;RENOIR AVENUE AUGUSTE;;;;60
9236;201300010195;13;8;19;1940;1;2;1;1.0;3;123;ESPLANADE DU LEVANT;;;;60
9237;201300010196;13;8;19;1610;1;2;1;1.0;6;123;4412, ST JEANNET ROUTE D;;;;60
9238;201300010197;13;8;19;1750;1;2;1;1.0;3;27;PLAGE BOULEVARD DE LA;;;;60
9239;201300010198;13;8;21;945;1;2;3;1.0;3;123;AMADIEU AVENUE PIERRE;;;;60
9240;201300010199;13;8;21;1200;1;2;4;1.0;3;27;NICE AVENUE DE (RN7);;;;60
9241;201300010200;13;8;21;1930;1;2;2;1.0;3;27;BOUCHER RUE HELENE;;;;60
9242;201300010201;13;8;24;1900;1;2;1;2.0;7;123;DE GAULLE GENERAL AVENUE;;;;60
9243;201300010202;13;8;25;2130;5;2;1;1.0;2;123;VESPINS ROUTE DES;;;;60
9244;201300010203;13;8;26;845;1;2;3;1.0;3;123;CURIE PIERRE ET MARIE AV;;;;60
9245;201300010204;13;8;30;1845;1;2;3;1.0;3;27;GARE AVENUE DE LA;;;;60
9246;201300010205;13;8;30;920;1;2;3;1.0;3;123;VESPINS ROUTE DES;;;;60
9247;201300010206;13;9;1;1345;1;2;1;1.0;3;123;PUGETS ROUTE DES;;;;60
9248;201300010207;13;9;1;1445;1;2;1;1.0;3;27;5, NICE AVENUE DE (RN7);;;;60
9249;201300010208;13;9;1;2025;2;2;2;1.0;3;27;ROSERAIE AVENUE DE LA;;;;60
9250;201300010209;13;9;3;920;1;2;1;1.0;6;27;0, HOTEL DES POSTES AVEN;;;;60
9251;201300010210;13;9;4;850;1;2;1;1.0;6;27;6, JUIN BOULEVARD MARECH;;;;60
9252;201300010212;13;9;6;1520;1;2;1;1.0;6;27;44, JUIN BOULEVARD MAREC;;;;60
9253;201300010213;13;9;10;1000;1;2;1;1.0;6;27;19, PASQUALINI RUE J.P.;;;;60
9254;201300010214;13;9;11;1855;1;2;3;1.0;3;123;930, DE GAULLE GENERAL A;;;;60
9255;201300010216;13;9;11;1930;1;2;1;1.0;2;27;NICE AVENUE DE (RN7);;;;60
9256;201300010217;13;9;17;1235;1;2;1;1.0;2;27;111, PLAGE BOULEVARD DE;;;;60
9257;201300010218;13;9;20;1125;1;2;1;1.0;2;123;VESPINS ROUTE DES;;;;60
9258;201300010220;13;9;24;1220;1;2;3;1.0;3;123;11 NOVEMBRE AVENUE DU;;;;60
9259;201300010221;13;9;27;1615;1;2;1;1.0;6;27;ROBION RUE E.;;;;60
9260;201300010222;13;9;27;2035;5;2;6;1.0;3;123;ROND POINT COUBERTIN;;;;60
9261;201300010223;13;9;29;545;5;2;1;1.0;2;123;VESPINS ROUTE DES;;;;60
9262;201300010224;13;10;1;1310;1;2;3;1.0;3;123;FAHNESTOCK G. CORNICHE;;;;60
9263;201300010225;13;10;2;810;1;2;3;1.0;3;123;ST JEANNET ROUTE DE;;;;60
9264;201300010226;13;10;2;1100;1;2;1;1.0;6;27;55, VAL FLEURI CHEMIN DU;;;;60
9265;201300010227;13;10;8;615;5;2;3;2.0;3;27;JACINTHES ALLEE DES;;;;60
9266;201300010228;13;10;10;1310;1;2;1;1.0;6;27;PAGNOL AVENUE MARCEL;;;;60
9267;201300010229;13;10;12;1840;1;2;1;1.0;2;123;BORD DE MER RN 98;;;;60
9268;201300010231;13;10;22;950;1;2;1;1.0;6;123;190, DECHAME EMILE AVENU;;;;60
9269;201300010233;13;10;23;1845;5;2;3;1.0;2;27;44, ST LAURENT CHEMIN DE;;;;60
9270;201300010234;13;10;24;1430;1;2;1;1.0;4;27;31, RENOIR AVENUE AUGUST;;;;60
9271;201300010235;13;10;26;1350;1;2;1;1.0;7;27;ESPARTES CHEMIN DES;;;;60
9272;201300010236;13;10;28;1015;1;2;3;1.0;1;123;COMBATTANTS AFN AVENUE D;;;;60
9273;201300010237;13;10;30;1535;1;2;1;1.0;3;123;GARE ROUTE DE LA;;;;60
9274;201300010238;13;11;1;2015;5;2;3;1.0;3;27;CITRONNIERS AVENUE DES;;;;60
9275;201300010239;13;11;2;945;1;2;9;1.0;3;27;CANNES AVENUE DE (RN7);;;;60
9276;201300010240;13;11;3;1220;1;2;1;1.0;6;123;242, PUGETS AVENUE DES;;;;60
9277;201300010241;13;11;7;700;1;2;1;1.0;1;27;PLAGE BOULEVARD DE LA;;;;60
9278;201300010242;13;11;11;1500;1;2;1;1.0;6;123;906, DE GAULLE GENERAL A;;;;60
9279;201300010243;13;11;11;1900;2;2;1;1.0;3;27;72, GRASSE AVENUE DE;;;;60
9280;201300010244;13;11;12;745;2;2;1;1.0;6;123;POMPIDOU GEORGES BOULEVA;;;;60
9281;201300010245;13;11;12;1605;1;2;1;1.0;3;123;COUSTEAU JEAN YVES PROME;;;;60
9282;201300010246;13;11;15;1420;1;2;1;1.0;6;123;300, MOSCHETTI RUE;;;;60
9283;201300010247;13;11;18;1150;1;2;1;1.0;3;27;28 Bis, GAUDE AVENUE DE;;;;60
9284;201300010248;13;11;26;1915;3;2;1;1.0;6;27;VAL EN SOL AVENUE DE;;;;60
9285;201300010249;13;11;27;930;1;2;3;1.0;3;123;SAUVAIGO PIERRE AVENUE;;;;60
9286;201300010250;13;11;27;1730;5;2;3;1.0;3;27;159, NICE AVENUE DE (RN7;;;;60
9287;201300010251;13;12;2;825;1;2;1;1.0;3;123;500, VESPINS ROUTE DES;;;;60
9288;201300010252;13;12;3;845;1;2;3;1.0;3;123;163, 11 NOVEMBRE AVENUE;;;;60
9289;201300010253;13;12;4;1145;1;2;1;1.0;2;123;POMPIDOU GEORGES BOULEVA;;;;60
9290;201300010254;13;12;5;1305;1;2;2;1.0;3;27;GARE AVENUE DE LA;;;;60
9291;201300010255;13;12;7;1430;1;2;6;1.0;3;123;MISTRAL FREDERIC AVENUE;;;;60
9292;201300010256;13;12;9;1145;1;2;1;1.0;2;27;PLAGE BOULEVARD DE LA;;;;60
9293;201300010257;13;12;10;1610;1;2;1;1.0;3;123;SAUVAIGO PIERRE AVENUE;;;;60
9294;201300010259;13;12;12;1123;1;2;1;1.0;6;123;BORD DE MER RN 98;;;;60
9295;201300010260;13;12;13;725;2;2;1;1.0;3;123;DE GAULLE GENERAL AVENUE;;;;60
9296;201300010261;13;12;13;820;1;2;1;1.0;3;123;CURIE PIERRE ET MARIE AV;;;;60
9297;201300010262;13;12;21;400;5;2;2;1.0;3;27;LECLERCAVENUE GENERAL;;;;60
9298;201300010263;13;12;22;1600;1;2;1;1.0;3;123;JUIN MARECHAL AVENUE;;;;60
9299;201300010264;13;12;24;1120;1;2;1;1.0;5;27;GARE AVENUE DE LA;;;;60
9300;201300010265;13;12;24;1920;5;2;1;2.0;3;27;76, GRASSE AVENUE DE;;;;60
9301;201300010266;13;1;7;1055;1;2;1;1.0;6;30;CAMPON (RUE;;;;60