;Num_Acc;an;mois;jour;hrmn;lum;agg;int;atm;col;com;adr;gps;lat;long;dep
9302;201300010267;13;1;8;1715;2;2;1;1.0;7;29;25/27, VAUTRIN (BOULEVAR;;;;60
9303;201300010268;13;1;14;918;1;2;1;1.0;3;29;MERLE (RUE);;;;60
9304;201300010271;13;1;7;918;1;2;1;1.0;3;29;JUIN (AVENUE MARECHAL);;;;60
9305;201300010273;13;1;19;1732;5;2;1;3.0;6;30;104, ROOSEVELT (AVENUE F;;;;60
9306;201300010274;13;1;22;1040;1;2;1;7.0;3;29;MAUBERT (RONT POINT GAL);;;;60
9307;201300010275;13;1;22;1455;1;2;1;1.0;6;29;POESIE (AVENUE PIERRE);;;;60
9308;201300010276;13;1;24;1700;1;2;1;1.0;3;29;BORDE (AVENUE DE LA)(BOC;;;;60
9309;201300010277;13;1;25;1130;1;2;1;1.0;3;29;MIDI (BOULEVARD DU);;;;60
9310;201300010278;13;1;25;1350;1;2;1;1.0;1;29;LEADER (BOULEVARD);;;;60
9311;201300010279;13;1;29;1220;1;2;1;1.0;6;29;QUATORZE JUILLET (RUE DU;;;;60
9312;201300010280;13;2;1;1320;1;2;1;1.0;2;29;CROISETTE (BOULEVARD DE;;;;60
9313;201300010281;13;2;2;1611;1;2;1;3.0;6;29;LACOUR (RUE);;;;60
9314;201300010282;13;2;8;1800;5;2;1;1.0;3;29;COTEAUX (AVENUE DES);;;;60
9315;201300010283;13;2;12;2000;1;2;1;1.0;6;29;ALSACE ( BOULEVARD D');;;;60
9316;201300010284;13;2;13;1340;1;2;1;1.0;7;30;48, CAMPELIERES (CHEMIN;;;;60
9317;201300010285;13;2;16;925;1;2;1;1.0;3;29;329, GRASSE (AVENUE DE);;;;60
9318;201300010287;13;3;3;1720;4;2;1;1.0;7;29;CROISETTE (BOULEVARD DE);;;;60
9319;201300010288;13;3;4;1925;5;2;1;1.0;2;29;PANTIERO (PROMENADE DE L;;;;60
9320;201300010289;13;3;7;1825;2;2;1;3.0;1;30;38, MONTJOLI (AVENUE DU);;;;60
9321;201300010290;13;3;11;1520;1;2;1;1.0;6;29;8, PICAUD (AVENUE DU DOC;;;;60
9322;201300010291;13;3;12;810;1;2;6;1.0;3;29;PERIER (BOULEVARD DU);;;;60
9323;201300010292;13;3;13;700;1;2;1;1.0;3;30;ROOSEVELT (AVENUE FRANKL;;;;60
9324;201300010293;13;3;14;1512;1;2;1;1.0;6;29;19-25, FERRAGE (BOULEVAR;;;;60
9325;201300010294;13;3;16;53;5;2;3;1.0;3;30;FOUR A CHAUX (BD DU);;;;60
9326;201300010295;13;3;21;1536;1;2;1;1.0;2;29;GABRES (PONT DES);;;;60
9327;201300010296;13;3;25;855;1;2;1;1.0;3;29;30, CROISETTE (BOULEVARD;;;;60
9328;201300010297;13;3;27;1655;1;2;1;1.0;6;29;24, CALMETTE (RUE DU DR);;;;60
9329;201300010298;13;4;10;1430;1;2;1;1.0;6;29;CROISETTE (BOULEVARD DE;;;;60
9330;201300010299;13;4;12;820;1;2;1;1.0;1;29;1, STE ANNE (CHEMIN);;;;60
9331;201300010300;13;4;12;1650;1;2;1;1.0;6;29;19, OXFORD (BOULEVARD D';;;;60
9332;201300010301;13;4;13;1610;1;2;3;1.0;6;29;MONTE-CARLO (AVENUE);;;;60
9333;201300010302;13;4;19;1436;1;2;2;1.0;3;29;REPUBLIQUE (BOULEVARD DE;;;;60
9334;201300010303;13;4;22;1320;1;2;1;1.0;2;29;MIDI (BOULEVARD DU);;;;60
9335;201300010304;13;4;23;900;1;2;1;1.0;2;29;BACHAGA SAID BOUALAM (AV;;;;60
9336;201300010305;13;4;29;1240;1;2;1;1.0;6;29;162, GRASSE (AVENUE DE);;;;60
9337;201300010306;13;5;2;945;1;2;1;1.0;3;29;TONNER (AVENUE FRANCIS);;;;60
9338;201300010307;13;5;2;1920;1;2;1;1.0;6;29;10, ANGLAIS (AVENUE DES);;;;60
9339;201300010308;13;5;3;830;1;2;1;1.0;3;29;15, DOZOL (AVENUE ANTHON;;;;60
9340;201300010309;13;5;3;1930;1;2;1;1.0;6;29;GRASSE (AVENUE DE);;;;60
9341;201300010310;13;5;4;550;2;2;1;1.0;3;29;ESTEREL (BOULEVARD DE L';;;;60
9342;201300010311;13;5;4;1400;1;2;1;1.0;3;29;MIDI (BOULEVARD DU);;;;60
9343;201300010312;13;5;12;405;5;2;1;1.0;6;29;MIDI (BOULEVARD DU);;;;60
9344;201300010316;13;5;17;2015;1;2;1;1.0;6;29;PANTIERO (PROMENADE DE L;;;;60
9345;201300010317;13;5;18;505;5;2;1;2.0;1;29;44, CROISETTE (BOULEVARD;;;;60
9346;201300010318;13;5;22;745;1;2;1;1.0;2;30;551, ST JOSEPH (CHEMIN);;;;60
9347;201300010319;13;5;22;950;1;2;1;1.0;3;29;COTEAUX (AVENUE DES);;;;60
9348;201300010320;13;5;22;1058;1;2;1;1.0;6;29;PICAUD (AVENUE DR) BOCCA;;;;60
9349;201300010322;13;5;23;1957;1;2;1;1.0;6;29;15, JOURDAN (AVENUE MICH;;;;60
9350;201300010323;13;5;17;1900;1;2;1;1.0;3;29;AURELIENNE (RUE);;;;60
9351;201300010324;13;5;26;1510;1;2;1;1.0;6;30;14, AUBAREDE (CHEMIN DE;;;;60
9352;201300010325;13;5;28;1610;1;2;1;1.0;6;29;JOURDAN (AVENUE MICHEL);;;;60
9353;201300010326;13;5;29;1116;1;2;1;1.0;6;30;CITE JARDIN (RUE);;;;60
9354;201300010327;13;6;4;1755;1;2;1;1.0;3;30;SADI CARNOT (BOULEVARD);;;;60
9355;201300010328;13;6;7;1712;1;2;1;1.0;3;30;MOULIN (BOULEVARD JEAN);;;;60
9356;201300010329;13;6;10;1055;1;2;1;1.0;3;29;JOURDAN (AVENUE MICHEL);;;;60
9357;201300010330;13;6;13;815;1;2;1;1.0;3;29;00, BACHAGA SAID BOUALAM;;;;60
9358;201300010331;13;6;15;1005;1;2;1;1.0;3;30;CAMPON (RUE;;;;60
9359;201300010332;13;6;7;1115;1;2;1;1.0;6;30;SADI CARNOT (BOULEVARD);;;;60
9360;201300010333;13;6;18;1534;1;2;1;1.0;2;30;11, NOTRE DAME DES ANGES;;;;60
9361;201300010334;13;6;22;1600;1;2;1;1.0;6;29;CARNOT (BOULEVARD);;;;60
9362;201300010335;13;6;23;450;5;2;1;1.0;1;29;55, PETIT JUAS (AVENUE D;;;;60
9363;201300010336;13;6;24;1655;1;2;1;1.0;6;29;73, CROISETTE (BOULEVARD;;;;60
9364;201300010337;13;6;28;210;5;2;1;1.0;1;29;24, MIDI (BOULEVARD DU);;;;60
9365;201300010338;13;6;28;1130;1;2;1;1.0;3;29;PICAUD (AVENUE DU DOCTEU;;;;60
9366;201300010339;13;6;30;1915;1;2;1;1.0;3;29;BORDE (AVENUE DE LA)(BOC;;;;60
9367;201300010340;13;7;2;2100;2;2;1;1.0;3;30;CAMPON (RUE;;;;60
9368;201300010341;13;7;5;1425;1;2;1;1.0;3;29;26, MIDI (BOULEVARD DU);;;;60
9369;201300010342;13;7;7;2340;5;2;1;1.0;6;29;JUIN (AVENUE MARECHAL);;;;60
9370;201300010343;13;7;9;1310;1;2;1;1.0;3;29;TONNER (AVENUE FRANCIS);;;;60
9371;201300010344;13;7;9;1620;1;2;1;1.0;3;29;RIOU (BOULEVARD DU);;;;60
9372;201300010345;13;7;12;905;1;2;1;1.0;3;29;NEGRIN (BOULEVARD);;;;60
9373;201300010346;13;7;13;1430;1;2;1;1.0;6;29;272, JOURDAN (AVENUE MIC;;;;60
9374;201300010347;13;7;22;1039;1;2;1;1.0;6;29;16, VIDAL (RUE DU COMMAN;;;;60
9375;201300010348;13;7;25;1455;1;2;1;1.0;2;29;COUBERTIN (AVENUE PIERRE;;;;60
9376;201300010349;13;7;26;1800;1;2;1;1.0;3;29;30 34, GAZAGNAIRE (BL EU;;;;60
9377;201300010350;13;7;30;1800;1;2;1;1.0;6;29;14, VALLOMBROSA (BOULEBA;;;;60
9378;201300010351;13;7;31;1100;1;2;1;1.0;6;29;14, MIDI (BOULEVARD DU);;;;60
9379;201300010352;13;8;3;1759;1;2;1;1.0;6;29;00, LEADER (BOULEVARD);;;;60
9380;201300010354;13;8;7;518;2;2;1;1.0;3;29;STRASBOURG (BOULEVARD DE;;;;60
9381;201300010356;13;8;10;745;1;2;1;1.0;6;29;GAZAGNAIRE (RUE DU DR);;;;60
9382;201300010357;13;8;10;1000;1;2;1;1.0;6;29;QUATORZE JUILLET (RUE DU;;;;60
9383;201300010358;13;8;16;1000;1;2;3;1.0;5;29;GRASSE (AVENUE DE);;;;60
9384;201300010359;13;8;19;1420;1;2;1;1.0;6;30;34, ROOSEVELT (AVENUE FR;;;;60
9385;201300010361;13;8;23;652;1;2;1;1.0;7;29;62, BROUSSAILLES (AVENUE;;;;60
9386;201300010362;13;8;23;1331;1;2;1;1.0;6;29;07, HOCHE (RUE);;;;60
9387;201300010364;13;8;27;1500;1;2;1;1.0;3;30;33, FADES (CHEMIN DES);;;;60
9388;201300010365;13;8;28;1830;1;2;1;1.0;6;29;RIOU (BOULEVARD DU);;;;60
9389;201300010366;13;8;31;1210;1;2;1;1.0;7;29;131, GRASSE (AVENUE DE);;;;60
9390;201300010367;13;9;1;103;5;2;1;1.0;1;29;JUIN (AVENUE MARECHAL);;;;60
9391;201300010368;13;9;7;1850;1;2;1;1.0;6;29;7-9, BENEFIAT (AVENUE DE;;;;60
9392;201300010369;13;9;10;1930;1;2;1;1.0;6;29;58, CROISETTE (BOULEVARD;;;;60
9393;201300010370;13;9;12;1655;1;2;1;1.0;3;29;00, MIDI (BOULEVARD DU);;;;60
9394;201300010372;13;9;15;500;5;2;1;1.0;6;29;MIDI (BOULEVARD DU);;;;60
9395;201300010373;13;9;18;830;1;2;1;1.0;6;29;175, JOURDAN (AVENUE MIC;;;;60
9396;201300010374;13;9;18;1815;1;2;1;1.0;6;29;RIVAGE (BOULEVARD DU);;;;60
9397;201300010375;13;9;16;1040;1;2;1;1.0;3;30;ECOLES (RUE DES);;;;60
9398;201300010376;13;9;19;1033;1;2;1;1.0;6;29;CLEMENCEAU (RUE GEORGES);;;;60
9399;201300010377;13;9;24;1710;1;2;1;1.0;6;30;ROOSEVELT (AVENUE FRANKL;;;;60
9400;201300010378;13;9;26;1235;1;2;1;1.0;6;29;12, BLANC (RUE LOUIS);;;;60
9401;201300010379;13;9;26;1300;1;2;1;1.0;3;29;COUBERTIN (AVENUE PIERRE;;;;60
9402;201300010380;13;9;25;1004;1;2;1;1.0;3;30;31, FADES (CHEMIN DES);;;;60
9403;201300010381;13;10;1;1004;1;2;1;1.0;3;29;MIDI (BOULEVARD DU);;;;60
9404;201300010382;13;10;1;705;1;2;1;1.0;1;29;MIDI (BOULEVARD DU);;;;60
9405;201300010383;13;10;2;811;1;2;1;1.0;6;29;STRASBOURG (BOULEVARD DE;;;;60
9406;201300010384;13;10;6;1005;1;2;1;2.0;2;29;COUBERTIN (AVENUE PIERRE;;;;60
9407;201300010385;13;10;12;2220;5;2;3;1.0;3;29;MIDI (BOULEVARD DU);;;;60
9408;201300010386;13;10;16;631;1;2;1;1.0;3;29;MISTRAL (RUE);;;;60
9409;201300010387;13;10;21;920;1;2;1;1.0;6;29;63, CROISETTE (BOULEVARD;;;;60
9410;201300010388;13;10;24;2026;1;2;1;1.0;6;30;ROOSEVELT (AVENUE FRANKL;;;;60
9411;201300010389;13;10;26;1223;1;2;1;1.0;4;29;41, ALEXANDRE III (BOULE;;;;60
9412;201300010390;13;10;30;1420;1;2;2;1.0;6;29;MERLE (RUE);;;;60
9413;201300010391;13;11;4;1220;1;2;1;2.0;3;29;MIDI (BOULEVARD DU);;;;60
9414;201300010392;13;11;7;1840;1;2;1;1.0;6;29;CARNOT (BOULEVARD);;;;60
9415;201300010393;13;11;7;1426;1;2;1;1.0;6;30;GRANDE BRETAGNE (ROND PO;;;;60
9416;201300010395;13;11;10;1555;1;2;1;1.0;3;30;84, DOUMER (BOULEVARD PA;;;;60
9417;201300010396;13;11;15;1900;5;2;1;1.0;3;30;DOUMER (BOULEVARD PAUL);;;;60
9418;201300010397;13;11;24;1115;1;2;1;1.0;6;29;BROUSSAILLES (AVENUE DES;;;;60
9419;201300010398;13;11;24;1650;1;2;1;1.0;6;29;PANTIERO (PROMENADE DE L;;;;60
9420;201300010400;13;11;29;1216;1;2;1;1.0;6;29;13, VALLOMBROSA (BOULEBA;;;;60
9421;201300010401;13;12;13;1030;1;2;1;1.0;3;29;JOURDAN (AVENUE MICHEL);;;;60
9422;201300010402;13;12;19;1915;5;2;1;3.0;6;29;JOURDAN (AVENUE MICHEL);;;;60
9423;201300010403;13;12;23;1420;1;2;1;1.0;2;30;17, COLOMBIER (CHEMIN DU;;;;60
9424;201300010405;13;12;29;1840;5;2;1;2.0;6;29;JUIN (AVENUE MARECHAL);;;;60
9425;201300010406;13;1;2;1415;1;2;1;1.0;7;69;35, MARIGARDE (ROUTE DE;;;;60
9426;201300010407;13;1;2;1640;1;2;1;1.0;3;69;137, PLAN (ROUTE DU) -D3;;;;60
9427;201300010408;13;1;8;1630;1;2;1;1.0;1;69;13, BLUMENTHAL (CHEMIN D;;;;60
9428;201300010409;13;1;10;225;5;2;1;1.0;7;69;132, ROUQUIER (BOULEVARD;;;;60
9429;201300010410;13;1;10;1600;1;2;1;1.0;1;69;108, TOURACHE (CHEMIN DE;;;;60
9430;201300010411;13;1;11;1630;1;2;1;1.0;6;69;x, DAUDET (AVENUE ALPHON;;;;60
9431;201300010412;13;1;14;915;1;2;1;1.0;7;69;107, PLAN (ROUTE DU) -D3;;;;60
9432;201300010414;13;1;15;800;1;2;1;2.0;7;69;/, SAINT EXUPERY (AVENUE;;;;60
9433;201300010415;13;1;16;1520;1;2;6;1.0;3;69;x, CRESP (COURS HONORE);;;;60
9434;201300010416;13;1;16;1655;1;2;1;1.0;1;69;19, CROUET (BOULEVARD JA;;;;60
9435;201300010417;13;1;17;755;2;2;3;1.0;3;69;x, DE GAULLE (AVENUE DU;;;;60
9436;201300010419;13;1;19;1400;1;1;1;1.0;3;69;/, MARIGARDE (ROUTE DE L;;;;60
9437;201300010420;13;1;21;1520;1;2;1;1.0;6;69;x, CHIRIS (BOULEVARD EMI;;;;60
9438;201300010421;13;1;22;1825;2;2;1;2.0;1;69;x, DRAGUIGNAN (ROUTE DE);;;;60
9439;201300010423;13;1;25;1840;2;2;1;1.0;1;69;116, CANNES (ROUTE DE);;;;60
9440;201300010424;13;1;30;1005;1;2;1;1.0;2;69;6, CARNOT (BOULEVARD ET;;;;60
9441;201300010426;13;1;31;2110;5;2;1;1.0;6;69;10, FRAGONARD (BOULEVARD;;;;60
9442;201300010427;13;2;9;1130;1;2;1;1.0;6;69;x, CANNES (ROUTE DE)  -R;;;;60
9443;201300010428;13;2;11;2225;5;2;1;1.0;1;69;82, POMPIDOU (AVENUE GEO;;;;60
9444;201300010429;13;2;11;830;1;2;1;1.0;7;69;ROUQUIER (BOULEVARD EMMA;;;;60
9445;201300010430;13;2;12;850;1;2;1;1.0;7;69;109, PLASCASSIER (route;;;;60
9446;201300010433;13;2;13;835;1;2;6;1.0;6;69;31, LIBERATION (AVENUE D;;;;60
9447;201300010434;13;2;15;2030;5;2;3;1.0;3;69;/, CROISSET (AVENUE FR.;;;;60
9448;201300010435;13;2;20;1645;1;2;1;1.0;2;69;5, AUTRANT (BOULEVARD DU;;;;60
9449;201300010436;13;2;22;1040;1;2;1;1.0;4;69;/, GAMBETTA (BOULEVARD E;;;;60
9450;201300010437;13;2;23;1250;1;2;1;1.0;6;69;x, SEMARD (AVENUE PIERRE;;;;60
9451;201300010438;13;2;23;2020;5;2;1;1.0;1;69;/, PEGOMAS (ROUTE DE);;;;60
9452;201300010439;13;2;25;700;2;2;1;8.0;2;69;83, ROUQUIER (BOULEVARD;;;;60
9453;201300010440;13;2;25;710;5;1;1;8.0;5;69;/, MISTRAL (AVENUE ET PL;;;;60
9454;201300010441;13;2;25;730;2;2;1;8.0;7;69;x, MADELEINE;;;;60
9455;201300010442;13;2;28;905;1;2;1;1.0;1;69;204, AURIBEAU (ROUTE D');;;;60
9456;201300010443;13;3;2;1740;2;2;1;1.0;7;69;10, RAYBAUD (AVENUE FELI;;;;60
9457;201300010444;13;3;3;1950;2;2;1;1.0;7;69;15, LIBERATION (AVENUE D;;;;60
9458;201300010445;13;3;5;850;1;2;1;2.0;1;69;62, CHENES (CHEMIN DES);;;;60
9459;201300010446;13;3;7;1000;1;2;6;8.0;5;69;50, CANNES (ROUTE DE)  -;;;;60
9460;201300010447;13;3;9;1930;5;2;1;1.0;6;69;5, SEMARD (AVENUE PIERRE;;;;60
9461;201300010448;13;3;11;800;1;2;3;1.0;3;69;/, ROUQUIER (BOULEVARD E;;;;60
9462;201300010449;13;3;12;1405;1;2;1;3.0;7;69;x, KENNEDY (BOULEVARD DU;;;;60
9463;201300010450;13;3;20;1200;1;2;1;1.0;2;69;x, MISTRAL (AVENUE ET PL;;;;60
9464;201300010451;13;3;21;1820;2;2;1;1.0;3;69;15, ZILLER (AVENUE PIERR;;;;60
9465;201300010452;13;3;24;715;2;2;1;1.0;6;69;222, DRAGUIGNAN (ROUTE D;;;;60
9466;201300010453;13;3;26;800;1;2;1;1.0;2;69;152, BASSES MOULIERES (C;;;;60
9467;201300010455;13;3;26;2315;5;2;1;1.0;3;69;94, DE LATTRE DE TASSIGN;;;;60
9468;201300010457;13;3;30;1530;1;2;1;1.0;6;69;34, MOUANS (ROUTE DE);;;;60
9469;201300010458;13;4;4;1520;1;2;1;2.0;1;69;/, PLASCASSIER - MOULIN;;;;60
9470;201300010459;13;4;6;950;1;2;1;1.0;6;69;x, MARIGARDE (ROUTE DE L;;;;60
9471;201300010460;13;4;8;1640;1;2;1;1.0;3;69;132, MOULIN DE BRUN (CHE;;;;60
9472;201300010461;13;4;12;1720;1;2;1;1.0;3;69;117, CANNES (ROUTE DE);;;;60
9473;201300010462;13;4;13;1750;1;2;1;1.0;3;69;/, MISTRAL (AVENUE ET PL;;;;60
9474;201300010463;13;4;14;1055;1;2;1;1.0;3;69;11, SIDI BRAHIM (AVENUE);;;;60
9475;201300010464;13;4;16;930;1;2;1;1.0;6;69;12, PAOUTE (ROUTE ET TRA;;;;60
9476;201300010465;13;4;16;1130;1;2;1;1.0;4;69;x, SIDI BRAHIM (AVENUE);;;;60
9477;201300010466;13;4;19;1120;1;2;1;1.0;6;69;150, SAINT EXUPERY (AVEN;;;;60
9478;201300010467;13;4;19;1345;1;2;1;1.0;7;69;x, SEMARD (AVENUE PIERRE;;;;60
9479;201300010468;13;4;23;1205;1;2;1;1.0;3;69;x, PAGNOL (BOULEVARD MAR;;;;60
9480;201300010469;13;4;25;945;1;2;1;1.0;6;69;137, SAINT MATHIEU (ROUT;;;;60
9481;201300010470;13;4;27;1220;1;2;1;1.0;3;69;140, PLAN (ROUTE DU) -D3;;;;60
9482;201300010472;13;4;27;2345;5;2;1;1.0;6;69;107, DRAGUIGNAN (ROUTE D;;;;60
9483;201300010473;13;4;30;1715;1;2;1;1.0;2;69;104, MISTRAL (AVENUE ET;;;;60
9484;201300010474;13;5;1;740;1;2;1;1.0;6;69;178, DRAGUIGNAN (ROUTE D;;;;60
9485;201300010475;13;5;7;900;1;2;1;1.0;2;69;3, TASSIGNY (AVENUE DELA;;;;60
9486;201300010476;13;5;7;1600;1;2;1;1.0;7;69;44, SCHLEY (BOULEVARD);;;;60
9487;201300010477;13;5;8;645;2;2;1;1.0;7;69;89, CANNES (ROUTE DE)  -;;;;60
9488;201300010478;13;5;10;1635;1;2;1;1.0;2;69;109, CANNES (ROUTE DE);;;;60
9489;201300010480;13;5;13;1115;1;2;1;1.0;1;69;3, HUIT MAI 1945 (RUE DU;;;;60
9490;201300010481;13;5;21;2025;2;2;1;1.0;2;69;61, DRAGUIGNAN (ROUTE DE;;;;60
9491;201300010482;13;5;24;900;1;2;1;1.0;3;69;146, PLAN (ROUTE DU) -D3;;;;60
9492;201300010483;13;5;29;1050;1;2;1;1.0;6;69;x, CHASSEURS ALPINS (RON;;;;60
9493;201300010484;13;5;31;1845;1;2;1;1.0;7;69;13, BELLETRUD (BOULEVARD;;;;60
9494;201300010485;13;5;31;2050;2;2;1;1.0;6;69;54, MARIGARDE (ROUTE DE;;;;60
9495;201300010486;13;6;1;940;1;2;1;1.0;3;69;x, CANNES (ROUTE DE)  -R;;;;60
9496;201300010487;13;6;2;1500;1;2;1;1.0;7;69;x, NAPOLEON (ROUTE);;;;60
9497;201300010489;13;6;2;2000;1;2;1;1.0;7;69;116, ORME (CHEMIN DE L');;;;60
9498;201300010490;13;6;4;1715;1;2;1;1.0;7;69;10, SAINTE MARGUERITE (C;;;;60
9499;201300010491;13;6;6;1910;1;2;1;1.0;1;69;25, PAOUTE (ROUTE ET TRA;;;;60
9500;201300010493;13;6;11;1550;1;2;1;1.0;3;69;X, Route de PLASCASSIER;;;;60
9501;201300010494;13;6;11;1705;1;2;1;1.0;4;69;X, VALBONNE (ROUTE);;;;60
9502;201300010495;13;6;12;755;1;2;1;1.0;3;69;113, SAINT FRANCOIS (PLA;;;;60
9503;201300010496;13;6;13;850;1;2;1;1.0;2;69;179, RENOIR (AVENUE AUGU;;;;60
9504;201300010497;13;6;13;1715;1;2;1;1.0;6;69;352, PLASCASSIER (route;;;;60
9505;201300010498;13;6;18;800;1;2;1;1.0;3;69;10, PLAN (ROUTE DU) -D30;;;;60
9506;201300010499;13;6;18;855;1;2;1;1.0;3;69;49, PEGOMAS (ROUTE DE);;;;60
9507;201300010501;13;6;21;1145;1;2;1;1.0;7;69;x, NAPOLEON (ROUTE);;;;60
9508;201300010502;13;6;21;1335;1;2;6;1.0;3;69;x, CAPUCINS (CHEMIN ET I;;;;60
9509;201300010503;13;6;23;1540;1;2;1;1.0;7;69;2, GRAND CASTELLAS (AVEN;;;;60
9510;201300010504;13;6;24;1520;1;2;1;1.0;6;69;26, VICTORIA (AVENUE ET;;;;60
9511;201300010506;13;6;27;1800;1;2;1;1.0;2;69;x, P?n?trante;;;;60
9512;201300010507;13;6;28;1523;1;2;1;1.0;3;69;158, CANNES (ROUTE DE);;;;60
9513;201300010508;13;6;28;1640;1;2;1;1.0;2;69;4, CHENES (CHEMIN DES);;;;60
9514;201300010509;13;6;29;1515;1;2;1;1.0;3;69;119, ZILLER (AVENUE PIER;;;;60
9515;201300010510;13;7;6;1443;1;2;1;1.0;7;69;35, DRAGUIGNAN (ROUTE DE;;;;60
9516;201300010511;13;7;6;2120;1;1;1;1.0;7;69;313, PEGOMAS (ROUTE DE);;;;60
9517;201300010512;13;7;10;1400;1;2;1;1.0;3;69;60, POMPIDOU (AVENUE GEO;;;;60
9518;201300010513;13;7;11;1330;1;2;1;1.0;3;69;140, SIDI BRAHIM (AVENUE;;;;60
9519;201300010514;13;7;12;1320;1;2;1;1.0;2;69;5, PEGOMAS (ROUTE DE);;;;60
9520;201300010515;13;7;12;1545;1;2;1;1.0;1;69;x, CAPUCINS (CHEMIN ET I;;;;60
9521;201300010516;13;7;12;2000;1;2;1;1.0;6;69;X, CANNES (ROUTE DE)   R;;;;60
9522;201300010517;13;7;13;1730;1;2;1;1.0;6;69;77, VICTOR HUGO  (BD);;;;60
9523;201300010518;13;7;15;800;1;2;1;1.0;3;69;x, SAINT EXUPERY (AVENUE;;;;60
9524;201300010519;13;7;15;1755;1;2;1;1.0;2;69;318, CANNES (ROUTE DE);;;;60
9525;201300010520;13;7;16;1315;1;2;1;1.0;1;69;X, DUVAL (AVENUE MATHIAS;;;;60
9526;201300010521;13;7;17;1955;1;2;1;1.0;3;69;25, ROUQUIER (BOULEVARD;;;;60
9527;201300010523;13;7;19;1200;1;2;1;1.0;6;69;x, MONTMAYAN (CHEMIN);;;;60
9528;201300010524;13;7;19;1845;1;2;1;1.0;7;69;x, MARIGARDE (ROUTE DE L;;;;60
9529;201300010526;13;7;20;1500;1;2;1;1.0;6;69;24, DUVAL (AVENUE MATHIA;;;;60
9530;201300010527;13;7;22;1320;1;2;1;1.0;3;69;199, RENOIR (AVENUE AUGU;;;;60
9531;201300010530;13;8;4;1550;1;2;1;1.0;7;69;x, SAINT MATHIEU (ROUTE;;;;60
9532;201300010531;13;8;5;1200;1;2;1;1.0;6;69;x, LIBERATION (AVENUE DE;;;;60
9533;201300010532;13;8;6;845;1;2;1;1.0;7;69;1, TASSIGNY (AVENUE DELA;;;;60
9534;201300010533;13;8;7;930;1;2;1;1.0;2;69;x, CAMP DE LA BESSE (CHE;;;;60
9535;201300010534;13;8;7;1930;1;2;1;1.0;4;69;13, POMPIDOU (AVENUE GEO;;;;60
9536;201300010535;13;8;6;855;1;2;1;1.0;7;69;46, SAINT JEAN (CHEMIN,;;;;60
9537;201300010536;13;8;8;946;1;2;1;1.0;7;69;x, GRAND CHENE (CHEMIN D;;;;60
9538;201300010537;13;8;8;1025;1;2;1;1.0;6;69;3, SIDI BRAHIM (AVENUE E;;;;60
9539;201300010538;13;8;10;2340;5;2;1;1.0;6;69;x, NAPOLEON (ROUTE);;;;60
9540;201300010539;13;8;11;1935;1;2;1;1.0;7;69;x, SEMARD (AVENUE PIERRE;;;;60
9541;201300010540;13;8;12;1430;1;2;1;1.0;7;69;169, CERCLE (CHEMIN DU);;;;60
9542;201300010541;13;8;14;830;1;2;1;1.0;4;69;x, JEU DE BALLON (BOULEV;;;;60
9543;201300010543;13;8;17;1430;1;2;1;1.0;4;69;x, CHENES (CHEMIN DES);;;;60
9544;201300010544;13;8;22;1130;1;2;1;1.0;4;69;117, CANNES (ROUTE DE);;;;60
9545;201300010545;13;8;23;140;5;2;1;1.0;7;69;77, VICTOR HUGO  (BD);;;;60
9546;201300010547;13;8;26;1820;1;2;3;1.0;3;69;89, ROUQUIER (BOULEVARD;;;;60
9547;201300010548;13;8;27;1000;1;2;1;1.0;3;69;78, CANNES (ROUTE DE)  -;;;;60
9548;201300010549;13;8;28;1525;1;2;1;1.0;2;69;11, RIOU BLANQUET (AVENU;;;;60
9549;201300010550;13;8;28;1615;1;2;1;1.0;7;69;x, NAPOLEON (ROUTE);;;;60
9550;201300010551;13;8;29;1200;1;2;1;1.0;2;69;45, ORME (CHEMIN DE L');;;;60
9551;201300010552;13;8;30;1450;1;2;2;1.0;5;69;x, SAINT EXUPERY (AVENUE;;;;60
9552;201300010553;13;8;30;1850;1;2;1;1.0;1;69;10-12, LIONS (AVENUE HON;;;;60
9553;201300010554;13;9;3;1900;1;2;2;1.0;3;69;x, COMTESSES (CHEMIN ET;;;;60
9554;201300010556;13;9;5;905;1;2;1;1.0;1;69;8, DUVAL (AVENUE MATHIAS;;;;60
9555;201300010557;13;9;5;1250;1;2;1;1.0;6;69;15, THIERS (AVENUE);;;;60
9556;201300010558;13;9;5;1320;1;2;1;1.0;4;69;x, ROUQUIER (BOULEVARD E;;;;60
9557;201300010559;13;9;5;1815;1;2;1;1.0;7;69;25, COLLET DE SAINT MARC;;;;60
9558;201300010560;13;9;5;2115;2;2;1;1.0;2;69;X, ROUQUIER (BOULEVARD E;;;;60
9559;201300010561;13;9;6;1650;1;2;1;1.0;6;69;29, DE LATTRE DE TASSIGN;;;;60
9560;201300010562;13;9;12;1830;1;2;1;1.0;3;69;x, PEGOMAS (ROUTE DE);;;;60
9561;201300010563;13;9;14;1110;1;2;1;1.0;7;69;89, ROUQUIER (BOULEVARD;;;;60
9562;201300010564;13;9;14;1115;1;2;1;1.0;2;69;89, ROUQUIER (BOULEVARD;;;;60
9563;201300010565;13;9;14;1850;1;2;1;1.0;6;69;93, MISTRAL (AVENUE ET P;;;;60
9564;201300010566;13;9;15;940;1;2;1;1.0;7;69;56, DE LATTRE DE TASSIGN;;;;60
9565;201300010567;13;9;17;1100;1;2;1;1.0;6;69;96, POMPIDOU (AVENUE GEO;;;;60
9566;201300010568;13;9;17;1850;1;2;1;1.0;2;69;x, PROVENCE (AVENUE DE);;;;60
9567;201300010569;13;9;18;1745;1;2;1;1.0;1;69;55, PROVENCE (AVENUE DE);;;;60
9568;201300010571;13;9;20;1855;1;2;1;1.0;2;69;27, THIERS (AVENUE);;;;60
9569;201300010573;13;9;24;840;1;2;1;1.0;7;69;50, CROISSET (AVENUE FR.;;;;60
9570;201300010574;13;9;24;1755;1;2;1;7.0;6;69;9, MISTRAL (AVENUE ET PL;;;;60
9571;201300010575;13;9;25;2040;2;2;1;1.0;6;69;3, BAUDOIN (AVENUE YVES;;;;60
9572;201300010576;13;9;25;755;1;2;1;1.0;3;69;105, MISTRAL (AVENUE ET;;;;60
9573;201300010577;13;9;25;815;1;2;1;1.0;3;69;34, CAVALERIE (CHEMIN ET;;;;60
9574;201300010578;13;9;25;1055;1;2;1;1.0;7;69;x, CARNOT (BOULEVARD ET;;;;60
9575;201300010579;13;9;25;1350;1;2;1;1.0;5;69;270, CANNES (ROUTE DE);;;;60
9576;201300010580;13;9;25;1450;1;2;1;1.0;3;69;66, POMPIDOU (AVENUE GEO;;;;60
9577;201300010581;13;9;26;845;1;2;1;1.0;6;69;18, VICTOR HUGO  (BD);;;;60