;Num_Acc;an;mois;jour;hrmn;lum;agg;int;atm;col;com;adr;gps;lat;long;dep
9578;201300010582;13;9;26;1705;1;2;1;1.0;7;69;5, SAINT EXUPERY (AVENUE;;;;60
9579;201300010583;13;9;29;1500;1;2;1;3.0;6;69;x, DRAGUIGNAN (ROUTE DE);;;;60
9580;201300010584;13;10;1;1125;1;2;1;1.0;1;69;3, DE GAULLE (AVENUE DU;;;;60
9581;201300010585;13;10;3;1330;1;2;6;1.0;3;69;x, LECLERC (BOULEVARD DU;;;;60
9582;201300010586;13;10;4;1625;1;2;1;1.0;7;69;x, AURIBEAU (ROUTE D') -;;;;60
9583;201300010587;13;10;4;1645;1;2;1;1.0;3;69;57, ORME (CHEMIN DE L');;;;60
9584;201300010588;13;10;7;815;1;2;1;1.0;3;69;x, LIBERATION (AVENUE DE;;;;60
9585;201300010589;13;10;8;1340;1;2;1;1.0;3;69;40, MISTRAL (AVENUE ET P;;;;60
9586;201300010590;13;10;9;1115;1;2;1;1.0;6;69;3, MOUANS (ROUTE DE);;;;60
9587;201300010591;13;10;9;1250;1;2;1;1.0;3;69;70, ORME (CHEMIN DE L');;;;60
9588;201300010592;13;10;10;1520;1;2;1;1.0;3;69;134, CANNES (ROUTE DE);;;;60
9589;201300010593;13;10;14;2030;5;2;1;1.0;3;69;22, PROVENCE (AVENUE DE);;;;60
9590;201300010594;13;10;21;855;1;2;1;1.0;2;69;x, PEGOMAS (ROUTE DE);;;;60
9591;201300010595;13;10;21;1450;1;2;1;1.0;3;69;59, ORME (CHEMIN DE L');;;;60
9592;201300010596;13;10;22;1337;1;2;1;1.0;7;69;22, MOULIN DE BRUN (CHEM;;;;60
9593;201300010598;13;10;22;1945;5;2;1;1.0;7;69;x, ROUQUIER (BOULEVARD E;;;;60
9594;201300010599;13;10;23;1930;2;2;1;2.0;3;69;x, DRAGUIGNAN (ROUTE DE);;;;60
9595;201300010600;13;10;24;915;1;2;1;1.0;7;69;x, NAPOLEON (ROUTE);;;;60
9596;201300010601;13;10;27;1820;2;2;1;1.0;7;69;x, TOURACHE (CHEMIN DE L;;;;60
9597;201300010602;13;10;28;1235;1;2;1;1.0;6;69;1, DE LATTRE DE TASSIGNY;;;;60
9598;201300010603;13;10;29;1005;1;2;1;2.0;7;69;50, CANNES (ROUTE DE)  -;;;;60
9599;201300010604;13;10;30;1935;3;2;1;2.0;1;69;X, DRAGUIGNAN (ROUTE DE);;;;60
9600;201300010605;13;11;2;130;5;2;1;1.0;6;69;x, CANNES (ROUTE DE)  -R;;;;60
9601;201300010606;13;11;3;1645;1;2;4;1.0;3;69;16, VICTORIA (AVENUE ET;;;;60
9602;201300010607;13;11;3;1750;2;2;1;6.0;2;69;72, BELLETRUD (BOULEVARD;;;;60
9603;201300010608;13;11;6;1540;1;2;1;7.0;6;69;3, DE GAULLE (AVENUE DU;;;;60
9604;201300010611;13;11;10;1205;1;2;1;1.0;7;69;126, PLASCASSIER (route;;;;60
9605;201300010612;13;11;15;900;1;2;1;2.0;4;69;x, MARIGARDE (ROUTE DE L;;;;60
9606;201300010613;13;11;18;1725;5;2;1;2.0;6;69;117, CANNES (ROUTE DE);;;;60
9607;201300010614;13;11;19;1545;1;2;6;2.0;3;69;50, CANNES (ROUTE DE);;;;60
9608;201300010615;13;11;20;1210;1;2;3;1.0;3;69;x, CANNES (ROUTE DE)  -R;;;;60
9609;201300010616;13;11;22;1230;1;2;1;8.0;3;69;25, ROUQUIER (BOULEVARD;;;;60
9610;201300010617;13;11;25;1110;1;2;1;1.0;2;69;309, CANNES (ROUTE DE);;;;60
9611;201300010618;13;11;27;800;1;2;1;1.0;2;69;20, SAINTE LORETTE (AVEN;;;;60
9612;201300010619;13;11;27;950;1;2;1;1.0;6;69;122, CANNES (ROUTE DE);;;;60
9613;201300010620;13;11;27;1650;1;2;1;1.0;2;69;3, BAUDOIN (AVENUE YVES;;;;60
9614;201300010621;13;11;28;1107;1;1;1;1.0;5;69;x, CARIGNANT (CHEMIN DU);;;;60
9615;201300010622;13;11;28;1240;1;2;1;1.0;2;69;x, PEGOMAS (ROUTE DE);;;;60
9616;201300010623;13;11;28;1755;5;2;1;1.0;1;69;270, CANNES (ROUTE DE);;;;60
9617;201300010624;13;11;29;755;2;2;1;1.0;6;69;x, SIDI BRAHIM (AVENUE);;;;60
9618;201300010625;13;11;29;2325;5;2;1;1.0;5;69;X, DRAGUIGNAN (ROUTE DE);;;;60
9619;201300010627;13;11;30;1805;2;2;1;1.0;2;69;45, MISTRAL (AVENUE ET P;;;;60
9620;201300010628;13;12;7;1125;1;2;1;1.0;6;69;57, PAGNOL (BOULEVARD MA;;;;60
9621;201300010629;13;12;7;1300;1;2;1;1.0;3;69;47, DUVAL (AVENUE MATHIA;;;;60
9622;201300010630;13;12;12;800;1;2;1;1.0;7;69;18, SAINT LAURENT (AVENU;;;;60
9623;201300010631;13;12;12;1440;1;2;1;1.0;6;69;158, CANNES (ROUTE DE);;;;60
9624;201300010632;13;12;12;1620;1;2;1;7.0;6;69;23, CANTEPERDRIX (CHEMIN;;;;60
9625;201300010633;13;12;13;1400;1;2;1;1.0;7;69;192, PEGOMAS (ROUTE DE);;;;60
9626;201300010634;13;12;15;1410;1;2;1;1.0;3;69;33, LIBERATION (AVENUE D;;;;60
9627;201300010635;13;12;16;1015;1;2;1;7.0;6;69;25, PAOUTE (ROUTE ET TRA;;;;60
9628;201300010636;13;12;19;950;1;2;1;2.0;5;69;x, DRAGUIGNAN (ROUTE DE);;;;60
9629;201300010637;13;12;19;1615;1;2;1;2.0;7;69;70, PASTEUR (BOULEVARD);;;;60
9630;201300010639;13;12;22;1330;1;2;1;2.0;5;69;x, DRAGUIGNAN (ROUTE DE);;;;60
9631;201300010640;13;12;23;515;5;2;1;1.0;7;69;65, DRAGUIGNAN (ROUTE DE;;;;60
9632;201300010641;13;12;28;2110;3;1;1;1.0;6;69;x, NAPOLEON (ROUTE);;;;60
9633;201300010642;13;12;30;1135;1;2;1;1.0;3;69;24, GRAND CHENE (CHEMIN;;;;60
9634;201300010643;13;1;8;1845;5;2;1;1.0;6;83;649, SOLEIL (PROMENADE D;;;;60
9635;201300010644;13;1;9;1850;5;2;3;1.0;3;83;5, FAURE (AVENUE FELIX);;;;60
9636;201300010645;13;12;14;1620;2;2;4;1.0;1;104;2, KENNEDY (AVENUE PRESI;;;;60
9637;201300010646;13;1;18;700;2;2;1;1.0;3;104;7, FRANCE (AVENUE DE);;;;60
9638;201300010647;13;1;17;1930;3;2;1;1.0;3;104;0, AGERBOL (AVENUE D');;;;60
9639;201300010648;13;1;29;1515;1;2;1;1.0;6;83;96, ALLIES (AVENUE DES);;;;60
9640;201300010649;13;1;31;1520;1;2;3;1.0;2;12;0, AGERBOL (AVENUE D');;;;60
9641;201300010650;13;2;8;1140;1;2;1;1.0;3;83;1292, SOLEIL (PROMENADE;;;;60
9642;201300010651;13;3;1;1953;5;2;3;1.0;6;83;1, COTY (COURS RENE, SEN;;;;60
9643;201300010652;13;3;21;1705;1;2;1;1.0;6;104;392, PLAGE (AVENUE DE LA;;;;60
9644;201300010653;13;3;29;1100;1;1;3;1.0;7;104;1400, SERRET (AVENUE DU);;;;60
9645;201300010655;13;4;14;530;5;2;1;1.0;1;12;14, CENTRE (BRETELLE DU);;;;60
9646;201300010656;13;4;16;1115;1;2;1;1.0;3;83;7, LOUVRE (RUE DU);;;;60
9647;201300010657;13;4;28;2220;5;2;3;8.0;3;83;18, BOYER (AVENUE);;;;60
9648;201300010658;13;4;11;655;2;2;1;1.0;3;104;171, PASTEUR (AVENUE, N?;;;;60
9649;201300010659;13;5;10;1045;1;2;1;1.0;6;104;37, HANOTEAUX (AVENUE GA;;;;60
9650;201300010660;13;5;12;1315;1;2;1;1.0;7;83;BOSANO (RUE LIEUTENANT);;;;60
9651;201300010661;13;5;4;1945;2;2;1;1.0;6;104;HANOTEAUX (AVENUE GABRIE;;;;60
9652;201300010662;13;5;5;1825;1;2;3;1.0;3;83;DE GAULLE (AVENUE GENERA;;;;60
9653;201300010663;13;5;6;1440;1;2;1;1.0;3;104;36, FRANCE (AVENUE DE);;;;60
9654;201300010664;13;5;6;1000;1;2;3;1.0;3;83;400, CENTENAIRE (COURS D;;;;60
9655;201300010665;13;5;9;4;5;2;2;1.0;3;83;SOLEIL (PROMENADE DU, N?;;;;60
9656;201300010666;13;5;11;1045;1;2;1;1.0;6;83;11, FRANCE (AVENUE PORTE;;;;60
9657;201300010668;13;5;21;1815;1;2;1;1.0;3;83;8, MAGENTA (RUE, N? 5 ET;;;;60
9658;201300010669;13;5;22;445;2;2;1;1.0;6;104;23, FRANCE (AVENUE DE);;;;60
9659;201300010670;13;5;22;1730;1;2;1;2.0;3;104;23, FRANCE (AVENUE DE);;;;60
9660;201300010671;13;5;24;1055;1;2;3;1.0;6;83;10, REPUBLIQUE (RUE DE L;;;;60
9661;201300010672;13;5;31;1340;1;2;1;1.0;6;104;63 bis, SCHUMANN (PROMEN;;;;60
9662;201300010673;13;6;6;950;1;2;3;1.0;5;83;45, ST ROMAN (AVENUE);;;;60
9663;201300010674;13;6;13;1140;1;2;1;1.0;3;104;198 bis, VERDUN (AVENUE;;;;60
9664;201300010675;13;6;12;1210;1;2;1;1.0;3;104;40, CHURCHILL (AVENUE WI;;;;60
9665;201300010676;13;6;18;2145;5;2;1;1.0;6;83;48, LECLERC (PROMENADE M;M;4378040.0;749416.0;60
9666;201300010677;13;6;20;1030;1;2;1;3.0;1;12;PRINCE RAINIER III (AVEN;;;;60
9667;201300010678;13;6;22;1100;1;1;1;1.0;6;104;DOUMER (AVENUE PAUL);;;;60
9668;201300010679;13;6;20;2010;1;2;1;1.0;2;83;1131, SOLEIL (PROMENADE;;;;60
9669;201300010680;13;7;4;1544;1;2;6;1.0;6;83;19, VICTOIRES (PLACE DES;;;;60
9670;201300010682;13;7;20;1;5;1;1;1.0;6;104;KENNEDY (AVENUE PRESIDEN;;;;60
9671;201300010683;13;7;20;1720;1;2;2;1.0;5;83;0, GUYAU (RUE);;;;60
9672;201300010685;13;7;28;400;3;1;1;1.0;1;104;AGERBOL (AVENUE D');;;;60
9673;201300010686;13;8;4;430;5;2;3;1.0;3;83;MADONE (AVENUE DE LA);;;;60
9674;201300010687;13;8;10;2310;5;2;3;1.0;3;83;2, BOSANO (RUE LIEUTENAN;;;;60
9675;201300010688;13;8;7;1930;1;2;1;1.0;2;83;43, GORBIO (ROUTE DE);;;;60
9676;201300010689;13;8;18;955;1;2;1;1.0;3;104;36, CHURCHILL (AVENUE WI;;;;60
9677;201300010690;13;8;23;2116;5;2;3;1.0;3;83;MADONE (AVENUE DE LA);;;;60
9678;201300010691;13;8;6;805;1;2;3;1.0;3;12;PRINCE RAINIER III (AVEN;;;;60
9679;201300010692;13;9;9;1630;1;2;3;1.0;6;83;GREVILLE (RUE HENRI);;;;60
9680;201300010693;13;9;15;335;5;2;1;1.0;7;104;81, PEGLION (RUE ANTOINE;;;;60
9681;201300010694;13;10;1;215;5;2;1;1.0;7;83;0, FAURE (AVENUE FELIX);;;;60
9682;201300010695;13;9;30;1735;1;2;1;1.0;3;104;131, VERDUN (AVENUE DE,;;;;60
9683;201300010696;13;8;26;845;1;2;2;1.0;3;83;GUYAU (RUE);;;;60
9684;201300010697;13;9;24;1715;5;2;1;1.0;7;104;83, AZUR (AVENUE DE LA C;;;;60
9685;201300010698;13;10;22;2345;5;2;1;1.0;1;83;1, EUGENIE (QUAI IMPERAT;;;;60
9686;201300010699;13;10;23;1100;1;2;1;2.0;5;12;35, GUYNEMER (BOULEVARD);;;;60
9687;201300010700;13;11;7;1700;2;2;1;1.0;1;104;MONLEON (AVENUE SYLVIO D;;;;60
9688;201300010701;13;11;13;2034;3;2;1;1.0;7;83;SOSPEL (ROUTE DE );;;;60
9689;201300010702;13;11;16;30;5;2;1;1.0;6;83;TARDIEU (CORNICHE ANDRE);;;;60
9690;201300010703;13;11;16;540;5;2;1;1.0;1;104;145, VERDUN (AVENUE DE,;;;;60
9691;201300010704;13;11;10;1955;5;2;3;1.0;3;104;ANGLE, VERDUN (AVENUE DE;;;;60
9692;201300010705;13;12;12;2050;5;1;3;1.0;1;12;PRINCE RAINIER III (AVEN;;;;60
9693;201300010706;13;12;19;830;1;2;1;2.0;6;83;SOLEIL (PROMENADE DU, N?;;;;60
9694;201300010707;13;12;17;1000;1;2;3;1.0;6;83;1, MUNET (RUE DES SOEURS;;;;60
9695;201300010708;13;12;29;1730;2;2;3;1.0;2;12;CORNICHE (MOYENNE, N? 1;;;;60
9696;201300010709;13;1;2;1000;1;2;1;1.0;4;88;0, COTY (PONT RENE);;;;60
9697;201300010710;13;1;2;1840;5;2;1;1.0;2;88;0, GRENOBLE (ROUTE DE);;;;60
9698;201300010711;13;1;3;1000;1;2;1;1.0;6;88;762, RD 6202;;;;60
9699;201300010712;13;1;3;1030;1;1;1;1.0;6;88;0, RD 6202;;;;60
9700;201300010714;13;1;4;1220;1;2;1;1.0;6;88;0, HUGO (BD VICTOR);;;;60
9701;201300010715;13;1;5;2040;5;2;1;1.0;3;88;5, DELOYE (RUE GUSTAVE);;;;60
9702;201300010716;13;1;5;2135;5;2;1;1.0;6;88;0, PAPE JEAN XXIII (BD);;;;60
9703;201300010718;13;1;7;1125;1;2;1;1.0;3;88;61, STE-MARGUERITE (AV.);;;;60
9704;201300010719;13;1;7;1645;1;2;3;1.0;3;88;0, ETATS UNIS (QUAI DES);;;;60
9705;201300010720;13;1;8;1115;1;2;1;1.0;3;88;18, SAINT-JEAN BAPTISTE;;;;60
9706;201300010721;13;1;8;1815;5;2;1;1.0;6;88;0, MEDECIN (AV. JEAN);;;;60
9707;201300010722;13;1;11;815;1;2;1;1.0;3;88;ABATTOIRS (PASS. DES);;;;60
9708;201300010724;13;1;12;1440;1;1;1;1.0;6;88;0, ASPREMONT (RTE D');;;;60
9709;201300010725;13;1;13;1815;5;2;1;1.0;3;88;0, ANGLAIS (A PARTIR DU;;;;60
9710;201300010726;13;1;14;745;2;2;1;1.0;2;88;130, PESSICART (JUSQU'AU;;;;60
9711;201300010727;13;1;14;1400;1;2;2;2.0;3;88;0, MARSHALL (PL. GENERAL;;;;60
9712;201300010728;13;1;14;1400;1;2;2;1.0;3;88;0, SAINT-PHILIPPE (PL.);;;;60
9713;201300010729;13;1;15;1740;5;2;1;1.0;2;88;39, LAMARTINE (R.);;;;60
9714;201300010730;13;1;16;310;5;2;6;1.0;3;88;0, BAREL (PLACE MAX);;;;60
9715;201300010731;13;1;16;1030;1;2;1;1.0;6;88;0, ALPHONSE 1ER (RUE);;;;60
9716;201300010732;13;1;16;1540;1;2;1;1.0;1;88;9, LISERONS (IMPASSE DES;;;;60
9717;201300010733;13;1;16;1839;5;2;1;1.0;6;88;28, MADELEINE (BD DE LA);;;;60
9718;201300010734;13;1;17;645;5;2;1;4.0;2;88;26, MADELEINE (BD DE LA);;;;60
9719;201300010735;13;1;17;1125;1;2;1;1.0;4;88;0, VOIE RAPIDE;;;;60
9720;201300010736;13;1;17;1345;1;2;1;1.0;3;88;58, SAINT-AUGUSTIN (AV.;;;;60
9721;201300010737;13;1;18;2010;5;2;1;1.0;6;88;0, GAMBETTA (A PARTIR DU;;;;60
9722;201300010738;13;1;19;1730;4;2;1;2.0;6;88;1, CARLONE (BD);;;;60
9723;201300010739;13;1;20;1700;2;2;1;3.0;6;88;52 bis, RIQUIER (BD DE);;;;60
9724;201300010741;13;1;21;1230;1;2;3;1.0;3;88;79, BESSET (AV.) (A PART;;;;60
9725;201300010743;13;1;22;745;1;1;1;1.0;4;88;0, PENETRANTE DU PAILLON;;;;60
9726;201300010744;13;1;22;1750;5;2;1;1.0;6;88;0, VERANY (BD J.B.);;;;60
9727;201300010745;13;1;23;1000;1;2;2;3.0;3;88;0, LANTERNE (AV. DE LA);;;;60
9728;201300010747;13;1;24;930;1;2;1;1.0;6;88;82, BESSET (AV.) (A PART;;;;60
9729;201300010748;13;1;24;940;1;2;1;1.0;2;88;0, GINESTIERE (CH. DE LA;;;;60
9730;201300010749;13;1;24;1435;1;2;1;1.0;3;88;0, ALLEGRE (AV. JEAN);;;;60
9731;201300010750;13;1;25;830;1;2;1;1.0;3;88;0, MARCEAU (R.);;;;60
9732;201300010751;13;1;25;1330;1;2;1;1.0;6;88;0, ARSON (RUE);;;;60
9733;201300010752;13;1;25;1515;1;2;1;1.0;6;88;39, GAMBETTA (JUSQU'AU N;;;;60
9734;201300010754;13;1;26;520;5;2;1;1.0;6;88;37, MATISSE (AV. HENRI);;;;60
9735;201300010755;13;1;28;1620;1;2;1;1.0;3;88;0, TURIN (RTE DE);;;;60
9736;201300010756;13;1;29;1350;1;2;1;1.0;6;88;0, TURIN (RTE DE);;;;60
9737;201300010757;13;1;29;1800;2;2;1;1.0;3;88;5, FERAUD (R. RAYMOND);;;;60
9738;201300010758;13;1;30;835;1;2;1;1.0;3;88;12, PASTEUR (BD);;;;60
9739;201300010759;13;1;30;1545;1;2;3;1.0;3;88;6, BARLA (RUE);;;;60
9740;201300010760;13;1;31;1145;1;2;1;1.0;2;88;223, ANGLAIS (DU N? 114;;;;60
9741;201300010761;13;1;31;1520;1;2;1;1.0;4;88;0, VOIE RAPIDE;;;;60
9742;201300010762;13;1;31;1705;1;2;1;1.0;6;88;39, MATISSE (AV. HENRI);;;;60
9743;201300010764;13;2;1;1500;1;2;2;1.0;6;88;0, DIABLES BLEUS (AV. DE;;;;60
9744;201300010765;13;2;1;1810;1;2;1;1.0;3;88;93, BESSET (AV.) (A PART;;;;60
9745;201300010766;13;2;2;1030;1;2;1;1.0;3;88;17, ARMEE DES ALPES (BD;;;;60
9746;201300010768;13;2;4;905;1;2;2;1.0;6;88;0, FAURE (AV. FELIX);;;;60
9747;201300010769;13;2;4;1000;1;2;6;1.0;3;88;0, SAND (AV. GEORGE) (DU;;;;60
9748;201300010770;13;2;4;1730;1;2;1;1.0;6;88;17, JOLY (CORNICHE ANDRE;;;;60
9749;201300010771;13;2;5;755;1;2;1;1.0;6;88;1757, BELLA VISTA (AV.);;;;60
9750;201300010772;13;2;5;1005;1;2;2;1.0;3;88;0, TURIN (RTE DE);;;;60
9751;201300010773;13;2;5;1135;1;2;1;1.0;6;88;0, MONTEL (BD PAUL);;;;60
9752;201300010775;13;2;6;1030;1;2;1;1.0;6;88;17, AMEDEE VII (COMTE RO;;;;60
9753;201300010776;13;2;6;1555;1;2;1;1.0;3;88;0, GRENOBLE (ROUTE DE);;;;60
9754;201300010777;13;2;7;715;2;2;2;1.0;3;88;0, FAURE (AV. FELIX);;;;60
9755;201300010778;13;2;7;1050;1;2;1;1.0;3;88;0, ANGLAIS (A PARTIR DU;;;;60
9756;201300010779;13;2;7;1111;1;2;1;1.0;3;88;42, ROMAINE (AV. DE LA V;;;;60
9757;201300010780;13;2;7;1515;1;2;1;1.0;2;88;58, CORNICHE FLEURIE (AV;;;;60
9758;201300010781;13;2;7;1630;1;2;1;1.0;1;88;69, SAPPIA (AV. HENRI);;;;60
9759;201300010782;13;2;7;1820;5;2;1;1.0;6;88;0, VOIE RAPIDE;;;;60
9760;201300010783;13;2;7;1915;1;2;1;1.0;6;88;101, ARENES DE CIMIEZ (A;;;;60
9761;201300010784;13;2;8;1700;2;2;1;1.0;3;88;71, ETATS UNIS (QUAI DES;;;;60
9762;201300010785;13;2;11;1415;1;2;1;2.0;6;88;36, TRACHEL (RUE);;;;60
9763;201300010786;13;2;11;1810;1;2;1;1.0;6;88;0, BESSET (AV.) (A PARTI;;;;60
9764;201300010787;13;2;12;715;1;2;1;1.0;2;88;0, BARLA (TRAV.);;;;60
9765;201300010788;13;2;12;1550;1;2;1;1.0;6;88;0, KARR (R. ALPHONSE);;;;60
9766;201300010789;13;2;12;1755;2;2;1;1.0;6;88;49, RAY (AV. DU);;;;60
9767;201300010790;13;2;12;2352;5;2;2;1.0;3;88;0, FODERE (R. ET IMP.);;;;60
9768;201300010791;13;2;13;1010;1;2;1;1.0;6;88;54, ESTIENNE -D'ORVES (A;;;;60
9769;201300010792;13;2;13;1546;1;2;1;1.0;6;88;0, ARIANE (BD DE L');M;4373455.0;729681.0;60
9770;201300010793;13;2;13;1700;1;2;1;1.0;6;88;0, RD 6202;;;;60
9771;201300010794;13;2;14;1235;1;2;1;1.0;6;88;38, MADELEINE (BD DE LA);;;;60
9772;201300010795;13;2;14;1315;1;2;1;1.0;6;88;144, CARNOT (BD);;;;60
9773;201300010796;13;2;14;1745;2;2;1;1.0;4;88;52 bis, BRANCOLAR (AV.);;;;60
9774;201300010797;13;2;14;2045;5;2;1;1.0;6;88;0, GRENOBLE (ROUTE DE);;;;60
9775;201300010798;13;2;15;700;5;2;1;1.0;2;88;0, PENETRANTE DU PAILLON;;;;60
9776;201300010799;13;2;15;1350;1;2;1;1.0;2;88;0, GRENOBLE (ROUTE DE);;;;60
9777;201300010800;13;2;16;1845;5;2;1;1.0;6;88;32, BRAILLE (BD LOUIS);;;;60
9778;201300010801;13;2;16;2335;5;2;1;2.0;6;88;0, ANGLAIS (A PARTIR DU;;;;60
9779;201300010803;13;2;17;1810;4;2;1;2.0;6;88;12, CESSOLE (BD DE) (JUS;;;;60
9780;201300010804;13;2;18;830;1;2;1;1.0;6;88;21, VAUBAN (R. MARECHAL);;;;60
9781;201300010805;13;2;19;845;1;2;3;1.0;6;88;0, VILLE (R. GEORGES);;;;60
9782;201300010807;13;2;20;1600;1;2;3;1.0;3;88;0, ROQUEBILLIERE (R. DE);;;;60
9783;201300010808;13;2;20;1810;2;2;1;1.0;3;88;38, CIMIEZ (BD) A PARTIR;;;;60
9784;201300010809;13;2;20;1900;5;2;2;1.0;3;88;89, ETATS UNIS (QUAI DES;;;;60
9785;201300010810;13;2;21;750;1;2;1;1.0;3;88;244, TURIN (RTE DE);;;;60
9786;201300010811;13;2;21;1015;1;2;1;1.0;2;88;101, ANGLAIS (DU N? 45 A;;;;60
9787;201300010812;13;2;22;830;1;2;1;1.0;6;88;1, PASTEUR (BD);;;;60
9788;201300010813;13;2;22;1910;5;2;1;2.0;3;88;272, CALIFORNIE (AV.) (A;;;;60
9789;201300010814;13;2;23;715;2;2;1;1.0;6;88;0, RIVOLI (R. DE);;;;60
9790;201300010815;13;2;25;1605;1;2;1;1.0;6;88;105, ANGLAIS (DU N? 45 A;;;;60
9791;201300010816;13;2;24;2040;5;2;2;3.0;3;88;0, RAIMBALDI (BD);;;;60
9792;201300010817;13;2;25;145;5;2;1;2.0;6;88;259, FABRON (AV. DE) (A;;;;60
9793;201300010818;13;2;25;1430;1;2;1;1.0;6;88;17, ROQUEBILLIERE (R. DE;;;;60
9794;201300010820;13;2;26;1615;1;2;1;1.0;6;88;3, FREMONT (AV.);;;;60
9795;201300010821;13;2;26;2244;5;2;2;1.0;3;88;0, DABRAY (RUE ET IMP.);;;;60
9796;201300010822;13;2;28;755;1;2;2;1.0;3;88;0, SAINT-SYLVESTRE (AV.;;;;60
9797;201300010824;13;3;2;1140;1;2;1;1.0;1;88;12, CESSOLE (BD DE) (JUS;;;;60
9798;201300010826;13;3;4;1445;1;2;2;1.0;6;88;144, CESSOLE (BD DE) (A;;;;60
9799;201300010827;13;3;4;1630;1;2;1;1.0;3;88;123, BRANCOLAR (AV.) (A;;;;60
9800;201300010828;13;3;5;805;1;2;1;1.0;3;88;396, STE-MARGUERITE (AV.;;;;60
9801;201300010831;13;3;6;715;1;2;6;1.0;3;88;0, DIABLES BLEUS (AV. DE;;;;60
9802;201300010832;13;3;6;745;1;2;1;2.0;4;88;230, TURIN (RTE DE);;;;60
9803;201300010833;13;3;6;1135;1;2;1;3.0;2;88;0, ANGLAIS (DU N? 265 AU;;;;60
9804;201300010834;13;3;6;1705;1;2;1;2.0;2;88;59, ETATS UNIS (QUAI DES;;;;60
9805;201300010835;13;3;7;826;1;2;1;3.0;3;88;8, CARABACEL (BD);;;;60
9806;201300010836;13;3;7;830;1;2;1;3.0;6;88;2, JOLY (CORNICHE ANDRE;;;;60
9807;201300010838;13;3;7;1840;2;2;1;1.0;3;88;0, CASSIN (BD RENE);;;;60
9808;201300010840;13;3;9;1600;1;2;1;1.0;6;88;0, BANVILLE (RUE THEODOR;;;;60
9809;201300010841;13;3;9;2345;5;2;1;1.0;1;88;9, THIERS (AV.);;;;60
9810;201300010842;13;3;10;135;5;2;2;1.0;3;88;0, AUBER (AV.);;;;60
9811;201300010843;13;3;10;1720;1;2;3;1.0;3;88;0, SAINT-SYLVESTRE (AV.;;;;60
9812;201300010844;13;3;11;750;1;2;1;1.0;3;88;68, RAYNAUD (BD AUGUSTE);;;;60
9813;201300010845;13;3;11;1720;1;2;1;1.0;2;88;230, CALIFORNIE (AV.) (J;;;;60
9814;201300010846;13;3;12;955;1;2;1;1.0;2;88;4, CIMIEZ (BD) JUSQU'AU;;;;60
9815;201300010847;13;3;12;1835;1;2;2;1.0;3;88;0, FAURE (AV. FELIX);;;;60
9816;201300010848;13;3;13;815;1;2;1;1.0;6;88;06, DELVALLE (RUE PROF.);;;;60
9817;201300010849;13;3;13;1200;1;2;1;1.0;3;88;50, BRANCOLAR (AV.) (A P;;;;60
9818;201300010850;13;3;15;945;1;2;1;1.0;6;88;0, TURIN (RTE DE);;;;60
9819;201300010851;13;3;15;1500;1;2;1;1.0;2;88;301, ANGLAIS (DU N? 265;;;;60
9820;201300010852;13;3;15;1610;1;2;1;1.0;2;88;0, DIGUE DES FRANCAIS (T;;;;60
9821;201300010853;13;3;16;1415;1;2;1;9.0;6;88;0, ANGLAIS (DU N? 114 AU;;;;60
9822;201300010854;13;3;16;1430;1;2;1;1.0;3;88;30, CESSOLE (BD DE) (JUS;;;;60
9823;201300010855;13;3;18;925;1;2;1;3.0;6;88;0, HUGO (BD VICTOR);;;;60
9824;201300010856;13;3;18;1515;1;2;1;1.0;6;88;0, WILSON (PL.);;;;60
9825;201300010857;13;3;18;1620;1;2;1;1.0;3;88;0, CESSOLE (BD DE) (A PA;;;;60
9826;201300010858;13;3;18;1740;1;2;1;2.0;1;88;0, PARC MARIA (AV. DU);;;;60
9827;201300010859;13;3;18;1812;1;2;1;1.0;3;88;21, JOLY (CORNICHE ANDRE;;;;60
9828;201300010860;13;3;19;1450;1;2;1;1.0;3;88;0, BINET (RUE ALFRED);;;;60
9829;201300010862;13;3;19;1535;1;2;1;1.0;4;88;0, RD 6202;;;;60
9830;201300010863;13;3;20;1320;1;2;1;1.0;3;88;0, CASSIN (BD RENE);;;;60
9831;201300010864;13;3;20;1815;1;2;2;1.0;3;88;0, MEDECIN (AV. JEAN);;;;60
9832;201300010865;13;3;21;800;1;2;1;1.0;3;88;0, VAUBAN (R. MARECHAL);;;;60
9833;201300010866;13;3;21;1040;1;2;1;1.0;3;88;0, HOTEL DES POSTES (R.);;;;60
9834;201300010867;13;3;21;1110;1;2;1;1.0;3;88;ALLEGRE (AV. JEAN);;;;60
9835;201300010869;13;3;24;1625;1;2;2;3.0;4;88;0, VERNIER (R.);;;;60
9836;201300010871;13;3;24;1900;5;2;1;3.0;6;88;27, JOLY (CORNICHE ANDRE;;;;60
9837;201300010872;13;3;25;2200;5;2;2;1.0;1;88;0, GAMBETTA (JUSQU'AU N?;;;;60
9838;201300010873;13;3;26;750;1;2;1;9.0;6;88;38, ESTIENNE -D'ORVES (A;;;;60
9839;201300010874;13;3;26;1430;1;2;1;1.0;3;88;0, GAUTHIER (R. ANTOINE);;;;60
9840;201300010875;13;3;28;900;1;2;1;1.0;4;88;88, POMPIDOU (BD GEORGES;;;;60
9841;201300010876;13;3;27;1130;1;2;1;1.0;3;88;0, DIABLES BLEUS (AV. DE;;;;60
9842;201300010877;13;3;27;2000;5;2;1;1.0;3;88;0, MAETERLINCK (BD M.);;;;60
9843;201300010878;13;3;28;1310;1;2;2;2.0;3;88;0, ANGLAIS (A PARTIR DU;;;;60
9844;201300010879;13;3;28;1720;1;2;1;3.0;3;88;0, NAPOLEON III (PONT);;;;60
9845;201300010880;13;3;28;1730;1;2;1;3.0;3;159;0, JOFFRE (AVENUE);;;;60
9846;201300010881;13;3;28;2040;5;2;1;2.0;2;88;VOIE RAPIDE;;;;60
9847;201300010883;13;3;29;755;1;2;1;1.0;6;88;141, GAMBETTA (A PARTIR;;;;60
9848;201300010885;13;3;30;500;5;2;1;3.0;6;88;268, CALIFORNIE (AV.) (A;;;;60
9849;201300010886;13;4;2;1655;1;2;1;1.0;3;88;178, GRENOBLE (ROUTE DE);;;;60
9850;201300010888;13;4;2;2300;5;2;1;1.0;3;88;0, TURIN (RTE DE);;;;60
9851;201300010889;13;4;3;1245;1;2;2;1.0;3;88;0, MIOLLIS (R.);;;;60
9852;201300010890;13;4;3;1800;1;2;7;1.0;6;88;0, FAURE (AV. FELIX);;;;60
9853;201300010891;13;4;3;1835;1;2;1;1.0;6;88;64, BORNALA (AV. DE LA);;;;60
9854;201300010892;13;4;4;1100;1;2;1;1.0;6;88;224, MADELEINE (BD DE LA;;;;60
9855;201300010893;13;4;4;1545;1;2;1;2.0;6;88;0, THIERS (AV.);;;;60