;Num_Acc;an;mois;jour;hrmn;lum;agg;int;atm;col;com;adr;gps;lat;long;dep
9856;201300010894;13;4;4;1840;1;2;2;2.0;3;88;0, REINE-JEANNE (R.);;;;60
9857;201300010895;13;4;5;1635;1;2;1;1.0;6;88;TURIN (RTE DE);;;;60
9858;201300010896;13;4;5;1754;1;2;1;1.0;3;88;308, STE MARGUERITE (AV.;;;;60
9859;201300010897;13;4;8;925;1;2;2;1.0;3;88;0, FLANDRES-DUNKERQUE (T;;;;60
9860;201300010898;13;4;8;1525;1;2;1;1.0;2;88;0, VOIE RAPIDE;;;;60
9861;201300010899;13;4;8;1610;1;1;1;2.0;1;159;BELLAVISTA (AVENUE);;;;60
9862;201300010900;13;4;10;955;1;2;1;1.0;3;88;0, CASSIN (BD RENE);;;;60
9863;201300010901;13;4;10;1050;1;2;1;1.0;1;88;0, VILLENEUVE (R. DE);;;;60
9864;201300010902;13;4;10;1200;1;2;1;1.0;4;88;34, TRACHEL (RUE);;;;60
9865;201300010903;13;4;10;2110;5;2;3;1.0;1;88;0, CROS DE CAPEU (RUE);;;;60
9866;201300010904;13;4;11;745;1;2;1;1.0;3;88;0, NAPOLEON III (BD);;;;60
9867;201300010905;13;4;11;1030;1;2;1;1.0;3;88;0, CLUVIER (RUE);;;;60
9868;201300010906;13;4;12;750;1;2;1;1.0;5;88;0, VOIE RAPIDE;;;;60
9869;201300010907;13;4;12;830;1;2;1;1.0;3;88;68, NAPOLEON III (BD);;;;60
9870;201300010908;13;4;12;1003;1;2;1;1.0;6;88;0, SEMERIA (AV. DENIS);;;;60
9871;201300010909;13;4;12;1045;1;2;2;1.0;3;88;0, BANVILLE (RUE THEODOR;;;;60
9872;201300010910;13;4;12;1200;1;2;2;1.0;3;88;0, THEURIET (AV. ANDRE);;;;60
9873;201300010911;13;4;13;1415;1;2;1;1.0;2;88;128, MADELEINE (BD DE LA;;;;60
9874;201300010912;13;4;13;1700;1;2;2;1.0;3;88;0, AUBER (AV.);;;;60
9875;201300010913;13;4;13;2330;5;2;1;1.0;6;88;229, ANGLAIS (DU N? 114;;;;60
9876;201300010914;13;4;14;1700;1;2;2;1.0;3;88;14, CESSOLE (BD DE) (JUS;;;;60
9877;201300010915;13;4;14;2115;2;1;2;1.0;3;88;0, GOUNOD (RUE);;;;60
9878;201300010916;13;4;15;945;1;2;1;1.0;4;88;0, MONTEL (BD PAUL);;;;60
9879;201300010917;13;4;15;1400;1;2;1;1.0;2;88;0, VOIE RAPIDE;;;;60
9880;201300010918;13;4;15;1435;1;2;1;1.0;3;88;0, GRENOBLE (ROUTE DE);;;;60
9881;201300010919;13;4;15;1758;1;2;1;1.0;6;88;0, LEPANTE (R. DE);;;;60
9882;201300010920;13;4;16;1830;1;2;1;1.0;3;88;MIRABEAU (AV.);;;;60
9883;201300010921;13;4;17;1030;1;2;1;1.0;2;88;179, STE-MARGUERITE (AV.;;;;60
9884;201300010923;13;4;17;1825;1;2;1;1.0;6;88;5, DELVALLE (RUE PROF.);;;;60
9885;201300010924;13;4;18;1820;1;2;1;1.0;6;88;0, JOLY (CORNICHE ANDRE;;;;60
9886;201300010925;13;4;18;1920;5;2;1;1.0;3;88;228, BELLET (RTE DE);;;;60
9887;201300010926;13;4;19;900;1;2;1;1.0;3;159;0, NAPOLEON III (BOULEVA;;;;60
9888;201300010927;13;4;20;1215;1;2;2;1.0;3;88;0, NAPOLEON III (BD);;;;60
9889;201300010928;13;4;21;1845;1;2;3;3.0;3;88;0, CESSOLE (BD DE) (A PA;;;;60
9890;201300010929;13;4;23;835;1;2;1;1.0;3;88;0, RAYNAUD (BD AUGUSTE);;;;60
9891;201300010931;13;4;24;840;1;2;1;1.0;6;88;0, MONTEL (BD PAUL);;;;60
9892;201300010932;13;4;24;1145;1;2;1;1.0;3;159;2, ALBERT 1ER (AVENUE);;;;60
9893;201300010933;13;4;25;1050;1;2;1;1.0;6;88;0, CASSIN (BD RENE);;;;60
9894;201300010934;13;4;25;1230;1;2;2;1.0;3;88;0, BARBERIS (RUE);;;;60
9895;201300010935;13;4;25;1610;1;2;1;1.0;3;88;0, JOLY (CORNICHE ANDRE;;;;60
9896;201300010937;13;4;27;30;5;2;1;1.0;3;88;187, ANGLAIS (DU N? 45 A;;;;60
9897;201300010938;13;4;27;800;1;2;1;2.0;1;88;134, RIMIEZ (AV. DE);;;;60
9898;201300010939;13;4;28;1315;1;2;2;2.0;3;88;0, BARLA (TRAV.);;;;60
9899;201300010940;13;4;28;1545;1;2;1;2.0;3;88;0, CASSIN (BD RENE);;;;60
9900;201300010943;13;4;29;1450;1;2;1;1.0;2;88;0, JARDINIERS (BD DES);;;;60
9901;201300010944;13;4;30;1330;1;2;2;1.0;3;88;0, AUBER (AV.);;;;60
9902;201300010945;13;4;30;1905;1;2;2;1.0;6;88;0, GUTENBERG (R.);;;;60
9903;201300010947;13;5;2;715;1;2;1;1.0;6;88;0, BARLA (RUE);;;;60
9904;201300010948;13;5;2;1500;1;2;1;1.0;6;88;0, GAMBETTA (JUSQU'AU N?;;;;60
9905;201300010949;13;5;2;1650;1;2;1;1.0;3;88;73, CASSIN (BD RENE);;;;60
9906;201300010951;13;5;2;2340;5;2;1;1.0;4;88;179, ANGLAIS (DU N? 114;;;;60
9907;201300010952;13;5;3;715;1;2;1;1.0;2;88;0, CARNOT (BD);;;;60
9908;201300010953;13;5;3;940;1;2;2;1.0;3;88;0, PARIS (R. DE);;;;60
9909;201300010955;13;5;4;1245;1;2;1;1.0;2;88;0, ETATS UNIS (QUAI DES);;;;60
9910;201300010956;13;5;4;1540;1;2;1;1.0;3;88;0, GARIGLIANO (PONTS);;;;60
9911;201300010957;13;5;6;1045;1;2;1;1.0;3;88;53, HUGO (BD VICTOR);;;;60
9912;201300010958;13;5;6;2230;5;2;2;1.0;3;88;0, RAIMBALDI (BD);;;;60
9913;201300010959;13;5;7;1230;1;2;1;1.0;3;88;0, LIBERTE (R. DE LA);;;;60
9914;201300010960;13;5;7;2205;5;2;2;1.0;5;88;0, ROSSINI (R.);;;;60
9915;201300010961;13;5;10;1730;3;2;1;1.0;2;88;GUIGLIA (R.);;;;60
9916;201300010962;13;5;10;1930;1;2;1;1.0;6;88;0, ILE-DE-BEAUTE (PL. DE;;;;60
9917;201300010963;13;5;11;515;5;2;1;1.0;6;88;23, GROSSO (A PARTIR DU;;;;60
9918;201300010964;13;5;13;1150;1;2;2;1.0;6;88;0, FRANCE (R. DE) A PART;;;;60
9919;201300010965;13;5;13;1710;1;2;1;1.0;5;88;379, MADELEINE (BD DE LA;;;;60
9920;201300010966;13;5;13;1920;1;2;1;1.0;3;88;1, MONTEL (BD PAUL);;;;60
9921;201300010967;13;5;14;715;1;2;1;1.0;3;88;0, JOLY (CORNICHE ANDRE;;;;60
9922;201300010968;13;5;14;1710;1;2;1;1.0;5;88;0, VOIE RAPIDE;;;;60
9923;201300010970;13;5;16;640;1;2;3;3.0;3;88;0, LYAUTEY (AV. DU MAL);;;;60
9924;201300010971;13;5;16;810;1;2;1;1.0;3;88;0, ARMEE DU RHIN (PLACE);;;;60
9925;201300010972;13;5;16;955;1;2;2;3.0;3;88;0, AUBER (AV.);;;;60
9926;201300010973;13;5;17;800;1;2;1;1.0;3;88;15, DUFY (RUE RAOUL);;;;60
9927;201300010974;13;5;17;1735;1;2;1;1.0;6;88;9, BUFFA (RUE DE LA);;;;60
9928;201300010975;13;5;20;1415;1;2;1;1.0;4;88;43, ANGLAIS (DU N? 1 AU;;;;60
9929;201300010976;13;5;20;1850;1;2;1;1.0;3;88;88, CARNOT (BD);;;;60
9930;201300010977;13;5;21;930;1;2;1;1.0;5;88;40, JAURES (BD JEAN);;;;60
9931;201300010978;13;5;21;1030;1;2;1;1.0;2;88;0, ANGLAIS (DU N? 265 AU;;;;60
9932;201300010979;13;5;21;1845;1;2;1;1.0;6;88;0, AEROPORT (EXTRA MUROS;;;;60
9933;201300010980;13;5;22;815;1;2;1;1.0;6;88;0, CASSIN (BD RENE);;;;60
9934;201300010981;13;5;22;1700;1;2;1;1.0;6;88;0, MACCARANI (R.);;;;60
9935;201300010982;13;5;23;905;1;2;1;1.0;2;88;221, ANGLAIS (A PARTIR D;;;;60
9936;201300010983;13;5;23;1430;1;2;1;1.0;2;88;0, RAYBAUD JOSEPH;;;;60
9937;201300010984;13;5;23;1505;1;2;1;1.0;1;88;0, THIERS (AV.);;;;60
9938;201300010985;13;5;24;815;1;2;1;1.0;3;88;22, DUNANT (AV. HENRI);;;;60
9939;201300010986;13;5;24;1715;1;2;2;1.0;3;88;0, RICHELMI (R. DR P.);;;;60
9940;201300010987;13;5;25;1400;1;2;1;1.0;5;88;0, RD 6007;;;;60
9941;201300010988;13;5;25;1645;1;2;1;1.0;6;88;0, CASSIN (BD RENE);;;;60
9942;201300010989;13;5;26;1340;1;2;1;1.0;1;88;34, BELLEVUE (AV. DE);;;;60
9943;201300010990;13;5;27;1700;1;2;1;1.0;2;88;22, GRINDA (AV. EDOUARD);;;;60
9944;201300010991;13;5;28;920;1;2;1;1.0;2;88;0, RD 6202;;;;60
9945;201300010992;13;5;28;1045;1;2;1;1.0;3;88;34, CIMIEZ (BD) A PARTIR;;;;60
9946;201300010993;13;5;28;1345;1;2;2;1.0;3;88;0, DEPOILLY (AV.);;;;60
9947;201300010994;13;5;28;1945;1;2;1;1.0;1;88;2180, BELLA VISTA (AV.);;;;60
9948;201300010995;13;5;30;1330;1;2;1;1.0;6;88;351, ANGLAIS (A PARTIR D;;;;60
9949;201300010996;13;5;31;730;1;2;1;1.0;2;88;151, MADELEINE (BD DE LA;;;;60
9950;201300010997;13;5;31;1030;1;2;1;1.0;6;88;154, FRANCE (R. DE) A PA;;;;60
9951;201300010998;13;5;31;1420;1;2;1;1.0;2;88;321, STE-MARGUERITE (AV.;;;;60
9952;201300011000;13;5;31;1650;1;2;2;1.0;3;88;0, TRACHEL (RUE);;;;60
9953;201300011001;13;5;31;2005;1;2;1;1.0;6;88;83, ARIANE (BD DE L');;;;60
9954;201300011002;13;5;31;2353;5;2;1;1.0;6;88;163, CASSIN (BD RENE);;;;60
9955;201300011003;13;6;1;930;1;2;1;1.0;2;88;0, ALLEGRE (AV. JEAN);;;;60
9956;201300011004;13;6;2;35;5;2;2;1.0;3;88;0, BORRIGLIONE (JUSQU'AU;;;;60
9957;201300011005;13;6;2;1605;1;2;1;1.0;3;88;0, ARIANE (BD DE L');;;;60
9958;201300011006;13;6;3;1;5;2;1;1.0;6;88;96, CESSOLE (BD DE) (JUS;;;;60
9959;201300011007;13;6;3;755;1;2;1;1.0;6;88;0, BARLA (TRAV.);;;;60
9960;201300011010;13;6;4;1425;1;2;1;1.0;6;88;308, STE MARGUERITE (AV.;;;;60
9961;201300011011;13;6;6;815;1;2;1;1.0;3;88;51, MATISSE (AV. HENRI);;;;60
9962;201300011012;13;6;6;1600;1;2;1;1.0;2;88;59, HUGO (BD VICTOR);;;;60
9963;201300011013;13;6;6;1715;1;2;1;1.0;4;88;0, CARABACEL (BD);;;;60
9964;201300011014;13;6;6;2000;2;2;1;1.0;1;88;428, MADELEINE (BD DE LA;;;;60
9965;201300011015;13;6;7;2030;1;2;1;1.0;4;88;214, GRENOBLE (ROUTE DE);;;;60
9966;201300011016;13;6;7;2040;1;2;4;1.0;3;88;0, FOCH (AV. MARECHAL);;;;60
9967;201300011017;13;6;7;2215;5;2;3;1.0;3;88;0, PESSICART (A PARTIR D;;;;60
9968;201300011018;13;6;8;2224;5;2;1;1.0;3;88;0, BUFFA (RUE DE LA);;;;60
9969;201300011019;13;6;9;1100;1;2;1;1.0;6;88;105, LYAUTEY (AV. DU MAL;;;;60
9970;201300011020;13;6;9;2348;5;2;1;1.0;6;88;0, ANGLAIS (A PARTIR DU;;;;60
9971;201300011021;13;6;9;58;5;2;1;1.0;1;88;267, SAINT-ANTOINE (RTE;;;;60
9972;201300011022;13;6;10;1500;1;2;1;1.0;2;88;0, ANGLAIS (A PARTIR DU;;;;60
9973;201300011023;13;6;11;800;1;2;1;1.0;3;88;0, VOIE RAPIDE;;;;60
9974;201300011024;13;6;11;1845;1;2;1;1.0;6;88;2, TOUR DE L'ARIANE (R.;;;;60
9975;201300011025;13;6;12;810;1;2;1;1.0;4;88;0, VOIE RAPIDE;;;;60
9976;201300011026;13;6;13;1250;1;2;1;1.0;6;88;164, ARIANE (BD DE L');;;;60
9977;201300011027;13;6;13;1415;1;2;2;1.0;3;88;0, BANVILLE (RUE THEODOR;;;;60
9978;201300011028;13;6;13;1600;1;2;2;1.0;3;88;0, BEAUMONT (RUE);;;;60
9979;201300011029;13;6;14;800;1;2;3;1.0;3;88;0, PASTEUR (BD);;;;60
9980;201300011030;13;6;14;810;1;2;1;1.0;6;88;15, GAMBETTA (JUSQU'AU N;;;;60
9981;201300011031;13;6;14;1430;1;2;1;1.0;2;88;0, POMPIDOU (BD GEORGES);;;;60
9982;201300011032;13;6;14;2255;5;2;1;1.0;3;88;67, ANGLAIS (A PARTIR DU;;;;60
9983;201300011033;13;6;16;815;1;2;1;1.0;2;88;0, VOIE RAPIDE;;;;60
9984;201300011034;13;6;17;810;1;2;1;1.0;2;88;400, ANGLAIS (A PARTIR D;;;;60
9985;201300011035;13;6;17;1245;1;2;1;1.0;4;88;0, CASSIN (BD RENE);;;;60
9986;201300011036;13;6;17;1455;1;2;1;1.0;6;88;101, GAMBETTA (A PARTIR;;;;60
9987;201300011039;13;6;19;1130;1;2;1;1.0;6;88;0, CHAPELLE DU TEMPLE (R;;;;60
9988;201300011040;13;6;19;1235;1;2;1;1.0;6;88;0, VAUBAN (R. MARECHAL);;;;60
9989;201300011041;13;6;19;1600;1;2;1;1.0;3;88;0, CALIFORNIE (AV.) (A P;;;;60
9990;201300011042;13;6;19;1805;1;2;1;1.0;3;88;0, JOFFRE (R. MARECHAL);;;;60
9991;201300011043;13;6;20;25;5;2;3;1.0;3;88;0, CESSOLE (BD DE) (JUSQ;;;;60
9992;201300011045;13;6;21;1305;1;2;1;1.0;6;88;0, GRAVIER (AV.);;;;60
9993;201300011046;13;6;21;1730;1;2;1;1.0;6;88;5, DELVALLE (RUE PROF.);;;;60
9994;201300011047;13;6;22;230;5;2;1;1.0;6;88;0, ANGLAIS (A PARTIR DU;;;;60
9995;201300011048;13;6;22;940;1;2;1;1.0;6;88;0, VALLOT (R. JOSEPH);;;;60
9996;201300011049;13;6;22;1815;1;2;1;1.0;6;88;13, ACCHIARDI DE ST LEGE;;;;60
9997;201300011050;13;6;23;1310;1;2;1;1.0;6;88;0, BINET (RUE ALFRED);;;;60
9998;201300011051;13;6;23;1705;1;2;2;1.0;3;88;0, GOUNOD (RUE);;;;60
9999;201300011052;13;6;23;1800;1;2;2;1.0;7;88;0, LEPANTE (R. DE);M;4370762.0;726791.0;60
10000;201300011053;13;6;23;1920;1;2;1;1.0;2;88;236, MADELEINE (BD DE LA;;;;60
10001;201300011054;13;6;24;900;1;2;1;1.0;2;88;0, GIACOBI (AV.);;;;60
10002;201300011055;13;6;24;1115;1;2;2;1.0;7;88;0, PELLOS (R. FRANCOIS);;;;60
10003;201300011056;13;6;24;1420;1;2;3;1.0;3;88;0, RD 6007;M;4366733.0;720812.0;60
10004;201300011057;13;6;24;1820;1;2;1;1.0;3;88;87, RAYBAUD JOSEPH;;;;60
10005;201300011058;13;6;25;950;1;2;1;1.0;2;88;22, CAP DE CROIX (AV. ET;;;;60
10006;201300011059;13;6;25;1600;1;2;1;1.0;4;88;0, ANGLAIS (A PARTIR DU;;;;60
10007;201300011060;13;6;26;1200;1;2;1;1.0;6;88;91, ETATS UNIS (QUAI DES;;;;60
10008;201300011061;13;6;26;1840;1;2;1;1.0;6;88;48, BRAILLE (BD LOUIS);;;;60
10009;201300011062;13;6;27;1125;1;2;1;1.0;3;88;44, CALIFORNIE (AV.) (DU;;;;60
10010;201300011063;13;6;27;1150;1;2;1;1.0;3;88;3, BARLA (RUE);;;;60
10011;201300011064;13;6;27;1430;1;2;2;1.0;6;88;0, BAVASTRO (RUE);;;;60
10012;201300011065;13;6;27;1555;1;2;1;1.0;6;88;17, DIABLES BLEUS (AV. D;;;;60
10013;201300011066;13;6;27;1750;1;2;1;1.0;6;88;49, GROSSO (JUSQU'AU N?;;;;60
10014;201300011067;13;6;28;830;1;2;1;1.0;6;88;0, RD 6202;;;;60
10015;201300011068;13;6;28;840;1;2;1;1.0;2;88;0, PENETRANTE DU PAILLON;;;;60
10016;201300011069;13;6;28;1625;1;2;1;1.0;6;88;48, BORRIGLIONE (A PARTI;;;;60
10017;201300011070;13;6;29;1020;1;2;1;1.0;2;88;0, HUGO (BD VICTOR);;;;60
10018;201300011072;13;7;1;1621;1;2;1;1.0;6;88;44, TRACHEL (RUE);;;;60
10019;201300011073;13;7;1;1649;1;2;1;1.0;6;88;0, VERANY (BD J.B.);;;;60
10020;201300011074;13;7;2;830;1;2;1;1.0;6;88;321, PESSICART (A PARTIR;;;;60
10021;201300011075;13;7;2;1920;1;2;1;1.0;1;88;40, SAINT-SYLVESTRE (AV.;;;;60
10022;201300011076;13;7;2;2018;2;2;1;1.0;3;88;28, ROQUEBILLIERE (R. DE;;;;60
10023;201300011077;13;7;3;815;1;2;1;1.0;3;88;185, CALIFORNIE (AV.) (A;;;;60
10024;201300011080;13;7;4;1435;1;2;1;1.0;6;88;02, SUEDE (AV. DE);;;;60
10025;201300011081;13;7;4;1540;1;2;1;1.0;6;88;0, BARLA (RUE);;;;60
10026;201300011082;13;7;4;2023;1;2;1;1.0;3;88;21, JOLY (CORNICHE ANDRE;;;;60
10027;201300011083;13;7;5;920;1;2;1;1.0;4;88;0, SAINT-SYLVESTRE (AV.;;;;60
10028;201300011086;13;7;5;1730;1;2;1;1.0;6;88;12, ARSON (RUE);;;;60
10029;201300011087;13;7;5;2230;5;2;1;1.0;1;88;211, COSTIERE (CH. DE LA;;;;60
10030;201300011088;13;7;6;215;5;2;1;1.0;7;88;132, SAINT-ANTOINE (RTE;;;;60
10031;201300011089;13;7;6;1545;1;2;1;1.0;6;88;4, RAY (AV. DU);;;;60
10032;201300011090;13;7;6;1800;1;2;1;1.0;2;88;0, GARIGLIANO (PONTS);;;;60
10033;201300011091;13;7;7;1945;1;2;1;1.0;6;88;0, ILE-DE-BEAUTE (PL. DE;;;;60
10034;201300011093;13;7;10;1015;1;2;1;1.0;6;88;61, MADELEINE (BD DE LA);;;;60
10035;201300011094;13;7;10;1345;1;2;2;1.0;3;88;0, BARBERIS (RUE);;;;60
10036;201300011095;13;7;10;1555;1;2;1;1.0;2;88;0, VOIE RAPIDE;;;;60
10037;201300011096;13;7;11;900;1;2;1;1.0;6;88;0, QUAI PAPACINO;;;;60
10038;201300011097;13;7;11;915;1;2;1;1.0;6;88;34, STE MARGUERITE (AV.);;;;60
10039;201300011098;13;7;11;1310;1;2;1;1.0;2;88;sans, MIN NICE ST AUGUST;;;;60
10040;201300011099;13;7;11;1400;1;2;1;1.0;3;88;99-101, CANTA GALET (RTE;;;;60
10041;201300011100;13;7;11;1630;1;2;1;1.0;2;88;0, NAPOLEON III (PONT);;;;60
10042;201300011103;13;7;13;100;5;2;1;1.0;6;88;45, CIMIEZ (BD) A PARTIR;;;;60
10043;201300011104;13;7;13;2024;1;2;2;1.0;3;88;0, VERANY (BD J.B.);;;;60
10044;201300011105;13;7;14;1530;1;2;1;1.0;3;159;0, BELLAVISTA (AVENUE);;;;60
10045;201300011106;13;7;15;815;1;2;1;1.0;3;88;0, RD 6202;;;;60
10046;201300011107;13;7;15;950;1;2;1;1.0;6;88;0, GIORDAN (AV. JOSEPH);;;;60
10047;201300011108;13;7;15;1950;1;2;1;1.0;6;88;69, ETATS UNIS (QUAI DES;;;;60
10048;201300011109;13;7;15;2310;1;2;1;1.0;6;88;0, VOIE RAPIDE;;;;60
10049;201300011110;13;7;16;1100;1;2;3;1.0;6;88;0, TOESCA (R. PIE-FRANCO;;;;60
10050;201300011111;13;7;16;1250;1;2;1;1.0;5;88;0, CASSIN (BD RENE);;;;60
10051;201300011112;13;7;16;1720;1;2;1;1.0;5;88;49, GRACE DE MONACO (BD;;;;60
10052;201300011113;13;7;16;1725;1;2;1;1.0;1;88;GRACE DE MONACO (BD PR.);;;;60
10053;201300011114;13;7;17;820;1;2;1;1.0;3;88;21, ROQUEBILLIERE (R. DE;;;;60
10054;201300011115;13;7;17;830;1;2;2;1.0;6;88;0, GARNIER (BD JOSEPH);;;;60
10055;201300011116;13;7;17;958;1;2;1;1.0;6;88;400, ANGLAIS PLAGE(  PAR;;;;60
10056;201300011117;13;7;17;1510;1;2;2;1.0;6;88;0, ITALIE (R. D');;;;60
10057;201300011118;13;7;17;1720;1;2;1;1.0;6;88;125, PASTEUR (BD);;;;60
10058;201300011119;13;7;17;1940;1;2;1;1.0;2;88;411, ANGLAIS (A PARTIR D;;;;60
10059;201300011120;13;7;18;820;1;2;1;1.0;6;88;69, GROSSO (A PARTIR DU;;;;60
10060;201300011121;13;7;18;2130;2;2;1;1.0;2;88;05, DELFINO (BD GENERAL);;;;60
10061;201300011122;13;7;19;1030;1;2;1;1.0;2;88;210, GRENOBLE (ROUTE DE);;;;60
10062;201300011123;13;7;19;1755;1;2;1;1.0;6;88;0, GREGOIRE (RUE ABBE-IM;;;;60
10063;201300011124;13;7;20;1010;1;2;1;1.0;6;88;4, MAETERLINCK (BD M.);;;;60
10064;201300011125;13;7;20;1245;1;2;1;1.0;2;88;151, SAINT-ANTOINE (RTE;;;;60
10065;201300011126;13;7;20;1850;1;2;2;1.0;3;88;0, TURIN (RTE DE);;;;60
10066;201300011127;13;7;22;1045;1;2;1;1.0;2;88;0, STE MARGUERITE (AV.);;;;60
10067;201300011128;13;7;22;1225;1;2;1;1.0;6;88;0, VOIE RAPIDE;;;;60
10068;201300011129;13;7;22;1610;1;2;1;1.0;3;88;0, GARIGLIANO (PONTS);;;;60
10069;201300011130;13;7;23;220;5;2;3;1.0;3;88;0, GROSSO (A PARTIR DU N;;;;60
10070;201300011132;13;7;24;720;1;2;2;1.0;3;88;0, REPUBLIQUE (AV. DE LA;;;;60
10071;201300011133;13;7;24;2055;2;2;1;1.0;6;88;89, QUAI DES ETATS UNIS;;;;60
10072;201300011134;13;7;24;2215;5;2;1;1.0;6;88;GRENOBLE (ROUTE DE);;;;60
10073;201300011135;13;7;25;950;1;2;1;1.0;2;88;321, ANGLAIS (DU N? 265;;;;60
10074;201300011136;13;7;25;1510;1;2;1;1.0;6;88;8, PASTEUR (BD);;;;60
10075;201300011137;13;7;25;2345;5;2;1;1.0;3;88;163, ANGLAIS (DU N? 114;;;;60
10076;201300011138;13;7;26;845;1;2;1;1.0;2;88;66, GROSSO (A PARTIR DU;;;;60
10077;201300011139;13;7;26;1330;1;2;1;1.0;6;88;9, LEOPOLD II (AV.);;;;60
10078;201300011140;13;7;26;1935;1;2;2;1.0;1;88;0, RIPERT (EMILE);;;;60
10079;201300011141;13;7;27;1550;1;2;2;1.0;3;88;23, BORRIGLIONE (A PARTI;;;;60
10080;201300011142;13;7;27;1700;1;2;1;1.0;3;88;0, PENETRANTE DU PAILLON;;;;60
10081;201300011143;13;7;27;1920;1;2;2;1.0;3;88;0, TURIN (RTE DE);;;;60
10082;201300011144;13;7;29;1600;1;2;1;1.0;6;88;82, GAMBETTA (A PARTIR D;;;;60
10083;201300011145;13;7;30;1615;1;2;1;1.0;6;88;194, MADELEINE (BD DE LA;;;;60
10084;201300011146;13;7;30;1930;1;2;1;1.0;3;88;28, CARABACEL (BD);;;;60
10085;201300011147;13;7;31;225;5;2;1;1.0;6;88;0, VOIE RAPIDE;;;;60
10086;201300011148;13;7;31;945;1;2;1;1.0;3;88;0, VOIE RAPIDE;;;;60
10087;201300011150;13;8;1;945;1;2;1;1.0;6;88;0, MAGNAN (PASS. DU SQ.);;;;60
10088;201300011151;13;8;1;1645;1;2;2;1.0;3;88;0, PINS (AV. DES);;;;60
10089;201300011152;13;8;2;950;1;2;1;1.0;2;159;34, ALBERT 1ER (AVENUE);;;;60
10090;201300011153;13;8;2;1215;1;2;1;1.0;6;88;HOPITAL DE CIMIEZ;;;;60
10091;201300011154;13;8;2;1250;1;2;1;1.0;3;88;39, ETATS UNIS (QUAI DES;;;;60
10092;201300011155;13;8;3;15;5;2;1;1.0;6;88;305, ANGLAIS (DU N? 265;;;;60
10093;201300011156;13;8;3;1520;1;2;1;1.0;6;88;133, GAMBETTA (A PARTIR;;;;60
10094;201300011157;13;8;3;1830;1;2;1;1.0;3;88;12, BUFFA (RUE DE LA);;;;60
10095;201300011158;13;8;4;1550;1;2;2;1.0;6;88;0, CREMAT (CH. DE);;;;60
10096;201300011159;13;8;5;1150;1;2;2;1.0;3;88;0, SAINT-PHILIPPE (PL.);;;;60
10097;201300011160;13;8;5;1515;1;2;1;1.0;2;88;03, BARLA (RUE);;;;60
10098;201300011161;13;8;5;2010;1;2;1;1.0;6;88;0, FALICON (BD COMTE DE);;;;60
10099;201300011163;13;8;7;1600;1;2;1;1.0;3;88;0, SAINT-PHILIPPE (PL.);;;;60
10100;201300011164;13;8;7;2225;5;2;1;1.0;2;88;400, ANGLAIS (A PARTIR D;;;;60
10101;201300011166;13;8;8;1831;1;2;2;1.0;3;88;0, MIOLLIS (R.);;;;60
10102;201300011167;13;8;10;1045;1;2;6;1.0;3;88;0, SAINT-ISIDORE (QUART.;;;;60
10103;201300011168;13;8;13;31;5;2;1;1.0;6;88;11, LYAUTEY (AV. DU MAL);;;;60
10104;201300011169;13;8;16;930;1;2;1;1.0;6;88;37, BARLA (RUE);;;;60
10105;201300011170;13;8;16;1850;1;2;1;1.0;6;88;400, ANGLAIS (A PARTIR D;;;;60
10106;201300011171;13;8;17;1045;1;2;1;1.0;3;88;400, ANGLAIS (A PARTIR D;;;;60
10107;201300011172;13;8;17;1135;1;2;1;1.0;1;88;0, EIFFEL (AV. GUSTAVE);;;;60
10108;201300011174;13;8;19;640;2;2;1;1.0;3;88;0, ILE-DE-BEAUTE (PL. DE;;;;60
10109;201300011175;13;8;19;1430;1;2;1;1.0;6;88;sans, MONTEL (BD PAUL);;;;60
10110;201300011176;13;8;19;1810;1;2;1;1.0;6;88;53, RAYBAUD JOSEPH;;;;60
10111;201300011177;13;8;19;1900;1;2;1;1.0;3;88;289, PESSICART (DU 272/2;;;;60
10112;201300011178;13;8;23;1730;1;2;1;1.0;2;88;0, GALLIENI (AV.);;;;60
10113;201300011179;13;8;25;1515;1;2;1;1.0;3;88;0, ETATS UNIS (QUAI DES);;;;60
10114;201300011180;13;8;26;1230;1;2;1;1.0;2;88;31, CREMAT (CH. DE);;;;60
10115;201300011181;13;8;26;2100;1;2;1;1.0;6;88;44, SAPPIA (AV. HENRI);;;;60
10116;201300011182;13;8;27;615;1;2;2;1.0;3;88;0, BISCHOFFSHEIM (BD);;;;60
10117;201300011183;13;8;27;1050;1;2;1;1.0;3;88;1, ANGLAIS PLAGE (N?1 AU;;;;60
10118;201300011184;13;8;27;2020;1;2;1;1.0;3;88;75, GROSSO (A PARTIR DU;;;;60
10119;201300011185;13;8;28;850;1;2;1;1.0;3;88;0, BLANQUI (PL. AUGUSTE);;;;60
10120;201300011186;13;8;28;1750;1;2;1;1.0;3;88;336, TURIN (RTE DE);;;;60
10121;201300011187;13;8;29;2110;5;2;2;1.0;6;88;0, BLANCON (RUE PIERRE);;;;60
10122;201300011188;13;8;30;1430;1;2;1;1.0;3;88;BELLA VISTA (AV.);;;;60
10123;201300011189;13;8;31;410;5;2;1;1.0;6;88;2, MAETERLINCK (BD M.);;;;60
10124;201300011191;13;8;31;1920;1;2;1;1.0;6;88;15, ITALIE (R. D');;;;60
10125;201300011192;13;9;1;500;5;2;1;1.0;2;88;47, ANGLAIS (DU N? 45 AU;;;;60
10126;201300011193;13;9;2;215;4;2;1;1.0;6;88;0, GRENOUILLERES (AV. DE;;;;60
10127;201300011194;13;9;4;200;5;2;1;1.0;6;88;5, GARIBALDI (PL.);;;;60
10128;201300011195;13;9;4;600;5;2;2;1.0;6;88;0, ARSON (RUE);;;;60
10129;201300011196;13;9;4;830;1;2;1;1.0;3;88;0, SAINT-LAMBERT (AV.) (;;;;60
10130;201300011197;13;9;4;1045;1;2;1;1.0;6;88;28, JAURES (BD JEAN);;;;60
10131;201300011198;13;9;4;1245;1;2;1;1.0;5;88;66, PESSICART (A PARTIR;;;;60
10132;201300011199;13;9;5;1230;1;2;1;1.0;3;88;169, MADELEINE (BD DE LA;;;;60
10133;201300011201;13;9;5;1730;1;2;1;1.0;6;88;14, MAHONIAS (R. DES);;;;60
10134;201300011202;13;9;5;1800;1;2;1;1.0;6;88;0, SCOFFIER (R. EDOUARD);;;;60
10135;201300011203;13;9;6;750;1;2;1;1.0;2;88;0, VOIE RAPIDE;;;;60
10136;201300011204;13;9;6;1010;1;2;1;1.0;6;88;32, JAURES (BD JEAN);;;;60
10137;201300011205;13;9;6;1300;1;2;3;1.0;6;88;115, ANGLAIS (DU N? 114;;;;60