;Num_Acc;an;mois;jour;hrmn;lum;agg;int;atm;col;com;adr;gps;lat;long;dep
10138;201300011206;13;9;6;1330;1;2;1;1.0;3;88;0, CHAPEL (RUE GEORGES);;;;60
10139;201300011207;13;9;7;1000;1;2;2;1.0;6;88;0, BAQUIS (AV.);;;;60
10140;201300011208;13;9;7;1120;1;2;1;1.0;2;88;0, ANGLAIS (DU N? 114 AU;;;;60
10141;201300011209;13;9;7;1220;1;2;1;1.0;6;159;CORNE D OR (BOULEVARD DE;;;;60
10142;201300011210;13;9;9;1300;1;2;1;1.0;3;88;0, COMBOUL (AV. RAYMOND);;;;60
10143;201300011211;13;9;9;2250;5;2;1;1.0;3;88;62, PESSICART (JUSQU'AU;;;;60
10144;201300011212;13;9;13;1405;1;2;1;1.0;1;88;121, MANTEGA-RIGHI (BD);;;;60
10145;201300011213;13;9;13;2100;5;2;1;1.0;6;88;0, BARBERIS (RUE);;;;60
10146;201300011214;13;9;14;515;5;2;1;1.0;6;88;313, FABRON (AV. DE) (JU;;;;60
10147;201300011215;13;9;14;845;1;2;1;1.0;2;88;0, POMPIDOU (BD GEORGES);;;;60
10148;201300011216;13;9;14;1545;1;2;1;1.0;6;88;0, ARENE (AV. PAUL);;;;60
10149;201300011217;13;9;14;1610;1;2;1;1.0;6;88;19, AUGUSTA (AV. ANTONIA;;;;60
10150;201300011218;13;9;15;40;5;2;1;1.0;6;88;0, ANGLAIS PLAGE (N? 113;;;;60
10151;201300011219;13;9;15;1120;1;2;3;1.0;3;88;0, TZAREWITCH (BD DU);;;;60
10152;201300011220;13;9;15;1725;1;2;1;1.0;6;88;265, CALIFORNIE (AV.) (A;;;;60
10153;201300011221;13;9;17;1905;1;2;1;1.0;6;88;0, CARLONE (BD);;;;60
10154;201300011222;13;9;18;1200;1;2;1;1.0;3;88;52/54, MATISSE (AV. HENR;;;;60
10155;201300011223;13;9;18;1425;1;2;1;1.0;5;88;0, VALOMBROSE (AV. DE);;;;60
10156;201300011224;13;9;19;1030;1;2;1;1.0;3;88;156, OLIVIERS (CORNICHE;;;;60
10157;201300011225;13;9;19;1740;1;2;1;1.0;3;159;1, ALBERT 1ER (AVENUE);;;;60
10158;201300011226;13;9;19;1800;1;2;1;1.0;6;88;0, ANGLAIS (A PARTIR DU;;;;60
10159;201300011227;13;9;19;2302;5;2;1;1.0;3;88;0, ANGLAIS (A PARTIR DU;;;;60
10160;201300011228;13;9;22;1330;1;2;1;1.0;6;88;79, SAINT-AUGUSTIN (AV.;;;;60
10161;201300011229;13;9;23;1010;1;2;1;1.0;6;88;54, TRACHEL (RUE);;;;60
10162;201300011230;13;9;23;1610;1;2;1;1.0;2;88;14, THIERS (AV.);;;;60
10163;201300011231;13;9;23;1940;5;2;1;1.0;6;88;0, COMBOUL (AV. RAYMOND);;;;60
10164;201300011232;13;9;24;915;1;2;1;1.0;3;88;0, REPUBLIQUE (AV. DE LA;;;;60
10165;201300011233;13;9;24;1700;1;2;1;1.0;5;88;12, ESTIENNE -D'ORVES (A;;;;60
10166;201300011234;13;9;24;2020;5;2;1;1.0;6;88;4, CALIFORNIE (AV.) (JUS;;;;60
10167;201300011235;13;9;24;2240;5;2;1;1.0;2;88;7, THIERS (AV.);;;;60
10168;201300011236;13;9;25;1630;1;2;1;1.0;3;88;122, BRANCOLAR (AV.) (A;;;;60
10169;201300011237;13;9;26;1345;1;2;1;1.0;6;88;288, MADELEINE (BD DE LA;;;;60
10170;201300011238;13;9;26;1445;1;2;1;1.0;1;88;33, CIMIEZ (BD) A PARTIR;;;;60
10171;201300011239;13;9;26;1500;1;2;1;1.0;2;88;10, FOCH (AV. MARECHAL);;;;60
10172;201300011240;13;9;26;1900;1;2;2;1.0;3;88;0, SEMERIA (AV. DENIS);;;;60
10173;201300011241;13;9;29;1215;1;2;1;1.0;2;88;76, BAREL (BD VIRGILE);;;;60
10174;201300011242;13;9;29;1500;1;2;1;3.0;2;88;54, TURIN (RTE DE);;;;60
10175;201300011243;13;9;30;954;1;2;1;1.0;2;88;DURANDY (AV. JOSEPH);;;;60
10176;201300011244;13;9;30;1115;1;2;1;1.0;6;88;0, GARIBALDI (PL.);;;;60
10177;201300011245;13;9;30;1230;1;2;2;1.0;3;88;0, VERNIER (R.);;;;60
10178;201300011246;13;9;30;1350;1;2;1;1.0;3;88;93, ANGLAIS (DU N? 45 AU;;;;60
10179;201300011247;13;10;1;955;1;2;2;1.0;6;88;0, VILLE (R. GEORGES);;;;60
10180;201300011248;13;10;1;1415;1;2;1;1.0;6;88;366, GRENOBLE (ROUTE DE);;;;60
10181;201300011249;13;10;1;1815;1;2;1;1.0;6;88;27, PAULIANI (AV.);;;;60
10182;201300011250;13;10;3;1630;1;2;1;1.0;6;88;0, REINE-VICTORIA (AV.);;;;60
10183;201300011251;13;10;4;2300;5;2;2;1.0;6;88;0, BARBERIS (RUE);;;;60
10184;201300011252;13;10;5;1340;1;2;1;1.0;3;88;145, FRANCE (R. DE) A PA;;;;60
10185;201300011253;13;10;5;1500;1;2;2;1.0;3;88;0, ALBERTI (RUE);;;;60
10186;201300011254;13;10;6;2335;5;2;1;1.0;3;88;0, PILATTE (BD FRANCK);;;;60
10187;201300011255;13;10;7;1142;1;2;1;1.0;3;88;22, MEDECIN (AV. JEAN);;;;60
10188;201300011256;13;10;7;1330;1;2;2;1.0;3;88;0, GOUNOD (RUE);;;;60
10189;201300011257;13;10;7;1900;1;2;2;1.0;3;88;SAINT-JEAN BAPTISTE (AV.;;;;60
10190;201300011258;13;10;8;645;1;2;1;1.0;1;159;1720, CAROUBIERS (AVENUE;;;;60
10191;201300011259;13;10;8;900;1;2;1;1.0;7;88;56, DUNANT (AV. HENRI);;;;60
10192;201300011260;13;10;8;1005;1;2;1;1.0;6;88;0, JOLY (CORNICHE ANDRE;;;;60
10193;201300011261;13;10;8;1210;1;2;1;1.0;3;88;49, CALIFORNIE (AV.) (A;;;;60
10194;201300011262;13;10;9;940;1;2;1;1.0;2;88;0, POMPIDOU (BD GEORGES);;;;60
10195;201300011266;13;10;10;2020;4;2;1;1.0;6;88;254, STE MARGUERITE (AV.;;;;60
10196;201300011267;13;10;11;645;5;2;1;1.0;1;88;0, MATISSE (AV. HENRI);;;;60
10197;201300011270;13;10;11;1720;1;1;1;1.0;2;88;0, PENETRANTE DU PAILLON;;;;60
10198;201300011271;13;10;11;1815;1;2;1;1.0;6;88;0, VOIE RAPIDE;;;;60
10199;201300011272;13;10;12;1635;1;2;3;1.0;3;88;0, BARAQUES (TRAV.);;;;60
10200;201300011273;13;10;12;1700;1;2;1;1.0;6;88;0, SAPPIA (AV. HENRI);;;;60
10201;201300011274;13;10;14;1210;1;2;1;1.0;2;88;0, VOIE RAPIDE;;;;60
10202;201300011275;13;10;15;830;1;2;1;1.0;3;88;0, ARENE (AV. PAUL);;;;60
10203;201300011276;13;10;15;1210;1;2;1;1.0;3;88;0, POMPIDOU (BD GEORGES);;;;60
10204;201300011277;13;10;15;1230;1;2;1;1.0;3;88;28, ROQUEBILLIERE (R. DE;;;;60
10205;201300011278;13;10;15;1715;1;2;1;1.0;6;88;119, GAMBETTA (A PARTIR;;;;60
10206;201300011279;13;10;16;1635;1;2;1;1.0;6;88;4, GIORDAN (AV. JOSEPH);;;;60
10207;201300011280;13;10;16;1900;5;2;1;1.0;6;88;14, MACCARIO (R. MAURICE;;;;60
10208;201300011281;13;10;16;2240;5;2;1;1.0;2;88;71, LANTERNE (AV. DE LA);;;;60
10209;201300011282;13;10;17;845;1;2;1;1.0;6;88;52, GROSSO (JUSQU'AU N?;;;;60
10210;201300011283;13;10;17;1810;1;2;3;1.0;3;88;30, BOUNIN (RUE PAUL);;;;60
10211;201300011284;13;10;17;2000;1;2;1;1.0;6;88;0, VALROSE (AV. );;;;60
10212;201300011285;13;10;18;1410;1;2;1;1.0;3;88;0, ROBINI (AV. DR VICTOR;;;;60
10213;201300011286;13;10;18;2030;5;2;1;1.0;6;88;0, GRENOBLE (ROUTE DE);;;;60
10214;201300011287;13;10;18;2048;5;2;1;1.0;3;88;36, SOLA (BD PIERRE);;;;60
10215;201300011288;13;10;19;500;5;2;2;1.0;3;88;0, GRENOBLE (ROUTE DE);;;;60
10216;201300011289;13;10;19;555;5;2;1;1.0;6;88;0, ANGLAIS PLAGE (N?1 AU;;;;60
10217;201300011291;13;10;19;2153;5;2;1;1.0;3;88;0, PELLOS (R. FRANCOIS);;;;60
10218;201300011292;13;10;19;2220;5;2;2;1.0;3;88;0, CH?TEAU ST PIERRE (CH;;;;60
10219;201300011296;13;10;23;1015;1;2;1;3.0;6;88;31, MARNE (AV. DE LA);;;;60
10220;201300011297;13;10;23;1545;1;2;1;2.0;3;88;0, VAUBAN (R. MARECHAL);;;;60
10221;201300011298;13;10;24;1530;1;2;2;1.0;3;88;15, HOTEL DES POSTES (R.;;;;60
10222;201300011299;13;10;24;1715;1;2;1;1.0;2;88;25, GRACE DE MONACO (BD;;;;60
10223;201300011300;13;10;24;1815;2;2;1;1.0;3;88;10, LORRAIN (AV. JEAN);;;;60
10224;201300011302;13;10;24;2100;5;2;1;1.0;2;88;1, CALIFORNIE (AV.) (A P;;;;60
10225;201300011303;13;10;25;840;1;2;1;1.0;1;88;387, MADELEINE (BD DE LA;;;;60
10226;201300011304;13;10;25;1100;1;2;1;1.0;2;88;91, SAINT-PIERRE DE FERI;;;;60
10227;201300011305;13;10;25;1200;1;2;2;1.0;3;88;0, EIFFEL (AV. GUSTAVE);;;;60
10228;201300011306;13;10;25;1700;1;2;3;1.0;3;88;0, CARNOT (BD);;;;60
10229;201300011308;13;10;26;1800;2;2;1;1.0;3;88;0, SLAMA (RUE MAURICE);;;;60
10230;201300011309;13;10;28;1405;1;2;3;1.0;6;88;0, GAMBETTA (A PARTIR DU;;;;60
10231;201300011310;13;10;28;1445;1;2;1;1.0;5;88;263, ANGLAIS (DU N? 114;;;;60
10232;201300011311;13;10;28;1635;1;2;1;1.0;1;88;0, FABRON (AV. DE) (JUSQ;;;;60
10233;201300011312;13;10;28;2150;5;2;1;1.0;3;88;0, RISSO (BD);;;;60
10234;201300011313;13;10;29;815;1;2;1;2.0;1;88;0, OBSERVATOIRE (R. PRIV;;;;60
10235;201300011314;13;10;29;1800;5;2;1;2.0;6;88;0, PENETRANTE DU PAILLON;;;;60
10236;201300011315;13;10;29;1830;5;2;1;2.0;2;88;1, VIGO (R. JEAN);;;;60
10237;201300011316;13;10;30;830;1;2;1;1.0;6;88;14, SAQUIER (CH. DE);;;;60
10238;201300011317;13;10;30;1655;1;2;6;1.0;6;88;0, RAY (AV. DU);;;;60
10239;201300011318;13;10;31;1120;1;2;1;1.0;2;88;0, CANAVESE (RUE JEAN);;;;60
10240;201300011319;13;10;31;1805;5;2;1;1.0;5;88;0, VOIE RAPIDE;;;;60
10241;201300011320;13;10;31;1830;5;2;1;1.0;6;88;0, ANGLAIS (A PARTIR DU;;;;60
10242;201300011321;13;11;2;845;1;2;1;1.0;6;88;52, CARNOT (BD);;;;60
10243;201300011322;13;11;2;2100;5;2;1;1.0;1;88;0, BAVASTRO (RUE);;;;60
10244;201300011323;13;11;4;735;1;2;2;1.0;3;88;0, CASTELLANE (AV.);;;;60
10245;201300011325;13;11;5;1300;1;2;1;1.0;3;88;0, CIMIEZ (BD) A PARTIR;;;;60
10246;201300011326;13;11;5;1430;1;2;1;1.0;6;88;163, CASSIN (BD RENE);;;;60
10247;201300011327;13;11;5;1505;1;2;1;1.0;5;88;154, BESSET (AV.) (A PAR;;;;60
10248;201300011328;13;11;5;1800;2;1;1;1.0;4;88;0, RD 6202;;;;60
10249;201300011329;13;11;6;855;1;2;1;1.0;2;88;0, VOIE RAPIDE;;;;60
10250;201300011330;13;11;6;955;1;2;3;1.0;3;88;VERANY (BD J.B.);;;;60
10251;201300011331;13;11;6;1140;1;2;1;1.0;6;88;18, ACCHIARDI DE ST LEGE;;;;60
10252;201300011333;13;11;6;1330;1;2;1;1.0;6;88;222, TURIN (RTE DE);;;;60
10253;201300011334;13;11;6;1550;1;2;1;1.0;3;88;0, RAYNAUD (BD AUGUSTE);;;;60
10254;201300011335;13;11;6;1645;1;2;1;1.0;2;88;91, ANGLAIS (DU N? 45 AU;;;;60
10255;201300011337;13;11;9;300;5;2;2;1.0;3;88;0, GALLIENI (AV.);;;;60
10256;201300011338;13;11;9;1110;1;2;2;1.0;3;88;0, BERLIOZ (RUE);;;;60
10257;201300011339;13;11;9;1210;1;2;1;1.0;3;88;0, TURIN (RTE DE);;;;60
10258;201300011340;13;11;9;1344;1;2;1;1.0;2;88;61, ANGLAIS (A PARTIR DU;;;;60
10259;201300011341;13;11;9;1530;1;2;1;1.0;2;88;0, JOLY (CORNICHE ANDRE;;;;60
10260;201300011342;13;11;10;1550;1;2;1;1.0;6;88;273, ANGLAIS PLAGE (DU 2;;;;60
10261;201300011343;13;11;10;1845;5;2;3;1.0;3;88;0, CASSIN (BD RENE);;;;60
10262;201300011344;13;11;11;1330;1;2;2;1.0;3;88;0, DANTE (RUE);;;;60
10263;201300011345;13;11;11;1900;5;2;1;1.0;3;88;110, GAMBETTA (A PARTIR;;;;60
10264;201300011346;13;11;12;720;1;2;1;1.0;3;88;0, ROMAINE (AV. DE LA VO;;;;60
10265;201300011347;13;11;12;1050;1;2;1;1.0;3;88;301, ANGLAIS PLAGE (DU 2;;;;60
10266;201300011348;13;11;13;800;1;2;1;1.0;3;88;63, MADELEINE (BD DE LA);;;;60
10267;201300011349;13;11;13;810;1;2;1;1.0;6;88;32, CHATEAUNEUF (RUE);;;;60
10268;201300011350;13;11;13;1035;1;2;6;1.0;3;88;0, RAY (AV. DU);;;;60
10269;201300011351;13;11;14;1730;2;2;1;1.0;6;88;234, STE MARGUERITE (AV.;;;;60
10270;201300011352;13;11;17;620;5;2;1;1.0;6;88;0, POMPIDOU (BD GEORGES);;;;60
10271;201300011353;13;11;17;645;2;2;1;1.0;2;88;58, GAMBETTA (JUSQU'AU N;;;;60
10272;201300011354;13;11;17;800;1;2;1;1.0;3;88;0, BARLA (RUE);;;;60
10273;201300011355;13;11;17;1100;1;2;1;2.0;3;88;0, GAMBETTA (A PARTIR DU;;;;60
10274;201300011356;13;11;17;1610;1;2;1;2.0;6;88;16, COMBOUL (AV. RAYMOND;;;;60
10275;201300011357;13;11;18;730;1;2;1;1.0;3;88;0, ARMEE DU RHIN (PLACE);;;;60
10276;201300011358;13;11;18;1145;1;2;1;1.0;6;88;30, MARCEAU (R.);;;;60
10277;201300011359;13;11;18;1230;1;2;1;2.0;2;88;27, ANGLAIS (DU N? 1 AU;;;;60
10278;201300011360;13;11;19;1135;1;2;1;2.0;6;88;14, SAINTE-ROSALIE (CORN;;;;60
10279;201300011361;13;11;20;2015;5;2;1;1.0;3;88;57, RAYBAUD JOSEPH;;;;60
10280;201300011362;13;11;21;1845;1;2;1;1.0;1;88;0, STE MARGUERITE (AV.);;;;60
10281;201300011363;13;11;22;50;5;2;3;1.0;6;88;0, GIOFFREDO (R.);;;;60
10282;201300011364;13;11;22;1115;1;2;1;1.0;6;88;2, JAURES (BD JEAN);;;;60
10283;201300011365;13;11;22;1930;5;2;1;1.0;3;88;111, GAMBETTA (A PARTIR;;;;60
10284;201300011366;13;11;22;2220;5;2;2;1.0;5;88;0, CORNIGLION MOLINIER (;;;;60
10285;201300011367;13;11;23;1715;2;2;1;1.0;6;88;0, GUIGLIA (R.);;;;60
10286;201300011368;13;11;23;2320;5;2;1;1.0;6;88;181, CALIFORNIE (AV.) (A;;;;60
10287;201300011369;13;11;24;1215;1;2;1;1.0;6;88;24, RIQUIER (BD DE);;;;60
10288;201300011370;13;11;24;1300;1;2;1;1.0;6;88;33, GORBELLA (BD DE);;;;60
10289;201300011371;13;11;25;815;1;2;1;1.0;6;88;0, TASSIGNY (ESPLANADE L;;;;60
10290;201300011372;13;11;25;855;1;2;1;1.0;2;88;75, ANGLAIS (DU N? 45 AU;;;;60
10291;201300011374;13;11;25;1840;5;2;1;1.0;4;88;0, ARIANE (BD DE L');;;;60
10292;201300011377;13;11;28;755;1;2;1;1.0;2;88;62, MONTEL (BD PAUL);;;;60
10293;201300011378;13;11;28;940;1;2;1;1.0;3;88;115, CANTA GALET (RTE DE;;;;60
10294;201300011379;13;11;28;1130;1;2;2;1.0;3;88;0, THIERS (AV.);;;;60
10295;201300011380;13;11;28;1355;1;2;1;1.0;2;88;128, CALIFORNIE (AV.) (D;;;;60
10296;201300011381;13;11;29;500;5;2;1;1.0;3;88;223, ANGLAIS (A PARTIR D;;;;60
10297;201300011382;13;11;29;855;1;2;3;1.0;3;88;0, LYAUTEY (AV. DU MAL);;;;60
10298;201300011383;13;11;29;1100;1;2;1;1.0;6;88;8, FALICON (BD COMTE DE);;;;60
10299;201300011384;13;11;29;1300;1;2;1;1.0;2;88;99, MADELEINE (BD DE LA);;;;60
10300;201300011385;13;11;29;1630;1;2;1;1.0;3;88;78, STE MARGUERITE (AV.);;;;60
10301;201300011386;13;11;30;239;5;2;1;1.0;6;88;0, ETATS UNIS (QUAI DES);;;;60
10302;201300011387;13;11;30;830;1;2;1;1.0;6;88;114, CARNOT (BD);;;;60
10303;201300011388;13;11;30;1700;2;2;1;1.0;3;88;0, ROMAINE (AV. DE LA VO;;;;60
10304;201300011389;13;11;30;2100;5;2;2;1.0;3;88;0, LEPANTE (R. DE);;;;60
10305;201300011390;13;12;1;1735;5;2;1;1.0;6;88;11, THAON-DE-REVEL (R.);;;;60
10306;201300011391;13;12;1;1905;5;2;1;1.0;5;88;0, VOIE RAPIDE;;;;60
10307;201300011392;13;12;2;750;1;2;1;1.0;6;88;0, COTY (PONT RENE);;;;60
10308;201300011393;13;12;2;1500;1;2;1;1.0;3;88;0, DIGUE DES FRANCAIS (T;;;;60
10309;201300011394;13;12;3;800;1;2;3;1.0;6;88;4760, BELLET (RTE DE);;;;60
10310;201300011395;13;12;3;840;1;2;1;1.0;6;88;61, STE MARGUERITE (AV.);;;;60
10311;201300011396;13;12;4;900;1;2;2;1.0;3;88;0, GAZAN JOSEPH;;;;60
10312;201300011397;13;12;4;1500;1;2;1;1.0;6;88;0, ROQUEBILLIERE (R. DE);;;;60
10313;201300011398;13;12;4;1545;1;2;2;1.0;6;88;21, MARCEAU (R.);;;;60
10314;201300011400;13;12;5;1735;1;2;1;1.0;3;88;0, GRENOBLE (ROUTE DE);;;;60
10315;201300011401;13;12;5;1945;5;2;1;1.0;2;88;36, DIGUE DES FRANCAIS (;;;;60
10316;201300011403;13;12;6;1640;1;2;2;1.0;3;88;0, RICHELMI (R. DR P.);;;;60
10317;201300011404;13;12;6;2015;5;2;1;1.0;2;88;12, JAURES (BD JEAN);;;;60
10318;201300011405;13;12;6;2125;5;2;1;1.0;2;88;34, GAL (R. AUGUSTE);;;;60
10319;201300011406;13;12;8;1515;1;2;1;1.0;3;88;107, QUAI DES ETATS UNIS;;;;60
10320;201300011407;13;12;9;825;1;2;1;1.0;6;88;14, CHEVALIERS DE MALTE;;;;60
10321;201300011409;13;12;9;930;1;2;3;1.0;6;88;0, CALIFORNIE (AV.) (A P;;;;60
10322;201300011410;13;12;9;1115;1;2;1;1.0;3;88;0, RISSO (BD);;;;60
10323;201300011411;13;12;10;1705;1;2;1;1.0;3;88;0, CIMIEZ (BD) A PARTIR;;;;60
10324;201300011412;13;12;10;2000;5;2;1;1.0;6;88;31, PAILLOS (RTE DE LA);;;;60
10325;201300011413;13;12;10;2145;5;2;1;1.0;6;88;250, TURIN (RTE DE);;;;60
10326;201300011414;13;12;11;915;1;2;1;1.0;5;88;112, TURIN (RTE DE);;;;60
10327;201300011415;13;12;11;1415;1;2;1;1.0;6;88;0, GAMBETTA (JUSQU'AU N?;;;;60
10328;201300011417;13;12;11;1500;1;2;1;1.0;3;88;0, BARLA (RUE);;;;60
10329;201300011418;13;12;12;25;5;2;1;1.0;6;88;0, RAYBAUD JOSEPH;;;;60
10330;201300011419;13;12;12;740;1;2;1;1.0;6;88;34, ARSON (RUE);;;;60
10331;201300011420;13;12;12;845;1;2;1;1.0;5;88;15, CAVELL (AV. EDITH);;;;60
10332;201300011421;13;12;12;1440;1;2;4;1.0;2;88;0, GRACE DE MONACO (BD P;;;;60
10333;201300011422;13;12;13;1055;1;2;1;1.0;6;88;0, JOFFRE (R. MARECHAL);;;;60
10334;201300011423;13;12;13;1300;1;2;1;1.0;6;88;0, BARBERIS (RUE);;;;60
10335;201300011424;13;12;13;1720;2;2;1;1.0;6;88;0, GRINDA (AV. EDOUARD);;;;60
10336;201300011425;13;12;13;2020;5;2;2;1.0;3;88;SAINT-SYLVESTRE (AV. DE);;;;60
10337;201300011427;13;12;16;1110;1;2;1;1.0;3;88;265, MADELEINE (BD DE LA;;;;60
10338;201300011428;13;12;16;1315;1;2;1;1.0;4;88;42, TRACHEL (RUE);;;;60
10339;201300011429;13;12;16;2120;5;2;1;1.0;6;88;0, ANGLAIS PLAGE(  PARTI;;;;60
10340;201300011430;13;12;17;1000;1;2;1;1.0;6;88;0, CANAVESE (RUE JEAN);;;;60
10341;201300011431;13;12;17;1215;1;2;1;1.0;6;88;0, MAISTRE (AV. J. ET X.;;;;60
10342;201300011432;13;12;17;1530;1;2;1;1.0;6;88;0, GUBERNATIS (R.);;;;60
10343;201300011433;13;12;18;1230;1;2;1;1.0;6;88;23, SAINT-ROCH (BD DE);;;;60
10344;201300011434;13;12;18;1815;5;2;1;1.0;6;88;228, TURIN (RTE DE);;;;60
10345;201300011435;13;12;18;2220;5;2;1;1.0;1;88;60, SAINTE-ROSALIE (CORN;;;;60
10346;201300011436;13;12;19;650;2;2;1;2.0;1;88;188 bis, SAINT-PIERRE DE;;;;60
10347;201300011437;13;12;22;810;1;2;1;1.0;1;159;0, PRINCESSE GRACE DE MO;;;;60
10348;201300011438;13;12;23;1215;1;2;1;1.0;2;88;274, ANGLAIS PLAGE (DU 2;;;;60
10349;201300011439;13;12;23;1305;1;2;1;1.0;6;88;30, GRINDA (AV. EDOUARD);;;;60
10350;201300011440;13;12;23;1700;2;2;1;1.0;6;88;2, GORBELLA (BD DE);;;;60
10351;201300011441;13;12;23;1720;5;2;1;1.0;3;88;0, GAMBETTA (A PARTIR DU;;;;60
10352;201300011442;13;12;24;920;1;2;1;3.0;3;88;0, CASSIN (BD RENE);;;;60
10353;201300011443;13;12;26;900;1;2;1;3.0;3;88;0, GARIGLIANO (PONTS);;;;60
10354;201300011445;13;12;27;845;1;2;4;1.0;3;88;0, JOLY (CORNICHE ANDRE;;;;60
10355;201300011446;13;12;27;1000;1;2;1;1.0;3;159;0, PRINCESSE GRACE DE MO;;;;60
10356;201300011447;13;12;29;1145;1;2;1;1.0;3;88;0, RD 6202;;;;60
10357;201300011449;13;12;30;1545;1;2;1;1.0;3;88;241, GRENOBLE (ROUTE DE);;;;60
10358;201300011450;13;4;9;1215;1;2;1;1.0;1;99;18 ROUTE DE LIGNAN;M;0.0;0.0;330
10359;201300011451;13;6;4;1115;1;2;1;1.0;1;99;17 route de latresne;M;4481600.0;-47700.0;330
10360;201300011452;13;1;8;945;1;2;1;1.0;2;303;Route de FOURCHMABAULT;M;0.0;0.0;580
10361;201300011453;13;1;15;1800;3;1;1;4.0;6;303;;M;0.0;0.0;580
10362;201300011454;13;2;28;1545;1;2;1;1.0;3;88;place de la libert?;M;0.0;0.0;580
10363;201300011455;13;4;13;530;3;1;1;8.0;6;88;;M;0.0;0.0;580
10364;201300011456;13;5;19;1415;1;1;1;2.0;6;300;;M;0.0;0.0;580
10365;201300011457;13;6;5;1930;1;2;1;1.0;2;303;D907;M;4701300.0;315300.0;580
10366;201300011458;13;6;13;1500;1;1;1;3.0;5;300;;M;4703200.0;321300.0;580
10367;201300011459;13;8;8;1145;1;2;1;1.0;6;131;27 GRANDE RUE;M;0.0;0.0;580
10368;201300011460;13;10;12;1530;1;1;1;2.0;1;231;;M;0.0;0.0;580
10369;201300011462;13;6;11;1700;1;2;1;1.0;4;171;Avenue de la R?publique;M;0.0;0.0;210
10370;201300011463;13;8;31;2245;3;1;1;1.0;2;473;;M;4727100.0;506300.0;210
10371;201300011464;13;10;27;2030;5;2;1;8.0;6;515;avenue de l'universit?;M;4731800.0;510900.0;210
10372;201300011465;13;11;28;1415;1;2;1;1.0;6;515;Avenue du Ch?teau;M;4731800.0;511400.0;210
10373;201300011466;13;1;6;1500;1;1;3;1.0;3;40;;M;4347886.0;554346.0;130
10374;201300011467;13;2;1;1415;1;2;1;8.0;6;40;chemin des mines;M;4344036.0;556139.0;130
10375;201300011468;13;2;6;1745;2;1;1;1.0;1;40;;M;0.0;0.0;130
10376;201300011469;13;6;2;1615;1;1;1;1.0;3;40;;M;0.0;0.0;130
10377;201300011470;13;6;4;915;1;1;1;1.0;1;40;;M;0.0;0.0;130
10378;201300011471;13;7;7;1300;1;1;1;1.0;1;40;;M;4344961.0;553676.0;130
10379;201300011472;13;8;21;2030;1;1;1;1.0;1;40;;M;0.0;0.0;130
10380;201300011473;13;10;7;745;2;1;1;1.0;6;40;;M;0.0;0.0;130
10381;201300011474;13;11;23;1030;1;1;2;1.0;3;25;;M;0.0;0.0;130
10382;201300011475;13;12;8;1200;1;1;1;1.0;6;90;;M;0.0;0.0;130
10383;201300011477;13;4;21;1030;1;1;1;1.0;1;266;;M;4398570.0;8921.0;470
10384;201300011478;13;9;7;2130;3;1;1;8.0;3;195;;M;4413100.0;33900.0;470
10385;201300011479;13;9;13;1715;1;1;1;1.0;1;143;;M;4417300.0;29800.0;470
10386;201300011480;13;11;29;1930;3;2;1;1.0;6;195;AVENUE GEORGES CLEMENCEA;M;4413220.0;35026.0;470
10387;201300011481;13;12;21;1245;1;1;1;1.0;6;195;;M;4414160.0;35257.0;470
10388;201300011482;13;4;23;1950;1;2;1;1.0;4;19;37, RN 102;;;;70
10389;201300011483;13;1;26;1100;1;1;1;1.0;2;325;RD 578 BIS;;;;70
10390;201300011484;13;2;28;815;1;1;1;1.0;1;116;102 ( ROUTE NATIONALE );;;;70
10391;201300011485;13;6;13;905;1;2;7;1.0;6;19;02, PAIX (PLACE DE LA);;;;70
10392;201300011486;13;10;7;1500;1;2;1;1.0;3;19;15, GUINGUETTE (ALLEE DE;;;;70
10393;201300011487;13;10;27;245;5;2;1;1.0;6;19;44, BELLANDE (AVENUE DE;;;;70
10394;201300011488;13;12;9;20;5;1;1;1.0;6;19;101, RN 102;;;;70
10395;201300011489;13;2;14;955;1;2;1;1.0;3;102;1471, SADI-CARNOT (AVEN.;;;;70
10396;201300011490;13;3;6;445;5;1;1;2.0;1;102;MISTRAL (PONT FREDERIC);;;;70
10397;201300011491;13;5;9;1755;1;2;6;2.0;3;281;ROND-POINT POLE 2000;;;;70
10398;201300011492;13;6;8;210;5;2;2;1.0;7;102;93, SADI-CARNOT (AV.) [D;;;;70
10399;201300011493;13;9;3;800;1;2;1;1.0;1;70;121, COLONNEL ROUSSET (A;;;;70
10400;201300011494;13;11;1;240;5;2;6;1.0;6;102;1330, REPUBLIQUE (AV.DE;;;;70
10401;201300011495;13;7;9;1445;1;1;1;1.0;3;202;;M;0.0;0.0;110
10402;201300011496;13;2;1;1715;5;2;1;2.0;6;678;51 rue charles peguy;M;4941606.0;600179.0;570
10403;201300011497;13;3;5;1630;1;2;1;1.0;1;731;Avenue de la Liberte;M;0.0;0.0;570
10404;201300011498;13;3;24;1700;1;2;1;1.0;3;38;258 rue Clemenceau;M;4947102.0;595375.0;570
10405;201300011499;13;5;19;15;5;1;1;1.0;3;305;;M;0.0;0.0;570
10406;201300011500;13;6;25;1945;1;2;1;1.0;3;38;rue Napoleon Ier;M;4948558.0;596685.0;570
10407;201300011501;13;8;18;1845;1;2;1;1.0;5;38;rue st michel/vieux colo;M;4946567.0;595512.0;570
10408;201300011502;13;10;19;500;3;1;1;1.0;7;678;GN 49.696 6.002;M;0.0;0.0;570
10409;201300011503;13;10;26;2000;5;2;1;3.0;6;731;avenue de la libert?;M;4944372.0;608129.0;570
10410;201300011505;13;11;23;2015;5;2;1;1.0;3;96;27 rue Emile Zola;M;4938516.0;594013.0;570
10411;201300011506;13;4;8;2050;3;2;1;1.0;6;186;29, LANCELOT (BLD. DE L';;;;70
10412;201300011507;13;2;14;845;1;2;1;1.0;1;186;CHOMERAC (ROUTE DE);;;;70