;Num_Acc;an;mois;jour;hrmn;lum;agg;int;atm;col;com;adr;gps;lat;long;dep
10413;201300011508;13;2;20;900;1;2;1;1.0;2;186;DEPARTEMENTALE D2;;;;70
10414;201300011509;13;4;10;1000;1;1;3;1.0;3;340;RUISSOL (LE);;;;70
10415;201300011510;13;3;30;1650;1;2;6;3.0;3;186;INDUSTRIE (AVENUE DE L');;;;70
10416;201300011512;13;7;13;1915;1;2;1;7.0;3;8;287, BLACHES  ( QUARTIER;;;;70
10417;201300011513;13;7;12;1130;1;2;4;1.0;3;186;5, CHOMERAC (AVENUE DE);;;;70
10418;201300011514;13;9;7;1015;1;2;1;2.0;6;186;416, PASTE (BLD. DE);;;;70
10419;201300011515;13;7;13;1600;1;1;1;1.0;7;259;;M;0.0;0.0;340
10420;201300011516;13;7;27;1715;1;1;1;1.0;3;259;;M;0.0;0.0;340
10421;201300011517;13;4;11;1130;1;2;1;1.0;3;334;ZA BELLEVUE;M;4815212.0;-158598.0;350
10422;201300011518;13;6;28;1800;1;1;6;1.0;3;51;;M;4814006.0;-162766.0;350
10423;201300011519;13;7;18;930;1;1;1;1.0;5;51;;M;4811447.0;-156040.0;350
10424;201300011520;13;1;11;1645;1;1;1;7.0;1;151;;M;4319400.0;247400.0;110
10425;201300011521;13;6;14;1015;1;1;1;1.0;5;68;;M;0.0;0.0;110
10426;201300011522;13;7;11;115;3;1;1;1.0;6;151;;M;0.0;0.0;110
10427;201300011523;13;8;19;845;1;1;1;1.0;3;261;;M;0.0;0.0;110
10428;201300011524;13;9;8;2130;3;1;1;1.0;6;397;;M;4320300.0;249400.0;110
10429;201300011525;13;10;11;830;1;2;1;1.0;6;88;rue victor hugo;M;4317800.0;237700.0;110
10430;201300011526;13;10;30;30;5;2;1;1.0;6;272;36 las ortas;M;4317500.0;239300.0;110
10431;201300011527;13;12;1;800;2;1;1;1.0;7;397;;M;4320700.0;241500.0;110
10432;201300011528;13;12;25;1245;1;1;1;1.0;1;397;;M;0.0;0.0;110
10433;201300011529;13;3;1;1345;1;1;1;1.0;3;227;;M;4593100.0;184200.0;230
10434;201300011531;13;9;6;1830;1;1;1;3.0;6;165;;M;0.0;0.0;230
10435;201300011532;13;11;8;1000;1;1;1;2.0;7;144;;M;0.0;0.0;230
10436;201300011533;13;2;12;700;3;1;1;1.0;7;92;;M;4837200.0;188300.0;280
10437;201300011534;13;3;12;730;1;1;1;4.0;2;349;;M;4858000.0;200599.0;780
10438;201300011535;13;3;16;2300;3;1;1;1.0;2;111;A10;M;0.0;0.0;910
10439;201300011536;13;3;30;1445;1;1;9;1.0;1;9;;M;0.0;0.0;780
10440;201300011537;13;4;25;645;2;1;9;1.0;1;408;;M;0.0;0.0;280
10441;201300011538;13;5;2;1115;1;1;1;1.0;6;26;;M;0.0;0.0;280
10442;201300011539;13;7;7;1145;1;1;1;1.0;5;17;A10;M;0.0;0.0;910
10443;201300011540;13;7;15;1500;1;1;1;1.0;6;169;;M;0.0;0.0;280
10444;201300011542;13;9;29;830;1;1;1;5.0;7;499;;M;0.0;0.0;780
10445;201300011543;13;12;30;1445;1;1;1;2.0;6;92;;M;0.0;0.0;280
10446;201300011544;13;6;8;300;3;1;6;1.0;6;88;D966;M;0.0;0.0;510
10447;201300011545;13;6;18;1815;1;2;2;1.0;3;660;AVE DE GAULLE/DES ECOLES;M;0.0;0.0;510
10448;201300011546;13;7;26;1745;1;2;2;1.0;3;505;D20/PT CH. D EPOYE;M;0.0;0.0;510
10449;201300011547;13;11;29;330;3;1;1;5.0;6;74;D31;M;0.0;0.0;510
10450;201300011548;13;1;29;1015;1;2;1;1.0;6;64;Rue de l'industrie;M;0.0;0.0;690
10451;201300011549;13;3;8;1630;1;1;3;1.0;3;7;;M;0.0;0.0;690
10452;201300011550;13;3;9;1815;5;2;1;1.0;3;80;RD 103;M;0.0;0.0;690
10453;201300011551;13;4;23;330;5;2;1;1.0;6;7;RUE DE LA FELODIERE;M;0.0;0.0;690
10454;201300011552;13;5;14;2015;1;1;1;7.0;3;252;;M;0.0;0.0;690
10455;201300011553;13;5;17;1730;1;2;1;2.0;1;189;69560;;;;690
10456;201300011554;13;6;15;1745;1;1;2;1.0;3;97;;M;0.0;0.0;690
10457;201300011556;13;6;23;1745;1;1;1;1.0;7;7;;M;0.0;0.0;690
10458;201300011558;13;7;7;1300;1;1;1;1.0;3;80;;M;0.0;0.0;690
10459;201300011559;13;7;9;1700;1;1;1;1.0;6;193;;M;0.0;0.0;690
10460;201300011560;13;9;5;1830;1;1;1;1.0;3;7;;M;0.0;0.0;690
10461;201300011561;13;9;25;145;5;1;1;1.0;6;189;;M;0.0;0.0;690
10462;201300011562;13;9;29;1630;1;1;1;1.0;1;235;;M;0.0;0.0;690
10463;201300011563;13;11;27;1845;5;2;1;1.0;6;189;RN86;M;0.0;0.0;690
10464;201300011565;13;4;3;1615;1;2;1;1.0;3;18;RD751C  RUE DU COMMERCE;M;0.0;0.0;370
10465;201300011566;13;1;14;815;3;1;1;1.0;4;137;;M;4832789.0;-429564.0;290
10466;201300011567;13;1;17;645;5;2;1;1.0;6;229;4 bd de la R?publique;M;4470800.0;-104000.0;330
10467;201300011568;13;4;14;615;2;1;1;1.0;6;5;;M;0.0;0.0;330
10468;201300011569;13;10;19;830;1;2;1;1.0;6;5;;M;0.0;0.0;330
10469;201300011570;13;11;30;430;3;1;1;5.0;6;5;;M;0.0;0.0;330
10470;201300011571;13;12;8;530;5;2;1;1.0;6;229;Bvd Charles de Gaulle;M;4471900.0;-106200.0;330
10471;201300011572;13;2;11;645;3;1;1;3.0;3;482;;M;0.0;0.0;600
10472;201300011573;13;9;24;1430;1;1;1;1.0;6;172;;M;0.0;0.0;600
10473;201300011574;13;1;6;1830;3;1;1;1.0;7;312;A26;M;0.0;0.0;510
10474;201300011575;13;2;28;545;3;1;1;1.0;2;212;A26;M;0.0;0.0;510
10475;201300011576;13;8;6;915;1;1;1;1.0;2;545;A26;M;0.0;0.0;510
10476;201300011577;13;9;4;800;1;1;1;1.0;6;453;A26;M;0.0;0.0;510
10477;201300011578;13;10;20;1215;1;1;1;1.0;6;99;A26;M;0.0;0.0;510
10478;201300011579;13;2;11;815;1;1;1;2.0;7;359;;M;0.0;0.0;770
10479;201300011580;13;2;15;1245;1;1;1;1.0;2;520;;M;0.0;0.0;770
10480;201300011581;13;2;19;1015;1;1;1;1.0;6;477;;M;0.0;0.0;770
10481;201300011582;13;3;18;1430;1;1;1;4.0;6;88;;M;0.0;0.0;770
10482;201300011583;13;3;25;1045;1;1;1;1.0;6;333;;M;0.0;0.0;770
10483;201300011584;13;3;27;1730;1;1;1;1.0;5;94;;M;4815711.0;288938.0;450
10484;201300011585;13;4;4;1645;1;1;1;1.0;6;359;;M;0.0;0.0;770
10485;201300011586;13;5;8;1530;1;1;1;2.0;2;458;;M;0.0;0.0;770
10486;201300011587;13;6;9;815;1;1;1;8.0;6;458;;M;0.0;0.0;770
10487;201300011588;13;6;12;2315;3;1;1;1.0;2;32;;M;4813232.0;294242.0;450
10488;201300011589;13;6;27;1700;1;1;1;1.0;6;412;;M;0.0;0.0;770
10489;201300011590;13;7;4;1015;1;1;1;1.0;2;412;;M;0.0;0.0;770
10490;201300011593;13;8;4;1745;1;1;1;1.0;6;1;;M;0.0;0.0;770
10491;201300011594;13;8;24;325;3;1;1;1.0;5;339;;M;0.0;0.0;770
10492;201300011596;13;9;3;1745;1;1;1;1.0;6;94;;M;4815739.0;288872.0;450
10493;201300011597;13;11;1;45;3;1;1;1.0;5;370;;M;0.0;0.0;770
10494;201300011598;13;11;8;1115;1;1;1;3.0;6;477;;M;4834300.0;258600.0;770
10495;201300011599;13;11;14;1500;1;1;9;1.0;3;339;;M;4863100.0;256100.0;770
10496;201300011601;13;1;12;1045;1;1;1;1.0;3;873;;M;0.0;0.0;620
10497;201300011602;13;2;14;815;1;1;2;9.0;1;317;;M;0.0;0.0;620
10498;201300011603;13;3;9;230;1;1;1;1.0;5;873;;M;0.0;0.0;620
10499;201300011604;13;3;30;2345;3;1;1;1.0;7;559;;M;0.0;0.0;620
10500;201300011605;13;6;19;1145;1;1;1;1.0;2;164;;M;0.0;0.0;620
10501;201300011606;13;7;8;1715;1;1;1;1.0;6;145;;M;0.0;0.0;620
10502;201300011607;13;7;10;1130;1;1;9;1.0;1;728;;M;0.0;0.0;620
10503;201300011608;13;7;19;1615;1;1;1;1.0;2;873;;M;0.0;0.0;620
10504;201300011610;13;9;16;745;1;1;1;1.0;6;728;;M;0.0;0.0;620
10505;201300011611;13;9;23;1215;1;1;1;1.0;6;80;;M;0.0;0.0;620
10506;201300011612;13;10;4;730;2;1;1;1.0;6;873;;M;5027600.0;287200.0;620
10507;201300011613;13;3;25;1030;1;1;1;1.0;3;430;;M;0.0;0.0;800
10508;201300011614;13;4;20;1600;1;1;1;1.0;3;359;;M;0.0;0.0;800
10509;201300011616;13;6;3;545;2;1;1;1.0;2;521;;M;0.0;0.0;800
10510;201300011617;13;7;9;1745;1;1;1;1.0;7;2;;M;0.0;0.0;800
10511;201300011618;13;8;5;845;1;1;1;1.0;6;430;;M;0.0;0.0;800
10512;201300011619;13;8;15;1630;1;1;1;1.0;6;383;;M;0.0;0.0;800
10513;201300011620;13;8;23;200;3;1;1;1.0;6;307;;M;0.0;0.0;800
10514;201300011621;13;9;20;1500;1;1;1;1.0;6;33;;M;0.0;0.0;800
10515;201300011622;13;9;28;545;3;1;1;1.0;2;307;;M;0.0;0.0;800
10516;201300011623;13;11;1;2230;3;1;1;3.0;6;204;;M;0.0;0.0;800
10517;201300011625;13;11;11;1400;1;1;1;1.0;7;421;;M;0.0;0.0;800
10518;201300011626;13;11;20;545;3;1;1;1.0;2;383;;M;0.0;0.0;800
10519;201300011627;13;11;22;1330;1;1;1;1.0;2;288;;M;0.0;0.0;800
10520;201300011628;13;11;26;2100;3;1;1;1.0;2;101;;M;0.0;0.0;800
10521;201300011629;13;11;29;1630;1;1;1;8.0;2;2;;M;0.0;0.0;800
10522;201300011630;13;12;8;1400;1;1;1;1.0;6;421;;M;0.0;0.0;800
10523;201300011631;13;12;11;145;3;1;1;1.0;2;307;;M;0.0;0.0;800
10524;201300011632;13;1;9;1915;1;1;1;1.0;1;103;;M;0.0;0.0;130
10525;201300011633;13;2;5;1500;1;1;1;1.0;2;67;;M;0.0;0.0;130
10526;201300011634;13;3;8;2355;3;1;1;1.0;4;69;;M;0.0;0.0;130
10527;201300011635;13;3;26;1130;1;1;1;1.0;6;67;;M;0.0;0.0;130
10528;201300011636;13;4;12;1030;1;1;1;1.0;3;112;;M;0.0;0.0;130
10529;201300011638;13;6;17;930;1;1;1;1.0;5;103;;M;0.0;0.0;130
10530;201300011639;13;7;21;1000;1;1;1;1.0;6;1;;M;0.0;0.0;130
10531;201300011640;13;7;20;1830;1;1;1;1.0;6;112;;M;0.0;0.0;130
10532;201300011641;13;7;22;830;1;1;1;1.0;2;18;;M;0.0;0.0;130
10533;201300011642;13;8;11;1330;1;1;1;1.0;2;49;;M;0.0;0.0;130
10534;201300011643;13;9;7;315;3;1;1;1.0;2;1;;M;0.0;0.0;130
10535;201300011644;13;9;8;200;3;1;1;2.0;6;18;;M;0.0;0.0;130
10536;201300011646;13;9;25;1500;1;1;1;1.0;7;18;;M;0.0;0.0;130
10537;201300011647;13;10;14;1430;1;1;1;1.0;6;49;;M;0.0;0.0;130
10538;201300011648;13;10;16;630;3;1;1;1.0;2;18;;M;0.0;0.0;130
10539;201300011649;13;11;5;1845;3;1;1;1.0;2;67;;M;0.0;0.0;130
10540;201300011650;13;11;8;1730;3;1;1;1.0;2;103;;M;0.0;0.0;130
10541;201300011651;13;11;28;730;2;1;1;1.0;2;103;;M;0.0;0.0;130
10542;201300011652;13;12;3;930;1;1;1;1.0;6;103;;M;0.0;0.0;130
10543;201300011653;13;12;4;815;1;1;1;1.0;5;18;;M;0.0;0.0;130
10544;201300011654;13;12;22;1400;1;1;1;1.0;2;76;;M;0.0;0.0;130
10545;201300011655;13;12;25;1815;3;1;1;3.0;3;69;;M;0.0;0.0;130
10546;201300011656;13;6;25;200;3;1;1;1.0;3;83;;M;0.0;0.0;840
10547;201300011657;13;7;6;1330;1;1;1;1.0;2;107;;M;4396666.0;464185.0;300
10548;201300011658;13;8;11;2300;3;1;1;1.0;1;107;;M;4395849.0;462936.0;300
10549;201300011660;13;9;28;345;3;1;1;1.0;2;83;;M;0.0;0.0;840
10550;201300011661;13;10;7;700;3;1;9;1.0;3;7;;M;0.0;0.0;840
10551;201300011662;13;10;10;1;3;1;1;1.0;2;81;;M;0.0;0.0;840
10552;201300011663;13;11;2;15;5;1;1;2.0;6;217;;M;4397581.0;465655.0;300
10553;201300011664;13;6;2;1545;1;2;1;1.0;6;584;;M;0.0;0.0;600
10554;201300011665;13;6;6;1100;1;1;3;1.0;1;584;;M;0.0;0.0;600
10555;201300011666;13;7;26;1815;1;1;1;1.0;1;651;;M;0.0;0.0;600
10556;201300011667;13;8;5;645;1;2;2;1.0;3;513;rue de Beauvais;M;0.0;0.0;600
10557;201300011668;13;9;4;545;3;2;1;1.0;3;686;RD 44;M;0.0;0.0;600
10558;201300011669;13;12;13;1600;1;2;1;1.0;5;584;13 BIS ROUTE DE CREIL;M;0.0;0.0;600
10559;201300011670;13;12;17;930;1;2;1;8.0;1;391;;M;0.0;0.0;600
10560;201300011671;13;8;28;1615;1;1;1;7.0;3;542;;M;4671294.0;413271.0;710
10561;201300011672;13;11;25;1330;1;1;1;1.0;6;335;;M;4636241.0;431284.0;710
10562;201300011673;13;7;20;15;3;1;1;1.0;5;56;;M;0.0;0.0;250
10563;201300011674;13;1;29;1245;1;1;1;1.0;7;484;;M;4933943.0;106931.0;760
10564;201300011676;13;3;22;830;1;1;1;1.0;6;391;;M;4934157.0;93161.0;760
10565;201300011677;13;7;19;900;1;1;1;1.0;6;497;;M;4937400.0;72200.0;270
10566;201300011678;13;7;25;1930;1;1;1;1.0;6;656;;M;4920500.0;26100.0;270
10567;201300011679;13;8;6;2015;1;1;1;1.0;6;228;;M;0.0;0.0;270
10568;201300011681;13;9;7;1330;1;1;1;1.0;2;340;;M;0.0;0.0;270
10569;201300011683;13;10;19;345;3;1;1;1.0;6;484;;M;4933846.0;107111.0;760
10570;201300011684;13;12;1;645;3;1;1;1.0;6;484;;M;4934519.0;104054.0;760
10571;201300011685;13;12;3;1400;1;1;1;5.0;6;228;;M;4937700.0;68600.0;270
10572;201300011686;13;2;15;1130;1;1;1;1.0;2;68;;M;4904200.0;146000.0;780
10573;201300011687;13;3;6;2015;3;1;1;2.0;1;351;;M;4927200.0;113800.0;270
10574;201300011688;13;3;22;1930;3;1;1;1.0;6;351;;M;4925400.0;117300.0;270
10575;201300011689;13;5;10;745;1;1;1;1.0;6;612;;M;4907700.0;139900.0;270
10576;201300011692;13;7;10;745;1;1;9;1.0;6;188;;M;4930800.0;111800.0;270
10577;201300011693;13;8;3;30;3;1;1;1.0;6;203;;M;4905000.0;145000.0;270
10578;201300011697;13;12;22;1645;1;1;1;2.0;6;531;;M;4899800.0;162500.0;780
10579;201300011698;13;1;20;1945;3;1;1;8.0;1;254;;M;0.0;0.0;600
10580;201300011699;13;2;3;830;1;1;1;1.0;6;71;;M;0.0;0.0;600
10581;201300011700;13;2;12;445;3;1;1;1.0;2;125;;M;0.0;0.0;600
10582;201300011701;13;2;18;1515;1;1;1;1.0;2;19;;M;0.0;0.0;600
10583;201300011702;13;3;5;15;3;1;1;1.0;7;100;;M;0.0;0.0;600
10584;201300011704;13;4;6;945;1;1;1;1.0;3;533;;M;0.0;0.0;600
10585;201300011705;13;4;8;1630;1;1;1;1.0;2;19;;M;0.0;0.0;600
10586;201300011706;13;6;19;2315;3;1;1;2.0;6;125;;M;0.0;0.0;600
10587;201300011707;13;7;1;1;3;1;1;1.0;5;538;;M;0.0;0.0;600
10588;201300011708;13;7;6;1600;1;1;1;1.0;2;424;;M;0.0;0.0;600
10589;201300011709;13;7;18;815;1;1;1;1.0;5;138;;M;0.0;0.0;600
10590;201300011710;13;8;8;1730;1;1;1;1.0;2;541;;M;0.0;0.0;600
10591;201300011711;13;9;6;645;2;1;1;1.0;2;508;;M;0.0;0.0;600
10592;201300011712;13;9;28;245;3;1;1;1.0;2;100;;M;0.0;0.0;600
10593;201300011713;13;10;2;1445;1;1;1;1.0;6;138;;M;0.0;0.0;600
10594;201300011714;13;10;21;1800;1;1;1;1.0;2;558;;M;0.0;0.0;600
10595;201300011715;13;11;11;2315;3;1;1;1.0;6;541;;M;0.0;0.0;600
10596;201300011716;13;12;1;1115;1;1;1;1.0;7;138;;M;0.0;0.0;600
10597;201300011717;13;3;1;2030;3;1;1;1.0;3;27;;M;0.0;0.0;210
10598;201300011719;13;4;25;1730;1;1;1;1.0;3;27;;M;4740400.0;504100.0;210
10599;201300011720;13;7;12;1300;1;2;1;1.0;3;142;Hameau de Courceau;M;0.0;0.0;210
10600;201300011721;13;8;5;1930;1;1;1;1.0;1;408;;M;4742800.0;497100.0;210
10601;201300011722;13;9;24;800;1;1;1;1.0;3;27;;M;4737800.0;503700.0;210
10602;201300011725;13;7;26;1215;1;1;1;1.0;6;242;;M;0.0;0.0;690
10603;201300011726;13;8;28;700;1;1;1;1.0;3;206;;M;0.0;0.0;690
10604;201300011728;13;11;6;745;2;1;1;3.0;7;242;;M;0.0;0.0;690
10605;201300011729;13;12;16;200;3;1;1;1.0;7;242;;M;0.0;0.0;690
10606;201300011730;13;12;30;1815;3;1;1;1.0;6;19;;M;0.0;0.0;690
10607;201300011731;13;11;14;630;3;1;1;9.0;2;492;Autoroute;M;5020870.0;322885.0;590
10608;201300011732;13;1;6;945;1;1;1;1.0;7;381;;M;4556500.0;547200.0;380
10609;201300011733;13;2;22;1930;3;1;1;1.0;3;530;A43 PK0027+0800;M;4561690.0;519249.0;380
10610;201300011735;13;4;8;1500;1;1;1;8.0;2;53;;M;4561300.0;523400.0;380
10611;201300011736;13;5;16;2245;3;1;1;3.0;5;53;;M;0.0;0.0;380
10612;201300011737;13;8;26;100;3;1;1;1.0;1;530;;M;4562900.0;517800.0;380
10613;201300011738;13;11;2;1430;1;1;1;8.0;1;537;;M;0.0;0.0;380
10614;201300011739;13;12;8;100;3;1;1;1.0;6;348;;;;;380
10615;201300011741;13;12;27;745;1;1;1;8.0;7;553;;M;0.0;0.0;380
10616;201300011742;13;12;27;2000;3;1;1;1.0;5;537;;M;0.0;0.0;380
10617;201300011743;13;3;8;1500;1;1;1;1.0;1;278;;M;0.0;0.0;680
10618;201300011744;13;4;29;2230;5;2;1;1.0;1;278;rue ile Napol?on;M;0.0;0.0;680
10619;201300011745;13;5;19;1315;1;2;1;1.0;1;118;123 rue du gnl de Gaulle;M;0.0;0.0;680
10620;201300011746;13;8;5;1030;1;1;1;1.0;2;278;;M;0.0;0.0;680
10621;201300011747;13;12;14;500;5;2;9;1.0;6;84;rue de Mulhouse;M;0.0;0.0;680
10622;201300011748;13;2;15;1945;1;1;1;1.0;3;580;RD 317;M;4909010.0;253040.0;950
10623;201300011749;13;3;11;1645;1;2;1;3.0;2;250;AV DE BEAUMONT;M;4910260.0;251760.0;950
10624;201300011750;13;4;19;830;2;1;1;1.0;1;580;RD 16;M;4908570.0;254350.0;950
10625;201300011751;13;4;21;1015;1;2;1;1.0;2;604;R JEAN JAURES;M;4909760.0;254660.0;950
10626;201300011752;13;6;18;1845;1;1;1;1.0;3;604;RD 317;M;4910950.0;253210.0;950
10627;201300011753;13;7;31;1900;1;2;1;1.0;5;604;R DE LA GARE;M;4909850.0;253790.0;950
10628;201300011754;13;9;14;2000;2;1;1;2.0;4;580;RD 16;M;4909500.0;253100.0;950
10629;201300011755;13;9;19;815;1;2;1;8.0;5;250;R DE LA PRAIRIE ROCOURT;M;4909590.0;249090.0;950
10630;201300011757;13;10;22;1130;1;2;1;1.0;1;371;R GABRIEL PERI;M;4907790.0;249910.0;950
10631;201300011758;13;9;14;730;2;1;1;2.0;2;502;;M;4954554.0;124177.0;760
10632;201300011760;13;12;22;1500;1;1;1;1.0;6;547;;M;4956645.0;127326.0;760
10633;201300011761;13;8;4;30;4;2;1;1.0;6;396;RUE DE L'AUNIS FACE N?33;M;4622166.0;-88361.0;170
10634;201300011762;13;9;8;1030;1;1;2;1.0;3;394;;M;4614713.0;-64317.0;170
10635;201300011764;13;8;23;1630;1;1;1;1.0;6;213;;M;4604038.0;-53683.0;170
10636;201300011765;13;12;1;215;3;1;1;1.0;4;465;;M;4595819.0;-55319.0;170
10637;201300011766;13;1;25;730;2;2;1;1.0;3;116;rue de l'aste;M;4368660.0;144171.0;310
10638;201300011767;13;2;17;1045;1;1;1;1.0;6;282;;M;0.0;0.0;310
10639;201300011768;13;6;16;815;1;1;1;1.0;1;116;;M;0.0;0.0;310
10640;201300011769;13;7;28;1915;1;2;1;3.0;1;282;CHEMIN DE VIREBENT;M;4366580.0;144138.0;310
10641;201300011770;13;2;16;1330;1;1;1;1.0;3;140;;M;0.0;0.0;830
10642;201300011771;13;2;21;1700;1;1;1;1.0;6;140;;M;0.0;0.0;830
10643;201300011772;13;3;2;1130;1;1;9;1.0;6;23;;M;0.0;0.0;830
10644;201300011773;13;4;12;1830;1;1;1;1.0;2;87;;M;0.0;0.0;130
10645;201300011774;13;4;15;2100;3;1;1;1.0;5;140;;M;0.0;0.0;830
10646;201300011775;13;5;22;1630;1;1;1;1.0;6;110;;M;0.0;0.0;130
10647;201300011776;13;5;27;1130;1;1;1;1.0;7;116;;M;0.0;0.0;830
10648;201300011777;13;8;11;1945;1;1;1;1.0;7;140;;M;0.0;0.0;830
10649;201300011778;13;8;21;2230;3;1;1;1.0;3;96;;M;0.0;0.0;830
10650;201300011779;13;8;23;2100;3;1;1;1.0;5;116;;M;0.0;0.0;830
10651;201300011780;13;8;26;545;3;1;1;1.0;2;116;;M;0.0;0.0;830
10652;201300011781;13;8;26;1915;1;1;1;1.0;6;116;;M;0.0;0.0;830
10653;201300011782;13;9;1;1015;1;1;1;1.0;6;116;;M;0.0;0.0;830
10654;201300011783;13;2;8;1700;1;1;1;1.0;4;21;;M;0.0;0.0;740
10655;201300011785;13;4;24;1515;1;1;1;1.0;6;118;;M;0.0;0.0;740
10656;201300011787;13;7;25;915;1;1;1;1.0;2;256;;M;4594300.0;664300.0;740
10657;201300011788;13;8;29;1415;1;1;1;1.0;2;197;;M;0.0;0.0;740
10658;201300011789;13;1;6;1900;3;1;1;1.0;3;22;;M;4365667.0;399607.0;340
10659;201300011791;13;2;7;2130;5;1;1;1.0;2;123;;M;4372708.0;418214.0;300
10660;201300011792;13;2;8;645;3;1;1;1.0;2;146;;M;4369465.0;408403.0;340
10661;201300011793;13;2;15;400;3;1;1;1.0;5;36;;M;4378245.0;429135.0;300
10662;201300011794;13;4;6;645;3;1;1;2.0;1;344;;M;4375065.0;422558.0;300
10663;201300011795;13;4;22;530;3;1;1;1.0;2;123;;M;4372443.0;416675.0;300
10664;201300011797;13;5;14;1645;1;1;1;1.0;2;317;;M;4391507.0;457301.0;300
10665;201300011798;13;5;26;2035;1;1;1;1.0;1;321;;M;4368017.0;403940.0;340
10666;201300011799;13;7;20;1930;1;1;1;1.0;7;189;;M;4380448.0;432723.0;300
10667;201300011800;13;7;24;1045;1;1;1;1.0;4;189;;M;4380715.0;435790.0;300
10668;201300011801;13;7;28;1045;1;1;1;1.0;1;123;;M;4372441.0;416195.0;300
10669;201300011802;13;8;18;1045;1;1;1;1.0;5;344;;M;4375031.0;422788.0;300
10670;201300011803;13;8;23;1400;1;1;1;1.0;5;145;;M;4390037.0;452172.0;300
10671;201300011805;13;9;9;1245;1;1;1;1.0;1;189;;M;4379948.0;430986.0;300
10672;201300011806;13;9;21;1045;1;1;1;1.0;2;189;;M;4381807.0;437148.0;300
10673;201300011807;13;10;5;915;1;1;1;5.0;6;344;;M;4374635.0;420252.0;300
10674;201300011809;13;11;4;2045;3;1;1;1.0;5;145;;M;4389983.0;451984.0;300
10675;201300011810;13;11;4;2345;3;1;1;1.0;1;189;;M;4382529.0;438639.0;300
10676;201300011811;13;11;12;2300;5;1;1;1.0;6;172;;M;0.0;0.0;340
10677;201300011812;13;1;10;545;3;1;1;6.0;7;441;;M;4320200.0;307700.0;110
10678;201300011813;13;3;15;1430;1;1;1;1.0;3;144;;M;0.0;0.0;110
10679;201300011814;13;3;21;1430;1;1;1;1.0;3;379;;M;0.0;0.0;110
10680;201300011815;13;4;3;800;1;1;1;1.0;6;441;;M;4319600.0;306900.0;110
10681;201300011816;13;6;24;1300;1;1;1;1.0;2;262;;M;4316800.0;299900.0;110
10682;201300011817;13;7;19;1830;1;1;1;1.0;4;40;;M;4316800.0;284600.0;110
10683;201300011818;13;8;11;100;3;1;1;1.0;6;144;;M;0.0;0.0;110
10684;201300011819;13;9;6;1045;1;1;1;1.0;6;295;;M;4308000.0;293800.0;110
10685;201300011820;13;4;18;645;2;1;3;1.0;3;8;;M;0.0;0.0;370
10686;201300011821;13;5;11;1615;1;1;1;1.0;1;8;;M;0.0;0.0;370
10687;201300011822;13;5;19;845;1;1;1;1.0;1;91;;M;0.0;0.0;370
10688;201300011823;13;5;19;1145;1;2;1;1.0;3;91;rue de Chenonceaux;M;0.0;0.0;370
10689;201300011824;13;8;26;1845;1;1;1;1.0;6;267;;M;0.0;0.0;370
10690;201300011825;13;11;2;1330;1;2;1;1.0;3;156;4 RUE ALBERT BAILLET;M;0.0;0.0;370
10691;201300011826;13;11;24;1900;3;1;1;1.0;1;8;;M;0.0;0.0;370
10692;201300011827;13;1;7;1245;1;1;1;1.0;6;8;;M;4807214.0;184882.0;450
10693;201300011828;13;1;28;1200;1;1;1;1.0;7;311;;M;0.0;0.0;280
10694;201300011829;13;2;22;1745;1;1;1;1.0;2;2;;M;0.0;0.0;280
10695;201300011830;13;4;8;1700;1;1;1;1.0;2;93;;M;4803355.0;184009.0;450
10696;201300011831;13;4;14;715;1;1;1;1.0;6;276;;M;0.0;0.0;280
10697;201300011832;13;5;19;815;1;1;1;1.0;4;8;;M;4806601.0;184681.0;450
10698;201300011833;13;5;31;845;1;1;1;1.0;3;121;;M;0.0;0.0;280
10699;201300011834;13;6;2;1715;1;1;1;1.0;1;121;;M;0.0;0.0;280
10700;201300011835;13;6;4;700;1;1;1;1.0;2;2;;M;0.0;0.0;280
10701;201300011837;13;6;22;845;1;1;1;1.0;5;367;;M;0.0;0.0;280
10702;201300011838;13;7;18;1115;1;1;1;1.0;6;93;;M;4803246.0;183999.0;450
10703;201300011839;13;9;5;1415;1;1;1;1.0;6;344;;M;4779401.0;160751.0;450
10704;201300011840;13;10;8;430;3;1;1;1.0;1;303;;M;0.0;0.0;280
10705;201300011841;13;10;26;945;1;1;1;1.0;2;6;;M;4776709.0;185219.0;450
10706;201300011842;13;11;13;1415;1;1;1;1.0;1;367;;M;4815900.0;185500.0;280
10707;201300011844;13;12;22;130;3;1;1;2.0;6;317;;M;4776373.0;156101.0;450
10708;201300011845;13;3;29;1830;1;1;1;1.0;6;114;;M;4353328.0;528066.0;130
10709;201300011846;13;4;19;1545;1;2;1;1.0;3;32;av. p?re sylvain giraud;M;4357053.0;535599.0;130
10710;201300011847;13;6;3;1815;1;1;1;1.0;3;114;;M;0.0;0.0;130
10711;201300011848;13;7;17;1645;1;1;1;1.0;7;114;;M;4354691.0;529052.0;130
10712;201300011849;13;7;23;1600;1;1;1;1.0;7;32;;M;0.0;0.0;130
10713;201300011850;13;10;9;845;1;2;1;1.0;6;32;avenue paul magalon;M;0.0;0.0;130
10714;201300011851;13;10;25;1430;1;2;1;1.0;6;32;D17 ? hauteur La C?bo;M;4356649.0;537400.0;130
10715;201300011852;13;3;5;715;2;1;9;1.0;2;472;;M;0.0;0.0;670
10716;201300011853;13;4;6;1330;1;2;7;1.0;3;194;Rue de la gare;M;0.0;0.0;670
10717;201300011854;13;5;4;945;1;2;3;2.0;3;465;rue Roethe;M;0.0;0.0;670