;Num_Acc;an;mois;jour;hrmn;lum;agg;int;atm;col;com;adr;gps;lat;long;dep
10718;201300011855;13;8;4;1645;1;1;1;1.0;5;319;;M;0.0;0.0;670
10719;201300011856;13;10;7;1030;1;1;1;2.0;7;180;;M;0.0;0.0;670
10720;201300011857;13;10;15;1630;1;2;1;3.0;1;194;route de Gambsheim;M;0.0;0.0;670
10721;201300011858;13;10;30;1200;3;2;1;1.0;6;465;rue du stade;M;0.0;0.0;670
10722;201300011859;13;1;2;845;1;1;1;9.0;6;54;BRETELLE A6 A 550M A6;M;4703040.0;486967.0;210
10723;201300011860;13;1;5;500;3;1;1;1.0;6;347;;M;4700630.0;486264.0;210
10724;201300011861;13;4;30;630;2;1;1;2.0;6;590;;M;4705690.0;482694.0;210
10725;201300011862;13;6;19;2215;3;1;1;2.0;6;54;;M;4700089.0;485938.0;210
10726;201300011863;13;8;4;1300;1;1;1;1.0;7;347;;M;4700336.0;485370.0;210
10727;201300011864;13;8;18;1445;1;1;1;1.0;2;423;;M;0.0;0.0;210
10728;201300011865;13;10;21;2100;3;1;1;1.0;2;29;;M;4712700.0;554700.0;390
10729;201300011867;13;2;4;2200;3;1;1;8.0;1;239;;M;4578766.0;596656.0;730
10730;201300011869;13;4;29;1645;1;1;1;2.0;6;128;;M;4571900.0;592500.0;730
10731;201300011870;13;5;16;1400;1;1;9;3.0;6;103;;M;4567608.0;592984.0;730
10732;201300011871;13;5;30;1115;1;1;1;1.0;6;128;;M;4570580.0;592709.0;730
10733;201300011873;13;7;17;2000;2;1;1;3.0;6;182;;M;4569610.0;593004.0;730
10734;201300011874;13;7;18;900;1;1;1;1.0;2;65;;M;4560885.0;588799.0;730
10735;201300011875;13;12;25;1400;1;1;1;3.0;6;27;;M;4556600.0;576200.0;730
10736;201300011876;13;3;30;815;1;1;1;1.0;1;307;;M;0.0;0.0;740
10737;201300011877;13;5;25;1600;1;1;1;4.0;5;224;;M;0.0;0.0;740
10738;201300011878;13;7;12;115;3;1;1;1.0;7;61;;M;4587000.0;606000.0;740
10739;201300011879;13;9;15;2100;3;1;1;8.0;6;120;;M;0.0;0.0;740
10740;201300011881;13;3;3;630;3;1;1;1.0;7;368;;;;;380
10741;201300011882;13;3;4;400;3;1;1;1.0;6;508;;M;4550842.0;540201.0;380
10742;201300011883;13;4;10;1800;1;1;1;1.0;4;565;;M;4527300.0;562700.0;380
10743;201300011884;13;10;17;900;1;1;1;1.0;2;382;;M;4524600.0;565900.0;380
10744;201300011885;13;12;23;1415;1;1;1;1.0;5;170;A48 PK 0088+0700;M;4525420.0;564662.0;380
10745;201300011886;13;3;7;1045;1;1;1;8.0;3;497;;M;0.0;0.0;550
10746;201300011887;13;8;3;1615;1;1;1;7.0;3;237;;M;0.0;0.0;550
10747;201300011888;13;1;17;1620;1;1;1;1.0;6;105;NOUZONVILLE;M;4979450.0;474421.0;80
10748;201300011889;13;2;8;1915;2;2;1;2.0;7;105;3, DE GAULLE AVENUE;M;4976640.0;471872.0;80
10749;201300011890;13;2;8;1920;5;2;3;1.0;3;105;1, ETION RUE;M;4978090.0;470777.0;80
10750;201300011891;13;2;18;955;1;2;1;1.0;6;105;2, DE GAULLE AVENUE;M;4976640.0;471864.0;80
10751;201300011892;13;2;19;920;1;2;3;1.0;6;105;1, JACQUEMART TEMPLEUX;M;4977050.0;472451.0;80
10752;201300011893;13;3;1;1735;1;2;1;1.0;6;105;105, CARNOT AVENUE;M;4975080.0;472433.0;80
10753;201300011894;13;3;26;640;2;2;3;1.0;3;105;EVIGNY;M;4972880.0;471307.0;80
10754;201300011895;13;5;13;745;1;2;1;1.0;6;105;12, DE GAULLE AVENUE;M;4976650.0;471858.0;80
10755;201300011896;13;5;18;1900;1;2;1;1.0;2;105;5, MUGUET AVENUE;M;4974580.0;472471.0;80
10756;201300011897;13;6;5;925;1;2;1;1.0;6;105;54, BOUTET C. AVENUE;M;4977520.0;471257.0;80
10757;201300011898;13;6;9;1715;1;2;1;3.0;1;105;2, CARDOT J.;M;4977630.0;471524.0;80
10758;201300011899;13;6;14;1855;1;2;1;7.0;6;180;26, PARIS ROUTE;M;4972180.0;471381.0;80
10759;201300011900;13;6;18;900;1;2;5;1.0;3;105;145, DE GAULLE AVENUE;M;4977350.0;470455.0;80
10760;201300011901;13;6;23;620;1;2;1;2.0;7;105;20, RUE DES PAQUIS;M;4977980.0;472037.0;80
10761;201300011903;13;6;11;1130;1;1;1;1.0;7;105;9, A34;;;;80
10762;201300011904;13;9;1;1215;1;2;1;1.0;1;497;RN43;M;4978590.0;467821.0;80
10763;201300011905;13;9;2;2125;5;2;2;1.0;3;105;1, HACHETTE RUE;M;4976310.0;472036.0;80
10764;201300011906;13;9;27;1945;2;2;1;1.0;5;105;0, NOUZONVILLE;M;4978060.0;471523.0;80
10765;201300011907;13;12;6;1815;3;1;1;1.0;7;331;;M;4812639.0;-193729.0;350
10766;201300011908;13;2;28;1755;1;1;1;1.0;6;536;;M;4940990.0;26818.0;140
10767;201300011909;13;5;21;830;1;1;1;8.0;6;12;A13 ANGERVILLE;M;4924130.0;-2792.0;140
10768;201300011910;13;8;2;1745;1;1;1;1.0;2;682;;M;0.0;0.0;140
10769;201300011911;13;9;15;1215;1;1;1;1.0;6;185;;M;0.0;0.0;140
10770;201300011912;13;11;1;2145;3;1;1;3.0;7;203;;M;0.0;0.0;140
10771;201300011914;13;12;6;1645;3;1;1;1.0;4;437;;M;0.0;0.0;140
10772;201300011915;13;2;19;1600;1;1;1;1.0;1;65;;M;0.0;0.0;130
10773;201300011916;13;4;30;1830;1;2;2;1.0;3;65;AVE*Jaures/poissonniers;M;4368652.0;486554.0;130
10774;201300011918;13;7;21;1045;1;1;1;1.0;1;11;;M;0.0;0.0;130
10775;201300011919;13;9;6;1115;1;1;1;1.0;7;11;;M;4374794.0;483115.0;130
10776;201300011920;13;12;14;1030;1;2;2;1.0;1;65;;M;0.0;0.0;130
10777;201300011921;13;12;20;1815;5;2;1;2.0;6;65;Roger SALENGRO;M;0.0;0.0;130
10778;201300011922;13;1;5;115;3;1;1;8.0;2;85;;M;0.0;0.0;280
10779;201300011923;13;4;10;1415;1;1;1;1.0;6;295;;M;4761700.0;139132.0;410
10780;201300011924;13;5;9;1645;1;1;3;1.0;3;67;;M;4749440.0;152012.0;410
10781;201300011925;13;6;4;1730;1;1;1;1.0;6;50;;M;4749130.0;143545.0;410
10782;201300011926;13;5;10;1245;1;2;1;1.0;2;27;Rue du g?n?ral de gaulle;M;0.0;0.0;690
10783;201300011927;13;5;14;1800;1;2;1;1.0;1;27;152 av gnle de gaulle;M;0.0;0.0;690
10784;201300011928;13;7;22;2230;5;2;1;1.0;1;27;rue g?n?ral de gaulle;M;0.0;0.0;690
10785;201300011929;13;9;27;1515;1;2;6;1.0;3;43;BD DU DOCTEUR reydellet;M;0.0;0.0;690
10786;201300011930;13;11;11;530;5;2;1;1.0;6;27;ROUTE D'IRIGNY;M;0.0;0.0;690
10787;201300011932;13;2;17;1530;1;2;1;1.0;3;212;rue du 8 mai 1945;M;4838033.0;-459811.0;290
10788;201300011934;13;6;17;1915;1;1;1;3.0;1;201;;M;4841412.0;-465073.0;290
10789;201300011935;13;7;5;1515;1;1;1;1.0;3;212;;M;4840467.0;-461940.0;290
10790;201300011936;13;7;7;1830;3;1;1;1.0;6;69;;M;4842114.0;-456476.0;290
10791;201300011937;13;7;22;1815;1;1;1;1.0;3;201;;M;4842125.0;-468888.0;290
10792;201300011938;13;8;19;1045;1;1;6;1.0;7;19;;M;4837333.0;-456102.0;290
10793;201300011939;13;10;9;445;3;1;1;5.0;6;212;;M;4839192.0;-461570.0;290
10794;201300011940;13;10;19;1715;1;1;2;1.0;3;201;;M;4838051.0;-471202.0;290
10795;201300011941;13;10;20;1400;1;1;1;1.0;6;201;;M;4837939.0;-475468.0;290
10796;201300011942;13;11;30;1715;1;2;1;1.0;6;212;ROUTE DE LA TRINITE;M;4838146.0;-461539.0;290
10797;201300011943;13;1;2;1130;1;1;1;1.0;2;172;;M;4360074.0;391949.0;340
10798;201300011944;13;1;13;1000;1;1;1;1.0;6;143;;M;4346339.0;363029.0;340
10799;201300011945;13;4;14;245;3;1;1;1.0;2;31;;M;4336800.0;339073.0;340
10800;201300011946;13;5;12;1545;1;1;1;1.0;5;129;;M;4358290.0;388772.0;340
10801;201300011947;13;5;14;345;3;1;1;1.0;6;172;;M;4360468.0;392951.0;340
10802;201300011948;13;5;15;1015;1;1;9;2.0;2;32;;M;4334844.0;327884.0;340
10803;201300011949;13;5;15;1930;2;1;1;2.0;5;172;;M;4360201.0;392266.0;340
10804;201300011950;13;6;3;1445;1;1;1;1.0;2;172;;M;4361200.0;393600.0;340
10805;201300011952;13;7;1;1745;1;1;1;1.0;3;172;;M;4359800.0;390600.0;340
10806;201300011953;13;7;16;1700;1;1;1;1.0;3;207;;M;4341200.0;349200.0;340
10807;201300011954;13;7;19;1115;1;1;9;1.0;2;166;;M;4359000.0;389700.0;340
10808;201300011955;13;7;28;1545;1;1;1;1.0;6;203;;M;4342100.0;352600.0;340
10809;201300011956;13;7;30;1030;1;1;1;1.0;6;95;;M;4354900.0;379200.0;340
10810;201300011957;13;8;2;2000;1;1;1;1.0;5;172;;M;4358400.0;388400.0;340
10811;201300011958;13;8;14;1615;1;1;1;1.0;1;135;;M;4328200.0;318400.0;340
10812;201300011959;13;8;26;1500;1;1;1;1.0;4;101;;M;4340400.0;347400.0;340
10813;201300011960;13;9;23;1100;3;1;1;1.0;6;32;;M;0.0;0.0;340
10814;201300011961;13;9;28;130;3;1;1;1.0;6;172;;M;4358677.0;389312.0;340
10815;201300011962;13;9;28;2100;3;1;1;1.0;5;135;;M;4328700.0;318700.0;340
10816;201300011963;13;9;30;615;3;1;1;1.0;5;113;;M;4350538.0;373532.0;340
10817;201300011964;13;10;20;545;3;1;1;1.0;5;157;;M;4344978.0;358371.0;340
10818;201300011965;13;11;1;1545;1;1;1;1.0;6;129;;M;4357266.0;387217.0;340
10819;201300011966;13;12;7;1915;1;1;1;1.0;5;172;;M;4359300.0;389900.0;340
10820;201300011967;13;12;7;215;3;1;1;1.0;5;101;;M;4338800.0;345100.0;340
10821;201300011968;13;12;7;345;3;1;1;1.0;2;31;;M;4338100.0;341700.0;340
10822;201300011969;13;12;10;715;2;1;1;5.0;5;135;;M;4325200.0;315300.0;340
10823;201300011970;13;12;20;815;1;1;1;1.0;2;172;;M;4359200.0;389700.0;340
10824;201300011972;13;3;18;1130;1;1;1;1.0;5;36;;M;0.0;0.0;330
10825;201300011973;13;5;25;1645;1;1;1;1.0;7;21;;M;0.0;0.0;330
10826;201300011974;13;6;18;1545;1;1;1;3.0;3;227;;M;0.0;0.0;330
10827;201300011975;13;7;13;1600;1;1;1;1.0;7;337;;M;0.0;0.0;330
10828;201300011977;13;8;18;1730;1;1;1;1.0;7;227;;M;0.0;0.0;330
10829;201300011978;13;6;5;1400;1;2;3;1.0;3;506;Avenue de Gameville;M;4355050.0;153517.0;310
10830;201300011979;13;6;17;1915;1;2;1;1.0;3;506;avenue de gameville;M;0.0;0.0;310
10831;201300011980;13;9;6;1800;1;2;1;1.0;2;254;7 ROUTE DE BAZIEGE;M;4352750.0;153848.0;310
10832;201300011981;13;9;9;1800;1;1;1;1.0;3;506;;M;0.0;0.0;310
10833;201300011982;13;9;30;1800;1;2;1;1.0;7;506;avenue du Lycée;M;0.0;0.0;310
10834;201300011983;13;10;31;1830;3;1;1;1.0;1;506;;M;0.0;0.0;310
10835;201300011984;13;12;4;1415;1;2;1;1.0;6;446;Avenue d'Occitanie;M;4354455.0;147874.0;310
10836;201300011985;13;7;4;700;1;2;1;1.0;3;96;26096;M;0.0;0.0;260
10837;201300011986;13;7;4;1915;1;1;1;1.0;7;34;26034;M;0.0;0.0;260
10838;201300011988;13;7;8;930;1;1;2;1.0;3;323;26323;M;0.0;0.0;260
10839;201300011989;13;7;16;830;1;1;1;1.0;3;96;26096;M;0.0;0.0;260
10840;201300011991;13;7;22;745;1;1;3;1.0;3;92;26092;M;0.0;0.0;260
10841;201300011992;13;7;23;800;1;2;1;2.0;1;325;RUE PORT DE CHAMPAGNE;M;4526960.0;481380.0;260
10842;201300011993;13;7;23;1915;1;2;2;1.0;3;273;26273;M;0.0;0.0;260
10843;201300011994;13;7;27;645;1;1;1;1.0;1;301;26301;M;0.0;0.0;260
10844;201300011995;13;7;29;1045;1;1;9;1.0;3;301;26301;M;0.0;0.0;260
10845;201300011996;13;7;30;1830;1;1;1;1.0;6;247;26247;M;0.0;0.0;260
10846;201300011997;13;7;31;630;1;1;2;1.0;3;139;26139;M;4507130.0;509160.0;260
10847;201300011998;13;7;31;800;1;1;1;1.0;6;49;;M;0.0;0.0;260
10848;201300011999;13;8;1;1745;1;2;1;1.0;6;307;26307;M;4501460.0;529120.0;260
10849;201300012000;13;8;10;1045;1;2;7;1.0;7;301;PLACE ANATOLE FRANCE;M;4512200.0;498500.0;260
10850;201300012001;13;8;10;1600;1;1;2;1.0;3;84;26084;M;4501800.0;497360.0;260
10851;201300012002;13;8;16;730;1;1;1;7.0;2;84;26084;M;0.0;0.0;260
10852;201300012003;13;8;16;945;1;1;1;1.0;4;84;26084;M;0.0;0.0;260
10853;201300012004;13;8;18;530;3;1;1;1.0;6;79;26079;M;0.0;0.0;260
10854;201300012006;13;8;22;1215;1;1;1;1.0;6;96;26096;M;0.0;0.0;260
10855;201300012007;13;8;24;545;2;2;6;1.0;3;333;ROND POINT RN7 ET D86C;M;0.0;0.0;260
10856;201300012008;13;8;25;1145;1;1;1;1.0;6;88;RTE DES CINQS CHEMINS;M;4502130.0;509010.0;260
10857;201300012009;13;8;27;2015;1;1;3;1.0;3;231;26231;M;4510630.0;505140.0;260
10858;201300012010;13;8;29;1830;1;1;1;1.0;6;207;26207;M;0.0;0.0;260
10859;201300012011;13;8;29;930;1;1;6;1.0;3;23;26023;M;0.0;0.0;260
10860;201300012012;13;9;20;1645;1;1;1;1.0;7;293;26293;M;0.0;0.0;260
10861;201300012013;13;9;22;1245;1;1;1;1.0;1;156;26156;M;0.0;0.0;260
10862;201300012014;13;9;24;1000;1;1;1;1.0;2;250;26250;M;0.0;0.0;260
10863;201300012015;13;9;24;945;1;1;9;1.0;3;155;26155;M;0.0;0.0;260
10864;201300012016;13;9;26;1830;1;1;1;1.0;7;84;26084;M;0.0;0.0;260
10865;201300012017;13;9;26;1815;1;2;1;1.0;3;325;26325;M;4528290.0;481980.0;260
10866;201300012018;13;9;30;1315;1;1;1;1.0;1;139;26139;M;0.0;0.0;260
10867;201300012019;13;10;9;200;3;1;1;5.0;7;163;26163;M;0.0;0.0;260
10868;201300012020;13;10;13;15;3;1;1;3.0;1;301;26301;M;0.0;0.0;260
10869;201300012021;13;10;14;1315;1;2;1;1.0;6;148;RD  538;M;0.0;0.0;260
10870;201300012022;13;10;16;830;1;1;1;8.0;6;231;26231;M;0.0;0.0;260
10871;201300012023;13;10;24;745;1;1;1;5.0;1;4;26004;M;0.0;0.0;260
10872;201300012024;13;10;25;1900;3;1;2;1.0;3;84;26084;M;4499430.0;492270.0;260
10873;201300012025;13;10;31;1515;1;1;1;1.0;3;301;26301;M;0.0;0.0;260
10874;201300012026;13;11;5;815;2;1;1;1.0;6;88;26088;M;0.0;0.0;260
10875;201300012027;13;11;5;1745;3;1;9;2.0;5;84;26084;M;0.0;0.0;260
10876;201300012028;13;11;6;715;2;2;3;1.0;3;323;RD 92N RD 123B;M;0.0;0.0;260
10877;201300012029;13;11;14;830;1;1;2;1.0;3;84;26084;M;0.0;0.0;260
10878;201300012030;13;11;16;130;3;1;1;1.0;7;9;26009;M;0.0;0.0;260
10879;201300012031;13;11;20;1500;1;1;1;4.0;3;162;26162;M;0.0;0.0;260
10880;201300012032;13;11;21;1430;1;1;1;1.0;3;160;26160;M;0.0;0.0;260
10881;201300012034;13;12;3;2300;3;1;1;1.0;1;311;26311;M;0.0;0.0;260
10882;201300012035;13;12;7;1715;2;1;1;1.0;6;2;26002;M;0.0;0.0;260
10883;201300012036;13;12;16;745;2;1;1;5.0;6;381;;M;4502200.0;517200.0;260
10884;201300012037;13;12;22;745;2;1;1;8.0;6;155;;M;0.0;0.0;260
10885;201300012038;13;4;4;730;2;1;1;2.0;7;241;;M;0.0;0.0;630
10886;201300012039;13;4;19;2300;3;1;1;1.0;2;413;;M;0.0;0.0;630
10887;201300012040;13;5;2;930;1;1;1;1.0;4;302;;M;0.0;0.0;630
10888;201300012041;13;5;6;1045;1;1;1;1.0;2;455;;M;0.0;0.0;630
10889;201300012042;13;7;10;1400;1;1;1;1.0;2;193;;M;0.0;0.0;630
10890;201300012043;13;7;18;1730;1;1;9;1.0;7;113;;M;0.0;0.0;630
10891;201300012045;13;9;24;1745;1;1;1;1.0;3;413;;M;0.0;0.0;630
10892;201300012046;13;1;11;1145;1;1;1;1.0;6;147;;M;4345040.0;-134954.0;640
10893;201300012048;13;5;2;1915;1;1;1;8.0;2;102;;M;4347620.0;-145144.0;640
10894;201300012049;13;7;3;1715;1;1;1;2.0;7;122;;M;4344810.0;-154913.0;640
10895;201300012050;13;7;31;1800;1;1;1;1.0;6;407;;M;4345590.0;-140973.0;640
10896;201300012051;13;9;25;1800;1;1;1;1.0;1;212;;M;4355827.0;-113653.0;400
10897;201300012052;13;12;4;1615;1;1;1;1.0;5;249;A63 189+600;M;4341530.0;-160995.0;640
10898;201300012053;13;12;21;1945;3;1;1;1.0;4;125;PR 184+600;M;4344470.0;-156569.0;640
10899;201300012054;13;3;6;1215;1;2;1;1.0;6;409;34, PHILIPPOTEAUX (AVENU;M;4969710.0;494106.0;80
10900;201300012055;13;8;7;1340;1;2;1;2.0;6;409;BLANPAIN (RUE);M;4970340.0;494317.0;80
10901;201300012056;13;8;10;1050;1;2;2;1.0;3;409;CHANZY (BOULEVARD);M;4970250.0;493000.0;80
10902;201300012057;13;9;15;1350;1;1;1;1.0;7;174;BRAVES GENS (RUE DES);M;4971690.0;493202.0;80
10903;201300012059;13;9;23;1409;1;2;3;1.0;6;174;3, WENTZEL (RUE JACQUES);M;4972220.0;492757.0;80
10904;201300012060;13;9;11;1700;1;1;1;3.0;2;494;PONT MAUGIS (ROUTE DE);M;4968410.0;494141.0;80
10905;201300012061;13;11;20;2204;3;1;1;4.0;6;409;BELLE VUE (ROND POINT);M;4969180.0;489659.0;80
10906;201300012062;13;12;22;20;5;2;9;2.0;2;409;15, THIERS (RUE);M;4970160.0;493862.0;80
10907;201300012063;13;7;3;2000;1;1;1;1.0;6;297;;M;0.0;0.0;710
10908;201300012064;13;8;8;1230;1;1;1;8.0;2;15;;M;0.0;0.0;710
10909;201300012065;13;11;26;1530;1;2;1;1.0;2;14;avenue de la republique;M;4695487.0;429400.0;710
10910;201300012066;13;7;11;1650;1;1;1;1.0;1;159;;M;0.0;0.0;20
10911;201300012067;13;8;13;1745;1;2;1;1.0;6;173;86 rue pasteur;M;4961822.0;322177.0;20
10912;201300012068;13;9;2;1740;2;1;2;7.0;3;833;;M;0.0;0.0;20
10913;201300012069;13;9;7;1130;1;2;6;1.0;1;173;rue Jean Jaures;M;0.0;0.0;20
10914;201300012070;13;9;23;1345;1;1;9;1.0;1;318;;M;0.0;0.0;20
10915;201300012071;13;9;28;1915;2;1;3;1.0;3;746;;M;0.0;0.0;20
10916;201300012072;13;10;16;650;3;1;1;5.0;5;820;;M;0.0;0.0;20
10917;201300012073;13;11;8;1015;1;1;1;1.0;7;111;;M;0.0;0.0;20
10918;201300012074;13;12;13;710;3;1;1;9.0;2;599;;M;0.0;0.0;20
10919;201300012075;13;12;20;1815;3;1;1;1.0;6;566;;M;0.0;0.0;20
10920;201300012076;13;7;4;2000;2;2;9;1.0;1;810;AV DE LA FERTE MILON;M;4924264.0;309696.0;20
10921;201300012077;13;7;7;1815;1;2;4;1.0;6;225;CD82;M;0.0;0.0;20
10922;201300012078;13;7;11;1215;1;1;4;1.0;5;172;;M;0.0;0.0;20
10923;201300012079;13;8;14;2200;3;1;1;1.0;7;773;;M;0.0;0.0;20
10924;201300012080;13;9;8;1120;1;1;1;1.0;7;368;;M;0.0;0.0;20
10925;201300012081;13;9;11;900;1;1;1;2.0;6;810;;M;0.0;0.0;20
10926;201300012082;13;9;15;1545;1;1;3;1.0;1;809;;M;0.0;0.0;20
10927;201300012083;13;9;30;1010;1;1;3;1.0;5;763;;M;0.0;0.0;20
10928;201300012085;13;10;19;1445;1;2;3;1.0;3;810;RUE DE LA BELLIEUE;M;4924712.0;309103.0;20
10929;201300012087;13;10;28;1820;3;1;1;1.0;7;372;;M;0.0;0.0;20
10930;201300012088;13;11;6;1700;1;1;1;1.0;6;633;;M;0.0;0.0;20
10931;201300012089;13;11;26;1045;1;1;1;1.0;6;131;;M;0.0;0.0;20
10932;201300012090;13;11;29;1900;3;1;1;2.0;5;810;;M;0.0;0.0;20
10933;201300012091;13;1;19;200;3;1;1;4.0;6;599;A4;M;0.0;0.0;510
10934;201300012092;13;2;18;1400;1;1;1;1.0;6;183;A26;M;0.0;0.0;510
10935;201300012093;13;5;5;1430;1;1;1;1.0;7;562;A4;M;0.0;0.0;510
10936;201300012094;13;5;5;2230;2;1;1;1.0;6;573;TUR;M;0.0;0.0;510
10937;201300012096;13;6;11;1130;1;1;1;1.0;7;562;A4;M;0.0;0.0;510
10938;201300012097;13;7;31;1015;1;1;1;7.0;5;329;A26;M;0.0;0.0;510
10939;201300012098;13;8;3;1700;1;1;1;1.0;7;536;A4;M;0.0;0.0;510
10940;201300012099;13;9;23;400;3;1;1;1.0;2;278;A4;M;0.0;0.0;510
10941;201300012100;13;7;5;1600;1;1;1;1.0;7;78;;M;0.0;0.0;130
10942;201300012101;13;7;9;1930;1;1;1;1.0;3;83;;M;4390760.0;479544.0;130
10943;201300012102;13;7;28;1345;1;1;1;1.0;7;4;;M;0.0;0.0;130
10944;201300012103;13;9;22;330;3;1;1;1.0;7;83;*;M;0.0;0.0;130
10945;201300012104;13;10;24;1645;1;2;1;1.0;3;4;2 route de la crau;M;0.0;0.0;130
10946;201300012105;13;11;13;2045;3;1;1;1.0;2;78;;M;4341070.0;478000.0;130
10947;201300012106;13;12;2;930;1;1;1;1.0;6;97;;M;0.0;0.0;130
10948;201300012107;13;12;3;1230;1;1;1;1.0;2;97;;M;0.0;0.0;130
10949;201300012108;13;12;16;1545;1;1;1;1.0;3;100;;M;0.0;0.0;130
10950;201300012109;13;3;25;1745;5;2;6;1.0;3;485;Rond point du rondeau;M;0.0;0.0;380
10951;201300012110;13;4;16;830;1;2;1;1.0;1;486;rue Joseph Moutin;M;0.0;0.0;380
10952;201300012111;13;4;24;845;1;2;1;1.0;6;486;avenue Louis Armand;M;0.0;0.0;380
10953;201300012112;13;4;30;1015;1;2;1;2.0;6;485;Avenue Aim? Bouchayer;M;0.0;0.0;380
10954;201300012113;13;5;15;845;1;2;2;1.0;3;485;rue de Cartale;M;0.0;0.0;380
10955;201300012114;13;6;6;815;1;2;1;1.0;6;486;Avenue de GRENOBLE;M;4517500.0;569500.0;380
10956;201300012115;13;7;13;945;1;2;1;1.0;7;485;boulevard de l'europe;M;4518400.0;568600.0;380
10957;201300012116;13;8;18;1630;1;1;1;1.0;6;485;RTE DE ST NIZIER;M;4516650.0;566768.0;380
10958;201300012117;13;8;22;1845;1;1;1;1.0;3;485;;M;0.0;0.0;380
10959;201300012118;13;9;28;1615;1;2;1;1.0;1;485;AVENUE HECTOR BERLIOZ;M;4517190.0;568369.0;380
10960;201300012119;13;9;12;2015;3;1;1;1.0;7;485;;M;0.0;0.0;380
10961;201300012121;13;11;21;2100;3;1;1;4.0;6;485;;M;0.0;0.0;380
10962;201300012122;13;12;5;1800;5;2;1;1.0;6;485;Rue Lamartine;M;0.0;0.0;380
10963;201300012123;13;12;8;2000;5;2;1;1.0;1;485;Avenue de la R?publique;M;0.0;0.0;380
10964;201300012124;13;4;16;1430;1;1;1;1.0;6;52;;M;0.0;0.0;380
10965;201300012125;13;6;17;1315;1;1;1;1.0;6;289;SARDONNE;M;4511660.0;603540.0;380
10966;201300012127;13;8;9;1445;1;1;1;1.0;2;52;;M;0.0;0.0;380
10967;201300012129;13;4;16;2030;3;1;1;1.0;2;515;A4;M;0.0;0.0;510
10968;201300012130;13;7;30;845;1;1;1;1.0;2;507;A4;M;0.0;0.0;510
10969;201300012131;13;4;2;1730;1;1;1;1.0;4;510;;M;0.0;0.0;570
10970;201300012132;13;4;25;1845;1;1;1;7.0;7;144;;M;0.0;0.0;570
10971;201300012133;13;4;27;630;2;1;1;2.0;6;762;;M;0.0;0.0;570
10972;201300012134;13;4;30;1200;1;1;1;3.0;2;606;;M;0.0;0.0;570
10973;201300012135;13;5;5;945;1;1;1;1.0;7;512;;M;0.0;0.0;570
10974;201300012137;13;7;5;100;3;1;9;1.0;7;303;;M;0.0;0.0;570
10975;201300012138;13;7;10;1745;1;1;1;1.0;2;419;;M;0.0;0.0;570
10976;201300012139;13;8;25;545;3;1;1;1.0;2;606;;M;0.0;0.0;570
10977;201300012140;13;10;7;730;1;1;1;1.0;3;73;;M;0.0;0.0;570
10978;201300012141;13;10;25;1815;2;1;1;1.0;5;694;;M;0.0;0.0;570
10979;201300012143;13;11;22;1730;3;1;1;3.0;5;495;;M;0.0;0.0;570
10980;201300012144;13;1;15;1030;1;1;9;1.0;2;174;;M;0.0;0.0;860
10981;201300012147;13;8;29;1915;1;1;1;1.0;5;297;;M;0.0;0.0;860
10982;201300012148;13;9;21;600;3;1;1;8.0;6;66;;M;0.0;0.0;860
10983;201300012149;13;10;24;830;1;1;1;8.0;6;146;;M;0.0;0.0;860
10984;201300012150;13;11;4;845;1;1;1;1.0;6;62;;M;0.0;0.0;860
10985;201300012151;13;11;12;1730;2;1;1;8.0;7;158;;M;4663100.0;35000.0;860
10986;201300012152;13;1;28;2000;3;1;1;1.0;2;202;;M;4682540.0;163701.0;360
10987;201300012153;13;2;21;400;3;1;1;1.0;6;230;;M;4705510.0;181340.0;360
10988;201300012154;13;3;17;400;3;1;1;2.0;6;122;;M;4709560.0;186008.0;360
10989;201300012155;13;12;23;1045;1;1;1;1.0;6;122;;M;4708780.0;184117.0;360
10990;201300012156;13;1;15;1500;1;1;1;1.0;6;129;;M;4750206.0;-50465.0;490
10991;201300012157;13;2;3;545;3;1;1;1.0;6;306;;M;4744288.0;-74106.0;490
10992;201300012158;13;4;24;1230;1;1;1;1.0;6;129;;M;4750320.0;-50093.0;490
10993;201300012159;13;8;18;900;1;1;1;8.0;6;321;;M;4742494.0;-93799.0;490
10994;201300012160;13;8;26;1115;1;1;1;1.0;6;160;;M;0.0;0.0;490
10995;201300012161;13;9;22;1530;1;1;1;1.0;6;289;A11;M;4746651.0;-69140.0;490
10996;201300012162;13;3;13;1055;1;1;1;4.0;6;809;;M;0.0;0.0;20
10997;201300012163;13;7;6;45;3;1;1;1.0;6;540;;M;0.0;0.0;20
10998;201300012164;13;8;22;1045;1;1;3;1.0;3;289;;M;4898041.0;343800.0;20
10999;201300012165;13;9;10;1610;1;1;1;1.0;3;290;;M;0.0;0.0;20
11000;201300012166;13;9;14;115;3;1;1;8.0;6;297;;M;0.0;0.0;20
11001;201300012167;13;9;21;1545;1;1;1;1.0;1;213;;M;0.0;0.0;20
11002;201300012169;13;1;28;2015;3;1;1;2.0;7;88;;M;0.0;0.0;60
11003;201300012170;13;2;24;1745;2;1;1;4.0;4;67;;M;4378300.0;745000.0;60
11004;201300012172;13;4;2;515;3;1;1;1.0;6;88;;M;4367400.0;720200.0;60