;Num_Acc;an;mois;jour;hrmn;lum;agg;int;atm;col;com;adr;gps;lat;long;dep
11005;201300012175;13;5;12;2000;1;1;1;1.0;6;88;;M;0.0;0.0;60
11006;201300012176;13;5;20;1615;1;1;1;1.0;3;88;;M;4373600.0;729200.0;60
11007;201300012177;13;5;29;2015;1;1;1;1.0;6;150;;M;4375600.0;741400.0;60
11008;201300012178;13;6;19;1715;1;1;1;1.0;2;88;;M;0.0;0.0;60
11009;201300012179;13;6;15;1815;1;1;1;1.0;2;88;;M;0.0;0.0;60
11010;201300012180;13;7;3;1630;1;1;1;1.0;2;88;;M;0.0;0.0;60
11011;201300012181;13;7;11;1630;1;1;1;1.0;6;150;;M;0.0;0.0;60
11012;201300012182;13;8;17;615;3;1;1;1.0;2;149;;M;0.0;0.0;60
11013;201300012183;13;9;9;1715;1;1;1;1.0;2;88;;M;0.0;0.0;60
11014;201300012184;13;11;9;1215;1;1;1;1.0;2;149;;M;0.0;0.0;60
11015;201300012185;13;12;8;1115;1;1;1;1.0;2;88;;M;4372200.0;721600.0;60
11016;201300012186;13;8;19;830;2;1;1;1.0;7;168;GN 48.772 7.303;M;0.0;0.0;570
11017;201300012187;13;1;14;1815;3;1;1;1.0;5;59;;M;0.0;0.0;900
11018;201300012188;13;1;31;215;3;1;1;1.0;6;59;;M;4771240.0;711997.0;680
11019;201300012189;13;4;17;1001;1;1;1;1.0;6;62;;M;0.0;0.0;900
11020;201300012190;13;7;31;1345;1;1;1;1.0;7;59;;M;0.0;0.0;680
11021;201300012191;13;11;12;745;2;1;1;5.0;6;59;;M;0.0;0.0;680
11022;201300012192;13;1;21;830;1;1;1;1.0;2;136;;M;0.0;0.0;660
11023;201300012193;13;8;1;45;3;1;1;1.0;1;214;;M;0.0;0.0;660
11024;201300012194;13;9;9;730;2;1;1;7.0;2;444;;M;0.0;0.0;670
11025;201300012195;13;9;29;2045;3;1;1;1.0;2;417;;M;0.0;0.0;670
11026;201300012196;13;11;3;430;3;1;1;2.0;6;33;;M;0.0;0.0;670
11027;201300012197;13;11;22;430;3;1;1;2.0;6;67;;M;0.0;0.0;670
11028;201300012198;13;2;2;1800;2;1;1;4.0;5;73;;M;0.0;0.0;620
11029;201300012200;13;3;20;1415;1;1;1;1.0;6;480;;M;0.0;0.0;620
11030;201300012201;13;4;2;815;1;1;1;1.0;1;73;;M;5033700.0;281400.0;620
11031;201300012202;13;5;8;830;1;1;1;1.0;6;701;;M;5058200.0;237400.0;620
11032;201300012203;13;5;25;1015;1;1;1;1.0;6;32;;M;5041200.0;274200.0;620
11033;201300012204;13;5;27;730;1;1;1;1.0;2;480;;M;5049300.0;268600.0;620
11034;201300012205;13;7;15;245;3;1;1;1.0;6;609;;M;5036800.0;277100.0;620
11035;201300012206;13;9;8;1915;1;1;1;1.0;7;516;;M;5054700.0;248900.0;620
11036;201300012207;13;6;29;2115;1;1;1;1.0;6;142;;M;0.0;0.0;440
11037;201300012209;13;8;3;1545;1;1;1;1.0;6;504;;M;0.0;0.0;620
11038;201300012210;13;11;15;1645;3;1;1;8.0;2;226;;M;0.0;0.0;620
11039;201300012211;13;7;1;245;3;1;1;1.0;7;95;;M;0.0;0.0;20
11040;201300012212;13;7;19;2005;1;2;1;1.0;6;312;CHEMIN DU ROUTIER;M;4999014.0;390116.0;20
11041;201300012213;13;7;20;2100;1;1;1;1.0;6;374;;M;0.0;0.0;20
11042;201300012214;13;8;20;1500;1;2;1;1.0;7;769;rue du bas vaunien;M;5002313.0;350218.0;20
11043;201300012215;13;9;11;1300;1;1;1;2.0;6;703;;M;0.0;0.0;20
11044;201300012216;13;9;16;1730;1;1;1;8.0;7;757;;M;0.0;0.0;20
11045;201300012217;13;9;14;1105;1;2;3;2.0;6;374;02 RUE DES PIERRES;M;4991885.0;327910.0;20
11046;201300012218;13;10;18;800;2;1;1;5.0;4;814;;M;0.0;0.0;20
11047;201300012219;13;11;7;1530;1;2;1;3.0;1;650;D285 - PR000+500;M;0.0;0.0;20
11048;201300012220;13;11;21;2100;5;2;1;1.0;6;67;RD 1043;M;0.0;0.0;20
11049;201300012221;13;11;22;1820;3;1;3;1.0;5;63;;M;0.0;0.0;20
11050;201300012222;13;12;5;900;1;1;1;5.0;3;322;;M;0.0;0.0;20
11051;201300012223;13;12;10;1730;5;2;1;1.0;6;361;Place d'armes;M;4990042.0;362709.0;20
11052;201300012224;13;12;17;2145;3;1;1;1.0;6;808;;M;0.0;0.0;20
11053;201300012225;13;8;15;45;5;2;1;1.0;1;307;RD651 AVENUE DE VERDUN;M;4432203.0;-58608.0;400
11054;201300012226;13;9;25;1300;1;1;1;1.0;6;303;;M;4416247.0;-89634.0;400
11055;201300012227;13;10;27;1700;1;1;1;1.0;1;46;;M;4441686.0;-118813.0;400
11056;201300012228;13;10;29;100;3;1;1;2.0;7;307;;M;4434904.0;-55426.0;400
11057;201300012229;13;11;26;1400;1;1;2;1.0;3;182;;M;4408880.0;-115424.0;400
11058;201300012230;13;3;9;1300;1;1;1;1.0;7;129;;M;0.0;0.0;180
11059;201300012231;13;8;10;1000;1;1;1;1.0;6;180;;M;4700020.0;240337.0;180
11060;201300012233;13;9;15;1045;1;1;1;1.0;6;9;;M;0.0;0.0;180
11061;201300012234;13;11;1;1730;2;2;1;3.0;3;197;face hotel  NOIRLAC;M;4673675.0;248877.0;180
11062;201300012235;13;8;11;1715;1;1;1;1.0;6;42;;M;0.0;0.0;130
11063;201300012237;13;10;20;1745;1;1;1;1.0;1;7;-;M;0.0;0.0;130
11064;201300012238;13;2;6;800;5;2;2;3.0;6;323;BD DE L'OISE;M;4902080.0;202179.0;950
11065;201300012239;13;3;10;215;5;2;3;1.0;2;323;BD DE L'OISE;M;4901190.0;202939.0;950
11066;201300012240;13;4;22;1800;1;2;1;1.0;6;450;R JOSEPH CORNUDET;M;4901320.0;206110.0;950
11067;201300012241;13;5;26;1915;1;1;2;1.0;3;450;R DE CONFLANS;M;4901190.0;207439.0;950
11068;201300012242;13;6;10;2245;1;2;1;1.0;1;323;MAIL MENDES FRANCE;M;4902340.0;202530.0;950
11069;201300012243;13;7;2;1715;1;2;1;1.0;1;637;AV FLORA TRISTAN;M;4903160.0;202380.0;950
11070;201300012244;13;2;23;500;3;1;1;1.0;7;62;;M;4539290.0;598837.0;380
11071;201300012245;13;3;17;1715;1;1;9;2.0;6;27;;M;4542900.0;599500.0;380
11072;201300012246;13;6;9;1645;1;1;1;1.0;4;140;;M;4527300.0;589800.0;380
11073;201300012247;13;7;10;1630;1;1;4;1.0;5;229;PK 2+600 INTER SORTIE 26;M;4520680.0;579519.0;380
11074;201300012248;13;7;19;1245;1;1;1;1.0;7;62;;M;0.0;0.0;380
11075;201300012249;13;12;29;2300;3;1;1;1.0;7;397;;M;0.0;0.0;380
11076;201300012251;13;2;21;1045;1;1;1;1.0;3;7;;M;0.0;0.0;130
11077;201300012252;13;4;27;515;2;1;1;2.0;5;60;;M;0.0;0.0;130
11078;201300012253;13;6;9;500;2;1;1;1.0;2;109;;M;0.0;0.0;130
11079;201300012254;13;7;16;1755;1;1;4;1.0;3;1;;M;0.0;0.0;130
11080;201300012255;13;7;30;1400;1;1;1;1.0;2;1;;M;0.0;0.0;130
11081;201300012256;13;8;17;200;3;1;1;1.0;7;13;;M;0.0;0.0;130
11082;201300012257;13;8;18;2015;2;1;1;1.0;6;25;;M;0.0;0.0;130
11083;201300012258;13;9;25;1700;1;1;1;1.0;2;60;;M;0.0;0.0;130
11084;201300012260;13;9;30;1400;1;1;9;1.0;6;5;;M;0.0;0.0;130
11085;201300012261;13;11;12;1645;1;1;1;1.0;3;25;AUTOROUTE A.8;M;0.0;0.0;130
11086;201300012262;13;11;23;1900;3;1;1;1.0;2;1;;M;0.0;0.0;130
11087;201300012263;13;12;7;330;3;1;1;1.0;3;60;;M;0.0;0.0;130
11088;201300012264;13;1;7;2115;3;1;1;1.0;3;155;;M;0.0;0.0;60
11089;201300012265;13;2;3;700;2;1;1;1.0;7;27;;M;0.0;0.0;60
11090;201300012267;13;3;25;430;3;1;1;1.0;6;27;;M;0.0;0.0;60
11091;201300012268;13;4;4;945;1;1;1;1.0;2;4;;M;0.0;0.0;60
11092;201300012269;13;4;12;1945;1;1;1;1.0;6;4;;M;0.0;0.0;60
11093;201300012272;13;4;25;2345;3;1;1;1.0;5;123;;M;0.0;0.0;60
11094;201300012273;13;5;1;715;1;1;1;1.0;6;4;;M;0.0;0.0;60
11095;201300012274;13;5;6;1445;1;1;1;1.0;6;1;;M;0.0;0.0;830
11096;201300012275;13;6;6;815;1;1;1;1.0;2;4;;M;0.0;0.0;60
11097;201300012276;13;6;22;2315;1;1;1;1.0;2;4;;M;0.0;0.0;60
11098;201300012277;13;6;29;1315;1;1;1;1.0;2;1;;M;0.0;0.0;830
11099;201300012278;13;7;1;730;1;1;1;1.0;4;4;;M;0.0;0.0;60
11100;201300012279;13;7;26;1630;1;1;1;1.0;6;27;;M;0.0;0.0;60
11101;201300012280;13;8;14;1700;1;1;9;1.0;4;4;;M;0.0;0.0;60
11102;201300012281;13;8;31;1000;1;1;1;1.0;1;27;;M;0.0;0.0;60
11103;201300012282;13;9;21;1545;1;1;1;1.0;3;123;;M;0.0;0.0;60
11104;201300012283;13;10;4;1730;1;1;1;1.0;2;85;;M;0.0;0.0;60
11105;201300012284;13;10;6;630;3;1;1;1.0;5;85;;M;0.0;0.0;60
11106;201300012286;13;11;5;2030;3;1;1;9.0;5;161;;M;0.0;0.0;60
11107;201300012287;13;11;16;500;3;1;1;1.0;2;61;;M;0.0;0.0;830
11108;201300012289;13;12;23;645;3;1;1;2.0;5;29;;M;0.0;0.0;60
11109;201300012290;13;1;18;815;3;1;1;2.0;6;343;;M;4327590.0;-19775.0;640
11110;201300012291;13;12;10;2230;3;1;1;1.0;1;198;;M;4337930.0;-49987.0;640
11111;201300012292;13;12;26;1315;1;1;1;4.0;5;203;;;;;640
11112;201300012293;13;9;3;800;1;1;1;1.0;6;172;;M;0.0;0.0;660
11113;201300012294;13;10;13;400;3;1;1;1.0;3;172;;M;4270890.0;286899.0;660
11114;201300012295;13;1;7;730;1;1;1;1.0;6;164;;M;4580679.0;316084.0;630
11115;201300012296;13;3;6;815;1;1;1;2.0;6;72;;M;0.0;0.0;630
11116;201300012297;13;5;19;400;3;1;1;1.0;6;131;;M;4584500.0;332200.0;630
11117;201300012298;13;7;27;1145;1;1;1;1.0;4;204;;M;4581097.0;316569.0;630
11118;201300012299;13;9;9;1630;1;1;1;1.0;6;66;;M;4588400.0;362900.0;630
11119;201300012300;13;1;28;1530;1;2;2;7.0;6;81;AVENUE DE LA SARDAGNE;M;0.0;0.0;740
11120;201300012301;13;4;6;2245;3;1;1;1.0;7;64;;M;0.0;0.0;740
11121;201300012302;13;4;11;1100;1;1;1;8.0;4;169;;M;0.0;0.0;740
11122;201300012303;13;5;8;130;5;2;2;1.0;3;81;EMILE CHAUTEMPS/FAVRE;M;0.0;0.0;740
11123;201300012304;13;5;13;1930;1;2;1;7.0;6;264;Av. mont-blanc/rue foron;M;0.0;0.0;740
11124;201300012306;13;5;31;2245;5;2;6;2.0;6;81;49 RUE LOUIS ARMAND;M;0.0;0.0;740
11125;201300012308;13;6;20;1315;1;2;1;1.0;2;264;AV DE LA ROUTE BLANCHE;M;0.0;0.0;740
11126;201300012310;13;7;8;1200;1;2;1;7.0;1;81;990 avenue de Colomby;M;0.0;0.0;740
11127;201300012311;13;7;14;1900;1;1;1;1.0;7;64;;M;0.0;0.0;740
11128;201300012313;13;7;20;1400;1;1;1;1.0;1;169;;M;0.0;0.0;740
11129;201300012314;13;7;28;1745;1;1;1;1.0;6;81;47 ALLEE DU MONT BLANC;M;0.0;0.0;740
11130;201300012315;13;8;2;1945;1;2;1;1.0;6;81;RUE NICOLAS GIROD;M;0.0;0.0;740
11131;201300012316;13;8;11;1330;1;1;1;1.0;7;64;;M;0.0;0.0;740
11132;201300012317;13;8;17;1315;1;2;2;1.0;3;81;50 AVENUE DE SARDAGNE;M;0.0;0.0;740
11133;201300012318;13;8;18;1400;1;1;3;1.0;4;159;GARE D'OEX;M;0.0;0.0;740
11134;201300012319;13;8;24;1500;1;1;1;3.0;1;159;;M;0.0;0.0;740
11135;201300012320;13;9;2;1200;1;2;1;1.0;3;81;RUE MARCELLIN BERTHELOT;M;0.0;0.0;740
11136;201300012323;13;11;25;2300;5;2;1;1.0;1;81;AVENUE DES GLIERES;M;0.0;0.0;740
11137;201300012324;13;7;6;1545;1;1;9;1.0;3;397;;M;0.0;0.0;110
11138;201300012326;13;6;8;1600;1;1;1;1.0;1;102;;M;5015578.0;337509.0;590
11139;201300012327;13;9;25;2130;5;2;2;1.0;3;502;CARREFOUR CS 114/118;M;5020916.0;334548.0;590
11140;201300012328;13;1;4;930;1;1;9;8.0;6;375;;M;0.0;0.0;720
11141;201300012330;13;6;16;1630;1;1;1;1.0;7;80;;M;0.0;0.0;720
11142;201300012331;13;8;29;1345;1;1;9;1.0;6;375;;M;0.0;0.0;720
11143;201300012332;13;11;1;1200;1;1;1;3.0;1;241;;M;0.0;0.0;720
11144;201300012333;13;12;20;1800;3;1;1;1.0;3;105;;M;0.0;0.0;720
11145;201300012334;13;7;1;1300;1;1;1;1.0;2;197;;M;4751000.0;408699.0;890
11146;201300012335;13;7;10;830;1;1;1;7.0;2;277;;M;0.0;0.0;890
11147;201300012336;13;9;10;2155;5;2;1;;7;339;;;;;890
11148;201300012337;13;9;29;2330;3;1;1;2.0;3;316;;M;4754042.0;397433.0;890
11149;201300012338;13;11;4;1615;1;1;1;3.0;7;109;;M;0.0;0.0;890
11150;201300012339;13;5;1;1910;1;1;1;1.0;3;207;ROUTE NATIONALE 20;M;4292459.0;163468.0;90
11151;201300012340;13;5;6;2105;2;2;1;1.0;7;122;3, MONNET (RUE JEAN);M;4296390.0;160100.0;90
11152;201300012341;13;7;6;1100;1;2;1;1.0;6;122;4, VILLOTE (ALLEES DE);M;4296374.0;160846.0;90
11153;201300012342;13;7;9;1025;1;2;1;1.0;6;122;58, LECLERC (AVENUE DU G;M;4310491.0;162036.0;90
11154;201300012343;13;7;10;1835;1;2;1;1.0;2;122;35, LECLERC (AVENUE DU G;M;4297292.0;160792.0;90
11155;201300012344;13;7;15;1452;1;2;3;1.0;3;122;1, LECLERC (AVENUE DU GE;M;4297020.0;160810.0;90
11156;201300012346;13;8;8;1432;1;1;1;1.0;5;122;20 (R.N.) TUNNEL;M;4297143.0;162292.0;90
11157;201300012347;13;11;4;1905;3;1;1;2.0;5;122;D17;M;4296029.0;158627.0;90
11158;201300012348;13;11;11;1355;1;2;1;1.0;7;122;1, ALSACE LORRAINE (AVEN;M;4696302.0;160690.0;90
11159;201300012349;13;11;22;2015;5;2;1;4.0;7;122;1, 59 R.I (PLACE DU);M;4296299.0;160886.0;90
11160;201300012350;13;12;14;730;5;2;1;1.0;5;122;62, LECLERC (AVENUE DU G;M;4297747.0;160935.0;90
11161;201300012351;13;12;27;1420;1;1;1;1.0;1;207;D9;M;4294309.0;163396.0;90
11162;201300012352;13;1;13;15;3;1;1;1.0;7;573;rue de la mairie;M;0.0;0.0;910
11163;201300012353;13;2;2;2130;5;2;1;2.0;1;553;;M;4862400.0;248500.0;910
11164;201300012354;13;5;13;2015;1;2;1;1.0;7;577;Grande rue Charles de Ga;M;0.0;0.0;910
11165;201300012356;13;10;23;200;3;2;1;1.0;6;577;;M;4860700.0;250500.0;910
11166;201300012358;13;11;2;600;3;1;6;2.0;6;573;D33;M;4866400.0;251800.0;910
11167;201300012359;13;11;23;2100;3;1;1;1.0;3;617;D33;M;0.0;0.0;910
11168;201300012360;13;1;9;2115;3;2;1;1.0;6;225;USINES BOULEVARD DES;M;4311500.0;160437.0;90
11169;201300012361;13;4;3;2040;3;1;1;1.0;7;225;BELPECH ROUTE DE;M;4313015.0;165999.0;90
11170;201300012363;13;7;19;945;1;2;6;1.0;6;225;0, MIREPOIX ROUTE DE;;;;90
11171;201300012364;13;8;4;405;5;1;6;1.0;6;225;ROUTE NATIONALE 20 (VOIE;M;4314390.0;160585.0;90
11172;201300012365;13;8;19;1030;1;2;1;1.0;6;225;5, REPUBLIQUE PLACE DE L;M;4311618.0;161038.0;90
11173;201300012366;13;11;6;1800;5;2;4;2.0;6;225;2, TERRASSA AVENUE DE;M;4311504.0;161817.0;90
11174;201300012367;13;12;3;1535;1;2;2;1.0;3;225;CHARLES DE GAULLE RUE;M;4311501.0;160960.0;90
11175;201300012368;13;2;6;1315;1;1;1;4.0;5;161;;M;4382000.0;190600.0;310
11176;201300012369;13;5;31;800;1;1;1;2.0;2;37;;M;0.0;0.0;310
11177;201300012370;13;8;1;2245;3;1;1;6.0;5;254;;M;0.0;0.0;310
11178;201300012371;13;1;15;1415;2;1;1;1.0;6;284;;M;4463100.0;-95600.0;330
11179;201300012372;13;4;30;1730;1;1;1;1.0;4;42;;M;0.0;0.0;330
11180;201300012373;13;6;8;1900;1;1;1;3.0;3;498;;M;4453200.0;-83400.0;330
11181;201300012374;13;6;14;1900;1;1;1;1.0;1;260;;M;4450300.0;-83700.0;330
11182;201300012375;13;6;20;745;1;1;1;3.0;5;122;;M;0.0;0.0;330
11183;201300012376;13;6;24;1615;1;1;1;1.0;7;284;;M;0.0;0.0;330
11184;201300012377;13;7;13;445;3;1;1;1.0;5;527;;M;4461600.0;-100200.0;330
11185;201300012378;13;7;21;1930;1;1;1;1.0;2;284;;M;4461600.0;-101600.0;330
11186;201300012379;13;8;21;1630;1;1;1;1.0;2;284;;M;0.0;0.0;330
11187;201300012380;13;9;15;615;2;1;1;1.0;2;42;;M;0.0;0.0;330
11188;201300012381;13;10;29;245;3;1;1;2.0;6;284;;M;4463700.0;-85000.0;330
11189;201300012382;13;11;12;1315;1;1;1;1.0;1;284;;M;4467600.0;-80600.0;330
11190;201300012383;13;2;26;715;2;1;1;8.0;6;208;;M;4551800.0;629000.0;740
11191;201300012384;13;3;26;1445;1;1;1;2.0;7;208;;M;0.0;0.0;740
11192;201300012385;13;6;19;1100;1;1;1;1.0;6;56;;M;0.0;0.0;740
11193;201300012386;13;8;24;545;2;1;1;1.0;7;143;;M;0.0;0.0;740
11194;201300012387;13;2;1;1;3;1;1;2.0;6;40;;M;4451175.0;166692.0;460
11195;201300012388;13;9;2;1445;1;1;3;1.0;7;77;;M;4452400.0;155516.0;460
11196;201300012389;13;10;31;1115;1;1;3;1.0;3;10;;M;4441620.0;156771.0;460
11197;201300012390;13;11;1;2015;3;1;1;2.0;7;49;;M;4443324.0;180904.0;460
11198;201300012391;13;3;22;1730;1;1;1;1.0;2;86;;M;4584400.0;463400.0;690
11199;201300012392;13;6;8;615;1;1;1;1.0;6;32;;M;4585100.0;457100.0;690
11200;201300012393;13;10;12;2300;3;1;1;1.0;6;86;;M;4584200.0;465800.0;690
11201;201300012394;13;12;13;800;1;1;1;5.0;4;112;;M;0.0;0.0;690
11202;201300012395;13;3;10;1515;1;1;1;1.0;7;360;;M;0.0;0.0;720
11203;201300012396;13;11;15;1745;3;1;1;1.0;2;149;;M;0.0;0.0;720
11204;201300012397;13;1;16;2015;3;1;1;1.0;5;278;;M;4776978.0;741297.0;680
11205;201300012398;13;1;24;1930;3;1;1;1.0;1;103;;M;4768055.0;740056.0;680
11206;201300012399;13;5;11;730;1;1;1;1.0;3;42;;M;4762104.0;751186.0;680
11207;201300012400;13;8;17;1330;1;1;1;1.0;7;300;;M;4778007.0;740388.0;680
11208;201300012401;13;10;4;1245;1;1;1;1.0;6;300;;M;4778019.0;740150.0;680
11209;201300012403;13;3;3;1000;1;1;1;1.0;7;7;;M;4807466.0;-60296.0;530
11210;201300012404;13;8;7;415;3;1;1;1.0;7;7;;M;4807505.0;-62049.0;530
11211;201300012405;13;10;7;2030;3;1;1;1.0;3;34;;M;4809986.0;-71816.0;530
11212;201300012406;13;1;15;830;1;1;1;1.0;2;35;;M;0.0;0.0;440
11213;201300012407;13;3;28;1630;1;1;1;1.0;2;35;a11;;;;440
11214;201300012408;13;3;28;1715;1;1;1;1.0;4;35;;M;0.0;0.0;440
11215;201300012409;13;6;13;1930;1;1;1;1.0;6;163;;M;0.0;0.0;440
11216;201300012410;13;6;16;45;3;1;1;1.0;7;48;;M;0.0;0.0;440
11217;201300012411;13;7;28;1245;1;1;1;1.0;6;26;;M;0.0;0.0;440
11218;201300012412;13;8;23;1245;1;1;1;1.0;2;3;;M;0.0;0.0;440
11219;201300012413;13;10;1;2000;3;1;1;8.0;6;213;;M;4742500.0;-102600.0;440
11220;201300012414;13;10;9;1945;3;1;1;1.0;6;163;;M;0.0;0.0;440
11221;201300012415;13;10;26;1830;1;1;1;1.0;7;3;;M;0.0;0.0;440
11222;201300012417;13;6;18;845;1;1;1;3.0;2;238;;M;0.0;0.0;470
11223;201300012420;13;3;9;1615;1;1;1;1.0;7;25;;M;0.0;0.0;820
11224;201300012421;13;4;8;1430;1;1;1;1.0;2;31;;M;0.0;0.0;820
11225;201300012422;13;4;23;1645;1;1;1;1.0;6;25;;M;0.0;0.0;820
11226;201300012423;13;7;16;1715;1;1;1;1.0;4;25;;M;0.0;0.0;820
11227;201300012424;13;8;1;1030;1;1;1;1.0;6;37;;M;0.0;0.0;820
11228;201300012425;13;9;29;1715;1;1;1;2.0;6;123;;M;0.0;0.0;820
11229;201300012426;13;10;3;715;3;1;1;1.0;6;125;;M;0.0;0.0;820
11230;201300012427;13;1;13;330;3;2;1;3.0;7;270;20151;M;4206280.0;882664.0;201
11231;201300012428;13;5;21;1315;1;1;1;1.0;1;65;;M;4217194.0;860838.0;201
11232;201300012429;13;7;21;2330;3;1;1;1.0;1;90;20160;M;0.0;0.0;201
11233;201300012430;13;12;2;930;3;1;1;9.0;2;101;;M;0.0;0.0;390
11234;201300012431;13;1;7;715;2;2;4;1.0;1;397;CH QUARTALLEES;M;4525000.0;583621.0;380
11235;201300012432;13;3;11;645;2;2;1;8.0;1;229;27 boulevard des Alpes;M;0.0;0.0;380
11236;201300012433;13;3;26;1815;1;2;6;1.0;1;140;Avenue de l'Abbaye;M;0.0;0.0;380
11237;201300012434;13;4;9;1800;1;2;1;2.0;6;229;;M;0.0;0.0;380
11238;201300012436;13;2;8;1900;5;2;1;1.0;1;85;route de vallauris pk5.9;M;0.0;0.0;60
11239;201300012437;13;2;22;1945;3;1;1;2.0;1;85;;M;0.0;0.0;60
11240;201300012438;13;2;28;830;1;2;1;1.0;7;85;961 avenue saint martin;M;0.0;0.0;60
11241;201300012439;13;4;12;1600;1;2;1;1.0;3;85;chemin des campeli?res;M;0.0;0.0;60
11242;201300012440;13;4;22;2330;5;2;6;1.0;3;85;rd pt de la lib?ration;M;0.0;0.0;60
11243;201300012441;13;4;15;900;1;2;6;1.0;3;85;rond point de liberation;M;0.0;0.0;60
11244;201300012442;13;6;2;30;5;1;1;1.0;6;85;;M;0.0;0.0;60
11245;201300012443;13;6;29;1100;1;2;1;1.0;1;85;chemin de carima?;M;0.0;0.0;60
11246;201300012445;13;10;2;715;1;2;6;1.0;3;85;route de la Roquette;M;0.0;0.0;60
11247;201300012446;13;10;21;1915;5;2;1;1.0;3;85;RD 809 PK 3,5;M;0.0;0.0;60
11248;201300012447;13;11;5;500;3;2;1;1.0;3;85;P?n?trante R.D 6185;M;0.0;0.0;60
11249;201300012448;13;12;4;1300;1;1;6;1.0;1;85;;M;0.0;0.0;60
11250;201300012449;13;1;11;945;1;1;1;1.0;3;189;RD307;M;4888682.0;190869.0;780
11251;201300012450;13;6;17;1030;1;1;1;3.0;5;189;;M;0.0;0.0;780
11252;201300012451;13;6;23;1800;1;2;1;1.0;3;10;;M;0.0;0.0;780
11253;201300012452;13;10;9;945;1;2;1;9.0;1;466;ROUTE DEPARTEMENTALE 153;M;0.0;0.0;780
11254;201300012453;13;5;6;1130;1;1;2;1.0;1;122;;M;4473500.0;-64000.0;330
11255;201300012454;13;9;10;1530;1;2;9;1.0;6;122;chemin des sources;M;0.0;0.0;330
11256;201300012455;13;10;4;800;1;2;1;3.0;1;122;av Ferdinand de lesseps;M;0.0;0.0;330
11257;201300012456;13;12;11;1845;3;2;1;1.0;6;199;29 Fg des Cordelliers;M;4346700.0;343400.0;340
11258;201300012457;13;1;31;900;1;1;1;1.0;2;213;;M;0.0;0.0;660
11259;201300012458;13;5;10;845;1;2;1;1.0;6;195;avenue victor hugo;M;4268155.0;279228.0;660
11260;201300012459;13;7;20;700;1;2;1;1.0;6;195;D916-Avenue Jean Jaures;M;0.0;0.0;660
11261;201300012460;13;9;1;545;3;1;1;1.0;7;213;;M;0.0;0.0;660
11262;201300012461;13;1;27;1415;1;1;1;8.0;6;462;;M;0.0;0.0;670
11263;201300012462;13;3;16;300;3;1;1;1.0;6;329;;M;0.0;0.0;670
11264;201300012463;13;5;19;300;3;1;9;1.0;6;462;;M;0.0;0.0;670
11265;201300012464;13;6;16;1400;1;1;1;1.0;1;112;;M;0.0;0.0;670
11266;201300012465;13;7;9;845;1;1;1;1.0;2;155;;M;0.0;0.0;670
11267;201300012466;13;9;7;1245;1;1;1;1.0;6;125;;M;0.0;0.0;670
11268;201300012467;13;10;3;2300;3;1;1;1.0;6;101;;M;0.0;0.0;670
11269;201300012468;13;4;7;1600;1;1;1;1.0;3;31;;M;0.0;0.0;790
11270;201300012471;13;4;23;1115;1;1;1;1.0;2;201;;M;0.0;0.0;740
11271;201300012472;13;5;22;445;3;1;1;1.0;2;44;;M;0.0;0.0;740
11272;201300012473;13;7;28;1830;1;1;1;3.0;6;82;;M;0.0;0.0;740
11273;201300012475;13;10;3;1630;1;1;1;1.0;2;243;;M;0.0;0.0;740
11274;201300012476;13;10;20;1215;1;1;1;3.0;6;201;;M;0.0;0.0;740
11275;201300012477;13;1;15;1815;5;2;3;3.0;3;182;LA GRENOUILLERE;M;4854795.0;-296080.0;220
11276;201300012478;13;4;4;1830;1;1;4;8.0;2;182;la Braguette;M;4853317.0;-293864.0;220
11277;201300012479;13;4;26;1645;1;1;1;1.0;6;187;SAINTE CROIX;M;4854876.0;-279408.0;220
11278;201300012480;13;5;26;2115;1;1;3;1.0;3;372;LE VAU MENO;M;4852203.0;-283473.0;220
11279;201300012481;13;7;28;315;5;1;1;1.0;7;182;;M;4853366.0;-294027.0;220
11280;201300012482;13;5;22;1145;1;1;1;1.0;6;269;20145;M;4186600.0;937300.0;201
11281;201300012483;13;7;29;2245;3;1;1;1.0;7;269;;M;0.0;0.0;201
11282;201300012484;13;8;8;2115;3;1;1;1.0;5;92;20135;M;4173952.0;940570.0;201
11283;201300012485;13;8;16;1300;1;1;1;1.0;3;269;20145;M;0.0;0.0;201
11284;201300012486;13;8;21;1515;1;1;1;1.0;7;269;20145;M;0.0;0.0;201
11285;201300012488;13;10;17;2245;3;1;1;1.0;7;139;20137;M;0.0;0.0;201
11286;201300012489;13;1;4;2000;3;1;1;1.0;1;268;;M;0.0;0.0;740
11287;201300012490;13;3;17;1600;1;2;1;8.0;3;268;Avenue d'aix les bains;M;0.0;0.0;740
11288;201300012491;13;4;14;2245;5;2;1;1.0;7;268;21 AVENUE MONTAIGNE;M;0.0;0.0;740
11289;201300012492;13;5;15;1215;1;2;1;2.0;1;268;route de sacconges;M;0.0;0.0;740
11290;201300012493;13;6;14;730;1;2;1;1.0;6;268;23, Avenue Champ Fleuri;M;0.0;0.0;740
11291;201300012495;13;8;23;715;1;2;1;1.0;7;268;;M;0.0;0.0;740
11292;201300012496;13;9;7;2015;3;1;4;3.0;1;268;;M;0.0;0.0;740
11293;201300012497;13;9;28;1515;1;2;1;1.0;6;268;14 avenue champ Fleuri;M;0.0;0.0;740
11294;201300012499;13;10;26;1030;1;1;1;1.0;5;268;;M;0.0;0.0;740
11295;201300012500;13;1;22;1445;1;1;1;1.0;2;62;;M;4585540.0;510571.0;10
11296;201300012501;13;1;29;215;3;1;1;1.0;2;99;;M;4590640.0;523596.0;10
11297;201300012502;13;1;30;745;2;1;1;1.0;7;49;;M;4583630.0;503673.0;10