;Num_Acc;an;mois;jour;hrmn;lum;agg;int;atm;col;com;adr;gps;lat;long;dep
11298;201300012503;13;4;18;330;3;1;1;1.0;7;89;;M;4595160.0;530197.0;10
11299;201300012506;13;9;9;2215;3;1;1;1.0;2;450;;M;4592500.0;526300.0;10
11300;201300012507;13;10;31;2115;3;1;1;1.0;4;7;;M;4600100.0;531400.0;10
11301;201300012508;13;1;10;2230;5;2;2;3.0;3;279;route de Saint-Etienne;M;4551280.0;426836.0;420
11302;201300012509;13;2;19;1430;1;2;1;1.0;1;279;Avenue Mellet Mandard;M;4551080.0;426696.0;420
11303;201300012510;13;6;17;800;1;2;1;1.0;6;256;20 rue carles de mazenod;M;0.0;0.0;420
11304;201300012511;13;6;22;1315;1;2;1;1.0;2;279;Avenue Mellet Mandard;M;4550959.0;427420.0;420
11305;201300012512;13;7;23;1215;1;1;2;1.0;3;279;;M;4547218.0;425671.0;420
11306;201300012513;13;8;10;1800;1;1;1;1.0;3;279;;M;4549984.0;426498.0;420
11307;201300012516;13;11;2;1945;3;1;1;2.0;7;42;;M;4546609.0;423021.0;420
11308;201300012517;13;6;7;1845;1;1;2;1.0;3;244;;M;0.0;0.0;910
11309;201300012518;13;8;26;2200;3;2;1;1.0;7;45;rue de la Libération;M;4852800.0;236600.0;910
11310;201300012519;13;11;11;1900;3;1;6;1.0;2;649;D31;M;0.0;0.0;910
11311;201300012520;13;11;22;1700;5;2;3;1.0;1;37;D948;M;0.0;0.0;910
11312;201300012521;13;12;14;430;5;2;1;3.0;6;45;rue de la liberation;M;0.0;0.0;910
11313;201300012522;13;1;25;845;1;1;1;9.0;6;580;D26;M;0.0;0.0;510
11314;201300012523;13;2;19;1100;1;1;1;1.0;1;333;D9;M;0.0;0.0;510
11315;201300012524;13;5;30;1655;1;1;1;8.0;6;613;D7;M;0.0;0.0;510
11316;201300012525;13;6;26;1545;1;2;1;1.0;1;461;D26;M;0.0;0.0;510
11317;201300012526;13;7;4;1530;1;1;2;1.0;3;614;CH. DE LA BARBARIE/CV;M;0.0;0.0;510
11318;201300012527;13;8;8;430;3;1;1;1.0;6;461;D409;M;0.0;0.0;510
11319;201300012528;13;9;1;1615;1;1;2;1.0;3;115;D951/VC;M;0.0;0.0;510
11320;201300012529;13;9;4;1715;1;2;1;1.0;3;333;RUE DE REIMS;M;0.0;0.0;510
11321;201300012530;13;9;27;845;1;1;3;1.0;3;629;D951;M;0.0;0.0;510
11322;201300012531;13;10;8;1345;1;1;1;1.0;2;536;D308;M;0.0;0.0;510
11323;201300012532;13;10;26;1845;2;1;1;1.0;6;44;D944;M;0.0;0.0;510
11324;201300012533;13;11;3;1045;1;1;1;1.0;1;428;D944;M;0.0;0.0;510
11325;201300012534;13;11;16;15;5;2;1;1.0;6;562;D8;M;0.0;0.0;510
11326;201300012535;13;3;21;1145;1;2;1;1.0;6;157;rue de la vieille église;M;4353496.0;134539.0;310
11327;201300012536;13;4;18;730;1;2;6;1.0;3;157;PLACE DE RETHONDES;M;4354439.0;134616.0;310
11328;201300012537;13;4;27;2230;5;2;2;1.0;1;157;rue du Pré Vicinal;M;4353893.0;133949.0;310
11329;201300012538;13;5;5;1530;1;2;1;1.0;7;588;rue du Béarn;M;4352434.0;132988.0;310
11330;201300012539;13;8;31;2115;5;2;1;1.0;6;203;2 avenue du Gers;M;4351643.0;131553.0;310
11331;201300012540;13;9;9;1945;1;2;1;1.0;3;588;11 vieux chemin de muret;M;0.0;0.0;310
11332;201300012541;13;12;27;1500;1;2;1;1.0;6;203;6 avenue du chene vert;M;4351412.0;132101.0;310
11333;201300012542;13;1;8;815;1;2;1;1.0;7;152;Pont de la Brague;M;0.0;0.0;60
11334;201300012543;13;1;20;1615;1;1;1;3.0;1;152;;M;0.0;0.0;60
11335;201300012544;13;1;21;1830;3;1;1;1.0;1;152;;M;0.0;0.0;60
11336;201300012545;13;2;2;1745;1;1;1;1.0;1;152;;M;0.0;0.0;60
11337;201300012546;13;2;12;1900;5;1;1;1.0;6;18;;M;0.0;0.0;60
11338;201300012547;13;3;19;915;1;1;1;1.0;3;152;;M;0.0;0.0;60
11339;201300012549;13;5;29;1645;1;1;1;1.0;7;18;;M;0.0;0.0;60
11340;201300012550;13;8;8;1215;1;1;1;1.0;6;152;;M;0.0;0.0;60
11341;201300012551;13;9;6;1715;1;1;1;1.0;6;152;;M;0.0;0.0;60
11342;201300012553;13;9;20;1815;1;2;1;1.0;5;18;chemin des pr?s;M;0.0;0.0;60
11343;201300012554;13;10;1;1700;1;1;6;1.0;2;152;;M;0.0;0.0;60
11344;201300012555;13;10;8;600;3;1;1;1.0;6;152;;M;0.0;0.0;60
11345;201300012556;13;10;29;2345;3;1;1;1.0;7;152;;M;0.0;0.0;60
11346;201300012558;13;2;14;645;2;2;6;1.0;3;63;;M;0.0;0.0;690
11347;201300012559;13;4;28;1730;1;2;1;2.0;1;88;MONTEE ROY;M;0.0;0.0;690
11348;201300012560;13;12;3;1400;1;1;1;1.0;1;33;;M;0.0;0.0;690
11349;201300012561;13;1;28;1045;1;2;1;2.0;1;244;87 chemin finat DUCLOS;M;0.0;0.0;690
11350;201300012562;13;6;19;1915;1;2;4;1.0;3;244;mont?e des roches;M;0.0;0.0;690
11351;201300012563;13;6;26;1800;1;2;1;1.0;6;244;avenue Charles de Gaulle;M;0.0;0.0;690
11352;201300012564;13;9;29;1545;1;2;2;1.0;5;244;boulevard des Hesp?rides;M;0.0;0.0;690
11353;201300012565;13;10;7;930;1;2;1;1.0;7;244;Boulevard du valvert;M;0.0;0.0;690
11354;201300012566;13;12;27;2130;5;2;2;8.0;3;244;Avenue de la R?publique;M;0.0;0.0;690
11355;201300012567;13;1;9;2030;5;2;1;1.0;6;378;ROUTE DE CONDRIEU;M;4544350.0;476916.0;380
11356;201300012568;13;1;23;1000;1;2;1;1.0;6;378;chemin de sylvie;M;0.0;0.0;380
11357;201300012569;13;3;23;100;3;1;1;1.0;6;425;;M;0.0;0.0;380
11358;201300012570;13;5;10;1515;1;2;1;1.0;2;425;22 RUE HECTOR BERLIOZ;M;0.0;0.0;380
11359;201300012571;13;6;18;1700;1;1;1;1.0;3;378;;M;0.0;0.0;380
11360;201300012572;13;7;8;1900;1;2;1;1.0;7;340;;M;0.0;0.0;380
11361;201300012573;13;7;12;2230;5;2;1;1.0;7;425;rue Fran?ois Truffaut;M;0.0;0.0;380
11362;201300012574;13;9;6;1930;1;1;1;1.0;3;536;;M;0.0;0.0;380
11363;201300012575;13;11;9;1745;2;1;1;1.0;6;378;RTE DE GERBEY;M;4545350.0;477818.0;380
11364;201300012576;13;11;14;1215;1;2;1;1.0;3;340;AVENUE DE LA LIBERATION;M;4545200.0;476900.0;380
11365;201300012577;13;4;17;1715;1;1;1;1.0;1;120;;M;0.0;0.0;740
11366;201300012578;13;5;13;1845;1;1;1;1.0;1;137;;M;4600700.0;618800.0;740
11367;201300012579;13;7;12;645;1;2;4;1.0;3;299;ROUTE DES PENSIERES;M;0.0;0.0;740
11368;201300012580;13;9;7;2100;5;2;1;3.0;3;11;42 ROUTE DE PRINGY;M;0.0;0.0;740
11369;201300012581;13;9;21;1730;1;1;1;1.0;1;11;;M;0.0;0.0;740
11370;201300012582;13;11;11;1800;2;1;1;1.0;1;120;;M;0.0;0.0;740
11371;201300012583;13;12;11;2100;3;1;1;1.0;7;120;;M;4605700.0;621700.0;740
11372;201300012584;13;1;8;1800;2;1;1;1.0;1;153;;M;4374003.0;378022.0;340
11373;201300012585;13;3;16;415;3;1;1;1.0;7;153;;M;4373518.0;379026.0;340
11374;201300012586;13;7;5;1145;1;2;9;1.0;6;255;Rue des vautes -;M;0.0;0.0;340
11375;201300012587;13;11;19;1500;1;2;1;2.0;3;116;route de montpellier;M;4365100.0;380700.0;340
11376;201300012588;13;12;24;845;1;2;1;1.0;1;116;rue gaston plante;M;0.0;0.0;340
11377;201300012589;13;4;6;1515;1;1;1;1.0;7;350;;M;4628040.0;524186.0;10
11378;201300012590;13;6;3;745;1;1;1;1.0;6;451;;M;4623490.0;527928.0;10
11379;201300012591;13;8;8;1100;1;1;1;3.0;4;422;;M;4614620.0;529130.0;10
11380;201300012592;13;3;16;155;3;1;1;1.0;6;359;;M;0.0;0.0;20
11381;201300012593;13;7;3;2315;3;1;1;1.0;6;123;;M;0.0;0.0;20
11382;201300012594;13;7;9;1130;1;1;1;7.0;6;808;;M;0.0;0.0;20
11383;201300012595;13;8;11;1730;1;1;3;1.0;5;575;;M;0.0;0.0;20
11384;201300012596;13;8;17;2345;3;1;1;1.0;2;149;;M;0.0;0.0;20
11385;201300012597;13;9;3;1850;1;1;1;1.0;1;571;;M;0.0;0.0;20
11386;201300012598;13;9;5;1730;1;1;1;1.0;6;575;;M;0.0;0.0;20
11387;201300012599;13;9;21;2350;3;1;1;1.0;6;397;;M;0.0;0.0;20
11388;201300012600;13;12;10;850;2;1;1;9.0;6;397;;M;0.0;0.0;20
11389;201300012601;13;12;21;1030;1;1;1;1.0;2;330;;M;0.0;0.0;20
11390;201300012602;13;1;28;1030;1;2;1;1.0;7;571;rue colette;M;0.0;0.0;780
11391;201300012603;13;4;20;15;3;1;1;9.0;7;455;;M;0.0;0.0;780
11392;201300012604;13;7;19;2245;5;2;1;1.0;6;455;rue andre lebourblanc;M;0.0;0.0;780
11393;201300012605;13;9;20;2000;5;2;1;1.0;6;233;residence le vieux puits;M;0.0;0.0;780
11394;201300012607;13;12;16;1745;3;1;1;1.0;5;233;;M;0.0;0.0;780
11395;201300012608;13;3;30;545;4;1;3;2.0;3;37;;M;0.0;0.0;130
11396;201300012609;13;3;30;1430;1;1;1;1.0;2;112;;M;0.0;0.0;130
11397;201300012610;13;4;24;2045;3;1;1;1.0;3;32;;M;0.0;0.0;130
11398;201300012611;13;7;6;115;3;2;1;1.0;6;14;D113 L'al?sia;M;0.0;0.0;130
11399;201300012612;13;11;26;1745;3;1;1;1.0;5;112;;M;0.0;0.0;130
11400;201300012613;13;11;28;815;1;1;1;1.0;3;678;RN 184;M;0.0;0.0;950
11401;201300012614;13;1;1;2000;5;2;8;4.0;2;139;Passage ? niveau 112;M;4258866.0;179809.0;90
11402;201300012615;13;1;10;2000;3;1;1;2.0;1;32;;M;4272263.0;184283.0;90
11403;201300012616;13;1;31;815;1;1;1;9.0;7;189;;M;4267872.0;183180.0;90
11404;201300012617;13;5;26;1500;1;2;1;1.0;1;318;Rue de Laudinet;M;4276188.0;177188.0;90
11405;201300012618;13;7;19;1130;1;1;1;1.0;6;189;;M;4266265.0;183556.0;90
11406;201300012620;13;10;26;1245;1;1;1;1.0;3;32;;M;4269248.0;182814.0;90
11407;201300012621;13;1;8;1800;5;2;1;1.0;6;131;rue de Rennes;M;4812367.0;-180821.0;350
11408;201300012622;13;3;10;1545;1;1;9;1.0;6;210;;M;4815060.0;-179663.0;350
11409;201300012623;13;5;9;230;3;1;1;1.0;7;210;;M;4813152.0;-180490.0;350
11410;201300012624;13;7;22;1130;1;1;1;1.0;1;131;;M;0.0;0.0;350
11411;201300012625;13;9;17;700;2;1;3;1.0;1;210;;M;4815062.0;-179674.0;350
11412;201300012628;13;12;28;1645;1;1;1;2.0;1;214;;M;4750281.0;-282700.0;560
11413;201300012629;13;4;30;1630;1;2;1;1.0;6;5;Rue de leen Vihan;M;4754187.0;-289017.0;560
11414;201300012630;13;5;20;1715;1;1;1;8.0;3;251;;M;0.0;0.0;560
11415;201300012631;13;6;9;1500;1;1;1;1.0;5;252;;M;0.0;0.0;560
11416;201300012632;13;6;28;1830;1;1;9;1.0;6;240;;M;0.0;0.0;560
11417;201300012633;13;8;1;1115;1;1;1;1.0;2;240;;M;4750814.0;-275080.0;560
11418;201300012634;13;8;10;1845;1;1;9;1.0;3;240;;M;0.0;0.0;560
11419;201300012635;13;8;12;1815;1;2;1;1.0;3;251;rue ty er lan;M;0.0;0.0;560
11420;201300012637;13;8;11;1830;1;1;1;1.0;6;155;;M;4582228.0;412033.0;420
11421;201300012638;13;2;6;1300;1;1;1;1.0;7;66;;M;4574186.0;417931.0;420
11422;201300012639;13;10;13;700;3;1;1;9.0;5;209;;M;4586347.0;430871.0;420
11423;201300012640;13;5;13;1500;1;1;1;1.0;1;22;;M;4823180.0;586058.0;880
11424;201300012641;13;5;25;1230;1;1;1;1.0;2;324;;M;4828853.0;585600.0;880
11425;201300012642;13;5;29;1715;1;1;1;1.0;1;31;;M;4834779.0;585594.0;880
11426;201300012643;13;10;1;2145;3;1;1;1.0;2;390;;M;4814515.0;568722.0;880
11427;201300012644;13;2;25;1900;4;2;1;1.0;6;553;rue jean sebastien bach;M;0.0;0.0;380
11428;201300012645;13;5;23;1700;1;1;1;3.0;4;553;;M;0.0;0.0;380
11429;201300012646;13;6;3;900;1;2;1;1.0;3;553;bld de villefontaine;M;0.0;0.0;380
11430;201300012647;13;6;17;1100;1;1;1;1.0;1;48;;M;0.0;0.0;380
11431;201300012648;13;7;19;1045;1;1;1;1.0;3;339;;M;0.0;0.0;380
11432;201300012649;13;1;20;2130;3;1;1;1.0;2;113;;M;0.0;0.0;130
11433;201300012650;13;5;3;130;3;1;1;1.0;6;113;;M;0.0;0.0;130
11434;201300012651;13;8;9;1900;1;1;1;1.0;3;113;;M;0.0;0.0;130
11435;201300012652;13;9;9;745;1;1;1;1.0;6;113;;M;0.0;0.0;130
11436;201300012653;13;9;9;1645;1;1;1;1.0;6;99;;M;0.0;0.0;130
11437;201300012654;13;11;25;1830;3;1;1;1.0;6;48;;M;0.0;0.0;130
11438;201300012655;13;12;23;1130;1;1;1;5.0;1;113;;M;0.0;0.0;130
11439;201300012656;13;12;24;1615;1;1;1;1.0;6;59;;M;0.0;0.0;130
11440;201300012657;13;3;13;2245;3;1;1;1.0;2;138;;M;0.0;0.0;180
11441;201300012658;13;4;27;1800;1;1;1;1.0;6;141;;M;0.0;0.0;180
11442;201300012659;13;6;1;1215;1;1;1;1.0;6;279;A 71;M;0.0;0.0;180
11443;201300012660;13;6;18;800;1;1;1;8.0;6;279;;M;0.0;0.0;180
11444;201300012661;13;7;7;1115;1;1;1;1.0;3;190;;M;0.0;0.0;180
11445;201300012662;13;7;9;245;5;1;1;1.0;6;279;;M;4724624.0;206519.0;180
11446;201300012663;13;8;14;1530;1;1;1;1.0;6;138;;M;0.0;0.0;180
11447;201300012664;13;9;8;1745;1;1;1;1.0;1;279;;M;0.0;0.0;180
11448;201300012666;13;10;17;700;2;1;1;8.0;6;167;;M;0.0;0.0;180
11449;201300012667;13;10;19;1645;1;1;1;1.0;1;279;;M;0.0;0.0;180
11450;201300012668;13;11;16;1200;1;1;1;1.0;6;141;;M;0.0;0.0;180
11451;201300012669;13;1;18;1515;1;1;1;6.0;3;333;;M;4348805.0;377257.0;340
11452;201300012670;13;1;22;2115;3;1;1;1.0;1;337;;M;4353953.0;388954.0;340
11453;201300012671;13;3;17;115;3;1;1;9.0;7;159;;M;4352300.0;381444.0;340
11454;201300012672;13;4;7;1230;1;1;1;1.0;3;333;;M;4348417.0;377259.0;340
11455;201300012673;13;5;15;2015;2;1;1;1.0;6;333;;M;4349555.0;377693.0;340
11456;201300012674;13;10;3;600;3;1;1;1.0;1;337;;M;4353359.0;353359.0;340
11457;201300012675;13;11;8;745;2;1;1;1.0;6;333;;M;0.0;0.0;340
11458;201300012676;13;11;27;1945;3;1;1;1.0;3;333;;M;0.0;0.0;340
11459;201300012677;13;2;24;2000;3;1;1;1.0;4;204;;M;4616530.0;570255.0;10
11460;201300012678;13;9;5;1845;2;1;1;1.0;7;228;;M;0.0;0.0;10
11461;201300012679;13;9;19;745;2;1;1;9.0;6;265;;M;0.0;0.0;10
11462;201300012680;13;9;28;1100;1;1;1;1.0;4;228;;M;0.0;0.0;10
11463;201300012681;13;10;19;1530;1;1;1;1.0;6;373;;M;0.0;0.0;10
11464;201300012682;13;11;18;2045;3;1;1;1.0;6;283;;M;0.0;0.0;10
11465;201300012683;13;12;14;1600;2;1;1;8.0;2;77;;M;0.0;0.0;10
11466;201300012684;13;12;24;2015;3;1;1;3.0;3;391;;M;0.0;0.0;140
11467;201300012685;13;2;28;2145;3;1;1;1.0;7;51;;M;0.0;0.0;130
11468;201300012686;13;3;4;1015;1;1;1;8.0;1;44;;M;0.0;0.0;130
11469;201300012688;13;3;14;930;1;2;1;6.0;1;29;Chemin des caravasses;M;4356281.0;506639.0;130
11470;201300012689;13;3;30;400;3;1;1;2.0;6;51;;M;0.0;0.0;130
11471;201300012690;13;5;11;100;3;1;1;1.0;7;9;;M;0.0;0.0;130
11472;201300012691;13;5;24;1845;1;1;1;1.0;1;29;;M;0.0;0.0;130
11473;201300012692;13;5;27;800;1;1;2;1.0;1;51;;M;0.0;0.0;130
11474;201300012693;13;6;22;115;5;1;1;1.0;3;69;;M;0.0;0.0;130
11475;201300012695;13;7;14;215;3;1;1;1.0;6;44;;M;0.0;0.0;130
11476;201300012696;13;10;9;1815;1;2;1;7.0;6;69;47 BOULEVARD DE DRAISINE;M;4363435.0;514616.0;130
11477;201300012697;13;11;8;1600;1;1;2;1.0;3;51;;M;4358896.0;511936.0;130
11478;201300012698;13;6;16;1745;1;1;1;1.0;1;85;;M;4492746.0;670972.0;50
11479;201300012699;13;8;10;1530;1;1;1;1.0;1;85;;M;4492604.0;669033.0;50
11480;201300012700;13;9;14;1230;1;1;1;1.0;3;85;;M;4492674.0;670172.0;50
11481;201300012701;13;1;9;1715;2;1;1;1.0;2;118;;M;4611200.0;314000.0;30
11482;201300012702;13;8;11;1600;1;1;1;1.0;6;21;;M;4612800.0;311900.0;30
11483;201300012703;13;8;13;1215;1;1;1;1.0;2;21;;M;4611700.0;313500.0;30
11484;201300012704;13;10;5;1945;2;1;1;2.0;6;75;;M;0.0;0.0;30
11485;201300012705;13;7;11;2145;2;1;1;1.0;2;113;;M;4580562.0;314497.0;630
11486;201300012706;13;9;24;945;1;1;1;1.0;1;164;;M;4583000.0;316000.0;630
11487;201300012707;13;11;15;1430;1;1;1;4.0;4;278;;M;4592600.0;314700.0;630
11488;201300012708;13;11;26;1200;1;1;1;1.0;3;113;;M;4578800.0;314300.0;630
11489;201300012709;13;1;7;1615;1;1;1;1.0;2;84;;M;0.0;0.0;60
11490;201300012711;13;5;8;1200;1;1;1;1.0;4;19;;M;4751839.0;-37697.0;490
11491;201300012712;13;8;23;530;3;1;9;1.0;6;377;;M;4751815.0;-42963.0;490
11492;201300012713;13;10;6;1800;1;1;1;1.0;3;127;;M;4766659.0;-26539.0;490
11493;201300012714;13;10;29;830;1;1;1;1.0;7;76;A11;M;4760617.0;-30296.0;490
11494;201300012715;13;11;11;2000;5;1;1;2.0;6;110;;M;4753837.0;-34141.0;490
11495;201300012718;13;7;16;2115;2;1;1;1.0;7;261;;M;4369835.0;-123044.0;400
11496;201300012719;13;7;20;100;3;1;1;1.0;6;75;;M;4386200.0;-116400.0;400
11497;201300012720;13;7;31;1100;1;1;1;1.0;2;75;;M;4389700.0;-113200.0;400
11498;201300012721;13;8;13;1145;1;1;1;1.0;6;75;;M;4388304.0;-113109.0;400
11499;201300012722;13;9;9;1015;1;1;1;1.0;7;75;;M;4388191.0;-113093.0;400
11500;201300012723;13;10;5;2000;3;1;1;1.0;2;133;;M;4361506.0;-134120.0;400
11501;201300012724;13;11;12;245;3;1;1;2.0;7;168;;M;4375791.0;-122229.0;400
11502;201300012725;13;3;29;1215;1;1;1;1.0;4;210;;M;4408185.0;-100220.0;400
11503;201300012726;13;4;17;2020;1;1;1;1.0;6;295;;M;4439721.0;-82428.0;400
11504;201300012728;13;7;21;1200;1;1;1;1.0;2;295;;M;4433577.0;-86755.0;400
11505;201300012730;13;3;31;1745;1;1;1;1.0;6;408;;M;4598800.0;279200.0;630
11506;201300012731;13;6;7;1330;1;1;2;1.0;3;171;;M;0.0;0.0;630
11507;201300012732;13;6;15;1730;1;1;1;1.0;6;171;;M;0.0;0.0;630
11508;201300012733;13;7;21;2015;1;1;2;1.0;3;171;;M;0.0;0.0;630
11509;201300012734;13;8;15;1815;1;1;1;7.0;1;198;;M;0.0;0.0;630
11510;201300012735;13;9;26;1630;1;1;1;1.0;7;388;;M;0.0;0.0;630
11511;201300012736;13;12;10;745;1;1;1;1.0;6;198;;M;4593800.0;301400.0;630
11512;201300012737;13;1;11;1535;1;2;1;1.0;1;343;MARCEL BIDOT (RUE);M;4826926.0;410942.0;100
11513;201300012738;13;1;17;757;2;2;1;1.0;6;333;10, ECHENILLY (RUE);M;4828486.0;405062.0;100
11514;201300012739;13;1;31;2030;5;2;1;2.0;1;321;15, JEAN JAURES (RUE);M;4828819.0;403531.0;100
11515;201300012741;13;2;13;950;1;2;1;1.0;4;297;ROGER SALENGRO (RUE);M;4831187.0;409738.0;100
11516;201300012742;13;1;4;1820;5;2;1;2.0;1;387;16, JULES GUESDE (BD);M;4829271.0;408213.0;100
11517;201300012744;13;1;7;1805;1;2;1;1.0;6;387;8, GASTON ROGELIN (RUE);M;4830753.0;406663.0;100
11518;201300012745;13;2;22;945;1;2;1;1.0;6;357;GENERAL DE GAULLE (RUE D;M;4829759.0;413210.0;100
11519;201300012746;13;3;5;750;1;2;3;1.0;3;387;LOMBARDS (AVENUE);;;;100
11520;201300012747;13;3;16;935;1;2;2;1.0;3;387;VOULDY (CHAUSSEE DU);;;;100
11521;201300012749;13;2;20;1300;1;2;1;1.0;4;387;11, PREMIER RAM (RUE DU);M;4829183.0;407212.0;100
11522;201300012750;13;3;26;840;1;2;1;1.0;6;81;2, PRESIDENT RENE COTY (;;;;100
11523;201300012751;13;3;31;2000;1;1;1;1.0;6;297;Rocade EST;;;;100
11524;201300012752;13;4;4;1152;1;2;1;1.0;2;333;31, CHARLES BALTET (RUE);;;;100
11525;201300012753;13;4;5;1915;1;2;1;1.0;6;387;63, PASTEUR (RUE);M;4830197.0;406361.0;100
11526;201300012755;13;4;12;1235;1;2;1;1.0;6;387;1, CHALMEL (RUE);M;4829500.0;406425.0;100
11527;201300012756;13;4;15;835;1;2;1;1.0;6;387;7, VOULDY (CHAUSSEE DU);M;4829358.0;408362.0;100
11528;201300012757;13;4;20;1920;1;2;9;1.0;3;333;102, AUXERRE (ROUTE);M;4826916.0;404891.0;100
11529;201300012758;13;4;30;1040;1;2;1;1.0;6;387;ANATOLE FRANCE (RUE);;;;100
11530;201300012759;13;4;30;1420;1;2;1;2.0;6;81;03, MARCEL DEFRANCE (RUE;M;4830782.0;402941.0;100
11531;201300012760;13;5;6;1745;1;2;1;2.0;6;387;TURENNE (RUE DE);M;4829296.0;407356.0;100
11532;201300012761;13;5;15;1640;1;2;1;1.0;2;387;16, CARNOT (RUE);M;4829661.0;406650.0;100
11533;201300012762;13;5;18;650;2;2;1;1.0;7;362;RD 660;;;;100
11534;201300012763;13;5;27;1115;1;2;1;1.0;2;333;68, AUXERRE (ROUTE);M;4828066.0;406915.0;100
11535;201300012764;13;5;21;1745;1;2;1;2.0;6;387;Anatole France (Ave);M;4828425.0;407297.0;100
11536;201300012765;13;5;24;1535;1;2;1;8.0;6;387;17,  R.A.M (BDL DU 1er);M;4829151.0;407158.0;100
11537;201300012767;13;5;29;848;1;2;2;1.0;5;387;MAJOR GENERAL VANIER (AV;M;4831180.0;406604.0;100
11538;201300012768;13;5;6;1120;1;2;3;1.0;1;387;REINE BLANCHE (RUE);;;;100
11539;201300012769;13;6;1;1040;1;2;9;1.0;6;362;DAMES (RUE DES);;;;100
11540;201300012770;13;6;12;1823;1;2;1;1.0;6;387;112, EDOUARD HERRIOT (AV;M;4827097.0;408438.0;100
11541;201300012771;13;6;4;1935;1;2;1;1.0;2;387;JACQUIN (RUE);M;4830398.0;408086.0;100
11542;201300012772;13;6;17;815;1;2;1;1.0;1;387;30, GRAND VEON (RUE DU);M;4829357.0;410047.0;100
11543;201300012773;13;6;21;845;1;2;1;1.0;6;387;44, CARNOT (BD);M;4829522.0;406744.0;100
11544;201300012774;13;6;21;1525;1;1;1;1.0;1;357;RD619;;;;100
11545;201300012775;13;6;5;2020;1;2;1;1.0;2;362;50, NOES (RUE DES);;;;100
11546;201300012777;13;6;28;1725;1;2;3;8.0;6;387;TOUR (RUE DE LA);M;4830241.0;407616.0;100
11547;201300012779;13;7;9;1620;1;2;6;1.0;3;387;THENARD (RUE);M;4826845.0;408630.0;100
11548;201300012780;13;7;10;1025;1;2;2;1.0;3;387;QUINZE VINGT (RUE);M;4829690.0;407141.0;100
11549;201300012781;13;7;19;1435;1;2;3;1.0;3;362;GENERAL GALLIENI (RUE DU;M;4829412.0;405702.0;100
11550;201300012782;13;7;26;850;1;2;1;1.0;6;387;101, ANATOLE FRANCE (RUE;M;4827990.0;406835.0;100
11551;201300012783;13;7;12;1727;1;2;1;1.0;4;333;AUXERRE (ROUTE);M;4826833.0;404753.0;100
11552;201300012784;13;8;4;1332;1;2;2;1.0;3;387;31, ETIENNE PEDRON (RUE);M;4830678.0;407664.0;100
11553;201300012785;13;8;8;1705;1;2;1;1.0;3;387;195, GENERAL LECLERC (RU;M;4830948.0;405408.0;100
11554;201300012786;13;7;24;1925;1;2;3;1.0;3;387;HENRI BARBUSSE (RUE);M;4830046.0;408683.0;100
11555;201300012787;13;8;21;42;3;2;1;1.0;6;362;75, PAUL DOUMER (RUE);M;4828980.0;404884.0;100
11556;201300012788;13;7;22;1120;1;2;2;1.0;6;387;GENDRET DE LA BONDE (RUE;M;4830475.0;407099.0;100
11557;201300012789;13;8;23;1915;2;2;6;1.0;6;387;GEORGES POMPIDOU (RUE);M;4829130.0;408852.0;100
11558;201300012791;13;9;4;1836;1;2;2;1.0;3;387;MAJOR GENERAL VANIER (AV;M;4830354.0;407292.0;100
11559;201300012793;13;9;14;1142;1;2;1;1.0;2;387;CHOMEDEY DE MAISONNEUVE;;;;100
11560;201300012795;13;9;30;752;1;2;1;1.0;7;321;JEAN JAURES (RUE);M;4828760.0;403042.0;100
11561;201300012796;13;10;10;945;1;2;1;1.0;6;387;EDOUARD HERRIOT (RUE);M;4827135.0;408392.0;100
11562;201300012797;13;10;10;1634;1;2;1;2.0;6;387;DANTON (RUE);M;4830332.0;407710.0;100
11563;201300012798;13;10;22;2050;5;2;1;2.0;3;387;LOMBARDS (AVENUE);M;4827550.0;407155.0;100
11564;201300012802;13;11;18;730;1;2;1;8.0;3;60;3, VERRIERES (ROUTE DE);M;4826421.0;411066.0;100
11565;201300012803;13;11;25;1200;1;2;2;1.0;3;325;EGALITE (RUE DE L');M;4826305.0;405910.0;100
11566;201300012804;13;11;29;1650;2;2;1;1.0;6;387;PIERRE BROSSOLETTE (RUE);;;;100
11567;201300012805;13;11;15;1808;5;2;1;2.0;6;357;PIERRE BROSSOLETTE (RUE);M;4829943.0;411856.0;100
11568;201300012806;13;12;9;755;5;2;6;1.0;2;343;CHATEAU DES COURS (RUE D;M;4827390.0;409271.0;100
11569;201300012807;13;4;26;1545;1;2;1;2.0;3;152;20 rue de l'Eglise;M;0.0;0.0;670
11570;201300012808;13;6;15;1530;1;2;6;1.0;3;152;rue du fort;M;4853400.0;768800.0;670
11571;201300012809;13;6;18;745;1;1;3;1.0;5;152;;M;4852100.0;766700.0;670
11572;201300012810;13;6;18;1445;1;1;6;1.0;2;152;;M;4853200.0;769100.0;670
11573;201300012811;13;9;11;1900;1;2;1;8.0;6;152;rue du g?n?ral de gaulle;M;4851800.0;764200.0;670