;Num_Acc;an;mois;jour;hrmn;lum;agg;int;atm;col;com;adr;gps;lat;long;dep
11574;201300012812;13;11;19;645;2;2;1;8.0;4;152;Route de Lingolsheim;M;4855100.0;768200.0;670
11575;201300012813;13;12;20;1400;1;2;1;1.0;4;108;route de schirmeck;M;0.0;0.0;670
11576;201300012814;13;1;11;1715;1;2;1;1.0;5;309;RD263;M;4865300.0;772400.0;670
11577;201300012815;13;5;16;1015;1;2;1;2.0;3;471;route de Brumath;M;4864000.0;773100.0;670
11578;201300012816;13;5;16;1200;1;2;1;2.0;1;296;rue principale;M;0.0;0.0;670
11579;201300012818;13;6;15;1215;1;2;1;1.0;6;506;24 rue du Gal De Gaulle;M;4867000.0;771000.0;670
11580;201300012819;13;6;16;830;1;2;1;1.0;6;343;98 A, route de Saverne;M;4861000.0;768000.0;670
11581;201300012820;13;6;18;1545;1;2;1;1.0;6;471;97, route de Brumath;M;4862000.0;773000.0;670
11582;201300012821;13;8;5;1900;1;1;3;1.0;3;389;;M;0.0;0.0;670
11583;201300012822;13;9;28;2000;5;2;1;1.0;6;343;rue de WOLFISHEIM;M;4861000.0;768300.0;670
11584;201300012823;13;11;11;1800;3;1;1;1.0;6;506;;M;0.0;0.0;670
11585;201300012824;13;11;15;800;1;2;1;1.0;3;506;rue de brumath;M;4867500.0;771900.0;670
11586;201300012825;13;12;20;1245;1;2;1;1.0;6;471;67, route de Brumath;M;0.0;0.0;670
11587;201300012826;13;1;8;1615;1;2;1;8.0;1;105;RD 2085;M;4366900.0;705400.0;60
11588;201300012827;13;1;13;945;1;2;1;8.0;3;38;PLACE DES PINS;M;0.0;0.0;60
11589;201300012828;13;2;10;145;3;1;1;1.0;3;105;;M;4368800.0;705900.0;60
11590;201300012829;13;5;5;1230;1;2;1;1.0;3;148;1019 route de vence;M;0.0;0.0;60
11591;201300012830;13;6;23;1445;1;1;1;1.0;6;148;;M;4371300.0;705000.0;60
11592;201300012832;13;7;28;1145;1;1;1;1.0;1;10;;M;0.0;0.0;60
11593;201300012833;13;9;28;1800;1;2;1;8.0;2;89;RD 3 - 06650 OPIO;M;4366800.0;698700.0;60
11594;201300012834;13;11;1;1030;1;2;1;1.0;4;112;43 Route de Nice;M;0.0;0.0;60
11595;201300012835;13;10;25;1730;2;1;1;1.0;6;148;;M;0.0;0.0;60
11596;201300012836;13;12;15;315;3;2;1;1.0;1;112;D7 ROUTE DE ROQUEFORT;M;0.0;0.0;60
11597;201300012837;13;2;24;2000;3;1;1;4.0;6;127;;M;4310714.0;32639.0;650
11598;201300012838;13;3;2;1230;1;1;1;1.0;5;127;;M;4310692.0;33185.0;650
11599;201300012839;13;3;23;1630;1;1;1;4.0;6;127;;M;4312307.0;31946.0;650
11600;201300012840;13;5;2;2230;3;1;1;2.0;6;101;;M;4318668.0;22271.0;650
11601;201300012841;13;5;10;1730;1;1;1;1.0;6;101;;M;4318457.0;22333.0;650
11602;201300012842;13;6;29;600;2;1;1;1.0;7;353;;M;4316384.0;26847.0;650
11603;201300012843;13;7;13;1645;1;1;1;1.0;7;258;A 64;M;4310008.0;37030.0;650
11604;201300012844;13;8;4;315;3;1;1;1.0;5;127;;M;4310270.0;33783.0;650
11605;201300012845;13;9;1;1;3;1;1;1.0;6;216;;M;4326190.0;-15482.0;640
11606;201300012846;13;11;21;1600;1;1;1;4.0;4;482;;M;4310690.0;44399.0;650
11607;201300012847;13;2;14;1825;2;1;1;9.0;6;560;;M;0.0;0.0;20
11608;201300012849;13;6;30;100;3;1;1;1.0;2;180;;M;0.0;0.0;20
11609;201300012851;13;7;24;1935;1;1;1;1.0;6;720;;M;0.0;0.0;20
11610;201300012852;13;7;26;1100;1;1;1;1.0;6;169;;M;0.0;0.0;20
11611;201300012853;13;8;2;2230;3;1;1;1.0;3;189;;M;4962981.0;386490.0;20
11612;201300012854;13;8;8;730;1;1;1;1.0;2;498;;M;0.0;0.0;20
11613;201300012855;13;8;11;1700;1;2;3;1.0;3;468;rue docteur galoy;M;0.0;0.0;20
11614;201300012856;13;9;8;655;2;1;1;1.0;1;489;;M;0.0;0.0;20
11615;201300012857;13;9;8;1530;1;1;1;1.0;6;350;rue de Beauvois;M;4967147.0;385046.0;20
11616;201300012858;13;9;25;1745;1;2;1;8.0;3;690;rue de Chivres;M;4961920.0;390510.0;20
11617;201300012859;13;10;9;1710;1;1;1;1.0;1;73;;M;0.0;0.0;20
11618;201300012860;13;10;19;1515;1;2;1;1.0;6;215;Rue Pierre Curtil;M;0.0;0.0;20
11619;201300012863;13;12;21;330;3;1;1;1.0;3;697;;M;0.0;0.0;20
11620;201300012864;13;1;5;1630;3;1;1;8.0;1;530;;M;4562390.0;517158.0;380
11621;201300012866;13;6;16;615;2;2;1;1.0;6;193;rue du Lans;M;0.0;0.0;380
11622;201300012867;13;6;27;1245;1;2;1;1.0;2;193;Route de LYON;M;0.0;0.0;380
11623;201300012868;13;8;22;2015;1;2;3;1.0;3;193;promenade de cassiopee;M;0.0;0.0;380
11624;201300012869;13;8;30;1230;1;1;1;1.0;3;172;;M;0.0;0.0;380
11625;201300012870;13;11;2;1700;1;1;1;1.0;3;193;;M;0.0;0.0;380
11626;201300012871;13;6;19;2030;1;1;1;1.0;1;158;;M;4649100.0;266600.0;30
11627;201300012872;13;7;17;2045;1;1;1;1.0;6;31;;M;4641200.0;274000.0;30
11628;201300012873;13;10;29;1130;1;1;1;7.0;6;158;;M;4650400.0;264800.0;30
11629;201300012874;13;1;12;1800;3;1;1;1.0;6;178;05 300;M;4436690.0;592305.0;50
11630;201300012875;13;3;17;2030;3;1;1;3.0;6;78;;M;4439280.0;594203.0;50
11631;201300012876;13;5;24;2230;3;1;1;1.0;5;103;;M;4428760.0;590206.0;50
11632;201300012877;13;9;13;730;1;1;1;1.0;2;63;;M;0.0;0.0;40
11633;201300012878;13;9;22;1500;1;1;1;1.0;6;178;;M;4436776.0;592351.0;50
11634;201300012879;13;10;3;1500;1;1;1;1.0;2;149;;M;0.0;0.0;40
11635;201300012880;13;12;27;1045;1;1;1;1.0;6;209;;M;0.0;0.0;40
11636;201300012881;13;4;8;700;1;1;1;1.0;6;80;;M;0.0;0.0;130
11637;201300012882;13;4;13;1315;1;1;1;7.0;6;80;;M;0.0;0.0;130
11638;201300012883;13;4;29;545;2;1;1;3.0;1;80;;M;0.0;0.0;130
11639;201300012884;13;6;4;1945;1;1;1;1.0;5;80;;M;0.0;0.0;130
11640;201300012885;13;6;15;1130;1;2;1;1.0;6;113;40 ave maurice plantier;M;4359820.0;548498.0;130
11641;201300012886;13;7;4;945;1;1;1;1.0;5;80;*;M;0.0;0.0;130
11642;201300012887;13;7;11;1530;1;2;1;1.0;1;113;Avenue de la Ferrage;M;4359598.0;547886.0;130
11643;201300012889;13;1;19;630;3;1;9;4.0;7;118;;M;4548348.0;602734.0;730
11644;201300012890;13;3;17;2245;5;1;9;3.0;6;151;;M;4551381.0;600054.0;730
11645;201300012891;13;4;21;1945;1;1;1;8.0;7;213;;M;4555900.0;595500.0;730
11646;201300012892;13;3;27;745;1;1;1;5.0;6;450;;M;0.0;0.0;380
11647;201300012893;13;3;25;1030;1;1;1;1.0;6;33;;M;0.0;0.0;380
11648;201300012894;13;9;17;1715;1;1;1;1.0;6;454;;M;0.0;0.0;380
11649;201300012895;13;4;20;1830;1;1;1;1.0;3;352;;M;4804863.0;-159433.0;350
11650;201300012896;13;7;9;2330;3;1;1;1.0;7;206;;M;4805056.0;-166496.0;350
11651;201300012897;13;8;30;1645;1;1;1;1.0;2;206;;M;4806261.0;-169929.0;350
11652;201300012898;13;9;11;900;1;1;1;1.0;2;206;;M;4804566.0;-162864.0;350
11653;201300012899;13;10;5;1130;1;1;1;1.0;3;206;;M;0.0;0.0;350
11654;201300012903;13;4;25;1145;1;2;1;1.0;3;432;RD 191 RD224;M;0.0;0.0;620
11655;201300012904;13;6;12;730;1;2;1;2.0;1;43;;M;5091404.0;194365.0;620
11656;201300012905;13;6;25;1515;1;1;1;1.0;7;203;;M;0.0;0.0;620
11657;201300012906;13;12;11;815;2;2;1;1.0;6;397;;M;0.0;0.0;620
11658;201300012907;13;1;26;1216;1;1;3;1.0;3;69;BRAM -ROUTE DE-;;;;110
11659;201300012908;13;2;13;1310;1;2;1;1.0;6;69;BRANLY EDOUAD;M;4320625.0;231779.0;110
11660;201300012909;13;1;4;1535;1;2;1;1.0;2;69;12, MUSSET ALFRED -ET IM;M;4321943.0;234409.0;110
11661;201300012910;13;3;31;1828;1;1;1;1.0;2;69;MINERVOISE -ROUTE-;;;;110
11662;201300012911;13;4;16;1847;1;1;1;1.0;3;69;ROCADE OUEST;;;;110
11663;201300012912;13;6;4;1712;1;2;1;1.0;6;69;25, GOUT HENRI -AV. N? I;;;;110
11664;201300012913;13;6;12;1740;1;1;1;1.0;2;69;LIMOUX -ROUTE DE-;;;;110
11665;201300012914;13;6;25;2224;5;2;1;1.0;3;69;LECLERC AV. DU GENERAL I;;;;110
11666;201300012915;13;6;28;1602;1;2;1;1.0;1;69;BUFFON RUE A PARTIR DU 5;;;;110
11667;201300012916;13;1;8;1737;2;1;1;1.0;2;69;LIMOUX -ROUTE DE - JUSQU;;;;110
11668;201300012917;13;1;9;1114;1;1;1;1.0;3;69;SAINT HILAIRE -ROUTE DE-;;;;110
11669;201300012918;13;8;10;1702;1;1;1;1.0;6;69;R N 113, SENS TOULOUSE/;;;;110
11670;201300012919;13;1;10;942;1;2;1;1.0;3;69;SOUMET ALEXANDRE;M;4321767.0;234248.0;110
11671;201300012920;13;9;6;1051;1;1;1;1.0;2;69;ROCADE SUD RD 342;;;;110
11672;201300012921;13;9;23;1813;1;2;1;1.0;6;69;48, GAY- LUSSAC JOSEPH -;M;4320722.0;232274.0;110
11673;201300012922;13;1;11;1057;1;1;1;1.0;6;69;R N 113, SENS TOULOUSE/;;;;110
11674;201300012923;13;1;11;2144;5;2;1;1.0;7;69;47, BUNAU VARILLA -AV-;M;4321081.0;234107.0;110
11675;201300012924;13;12;7;1830;3;1;1;1.0;6;69;3, MAGINOT ANDRE -AVENUE;M;4321312.0;237164.0;110
11676;201300012925;13;12;21;1450;1;2;1;1.0;6;69;ROCADE SUD RD 342;;;;110
11677;201300012926;13;12;28;2145;5;2;3;1.0;3;69;MARTY ANTOINE;M;4321625.0;235909.0;110
11678;201300012928;13;1;23;1715;1;1;1;1.0;7;69;ROCADE SUD RD 342;;;;110
11679;201300012930;13;1;26;1452;1;2;1;1.0;6;69;GOUT HENRI -AVENUE N? PA;;;;110
11680;201300012934;13;2;5;702;2;2;1;1.0;6;69;2, MARECHAL FOCH -AVENUE;;;;110
11681;201300012935;13;2;5;1754;1;1;1;1.0;6;69;ROCADE OUEST;;;;110
11682;201300012936;13;2;5;1915;3;1;1;1.0;3;69;ROCADE OUEST;;;;110
11683;201300012937;13;2;6;1715;1;1;1;1.0;7;69;LIMOUX -ROUTE DE - JUSQU;;;;110
11684;201300012938;13;2;8;1212;1;1;1;1.0;7;69;2, BOUFFET HENRY;;;;110
11685;201300012939;13;2;8;1812;2;2;1;1.0;7;69;BUFFON RUE JUSQUAU 48 ET;;;;110
11686;201300012940;13;2;9;2057;3;1;1;1.0;6;69;R N 113 sens NARBONNE/TO;;;;110
11687;201300012942;13;2;15;748;2;2;1;1.0;6;69;2, ETUDES -DES-;;;;110
11688;201300012943;13;2;18;816;2;2;1;1.0;7;69;77, RAMOND AIME;;;;110
11689;201300012944;13;2;16;1219;1;2;1;1.0;6;69;2, STRASBOURG;;;;110
11690;201300012945;13;2;18;1851;1;1;1;1.0;7;69;BRAM -ROUTE DE-;;;;110
11691;201300012946;13;2;21;800;2;2;1;1.0;6;69;BLUM DU 1404 AU 2050;;;;110
11692;201300012947;13;2;22;1030;1;2;1;1.0;4;69;2, VARSOVIE -BD-;;;;110
11693;201300012949;13;2;23;650;3;1;1;1.0;3;69;LIMOUX -ROUTE DE - JUSQU;;;;110
11694;201300012950;13;2;27;1902;2;2;3;1.0;3;69;MOULIN JEAN -AVENUE-;;;;110
11695;201300012951;13;2;28;25;5;2;1;1.0;7;69;3, BASSE;;;;110
11696;201300012953;13;3;4;447;5;2;1;1.0;6;69;GAMBETTA SQUARE -IMPAIR-;;;;110
11697;201300012954;13;3;7;1445;1;1;1;1.0;2;69;BOUFFET HENRY;;;;110
11698;201300012955;13;3;8;1530;1;1;1;1.0;3;69;MONGE GASPARD;;;;110
11699;201300012956;13;3;11;1357;1;2;1;1.0;6;69;3, JAURES JEAN -BD-IMPAI;;;;110
11700;201300012957;13;3;12;1217;1;2;1;1.0;6;69;BUNAU VARILLA -AV-;;;;110
11701;201300012958;13;3;13;1501;1;1;1;1.0;3;69;3, EDISON THOMAS (AVENUE;;;;110
11702;201300012959;13;3;25;932;1;2;1;1.0;2;69;141, ROOSEVELT -IMPAIRS;;;;110
11703;201300012961;13;4;2;850;1;2;1;1.0;6;69;37, JAURES JEAN -BD-IMPA;;;;110
11704;201300012962;13;4;2;1100;1;1;1;1.0;2;69;R N 113 sens NARBONNE/TO;;;;110
11705;201300012963;13;4;3;1055;1;1;1;1.0;6;69;4, RPIMA -AVENUE-;;;;110
11706;201300012964;13;4;5;1850;2;2;1;1.0;3;69;2, HOCHE;;;;110
11707;201300012965;13;4;6;1550;1;1;1;1.0;6;69;ROCADE OUEST;;;;110
11708;201300012966;13;4;11;1643;1;1;1;1.0;2;69;2, BOUFFET HENRY;;;;110
11709;201300012967;13;4;14;1847;1;2;1;1.0;6;69;3, GAMBETTA SQUARE -PAIR;;;;110
11710;201300012968;13;4;15;1025;1;2;1;1.0;2;69;BUNAU VARILLA -AV-;;;;110
11711;201300012969;13;4;15;1840;1;2;1;1.0;1;69;14, VAUBAN;;;;110
11712;201300012970;13;4;16;1744;1;2;1;1.0;2;69;BARBES BD IMPAIR;;;;110
11713;201300012971;13;4;19;1534;1;2;1;1.0;6;69;35, IENA -ALLEE D'- N? I;;;;110
11714;201300012972;13;4;20;1900;2;2;1;1.0;4;69;4, JOLIOT CURIE -BD IREN;;;;110
11715;201300012974;13;4;26;1628;1;2;1;1.0;2;69;IENA -ALLEE D'- N? PAIRS;;;;110
11716;201300012975;13;4;26;2130;3;2;3;1.0;3;69;2, VERDUN;;;;110
11717;201300012976;13;4;28;1538;1;1;1;1.0;7;69;3, SOUVENIR FRANCAIS -AV;;;;110
11718;201300012977;13;4;29;621;2;2;1;1.0;1;69;LIMOUX - ROUTE DE-;;;;110
11719;201300012978;13;4;30;1218;1;2;1;1.0;3;69;ROCADE OUEST;;;;110
11720;201300012979;13;4;30;1403;1;1;1;1.0;3;69;48, LANGEVIN PAUL - PAIR;;;;110
11721;201300012980;13;4;30;1730;1;1;1;1.0;4;69;ROCADE OUEST;;;;110
11722;201300012981;13;5;4;855;1;1;1;1.0;7;69;SAINT HILAIRE -ROUTE DE-;;;;110
11723;201300012982;13;5;7;850;1;2;3;1.0;6;69;COSTE REBOULH;;;;110
11724;201300012983;13;5;7;1222;1;1;1;1.0;7;69;ROCADE OUEST;;;;110
11725;201300012984;13;5;7;1250;1;1;1;1.0;7;69;BRAM -ROUTE DE-;;;;110
11726;201300012985;13;5;12;1550;1;1;1;1.0;6;69;MONGE GASPARD;;;;110
11727;201300012986;13;5;17;1006;1;2;1;1.0;6;69;2, JOLIOT CURIE -CITE-;;;;110
11728;201300012987;13;5;17;1302;1;2;1;1.0;1;69;3, SAINT MARTIN -AVENUE-;;;;110
11729;201300012988;13;5;19;348;3;1;3;1.0;6;69;, PAPIN DENIS -BD-;;;;110
11730;201300012989;13;6;1;2220;3;2;1;1.0;6;69;4, GUIRAUD ALEXANDRE;;;;110
11731;201300012990;13;6;2;2200;2;1;1;1.0;1;69;R N 113, SENS TOULOUSE/;;;;110
11732;201300012991;13;6;9;1510;1;1;1;1.0;7;69;SOUVENIR FRANCAIS -AVENU;;;;110
11733;201300012992;13;6;11;1030;1;2;2;1.0;3;69;BERTHELOT MARCELIN;;;;110
11734;201300012993;13;6;11;1430;1;1;1;1.0;2;69;ROCADE SUD RD 342;;;;110
11735;201300012994;13;6;13;1837;1;2;1;1.0;2;69;8, MAURETTE MICHELE;;;;110
11736;201300012995;13;6;15;238;3;2;1;1.0;7;69;ROCADE SUD RD 342;;;;110
11737;201300012996;13;6;17;1814;1;1;1;1.0;6;69;2, GRAND RUE -MONTREDON-;;;;110
11738;201300012997;13;6;22;1233;1;1;1;1.0;6;69;COLOMB CHRISTOPHE -PONT;;;;110
11739;201300012998;13;6;23;2021;2;1;1;1.0;7;69;CAZILHAC -IMPASSE DE LA;;;;110
11740;201300012999;13;6;25;1124;1;2;1;1.0;3;69;2, RAMOND AIME;;;;110
11741;201300013000;13;6;25;1718;1;1;1;1.0;2;69;LIMOUX -ROUTE DE - JUSQU;;;;110
11742;201300013001;13;6;26;1733;1;2;1;1.0;6;69;16, VARSOVIE -BD-;;;;110
11743;201300013002;13;6;26;1958;1;1;1;1.0;6;69;POMPIDOU GEORGES -ROND P;;;;110
11744;201300013003;13;7;2;1647;1;2;1;1.0;3;69;BERRIAC -ROUTE DE-;;;;110
11745;201300013004;13;7;3;1420;1;1;1;1.0;4;69;203, LECLERC AV. DU GENE;;;;110
11746;201300013005;13;7;5;450;3;1;1;1.0;2;69;ROCADE OUEST;;;;110
11747;201300013006;13;7;6;15;3;1;1;1.0;3;69;ROCADE SUD RD 342;;;;110
11748;201300013007;13;7;8;1730;1;1;1;1.0;3;69;COLOMB CHRISTOPHE -PONT;;;;110
11749;201300013008;13;7;9;1014;1;2;1;1.0;2;69;1, VARSOVIE -BD-;;;;110
11750;201300013009;13;7;11;455;3;1;1;1.0;1;69;GARIGLIANO -PONT DU-;;;;110
11751;201300013010;13;7;12;126;3;1;1;1.0;7;69;R N 113 sens NARBONNE/TO;;;;110
11752;201300013011;13;7;14;525;3;1;1;1.0;7;69;ROCADE OUEST;;;;110
11753;201300013012;13;7;14;1356;1;2;1;1.0;3;69;3, REILLE -CHEMIN DE LA;;;;110
11754;201300013013;13;7;17;800;1;1;1;1.0;7;69;BRAM -ROUTE DE-;;;;110
11755;201300013014;13;7;20;859;1;1;1;1.0;7;69;MONTREAL -ROUTE DE -;;;;110
11756;201300013015;13;7;26;1404;1;1;1;1.0;3;69;ROCADE OUEST;;;;110
11757;201300013016;13;7;26;1541;1;1;1;1.0;3;69;BOUFFET HENRY;;;;110
11758;201300013017;13;7;26;1647;1;2;1;1.0;2;69;10, PROVINCES -ALLEE DES;;;;110
11759;201300013018;13;7;27;1841;1;2;1;1.0;6;69;2, CITE -COTE DE LA-;;;;110
11760;201300013019;13;7;31;1610;1;1;1;1.0;1;69;ROCADE SUD RD 342;;;;110
11761;201300013020;13;8;3;2349;5;2;3;1.0;3;69;2, GERMAIN PIERRE;;;;110
11762;201300013021;13;8;4;259;3;1;1;1.0;7;69;COLOMB CHRISTOPHE -PONT;;;;110
11763;201300013022;13;8;4;2352;3;2;1;1.0;3;69;54, MOULIN JEAN -AVENUE-;;;;110
11764;201300013023;13;8;10;1110;1;1;1;1.0;3;69;ROCADE OUEST;;;;110
11765;201300013024;13;8;12;1802;1;1;1;1.0;7;69;BRAM -ROUTE DE-;;;;110
11766;201300013025;13;8;16;2350;5;2;1;1.0;6;69;2, TANNEURS -RUELLE-;;;;110
11767;201300013026;13;8;21;1125;1;1;1;1.0;3;69;LIMOUX - ROUTE DE-;;;;110
11768;201300013027;13;8;23;1937;1;1;1;1.0;1;69;MINERVOISE -ROUTE-;;;;110
11769;201300013028;13;8;26;1943;1;2;1;1.0;6;69;SARRAUT OMER BD -IMPAIRS;;;;110
11770;201300013029;13;9;2;1643;1;2;1;1.0;7;69;3, GAMBETTA SQUARE -IMPA;;;;110
11771;201300013030;13;9;3;1731;1;2;1;1.0;6;69;23, AUDE -BERGES DE L'-;;;;110
11772;201300013031;13;9;4;213;5;2;1;1.0;3;69;14, ROOSEVELT - PAIRS DU;;;;110
11773;201300013033;13;9;10;1900;2;1;1;1.0;1;69;ROCADE SUD RD 342;;;;110
11774;201300013034;13;9;13;802;1;2;1;1.0;7;69;4, JOURDANE GASTON -PLAC;;;;110
11775;201300013035;13;9;20;1750;1;2;1;1.0;2;69;8, MULLOT ARTHUR AV. PAI;;;;110
11776;201300013037;13;9;26;1346;1;2;1;1.0;7;69;NARBONNE -ROUTE DE-;;;;110
11777;201300013038;13;9;27;1735;1;2;1;1.0;3;69;51, IENA -ALLEE D'- N? I;;;;110
11778;201300013039;13;9;28;1050;1;1;1;1.0;6;69;POMPIDOU GEORGES -ROND P;;;;110
11779;201300013040;13;10;3;1942;3;2;3;1.0;3;69;2, PAPIN DENIS -BD-;;;;110
11780;201300013041;13;10;4;1851;1;1;1;1.0;2;69;ROCADE OUEST;;;;110
11781;201300013042;13;10;10;1655;1;2;3;1.0;3;69;1, GOUT HENRI -AV. N? IM;;;;110
11782;201300013043;13;10;11;1553;1;1;1;1.0;3;69;LIMOUX -ROUTE DE - JUSQU;;;;110
11783;201300013044;13;10;16;737;2;2;1;1.0;2;69;R N 113 sens NARBONNE/TO;;;;110
11784;201300013046;13;10;18;121;3;2;1;1.0;7;69;JUIN MARECHAL;;;;110
11785;201300013047;13;10;23;857;1;2;1;1.0;7;69;2, BARCELONE;;;;110
11786;201300013048;13;10;25;1625;1;1;1;1.0;2;69;ROCADE OUEST;;;;110
11787;201300013049;13;10;27;1320;1;1;1;1.0;6;69;33, ROOSEVELT -IMPAIRS A;;;;110
11788;201300013050;13;11;6;1546;1;1;1;1.0;3;69;MONTREAL -ROUTE DE -;;;;110
11789;201300013051;13;11;9;1127;1;2;1;1.0;3;69;20, MARTY ANTOINE;;;;110
11790;201300013052;13;11;11;1138;1;1;1;1.0;7;69;BRAM -ROUTE DE-;;;;110
11791;201300013053;13;11;14;953;1;1;1;1.0;2;69;LIMOUX - ROUTE DE-;;;;110
11792;201300013054;13;11;16;1908;5;2;1;1.0;6;69;15, VARSOVIE -BD-;;;;110
11793;201300013055;13;11;19;900;1;1;1;1.0;3;69;MONTREAL -ROUTE DE -;;;;110
11794;201300013056;13;11;19;1421;1;2;1;1.0;6;69;61, RAMOND AIME;;;;110
11795;201300013057;13;11;24;1945;3;1;1;1.0;3;69;COLOMB CHRISTOPHE -PONT;;;;110
11796;201300013058;13;12;1;2230;3;2;1;1.0;6;69;71, BARBES BD IMPAIR;M;4321026.0;234832.0;110
11797;201300013059;13;12;4;610;2;1;1;1.0;1;69;ROCADE SUD RD 342;;;;110
11798;201300013060;13;12;4;1513;1;1;1;1.0;3;69;MAQUENS -CHEMIN DE-;M;4320974.0;231502.0;110
11799;201300013061;13;12;9;1849;3;1;1;1.0;3;69;MAQUENS -CHEMIN DE-;M;4320915.0;231480.0;110
11800;201300013062;13;12;12;1451;1;2;1;1.0;2;69;LECLERC AV. DU GENERAL P;M;4320862.0;237149.0;110
11801;201300013064;13;12;17;1800;3;1;1;1.0;5;69;ROCADE OUEST;;;;110
11802;201300013065;13;12;18;1211;1;1;1;1.0;3;69;POMPIDOU GEORGES -ROND P;;;;110
11803;201300013066;13;12;18;1426;1;1;1;1.0;3;69;ROCADE SUD RD 342;;;;110
11804;201300013067;13;12;27;450;5;2;1;1.0;6;69;14, PAPIN DENIS -BD-;;;;110
11805;201300013068;13;12;28;1649;1;2;1;1.0;6;69;12, CHAPPE CLAUDE;M;4321192.0;232422.0;110
11806;201300013069;13;12;30;1726;1;2;1;1.0;6;69;33, GUESDES JULES -BD-;M;4320860.0;232987.0;110
11807;201300013071;13;3;26;1315;1;2;2;1.0;3;76;1, NOVEMBRE 1918 (RUE DU;;;;110
11808;201300013072;13;4;7;1315;1;1;2;1.0;3;76;CD 624;;;;110
11809;201300013074;13;10;28;1015;1;1;3;1.0;3;584;rte toulouse/ch sansonne;M;0.0;0.0;310
11810;201300013075;13;11;15;645;2;1;1;9.0;2;555;;M;0.0;0.0;310
11811;201300013076;13;11;22;1700;1;1;3;2.0;3;592;;M;0.0;0.0;310
11812;201300013077;13;11;24;615;3;1;1;8.0;6;118;;M;0.0;0.0;310
11813;201300013078;13;2;5;930;1;1;1;4.0;3;279;;M;0.0;0.0;770
11814;201300013079;13;6;27;800;1;1;1;2.0;2;480;;M;0.0;0.0;770
11815;201300013081;13;12;24;1815;3;1;1;3.0;4;410;;M;4867000.0;227400.0;770
11816;201300013082;13;12;27;1415;1;1;1;1.0;6;279;;M;0.0;0.0;770
11817;201300013083;13;9;5;545;2;1;1;1.0;7;498;;M;0.0;0.0;20
11818;201300013084;13;10;3;1520;1;2;1;2.0;3;262;0, TOULOUSE (AVENUE DE);;;;110
11819;201300013086;13;1;7;1020;1;2;1;1.0;6;262;FRANCE (AVENUE ANATOLE);M;4318693.0;299121.0;110
11820;201300013087;13;1;7;1355;1;2;1;1.0;6;262;19, DE GAULLE (BOULEVARD;M;4318601.0;300932.0;110
11821;201300013090;13;2;22;1715;1;2;1;1.0;2;262;LACROIX (BOULEVARD DU DO;;;;110
11822;201300013091;13;1;14;1120;1;2;1;1.0;3;262;RD 6009 NARBONNE - BEZIE;;;;110
11823;201300013092;13;2;15;1210;1;2;1;1.0;3;262;DOMITIUS (AVENUE);;;;110
11824;201300013093;13;1;18;1225;1;2;1;8.0;3;262;CONSTELLATIONS (AVENUE D;;;;110
11825;201300013094;13;4;3;1800;1;2;1;1.0;2;262;35, DE GAULLE (BOULEVARD;;;;110
11826;201300013095;13;4;3;2130;5;2;2;1.0;3;262;1, HERS (RUE DE L');;;;110
11827;201300013096;13;1;23;1538;1;2;1;1.0;2;262;GAMBETTA (BOULEVARD);;;;110
11828;201300013097;13;4;21;1900;1;2;2;1.0;3;262;1, POMPIDOR (AVENUE);;;;110
11829;201300013099;13;1;25;2048;5;2;1;1.0;7;262;RD 6113 NARBONNE - CARCA;;;;110
11830;201300013100;13;4;26;1455;1;2;3;1.0;2;262;ARMISSAN ROUTE D');;;;110
11831;201300013101;13;5;4;1650;1;2;3;1.0;2;262;45, SERMET (AVENUE ELIE);;;;110
11832;201300013102;13;4;18;1115;1;2;1;1.0;6;262;ZOLA (RUE EMILE);;;;110
11833;201300013103;13;5;8;2030;2;2;1;1.0;3;262;RD 6009 NARBONNE - PERPI;;;;110
11834;201300013104;13;5;11;1440;1;2;1;6.0;6;262;0, RATACAS (ZI);M;4317122.0;298108.0;110
11835;201300013105;13;5;8;1825;1;2;6;2.0;6;262;MILLIAIRE (ROND POINT);;;;110
11836;201300013106;13;5;16;1420;1;2;2;1.0;3;262;ROUZAUD (RUE HENRI);;;;110
11837;201300013107;13;5;17;1625;1;2;1;1.0;6;262;10, CATALANS (RUE DE L'A;;;;110
11838;201300013108;13;5;23;1535;1;2;1;1.0;3;262;CROIX SUD (AVENUE DE);;;;110
11839;201300013109;13;1;31;1005;1;2;1;1.0;2;262;ESPAGNE (AVENUE D');;;;110
11840;201300013110;13;5;29;2355;5;2;2;1.0;6;262;PYRENEES (PLACE ET AVENU;;;;110
11841;201300013111;13;2;2;115;5;2;1;1.0;6;262;GAMBETTA (BOULEVARD);;;;110
11842;201300013113;13;6;12;1140;1;2;1;1.0;6;262;14, DE GAULLE (BOULEVARD;;;;110
11843;201300013114;13;2;5;1800;2;2;1;1.0;1;262;MONTESQUIEU (AVENUE);;;;110
11844;201300013115;13;6;21;820;1;2;1;1.0;6;262;CONDORCET (BOULEVARD);;;;110
11845;201300013116;13;2;7;1950;5;2;1;1.0;2;262;BORDEAUX (AVENUE DE);;;;110
11846;201300013117;13;6;27;1425;1;2;1;1.0;3;262;LACROIX (BOULEVARD DU DO;;;;110
11847;201300013118;13;2;11;1624;1;2;1;1.0;6;262;LONDRES (RUE DE);;;;110
11848;201300013119;13;7;20;1440;1;2;2;1.0;3;262;, POMPIDOR (AVENUE);;;;110
11849;201300013120;13;2;14;1300;1;2;1;1.0;6;262;CREISSEL (BOULEVARD DE);;;;110
11850;201300013121;13;2;19;820;1;2;1;8.0;2;262;RD 6009 NARBONNE - PERPI;;;;110
11851;201300013122;13;8;19;2050;1;2;3;1.0;3;262;1, ALDY (RUE FELIX);;;;110