;Num_Acc;an;mois;jour;hrmn;lum;agg;int;atm;col;com;adr;gps;lat;long;dep
11852;201300013123;13;8;20;535;5;2;3;1.0;3;262;KENNEDY (AVENUE DU PRESI;;;;110
11853;201300013124;13;2;20;1325;1;2;1;1.0;3;262;1, ELYSIQUES (VOIES DES);;;;110
11854;201300013125;13;8;27;945;1;2;1;1.0;3;262;29, HUGO (QUAI ET PASSER;;;;110
11855;201300013126;13;8;31;600;2;2;1;1.0;6;262;AUGE (BOULEVARD DR LEON);;;;110
11856;201300013127;13;9;4;1015;1;2;6;1.0;3;262;GRUISSAN (ROUTE DE);;;;110
11857;201300013128;13;2;25;1855;2;2;3;1.0;6;262;CONDORCET (BOULEVARD);;;;110
11858;201300013129;13;9;10;1250;1;2;1;1.0;6;262;PECLET (RUE);;;;110
11859;201300013130;13;9;14;2215;5;2;1;1.0;3;262;CARNOT (AVENUE);;;;110
11860;201300013131;13;9;17;850;1;2;1;1.0;4;262;AUGE (BOULEVARD DU DR LE;;;;110
11861;201300013133;13;9;24;1830;1;2;1;1.0;3;262;MONTEL (RUE EUGENE);;;;110
11862;201300013135;13;9;25;1320;1;2;3;1.0;3;262;1, AURIOL (RUE JACQUELIN;;;;110
11863;201300013136;13;3;4;855;1;2;1;1.0;2;262;PYRENEES (PLACE ET AVENU;;;;110
11864;201300013137;13;10;8;845;1;2;3;1.0;3;262;FRANCE (AVENUE ANATOLE);;;;110
11865;201300013138;13;10;8;1811;1;2;1;1.0;2;262;TOULOUSE (AVENUE DE);;;;110
11866;201300013139;13;10;10;1210;1;2;2;1.0;1;262;FRANCE (AVENUE ANATOLE);;;;110
11867;201300013141;13;10;16;1210;1;2;1;1.0;6;262;FRANCE (AVENUE ANATOLE);;;;110
11868;201300013142;13;10;20;1915;1;2;1;1.0;1;262;0, LECLERC (AVENUE DU GE;;;;110
11869;201300013143;13;10;24;1355;1;2;1;1.0;6;262;0, MISTRAL (BOULEVARD FR;;;;110
11870;201300013144;13;3;7;2110;5;2;2;1.0;3;262;CHANZY (RUE);;;;110
11871;201300013145;13;10;28;1730;1;2;1;1.0;3;262;1, LACROIX (BOULEVARD DU;;;;110
11872;201300013146;13;11;2;1550;1;2;1;1.0;6;262;1, VILLE (PLACE DE L'HOT;;;;110
11873;201300013147;13;11;1;1320;1;2;1;1.0;6;262;LACROIX (BOULEVARD DU DO;;;;110
11874;201300013148;13;3;11;1320;1;2;1;1.0;2;262;LECLERC (AVENUE DU GENER;;;;110
11875;201300013149;13;11;14;1240;1;2;3;1.0;3;262;0, LECLERC (AVENUE DU GE;;;;110
11876;201300013150;13;11;12;1630;1;2;1;1.0;6;262;JUIN (AVENUE MAREHAL);;;;110
11877;201300013151;13;8;5;815;1;2;1;1.0;7;262;BEZIERS (ROUTE DE);;;;110
11878;201300013152;13;11;8;1845;5;2;1;1.0;6;262;TOULOUSE (AVENUE DE);;;;110
11879;201300013153;13;11;22;310;5;2;6;2.0;6;262;CARNOT (AVENUE);M;4319357.0;300937.0;110
11880;201300013154;13;11;21;1320;1;2;1;1.0;6;262;1, QUERMEL (RUE MARIUS);;;;110
11881;201300013155;13;11;21;850;1;2;1;1.0;7;262;RD 6009 NARBONNE - PERPI;;;;110
11882;201300013156;13;11;20;810;1;2;1;8.0;3;262;COUBERTIN (AVENUE PIERRE;;;;110
11883;201300013157;13;12;12;1120;1;1;1;1.0;6;262;RD 6009 NARBONNE - PERPI;;;;110
11884;201300013158;13;3;19;830;1;2;1;1.0;7;262;MICHELET (RUE);;;;110
11885;201300013159;13;3;19;1945;2;2;1;1.0;2;262;REVEILLON (Avenue de);;;;110
11886;201300013160;13;3;26;1710;1;2;1;1.0;6;262;MOULINS (RUE ET PASSAGE;;;;110
11887;201300013163;13;4;8;1740;1;2;2;1.0;3;262;POMPIDOR (AVENUE);;;;110
11888;201300013164;13;4;26;1530;1;2;1;1.0;6;262;ESPAGNE (AVENUE D');;;;110
11889;201300013167;13;5;10;1505;1;2;1;1.0;7;262;MALACHITE (RUE DE LA);;;;110
11890;201300013168;13;5;14;1145;1;1;1;1.0;3;262;RD 6009 NARBONNE - BEZIE;;;;110
11891;201300013169;13;5;17;1755;1;2;1;1.0;6;262;FRANCE (AVENUE ANATOLE);;;;110
11892;201300013170;13;5;22;1145;1;2;1;1.0;3;262;BERLIET (RUE MARIUS);;;;110
11893;201300013171;13;5;27;904;1;2;1;1.0;7;262;VIDAL (RUE PAUL);;;;110
11894;201300013172;13;5;28;755;1;2;2;2.0;3;262;30, TOULOUSE (AVENUE DE);;;;110
11895;201300013173;13;5;28;1120;1;2;1;8.0;4;262;ESPAGNE (AVENUE D');;;;110
11896;201300013174;13;5;29;1435;1;2;1;8.0;6;262;DE GAULLE (BOULEVARD DU;;;;110
11897;201300013175;13;6;4;1745;1;2;1;1.0;7;262;MONTEL (RUE EUGENE);;;;110
11898;201300013176;13;6;5;1545;1;2;6;1.0;7;262;MILLIAIRE (ROND POINT);;;;110
11899;201300013177;13;6;6;610;2;2;1;1.0;3;262;FRANCE (AVENUE ANATOLE);;;;110
11900;201300013179;13;6;18;1100;1;2;1;1.0;6;262;FERROUL (BOULEVARD  DOCT;;;;110
11901;201300013180;13;6;21;1315;1;1;3;1.0;3;262;BORDEAUX (AVENUE DE);;;;110
11902;201300013181;13;6;30;1940;1;2;2;1.0;3;262;MAINE (RUE DU);;;;110
11903;201300013182;13;7;1;1800;1;1;1;1.0;2;262;RD 6009 NARBONNE - PERPI;;;;110
11904;201300013183;13;7;2;1350;1;2;3;1.0;3;262;LECLERC (AVENUE DU GENER;;;;110
11905;201300013184;13;7;3;1455;1;2;1;1.0;2;262;MISTRAL (BOULEVARD FREDE;;;;110
11906;201300013185;13;7;4;1210;1;2;1;1.0;6;262;ALSACE (QUAI);;;;110
11907;201300013187;13;7;6;145;5;2;3;1.0;3;262;JACQUARD (RUE);;;;110
11908;201300013188;13;7;7;1035;1;2;1;1.0;3;262;171, BORDEAUX (AVENUE DE;;;;110
11909;201300013189;13;7;10;1910;1;2;1;1.0;2;262;HUBERT MOULY (AVENUE);;;;110
11910;201300013190;13;7;12;1955;1;2;1;1.0;2;262;BORDEAUX (AVENUE DE);;;;110
11911;201300013191;13;7;13;740;1;2;3;1.0;3;262;FRANCE (AVENUE ANATOLE);;;;110
11912;201300013192;13;7;21;1300;1;1;1;1.0;3;262;RD 6009 NARBONNE - BEZIE;;;;110
11913;201300013193;13;7;22;1905;1;2;1;1.0;2;262;LECLERC (AVENUE DU GENER;;;;110
11914;201300013194;13;7;26;1245;1;2;1;1.0;2;262;25, LORRAINE (QUAI DE);;;;110
11915;201300013195;13;7;29;640;2;2;1;2.0;1;262;RATACAS (ZI);;;;110
11916;201300013196;13;8;9;1350;1;2;1;1.0;4;262;1, RD 6009 NARBONNE - PE;;;;110
11917;201300013197;13;8;17;1035;1;2;1;3.0;7;262;MARS (AVENUE DU CHAMP DE;;;;110
11918;201300013198;13;8;17;1155;1;2;1;3.0;6;262;, DOUANE (RUE DE LA);;;;110
11919;201300013199;13;8;21;1355;1;2;1;1.0;1;262;0, VIDAL (RUE PAUL);;;;110
11920;201300013200;13;8;20;1910;1;2;1;1.0;2;262;MALARD (BOULEVARD DE);;;;110
11921;201300013201;13;9;1;1830;1;2;1;1.0;6;262;0, MISTRAL (BOULEVARD FR;;;;110
11922;201300013202;13;9;2;1730;1;2;2;1.0;2;262;COURRIER (IMPASSE DE L'A;;;;110
11923;201300013203;13;9;7;1250;1;2;1;1.0;2;262;MISTRAL (BOULEVARD FREDE;;;;110
11924;201300013204;13;9;10;1213;1;2;1;1.0;5;262;0, MISTRAL (BOULEVARD FR;;;;110
11925;201300013205;13;9;13;1840;1;2;1;1.0;2;262;LECLERC (AVENUE DU GENER;;;;110
11926;201300013206;13;9;14;1543;1;2;1;1.0;4;262;SEMBAT (BOULEVARD MARCEL;;;;110
11927;201300013207;13;10;5;1610;1;2;1;1.0;3;262;0, RD 6009 NARBONNE - BE;;;;110
11928;201300013208;13;10;9;815;1;2;1;1.0;3;262;SEMARD (AVENUE PIERRE);;;;110
11929;201300013209;13;10;12;955;1;2;1;1.0;2;262;ESPAGNE (AVENUE D');;;;110
11930;201300013210;13;10;14;910;1;2;1;1.0;2;262;0, ELYSIQUES (VOIES DES);;;;110
11931;201300013211;13;10;16;1412;1;2;1;1.0;7;262;CARNOT (AVENUE);;;;110
11932;201300013212;13;10;21;955;1;2;1;1.0;6;262;0, JOFFRE (BOULEVARD MAR;;;;110
11933;201300013213;13;10;30;1300;1;2;1;1.0;3;262;2, LECLERC (AVENUE DU GE;;;;110
11934;201300013214;13;10;31;1845;2;2;1;1.0;2;262;LECLERC (AVENUE DU GENER;;;;110
11935;201300013215;13;11;6;1120;1;2;1;1.0;6;262;0, CONDORCET (BOULEVARD);;;;110
11936;201300013216;13;11;15;1600;1;2;3;1.0;3;262;0, ELYSIQUES (VOIES DES);;;;110
11937;201300013217;13;11;18;1913;5;2;3;2.0;3;262;0, ESCOUTE (QUAI DE L');;;;110
11938;201300013219;13;11;25;1410;1;2;1;1.0;6;262;0, 1848 (BOULEVARD);;;;110
11939;201300013220;13;12;2;1800;5;2;1;1.0;6;262;FERROUL (BOULEVARD DU DO;M;4318089.0;300482.0;110
11940;201300013221;13;12;6;1615;1;2;1;1.0;3;262;VALLIERE (QUAI);;;;110
11941;201300013222;13;12;9;855;1;2;1;1.0;3;262;0, LORRAINE (QUAI DE);M;4318756.0;299666.0;110
11942;201300013223;13;12;10;745;1;2;1;5.0;7;262;BALISTE (BOULEVARD DE);M;4319266.0;302718.0;110
11943;201300013224;13;12;10;815;1;2;1;1.0;2;262;0, BORDEAUX (AVENUE DE);;;;110
11944;201300013225;13;12;10;1452;1;1;1;1.0;3;262;SOURCE (AVENUE DE ST JEA;M;4318748.0;298074.0;110
11945;201300013226;13;12;14;1815;2;2;1;1.0;6;262;FERROUL (BOULEVARD  DOCT;M;4318081.0;300480.0;110
11946;201300013227;13;12;15;530;5;2;2;1.0;3;262;CASTAN (RUE SIMON);M;4318712.0;299413.0;110
11947;201300013228;13;12;15;1220;1;2;2;1.0;3;262;MAZAGRAN (RUE DE);M;4317917.0;299686.0;110
11948;201300013229;13;12;30;1130;1;2;1;1.0;3;262;0, RD 6009 NARBONNE - PE;;;;110
11949;201300013230;13;2;23;530;3;1;1;1.0;3;504;A 16;M;4910790.0;225720.0;950
11950;201300013231;13;7;28;730;1;1;1;1.0;6;453;;M;0.0;0.0;600
11951;201300013232;13;9;30;1130;1;1;1;1.0;6;30;;M;0.0;0.0;600
11952;201300013233;13;11;9;300;3;1;1;2.0;6;313;A16;M;4911660.0;225290.0;950
11953;201300013234;13;7;22;915;1;2;1;1.0;1;50;;M;0.0;0.0;130
11954;201300013235;13;12;23;1200;1;2;1;1.0;6;91;Ave Camille PELLETAN;M;0.0;0.0;130
11955;201300013236;13;10;9;1945;2;1;1;1.0;7;223;;M;0.0;0.0;850
11956;201300013237;13;12;28;1745;3;1;1;4.0;2;92;;M;0.0;0.0;850
11957;201300013239;13;2;23;15;3;1;1;1.0;3;395;;M;4349500.0;134400.0;310
11958;201300013240;13;4;10;1445;1;1;1;1.0;5;349;;M;0.0;0.0;310
11959;201300013241;13;10;1;845;1;1;1;1.0;1;435;;M;0.0;0.0;310
11960;201300013242;13;10;1;2045;5;2;1;1.0;7;188;route de bonrepos;M;4354551.0;118853.0;310
11961;201300013243;13;11;13;1030;1;1;1;1.0;3;499;;M;0.0;0.0;310
11962;201300013244;13;12;14;645;5;1;1;2.0;2;458;;M;0.0;0.0;310
11963;201300013245;13;1;16;945;1;1;1;1.0;6;489;;M;4949099.0;29016.0;760
11964;201300013246;13;3;6;815;3;1;1;1.0;5;169;;M;4949017.0;42531.0;760
11965;201300013247;13;5;25;1230;1;1;1;1.0;6;305;;M;4949499.0;24959.0;760
11966;201300013248;13;6;18;1345;1;1;1;1.0;2;657;;M;4949072.0;38734.0;760
11967;201300013249;13;7;6;745;1;1;1;1.0;2;489;;M;4945688.0;27259.0;760
11968;201300013250;13;11;5;715;2;1;1;1.0;7;305;;M;4949792.0;22513.0;760
11969;201300013252;13;7;25;1800;1;1;1;1.0;6;324;;M;4320818.0;102538.0;310
11970;201300013253;13;10;12;1945;2;1;1;1.0;3;503;;M;0.0;0.0;310
11971;201300013254;13;4;5;900;1;2;1;1.0;6;278;;M;0.0;0.0;740
11972;201300013255;13;6;9;1900;1;1;1;1.0;7;311;ROUTE DU FER A CHEVAL;M;0.0;0.0;740
11973;201300013256;13;10;17;1630;1;1;1;1.0;2;311;;M;0.0;0.0;740
11974;201300013257;13;10;20;1130;1;1;1;3.0;6;209;ROUTE DE FINDROL;M;0.0;0.0;740
11975;201300013258;13;3;24;1130;1;1;1;1.0;6;159;;M;0.0;0.0;800
11976;201300013259;13;3;23;2230;3;1;1;1.0;7;157;;M;0.0;0.0;800
11977;201300013260;13;4;14;1600;1;1;1;1.0;6;24;;M;0.0;0.0;800
11978;201300013261;13;7;25;1645;1;1;1;1.0;6;100;;M;0.0;0.0;800
11979;201300013262;13;9;10;2245;3;1;1;8.0;6;160;;M;0.0;0.0;800
11980;201300013263;13;9;28;1330;1;1;1;1.0;6;58;;M;0.0;0.0;800
11981;201300013264;13;12;2;1600;1;1;1;1.0;7;702;;M;0.0;0.0;800
11982;201300013265;13;12;16;700;3;1;1;1.0;1;160;;M;0.0;0.0;800
11983;201300013266;13;1;26;830;1;1;1;9.0;6;9;;M;0.0;0.0;800
11984;201300013267;13;3;31;900;1;1;1;1.0;6;344;;M;0.0;0.0;800
11985;201300013268;13;5;10;2145;3;1;1;1.0;6;296;;M;0.0;0.0;800
11986;201300013269;13;7;6;115;3;1;1;5.0;3;779;;M;0.0;0.0;800
11987;201300013270;13;3;16;1130;1;1;1;1.0;6;278;;M;4539597.0;627371.0;730
11988;201300013271;13;4;19;630;2;1;1;1.0;2;159;;M;0.0;0.0;390
11989;201300013272;13;6;1;1830;1;1;1;1.0;2;300;;M;0.0;0.0;710
11990;201300013274;13;9;7;1715;1;1;1;2.0;6;507;;M;0.0;0.0;390
11991;201300013275;13;2;22;1505;1;2;3;1.0;3;89;16, DECAZES (PLACE);;;;120
11992;201300013276;13;2;26;1425;1;2;1;1.0;7;13;21, LYCEE (AVENUE);M;4452980.0;345699.0;120
11993;201300013277;13;4;6;1400;1;2;3;8.0;3;83;49, GUESDE JULES;;;;120
11994;201300013278;13;8;30;1735;1;1;3;1.0;3;305;SAINT EXUPERY;M;4454300.0;0.0;120
11995;201300013280;13;9;26;1140;1;2;1;1.0;3;89;13, DOULS CAMILLE;;;;120
11996;201300013281;13;10;22;1548;1;2;3;1.0;1;83;19 MARS 1962 (DU);;;;120
11997;201300013284;13;12;3;1030;1;2;1;8.0;6;89;00, 4 SEPTEMBRE (Place);;;;120
11998;201300013285;13;12;15;1140;1;1;1;9.0;7;28;RD 42;;;;120
11999;201300013287;13;1;12;1935;5;2;1;1.0;6;145;4, CAPELLE;;;;120
12000;201300013288;13;3;2;2325;5;2;6;1.0;3;145;MARTYRS DE LA RESISTANCE;;;;120
12001;201300013290;13;3;18;1830;2;2;1;2.0;2;145;66, JAURES JEAN (AVENUE);;;;120
12002;201300013291;13;4;25;1550;1;2;1;1.0;7;145;1, VERDUN (AVENUE DE);;;;120
12003;201300013292;13;5;2;1845;1;1;1;1.0;6;145;EUROPE (AVENUE DE L');;;;120
12004;201300013293;13;6;4;1845;1;2;1;1.0;3;145;CALES (ROND POINT DE);;;;120
12005;201300013294;13;7;12;1805;1;1;1;1.0;6;145;LARZAC (BOULEVARD DU);;;;120
12006;201300013295;13;8;4;1820;1;1;1;1.0;1;145;D911;M;4413416.0;345699.0;120
12007;201300013297;13;1;21;1525;1;1;3;4.0;1;174;MOULINE (AVENUE DES HAUT;;;;120
12008;201300013298;13;1;31;1800;5;2;1;1.0;6;202;PAUL RAMADIER (BOULEVARD;;;;120
12009;201300013299;13;2;13;1930;5;2;1;1.0;4;202;0, ESTOURMEL (BOULEVARD;;;;120
12010;201300013300;13;2;16;1158;1;1;1;1.0;7;176;RN 88;;;;120
12011;201300013301;13;2;16;1540;1;2;1;1.0;2;202;DECAZEVILLE (AVENUE DE);;;;120
12012;201300013303;13;3;13;1255;1;2;2;4.0;2;176;CYGNES (AVENUE DES);;;;120
12013;201300013305;13;3;30;250;5;2;1;3.0;7;202;39, VABRE (AVENUE DE);;;;120
12014;201300013306;13;3;30;2120;5;2;1;2.0;3;176;ESPALION (ROUTE D');;;;120
12015;201300013307;13;4;7;1755;1;2;1;1.0;7;146;36, MILLAU (AVENUE DE);;;;120
12016;201300013308;13;4;8;1740;1;2;1;1.0;3;174;0, RN88 (Rocade);;;;120
12017;201300013309;13;4;16;1900;1;1;1;1.0;6;202;VOIE COMMUNALE N?2;;;;120
12018;201300013310;13;5;1;1545;1;2;1;1.0;6;176;3, ROSIERS (AVENUE DES);;;;120
12019;201300013311;13;5;7;1835;1;1;1;1.0;6;176;0, Route du Chateau;;;;120
12020;201300013312;13;5;15;1540;1;1;1;3.0;2;176;RN 88;;;;120
12021;201300013313;13;5;21;1415;1;2;1;1.0;1;202;0, SAINT PIERRE (ROUTE D;;;;120
12022;201300013314;13;5;25;1120;1;2;1;2.0;4;176;RN 88;;;;120
12023;201300013315;13;5;30;845;1;2;1;2.0;2;146;0, MILLAU (AVENUE DE);;;;120
12024;201300013316;13;5;31;2245;5;2;2;2.0;1;176;ESPALION (ROUTE D');;;;120
12025;201300013317;13;6;4;1645;1;2;1;1.0;6;202;RN88 (Rocade);;;;120
12026;201300013318;13;6;10;1755;1;2;9;1.0;1;202;MOYRAZES (ROUTE DE);;;;120
12027;201300013319;13;6;18;1215;1;2;1;1.0;6;202;3, BETEILLE (RUE);;;;120
12028;201300013320;13;6;27;1715;1;2;1;1.0;2;176;SAINT MAYME (ROUTE DE);;;;120
12029;201300013321;13;6;28;1920;1;2;1;8.0;1;176;FAUVETTES (RUE DES);;;;120
12030;201300013322;13;7;2;1425;1;2;1;1.0;6;202;122IEME R.I. (BOULEVARD;;;;120
12031;201300013325;13;7;17;1810;1;2;1;1.0;1;202;GASCARIE (COTE DE LA);;;;120
12032;201300013326;13;7;24;2230;3;1;1;1.0;1;176;RD 840;;;;120
12033;201300013327;13;7;26;1030;1;2;6;1.0;6;202;SAINT ELOI (CARREFOUR DE;;;;120
12034;201300013328;13;7;28;255;5;2;1;3.0;6;176;33, ESPALION (ROUTE D');;;;120
12035;201300013329;13;7;29;945;1;2;4;1.0;6;202;VICTOR HUGO (AVENUE);;;;120
12036;201300013330;13;7;29;1610;1;2;1;1.0;4;174;RN88 (Rocade);;;;120
12037;201300013331;13;7;30;1940;1;2;1;1.0;7;176;Rue de la Prade;;;;120
12038;201300013332;13;8;3;1950;1;2;9;1.0;1;176;ROQUES (ROUTE DE LA);;;;120
12039;201300013334;13;8;21;1155;1;2;1;1.0;7;176;ESPALION (ROUTE D');;;;120
12040;201300013336;13;9;19;945;1;2;1;1.0;6;202;SAINT CLOUD (ECHANGEUR D;;;;120
12041;201300013337;13;9;20;655;5;2;1;2.0;3;202;12, GINESTE (AVENUE DE L;;;;120
12042;201300013338;13;9;20;1625;2;2;1;2.0;7;202;12, FLAUGERGUES (BOULEVA;;;;120
12043;201300013339;13;10;3;1205;1;2;1;1.0;1;176;RD 840;;;;120
12044;201300013340;13;10;9;125;5;1;1;1.0;3;202;RIGNAC (ROUTE DE);;;;120
12045;201300013341;13;10;28;1500;1;2;9;1.0;1;202;5, JEAN MONNET (AVENUE);;;;120
12046;201300013342;13;11;19;955;1;2;1;2.0;6;202;VICTOR HUGO (AVENUE);;;;120
12047;201300013343;13;11;21;1350;1;1;1;1.0;2;176;ESPALION (ROUTE D');;;;120
12048;201300013344;13;11;22;1425;1;1;2;4.0;5;202;CONQUES (ROUTE DE) -RD90;;;;120
12049;201300013345;13;11;26;1720;3;2;6;1.0;6;202;QUATRE SAISONS (CARREFOU;;;;120
12050;201300013346;13;12;10;1805;5;1;2;1.0;1;176;VABRE (AVENUE DE);;;;120
12051;201300013347;13;12;12;1910;5;2;1;1.0;4;202;04, FLAUGERGUES (BOULEVA;;;;120
12052;201300013348;13;12;20;1305;1;1;1;2.0;7;176;Route du Chateau;;;;120
12053;201300013349;13;12;20;1800;5;2;1;1.0;2;202;TARAYRE (AVENUE);;;;120
12054;201300013350;13;12;31;930;1;2;1;1.0;6;176;ESPALION (ROUTE D');;;;120
12055;201300013351;13;9;14;545;5;1;1;8.0;2;118;;M;4499303.0;152726.0;460
12056;201300013352;13;4;29;345;3;1;1;1.0;2;222;;M;4813166.0;271755.0;450
12057;201300013353;13;5;4;1645;1;1;1;1.0;6;115;;M;4804644.0;306315.0;450
12058;201300013355;13;10;3;1815;1;1;1;1.0;6;60;;M;4773064.0;273708.0;450
12059;201300013358;13;8;9;1900;1;1;1;1.0;1;293;LE MOULIN DE FAUVEL;M;4479190.0;100998.0;240
12060;201300013359;13;1;10;545;3;1;1;2.0;6;399;;M;0.0;0.0;630
12061;201300013360;13;3;12;1500;1;1;1;1.0;7;275;;M;0.0;0.0;190
12062;201300013361;13;8;25;1730;1;1;1;8.0;6;263;;M;4570100.0;206400.0;190
12063;201300013362;13;10;11;1545;1;1;1;4.0;6;399;;M;0.0;0.0;630
12064;201300013363;13;1;14;1945;3;1;1;1.0;7;415;;M;0.0;0.0;100
12065;201300013364;13;3;17;1900;2;1;1;1.0;2;329;;M;0.0;0.0;100
12066;201300013365;13;3;19;1630;1;1;1;3.0;3;142;;M;0.0;0.0;100
12067;201300013366;13;5;13;1530;1;1;9;1.0;2;415;;M;0.0;0.0;100
12068;201300013367;13;5;20;2115;2;1;1;2.0;6;84;;M;0.0;0.0;100
12069;201300013368;13;5;20;1500;1;1;1;3.0;6;256;;M;0.0;0.0;100
12070;201300013369;13;5;12;1145;1;1;1;1.0;2;426;;M;0.0;0.0;100
12071;201300013370;13;7;20;1930;1;1;1;1.0;6;130;;M;0.0;0.0;100
12072;201300013371;13;8;26;545;3;1;1;2.0;2;48;;M;0.0;0.0;100
12073;201300013372;13;9;7;615;2;1;1;2.0;1;115;;M;0.0;0.0;100
12074;201300013373;13;9;7;1430;1;1;1;8.0;6;76;;M;0.0;0.0;100
12075;201300013374;13;9;25;1130;1;1;1;1.0;6;260;;M;0.0;0.0;100
12076;201300013375;13;10;6;845;1;1;1;1.0;6;216;;M;0.0;0.0;100
12077;201300013376;13;10;17;1900;2;1;9;1.0;2;363;;M;0.0;0.0;100
12078;201300013379;13;1;6;1810;3;1;1;1.0;3;1;RN 296;;;;130
12079;201300013380;13;1;16;1645;1;2;1;1.0;6;1;CIBLE (AV DE LA);M;4351402.0;546138.0;130
12080;201300013381;13;1;9;1815;3;1;9;1.0;6;1;MINIMES (COURS DES);M;4352878.0;543670.0;130
12081;201300013383;13;1;24;1230;1;2;1;1.0;2;1;35, MOLLE (RUE DE LA);M;4353059.0;543899.0;130
12082;201300013384;13;2;4;1340;1;2;1;1.0;3;1;29, MALACRIDA HENRI (AV);M;4351513.0;546903.0;130
12083;201300013385;13;2;6;1845;5;2;1;2.0;6;1;FOUR D'EYGLUN (AV DU);;;;130
12084;201300013387;13;2;25;2250;5;2;1;1.0;7;1;34, BRIAND ARISTIDE (BD);M;4353262.0;544867.0;130
12085;201300013388;13;2;24;540;3;1;1;1.0;2;1;RD9;M;4349656.0;537717.0;130
12086;201300013389;13;2;25;2030;3;2;1;1.0;6;1;/, SAPORTA GASTON DE (RU;;;;130
12087;201300013390;13;2;28;2200;5;2;6;1.0;3;1;/, EUROPE (AV );M;4352378.0;543525.0;130
12088;201300013391;13;3;5;145;5;2;1;1.0;6;1;ST JOHN PERSE (AV);;;;130
12089;201300013392;13;3;7;1310;1;1;1;1.0;4;1;RD9;M;4350616.0;540646.0;130
12090;201300013393;13;3;13;1755;1;1;2;1.0;3;1;1788, ROSE (CH DE LA);M;4355897.0;544275.0;130
12091;201300013394;13;3;25;740;1;2;1;1.0;2;1;29, HUGO VICTOR (AV);M;4352366.0;544641.0;130
12092;201300013395;13;3;26;2100;3;2;1;1.0;6;1;0, MALACRIDA HENRI (AV);;;;130
12093;201300013396;13;3;29;1325;1;2;2;1.0;3;1;GALICE*(ROUTE DE);M;4352829.0;542928.0;130
12094;201300013397;13;4;3;2135;5;2;3;1.0;3;1;/, PIGONNET (AV DU);M;4351927.0;544252.0;130
12095;201300013398;13;4;5;345;5;2;1;1.0;2;1;/, HANOI (RUE);;;;130
12096;201300013399;13;4;7;2055;4;2;2;1.0;3;1;/, ST EXUPERY (RUE);M;4351856.0;543317.0;130
12097;201300013400;13;4;6;230;5;2;3;1.0;7;1;LECLERC MARECHAL (BD );M;4352157.0;543515.0;130
12098;201300013401;13;4;17;1100;1;2;1;1.0;6;1;1, EUROPE (AV );M;4352346.0;543872.0;130
12099;201300013402;13;4;14;2130;4;2;1;1.0;3;1;GALICE (RTE DE);;;;130
12100;201300013403;13;4;23;1555;1;2;1;1.0;4;1;510, RD 7;M;4355288.0;542347.0;130
12101;201300013404;13;4;27;325;5;2;1;2.0;6;1;15, BELGES (AV DES);M;4352385.0;544274.0;130
12102;201300013405;13;4;29;1540;1;1;1;1.0;6;1;ROGNES (RTE DE);;;;130
12103;201300013406;13;5;12;10;5;2;3;1.0;2;1;32, ROI RENE (BD DU);M;4352410.0;545122.0;130
12104;201300013407;13;5;10;1250;1;2;1;1.0;3;1;20, BROSSOLETTE PIERRE (;M;4352295.0;544233.0;130
12105;201300013408;13;5;16;400;3;1;1;2.0;6;1;/, ARBOIS (GARE TGV);;;;130
12106;201300013409;13;4;15;1100;1;2;1;1.0;7;1;PERETTI GEORGES (ALLEE);M;4354001.0;545422.0;130
12107;201300013410;13;5;19;850;1;1;1;9.0;2;1;/, R.N 296;;;;130
12108;201300013411;13;5;23;2320;3;1;1;1.0;1;1;RD 7;;;;130
12109;201300013412;13;5;24;1940;1;2;3;1.0;3;1;LEDOUX CLAUDE NICOLAS (R;M;4347279.0;539941.0;130
12110;201300013413;13;5;23;1100;1;2;1;1.0;6;1;CHENIER ANDRE (RUE);;;;130
12111;201300013414;13;5;28;1945;2;2;3;3.0;6;1;MOLLE (RUE DE LA);M;4353047.0;543836.0;130
12112;201300013415;13;6;5;1045;1;2;1;1.0;6;1;35, EUROPE (AV );M;4352434.0;543170.0;130
12113;201300013416;13;6;7;2300;5;2;6;1.0;3;1;KENNEDY PRESIDENT (BD DU;M;4351894.0;543280.0;130
12114;201300013417;13;6;16;325;5;2;1;1.0;2;1;RD9;;;;130
12115;201300013418;13;6;19;1230;1;1;2;1.0;3;1;SISTERON (RTE DE);M;4357100.0;546850.0;130
12116;201300013419;13;6;22;5;5;2;9;1.0;6;1;36 bis, ST JEROME (AV);M;4351999.0;545597.0;130
12117;201300013420;13;6;24;1645;1;2;1;1.0;3;1;413, BERGER GASTON (AV);M;4351343.0;545133.0;130
12118;201300013421;13;6;25;1125;1;2;3;1.0;3;1;DE LATTRE DE TASSIGNY (A;M;4354126.0;543241.0;130
12119;201300013422;13;6;28;1545;1;2;1;1.0;7;1;1420, PETITE RTE DES MIL;M;4351013.0;539251.0;130
12120;201300013423;13;6;29;5;2;2;1;9.0;7;1;28, BRUNET (CH);M;4353763.0;543773.0;130
12121;201300013424;13;7;5;2020;1;1;1;1.0;3;1;R.N 7;;;;130
12122;201300013425;13;6;28;920;1;2;1;1.0;4;1;/, GALICE (RTE DE);;;;130
12123;201300013427;13;7;20;1800;1;2;1;1.0;6;1;PERETTI GEORGES (ALLEE);;;;130
12124;201300013428;13;7;23;1445;1;1;1;1.0;1;1;BERGER GASTON (AV);M;4351362.0;544624.0;130
12125;201300013429;13;7;27;515;5;1;1;1.0;7;1;2, R.N 7;M;4357435.0;538899.0;130