;Num_Acc;an;mois;jour;hrmn;lum;agg;int;atm;col;com;adr;gps;lat;long;dep
12126;201300013430;13;8;12;930;1;1;3;1.0;3;1;R.N 7;;;;130
12127;201300013431;13;7;31;2015;1;2;6;1.0;3;1;/, R.N 7;;;;130
12128;201300013432;13;8;20;1800;1;2;1;1.0;6;1;VAL ST ANDRE (AV DU);M;4351772.0;546872.0;130
12129;201300013433;13;8;22;430;5;2;1;1.0;3;1;00, MOURET HENRI (AV);;;;130
12130;201300013434;13;8;23;1800;1;2;1;1.0;6;1;23Bis, GALICE (RTE DE);M;4352827.0;543326.0;130
12131;201300013435;13;8;26;2050;5;1;1;1.0;3;1;00, MILLES (RTE DES);;;;130
12132;201300013436;13;9;1;315;3;2;9;1.0;6;1;/, PREMIERE DIV FRANCAIS;M;4352989.0;542837.0;130
12133;201300013437;13;8;24;1955;1;1;2;1.0;3;1;DES*FIGONS (CH);M;4353959.0;537832.0;130
12134;201300013438;13;8;14;1215;1;2;2;1.0;1;1;/, GALICE (RTE DE);M;4352872.0;542385.0;130
12135;201300013439;13;8;18;1140;1;1;1;1.0;3;1;/, PLATRIERES (CH DES);;;;130
12136;201300013440;13;9;20;1725;1;1;1;1.0;6;1;CHATEAUX DU MONT ROBERT;M;4349548.0;540117.0;130
12137;201300013441;13;9;24;720;1;2;1;1.0;3;1;9, MALACRIDA HENRI (AV);M;4351724.0;546542.0;130
12138;201300013442;13;9;19;930;1;2;1;1.0;6;1;10, MANUEL (RUE);M;4352860.0;545211.0;130
12139;201300013444;13;9;28;1340;1;1;1;1.0;3;1;510, R.N 7;M;4355288.0;542342.0;130
12140;201300013445;13;10;1;530;3;1;1;1.0;6;1;296, CAMP DE MENTHE (AV;M;4351162.0;542070.0;130
12141;201300013447;13;9;28;1400;1;2;1;1.0;2;1;590, JUVENAL MAX (AV);M;4352553.0;544274.0;130
12142;201300013449;13;9;30;935;1;1;1;1.0;4;1;R.N 296;;;;130
12143;201300013450;13;10;3;1400;1;2;1;1.0;7;1;ST JOHN PERSE (AV);;;;130
12144;201300013452;13;9;25;1300;1;1;1;1.0;2;1;GARDANNE (ROUTE DE );;;;130
12145;201300013454;13;10;17;1900;2;1;3;1.0;3;1;LEDOUX CL NICOLAS (RUE);M;4347928.0;539382.0;130
12146;201300013455;13;10;17;915;1;2;1;1.0;2;1;284, CLUB HIPPIQUE (AV);M;4351463.0;543297.0;130
12147;201300013456;13;10;12;1000;1;2;1;1.0;1;1;26, MOULIN JEAN  (AV);M;4353702.0;545737.0;130
12148;201300013457;13;11;2;920;1;2;3;1.0;6;1;PORTALIS (RUE);M;4352928.0;545203.0;130
12149;201300013458;13;11;4;1345;1;1;1;2.0;4;1;2965, RD 7;M;4356756.0;540018.0;130
12150;201300013459;13;11;8;1800;3;1;1;1.0;1;1;5720, RD 543;M;4361293.0;536320.0;130
12151;201300013460;13;10;29;825;1;2;1;8.0;6;1;33, BROSSOLETTE PIERRE (;M;4351981.0;544273.0;130
12152;201300013461;13;11;14;1545;1;2;1;6.0;3;1;54, GAMBETTA (COURS);M;4352280.0;545618.0;130
12153;201300013462;13;11;24;1345;1;2;1;1.0;3;1;JUIN MARECHAL (AV);;;;130
12154;201300013463;13;11;30;2115;3;1;1;1.0;6;1;00, BELLEC MAURICE (RTE;;;;130
12155;201300013464;13;12;11;1030;1;2;3;1.0;3;1;510, BROSSOLETTE PIERRE;M;4351853.0;544289.0;130
12156;201300013465;13;12;19;2000;3;1;1;3.0;6;1;RD9;;;;130
12157;201300013466;13;12;28;50;5;2;3;1.0;6;1;MARSEILLE (ROUTE DE );M;4348456.0;541897.0;130
12158;201300013467;13;12;31;930;1;2;1;1.0;6;1;FOUR D'EYGLUN (AV DU);;;;130
12159;201300013468;13;1;9;10;5;2;1;1.0;6;4;37, HONGRIE AVENUE DE;M;4369041.0;463359.0;130
12160;201300013469;13;1;3;2010;5;2;1;1.0;6;4;STALINGRAD AVENUE DE;M;4368231.0;463207.0;130
12161;201300013470;13;1;18;1715;1;2;3;1.0;3;4;SADI CARNOT AVENUE;M;4367429.0;462357.0;130
12162;201300013471;13;1;27;2145;3;1;1;2.0;6;4;R.D 570N D'AVIGNON A LA;;;;130
12163;201300013472;13;2;2;825;1;2;1;1.0;6;4;GAMBETTA RUE;M;4367708.0;462471.0;130
12164;201300013473;13;2;17;1740;1;1;1;1.0;3;4;R.N.N113 DU PETIT RHONE;M;4367856.0;460921.0;130
12165;201300013474;13;5;19;1500;1;1;1;1.0;6;4;1, R.N.N453 DU BD CLEMEN;;;;130
12166;201300013475;13;6;1;2210;5;2;1;1.0;6;4;67, EDOUARD HERRIOT AVEN;M;4368734.0;461489.0;130
12167;201300013476;13;6;7;1215;1;2;1;1.0;3;4;35, R.N.N568 DE MARSEILL;;;;130
12168;201300013477;13;6;17;1612;1;2;1;1.0;6;4;ARCHES AVENUE DES;;;;130
12169;201300013478;13;6;24;2155;5;2;1;1.0;7;4;CHATEAUBRIAND RUE;;;;130
12170;201300013479;13;7;1;1413;1;1;1;1.0;6;4;FONTVIEILLE ROUTE DE;;;;130
12171;201300013480;13;7;13;100;5;2;2;1.0;3;4;2, LAFAYETTE AVENUE;M;4367215.0;463302.0;130
12172;201300013481;13;7;19;1200;1;1;1;1.0;4;4;R.N.N113 DU PETIT RHONE;;;;130
12173;201300013482;13;8;31;1425;1;2;3;1.0;6;4;15, LAFAYETTE AVENUE;M;4367170.0;463383.0;130
12174;201300013483;13;9;6;1405;1;2;2;1.0;6;4;0, MARECHAL JUIN AVENUE;M;4366874.0;463447.0;130
12175;201300013484;13;9;24;1808;1;2;1;1.0;6;4;SADI CARNOT AVENUE;;;;130
12176;201300013485;13;9;28;2300;5;2;2;1.0;3;4;GEORGES*CLEMENCEAU (BD);M;4367497.0;462502.0;130
12177;201300013487;13;9;29;1945;1;1;1;2.0;7;4;R.N.N113 DU PETIT RHONE;;;;130
12178;201300013488;13;11;14;1840;5;2;2;1.0;3;4;EMILE COMBES BOULEVARD;M;4367813.0;463368.0;130
12179;201300013489;13;11;1;2150;5;2;1;1.0;1;4;24, NICOLAS COPERNIC RUE;M;4370210.0;463411.0;130
12180;201300013490;13;12;4;1010;1;2;2;1.0;6;4;MIREILLE RUE;M;4367472.0;463862.0;130
12181;201300013491;13;12;5;900;1;2;2;1.0;3;4;LOUIS*VISSAC AV;M;4366682.0;461902.0;130
12182;201300013492;13;12;8;2050;3;2;1;1.0;5;4;R.D 570N D'AVIGNON A LA;;;;130
12183;201300013493;13;12;10;1820;5;2;1;1.0;6;4;VICTOR HUGO AVENUE;;;;130
12184;201300013494;13;12;12;740;2;2;1;1.0;3;4;VICTOR HUGO AVENUE;;;;130
12185;201300013496;13;12;23;2140;5;2;2;1.0;1;4;GAMBETTA RUE;M;4367497.0;462502.0;130
12186;201300013497;13;12;4;639;5;2;1;1.0;3;5;RN 96 (ROUTE NATIONALE );;;;130
12187;201300013499;13;1;9;1250;1;2;1;1.0;7;5;RN 96 (ROUTE NATIONALE );M;4330726.0;557494.0;130
12188;201300013500;13;1;10;1045;1;2;1;1.0;7;5;99BIS, REPUBLIQUE (RUE D;M;4328945.0;557242.0;130
12189;201300013501;13;1;13;1235;1;1;1;2.0;1;5;0, RD 43 C;M;4331380.0;559366.0;130
12190;201300013502;13;1;17;1910;5;2;9;9.0;3;5;57, GOUMS (AVENUE DES);M;4329061.0;556019.0;130
12191;201300013503;13;4;4;2120;5;2;1;2.0;3;5;164, FLEURIDE (AVENUE DE;M;4328345.0;560461.0;130
12192;201300013505;13;1;23;1950;5;2;6;2.0;1;5;AVELANEDE (CHEMIN DE L');M;4329797.0;559066.0;130
12193;201300013506;13;1;24;2255;5;2;1;1.0;6;5;8, COMBES (BOULEVARD EMI;M;4328947.0;556765.0;130
12194;201300013507;13;1;25;915;1;2;1;1.0;6;5;BARTHELEMY (RUE DU DR);M;4329584.0;556665.0;130
12195;201300013508;13;1;28;1210;1;1;1;1.0;3;5;CANIERS (AVENUE DES);M;4328878.0;559401.0;130
12196;201300013510;13;2;7;1620;1;1;1;6.0;7;5;RD 43 C;M;4331443.0;559383.0;130
12197;201300013511;13;2;10;1415;1;2;3;4.0;3;70;VOLTAIRE (BOULEVARD);M;4328263.0;553005.0;130
12198;201300013512;13;2;10;1550;1;2;1;4.0;7;5;BEAUDINARD (CHEMIN DE );M;4331194.0;557998.0;130
12199;201300013514;13;2;14;1410;1;2;1;1.0;3;5;17, RASTEGUE (COURS BART;M;4329279.0;556830.0;130
12200;201300013515;13;2;20;1050;1;2;1;1.0;6;5;433, FLEURIDE (AVENUE DE;M;4328429.0;560127.0;130
12201;201300013516;13;2;16;1655;1;2;6;1.0;3;5;BAUMONE (AVENUE DE LA );M;4329806.0;559703.0;130
12202;201300013517;13;2;25;1250;1;2;1;1.0;6;5;22, NATIONALE 8 DE PARIS;M;4328319.0;553317.0;130
12203;201300013518;13;2;27;845;1;2;1;7.0;5;5;AVELANEDE (CHEMIN DE L');M;4328769.0;558718.0;130
12204;201300013519;13;2;26;1220;1;1;9;1.0;3;5;NATIONALE 8 DE PARIS A T;;;;130
12205;201300013520;13;3;4;1845;5;1;9;1.0;5;5;RN 396 (ROUTE NATIONALE);M;4330870.0;560804.0;130
12206;201300013521;13;3;8;930;1;2;6;1.0;2;5;BLANCARD (PROMENADE PIER;M;4329432.0;555850.0;130
12207;201300013522;13;3;9;1515;1;2;1;1.0;2;5;8, GOUMS (AVENUE DES);M;4329170.0;556131.0;130
12208;201300013523;13;3;19;755;1;2;1;1.0;2;5;19, CREISSAUDS (CHEMIN D;M;4328015.0;553870.0;130
12209;201300013524;13;3;21;1415;1;2;1;1.0;3;70;10, ROBION (CHEMIN NOEL);M;4328446.0;551647.0;130
12210;201300013525;13;3;20;1225;1;2;1;2.0;2;5;100, SAINT JOSEPH (CHEMI;M;4329044.0;558240.0;130
12211;201300013528;13;3;28;1400;1;2;2;3.0;3;5;RD 43 C;;;;130
12212;201300013529;13;4;2;1250;1;2;1;1.0;2;5;MERMOZ (RUE JEAN);M;4328721.0;557935.0;130
12213;201300013530;13;4;2;1645;1;2;1;1.0;3;5;VALLEE (CHEMIN DE LA);M;4328463.0;552440.0;130
12214;201300013532;13;4;8;1740;1;2;1;1.0;7;5;35, REPUBLIQUE (RUE DE L;M;4329181.0;556915.0;130
12215;201300013533;13;4;9;1600;1;1;1;1.0;2;211;VOLTAIRE (BOULEVARD);M;4328314.0;550554.0;130
12216;201300013535;13;4;9;1820;1;1;1;1.0;2;5;rond point de la bourbon;M;4328392.0;559467.0;130
12217;201300013536;13;4;11;630;2;2;1;1.0;6;5;538, PALUDS (AVENUE DES);M;4328843.0;560049.0;130
12218;201300013537;13;4;11;1135;1;1;9;1.0;6;5;BONNES NOUVELLES (CH.DES;M;4329235.0;559202.0;130
12219;201300013540;13;4;16;1730;1;2;1;1.0;3;5;CD 2 (CAMP MAJOR);M;4328811.0;552302.0;130
12220;201300013542;13;4;17;845;1;2;3;1.0;3;5;ROUBINE (AVENUE DE LA);M;4328637.0;559549.0;130
12221;201300013544;13;4;30;935;1;2;9;1.0;3;5;SALENGRO (AVENUE ROGER);M;4330322.0;557173.0;130
12222;201300013545;13;4;30;1000;1;2;1;1.0;3;5;AVELANEDE (CHEMIN DE L');M;4328648.0;558740.0;130
12223;201300013546;13;5;2;1930;2;2;1;1.0;4;5;250, RD 559 A (ROUTE DE;M;4328602.0;558078.0;130
12224;201300013548;13;5;7;1940;1;2;1;1.0;3;5;RN 8;M;4328479.0;559208.0;130
12225;201300013549;13;5;10;1510;1;2;2;1.0;3;5;RN 8;M;4328415.0;554418.0;130
12226;201300013550;13;5;11;1400;1;1;1;1.0;6;5;EOURES (ROUTE D');;;;130
12227;201300013551;13;5;12;1625;1;2;1;1.0;3;5;25, SALENGRO (AVENUE ROG;M;4330086.0;557001.0;130
12228;201300013552;13;5;14;1435;1;2;1;1.0;2;70;ROBION (CHEMIN NOEL);M;4328441.0;551746.0;130
12229;201300013553;13;5;17;1105;1;2;1;9.0;3;5;2, RASTEGUE (COURS BARTH;M;4329270.0;556903.0;130
12230;201300013554;13;5;20;1515;1;2;1;1.0;3;5;42, SOLLANS (CHEMIN DES);M;4330583.0;557262.0;130
12231;201300013555;13;5;21;1730;1;2;3;1.0;3;5;RN 396 (ROUTE NATIONALE);M;4330871.0;560804.0;130
12232;201300013556;13;5;23;730;1;2;6;1.0;3;5;CEINTURE DE CAMPS MAJOR;M;4329099.0;558646.0;130
12233;201300013557;13;5;27;800;1;1;3;1.0;3;5;14, DOUARD (AVENUE DU);M;4328592.0;560171.0;130
12234;201300013558;13;5;28;1710;1;2;1;2.0;6;5;BAUMONE (AVENUE DE LA );M;4329801.0;559706.0;130
12235;201300013559;13;5;29;1855;1;2;1;1.0;2;5;3551, EOURES (ROUTE D');M;4330585.0;553584.0;130
12236;201300013561;13;6;3;1845;1;2;1;1.0;3;5;1, CIOTAT (ROUTE DE LA R;M;4326720.0;558791.0;130
12237;201300013562;13;6;3;1230;1;2;6;1.0;6;5;1, SALENGRO (AVENUE ROGE;M;4329638.0;556864.0;130
12238;201300013564;13;5;31;1800;1;2;1;1.0;3;70;15, ANTONETTI (AVENUE);M;4328692.0;551459.0;130
12239;201300013565;13;6;11;2355;5;2;1;1.0;1;5;3675, EOURES (ROUTE D');M;4330533.0;553444.0;130
12240;201300013566;13;6;14;850;1;1;3;1.0;3;5;RD 43 C;;;;130
12241;201300013567;13;6;14;1100;1;2;3;1.0;3;5;1, COMBES (BOULEVARD EMI;M;4328930.0;556858.0;130
12242;201300013568;13;6;15;1200;1;2;9;1.0;7;5;PLANQUE (CHEMIN DE LA);M;4329468.0;557357.0;130
12243;201300013569;13;6;16;1550;1;2;1;1.0;3;5;55, VINGT ET UN AOUT 194;M;4328927.0;556635.0;130
12244;201300013570;13;6;19;820;1;2;6;1.0;3;5;AVELANEDE (CHEMIN DE L');M;4329187.0;558798.0;130
12245;201300013571;13;6;20;1015;1;2;1;1.0;3;70;292, VOLTAIRE (BOULEVARD;M;4328217.0;552684.0;130
12246;201300013572;13;6;22;1740;1;2;1;1.0;6;5;SAINT PIERRE (CHEMIN DE);M;4329970.0;559101.0;130
12247;201300013573;13;6;22;2100;1;2;1;1.0;3;5;6, FENESTRELLES (CHEMIN;M;4328833.0;556672.0;130
12248;201300013574;13;6;24;1220;1;2;1;1.0;3;5;180, MERMOZ (RUE JEAN);M;4328660.0;557851.0;130
12249;201300013575;13;6;24;2040;1;2;1;1.0;3;5;6, SALENGRO (AVENUE ROGE;M;4329606.0;556853.0;130
12250;201300013577;13;3;7;1600;1;2;3;1.0;3;5;VALLEE (CHEMIN DE LA);M;4328734.0;554504.0;130
12251;201300013578;13;4;3;750;1;2;3;1.0;3;70;ANTONETTI (AVENUE);M;4328691.0;551788.0;130
12252;201300013579;13;6;27;1600;1;2;1;1.0;2;5;99, REPUBLIQUE (RUE DE L;M;4328983.0;557174.0;130
12253;201300013580;13;6;28;1400;1;2;1;1.0;1;70;196, VOLTAIRE (BOULEVARD;M;4328118.0;551879.0;130
12254;201300013582;13;4;26;910;1;2;1;1.0;5;5;1, CHATEAU (CHEMIN DU);M;4329350.0;556901.0;130
12255;201300013583;13;6;30;1900;1;2;2;1.0;3;5;AVELANEDE (CHEMIN DE L');M;4328768.0;558719.0;130
12256;201300013584;13;7;5;1025;1;1;1;1.0;6;5;RN 96 (ROUTE NATIONALE );M;4331997.0;558534.0;130
12257;201300013585;13;7;6;1030;1;2;1;1.0;6;5;21 AOUT 1944 (AVENUE DU);M;4328585.0;555581.0;130
12258;201300013586;13;7;7;1210;1;2;1;1.0;1;5;735, RN 96 (ROUTE NATION;M;4331276.0;557804.0;130
12259;201300013587;13;7;10;1640;1;2;1;1.0;2;70;160, VOLTAIRE (BOULEVARD;M;4328129.0;551724.0;130
12260;201300013588;13;7;10;1709;1;1;3;1.0;3;5;THUILIERE (CHEMIN DE LA;;;;130
12261;201300013589;13;7;11;1820;1;1;1;1.0;7;5;CIOTAT (ROUTE DE LA RN55;M;4327843.0;558997.0;130
12262;201300013590;13;7;13;1330;1;1;1;1.0;7;5;RD 559 A (ROUTE DE LA BE;;;;130
12263;201300013591;13;7;16;550;1;2;1;1.0;5;5;1100, RN 96 (ROUTE NATIO;M;4331610.0;558087.0;130
12264;201300013592;13;7;11;1500;1;1;1;1.0;4;5;RD 43 C;M;4331135.0;559304.0;130
12265;201300013594;13;7;24;1300;1;2;1;1.0;3;5;0, FOCH (COURS MARECHAL);M;4329399.0;556717.0;130
12266;201300013595;13;7;26;2000;1;2;1;1.0;2;5;411, GARLABAN (AVENUE DU;M;4331558.0;556160.0;130
12267;201300013596;13;7;26;2140;5;2;1;1.0;1;5;3, LAVANDE (BOULEVARD DE;M;4327812.0;553882.0;130
12268;201300013597;13;7;26;1600;1;2;1;1.0;6;5;VOLTAIRE (COURS);M;4329522.0;556817.0;130
12269;201300013598;13;7;31;1850;1;2;1;1.0;2;5;1, FOCH (COURS MARECHAL);M;4329299.0;556760.0;130
12270;201300013599;13;8;2;1200;1;1;1;1.0;2;5;708, NATIONALE 8 DE PARI;M;4328533.0;559069.0;130
12271;201300013600;13;8;4;1420;1;2;1;1.0;7;5;235, BLANCARD (PROMENADE;M;4329538.0;556086.0;130
12272;201300013601;13;8;5;1715;1;1;1;1.0;3;5;PALUDS (Z.I. DES );M;4329225.0;559095.0;130
12273;201300013602;13;8;8;1250;1;1;1;1.0;1;5;., CIOTAT (ROUTE DE LA R;M;4328640.0;558022.0;130
12274;201300013603;13;8;8;1315;1;2;1;1.0;6;70;11, BEAUSOLEIL(AVENUE);M;4327777.0;551729.0;130
12275;201300013604;13;8;8;1350;1;2;1;1.0;3;5;RASTEGUE (COURS BARTHELE;M;4329265.0;556605.0;130
12276;201300013605;13;8;13;1750;1;2;1;1.0;6;5;86, REPUBLIQUE (RUE DE L;M;4328993.0;557162.0;130
12277;201300013606;13;8;14;1745;1;2;1;1.0;2;5;SALENGRO (AVENUE ROGER);M;4330336.0;557162.0;130
12278;201300013607;13;8;17;1030;1;1;1;1.0;7;5;CD 2 (CAMP MAJOR);M;4329300.0;556761.0;130
12279;201300013608;13;8;19;1600;1;2;1;1.0;6;5;140, GAUTHIERE (CHEMIN D;M;4332236.0;559397.0;130
12280;201300013609;13;8;20;1830;1;1;1;1.0;3;5;1300, RD 43 C;;;;130
12281;201300013610;13;8;21;1800;1;2;1;1.0;3;5;BOYER (AVENUE ANTIDE);M;4329442.0;556704.0;130
12282;201300013611;13;8;23;330;5;2;4;1.0;6;5;64, RD 43 C;;;;130
12283;201300013612;13;8;24;1300;1;2;3;1.0;3;5;AVELANEDE *CH DE L');M;4328766.0;558721.0;130
12284;201300013613;13;9;1;430;5;2;1;1.0;6;5;RN 8;M;4328340.0;553763.0;130
12285;201300013614;13;9;2;1025;1;2;1;1.0;3;5;CD 2 (CAMP MAJOR);M;4328731.0;553555.0;130
12286;201300013615;13;9;3;650;1;2;3;7.0;3;5;N 8 DE PARIS A TOULON;M;4328633.0;558685.0;130
12287;201300013616;13;9;3;1030;1;2;1;1.0;6;5;THUILIERE (CHEMIN DE LA;M;4329591.0;554805.0;130
12288;201300013617;13;9;5;1330;1;2;1;1.0;7;5;250, 21 AOUT 1944 (AVENU;M;4328824.0;556450.0;130
12289;201300013618;13;9;10;1240;1;2;1;1.0;2;5;RN 96 (ROUTE NATIONALE );M;4331996.0;558532.0;130
12290;201300013619;13;9;9;1650;1;1;1;1.0;2;5;1, BAUMONE (AVENUE DE LA;M;4329575.0;559504.0;130
12291;201300013623;13;9;12;1605;1;2;1;1.0;6;5;PASSONS (CHEMIN DES );M;4329170.0;558500.0;130
12292;201300013624;13;9;13;1735;1;1;3;1.0;7;5;RN 396 (ROUTE NATIONALE);M;4331255.0;560281.0;130
12293;201300013625;13;9;14;820;1;2;1;1.0;3;5;GEMENOS (ROUTE DE CD2);M;4329736.0;558641.0;130
12294;201300013626;13;9;16;915;1;2;1;1.0;6;5;DELFIEU (AVENUE LOULOU);M;4329258.0;556550.0;130
12295;201300013627;13;9;18;1740;1;2;1;1.0;6;5;2, GEMENOS (ROUTE DE CD2;M;4329468.0;557380.0;130
12296;201300013628;13;9;19;830;1;2;1;1.0;6;70;24, ROUSSEAU (BOULEVARD;M;4327824.0;551840.0;130
12297;201300013629;13;9;19;1350;1;2;1;1.0;3;5;., RD 43 C;;;;130
12298;201300013630;13;9;20;715;1;1;1;1.0;1;5;0, GEMENOS (ROUTE DE CD2;M;4329778.0;560584.0;130
12299;201300013631;13;9;25;1135;1;2;1;1.0;2;5;CEINTURE DE CAMPS MAJOR;M;4329753.0;558110.0;130
12300;201300013632;13;9;17;1140;1;2;1;1.0;1;5;581, BLANCARD (PROMENADE;M;4329706.0;556591.0;130
12301;201300013633;13;9;23;1420;1;2;1;1.0;4;5;SALENGRO (AVENUE ROGER);M;4330372.0;557209.0;130
12302;201300013634;13;9;23;1530;1;2;1;1.0;3;5;1745, CD 2 (CAMP MAJOR);M;4329844.0;559329.0;130
12303;201300013635;13;9;24;1840;1;1;2;1.0;3;5;RN 396 (ROUTE NATIONALE);;;;130
12304;201300013636;13;9;24;1930;2;2;1;1.0;3;5;520, 21 AOUT 1944 (AVENU;M;4328718.0;556146.0;130
12305;201300013637;13;9;17;1215;1;1;9;1.0;2;5;RN 96 (ROUTE NATIONALE );M;4330385.0;557223.0;130
12306;201300013638;13;9;27;1445;1;2;1;1.0;6;5;8, FOCH (COURS MARECHAL);M;4329339.0;556781.0;130
12307;201300013639;13;9;28;2010;5;2;3;1.0;3;5;1, LAGUNAS (AVENUE SIMON;;;;130
12308;201300013640;13;9;30;1155;1;2;1;1.0;2;5;SOLLANS (CHEMIN DES);M;4330549.0;557255.0;130
12309;201300013641;13;10;5;1145;1;1;1;1.0;6;5;1, RN 396 (ROUTE NATIONA;M;4332620.0;559643.0;130
12310;201300013642;13;10;7;1635;1;2;1;1.0;2;5;., SALENGRO (AVENUE ROGE;M;4330324.0;557171.0;130
12311;201300013643;13;10;7;1730;1;2;2;1.0;3;5;FAIENCIERS (ALLEE DES);M;4329543.0;556970.0;130
12312;201300013644;13;10;8;1500;1;1;3;1.0;2;5;AVELANEDE (CHEMIN DE L');;;;130
12313;201300013645;13;10;9;1030;1;2;1;1.0;3;5;CANIERS (AVENUE DES);M;4328442.0;559423.0;130
12314;201300013646;13;10;9;1400;1;1;1;1.0;7;5;2085, EOURES (ROUTE D');M;4330718.0;555129.0;130
12315;201300013647;13;10;10;1700;1;2;1;1.0;6;70;MANOUCHIAN (AVENUE);M;4328138.0;550474.0;130
12316;201300013649;13;10;9;1850;2;2;1;1.0;3;5;BON CIVET (CHEMIN DU);M;4328459.0;555400.0;130
12317;201300013650;13;10;15;640;5;2;6;1.0;3;5;NATIONALE 8 DE PARIS A T;M;4328426.0;559366.0;130
12318;201300013651;13;10;16;1615;1;2;1;1.0;1;5;AVELANEDE (CHEMIN DE L');M;4329614.0;559101.0;130
12319;201300013652;13;10;17;1220;1;1;1;1.0;3;5;614, PALUDS (AVENUE DES);M;4328888.0;559938.0;130
12320;201300013653;13;10;31;1320;1;2;1;1.0;6;5;GARLABAN (AVENUE DU);M;4330012.0;557195.0;130
12321;201300013654;13;10;31;1430;1;2;1;1.0;3;5;., BEAUDINARD (ROUTE DE);M;4331738.0;559308.0;130
12322;201300013655;13;11;3;2130;5;2;6;1.0;3;5;1, SALENGRO (AVENUE ROGE;M;4329639.0;556864.0;130
12323;201300013656;13;11;6;1100;1;2;1;1.0;3;5;1380, GEMENOS (ROUTE DE;M;4329776.0;558907.0;130
12324;201300013657;13;11;12;820;1;2;1;1.0;2;5;BON CIVET (CHEMIN DU);M;4328512.0;555403.0;130
12325;201300013659;13;11;16;1930;5;2;1;1.0;4;5;715/749, 21 AOUT 1944 (A;M;4328629.0;555942.0;130
12326;201300013660;13;11;18;720;2;2;1;3.0;1;5;DIRIGEABLE (AVENUE DU);M;4328340.0;560487.0;130
12327;201300013661;13;11;19;740;1;2;1;2.0;2;70;GARE (BOULEVARD DE LA);M;4328495.0;551419.0;130
12328;201300013662;13;11;22;1715;2;2;1;1.0;3;5;171, BLANCARD (PROMENADE;M;4329510.0;556017.0;130
12329;201300013663;13;11;23;1250;1;2;1;1.0;2;5;506, CANIERS (AVENUE DES;M;4328883.0;559398.0;130
12330;201300013664;13;11;25;1755;3;1;1;1.0;1;5;852, FENESTRELLES (CHEMI;M;4328667.0;556565.0;130
12331;201300013665;13;11;15;1850;5;2;1;1.0;6;70;10, ANTONETTI (AVENUE);M;4328695.0;551492.0;130
12332;201300013666;13;11;27;1920;5;2;1;1.0;3;5;613, GARLABAN (AVENUE DU;M;4331698.0;556000.0;130
12333;201300013667;13;11;28;1230;1;2;1;1.0;6;5;15, FOCH (COURS MARECHAL;M;4329377.0;556725.0;130
12334;201300013668;13;11;29;1600;1;2;1;1.0;6;5;MANOUCHIAN (AVENUE);M;4328533.0;554860.0;130
12335;201300013669;13;11;30;1750;5;2;6;2.0;3;5;RD 43 C;M;4330039.0;559112.0;130
12336;201300013670;13;12;3;1030;1;2;3;1.0;3;70;ROUSSEAU (BOULEVARD JEAN;M;4327713.0;552160.0;130
12337;201300013671;13;11;28;1145;1;1;1;1.0;7;5;760, CIOTAT (ROUTE DE LA;M;4328223.0;558373.0;130
12338;201300013672;13;12;5;1900;5;2;1;1.0;2;5;AUMONE VIELLE (CHEMIN DE;M;4328743.0;552991.0;130
12339;201300013673;13;12;6;830;1;2;1;1.0;6;5;1, FALLEN (AVENUE);M;4329291.0;556597.0;130
12340;201300013674;13;12;7;1445;1;2;1;1.0;3;5;VERDUN (AVENUE DE);M;4328880.0;557324.0;130
12341;201300013675;13;11;27;1725;5;1;9;1.0;3;5;1, BONNES NOUVELLES (CH.;M;4329157.0;559279.0;130
12342;201300013677;13;12;14;1140;1;2;6;1.0;3;5;RN8;M;4328431.0;559386.0;130
12343;201300013679;13;12;20;1040;1;1;1;3.0;3;5;RN 396 (ROUTE NATIONALE);;;;130
12344;201300013680;13;12;20;2030;5;1;1;2.0;2;5;QUARTIER VAUX (CHEMIN DU;M;4328439.0;557295.0;130
12345;201300013681;13;12;24;1625;1;1;1;1.0;3;5;AVELANEDE (CHEMIN DE L');M;4329114.0;558746.0;130
12346;201300013682;13;12;27;1530;1;2;3;1.0;3;5;0, SAINT JOSEPH (CHEMIN;M;4329091.0;558141.0;130
12347;201300013683;13;12;15;1500;1;2;1;1.0;2;5;ESPILLIERES (CHEMIN DES);;;;130
12348;201300013684;13;12;21;1300;1;1;1;1.0;5;5;RN 396 (ROUTE NATIONALE);;;;130
12349;201300013685;13;12;30;2200;3;1;1;1.0;7;5;CIOTAT (ROUTE DE LA RN55;M;4327281.0;559010.0;130
12350;201300013686;13;12;31;1150;1;2;1;1.0;3;5;450, RN 96 (ROUTE NATION;M;4331057.0;557695.0;130
12351;201300013687;13;1;10;1100;1;2;1;1.0;3;28;49, RIPERT (AVENUE EMIL;M;4318652.0;561464.0;130
12352;201300013688;13;1;30;740;1;2;6;1.0;3;28;DAUPHINE (AVENUE DU);M;4318953.0;562154.0;130
12353;201300013689;13;2;5;1900;5;2;1;1.0;1;28;FARDELOUP (CHEMIN DE);M;4318487.0;558902.0;130
12354;201300013691;13;3;9;1550;1;1;1;1.0;3;28;1599, BODIN (AVENUE EMI;M;4319935.0;558970.0;130
12355;201300013692;13;3;11;1740;1;2;1;1.0;3;28;ANTIOPE (VOIE );M;4320750.0;560577.0;130
12356;201300013694;13;4;16;1130;1;2;1;1.0;3;28;103, AVENUE DE LA PAIX;M;4318366.0;561015.0;130
12357;201300013695;13;5;15;1125;1;2;1;8.0;3;28;SORBIER (AVENUE DU );M;4320522.0;560046.0;130