;Num_Acc;an;mois;jour;hrmn;lum;agg;int;atm;col;com;adr;gps;lat;long;dep
12358;201300013696;13;5;15;1415;1;2;1;1.0;2;28;FERRY (AVENUE JULES );M;4318346.0;560434.0;130
12359;201300013698;13;6;1;1700;1;1;1;1.0;5;28;CD.559;;;;130
12360;201300013699;13;6;17;1815;1;1;2;1.0;3;28;NS, CD 559;M;4318360.0;566756.0;130
12361;201300013700;13;7;15;1900;1;2;3;1.0;3;28;CLEMENCEAU (BOULEVARD GE;M;4317732.0;561079.0;130
12362;201300013701;13;7;21;2045;1;1;1;1.0;1;28;1091, BODIN (AVENUE EMIL;M;4319439.0;559988.0;130
12363;201300013702;13;7;30;1155;1;2;3;1.0;2;28;MIREILLE (AVENUE);M;4318944.0;562941.0;130
12364;201300013703;13;7;30;2245;5;2;1;1.0;6;28;BEAU RIVAGE (BOULEVARD);M;4318729.0;562537.0;130
12365;201300013704;13;8;2;55;5;2;3;1.0;5;28;179, SUBILIA (AV);M;4318365.0;561016.0;130
12366;201300013705;13;8;2;1920;1;2;1;7.0;1;28;CROZET (AVENUE LOUIS );M;4318025.0;559856.0;130
12367;201300013706;13;8;5;915;1;2;1;1.0;7;28;CLEMENCEAU (BOULEVARD GE;M;4317689.0;561111.0;130
12368;201300013707;13;8;6;815;1;2;6;1.0;6;28;Rond Point DULAC/ROVARCH;M;4319258.0;560936.0;130
12369;201300013708;13;8;10;1945;2;2;1;1.0;6;28;ROMAGOUA (CHEMIN DE);M;4319505.0;561140.0;130
12370;201300013709;13;8;14;2325;5;2;3;1.0;3;28;0, BILLOUX (AVENUE FRANC;M;4317793.0;559750.0;130
12371;201300013710;13;8;27;1610;1;1;2;1.0;3;28;AVENUE DE LA GARE;M;4319874.0;562643.0;130
12372;201300013711;13;8;28;1455;1;2;1;1.0;3;28;AVENUE MIREILLE;M;4318924.0;563455.0;130
12373;201300013712;13;8;30;1635;1;2;3;1.0;1;28;140, CARDINAL MAURIN (AV;M;4317061.0;560140.0;130
12374;201300013713;13;10;21;1535;1;2;1;1.0;3;28;PUITS DE BRUNET (CHEMIN;M;4318685.0;560163.0;130
12375;201300013715;13;10;31;1830;5;2;1;1.0;3;28;447, BODIN (AVENUE EMILE;M;4319323.0;560055.0;130
12376;201300013716;13;11;6;1210;1;2;6;1.0;6;28;00, BODIN (AVENUE EMILE);M;4318973.0;560382.0;130
12377;201300013717;13;11;14;1930;5;2;1;6.0;5;28;DULAC (AVENUE GUILLAUME);M;4318888.0;560868.0;130
12378;201300013718;13;11;17;1930;5;2;9;8.0;3;28;MICHELET (BOULEVARD JULE;M;4317547.0;560260.0;130
12379;201300013719;13;12;10;1810;5;2;1;1.0;6;28;957, DULAC (AVENUE GUILL;M;4319393.0;561065.0;130
12380;201300013720;13;12;16;730;2;2;3;1.0;3;28;av guillaume dulac;M;4320249.0;562453.0;130
12381;201300013721;13;12;19;1725;5;2;1;3.0;6;28;NS, BODIN (AVENUE EMILE);M;4318604.0;560746.0;130
12382;201300013722;13;1;30;1315;1;1;1;1.0;7;47;100, RN 1569;;;;130
12383;201300013723;13;3;17;1;3;1;1;1.0;3;63;D 10;;;;130
12384;201300013724;13;7;16;1910;1;1;1;1.0;7;47;100, RN 569;;;;130
12385;201300013725;13;7;20;1240;1;1;1;1.0;5;47;100, RN 1569;;;;130
12386;201300013726;13;10;15;745;1;2;1;1.0;6;47;100, CORNICHE DE SUFFREN;M;4350956.0;499888.0;130
12387;201300013727;13;11;1;1915;5;2;1;1.0;6;63;100, ARC EN CIEL AVENUE;M;4359810.0;500900.0;130
12388;201300013728;13;11;29;2000;5;2;1;6.0;6;47;100, TENNIS RUE;M;4351580.0;498952.0;130
12389;201300013729;13;1;5;1545;1;2;9;1.0;6;54;JUIN  AVE MARECHAL;M;4341977.0;522488.0;130
12390;201300013730;13;1;5;1750;5;2;1;1.0;4;43;REPUBLIQUE  AVENUE DE LA;M;4339391.0;523633.0;130
12391;201300013731;13;1;7;1330;1;2;1;1.0;1;102;COUVENT  CHEMIN DU;M;4341925.0;522883.0;130
12392;201300013732;13;1;9;1250;1;2;1;1.0;5;43;FRANCOIS MITTERAND  AVEN;M;4339702.0;525094.0;130
12393;201300013733;13;1;9;1813;3;2;1;1.0;3;43;RN 368;M;4339369.0;520176.0;130
12394;201300013734;13;1;20;1850;5;2;2;1.0;3;54;FIGUERAS  RUE DE;M;4341565.0;521067.0;130
12395;201300013735;13;2;13;1215;1;2;1;9.0;3;54;EUROPE  AVENUE DE L';M;4341633.0;522651.0;130
12396;201300013736;13;2;22;1832;5;2;3;1.0;1;54;ISLY  RUE D';M;4341811.0;522308.0;130
12397;201300013737;13;3;22;1400;1;2;6;1.0;3;43;CURIE  AVENUE JOLIOT;M;4339384.0;523148.0;130
12398;201300013738;13;4;16;840;1;2;6;1.0;3;54;DE GAULLE  AVE GAL DE;M;4341190.0;520513.0;130
12399;201300013740;13;4;21;1920;1;1;1;1.0;7;43;MITTERAND  AV. FRANCOIS;;;;130
12400;201300013741;13;5;3;1745;1;2;1;1.0;2;102;118, ABBADIE  BLD;M;4342006.0;523529.0;130
12401;201300013742;13;5;4;1545;1;2;1;1.0;3;43;PRES  AVENUE DES;M;4339362.0;522024.0;130
12402;201300013743;13;6;9;1850;1;1;1;1.0;2;54;HUIT MAI 1945  AVE DU;M;4341109.0;521559.0;130
12403;201300013745;13;6;20;1820;1;2;1;1.0;2;102;391, FERRISSE  BLD ROBER;M;4341935.0;524245.0;130
12404;201300013746;13;6;22;1340;1;2;6;1.0;3;54;HUIT MAI 1945  AVE DU;;;;130
12405;201300013748;13;6;29;807;1;1;1;1.0;2;54;HUIT MAI 1945  AVE DU;M;4340668.0;520732.0;130
12406;201300013750;13;7;6;1235;1;2;2;1.0;3;54;FIGUERAS  RUE DE;M;4342111.0;520777.0;130
12407;201300013751;13;7;9;1740;1;2;1;1.0;3;54;DE GAULLE  AVE GAL DE;M;4341012.0;520605.0;130
12408;201300013752;13;7;17;1625;1;2;1;1.0;6;43;PICASSO  RUE PABLO;M;4338789.0;523466.0;130
12409;201300013754;13;7;26;15;5;2;1;1.0;6;54;FABRE AVIATEUR  AVE HENR;M;4343025.0;518779.0;130
12410;201300013755;13;7;28;1615;1;2;2;1.0;3;54;SIGNORE  BD DE LA;M;4342111.0;520777.0;130
12411;201300013756;13;8;4;2200;5;2;1;1.0;3;102;1104, ABBADIE  BLD;M;4341526.0;524484.0;130
12412;201300013757;13;8;5;1636;1;2;2;1.0;1;54;GUYNEMER  AVENUE;M;4341948.0;521793.0;130
12413;201300013758;13;8;14;1855;1;1;3;1.0;3;54;COMBATTANT*A.F.N;M;4340976.0;521995.0;130
12414;201300013759;13;8;15;228;3;1;1;1.0;6;43;446, VENTURA  AVENUE LIN;M;4339526.0;521332.0;130
12415;201300013760;13;8;27;1230;1;1;3;1.0;1;54;FIGUEROLLES  QUARTIER;M;4340289.0;523955.0;130
12416;201300013761;13;8;27;1110;1;2;1;1.0;3;54;10, ROSE DES VENTS  LA;;;;130
12417;201300013762;13;9;3;1625;1;2;1;1.0;2;54;COUVENT  CHEMIN DU;M;4341779.0;522490.0;130
12418;201300013763;13;9;5;1604;1;2;1;1.0;5;43;VENTURA  AVENUE LINO;M;4339378.0;519841.0;130
12419;201300013764;13;9;6;1720;1;2;1;1.0;6;54;FOUCAULD  RUE DU PERE;M;4341918.0;522255.0;130
12420;201300013765;13;9;7;1900;1;2;1;1.0;2;54;17, ROSTAND  RUE EDMOND;M;4341568.0;520535.0;130
12421;201300013766;13;9;14;1900;1;2;1;1.0;3;54;HUIT MAI 1945  AVE DU;M;4341117.0;521083.0;130
12422;201300013767;13;9;17;945;1;1;1;1.0;3;102;868, LIBERATION  BLD DE;M;4341708.0;526132.0;130
12423;201300013768;13;9;19;1915;5;2;3;1.0;3;43;COTE BLEUE  AVENUE DE LA;;;;130
12424;201300013769;13;9;19;845;1;2;1;1.0;6;54;CHEVILLARD  RUE RENE;M;4342115.0;521635.0;130
12425;201300013770;13;9;26;1805;1;2;1;1.0;3;43;191, MEDITERRANEE  AVENU;M;4338505.0;521597.0;130
12426;201300013771;13;10;7;830;1;2;1;1.0;3;43;POUSARAQUE  AVENUE DE LA;M;4338756.0;522898.0;130
12427;201300013772;13;10;12;2030;4;2;1;1.0;1;102;PREVERT  AVENUE JACQUES;M;4341820.0;523336.0;130
12428;201300013773;13;10;24;1545;1;2;1;1.0;3;54;6, MISTRAL  BD FREDERIC;M;4341511.0;521692.0;130
12429;201300013775;13;11;5;1810;5;2;1;1.0;5;43;1245, FERNANDEL  AVENUE;M;4339755.0;525414.0;130
12430;201300013776;13;11;8;1410;1;2;1;8.0;2;43;ROUTE NATIONALE 368;;;;130
12431;201300013777;13;11;11;1753;5;2;3;1.0;3;54;DUBOS  RUE RENE;M;4342090.0;522465.0;130
12432;201300013778;13;11;12;1400;1;2;3;1.0;6;54;CARTHAGE  CHEMIN DE;M;4342175.0;523186.0;130
12433;201300013779;13;12;12;1630;1;2;1;1.0;2;54;COMBATTANT A.F.N.;M;4340453.0;522331.0;130
12434;201300013780;13;11;18;1231;1;2;1;1.0;6;54;11, LIBERATION  AVE DE L;M;4341857.0;521521.0;130
12435;201300013781;13;11;23;1738;5;2;1;1.0;3;54;PLAGE  ROUTE DE LA;;;;130
12436;201300013783;13;12;4;1520;1;2;1;1.0;3;102;337, FERRISSE  BLD ROBER;M;4341955.0;524182.0;130
12437;201300013784;13;12;7;1430;1;2;3;1.0;3;43;FERNANDEL  AVENUE;M;4339523.0;521192.0;130
12438;201300013785;13;12;7;2025;5;2;2;1.0;3;54;NOGUES  BD M.;M;4341725.0;521969.0;130
12439;201300013786;13;12;10;1810;4;2;1;1.0;6;54;HUIT MAI 1945  AVE DU;;;;130
12440;201300013787;13;10;24;710;1;2;1;1.0;4;55;273, COR PRESIDENT JOHN;M;4327818.0;535488.0;130
12441;201300013788;13;10;24;1215;1;2;1;1.0;2;55;23, AVE DE CORINTHE;M;4328480.0;539062.0;130
12442;201300013789;13;12;3;1200;1;2;1;1.0;7;55;2, BD DE LA LIBERATION G;M;4329935.0;538618.0;130
12443;201300013790;13;12;22;1910;2;2;1;1.0;4;55;88, BD FRANCOISE DUPARC;M;4330485.0;540093.0;130
12444;201300013791;13;10;12;1035;2;2;1;1.0;6;55;46, AVE DU DOCTEUR HECKE;M;4328789.0;544185.0;130
12445;201300013793;13;10;26;1040;1;2;1;1.0;3;55;26, BD RABATAU;M;4327399.0;539366.0;130
12446;201300013794;13;10;31;905;1;1;1;1.0;6;55;VSN LEON LACHAMP (RTE);;;;130
12447;201300013795;13;11;10;1650;2;2;1;1.0;3;55;0, AVE DE MAZARGUES;;;;130
12448;201300013796;13;11;18;1015;1;1;1;2.0;6;55;441, AVE DU PRADO;M;4326708.0;538288.0;130
12449;201300013797;13;11;24;250;5;2;1;1.0;6;55;109, VSN GOUFFONE DE LAT;M;4324588.0;541720.0;130
12450;201300013798;13;12;2;630;2;2;1;1.0;3;55;23, CHE DU LANCIER;M;4324772.0;539705.0;130
12451;201300013799;13;12;2;830;1;2;1;1.0;3;55;BD DE LA PUGETTE;;;;130
12452;201300013800;13;12;2;1100;1;2;1;1.0;6;55;50, BD MICHELET;M;4326948.0;539300.0;130
12453;201300013801;13;12;6;920;1;2;1;1.0;3;55;46, AVE CLOT BEY;M;4325850.0;538390.0;130
12454;201300013802;13;12;11;1950;5;2;1;1.0;3;55;122, RUE DU ROUET;M;4327941.0;539126.0;130
12455;201300013803;13;12;23;900;2;2;1;1.0;2;55;27, BD RABATAU;M;4327376.0;539332.0;130
12456;201300013804;13;12;10;1255;1;2;1;1.0;6;55;, RUE EMILE ZOL;;;;130
12457;201300013805;13;12;12;1300;1;2;1;1.0;3;55;431, RUE PARADIS;M;4327369.0;538511.0;130
12458;201300013806;13;12;17;855;1;2;3;7.0;3;55;CHE DE LA MADRAGUE VILLE;M;4332417.0;536270.0;130
12459;201300013807;13;11;29;1615;1;2;3;1.0;3;55;RUE LE*CHATELIER;M;4334824.0;536238.0;130
12460;201300013809;13;12;14;1100;1;2;1;1.0;3;55;199, CHE DE LA MADRAGUE;M;4333044.0;535905.0;130
12461;201300013810;13;12;18;1330;1;2;1;1.0;6;55;1, BD HENRI BARNIER;M;4337349.0;535442.0;130
12462;201300013811;13;12;18;1420;1;2;3;2.0;3;55;385, BD NATIONAL;M;4331482.0;537285.0;130
12463;201300013812;13;12;20;830;1;2;1;3.0;3;55;RUE FRANCIS DAVSO;;;;130
12464;201300013813;13;12;26;1710;5;2;1;1.0;3;55;20, RUE DE LYON;M;4332402.0;536737.0;130
12465;201300013814;13;12;30;1515;1;2;1;1.0;3;55;BD DE PLOMBIERES;M;4331647.0;538301.0;130
12466;201300013815;13;1;6;534;4;2;1;1.0;6;55;12, RUE DE L' ESCALET;M;4335348.0;541562.0;130
12467;201300013816;13;1;3;1710;1;2;6;1.0;2;55;RPT JEAN DE TCHORLOU;;;;130
12468;201300013817;13;3;1;2115;5;2;1;1.0;2;55;322, BD ROMAIN ROLLAND;M;4327132.0;540913.0;130
12469;201300013818;13;1;8;640;2;2;1;1.0;2;55;86, RUE DE LYON;M;4332618.0;536661.0;130
12470;201300013819;13;1;4;500;5;2;3;1.0;3;55;BD VOLTAIRE;M;4330207.0;538251.0;130
12471;201300013820;13;12;16;945;1;2;1;1.0;6;55;00, RUE SAINT JEAN DU DE;;;;130
12472;201300013821;13;8;30;1140;1;2;1;1.0;6;55;0, BD DU DOCTEUR RODOCAN;;;;130
12473;201300013822;13;6;11;1000;1;2;3;1.0;5;106;47, BEDOULE (CHEMIN DE L;M;4338369.0;535082.0;130
12474;201300013823;13;12;17;1;5;2;1;1.0;6;55;117, CHE DE SORMIOU;M;4323136.0;540057.0;130
12475;201300013827;13;12;17;1815;5;2;1;1.0;1;55;50, RUE FRANCOIS MAURIAC;M;4327564.0;541764.0;130
12476;201300013828;13;1;1;850;1;2;3;1.0;6;55;36, BD DE SAINT MARCEL;M;4328871.0;545834.0;130
12477;201300013829;13;12;18;1000;1;2;6;1.0;6;55;20, AVE ELSA TRIOLET;M;4324767.0;538989.0;130
12478;201300013830;13;12;24;710;2;2;1;1.0;3;55;191, BD DE LA VALBARELLE;M;4328858.0;545378.0;130
12479;201300013831;13;12;26;1745;5;2;1;1.0;4;55;1, AVE DES PEINTRES ROUX;M;4330869.0;546710.0;130
12480;201300013833;13;11;21;900;1;2;1;3.0;4;55;AVE JEAN PAUL SARTRE;M;4332199.0;541785.0;130
12481;201300013834;13;12;10;1420;1;2;1;1.0;2;55;RUE DU CARGO RHIN FIDELI;;;;130
12482;201300013835;13;12;13;1700;1;2;2;1.0;2;55;BD. ROLAND DORGELES;M;4334729.0;537838.0;130
12483;201300013836;13;12;19;1805;1;2;1;3.0;2;55;204, BD DANIELLE CASANOV;M;4332996.0;537620.0;130
12484;201300013838;13;12;20;745;2;2;1;3.0;7;55;348, RUE RABELAIS;M;4336204.0;532475.0;130
12485;201300013839;13;12;20;805;1;2;1;3.0;6;55;12, RUE DE MARATHON;M;4332755.0;541275.0;130
12486;201300013840;13;1;9;1740;5;2;1;1.0;3;55;0, AVE DE LA VISTE;M;4335986.0;535757.0;130
12487;201300013842;13;12;21;1800;5;2;2;1.0;3;55;AVE DE FRAIS VALLON;M;4332554.0;543049.0;130
12488;201300013843;13;1;4;1238;1;2;3;1.0;3;55;202, CHE DE LA MADRAGUE;M;4333043.0;535907.0;130
12489;201300013844;13;12;22;2230;5;2;3;1.0;2;55;BD. LIONEL TERRAY;M;4331606.0;540059.0;130
12490;201300013846;13;10;17;1135;1;2;1;1.0;3;55;143, RUE FELIX PYAT;M;4331821.0;537480.0;130
12491;201300013847;13;9;12;1730;1;2;1;1.0;3;55;90, AVE DE SAINT JEROME;M;4333279.0;541994.0;130
12492;201300013848;13;1;11;1715;5;2;2;1.0;6;55;0000, RUE MIRES;M;4331156.0;537120.0;130
12493;201300013849;13;9;19;830;1;2;1;1.0;3;55;246, RUE DE LYON;M;4333298.0;536427.0;130
12494;201300013850;13;1;15;45;5;2;6;1.0;3;55;AV DU CAP PINEDE ROC 3;M;4332872.0;536572.0;130
12495;201300013851;13;11;13;945;1;2;1;1.0;3;55;19, AVE DE SAINT ANTOINE;M;4336664.0;535670.0;130
12496;201300013852;13;12;11;730;2;2;1;1.0;7;55;07, RUE NICOLAS COPERNIC;M;4334223.0;544917.0;130
12497;201300013853;13;12;18;2100;5;2;1;2.0;2;55;1, BD ROLAND DORGELES;M;4334651.0;537984.0;130
12498;201300013854;13;12;21;1400;1;2;1;1.0;6;55;CHE DES BAUMILLONS;;;;130
12499;201300013855;13;12;27;1810;5;2;3;1.0;3;55;120, AVE DES AYGALADES;M;4334097.0;536531.0;130
12500;201300013857;13;12;11;1830;5;2;3;1.0;6;55;AVE DE MONTOLIVET;M;4331189.0;541078.0;130
12501;201300013858;13;12;20;1945;5;2;2;2.0;3;55;61, BD DES ALPES;M;4330106.0;541513.0;130
12502;201300013859;13;12;20;1000;1;2;1;3.0;6;55;265, AVE DE MAZARGUES;M;4326209.0;539330.0;130
12503;201300013861;13;1;10;1450;1;2;1;1.0;3;55;BRE M I N ENTREE AUTOROU;;;;130
12504;201300013862;13;10;30;810;1;2;1;1.0;2;55;171, AVE DES OLIVES;M;4332574.0;544102.0;130
12505;201300013864;13;11;7;1830;5;2;1;1.0;1;55;2, TRA DES RAYMONDS;M;4328839.0;546237.0;130
12506;201300013865;13;1;17;1230;1;2;3;1.0;6;55;236, AVE DE SAINT ANTOIN;M;4337377.0;535579.0;130
12507;201300013866;13;12;19;1730;2;2;1;3.0;2;75;LIBERATION (AVE DE LA);;;;130
12508;201300013867;13;12;6;1010;1;2;1;6.0;3;55;444, BD MICHELET;M;4325223.0;540277.0;130
12509;201300013868;13;1;18;805;2;2;1;1.0;6;55;147, AVE CLOT BEY;M;4325651.0;538253.0;130
12510;201300013869;13;12;13;1950;5;2;9;1.0;3;55;AV JEAN PAUL SARTRE;M;4331378.0;540582.0;130
12511;201300013870;13;12;16;1330;1;2;1;1.0;2;106;30, 8 MAI 1945 (AVENUE D;M;4345171.0;541372.0;130
12512;201300013871;13;11;29;1015;1;2;1;1.0;2;55;11, BD DU MARECHAL JUIN;M;4331052.0;540342.0;130
12513;201300013872;13;1;1;2015;5;2;1;1.0;5;55;46, BD SCHLOESING;M;4327332.0;540067.0;130
12514;201300013873;13;12;2;1500;1;2;1;2.0;2;55;0, AVE ALEXANDRE FLEMING;;;;130
12515;201300013875;13;12;10;1525;1;2;2;1.0;3;55;119, RUE PARADIS;M;4328862.0;537890.0;130
12516;201300013876;13;12;19;1815;5;2;1;2.0;7;55;23, SQ SIDI BRAHIM;M;4329760.0;539991.0;130
12517;201300013877;13;12;20;600;5;2;1;3.0;6;55;COR PRESIDENT JOHN F KEN;;;;130
12518;201300013878;13;12;21;750;1;2;2;1.0;3;55;7, BD SAKAKINI;M;4329878.0;540095.0;130
12519;201300013879;13;1;12;1900;5;2;1;1.0;3;55;16, BD CHARLES NEDELEC;M;4330172.0;537627.0;130
12520;201300013880;13;12;25;15;5;2;3;2.0;6;55;2, RUE BERNEX;M;4330020.0;538873.0;130
12521;201300013881;13;1;8;1750;3;2;1;1.0;6;55;RUE DE LYON;M;4332997.0;536531.0;130
12522;201300013882;13;12;26;710;1;2;1;1.0;6;55;82, BD FRANCOISE DUPARC;M;4330476.0;540093.0;130
12523;201300013883;13;12;30;1530;1;2;1;1.0;2;55;124, BD FRANCOISE DUPARC;M;4330773.0;540187.0;130
12524;201300013884;13;11;15;1230;1;2;1;1.0;2;55;212, AVE JULES CANTINI;M;4327887.0;539663.0;130
12525;201300013885;13;1;11;945;1;2;7;1.0;3;55;9, BD DE STRASBOURG;M;4330714.0;537521.0;130
12526;201300013886;13;12;8;1600;1;1;1;1.0;7;55;., RTE LEON LACHAMP;;;;130
12527;201300013887;13;12;12;2055;3;2;1;2.0;7;55;1, BD VELASQUEZ;M;4324293.0;538654.0;130
12528;201300013888;13;1;11;700;1;2;1;1.0;2;55;30, BD SCHLOESING;M;4327355.0;540039.0;130
12529;201300013889;13;12;16;2030;5;2;1;1.0;6;55;90, AVE DU PRADO;M;4328192.0;538599.0;130
12530;201300013890;13;1;14;1300;1;2;3;1.0;3;55;80, BD ROGER CHIEUSSE;M;4336231.0;531516.0;130
12531;201300013891;13;12;3;1100;1;2;1;1.0;3;55;23, BD DU VAISSEAU;M;4323148.0;540500.0;130
12532;201300013892;13;1;10;1410;1;2;9;1.0;6;55;32, CHE DE SAINT JOSEPH;M;4334067.0;538674.0;130
12533;201300013893;13;11;26;1330;5;2;3;1.0;2;55;.., BD BERNEX;M;4324788.0;538387.0;130
12534;201300013894;13;12;17;1000;1;2;1;1.0;6;55;283, BD MICHELET;M;4325932.0;539873.0;130
12535;201300013896;13;1;14;1335;1;2;3;1.0;3;55;90, AVE DE LA FOURRAGERE;M;4329921.0;543035.0;130
12536;201300013897;13;12;3;1645;2;2;1;1.0;2;2;JEAN GIONO (AVENUE);M;4333836.0;547989.0;130
12537;201300013898;13;1;5;1545;1;2;1;7.0;6;55;69, RUE BERANGER;M;4330399.0;540295.0;130
12538;201300013899;13;12;6;1500;1;2;1;1.0;3;2;1, JEAN GIONO (AVENUE);M;4333224.0;548462.0;130
12539;201300013900;13;12;17;830;1;2;1;1.0;6;55;AVE DU VALLON D' OL;M;4338479.0;535946.0;130
12540;201300013901;13;2;20;1800;1;2;1;1.0;6;55;108, AVE DU PRADO;M;4328118.0;538640.0;130
12541;201300013904;13;12;4;910;1;2;9;7.0;6;2;17, CLEMENT, JULES BARTH;M;4333252.0;546397.0;130
12542;201300013905;13;12;21;1800;5;2;1;1.0;2;75;34, PAUL SIRVENT (AVE);M;4334366.0;546615.0;130
12543;201300013906;13;1;13;500;5;2;1;1.0;2;55;00, CRS LIEUTAUD;;;;130
12544;201300013907;13;12;12;830;1;2;1;1.0;3;55;40, RUE DE PONTEVES;;;;130
12545;201300013908;13;12;22;1600;1;2;1;1.0;6;55;AVE RAIMU;;;;130
12546;201300013909;13;12;25;935;1;2;1;8.0;6;55;204, RUE DE LYON;M;4333051.0;536510.0;130
12547;201300013910;13;1;5;1630;2;2;1;1.0;7;55;1, BD DES BASSINS DE RAD;;;;130
12548;201300013911;13;8;8;1700;1;2;1;1.0;2;55;93, CHE DE SAINT JOSEPH;M;4335515.0;537021.0;130
12549;201300013912;13;12;11;1220;1;2;1;1.0;6;55;14, BD CHARLES MORETTI;M;4332611.0;537691.0;130
12550;201300013913;13;12;16;1200;1;2;1;1.0;3;55;179, AVE DES AYGALADES;M;4334679.0;536609.0;130
12551;201300013914;13;12;20;2030;5;2;1;2.0;7;55;28, CRS HONORE D' ESTIEN;M;4329266.0;537276.0;130
12552;201300013916;13;10;25;820;1;2;3;1.0;3;55;124, VSN SAINT LOUP;M;4328305.0;543282.0;130
12553;201300013917;13;10;24;1700;1;2;1;1.0;7;55;222, AVE DE LA CAPELETTE;M;4327947.0;541101.0;130
12554;201300013918;13;10;11;1715;2;2;1;1.0;6;55;430, AVE DE LATTRE DE TA;M;4324484.0;542763.0;130
12555;201300013919;13;12;20;150;5;2;1;3.0;3;55;258, AVE DU PRADO;M;4327447.0;539019.0;130
12556;201300013921;13;3;29;1130;1;2;1;1.0;2;55;MTE DE SAINT MENET;M;4329373.0;549336.0;130
12557;201300013922;13;1;9;1100;1;2;1;1.0;6;55;153, CHE DE CHATEAU GOMB;M;4334304.0;542060.0;130
12558;201300013923;13;1;9;700;1;2;1;1.0;2;55;166, BD DE PLOMBIERES;M;4331862.0;537961.0;130
12559;201300013924;13;11;21;1800;5;2;1;1.0;2;55;AVE DE LA CROIX ROUGE;;;;130
12560;201300013925;13;12;2;1500;1;2;1;1.0;2;55;17, AVE DU GENERAL LECLE;M;4330428.0;537677.0;130
12561;201300013926;13;12;24;1345;1;2;3;1.0;3;55;22, RPT JEAN MOULIN BD B;M;4329015.0;539991.0;130
12562;201300013927;13;12;18;2030;4;2;1;1.0;7;55;36, AVE DU PRADO;M;4328375.0;538495.0;130
12563;201300013928;13;7;8;1910;1;2;1;1.0;7;55;16, CHE JOSEPH AIGUIER;M;4325654.0;540448.0;130
12564;201300013929;13;10;16;1645;1;2;1;1.0;3;55;CV DE MORGIOU;M;4323468.0;541137.0;130
12565;201300013930;13;1;21;2008;5;2;1;1.0;2;55;63b, BD DU SABLIER;M;4325105.0;538226.0;130
12566;201300013931;13;11;27;1950;5;2;1;1.0;3;55;179, BD ROMAIN ROLLAND;M;4327577.0;541713.0;130
12567;201300013932;13;1;8;1500;1;2;3;1.0;3;55;204, BD. MICHELET;M;4326375.0;539624.0;130
12568;201300013933;13;12;3;930;1;2;1;1.0;2;55;138, AVE PIERRE MENDES F;M;4325489.0;537631.0;130
12569;201300013934;13;12;24;2030;5;2;2;1.0;3;55;61, RUE DE TILSIT;M;4329058.0;538750.0;130
12570;201300013935;13;1;9;1100;1;2;1;1.0;6;55;111, RTE DE LA VALENTINE;M;4329076.0;547362.0;130
12571;201300013936;13;1;11;1045;1;2;1;1.0;2;55;189, CHE DE NOTRE DAME D;M;4333771.0;543228.0;130
12572;201300013937;13;11;7;1345;1;2;1;1.0;6;55;BD DU SABLIER;M;4324996.0;538190.0;130
12573;201300013938;13;1;9;2000;5;2;1;1.0;6;55;00, BD CAMILLE FLAMMARIO;;;;130
12574;201300013939;13;11;29;620;5;2;1;1.0;6;55;132, RUE PIERRE DOIZE;M;4327559.0;542624.0;130
12575;201300013940;13;1;4;1745;2;2;1;1.0;4;55;77, CHE DES BOURRELY;M;4338135.0;536320.0;130
12576;201300013941;13;12;13;845;1;1;1;1.0;3;55;303, AVE DES POILUS;M;4331571.0;546145.0;130
12577;201300013942;13;12;15;1145;1;2;1;1.0;2;55;164, AVE DE LA MADRAGUE;M;4323239.0;535598.0;130
12578;201300013943;13;12;16;1130;1;2;1;1.0;6;55;RUE MIGNARD;M;4326203.0;540084.0;130
12579;201300013944;13;12;19;2110;5;2;1;3.0;6;55;22, RUE NEGRESKO;M;4326965.0;539025.0;130
12580;201300013945;13;12;21;1050;1;2;1;2.0;2;55;165, AVE DU PRADO;M;4327843.0;538813.0;130
12581;201300013946;13;12;21;1330;1;2;1;1.0;2;55;., PRK ANDR? BARDON/FLOR;M;4328334.0;542698.0;130
12582;201300013947;13;1;23;520;5;2;1;1.0;7;55;AVE ALEXANDRE FLEMING;;;;130
12583;201300013948;13;1;11;840;1;2;4;1.0;1;55;54, AVE DE SAINT JEAN;M;4329680.0;536694.0;130
12584;201300013949;13;12;23;1830;5;2;6;1.0;6;55;RPT PERE WRESINKI;M;4333036.0;541013.0;130
12585;201300013950;13;11;21;720;2;2;1;3.0;6;55;33, AVE ELLEON;M;4328478.0;544244.0;130
12586;201300013951;13;1;9;745;2;2;1;1.0;1;55;231, BD DE SAINT LOUP;M;4328523.0;544082.0;130
12587;201300013952;13;12;26;1245;1;2;5;6.0;3;55;1, AUT DU LITTORAL A55 M;;;;130