;Num_Acc;an;mois;jour;hrmn;lum;agg;int;atm;col;com;adr;gps;lat;long;dep
12588;201300013953;13;12;11;530;2;2;6;1.0;3;55;1, RPT ALBERT EINSTEIN /;M;4334290.0;544570.0;130
12589;201300013954;13;1;8;745;1;2;1;1.0;3;75;6, L'ENJOLRAS (AVE DE);M;4333719.0;545250.0;130
12590;201300013955;13;1;10;915;1;2;6;7.0;6;55;RUE JEAN QUEILLAU;M;4333685.0;538571.0;130
12591;201300013956;13;11;29;1905;5;2;1;1.0;1;55;234, RUE CHARLES KADDOUZ;M;4331811.0;543910.0;130
12592;201300013957;13;12;10;1840;5;2;1;1.0;6;55;00, VOI LA CANEBIERE;;;;130
12593;201300013958;13;12;10;2030;5;2;1;1.0;6;55;00, VOI LA CANEBIERE;;;;130
12594;201300013959;13;1;4;1700;1;2;1;1.0;6;55;00, TRA DU MAROC;;;;130
12595;201300013960;13;10;5;915;1;2;1;1.0;6;55;32, RUE PARADIS;M;4329330.0;537685.0;130
12596;201300013961;13;1;3;1850;5;2;1;1.0;2;55;00, AVE JEAN PAUL SARTRE;;;;130
12597;201300013962;13;1;15;1230;1;2;1;8.0;3;55;58, BD DU CAPITAINE GEZE;M;4333109.0;537335.0;130
12598;201300013963;13;1;10;1730;2;2;1;1.0;6;55;108, AVE JULES CANTINI;M;4328131.0;539214.0;130
12599;201300013964;13;10;29;2300;5;2;1;1.0;3;55;AVE ALEXANDRE FLEMING;;;;130
12600;201300013965;13;1;23;1900;5;2;1;1.0;6;55;59, BD DE STRASBOURG;M;4330858.0;537762.0;130
12601;201300013966;13;1;6;1350;1;2;3;1.0;5;75;94, FREDERIC MISTRAL (AV;M;4335114.0;547186.0;130
12602;201300013967;13;1;3;1900;5;2;2;1.0;3;55;4, BD DE LA LIBERTE;M;4330081.0;538164.0;130
12603;201300013969;13;4;11;1100;1;2;1;1.0;6;55;262, AVE DES POILUS;M;4331740.0;546035.0;130
12604;201300013970;13;1;19;1815;2;2;1;1.0;6;55;15, RUE JEAN QUEILLAU;;;;130
12605;201300013971;13;12;20;2030;5;2;1;1.0;6;55;0, BD NATIONAL;;;;130
12606;201300013972;13;12;29;1705;2;2;1;1.0;6;55;252, BD CHAVE;M;4329581.0;540120.0;130
12607;201300013973;13;12;5;820;1;2;1;1.0;6;55;00, AVE DE VALDONNE;;;;130
12608;201300013974;13;1;3;1305;1;1;1;1.0;3;55;CHE DU LITTORAL;;;;130
12609;201300013975;13;12;19;1230;1;2;1;1.0;6;55;07, PCE EDMOND AUDRAN;M;4330979.0;540141.0;130
12610;201300013976;13;1;16;1700;2;2;1;1.0;3;55;0, CHE DE SAINT ANTOINE;;;;130
12611;201300013977;13;1;3;1610;1;2;1;1.0;7;55;TRA DE GIBBES;;;;130
12612;201300013979;13;12;6;920;1;2;3;1.0;3;55;2, CV DES BESSONS;M;4333896.0;539234.0;130
12613;201300013980;13;12;31;1045;1;2;1;1.0;3;55;73, CHE DES BOURRELY;M;4338113.0;536304.0;130
12614;201300013981;13;1;25;2120;5;2;1;1.0;6;55;67, AVE DE LA FOURRAGERE;M;4330026.0;543067.0;130
12615;201300013982;13;9;20;1215;1;2;1;1.0;6;55;42, BD CAMILLE FLAMMARIO;M;4330539.0;539168.0;130
12616;201300013983;13;1;6;1505;1;2;1;1.0;3;55;80, AVE DES ROCHES;M;4327975.0;536355.0;130
12617;201300013984;13;1;6;1900;5;2;1;1.0;6;55;24, AVE DU PRADO;M;4328430.0;538466.0;130
12618;201300013985;13;12;29;1320;1;2;3;1.0;3;55;347, AVE DE SAINT ANTOIN;M;4338024.0;535742.0;130
12619;201300013986;13;1;20;1520;1;2;1;1.0;6;55;01, AVE DES OLIVES;M;4332984.0;542952.0;130
12620;201300013988;13;5;2;715;1;2;1;1.0;3;55;62, RUE GEORGE;M;4329594.0;539786.0;130
12621;201300013989;13;9;30;1150;1;2;1;1.0;3;55;BD JEAN MOULIN;;;;130
12622;201300013990;13;10;4;1355;1;2;1;1.0;2;55;95, BD SAKAKINI;M;4329397.0;540158.0;130
12623;201300013991;13;12;27;750;1;2;3;1.0;3;55;35, AVE DE LA POINTE ROU;M;4324797.0;537481.0;130
12624;201300013993;13;1;23;915;1;1;1;3.0;6;55;RTE LEON LACHAMP;;;;130
12625;201300013994;13;1;7;1230;1;2;1;1.0;4;55;COR PRESIDENT JOHN F KEN;;;;130
12626;201300013995;13;1;22;1050;1;1;1;1.0;2;55;217, RUE DE ROME;M;4328656.0;538338.0;130
12627;201300013996;13;1;18;820;1;2;1;1.0;6;55;21, RUE DES ORGUES;M;4329987.0;539965.0;130
12628;201300013998;13;1;22;2015;5;2;1;1.0;2;55;89, AVE CLOT BEY;M;4325849.0;538383.0;130
12629;201300013999;13;1;23;1230;1;2;1;2.0;2;55;268, BD HENRI BARNIER;M;4336813.0;534432.0;130
12630;201300014000;13;1;26;1530;1;2;1;1.0;1;55;RUE KRUGER;;;;130
12631;201300014001;13;1;6;710;5;2;1;1.0;7;55;BD JEAN MOULIN;;;;130
12632;201300014002;13;1;8;800;1;2;1;1.0;6;55;00, ESC GARE SAINT CHARL;M;4330204.0;538192.0;130
12633;201300014004;13;9;24;1155;1;2;1;1.0;3;55;20, RUE ALBERT EINSTEIN;M;4333729.0;543547.0;130
12634;201300014005;13;1;19;1845;5;2;1;2.0;6;55;1, TRA DE LA MONTRE;M;4329122.0;547302.0;130
12635;201300014006;13;1;23;1115;1;2;1;2.0;3;55;28, BD DU CABOT;M;4325933.0;541661.0;130
12636;201300014007;13;1;9;1400;1;2;1;1.0;6;55;140, CHE DE LA COLLINE S;M;4325269.0;542022.0;130
12637;201300014008;13;12;23;2030;5;2;1;1.0;2;55;43, AVE DES OLIVES;M;4332895.0;543138.0;130
12638;201300014009;13;1;15;1415;1;2;3;1.0;2;55;73, Bd de SAINT MARCEL;M;4328880.0;546138.0;130
12639;201300014010;13;10;23;2100;5;2;1;1.0;6;55;PCE MARCEAU;M;4330504.0;537292.0;130
12640;201300014011;13;1;10;800;1;2;1;1.0;6;55;BD DE L' HUVEAUNE;;;;130
12641;201300014012;13;1;9;740;2;2;1;1.0;6;55;73, BD RABATAU;M;4327570.0;539632.0;130
12642;201300014013;13;1;8;1340;1;2;1;1.0;3;55;280, BD MICHELET;M;4325922.0;539887.0;130
12643;201300014014;13;1;2;930;1;2;1;1.0;2;55;AVE DE LATTRE DE TASSIGN;;;;130
12644;201300014015;13;1;30;1305;1;2;1;1.0;6;55;6A, RUE ARMENY;M;4329081.0;537941.0;130
12645;201300014016;13;1;7;1750;5;2;1;1.0;3;55;73, TRA DE LA GAYE;M;4325797.0;540863.0;130
12646;201300014017;13;1;21;745;1;2;1;1.0;3;55;CHE DE LA PARETTE;;;;130
12647;201300014018;13;8;3;2100;2;2;1;1.0;6;55;00, BD DU CAPITAINE GEZE;;;;130
12648;201300014020;13;1;12;1200;1;1;1;1.0;3;55;RTE LEON LACHAMP;;;;130
12649;201300014021;13;11;29;1630;1;2;1;1.0;6;55;343, BD DE SAINTE MARGUE;M;4326132.0;541488.0;130
12650;201300014022;13;1;19;2020;5;2;1;3.0;4;55;23, AVE DE SAINT MENET;M;4328926.0;549717.0;130
12651;201300014025;13;10;22;1430;1;2;1;1.0;7;55;263, AVE DE LA CAPELETTE;M;4327911.0;541247.0;130
12652;201300014026;13;1;31;1045;1;2;1;1.0;6;55;12, BD DE PARIS;M;4330583.0;537248.0;130
12653;201300014027;13;1;16;1150;1;2;1;1.0;6;55;121, RUE CHARLES KADDOUZ;M;4331377.0;543185.0;130
12654;201300014028;13;1;3;810;1;2;1;1.0;3;55;38, AVE JEAN LOMBARD;M;4328893.0;542889.0;130
12655;201300014029;13;1;2;1150;1;2;3;1.0;3;55;336, AVE DE MAZARGUES;M;4325914.0;539417.0;130
12656;201300014030;13;10;2;1130;1;2;1;1.0;2;55;RUE SAINTE BARBE;M;4330091.0;537418.0;130
12657;201300014031;13;10;10;1400;1;2;1;1.0;6;55;56, RUE ANTOINE DEL BELL;M;4328119.0;541191.0;130
12658;201300014032;13;12;22;130;5;2;1;1.0;6;55;00, AVE ESCADRILLE NORMA;;;;130
12659;201300014033;13;1;31;2336;5;2;3;1.0;7;55;76, AVE DES CHARTREUX;M;4330539.0;539932.0;130
12660;201300014034;13;3;11;1200;1;2;1;1.0;3;55;PGE DE L' ESTAQUE;;;;130
12661;201300014035;13;12;26;1630;1;2;1;1.0;5;55;274, VOL CHE DU LITTORAL;M;4334057.0;534840.0;130
12662;201300014036;13;1;5;30;5;2;1;1.0;2;55;2, BD DE LA LIBERATION G;M;4329931.0;538619.0;130
12663;201300014037;13;1;17;1155;1;2;1;1.0;6;55;00, BD DE PLOMBIERES AER;;;;130
12664;201300014038;13;1;13;1820;5;2;1;1.0;2;55;RPT PERE WRESINKI;;;;130
12665;201300014039;13;11;28;830;1;2;1;1.0;4;55;1, CHE HENRI BEYLE;M;4335057.0;535872.0;130
12666;201300014040;13;1;19;1830;5;2;1;1.0;2;55;00, BD MICHELET;;;;130
12667;201300014041;13;1;18;550;5;2;1;9.0;6;55;148, AVE PIERRE MENDES F;M;4325477.0;537627.0;130
12668;201300014043;13;1;17;1415;1;2;1;1.0;2;55;225, BD PAUL CLAUDEL;M;4326927.0;542082.0;130
12669;201300014044;13;1;3;130;5;2;1;1.0;3;55;AVE JULES CANTINI;;;;130
12670;201300014046;13;6;30;1545;1;2;1;1.0;1;55;302, BD DE SAINT MARCEL;M;4328626.0;547322.0;130
12671;201300014047;13;1;21;1500;1;2;1;1.0;3;55;25, BD DE SAINT MARCEL;M;4328874.0;545834.0;130
12672;201300014048;13;1;15;1220;1;2;1;1.0;2;55;49, BD CHARLES MORETTI;M;4332362.0;538481.0;130
12673;201300014049;13;12;15;1630;2;1;1;1.0;1;55;D559, RTE LEON LACHAMP;;;;130
12674;201300014050;13;1;28;1400;1;2;1;1.0;6;55;19, BD DUGOMMIER;M;4329854.0;538091.0;130
12675;201300014051;13;1;29;945;1;2;1;1.0;3;55;90, BD SAKAKINI;M;4329457.0;540125.0;130
12676;201300014052;13;1;23;1115;1;2;1;2.0;2;2;7, PAUL (BOULEVARD);M;4333976.0;548207.0;130
12677;201300014053;13;11;19;730;5;1;1;3.0;6;55;301, CHE DE CHATEAU GOMB;M;4334992.0;543155.0;130
12678;201300014054;13;1;10;1600;2;2;3;1.0;3;55;R NEGRESKO;M;4327036.0;539252.0;130
12679;201300014055;13;1;23;2230;5;2;1;2.0;1;55;38, AVE DE LA VISTE;M;4335561.0;535733.0;130
12680;201300014056;13;1;24;1630;1;2;1;1.0;6;55;102, BD DANIELLE CASANOV;M;4332533.0;537402.0;130
12681;201300014057;13;1;24;800;1;2;1;1.0;6;55;185, RUE DE ROME;M;4328768.0;538277.0;130
12682;201300014058;13;1;24;1050;1;2;1;1.0;7;55;33, BD DU MARECHAL JUIN;M;4331174.0;540380.0;130
12683;201300014059;13;1;24;557;5;2;1;1.0;6;55;00, AVE DU PRADO;;;;130
12684;201300014060;13;1;24;1630;1;2;1;1.0;6;55;00, BD ROMAIN ROLLAND;;;;130
12685;201300014061;13;1;31;1500;1;2;1;1.0;6;55;38, AVE PROSPER MERIMEE;M;4333043.0;540436.0;130
12686;201300014062;13;5;22;1840;1;2;1;1.0;2;55;167, BD RABATAU;M;4328090.0;539945.0;130
12687;201300014063;13;1;29;1635;1;2;1;1.0;6;55;12, BD AMEDEE AUTRAN;M;4328191.0;536675.0;130
12688;201300014064;13;1;17;1700;1;2;3;1.0;3;55;54, AVE DE MONTOLIVET;M;4330849.0;540384.0;130
12689;201300014065;13;1;15;1430;1;2;1;8.0;2;55;37, CRS PIERRE PUGET;M;4329034.0;537500.0;130
12690;201300014066;13;1;10;830;1;2;1;1.0;3;55;02, BD BAILLE;M;4328601.0;538406.0;130
12691;201300014067;13;1;19;1330;1;2;3;1.0;6;55;14, AVE DE LA CORSE;M;4328966.0;536526.0;130
12692;201300014068;13;1;4;1930;5;2;1;1.0;2;55;344, VSN MICHELET CONTRE;M;4325786.0;539932.0;130
12693;201300014069;13;1;19;1100;1;2;1;1.0;6;55;133, AVE DE LA VISTE;M;4335999.0;535756.0;130
12694;201300014070;13;1;22;1815;5;2;3;1.0;3;55;39, AVE DU VALLON D' OL;M;4338545.0;536430.0;130
12695;201300014071;13;1;10;1400;1;2;3;1.0;3;55;BD DES VOLUBILIS;M;4324788.0;538387.0;130
12696;201300014072;13;12;16;1800;5;2;1;1.0;3;55;135, CHE SAINT JEAN DU D;M;4329411.0;541240.0;130
12697;201300014073;13;1;18;1215;1;2;1;1.0;6;55;17, RUE COLBERT;M;4329928.0;537383.0;130
12698;201300014074;13;1;10;1400;1;2;2;1.0;6;55;89, RUE DU BERCEAU;M;4328569.0;539619.0;130
12699;201300014075;13;1;13;1850;2;2;1;1.0;2;55;01, AVE DU PRADO;M;4328558.0;538432.0;130
12700;201300014076;13;1;8;1200;1;2;1;1.0;5;55;145, BD BAILLE;M;4328939.0;539656.0;130
12701;201300014077;13;2;26;1205;1;2;1;1.0;3;55;BD ODDO;;;;130
12702;201300014078;13;1;26;1700;1;2;1;1.0;6;55;166, AVE DE HAMBOURG;M;4324694.0;539352.0;130
12703;201300014079;13;1;16;1540;1;2;1;1.0;6;55;12, BD JEAN MOULIN;M;4328616.0;539896.0;130
12704;201300014080;13;2;2;140;5;2;1;2.0;6;55;114, AVE DE LA VISTE;M;4335898.0;535765.0;130
12705;201300014081;13;2;1;1300;1;2;1;1.0;6;55;10, BD FERDINAND DE LESS;M;4331944.0;537006.0;130
12706;201300014082;13;1;28;1630;1;2;1;1.0;3;55;15, CHE DU LANCIER;M;4324796.0;539712.0;130
12707;201300014083;13;6;28;2040;2;2;1;1.0;6;55;202, AVE DES CHARTREUX;M;4331160.0;540117.0;130
12708;201300014085;13;1;2;1620;1;2;1;1.0;4;55;83, BD PERIER;M;4327881.0;538149.0;130
12709;201300014086;13;12;13;1830;5;2;1;8.0;6;55;39, RUE AUGUSTIN AUBERT;M;4326779.0;540249.0;130
12710;201300014087;13;1;8;1330;1;2;1;1.0;7;55;AVE DES PEINTRES ROUX;;;;130
12711;201300014088;13;12;15;1400;1;2;1;1.0;4;55;64, AVE D' HAIFA;M;4325111.0;538990.0;130
12712;201300014089;13;1;8;1600;1;2;1;1.0;6;55;181, AVE DE MONTOLIVET;M;4331224.0;541134.0;130
12713;201300014090;13;12;19;845;1;2;1;2.0;3;55;151, BD PAUL CLAUDEL;M;4326820.0;541584.0;130
12714;201300014091;13;1;16;1600;1;2;6;1.0;3;55;1, RPT DES COLIBRIS;M;4332861.0;543311.0;130
12715;201300014092;13;8;12;1645;1;2;1;1.0;3;55;148, BD FERNAND BONNEFOY;M;4327985.0;540002.0;130
12716;201300014093;13;1;23;2150;5;2;1;1.0;7;55;COR PRESIDENT JOHN F KEN;;;;130
12717;201300014094;13;1;21;1355;1;2;1;1.0;3;55;19, RUE D' ORANGE;M;4331305.0;538630.0;130
12718;201300014095;13;1;26;1800;2;2;1;1.0;2;55;00, BD HENRI BARNIER;;;;130
12719;201300014096;13;8;12;2215;5;2;1;1.0;6;55;156, BD BAILLE;M;4328848.0;539336.0;130
12720;201300014097;13;1;17;1110;1;2;1;1.0;3;55;RUE JACQUES PICON;;;;130
12721;201300014098;13;12;5;1400;1;2;3;1.0;3;75;146, F*MISTRAL (AV);M;4335188.0;547593.0;130
12722;201300014099;13;2;1;845;1;2;1;1.0;6;55;PIERRE CHEVALIER (RUE);;;;130
12723;201300014100;13;1;16;1130;1;2;1;1.0;3;55;329, AVE DE SAINT ANTOIN;M;4337893.0;535697.0;130
12724;201300014101;13;1;24;2045;5;2;1;1.0;3;55;73, AVE ALEXANDRE ANSALD;M;4333086.0;540441.0;130
12725;201300014102;13;1;30;1630;1;2;1;1.0;6;55;285, CHE DE CHATEAU GOMB;M;4334859.0;543051.0;130
12726;201300014103;13;1;4;705;5;2;1;1.0;2;55;163, BD RABATAU;M;4328201.0;539952.0;130
12727;201300014104;13;1;2;1330;1;2;2;1.0;6;55;0, TRA DE LA MONTRE;M;4329435.0;548031.0;130
12728;201300014105;13;2;3;2130;5;2;9;1.0;3;55;RUE DE FRIEDLAND;M;4328679.0;538688.0;130
12729;201300014106;13;1;28;1220;1;2;1;6.0;5;55;197, AVE PIERRE MENDES F;M;4325186.0;537569.0;130
12730;201300014107;13;1;24;1330;1;2;1;1.0;2;55;245, AVE DE MAZARGUES;M;4326350.0;539260.0;130
12731;201300014108;13;1;28;820;1;2;2;1.0;6;55;12, RUE DE FORBIN;M;4330621.0;537227.0;130
12732;201300014109;13;2;4;1700;1;2;1;1.0;6;55;122, RUE SAINT JEAN DU D;M;4329557.0;543332.0;130
12733;201300014111;13;1;30;1620;1;2;1;1.0;3;55;29, TRA DE CHANTE PERDRI;M;4327374.0;543556.0;130
12734;201300014112;13;2;1;1100;1;2;1;1.0;4;55;99, BD DE LA POMME;M;4329340.0;545149.0;130
12735;201300014113;13;1;24;1220;1;2;4;1.0;6;55;155, RTE DES CAMOINS;M;4329966.0;550138.0;130
12736;201300014114;13;1;14;1810;1;2;1;1.0;6;55;63, RUE RAYMOND TEISSEIR;M;4327165.0;540008.0;130
12737;201300014115;13;1;10;1130;1;2;1;1.0;3;55;53, AVE DE SAINT BARNABE;M;4330415.0;541161.0;130
12738;201300014116;13;1;26;2030;5;2;1;1.0;3;55;163, VSN SAINT MARCEL (B;M;4328767.0;546474.0;130
12739;201300014119;13;1;29;1630;1;2;1;1.0;6;55;120, BD ROMAIN ROLLAND;M;4327765.0;542057.0;130
12740;201300014120;13;1;25;1615;1;2;1;1.0;3;55;230, CV DE MORGIOU;M;4323451.0;541152.0;130
12741;201300014121;13;1;29;1620;1;2;1;1.0;2;55;3, BD FRANCOISE DUPARC;M;4330084.0;540080.0;130
12742;201300014122;13;1;24;1500;1;2;1;1.0;6;55;12, ALL TURCAT MERY;M;4328064.0;538796.0;130
12743;201300014123;13;2;3;2040;5;2;1;1.0;6;55;45, RUE SAINTE SOPHIE;M;4330813.0;540401.0;130
12744;201300014124;13;1;1;1955;5;2;3;2.0;3;55;276, BD DE SAINT LOUP;M;4328524.0;544083.0;130
12745;201300014125;13;1;31;1215;1;2;1;1.0;6;55;RUE SAINT PIERRE;;;;130
12746;201300014126;13;1;7;1845;5;2;1;1.0;6;55;00, BD ROMAIN ROLLAND;;;;130
12747;201300014127;13;11;28;730;1;2;1;1.0;3;55;206, BD CHAVE;M;4329563.0;539807.0;130
12748;201300014128;13;1;24;1410;1;2;1;1.0;6;55;58, AVE JULES CANTINI;M;4328317.0;538868.0;130
12749;201300014130;13;1;24;2000;5;2;1;1.0;2;55;00, BD DE SEVIGNE;;;;130
12750;201300014131;13;1;29;1100;1;2;1;1.0;6;55;00, AVE ANDRE ROUSSIN;;;;130
12751;201300014133;13;1;25;830;1;2;3;1.0;3;55;AVE DU MARCHE NATIONAL;M;4334110.0;537748.0;130
12752;201300014134;13;1;29;1000;1;2;1;1.0;6;55;AVE DES ARNAVAUX;;;;130
12753;201300014135;13;1;11;1315;1;2;1;1.0;6;55;0, RUE JEAN QUEILLAU;;;;130
12754;201300014136;13;1;19;1350;1;2;1;1.0;2;55;183, AVE DES OLIVES;M;4332570.0;544111.0;130
12755;201300014137;13;2;12;1620;1;2;1;1.0;3;55;165, BD DES LIBERATEURS;M;4330317.0;545497.0;130
12756;201300014138;13;2;12;2000;5;2;1;1.0;2;55;130, RUE DE LODI;M;4328717.0;538922.0;130
12757;201300014139;13;1;17;1130;1;2;2;1.0;3;55;RUE DRAGON;M;4328777.0;537829.0;130
12758;201300014140;13;1;19;2020;5;2;1;2.0;6;55;12, CRS JEAN BALLARD;M;4329295.0;537471.0;130
12759;201300014141;13;2;4;1430;1;2;1;1.0;6;55;AVE ROBERT SCHUMAN;;;;130
12760;201300014142;13;1;3;1530;1;2;2;1.0;6;55;94, RUE DE LA LOUBIERE;M;4328975.0;539067.0;130
12761;201300014143;13;1;9;2100;5;2;1;1.0;2;55;19, BD SAKAKINI;M;4329795.0;540091.0;130
12762;201300014144;13;1;3;1620;5;2;1;1.0;2;55;52, RUE EDMOND ROSTAND;M;4328665.0;538101.0;130
12763;201300014145;13;1;9;2225;5;2;1;1.0;7;55;49, RUE DES FABRES;M;4329631.0;537581.0;130
12764;201300014146;13;2;3;125;5;2;9;6.0;3;55;11, BD D ATHENES;M;4329921.0;538083.0;130
12765;201300014147;13;2;5;815;1;2;1;1.0;3;55;50, AVE DE LA CORSE;M;4328908.0;536174.0;130
12766;201300014148;13;1;14;1115;1;2;1;1.0;6;55;91, RUE DE LODI;M;4328838.0;538816.0;130
12767;201300014149;13;4;6;130;5;2;1;1.0;6;55;241, AVE DE SAINT LOUIS;M;4335201.0;535802.0;130
12768;201300014150;13;5;9;2200;5;2;1;1.0;2;55;108, AVE DE LA VISTE;M;4335880.0;535764.0;130
12769;201300014151;13;2;15;345;5;2;1;1.0;1;55;283, BD MICHELET;M;4325936.0;539871.0;130
12770;201300014152;13;4;15;1100;1;2;1;1.0;6;55;PRO DU GRAND LARGE;M;4323817.0;536224.0;130
12771;201300014153;13;2;4;2200;5;2;2;1.0;3;55;96, BD DES DAMES;M;4330309.0;536667.0;130
12772;201300014154;13;2;4;1410;1;2;1;6.0;6;55;453, CHE DE LA MADRAGUE;M;4334186.0;535220.0;130
12773;201300014155;13;12;20;1845;5;2;1;2.0;6;55;.., AVE DE MONTOLIVET;;;;130
12774;201300014156;13;1;29;1650;1;2;1;1.0;6;55;16, RUE D' ORANGE;M;4331277.0;538635.0;130
12775;201300014157;13;1;31;1345;1;2;1;1.0;6;55;58, AVE DES ROCHES;M;4328004.0;536529.0;130
12776;201300014158;13;7;12;1200;1;1;1;1.0;7;55;VOL ENTREE N 3 PORT POIN;M;4324202.0;536395.0;130
12777;201300014159;13;1;23;1015;1;2;1;8.0;4;55;27, AVE DE LA CORSE;M;4328942.0;536391.0;130
12778;201300014160;13;1;30;1530;1;2;3;1.0;1;55;46, BD DE LA FEDERATION;M;4331217.0;540277.0;130
12779;201300014161;13;1;1;2225;5;2;2;2.0;3;55;BD DE PLOMBIERES;M;4331523.0;538720.0;130
12780;201300014163;13;1;29;1100;1;2;1;2.0;2;55;22, BD DE LA LIBERTE;M;4330090.0;538224.0;130
12781;201300014164;13;2;4;1455;1;2;1;1.0;4;55;45, CHE DE SAINT ANTOINE;M;4337130.0;535879.0;130
12782;201300014165;13;8;19;1210;1;2;1;1.0;4;55;137, BD ROMAIN ROLLAND;M;4327675.0;541888.0;130
12783;201300014166;13;1;21;800;1;2;1;1.0;6;55;111, RUE ALBERT EINSTEIN;M;4333871.0;543720.0;130
12784;201300014167;13;10;23;1500;1;2;1;1.0;3;55;84, BD BOUYALA D' ARNAUD;M;4329867.0;543975.0;130
12785;201300014168;13;2;10;2030;5;2;1;2.0;3;55;152, AVE DE FRAIS VALLON;M;4332469.0;543513.0;130
12786;201300014169;13;2;11;842;1;2;1;2.0;2;55;70, AVE DES OLIVES;M;4332810.0;543466.0;130
12787;201300014170;13;2;6;915;1;2;1;1.0;2;55;20, AVE DE LA VISTE;M;4335473.0;535721.0;130
12788;201300014171;13;4;27;1215;1;2;2;1.0;3;55;34, RUE DE FORBIN;M;4330535.0;536937.0;130
12789;201300014172;13;2;18;1300;1;2;3;1.0;7;55;46, AV CESAR BOY;M;4329585.0;548225.0;130
12790;201300014174;13;2;11;1700;1;2;1;1.0;3;55;51, BD PIERRE DRAMARD;M;4337738.0;536065.0;130
12791;201300014175;13;2;8;1300;1;2;1;1.0;1;55;278, CHE DE SAINT ANTOIN;M;4336364.0;536118.0;130
12792;201300014176;13;1;21;1800;4;2;1;1.0;7;55;669, CHE DU LITTORAL;M;4335624.0;532754.0;130
12793;201300014177;13;2;5;1240;1;2;1;1.0;2;55;251, BD ROMAIN ROLLAND;M;4327378.0;541394.0;130
12794;201300014178;13;1;7;2110;5;2;3;1.0;3;55;220, RUE CHARLES KADDOUZ;M;4331753.0;543849.0;130
12795;201300014179;13;2;7;1015;1;2;6;1.0;6;75;1, GENERAL DE GAULLE (MA;M;4334541.0;546474.0;130
12796;201300014180;13;2;6;810;1;2;1;1.0;6;55;1, RPT ANDRE ROUSSIN CON;M;4335383.0;533812.0;130
12797;201300014181;13;2;11;1900;5;2;1;1.0;1;55;358, RUE PARADIS;M;4327849.0;538312.0;130
12798;201300014182;13;2;7;845;1;2;1;1.0;6;55;140, CHE DE SAINT JOSEPH;M;4332576.0;538804.0;130
12799;201300014183;13;2;2;900;1;2;1;1.0;3;55;100, TRA DE LA MALVINA;M;4332029.0;546097.0;130
12800;201300014184;13;4;9;1815;1;2;1;1.0;3;55;20, BD RABATAU;M;4327244.0;539192.0;130
12801;201300014185;13;2;6;1000;1;2;1;1.0;3;55;171, BD MIREILLE LAUZE;M;4328364.0;541754.0;130
12802;201300014186;13;12;30;1615;1;2;1;1.0;6;55;42, RUE CONSOLAT;M;4330018.0;538745.0;130
12803;201300014188;13;1;2;1905;5;2;1;1.0;3;55;27, BD LOUIS BOTINELLY;M;4330132.0;540460.0;130
12804;201300014191;13;1;10;1415;1;2;3;1.0;3;55;17, AVE ALEXANDRE ANSALD;M;4333225.0;540409.0;130
12805;201300014193;13;2;12;1315;1;2;1;1.0;5;55;10, BD LAVERAN;M;4332782.0;541376.0;130
12806;201300014194;13;1;26;1330;1;2;1;1.0;6;55;32, RUE DE LA JOLIETTE;M;4330244.0;537263.0;130
12807;201300014195;13;12;20;2000;5;2;1;9.0;6;55;BD NATIONAL;;;;130
12808;201300014196;13;9;25;945;1;2;1;1.0;2;55;10, BD LAVERAN;M;4332782.0;541376.0;130
12809;201300014197;13;1;29;1930;5;2;1;1.0;6;55;00, AVE DE LA CROIX ROUG;;;;130
12810;201300014199;13;2;20;550;5;2;2;1.0;3;55;8, RUE BERNEX;M;4330061.0;538838.0;130
12811;201300014200;13;12;19;730;2;2;2;1.0;3;55;00, AVE BENJAMIN DELESSE;M;4328234.0;540513.0;130
12812;201300014201;13;2;20;1115;1;2;2;1.0;3;55;AVE DU MARCHE NATIONAL;M;4334048.0;537856.0;130
12813;201300014202;13;2;3;615;2;2;1;1.0;7;55;RPT PROFESSEUR HENRI GAS;M;4326156.0;541433.0;130
12814;201300014203;13;1;2;1750;5;2;1;1.0;1;55;RUE LE CHATELIER;;;;130
12815;201300014204;13;2;13;1720;1;2;1;1.0;3;55;1, BD DU CAPITAINE GEZE;M;4333026.0;536996.0;130
12816;201300014205;13;2;7;1030;1;2;1;1.0;6;55;QAI D ARENC;;;;130
12817;201300014206;13;2;6;1550;1;2;3;1.0;3;55;51 Avenue Alexandre Duma;M;4326300.0;538844.0;130
12818;201300014207;13;2;2;1530;1;2;2;1.0;3;55;6, RUE DIEUDE;M;4329241.0;538214.0;130
12819;201300014208;13;12;9;905;1;2;1;1.0;6;55;53, BD CAMILLE FLAMMARIO;M;4330565.0;539224.0;130
12820;201300014209;13;2;2;1815;5;2;1;6.0;6;55;169, COR PRESIDENT JOHN;M;4328578.0;535083.0;130
12821;201300014210;13;2;11;1700;1;2;2;1.0;3;55;71, AVE DE TOULON;M;4328501.0;538964.0;130
12822;201300014211;13;8;4;1500;1;2;1;1.0;6;55;202, RTE LEON LACHAMP;M;4324851.0;545371.0;130