;Num_Acc;an;mois;jour;hrmn;lum;agg;int;atm;col;com;adr;gps;lat;long;dep
12823;201300014212;13;1;31;1545;1;2;1;1.0;2;55;36, CHE DU ROY D' ESPAGN;;;;130
12824;201300014213;13;2;7;1400;1;2;1;1.0;6;55;AVE SALVADOR ALLENDE;;;;130
12825;201300014214;13;2;7;1900;5;2;1;1.0;3;55;27, BD DE PLOMBIERES;M;4331522.0;538674.0;130
12826;201300014215;13;2;4;1515;1;2;3;1.0;3;55;142, AVE DE LA VISTE;M;4336262.0;535723.0;130
12827;201300014216;13;2;14;1605;1;2;1;1.0;3;75;126, FREDERIC MISTRAL (A;M;4335177.0;547348.0;130
12828;201300014217;13;1;19;45;5;2;1;1.0;6;55;1, CRS JEAN BALLARD;M;4329388.0;537428.0;130
12829;201300014218;13;2;3;1645;1;2;3;1.0;3;55;35 bis, AVE DES CHUTES L;M;4331481.0;539765.0;130
12830;201300014219;13;1;18;1815;5;2;1;1.0;6;55;355, AVE DU PRADO;M;4327032.0;538792.0;130
12831;201300014220;13;2;8;1255;1;2;1;1.0;2;55;9, RUE ROGER RENZO;M;4327878.0;539378.0;130
12832;201300014221;13;1;29;1700;1;2;1;1.0;3;55;151, VLO GOUFFONE PROLON;;;;130
12833;201300014222;13;2;6;930;1;2;1;1.0;2;55;AVE FLORIAN;;;;130
12834;201300014223;13;2;6;1800;2;2;1;1.0;3;55;., BD PAUL CLAUDEL;;;;130
12835;201300014225;13;2;6;700;1;2;1;1.0;1;55;170, AVE CLOT BEY;M;4325543.0;538222.0;130
12836;201300014227;13;1;26;745;2;2;1;1.0;2;55;00, RUE JACQUES PICON;;;;130
12837;201300014228;13;10;13;720;2;2;1;1.0;6;55;CHE DE LA MADRAGUE VILLE;;;;130
12838;201300014229;13;2;5;2000;5;2;1;1.0;6;55;00, AVE DE SAINT LOUIS;;;;130
12839;201300014232;13;2;20;2345;5;2;1;1.0;1;55;RUE LOUBON;;;;130
12840;201300014233;13;2;6;1845;5;2;1;1.0;3;55;25, RUE DES BERGERS;M;4329139.0;538469.0;130
12841;201300014234;13;2;23;150;5;2;2;1.0;3;55;12, BD SAKAKINI;M;4329880.0;540086.0;130
12842;201300014235;13;2;6;745;1;2;2;1.0;3;55;RUE FARGES;M;4328042.0;538366.0;130
12843;201300014236;13;2;18;600;5;2;1;1.0;3;55;BD SCHLOESING;;;;130
12844;201300014237;13;2;16;1315;1;2;4;1.0;3;55;68, BD LAZER;M;4327829.0;540453.0;130
12845;201300014238;13;3;21;1013;1;2;1;1.0;6;55;10, BD DIE;M;4331763.0;542562.0;130
12846;201300014239;13;1;10;1410;1;2;1;1.0;6;55;87, RUE PARADIS;M;4329028.0;537811.0;130
12847;201300014240;13;10;28;2045;5;2;3;1.0;3;55;137, AVE DE LA CAPELETTE;M;4328117.0;540580.0;130
12848;201300014241;13;1;20;1615;1;2;2;1.0;3;55;81, RUE SAINTE;M;4329150.0;537084.0;130
12849;201300014243;13;2;6;730;1;2;1;1.0;3;55;27, BD JEAN MOULIN;M;4328866.0;540021.0;130
12850;201300014244;13;2;18;1820;2;2;1;1.0;6;55;PCE DE L HOTEL DES POSTE;M;4329906.0;537410.0;130
12851;201300014245;13;2;19;930;1;2;1;1.0;3;55;62, AVE DU MERLAN;M;4333723.0;540740.0;130
12852;201300014246;13;2;7;820;1;2;2;1.0;3;55;94, AVE DE LA CORSE;M;4328935.0;535760.0;130
12853;201300014247;13;2;6;1420;1;2;1;1.0;4;55;0, AVE ALEXANDRE FLEMING;;;;130
12854;201300014248;13;2;6;1150;1;2;1;1.0;6;55;61, BD FRANCOISE DUPARC;M;4330428.0;540095.0;130
12855;201300014249;13;1;12;1220;1;2;1;1.0;3;55;11, CRS JEAN BALLARD;M;4329293.0;537473.0;130
12856;201300014250;13;2;14;2150;5;2;2;1.0;3;55;12, RUE DE LA REPUBLIQUE;M;4329692.0;537363.0;130
12857;201300014251;13;1;31;945;1;2;1;1.0;6;55;38, AVE PROSPER MERIMEE;M;4333042.0;540434.0;130
12858;201300014252;13;2;13;1425;1;2;1;1.0;6;55;5, BD DUGOMMIER;M;4329810.0;538099.0;130
12859;201300014253;13;2;22;2130;5;2;1;1.0;2;55;71, RUE D' ITALIE;M;4328819.0;538330.0;130
12860;201300014254;13;2;22;2130;5;2;1;1.0;6;55;592, RUE SAINT PIERRE;M;4329047.0;542098.0;130
12861;201300014255;13;2;13;1415;1;2;1;1.0;6;55;4, BD SAKAKINI;M;4329945.0;540089.0;130
12862;201300014256;13;2;10;1440;1;2;1;2.0;4;55;147, BD RABATAU;M;4327938.0;539928.0;130
12863;201300014257;13;2;19;740;1;2;1;1.0;2;55;1, BD SCHLOESING;M;4327655.0;539940.0;130
12864;201300014258;13;2;12;540;3;2;1;1.0;6;55;AVE DES POILUS;M;4331613.0;546115.0;130
12865;201300014259;13;2;23;1700;1;1;1;1.0;7;55;PCE DES MALOUINS;M;4336281.0;536721.0;130
12866;201300014260;13;2;4;1340;1;2;1;1.0;6;55;11, BD SCHLOESING;M;4327620.0;539944.0;130
12867;201300014261;13;2;15;850;1;2;1;1.0;3;55;31, RUE AVIATEUR LE BRIX;M;4326146.0;540382.0;130
12868;201300014262;13;1;18;745;2;2;1;1.0;6;55;CHE DES JONQUILLES;;;;130
12869;201300014264;13;2;5;900;1;2;1;1.0;2;55;RPT PIERRE PARAF;M;4333024.0;538841.0;130
12870;201300014266;13;2;21;910;1;2;1;1.0;6;55;1, IMP DE LA BARNIERE;M;4328156.0;540608.0;130
12871;201300014267;13;12;30;1;5;2;2;1.0;3;55;00, BD DE PLOMBIERES;M;4331495.0;538793.0;130
12872;201300014268;13;2;19;1430;1;2;1;1.0;3;55;BD JEAN EUGENE CABASSUD;;;;130
12873;201300014269;13;2;12;840;1;2;1;1.0;6;55;AVE DE LA ROSE;M;4332677.0;542275.0;130
12874;201300014270;13;2;6;1415;1;2;1;1.0;6;55;00, RUE MONTAIGNE;;;;130
12875;201300014271;13;2;16;1320;1;2;1;1.0;2;55;00, CHE DE LA PARETTE;;;;130
12876;201300014272;13;1;18;30;5;2;1;1.0;6;55;00, RUE SAINT PIERRE;;;;130
12877;201300014273;13;2;18;1020;1;2;1;1.0;6;55;00, BD DE LA COMTESSE;;;;130
12878;201300014274;13;2;27;1215;1;2;1;1.0;6;55;52, AVE DE LA VISTE;M;4335672.0;535744.0;130
12879;201300014275;13;2;27;115;5;2;1;1.0;6;55;118, BD DE SAINT LOUP;M;4328290.0;543246.0;130
12880;201300014277;13;2;22;2355;5;2;1;1.0;3;55;41, VOI LA CANEBIERE;M;4329638.0;537767.0;130
12881;201300014278;13;2;24;2040;5;2;3;1.0;3;55;01, RUE BASSE SAINTE PHI;M;4328402.0;538479.0;130
12882;201300014280;13;2;18;1330;1;2;1;1.0;4;55;395, COR PRESIDENT JOHN;M;4327002.0;536577.0;130
12883;201300014281;13;2;8;1130;1;2;1;1.0;2;55;30, ALL LEON GAMBETTA;M;4324597.0;543024.0;130
12884;201300014282;13;1;14;900;1;2;1;1.0;5;55;27, BD JEAN MOULIN;M;4328869.0;540022.0;130
12885;201300014283;13;2;1;840;1;2;1;1.0;1;55;92, BD FRANCOISE DUPARC;M;4330507.0;540100.0;130
12886;201300014284;13;2;16;1640;1;2;2;1.0;3;55;RUE HORACE BERTIN;M;4329578.0;539158.0;130
12887;201300014285;13;2;20;940;1;2;1;1.0;3;55;380, RUE SAINT PIERRE;M;4329157.0;541026.0;130
12888;201300014286;13;2;16;1400;1;2;1;1.0;6;55;06, PCE SADI CARNOT;M;4329954.0;537168.0;130
12889;201300014287;13;2;16;2330;5;2;1;1.0;6;55;152, RUE SAINT PIERRE;M;4329228.0;539645.0;130
12890;201300014288;13;9;29;1255;1;1;6;1.0;6;55;00, RPT DOCTEUR ARTHUR F;M;4324922.0;538689.0;130
12891;201300014289;13;2;28;250;5;2;1;1.0;6;55;157, RUE DE ROME;M;4328882.0;538215.0;130
12892;201300014290;13;2;21;1150;1;2;1;1.0;6;55;AVE DES CHARTREUX;M;4330293.0;539703.0;130
12893;201300014291;13;2;7;1145;1;2;1;1.0;2;55;08, CHE DU VALLON DE TOU;M;4326793.0;541950.0;130
12894;201300014292;13;3;25;130;5;2;3;8.0;6;55;46, BD MERLE;M;4330053.0;541276.0;130
12895;201300014293;13;2;26;700;2;2;1;1.0;2;55;24 RUE JOBIN;M;4331018.0;538970.0;130
12896;201300014294;13;2;2;1345;1;2;1;1.0;7;55;160, BD DE LA BARASSE RN;M;4328465.0;548450.0;130
12897;201300014295;13;9;23;725;2;2;1;1.0;6;55;152, BD DE SAINT MARCEL;M;4328780.0;546439.0;130
12898;201300014296;13;12;19;1700;5;2;1;1.0;6;55;88, BD DE SAINTE MARGUER;M;4326823.0;540625.0;130
12899;201300014298;13;2;8;1605;1;2;3;1.0;3;55;BD MICHELET;M;4326946.0;539301.0;130
12900;201300014299;13;2;5;1600;1;2;1;1.0;3;55;139, AVE DES OLIVES;M;4332650.0;543826.0;130
12901;201300014300;13;3;5;2033;5;2;1;2.0;4;55;36, AVE DE SAINT BARNABE;M;4330409.0;541090.0;130
12902;201300014301;13;2;19;1430;1;2;1;1.0;2;55;01, AVE PIERRE MENDES FR;M;4326146.0;537490.0;130
12903;201300014302;13;2;2;2130;5;2;1;1.0;3;55;35, BD DE LA COMTESSE;M;4331387.0;544743.0;130
12904;201300014303;13;2;26;2030;5;2;1;1.0;6;55;112, AVE DE LA CAPELETTE;M;4328116.0;540579.0;130
12905;201300014304;13;2;19;1300;1;2;1;1.0;3;55;23, BD DE LA CONCORDE;M;4324989.0;540277.0;130
12906;201300014305;13;2;15;1930;5;2;1;1.0;2;55;122, RUE SAINT JEAN DU D;M;4329558.0;543335.0;130
12907;201300014307;13;10;19;2305;5;2;1;1.0;6;55;141, AVE DE LA VISTE;M;4336139.0;535740.0;130
12908;201300014308;13;2;2;1850;5;2;1;6.0;3;55;59, BD PAUL CLAUDEL;M;4326851.0;540933.0;130
12909;201300014309;13;2;12;1530;1;2;1;1.0;6;55;PCE FELIX BARET;M;4329186.0;537953.0;130
12910;201300014310;13;12;26;1145;1;2;1;1.0;3;55;24, ALL LEON GAMBETTA;M;4329908.0;538228.0;130
12911;201300014312;13;11;16;2005;5;2;1;2.0;6;55;96, BD FRANCOISE DUPARC;M;4330521.0;540100.0;130
12912;201300014313;13;2;24;1530;1;2;9;1.0;3;55;001, AVE DU MARCHE NATIO;M;4334148.0;537312.0;130
12913;201300014314;13;2;28;1900;5;2;1;1.0;2;55;54, AVE DE LA CROIX ROUG;M;4333153.0;543351.0;130
12914;201300014315;13;2;23;1400;1;2;1;1.0;6;55;35, BD DE STRASBOURG;M;4330767.0;537602.0;130
12915;201300014316;13;2;5;1545;1;2;1;1.0;5;55;28, BD BUREL;M;4331729.0;538981.0;130
12916;201300014317;13;1;23;1645;1;2;1;8.0;6;55;6, BD DE LA VALBARELLE;M;4328600.0;544321.0;130
12917;201300014318;13;2;16;1750;1;2;1;1.0;6;55;04, RUE DE LYON;M;4332302.0;536771.0;130
12918;201300014319;13;3;2;1900;2;2;1;1.0;2;55;22, CHE DE SAINT ANTOINE;M;4336732.0;535662.0;130
12919;201300014320;13;2;28;905;1;2;1;1.0;6;55;24, RUE GUIBAL;M;4330629.0;538508.0;130
12920;201300014322;13;2;26;1514;1;2;1;1.0;5;55;75, BD FRANCOISE DUPARC;M;4330530.0;540089.0;130
12921;201300014323;13;3;8;820;1;2;2;2.0;3;55;139, CHE DU VALLON DE L';M;4327971.0;536241.0;130
12922;201300014324;13;2;20;1830;2;2;3;1.0;1;55;45, R DE L AUDIENCE;M;4329629.0;548605.0;130
12923;201300014325;13;1;9;1600;1;2;3;1.0;3;55;6, RUE BUGEAUD;M;4330686.0;538369.0;130
12924;201300014326;13;11;28;2045;5;2;1;1.0;6;55;00, BD PAUL CLAUDEL;;;;130
12925;201300014327;13;1;13;1010;1;2;3;2.0;3;55;AV ALEXANDRE ANSALDI;M;4333574.0;539886.0;130
12926;201300014328;13;2;22;945;1;2;1;7.0;6;55;163, AVE DE SAINT LOUIS;M;4334868.0;535892.0;130
12927;201300014329;13;2;26;1020;1;2;1;1.0;6;55;207, RUE DE ROME;M;4328676.0;538325.0;130
12928;201300014330;13;2;26;1130;1;2;1;1.0;3;55;6, PCE CASTELLANE;M;4328606.0;538353.0;130
12929;201300014331;13;2;27;1815;1;2;1;1.0;2;55;4, BD THEODORE THURNER;M;4329138.0;538316.0;130
12930;201300014333;13;3;5;1020;1;2;2;2.0;7;55;55, RUE DE LA PALUD;M;4329294.0;538020.0;130
12931;201300014334;13;2;7;1130;1;2;1;1.0;6;55;06, BD DE LA BOUGIE;M;4332221.0;539180.0;130
12932;201300014335;13;2;22;1500;1;2;1;1.0;6;55;65, AVE DE LA CAPELETTE;M;4328287.0;540209.0;130
12933;201300014336;13;2;20;830;1;2;6;1.0;2;55;00, RPT AVE DE LA ROSE O;;;;130
12934;201300014337;13;2;8;2130;5;2;4;1.0;3;55;12, RUE D' ORANGE;M;4331279.0;538635.0;130
12935;201300014338;13;2;12;2045;5;2;1;1.0;6;55;00, CHE DE SAINT JOSEPH;;;;130
12936;201300014339;13;3;11;940;1;2;1;1.0;4;55;AVEN DE FRAIS VALLON;;;;130
12937;201300014340;13;12;4;1750;5;2;1;1.0;6;55;05, RUE DE LYON;M;4332321.0;536764.0;130
12938;201300014341;13;7;21;2335;4;2;1;1.0;2;55;376, AVE DU PRADO;M;4326991.0;538729.0;130
12939;201300014342;13;3;8;2040;5;2;1;1.0;2;55;53, AVE DE SAINT JUST;M;4331536.0;540372.0;130
12940;201300014343;13;3;12;820;1;2;1;8.0;3;55;28, BD PERIER;M;4327956.0;538529.0;130
12941;201300014344;13;2;5;1200;1;2;1;1.0;6;55;19, BD DE SAINTE MARGUER;M;4326908.0;540317.0;130
12942;201300014345;13;2;21;1145;1;2;1;1.0;3;55;PIERRE CHEVALIER (RUE);;;;130
12943;201300014346;13;3;4;555;5;2;1;1.0;1;55;21, MTE D' EOURES;M;4330039.0;551379.0;130
12944;201300014347;13;2;15;745;1;2;1;1.0;6;55;150, AVE DE MONTREDON;M;4323906.0;536562.0;130
12945;201300014348;13;2;25;1355;1;2;1;1.0;2;55;19, BD DE LA PUGETTE;M;4326849.0;540103.0;130
12946;201300014349;13;3;2;450;5;2;1;1.0;6;55;4, BD MIREILLE JOURDAN-B;M;4324408.0;537849.0;130
12947;201300014350;13;2;28;1;5;2;6;1.0;2;75;1, JEAN GIONO (AVE);;;;130
12948;201300014351;13;2;23;2300;5;2;1;1.0;7;55;28, AVE DE BOIS LUZY;M;4331025.0;542089.0;130
12949;201300014352;13;1;11;845;1;2;1;1.0;3;55;79, CHE DE PALAMA;M;4335573.0;543957.0;130
12950;201300014353;13;2;22;1335;1;2;1;1.0;2;55;23, CHE DE L ARMEE D AFR;M;4329078.0;540473.0;130
12951;201300014355;13;1;31;1900;5;2;1;1.0;6;55;AVE CLOT BEY;;;;130
12952;201300014356;13;2;5;1830;5;2;1;1.0;1;55;AVE DE LUMINY;;;;130
12953;201300014357;13;12;11;1100;1;2;2;1.0;6;55;00, BD JEAN MOULIN;M;4329237.0;540114.0;130
12954;201300014358;13;2;9;2000;5;2;1;1.0;3;55;410, RUE PARADIS;M;4327618.0;538405.0;130
12955;201300014359;13;11;29;1030;1;2;1;1.0;6;55;24, TRA RAYNOUARD;M;4328575.0;539109.0;130
12956;201300014360;13;2;11;1630;1;2;1;1.0;2;55;30, RUE LOUIS REGE;M;4328154.0;539168.0;130
12957;201300014361;13;2;14;1515;1;2;1;1.0;7;55;AVE DE LATTRE DE TASSIGN;;;;130
12958;201300014362;13;2;28;1545;1;1;6;1.0;2;55;112, AVE DES PEINTRES RO;M;4330403.0;547250.0;130
12959;201300014363;13;3;5;2300;5;2;1;3.0;6;55;03, BD QUEIREL;M;4328275.0;543310.0;130
12960;201300014364;13;3;2;1000;1;2;1;1.0;3;55;51, AVE FRANCOIS MIGNET;M;4333175.0;542861.0;130
12961;201300014365;13;3;4;1400;1;2;1;1.0;6;55;87, AVE DE FRAIS VALLON;M;4332520.0;543377.0;130
12962;201300014366;13;2;8;1400;1;2;1;1.0;6;55;4, CHE DE SAINT ANTOINE;M;4334902.0;537576.0;130
12963;201300014367;13;2;23;515;5;2;1;1.0;7;55;50, RUE MADON;M;4329324.0;539997.0;130
12964;201300014368;13;3;6;1830;1;2;1;1.0;7;55;99, RUE D ENDOUME;M;4328706.0;536422.0;130
12965;201300014369;13;2;28;1420;1;2;1;1.0;2;55;16, RUE DE LA GRANDE ARM;M;4330058.0;538393.0;130
12966;201300014371;13;1;31;1130;1;2;4;1.0;3;55;37, AVE DE LA POINTE ROU;M;4324799.0;537473.0;130
12967;201300014372;13;2;16;1630;1;2;1;1.0;1;55;00, CHE DE GIBBES;;;;130
12968;201300014373;13;2;27;1445;1;2;1;1.0;6;55;70, RUE MONTGRAND;M;4329103.0;537556.0;130
12969;201300014374;13;3;4;1200;1;2;1;1.0;6;55;00, RUE JEAN QUEILLAU;;;;130
12970;201300014375;13;12;4;1440;1;2;1;1.0;6;55;38, AVE DE LA VISTE;M;4335562.0;535733.0;130
12971;201300014376;13;12;22;1900;5;2;1;1.0;6;55;151, BD PAUL CLAUDEL;M;4326819.0;541582.0;130
12972;201300014377;13;2;18;1000;1;2;1;1.0;3;55;32, RUE LOUBON;M;4331204.0;537926.0;130
12973;201300014378;13;9;7;1215;1;2;1;1.0;2;55;262 bis, BD DE SAINT LOU;M;4328540.0;544130.0;130
12974;201300014379;13;2;1;2000;5;2;1;1.0;6;55;572, CHE DU LITTORAL;M;4335451.0;533358.0;130
12975;201300014380;13;3;15;710;1;2;1;6.0;1;55;35, AVE DE MONTREDON;M;4324428.0;537160.0;130
12976;201300014381;13;3;10;2300;5;2;2;1.0;6;106;HAUTE BEDOULE (CHEMIN DE;M;4340687.0;536177.0;130
12977;201300014382;13;3;5;1900;2;2;2;1.0;6;55;1, BD DE SAINTE MARGUERI;M;4326873.0;540393.0;130
12978;201300014384;13;2;20;1840;1;2;1;1.0;6;55;6, RUE TROMPETTE;M;4333135.0;540755.0;130
12979;201300014385;13;2;14;1500;1;2;1;1.0;6;55;00, CHE DU LANCIER;;;;130
12980;201300014386;13;2;22;1650;1;2;1;1.0;6;55;00, BD DU CAPITAINE GEZE;;;;130
12981;201300014387;13;3;2;230;5;2;1;1.0;6;55;00, RUE ESTELLE;;;;130
12982;201300014389;13;1;12;1830;5;2;1;1.0;6;55;51, RUE DU PANIER;M;4329942.0;536685.0;130
12983;201300014390;13;2;13;1120;1;2;1;1.0;6;55;00, BD BUREL;;;;130
12984;201300014391;13;10;31;710;2;2;1;1.0;6;55;270, BD FERNAND BONNEFOY;M;4328093.0;540138.0;130
12985;201300014392;13;2;5;1740;1;2;1;1.0;6;55;00, BD HENRI BARNIER;;;;130
12986;201300014393;13;2;5;900;1;2;1;1.0;3;55;92, BD HENRI BARNIER;M;4337220.0;534891.0;130
12987;201300014394;13;2;15;2045;5;2;1;1.0;3;55;AVE ARNAVON;;;;130
12988;201300014395;13;12;13;1900;5;2;1;1.0;6;55;01, BD DE LA VERRERIE;M;4323478.0;536041.0;130
12989;201300014396;13;2;27;1545;1;2;1;1.0;2;55;323, COR PRESIDENT JOHN;M;4327429.0;536189.0;130
12990;201300014397;13;2;28;1320;1;2;1;1.0;2;55;317, COR PRESIDENT JOHN;M;4327452.0;536121.0;130
12991;201300014398;13;3;4;1130;1;2;1;1.0;4;55;143, BD BAILLE;M;4328854.0;539352.0;130
12992;201300014399;13;3;5;1300;1;2;1;6.0;2;55;111, AVE DE LA CORSE;M;4328964.0;535693.0;130
12993;201300014400;13;3;9;1520;1;2;1;1.0;6;55;4, CRS BELSUNCE;M;4329670.0;537746.0;130
12994;201300014402;13;2;14;930;1;2;1;1.0;2;55;0, RUE CHALUSSET;M;4331627.0;540050.0;130
12995;201300014403;13;2;9;215;5;2;2;1.0;6;55;139, BD BAILLE;M;4328831.0;539274.0;130
12996;201300014404;13;2;1;1400;1;2;1;1.0;3;55;173, AVE DE FRAIS VALLON;M;4332448.0;543561.0;130
12997;201300014405;13;3;7;1620;1;2;1;1.0;1;55;128, CHE DE SAINT LOUIS;M;4335389.0;535261.0;130
12998;201300014406;13;6;21;2250;5;2;2;1.0;3;55;13, BD BAILLE;M;4328645.0;538550.0;130
12999;201300014407;13;3;8;1635;1;2;3;1.0;3;55;TRA MARITIM;M;4333945.0;535538.0;130
13000;201300014408;13;6;28;1415;1;2;1;1.0;6;55;9/11, BD DUGOMMIER;M;4329819.0;538097.0;130
13001;201300014409;13;3;8;2000;3;2;1;1.0;2;55;RPT PIERRE PARAF;M;4333040.0;541010.0;130
13002;201300014410;13;11;7;425;5;2;1;1.0;6;55;37, QAI DES BELGES;M;4329415.0;537423.0;130
13003;201300014411;13;12;21;1640;1;2;1;2.0;6;55;47, PCE JEAN JAURES;M;4329457.0;538695.0;130
13004;201300014412;13;3;9;1545;1;2;1;1.0;2;2;663, RASCOUS (CHEMIN DES;M;4334551.0;547639.0;130
13005;201300014413;13;3;7;1840;5;2;1;1.0;4;55;AVE FRANCOIS MIGNET;;;;130
13006;201300014414;13;3;10;1910;2;2;2;1.0;2;55;0, BD NATIONAL;M;4330348.0;538596.0;130
13007;201300014415;13;3;15;1530;1;2;1;1.0;3;55;76, BD SAKAKINI;M;4329513.0;540074.0;130
13008;201300014416;13;3;16;1115;1;2;8;1.0;6;55;16, RUE DECAZES;M;4328791.0;535963.0;130
13009;201300014417;13;3;15;1145;1;2;3;1.0;3;55;CHE DU LITTORAL;;;;130
13010;201300014418;13;11;27;700;5;2;1;2.0;6;55;01, AVE FRANCOIS CHARDIG;M;4329357.0;548362.0;130
13011;201300014419;13;3;16;1150;1;2;1;1.0;6;55;00, RUE ABBE DE L EPEE;;;;130
13012;201300014420;13;12;3;1200;1;2;1;1.0;1;55;174, BD RABATAU;M;4328138.0;539938.0;130
13013;201300014422;13;3;20;1030;1;2;2;2.0;3;55;1, CHE DE LA COMMANDERIE;M;4334816.0;536239.0;130
13014;201300014423;13;3;21;700;1;2;1;1.0;1;55;59, AVE ANNE MARIE;M;4337892.0;535567.0;130
13015;201300014424;13;1;26;2330;5;2;3;1.0;7;55;BD LAVOISIER;M;4333827.0;536679.0;130
13016;201300014426;13;3;8;1200;1;2;3;1.0;6;55;00, RUE MARX DORMOY;M;4330229.0;539548.0;130
13017;201300014427;13;3;21;715;1;2;2;1.0;3;55;1, BD VINCENT DELPUECH;M;4328304.0;539000.0;130
13018;201300014429;13;2;12;1715;1;2;2;1.0;3;55;252, BD CHAVE;M;4329579.0;540033.0;130
13019;201300014430;13;2;22;1400;1;2;2;1.0;3;55;CHE DU LITTORAL;M;4334786.0;534400.0;130
13020;201300014431;13;3;11;1845;2;2;1;1.0;2;55;40, RUE ALPHONSE DAUDET;M;4331848.0;540723.0;130
13021;201300014432;13;3;24;15;5;2;1;3.0;6;55;387, RUE DE LYON;M;4333993.0;536151.0;130
13022;201300014433;13;1;23;815;1;2;1;1.0;3;55;6, AVE ALEXANDRE FLEMING;M;4331562.0;540150.0;130
13023;201300014435;13;2;20;1645;1;2;1;1.0;3;55;159, AVE ROGER SALENGRO;M;4331650.0;536927.0;130
13024;201300014436;13;3;13;1940;2;2;1;1.0;2;55;1, AVE ALEXANDRE ANSALDI;M;4333555.0;539966.0;130
13025;201300014440;13;2;12;1130;1;2;3;1.0;3;55;1, AVE DU VALLON D' OL;M;4338516.0;536226.0;130
13026;201300014441;13;2;17;420;5;2;3;1.0;3;55;RUE DE LA CREDENCE;M;4332169.0;544839.0;130
13027;201300014442;13;3;4;1040;1;2;1;1.0;6;55;529, CHE DE LA MADRAGUE;M;4334630.0;535486.0;130
13028;201300014443;13;3;4;1930;5;2;1;1.0;3;55;AVE SALVADOR ALLENDE;;;;130
13029;201300014444;13;3;7;1700;1;2;1;1.0;6;55;34, BD LAVERAN;M;4332715.0;541370.0;130
13030;201300014445;13;3;17;15;5;2;1;1.0;6;55;16, RUE BELLE DE MAI;M;4330841.0;538177.0;130
13031;201300014446;13;3;17;1800;2;2;1;1.0;4;55;145, RUE ALPHONSE DAUDET;M;4332211.0;541241.0;130
13032;201300014447;13;3;22;750;1;2;1;1.0;3;55;35, AVE DE LA CROIX ROUG;M;4333123.0;543240.0;130
13033;201300014448;13;3;18;1238;1;1;1;2.0;7;2;1349, ETIENNE CUCCA-CD90;M;4335193.0;547663.0;130
13034;201300014449;13;3;16;1850;5;2;1;1.0;2;106;41, 8 MAI 1945 (AVENUE D;M;4338728.0;535938.0;130
13035;201300014450;13;3;26;1354;1;2;1;1.0;6;55;118, BD DE LA CORDERIE;M;4328990.0;536702.0;130
13036;201300014451;13;3;7;400;5;2;1;1.0;7;55;313, COR PRESIDENT JOHN;M;4327547.0;535989.0;130
13037;201300014452;13;3;27;755;1;2;1;1.0;3;55;76, BD DES FAUVETTES;M;4331559.0;543895.0;130
13038;201300014453;13;3;13;2100;5;2;1;1.0;3;55;47, QAI DE RIVE NEUVE;M;4329242.0;536629.0;130
13039;201300014454;13;3;21;750;1;2;3;1.0;3;55;CHE DE SAINTE MARTHE;M;4333095.0;538897.0;130
13040;201300014456;13;3;27;2230;5;2;1;1.0;2;55;222, RUE SAINT PIERRE;M;4329249.0;540093.0;130
13041;201300014457;13;1;30;1430;1;2;1;1.0;3;55;224, AVE DU PRADO;M;4327624.0;538920.0;130
13042;201300014458;13;3;12;750;1;2;1;1.0;6;55;200, COR PRESIDENT JOHN;M;4327530.0;536001.0;130
13043;201300014459;13;2;16;1900;5;2;1;1.0;2;55;39, RTE LEON LACHAMP;M;4324634.0;543250.0;130
13044;201300014460;13;3;2;1000;1;2;2;1.0;7;55;40, AVE JULES CANTINI;M;4328388.0;538744.0;130
13045;201300014461;13;3;12;2130;5;2;1;1.0;6;55;430, AVE DE LATTRE DE TA;M;4324483.0;542762.0;130
13046;201300014462;13;3;28;1145;1;2;1;2.0;3;55;35, CRS LIEUTAUD;M;4329364.0;538225.0;130
13047;201300014463;13;1;28;1010;1;2;1;1.0;3;55;18, BD DE LA CHARBONNEL;M;4329748.0;541707.0;130
13048;201300014464;13;2;24;10;5;2;1;1.0;6;55;0, AVE PIERRE MENDES FRA;;;;130
13049;201300014465;13;3;7;1630;1;2;1;1.0;2;55;360, BD ROMAIN ROLLAND;M;4327061.0;540747.0;130
13050;201300014466;13;3;13;1830;5;2;1;1.0;3;55;66, TRA PARANGON;M;4324248.0;537959.0;130
13051;201300014468;13;2;21;1605;1;2;1;1.0;6;55;18, BD DE PARIS;M;4330609.0;537233.0;130
13052;201300014469;13;3;8;1515;1;2;9;1.0;6;55;133, AVE CLOT BEY;M;4325722.0;538298.0;130
13053;201300014470;13;3;3;2215;5;2;2;1.0;3;55;1, RPT M.LAUZE/FLORIAN D;M;4328584.0;542545.0;130
13054;201300014471;13;3;9;1820;1;2;1;1.0;3;55;86, BD DE PONT DE VIVAUX;M;4328065.0;542107.0;130
13055;201300014472;13;3;15;1645;1;2;1;1.0;6;55;45, RUE DU ROUET;M;4328293.0;538739.0;130
13056;201300014473;13;3;20;1200;1;2;1;1.0;3;55;91, RUE SAINT JEAN DU DE;M;4329631.0;543360.0;130