;Num_Acc;an;mois;jour;hrmn;lum;agg;int;atm;col;com;adr;gps;lat;long;dep
13057;201300014474;13;3;21;800;1;2;1;1.0;7;55;19, AVE DE SAINT MENE;M;4328977.0;549545.0;130
13058;201300014475;13;3;11;1700;1;2;1;1.0;6;55;529, CHE DE LA MADRAGUE;M;4334620.0;535482.0;130
13059;201300014476;13;2;27;1900;3;2;1;1.0;3;55;77, BD DU REDON;M;4325499.0;542021.0;130
13060;201300014477;13;3;8;1320;1;2;1;1.0;6;55;366, AVE DU PRADO;M;4327000.0;538738.0;130
13061;201300014478;13;2;9;2005;3;2;1;1.0;1;55;142, BD CHAVE;M;4329544.0;539464.0;130
13062;201300014479;13;2;27;1750;1;2;1;1.0;2;55;BD ACHILLE MARCEL;M;4328143.0;542480.0;130
13063;201300014480;13;3;4;1312;1;2;1;1.0;2;55;25/27, BD DE PONT DE VIV;M;4328018.0;541960.0;130
13064;201300014481;13;3;4;2015;5;2;1;1.0;3;55;8, CR DE LA VALBARELLE A;M;4328611.0;544335.0;130
13065;201300014482;13;3;20;1400;1;2;1;1.0;2;55;1, RPT PERE WRESINKI;M;4333039.0;541012.0;130
13066;201300014483;13;3;21;1125;1;2;1;1.0;3;55;1, RUE ALBERT COHEN;M;4336133.0;533722.0;130
13067;201300014484;13;3;29;1140;1;2;1;8.0;2;55;AVE DES PEINTRES ROUX;;;;130
13068;201300014485;13;3;22;1700;1;2;6;1.0;3;55;RPT DOCTEUR MARIA;M;4336365.0;534224.0;130
13069;201300014486;13;3;19;1825;5;2;3;1.0;6;2;1268, 7EME TIRAILLEURS A;M;4333766.0;546518.0;130
13070;201300014487;13;1;6;1530;1;2;1;1.0;2;55;00, CHE DE SAINTE MARTHE;;;;130
13071;201300014488;13;2;20;1420;1;2;1;1.0;3;55;109, CHE DE SAINTE MARTH;M;4332467.0;538841.0;130
13072;201300014490;13;4;3;1600;1;2;1;1.0;6;55;189, AVE COLGATE;M;4323236.0;540334.0;130
13073;201300014492;13;3;8;1715;1;2;1;1.0;6;55;35, BD DE STRASBOURG;M;4330768.0;537605.0;130
13074;201300014493;13;3;27;1803;2;2;1;1.0;7;55;222, RUE SAINT PIERRE;M;4329270.0;540014.0;130
13075;201300014494;13;3;15;745;1;2;1;1.0;2;55;15, AVE DE SAINT BARNABE;M;4330458.0;540796.0;130
13076;201300014496;13;3;15;2018;5;2;1;2.0;6;55;383, BD NATIONAL;M;4330604.0;538351.0;130
13077;201300014497;13;3;14;1915;1;2;1;1.0;6;55;80, RUE SAINTE;M;4329135.0;537003.0;130
13078;201300014498;13;4;1;1400;1;2;1;2.0;3;55;BD FRANCOISE DUPARC;M;4330319.0;540070.0;130
13079;201300014499;13;3;20;1700;1;2;9;1.0;6;55;25, CHE DE L ARMEE D A;M;4329075.0;540487.0;130
13080;201300014500;13;3;27;2100;5;2;1;1.0;2;55;1, PRO GEORGES POMPIDOU;M;4326766.0;537213.0;130
13081;201300014502;13;2;11;730;2;2;1;1.0;6;55;00, CRS LIEUTAUD;;;;130
13082;201300014503;13;1;17;2000;5;2;1;1.0;6;55;00, RUE BENEDIT;;;;130
13083;201300014504;13;3;13;1630;1;1;1;1.0;6;55;01, BD DE L' HUVEAUNE;M;4327175.0;540565.0;130
13084;201300014505;13;4;5;1500;1;2;1;1.0;6;55;139, AVE DE LA VISTE;M;4336047.0;535750.0;130
13085;201300014506;13;4;6;212;5;2;1;1.0;1;55;0, PCE ERNEST DELIBES;;;;130
13086;201300014507;13;4;2;1645;1;2;1;8.0;5;55;151, BD MICHELET;M;4326511.0;539548.0;130
13087;201300014508;13;3;9;2245;5;2;1;1.0;1;55;12, AVE DE SAINT ANTOINE;M;4336632.0;535674.0;130
13088;201300014511;13;3;18;1540;1;2;1;1.0;3;55;62, BD DE PLOMBIERES;M;4331590.0;538483.0;130
13089;201300014512;13;4;1;1945;1;2;1;2.0;6;55;5, BD GUSTAVE DESPLACES;M;4330544.0;538101.0;130
13090;201300014514;13;3;26;805;1;2;3;1.0;3;106;NELSON MANDELA (AVE);M;4340846.0;536656.0;130
13091;201300014515;13;3;28;830;1;2;1;2.0;2;2;200, PROVENCE (AVENUE DE;M;4333023.0;548492.0;130
13092;201300014516;13;4;8;2105;5;2;1;1.0;7;55;3, PCE JEAN JAURES;M;4329600.0;538689.0;130
13093;201300014517;13;4;9;1355;1;2;1;1.0;6;55;128, BD DE SAINT LOUP;M;4328299.0;543273.0;130
13094;201300014518;13;3;25;1030;1;2;1;1.0;6;55;22, RUE SAINT SEBASTIEN;M;4328533.0;538260.0;130
13095;201300014519;13;4;4;1340;1;2;1;2.0;3;55;143, BD BAILLE;M;4328854.0;539353.0;130
13096;201300014520;13;4;1;2015;5;2;6;2.0;6;55;1, PCE LEVERRIER;M;4330591.0;539330.0;130
13097;201300014521;13;3;10;1630;1;2;1;1.0;3;55;PRK PLAGE DE L'ESTAQUE;M;4335809.0;528871.0;130
13098;201300014522;13;3;27;1830;5;2;1;1.0;2;55;20, CHE DE SAINTE MARTHE;M;4331835.0;539031.0;130
13099;201300014523;13;3;23;2015;3;2;1;2.0;4;55;57, AVE DES PEINTRES ROU;M;4330898.0;546684.0;130
13100;201300014524;13;4;3;710;2;2;1;1.0;3;2;676, CANTON VERT (AVENUE;M;4334196.0;547122.0;130
13101;201300014525;13;3;26;1745;1;2;1;1.0;6;55;4, RUE D' ITALIE;M;4329057.0;538165.0;130
13102;201300014526;13;3;24;1315;1;2;1;3.0;3;55;1, AVE SALVADOR ALLENDE;;;;130
13103;201300014527;13;2;14;1700;1;2;1;1.0;2;55;204, AVE DE LA CROIX ROU;M;4333488.0;544725.0;130
13104;201300014528;13;4;7;1700;1;2;1;1.0;6;55;RUE DU CARGO RHIN FIDELI;;;;130
13105;201300014529;13;3;30;1150;1;1;1;1.0;7;2;ETIENNE CUCCA-CD908 (AVE;;;;130
13106;201300014530;13;2;24;900;1;1;1;1.0;3;75;140, FR?D?RIC CHEVILLON;M;4334828.0;546520.0;130
13107;201300014531;13;3;19;1145;1;2;1;1.0;2;55;252, BD DES BASSINS DE R;;;;130
13108;201300014532;13;4;5;1640;1;2;1;1.0;6;55;1, BD ROLAND DORGELES;M;4334621.0;538049.0;130
13109;201300014533;13;4;12;800;1;2;1;1.0;2;55;00, CHE DU ROY D' ESPAGN;;;;130
13110;201300014534;13;4;12;1320;1;2;1;1.0;6;55;PCE FELIX BARET;M;4329186.0;537953.0;130
13111;201300014535;13;4;15;735;1;2;3;1.0;3;55;2, CRS JEAN BALLARD;M;4329406.0;537399.0;130
13112;201300014536;13;3;26;1130;1;2;1;1.0;6;55;00, AVE DU PRADO;;;;130
13113;201300014537;13;3;27;2000;5;2;3;1.0;3;55;70, BD DE SAINT LOUP;M;4328231.0;543025.0;130
13114;201300014538;13;4;7;130;5;2;1;1.0;6;55;302, BD DE SAINT MARCEL;M;4328621.0;547320.0;130
13115;201300014539;13;3;30;830;1;2;1;1.0;4;55;36, BD DE SAINTE MARGUER;M;4326864.0;540406.0;130
13116;201300014541;13;3;30;2130;3;2;2;2.0;3;55;42, BD LOUIS MAZAUDIER;M;4331202.0;541908.0;130
13117;201300014542;13;3;4;1450;1;2;1;1.0;3;55;70, CHE DE LA PAGEOTTE;M;4330159.0;552638.0;130
13118;201300014543;13;4;1;2115;5;2;1;2.0;6;55;223, AVE DES CAILLOLS;M;4330401.0;544085.0;130
13119;201300014548;13;3;20;1130;1;2;1;1.0;3;55;92, AVE ANDRE ZENATTI;M;4324597.0;539013.0;130
13120;201300014549;13;3;16;2030;5;2;1;2.0;1;55;28, RUE RAPHAEL;M;4326827.0;539114.0;130
13121;201300014550;13;3;25;1625;1;2;1;1.0;6;55;40, RTE DE LA SABLIERE;;;;130
13122;201300014551;13;3;2;1501;1;2;6;1.0;3;55;RPT DU LAPIN BLANC;M;4324706.0;538261.0;130
13123;201300014552;13;2;21;2030;5;2;2;1.0;3;55;480, AVE DU PRADO;M;4326526.0;538002.0;130
13124;201300014553;13;4;7;1200;1;2;1;1.0;3;55;27, AVE DU PRADO;M;4328422.0;538505.0;130
13125;201300014554;13;3;24;1800;2;2;1;2.0;3;55;117, CHE DE SORMIOU;M;4323134.0;540058.0;130
13126;201300014555;13;4;8;1300;1;2;3;1.0;3;55;387, VSN MICHELET CONTRE;M;4325434.0;540133.0;130
13127;201300014556;13;3;8;2230;4;2;3;1.0;3;55;1, AVE JEAN BOUIN;M;4326674.0;540285.0;130
13128;201300014557;13;3;21;810;1;2;1;1.0;6;55;1, BD RABATAU;M;4327290.0;539216.0;130
13129;201300014558;13;4;7;245;5;2;1;1.0;7;55;11, BD NATIONAL;M;4330212.0;538713.0;130
13130;201300014559;13;1;15;1400;1;2;1;1.0;3;55;49, TRA PARANGON;M;4324270.0;537965.0;130
13131;201300014560;13;3;28;1200;1;2;1;3.0;3;55;81, RUE AUGUSTIN AUBERT;M;4326524.0;540363.0;130
13132;201300014561;13;3;24;1915;5;2;1;2.0;6;55;RPT LIEUTENANT COLONEL;M;4329160.0;548558.0;130
13133;201300014562;13;3;10;50;4;2;4;1.0;3;75;1, GENERAL LECLERC (AVE;M;4334993.0;546513.0;130
13134;201300014563;13;3;26;745;1;2;1;1.0;4;55;19, AVE DE SAINT MENET;M;4328938.0;549673.0;130
13135;201300014564;13;3;26;1750;1;2;1;1.0;3;55;186, BD RABATAU;M;4328113.0;539943.0;130
13136;201300014565;13;3;28;1030;1;2;1;2.0;6;55;84, AVE DE SAINT JULIEN;M;4330589.0;541892.0;130
13137;201300014566;13;4;16;2133;2;2;3;1.0;3;55;358, RUE SAINT PIERRE;M;4329177.0;540896.0;130
13138;201300014567;13;3;5;1300;1;2;2;1.0;3;55;26, RUE MADON;M;4329401.0;539982.0;130
13139;201300014568;13;3;29;1330;1;2;1;1.0;3;55;46, BD DE LA FABRIQUE;M;4325463.0;539938.0;130
13140;201300014569;13;3;20;920;1;1;1;3.0;6;55;RTE LEON LACHAMP;M;4324622.0;543136.0;130
13141;201300014570;13;3;13;1015;1;2;9;1.0;4;55;59, AVE DE SAINT JUST;M;4331607.0;540400.0;130
13142;201300014571;13;4;17;915;1;2;1;1.0;6;55;103, RUE JULES ISAAC;M;4325106.0;540159.0;130
13143;201300014572;13;3;14;730;1;2;1;6.0;1;55;42, RUE CHALUSSET;M;4331686.0;539682.0;130
13144;201300014573;13;4;6;1945;5;2;1;2.0;3;55;16, RUE RUISSEAU MIRABEA;M;4335108.0;535334.0;130
13145;201300014574;13;1;12;1815;4;2;1;1.0;3;55;94, BD FRANCOISE DUPARC;M;4330576.0;540091.0;130
13146;201300014575;13;3;14;915;1;2;3;1.0;7;55;0, AVE JEAN PAUL SARTRE;M;4331378.0;540585.0;130
13147;201300014576;13;3;24;1745;1;2;2;2.0;6;55;79, BD DE STRASBOURG;M;4330903.0;537840.0;130
13148;201300014577;13;4;8;840;1;2;1;1.0;3;55;75, BD DE PARIS;M;4330875.0;537083.0;130
13149;201300014578;13;1;22;845;1;2;1;1.0;6;55;7, RUE DU REMPART;M;4328866.0;536553.0;130
13150;201300014579;13;4;19;520;5;2;1;1.0;6;55;AVE MILLIE MATHYS;;;;130
13151;201300014580;13;2;8;1730;1;2;1;1.0;3;55;325, COR PRESIDENT JOHN;M;4327395.0;536230.0;130
13152;201300014581;13;3;22;735;1;2;1;1.0;6;55;97, AVE DE LA CORSE;M;4328906.0;535822.0;130
13153;201300014582;13;4;8;630;2;2;1;1.0;5;55;CRS LIEUTAUD;M;4329302.0;538244.0;130
13154;201300014583;13;4;8;1640;1;2;1;1.0;3;55;13, BD DE LA CORDERIE;M;4329064.0;537126.0;130
13155;201300014584;13;4;9;1630;1;2;1;1.0;7;55;206, BD CHAVE;M;4329564.0;539818.0;130
13156;201300014585;13;3;12;1745;5;2;1;1.0;7;55;11, BD D ANJOU;M;4333622.0;536242.0;130
13157;201300014586;13;4;13;1650;1;2;1;1.0;3;55;21, BD HENRI BARNIER;M;4337320.0;535357.0;130
13158;201300014587;13;3;21;1030;1;2;1;1.0;3;55;108, AVE DE LA VISTE;M;4335879.0;535764.0;130
13159;201300014588;13;4;1;1800;1;2;1;2.0;2;55;50, CHE DE SAINT ANTOINE;M;4335119.0;537379.0;130
13160;201300014589;13;3;23;526;5;2;1;1.0;2;55;00, BD GARIBALDI;;;;130
13161;201300014590;13;3;10;1446;1;2;1;1.0;2;55;00, RUE JUNOT;;;;130
13162;201300014591;13;4;19;850;1;2;1;1.0;6;55;96, RUE DE L' EVECHE;M;4330169.0;536708.0;130
13163;201300014592;13;4;13;20;5;2;1;1.0;6;55;5, SQ SIDI BRAHIM;M;4329751.0;539817.0;130
13164;201300014593;13;3;15;930;1;2;1;1.0;6;55;62, AVE DE LA MADRAGUE D;M;4323638.0;536214.0;130
13165;201300014594;13;4;4;820;1;2;1;1.0;3;2;QUATRE SAISONS (ROUTE DE;;;;130
13166;201300014595;13;4;9;810;1;2;1;1.0;2;75;124, LIBERATION (AVE DE;M;4334287.0;545757.0;130
13167;201300014596;13;4;7;1335;1;2;1;1.0;6;55;77, AVE DE LA CROIX ROUG;M;4333268.0;543564.0;130
13168;201300014597;13;4;11;840;1;2;1;1.0;3;55;ECH ECHANGEUR SARTRE / S;;;;130
13169;201300014598;13;4;13;2030;1;2;1;1.0;6;55;AVE FERNAND SARDOU;;;;130
13170;201300014599;13;4;7;800;1;2;1;1.0;6;2;1, ETIENNE CUCCA-CD908 (;M;4335788.0;549118.0;130
13171;201300014600;13;4;21;405;5;2;1;1.0;6;55;, BD PEBRE;;;;130
13172;201300014601;13;4;15;1840;1;2;1;1.0;6;55;BD DE PLOMBIERES;;;;130
13173;201300014602;13;3;20;2345;5;2;1;1.0;6;55;00, QAI DE LA FRATERNITE;;;;130
13174;201300014603;13;3;2;700;2;2;1;1.0;1;55;00, AVE DES CAILLOLS;;;;130
13175;201300014604;13;4;23;1345;1;2;3;1.0;3;55;27, BD ERNEST GASQUY;M;4330179.0;542270.0;130
13176;201300014605;13;4;23;2345;5;2;1;2.0;6;55;80, RUE EDMOND ROSTAND;M;4328475.0;538182.0;130
13177;201300014606;13;4;12;750;1;2;1;1.0;7;2;52, ANGE MARTIN  (BOULEV;M;4333279.0;546321.0;130
13178;201300014607;13;4;9;920;1;2;1;1.0;6;55;92, BD FRANCOISE DUPARC;M;4330507.0;540100.0;130
13179;201300014608;13;4;18;1200;1;2;1;1.0;2;55;7, CRS JEAN BALLARD;M;4329336.0;537450.0;130
13180;201300014609;13;4;19;1500;1;2;1;1.0;7;55;307, COR PRESIDENT JOHN;M;4327563.0;535943.0;130
13181;201300014610;13;1;19;1600;1;2;1;1.0;2;55;0, CHE DU VALLON VERT;;;;130
13182;201300014611;13;1;25;1530;1;2;1;1.0;6;55;210, BD DE LA LIBERATION;M;4330264.0;539619.0;130
13183;201300014612;13;3;18;930;1;2;1;1.0;6;55;23, CHE DE L ARMEE D AFR;M;4329076.0;540469.0;130
13184;201300014613;13;4;2;1630;1;2;1;1.0;7;55;30, RUE STANISLAS TORREN;M;4328755.0;537841.0;130
13185;201300014614;13;3;31;630;5;2;1;1.0;6;55;40, RUE BRETEUIL;M;4328932.0;537623.0;130
13186;201300014615;13;4;24;2315;5;2;1;1.0;1;55;163, AVE DE LA VISTE;M;4336393.0;535707.0;130
13187;201300014616;13;4;9;1115;1;2;1;1.0;6;55;2, AVE PROSPER MERIMEE;M;4332707.0;539594.0;130
13188;201300014618;13;3;6;655;1;2;2;1.0;3;55;11, RUE CHATEAUBRIAND;M;4328771.0;535909.0;130
13189;201300014619;13;4;4;1610;1;2;1;2.0;2;55;32, AVE DE LA CROIX ROUG;M;4333105.0;543186.0;130
13190;201300014620;13;4;11;1355;1;2;1;1.0;6;55;156, AVE DE LA ROSE;M;4332844.0;542581.0;130
13191;201300014621;13;4;17;1600;1;2;1;1.0;7;55;12, RUE D' ORANGE;M;4331265.0;538638.0;130
13192;201300014622;13;4;18;1410;1;2;1;1.0;6;55;15, RUE JEAN QUEILLAU;M;4333155.0;538712.0;130
13193;201300014623;13;4;25;1430;1;2;1;1.0;6;55;126, RUE PARADIS;M;4328796.0;537919.0;130
13194;201300014624;13;4;28;1500;1;2;1;2.0;1;55;80, AVE DES AYGALADES;M;4333748.0;536716.0;130
13195;201300014625;13;2;28;1900;5;2;1;1.0;2;55;1, AVE RAIMU;;;;130
13196;201300014626;13;3;16;1610;1;2;1;1.0;3;55;CHE DU MERLAN A LA ROSE;M;4333071.0;540484.0;130
13197;201300014628;13;3;25;830;1;2;1;1.0;2;55;21, BD DU CAPITAINE GEZE;M;4333031.0;537023.0;130
13198;201300014629;13;4;23;1415;1;2;1;1.0;7;2;22, GUERIDON (CHEMIN  DU;M;4333347.0;548585.0;130
13199;201300014630;13;4;11;1840;1;2;1;1.0;1;106;8 MAI 1945 (AVENUE DU);M;4338589.0;535882.0;130
13200;201300014631;13;4;28;510;4;2;2;1.0;6;55;17, RUE CAVAIGNAC;M;4330714.0;538421.0;130
13201;201300014632;13;4;26;1910;2;2;1;1.0;3;55;PRO DU GRAND LARGE;M;4324193.0;536639.0;130
13202;201300014633;13;4;27;2215;5;2;1;2.0;7;2;GENERAL LECLERC (AVENUE;;;;130
13203;201300014634;13;1;29;1200;1;2;1;2.0;6;55;44, CRS PIERRE PUGET;M;4329017.0;537339.0;130
13204;201300014635;13;3;16;1105;1;1;1;1.0;7;55;RTE LEON LACHAMP;;;;130
13205;201300014636;13;4;23;1925;1;2;9;1.0;3;55;CHE DE SAINT ANTOINE A S;;;;130
13206;201300014638;13;4;18;1415;1;2;3;1.0;1;55;AVE DE LA VISTE;M;4335637.0;535742.0;130
13207;201300014639;13;4;24;1535;1;2;1;1.0;3;55;145 BD RABATAU;M;4328141.0;539948.0;130
13208;201300014640;13;3;27;1520;1;2;1;1.0;3;55;70, BD SAINT JEAN;M;4327923.0;540893.0;130
13209;201300014641;13;1;10;715;2;2;1;1.0;6;55;RUE FRANCOIS MAURIAC;M;4327915.0;541703.0;130
13210;201300014642;13;4;1;455;2;2;2;1.0;2;55;RUE DE RUFFI;M;4331292.0;537052.0;130
13211;201300014643;13;3;31;2045;5;2;1;1.0;3;55;322, BD ROMAIN ROLLAND;M;4327176.0;540999.0;130
13212;201300014644;13;4;13;730;1;2;1;1.0;7;55;39, BD GAY LUSSAC;M;4333579.0;537453.0;130
13213;201300014645;13;5;2;1030;2;2;3;1.0;2;55;AVE DE SAINT ANTOINE;M;4337762.0;535626.0;130
13214;201300014646;13;4;27;200;5;2;2;2.0;6;55;00, RUE BRETEUIL;M;4329029.0;537582.0;130
13215;201300014647;13;4;25;635;2;2;3;1.0;3;55;358, RUE SAINT PIERRE;M;4329177.0;540896.0;130
13216;201300014648;13;4;8;1700;1;2;1;1.0;3;55;458, AVE DE SAINT ANTOIN;M;4338315.0;535829.0;130
13217;201300014649;13;3;11;900;1;2;1;1.0;3;55;RUE ALBERT EINSTEIN;;;;130
13218;201300014650;13;4;24;2130;5;2;1;1.0;3;55;152, AVE DE FRAIS VALLON;M;4332469.0;543513.0;130
13219;201300014651;13;5;2;1830;1;2;1;1.0;3;55;116, BD DE SAINT MARCEL;M;4328835.0;546282.0;130
13220;201300014652;13;2;27;1730;1;2;6;1.0;2;55;AVE ARNAVON;M;4333003.0;538778.0;130
13221;201300014653;13;4;24;1745;1;2;6;1.0;6;55;1, RPT HENRI MARTINET;M;4329760.0;547919.0;130
13222;201300014654;13;4;16;952;1;2;1;1.0;3;55;26, CRS JOSEPH THIERRY;M;4330037.0;538668.0;130
13223;201300014656;13;5;5;1300;1;2;1;2.0;5;55;38, BD BARRAL;M;4326425.0;539228.0;130
13224;201300014657;13;4;5;905;1;2;1;1.0;3;55;16, CRS LIEUTAUD;M;4329518.0;538174.0;130
13225;201300014658;13;4;23;10;5;2;2;1.0;3;55;BD FRANCOISE DUPARC;M;4330654.0;540101.0;130
13226;201300014659;13;4;23;1910;1;2;1;1.0;3;55;02, BD SAKAKINI;M;4329954.0;540073.0;130
13227;201300014660;13;4;27;1830;1;2;1;1.0;6;55;58, VOI LA CANEBIERE;M;4329726.0;538010.0;130
13228;201300014661;13;4;25;1630;1;2;1;1.0;6;55;6, BD JEAN MOULIN;M;4328675.0;539982.0;130
13229;201300014662;13;4;26;800;1;2;2;8.0;3;55;CRS GOUFFE;M;4328607.0;538700.0;130
13230;201300014663;13;2;22;1830;3;2;1;1.0;6;55;86, VSN PONT DE VIVAUX B;M;4328054.0;542079.0;130
13231;201300014664;13;5;8;1830;1;2;1;1.0;6;55;606, CHE DU LITTORAL;M;4335378.0;532867.0;130
13232;201300014666;13;3;2;1045;1;2;1;7.0;6;55;RUE FRANCOIS MAURIAC;M;4327559.0;541758.0;130
13233;201300014667;13;3;18;630;1;2;3;3.0;3;55;322, BD ROMAIN ROLLAND;M;4327131.0;540911.0;130
13234;201300014668;13;4;12;1820;1;2;6;1.0;6;55;19, AVE DE LA MARTHELINE;M;4324628.0;539880.0;130
13235;201300014669;13;4;15;1330;1;2;1;1.0;7;55;295, RUE PIERRE DOIZE;M;4327023.0;542317.0;130
13236;201300014670;13;4;17;1800;1;2;1;1.0;6;55;47, AVE DE LATTRE DE TAS;M;4324818.0;540615.0;130
13237;201300014672;13;5;6;1600;1;2;1;1.0;6;55;AVE FLORIAN;;;;130
13238;201300014673;13;3;29;750;1;2;1;1.0;2;55;43, BD VINCENT DELPUECH;M;4328289.0;539228.0;130
13239;201300014674;13;3;30;1700;1;2;3;1.0;3;55;20, AVE D HAITI;M;4329727.0;540729.0;130
13240;201300014675;13;3;31;1800;1;2;1;1.0;2;55;0000, AVE ALEXANDRE FLEM;;;;130
13241;201300014676;13;4;19;720;2;2;1;1.0;2;55;14, BD JEAN MOULIN;M;4328606.0;539897.0;130
13242;201300014677;13;5;7;200;5;2;4;1.0;1;55;50, BD VOLTAIRE;M;4330298.0;538491.0;130
13243;201300014678;13;3;15;1220;1;2;1;1.0;6;55;4, RUE RAYMOND TEISSEIRE;M;4327506.0;539647.0;130
13244;201300014680;13;4;25;1815;1;2;1;1.0;6;55;08, RUE RIVOIRE;M;4331357.0;537704.0;130
13245;201300014681;13;1;12;1445;1;2;1;1.0;6;55;01, BD JEAN EUGENE CABAS;M;4328603.0;541283.0;130
13246;201300014682;13;4;14;205;5;2;3;1.0;1;55;432, BD MICHELET;M;4325269.0;540227.0;130
13247;201300014683;13;3;18;1545;1;2;1;1.0;6;55;TRA DE LA MONTRE;M;4329312.0;547378.0;130
13248;201300014684;13;4;24;1120;1;2;2;1.0;3;55;RUE BREMOND;M;4332780.0;545310.0;130
13249;201300014685;13;4;26;2200;5;2;1;1.0;3;55;01, CHE DU LITTORAL;;;;130
13250;201300014686;13;3;31;1300;1;2;1;7.0;6;55;301, BD ROMAIN ROLLAND;M;4327250.0;541125.0;130
13251;201300014688;13;4;8;920;1;2;1;1.0;7;55;11, TRA DE POMEGUES;M;4325213.0;538392.0;130
13252;201300014689;13;4;10;830;1;2;3;1.0;2;55;2, AVE D' HAIFA;M;4325397.0;539428.0;130
13253;201300014690;13;4;13;1600;1;2;1;1.0;6;55;614, AVE DU PRADO;M;4326281.0;537585.0;130
13254;201300014691;13;4;17;1500;1;2;1;1.0;2;55;BD DE LA PUGETTE;M;4326818.0;540018.0;130
13255;201300014692;13;4;25;2100;5;2;1;1.0;7;55;98, TRA DE LA MONTRE;M;4329526.0;547892.0;130
13256;201300014693;13;4;20;1640;1;2;1;1.0;3;55;RUE RAYMOND TEISSEIRE;;;;130
13257;201300014694;13;1;22;1730;5;2;1;1.0;6;55;170, RPT COLLINE ST JOSE;;;;130
13258;201300014695;13;4;14;920;1;2;1;1.0;1;55;36, AVE FLORIAN;M;4328365.0;542697.0;130
13259;201300014696;13;1;18;1600;1;2;1;1.0;6;55;42, AVE DU VINGT QUATRE;M;4330779.0;542933.0;130
13260;201300014697;13;1;22;1100;1;2;1;1.0;3;55;162, BD DES LIBERATEURS;M;4330328.0;545421.0;130
13261;201300014698;13;1;31;1815;5;2;3;1.0;3;55;79, AVE DE LA FOURRAGERE;M;4329924.0;543039.0;130
13262;201300014699;13;5;7;1730;1;2;1;1.0;6;55;33, RUE DES TROIS ROIS;M;4329313.0;538539.0;130
13263;201300014700;13;4;3;900;1;2;1;1.0;6;55;1, RUE LOUIS REYBAUD;M;4329738.0;542695.0;130
13264;201300014701;13;4;6;1545;1;2;1;3.0;1;55;42, AVE DE GARLABAN;M;4329900.0;542259.0;130
13265;201300014702;13;4;9;845;1;2;1;1.0;6;55;270, RUE PARADIS;M;4328128.0;538193.0;130
13266;201300014703;13;4;10;1300;1;2;1;1.0;4;55;3, RTE DE LA VALENTINE;M;4329026.0;546344.0;130
13267;201300014704;13;4;10;1830;1;2;1;1.0;4;55;AVE DES PEINTRES ROUX;;;;130
13268;201300014705;13;4;12;1125;1;2;1;1.0;6;75;116, LIBERATION (AVE DE;M;4334213.0;545728.0;130
13269;201300014706;13;5;12;530;5;2;2;1.0;3;55;41, RUE DU DOCTEUR ESCAT;M;4328348.0;538235.0;130
13270;201300014707;13;2;1;2140;5;2;3;1.0;2;55;85, AVE COLGATE;M;4323265.0;540444.0;130
13271;201300014708;13;3;14;910;1;2;1;6.0;6;55;36, AVE DE LA CORSE;M;4328933.0;536314.0;130
13272;201300014709;13;3;14;1130;1;2;2;1.0;3;55;RUE DE SUEZ;M;4329131.0;535726.0;130
13273;201300014710;13;4;5;1145;1;2;1;1.0;6;55;54 bis, RUE DU DOCTEUR S;M;4329318.0;539801.0;130
13274;201300014711;13;4;30;1615;1;2;3;8.0;3;55;11, AVE DE LA CORSE;M;4328969.0;536525.0;130
13275;201300014712;13;4;10;1550;1;2;1;1.0;3;55;26, BD DE LA CORDERIE;M;4329060.0;537105.0;130
13276;201300014713;13;4;3;930;1;2;1;1.0;5;55;46, RUE CHALUSSET;M;4331682.0;539652.0;130
13277;201300014714;13;4;28;1830;1;2;1;2.0;2;55;BD DU CAPITAINE GEZE;;;;130
13278;201300014715;13;3;28;1500;1;2;1;3.0;2;55;86, BD NATIONAL;M;4330648.0;538304.0;130
13279;201300014716;13;3;4;1630;1;2;1;1.0;2;55;CHEMIN DE SAINTE MARTHE;;;;130
13280;201300014717;13;5;8;1630;1;2;1;1.0;7;55;RTE LEON LACHAMP;;;;130
13281;201300014718;13;3;27;1010;1;2;1;1.0;6;55;31, ALL TURCAT MERY;M;4328085.0;538859.0;130
13282;201300014719;13;4;15;900;1;2;1;1.0;7;55;01, PCE JOSEPH VIDAL;M;4325400.0;538151.0;130
13283;201300014720;13;4;18;1835;1;1;1;1.0;3;2;7, BAUQUIERE (CHEMIN DE;M;4333496.0;547797.0;130
13284;201300014721;13;4;19;1505;1;2;1;1.0;1;55;39, AVE DE SAINT BARNABE;M;4330408.0;541060.0;130
13285;201300014722;13;5;2;1255;1;2;1;1.0;3;55;RUE ALBERT EINSTEIN;;;;130
13286;201300014723;13;4;10;1350;1;2;1;1.0;3;55;1, RUE AUGUSTIN FRESNEL;M;4334281.0;544680.0;130
13287;201300014724;13;4;24;1855;1;2;1;1.0;3;55;107, AVE DES OLIVES;M;4332710.0;543681.0;130
13288;201300014725;13;5;3;845;1;2;1;1.0;6;55;87, AVE DE FRAIS VALLON;M;4332520.0;543377.0;130