;Num_Acc;an;mois;jour;hrmn;lum;agg;int;atm;col;com;adr;gps;lat;long;dep
13289;201300014726;13;4;11;1100;1;2;1;1.0;2;55;80, AVE DE LA CROIX ROUG;M;4333278.0;543593.0;130
13290;201300014727;13;4;30;1720;1;2;1;1.0;3;55;12, PCE BOUGAINVILLE;M;4331937.0;536843.0;130
13291;201300014728;13;5;15;600;1;2;1;1.0;7;55;BD RABATAU;;;;130
13292;201300014730;13;5;15;1300;1;2;2;1.0;6;55;106, BD DE PARIS;M;4330991.0;537020.0;130
13293;201300014731;13;5;8;1615;1;2;1;1.0;6;55;42, BD ROMAIN ROLLAND;M;4328003.0;542513.0;130
13294;201300014732;13;5;3;1845;1;2;6;1.0;3;55;1, PCE LOUIS BONNEFON;M;4325424.0;538195.0;130
13295;201300014733;13;4;10;1630;1;2;1;1.0;1;55;180, AVE DE SAINT LOUIS;M;4334947.0;535883.0;130
13296;201300014734;13;4;19;1150;1;2;2;1.0;3;55;RUE FONTAINIEU;M;4334740.0;537843.0;130
13297;201300014735;13;4;29;1800;1;2;1;2.0;3;55;126, AVE DES OLIVES;M;4332684.0;543732.0;130
13298;201300014736;13;5;13;2345;5;2;1;1.0;3;55;132, CHE DE SAINTE MARTH;M;4332491.0;538833.0;130
13299;201300014737;13;4;29;1610;1;2;1;1.0;6;55;105, RUE DE ROME;M;4329117.0;538077.0;130
13300;201300014738;13;3;2;1545;1;2;1;1.0;3;55;171, RUE DE ROME;M;4328812.0;538252.0;130
13301;201300014739;13;3;26;1300;1;2;1;1.0;2;55;0, RUE SAINT PIERRE;;;;130
13302;201300014740;13;5;7;1715;1;2;3;1.0;3;55;68, CHE DE LA COMMANDERI;M;4334208.0;536209.0;130
13303;201300014742;13;4;20;1140;1;2;2;2.0;5;55;16, CRS LIEUTAUD;M;4329517.0;538176.0;130
13304;201300014743;13;4;29;1400;1;2;1;1.0;4;55;39, BD D ARRAS;M;4330870.0;540124.0;130
13305;201300014744;13;5;7;1400;1;2;1;1.0;6;55;106, AVE DE LA CORSE;M;4328970.0;535681.0;130
13306;201300014745;13;3;26;1700;2;2;1;1.0;3;55;58, CHE DE LA COMMANDERI;M;4334105.0;536267.0;130
13307;201300014746;13;4;30;1630;1;2;1;1.0;6;55;IMP DE LA PRESENTATION;;;;130
13308;201300014747;13;5;1;1400;1;2;1;1.0;6;55;25, RUE CAISSERIE;M;4329681.0;536708.0;130
13309;201300014748;13;5;5;1300;1;2;1;1.0;2;55;BD DE PLOMBIERES;;;;130
13310;201300014749;13;5;7;1600;1;2;1;1.0;2;55;BD LEDRU ROLLIN;;;;130
13311;201300014750;13;4;30;1220;1;2;1;1.0;6;55;27, AVE JULES CANTINI;M;4328494.0;538549.0;130
13312;201300014751;13;3;4;720;1;2;1;1.0;6;55;00, AVE ALEXANDRE FLEMIN;;;;130
13313;201300014752;13;3;28;800;1;2;1;1.0;2;55;0, RUE GEORGE;;;;130
13314;201300014753;13;2;26;800;1;2;1;1.0;5;55;96, RTE DES CAMOINS;M;4329806.0;549825.0;130
13315;201300014754;13;4;15;2215;5;2;2;1.0;3;55;297, RUE DE LA SARIETTE;M;4330326.0;544979.0;130
13316;201300014756;13;4;30;800;1;2;1;8.0;3;55;425, BD ROMAIN ROLLAND;M;4326905.0;540437.0;130
13317;201300014757;13;3;11;2145;5;2;1;1.0;3;55;27, BD JEAN MOULIN;M;4328887.0;540027.0;130
13318;201300014758;13;4;20;1215;1;2;1;3.0;3;55;322, RUE PIERRE DOIZE;M;4327100.0;542478.0;130
13319;201300014759;13;2;14;1640;1;2;1;1.0;2;55;27, BD LEI ROURE;M;4326278.0;540892.0;130
13320;201300014760;13;4;18;815;1;2;1;1.0;7;55;49, RUE CAPITAINE GALINA;M;4328629.0;539880.0;130
13321;201300014761;13;4;25;1800;1;2;1;1.0;2;55;39, RUE AUGUSTIN AUBERT;M;4326772.0;540247.0;130
13322;201300014762;13;4;29;745;1;2;1;2.0;2;55;108, BD FRANCOISE DUPARC;M;4330624.0;540094.0;130
13323;201300014763;13;5;17;1430;1;2;1;1.0;1;55;RUE LA PARADE;;;;130
13324;201300014764;13;5;3;950;1;2;1;1.0;3;55;AVE DES PEINTRES ROUX;;;;130
13325;201300014765;13;5;13;1530;1;2;1;1.0;3;55;81, AVE WILLIAM BOOTH;M;4329491.0;544394.0;130
13326;201300014766;13;5;14;830;1;2;1;1.0;2;55;149, BD RABATAU;M;4327926.0;539927.0;130
13327;201300014767;13;5;2;1010;1;2;1;1.0;6;55;13, PRO GEORGES POMPIDOU;M;4326709.0;537243.0;130
13328;201300014768;13;5;20;1950;1;2;4;1.0;6;55;123, AVE DE MONTOLIVET;M;4330969.0;540862.0;130
13329;201300014769;13;5;3;815;1;2;1;1.0;2;55;AVE DE LA CROIX ROUGE;;;;130
13330;201300014770;13;4;19;2215;5;2;1;1.0;3;55;161, AVE DE LA VISTE;M;4336371.0;535709.0;130
13331;201300014771;13;5;16;145;5;2;1;2.0;7;55;146, BD PERIER;M;4327809.0;537781.0;130
13332;201300014772;13;5;18;1800;1;2;1;2.0;4;55;1, RPT PIERRE PARAF;M;4333019.0;538835.0;130
13333;201300014773;13;2;10;1610;1;1;1;2.0;3;2;CD46A (DE PICHAURIS A GR;;;;130
13334;201300014774;13;3;26;820;1;2;1;1.0;2;2;01, QUATRE SAISONS (ROUT;M;4333112.0;548854.0;130
13335;201300014775;13;4;11;945;1;2;4;1.0;3;55;194, AVE DU PRADO;M;4327709.0;538833.0;130
13336;201300014776;13;5;12;1619;1;2;3;1.0;6;75;99, FR?D?RIC CHEVILLON (;M;4334827.0;546517.0;130
13337;201300014777;13;2;4;1905;5;2;1;1.0;6;55;131, CHE DES BOURRELY;M;4338522.0;536440.0;130
13338;201300014778;13;5;17;1720;1;2;3;1.0;3;55;BD DES BASSINS DE RADOUB;M;4332668.0;535838.0;130
13339;201300014780;13;5;15;2025;2;2;4;2.0;3;55;12, CRS JULIEN;M;4329567.0;538257.0;130
13340;201300014781;13;4;19;1300;1;1;1;1.0;7;2;QUATRE SAISONS (ROUTE DE;;;;130
13341;201300014782;13;5;22;1545;1;2;1;1.0;3;55;0, AVE SAINT PAUL;;;;130
13342;201300014783;13;4;8;1345;1;2;1;1.0;7;55;22, RUE GAGLIARDO;M;4327784.0;537283.0;130
13343;201300014784;13;4;30;715;1;2;1;2.0;5;55;1, PRO GEORGES POMPIDOU;M;4326748.0;537203.0;130
13344;201300014785;13;5;10;1050;1;2;1;1.0;6;55;2, RUE MELCHION;M;4328803.0;538878.0;130
13345;201300014786;13;5;3;1320;1;2;1;1.0;5;55;TUN TUNNEL ST CHARLES /;;;;130
13346;201300014787;13;5;7;950;1;2;1;1.0;3;55;12, CRS LIEUTAUD;M;4329524.0;538173.0;130
13347;201300014788;13;5;10;400;5;2;1;1.0;6;55;24, RUE PARADIS;M;4329367.0;537667.0;130
13348;201300014789;13;3;14;840;1;2;1;1.0;2;55;2, AVE ALEXANDRE ANSALDI;M;4333066.0;540484.0;130
13349;201300014790;13;5;19;1700;1;2;2;1.0;6;55;80, Bd*ALBE;M;4331484.0;540770.0;130
13350;201300014791;13;5;21;850;1;2;2;1.0;6;55;17, RUE DU DOCTEUR ESCAT;M;4328373.0;538353.0;130
13351;201300014792;13;4;12;1020;1;2;1;1.0;6;55;17, BD DE PLOMBIERES;M;4331504.0;538736.0;130
13352;201300014793;13;5;10;1230;1;2;1;1.0;3;55;BD DE PLOMBIERES;;;;130
13353;201300014794;13;5;11;1540;1;2;1;1.0;6;55;07, BD RAYMOND FILLAT;M;4336358.0;530896.0;130
13354;201300014795;13;5;18;1345;1;2;6;3.0;3;55;Place*BOUGAINVILLE;M;4331930.0;536854.0;130
13355;201300014796;13;3;28;910;1;2;1;2.0;4;55;222, BD BAILLE;M;4328943.0;539676.0;130
13356;201300014797;13;4;30;1215;1;2;1;1.0;6;55;06, MARCHE DES CAPUCINS;M;4325972.0;537950.0;130
13357;201300014798;13;5;25;130;5;2;1;1.0;2;55;34, AVE DE LA CORSE;M;4328933.0;536324.0;130
13358;201300014800;13;5;18;1520;1;2;1;3.0;3;55;33, BD DU MARECHAL JUIN;M;4331177.0;540384.0;130
13359;201300014801;13;5;21;1354;1;2;1;1.0;3;55;14, RUE DU MONASTERE;M;4330172.0;540165.0;130
13360;201300014802;13;2;19;1600;1;2;6;1.0;3;55;2, RUE JAUFFRET;M;4328360.0;539908.0;130
13361;201300014803;13;5;16;1145;1;2;1;1.0;3;55;RUE ALBERT EINSTEIN;;;;130
13362;201300014805;13;4;4;1245;1;2;1;2.0;6;55;120, RUE LE CHATELIER;M;4334712.0;536868.0;130
13363;201300014806;13;5;4;2010;2;2;2;1.0;6;55;RUE ABRAM;M;4331824.0;536918.0;130
13364;201300014807;13;4;5;830;1;2;1;7.0;2;55;BD GUIGOU;;;;130
13365;201300014808;13;5;27;1310;1;2;6;1.0;3;55;1, RPT ALEXANDRE ET JERO;M;4329218.0;544585.0;130
13366;201300014809;13;5;27;1730;1;2;1;1.0;1;55;RUE LE CHATELIER;;;;130
13367;201300014810;13;5;27;1800;1;1;1;1.0;3;2;av PICHAURIS A greasqu;;;;130
13368;201300014811;13;5;22;2210;5;2;2;1.0;3;55;10, RUE ESPERANDIEU;M;4330253.0;539404.0;130
13369;201300014812;13;5;16;1640;1;2;1;1.0;2;55;AVE DE FRAIS VALLON;;;;130
13370;201300014813;13;5;28;830;1;1;1;2.0;6;55;RTE LEON LACHAMP;;;;130
13371;201300014814;13;5;27;830;1;2;1;1.0;4;55;38, AVE DE LA VISTE;M;4335562.0;535733.0;130
13372;201300014815;13;4;28;1635;1;2;1;2.0;1;55;229, CHE DE CHATEAU GOMB;M;4334611.0;542571.0;130
13373;201300014816;13;5;30;1150;1;2;6;1.0;3;55;RPT PROFESSEUR PIERRE GO;M;4324165.0;539709.0;130
13374;201300014817;13;5;28;1315;1;2;1;1.0;3;55;BD CHARLES MORETTI;M;4332348.0;538581.0;130
13375;201300014818;13;5;30;1935;1;2;1;1.0;3;55;PIERRE CHEVALIER (RUE);M;0.0;0.0;130
13376;201300014820;13;3;16;1720;1;2;1;1.0;6;55;4, AVE DU MARECHAL FOCH;M;4330254.0;539696.0;130
13377;201300014821;13;3;22;1400;1;2;1;1.0;1;55;27, RUE DU BOIS SACRE;M;4328212.0;536961.0;130
13378;201300014822;13;5;7;2200;5;2;1;1.0;6;55;84, RUE MONTE CRISTO;M;4329959.0;539649.0;130
13379;201300014823;13;3;25;1830;5;2;3;1.0;3;55;458, BD LYON;M;4334147.0;536036.0;130
13380;201300014824;13;3;24;544;5;2;2;3.0;6;55;00, CHE DU LITTORAL;M;4333594.0;535422.0;130
13381;201300014825;13;4;15;2035;5;2;2;1.0;3;55;126, CRS LIEUTAUD;M;4328910.0;538410.0;130
13382;201300014826;13;1;10;950;1;2;8;1.0;6;55;BD CHARLES MORETTI PROLO;;;;130
13383;201300014827;13;6;4;1130;1;2;1;1.0;6;55;359, RUE PARADIS;M;4327743.0;538355.0;130
13384;201300014828;13;6;4;2000;1;2;1;1.0;5;55;50, BD JEANNE D' ARC;M;4329361.0;540210.0;130
13385;201300014829;13;6;5;1530;1;2;1;1.0;4;55;55, AVE DE LATTRE DE TAS;M;4324721.0;540724.0;130
13386;201300014832;13;5;17;1630;1;2;1;1.0;6;55;178, RUE FELIX PYAT;M;4331962.0;537436.0;130
13387;201300014833;13;5;4;50;5;2;1;1.0;6;55;23, RUE FORT NOTRE DAME;M;4329228.0;537156.0;130
13388;201300014834;13;5;17;2225;5;2;2;1.0;3;55;11, RUE DE VILLAGE;M;4328795.0;538345.0;130
13389;201300014835;13;5;7;1210;1;2;1;1.0;6;55;152, AVE DU PRADO;M;4327937.0;538727.0;130
13390;201300014837;13;2;27;730;1;2;1;1.0;3;55;93, BD RABATAU;M;4327649.0;539756.0;130
13391;201300014838;13;4;22;1100;1;2;1;1.0;6;55;145, BD RABATAU;M;4327931.0;539928.0;130
13392;201300014839;13;5;10;1140;1;2;1;1.0;2;75;45, FR?D?RIC CHEVILLON (;M;4334639.0;546242.0;130
13393;201300014840;13;5;12;1600;1;2;1;1.0;3;55;104, BD DU SABLIER;M;4324963.0;538180.0;130
13394;201300014841;13;5;15;930;1;2;1;1.0;3;55;325, AVE DE MAZARGUES;M;4326087.0;539384.0;130
13395;201300014842;13;12;3;1040;1;1;1;1.0;6;55;63, VOI LA CANEBIERE;M;4329713.0;537972.0;130
13396;201300014843;13;5;16;720;1;2;6;2.0;7;75;142, LIBERATION (AVE DE;;;;130
13397;201300014844;13;5;18;1500;1;2;1;3.0;7;55;184, AVE DES PEINTRES RO;M;4329906.0;547818.0;130
13398;201300014845;13;5;30;1930;1;2;1;1.0;6;55;298, AVE DE SAINT ANTOIN;M;4337621.0;535615.0;130
13399;201300014846;13;4;16;2000;1;2;4;1.0;1;55;1, RUE DE NAZARETH;M;4328726.0;546401.0;130
13400;201300014847;13;4;30;1315;1;2;1;1.0;3;55;70, BD RABATAU;M;4327545.0;539596.0;130
13401;201300014848;13;4;30;900;1;2;1;1.0;3;55;65, AVE DU PRADO;M;4328248.0;538586.0;130
13402;201300014849;13;12;7;130;5;2;1;1.0;7;55;84, COR PRESIDENT JOHN F;M;4328427.0;534975.0;130
13403;201300014850;13;5;19;1930;1;2;1;1.0;3;55;45, BD FRANCOISE DUPARC;M;4330293.0;540075.0;130
13404;201300014851;13;5;26;250;5;2;1;1.0;2;55;20, BD JEAN MOULIN;M;4328629.0;539909.0;130
13405;201300014852;13;6;6;755;2;1;1;1.0;1;2;ETIENNE CUCCA-CD908 (AVE;;;;130
13406;201300014853;13;5;27;1740;1;2;4;2.0;6;55;2, AVE DE DELPHES;M;4328529.0;538831.0;130
13407;201300014854;13;5;27;1910;1;2;1;1.0;6;55;9, RUE DU BERCEAU;M;4328848.0;539506.0;130
13408;201300014855;13;5;13;1725;1;2;1;1.0;6;55;19, AVE CLOT BEY;M;4326190.0;538764.0;130
13409;201300014856;13;5;17;400;5;2;2;2.0;3;55;27, CRS PIERRE PUGET;M;4329028.0;537579.0;130
13410;201300014857;13;5;18;1515;1;2;1;6.0;7;55;RTE LEON LACHAMP;;;;130
13411;201300014858;13;5;25;730;1;2;3;2.0;3;55;84, VSN MORGIOU CHE;M;4324255.0;540635.0;130
13412;201300014860;13;4;29;1045;1;2;1;2.0;6;55;42, AVE DE LA VISTE;M;;;130
13413;201300014861;13;5;10;1200;1;2;1;1.0;3;55;1, TRA DU PRIEUR;M;4334250.0;535991.0;130
13414;201300014863;13;5;24;700;1;2;1;1.0;6;55;18, AVE DU VINGT QUATRE;M;4330777.0;542685.0;130
13415;201300014865;13;5;26;530;2;2;1;1.0;2;55;4, PCE ERNEST DELIBES;M;4327907.0;538284.0;130
13416;201300014866;13;5;26;1100;1;2;1;1.0;6;55;118, RTE DE LA VALENTINE;M;4329078.0;547258.0;130
13417;201300014869;13;5;14;1815;1;2;1;1.0;4;55;168, RUE LOUIS REGIS;M;4328824.0;550135.0;130
13418;201300014870;13;5;23;1410;1;2;1;1.0;4;55;68, RTE DES CAMOINS;M;4329728.0;549554.0;130
13419;201300014871;13;5;24;2040;1;2;1;1.0;6;55;TRA CHARLES SUSINI;;;;130
13420;201300014872;13;6;6;1804;1;2;4;1.0;7;55;AVE FRANCOIS MIGNET;M;4332933.0;542772.0;130
13421;201300014873;13;5;13;1630;1;2;1;1.0;6;55;11, BD NATIONAL;M;4330212.0;538714.0;130
13422;201300014874;13;4;15;1245;1;2;1;1.0;5;55;RUE LE CHATELIER;M;4334646.0;536675.0;130
13423;201300014875;13;6;7;805;1;2;6;1.0;3;75;39, LOUIS PASTEUR (AVE);M;4335330.0;546692.0;130
13424;201300014876;13;6;20;1250;1;2;1;1.0;2;55;CHE DE SAINT LOUIS AU RO;;;;130
13425;201300014877;13;6;9;15;5;2;1;1.0;3;55;397, RUE PARADIS;M;4327528.0;538441.0;130
13426;201300014878;13;4;12;10;5;2;1;2.0;6;55;1, AVE JEAN PAUL SARTRE;M;4331409.0;540628.0;130
13427;201300014879;13;5;30;1430;1;2;1;1.0;4;55;98, BD FRANCOISE DUPARC;M;4330532.0;540089.0;130
13428;201300014880;13;6;3;2100;1;2;1;1.0;6;55;37, RUE DE ROME;M;4329435.0;537897.0;130
13429;201300014881;13;4;29;1900;1;2;1;2.0;2;55;69, AVE D' HAIFA;M;4325049.0;538936.0;130
13430;201300014882;13;5;16;1045;1;2;3;1.0;7;55;68, RUE PAUL LUCCHESI;M;4327685.0;540835.0;130
13431;201300014883;13;5;29;2000;1;2;1;2.0;6;55;140, AVE VITON;M;4325813.0;540988.0;130
13432;201300014884;13;5;10;1520;1;2;1;1.0;6;55;213, RUE CHARLES KADDOUZ;M;4331733.0;543814.0;130
13433;201300014885;13;4;5;1450;1;2;1;1.0;6;55;23, RUE PAUL COXE;M;4334694.0;537811.0;130
13434;201300014886;13;5;4;1450;1;2;1;1.0;2;55;181, CHE DES JONQUILLES;M;4332085.0;543884.0;130
13435;201300014888;13;5;25;920;1;2;1;1.0;3;55;1, RUE JEAN QUEILLAU;;;;130
13436;201300014889;13;5;29;1625;1;2;1;1.0;7;2;206, QUATRE SAISONS (ROU;M;4332963.0;548998.0;130
13437;201300014890;13;5;24;1245;1;2;1;1.0;3;2;28, 7EME TIRAILLEURS ALG;M;4333851.0;547941.0;130
13438;201300014891;13;5;23;915;1;2;1;1.0;3;55;252, AVE DES OLIVES;M;4332390.0;544419.0;130
13439;201300014892;13;5;10;1055;1;2;1;1.0;4;55;AVE DE SAINT MENET;;;;130
13440;201300014893;13;5;23;1440;1;2;1;1.0;6;55;222, RUE SAINT PIERRE;M;4329257.0;540063.0;130
13441;201300014894;13;5;24;1430;1;2;3;1.0;3;55;8, BD DUGOMMIER;M;4329830.0;538094.0;130
13442;201300014895;13;5;27;805;1;2;1;1.0;1;55;RUE DU PLATEAU CHERCHELL;;;;130
13443;201300014896;13;5;25;1030;1;2;1;1.0;2;55;235, BD DE LA LIBERATION;M;4330265.0;539628.0;130
13444;201300014897;13;5;30;830;1;2;1;1.0;7;55;QAI DE RIVE NEUVE;M;4329400.0;537374.0;130
13445;201300014898;13;5;30;1230;1;2;1;1.0;3;55;PCE DES MARSEILLAISES;M;4330143.0;537983.0;130
13446;201300014899;13;6;1;2000;5;2;2;1.0;4;55;23, RUE ROGER BRUN;M;4328630.0;539136.0;130
13447;201300014901;13;5;24;750;1;2;1;1.0;6;55;1, BD DE LA BLANCARDE;M;4330267.0;539708.0;130
13448;201300014902;13;6;4;1230;1;2;1;1.0;3;55;37, AVE JULES CANTINI;M;4328443.0;538643.0;130
13449;201300014903;13;5;11;1900;1;2;1;1.0;3;55;181, BD BAILLE;M;4328902.0;539528.0;130
13450;201300014904;13;5;13;900;1;2;1;1.0;6;55;03, PCE SADI CARNOT;M;4329929.0;537161.0;130
13451;201300014905;13;4;10;1845;1;2;1;1.0;2;55;RPT LOUIS NATTERO;;;;130
13452;201300014906;13;5;6;1100;1;2;1;1.0;6;55;2, AVE BENJAMIN DELESSER;M;4328228.0;540512.0;130
13453;201300014907;13;5;7;740;2;2;1;1.0;2;55;166, AVE DE HAMBOURG;M;4324711.0;539334.0;130
13454;201300014908;13;5;10;1745;1;2;1;1.0;6;55;30, AVE DU PRADO;M;4328388.0;538456.0;130
13455;201300014909;13;5;17;730;1;2;1;1.0;6;55;395, BD MICHELET;M;4325392.0;540184.0;130
13456;201300014910;13;5;20;1840;1;2;6;1.0;3;55;RPT VALENTINE SABLIERE S;M;4329012.0;547656.0;130
13457;201300014911;13;5;22;1035;1;2;1;1.0;2;55;163, BD RABATAU;M;4328196.0;539953.0;130
13458;201300014912;13;5;24;905;1;2;1;1.0;6;55;1, BD VELASQUEZ;M;4324292.0;538655.0;130
13459;201300014913;13;5;25;945;1;2;3;1.0;3;55;47, BD PERIER;M;4327927.0;538413.0;130
13460;201300014914;13;4;8;1730;1;2;3;1.0;6;55;0, RUE KLEBER PROLONGEE;M;4331029.0;537704.0;130
13461;201300014915;13;6;10;1912;1;2;1;1.0;2;55;13, RUE JORGI REBOUL;;;;130
13462;201300014916;13;3;11;1800;5;2;1;1.0;4;55;CHE DU ROY D' ESPAGNE;;;;130
13463;201300014917;13;5;30;2255;5;2;1;1.0;6;55;20, CR DE LA VALBARELLE;M;4328625.0;544396.0;130
13464;201300014918;13;6;2;1930;1;2;1;1.0;6;75;132, LIBERATION (AVE DE;M;4334332.0;545791.0;130
13465;201300014919;13;5;24;1150;1;2;1;1.0;6;55;17, RUE MARIUS BRIATA;M;4332035.0;543895.0;130
13466;201300014920;13;5;26;915;1;2;1;1.0;3;55;654, CHE DU LITTORAL;M;4335508.0;532783.0;130
13467;201300014921;13;2;25;1620;1;1;1;1.0;3;55;591, CHE DU LITTORAL;M;4335508.0;532781.0;130
13468;201300014922;13;3;6;900;1;2;1;2.0;7;55;2, CHE DE LA COMMANDERIE;M;4333902.0;536241.0;130
13469;201300014923;13;6;4;1500;1;2;1;1.0;7;55;65, CHE DE LA PARETTE;M;4329353.0;542508.0;130
13470;201300014924;13;5;30;1545;1;2;1;1.0;2;55;208, RUE SAINT PIERRE;M;4329250.0;539836.0;130
13471;201300014925;13;5;30;1800;1;2;1;1.0;6;55;83, RUE SAINT PIERRE;M;4329278.0;539055.0;130
13472;201300014926;13;5;12;1855;1;2;1;1.0;4;55;VOL LESSEPS / PASSERELLE;;;;130
13473;201300014927;13;5;21;1025;1;2;1;1.0;2;55;AVE ARNAVON;;;;130
13474;201300014928;13;5;30;1400;1;2;1;1.0;2;55;53, AVE FRANCOIS MIGNET;M;4333184.0;542869.0;130
13475;201300014929;13;6;5;1930;1;2;1;1.0;7;55;124, BD DE PARIS;M;4331057.0;536981.0;130
13476;201300014931;13;6;16;2345;5;1;1;1.0;7;106;17, BEDOULE (CHEMIN DE L;M;4339938.0;535528.0;130
13477;201300014932;13;6;13;1830;1;2;1;1.0;7;55;28, BD DU COMMANDANT FIN;M;4333127.0;538476.0;130
13478;201300014933;13;5;7;1720;1;2;1;1.0;3;55;16, RUE ANTOINE FORTUNE;M;4323957.0;540385.0;130
13479;201300014934;13;6;8;1630;1;1;1;1.0;3;75;1, TERMES (ALLEE DES);M;4333915.0;545567.0;130
13480;201300014935;13;5;27;1530;1;2;1;1.0;6;55;2, AVE JEAN LOMBARD;M;4328991.0;542638.0;130
13481;201300014936;13;2;3;2000;4;2;3;1.0;1;55;72, AVE DE TOULON;M;4328386.0;539623.0;130
13482;201300014937;13;3;14;1400;2;2;1;1.0;2;55;42, BD DE PONT DE VIVAUX;M;4327999.0;541917.0;130
13483;201300014938;13;5;24;1330;1;2;1;1.0;6;55;190, RUE DU ROUET;M;4327593.0;539524.0;130
13484;201300014939;13;4;8;1540;1;2;1;1.0;3;55;1, PIERRE CHEVALIER (RUE;;;;130
13485;201300014940;13;5;29;1220;1;2;1;1.0;6;55;04, BD DE L' HUVEAUNE;M;4327177.0;540569.0;130
13486;201300014941;13;6;6;1720;1;2;1;1.0;6;55;AVE FLORIAN;;;;130
13487;201300014942;13;5;26;1130;1;2;1;1.0;3;55;20, ALL LEON GAMBETTA;M;4329908.0;538203.0;130
13488;201300014943;13;5;30;1235;1;2;1;1.0;3;55;35, AVE DE LA CORSE;M;4328933.0;536330.0;130
13489;201300014944;13;6;4;2000;1;2;1;1.0;3;55;6, RUE SAINT BRUNO;M;4330615.0;540172.0;130
13490;201300014945;13;6;6;1645;1;2;1;1.0;6;55;79, AVE ROGER SALENGRO;M;4331330.0;537133.0;130
13491;201300014946;13;6;7;1526;1;2;1;1.0;3;55;1, BD GARIBALDI;M;4329751.0;538107.0;130
13492;201300014947;13;5;2;1650;1;2;1;1.0;6;55;288, RUE PARADIS;M;4328055.0;538225.0;130
13493;201300014948;13;5;25;1115;1;2;1;1.0;6;55;01, AVE DE LA PANOUSE;M;4325705.0;541916.0;130
13494;201300014949;13;5;30;810;1;2;1;1.0;3;55;09, TRA DE LA SOLITUDE;M;4328181.0;550215.0;130
13495;201300014950;13;5;30;1330;2;2;1;1.0;3;55;BD SCHLOESING;;;;130
13496;201300014951;13;4;22;1110;1;2;1;1.0;4;55;7, RUE MALAVAL;M;4330340.0;537028.0;130
13497;201300014952;13;6;6;1610;1;2;1;1.0;7;55;1, AVE ALEXANDRE FLEMING;M;4331631.0;540020.0;130
13498;201300014953;13;5;16;1430;1;2;1;1.0;3;55;1, VAC DELMONT GRAND LIT;;;;130
13499;201300014954;13;4;29;755;1;2;3;1.0;3;55;77, AVE DE LA VISTE;M;4335744.0;535748.0;130
13500;201300014955;13;5;14;1430;2;2;1;1.0;3;55;25, RUE GRAND RUE;;;;130
13501;201300014957;13;5;24;500;5;2;1;1.0;2;55;74, AVE ALEXANDRE ANSALD;M;4333066.0;540526.0;130
13502;201300014959;13;6;5;950;1;2;6;1.0;3;55;RPT PIERRE PARAF;M;4332960.0;538829.0;130
13503;201300014960;13;6;3;1900;1;1;1;1.0;6;55;26, RUE COLBERT;M;4329936.0;537290.0;130
13504;201300014962;13;5;24;1545;1;2;1;1.0;3;55;AVE DE LA CROIX ROUGE;;;;130
13505;201300014963;13;6;3;2305;5;2;3;1.0;3;55;16, CRS BELSUNCE;M;4329743.0;537709.0;130
13506;201300014964;13;5;27;1610;1;2;1;1.0;6;55;1, TRA DE LA BAUME LOUBI;M;4335172.0;543372.0;130
13507;201300014965;13;5;31;2000;1;2;1;1.0;3;55;19, TRA DE LA TREVARESSE;M;4329725.0;540854.0;130
13508;201300014966;13;6;18;1200;1;2;1;1.0;2;2;351, JEAN GIONO (AVENUE);M;4333225.0;548461.0;130
13509;201300014967;13;5;26;1545;1;2;2;1.0;7;55;0, RUE RAYMOND TEISSEIRE;M;4326919.0;540285.0;130
13510;201300014968;13;4;20;1705;1;2;1;2.0;2;55;120, AVE JEAN PAUL SARTR;M;4332888.0;543137.0;130
13511;201300014969;13;5;19;840;1;2;2;1.0;3;55;AVE JEAN PAUL SARTRE;M;4332514.0;542333.0;130
13512;201300014971;13;6;18;1645;1;2;1;1.0;6;55;25, RUE LANTHIER;M;4330859.0;537169.0;130
13513;201300014973;13;4;18;1405;1;2;2;1.0;3;55;1, RUE D' ITALIE;M;4328956.0;538239.0;130
13514;201300014974;13;4;19;1545;1;2;1;1.0;2;55;227, RPT JEAN MOULIN ST;M;4329237.0;540115.0;130
13515;201300014975;13;4;26;1000;1;2;1;1.0;6;55;38, RUE DU COQ;M;4330123.0;538641.0;130
13516;201300014976;13;5;7;2000;1;2;1;1.0;6;55;3, RUE DU DOCTEUR SIMONE;M;4329489.0;539794.0;130
13517;201300014977;13;5;31;2030;1;2;1;1.0;6;55;75, BD GUIGOU;M;4331384.0;539519.0;130
13518;201300014978;13;6;18;1930;1;2;1;1.0;1;55;RUE MAHBOUBI TIR;;;;130
13519;201300014980;13;3;12;845;1;2;3;1.0;3;55;12, ALL LEON GAMBETTA;M;4329912.0;538159.0;130
13520;201300014981;13;5;10;1250;1;2;1;1.0;3;55;08, BD BAILLE;M;4328629.0;538540.0;130
13521;201300014982;13;5;16;1630;1;1;1;1.0;2;55;TUN TUNNEL JOLIETTE;;;;130
13522;201300014983;13;6;11;1600;1;2;1;1.0;6;55;20, BD DE LA LIBERATION;M;4329958.0;538691.0;130
13523;201300014984;13;6;12;20;5;2;1;1.0;6;55;11, RUE HENRI BARBUSSE;M;4329786.0;537407.0;130