;Num_Acc;an;mois;jour;hrmn;lum;agg;int;atm;col;com;adr;gps;lat;long;dep
13524;201300014985;13;4;13;2150;5;2;1;1.0;6;55;38, AVE JEAN LOMBARD;M;4328893.0;542902.0;130
13525;201300014986;13;5;21;1700;1;2;1;1.0;3;2;533, PROVENCE (AVENUE DE;M;4332789.0;548297.0;130
13526;201300014987;13;6;12;2220;5;2;1;1.0;1;55;129, AVE DES OLIVES;M;4332659.0;543804.0;130
13527;201300014988;13;6;20;800;1;2;9;1.0;3;55;75, RTE D ENCO DE BOTTE;M;4331633.0;546906.0;130
13528;201300014989;13;6;1;1725;1;2;1;1.0;6;55;00, CRS PIERRE PUGET;;;;130
13529;201300014990;13;3;29;1000;1;1;1;1.0;2;55;33, AVE DU MERLAN;M;4333486.0;540757.0;130
13530;201300014992;13;4;22;1630;1;2;1;1.0;6;55;11, BD DE PARIS;M;4330588.0;537245.0;130
13531;201300014993;13;4;23;1815;1;2;1;1.0;3;55;251, AVE ROGER SALENGRO;M;4332084.0;536757.0;130
13532;201300014994;13;4;30;1100;1;2;1;1.0;2;55;BD BASILE BARRELIER;;;;130
13533;201300014995;13;5;10;1730;1;2;1;1.0;7;55;10, BD MIRABEAU;M;4331434.0;536982.0;130
13534;201300014996;13;5;13;705;1;2;4;1.0;2;55;1, RUE FELIX PYAT;M;4332000.0;537435.0;130
13535;201300014997;13;5;27;1305;1;2;1;1.0;6;55;105, RUE DE LA REPUBLIQU;M;4330466.0;536729.0;130
13536;201300014998;13;5;27;1700;1;2;1;1.0;6;55;185, CHE DE SAINTE MARTH;M;4332914.0;538784.0;130
13537;201300014999;13;5;28;1345;1;2;4;1.0;3;55;BD ROGER CHIEUSSE;M;4336293.0;531646.0;130
13538;201300015000;13;6;9;1400;1;2;1;1.0;6;55;3, RUE FRANCOIS MASSABO;M;4330485.0;537115.0;130
13539;201300015001;13;6;11;905;1;2;1;1.0;6;55;11, AVE DES AYGALADES;M;4333096.0;536637.0;130
13540;201300015002;13;6;12;1910;1;2;1;1.0;4;55;108, AVE ALEXANDRE FLEMI;M;4331471.0;540379.0;130
13541;201300015003;13;6;13;1630;1;2;1;1.0;4;55;RUE DE PEYPIN;;;;130
13542;201300015004;13;6;15;2215;3;2;1;1.0;2;55;1, CHE DU LITTORAL;M;4333108.0;535489.0;130
13543;201300015006;13;6;23;300;3;2;3;1.0;7;55;1, RUE SABATER;M;4327815.0;536887.0;130
13544;201300015007;13;6;10;1150;1;2;1;1.0;2;55;163, RUE DE LYON;M;4333043.0;536513.0;130
13545;201300015009;13;6;17;1523;1;2;1;1.0;2;55;22, CHE DE LA COLLINE SA;M;4325447.0;541261.0;130
13546;201300015011;13;6;22;1730;1;2;2;1.0;5;55;16, RUE EMILE DUCLAUX;M;4329682.0;540397.0;130
13547;201300015012;13;5;14;2015;1;2;1;1.0;7;55;01, BD D ATHENES;M;4329906.0;538079.0;130
13548;201300015013;13;6;26;1435;1;2;2;1.0;3;55;12, RUE DE LA REPUBLIQUE;M;4329692.0;537363.0;130
13549;201300015014;13;6;7;1005;1;2;1;1.0;2;55;00, RPT RUE BERTHIER ST;M;4329468.0;543329.0;130
13550;201300015015;13;6;8;1020;1;2;1;1.0;2;55;00, RTE D' ALLAUCH;;;;130
13551;201300015016;13;6;14;1330;1;2;1;1.0;6;55;00, AVE DE CHATEAU GOMBE;;;;130
13552;201300015017;13;6;25;715;1;2;2;1.0;3;55;RUE DE LOCARNO;M;4329400.0;539578.0;130
13553;201300015018;13;5;2;1150;1;2;1;1.0;6;55;215, AVE DE MAZARGUES;M;4326442.0;539192.0;130
13554;201300015019;13;6;18;1630;1;2;1;1.0;6;55;8, BD EUGENE PIERRE;M;4329825.0;539053.0;130
13555;201300015020;13;6;27;2330;5;2;3;1.0;3;55;366, RUE SAINT PIERRE;M;4329177.0;540896.0;130
13556;201300015021;13;6;28;1;4;2;1;1.0;6;55;120, BD DE LA CORDERIE;M;4328990.0;536666.0;130
13557;201300015022;13;7;1;1000;1;2;1;1.0;7;55;89, CRS JULIEN;M;4329261.0;538396.0;130
13558;201300015023;13;7;1;400;5;2;1;1.0;6;55;240, RUE DU COMMANDANT R;M;4326606.0;537346.0;130
13559;201300015024;13;6;1;220;5;2;1;1.0;6;55;3, CRS JULIEN;M;4329511.0;538281.0;130
13560;201300015025;13;6;13;1100;1;2;3;1.0;2;55;17, RUE JEANNE DE CHANTA;M;4330176.0;540245.0;130
13561;201300015026;13;6;14;825;1;2;1;1.0;3;55;20, BD CAMILLE FLAMMARIO;M;4330412.0;538750.0;130
13562;201300015027;13;6;18;2030;1;2;1;1.0;6;55;84, RUE SAINT SAVOURNIN;M;4329678.0;538709.0;130
13563;201300015028;13;6;18;2113;5;2;1;1.0;7;55;30, RUE DU PETIT SAINT J;M;4329894.0;537853.0;130
13564;201300015029;13;6;18;1815;1;2;2;1.0;3;55;106, COR PRESIDENT JOHN;M;4328346.0;535021.0;130
13565;201300015030;13;5;30;1210;1;2;4;1.0;2;55;BD DE LA GLACIERE;M;4331766.0;538914.0;130
13566;201300015031;13;6;7;845;1;2;2;1.0;3;55;RUE DU MARCHE;M;4331824.0;536918.0;130
13567;201300015032;13;3;20;1600;1;2;1;1.0;6;55;40, RUE KRUGER;M;4330972.0;539975.0;130
13568;201300015033;13;6;3;1000;1;2;2;1.0;1;55;130, CRS LIEUTAUD;M;4328910.0;538410.0;130
13569;201300015034;13;6;4;1715;1;2;1;1.0;1;55;67, CRS FRANKLIN ROOSEVE;M;4329887.0;538957.0;130
13570;201300015035;13;6;11;1400;1;2;1;1.0;6;55;78, BD CHAVE;M;4329528.0;539152.0;130
13571;201300015036;13;6;13;1700;1;2;1;1.0;6;55;187, RUE DU CAMAS;M;4329311.0;539972.0;130
13572;201300015038;13;6;25;830;1;2;2;1.0;3;55;102, RUE PARADIS;M;4328921.0;537863.0;130
13573;201300015039;13;6;26;735;1;2;1;1.0;4;55;33, BD DU MARECHAL JUIN;M;4331140.0;540363.0;130
13574;201300015041;13;5;6;1730;1;2;1;1.0;6;55;80, CHEMIN VICINAL DE LA;M;4328916.0;549922.0;130
13575;201300015042;13;5;21;830;1;2;1;1.0;3;55;201, BD MICHELET;M;4326320.0;539656.0;130
13576;201300015044;13;3;20;1715;2;2;1;1.0;4;55;1, AVE DES PEINTRES ROUX;M;4330868.0;546709.0;130
13577;201300015046;13;4;13;1745;1;2;1;1.0;3;55;01, AVE VITON;M;4326203.0;540444.0;130
13578;201300015047;13;4;26;905;1;2;3;1.0;3;55;360, RUE PARADIS;M;4327716.0;538365.0;130
13579;201300015048;13;5;15;1215;1;2;1;1.0;3;55;9, CHE DU VAL DES BOIS;M;4326397.0;542276.0;130
13580;201300015049;13;5;15;1715;1;2;1;1.0;6;55;47, BD DEBORD;M;4331291.0;541613.0;130
13581;201300015050;13;5;22;1945;2;2;3;1.0;3;55;196, BD DU REDON;M;4324946.0;542264.0;130
13582;201300015051;13;6;3;1345;1;2;6;1.0;2;55;05, RUE AVIATEUR LE BRIX;M;4326277.0;540458.0;130
13583;201300015052;13;3;21;1645;1;2;1;1.0;6;55;127, VSN MICHELET CONTRE;M;4326659.0;539462.0;130
13584;201300015053;13;3;20;915;1;2;1;1.0;6;55;305 A, VSN PRADO PLAGE C;M;4327186.0;539034.0;130
13585;201300015054;13;4;17;1030;1;2;1;1.0;6;55;07, RUE FARGES;M;4328076.0;538521.0;130
13586;201300015055;13;5;2;2040;1;2;2;1.0;3;55;142, BD MIREILLE LAUZE;M;4328332.0;541282.0;130
13587;201300015056;13;5;10;930;1;2;1;1.0;3;55;32, BD FERNAND BONNEFOY;M;4328030.0;540059.0;130
13588;201300015057;13;7;2;1600;1;2;1;1.0;6;55;AVE DES PINS;M;4332047.0;545558.0;130
13589;201300015058;13;5;26;1330;1;2;1;1.0;6;55;0, BD DU REDON;;;;130
13590;201300015059;13;5;28;1040;1;2;6;1.0;3;55;RPT CHARLES HUMEL;;;;130
13591;201300015060;13;6;4;1030;1;2;2;1.0;3;55;0, RUE HORACE BERTIN;M;4329580.0;539159.0;130
13592;201300015061;13;6;25;1815;1;2;1;1.0;6;55;AVE DE SAINT MENET;;;;130
13593;201300015062;13;6;26;2210;5;2;1;1.0;6;55;07, PCE PIERRE BROSSOLET;M;4330677.0;540027.0;130
13594;201300015063;13;6;13;1300;1;2;1;1.0;6;55;ALL DE LA ROUGUIERE;;;;130
13595;201300015064;13;6;11;1840;1;2;1;1.0;1;55;1, RUE DOMINIQUE PIAZZA;M;4324981.0;542945.0;130
13596;201300015065;13;6;14;900;1;2;1;1.0;3;55;592, AVE DE MAZARGUES;M;4325283.0;539463.0;130
13597;201300015066;13;6;17;1530;1;2;1;1.0;6;55;58, AVE DE LATTRE DE TAS;M;4324713.0;540733.0;130
13598;201300015067;13;5;27;700;1;2;2;1.0;3;55;CHE DU MERLAN A LA ROSE;M;4333113.0;540617.0;130
13599;201300015068;13;6;26;1100;1;2;1;1.0;3;55;149, PGE DE L' ESTAQUE;M;4336205.0;530905.0;130
13600;201300015069;13;5;22;1420;1;2;1;1.0;6;55;RUE EDOUARD CALVET;;;;130
13601;201300015070;13;6;18;1710;1;2;1;1.0;2;55;1, CHE DE SAINT ANTOINE;M;4336570.0;535684.0;130
13602;201300015071;13;6;19;830;1;2;3;1.0;3;55;RUE DE LA*MAURELLE;M;4332654.0;543814.0;130
13603;201300015072;13;6;20;1220;1;2;1;1.0;2;55;141, TRA CHARLES SUSINI;M;4334106.0;541106.0;130
13604;201300015073;13;6;21;1850;1;2;1;1.0;2;55;1, RUE BERTHE SYLVA;;;;130
13605;201300015074;13;6;17;1620;1;2;1;1.0;1;55;9, CV DES BESSONS;M;4334066.0;539170.0;130
13606;201300015075;13;6;17;1210;1;2;1;1.0;6;55;8, AVE DU CASTELLAS;M;4335020.0;537604.0;130
13607;201300015076;13;6;16;1755;1;2;3;1.0;3;55;BD NOTRE DAME DE SANTA C;M;4334105.0;540665.0;130
13608;201300015077;13;6;17;1015;1;2;1;1.0;3;55;10, PGE DE L' ESTAQUE;M;4335970.0;531646.0;130
13609;201300015078;13;6;21;730;1;2;1;1.0;3;55;78, AVE DE LA CROIX ROUG;M;4333260.0;543545.0;130
13610;201300015079;13;4;5;930;1;2;3;1.0;3;55;AVE DU MARCHE NATIONAL;M;4334108.0;537728.0;130
13611;201300015080;13;4;9;1155;1;2;1;1.0;6;55;212, AVE WILLIAM BOOTH;M;4329639.0;544827.0;130
13612;201300015082;13;6;17;2145;5;2;2;1.0;3;55;9, RUE ABRAM;M;4331824.0;536918.0;130
13613;201300015083;13;6;23;1710;1;2;2;1.0;3;55;RUE D' ORANGE;M;4331319.0;538626.0;130
13614;201300015084;13;6;27;1815;1;2;1;1.0;3;55;54, BD LAVERAN;M;4332782.0;541375.0;130
13615;201300015085;13;7;2;645;1;2;1;1.0;4;55;BD DANIELLE CASANOVA PRO;;;;130
13616;201300015086;13;5;22;1000;1;2;1;1.0;6;55;05, RUE ANTOINE PONS;M;4329671.0;540208.0;130
13617;201300015087;13;6;25;810;1;2;1;1.0;2;55;AVE DE LA CROIX ROUGE;;;;130
13618;201300015088;13;6;9;1700;1;2;2;1.0;3;55;AVE DE LA ROSE;M;4332638.0;542143.0;130
13619;201300015089;13;6;22;1730;1;2;1;1.0;3;55;366, AVE DES POILUS;M;4331300.0;546385.0;130
13620;201300015090;13;7;5;1045;1;2;1;1.0;2;55;1, PCE SEBASTOPOL;M;4329967.0;539772.0;130
13621;201300015091;13;7;5;1438;1;2;1;1.0;3;55;1, AVE DU MARCHE NATIONA;M;4334050.0;537858.0;130
13622;201300015092;13;7;8;655;1;2;1;1.0;5;55;215, AVE DU PRADO;M;4327611.0;538927.0;130
13623;201300015093;13;7;8;1820;1;2;1;1.0;6;55;148, RUE FELIX PYAT;M;4331833.0;537485.0;130
13624;201300015094;13;6;16;1630;1;2;1;1.0;3;55;272, BD CHAVE;M;4329594.0;540232.0;130
13625;201300015095;13;6;24;1050;1;2;1;1.0;3;55;88, CHE DE SAINTE MARTHE;M;4332251.0;538942.0;130
13626;201300015096;13;6;28;1;5;2;2;1.0;3;55;10, RUE DE LA REPUBLIQUE;M;4329692.0;537363.0;130
13627;201300015097;13;7;9;1600;1;2;1;1.0;4;55;0, AVE ALEXANDRE FLEMING;;;;130
13628;201300015098;13;6;4;2000;2;2;1;1.0;6;55;86, TRA DE LA GOUFFONNE;M;4324770.0;541056.0;130
13629;201300015099;13;6;17;1520;1;2;1;1.0;3;55;84, RUE DU COMMANDANT RO;M;4327230.0;538276.0;130
13630;201300015100;13;7;1;530;2;2;1;1.0;6;55;CHE DE SAINT ANTOINE A S;;;;130
13631;201300015101;13;6;21;1900;1;2;1;1.0;2;55;AVE SALVADOR ALLENDE;;;;130
13632;201300015102;13;5;3;1630;1;2;1;1.0;7;55;195, CHE DE GIBBES;M;4332708.0;538433.0;130
13633;201300015103;13;5;30;1830;1;2;1;1.0;3;55;57, RUE TEISSERE;M;4330477.0;540277.0;130
13634;201300015104;13;5;30;1200;1;2;1;1.0;3;55;55, AVE DE LA ROSE;M;4332509.0;541830.0;130
13635;201300015105;13;6;28;1430;1;2;1;1.0;3;55;BD DU CAPITAINE GEZE;M;4333031.0;537025.0;130
13636;201300015106;13;6;8;1100;1;2;1;1.0;6;55;78, AVE JULES CANTINI;M;4328246.0;539001.0;130
13637;201300015107;13;6;24;1530;1;2;1;1.0;7;55;2, CHE JOSEPH AIGUIER;M;4325933.0;540260.0;130
13638;201300015108;13;7;2;320;5;2;1;1.0;3;55;100, AVE DES OLIVES;M;4332752.0;543599.0;130
13639;201300015109;13;5;31;1005;1;2;1;1.0;6;55;01, RPT HENRI FRENAY;M;4325456.0;537621.0;130
13640;201300015110;13;6;21;750;1;2;1;1.0;3;55;67, AVE DE LA MADRAGUE D;M;4323665.0;536253.0;130
13641;201300015111;13;7;10;1630;1;2;1;1.0;6;55;2, AVE JULES CANTINI;M;4328540.0;538466.0;130
13642;201300015112;13;6;4;1420;1;2;1;1.0;2;55;290, RUE PARADIS;M;4328050.0;538227.0;130
13643;201300015113;13;6;17;930;1;2;1;1.0;2;55;57, BD ROMAIN ROLLAND;M;4327997.0;542493.0;130
13644;201300015114;13;6;19;1700;1;2;1;1.0;5;55;01, BD EDOUARD HERRIOT;M;4327290.0;539075.0;130
13645;201300015115;13;6;19;1310;1;2;3;1.0;3;55;256, AVE DU PRADO;M;4327508.0;538985.0;130
13646;201300015116;13;6;17;1720;1;2;1;1.0;3;75;99, FR?D?RIC CHEVILLON (;M;4334827.0;546515.0;130
13647;201300015117;13;6;12;1130;1;2;1;1.0;2;55;AVE DES PEINTRES ROUX;M;4330317.0;547358.0;130
13648;201300015119;13;6;12;1630;1;2;1;1.0;1;55;55, ALL DES PINS;M;4325377.0;541532.0;130
13649;201300015120;13;6;18;800;1;2;1;1.0;6;55;311, AVE DU PRADO;M;4327158.0;538990.0;130
13650;201300015121;13;5;2;1145;1;2;1;1.0;7;55;1, RPT JEAN DE TCHORLOU;;;;130
13651;201300015122;13;6;24;1530;1;2;1;1.0;6;55;421, BD MICHELET;M;4325232.0;540270.0;130
13652;201300015123;13;6;15;1145;1;2;1;1.0;3;55;38, RUE AVIATEUR LE BRIX;M;4326060.0;540319.0;130
13653;201300015124;13;5;29;1720;1;2;3;1.0;3;55;BD DE MOSTAGANEM;M;4325378.0;539614.0;130
13654;201300015125;13;6;14;1230;1;2;1;1.0;2;55;AVE DU PRADO;;;;130
13655;201300015126;13;6;22;330;5;2;1;1.0;2;55;148, AVE PIERRE MENDES F;M;4325425.0;537617.0;130
13656;201300015127;13;6;29;1400;1;2;1;1.0;5;55;43, RUE PIERRE BERANGER;M;4331144.0;544636.0;130
13657;201300015128;13;3;26;1540;1;2;2;1.0;3;55;0, RUE EDMOND ROSTAND;M;4328042.0;538366.0;130
13658;201300015129;13;6;27;545;1;2;2;1.0;5;55;1, BD GAROUTTE;M;4330427.0;541306.0;130
13659;201300015130;13;6;25;820;1;2;1;1.0;6;55;10, AVE LOUIS MALOSSE;M;4330248.0;544961.0;130
13660;201300015131;13;6;18;1230;1;2;1;1.0;3;55;34, BD DU REDON;M;4325635.0;541978.0;130
13661;201300015132;13;7;13;230;5;2;1;1.0;6;55;BD DE L ANGELETTE;;;;130
13662;201300015133;13;7;11;115;5;2;1;1.0;6;55;AVE FELIX ZOCCOLA;;;;130
13663;201300015134;13;7;14;230;5;2;1;2.0;7;2;PROVENCE (AVENUE DE);;;;130
13664;201300015136;13;7;12;2220;5;2;3;1.0;3;55;82, BD DE LA BARASSE RN;M;4328583.0;547954.0;130
13665;201300015137;13;7;10;40;5;2;2;1.0;3;55;BD MIREILLE LAUZE;M;4328346.0;541423.0;130
13666;201300015138;13;7;6;835;1;2;1;1.0;2;55;31, AVE DU MERLAN;M;4333463.0;540763.0;130
13667;201300015139;13;6;18;900;1;2;1;1.0;6;2;ETIENNE CUCCA-CD908 (AVE;;;;130
13668;201300015140;13;6;29;1730;1;2;1;1.0;3;55;563, RUE SAINT PIERRE;M;4329046.0;542147.0;130
13669;201300015141;13;6;6;855;1;1;1;1.0;4;55;17, AVE DU VINGT QUATRE;M;4330786.0;542706.0;130
13670;201300015142;13;6;18;725;1;2;1;1.0;3;55;76, BD DE PLOMBIERES;M;4331605.0;538436.0;130
13671;201300015143;13;7;6;730;1;2;1;1.0;6;55;AVE DU CAP PINEDE ROC 3;;;;130
13672;201300015144;13;7;5;2035;1;2;1;1.0;7;55;43, BD DE CASTELLANE;M;4337642.0;533960.0;130
13673;201300015145;13;7;6;1430;1;2;1;1.0;2;55;102, AVE ROGER SALENGRO;M;4331338.0;537129.0;130
13674;201300015147;13;4;22;1030;1;2;1;1.0;2;55;231, RUE PIERRE DOIZE;M;4327188.0;542764.0;130
13675;201300015148;13;7;16;1150;1;2;1;1.0;6;55;54, CRS LIEUTAUD;M;4329334.0;538235.0;130
13676;201300015150;13;6;13;1345;1;2;1;1.0;2;75;45, FR?D?RIC CHEVILLON (;M;4334629.0;546230.0;130
13677;201300015151;13;7;4;720;1;2;1;1.0;6;55;15, BD DE PONT DE VIVAUX;M;4327963.0;541779.0;130
13678;201300015152;13;5;20;320;5;2;1;1.0;2;55;BD MICHELET;;;;130
13679;201300015153;13;6;17;745;1;2;1;1.0;2;55;, PCE MARCEAU;M;4330504.0;537292.0;130
13680;201300015154;13;6;7;530;2;2;1;1.0;3;55;1, AVE ALEXANDRE FLEMING;M;4331654.0;539709.0;130
13681;201300015155;13;6;13;900;1;2;1;1.0;3;55;43, AVE PASTEUR;M;4328985.0;535932.0;130
13682;201300015156;13;6;24;1500;1;2;1;1.0;2;55;135, BD BAILLE;M;4328824.0;539246.0;130
13683;201300015157;13;5;7;1300;1;1;1;1.0;3;55;1, AVE JEAN PAUL SARTRE;;;;130
13684;201300015158;13;7;10;1830;1;2;1;1.0;3;55;4, RUE SAINT ETIENNE;M;4328557.0;539521.0;130
13685;201300015159;13;7;17;1820;1;2;1;1.0;3;55;222, BD RABATAU DANIEL M;M;4328310.0;539972.0;130
13686;201300015160;13;6;15;1200;1;2;1;1.0;6;55;74, VOI LA CANEBIERE;M;4329766.0;538119.0;130
13687;201300015161;13;6;22;1530;1;2;1;1.0;6;55;55, BD SAKAKINI;M;4329621.0;540021.0;130
13688;201300015162;13;7;4;1930;1;2;1;1.0;6;55;22, RUE D AIX;M;4330012.0;537568.0;130
13689;201300015163;13;6;29;1220;1;2;1;1.0;6;55;83, BD CHARLES LIVON;M;4329201.0;535871.0;130
13690;201300015164;13;2;26;1800;1;2;1;1.0;3;55;140, RUE DE RUFFI;M;4331577.0;536876.0;130
13691;201300015165;13;5;2;1715;1;2;1;1.0;2;55;52368, AVE JEAN PAUL SAR;;;;130
13692;201300015166;13;7;3;1000;1;2;1;1.0;7;55;01, BD FRANCOISE DUPARC;M;4330080.0;540078.0;130
13693;201300015167;13;5;26;1745;1;2;2;1.0;7;55;2, BD LOUIS SALVATOR;M;4329113.0;538081.0;130
13694;201300015168;13;6;7;320;5;2;1;1.0;2;55;39, BD DE LA LIBERATION;M;4329979.0;538748.0;130
13695;201300015170;13;7;11;1600;1;2;1;1.0;3;55;61, BD DE LA MEDITERRANE;M;4333296.0;536162.0;130
13696;201300015171;13;7;18;2215;5;2;1;1.0;6;55;73, BD BAILLE;M;4328738.0;538926.0;130
13697;201300015172;13;4;19;430;5;2;2;1.0;3;55;22, BD DES FAUVETTES;M;4331487.0;543911.0;130
13698;201300015173;13;6;27;1545;1;2;9;1.0;1;55;09, RUE JOBIN;M;4331124.0;538853.0;130
13699;201300015174;13;6;23;850;1;2;1;1.0;7;55;1, VSN ROVE ANC CHE DU;;;;130
13700;201300015175;13;6;21;1445;1;2;1;1.0;2;55;0, AVE SALVADOR ALLENDE;;;;130
13701;201300015176;13;7;9;1700;1;2;1;1.0;3;55;223, BD DE PLOMBIERES;M;4332068.0;537643.0;130
13702;201300015177;13;7;11;1430;1;2;2;1.0;3;55;37, BD CHARLES BOURSEULT;M;4334284.0;538012.0;130
13703;201300015178;13;7;16;1230;1;2;2;1.0;6;55;BD CHAVE;M;4329559.0;539647.0;130
13704;201300015179;13;7;1;1845;5;2;1;1.0;3;55;215, AVE DE MAZARGUES;M;4326369.0;539248.0;130
13705;201300015182;13;7;23;1900;1;2;1;1.0;3;55;1, BD JEAN EUGENE CABASS;M;4328603.0;541281.0;130
13706;201300015184;13;7;6;1800;1;2;1;1.0;4;55;131, RUE PIERRE DOIZE;M;4327650.0;542674.0;130
13707;201300015185;13;6;12;1650;1;2;1;1.0;3;55;537, AVE DE MAZARGUES;M;4325470.0;539418.0;130
13708;201300015186;13;6;24;805;1;2;1;1.0;3;55;89, BD SCHLOESING;M;4327270.0;540106.0;130
13709;201300015187;13;7;14;2000;1;2;1;1.0;3;55;PRK KENNEDY / RAPATRI?S;;;;130
13710;201300015188;13;7;10;1245;1;2;3;1.0;3;55;23, RUE AVIATEUR LE BRIX;M;4326145.0;540378.0;130
13711;201300015189;13;7;14;2044;1;2;1;1.0;3;55;348, AVE DU PRADO;M;4327094.0;538890.0;130
13712;201300015190;13;7;3;2140;5;2;2;1.0;3;55;196, BD DU REDON;M;4324946.0;542264.0;130
13713;201300015191;13;7;16;1130;1;2;1;1.0;3;55;104, AVE DE LA ROSE;M;4332720.0;542374.0;130
13714;201300015192;13;7;25;1215;1;2;1;1.0;6;55;439, RUE PARADIS;M;4327316.0;538535.0;130
13715;201300015193;13;7;24;1400;1;2;3;1.0;5;55;261, AVE DE SAINT LOUIS;M;4335261.0;535771.0;130
13716;201300015194;13;7;28;700;1;2;1;1.0;7;55;279, RUE PIERRE DOIZE;M;4327112.0;542567.0;130
13717;201300015195;13;6;22;2200;5;2;1;1.0;1;55;AVE DES PEINTRES ROUX;;;;130
13718;201300015196;13;7;25;1400;1;2;1;1.0;2;55;1, AVE DE L' ARGILITE;M;4336042.0;534587.0;130
13719;201300015197;13;6;21;1430;1;2;1;1.0;6;55;36, CHE DE SAINTE MARTHE;M;4331937.0;539013.0;130
13720;201300015198;13;6;13;1940;1;2;1;1.0;6;55;24, RUE PAVILLON;M;4329527.0;537661.0;130
13721;201300015199;13;7;2;1045;1;2;3;1.0;2;55;07, RUE MARENGO;M;4329069.0;538419.0;130
13722;201300015200;13;7;11;1100;1;2;1;1.0;4;55;80, AVE DE LA CROIX ROUG;M;4333279.0;543592.0;130
13723;201300015201;13;7;16;300;5;2;1;1.0;6;55;CHE DU LITTORAL;;;;130
13724;201300015202;13;7;12;1705;1;2;1;1.0;6;55;CRS BELSUNCE;;;;130
13725;201300015203;13;7;14;650;2;2;1;1.0;6;55;AVE DE SAINT JUST;;;;130
13726;201300015204;13;7;17;1610;1;2;1;1.0;5;55;78, RUE DE ROME;M;4329230.0;538012.0;130
13727;201300015205;13;6;4;800;1;2;2;1.0;3;55;11, RUE GRANOUX;M;4329870.0;539878.0;130
13728;201300015206;13;7;13;1615;1;1;1;1.0;1;2;ETIENNE CUCCA-CD908 (AVE;;;;130
13729;201300015207;13;7;16;1540;1;2;1;1.0;2;55;0, VSN CHALUSSET RUE;;;;130
13730;201300015208;13;6;24;1800;1;2;9;1.0;2;55;RTE DE LA SABLIERE;;;;130
13731;201300015209;13;7;19;1745;1;2;1;1.0;3;55;2, AVE DU CAP PINEDE ROC;;;;130
13732;201300015210;13;7;17;145;5;2;1;1.0;6;55;28, BD DES LIBERATEURS;M;4329237.0;546224.0;130
13733;201300015211;13;7;19;404;1;1;3;1.0;3;55;AVE ARNAVON;;;;130
13734;201300015212;13;7;5;2030;1;2;1;1.0;3;55;148, AVE JEAN LOMBARD;M;4328933.0;543677.0;130
13735;201300015213;13;7;4;1505;1;2;3;1.0;3;55;132, AVE JULES CANTINI;M;4328070.0;539327.0;130
13736;201300015214;13;7;16;2035;2;2;2;1.0;3;55;366, RUE PARADIS;M;4327823.0;538322.0;130
13737;201300015215;13;7;19;720;1;2;2;1.0;7;55;322, RUE PIERRE DOIZE;M;4327089.0;542490.0;130
13738;201300015216;13;7;18;1840;1;2;3;3.0;3;55;347, BD*MICHELET;M;4325667.0;540023.0;130
13739;201300015218;13;3;2;1;5;2;1;1.0;6;55;224, BD CHAVE;M;4329571.0;539922.0;130
13740;201300015219;13;5;21;1220;1;2;1;1.0;2;55;.., BD SCHLOESING;;;;130
13741;201300015220;13;7;8;2040;1;2;1;1.0;1;55;10, RUE CHARLES KADDOUZ;M;4330884.0;542605.0;130
13742;201300015221;13;7;3;1050;1;1;1;2.0;6;2;ETIENNE CUCCA-CD908 (AVE;;;;130
13743;201300015222;13;7;24;110;5;2;1;1.0;6;55;26, RUE DESIREE CLARY;M;4330829.0;536963.0;130
13744;201300015223;13;7;17;1500;1;2;1;1.0;2;55;19, AVE DE SAINT MENET;M;4328938.0;549673.0;130
13745;201300015224;13;7;17;1215;1;2;2;1.0;6;55;255, AVE DU PRADO;M;4327413.0;539072.0;130
13746;201300015225;13;7;13;2020;5;2;1;1.0;6;55;7, ALL DE LA GRANDE BAST;M;4330041.0;543715.0;130
13747;201300015226;13;7;17;1850;5;2;1;1.0;3;55;300, BD MICHELET;M;4325972.0;539853.0;130
13748;201300015227;13;7;2;1220;1;2;1;1.0;6;55;36, BD FERNAND BONNEFOY;M;4327992.0;540010.0;130
13749;201300015228;13;7;20;2010;1;2;1;1.0;2;55;BD MIREILLE LAUZE;;;;130
13750;201300015229;13;7;3;1900;1;2;1;1.0;2;55;285, AVE DU PRADO;M;4327299.0;539103.0;130
13751;201300015230;13;7;19;907;1;2;6;1.0;2;2;30, MARCEL PAGNOL (AV);M;4333117.0;548843.0;130
13752;201300015231;13;6;16;1800;1;2;2;1.0;3;55;BD MIRABEAU;M;4331454.0;537050.0;130
13753;201300015232;13;6;6;1615;1;2;1;1.0;3;55;CHE DES BOURRELY;;;;130
13754;201300015233;13;7;3;1330;1;2;3;1.0;1;55;50, AVE DE TOULON;M;4328545.0;538774.0;130
13755;201300015234;13;7;25;515;2;2;1;1.0;6;55;193, AVE DES CAILLOLS;M;4330399.0;544098.0;130
13756;201300015235;13;4;11;745;1;2;1;7.0;4;55;38, RUE ALBERT EINSTEIN;M;4333729.0;543547.0;130
13757;201300015236;13;6;11;1700;1;2;1;1.0;3;55;14, CHE DE GIBBES;M;4331944.0;537989.0;130