;Num_Acc;an;mois;jour;hrmn;lum;agg;int;atm;col;com;adr;gps;lat;long;dep
13758;201300015237;13;6;27;1400;1;2;1;1.0;3;55;118, CHE DE MIMET;M;4338184.0;535836.0;130
13759;201300015238;13;6;13;1430;1;2;1;1.0;2;55;VSN SAINT ANTOINE (CHE);;;;130
13760;201300015239;13;7;10;1745;1;2;1;1.0;3;55;48, BD FERDINAND DE LESS;M;4332107.0;537516.0;130
13761;201300015240;13;7;3;1810;1;2;1;1.0;6;55;12, AVE RAOUL FOLLEREAU;M;4329240.0;544580.0;130
13762;201300015241;13;7;8;855;1;2;1;1.0;1;55;86, BD DE LA MILLIERE;M;4328329.0;549791.0;130
13763;201300015243;13;7;3;1035;1;2;1;2.0;6;55;49, AVE PASTEUR;M;4328957.0;535937.0;130
13764;201300015244;13;6;24;640;1;2;2;1.0;3;55;54, BD BUREL;M;4331728.0;538983.0;130
13765;201300015245;13;7;25;2240;5;2;1;1.0;6;2;4, FERNAND RAMBERT (RUE);M;4333546.0;548239.0;130
13766;201300015248;13;7;26;1945;1;2;2;1.0;6;55;139, BD BAILLE;M;4328832.0;539275.0;130
13767;201300015249;13;7;14;1600;1;2;1;1.0;2;55;54, BD DE LA VALBARELLE;M;4328687.0;544574.0;130
13768;201300015250;13;7;11;1530;1;2;1;1.0;6;55;278, RUE RABELAIS;M;4336127.0;532642.0;130
13769;201300015251;13;7;12;1350;1;2;1;1.0;3;55;23, AVE DE FUVEAU;M;4332794.0;541871.0;130
13770;201300015252;13;7;1;1609;1;2;1;1.0;4;55;333, AVE DES POILUS;M;4331460.0;546233.0;130
13771;201300015253;13;5;15;2000;2;2;1;1.0;6;55;36, AVE ELSA TRIOLET;M;4324763.0;539173.0;130
13772;201300015254;13;7;16;1450;1;1;1;1.0;6;55;AVE DES TROIS LUCS;;;;130
13773;201300015255;13;7;16;1320;1;2;1;1.0;3;55;AVE DES TROIS LUCS;M;4331037.0;546381.0;130
13774;201300015256;13;6;21;2000;1;2;1;1.0;3;55;43, BD RABATAU;M;4327430.0;539415.0;130
13775;201300015257;13;7;3;1750;1;2;1;1.0;2;55;475, AVE DE MAZARGUES;M;4325684.0;539409.0;130
13776;201300015258;13;7;31;1845;1;2;1;1.0;6;55;BD HENRI BARNIER;;;;130
13777;201300015259;13;7;8;445;3;1;1;1.0;7;55;.., RTE LEON LACHAMP;;;;130
13778;201300015260;13;7;24;1030;1;2;1;1.0;3;55;13, BD BERNABO;M;4333705.0;535548.0;130
13779;201300015261;13;7;21;1630;1;2;2;1.0;3;55;40, VOI LA CANEBIERE;M;4329638.0;537765.0;130
13780;201300015262;13;7;23;125;5;2;1;1.0;7;55;281, COR PRESIDENT JOHN;M;4327732.0;535662.0;130
13781;201300015263;13;7;31;1520;1;2;6;1.0;3;55;BD PIERRE DRAMARD;M;4337716.0;535961.0;130
13782;201300015264;13;7;25;2045;2;2;1;1.0;7;55;CRS LIEUTAUD;M;4328794.0;538469.0;130
13783;201300015266;13;7;27;2120;5;2;2;1.0;2;75;FREDERIC*CHEVILLON (AV);M;4334746.0;546376.0;130
13784;201300015267;13;8;5;730;1;2;1;1.0;6;55;353, COR PRESIDENT JOHN;M;4327156.0;536276.0;130
13785;201300015268;13;8;4;945;1;2;2;1.0;3;55;77, RUE BRETEUIL;M;4328865.0;537651.0;130
13786;201300015269;13;5;21;1420;1;2;1;1.0;4;55;AVE ALEXANDRE FLEMING;M;4331559.0;540155.0;130
13787;201300015270;13;7;6;1145;1;2;1;1.0;5;55;17, RUE FORT NOTRE DAME;M;4329250.0;537145.0;130
13788;201300015271;13;7;8;1345;1;2;1;1.0;6;55;2, BD CHARLES LIVON;M;4329225.0;536214.0;130
13789;201300015273;13;7;18;1200;1;2;2;1.0;3;55;2, RUE DIEUDE;M;4329209.0;538058.0;130
13790;201300015274;13;7;22;1700;1;2;1;1.0;3;55;397, COR PRESIDENT JOHN;M;4326991.0;536597.0;130
13791;201300015275;13;7;23;1605;1;2;3;1.0;3;55;21, BD FRANCOISE DUPARC;M;4330096.0;540076.0;130
13792;201300015276;13;7;25;1230;1;2;1;1.0;6;55;1, RUE D AUBAGNE;M;4329591.0;537860.0;130
13793;201300015277;13;7;29;1320;1;2;1;1.0;7;55;5, RUE PARADIS;M;4329437.0;537638.0;130
13794;201300015278;13;7;30;1940;1;2;1;1.0;6;55;23, ALL LEON GAMBETTA;M;4329908.0;538233.0;130
13795;201300015279;13;7;30;1540;1;2;1;1.0;3;55;31, AVE DU PRADO;M;4328399.0;538499.0;130
13796;201300015280;13;6;6;40;5;2;1;1.0;7;55;RUE EDMOND ROSTAND;M;4328426.0;538202.0;130
13797;201300015281;13;6;4;1220;1;2;1;1.0;1;55;AVE ALEXANDRE ANSALDI;;;;130
13798;201300015282;13;7;25;558;2;2;1;1.0;2;55;.., AVE DE SAINT MENET;;;;130
13799;201300015283;13;7;27;1630;1;2;1;1.0;6;55;303, AVE DE MONTOLIVET;M;4331772.0;541760.0;130
13800;201300015284;13;5;27;1300;1;2;1;1.0;7;55;67, BD DU CAPITAINE GEZE;M;4333146.0;537535.0;130
13801;201300015285;13;7;23;1445;1;2;1;1.0;2;55;144, BD HENRI BARNIER;M;4337066.0;534675.0;130
13802;201300015286;13;7;24;900;1;2;1;1.0;6;55;BD MICHELET;M;4326655.0;539469.0;130
13803;201300015287;13;7;24;1015;1;2;3;1.0;3;55;45, BD DE LA CONCORDE;M;4324914.0;540201.0;130
13804;201300015288;13;7;30;1810;1;2;1;1.0;6;55;13 BIS, BD DE LA PUGETTE;M;4326869.0;540150.0;130
13805;201300015289;13;7;27;130;5;2;1;1.0;6;55;30, BD JEAN MOULIN;M;4328928.0;540009.0;130
13806;201300015290;13;5;31;2130;5;2;1;1.0;6;55;33, BD DE LA BARASSE RN;M;4328622.0;547674.0;130
13807;201300015291;13;6;13;1600;1;2;1;1.0;2;55;61, RUE AVIATEUR LE BRIX;M;4325931.0;540073.0;130
13808;201300015292;13;7;2;1800;1;2;1;1.0;7;55;143, RPT ALAIN SAVARY;M;4324628.0;539477.0;130
13809;201300015293;13;7;23;1800;1;2;1;1.0;3;55;MTE DE SAINT MENET;;;;130
13810;201300015294;13;7;24;1815;1;2;1;1.0;2;55;BD DE LA PUGETTE;M;4326868.0;540151.0;130
13811;201300015295;13;7;23;1830;1;2;6;1.0;3;55;214, CHE DE SAINTE MARTH;M;4333021.0;538845.0;130
13812;201300015296;13;7;10;1015;1;2;1;1.0;6;55;101, AVE DE SAINT LOUIS;M;4334636.0;535922.0;130
13813;201300015297;13;7;28;850;1;2;1;1.0;3;55;PCE CAZEMAJOU;M;4331876.0;536711.0;130
13814;201300015298;13;8;1;935;1;2;1;1.0;6;55;03, BD DE LA FABRIQUE;M;4325342.0;539474.0;130
13815;201300015299;13;8;2;1140;1;2;1;1.0;6;55;83, BD DE SAINT LOUP;M;4328280.0;543223.0;130
13816;201300015300;13;7;25;1830;1;2;1;1.0;6;55;BD JEAN MOULIN;;;;130
13817;201300015301;13;7;26;930;1;1;1;1.0;6;55;2, AVE FERNANDEL;M;4331220.0;544760.0;130
13818;201300015302;13;7;6;2030;1;2;1;1.0;1;55;CHE DE LA MARTINE;;;;130
13819;201300015303;13;6;20;1400;1;2;1;1.0;2;55;BD JEAN MOULIN;;;;130
13820;201300015305;13;7;24;810;1;2;5;1.0;6;55;222, RUE SAINT PIERRE;M;4329278.0;540010.0;130
13821;201300015306;13;7;29;715;1;2;1;1.0;7;55;2, BD PAUL PEYTRAL;M;4329057.0;537994.0;130
13822;201300015308;13;7;19;1945;1;2;1;1.0;6;55;100, BD DANIELLE CASANOV;M;4332526.0;537397.0;130
13823;201300015309;13;7;29;1907;1;2;1;1.0;6;55;450, RUE PARADIS;M;4327438.0;538480.0;130
13824;201300015310;13;7;30;1500;1;2;6;1.0;7;75;1, JEAN GIONO (AVE);;;;130
13825;201300015311;13;6;11;1830;1;2;1;1.0;2;106;91, 8 MAI 1945 (AVENUE D;M;4339214.0;536397.0;130
13826;201300015312;13;7;19;2315;5;2;1;1.0;6;55;00, RUE DAUMIER;;;;130
13827;201300015313;13;8;9;242;5;2;2;1.0;3;55;97, AVE DE LA CORSE;M;4328935.0;535760.0;130
13828;201300015314;13;7;29;1700;1;2;1;1.0;1;55;19, BD HENRI BARNIER;M;4337329.0;535412.0;130
13829;201300015315;13;8;4;605;2;2;2;1.0;6;55;27, RUE DU PANIER;M;4329938.0;536794.0;130
13830;201300015316;13;8;6;1215;1;2;1;1.0;7;55;99, RUE CALLELONGUE;M;4325562.0;539181.0;130
13831;201300015317;13;4;26;830;1;2;1;1.0;2;55;69, RUE PIERRE BERANGER;M;4331205.0;544741.0;130
13832;201300015318;13;8;11;2120;5;2;2;1.0;3;55;AVE BENJAMIN DELESSERT;M;4328233.0;540513.0;130
13833;201300015319;13;5;26;1150;1;2;3;1.0;3;55;RUE DE LA BOISERAIE;;;;130
13834;201300015320;13;7;1;1330;1;2;3;2.0;3;55;85, RUE AUGUSTIN AUBERT;M;4326524.0;540364.0;130
13835;201300015321;13;7;2;745;1;2;1;1.0;3;55;151, BD MICHELET;M;4326495.0;539555.0;130
13836;201300015323;13;8;6;1730;1;2;1;1.0;3;55;274, AVE DES POILUS;M;4331688.0;546072.0;130
13837;201300015325;13;8;1;1400;1;2;1;1.0;3;55;AVE RAIMU;;;;130
13838;201300015326;13;7;16;1800;1;2;1;1.0;6;55;BD HENRI BARNIER;;;;130
13839;201300015327;13;6;20;1400;1;2;1;1.0;3;55;33, TRA MARDIROSSIAN;M;4333711.0;536031.0;130
13840;201300015328;13;8;13;750;2;2;1;7.0;6;55;309, RUE PIERRE DOIZE;M;4327110.0;542551.0;130
13841;201300015329;13;8;6;900;1;2;1;1.0;3;55;AVE DE SAINT MENET;;;;130
13842;201300015330;13;8;15;1500;1;2;1;1.0;1;55;AVE JEAN PAUL SARTRE;;;;130
13843;201300015331;13;8;7;1635;1;2;1;1.0;6;2;1, TAGARET (CHEMIN DE);M;4335611.0;548509.0;130
13844;201300015332;13;8;8;910;1;1;1;1.0;6;55;RTE LEON LACHAMP;;;;130
13845;201300015333;13;8;3;2245;5;2;9;1.0;1;55;172, VOI LA CANEBIERE;M;4329907.0;538529.0;130
13846;201300015334;13;8;9;815;1;2;1;1.0;6;55;27, RUE LEVAT;M;4331031.0;538441.0;130
13847;201300015335;13;8;9;1615;1;2;1;1.0;3;55;51, AVE ROGER SALENGRO;M;4331204.0;537216.0;130
13848;201300015336;13;6;22;130;5;2;1;1.0;6;55;PCE JOSEPH VIDAL;M;4324359.0;537043.0;130
13849;201300015337;13;7;23;1855;1;2;1;1.0;6;55;20, BD DE LA CONCORDE;M;4324981.0;540268.0;130
13850;201300015338;13;5;30;1550;1;2;3;1.0;3;55;346, AVE DES*POILUS;M;4331387.0;546292.0;130
13851;201300015339;13;6;11;1610;1;2;1;1.0;3;55;28, RTE LEON LACHAMP;M;4324630.0;543203.0;130
13852;201300015340;13;3;27;2305;5;2;4;1.0;3;55;Av DE SAINT*MENET;M;4329303.0;549473.0;130
13853;201300015341;13;7;31;2000;1;2;1;1.0;6;55;9, AVE DU MERLAN;M;4333197.0;540656.0;130
13854;201300015343;13;8;19;750;1;2;1;1.0;3;55;221, BD PAUL CLAUDEL;M;4326847.0;541927.0;130
13855;201300015344;13;5;13;1840;1;2;1;1.0;4;55;141, AVE DE HAMBOURG;M;4324700.0;539350.0;130
13856;201300015346;13;6;26;730;1;2;1;1.0;5;55;AVE DES PEINTRES ROUX;;;;130
13857;201300015347;13;8;7;1110;1;2;1;1.0;6;55;59, BD DE PONT DE VIVAUX;M;4328019.0;541960.0;130
13858;201300015349;13;8;13;2115;5;2;2;1.0;3;55;1, RUE SAINT BRUNO;M;4330577.0;540155.0;130
13859;201300015350;13;7;19;930;1;2;1;1.0;6;55;27, BD CAMILLE FLAMMARIO;M;4330480.0;539048.0;130
13860;201300015351;13;7;24;1730;1;2;1;1.0;6;55;78, BD FRANCOISE DUPARC;M;4330439.0;540095.0;130
13861;201300015352;13;7;2;1815;1;2;1;1.0;3;55;154, AVE DE SAINT LOUIS;M;4334843.0;535894.0;130
13862;201300015353;13;8;3;1830;1;2;1;1.0;6;55;00, RUE JEAN QUEILLAU;;;;130
13863;201300015355;13;8;25;1745;1;2;1;1.0;2;55;54, BD DE LA VALBARELLE;M;4328687.0;544574.0;130
13864;201300015356;13;8;12;1420;1;2;4;1.0;3;55;29, AVE DE MONTREDON;M;4324447.0;537207.0;130
13865;201300015357;13;8;5;1200;1;2;1;1.0;2;55;BD DU BOSPHORE;;;;130
13866;201300015358;13;8;9;1215;1;1;1;1.0;3;55;1, BD DANIELLE CASANOVA;M;4332093.0;537474.0;130
13867;201300015359;13;8;9;1510;1;2;1;1.0;1;55;41, RUE FELIX PYAT;M;4331382.0;537635.0;130
13868;201300015360;13;7;27;1350;1;2;2;1.0;3;55;00, RUE FERRARI;M;4329292.0;539291.0;130
13869;201300015362;13;8;13;805;1;2;1;1.0;4;55;06, QAI DE LA JOLIETTE;M;4330192.0;537350.0;130
13870;201300015363;13;7;26;500;3;2;2;1.0;3;55;AVE ESCADRILLE NORMANDIE;M;4333696.0;541015.0;130
13871;201300015364;13;7;30;1750;1;2;1;1.0;3;55;82, AVE DES AYGALADES;M;4333691.0;536739.0;130
13872;201300015365;13;7;30;1740;1;2;1;1.0;3;55;CHE DU LITTORAL;M;4335083.0;534087.0;130
13873;201300015366;13;8;1;930;1;2;1;1.0;2;55;AVE DE LA CROIX ROUGE;;;;130
13874;201300015367;13;4;11;2000;5;2;6;1.0;6;55;RPT PERE WRESINKI;;;;130
13875;201300015368;13;8;14;2200;5;2;4;1.0;3;55;R CONDORCET;M;4335589.0;534631.0;130
13876;201300015369;13;5;19;2120;5;2;3;1.0;6;55;58, AVE DE SAINT JULIEN;M;4330529.0;541692.0;130
13877;201300015370;13;6;5;900;1;2;1;1.0;6;55;03, RUE DES ELECTRICIENS;M;4330395.0;541734.0;130
13878;201300015371;13;6;5;2200;5;2;1;1.0;5;55;31, CR DE LA VALBARELLE;M;4328615.0;544341.0;130
13879;201300015372;13;6;22;2150;5;2;2;1.0;3;75;FREDERIC*CHEVILLON (AV;M;4334747.0;546375.0;130
13880;201300015373;13;7;30;940;1;2;6;1.0;6;55;111, RUE SAINT JEAN DU D;M;4329472.0;543330.0;130
13881;201300015374;13;8;1;910;1;2;6;1.0;6;55;88, AVE DE MAZARGUES;M;4326772.0;538925.0;130
13882;201300015375;13;8;4;1445;2;2;1;2.0;2;55;AVE DE LATTRE DE TASSIGN;;;;130
13883;201300015376;13;8;6;1100;1;2;1;1.0;6;55;2, RUE LEON MEISSEREL;M;4330459.0;541849.0;130
13884;201300015377;13;8;11;1820;1;2;1;1.0;4;55;18, AVE DU DOCTEUR HECKE;M;4328902.0;544144.0;130
13885;201300015378;13;8;13;810;1;2;1;1.0;6;55;65, AVE DE SAINT JULIEN;M;4330587.0;541880.0;130
13886;201300015379;13;8;27;930;1;2;9;1.0;3;106;00, BEDOULE (CHEMIN DE L;;;;130
13887;201300015380;13;6;7;1505;1;2;1;1.0;5;55;20, BD MIREILLE JOURDAN-;M;4324523.0;537577.0;130
13888;201300015381;13;7;27;1930;1;2;1;1.0;3;55;45, AVE DE LA POINTE ROU;M;4324736.0;537406.0;130
13889;201300015382;13;7;6;1800;1;2;1;1.0;3;55;AVE FLORIAN;;;;130
13890;201300015383;13;7;30;830;1;2;1;1.0;3;55;151, BD MICHELET;M;4326497.0;539554.0;130
13891;201300015384;13;8;12;1725;1;2;1;1.0;4;55;68, BD DU CABOT;M;4325791.0;541803.0;130
13892;201300015385;13;7;26;2300;5;2;1;1.0;7;55;30, BD JEAN MOULIN;M;4328929.0;540009.0;130
13893;201300015386;13;7;28;115;5;2;1;1.0;3;55;151, BD GUSTAVE GANAY;M;4326714.0;540210.0;130
13894;201300015388;13;8;10;1935;1;2;6;1.0;2;55;.........., RPT M.LAUZE/;M;4328582.0;542526.0;130
13895;201300015389;13;7;10;1845;1;2;1;1.0;2;55;327, BD DE SAINT MARCEL;M;4328625.0;547404.0;130
13896;201300015390;13;8;20;1715;1;2;1;1.0;7;55;40, RUE DE LA CREDENCE;M;4332049.0;544501.0;130
13897;201300015391;13;8;15;2245;5;2;1;1.0;6;55;00, RUE DE L AUDIENCE;;;;130
13898;201300015392;13;8;7;1140;1;2;1;1.0;6;55;00, AVE FRANCOIS MIGNET;;;;130
13899;201300015393;13;8;11;215;5;2;1;1.0;6;55;34, CRS LIEUTAUD;M;4329382.0;538218.0;130
13900;201300015394;13;5;13;2130;5;2;1;1.0;2;55;110, RUE CHARLES KADDOUZ;M;4331344.0;543158.0;130
13901;201300015395;13;7;17;1135;1;2;1;1.0;3;55;71, RTE DES CAMOINS;M;4329745.0;549639.0;130
13902;201300015396;13;4;12;800;1;2;1;1.0;6;55;69, RUE DE LODI;M;4328967.0;538700.0;130
13903;201300015397;13;6;10;730;1;2;2;1.0;3;55;94, AVE DU MERLAN;M;4334116.0;540735.0;130
13904;201300015398;13;7;29;710;1;2;1;1.0;2;55;91, RUE BELLE DE MAI;M;4331262.0;538524.0;130
13905;201300015399;13;8;14;1130;1;2;1;1.0;3;55;34, BD DU CAPITAINE GEZE;M;4333031.0;537026.0;130
13906;201300015400;13;8;21;1930;1;2;1;1.0;3;55;158, AVE DES CHARTREUX;M;4330868.0;540040.0;130
13907;201300015402;13;8;22;900;1;2;1;1.0;6;55;136, CHE HENRI BEYLE;M;4335225.0;536042.0;130
13908;201300015403;13;6;28;1930;1;2;1;1.0;3;55;77, AVE DE LA VISTE;M;4335759.0;535749.0;130
13909;201300015404;13;7;26;1915;1;2;1;1.0;6;55;2, MTE DES ECOLES;M;4336169.0;531505.0;130
13910;201300015405;13;7;9;1330;1;2;1;1.0;1;55;47, RUE CAVAIGNAC;M;4330811.0;538314.0;130
13911;201300015406;13;8;30;1420;1;2;1;1.0;3;55;73, CRS LIEUTAUD;M;4329015.0;538356.0;130
13912;201300015407;13;8;31;530;2;2;1;1.0;2;55;72, RUE DES PRES;M;4335945.0;541450.0;130
13913;201300015408;13;8;30;2045;5;2;1;1.0;7;55;1, CR DE LA POUNCHE;M;4332645.0;545127.0;130
13914;201300015409;13;8;30;2055;5;2;1;1.0;6;55;PIERRE CHEVALIER (RUE);;;;130
13915;201300015410;13;6;10;1730;1;2;1;1.0;2;55;28, BD DE LA LIBERTE;M;4330098.0;538268.0;130
13916;201300015411;13;7;31;805;1;2;2;1.0;3;55;20, BD EUGENE PIERRE;M;4329769.0;539057.0;130
13917;201300015412;13;8;1;920;1;2;1;1.0;6;55;13, BD D ATHENES;M;4329993.0;538071.0;130
13918;201300015413;13;8;3;330;5;2;1;1.0;7;55;339, COR PRESIDENT JOHN;M;4327266.0;536286.0;130
13919;201300015414;13;8;6;2005;1;2;1;1.0;6;55;55, RUE DE ROME;M;4329357.0;537941.0;130
13920;201300015415;13;8;12;600;5;2;1;1.0;6;55;QAI MARCEL PAGNOL;;;;130
13921;201300015416;13;8;18;145;5;2;3;1.0;3;55;1, RUE BRETEUIL;M;4329042.0;537577.0;130
13922;201300015417;13;8;22;1915;1;2;1;1.0;4;55;12, BD DE LA BLANCARDE;M;4330268.0;539751.0;130
13923;201300015418;13;8;23;1530;1;2;1;1.0;7;55;126, BD DE LA BLANCARDE;M;4330345.0;540504.0;130
13924;201300015419;13;8;23;1630;1;2;2;1.0;2;55;6, RUE DU DOCTEUR ALBERT;M;4328396.0;538726.0;130
13925;201300015420;13;8;22;1745;1;2;1;1.0;3;55;168bis, COR PRESIDENT JO;M;4328085.0;535216.0;130
13926;201300015421;13;9;3;1952;1;2;1;1.0;6;55;AVE JULES CANTINI;M;4328384.0;538752.0;130
13927;201300015422;13;6;10;1000;1;2;1;1.0;6;55;270, BD DE SAINTE MARGUE;M;4326327.0;541108.0;130
13928;201300015423;13;8;18;1550;1;2;1;1.0;3;55;160, BD DE SAINT MARCEL;M;4328760.0;546495.0;130
13929;201300015424;13;8;18;1830;1;2;1;1.0;3;55;76, BD RABATAU;M;4327593.0;539669.0;130
13930;201300015425;13;8;25;1900;1;2;1;1.0;6;55;0, RUE LE CHATELIER;;;;130
13931;201300015426;13;8;13;2145;5;2;2;1.0;3;55;38, RUE DE LA BIBLIOTHEQ;M;4329577.0;538554.0;130
13932;201300015427;13;3;10;1130;1;2;1;1.0;2;55;277, CHE DU ROUCAS BLANC;M;4327897.0;536808.0;130
13933;201300015428;13;7;27;1925;1;2;1;1.0;2;55;42, COR PRESIDENT JOHN F;M;4328988.0;535563.0;130
13934;201300015429;13;7;28;945;1;2;1;1.0;1;55;229, RUE D ENDOUME;M;4328431.0;535831.0;130
13935;201300015431;13;8;26;1405;1;2;1;1.0;4;55;32, BD DE LA CARTONNERIE;M;4329171.0;546042.0;130
13936;201300015432;13;7;3;945;1;2;1;2.0;3;55;67, AVE DE CHATEAU GOMBE;M;4333792.0;542077.0;130
13937;201300015433;13;7;21;10;5;2;6;1.0;3;55;CHE DE SAINT ANTOINE A S;M;4334891.0;537543.0;130
13938;201300015434;13;8;21;1850;1;2;3;1.0;3;55;75, RUE DE LYON;M;4332609.0;536663.0;130
13939;201300015435;13;9;4;1845;1;2;3;1.0;1;2;200, QUATRE SAISONS (RTE;M;4332934.0;549030.0;130
13940;201300015436;13;9;4;2015;5;2;1;1.0;6;55;248, BD NATIONAL;M;4331083.0;537846.0;130
13941;201300015437;13;7;10;850;1;2;3;1.0;3;55;103, DE LATTRE DE*TASSIG;M;4324551.0;541223.0;130
13942;201300015438;13;7;15;1800;1;2;1;1.0;6;55;86, BD DE PONT DE VIVAUX;M;4328056.0;542083.0;130
13943;201300015439;13;9;5;1915;1;2;1;1.0;3;55;154, AVE DE LA ROSE;M;4332840.0;542571.0;130
13944;201300015440;13;7;23;1940;5;2;1;1.0;3;55;110, BD ROMAIN ROLLAND;M;4327805.0;542113.0;130
13945;201300015441;13;8;24;1500;1;2;6;1.0;3;55;BD VINCENT DELPUECH;M;4328282.0;539238.0;130
13946;201300015442;13;8;27;2205;5;2;1;1.0;3;55;169, AVE DE LA CAPELETTE;M;4328074.0;540731.0;130
13947;201300015443;13;6;19;1400;1;2;1;1.0;6;55;118, BD HENRI BARNIER;M;4337164.0;534832.0;130
13948;201300015444;13;7;2;1958;1;2;1;1.0;6;55;PCE JULES GUESDE;M;4330273.0;537518.0;130
13949;201300015445;13;7;22;1115;1;2;1;1.0;3;55;35, AVE DE LA CROIX ROUG;M;4333123.0;543238.0;130
13950;201300015446;13;8;15;115;5;2;1;1.0;3;55;1, AVE DE VALDONNE;M;4332259.0;541259.0;130
13951;201300015448;13;7;5;1015;1;2;1;1.0;6;55;54, RUE BORDE;M;4327910.0;539193.0;130
13952;201300015450;13;8;7;1900;1;2;1;1.0;2;55;6, CHE DU LANCIER;M;4324905.0;539685.0;130
13953;201300015451;13;8;9;2315;5;2;2;1.0;3;55;RUE AUGUSTIN AUBERT;M;4326668.0;540288.0;130
13954;201300015452;13;8;14;1545;1;2;1;1.0;5;55;55, RUE AVIATEUR LE BRIX;M;4325947.0;540137.0;130
13955;201300015453;13;8;16;1200;1;2;1;1.0;3;55;24A, CHE JOSEPH AIGUIER;M;4325437.0;540764.0;130
13956;201300015454;13;8;19;2245;5;2;1;1.0;3;55;106, AVE JULES CANTINI;M;4328146.0;539186.0;130
13957;201300015455;13;8;25;1940;3;1;1;1.0;3;55;VSN LEON LACHAMP (RTE);;;;130
13958;201300015456;13;9;4;2240;5;2;1;1.0;6;55;33, AVE CLOT BEY;M;4326191.0;538766.0;130
13959;201300015457;13;8;2;2030;5;2;1;1.0;6;55;343, AVE DU PRADO;M;4327049.0;538819.0;130
13960;201300015458;13;8;18;100;5;2;3;1.0;3;55;230, RUE CHARLES KADDOUZ;M;4331786.0;543882.0;130
13961;201300015459;13;8;18;330;5;2;1;1.0;7;55;58, MTE DE SAINT MENET;M;4329353.0;549390.0;130
13962;201300015460;13;8;22;2345;3;1;1;1.0;7;55;RTE LEON LACHAMP;;;;130
13963;201300015461;13;9;7;755;1;2;1;1.0;6;75;25, LOUIS PASTEUR (AVE);M;4335203.0;546782.0;130
13964;201300015462;13;9;3;1720;1;2;1;1.0;6;55;18, BD CAMILLE FLAMMARIO;M;4330404.0;538712.0;130
13965;201300015463;13;8;7;1900;1;2;1;1.0;2;55;208, BD DE LA VALBARELLE;M;4328862.0;545540.0;130
13966;201300015464;13;8;20;1940;1;2;1;1.0;6;55;219, AVE DU VINGT QUATRE;M;4330950.0;544097.0;130
13967;201300015465;13;8;21;1715;1;2;1;1.0;7;2;PROVENCE (AVENUE DE);M;4333142.0;548618.0;130
13968;201300015466;13;7;3;1530;1;2;1;1.0;6;55;20-26, RUE CAISSERIE;M;4329693.0;536782.0;130
13969;201300015468;13;8;17;1200;1;1;1;1.0;6;55;VSN ROVE ANC CHE DU;;;;130
13970;201300015469;13;8;18;1330;1;2;1;1.0;6;55;CHE DU LITTORAL;;;;130
13971;201300015470;13;8;29;1200;1;2;2;1.0;5;55;AVE DE FRAIS VALLON;M;4332494.0;542316.0;130
13972;201300015473;13;8;15;1815;1;2;1;1.0;1;55;01, CHE DE RAGUSE;M;4331857.0;540460.0;130
13973;201300015474;13;9;3;800;1;2;1;1.0;6;55;7, TRA DE LA MONTRE;M;4329308.0;547377.0;130
13974;201300015475;13;8;31;730;2;2;3;1.0;6;55;171, CHE DE LA MADRAGUE;M;4332779.0;535992.0;130
13975;201300015476;13;8;28;1405;1;2;1;1.0;3;75;124, LIBERATION (AVE DE;M;4334280.0;545755.0;130
13976;201300015477;13;8;22;1430;1;2;3;1.0;6;55;AVE DU MERLAN;M;4333070.0;540479.0;130
13977;201300015478;13;7;22;2130;2;2;1;1.0;6;55;169, AVE DE LA CAPELETTE;M;4328074.0;540730.0;130
13978;201300015479;13;9;10;1745;1;2;1;1.0;3;55;77, AVE JEAN LOMBARD;M;4328903.0;543424.0;130
13979;201300015480;13;9;12;1510;1;2;1;1.0;6;55;2, BD SAKAKINI;M;4329954.0;540074.0;130
13980;201300015482;13;8;10;2115;5;2;1;1.0;6;55;3, RUE RODOLPHE POLLAK;M;4329537.0;537971.0;130
13981;201300015483;13;9;7;2015;5;2;1;1.0;3;55;190, AVE DES CHARTREUX;M;4331001.0;540072.0;130
13982;201300015484;13;7;20;1335;1;2;1;1.0;2;55;BD DES BASSINS DE RADOUB;;;;130
13983;201300015485;13;6;10;2230;5;2;3;1.0;3;55;BD MIRABEAU;M;4331454.0;537053.0;130
13984;201300015487;13;9;5;810;1;1;1;1.0;6;55;91, CHE DU MERLAN A LA R;M;4333044.0;541235.0;130
13985;201300015488;13;9;3;720;2;2;3;7.0;6;55;AVE DE CHATEAU GOMBERT;M;4335184.0;543447.0;130
13986;201300015489;13;9;4;1020;1;2;1;1.0;2;55;BD DE PLOMBIERES;;;;130
13987;201300015490;13;9;2;1300;1;2;2;1.0;3;55;RUE AUGUSTIN ROUX;M;4334825.0;536236.0;130
13988;201300015491;13;8;8;1415;1;2;1;1.0;2;55;170, COR PRESIDENT JOHN;M;4328080.0;535224.0;130
13989;201300015492;13;9;4;1320;1;2;1;1.0;2;55;18, AVE DE LA CORSE;M;4328959.0;536486.0;130