;Num_Acc;an;mois;jour;hrmn;lum;agg;int;atm;col;com;adr;gps;lat;long;dep
13990;201300015493;13;8;7;1215;1;2;1;1.0;2;55;1, CHE DE SAINT ANTOINE;M;4336567.0;535681.0;130
13991;201300015494;13;8;31;2230;5;2;3;1.0;3;55;103, BD DE LA BLANCARDE;M;4330319.0;540312.0;130
13992;201300015495;13;8;28;1250;1;2;1;1.0;6;55;90, AVE DU PRADO;M;4328193.0;538598.0;130
13993;201300015496;13;9;3;1700;1;2;1;1.0;6;55;189, BD ROMAIN ROLLAND;M;4327556.0;541679.0;130
13994;201300015497;13;5;14;1310;1;2;1;1.0;6;55;43, AVE DE LA POINTE ROU;M;4324769.0;537447.0;130
13995;201300015498;13;9;6;1500;1;2;1;1.0;7;55;69, AVE D' HAIFA;M;4325113.0;539024.0;130
13996;201300015499;13;9;13;1;5;2;6;1.0;7;55;440, AVE DE LATTRE DE TA;M;4324484.0;542746.0;130
13997;201300015500;13;8;19;1945;2;2;1;1.0;6;55;68, RTE DES CAMOINS;M;4329732.0;549558.0;130
13998;201300015501;13;9;3;1800;1;2;1;1.0;6;55;3, AVE DU VINGT QUATRE A;M;4330770.0;542552.0;130
13999;201300015502;13;7;4;820;1;2;3;1.0;3;55;0, BD DES ACIERIES;M;4327625.0;540472.0;130
14000;201300015503;13;9;4;800;1;2;1;1.0;6;55;200, AVE DE LA ROSE;M;4332911.0;542740.0;130
14001;201300015504;13;9;3;1453;1;2;1;1.0;2;55;56, BD DE PLOMBIERES;M;4331580.0;538516.0;130
14002;201300015506;13;9;3;1150;1;2;1;1.0;6;55;00, BD JEAN MOULIN;;;;130
14003;201300015507;13;9;4;1910;1;2;1;1.0;2;55;00, BD ROMAIN ROLLAND;;;;130
14004;201300015508;13;9;3;1630;1;2;1;1.0;6;55;00, AVE DU PRADO;;;;130
14005;201300015509;13;8;11;1830;1;2;1;1.0;6;55;00, BD BAILLE;;;;130
14006;201300015510;13;9;16;1552;1;2;2;1.0;6;55;8, RUE BRETEUIL;M;4329241.0;537495.0;130
14007;201300015511;13;9;10;2105;5;2;1;1.0;6;55;20, ALL LEON GAMBETTA;M;4329909.0;538203.0;130
14008;201300015512;13;9;5;620;1;2;1;1.0;3;55;BD SAKAKINI;;;;130
14009;201300015513;13;9;11;1205;1;2;1;1.0;3;55;253, AVE DE LA CAPELETTE;M;4327914.0;541203.0;130
14010;201300015514;13;9;6;715;1;1;1;1.0;3;55;104, RTE LEON LACHAMP;M;4324889.0;544212.0;130
14011;201300015516;13;9;2;1145;1;2;1;1.0;6;55;35, RUE GRAND RUE;M;4333546.0;545113.0;130
14012;201300015517;13;9;10;1655;1;2;1;1.0;4;55;29, AVE ALEXANDRE FLEMIN;M;4331510.0;540294.0;130
14013;201300015518;13;9;11;745;1;2;1;1.0;2;55;344, AVE DE SAINT ANTOIN;M;4337739.0;535654.0;130
14014;201300015519;13;9;11;1515;1;2;1;1.0;6;55;BD PAUL ARENE;M;4331863.0;538246.0;130
14015;201300015520;13;8;31;1030;1;2;1;1.0;7;55;50, BD AGUILLON;M;4326580.0;541155.0;130
14016;201300015521;13;7;16;1210;1;1;1;1.0;2;2;520, SALVATORE ALLENDE (;M;4335264.0;548205.0;130
14017;201300015523;13;8;21;1530;1;2;3;1.0;5;55;25, QAI DE LA JOLIETTE;M;4330109.0;536413.0;130
14018;201300015524;13;8;30;930;1;2;2;1.0;3;55;CH DU LITTORAL;M;4333999.0;534846.0;130
14019;201300015526;13;9;13;910;1;2;1;1.0;6;55;CHE DU MERLAN A LA ROSE;;;;130
14020;201300015527;13;9;3;1015;1;2;1;1.0;6;55;CHE DE LA COMMANDERIE;M;4333935.0;536253.0;130
14021;201300015528;13;6;19;1225;1;2;1;1.0;6;55;123, BD ROMAIN ROLLAND;M;4327691.0;541927.0;130
14022;201300015529;13;8;31;1630;1;2;1;1.0;3;55;344, AVE DE SAINT ANTOIN;M;4337741.0;535653.0;130
14023;201300015530;13;9;20;115;5;2;1;1.0;1;55;168, AVE CLOT BEY;M;4325565.0;538228.0;130
14024;201300015531;13;9;21;2020;5;2;1;1.0;3;55;102, AVE DE LA VISTE;M;4335846.0;535760.0;130
14025;201300015532;13;9;21;1900;5;2;1;1.0;2;55;38, BD DE SAINTE MARGUER;M;4326866.0;540415.0;130
14026;201300015533;13;9;25;1330;1;2;1;1.0;6;55;375, CHE DE LA MADRAGUE;M;4333942.0;535572.0;130
14027;201300015534;13;6;20;1645;1;2;1;1.0;6;55;66, BD BAILLE;M;4328728.0;538892.0;130
14028;201300015535;13;9;4;1230;1;2;1;1.0;6;55;116, BD BAILLE;M;4328793.0;539136.0;130
14029;201300015536;13;9;10;1600;1;2;1;1.0;6;55;COR PRESIDENT JOHN F KEN;M;4327530.0;536000.0;130
14030;201300015538;13;9;12;1130;1;2;3;1.0;3;55;94, RUE SAINT SAVOURNIN;M;4329635.0;538688.0;130
14031;201300015539;13;9;18;1920;1;2;1;1.0;6;55;34, RUE NATIONALE;M;4329969.0;537806.0;130
14032;201300015540;13;6;12;1630;1;2;1;1.0;2;55;2, BD DE PONT DE VIVAUX;M;4327957.0;541726.0;130
14033;201300015541;13;9;12;2130;5;2;1;1.0;3;55;130, AVE DU VINGT QUATRE;M;4330805.0;543456.0;130
14034;201300015542;13;9;13;115;5;2;1;1.0;3;106;HAUTE BEDOULE (CHEMIN DE;;;;130
14035;201300015543;13;9;19;1950;3;2;1;1.0;6;55;1, CHE DES BOURRELY;M;4337379.0;535660.0;130
14036;201300015544;13;2;6;1915;1;2;1;1.0;6;55;40, RUE DE LYON;M;4332471.0;536714.0;130
14037;201300015545;13;9;7;1415;1;2;1;1.0;6;55;RUE DE LA MAURELLE;;;;130
14038;201300015546;13;9;14;1225;1;2;1;1.0;2;55;00, RTE DE LA SABLIERE;;;;130
14039;201300015547;13;9;5;1745;1;2;1;1.0;2;55;00, BD FERDINAND DE LESS;;;;130
14040;201300015548;13;9;10;1230;1;2;1;1.0;2;55;00, CHE DU LITTORAL;;;;130
14041;201300015549;13;9;3;1200;1;2;1;1.0;6;55;45, RUE SAINTE;M;4329227.0;537432.0;130
14042;201300015551;13;8;31;2355;5;2;1;1.0;2;55;201, AVE PIERRE MENDES F;M;4325155.0;537571.0;130
14043;201300015552;13;9;3;1230;1;2;1;1.0;2;55;46, BD EDOUARD HERRIOT;M;4327210.0;538793.0;130
14044;201300015553;13;9;5;730;1;2;1;1.0;3;55;314, AVE DU PRADO;M;4327221.0;539087.0;130
14045;201300015554;13;9;12;1300;1;2;1;1.0;2;55;45, TRA PARANGON;M;4324337.0;537983.0;130
14046;201300015555;13;9;12;1915;1;2;1;1.0;3;55;22, BD DE SAINT MARCEL;M;4328866.0;545690.0;130
14047;201300015556;13;9;18;1745;1;2;1;1.0;6;55;122, AVE DE HAMBOURG;M;4324972.0;538986.0;130
14048;201300015557;13;5;21;1700;1;2;1;1.0;6;55;390, BD MICHELET;M;4325512.0;540113.0;130
14049;201300015558;13;6;24;1315;1;2;1;1.0;4;55;262, AVE DE MAZARGUES;M;4326247.0;539319.0;130
14050;201300015559;13;8;2;700;1;2;1;1.0;5;55;BD JEAN MOULIN;;;;130
14051;201300015560;13;8;23;1430;1;2;3;1.0;3;55;.., AVE RAMPAL;M;4331788.0;544552.0;130
14052;201300015561;13;9;15;1400;1;2;2;1.0;3;55;1, RUE JEAN MERMOZ;M;4327459.0;538682.0;130
14053;201300015562;13;9;11;1630;1;2;2;1.0;3;55;300, BD.*MICHELET;M;4325876.0;539902.0;130
14054;201300015563;13;9;15;1715;1;2;1;1.0;6;55;97, RUE DE LA GRANIERE;M;4328510.0;546021.0;130
14055;201300015564;13;9;18;1330;1;2;1;1.0;6;55;120, RUE SAINT JEAN DU D;M;4329540.0;543332.0;130
14056;201300015566;13;8;29;1020;1;2;1;1.0;6;55;22, CHE DE PALAMA;M;4335317.0;543806.0;130
14057;201300015567;13;7;5;1015;1;2;2;1.0;6;55;8, PCE DU MARCHE;M;4331824.0;536918.0;130
14058;201300015568;13;7;8;2030;1;2;1;1.0;6;55;163, BD NATIONAL;M;4330844.0;538100.0;130
14059;201300015569;13;8;24;25;5;2;1;1.0;2;55;AVE ALEXANDRE FLEMING;;;;130
14060;201300015570;13;9;25;1730;1;1;1;1.0;5;55;RTE LEON LACHAMP;;;;130
14061;201300015572;13;9;13;1315;1;2;2;1.0;7;55;AVE JEAN PAUL SARTRE;M;4332517.0;542326.0;130
14062;201300015573;13;1;15;1645;1;2;1;1.0;1;55;83, CHE DE SAINT ANTOINE;M;4335494.0;537060.0;130
14063;201300015574;13;9;6;1215;1;2;1;1.0;6;55;CV DU RUISSEAU MIRABEAU;;;;130
14064;201300015576;13;9;13;1400;1;2;1;1.0;1;55;PRK PLAGE DE L'ESTAQUE;M;4335955.0;531701.0;130
14065;201300015577;13;9;4;815;1;2;1;1.0;7;55;20, RUE LOUBON;M;4331184.0;537896.0;130
14066;201300015578;13;9;13;915;1;2;2;1.0;3;55;RUE DE CRIMEE;M;4330791.0;537960.0;130
14067;201300015580;13;9;15;915;1;2;2;2.0;3;55;13, RUE DU MARCHE;M;4331824.0;536918.0;130
14068;201300015581;13;9;29;1925;1;2;1;1.0;6;55;CHE DE L ARMEE D AFRIQUE;M;4328658.0;541554.0;130
14069;201300015583;13;9;19;1000;1;1;1;1.0;3;55;163, BD DE DUNKERQUE;;;;130
14070;201300015584;13;9;22;1700;1;2;1;1.0;6;55;42, AVE CAMILLE PELLETAN;M;4330390.0;537356.0;130
14071;201300015585;13;9;27;1540;1;2;1;1.0;1;55;120, AVE DES CHARTREUX;M;4330669.0;539969.0;130
14072;201300015586;13;9;27;1920;1;2;1;1.0;6;55;65, RUE DE GENES;M;4328265.0;538597.0;130
14073;201300015587;13;8;13;1750;1;2;1;1.0;6;55;BD DE LA BARASSE RN 8;M;4328586.0;547937.0;130
14074;201300015589;13;7;20;2230;5;1;2;1.0;3;55;AVE DU MARCHE NATIONAL;M;4334114.0;537694.0;130
14075;201300015590;13;9;12;1900;1;2;1;1.0;3;55;63, AVE DES CAMOINS;M;4330538.0;551165.0;130
14076;201300015591;13;7;6;930;1;2;1;1.0;6;55;CHE DE LA GRAVE;M;4334610.0;544843.0;130
14077;201300015593;13;9;20;1715;1;2;1;1.0;3;55;1, AVE JEAN PAUL SARTRE;M;4332209.0;541773.0;130
14078;201300015595;13;9;30;2100;5;2;1;1.0;6;55;200, COR PRESIDENT JOHN;M;4327530.0;536001.0;130
14079;201300015596;13;9;25;1600;1;2;1;1.0;6;55;0, BD CHARLES NEDELEC;;;;130
14080;201300015597;13;9;30;1405;1;2;1;1.0;6;55;256, BD BAILLE;M;4328987.0;539847.0;130
14081;201300015598;13;10;2;700;1;2;1;1.0;5;55;82, BD MICHELET;M;4326819.0;539372.0;130
14082;201300015599;13;4;1;1720;1;2;4;3.0;3;55;CHE DE SAINT JOSEPH A SA;M;4334001.0;538801.0;130
14083;201300015600;13;9;30;1755;1;2;1;1.0;6;55;5, TRA DU COLONEL;M;4331917.0;538967.0;130
14084;201300015601;13;9;30;1120;1;2;1;1.0;6;55;90, AVE DE MAZARGUES;M;4326693.0;538963.0;130
14085;201300015602;13;9;10;815;1;2;1;1.0;2;55;00, BD DE LA MAZARADE;;;;130
14086;201300015603;13;9;13;845;1;2;1;1.0;6;55;100, RUE BELLE DE MAI;M;4331274.0;538546.0;130
14087;201300015604;13;9;22;2030;2;2;1;1.0;2;55;00, CHE DU ROY D' ESPAGN;;;;130
14088;201300015605;13;9;13;1525;1;2;1;1.0;6;55;00, CV DE MORGIOU;;;;130
14089;201300015606;13;9;27;830;1;2;1;1.0;1;55;54, AVE SAINT PAUL;M;4332822.0;540676.0;130
14090;201300015607;13;10;1;1800;2;2;1;1.0;6;55;2, AVE DU CAP PINEDE ROC;M;4332953.0;536724.0;130
14091;201300015608;13;9;28;1515;1;2;1;1.0;6;55;13, MAR DES CAPUCINS;M;4329645.0;538049.0;130
14092;201300015609;13;10;3;1200;1;2;1;1.0;1;55;507, CHE DE LA MADRAGUE;M;4334549.0;535463.0;130
14093;201300015610;13;10;7;825;1;2;1;1.0;6;75;36, PAUL SIRVENT (AVE);M;4334358.0;546654.0;130
14094;201300015611;13;7;22;1835;1;2;2;1.0;3;55;4, BD NOTRE DAME;M;4329009.0;537252.0;130
14095;201300015612;13;9;18;1015;1;2;1;1.0;3;55;14, BD THEODORE THURNER;M;4329176.0;538303.0;130
14096;201300015613;13;9;17;1620;1;2;1;1.0;6;55;137, BD NATIONAL;M;4330732.0;538215.0;130
14097;201300015614;13;9;24;1445;1;2;1;1.0;6;55;38, AVE DE LA VISTE;M;4335547.0;535731.0;130
14098;201300015615;13;9;25;1515;1;2;1;1.0;2;55;92, BD FRANCOISE DUPARC;M;4330497.0;540093.0;130
14099;201300015616;13;9;19;855;1;2;3;1.0;2;55;1, RUE GASTON DE FLOTTE;M;4329573.0;542273.0;130
14100;201300015617;13;9;19;1250;1;1;1;1.0;7;55;17, TRA DES LOUBETS;M;4329177.0;547076.0;130
14101;201300015619;13;9;23;2110;5;2;1;1.0;3;55;74, AVE JULES CANTINI;M;4328263.0;538972.0;130
14102;201300015621;13;9;24;830;1;2;2;1.0;3;55;35, BD SAKAKINI;M;4329751.0;540081.0;130
14103;201300015622;13;9;8;1445;1;2;1;1.0;3;55;73, CRS PIERRE PUGET;M;4328999.0;537319.0;130
14104;201300015623;13;9;29;1330;1;1;1;2.0;6;55;37, CHE DU VALLON VERT;M;4333571.0;545506.0;130
14105;201300015624;13;9;18;1110;1;2;3;1.0;2;55;.........., CHE JOSEPH A;M;4325069.0;541538.0;130
14106;201300015625;13;9;23;1800;1;2;1;7.0;6;55;155, AVE DE LA TIMONE;M;4328657.0;540958.0;130
14107;201300015626;13;9;26;935;1;2;3;1.0;3;55;36, BD F BONNEFOY;M;4327936.0;539929.0;130
14108;201300015627;13;9;6;1200;1;2;3;1.0;7;55;1, TRA CHARLES SUSINI;M;4333366.0;542021.0;130
14109;201300015628;13;10;7;2143;5;2;1;1.0;6;55;13, BD RABATAU;M;4327332.0;539268.0;130
14110;201300015629;13;9;10;2030;5;2;2;1.0;3;55;34, RUE DE FORBIN;M;4330536.0;536936.0;130
14111;201300015630;13;9;17;850;1;2;1;1.0;6;55;306, CHE DU LITTORAL;M;4334425.0;534709.0;130
14112;201300015631;13;9;9;1120;1;2;1;1.0;6;55;74, RUE VERDILLON;M;4327473.0;542652.0;130
14113;201300015632;13;9;14;100;5;2;1;1.0;7;55;1, AVE FRANCOIS CHARDIGN;M;4329368.0;548335.0;130
14114;201300015633;13;9;16;2020;5;2;3;1.0;1;55;371, BD ROMAIN ROLLAND;M;4327060.0;540745.0;130
14115;201300015634;13;9;18;945;1;2;1;1.0;6;55;VSN VALBARELLE CR SAINT;M;4328114.0;543868.0;130
14116;201300015635;13;9;21;1655;1;2;1;1.0;3;55;561, RUE SAINT PIERRE;M;4329048.0;542154.0;130
14117;201300015637;13;9;26;1525;1;2;2;1.0;3;55;46, AVE DE LA ROSE;M;4332561.0;541948.0;130
14118;201300015638;13;9;29;1730;1;2;1;1.0;6;55;32, CHE DE LA COMMANDERI;M;4334019.0;536261.0;130
14119;201300015639;13;7;4;1230;1;2;1;1.0;3;55;186, CHE DE GIBBES;M;4332678.0;538415.0;130
14120;201300015640;13;10;7;1445;1;2;1;1.0;3;55;176, CHE DE SORMIOU;M;4322767.0;540277.0;130
14121;201300015641;13;7;23;1130;1;2;1;1.0;2;55;213, CHE DU ROUCAS BLANC;M;4328138.0;536903.0;130
14122;201300015642;13;7;29;1130;1;2;1;1.0;3;55;0, BD CHAVE;;;;130
14123;201300015643;13;9;17;1730;1;2;1;1.0;2;55;366, AVE DES POILUS;M;4331299.0;546384.0;130
14124;201300015644;13;9;18;1;5;2;1;1.0;3;55;46, AVE DES OLIVES;M;4332863.0;543311.0;130
14125;201300015645;13;9;19;1815;1;2;1;1.0;1;55;68, RTE DES CAMOINS;M;4329741.0;549630.0;130
14126;201300015646;13;9;22;1600;1;2;1;1.0;1;55;9, RUE DU DOCTEUR LEON P;M;4331366.0;538659.0;130
14127;201300015647;13;9;21;900;1;2;1;1.0;3;75;156, LIBERATION (AVE DE;M;4334469.0;546037.0;130
14128;201300015648;13;9;26;1110;1;2;3;1.0;3;55;2, AVE DES BALUSTRES;M;4333799.0;542157.0;130
14129;201300015649;13;9;29;330;5;2;3;1.0;2;55;00, BD MIRABEAU;M;4331323.0;536629.0;130
14130;201300015650;13;10;8;1330;1;2;2;1.0;6;55;17, RUE SAINT ETIENNE;M;4328570.0;539618.0;130
14131;201300015651;13;9;19;1425;1;2;1;1.0;1;55;174, CHE DE L ARMEE D AF;M;4328728.0;541221.0;130
14132;201300015652;13;9;26;2100;5;2;1;1.0;3;55;245bis, BD MICHELET;M;4326095.0;539782.0;130
14133;201300015653;13;9;30;1200;1;2;1;1.0;6;55;AVE D' HAIFA;;;;130
14134;201300015654;13;10;9;715;1;2;1;1.0;6;55;556, CHE DU LITTORAL;M;4335455.0;533377.0;130
14135;201300015655;13;9;23;1304;1;2;1;1.0;2;55;100, AVE DE SAINT JEROME;M;4333364.0;542021.0;130
14136;201300015656;13;9;4;1800;1;2;1;1.0;6;55;211, AVE DE LA CAPELETTE;M;4327984.0;540997.0;130
14137;201300015659;13;9;10;1100;1;2;1;1.0;6;55;00, RUE DRAGON;;;;130
14138;201300015660;13;9;23;1205;1;2;1;1.0;6;55;00, BD PAUL CLAUDEL;;;;130
14139;201300015661;13;9;20;1515;1;2;1;1.0;7;55;00, AVE ALEXANDRE FLEMIN;;;;130
14140;201300015663;13;9;5;930;1;2;2;1.0;6;55;1, RUE DE FORBIN;M;4330649.0;537349.0;130
14141;201300015664;13;10;1;840;1;2;2;1.0;3;55;525, AVE DU PRADO;M;4326969.0;538695.0;130
14142;201300015665;13;10;3;1545;1;2;1;1.0;6;55;55, BD DE LA GROTTE ROLL;M;4323393.0;536392.0;130
14143;201300015667;13;10;5;1735;2;2;3;1.0;3;55;20, RUE AVIATEUR LE BRIX;M;4326209.0;540431.0;130
14144;201300015668;13;5;2;845;1;2;1;1.0;6;55;BD MICHELET;M;4326318.0;539657.0;130
14145;201300015669;13;9;7;1345;1;2;1;1.0;6;55;86, AVE JOSEPH VIDAL;M;4325147.0;537771.0;130
14146;201300015670;13;9;8;2030;5;2;2;1.0;2;55;174, CH ARMEE AFRIQUE;M;4328690.0;541243.0;130
14147;201300015671;13;9;10;1130;1;2;3;1.0;3;55;110, AVE DU PRADO;M;4327988.0;538714.0;130
14148;201300015673;13;9;30;2020;5;2;1;1.0;4;55;AVE ALEXANDRE FLEMING;;;;130
14149;201300015674;13;9;23;1715;1;2;1;1.0;3;55;203, RUE JOSEPH CLERISSY;M;4329504.0;542710.0;130
14150;201300015675;13;9;20;850;1;2;1;1.0;3;55;99, RTE DES CAMOINS;M;4329802.0;549808.0;130
14151;201300015676;13;10;10;2205;5;2;1;1.0;7;2;JEAN GIONO (AVENUE);M;4333224.0;548462.0;130
14152;201300015677;13;9;24;2340;5;2;6;1.0;3;55;BD HENRI BARNIER;M;4337008.0;534622.0;130
14153;201300015678;13;9;27;2115;5;2;3;1.0;7;55;79, RUE JEAN CRISTOFOL;M;4331077.0;538369.0;130
14154;201300015679;13;10;6;1940;4;2;1;2.0;6;55;56, RUE DU DOCTEUR LEON;M;4331540.0;538921.0;130
14155;201300015680;13;9;16;1630;1;2;2;1.0;3;55;29, RUE DU ROUET;M;4328416.0;538554.0;130
14156;201300015681;13;9;16;1715;1;2;1;1.0;3;55;65, AVE DE LA CORSE;M;4328891.0;536088.0;130
14157;201300015682;13;9;23;745;1;2;3;1.0;2;55;188, AVE DES OLIVES;M;4332569.0;544114.0;130
14158;201300015684;13;10;1;2050;5;2;1;1.0;3;55;AVE JEAN LOMBARD;;;;130
14159;201300015685;13;10;2;1510;1;2;1;1.0;6;55;6, BD LIONEL TERRAY;M;4331574.0;540304.0;130
14160;201300015686;13;6;20;1945;1;2;1;1.0;2;55;22, RUE TERRUSSE;M;4329624.0;538790.0;130
14161;201300015687;13;9;28;1330;1;2;3;1.0;7;55;118, RUE D ENDOUME;M;4328708.0;536429.0;130
14162;201300015688;13;10;4;1820;1;2;1;1.0;2;55;19, CRS LIEUTAUD;M;4329448.0;538199.0;130
14163;201300015689;13;9;28;1700;1;2;1;1.0;1;55;02, AVE DE VALDONNE;M;4332248.0;541255.0;130
14164;201300015690;13;10;3;810;1;2;1;1.0;6;55;BD MICHELET;;;;130
14165;201300015691;13;10;7;1020;1;2;3;1.0;6;55;141, AVE DU PRADO;M;4327877.0;538777.0;130
14166;201300015692;13;5;17;1010;1;2;1;1.0;6;55;8, BD LOMBARD;M;4335730.0;536975.0;130
14167;201300015693;13;9;2;740;1;2;1;1.0;3;55;103, TRA DE LA MARTINE;M;4329970.0;547041.0;130
14168;201300015694;13;9;27;1100;1;2;1;1.0;6;55;79, BD ROMAIN ROLLAND;M;4327918.0;542288.0;130
14169;201300015695;13;10;2;2100;5;2;3;1.0;3;55;RUE SAINT JEAN DU DESERT;M;4329489.0;541747.0;130
14170;201300015696;13;10;4;1940;3;2;1;8.0;3;55;234, CHE DE LA MADRAGUE;M;4333192.0;535900.0;130
14171;201300015697;13;10;12;520;5;2;1;1.0;6;55;AVE DU CAP PINEDE ROC 3;;;;130
14172;201300015698;13;10;13;530;3;2;1;1.0;2;55;AVE DU MARECHAL FOCH;M;4330235.0;539724.0;130
14173;201300015699;13;10;12;1745;1;2;1;1.0;6;55;1, PCE PLACIDE CAFFO;M;4331314.0;538520.0;130
14174;201300015700;13;9;30;1715;1;2;1;1.0;2;55;58, BD DE PLOMBIERES;M;4331586.0;538495.0;130
14175;201300015701;13;10;1;930;1;2;1;1.0;6;55;13, BD DE LA GARE;M;4335761.0;536618.0;130
14176;201300015702;13;10;2;920;1;2;1;1.0;2;55;146, PCE CHARLES SUSINI;M;4334131.0;541046.0;130
14177;201300015703;13;10;4;1325;1;2;1;1.0;6;55;102, RUE FELIX PYAT;M;4331650.0;537422.0;130
14178;201300015704;13;9;21;1645;1;2;1;1.0;6;55;00, CHE DU LITTORAL VOIE;;;;130
14179;201300015705;13;8;19;2300;5;2;1;1.0;6;55;00, AVE MISTRAL;;;;130
14180;201300015707;13;9;24;700;2;2;1;1.0;3;55;151, BD BAILLE;M;4328955.0;539729.0;130
14181;201300015709;13;10;7;1950;5;2;1;1.0;2;55;79, BD BAILLE;M;4328744.0;538949.0;130
14182;201300015710;13;7;1;1110;1;2;1;1.0;7;55;34, BD DU REDON;M;4325638.0;541976.0;130
14183;201300015711;13;9;18;730;1;2;1;1.0;3;55;58, AVE ANDRE ZENATTI;M;4324656.0;538621.0;130
14184;201300015712;13;9;24;910;1;2;2;1.0;3;55;306, AVE DES CAILLOLS;M;4330324.0;544963.0;130
14185;201300015713;13;10;5;1100;1;2;1;1.0;6;55;146, TRA DE LA PENNE;M;4329321.0;551157.0;130
14186;201300015714;13;10;5;1800;5;2;1;1.0;3;55;452, AVE DU PRADO;M;4326722.0;538311.0;130
14187;201300015715;13;10;8;2325;5;2;1;1.0;3;55;25, BD DU CABOT;M;4325997.0;541603.0;130
14188;201300015716;13;10;14;750;1;2;1;3.0;3;55;45, AVE DU MARECHAL FOCH;M;4329998.0;540056.0;130
14189;201300015717;13;10;7;1230;1;2;1;1.0;6;55;RPT IAN PALACH;M;4327897.0;542666.0;130
14190;201300015718;13;9;23;1610;1;2;1;1.0;6;55;00, RUE TEISSERE;;;;130
14191;201300015719;13;6;22;1930;1;2;7;1.0;3;55;1, PCE CASTELLANE;M;4328594.0;538374.0;130
14192;201300015720;13;10;9;1610;1;2;1;1.0;2;55;90, CHE DE SAINTE MARTHE;M;4332266.0;538940.0;130
14193;201300015721;13;10;5;750;1;2;1;1.0;2;55;2, BD CHARLES LIVON;M;4329223.0;536346.0;130
14194;201300015722;13;10;6;1440;1;2;1;1.0;3;55;71, BD CAMILLE FLAMMARIO;M;4330630.0;539414.0;130
14195;201300015723;13;10;5;1750;1;2;1;1.0;3;55;63, AVE ALEXANDRE ANSALD;M;4333171.0;540415.0;130
14196;201300015724;13;10;8;835;1;2;1;1.0;2;55;50, BD DU CAPITAINE GEZE;M;4333079.0;537218.0;130
14197;201300015725;13;5;30;1415;1;2;1;1.0;2;55;0, VOL PASSERELLE PLOMBI;;;;130
14198;201300015727;13;9;29;1930;2;2;1;1.0;2;55;111, AVE FERNANDEL;M;4331143.0;545495.0;130
14199;201300015728;13;10;10;1245;1;2;1;1.0;6;55;250, CHE DE CHATEAU GOMB;M;4334674.0;542711.0;130
14200;201300015729;13;10;9;950;1;2;1;1.0;3;55;149, PGE DE L' ESTAQUE;M;4336204.0;530904.0;130
14201;201300015730;13;9;30;915;1;2;1;1.0;3;2;PROVENCE (AVENUE DE);;;;130
14202;201300015731;13;10;5;1510;1;2;1;1.0;3;55;AVE DES PEINTRES ROUX;;;;130
14203;201300015732;13;10;3;1810;1;2;1;1.0;7;55;1, TRA DE LA MONTRE;M;4329122.0;547302.0;130
14204;201300015733;13;10;12;1320;1;2;3;1.0;3;55;120, AVE D HAITI;M;4329789.0;541336.0;130
14205;201300015734;13;10;13;200;5;1;1;1.0;6;2;ETIENNE CUCCA-CD908 (AVE;;;;130
14206;201300015735;13;10;17;740;1;2;1;1.0;6;55;VOI LA CANEBIERE;M;4329859.0;538386.0;130
14207;201300015736;13;9;25;1330;1;2;1;1.0;3;55;74, AVE DE MAZARGUES;M;4326781.0;538919.0;130
14208;201300015737;13;9;18;1430;1;2;1;1.0;6;55;77, AVE ALEXANDRE ANSALD;M;4333074.0;540463.0;130
14209;201300015738;13;9;19;1730;1;2;1;1.0;6;55;00, BD VOLTAIRE;;;;130
14210;201300015740;13;10;17;1035;1;2;1;1.0;6;55;171, RUE DU ROUET;M;4327767.0;539296.0;130
14211;201300015741;13;10;10;2310;5;2;1;1.0;3;55;37, AVE DE LA POINTE ROU;M;4324785.0;537455.0;130
14212;201300015743;13;10;17;1030;1;2;1;1.0;7;55;6, BD FERNAND BONNEFOY;M;4328191.0;540262.0;130
14213;201300015744;13;10;8;840;1;2;1;1.0;3;55;196, BD DE SAINT LOUP;M;4328452.0;543688.0;130
14214;201300015745;13;9;26;1230;1;2;1;1.0;1;55;74, AVE DES AYGALADES;M;4333640.0;536746.0;130
14215;201300015746;13;9;27;2200;5;2;1;1.0;1;55;BD DE LA SAVINE;;;;130
14216;201300015747;13;9;29;315;5;2;1;1.0;6;55;59, AVE DE SAINT JEROME;M;4333055.0;541919.0;130
14217;201300015748;13;10;17;1245;1;1;3;1.0;2;55;RUE ERNEST ROUVIER;M;4324983.0;540270.0;130
14218;201300015749;13;10;18;1000;1;2;2;1.0;2;55;RUE DE LA PALUD;M;4329294.0;538020.0;130
14219;201300015750;13;9;24;1;5;2;3;1.0;1;55;16, BD DE LA GARE;M;4335715.0;536769.0;130
14220;201300015751;13;10;16;1735;1;2;1;1.0;6;55;9, BD BAILLE;M;4328632.0;538504.0;130
14221;201300015752;13;10;5;1745;1;2;1;1.0;7;55;46, RUE DE LA PINEDE;M;4329212.0;542638.0;130
14222;201300015753;13;10;4;2000;5;2;9;1.0;2;55;1, AVE JEAN PAUL SARTRE;M;4331391.0;540608.0;130