;Num_Acc;an;mois;jour;hrmn;lum;agg;int;atm;col;com;adr;gps;lat;long;dep
14223;201300015754;13;10;13;1730;1;2;1;1.0;6;55;6, BD DE LA BLANCARDE;M;4330267.0;539721.0;130
14224;201300015755;13;10;15;1055;1;2;1;2.0;6;55;6A, RUE ARMENY;M;4329081.0;537941.0;130
14225;201300015756;13;9;2;2140;5;2;1;1.0;3;55;246, BD DE LA BARASSE RN;M;4328410.0;549051.0;130
14226;201300015757;13;10;20;645;5;2;1;1.0;3;55;130, BD DE LA LIBERATION;M;4330145.0;539246.0;130
14227;201300015758;13;9;16;2000;2;2;1;1.0;6;55;27, RUE SAINT SAVOURNIN;M;4329893.0;538814.0;130
14228;201300015759;13;10;9;5;5;2;1;1.0;2;55;226, BD BAILLE;M;4328945.0;539687.0;130
14229;201300015760;13;10;15;600;2;2;1;1.0;6;55;27, BD JEAN MOULIN;M;4328866.0;540021.0;130
14230;201300015761;13;10;10;640;2;2;1;1.0;6;55;57, BD ODDO;M;4332849.0;536267.0;130
14231;201300015762;13;10;10;1130;1;2;1;1.0;3;55;CHE DU LITTORAL;;;;130
14232;201300015764;13;9;23;2040;5;2;9;1.0;3;55;41, AVE ANDRE ZENATTI;M;4324678.0;538378.0;130
14233;201300015765;13;10;9;815;1;2;1;1.0;6;55;81, TRA DE LA MARTINE;M;4330119.0;546536.0;130
14234;201300015766;13;10;15;1400;1;2;1;2.0;2;55;19, AVE DE MAZARGUES;M;4326923.0;538831.0;130
14235;201300015767;13;10;15;1810;1;2;1;1.0;6;55;19, BD GILLIBERT;M;4326465.0;540793.0;130
14236;201300015769;13;10;16;1530;1;2;1;1.0;3;106;TRAMONI (BOULEVARD);M;4338962.0;535496.0;130
14237;201300015770;13;10;17;1125;1;2;9;1.0;6;55;75, AVE WILLIAM BOOTH;M;4329593.0;544612.0;130
14238;201300015771;13;10;23;1940;5;2;1;2.0;5;55;40, AVE DESIRE BIANCO;M;4328867.0;542553.0;130
14239;201300015772;13;5;27;800;1;2;1;1.0;3;55;25, RUE AVIATEUR LE BRIX;M;4326181.0;540404.0;130
14240;201300015773;13;10;8;857;1;2;1;1.0;3;55;556, CHE DU LITTORAL;M;4335455.0;533376.0;130
14241;201300015774;13;10;7;1345;1;2;1;1.0;3;55;36, BD CHARLES LIVON;M;4329209.0;535938.0;130
14242;201300015775;13;10;23;1515;1;2;1;1.0;2;55;BD LEDRU ROLLIN;;;;130
14243;201300015776;13;10;23;1645;1;2;2;1.0;3;55;24, BD DUGOMMIER;M;4329907.0;538086.0;130
14244;201300015777;13;10;24;1545;1;2;1;1.0;7;55;34, VSN QUAI DU PORT A L;M;4329628.0;537182.0;130
14245;201300015778;13;9;26;1330;1;2;1;1.0;6;55;00, CHE DE PALAMA;;;;130
14246;201300015779;13;7;25;2050;1;2;1;1.0;3;55;65, ALL PRADO BLEU;;;;130
14247;201300015780;13;10;9;715;1;2;1;1.0;3;55;BD BOUYALA D' ARNAUD;;;;130
14248;201300015781;13;9;17;1710;1;2;1;1.0;3;55;132, RUE DE RUFFI;M;4331526.0;536908.0;130
14249;201300015782;13;10;20;1515;1;1;1;1.0;6;55;14, RUE SERY;M;4331326.0;538697.0;130
14250;201300015783;13;10;19;2207;5;2;2;1.0;3;55;BD DANIELLE CASANOV;M;4332116.0;537471.0;130
14251;201300015784;13;10;11;1530;1;2;2;1.0;3;55;5, RUE DE LA REPUBLIQUE;M;4329692.0;537362.0;130
14252;201300015785;13;9;26;1745;1;2;1;1.0;3;55;132, AVE DU PRADO;M;4328017.0;538698.0;130
14253;201300015786;13;10;9;1205;1;2;1;1.0;3;55;12, BD DE SAINTE MARGUER;M;4326941.0;540221.0;130
14254;201300015787;13;10;16;1500;1;2;1;1.0;1;55;59, AVE DE LA MADRAGUE D;M;4323684.0;536287.0;130
14255;201300015788;13;10;16;1830;1;2;1;1.0;3;55;17, BD DE COMPOSTELLE;M;4331843.0;542978.0;130
14256;201300015789;13;10;17;815;1;2;1;1.0;6;55;21, RUE PIERRE BERANGER;M;4331152.0;544504.0;130
14257;201300015790;13;9;25;1700;1;2;1;1.0;3;55;151, BD MICHELET;M;4326498.0;539555.0;130
14258;201300015792;13;10;5;2240;4;2;1;1.0;6;55;693, AVE DE MAZARGUES;M;4324994.0;539612.0;130
14259;201300015793;13;10;27;850;1;2;1;1.0;6;55;02, AVE PASTEUR;M;4329147.0;535906.0;130
14260;201300015794;13;10;26;2100;5;2;1;1.0;3;55;64, BD FRANCOISE DUPARC;M;4330516.0;540091.0;130
14261;201300015795;13;10;27;555;2;2;2;1.0;3;55;38, BD GUSTAVE GANAY;M;4326669.0;540288.0;130
14262;201300015796;13;11;3;1700;1;2;1;7.0;6;55;VSN LEON LACHAMP (RTE);;;;130
14263;201300015797;13;11;3;1810;5;2;1;1.0;3;55;69, BD HENRI BARNIER;M;4337296.0;535111.0;130
14264;201300015798;13;9;6;1445;1;2;1;1.0;3;55;AVE DE LA GARE;;;;130
14265;201300015799;13;9;18;2318;5;2;1;1.0;6;55;36, BD JEAN MOULIN;M;4328686.0;539987.0;130
14266;201300015801;13;11;6;1815;3;1;1;1.0;6;55;RTE LEON LACHAMP;;;;130
14267;201300015802;13;8;23;1045;1;2;1;1.0;7;55;43, AVE ROBERT SCHUMAN;M;4330333.0;536670.0;130
14268;201300015803;13;9;28;850;1;2;6;1.0;3;55;RPT FRANCIS CHAMANT;M;4334776.0;534385.0;130
14269;201300015804;13;9;13;2100;5;2;2;1.0;3;55;90, BD BAILLE;M;4328759.0;539006.0;130
14270;201300015805;13;10;24;2030;5;2;1;1.0;4;55;86, BD RABATAU;M;4327643.0;539746.0;130
14271;201300015806;13;10;24;1325;1;2;6;1.0;3;55;1, PCE LOUIS BONNEFON;M;4325423.0;538197.0;130
14272;201300015807;13;10;29;1230;1;2;1;2.0;3;55;130, BD DE SAINTE MARGUE;M;4326726.0;540792.0;130
14273;201300015808;13;10;9;940;1;2;6;8.0;7;55;BD DE LA GAYE;M;4325789.0;541009.0;130
14274;201300015809;13;10;16;1230;1;2;1;1.0;6;55;03, BD DE LA CARTONNERIE;M;4329256.0;545807.0;130
14275;201300015810;13;10;27;710;2;2;1;1.0;6;55;37, CHE DU VALLON VERT;M;4333571.0;545506.0;130
14276;201300015811;13;10;27;2242;5;2;1;1.0;2;55;155, BD ROMAIN ROLLAND;M;4327645.0;541831.0;130
14277;201300015812;13;10;2;2126;5;2;1;1.0;1;55;41, RUE FELIX PYAT;M;4331383.0;537636.0;130
14278;201300015814;13;10;9;2000;4;2;1;1.0;6;55;14, RUE D ANTHOINE;M;4331612.0;536716.0;130
14279;201300015815;13;10;30;1615;1;2;1;1.0;3;55;VOL LESSEPS / PASSERELLE;M;4332111.0;537522.0;130
14280;201300015816;13;5;24;1200;1;2;1;1.0;3;55;AVE DE HAMBOURG;;;;130
14281;201300015817;13;9;16;1710;1;2;1;1.0;3;55;5, AVE VITON;M;4326126.0;540569.0;130
14282;201300015818;13;10;21;1850;1;2;1;1.0;2;55;30, BD SCHLOESING;M;4327359.0;540042.0;130
14283;201300015819;13;10;26;1155;1;2;1;1.0;2;55;260, AVE DE MAZARGUES;M;4326260.0;539311.0;130
14284;201300015820;13;10;30;1120;1;2;1;1.0;6;55;BD DE LA BLANCARDE;M;4330401.0;540728.0;130
14285;201300015821;13;11;1;1557;1;2;1;1.0;3;55;216, CHE DE L ARMEE D AF;M;4328675.0;541442.0;130
14286;201300015822;13;11;11;1104;1;2;1;1.0;6;55;32, BD BOUES;M;4331191.0;538213.0;130
14287;201300015823;13;11;8;1850;2;2;1;1.0;4;55;145, AVE DES CHARTREUX;M;4330833.0;540022.0;130
14288;201300015824;13;11;10;2030;5;2;1;6.0;6;55;378, AVE DE MAZARGUES;M;4325885.0;539421.0;130
14289;201300015825;13;11;9;1700;1;2;1;1.0;1;55;1, TRA DU COMMANDEUR;M;4332449.0;545556.0;130
14290;201300015826;13;11;9;1645;1;2;2;1.0;6;55;1, AVE DU PRADO;M;4327622.0;538921.0;130
14291;201300015827;13;11;11;2000;5;2;3;1.0;3;75;1, JEAN GIONO (AVE);M;4334498.0;545811.0;130
14292;201300015829;13;10;31;1510;1;2;1;1.0;2;55;121, BD FRANCOISE DUPARC;M;4330657.0;540094.0;130
14293;201300015830;13;10;5;1810;1;2;1;1.0;2;55;153, AVE WILLIAM BOOTH;M;4329656.0;544621.0;130
14294;201300015831;13;5;14;2015;2;2;1;1.0;3;55;177, AVE DES POILUS;M;4332132.0;545787.0;130
14295;201300015832;13;10;11;1420;1;2;1;1.0;6;55;435, RUE JEAN QUEILLAU;M;4333861.0;538621.0;130
14296;201300015833;13;11;5;100;5;2;1;1.0;1;55;28, CHE DE LA BIGOTTE;M;4338505.0;536798.0;130
14297;201300015834;13;11;2;1450;1;2;1;1.0;7;55;31, BD BAPTISTE BONNET;M;4325694.0;539178.0;130
14298;201300015835;13;8;8;845;1;2;1;1.0;3;55;348, BD ROMAIN ROLLAND;M;4327060.0;540744.0;130
14299;201300015836;13;10;9;2020;5;2;2;1.0;7;55;RUE AUGUSTE BLANQUI;M;4329225.0;538827.0;130
14300;201300015837;13;8;13;1600;1;2;1;1.0;6;55;181, RUE DE ROME;M;4328780.0;538269.0;130
14301;201300015838;13;8;28;2000;1;2;1;1.0;3;55;69, COR PRESIDENT JOHN F;M;4328982.0;535555.0;130
14302;201300015839;13;10;8;1120;1;2;3;1.0;2;55;45, RUE GOUDARD;M;4329342.0;539429.0;130
14303;201300015840;13;10;16;1615;1;2;1;1.0;6;55;11 bis, RUE TAPIS VERT;M;4329822.0;537768.0;130
14304;201300015841;13;10;24;1820;1;2;2;1.0;3;55;44, CRS FRANKLIN ROOSEVE;M;4329895.0;538816.0;130
14305;201300015842;13;10;25;1605;1;2;1;1.0;3;55;178, CHE DE NOTRE DAME D;M;4333571.0;543288.0;130
14306;201300015843;13;10;31;1100;1;2;1;9.0;6;55;10, BD GASTON RAMON;M;4326780.0;539899.0;130
14307;201300015844;13;11;12;1230;1;2;1;1.0;4;55;52, BD JEAN MOULIN;M;4328697.0;540008.0;130
14308;201300015845;13;11;11;240;5;2;1;1.0;6;55;AVE ALEXANDRE FLEMING;;;;130
14309;201300015846;13;7;17;1940;1;2;1;1.0;5;55;80, BD DE SAINT LOUP;M;4328246.0;543076.0;130
14310;201300015847;13;8;10;220;5;2;1;1.0;2;55;95, BD DE LA BARASSE RN;M;4328560.0;548066.0;130
14311;201300015848;13;10;6;1600;1;2;1;1.0;2;55;27, VSN LEON LACHAMP (RT;M;4324570.0;542944.0;130
14312;201300015849;13;10;29;920;1;2;1;2.0;3;55;171, BD PAUL CLAUDEL;M;4326810.0;541656.0;130
14313;201300015850;13;10;10;1400;1;2;1;1.0;4;55;38, AVE FLORIAN;M;4328383.0;542683.0;130
14314;201300015852;13;10;16;2000;5;2;1;1.0;2;55;CHE DE L ARMEE D AFRIQUE;;;;130
14315;201300015853;13;10;20;1330;1;2;1;2.0;6;55;03, AVE JEAN BOUIN;M;4326693.0;540302.0;130
14316;201300015854;13;11;5;745;1;2;1;1.0;6;55;106, AVE DE LA FOURRAGER;M;4329842.0;543176.0;130
14317;201300015855;13;11;6;745;1;2;1;1.0;6;55;30, BD DE LA CARTONNERIE;M;4329183.0;546012.0;130
14318;201300015856;13;11;6;2214;5;2;1;1.0;6;55;108, AVE JULES CANTINI;M;4328130.0;539214.0;130
14319;201300015857;13;11;13;1740;2;2;1;1.0;5;55;BD DES BASSINS DE RADOUB;;;;130
14320;201300015858;13;11;14;145;5;2;1;1.0;6;55;124, BD DE PLOMBIERES;M;4331706.0;538174.0;130
14321;201300015860;13;8;12;1800;1;2;1;1.0;1;55;4, RUE D' URFE;M;4330808.0;536903.0;130
14322;201300015861;13;10;3;2055;5;2;1;1.0;2;55;AVE CLAUDE MONET;;;;130
14323;201300015862;13;10;13;1315;1;2;1;1.0;2;55;43, BD GEMY;M;4332071.0;541445.0;130
14324;201300015864;13;10;25;1700;1;2;1;1.0;6;55;132, AVE DE LA VISTE;M;4335988.0;535757.0;130
14325;201300015865;13;10;24;835;1;2;6;1.0;3;55;1, RPT COMTESSE MISTRAL;M;4332338.0;544876.0;130
14326;201300015866;13;11;14;1640;2;2;1;1.0;6;55;231, RUE PIERRE DOIZE;M;4327165.0;542699.0;130
14327;201300015867;13;9;28;1330;1;2;1;1.0;2;55;00, PCE CASTELLANE;M;4328606.0;538357.0;130
14328;201300015868;13;9;22;1745;1;2;2;1.0;3;55;RUE MONTOLIEU;M;4330375.0;537063.0;130
14329;201300015869;13;11;14;1145;1;2;1;1.0;6;55;25, BD JEAN MOULIN;M;4328915.0;540012.0;130
14330;201300015870;13;11;14;1100;1;2;6;1.0;3;55;64, RPT CHUTES LAVIE/ GU;M;4331354.0;539711.0;130
14331;201300015871;13;11;5;1835;5;2;2;1.0;3;75;67, LOUIS PASTEUR (AVE);M;4335650.0;546659.0;130
14332;201300015872;13;11;16;1630;1;2;1;2.0;2;55;AVE RAIMU;M;4333204.0;539863.0;130
14333;201300015874;13;11;18;1125;1;2;1;2.0;6;55;239, BD NATIONAL;M;4331062.0;537868.0;130
14334;201300015875;13;10;31;1420;1;2;1;1.0;6;55;BD PIERRE DRAMARD;M;4337755.0;536154.0;130
14335;201300015877;13;10;13;2055;5;2;3;1.0;3;55;93, BD DE LA BLANCARDE;M;4330303.0;540207.0;130
14336;201300015878;13;11;7;1300;1;2;2;1.0;3;55;13, CRS GOUFFE;M;4328607.0;538700.0;130
14337;201300015879;13;11;13;1940;5;2;2;1.0;2;55;113, BD BOISSON;M;4329908.0;540381.0;130
14338;201300015880;13;11;7;1330;1;2;1;1.0;6;55;54, AVE DU DOCTEUR HECKE;M;4328737.0;544202.0;130
14339;201300015881;13;9;7;1800;1;2;3;1.0;1;55;CHE DE LA MADRAGUE VILLE;M;4332417.0;536268.0;130
14340;201300015882;13;11;11;2100;5;2;1;1.0;3;55;344, BD MICHELET;M;4325800.0;539949.0;130
14341;201300015883;13;11;10;1345;1;2;3;1.0;3;55;220, RUE CHARLES KADDOUZ;M;4331755.0;543850.0;130
14342;201300015884;13;11;7;840;1;2;1;1.0;6;55;RPT PERE WRESINKI;M;4333039.0;541011.0;130
14343;201300015885;13;11;11;1000;1;2;1;1.0;6;55;1, PCE LUCIEN FRAPPAS;M;4338417.0;535890.0;130
14344;201300015886;13;11;11;1700;5;2;1;1.0;6;55;6, RUE DE CHANTERAC;M;4331305.0;537093.0;130
14345;201300015887;13;11;12;1855;5;2;1;1.0;6;55;1, AVE MILLIE MATHYS;M;4336503.0;534721.0;130
14346;201300015888;13;10;3;955;1;2;1;1.0;3;55;CHE DE SAINT JOSEPH A SA;M;4334594.0;538165.0;130
14347;201300015889;13;10;27;1545;1;1;1;1.0;5;2;ETIENNE CUCCA-CD908 (AVE;;;;130
14348;201300015890;13;11;5;850;1;2;1;1.0;3;55;82, AVE DE LA CROIX ROUG;M;4333279.0;543593.0;130
14349;201300015891;13;11;6;1900;5;2;1;1.0;3;55;200, BD DE LA VALBARELLE;M;4328861.0;545495.0;130
14350;201300015892;13;11;13;1500;1;2;1;1.0;6;2;02, GENERAL LECLERC (AVE;M;4333962.0;548444.0;130
14351;201300015893;13;9;7;1530;5;2;1;1.0;2;55;BRE ENTREE NORD SALVADOR;;;;130
14352;201300015894;13;9;9;640;2;2;9;1.0;6;55;RUE COLBERT;M;4329935.0;537295.0;130
14353;201300015895;13;9;19;1900;1;2;2;1.0;3;55;BD F DUPARC;M;4331377.0;540578.0;130
14354;201300015897;13;10;27;1930;5;2;1;1.0;3;55;20, RUE BRETEUIL;M;4329017.0;537588.0;130
14355;201300015898;13;10;30;910;1;2;1;1.0;3;55;27, BD DE LA CORDERIE;M;4329039.0;536986.0;130
14356;201300015899;13;10;31;1635;1;2;2;1.0;3;55;RUE DES BONS ENFANTS;M;4328862.0;538838.0;130
14357;201300015900;13;11;9;1300;1;2;3;1.0;1;55;2, RUE AMEDEE PALMIERI;M;4331598.0;540078.0;130
14358;201300015901;13;11;12;2000;5;2;1;1.0;3;55;313, AVE CLOT BEY;M;4325441.0;538205.0;130
14359;201300015902;13;9;14;945;1;2;1;1.0;3;55;71, BD DE PLOMBIERES;M;4331602.0;538438.0;130
14360;201300015903;13;10;6;1730;1;2;1;1.0;6;55;111, AVE DE LA ROSE;M;4332736.0;542388.0;130
14361;201300015904;13;10;17;1715;1;2;1;1.0;2;55;1, BD DE L ANGELETTE;M;4335597.0;536661.0;130
14362;201300015907;13;11;12;1745;5;2;1;1.0;6;55;13, CHE DE CHATEAU GOMBE;M;4333456.0;542059.0;130
14363;201300015908;13;11;12;1400;1;2;1;1.0;6;55;1, RUE JULES VALLES;M;4332716.0;540533.0;130
14364;201300015909;13;11;12;750;1;2;1;1.0;3;55;BD SCHLOESING;M;4327604.0;539949.0;130
14365;201300015910;13;9;6;1445;1;2;1;1.0;3;55;12, AVE JENNY HELIA;M;4336685.0;535621.0;130
14366;201300015911;13;10;31;1550;1;2;1;1.0;2;55;354, CHE DE SAINT ANTOIN;M;4336688.0;536302.0;130
14367;201300015912;13;7;2;1030;1;2;1;1.0;3;55;15, CHE DU LANCIER;M;4324798.0;539712.0;130
14368;201300015913;13;11;6;1415;1;2;1;1.0;1;55;6, RUE DE L HORTICULTURE;M;4325660.0;540842.0;130
14369;201300015914;13;11;12;2100;5;2;3;1.0;3;55;418, AVE DE MAZARGUES;M;4325738.0;539427.0;130
14370;201300015915;13;10;18;1500;1;2;1;1.0;6;55;56, RUE DU DOCTEUR LEON;M;4331540.0;538921.0;130
14371;201300015916;13;9;18;1900;1;2;1;1.0;6;55;54, CHE DE SAINT JOSEPH;M;4335492.0;537062.0;130
14372;201300015917;13;9;11;1730;1;2;1;1.0;6;55;00, PRT DE LA MADRAGUE M;M;4323147.0;535527.0;130
14373;201300015918;13;10;2;1245;1;2;9;1.0;3;55;27, BD JEAN MOULIN;M;4328870.0;540022.0;130
14374;201300015919;13;11;22;210;5;2;1;1.0;6;55;335, COR PRESIDENT JOHN;;;;130
14375;201300015920;13;10;29;930;1;2;1;1.0;6;55;167, RUE DU CAMAS;M;4329373.0;539868.0;130
14376;201300015921;13;11;21;1700;2;2;2;1.0;3;55;86, BD BAILLE;M;4328760.0;539006.0;130
14377;201300015922;13;11;25;950;1;2;1;1.0;6;55;128, RUE DE LYON;M;4332743.0;536618.0;130
14378;201300015923;13;11;23;2010;5;1;1;1.0;3;55;132, AVE JULES CANTINI;M;4328070.0;539326.0;130
14379;201300015924;13;9;23;1015;1;2;1;1.0;2;55;4, RUE DES DOMINICAINES;M;4329996.0;537603.0;130
14380;201300015926;13;4;3;530;5;2;1;1.0;6;55;88, COR PRESIDENT JOHN F;M;4328410.0;534967.0;130
14381;201300015927;13;11;25;850;1;2;1;1.0;3;55;54, BD DU CAPITAINE GEZE;M;4333095.0;537284.0;130
14382;201300015928;13;11;26;1000;1;2;1;1.0;3;55;BD ROLAND DORGELES;M;4334606.0;538130.0;130
14383;201300015929;13;11;25;1800;2;2;1;1.0;6;55;RUE MAHBOUBI TIR;;;;130
14384;201300015930;13;11;26;1900;5;2;1;1.0;3;55;AVE DE LATTRE DE TASSIGN;M;4324551.0;541234.0;130
14385;201300015931;13;11;26;1340;1;2;1;1.0;2;55;4, BD DU VAISSEAU;M;4323140.0;540501.0;130
14386;201300015933;13;11;27;745;1;2;1;2.0;2;2;72, ENCO DE BOTTE (ROUTE;M;4332307.0;547970.0;130
14387;201300015934;13;11;14;1610;1;2;1;1.0;6;55;19, QAI DES BELGES;M;4329418.0;537434.0;130
14388;201300015935;13;10;11;1740;1;2;2;1.0;3;55;34, RUE DE FORBIN;M;4330536.0;536936.0;130
14389;201300015936;13;10;16;1200;1;2;1;1.0;7;55;1, CHE DE NOTRE DAME DE;M;4333988.0;542073.0;130
14390;201300015937;13;11;12;830;1;2;1;1.0;7;55;28, AVE ROGER SALENGRO;M;4331159.0;537246.0;130
14391;201300015938;13;11;19;1210;1;2;1;8.0;4;55;170, BD DE PARIS;M;4331280.0;536850.0;130
14392;201300015939;13;6;25;930;1;2;1;1.0;3;55;16, RUE AUPHAN;M;4331677.0;537548.0;130
14393;201300015940;13;11;14;1040;1;2;1;1.0;6;55;1, PCE ESTRANGIN PASTRE;M;4329046.0;537800.0;130
14394;201300015941;13;11;15;1145;1;2;1;1.0;6;55;192, RUE DE ROME;M;4328679.0;538325.0;130
14395;201300015943;13;11;23;2055;5;2;2;1.0;3;55;243, AVE DE MONTOLIVET;M;4331500.0;541454.0;130
14396;201300015944;13;10;29;2135;5;2;1;1.0;1;55;169, BD RABATAU;M;4328197.0;539945.0;130
14397;201300015945;13;9;6;100;5;2;1;1.0;6;55;41, BD GASTON CREMIEUX;M;4327991.0;537867.0;130
14398;201300015947;13;11;6;1715;5;2;1;1.0;6;55;185, AVE DU PRADO;M;4327728.0;538860.0;130
14399;201300015948;13;11;12;1045;1;2;1;1.0;3;55;353, COR PRESIDENT JOHN;M;4327157.0;536277.0;130
14400;201300015949;13;11;17;1720;5;2;1;1.0;3;55;336, AVE DE MAZARGUES;M;4326022.0;539399.0;130
14401;201300015951;13;10;28;1200;1;2;1;1.0;7;55;147, RUE PIERRE DOIZE;M;4327567.0;542623.0;130
14402;201300015952;13;11;7;1330;1;2;1;1.0;3;55;84, CHE DE L ARMEE D AFR;M;4328946.0;540792.0;130
14403;201300015954;13;11;16;1920;5;2;1;1.0;6;55;199, COR PRESIDENT JOHN;M;4328313.0;535038.0;130
14404;201300015955;13;11;22;1100;1;2;1;1.0;3;55;12, CRS LIEUTAUD;M;4329531.0;538171.0;130
14405;201300015957;13;9;14;610;5;2;3;1.0;2;55;29, BD D ATHENES;M;4330066.0;538069.0;130
14406;201300015958;13;11;7;1200;1;2;2;1.0;2;55;2, RUE DE LA REPUBLIQUE;M;4329608.0;537396.0;130
14407;201300015959;13;11;13;1600;1;2;1;1.0;7;55;550, CHE DU LITTORAL;M;4335454.0;533379.0;130
14408;201300015960;13;11;26;1840;5;2;1;1.0;2;55;AVE DE SAINT MENET;M;4328902.0;549734.0;130
14409;201300015961;13;12;1;1950;5;2;1;1.0;7;55;18, AVE DES OLIVES;M;4332938.0;543047.0;130
14410;201300015962;13;11;7;1830;5;2;1;1.0;2;55;1, RPT MARIE-MADELEINE F;M;4331626.0;540745.0;130
14411;201300015964;13;11;8;1730;5;2;1;1.0;2;55;RUE EDOUARD CALVET;;;;130
14412;201300015965;13;11;15;1800;5;2;1;1.0;4;55;84, AVE DES AYGALADES;M;4333691.0;536741.0;130
14413;201300015966;13;11;30;1750;5;2;1;8.0;7;55;AVE RAIMU;;;;130
14414;201300015967;13;9;13;1200;1;2;1;1.0;1;55;23, CHE DE LA COLLINE SA;M;4325179.0;541838.0;130
14415;201300015968;13;11;4;1540;1;2;1;2.0;2;2;38, MARCEL JULIEN (AVENU;M;4335649.0;548737.0;130
14416;201300015969;13;11;15;445;2;2;1;6.0;2;55;BD JEAN MOULIN;;;;130
14417;201300015970;13;11;19;1735;5;2;1;2.0;3;75;102, FR?D?RIC CHEVILLON;M;4334828.0;546520.0;130
14418;201300015973;13;11;20;830;1;2;1;1.0;3;55;75, COR PRESIDENT JOHN F;M;4328929.0;535474.0;130
14419;201300015974;13;11;26;600;3;2;2;2.0;3;55;34, RUE AUGUSTE BLANQUI;M;4329228.0;538677.0;130
14420;201300015975;13;11;15;1100;1;2;3;1.0;3;55;153, RUE LOUBON;M;4331292.0;538506.0;130
14421;201300015976;13;11;8;745;1;2;1;1.0;6;55;129, AVE DES OLIVES;M;4332656.0;543808.0;130
14422;201300015977;13;11;13;830;1;2;1;1.0;6;55;124, CHE DES BOURRELY;M;4338720.0;536323.0;130
14423;201300015978;13;11;24;2130;5;2;3;1.0;3;55;270, BD HENRI BARNIER;M;4336552.0;534298.0;130
14424;201300015979;13;11;20;1800;5;2;3;1.0;1;55;02, ALL DES MARRONNIERS;M;4332340.0;541671.0;130
14425;201300015980;13;8;3;2110;1;2;1;1.0;4;55;189, AVE DES POILUS;M;4332056.0;545834.0;130
14426;201300015982;13;9;18;1730;1;2;1;1.0;2;55;CHE DE SAINTE MARTHE;;;;130
14427;201300015984;13;11;4;1720;1;2;1;3.0;6;55;6, RUE CENTRALE;M;4335182.0;543847.0;130
14428;201300015985;13;11;27;1330;1;2;1;1.0;4;55;AVE JEAN PAUL SARTRE;;;;130
14429;201300015986;13;11;27;2230;5;2;3;1.0;3;55;21, RUE DE LA REPUBLIQUE;M;4329817.0;537260.0;130
14430;201300015987;13;11;28;850;1;2;1;1.0;7;55;64, AVE PAUL DALBRET;M;4335248.0;544533.0;130
14431;201300015989;13;11;18;2200;5;2;1;2.0;6;55;CHE DE SAINT ANTOINE A S;M;4335338.0;537181.0;130
14432;201300015990;13;11;21;1700;1;2;1;1.0;2;55;AVE JEAN PAUL SARTRE;;;;130
14433;201300015991;13;11;12;1030;1;2;1;1.0;3;55;37, CRS LIEUTAUD;M;4329346.0;538231.0;130
14434;201300015992;13;11;15;1415;1;2;1;1.0;7;55;99, CRS LIEUTAUD;M;4328914.0;538409.0;130
14435;201300015993;13;11;23;645;5;2;1;1.0;5;55;0, AVE ALEXANDRE FLEMING;M;4331654.0;539709.0;130
14436;201300015994;13;11;28;900;1;2;5;1.0;6;55;1-11, BD DE LA LIBERATIO;M;4329913.0;538556.0;130
14437;201300015995;13;11;28;1020;1;2;1;1.0;3;55;25, BD D ATHENES;M;4330031.0;538068.0;130
14438;201300015996;13;11;18;600;5;2;1;2.0;3;55;52, RUE CAISSERIE;M;4329685.0;536678.0;130
14439;201300015997;13;11;30;1345;1;2;1;1.0;7;55;14, RUE AUPHAN;M;4331675.0;537530.0;130
14440;201300015998;13;9;27;1458;1;2;1;1.0;2;55;22, BD SAKAKINI;M;4329812.0;540094.0;130
14441;201300015999;13;11;24;1740;1;2;2;1.0;3;55;64, BD DE LA BLANCARDE;M;4330291.0;540074.0;130
14442;201300016000;13;11;27;2335;5;2;1;1.0;6;55;80, VOI LA CANEBIERE;M;4329791.0;538189.0;130
14443;201300016001;13;11;28;1330;1;2;3;1.0;1;55;347, RUE SAINT PIERRE;M;4329178.0;540750.0;130
14444;201300016002;13;11;29;1500;1;2;1;1.0;6;55;9, RUE JULES GONTARD;M;4329489.0;539887.0;130
14445;201300016003;13;12;6;1030;1;2;1;1.0;6;55;112, RUE ALPHONSE DAUDET;M;4332072.0;541004.0;130
14446;201300016004;13;11;4;850;1;2;1;2.0;6;55;303, COR PRESIDENT JOHN;M;4327292.0;536288.0;130
14447;201300016005;13;11;5;1230;1;2;2;1.0;3;55;10, RUE DE LA REPUBLIQUE;M;4329692.0;537365.0;130
14448;201300016006;13;11;17;100;5;2;2;1.0;3;55;92, RUE GRIGNAN;M;4329127.0;537327.0;130
14449;201300016007;13;10;14;1240;1;2;1;1.0;6;55;19, RUE AVIATEUR LE BRIX;M;4326214.0;540441.0;130
14450;201300016008;13;10;21;1610;1;2;1;1.0;6;55;6, AVE CESAR BOY;M;4329685.0;548369.0;130