;Num_Acc;an;mois;jour;hrmn;lum;agg;int;atm;col;com;adr;gps;lat;long;dep
14451;201300016009;13;11;5;2015;3;2;1;1.0;6;55;17, BD GAROUTTE;M;4330600.0;541302.0;130
14452;201300016010;13;11;6;1800;5;2;1;1.0;3;55;27, AVE DE LA SOUDE;M;4324516.0;539886.0;130
14453;201300016011;13;11;9;2030;4;2;1;1.0;5;55;77, RUE PIERRE DOIZE;M;4327871.0;542825.0;130
14454;201300016012;13;6;9;900;1;2;3;1.0;2;55;RUE CHARLES KADDOUZ;M;4331180.0;542937.0;130
14455;201300016013;13;7;23;800;1;2;1;1.0;5;55;118, AVE VITON;M;4325801.0;540990.0;130
14456;201300016014;13;8;2;1400;1;2;3;1.0;1;55;1, BD TROLLAT;M;4327141.0;541812.0;130
14457;201300016015;13;8;28;1815;1;2;1;1.0;2;55;.., BD MIREILLE LAUZE;;;;130
14458;201300016016;13;10;23;1530;1;2;3;1.0;1;55;200, BD DE LA VALBARELLE;M;4328859.0;545479.0;130
14459;201300016017;13;11;24;2330;5;2;1;1.0;3;55;327, BD MICHELET;M;4325782.0;539958.0;130
14460;201300016018;13;11;12;2045;5;2;2;1.0;3;55;CH  ARMEE AFRIQUE;M;4328690.0;541242.0;130
14461;201300016019;13;11;18;745;1;1;1;3.0;3;2;ETIENNE CUCCA-CD908 (AVE;;;;130
14462;201300016020;13;10;30;1130;1;2;2;1.0;6;55;12, BD BAILLE;M;4328645.0;538550.0;130
14463;201300016021;13;11;10;410;5;2;1;1.0;6;55;70, AVE D' HAIFA;M;4325089.0;538978.0;130
14464;201300016022;13;11;11;1000;1;2;1;1.0;6;55;., BD ROMAIN ROLLAND;M;4327597.0;541750.0;130
14465;201300016023;13;6;24;1230;1;2;1;1.0;6;55;1, RPT DES PIERRE GUERRE;M;4325033.0;538899.0;130
14466;201300016024;13;11;16;1300;1;1;1;1.0;4;55;BD DANIELLE CASANOVA;;;;130
14467;201300016025;13;11;16;1535;1;1;1;1.0;3;55;115, AVE ROGER SALENGRO;M;4331498.0;537023.0;130
14468;201300016026;13;12;6;1600;1;1;3;1.0;6;55;BD SIMON BOLIVAR;M;4334328.0;537802.0;130
14469;201300016027;13;12;9;720;1;2;1;1.0;2;55;52, CHE DE LA MADRAGUE V;M;4332409.0;536277.0;130
14470;201300016028;13;12;9;1215;1;2;1;1.0;3;55;7, BD EUGENE PIERRE;M;4329841.0;539053.0;130
14471;201300016029;13;10;31;1030;1;2;1;1.0;6;55;BD CHARLES MORETTI;;;;130
14472;201300016030;13;12;4;1200;1;2;1;1.0;1;55;95, BD HENRI BARNIER;M;4337238.0;534915.0;130
14473;201300016031;13;11;20;1700;5;2;1;1.0;6;55;BD VOLTAIRE;M;4330219.0;538344.0;130
14474;201300016032;13;12;11;1130;1;2;3;1.0;6;55;2, RUE DE PROVENCE;M;4330148.0;539602.0;130
14475;201300016033;13;12;3;1915;5;2;1;1.0;6;55;5, CRS JEAN BALLARD;M;4329336.0;537449.0;130
14476;201300016034;13;12;4;745;1;2;2;1.0;6;55;172, BD DE LA LIBERATION;M;4330203.0;539442.0;130
14477;201300016035;13;12;5;900;1;2;1;1.0;6;55;357, COR PRESIDENT JOHN;M;4327120.0;536283.0;130
14478;201300016036;13;12;2;1810;4;2;1;1.0;7;55;36, CHE DE GIBBES;M;4332009.0;538046.0;130
14479;201300016037;13;12;3;1915;5;2;2;1.0;3;55;RUE DE RUFFI;M;4331292.0;537051.0;130
14480;201300016038;13;12;4;1430;1;2;1;1.0;6;55;94, RUE LE CHATELIER;M;4334650.0;536689.0;130
14481;201300016039;13;9;1;140;5;2;1;1.0;1;55;01, RUE PALESTRO;M;4330504.0;538052.0;130
14482;201300016041;13;9;27;755;1;2;1;1.0;6;55;00, BD SAKAKINI;;;;130
14483;201300016042;13;10;8;945;1;2;1;1.0;6;55;86, BD LOUIS VILLECROZE;M;4332070.0;539199.0;130
14484;201300016043;13;10;2;1345;1;2;2;1.0;3;55;00, BD DU REDON;M;4324949.0;542264.0;130
14485;201300016045;13;10;7;1800;1;2;1;1.0;6;55;00, BD DE SAINTE MARGUER;;;;130
14486;201300016046;13;9;2;1440;1;2;1;1.0;7;55;00, BD BAILLE;;;;130
14487;201300016047;13;9;2;558;5;2;1;1.0;3;55;149, BD BAILLE;M;4328949.0;539709.0;130
14488;201300016048;13;9;2;1530;1;2;1;1.0;6;55;12, RUE SAINT PIERRE;M;4329374.0;538738.0;130
14489;201300016049;13;11;15;1745;5;2;1;1.0;3;106;19, NELSON MANDELA (AVEN;M;4340842.0;536650.0;130
14490;201300016050;13;12;2;1400;1;2;1;1.0;3;55;16, CHE DE SAINTE MARTHE;M;4331818.0;539032.0;130
14491;201300016052;13;11;5;1130;1;2;2;1.0;3;55;0, AVE RAIMU;M;4332987.0;539796.0;130
14492;201300016053;13;11;23;1720;5;2;3;1.0;3;55;BD JOURDAN;M;4333353.0;539627.0;130
14493;201300016054;13;11;25;1645;2;2;1;1.0;6;55;1, RUE RENE CASSIN;M;4331576.0;537315.0;130
14494;201300016055;13;11;25;1130;1;2;1;1.0;3;55;1, AVE SALVADOR ALLENDE;M;4333006.0;538994.0;130
14495;201300016056;13;11;26;840;1;2;1;1.0;2;55;25, AVE DE FRAIS VALLON;M;4332486.0;542667.0;130
14496;201300016057;13;11;27;720;2;2;1;3.0;3;55;9, BD GAY LUSSAC;M;4333144.0;537469.0;130
14497;201300016058;13;11;28;700;5;2;1;1.0;3;55;AVE MERLEAU PONTY;;;;130
14498;201300016059;13;11;28;1335;1;1;1;1.0;6;55;39, AVE DE FRAIS VALLON;M;4332486.0;542662.0;130
14499;201300016060;13;11;29;1845;5;2;3;1.0;3;55;14, CH DU VALLON VERT;M;4333499.0;545243.0;130
14500;201300016061;13;12;1;1850;5;2;1;1.0;4;55;46, AVE ALEXANDRE FLEMIN;M;4331555.0;540164.0;130
14501;201300016062;13;12;2;910;1;1;6;1.0;3;55;RPT PERE WRESINKI;M;4333040.0;541016.0;130
14502;201300016063;13;12;3;1550;1;2;1;1.0;6;55;55, AVE DE SAINT JEROME;M;4333044.0;541917.0;130
14503;201300016064;13;12;15;2100;5;2;2;1.0;6;55;183, COR PRESIDENT JOHN;M;4328452.0;534971.0;130
14504;201300016065;13;9;1;2050;2;2;1;1.0;6;55;00, BD DANIELLE CASANOVA;;;;130
14505;201300016066;13;12;14;2140;5;2;1;1.0;2;55;106, RTE DES CAMOINS;M;4329844.0;549898.0;130
14506;201300016067;13;12;15;1420;1;2;1;1.0;4;55;359, BD MIREILLE LAUZE;M;4328602.0;542789.0;130
14507;201300016068;13;11;29;845;1;2;1;1.0;6;55;17, CHE SAINT JEAN DU DE;M;4329289.0;540230.0;130
14508;201300016069;13;11;15;1310;1;2;1;1.0;6;55;112, AVE DE SAINT JULIEN;M;4330639.0;542050.0;130
14509;201300016070;13;12;2;1100;2;2;1;1.0;3;55;AVE DE MAZARGUES;M;4326209.0;539330.0;130
14510;201300016071;13;12;4;1930;5;2;1;1.0;6;55;265, BD ROMAIN ROLLAND;M;4327354.0;541343.0;130
14511;201300016072;13;12;4;1310;1;2;1;1.0;2;55;38, AVE FLORIAN;M;4328390.0;542680.0;130
14512;201300016073;13;12;5;2315;5;2;3;1.0;2;55;01, RUE LAMARTINE;M;4330136.0;545772.0;130
14513;201300016074;13;12;3;1225;1;2;1;1.0;3;55;152, AVE DE FRAIS VALLON;M;4332469.0;543513.0;130
14514;201300016075;13;11;15;1640;1;2;3;1.0;3;55;00, RUE BERNEX;M;4330063.0;538838.0;130
14515;201300016076;13;11;21;1130;1;2;1;1.0;1;55;146, CRS LIEUTAUD;M;4328848.0;538446.0;130
14516;201300016077;13;12;9;1400;1;2;3;1.0;3;55;AVE RAIMU;M;4333112.0;539813.0;130
14517;201300016079;13;12;10;900;1;2;1;1.0;3;55;178, AVE DE LA CROIX ROU;M;4333498.0;544369.0;130
14518;201300016080;13;11;12;1415;1;2;2;1.0;7;55;95, BD SAKAKINI;M;4329375.0;540161.0;130
14519;201300016082;13;12;5;1400;1;2;2;1.0;6;55;69, BD SAKAKINI;M;4329581.0;540033.0;130
14520;201300016083;13;12;5;1844;5;2;1;1.0;7;55;06, CRS GOUFFE;M;4328636.0;538577.0;130
14521;201300016084;13;11;15;1400;1;2;1;1.0;3;55;11, RUE FRANCOIS SIMON;M;4331123.0;538972.0;130
14522;201300016085;13;11;9;935;1;2;1;1.0;3;55;70, AVE DE HAMBOURG;M;4325116.0;538796.0;130
14523;201300016086;13;11;14;1600;1;2;1;7.0;6;55;RPT LOUIS NATTERO;;;;130
14524;201300016087;13;11;21;1400;1;2;3;1.0;3;55;541, AVE DU PRADO;M;4326436.0;537864.0;130
14525;201300016088;13;11;29;1625;1;2;3;1.0;3;55;38, AVE BENJAMIN DELESSE;M;4328444.0;540462.0;130
14526;201300016089;13;12;4;1130;1;2;1;1.0;6;55;133, RUE DENIS MAGDELON;M;4324657.0;540435.0;130
14527;201300016090;13;12;5;140;5;2;1;1.0;2;55;BD SCHLOESING;;;;130
14528;201300016091;13;11;11;1045;1;2;1;1.0;2;55;.., AVE DES PEINTRES ROU;;;;130
14529;201300016092;13;12;4;1745;2;2;3;1.0;3;55;BD GUSTAVE GANAY;M;4326652.0;540222.0;130
14530;201300016093;13;11;14;810;1;2;1;1.0;2;2;PROVENCE (AVENUE DE);;;;130
14531;201300016094;13;11;19;630;5;2;1;3.0;6;2;CANTON VERT (AVENUE DU);M;4334194.0;547126.0;130
14532;201300016095;13;12;17;2040;5;2;1;1.0;6;55;169, BD ROMAIN ROLLAND;M;4327612.0;541775.0;130
14533;201300016096;13;12;18;1330;1;2;1;1.0;7;55;74, AVE JULES CANTINI;M;4328263.0;538970.0;130
14534;201300016097;13;12;2;500;2;2;1;1.0;7;55;26, BD BUREL;M;4331700.0;538957.0;130
14535;201300016098;13;12;5;1815;5;2;1;1.0;3;55;41, RUE DE LA MAURELLE;M;4332485.0;543858.0;130
14536;201300016099;13;12;6;905;1;2;3;1.0;6;55;173, CHE DE LA MADRAGUE;M;4332858.0;535922.0;130
14537;201300016100;13;12;10;730;2;2;1;1.0;7;55;15, BD DES DAMES;M;4330209.0;537118.0;130
14538;201300016101;13;4;26;1750;1;2;1;1.0;3;55;31, CHE JOSEPH AIGUIER;M;4325634.0;540491.0;130
14539;201300016102;13;11;22;1400;1;2;3;8.0;3;55;263, AVE DU PRADO;M;4327406.0;539042.0;130
14540;201300016103;13;11;22;1730;5;2;3;1.0;3;55;AVE JEAN LOMBARD;M;4328892.0;542907.0;130
14541;201300016104;13;11;28;1230;1;1;6;1.0;4;55;RTE DE LA SABLIERE;;;;130
14542;201300016105;13;12;1;1615;1;2;1;1.0;3;55;11, AVE FRANCOIS CHARDIG;M;4329358.0;548360.0;130
14543;201300016107;13;12;11;645;5;2;1;1.0;3;55;2, AVE DES FELIBRES;M;4331143.0;542296.0;130
14544;201300016108;13;12;11;1845;5;2;3;9.0;3;55;16, BD DE LA COOPERATIVE;M;4329703.0;548184.0;130
14545;201300016109;13;12;12;1715;5;2;3;1.0;5;55;49, CHE DE LA MARRE;M;4332829.0;544381.0;130
14546;201300016110;13;12;4;930;1;2;6;7.0;3;55;RPT PROFESSEUR PIERRE GO;M;4324167.0;539710.0;130
14547;201300016111;13;12;9;1530;1;2;1;1.0;7;55;320, BD CHAVE;M;4329607.0;540470.0;130
14548;201300016112;13;12;9;1920;5;2;1;1.0;6;55;269, COR PRESIDENT JOHN;M;4328019.0;535362.0;130
14549;201300016113;13;11;22;1450;1;2;1;1.0;3;55;PCE BOUGAINVILLE;M;4331947.0;536797.0;130
14550;201300016114;13;12;7;1910;5;2;1;1.0;3;55;63, AVE CLAUDE MONET;M;4332633.0;539453.0;130
14551;201300016115;13;12;10;1830;5;2;1;1.0;3;55;76, BD DES DAMES;M;4330247.0;536947.0;130
14552;201300016116;13;12;16;950;1;2;1;1.0;1;55;AVE DES AYGALADES;;;;130
14553;201300016117;13;12;1;1800;5;2;1;1.0;1;55;27, AVE DE MONTOLIVET;M;4330819.0;540325.0;130
14554;201300016118;13;12;2;1205;1;2;1;1.0;6;55;36, RUE DU PROGRES;M;4329661.0;539148.0;130
14555;201300016119;13;11;4;900;1;2;1;2.0;3;55;140, BD DE PONT DE VIVAU;M;4328160.0;542455.0;130
14556;201300016120;13;11;15;830;1;2;1;1.0;6;55;399, RUE PARADIS;M;4327521.0;538444.0;130
14557;201300016121;13;11;19;850;1;2;1;2.0;6;55;144, BD DE SAINT LOUP;M;4328326.0;543343.0;130
14558;201300016122;13;11;19;1250;1;2;1;1.0;3;55;262, BD DE SAINTE MARGUE;M;4326122.0;541496.0;130
14559;201300016123;13;11;26;1955;5;2;1;1.0;4;55;49, RUE AUGUSTIN AUBERT;M;4326717.0;540264.0;130
14560;201300016124;13;10;14;1030;1;2;1;1.0;1;55;174, BD DE SAINT LOUP;M;4328412.0;543578.0;130
14561;201300016125;13;10;18;1620;1;2;1;1.0;7;55;AVE DU PRADO;M;4327122.0;538934.0;130
14562;201300016126;13;11;14;2200;5;2;1;1.0;1;55;88, BD DE LA BARASSE RN;M;4328563.0;548043.0;130
14563;201300016128;13;12;5;850;1;2;6;1.0;7;55;AVE*FLORIAN;M;4328570.0;542536.0;130
14564;201300016129;13;12;7;1045;1;2;1;1.0;5;55;124, RUE PIERRE DOIZE;M;4327707.0;542722.0;130
14565;201300016130;13;11;5;1700;1;2;1;1.0;6;55;29, AVE DU DOCTEUR HECKE;M;4328866.0;544156.0;130
14566;201300016131;13;12;17;1020;1;2;1;2.0;3;55;52, BD MIREILLE LAUZE;M;4328258.0;540661.0;130
14567;201300016134;13;11;21;1010;1;2;1;1.0;2;55;53, AVE COROT;M;4332183.0;540771.0;130
14568;201300016135;13;11;28;1600;1;2;1;1.0;6;55;BD PIERRE DRAMARD;M;4337755.0;536154.0;130
14569;201300016136;13;12;4;1700;5;2;1;1.0;6;55;AVE JEAN PAUL SARTRE;;;;130
14570;201300016137;13;12;6;1450;1;2;2;1.0;7;55;50, BD PERRIN;M;4331933.0;540812.0;130
14571;201300016138;13;12;6;1615;5;2;2;1.0;6;55;17, AVE ALEXANDRE FLEMIN;M;4331492.0;539089.0;130
14572;201300016139;13;12;8;1030;1;2;6;1.0;3;55;RPT PIERRE PARAF;M;4333039.0;541009.0;130
14573;201300016141;13;12;13;1315;1;2;1;1.0;7;55;261, CHE DE SAINTE MARTH;M;4333345.0;539062.0;130
14574;201300016142;13;12;13;1535;1;2;3;1.0;3;55;127, BD DANIELLE CASANOV;M;4332589.0;537434.0;130
14575;201300016143;13;12;15;1630;1;2;1;1.0;4;55;1, AVE JENNY HELIA;M;4336624.0;535524.0;130
14576;201300016144;13;12;17;1500;1;2;1;1.0;6;55;BD CHARLES MATTEI;;;;130
14577;201300016145;13;5;19;2200;5;2;1;1.0;6;55;2, PRO GEORGES POMPIDOU;M;4326702.0;537239.0;130
14578;201300016147;13;11;25;1915;5;2;3;1.0;7;55;35, AVE ALEXANDRE DUMAS;M;4326366.0;538944.0;130
14579;201300016148;13;11;26;1830;5;2;1;1.0;1;55;89, AVE CLOT BEY;M;4325900.0;538515.0;130
14580;201300016150;13;12;11;1140;1;2;1;1.0;6;55;63, RUE DE L' AIGUILLETT;M;4331411.0;542774.0;130
14581;201300016151;13;12;8;2020;5;2;1;1.0;6;55;87, RUE SAINT JEAN DU DE;M;4329702.0;543416.0;130
14582;201300016152;13;12;14;1620;1;2;1;1.0;6;55;21, AVE DE LA CAPELETTE;M;4328362.0;539984.0;130
14583;201300016153;13;12;16;1845;5;2;1;1.0;3;55;13, AVE DE LA GROGNARDE;M;4329036.0;543621.0;130
14584;201300016154;13;11;29;700;2;2;1;1.0;3;55;1, RUE ALBERT EINSTEIN;M;4333412.0;543179.0;130
14585;201300016156;13;11;18;1815;5;2;1;2.0;6;55;0, AVE DE LA FOURRAGERE;M;4330256.0;542922.0;130
14586;201300016157;13;12;3;1710;3;2;1;1.0;3;2;QUATRE SAISONS (ROUTE DE;;;;130
14587;201300016158;13;12;16;615;3;2;1;1.0;6;55;14, RUE D ANTHOINE;M;4331611.0;536714.0;130
14588;201300016159;13;11;28;1645;1;2;1;1.0;6;55;280, CHE DE SAINT ANTOIN;M;4337533.0;535588.0;130
14589;201300016161;13;12;7;1420;1;2;1;1.0;7;55;AVE ESCADRILLE NORMANDIE;;;;130
14590;201300016162;13;12;7;1615;1;2;9;1.0;3;55;63, RUE FELIX PYAT;M;4331469.0;537553.0;130
14591;201300016163;13;12;11;1500;1;2;1;1.0;3;55;1, QAI DU PORT;M;4329624.0;537333.0;130
14592;201300016164;13;12;12;1800;5;2;1;1.0;3;55;38, CHE DE LA BIGOTTE;M;4338585.0;536906.0;130
14593;201300016168;13;12;6;2140;5;2;1;1.0;2;55;19, BD SAKAKINI;M;4329796.0;540093.0;130
14594;201300016169;13;9;18;1700;1;2;1;1.0;3;55;41, CHE DE NOTRE DAME DE;M;4334043.0;542454.0;130
14595;201300016170;13;11;6;1345;1;2;2;1.0;3;55;23, RUE D' ITALIE;M;4329016.0;538196.0;130
14596;201300016171;13;11;30;1730;2;2;1;1.0;6;55;VOI LA CANEBIERE;;;;130
14597;201300016172;13;12;12;1510;1;2;1;1.0;3;55;BD D ATHENES;;;;130
14598;201300016173;13;12;16;810;2;2;1;1.0;2;55;22, BD CAMILLE FLAMMARIO;M;4330420.0;538813.0;130
14599;201300016174;13;12;16;1000;1;2;1;1.0;6;55;AVE ALEXANDRE FLEMING;;;;130
14600;201300016175;13;11;7;1210;1;2;1;1.0;3;55;CHE DE LA STATION DU CAN;M;4333176.0;538700.0;130
14601;201300016176;13;11;12;1020;1;2;1;1.0;2;55;527, CHE DE LA MADRAGUE;M;4334601.0;535467.0;130
14602;201300016177;13;11;29;1940;5;2;1;1.0;2;55;AVE ALEXANDRE FLEMING;;;;130
14603;201300016178;13;12;5;1200;1;2;1;1.0;3;55;TRA DE CHANTE PERDRIX;M;4327415.0;543500.0;130
14604;201300016179;13;12;28;2310;5;2;1;8.0;7;55;317, COR PRESIDENT JOHN;M;4327530.0;536001.0;130
14605;201300016181;13;12;30;1100;1;2;1;1.0;6;55;29 Boulevard Roland Dorg;M;4334705.0;537885.0;130
14606;201300016182;13;11;8;1600;1;2;1;1.0;3;55;111, BD NATIONAL;M;4330694.0;538257.0;130
14607;201300016183;13;12;18;1330;1;2;1;1.0;3;55;199, AVE DE SAINT LOUIS;M;4335108.0;535850.0;130
14608;201300016184;13;9;22;1755;1;2;1;1.0;6;55;156, BD RABATAU;M;4328142.0;539936.0;130
14609;201300016185;13;10;27;300;5;2;1;1.0;6;55;250, BD MIREILLE LAUZE;M;4328420.0;541973.0;130
14610;201300016186;13;12;12;1100;1;2;1;1.0;3;55;8, RUE LOUIS REGE;M;4328124.0;538994.0;130
14611;201300016188;13;6;28;2045;5;2;1;1.0;1;55;596, CHE DU LITTORAL;M;4335368.0;533057.0;130
14612;201300016190;13;12;2;2140;5;1;1;1.0;1;55;160, BD BAILLE;M;4328855.0;539358.0;130
14613;201300016192;13;1;17;1145;1;1;1;1.0;3;39;MICHEL LOUISE (Avenue);M;4346499.0;493987.0;130
14614;201300016193;13;1;17;1335;1;2;2;1.0;3;77;DRAILLE (chemin de la);M;4341766.0;499364.0;130
14615;201300016194;13;1;10;1355;1;2;1;1.0;3;56;PARKING GENERAL LECLERC;M;4340294.0;505745.0;130
14616;201300016195;13;1;21;810;2;2;6;1.0;6;39;MARECHAL JUIN (rond-poin;M;4346511.0;494116.0;130
14617;201300016197;13;1;28;1000;1;2;1;1.0;2;56;TURCAN FRANCIS;M;4341170.0;504386.0;130
14618;201300016198;13;1;27;1850;3;1;1;1.0;1;56;ROUTE DE SAINT PIERRE;M;4338313.0;506535.0;130
14619;201300016199;13;2;4;1345;1;1;9;1.0;7;39;RN 268;M;4348556.0;488380.0;130
14620;201300016200;13;2;7;2250;3;1;1;1.0;6;26;CD 48 A;;;;130
14621;201300016201;13;2;13;1845;3;1;1;1.0;1;26;RN 568;;;;130
14622;201300016202;13;2;16;1935;3;1;9;1.0;5;26;RN 568 CLM;M;4339009.0;516636.0;130
14623;201300016203;13;2;19;1345;1;1;9;1.0;2;39;SAINT-GERVAIS (Carrefour;M;4343285.0;494153.0;130
14624;201300016204;13;3;3;910;1;1;1;1.0;7;39;RN 568;;;;130
14625;201300016206;13;2;25;1930;3;1;1;1.0;2;39;RN 568;M;4343285.0;494148.0;130
14626;201300016207;13;3;3;1650;1;2;1;1.0;7;26;JAI (plage du);;;;130
14627;201300016209;13;3;9;1600;1;2;3;1.0;1;56;FLEMING AVENUE DU ALEXAN;M;4341364.0;505704.0;130
14628;201300016210;13;3;11;1645;1;2;1;1.0;4;77;THOREZ MAURICE (avenue);;;;130
14629;201300016211;13;3;19;1215;1;2;1;1.0;2;56;TURCAN FRANCIS;M;4341218.0;504709.0;130
14630;201300016212;13;3;24;1810;2;1;1;1.0;2;26;RN 568;;;;130
14631;201300016213;13;3;17;1955;1;2;3;1.0;3;56;FLEMING AVENUE DU ALEXAN;M;4342294.0;505614.0;130
14632;201300016214;13;3;13;1155;1;2;1;1.0;1;56;GAULLE AVENUE CHARLES DE;M;4339868.0;507665.0;130
14633;201300016215;13;3;25;1400;1;2;3;1.0;3;56;DIX NEUF MARS 1962 (Impa;M;4342434.0;503993.0;130
14634;201300016216;13;4;17;1020;1;2;1;1.0;4;56;TURCAN FRANCIS;M;4341168.0;504384.0;130
14635;201300016217;13;4;3;1810;1;2;9;1.0;6;26;ANCIENS COMBATTANTS (ave;;;;130
14636;201300016218;13;4;14;945;1;1;1;1.0;2;56;VERDON;M;4333540.0;504903.0;130
14637;201300016220;13;5;9;220;5;2;1;1.0;6;56;LECLERC QUAI GENERAL CHA;M;4340212.0;505835.0;130
14638;201300016221;13;5;15;2335;3;1;1;9.0;6;39;RN 568;M;4345441.0;492816.0;130
14639;201300016223;13;5;13;1640;1;1;1;1.0;3;26;CD 9;;;;130
14640;201300016226;13;6;2;1505;1;2;1;1.0;2;56;KENNEDY AVENUE DU PRESID;;;;130
14641;201300016227;13;6;16;1740;1;1;1;1.0;3;56;RD 49;;;;130
14642;201300016228;13;6;13;855;1;2;1;1.0;3;39;PHION (Chemin de);M;4345460.0;493752.0;130
14643;201300016229;13;6;11;1610;1;2;1;1.0;3;56;MARITIME BOULEVARD;;;;130
14644;201300016231;13;7;3;900;1;1;1;3.0;3;56;ROUTE DE SAINT PIERRE;;;;130
14645;201300016232;13;6;26;730;2;1;1;1.0;4;77;LA TREMIE (acc?s RN 568;;;;130
14646;201300016233;13;6;16;1210;1;1;1;1.0;3;56;COURONNE;;;;130
14647;201300016234;13;6;17;800;2;2;1;1.0;3;39;JAURES JEAN (Avenue);M;4343388.0;494570.0;130
14648;201300016235;13;6;20;1220;1;1;1;1.0;4;39;RN 568;M;4343539.0;494139.0;130
14649;201300016236;13;6;26;708;2;1;1;1.0;2;77;RN 568;;;;130
14650;201300016237;13;7;22;1900;1;1;2;1.0;3;56;ROUTE DU PORT DE LAVERA;M;4339631.0;502620.0;130
14651;201300016238;13;7;22;1845;1;2;3;1.0;1;26;CURIE (bld P et M;M;4338682.0;515818.0;130
14652;201300016239;13;7;7;1720;1;2;1;1.0;7;56;TESSE MAURICE;;;;130
14653;201300016240;13;7;7;1840;1;2;3;1.0;3;77;CROIZAT AMBROISE (avenue;M;4341102.0;498979.0;130
14654;201300016241;13;7;8;1355;1;2;3;1.0;3;56;L'HERMINIER AVENUE COMMA;M;4340912.0;504659.0;130
14655;201300016242;13;7;13;1440;1;2;1;1.0;5;39;POMPIDOU GEORGES (avenue;M;4345553.0;494153.0;130
14656;201300016243;13;7;28;655;2;2;1;1.0;1;56;ISTRES ROUTE D';;;;130
14657;201300016244;13;6;29;1355;1;2;1;1.0;3;39;POMPIDOU GEORGES (avenue;M;4345895.0;494153.0;130
14658;201300016245;13;7;13;950;1;2;9;1.0;3;56;PORT DE BOUC ROUTE DE;;;;130
14659;201300016246;13;7;31;1830;1;2;1;1.0;2;56;TESSE MAURICE;M;4340700.0;505569.0;130
14660;201300016247;13;8;1;2220;3;2;1;1.0;7;77;BOUC ANTOINE (rue);;;;130
14661;201300016248;13;8;6;1915;1;2;1;1.0;7;56;BASTIDES ROUTE DES;;;;130
14662;201300016249;13;8;8;1030;1;1;1;1.0;2;39;ROUTE NATIONALE 568;;;;130
14663;201300016250;13;8;10;1050;1;2;3;1.0;6;26;FERRY (rue Jules);M;4338662.0;516415.0;130
14664;201300016251;13;8;17;600;3;1;6;1.0;7;39;FOSSETTE (Rond-point de;M;4348683.0;488518.0;130
14665;201300016252;13;8;21;2015;2;2;1;1.0;6;56;VERANDY JEAN;;;;130
14666;201300016253;13;8;12;1115;1;2;3;1.0;3;26;AUDIBERT (bld Armand);M;4338439.0;516754.0;130
14667;201300016254;13;8;28;1737;1;2;1;1.0;6;77;CROIZAT AMBROISE (all?e);;;;130
14668;201300016255;13;9;7;1200;1;1;1;1.0;2;77;RN 568;M;4342178.0;497733.0;130
14669;201300016256;13;9;8;1030;1;2;6;1.0;6;39;CANTEGRILLET (Avenue de);M;4345590.0;494162.0;130
14670;201300016257;13;9;15;1650;1;1;1;1.0;7;39;RN 568;;;;130
14671;201300016258;13;9;17;1850;2;1;1;1.0;3;39;RN 268;;;;130
14672;201300016259;13;9;21;830;1;2;1;1.0;6;56;KENNEDY AVENUE DU PRESID;M;4340791.0;505351.0;130
14673;201300016260;13;9;30;1617;1;2;6;1.0;4;56;PORT DE LAVERA ROUTE DU;M;4339722.0;503422.0;130
14674;201300016262;13;9;24;1140;1;2;1;1.0;6;56;JOLIOT CURIE BOULEVARD I;M;4333790.0;507191.0;130
14675;201300016264;13;10;11;830;1;2;1;1.0;4;56;FLEMING AVENUE DU ALEXAN;M;4342297.0;505614.0;130
14676;201300016265;13;10;9;2200;5;1;1;1.0;6;56;RD 49;M;4336604.0;506001.0;130
14677;201300016267;13;10;14;1310;1;1;1;1.0;2;77;RN 568 -;;;;130
14678;201300016268;13;10;12;1845;2;2;1;1.0;6;56;AIRES PLACE DES;M;4340731.0;505648.0;130
14679;201300016269;13;10;20;1100;1;2;1;1.0;6;56;QUATORZE JUILLET;M;4340872.0;505627.0;130
14680;201300016270;13;10;25;535;5;2;1;1.0;1;56;SAINT-PIERRE;M;4339890.0;505231.0;130
14681;201300016271;13;10;29;1600;1;1;1;1.0;2;39;RN 568;M;4345266.0;493099.0;130
14682;201300016272;13;11;10;800;2;2;1;1.0;2;56;TURCAN FRANCIS;;;;130
14683;201300016273;13;11;11;35;5;2;1;6.0;1;26;7, VIEUX MOULIN (rue du);M;4338260.0;516215.0;130
14684;201300016274;13;11;5;1640;1;2;1;1.0;6;77;GENERAL DE GAULLE (avenu;M;4340965.0;497772.0;130
14685;201300016276;13;11;13;1455;1;2;3;1.0;3;56;CALMETTE ET*GUERIN AV;M;4339969.0;504667.0;130
14686;201300016277;13;11;13;1800;3;1;1;1.0;5;56;RD 49;;;;130
14687;201300016278;13;11;6;1300;1;2;1;1.0;6;56;AIRES PLACE DES;;;;130