;Num_Acc;an;mois;jour;hrmn;lum;agg;int;atm;col;com;adr;gps;lat;long;dep
14688;201300016279;13;11;14;925;1;2;1;1.0;6;56;ROUTE DU PORT DE LAVERA;;;;130
14689;201300016280;13;11;15;2245;5;2;2;1.0;1;56;HERRIOT BOULEVARD EDOUAR;M;4339954.0;505972.0;130
14690;201300016281;13;11;18;736;2;1;1;1.0;3;39;RN 544;;;;130
14691;201300016282;13;12;2;1120;1;1;1;1.0;3;39;ROUTE NATIONALE 569;;;;130
14692;201300016283;13;11;4;950;1;2;1;2.0;6;26;RN 568;;;;130
14693;201300016284;13;11;29;1700;2;2;1;1.0;2;77;GOLFE (avenue du);M;4340638.0;497816.0;130
14694;201300016286;13;12;4;1930;3;1;1;1.0;3;78;RN 268 (PR 4.500);;;;130
14695;201300016287;13;12;6;930;1;2;1;1.0;2;77;RN 568;M;4342180.0;497734.0;130
14696;201300016288;13;12;11;1740;2;1;1;1.0;4;4;RN 268 (PR 11);;;;130
14697;201300016289;13;12;23;2330;3;2;1;1.0;6;77;RN 568;;;;130
14698;201300016290;13;12;28;1940;2;2;1;1.0;3;56;CD 49;M;4338823.0;503154.0;130
14699;201300016291;13;12;5;715;2;2;1;7.0;2;77;RN 568;;;;130
14700;201300016292;13;2;3;550;3;1;1;1.0;6;103;CHEMIN DES MOULEDAS;;;;130
14701;201300016293;13;3;19;1310;1;2;1;1.0;6;103;AVENUE JUIN -DU MARECHAL;;;;130
14702;201300016294;13;3;21;1430;1;2;1;1.0;7;103;10, PLACE DES ANCIENS CO;;;;130
14703;201300016295;13;3;22;1645;1;2;1;1.0;6;103;AVENUE DE WERTHEIM;;;;130
14704;201300016296;13;3;30;1650;1;2;1;1.0;6;103;40, BOULEVARD DES BLAZOT;M;4364263.0;508851.0;130
14705;201300016297;13;5;25;1200;1;2;1;1.0;3;103;271, AVENUE DU 22 AOUT 1;M;4363644.0;508116.0;130
14706;201300016298;13;5;30;1635;1;1;1;1.0;5;103;ROUTE DE JEAN MOULIN-RN;;;;130
14707;201300016299;13;6;14;2130;3;1;1;1.0;5;49;ROUTE DE JEAN MOULIN-RN;;;;130
14708;201300016300;13;8;4;835;1;2;2;1.0;3;103;23, AVENUE BOREL -GEORGE;M;4364051.0;508314.0;130
14709;201300016301;13;8;8;1435;1;2;2;1.0;6;103;2, EUGENE PLACE PELLETAN;M;4364055.0;509511.0;130
14710;201300016302;13;8;27;1730;1;2;2;1.0;3;103;RUE LABADIE;M;4364218.0;509315.0;130
14711;201300016303;13;9;23;1605;1;2;1;1.0;6;103;MONTEE DU -RUE PUECH;;;;130
14712;201300016304;13;9;30;1130;1;1;1;1.0;6;103;1833, RTE D' EYGUIERES-R;M;4364964.0;509157.0;130
14713;201300016306;13;10;20;655;3;2;1;1.0;6;103;RTE DE PELISSANNE-RD 572;;;;130
14714;201300016308;13;11;25;1840;5;2;1;1.0;2;103;RUE JANICOT;;;;130
14715;201300016309;13;11;30;2340;5;2;2;1.0;3;103;AVENUE CHABAN DELMAS -JA;M;4364043.0;505748.0;130
14716;201300016310;13;11;30;2310;3;2;1;1.0;7;103;RTE DU VAL DE CUECH-RD 1;;;;130
14717;201300016311;13;12;5;1640;2;2;3;1.0;2;103;AVENUE DU 22 AOUT 1944;M;4363441.0;507812.0;130
14718;201300016312;13;12;8;1845;3;1;1;1.0;2;103;ROUTE DE JEAN MOULIN-RN;;;;130
14719;201300016314;13;1;4;1000;1;1;1;1.0;7;108;RD 570N ROUTE D ARLES );;;;130
14720;201300016315;13;2;1;1010;1;2;1;1.0;6;108;ARISTIDE BRIAND (COURS);M;4380326.0;465683.0;130
14721;201300016316;13;2;19;1110;1;1;3;1.0;3;108;VALLABREGUES ( RD 81 ROU;;;;130
14722;201300016317;13;2;24;130;3;1;1;1.0;1;32;SAINT GILLES ROUTE DE;M;4379172.0;458269.0;300
14723;201300016318;13;2;25;1300;1;1;1;1.0;5;32;SAINT GILLES ROUTE DE;M;4379347.0;458868.0;300
14724;201300016320;13;4;12;1630;1;1;3;1.0;3;108;RD 570 ROUTE D'AVIGNON;;;;130
14725;201300016321;13;5;2;1300;1;1;1;1.0;7;108;RADOUBS (CHEMIN DES);M;4380082.0;465594.0;130
14726;201300016322;13;5;11;2250;3;1;1;1.0;7;32;BAGNADE IMPASSE DE LA;M;4380449.0;462965.0;300
14727;201300016323;13;5;17;1015;1;2;3;1.0;3;108;PROSPER MERIME (AVENUE);M;4381383.0;466501.0;130
14728;201300016324;13;5;27;1130;1;1;1;1.0;5;32;1, D999;M;4380599.0;464231.0;300
14729;201300016325;13;6;4;905;1;2;1;1.0;6;32;MARECHAL JOFFRE AVENUE;;;;300
14730;201300016326;13;6;7;1745;1;1;4;1.0;3;32;BEAUVOIR CHEMIN DE;M;4378300.0;461507.0;300
14731;201300016327;13;6;12;1750;1;1;6;1.0;2;45;RD 970 ROUTE D ARLES );;;;130
14732;201300016328;13;6;14;835;1;1;2;1.0;3;32;CHARANCONE PONT DE;M;4379530.0;462207.0;300
14733;201300016329;13;6;14;1830;1;2;1;1.0;6;108;3, 8 MAI 1945 (AVENUE);M;4380367.0;466386.0;130
14734;201300016330;13;6;16;345;5;2;6;1.0;7;32;JEAN MONNET AVENUE;M;4378886.0;464399.0;300
14735;201300016331;13;6;22;1015;1;2;1;1.0;2;108;41, ITAM (BOULEVARD);M;4380665.0;465986.0;130
14736;201300016333;13;7;5;1600;1;1;1;1.0;7;32;SAINT JOSEPH CHEMIN DE;M;4379530.0;463613.0;300
14737;201300016334;13;7;13;1110;1;2;1;1.0;4;32;FARCIENNES AVENUE DE;;;;300
14738;201300016335;13;7;15;505;3;1;1;1.0;7;108;VALLABREGUES ( RD 81 ROU;M;4381975.0;465179.0;130
14739;201300016337;13;7;24;1715;1;1;1;1.0;1;32;COMPS ROUTE DE;M;4382921.0;461550.0;300
14740;201300016338;13;7;25;2340;3;1;1;1.0;7;32;3723, SAINT GILLES ROUTE;M;4379518.0;459869.0;300
14741;201300016339;13;7;30;1440;1;1;9;1.0;7;108;RD 570 ROUTE D ARLES );M;4375551.0;468294.0;130
14742;201300016340;13;7;27;1520;1;1;1;1.0;7;108;RD 570 ROUTE D ARLES;;;;130
14743;201300016341;13;8;2;915;1;1;1;1.0;7;108;RD 570 ROUTE D ARLES );M;4378496.0;470460.0;130
14744;201300016343;13;8;7;900;1;1;1;1.0;6;32;SAINT GILLES ROUTE DE;;;;300
14745;201300016344;13;8;14;1315;1;1;1;1.0;1;108;RD 570 ROUTE D ARLES );;;;130
14746;201300016345;13;8;10;1230;1;2;2;1.0;3;108;1, CH?TEAU (RUE);M;4380620.0;465741.0;130
14747;201300016346;13;8;15;1500;1;2;1;1.0;7;108;1, REVOLUTION (RUE);M;4380667.0;466127.0;130
14748;201300016348;13;8;23;1210;1;1;1;1.0;3;108;RD 570 ROUTE D ARLES );M;4378496.0;470460.0;130
14749;201300016349;13;8;24;200;3;1;1;1.0;7;108;RD 570 ROUTE D ARLES );M;4373901.0;467202.0;130
14750;201300016350;13;8;24;1200;1;1;2;1.0;3;32;PONT DE CHARANCONNE CHEM;M;4379768.0;461925.0;300
14751;201300016351;13;9;1;754;1;1;1;1.0;7;108;CD 35 ROUTE DE BOULBON;M;4382889.0;467194.0;130
14752;201300016352;13;9;1;1915;2;1;1;1.0;7;108;RD 99 ROUTE DE SAINT REM;M;4380049.0;467264.0;130
14753;201300016353;13;9;3;20;3;1;1;1.0;7;32;DEPARTEMENTALE 90;M;4382339.0;461322.0;300
14754;201300016354;13;9;4;1300;1;2;1;1.0;2;32;GENERAL DE GAULLE QUAI;M;4380600.0;464227.0;300
14755;201300016355;13;9;6;800;1;1;1;1.0;1;32;COMPS ROUTE DE;;;;300
14756;201300016356;13;9;22;1200;1;1;3;1.0;3;108;D33 ROUTE DE FONTVEILLE;;;;130
14757;201300016357;13;9;28;1400;1;1;6;1.0;2;45;RD 570 ROUTE D ARLES );;;;130
14758;201300016358;13;9;27;515;3;1;1;1.0;6;32;FOURQUES ROUTE DE;M;4378243.0;462518.0;300
14759;201300016359;13;10;23;1955;5;2;1;1.0;6;32;BIJOUTIERS RUE DES;M;4380783.0;464554.0;300
14760;201300016360;13;10;24;1945;3;1;1;1.0;6;108;D33 ROUTE DE FONTVEILLE;M;4376745.0;469350.0;130
14761;201300016361;13;10;28;630;4;2;1;1.0;7;32;CLAUX DE GENESTETS AVENU;;;;300
14762;201300016362;13;10;31;945;1;1;1;1.0;6;32;SAINT GILLES ROUTE DE;M;4379858.0;460911.0;300
14763;201300016363;13;11;2;350;5;2;1;1.0;6;108;ITAM (BOULEVARD);M;4380684.0;465652.0;130
14764;201300016364;13;11;15;2315;3;1;1;1.0;7;108;CD 35 ROUTE DE BOULBON;M;4384500.0;467747.0;130
14765;201300016365;13;11;18;750;1;1;1;2.0;7;108;RD 570 N ROUTE D ARLES;;;;130
14766;201300016366;13;11;22;1300;1;1;9;1.0;3;108;951, CD 35 ROUTE DE BOUL;M;4381912.0;466654.0;130
14767;201300016367;13;11;20;1200;1;2;1;1.0;2;108;SALENGRO ROGER (AVENUE);M;4380703.0;465761.0;130
14768;201300016368;13;11;27;1000;1;1;1;1.0;7;108;ARLES (PETITE ROUTE D AR;M;4378745.0;467599.0;130
14769;201300016369;13;11;29;2030;3;1;1;1.0;7;32;JEAN MONNET AVENUE;M;4379259.0;463030.0;300
14770;201300016370;13;12;9;1730;1;2;1;1.0;6;108;VICTOR HUGO (BOULEVARD);M;4380202.0;466404.0;130
14771;201300016371;13;12;20;800;2;1;3;3.0;5;32;SAINT GILLES ROUTE DE;M;4378537.0;457025.0;300
14772;201300016372;13;12;17;810;1;2;1;1.0;6;108;2, JULES FERRY (BOULEVAR;M;4380224.0;466328.0;130
14773;201300016373;13;12;19;800;1;1;1;1.0;7;108;2540, CD 35 ROUTE DE BOU;M;4382882.0;467194.0;130
14774;201300016374;13;12;14;1530;1;1;1;1.0;7;32;BELLEGARDE ROUTE DE;M;4378928.0;458037.0;300
14775;201300016375;13;12;21;2055;5;2;1;1.0;7;32;JEAN MONNET AVENUE;;;;300
14776;201300016376;13;12;22;515;3;1;1;2.0;7;108;RD 970 ROUTE D'AVIGNON;;;;130
14777;201300016377;13;1;2;1320;1;1;3;1.0;7;19;ROUTE D'APT;;;;130
14778;201300016378;13;1;10;1050;1;1;1;1.0;7;117;XXXX, CD 9 ESTROUBLANS;;;;130
14779;201300016379;13;1;10;1200;1;1;1;1.0;2;117;CD 9 ESTROUBLANS;;;;130
14780;201300016380;13;1;13;1100;1;1;1;2.0;7;117;ROND-POINT HENRI LOUBET;M;4344856.0;523036.0;130
14781;201300016381;13;1;14;510;5;1;1;1.0;1;19;D9;;;;130
14782;201300016382;13;1;14;745;1;1;1;1.0;5;19;D60 A;;;;130
14783;201300016383;13;1;14;1600;1;1;1;1.0;6;19;RUE APPIENNE;;;;130
14784;201300016384;13;1;17;1840;3;1;1;1.0;3;71;D 543;;;;130
14785;201300016385;13;1;18;825;1;1;1;8.0;5;117;CD 9 ESTROUBLANS;;;;130
14786;201300016386;13;1;19;640;5;2;1;2.0;7;71;CHEMIN DEPARTEMENTAL 6 (;;;;130
14787;201300016387;13;1;23;1320;1;1;1;2.0;6;71;VAL DES FLEURS ( CHEMIN;;;;130
14788;201300016388;13;1;24;900;1;1;1;1.0;2;117;CD 9 ESTROUBLANS;;;;130
14789;201300016389;13;1;24;1125;1;2;1;1.0;2;117;PTT SUD AVENUE JEAN MONN;;;;130
14790;201300016390;13;1;25;730;5;1;1;1.0;6;71;2250, VELAUX (CHEMIN);M;4341603.0;534992.0;130
14791;201300016392;13;1;28;920;1;1;1;1.0;7;117;STADIUM (CD9);;;;130
14792;201300016393;13;1;31;555;3;2;2;1.0;6;117;xx, DROITS DE L'HOMME (A;M;4342850.0;527084.0;130
14793;201300016394;13;1;31;1720;1;2;4;1.0;3;117;ROUTE NATIONALE 113 - AG;;;;130
14794;201300016396;13;2;5;830;1;1;1;1.0;3;19;RD 543;;;;130
14795;201300016397;13;2;5;1745;2;2;3;1.0;3;19;CD 543;M;4342006.0;536692.0;130
14796;201300016398;13;2;7;1740;2;1;1;3.0;2;71;177, MITTERRAND (AVENUE;M;4338587.0;534584.0;130
14797;201300016399;13;2;14;15;5;1;1;1.0;7;71;RIGONS ( CHEMIN DES );;;;130
14798;201300016400;13;2;14;1915;5;1;1;1.0;6;117;TULIPES ( ALLEE DES );;;;130
14799;201300016401;13;2;15;750;1;1;6;1.0;3;19;CD 6;M;4342055.0;536715.0;130
14800;201300016402;13;2;16;1740;1;2;1;1.0;6;117;ARVE (AVENUE STEPHEN D');;;;130
14801;201300016403;13;2;20;2210;5;2;1;1.0;7;117;DE LATTRE DE TASSIGNY (;;;;130
14802;201300016404;13;2;23;1820;1;2;1;1.0;6;71;PENNES AUX PINS ( CHEMIN;;;;130
14803;201300016405;13;3;1;1120;1;1;1;1.0;7;71;JAS DE RHODES (RUE DU);;;;130
14804;201300016406;13;3;4;1325;1;1;1;1.0;2;117;CHEMIN DEPARTEMENTAL 9 (;;;;130
14805;201300016407;13;3;6;915;1;2;1;6.0;1;19;ROUTE D'APT;;;;130
14806;201300016408;13;3;6;1500;1;1;1;1.0;3;71;RD 543;;;;130
14807;201300016409;13;3;12;900;1;2;1;1.0;3;117;TOULON GERARD ( RUE );;;;130
14808;201300016411;13;3;21;1720;1;1;3;1.0;3;117;ROUCAS ( CORNICHE DU );;;;130
14809;201300016412;13;3;22;930;1;2;1;1.0;5;71;ROUTE NATIONALE 113 - M;;;;130
14810;201300016413;13;3;23;1745;1;1;1;1.0;3;19;D60 A;;;;130
14811;201300016414;13;3;24;1210;1;2;1;3.0;6;71;00, CD 543;;;;130
14812;201300016415;13;3;25;800;1;1;1;1.0;2;117;ZI ESTROUBLANS RN 113;;;;130
14813;201300016417;13;3;28;1255;1;2;1;3.0;7;71;ROUTE NATIONALE 113 - VI;;;;130
14814;201300016418;13;3;30;1300;1;2;1;1.0;1;117;RHIN DANUBE ( AVENUE );;;;130
14815;201300016419;13;3;30;1615;1;2;1;1.0;6;117;DROITS DE L'HOMME (AVENU;;;;130
14816;201300016420;13;3;31;1535;1;1;1;1.0;2;117;CHEMIN DEPARTEMENTAL 9;;;;130
14817;201300016421;13;4;2;1415;1;1;1;1.0;7;117;STADIUM (CD9);;;;130
14818;201300016422;13;4;3;1715;1;1;1;1.0;6;19;CHEMIN DE LA GRANDE CAMP;;;;130
14819;201300016423;13;4;9;1655;1;1;6;1.0;2;117;BAOU (QUARTIER DU PONT D;;;;130
14820;201300016425;13;4;10;1225;1;2;9;1.0;3;117;00, ROUTE DEPARTEMENTALE;;;;130
14821;201300016426;13;4;12;1200;1;2;3;1.0;3;117;PAGNOL ( BOULEVARD MARCE;M;4343364.0;528413.0;130
14822;201300016427;13;4;12;1230;1;2;1;1.0;3;71;BRUTUS (AV DU CAPINTAINE;;;;130
14823;201300016428;13;4;15;1100;1;2;3;1.0;3;19;RD 543;M;4342175.0;536763.0;130
14824;201300016429;13;4;21;1115;1;1;1;1.0;6;71;CD 6;;;;130
14825;201300016430;13;4;22;1140;1;1;1;1.0;6;117;PINCHINADES ( CHEMIN DES;;;;130
14826;201300016431;13;4;23;1740;1;1;1;1.0;4;71;ROUTE NATIONALE 368 (VIL;;;;130
14827;201300016433;13;4;28;525;3;2;6;1.0;2;117;xxxx, ROUTE NATIONALE 11;;;;130
14828;201300016434;13;4;28;1610;1;1;1;2.0;4;117;ROUTE NATIONALE 113 - AG;;;;130
14829;201300016435;13;4;28;1800;1;2;1;3.0;6;19;AVENUE ETIENNE RABATTU;;;;130
14830;201300016437;13;6;3;2345;3;1;1;1.0;2;117;CHEMIN DEPARTEMENTAL 20;;;;130
14831;201300016439;13;6;5;730;1;1;1;1.0;7;117;EUROCOPTER CD 20;;;;130
14832;201300016440;13;6;7;1540;1;1;1;1.0;4;117;LA BASTIDE BLANCHE CD 9;;;;130
14833;201300016441;13;6;11;1400;1;2;1;1.0;6;117;DROITS DE L'HOMME (AVENU;;;;130
14834;201300016442;13;6;13;1415;1;2;1;1.0;4;117;ROUTE NATIONALE 113 - CA;;;;130
14835;201300016443;13;6;14;930;1;2;6;1.0;3;117;Rond Point de L'Abb? Pie;M;4342188.0;526957.0;130
14836;201300016444;13;6;15;1320;1;2;1;1.0;2;117;RABIN ( AVENUE YITZHAK );;;;130
14837;201300016445;13;6;17;1200;1;2;6;1.0;3;117;MOULIN ( AVENUE JEAN);M;4345427.0;524318.0;130
14838;201300016446;13;6;20;1315;1;2;1;1.0;1;117;VALERY ( RUE PAUL );;;;130
14839;201300016447;13;6;20;1520;1;1;1;1.0;3;71;3430, ROUTE NATIONALE 36;M;4340313.0;527668.0;130
14840;201300016448;13;6;26;1320;1;1;1;1.0;3;71;TOTAL (RN 113 - LE TUNNE;;;;130
14841;201300016449;13;6;27;1505;1;2;1;1.0;3;19;CHEMIN DE LA GRANDE CAMP;;;;130
14842;201300016450;13;6;30;300;3;2;1;1.0;6;117;CHEMIN DEPARTEMENTAL 9 (;;;;130
14843;201300016451;13;7;1;1800;1;1;3;1.0;1;19;CD6;M;4342291.0;537179.0;130
14844;201300016452;13;7;2;1745;1;1;1;1.0;5;117;, CHEMIN DEPARTEMENTAL;;;;130
14845;201300016453;13;7;3;1;5;1;1;1.0;6;71;120, VIEILLE ROUTE DE LA;M;4339877.0;534003.0;130
14846;201300016454;13;7;3;2115;1;2;9;1.0;2;117;GRIFFON ( ECHANGEUR DU );M;4342931.0;526916.0;130
14847;201300016455;13;7;5;1230;1;1;1;1.0;7;117;STADIUM (CD9);;;;130
14848;201300016457;13;7;9;1100;1;1;3;1.0;3;71;RD 113 - AGAVON;M;4341540.0;529676.0;130
14849;201300016459;13;7;10;2210;5;1;1;1.0;7;71;GEANT CASINO (MAGASIN);;;;130
14850;201300016460;13;7;11;2245;4;1;1;1.0;6;71;0000, QUICK (CD6);;;;130
14851;201300016461;13;7;13;1415;1;2;3;1.0;3;71;BILLONE ( ALLEE DE LA);M;4341654.0;529493.0;130
14852;201300016462;13;7;15;1935;1;2;1;1.0;3;117;DROITS DE L'HOMME (AVENU;;;;130
14853;201300016463;13;7;17;1730;1;1;1;1.0;3;117;ROUTE NATIONALE 113 - AG;;;;130
14854;201300016464;13;7;17;1745;1;2;1;1.0;3;117;ROUTE NATIONALE 113 - AG;;;;130
14855;201300016465;13;7;20;930;1;2;1;1.0;2;71;CD 6;;;;130
14856;201300016466;13;7;22;2310;5;2;9;1.0;3;117;1, ESTROUBLANS 6 (BATIME;;;;130
14857;201300016467;13;7;23;1210;1;1;3;1.0;3;19;D60 A;;;;130
14858;201300016469;13;7;24;1;5;2;1;1.0;6;117;19, CONSTANT ( AVENUE JE;M;4343950.0;525597.0;130
14859;201300016470;13;7;24;1800;1;2;1;1.0;2;117;MARSEILLE ( AVENUE DE );;;;130
14860;201300016471;13;7;26;1430;1;1;1;1.0;2;117;BAOU (QUARTIER DU PONT D;;;;130
14861;201300016472;13;7;27;1650;1;1;1;1.0;5;71;CD 543;;;;130
14862;201300016473;13;7;29;700;2;1;1;3.0;6;117;STADIUM (CD9);;;;130
14863;201300016474;13;7;29;800;2;1;1;3.0;6;71;ROUTE NATIONALE 113 - MO;;;;130
14864;201300016475;13;7;30;1930;1;2;3;1.0;2;117;GLACIERE ( RUE DE LA );;;;130
14865;201300016476;13;7;30;1645;1;1;1;1.0;4;19;D9;;;;130
14866;201300016478;13;8;2;1130;1;2;1;1.0;2;117;xxxx, GELU  ( AVENUE VIC;;;;130
14867;201300016479;13;8;3;1420;1;2;1;1.0;2;117;CASSIN (RUE RENE);;;;130
14868;201300016480;13;8;7;410;3;1;1;1.0;6;19;1, ROUTE DES QUINSOUN;M;4346626.0;536375.0;130
14869;201300016481;13;8;7;1930;1;2;1;8.0;6;71;ROUTE NATIONALE 368 (PLA;;;;130
14870;201300016482;13;8;8;645;2;1;1;2.0;7;19;D9;;;;130
14871;201300016483;13;8;9;300;3;2;1;1.0;7;117;CHEMIN DEPARTEMENTAL 9 (;;;;130
14872;201300016484;13;8;10;1915;1;2;1;1.0;6;19;CD6;;;;130
14873;201300016485;13;8;12;1810;1;1;1;1.0;2;117;, CHEMIN DEPARTEMENT;;;;130
14874;201300016486;13;8;15;1510;1;2;1;1.0;6;71;820, VAL DES FLEURS ( CH;M;4340601.0;530959.0;130
14875;201300016487;13;8;23;1750;1;2;1;1.0;2;71;1321, ROUTE NATIONALE 11;;;;130
14876;201300016488;13;9;1;855;1;2;1;1.0;6;117;RABIN ( AVENUE YITZHAK );;;;130
14877;201300016489;13;9;1;1615;1;2;4;1.0;6;117;PELLETAN ( AVENUE CAMILL;M;4345797.0;524946.0;130
14878;201300016490;13;9;4;845;2;2;1;1.0;6;117;RHIN DANUBE ( AVENUE );;;;130
14879;201300016491;13;9;4;1630;1;2;1;1.0;1;117;42, ROME  (AVENUE DE);M;4343868.0;524518.0;130
14880;201300016492;13;9;4;1810;1;1;1;1.0;3;19;D9;;;;130
14881;201300016493;13;9;5;750;1;2;3;1.0;3;71;ROUTE NATIONALE 368 (PLA;;;;130
14882;201300016494;13;9;5;1240;1;1;1;1.0;7;117;ASSEDIC (DENIS PADOVANI);;;;130
14883;201300016495;13;9;5;1600;1;1;1;1.0;2;117;CHEMIN DEPARTEMENTAL CD;;;;130
14884;201300016496;13;9;6;1700;1;1;1;1.0;2;117;EUROCOPTER CD 20;;;;130
14885;201300016497;13;9;6;1800;1;2;9;1.0;3;117;ROUCAS ( CORNICHE DU );;;;130
14886;201300016498;13;9;10;1840;1;1;1;1.0;4;71;ROUTE NATIONALE 368 (PLA;;;;130
14887;201300016499;13;9;13;1415;1;2;1;1.0;6;117;CARREFOUR (CENTRE COMMER;;;;130
14888;201300016500;13;9;13;1530;1;2;1;1.0;6;117;IKEA (MAGASIN);;;;130
14889;201300016501;13;9;19;1200;1;1;2;1.0;3;117;D55F;M;4346846.0;523339.0;130
14890;201300016502;13;9;20;1700;1;2;1;1.0;2;71;ROUTE NATIONALE 113 - MO;;;;130
14891;201300016503;13;9;22;1500;1;2;2;1.0;6;71;ANNE MARIE (BOULEVARD);M;4338122.0;534984.0;130
14892;201300016504;13;9;23;630;2;1;1;1.0;6;117;ROUTE NATIONALE 113-L'AN;;;;130
14893;201300016506;13;9;26;1615;1;2;1;1.0;3;117;TOULON GERARD ( RUE );;;;130
14894;201300016507;13;9;26;1800;1;2;1;1.0;1;71;CANAIE (LOTISSEMENT LA);;;;130
14895;201300016508;13;9;26;1915;1;2;1;1.0;2;19;ROUTE D'APT;;;;130
14896;201300016509;13;9;27;1100;1;1;1;1.0;3;71;ROUTE NATIONALE 113 - MO;;;;130
14897;201300016510;13;9;29;1410;1;1;1;1.0;7;71;RIGONS ( CHEMIN DES );;;;130
14898;201300016511;13;10;1;1810;1;2;1;1.0;2;117;LONDRES (AVENUE DE);;;;130
14899;201300016512;13;10;3;1230;1;2;1;1.0;3;71;RD 543;;;;130
14900;201300016513;13;10;3;1520;1;2;1;1.0;6;117;BLANCARD ( RUE PIERRE);;;;130
14901;201300016514;13;10;5;1330;1;1;1;1.0;7;117;CHEMIN DEPARTEMENTAL 9 (;;;;130
14902;201300016515;13;10;6;1730;1;2;9;1.0;2;117;AMSTERDAM (RUE D');;;;130
14903;201300016516;13;10;8;1200;1;2;1;1.0;4;117;PADOVANI ( AVE );;;;130
14904;201300016517;13;10;10;1310;1;1;1;1.0;6;117;STADIUM (CD9);;;;130
14905;201300016518;13;10;14;840;1;1;1;1.0;7;19;ROUTE D'APT;;;;130
14906;201300016519;13;10;14;1650;1;2;1;1.0;6;117;GELU  ( AVENUE VICTOR );;;;130
14907;201300016520;13;10;16;1630;1;1;3;1.0;3;71;ROUTE NATIONALE 113 - RE;M;4341546.0;529658.0;130
14908;201300016521;13;10;17;1310;1;2;2;1.0;3;117;RUE DE FONTBLANCHE;M;4342330.0;528372.0;130
14909;201300016522;13;10;19;1540;1;2;1;1.0;4;19;CD6;;;;130
14910;201300016523;13;10;23;550;5;1;1;2.0;6;117;CHEMIN DEPARTEMENTAL 9 (;;;;130
14911;201300016524;13;10;23;845;1;1;1;1.0;6;117;CHEMIN DEPARTEMENTAL 9 (;;;;130
14912;201300016525;13;10;25;910;1;1;3;1.0;3;117;CHEMIN DEPARTEMENTAL CD;M;4345401.0;523184.0;130
14913;201300016526;13;10;27;1830;5;2;6;1.0;7;117;DE GAULLE (ROND POINT CH;M;4342317.0;525850.0;130
14914;201300016527;13;10;28;2350;5;2;1;1.0;6;117;12, ROUTE NATIONALE 113;;;;130
14915;201300016528;13;10;27;2150;5;2;1;1.0;6;71;1, RIGONS ( CHEMIN DES );M;4341331.0;535843.0;130
14916;201300016529;13;10;29;2100;5;2;3;1.0;3;71;ROUTE NATIONALE 113 - RE;M;4341544.0;529664.0;130
14917;201300016531;13;10;31;2135;3;2;3;1.0;3;117;CHEMIN DEPARTEMENTAL 20;M;4345775.0;523301.0;130
14918;201300016532;13;10;31;1210;1;2;1;1.0;7;117;, BELVEDERE (ALLEE DU);M;4345191.0;523195.0;130
14919;201300016533;13;10;31;1130;1;1;1;2.0;6;117;STADIUM (CD9);;;;130
14920;201300016534;13;11;2;1050;1;2;1;1.0;3;19;AVENUE MARECHAL LECLERC;M;4346520.0;535254.0;130
14921;201300016535;13;11;3;1430;1;2;2;1.0;3;117;GRAZIELLA (PASSAGE);;;;130
14922;201300016536;13;11;4;1200;1;2;1;2.0;7;71;LANTERNE ( RUE DE LA );;;;130
14923;201300016537;13;11;4;1840;3;1;1;1.0;6;117;CHEMIN DEPARTEMENTAL 9 (;;;;130
14924;201300016538;13;11;5;1850;3;1;1;1.0;3;117;ROUTE NATIONALE 113 - LA;;;;130
14925;201300016539;13;11;7;810;1;2;3;1.0;1;117;xx, PADOVANI ( AVE );M;4343788.0;525627.0;130
14926;201300016540;13;11;7;1645;1;2;6;1.0;3;117;INDOCHINE( ROND POINT);M;4344410.0;524577.0;130
14927;201300016542;13;11;9;1315;1;1;1;1.0;6;19;CD6;;;;130
14928;201300016543;13;11;12;945;1;2;1;1.0;2;117;18, ROME  (AVENUE DE);M;4343316.0;525391.0;130
14929;201300016544;13;11;18;1400;1;1;1;2.0;6;117;ROUTE NATIONALE 113-L'AN;;;;130
14930;201300016545;13;11;18;1735;3;2;1;1.0;6;117;79, EUROPE ( AVENUE DE L;M;4342141.0;526575.0;130
14931;201300016546;13;11;19;1030;1;1;1;1.0;2;117;CHEMIN DEPARTEMENTAL 9 (;;;;130
14932;201300016547;13;11;20;2230;5;1;1;2.0;7;71;CD 543;;;;130
14933;201300016548;13;11;21;1000;1;1;1;8.0;3;71;ROUTE NATIONALE 113 - MO;;;;130
14934;201300016549;13;11;23;530;2;2;1;1.0;6;117;CUGNOT ( AVENUE JOSEPH );;;;130
14935;201300016550;13;11;28;630;5;1;6;1.0;3;19;ECHANGEUR DE PLAN DE CAM;;;;130
14936;201300016551;13;11;28;915;1;1;6;1.0;3;71;D 543;;;;130
14937;201300016552;13;11;28;1150;1;1;1;1.0;7;19;D9;;;;130
14938;201300016553;13;11;28;1240;1;1;1;1.0;6;19;ROUTE D'APT;;;;130
14939;201300016554;13;11;29;1115;1;2;1;1.0;6;19;D60;;;;130
14940;201300016556;13;12;4;815;1;2;3;1.0;3;117;RUE DE FONTBLANCHE;M;4342368.0;528422.0;130
14941;201300016557;13;12;5;1132;1;2;2;1.0;3;117;GLACIERE ( RUE DE LA );M;4342323.0;524109.0;130
14942;201300016558;13;12;5;1200;1;2;1;1.0;4;117;MARSEILLE ( AVENUE DE );;;;130
14943;201300016559;13;12;6;1040;1;2;1;1.0;3;117;00, SALYENS ( AVENUE DES;;;;130