;Num_Acc;an;mois;jour;hrmn;lum;agg;int;atm;col;com;adr;gps;lat;long;dep
14944;201300016560;13;12;6;1755;3;1;1;1.0;4;117;1, MONTE CRISTO (ROND PO;M;4347087.0;523115.0;130
14945;201300016561;13;12;10;1840;3;1;1;1.0;3;71;ROUTE NATIONALE 113 - RE;;;;130
14946;201300016562;13;12;11;1800;3;1;1;1.0;3;19;CHEMIN DEPARTEMENTAL 9 (;;;;130
14947;201300016564;13;12;14;1540;1;2;1;1.0;3;19;ROUTE D'APT;;;;130
14948;201300016566;13;12;17;1700;2;2;1;1.0;3;117;11, EUROPE ( AVENUE DE L;M;4344083.0;524353.0;130
14949;201300016568;13;12;19;1500;1;1;1;3.0;6;117;AEROPORT(ZONE DE L');;;;130
14950;201300016569;13;12;19;1645;3;2;1;3.0;4;117;CHEMIN DEPARTEMENTAL 9 (;;;;130
14951;201300016570;13;12;20;1640;1;2;1;2.0;2;117;FONT SEGUGNE ( AVENUE DE;;;;130
14952;201300016571;13;12;20;1900;3;1;1;2.0;1;19;ROUTE D'APT;;;;130
14953;201300016572;13;12;21;2040;3;2;1;1.0;7;117;PADOVANI ( AVE );;;;130
14954;201300016573;13;12;22;1410;1;1;1;1.0;1;19;D8;;;;130
14955;201300016574;13;12;23;845;1;2;1;1.0;1;117;CUGNOT ( AVENUE JOSEPH );;;;130
14956;201300016576;13;12;23;350;5;1;1;2.0;6;117;STADIUM (CD9);;;;130
14957;201300016577;13;12;24;1330;1;2;1;1.0;3;71;ROUTE NATIONALE 113 - VI;;;;130
14958;201300016578;13;12;20;1100;1;2;1;3.0;6;117;CHEMIN DEPARTEMENTAL 9 (;;;;130
14959;201300016579;13;12;30;1445;1;2;1;1.0;2;117;MONNET (AVENUE JEAN);;;;130
14960;201300016580;13;12;30;2335;3;1;1;1.0;6;117;ROUTE NATIONALE 113 - LA;;;;130
14961;201300016581;13;1;19;2345;3;1;1;4.0;6;296;;M;4821678.0;740147.0;680
14962;201300016582;13;2;20;2215;3;1;1;1.0;7;234;;M;4795312.0;736608.0;680
14963;201300016583;13;3;31;800;1;1;1;8.0;6;234;;M;4795221.0;736610.0;680
14964;201300016584;13;4;20;1230;1;1;1;1.0;2;113;;M;4818623.0;739003.0;680
14965;201300016585;13;5;2;2030;2;1;1;1.0;7;82;;M;4783798.0;739427.0;680
14966;201300016586;13;5;15;1815;1;1;6;1.0;3;146;;M;4812066.0;736745.0;680
14967;201300016587;13;7;17;500;2;1;1;1.0;5;22;;M;4782305.0;739369.0;680
14968;201300016588;13;7;18;1345;1;1;1;1.0;2;205;;M;4792633.0;735983.0;680
14969;201300016590;13;8;1;1930;1;1;1;1.0;4;296;;M;4822800.0;740360.0;680
14970;201300016591;13;9;2;845;1;1;1;1.0;6;82;;M;4788500.0;738400.0;680
14971;201300016592;13;9;6;1015;1;1;1;1.0;3;146;;M;4814400.0;736600.0;680
14972;201300016593;13;10;21;1800;2;1;1;1.0;6;146;;M;4714107.0;736606.0;680
14973;201300016594;13;10;24;1000;1;1;1;1.0;2;66;;M;4806405.0;738268.0;680
14974;201300016595;13;10;26;2130;3;1;1;1.0;2;37;;M;4796639.0;737027.0;680
14975;201300016596;13;11;10;345;3;1;1;2.0;6;228;;M;4793400.0;736200.0;680
14976;201300016597;13;11;22;2115;3;1;1;5.0;2;82;;M;4786500.0;739500.0;680
14977;201300016598;13;1;27;330;3;1;1;2.0;1;620;;M;4875500.0;211900.0;780
14978;201300016599;13;10;11;730;5;2;1;2.0;6;356;Avenue de l'europe;M;4875600.0;206800.0;780
14979;201300016600;13;10;13;1445;1;1;1;1.0;2;561;;M;4874100.0;201600.0;780
14980;201300016601;13;8;21;1845;1;1;2;1.0;3;157;;M;4745470.0;157548.0;410
14981;201300016602;13;2;4;715;3;1;1;2.0;2;454;;M;4498943.0;10688.0;240
14982;201300016603;13;3;10;1645;1;1;1;4.0;7;47;;M;0.0;0.0;720
14983;201300016604;13;5;8;1400;1;1;1;1.0;6;320;;M;0.0;0.0;720
14984;201300016605;13;6;25;700;1;1;1;1.0;2;320;;M;0.0;0.0;720
14985;201300016606;13;8;16;1445;1;1;1;1.0;3;221;;M;0.0;0.0;720
14986;201300016607;13;8;23;1530;1;1;1;1.0;3;54;;M;0.0;0.0;720
14987;201300016608;13;9;30;1830;1;1;1;1.0;7;231;;M;0.0;0.0;720
14988;201300016609;13;10;18;800;2;1;1;5.0;7;300;;M;0.0;0.0;720
14989;201300016610;13;10;31;1230;1;1;1;1.0;2;124;;M;0.0;0.0;720
14990;201300016611;13;2;21;845;1;2;1;1.0;1;198;Rue des jonquilles;M;4807000.0;13500.0;720
14991;201300016612;13;4;29;1000;1;1;1;1.0;5;89;;M;4813200.0;-2200.0;720
14992;201300016613;13;6;13;1600;1;1;1;1.0;7;211;;M;0.0;0.0;720
14993;201300016614;13;6;19;1900;1;2;1;1.0;7;181;Rue Einstein;M;0.0;0.0;720
14994;201300016615;13;12;28;1415;1;1;1;1.0;1;256;;M;0.0;0.0;720
14995;201300016616;13;1;7;1930;3;1;1;1.0;6;151;RD 44;M;4905960.0;226910.0;950
14996;201300016617;13;4;2;1430;1;2;2;1.0;3;256;AV CHARLES DE GAULLE;M;4900710.0;228120.0;950
14997;201300016618;13;7;17;700;1;2;1;1.0;3;394;AV DE LA LIBERATION;M;4905350.0;219480.0;950
14998;201300016619;13;7;18;1415;1;2;1;1.0;6;392;AV VICTOR HUGO;M;4907450.0;220060.0;950
14999;201300016621;13;9;7;1930;1;1;1;1.0;7;394;CHE DE PONTOISE;M;4904910.0;219190.0;950
15000;201300016622;13;10;15;745;2;2;1;8.0;6;394;AV MARCEL PERRIN;M;4906290.0;218710.0;950
15001;201300016623;13;10;30;1730;1;1;1;1.0;5;392;R GEORGES DUHAMEL;M;4908550.0;220680.0;950
15002;201300016624;13;11;20;1445;1;2;1;3.0;6;394;RTE DE PONTOISE;M;4905950.0;216640.0;950
15003;201300016625;13;7;22;1400;1;1;1;1.0;6;380;;M;0.0;0.0;720
15004;201300016626;13;5;6;915;1;1;1;1.0;2;308;Echangeur 22, bretelle D;M;4739994.0;-51286.0;490
15005;201300016627;13;6;27;1200;1;1;1;1.0;2;22;;M;4731967.0;-60584.0;490
15006;201300016628;13;7;11;1715;1;1;1;1.0;2;22;A87;M;4732094.0;-60539.0;490
15007;201300016629;13;8;10;1600;1;1;1;1.0;6;99;;M;4701552.0;-87905.0;490
15008;201300016630;13;3;30;430;3;1;1;2.0;6;212;ANCIENNE GARE;M;4472460.0;59457.0;240
15009;201300016631;13;10;18;715;3;1;1;1.0;6;274;LE PEYRAT;M;4479970.0;45647.0;240
15010;201300016632;13;4;13;600;2;1;1;2.0;6;321;;M;4783515.0;725304.0;680
15011;201300016633;13;5;21;1930;1;1;1;2.0;6;375;;M;4777276.0;722606.0;680
15012;201300016634;13;6;26;300;3;1;1;1.0;6;375;;M;4781000.0;727182.0;680
15013;201300016635;13;6;30;630;2;1;1;1.0;6;375;;M;4783085.0;727870.0;680
15014;201300016636;13;7;2;1200;1;2;1;1.0;3;375;RD19;M;4781479.0;724126.0;680
15015;201300016637;13;9;30;800;1;2;1;1.0;6;375;14 rue de Mulhouse;M;4781100.0;724100.0;680
15016;201300016638;13;9;27;1230;1;2;1;1.0;3;321;14 rue des fées;M;4782800.0;727000.0;680
15017;201300016639;13;10;28;1700;5;2;7;1.0;6;375;place de burstadt;M;4781300.0;723900.0;680
15018;201300016640;13;12;16;930;1;2;1;1.0;3;321;Rue de Berrwiller;M;4783300.0;724700.0;680
15019;201300016641;13;12;19;1930;5;2;1;2.0;6;321;RUE DE LA REPUBLIQUE;M;4782900.0;725100.0;680
15020;201300016642;13;4;16;130;3;1;1;1.0;6;9;;M;4532100.0;179100.0;190
15021;201300016643;13;7;13;1645;1;1;1;1.0;7;287;;M;4537300.0;197900.0;190
15022;201300016644;13;10;18;1745;1;1;1;1.0;7;236;;M;0.0;0.0;190
15023;201300016645;13;3;6;1600;1;2;3;1.0;3;512;rue du sandbuhl;M;4885400.0;760900.0;670
15024;201300016647;13;4;9;615;2;2;1;1.0;1;388;;M;0.0;0.0;670
15025;201300016649;13;6;19;845;1;1;1;1.0;1;358;;M;4891600.0;755000.0;670
15026;201300016651;13;12;23;1900;3;1;1;8.0;6;174;;M;0.0;0.0;670
15027;201300016652;13;1;4;1720;2;2;1;1.0;6;118;2, DETOLLE (BOULEVARD AN;;;;140
15028;201300016653;13;1;8;825;4;2;1;1.0;6;118;51, FALAISE (RUE DE);M;4917310.0;-35433.0;140
15029;201300016654;13;1;13;500;3;1;1;1.0;7;137;0, ROUTE NATIONALE 13;;;;140
15030;201300016655;13;1;21;1730;2;2;1;2.0;6;118;27, LEROY (BOULEVARD);M;4917140.0;-35001.0;140
15031;201300016656;13;1;22;800;2;2;1;8.0;6;118;0, POMPIDOU (BOULEVARD G;M;4918170.0;-40121.0;140
15032;201300016657;13;1;24;1530;1;2;1;1.0;1;118;2, BERTRAND (BOULEVARD);M;4917880.0;-36492.0;140
15033;201300016658;13;1;24;2100;4;2;1;1.0;6;118;1, BECQUEREL (BOULEVARD;M;4921120.0;-36264.0;140
15034;201300016659;13;1;31;1950;5;2;1;1.0;2;242;RD 7 (DE CAEN A DOUVRES;M;4921460.0;-36521.0;140
15035;201300016660;13;2;6;1420;1;2;1;1.0;3;437;0, RD 613;M;4916330.0;-30311.0;140
15036;201300016661;13;2;6;2330;5;2;1;1.0;2;118;49, HARCOURT (AVENUE D');;;;140
15037;201300016662;13;2;5;900;1;2;1;1.0;3;118;22, COPERNIC (AVENUE NIC;;;;140
15038;201300016663;13;2;5;1800;2;2;1;1.0;6;327;306, HAUTE FOLIE (BOULEV;;;;140
15039;201300016664;13;2;11;2200;3;1;1;1.0;2;341;ECHANGEUR N  12 ( IFS );M;4914470.0;-36215.0;140
15040;201300016665;13;2;12;1055;1;2;1;1.0;6;118;12, PEMAGNIE(RUE);M;4918360.0;-36919.0;140
15041;201300016666;13;2;11;1230;1;2;3;1.0;6;118;0, GEOLE (RUE DE);M;4918420.0;-36154.0;140
15042;201300016667;13;2;16;110;5;2;2;1.0;3;327;0, CD N  60;;;;140
15043;201300016668;13;2;16;600;5;1;1;1.0;6;437;ECHANGEUR N  01 ( PORTE;M;4916860.0;-30232.0;140
15044;201300016669;13;2;15;1720;1;2;1;1.0;2;181;0, ECHANGEUR N  15 ( VAL;;;;140
15045;201300016670;13;2;18;1520;1;2;2;1.0;3;167;1, STOCKHOLM (RUE DE);M;4920660.0;-29873.0;140
15046;201300016671;13;2;19;1835;1;2;2;1.0;6;118;0, ORESME (RUE NICOLAS D;M;4918330.0;-39973.0;140
15047;201300016672;13;2;20;1145;1;2;1;1.0;3;118;0, BERTRAND (BOULEVARD);M;4918020.0;-36771.0;140
15048;201300016673;13;2;22;1800;1;2;1;1.0;3;341;4, LAVIGERIE (RUE CARDIN;M;4916050.0;-36191.0;140
15049;201300016674;13;2;23;200;5;2;1;1.0;6;118;0, ECHANGEUR N  6 ( VALL;M;4920000.0;-37093.0;140
15050;201300016675;13;2;27;1100;1;2;1;1.0;3;118;1, BLOT (PLACE);;;;140
15051;201300016676;13;3;1;20;5;2;1;1.0;6;118;0, WEYGAND (BOULEVARD DU;M;4920510.0;-37008.0;140
15052;201300016677;13;3;5;830;1;2;2;1.0;6;118;0, SAINT JULIEN (RUE DES;M;4918520.0;-36833.0;140
15053;201300016679;13;3;21;800;1;2;1;1.0;6;118;1, COTE DE NACRE(AVENUE);;;;140
15054;201300016680;13;3;21;2340;5;2;1;1.0;6;181;POINCARE (BOULEVARD RAYM;M;4916560.0;-34259.0;140
15055;201300016681;13;3;26;1715;1;2;1;1.0;2;118;6, BRETAGNE (ROUTE DE );M;4916920.0;-40505.0;140
15056;201300016682;13;3;29;1315;1;2;1;1.0;5;437;ECHANGEUR N  02 ( MONTAL;M;4918010.0;-32346.0;140
15057;201300016683;13;4;13;1635;1;2;3;2.0;3;437;COPERNIC (AVENUE DE);M;4916420.0;-32841.0;140
15058;201300016684;13;4;16;2325;5;2;1;1.0;6;118;116, LYAUTEY (BOULEVARD;M;4916800.0;-36236.0;140
15059;201300016685;13;4;27;1615;1;2;1;1.0;2;118;0, MONTALIVET (COURS);M;4917950.0;-34171.0;140
15060;201300016686;13;4;29;1955;1;2;3;1.0;3;118;0, EGLISE (RUE DE L');M;4918770.0;-40588.0;140
15061;201300016687;13;4;29;2155;5;1;1;1.0;3;118;0, RN 814;M;4919580.0;-39851.0;140
15062;201300016689;13;5;4;10;5;2;1;1.0;6;118;56, BAYEUX (RUE DE;M;4918290.0;-37788.0;140
15063;201300016690;13;5;9;1730;1;2;3;1.0;6;437;38, PASTEUR (RUE);M;4917780.0;-32788.0;140
15064;201300016693;13;6;4;2010;1;2;3;1.0;2;118;44, VENDEUVRE (QUAI);M;4918200.0;-35355.0;140
15065;201300016694;13;6;4;1730;1;2;1;1.0;5;437;0, ETOILE (ZAC DE L );M;4916530.0;-29635.0;140
15066;201300016695;13;6;10;1025;1;2;1;1.0;3;118;41, TASSIGNY (AVENUE DE;;;;140
15067;201300016696;13;6;13;200;5;2;1;1.0;6;118;143, AUGE (RUE D');M;4917490.0;-34448.0;140
15068;201300016697;13;6;16;45;5;2;1;1.0;6;167;LIBERTE (AVENUE DE LA);M;4920260.0;-29664.0;140
15069;201300016698;13;6;18;920;1;2;1;1.0;6;118;JUIN (BOULEVARD MARECHAL;M;4920310.0;-39079.0;140
15070;201300016699;13;6;21;1540;1;2;1;1.0;6;118;103 AVENUE DE TOURVILLE;M;4918500.0;-34503.0;140
15071;201300016701;13;6;26;1000;1;1;6;1.0;1;271;0, HARCOURT (ROUTE D');M;4913920.0;-37628.0;140
15072;201300016702;13;6;28;2330;5;2;2;1.0;3;118;RUE D'AUTHIE;M;4918630.0;-39130.0;140
15073;201300016705;13;6;27;1350;1;2;1;1.0;6;118;0, COURSEULLES (AVENUE D;M;4920500.0;-37578.0;140
15074;201300016706;13;7;1;1850;1;2;1;1.0;2;101;20, BRETAGNE (ROUTE DE );;;;140
15075;201300016707;13;7;6;2000;1;1;1;1.0;2;341;0, FALAISE (ROUTE DE);;;;140
15076;201300016708;13;7;9;1500;1;2;1;1.0;2;181;1, ECHANGEUR N? 15 ( VAL;;;;140
15077;201300016709;13;7;15;1510;1;2;3;1.0;3;118;DELIVRANDE (RUE DE LA);;;;140
15078;201300016710;13;7;13;2340;5;1;1;1.0;3;118;1, DOUVRES (ROUTE DE. CD;;;;140
15079;201300016711;13;7;13;800;2;2;1;1.0;7;327;HALAGE (CHEMIN DU);;;;140
15080;201300016712;13;7;24;2030;1;1;1;1.0;7;341;0, ECHANGEUR N? 13 ( POR;;;;140
15081;201300016715;13;6;20;1830;1;2;1;1.0;3;341;40 RUE DES SABLONNETTES;M;4915430.0;-35330.0;140
15082;201300016716;13;8;6;1610;1;2;1;1.0;6;118;157, BASSE (RUE >= 93 IM;;;;140
15083;201300016717;13;6;30;20;5;2;2;1.0;3;118;QUAI VENDEUVRE;M;4918370.0;-35701.0;140
15084;201300016718;13;8;10;1145;1;2;1;1.0;6;437;122, ZOLA (RUE EMILE);;;;140
15085;201300016719;13;8;11;1100;1;2;1;1.0;3;118;1, MOUNTBATTEN (AVENUE D;;;;140
15086;201300016720;13;8;14;2345;3;1;1;1.0;6;383;1, R.D. 405;;;;140
15087;201300016721;13;8;20;415;5;1;1;1.0;7;118;28, BEAULIEU (RUE DE);;;;140
15088;201300016722;13;8;23;15;3;1;1;1.0;6;271;1, HARCOURT (ROUTE D');;;;140
15089;201300016723;13;8;31;530;5;2;1;1.0;6;118;23, BAYEUX (RUE DE  <= 1;;;;140
15090;201300016724;13;9;4;1945;1;2;1;1.0;6;118;3, AVIATION (RUE DE L');;;;140
15091;201300016726;13;9;9;1645;1;2;1;1.0;6;118;0, COPERNIC (AVENUE NICO;;;;140
15092;201300016727;13;9;12;2045;5;2;1;1.0;6;118;200, CAPONIERE (RUE <=;;;;140
15093;201300016728;13;9;14;1615;1;2;1;1.0;6;587;1, SOLOGNE (RUE DE);;;;140
15094;201300016729;13;9;20;1730;1;2;1;1.0;2;327;PERIPHERIQUE (BOULEVARD);;;;140
15095;201300016730;13;9;24;1810;1;1;1;1.0;5;118;ROUTE NATIONALE 814;;;;140
15096;201300016731;13;9;26;1740;1;2;3;1.0;3;327;99, COLOMBELLES CD226 (R;;;;140
15097;201300016732;13;9;27;1340;1;2;1;1.0;3;118;0, FALAISE (RUE DE >=144;;;;140
15098;201300016733;13;9;27;1205;1;2;2;1.0;3;327;0, GARBSEN (AVENUE DE);;;;140
15099;201300016734;13;10;2;1630;1;2;6;1.0;2;118;0, RICHEMOND (BOULEVARD);;;;140
15100;201300016735;13;10;2;1540;1;2;2;1.0;6;118;0, EUDES (RUE JEAN);;;;140
15101;201300016736;13;10;4;1600;1;1;1;1.0;2;271;ECHANGEUR N? 11 ( SUISSE;;;;140
15102;201300016737;13;10;4;1745;1;2;1;1.0;6;118;0, MOULIN (Boulevard Jea;;;;140
15103;201300016738;13;10;8;840;1;2;3;1.0;3;118;0, MOUNTBATTEN (AVENUE D;;;;140
15104;201300016739;13;10;10;750;5;2;1;1.0;2;118;0, DEMI LUNE (PLACE DE L;;;;140
15105;201300016740;13;10;11;755;2;1;2;2.0;5;587;1, CD N?  126 (LASSON >;;;;140
15106;201300016741;13;10;28;1630;1;2;1;2.0;6;118;99, CHEMIN VERT (RUE DU;;;;140
15107;201300016742;13;11;7;905;1;2;1;2.0;6;118;1, POMPIDOU (BOULEVARD G;;;;140
15108;201300016743;13;11;8;1155;1;2;2;2.0;3;118;0, AUTHIE (<=N?106 PAIRS;;;;140
15109;201300016744;13;11;11;2125;5;2;1;1.0;1;341;0, BLACK WATCH (AVENUE D;;;;140
15110;201300016745;13;11;13;1500;1;2;1;1.0;2;118;101, CHEMIN VERT (RUE DU;;;;140
15111;201300016746;13;11;15;905;1;2;2;1.0;1;118;0, AUTHIE (>=N? 106 PAIR;;;;140
15112;201300016747;13;11;23;540;5;2;1;1.0;6;118;52, COURTONNE (PLACE);;;;140
15113;201300016748;13;11;26;900;1;2;1;1.0;6;118;2, VAUCELLES (RUE DE);;;;140
15114;201300016749;13;11;22;1400;1;2;1;2.0;6;118;12, COTY (AVENUE DU PRES;;;;140
15115;201300016750;13;11;29;1800;5;2;1;1.0;6;118;129, AUTHIE (>=N? 106 PA;;;;140
15116;201300016751;13;12;1;300;5;2;1;1.0;6;327;0, CD N? 515 (ROUTE DE O;;;;140
15117;201300016752;13;11;30;915;1;2;2;8.0;1;118;0, JUIN (BOULEVARD MAREC;;;;140
15118;201300016753;13;11;19;955;1;2;1;1.0;7;118;01, LOUVEL (ESPLANADE JE;;;;140
15119;201300016754;13;12;10;1755;1;2;1;1.0;3;327;01, SIETTES (RUE DES);;;;140
15120;201300016755;13;12;16;1025;1;2;1;1.0;1;118;1, LECLERC (BOULEVARD MA;;;;140
15121;201300016757;13;12;16;2150;5;2;1;1.0;6;437;EMILE ZOLA (RUE);;;;140
15122;201300016758;13;12;26;1410;1;2;1;1.0;6;118;41, FALAISE (RUE DE  <=9;;;;140
15123;201300016759;13;12;28;1950;5;2;1;1.0;4;341;993, CAEN (RUE DE);;;;140
15124;201300016760;13;2;11;1945;3;1;1;3.0;6;269;;M;0.0;0.0;310
15125;201300016761;13;4;24;1530;1;1;1;1.0;1;547;route de labastidette;M;4349056.0;128210.0;310
15126;201300016762;13;4;29;1700;1;2;2;1.0;3;117;PLATANES (AVENUE DES);M;4929370.0;-11217.0;140
15127;201300016763;13;5;29;1115;1;2;6;1.0;6;117;02, POINCAREttt;M;4929050.0;-11510.0;140
15128;201300016764;13;7;6;1955;1;2;3;1.0;3;225;20, PORT (RUE DU);;;;140
15129;201300016765;13;7;31;1810;1;2;1;1.0;2;117;94, GUILLAUME LE CONQUER;;;;140
15130;201300016766;13;8;5;1755;1;2;2;1.0;3;117;1, GUILLAUME LE CONQUERA;;;;140
15131;201300016767;13;8;6;1700;1;2;1;1.0;6;225;81, GAULLE (RUE DU GAL);;;;140
15132;201300016768;13;8;10;1950;1;2;3;1.0;3;225;CLAUS (RUE DES FRERES);;;;140
15133;201300016769;13;8;15;1145;1;2;3;1.0;3;338;0, JACQUES LANDRY (BOULE;;;;140
15134;201300016770;13;8;18;720;1;1;1;2.0;6;225;SARLABOT (COTE);;;;140
15135;201300016771;13;9;12;815;1;2;2;1.0;6;225;RESISTANTS (AVENUE DES);;;;140
15136;201300016772;13;9;25;1800;1;2;1;1.0;7;117;1, GENERAL LECLERC (AVEN;;;;140
15137;201300016773;13;9;27;1500;1;1;1;1.0;5;338;1, TROUVILLE (ROUTE DE);;;;140
15138;201300016774;13;11;30;1325;1;2;3;1.0;3;225;HETTSTEDT (AVENUE DE);;;;140
15139;201300016775;13;12;22;1745;5;2;4;3.0;3;117;CHARLES DE GAULLE (AVENU;;;;140
15140;201300016777;13;2;26;1815;2;1;1;1.0;5;356;;M;4383007.0;442239.0;300
15141;201300016778;13;4;30;2245;3;1;1;2.0;3;60;;M;4377720.0;439799.0;300
15142;201300016779;13;5;4;1915;1;2;1;1.0;1;34;chemin de la bouvine;M;4375570.0;452047.0;300
15143;201300016780;13;5;8;1115;1;1;6;1.0;3;117;;M;4370742.0;455420.0;300
15144;201300016781;13;6;11;1715;1;1;1;1.0;3;47;;M;4380954.0;440198.0;300
15145;201300016782;13;6;21;1345;1;2;1;1.0;3;125;rue de Bouillargues;M;4377185.0;442757.0;300
15146;201300016783;13;6;26;1030;1;1;1;1.0;2;60;;M;4379172.0;437317.0;300
15147;201300016784;13;6;28;1315;1;2;1;1.0;6;34;route de Beaucaire;M;4375769.0;451878.0;300
15148;201300016785;13;7;13;430;3;1;1;1.0;2;117;;M;4371271.0;454892.0;300
15149;201300016786;13;9;11;1830;1;2;1;1.0;1;135;D 999;M;4383037.0;456379.0;300
15150;201300016787;13;10;14;900;1;1;1;1.0;4;117;;M;4369270.0;460381.0;300
15151;201300016788;13;11;4;1145;1;1;1;1.0;2;34;;M;4371800.0;445978.0;300
15152;201300016789;13;11;15;1745;1;1;5;8.0;3;34;;M;4374803.0;452076.0;300
15153;201300016790;13;11;19;715;2;1;1;1.0;6;117;;M;4371005.0;454950.0;300
15154;201300016791;13;11;25;1830;3;1;6;6.0;3;47;;M;4379107.0;443102.0;300
15155;201300016792;13;12;19;1900;3;1;1;2.0;1;34;;M;4373286.0;0.0;300
15156;201300016793;13;6;30;1800;1;1;1;7.0;1;188;;M;0.0;0.0;80
15157;201300016794;13;9;11;730;2;1;1;2.0;1;302;;M;4987090.0;472750.0;80
15158;201300016795;13;12;3;945;1;1;1;9.0;7;218;;M;0.0;0.0;80
15159;201300016796;13;12;5;1645;2;2;1;2.0;6;3;RUE AMBROISE CROIZAT;M;4981790.0;476438.0;80
15160;201300016797;13;4;25;1715;1;1;3;1.0;1;125;;M;4981600.0;459052.0;80
15161;201300016798;13;7;18;1615;1;1;2;1.0;3;137;;M;4978560.0;465825.0;80
15162;201300016799;13;11;6;1145;1;2;3;2.0;6;457;RUE DE LA GARE;M;4979440.0;463656.0;80
15163;201300016800;13;12;16;1915;3;1;1;1.0;1;497;;M;4976090.0;463179.0;80
15164;201300016801;13;11;23;1830;3;2;1;8.0;7;84;RD 925;M;0.0;0.0;80
15165;201300016802;13;9;4;1745;1;1;1;1.0;6;419;;M;0.0;0.0;80
15166;201300016803;13;6;8;715;2;1;1;1.0;6;214;;M;0.0;0.0;80
15167;201300016804;13;3;9;700;1;2;1;1.0;6;488;RUE TAMBARCH DIETARZ;M;4973400.0;483554.0;80
15168;201300016805;13;12;17;730;2;1;9;9.0;7;193;;M;4950020.0;452474.0;80
15169;201300016806;13;7;4;745;1;1;1;1.0;3;535;PR;M;4811081.0;508594.0;520
15170;201300016807;13;1;5;1230;1;1;1;8.0;7;128;;M;4820210.0;526600.0;520
15171;201300016808;13;7;6;400;5;2;1;1.0;7;208;D417;M;4793909.0;583465.0;520
15172;201300016809;13;9;6;1415;1;2;2;7.0;3;914;INTERSECTION D74 ET D10;M;4799945.0;548731.0;520
15173;201300016810;13;12;1;1545;1;1;1;1.0;7;461;;M;4801209.0;541084.0;520
15174;201300016811;13;1;29;1134;1;2;2;1.0;3;536;1, EGLISE (PLACE DE L');;;;140
15175;201300016812;13;4;8;1711;1;2;1;1.0;6;333;BREARD (RUE CHARLES PAUL;M;4941820.0;23309.0;140
15176;201300016813;13;5;1;1444;1;2;1;7.0;7;333;20, LEPAULMIER (QUAI);M;4941860.0;23740.0;140
15177;201300016814;13;5;26;1903;1;1;1;1.0;6;1;29, LES VATS;;;;140
15178;201300016815;13;6;2;1210;1;2;9;7.0;2;333;CD513;;;;140
15179;201300016816;13;6;4;1750;1;1;4;1.0;7;1;CD 140;;;;140
15180;201300016818;13;6;13;1807;1;2;7;1.0;7;1;PL DU DOCTEUR DEBEYRE;M;4939260.0;29558.0;140
15181;201300016819;13;6;23;1530;1;2;2;1.0;3;536;CANTELOUP (AVENUE DU);M;4940870.0;24692.0;140
15182;201300016820;13;7;24;1930;1;2;1;2.0;7;333;3, TOUR (QUAI DE LA);;;;140
15183;201300016822;13;7;20;2115;1;1;1;1.0;6;243;143, REINE (CHEMIN VAL;;;;140
15184;201300016823;13;8;6;2035;1;1;1;1.0;4;536;CD 580;;;;140
15185;201300016824;13;8;10;1240;1;2;1;7.0;4;333;6, VASES (RUE DES);;;;140
15186;201300016825;13;8;27;1310;1;2;1;1.0;6;333;14, BRULEE (RUE);;;;140
15187;201300016826;13;9;14;1840;1;2;1;8.0;3;333;5, ROUILLIE (RUE E.);;;;140
15188;201300016827;13;9;21;2345;3;2;1;1.0;7;333;0, MONTS (CHEMIN DES);;;;140
15189;201300016828;13;11;5;1025;1;1;1;3.0;5;304;C D 579;;;;140
15190;201300016829;13;12;7;955;1;2;1;1.0;2;333;2, MONTPENSIER (RUE);;;;140
15191;201300016830;13;12;11;1110;1;2;6;7.0;7;333;CD 580;;;;140
15192;201300016833;13;12;24;1205;1;2;1;2.0;6;333;JEAN DE VIENNE (COURS);;;;140
15193;201300016834;13;7;27;1300;1;1;1;1.0;7;405;mis milieu;M;4768819.0;527575.0;520
15194;201300016835;13;2;1;1715;2;1;1;3.0;1;442;;M;4842314.0;514553.0;520
15195;201300016836;13;5;25;1945;1;2;1;1.0;6;177;59 rue de pougny;M;4832608.0;519901.0;520
15196;201300016837;13;9;7;530;3;1;1;2.0;1;250;;M;4843340.0;515227.0;520
15197;201300016838;13;8;23;645;1;1;1;1.0;6;97;;M;0.0;0.0;480
15198;201300016839;13;9;1;1600;3;1;1;1.0;6;67;;M;0.0;0.0;480
15199;201300016840;13;9;15;1515;1;1;1;1.0;6;148;;M;0.0;0.0;480
15200;201300016841;13;5;15;1130;1;1;1;3.0;6;138;;M;0.0;0.0;480
15201;201300016842;13;9;16;1745;1;1;1;2.0;3;185;;M;4450000.0;326400.0;480
15202;201300016843;13;10;27;1030;1;2;1;1.0;6;34;Place du Pr? Commun;M;0.0;0.0;480
15203;201300016844;13;11;18;815;1;1;1;8.0;1;34;;M;0.0;0.0;480
15204;201300016845;13;6;8;1945;1;1;1;2.0;6;183;;M;0.0;0.0;480
15205;201300016847;13;8;16;945;1;1;1;1.0;7;76;;M;4471900.0;334200.0;480
15206;201300016848;13;11;15;1330;1;1;1;4.0;7;132;;M;4477500.0;338700.0;480