;Num_Acc;an;mois;jour;hrmn;lum;agg;int;atm;col;com;adr;gps;lat;long;dep
15207;201300016849;13;11;19;1800;3;1;1;3.0;6;128;;M;4478100.0;331800.0;480
15208;201300016850;13;12;6;1100;1;2;7;1.0;6;9;Place de la Mairie;M;4472600.0;328400.0;480
15209;201300016851;13;12;28;1915;3;1;1;2.0;1;330;;M;0.0;0.0;300
15210;201300016852;13;3;29;730;1;1;3;1.0;3;139;D952;M;0.0;0.0;370
15211;201300016853;13;4;14;2100;5;2;1;1.0;6;84;Les Gares;M;0.0;0.0;370
15212;201300016854;13;8;6;1800;1;2;1;1.0;1;237;32 rue de la Picherie;M;0.0;0.0;370
15213;201300016855;13;10;10;1445;1;1;2;1.0;1;84;;M;0.0;0.0;370
15214;201300016856;13;10;29;1700;1;1;1;1.0;6;62;LE PETIT BOIS;M;0.0;0.0;370
15215;201300016858;13;2;1;745;2;1;2;2.0;1;8;;M;0.0;0.0;370
15216;201300016859;13;4;19;2315;5;2;1;1.0;3;27;avenue andre delaunay;M;0.0;0.0;370
15217;201300016860;13;7;24;315;4;1;1;1.0;6;91;;M;0.0;0.0;370
15218;201300016861;13;7;28;230;4;2;1;1.0;6;91;87 rue d'Amboise;M;0.0;0.0;370
15219;201300016862;13;8;10;15;3;1;1;9.0;6;156;;M;0.0;0.0;370
15220;201300016863;13;9;4;845;1;2;1;7.0;6;273;18 rue Sarah Bernhardt;M;0.0;0.0;370
15221;201300016864;13;10;16;1745;1;1;1;8.0;1;156;face camping municipal;M;0.0;0.0;370
15222;201300016865;13;10;18;2245;3;1;1;1.0;6;75;;M;0.0;0.0;370
15223;201300016866;13;10;30;745;1;2;2;2.0;3;156;Rue du saule Michaud;M;0.0;0.0;370
15224;201300016867;13;11;4;1845;5;2;1;2.0;1;27;AVENUE DE L EUROPE;M;0.0;0.0;370
15225;201300016868;13;11;14;1845;3;1;1;1.0;6;225;;M;0.0;0.0;370
15226;201300016869;13;12;15;600;5;2;1;1.0;6;79;LIEU DIT LES VAULX;M;0.0;0.0;370
15227;201300016870;13;12;21;1930;3;1;1;2.0;1;79;;M;0.0;0.0;370
15228;201300016871;13;4;8;1915;1;1;1;1.0;1;194;;M;0.0;0.0;370
15229;201300016872;13;5;6;2015;1;1;1;1.0;1;281;;M;0.0;0.0;370
15230;201300016873;13;12;5;1945;3;1;1;1.0;3;10;;M;0.0;0.0;370
15231;201300016875;13;11;8;1830;5;2;1;2.0;6;366;4, DOCTEUR PAUL OUVRY (R;;;;140
15232;201300016876;13;11;13;2000;3;1;1;1.0;1;487;CD 48;;;;140
15233;201300016877;13;11;25;810;2;2;1;2.0;6;366;48, PAUL BANASTON (RUE);;;;140
15234;201300016878;13;12;5;2120;3;1;1;2.0;6;69;0, SAP (ROUTE DU);;;;140
15235;201300016879;13;12;9;745;2;2;1;1.0;6;69;ORBEC (ROUTE D');;;;140
15236;201300016880;13;12;10;1045;1;2;1;1.0;6;366;80, VICTOR HUGO (AVENUE);;;;140
15237;201300016881;13;12;17;900;1;2;1;1.0;7;69;3, CLAQUE PEPIN;;;;140
15238;201300016883;13;12;23;1830;5;2;3;6.0;6;366;26, SAINTE ANNE (BOULEVA;;;;140
15239;201300016884;13;12;26;1510;1;2;3;1.0;3;366;27, DOCTEUR PAUL OUVRY (;;;;140
15240;201300016885;13;12;28;915;1;2;2;1.0;6;366;2, CARNOT (BOULEVARD);;;;140
15241;201300016886;13;1;10;755;5;2;1;2.0;6;366;28, PAUL CORNU ( RD48 RU;M;4916240.0;21995.0;140
15242;201300016887;13;1;12;1350;1;2;1;1.0;3;303;0, AUGUSTIN FRESNEL;M;4914370.0;27285.0;140
15243;201300016888;13;1;16;1515;1;2;3;1.0;3;69;0, SAP (ROUTE DU);M;4913010.0;24749.0;140
15244;201300016889;13;1;20;1725;2;1;1;4.0;7;574;0, DIVES (D.45 ROUTE DE);M;4915280.0;20024.0;140
15245;201300016890;13;1;30;1345;1;2;1;1.0;2;69;0, LOGES (CHEMIN DES);;;;140
15246;201300016891;13;1;31;1135;1;2;6;2.0;6;366;61, SAINTE ANNE (BOULEVA;M;4914400.0;22119.0;140
15247;201300016892;13;2;2;1915;5;2;1;1.0;1;366;0, AUGUSTIN FRESNEL;;;;140
15248;201300016893;13;2;4;745;5;1;3;1.0;5;487;0, EGLISE (ROUTE);;;;140
15249;201300016894;13;2;9;1855;5;2;2;2.0;6;366;2, LOUIS PASTEUR (BOULEV;M;4914790.0;22498.0;140
15250;201300016895;13;2;16;1540;1;2;4;1.0;6;366;0, POINT DE VUE (CHEMIN;;;;140
15251;201300016897;13;3;18;1235;1;2;1;2.0;7;366;0, PRE D'AUGE (RUE DU);;;;140
15252;201300016898;13;3;19;1045;1;2;1;1.0;6;366;61, SAINTE ANNE (BOULEVA;M;4914380.0;22150.0;140
15253;201300016899;13;3;26;1220;1;2;1;1.0;6;366;0, AUGUSTIN FRESNEL;;;;140
15254;201300016900;13;4;3;1000;1;2;1;1.0;2;366;58, GENERAL LECLERC (RUE;M;4915150.0;22395.0;140
15255;201300016901;13;4;7;1755;1;2;1;1.0;6;366;30, CARMEL (RUE DU);;;;140
15256;201300016902;13;4;8;1000;1;1;1;1.0;6;487;EGLISE (ROUTE);;;;140
15257;201300016903;13;4;9;1755;1;1;2;1.0;3;574;0, DIVES (D.45 route de);;;;140
15258;201300016904;13;4;10;1245;1;2;1;1.0;6;366;8, SAINT HIPPOLYTE (RUE);;;;140
15259;201300016905;13;4;20;1130;1;2;1;1.0;4;574;D 511 SAINT D?SIR 14100;M;4912550.0;18967.0;140
15260;201300016906;13;4;23;1535;1;2;7;1.0;6;366;44, REPUBLIQUE (PLACE DE;M;4914390.0;22392.0;140
15261;201300016908;13;4;30;1825;1;1;1;1.0;6;366;0, RD 406;M;4915580.0;23707.0;140
15262;201300016909;13;5;23;1040;1;2;1;1.0;5;366;16, PRESIDENT RENE COTY;M;4914250.0;24152.0;140
15263;201300016910;13;5;30;1235;1;2;1;2.0;6;366;105, ROGER AINI (RUE);;;;140
15264;201300016911;13;6;7;825;1;2;1;1.0;6;366;106, PAUL CORNU ( RD48 R;M;4916720.0;21888.0;140
15265;201300016912;13;6;8;1910;1;1;1;1.0;6;69;;M;4913190.0;23869.0;140
15266;201300016914;13;6;13;1925;1;2;3;1.0;3;326;80, ALEXANDRE FLEMING (R;M;4915090.0;25644.0;140
15267;201300016916;13;7;1;2005;1;2;2;1.0;3;366;47, REPUBLIQUE (PLACE DE;;;;140
15268;201300016917;13;7;5;1145;1;1;2;1.0;2;574;DIVES (D.45 route de);;;;140
15269;201300016918;13;7;9;1300;1;1;1;1.0;6;487;EGLISE (ROUTE);;;;140
15270;201300016919;13;7;18;2220;2;2;1;1.0;7;366;108, ORBEC (ROUTE D');;;;140
15271;201300016920;13;7;20;1930;1;1;3;1.0;2;366;0, Parking LECLERC;;;;140
15272;201300016921;13;7;21;1110;1;1;1;1.0;7;487;R.D 579;;;;140
15273;201300016922;13;7;29;2050;1;2;1;2.0;6;366;73, GUIZOT (RUE);;;;140
15274;201300016923;13;8;1;1555;1;2;3;1.0;3;366;14, SAINTE THERESE (AVEN;;;;140
15275;201300016924;13;8;23;1215;1;2;2;1.0;6;366;2, CAROLINE DUCHEMIN (RU;;;;140
15276;201300016925;13;8;26;1115;1;2;2;1.0;3;366;9, CARNOT (BOULEVARD);;;;140
15277;201300016926;13;8;31;1930;1;2;1;1.0;3;366;11, CRETON (RUE);;;;140
15278;201300016927;13;9;5;840;1;2;1;1.0;6;366;15, TOUQUES (RUE DE LA);;;;140
15279;201300016928;13;9;6;1800;1;2;3;1.0;4;69;105, ORBEC (ROUTE D');;;;140
15280;201300016929;13;9;7;815;1;2;1;1.0;6;366;12, TOUQUES (RUE DE LA);;;;140
15281;201300016930;13;9;7;1535;1;2;6;1.0;2;366;68, LOUIS PASTEUR (BOULE;;;;140
15282;201300016931;13;9;12;1640;1;2;3;1.0;3;366;19, NICOLAS ORESME (BOUL;;;;140
15283;201300016932;13;9;12;1725;1;2;1;1.0;3;366;6, JEAN BOUIN (RUE);;;;140
15284;201300016934;13;9;25;930;1;1;3;1.0;3;574;DIVES (D.45 route de);;;;140
15285;201300016935;13;9;26;150;4;2;1;1.0;7;366;12, NICOLAS ORESME (BOUL;;;;140
15286;201300016936;13;9;26;2120;5;2;1;1.0;7;366;29, GUIZOT (RUE);;;;140
15287;201300016937;13;10;9;1715;1;2;3;1.0;6;366;0, CHAR (RUE AU);;;;140
15288;201300016938;13;10;26;2320;5;2;1;1.0;7;366;SURCOUF (ALLEE);;;;140
15289;201300016939;13;12;6;1645;1;1;2;1.0;3;228;;M;0.0;0.0;370
15290;201300016940;13;7;31;845;1;2;1;1.0;3;123;82 rue Anne de Bretagne;M;0.0;0.0;370
15291;201300016942;13;6;15;2230;3;1;1;1.0;1;98;;M;0.0;0.0;370
15292;201300016943;13;10;16;2200;3;1;1;1.0;6;57;;M;0.0;0.0;370
15293;201300016944;13;7;6;645;2;1;1;1.0;7;19;LA RICENDELIERE;M;0.0;0.0;370
15294;201300016945;13;6;10;1630;1;1;1;1.0;1;266;ROUTE DE BALLAN;M;0.0;0.0;370
15295;201300016947;13;1;3;1830;5;2;9;8.0;5;88;place Dr Donnet;;;;870
15296;201300016948;13;4;14;1930;1;1;1;1.0;2;203;;M;0.0;0.0;870
15297;201300016949;13;6;16;1300;1;1;2;1.0;1;146;;M;0.0;0.0;870
15298;201300016950;13;8;9;1700;1;1;1;1.0;1;88;;M;0.0;0.0;870
15299;201300016951;13;2;10;200;3;1;1;2.0;1;97;;M;0.0;0.0;870
15300;201300016953;13;8;27;1930;1;1;1;1.0;6;116;;M;0.0;0.0;870
15301;201300016954;13;9;30;1545;1;1;3;1.0;5;59;;M;0.0;0.0;870
15302;201300016955;13;11;15;1030;1;1;1;8.0;5;61;;M;0.0;0.0;870
15303;201300016956;13;8;14;30;3;1;1;1.0;6;154;;M;0.0;0.0;870
15304;201300016957;13;2;2;1430;1;1;1;2.0;7;135;;M;0.0;0.0;870
15305;201300016958;13;5;11;1030;1;1;1;1.0;1;73;;M;0.0;0.0;870
15306;201300016959;13;12;12;1000;1;1;1;9.0;7;73;;M;0.0;0.0;870
15307;201300016960;13;4;15;1045;1;2;1;1.0;6;106;38 Rue Gambetta;M;0.0;0.0;870
15308;201300016961;13;6;3;1615;1;1;1;1.0;6;32;;M;0.0;0.0;870
15309;201300016962;13;6;25;1415;1;1;1;1.0;6;127;;M;4559300.0;123700.0;870
15310;201300016963;13;8;10;1615;1;1;1;1.0;3;106;;M;4565500.0;122000.0;870
15311;201300016964;13;10;3;2015;2;1;1;1.0;6;187;;M;0.0;0.0;870
15312;201300016965;13;2;16;1145;1;1;1;1.0;7;99;;M;4604434.0;177615.0;230
15313;201300016966;13;11;4;1745;5;2;3;2.0;3;30;AVENUE JOLIOT CURIE;M;0.0;0.0;230
15314;201300016969;13;10;31;1745;5;2;1;1.0;6;35;rue raymond Aucouturier;M;4622400.0;246800.0;230
15315;201300016970;13;11;19;1830;3;1;1;4.0;3;16;;M;0.0;0.0;230
15316;201300016971;13;5;11;1145;1;1;1;2.0;1;241;;M;0.0;0.0;230
15317;201300016972;13;9;1;1515;1;1;1;1.0;6;131;;M;0.0;0.0;230
15318;201300016974;13;3;4;745;2;1;1;1.0;7;52;;M;4528086.0;-10397.0;170
15319;201300016976;13;5;25;1045;1;2;1;1.0;6;434;Rue Eugene biraud;M;4611074.0;-75692.0;170
15320;201300016977;13;2;3;630;3;1;1;1.0;5;336;;M;4579800.0;-73200.0;170
15321;201300016978;13;8;25;1830;1;1;1;2.0;5;391;;M;4820853.0;194600.0;280
15322;201300016979;13;11;5;1230;1;1;1;2.0;6;259;;M;0.0;0.0;280
15323;201300016980;13;2;16;1745;2;1;1;1.0;6;232;;M;0.0;0.0;280
15324;201300016981;13;2;7;1745;1;1;1;8.0;6;238;;M;0.0;0.0;270
15325;201300016982;13;3;20;800;2;1;1;9.0;7;570;;M;4904100.0;104000.0;270
15326;201300016983;13;5;4;1945;1;1;1;1.0;7;472;;M;4918100.0;143000.0;270
15327;201300016984;13;8;28;1715;1;1;1;1.0;3;165;;M;4857200.0;55400.0;270
15328;201300016985;13;8;30;2230;4;1;6;1.0;6;451;;M;0.0;0.0;270
15329;201300016986;13;10;2;1730;1;2;1;1.0;2;229;boulevard du 14 juillet;M;0.0;0.0;270
15330;201300016987;13;10;5;1545;1;1;1;1.0;1;306;;M;0.0;0.0;270
15331;201300016988;13;11;4;1415;1;1;1;1.0;6;439;;M;0.0;0.0;270
15332;201300016989;13;12;10;1745;3;1;1;5.0;1;287;;M;0.0;0.0;270
15333;201300016990;13;12;10;1630;1;1;1;9.0;1;678;;M;0.0;0.0;270
15334;201300016991;13;12;13;730;3;1;1;5.0;1;238;;M;0.0;0.0;270
15335;201300016992;13;12;23;2245;3;2;1;6.0;6;436;2 rue de conches;M;0.0;0.0;270
15336;201300016993;13;4;18;1745;1;1;1;1.0;3;693;;M;4853200.0;105200.0;270
15337;201300016994;13;9;24;1300;1;1;1;1.0;3;293;;M;0.0;0.0;270
15338;201300016995;13;2;6;1845;3;1;1;2.0;6;679;;M;4873700.0;93300.0;270
15339;201300016996;13;6;26;1845;1;1;1;1.0;5;679;;M;4844300.0;50300.0;270
15340;201300016997;13;8;14;1430;1;1;3;1.0;3;69;;M;0.0;0.0;270
15341;201300016999;13;8;20;845;1;1;1;1.0;2;679;;M;4875600.0;94200.0;270
15342;201300017001;13;11;17;600;3;2;1;1.0;6;265;;M;4879300.0;85600.0;270
15343;201300017002;13;1;24;1115;1;2;1;1.0;6;414;24 rue Grande;M;4856100.0;28400.0;270
15344;201300017005;13;7;7;600;1;1;1;5.0;6;608;;M;4906400.0;49600.0;270
15345;201300017006;13;7;27;100;3;1;1;1.0;6;207;;M;4906400.0;28000.0;270
15346;201300017007;13;8;3;1915;1;1;2;7.0;3;608;;M;4904200.0;31100.0;270
15347;201300017008;13;8;15;1730;1;1;1;1.0;1;46;;M;4918400.0;54000.0;270
15348;201300017009;13;8;27;1815;1;2;1;1.0;1;608;RD 22 lieu dit Les Mares;M;4904000.0;31000.0;270
15349;201300017011;13;10;20;100;3;2;1;1.0;1;56;c?te de Beaumesnil;M;0.0;0.0;270
15350;201300017013;13;12;6;2015;5;2;1;1.0;1;56;boulevard sylla lefevre;M;0.0;0.0;270
15351;201300017014;13;1;19;1645;1;1;1;1.0;1;290;;M;4908100.0;47100.0;270
15352;201300017015;13;1;28;745;2;1;1;1.0;5;536;;M;4914500.0;47000.0;270
15353;201300017016;13;3;5;1600;1;2;1;1.0;3;116;rue des fontaines;M;4911300.0;42200.0;270
15354;201300017017;13;4;8;1800;1;1;1;1.0;3;49;;M;4901000.0;41400.0;270
15355;201300017018;13;8;17;1400;1;1;3;1.0;3;444;;M;0.0;0.0;270
15356;201300017019;13;9;13;1015;1;1;1;2.0;7;290;;M;0.0;0.0;270
15357;201300017021;13;9;30;1845;1;1;1;2.0;1;292;;M;0.0;0.0;270
15358;201300017022;13;11;29;1830;5;2;9;2.0;3;116;RD 438;M;0.0;0.0;270
15359;201300017023;13;12;11;200;3;1;1;1.0;6;50;;M;4909500.0;76200.0;270
15360;201300017024;13;6;6;1900;1;2;1;1.0;2;214;Intersection 6014/14bis;M;4918200.0;126100.0;270
15361;201300017025;13;4;8;930;1;1;1;2.0;1;636;;M;4915400.0;58100.0;270
15362;201300017026;13;4;13;1430;1;1;2;1.0;5;511;;M;4909300.0;100000.0;270
15363;201300017027;13;5;29;2000;2;1;1;1.0;3;579;;M;4914000.0;57100.0;270
15364;201300017028;13;7;19;2345;3;1;1;1.0;1;219;;M;0.0;0.0;270
15365;201300017029;13;9;8;2000;2;2;1;1.0;7;11;CV4;M;0.0;0.0;270
15366;201300017030;13;9;29;1815;2;1;1;3.0;1;511;;M;0.0;0.0;270
15367;201300017031;13;4;21;630;2;1;1;5.0;1;263;;M;4922300.0;33200.0;270
15368;201300017032;13;10;5;1945;3;1;1;1.0;2;415;;M;0.0;0.0;270
15369;201300017033;13;6;10;1600;1;1;1;1.0;3;46;;M;0.0;0.0;40
15370;201300017034;13;7;20;1800;1;1;1;2.0;1;236;;M;4393600.0;662800.0;40
15371;201300017035;13;11;11;1745;3;1;1;1.0;6;76;;M;0.0;0.0;40
15372;201300017036;13;3;9;945;1;1;1;1.0;2;6;;M;4427500.0;658000.0;40
15373;201300017037;13;9;17;1045;1;1;1;1.0;3;173;;M;0.0;0.0;40
15374;201300017038;13;1;29;1545;1;2;1;8.0;6;184;route du col de St Jurs;M;4391050.0;623379.0;40
15375;201300017039;13;10;7;1500;1;1;1;1.0;1;124;;M;0.0;0.0;40
15376;201300017040;13;10;11;1115;1;1;2;1.0;3;135;;M;0.0;0.0;40
15377;201300017041;13;10;31;1715;2;2;1;1.0;7;4;;M;0.0;0.0;40
15378;201300017042;13;11;6;1100;1;2;1;1.0;6;4;notre dame des graces;M;0.0;0.0;40
15379;201300017043;13;12;4;1500;1;2;3;1.0;3;135;Avenue frederic  mistral;M;0.0;0.0;40
15380;201300017044;13;1;2;1000;1;1;1;1.0;7;138;;M;0.0;0.0;40
15381;201300017045;13;1;26;930;1;1;1;1.0;3;242;;M;0.0;0.0;40
15382;201300017046;13;2;2;2330;3;1;1;1.0;7;111;;M;0.0;0.0;40
15383;201300017048;13;4;30;1900;1;2;1;1.0;1;111;Chemin de l'esp?rance;M;4393763.0;576583.0;40
15384;201300017049;13;5;26;700;1;1;1;1.0;3;88;;M;0.0;0.0;40
15385;201300017050;13;6;18;1530;1;1;1;1.0;3;242;;M;0.0;0.0;40
15386;201300017051;13;6;21;2115;1;1;1;1.0;6;192;;M;0.0;0.0;40
15387;201300017053;13;10;16;930;1;1;3;1.0;3;242;;M;4389348.0;587476.0;40
15388;201300017054;13;11;13;1845;5;1;1;1.0;5;242;;M;0.0;0.0;40
15389;201300017055;13;12;19;1730;3;2;1;3.0;7;88;AVENUE SAINT PROMASSE;M;0.0;0.0;40
15390;201300017056;13;12;29;915;1;1;1;9.0;7;111;;M;0.0;0.0;40
15391;201300017057;13;7;27;215;3;1;1;1.0;6;169;;M;4407863.0;565842.0;40
15392;201300017058;13;4;16;1230;1;1;2;1.0;3;49;;M;0.0;0.0;40
15393;201300017059;13;5;3;1245;1;1;1;1.0;3;49;;M;4408208.0;600501.0;40
15394;201300017060;13;8;12;1330;1;1;2;1.0;3;576;;M;4498870.0;78224.0;240
15395;201300017061;13;1;30;1300;1;1;1;1.0;7;540;LE PAVILLON;M;4527600.0;82600.0;240
15396;201300017062;13;7;15;1000;1;2;1;1.0;7;120;LES ANDREAUX;M;4529040.0;114819.0;240
15397;201300017063;13;11;21;1845;5;1;1;3.0;1;103;;M;4519500.0;87985.0;240
15398;201300017064;13;11;29;1830;3;1;1;1.0;2;135;LES TAVERNES;M;4524402.0;79416.0;240
15399;201300017065;13;4;12;945;1;1;1;1.0;1;222;LES JUSTICES;M;4485610.0;36446.0;240
15400;201300017066;13;5;13;2245;3;1;1;1.0;6;197;LA BOULE;M;4491305.0;44573.0;240
15401;201300017067;13;5;27;1500;1;1;1;1.0;7;182;LE GENDRE;M;4487430.0;26224.0;240
15402;201300017068;13;6;18;1630;1;1;1;3.0;7;155;PONT SAINT MAMET;M;4496737.0;58732.0;240
15403;201300017069;13;7;13;1000;1;1;1;1.0;3;234;LES BOUYGUES;M;4497210.0;40369.0;240
15404;201300017071;13;3;9;2130;3;1;1;1.0;6;311;ROUTE DE ST MARTIN;M;4553758.0;65910.0;240
15405;201300017072;13;8;1;2245;3;1;1;1.0;7;548;BELLEVUE;M;4559320.0;61278.0;240
15406;201300017073;13;8;13;1800;1;1;2;1.0;3;451;BRISSONNEAU;M;4549570.0;65585.0;240
15407;201300017074;13;10;4;845;1;1;1;2.0;7;528;TOURBANIER;M;4547935.0;66186.0;240
15408;201300017076;13;11;22;1300;1;2;9;1.0;1;398;D88;M;4559400.0;66365.0;240
15409;201300017077;13;4;5;1930;1;1;1;1.0;7;353;LE CROS;M;4548840.0;41406.0;240
15410;201300017078;13;7;4;1745;1;2;1;1.0;7;133;RUE DE LA REPUBLIQUE;M;4554700.0;97900.0;240
15411;201300017079;13;7;12;1630;1;2;1;7.0;6;489;LE BOURG;M;4554250.0;101139.0;240
15412;201300017081;13;11;29;1830;3;1;1;1.0;1;133;LA TUILIÈRE;M;4553190.0;96668.0;240
15413;201300017082;13;12;8;1300;1;2;1;1.0;1;304;33 AV CHARLES DE GAULLE;M;4542330.0;92638.0;240
15414;201300017083;13;8;3;200;3;1;1;3.0;6;243;LE PONT;M;4528140.0;53681.0;240
15415;201300017084;13;1;7;1145;1;1;1;8.0;6;511;LES JARTHES;M;4520393.0;17688.0;240
15416;201300017085;13;2;24;1345;1;1;1;1.0;6;376;LE PETIT ACAUD;M;4518311.0;11969.0;240
15417;201300017086;13;6;18;1030;1;1;3;1.0;3;577;LE LUC;M;4482360.0;115672.0;240
15418;201300017087;13;7;29;1600;1;1;1;1.0;1;82;MALEVERGNE;M;4486790.0;128773.0;240
15419;201300017088;13;8;5;1830;1;2;1;1.0;7;520;AVENUE ARISTIDE BRIAND;M;4488110.0;121692.0;240
15420;201300017089;13;8;17;1400;1;1;9;1.0;3;82;LA TACHE;M;4483220.0;129087.0;240
15421;201300017090;13;9;22;200;3;1;1;2.0;6;520;CAMINEL;M;4491940.0;122968.0;240
15422;201300017091;13;10;2;945;1;1;1;1.0;7;512;LE ROCHER;M;4488480.0;128303.0;240
15423;201300017092;13;10;15;100;3;1;1;8.0;6;341;PECH VIDAL;M;4493600.0;124500.0;240
15424;201300017093;13;12;13;1215;1;1;1;1.0;6;74;BAS DU CAMP;M;4484660.0;134989.0;240
15425;201300017094;13;3;24;730;1;1;1;1.0;1;217;ROUTE DU BUGUE;M;4495433.0;89383.0;240
15426;201300017095;13;4;19;1915;1;1;1;1.0;7;67;LA MALI?RE;M;4493570.0;93022.0;240
15427;201300017096;13;3;11;745;1;1;3;3.0;5;229;CHARPENET;M;4513250.0;127015.0;240
15428;201300017097;13;9;11;1315;1;2;1;1.0;1;324;LE BOURG;M;4515610.0;119162.0;240
15429;201300017098;13;10;2;1615;1;1;1;1.0;5;179;GUINASSOU;M;4512500.0;140063.0;240
15430;201300017099;13;7;3;1100;1;1;1;2.0;6;131;;M;4395022.0;-15695.0;400
15431;201300017100;13;11;24;1230;1;2;1;1.0;2;243;;M;4393529.0;-92548.0;400
15432;201300017101;13;9;3;1445;1;1;1;1.0;5;46;;M;4444703.0;-111557.0;400
15433;201300017102;13;8;18;1645;1;1;9;1.0;6;151;;M;4387156.0;-91348.0;400
15434;201300017103;13;4;15;20;3;1;1;1.0;6;99;;M;4706200.0;476600.0;210
15435;201300017104;13;6;22;1345;1;1;1;1.0;1;616;;M;4660000.0;435000.0;210
15436;201300017105;13;7;10;1;3;1;3;1.0;3;150;LE HAUT DES CHAMPS RD906;M;4692816.0;474221.0;210
15437;201300017106;13;10;26;1615;1;1;1;1.0;7;65;;M;0.0;0.0;210
15438;201300017107;13;6;11;1350;1;2;4;1.0;3;23;rues Guyot et Arquebuse;M;0.0;0.0;210
15439;201300017108;13;8;17;1600;1;2;1;7.0;6;715;hameau de viscolon;M;4709213.0;437340.0;210
15440;201300017109;13;10;31;1815;3;1;1;1.0;1;103;;M;4713700.0;519800.0;210
15441;201300017110;13;8;5;715;1;1;1;1.0;1;522;;M;4740800.0;538900.0;210
15442;201300017111;13;5;23;1740;1;1;1;1.0;3;651;;M;4740944.0;489785.0;210
15443;201300017112;13;5;25;245;3;1;1;1.0;7;547;;M;4748100.0;439000.0;210
15444;201300017113;13;6;11;2300;5;2;1;1.0;6;425;route de Dijon;M;4762546.0;434757.0;210
15445;201300017114;13;10;2;1645;1;1;1;1.0;2;198;;M;4751200.0;420200.0;210
15446;201300017115;13;10;3;1415;1;1;1;1.0;6;413;;M;4753200.0;433100.0;210
15447;201300017116;13;10;26;1430;3;1;1;1.0;1;272;;M;4745700.0;433700.0;210
15448;201300017117;13;3;9;1445;1;1;1;4.0;3;154;;M;4785440.0;461642.0;210
15449;201300017118;13;3;15;2130;3;1;1;1.0;7;115;;M;4783250.0;457237.0;210
15450;201300017119;13;3;21;845;1;1;1;1.0;2;154;;M;4788400.0;459100.0;210
15451;201300017120;13;4;6;2120;3;1;1;1.0;7;451;;M;4776500.0;442400.0;210
15452;201300017121;13;4;30;1015;1;1;1;3.0;6;674;;M;4793598.0;479988.0;210
15453;201300017122;13;6;17;1830;1;1;1;1.0;7;378;;M;4785400.0;440100.0;210
15454;201300017124;13;5;8;1230;1;1;1;1.0;1;25;;M;4800554.0;-59281.0;530
15455;201300017126;13;2;13;1445;1;1;1;1.0;7;123;;M;4820296.0;-95479.0;530
15456;201300017127;13;6;26;1815;1;1;3;1.0;1;48;;M;4821013.0;-88978.0;530
15457;201300017128;13;7;10;1700;1;1;9;1.0;3;194;;M;4807303.0;-96432.0;530
15458;201300017129;13;8;4;1630;1;1;1;1.0;6;156;la saulaie;M;4816044.0;-71727.0;530
15459;201300017130;13;8;20;815;1;1;1;1.0;3;209;;M;4803678.0;-99681.0;530
15460;201300017131;13;10;14;2000;3;1;2;3.0;3;247;;M;4811141.0;-100876.0;530
15461;201300017132;13;10;17;1015;1;1;1;1.0;7;243;;M;4814839.0;-87673.0;530
15462;201300017133;13;11;4;1015;1;1;1;2.0;1;243;;M;4813154.0;-91316.0;530
15463;201300017134;13;12;11;1200;1;1;1;9.0;1;5;;M;4816306.0;-81441.0;530
15464;201300017135;13;5;17;1015;1;2;1;1.0;6;210;St Martin de Villenglose;M;4777674.0;-47070.0;530
15465;201300017136;13;6;17;230;3;2;1;3.0;6;66;27 de la rue d'anjou;M;4778322.0;-77560.0;530
15466;201300017137;13;7;25;2000;1;2;1;1.0;1;62;12 avenue Maréchal FOCH;M;4782921.0;-69684.0;530
15467;201300017138;13;7;27;1130;1;1;1;1.0;3;14;;M;4781900.0;-63700.0;530
15468;201300017139;13;8;5;1630;1;1;1;1.0;5;215;;M;4779395.0;-70841.0;530
15469;201300017140;13;11;19;1315;1;2;2;1.0;2;14;Route de Sablé;M;4783020.0;-69361.0;530
15470;201300017141;13;3;1;1345;1;1;2;1.0;3;122;;M;4826253.0;-50446.0;530
15471;201300017142;13;12;7;45;3;1;1;1.0;1;174;;M;4830869.0;-64909.0;530
15472;201300017143;13;4;5;1930;3;1;1;2.0;6;42;;M;4841063.0;-78157.0;530
15473;201300017144;13;7;11;2145;2;1;1;1.0;1;245;;M;4826895.0;-99659.0;530
15474;201300017146;13;10;16;745;3;1;1;2.0;1;160;;M;4838291.0;-56045.0;530
15475;201300017148;13;3;7;1845;5;2;1;1.0;6;181;;M;0.0;0.0;70
15476;201300017150;13;7;15;1700;1;1;1;1.0;3;181;;M;0.0;0.0;70
15477;201300017151;13;8;10;2300;3;1;1;1.0;6;92;;M;0.0;0.0;70
15478;201300017152;13;10;2;1015;1;1;1;1.0;3;181;;M;0.0;0.0;70
15479;201300017153;13;11;5;1200;1;1;1;8.0;5;55;;M;0.0;0.0;70
15480;201300017154;13;11;12;1600;1;1;1;1.0;6;66;;M;0.0;0.0;70
15481;201300017155;13;3;25;1130;1;1;3;1.0;3;319;;M;0.0;0.0;70
15482;201300017156;13;4;22;1545;1;1;1;1.0;3;191;;M;0.0;0.0;70
15483;201300017157;13;6;21;1700;1;1;1;1.0;1;20;;M;0.0;0.0;70