;Num_Acc;an;mois;jour;hrmn;lum;agg;int;atm;col;com;adr;gps;lat;long;dep
15484;201300017158;13;9;12;1900;1;1;1;1.0;3;346;;M;0.0;0.0;70
15485;201300017159;13;5;11;1445;1;1;1;1.0;6;307;;M;0.0;0.0;70
15486;201300017160;13;8;21;800;1;1;1;1.0;1;58;;M;0.0;0.0;70
15487;201300017161;13;8;13;1045;1;1;1;1.0;7;139;;M;0.0;0.0;70
15488;201300017162;13;10;15;1200;1;1;1;8.0;1;122;;M;0.0;0.0;70
15489;201300017163;13;1;18;2315;3;1;1;4.0;7;24;;M;;;70
15490;201300017164;13;6;14;2100;3;1;1;1.0;7;334;;M;4439200.0;416800.0;70
15491;201300017165;13;6;28;1400;1;1;1;1.0;6;17;;M;0.0;0.0;70
15492;201300017166;13;11;29;1500;1;1;1;1.0;6;17;;M;0.0;0.0;70
15493;201300017167;13;11;30;1745;3;1;1;1.0;6;17;;M;0.0;0.0;70
15494;201300017168;13;1;16;1230;1;2;3;1.0;1;10;avenue de back;M;0.0;0.0;70
15495;201300017169;13;4;14;1930;1;1;1;1.0;1;9;;M;4521300.0;480400.0;70
15496;201300017170;13;9;1;300;3;1;6;1.0;6;78;;M;0.0;0.0;70
15497;201300017171;13;9;20;1700;1;2;1;1.0;6;10;avenue Emile Bouchon;M;0.0;0.0;70
15498;201300017172;13;12;11;1015;1;2;1;1.0;6;10;35 Rue jean Jaur?s;M;0.0;0.0;70
15499;201300017174;13;10;30;1800;3;1;9;1.0;1;52;;M;0.0;0.0;70
15500;201300017175;13;8;12;1400;1;1;1;1.0;6;301;;M;0.0;0.0;70
15501;201300017176;13;8;20;1445;1;1;1;1.0;3;301;;M;0.0;0.0;70
15502;201300017177;13;9;30;1615;1;2;1;1.0;1;13;les roussines;M;0.0;0.0;70
15503;201300017178;13;12;6;1445;1;1;1;4.0;7;128;;M;0.0;0.0;70
15504;201300017179;13;4;3;2300;3;1;1;1.0;6;287;Les Girards;M;4558795.0;6022.0;160
15505;201300017180;13;7;5;1615;1;1;1;1.0;6;120;Les Pierrieres;M;4560893.0;21375.0;160
15506;201300017181;13;7;20;1430;1;1;1;7.0;2;119;Les Chataigneraies;M;4556131.0;25419.0;160
15507;201300017182;13;7;28;1500;1;1;1;7.0;1;119;Le Canton des Vaches;M;4553417.0;27731.0;160
15508;201300017183;13;10;28;1830;3;2;1;1.0;3;133;LE BOURG;M;4552767.0;-2493.0;160
15509;201300017184;13;3;30;2030;3;1;1;1.0;6;344;;M;4573856.0;34444.0;160
15510;201300017185;13;4;13;1515;1;2;1;1.0;6;223;Le Bourg;M;4566815.0;50726.0;160
15511;201300017186;13;6;23;2015;1;1;1;1.0;1;55;Les Grands Moulins;M;4561899.0;32056.0;160
15512;201300017187;13;7;20;615;2;1;1;1.0;6;211;;M;4562716.0;46592.0;160
15513;201300017188;13;10;27;530;5;1;1;1.0;6;323;Rochepine;M;4563121.0;38803.0;160
15514;201300017189;13;2;10;1915;3;1;1;2.0;6;342;;M;4554028.0;-30531.0;160
15515;201300017190;13;9;19;1115;1;1;1;1.0;3;276;LE BOIS DU lOGIS;M;4541302.0;-19375.0;160
15516;201300017191;13;12;1;845;1;1;1;9.0;6;66;La basse Côte;M;4533972.0;-4726.0;160
15517;201300017192;13;3;16;1645;1;1;2;2.0;3;216;Les Fourneaux;M;4570460.0;-10638.0;160
15518;201300017193;13;4;6;730;2;1;1;1.0;6;369;;M;4574682.0;-16687.0;160
15519;201300017195;13;8;27;1830;1;1;1;1.0;7;145;les Maches;M;4569782.0;-12787.0;160
15520;201300017196;13;11;8;1815;3;1;1;2.0;1;145;;M;4570333.0;12404.0;160
15521;201300017197;13;2;22;1230;1;1;1;1.0;6;94;;M;4592157.0;25164.0;160
15522;201300017198;13;4;20;1245;1;1;1;1.0;6;226;L'Hermitage;M;4577202.0;13152.0;160
15523;201300017199;13;6;10;1915;1;1;1;1.0;6;210;Pend Loup;M;4573942.0;7509.0;160
15524;201300017200;13;8;13;230;3;1;1;1.0;6;33;Le Geard;M;4591995.0;23915.0;160
15525;201300017201;13;11;1;630;2;1;1;1.0;6;141;Le Grand Jardin;M;4591815.0;19633.0;160
15526;201300017202;13;2;7;845;1;1;1;1.0;2;317;Bois du Courtioux;M;4595206.0;-126.0;160
15527;201300017203;13;6;1;1930;1;1;1;1.0;1;275;Les Grandes Vignes;M;4591516.0;-13234.0;160
15528;201300017204;13;6;23;1230;1;1;2;1.0;3;228;Pierre Fiche;M;4581226.0;-10486.0;160
15529;201300017206;13;8;2;1315;1;1;1;1.0;6;82;"LIEU DIT ""CROTZ""";M;4703350.0;150036.0;360
15530;201300017207;13;8;14;1800;1;1;1;7.0;3;139;;M;4679180.0;147163.0;360
15531;201300017208;13;11;6;1430;1;2;1;1.0;6;50;Bd de la R?publique;M;0.0;0.0;202
15532;201300017209;13;2;7;2115;3;1;1;8.0;7;180;"LIEU DIT ""LA VILETTE""";M;4673890.0;192369.0;360
15533;201300017210;13;5;29;1530;1;1;1;1.0;6;163;;M;4643100.0;199300.0;360
15534;201300017211;13;6;9;1100;1;1;1;1.0;1;143;;M;4664620.0;195200.0;360
15535;201300017212;13;7;20;715;1;1;1;1.0;6;46;"LD ""LE RIAU DES EFFES""";M;4671440.0;194373.0;360
15536;201300017213;13;7;25;1200;1;2;1;1.0;6;46;13 ROUTE DE BRIANTES;M;4657640.0;199738.0;360
15537;201300017214;13;8;20;1430;1;1;1;1.0;1;127;;M;4658900.0;199211.0;360
15538;201300017216;13;9;28;1200;1;1;1;1.0;6;163;;M;4649150.0;199855.0;360
15539;201300017217;13;12;13;1830;1;1;1;2.0;1;5;;M;4669580.0;188808.0;360
15540;201300017219;13;1;4;1100;1;2;2;8.0;6;70;RUE  CAMILLE TOUSSAINT;M;4644240.0;158251.0;360
15541;201300017220;13;4;5;930;1;1;1;1.0;1;22;;M;4661200.0;169603.0;360
15542;201300017221;13;4;10;1130;1;2;4;1.0;3;6;;M;4659160.0;152301.0;360
15543;201300017222;13;4;19;1600;1;1;1;1.0;7;35;;M;4643410.0;130283.0;360
15544;201300017223;13;5;25;445;3;1;1;2.0;6;158;;M;4653550.0;160523.0;360
15545;201300017224;13;7;18;2000;1;1;1;1.0;1;14;;M;4649630.0;153557.0;360
15546;201300017225;13;9;24;1715;1;1;1;1.0;7;49;;M;4650550.0;141118.0;360
15547;201300017226;13;2;15;1645;1;1;1;1.0;3;18;;M;4811300.0;391100.0;100
15548;201300017227;13;4;9;930;1;2;1;3.0;3;140;rue du 14 juillet;M;4803996.0;390889.0;100
15549;201300017228;13;5;12;1645;1;1;1;1.0;7;434;;M;4817300.0;409199.0;100
15550;201300017229;13;9;29;1845;2;1;1;2.0;6;140;;M;4807100.0;391800.0;100
15551;201300017230;13;12;20;2050;3;1;1;1.0;7;74;;M;0.0;0.0;100
15552;201300017232;13;3;12;815;1;1;1;8.0;6;401;;M;0.0;0.0;100
15553;201300017233;13;6;26;1745;1;2;3;1.0;3;33;Rue Maurice Emmanuel;M;4823028.0;471796.0;100
15554;201300017234;13;8;23;1645;1;1;2;1.0;3;78;;M;4822039.0;442205.0;100
15555;201300017236;13;11;5;1045;1;1;1;2.0;2;32;;M;0.0;0.0;100
15556;201300017237;13;11;20;1745;3;1;1;8.0;5;401;;M;0.0;0.0;100
15557;201300017238;13;1;2;1700;1;1;1;1.0;1;34;;M;0.0;0.0;100
15558;201300017239;13;7;8;1815;1;1;1;1.0;6;181;;M;4811099.0;431129.0;100
15559;201300017240;13;8;23;1615;1;1;1;1.0;6;34;;M;0.0;0.0;100
15560;201300017242;13;9;12;15;3;1;1;2.0;6;181;;M;0.0;0.0;100
15561;201300017243;13;9;22;1500;1;1;1;1.0;6;232;;M;4809646.0;437500.0;100
15562;201300017244;13;12;11;1015;1;1;1;9.0;6;70;;M;4807442.0;442363.0;100
15563;201300017245;13;12;11;1345;1;1;1;9.0;7;70;;M;0.0;0.0;100
15564;201300017246;13;2;2;2330;5;1;1;1.0;6;114;;M;4852000.0;364800.0;100
15565;201300017247;13;4;13;1715;1;2;1;1.0;6;275;16 rue Linard Hubert;M;4843464.0;372762.0;100
15566;201300017251;13;7;26;2230;3;1;1;1.0;7;275;;M;0.0;0.0;100
15567;201300017253;13;10;3;1300;1;2;3;1.0;1;323;Rue A.BRIAND -;M;4851500.0;372500.0;100
15568;201300017254;13;12;12;1600;1;2;1;8.0;6;233;rue general Leclerc;M;4851000.0;388800.0;100
15569;201300017255;13;9;3;1710;1;1;3;1.0;3;190;"LIEU-DIT ""LES BOMBES""";M;4505140.0;395135.0;430
15570;201300017256;13;9;3;1015;1;1;3;1.0;3;188;CARF DES AUBENNES;M;4517840.0;351843.0;430
15571;201300017258;13;4;2;745;1;1;1;2.0;5;268;;M;4513740.0;410123.0;430
15572;201300017259;13;5;24;1715;1;2;7;1.0;6;268;PL DU MARCH?;;;;430
15573;201300017260;13;8;7;1315;1;1;3;8.0;3;268;LA BESSE;;;;430
15574;201300017261;13;8;7;1855;1;1;1;1.0;1;25;VAURES;M;4523190.0;409314.0;430
15575;201300017262;13;8;15;1150;1;1;2;1.0;3;7;LES BALAYES;M;4503810.0;417303.0;430
15576;201300017263;13;8;31;1015;1;2;1;1.0;6;268;RUE DES FOSSES;M;4514200.0;412524.0;430
15577;201300017264;13;12;21;1800;3;1;1;1.0;6;268;"LIEU-DIT ""LAVEE""";M;4515450.0;412818.0;430
15578;201300017265;13;7;28;1615;1;1;1;2.0;6;34;LE PONTEIL;;;;430
15579;201300017266;13;4;19;1645;1;2;1;2.0;6;177;24 AV DU BOIS LAFAYETTE;;;;430
15580;201300017267;13;12;21;1215;1;1;3;1.0;3;223;"LIEU-DIT ""CHAMBEAU""";M;4524870.0;435722.0;430
15581;201300017268;13;6;14;1900;1;1;3;1.0;3;244;"LIEU-DIT ""ARTHAUD""";M;4514430.0;429420.0;430
15582;201300017269;13;7;13;30;3;1;1;1.0;7;163;"LIEU-DIT ""LES SETOUX""";M;4523530.0;443601.0;430
15583;201300017270;13;10;27;1015;1;1;1;1.0;6;142;;M;4517930.0;436329.0;430
15584;201300017271;13;3;24;1645;1;1;1;1.0;4;220;;M;0.0;0.0;180
15585;201300017272;13;5;24;1745;1;1;1;2.0;3;75;;M;4701500.0;302900.0;180
15586;201300017273;13;7;4;730;1;1;2;1.0;3;220;;M;0.0;0.0;180
15587;201300017274;13;9;21;1800;1;1;1;1.0;6;120;;M;0.0;0.0;180
15588;201300017275;13;12;4;1500;1;2;1;1.0;3;75;LIEU DIT GIVRY;M;4701269.0;305871.0;180
15589;201300017276;13;12;31;15;4;2;1;1.0;7;118;10,route de torteron;M;4704035.0;297796.0;180
15590;201300017277;13;1;21;700;1;1;1;4.0;1;35;;M;0.0;0.0;180
15591;201300017278;13;2;16;300;3;1;1;5.0;7;97;Lieu dit La Feularde;M;4712774.0;242602.0;180
15592;201300017279;13;2;17;700;2;1;1;1.0;7;226;;M;4714765.0;251180.0;180
15593;201300017280;13;2;21;1800;1;2;1;1.0;3;35;;M;4711696.0;263055.0;180
15594;201300017281;13;2;25;1915;5;2;1;1.0;1;109;route d'Ach?res;M;4729387.0;250305.0;180
15595;201300017282;13;4;14;1715;1;1;1;1.0;7;4;;M;0.0;0.0;180
15596;201300017283;13;5;12;2200;3;1;1;1.0;7;206;;M;4714919.0;233120.0;180
15597;201300017284;13;6;10;945;2;2;1;1.0;6;3;28 Route de Rians;M;4719890.0;257942.0;180
15598;201300017285;13;6;19;915;1;1;1;1.0;6;223;;M;0.0;0.0;180
15599;201300017286;13;6;29;2015;1;1;1;1.0;6;151;;M;0.0;0.0;180
15600;201300017287;13;7;20;1200;1;2;1;1.0;6;223;place de la Mairie;M;4720421.0;241752.0;180
15601;201300017289;13;9;1;1800;1;1;1;1.0;3;4;;M;0.0;0.0;180
15602;201300017290;13;9;4;1445;1;1;1;1.0;7;253;;M;0.0;0.0;180
15603;201300017291;13;9;7;700;2;1;1;1.0;6;109;;M;4730962.0;253982.0;180
15604;201300017292;13;9;9;700;2;1;1;8.0;1;145;;M;0.0;0.0;180
15605;201300017293;13;9;24;1815;1;1;1;1.0;1;235;;M;0.0;0.0;180
15606;201300017294;13;10;14;1830;1;1;1;3.0;7;226;;M;4713587.0;249845.0;180
15607;201300017295;13;10;19;1945;3;1;1;1.0;1;16;;M;4722144.0;257582.0;180
15608;201300017296;13;11;5;830;1;2;1;2.0;2;109;01 rue des ecoles;M;4730608.0;252265.0;180
15609;201300017297;13;11;14;2030;5;2;1;1.0;6;4;CD 944;M;0.0;0.0;180
15610;201300017298;13;12;13;1830;5;2;1;1.0;6;235;RTE DES AIX;M;4713705.0;255139.0;180
15611;201300017299;13;3;16;1030;1;2;1;1.0;6;197;17 RUE FRADET;M;4672398.0;250432.0;180
15612;201300017300;13;5;16;1245;1;1;1;1.0;7;38;;M;0.0;0.0;180
15613;201300017301;13;7;7;1800;1;1;1;1.0;6;52;;M;0.0;0.0;180
15614;201300017302;13;7;21;1415;1;1;1;1.0;6;29;;M;0.0;0.0;180
15615;201300017303;13;9;11;1730;1;1;1;1.0;1;261;;M;0.0;0.0;180
15616;201300017304;13;10;20;1645;1;2;1;1.0;6;197;;M;4672460.0;249737.0;180
15617;201300017305;13;10;27;2215;5;2;6;8.0;6;197;AVENUE JEAN  JAURES;M;4672615.0;248897.0;180
15618;201300017306;13;11;11;1300;1;2;2;1.0;1;197;Rochette, Audebrand;M;4672170.0;250671.0;180
15619;201300017307;13;11;30;915;1;1;3;7.0;3;69;;M;4670100.0;253400.0;180
15620;201300017308;13;5;31;2345;3;1;1;1.0;6;41;;M;4665762.0;249587.0;180
15621;201300017309;13;6;14;1100;1;1;2;1.0;3;153;;M;4674132.0;232716.0;180
15622;201300017310;13;6;19;1615;1;1;1;1.0;6;127;;M;4675846.0;219045.0;180
15623;201300017311;13;7;2;1715;1;1;1;1.0;6;57;;M;0.0;0.0;180
15624;201300017312;13;8;9;115;3;1;1;1.0;6;230;;M;4666634.0;231973.0;180
15625;201300017313;13;9;10;1745;1;1;1;1.0;1;112;;M;4671401.0;223535.0;180
15626;201300017314;13;2;16;430;2;1;1;1.0;1;212;;M;4690199.0;241353.0;180
15627;201300017315;13;3;10;530;3;1;1;2.0;6;68;;M;4686809.0;264916.0;180
15628;201300017316;13;6;2;15;3;1;1;1.0;6;218;;M;0.0;0.0;180
15629;201300017317;13;6;9;900;1;1;1;1.0;1;212;;M;0.0;0.0;180
15630;201300017318;13;1;3;1415;1;1;2;2.0;3;160;Rte de Font Pinon - D976;M;4699100.0;285100.0;180
15631;201300017319;13;3;14;1215;1;1;1;1.0;1;101;La Boulaise;M;0.0;0.0;180
15632;201300017320;13;4;17;1515;1;1;3;1.0;3;242;RD43/Le vernat;M;4681231.0;294812.0;180
15633;201300017321;13;4;26;1530;1;1;1;2.0;2;95;;M;0.0;0.0;180
15634;201300017322;13;6;4;15;3;1;3;1.0;1;31;;M;0.0;0.0;180
15635;201300017323;13;7;7;1945;2;1;1;1.0;6;101;;M;4692700.0;292331.0;180
15636;201300017324;13;7;5;1430;1;1;1;1.0;5;62;;M;4698280.0;299075.0;180
15637;201300017325;13;7;17;730;1;1;1;1.0;6;82;;M;4699704.0;304288.0;180
15638;201300017326;13;7;22;1800;1;2;1;1.0;3;82;rue du colombier;M;4695700.0;306900.0;180
15639;201300017327;13;9;18;1000;1;1;1;2.0;2;242;;M;0.0;0.0;180
15640;201300017329;13;10;17;745;2;2;1;2.0;6;62;rue du cimetiere;M;4697866.0;297486.0;180
15641;201300017330;13;11;9;1100;1;2;1;1.0;6;242;10 place de la liberatio;M;4683600.0;292100.0;180
15642;201300017331;13;12;9;800;2;2;1;1.0;6;242;20 RUE HENRI DUNANT;M;4682900.0;293435.0;180
15643;201300017333;13;2;16;1145;1;1;1;8.0;2;290;;M;4727377.0;223292.0;180
15644;201300017334;13;3;10;1845;2;1;1;1.0;3;11;;M;4757000.0;246500.0;180
15645;201300017336;13;4;14;2200;3;1;1;1.0;6;30;;M;0.0;0.0;180
15646;201300017337;13;5;5;1;3;1;1;1.0;6;30;;M;4753600.0;254000.0;180
15647;201300017338;13;5;5;1600;1;1;1;8.0;7;290;;M;4726000.0;219400.0;180
15648;201300017340;13;8;11;630;1;1;1;1.0;7;88;;M;0.0;0.0;180
15649;201300017341;13;10;14;800;1;2;1;3.0;1;15;165 avenue LECLERC;M;4747832.0;243788.0;180
15650;201300017342;13;10;31;1145;1;2;1;1.0;7;15;9 av Charles de Gaulle;M;4748759.0;243750.0;180
15651;201300017343;13;1;8;1315;1;1;1;8.0;3;263;route des Tripaudieres;M;4726600.0;192876.0;180
15652;201300017345;13;4;25;1915;1;2;1;1.0;6;64;Route de Vatan;M;4712102.0;204697.0;180
15653;201300017346;13;5;23;1845;1;1;1;1.0;1;279;;M;0.0;0.0;180
15654;201300017347;13;7;9;1715;1;2;2;1.0;2;96;Rue Gaston Cornavin;M;4717977.0;215903.0;180
15655;201300017348;13;7;11;1700;1;1;6;1.0;2;237;;M;4707783.0;218058.0;180
15656;201300017349;13;7;20;845;1;1;1;1.0;7;128;;M;4708080.0;208311.0;180
15657;201300017350;13;7;25;1145;1;1;2;1.0;3;85;;M;4718938.0;195331.0;180
15658;201300017351;13;8;1;1645;1;2;2;1.0;3;141;rue Jeanne d'Arc;M;4714470.0;221681.0;180
15659;201300017352;13;11;3;930;1;1;1;1.0;3;138;;M;0.0;0.0;180
15660;201300017353;13;12;2;2130;3;1;1;2.0;6;150;;M;0.0;0.0;180
15661;201300017354;13;12;9;515;3;2;1;9.0;6;141;;M;0.0;0.0;180
15662;201300017355;13;2;26;1230;1;2;1;1.0;6;300;montee de tresserve;M;4568489.0;590399.0;730
15663;201300017356;13;3;27;2115;3;1;1;1.0;6;103;Route de Misery;M;4567300.0;594700.0;730
15664;201300017357;13;1;19;1245;1;2;9;1.0;3;83;LD USINE ROUGE;M;4538224.0;627911.0;730
15665;201300017359;13;4;14;1630;1;1;3;1.0;2;328;;M;4564281.0;591083.0;730
15666;201300017360;13;9;10;745;1;1;6;1.0;4;329;Route de l'aeroport;M;4563760.0;589210.0;730
15667;201300017361;13;12;11;1215;1;1;4;1.0;3;103;Crole-La Boisiere;M;4565460.0;591350.0;730
15668;201300017362;13;12;21;1030;1;1;1;1.0;7;103;Route des Chenes;M;4565560.0;592150.0;730
15669;201300017363;13;1;13;2145;3;1;1;9.0;6;28;;M;4570603.0;571400.0;730
15670;201300017364;13;5;5;1415;1;1;1;1.0;7;245;;M;4570291.0;583357.0;730
15671;201300017365;13;5;15;1630;1;1;1;2.0;1;330;;M;4569762.0;579343.0;730
15672;201300017366;13;6;1;800;1;1;1;1.0;1;179;;M;4563040.0;587480.0;730
15673;201300017367;13;6;7;1730;1;1;1;1.0;3;51;;M;0.0;0.0;730
15674;201300017368;13;6;16;1400;1;1;1;1.0;7;51;;M;4565513.0;583551.0;730
15675;201300017369;13;7;30;1545;1;1;1;1.0;1;245;;M;4569185.0;582896.0;730
15676;201300017371;13;1;27;1;4;2;6;9.0;7;171;La clef des champs;M;4549685.0;605458.0;730
15677;201300017372;13;2;12;1515;1;1;2;1.0;3;240;;M;4547141.0;604342.0;730
15678;201300017373;13;5;26;2215;5;2;1;1.0;7;247;chef lieu;M;4555599.0;612822.0;730
15679;201300017374;13;1;10;1730;5;1;2;4.0;3;124;;M;4564945.0;635824.0;730
15680;201300017375;13;1;15;1230;1;1;1;4.0;2;121;;M;4562590.0;631955.0;730
15681;201300017376;13;10;27;330;5;2;1;1.0;6;283;Les Chavannes;M;4562450.0;629170.0;730
15682;201300017377;13;1;23;1430;1;2;1;1.0;4;248;avenue du 8 mai 1945;M;4527163.0;636290.0;730
15683;201300017378;13;1;26;1630;1;1;1;1.0;6;261;;M;4521103.0;649988.0;730
15684;201300017379;13;5;4;1027;1;2;1;1.0;6;248;;M;4527080.0;635360.0;730
15685;201300017380;13;9;14;1215;1;1;1;1.0;1;256;;M;4520784.0;645796.0;730
15686;201300017381;13;1;26;1600;1;1;1;9.0;7;189;;M;4538464.0;633055.0;730
15687;201300017383;13;7;21;1045;1;1;1;1.0;1;221;;M;4531833.0;626947.0;730
15688;201300017384;13;7;27;630;2;1;1;1.0;7;83;Route Royale;M;4539220.0;628070.0;730
15689;201300017385;13;8;9;615;2;1;1;1.0;5;19;;M;4550154.0;630434.0;730
15690;201300017387;13;3;15;1200;1;1;1;1.0;7;139;;M;4319880.0;-38767.0;640
15691;201300017388;13;7;31;1815;1;2;9;1.0;6;230;AV D'ASPE;M;4322760.0;-38887.0;640
15692;201300017389;13;11;26;1700;1;1;1;7.0;2;230;;M;4324010.0;-38747.0;640
15693;201300017390;13;4;6;1915;1;2;1;1.0;1;198;RUE DU STADE;M;4336070.0;-51029.0;640
15694;201300017391;13;10;17;1815;1;1;1;1.0;7;549;;M;0.0;0.0;640
15695;201300017392;13;11;19;1730;2;1;1;2.0;6;519;;M;4338430.0;-38047.0;640
15696;201300017394;13;1;8;1545;1;2;1;1.0;6;370;;M;4335480.0;-28368.0;640
15697;201300017395;13;6;12;1100;1;1;1;7.0;3;238;;M;0.0;0.0;640
15698;201300017397;13;7;14;2330;3;1;1;1.0;6;390;D221/D242;M;4348910.0;-7224.0;640
15699;201300017398;13;8;10;830;1;1;2;8.0;3;238;;M;4326500.0;-7241.0;640
15700;201300017399;13;11;26;845;1;2;1;1.0;6;526;AV LASBORDES;M;0.0;0.0;640
15701;201300017400;13;4;18;2245;5;2;1;2.0;1;133;D937;M;4323470.0;-28128.0;640
15702;201300017401;13;12;21;1530;1;1;2;1.0;3;138;;M;4323770.0;-26467.0;640
15703;201300017402;13;9;4;1915;1;1;1;1.0;1;283;;M;4319420.0;-120228.0;640
15704;201300017403;13;1;11;1430;1;1;1;7.0;1;393;;M;4334290.0;-58320.0;640
15705;201300017404;13;7;2;1430;1;2;1;1.0;3;443;RUE DU FRONTON;M;0.0;0.0;640
15706;201300017406;13;7;30;1200;1;1;1;1.0;1;112;;M;4349590.0;-86466.0;640
15707;201300017407;13;1;11;730;5;2;1;1.0;6;167;65 R DU BOIS DE DEURRE;M;4789287.0;170318.0;450
15708;201300017408;13;3;7;1415;1;1;1;1.0;5;203;;M;0.0;0.0;450
15709;201300017409;13;3;11;1830;2;2;1;3.0;6;173;BD CARNOT;M;4786591.0;212343.0;450
15710;201300017410;13;3;16;1330;1;1;2;1.0;3;324;D 951/VC;M;4781711.0;216774.0;450
15711;201300017411;13;4;8;1815;1;2;1;1.0;1;300;91 R COURTINIERES;M;4784406.0;202489.0;450
15712;201300017412;13;4;19;915;1;1;1;7.0;3;6;D 326 // ACCES HITACHI;M;4781736.0;191879.0;450
15713;201300017413;13;6;8;1615;1;1;1;2.0;6;335;;M;4781068.0;212199.0;450
15714;201300017414;13;6;8;2045;1;1;1;2.0;6;324;LE CHENE;M;4778865.0;216889.0;450
15715;201300017415;13;6;14;415;3;1;1;5.0;6;311;;M;4782176.0;224714.0;450
15716;201300017416;13;6;20;1745;1;1;2;1.0;3;324;D 951/VC;M;4781714.0;216784.0;450
15717;201300017417;13;6;21;545;1;1;1;1.0;6;226;;M;0.0;0.0;450
15718;201300017418;13;6;29;1330;1;1;2;1.0;3;324;LES 4 CHEMINS;M;4781343.0;219260.0;450
15719;201300017419;13;7;6;1415;1;1;1;1.0;1;193;LES CHAPELLES;M;4778384.0;205656.0;450
15720;201300017422;13;9;3;1000;1;1;1;1.0;5;272;LES ACACIAS;M;4780678.0;192975.0;450
15721;201300017423;13;10;22;500;3;1;4;1.0;2;266;;M;4810484.0;188951.0;450
15722;201300017424;13;10;25;1915;3;1;1;3.0;6;40;;M;0.0;0.0;450
15723;201300017425;13;4;7;515;4;2;1;1.0;6;129;12 R BOURGOGNE;M;4794259.0;305474.0;450
15724;201300017427;13;9;27;1845;1;1;1;1.0;1;9;;M;4812352.0;204412.0;450
15725;201300017428;13;10;17;1015;1;1;1;2.0;1;188;;M;4797060.0;204928.0;450
15726;201300017429;13;10;18;2000;3;1;1;1.0;6;95;;M;4809757.0;212394.0;450
15727;201300017430;13;11;5;2200;3;2;1;8.0;6;95;850 RTE COURCY // GALLER;M;4805569.0;218109.0;450
15728;201300017431;13;12;16;645;3;1;1;9.0;1;25;;M;4816622.0;205271.0;450
15729;201300017432;13;2;4;1715;1;1;1;6.0;1;103;;M;0.0;0.0;600
15730;201300017433;13;2;5;745;2;2;1;2.0;2;542;RD12;M;0.0;0.0;600
15731;201300017434;13;4;16;415;3;1;1;1.0;6;628;;M;0.0;0.0;600
15732;201300017435;13;6;4;1530;1;1;1;1.0;1;251;;M;0.0;0.0;600
15733;201300017436;13;6;8;1700;1;1;4;1.0;3;328;;M;0.0;0.0;600
15734;201300017437;13;10;9;900;1;2;1;1.0;3;639;Avenue des pommerets;M;0.0;0.0;600
15735;201300017438;13;3;23;1445;1;1;1;1.0;1;577;;M;0.0;0.0;600
15736;201300017439;13;10;17;1730;1;1;1;2.0;1;30;;M;0.0;0.0;600
15737;201300017441;13;11;15;1030;1;1;1;1.0;6;577;;M;0.0;0.0;600
15738;201300017443;13;1;28;2045;3;1;1;2.0;6;387;;M;0.0;0.0;600
15739;201300017444;13;2;21;730;1;2;1;1.0;6;286;Rue d'Amiens;M;0.0;0.0;600
15740;201300017445;13;3;3;900;1;1;1;1.0;6;194;;M;0.0;0.0;600
15741;201300017446;13;3;22;1415;1;1;1;6.0;7;233;;M;0.0;0.0;600
15742;201300017447;13;3;29;1600;1;2;1;1.0;7;269;Rue du cul de sac;M;0.0;0.0;600
15743;201300017448;13;5;11;315;3;1;1;1.0;7;76;;M;0.0;0.0;600
15744;201300017449;13;6;2;2000;1;1;1;1.0;7;233;;M;0.0;0.0;600
15745;201300017450;13;7;10;1245;1;2;2;1.0;3;472;4 rue de Beaudeduit;M;0.0;0.0;600
15746;201300017451;13;7;14;1615;1;1;1;1.0;6;588;;M;0.0;0.0;600
15747;201300017452;13;7;21;1915;1;1;2;1.0;5;303;;M;0.0;0.0;600
15748;201300017453;13;7;28;945;1;1;1;1.0;1;84;;M;0.0;0.0;600
15749;201300017454;13;8;7;1;5;1;1;1.0;6;296;;M;0.0;0.0;600
15750;201300017456;13;9;6;2315;3;2;1;1.0;6;622;;M;0.0;0.0;600
15751;201300017457;13;10;12;1515;1;1;1;1.0;6;205;;M;0.0;0.0;600
15752;201300017458;13;10;18;2030;5;2;1;1.0;6;403;;M;0.0;0.0;600
15753;201300017459;13;11;14;1800;5;2;1;2.0;6;233;51 rue henri demont;M;0.0;0.0;600
15754;201300017460;13;12;27;2015;5;1;1;2.0;6;590;;M;0.0;0.0;600
15755;201300017461;13;1;28;900;1;1;1;4.0;6;173;;M;0.0;0.0;600
15756;201300017462;13;3;7;1015;1;1;1;2.0;1;86;;M;0.0;0.0;600
15757;201300017465;13;4;3;930;2;1;1;2.0;1;664;;M;0.0;0.0;600
15758;201300017466;13;5;20;1000;1;1;2;3.0;3;104;;M;0.0;0.0;600
15759;201300017467;13;8;18;415;3;1;1;1.0;6;104;;M;0.0;0.0;600
15760;201300017468;13;10;7;1430;1;2;1;1.0;6;104;rue de la Republique;M;0.0;0.0;600