;Num_Acc;an;mois;jour;hrmn;lum;agg;int;atm;col;com;adr;gps;lat;long;dep
15761;201300017469;13;12;6;1845;3;1;1;1.0;5;664;;M;0.0;0.0;600
15762;201300017470;13;12;24;1645;1;2;1;1.0;6;26;38 RUE D AMIENS;M;0.0;0.0;600
15763;201300017471;13;1;8;1530;1;2;1;8.0;6;360;avenue d'Ile de France;M;0.0;0.0;600
15764;201300017472;13;3;6;1000;1;1;2;1.0;3;40;;M;0.0;0.0;600
15765;201300017473;13;4;25;1700;1;1;1;1.0;1;152;;M;0.0;0.0;600
15766;201300017474;13;7;7;630;2;1;1;1.0;6;524;;M;0.0;0.0;600
15767;201300017475;13;1;28;800;2;1;1;8.0;1;701;;M;4954800.0;237500.0;600
15768;201300017476;13;1;27;2000;3;1;1;2.0;7;556;;M;4960600.0;252400.0;600
15769;201300017477;13;2;8;700;3;1;1;9.0;6;498;;M;4950900.0;246100.0;600
15770;201300017478;13;2;12;1100;1;1;1;8.0;3;133;;M;0.0;0.0;600
15771;201300017479;13;4;5;1345;1;2;1;1.0;6;581;rue valentin hauy;M;0.0;0.0;600
15772;201300017480;13;5;4;1000;1;2;1;1.0;6;581;rue de paris;M;4951300.0;243300.0;600
15773;201300017481;13;6;13;1430;1;1;1;2.0;7;522;;M;4956000.0;241600.0;600
15774;201300017482;13;6;15;115;5;2;1;1.0;6;581;RUE DE LA LIBERATION;M;4951000.0;243000.0;600
15775;201300017483;13;9;1;15;3;2;1;1.0;3;112;Rue de ecoles;M;0.0;0.0;600
15776;201300017484;13;9;21;1330;1;1;2;1.0;3;357;;M;0.0;0.0;600
15777;201300017485;13;10;16;1100;1;1;1;1.0;7;564;;M;0.0;0.0;600
15778;201300017486;13;11;30;1545;1;2;1;1.0;1;522;Ruelle Leclerc;M;0.0;0.0;600
15779;201300017487;13;11;27;1830;5;2;3;8.0;6;581;Rue de plainval;M;0.0;0.0;600
15780;201300017488;13;12;16;1930;3;1;1;1.0;6;581;;M;0.0;0.0;600
15781;201300017489;13;1;2;1800;3;1;1;1.0;2;537;;M;4953900.0;294700.0;600
15782;201300017490;13;2;15;2300;3;1;1;1.0;7;64;;M;4941800.0;303700.0;600
15783;201300017491;13;4;4;1700;1;2;1;1.0;3;156;;M;0.0;0.0;600
15784;201300017492;13;6;15;1145;1;2;1;1.0;6;64;rue raymond faroux;M;4941800.0;301900.0;600
15785;201300017493;13;6;15;1645;1;1;1;1.0;6;151;;M;4944700.0;289000.0;600
15786;201300017494;13;8;5;745;1;1;1;1.0;3;582;;M;4948100.0;294200.0;600
15787;201300017495;13;8;7;1400;1;2;1;1.0;6;636;;M;4949100.0;288200.0;600
15788;201300017496;13;9;15;1900;1;1;2;1.0;3;150;;M;0.0;0.0;600
15789;201300017497;13;10;25;2300;3;1;1;2.0;6;129;;M;4951800.0;303600.0;600
15790;201300017498;13;12;15;1230;1;1;1;1.0;6;32;;M;4944800.0;313400.0;600
15791;201300017499;13;8;15;1800;1;1;1;9.0;7;59;;M;0.0;0.0;600
15792;201300017500;13;3;2;1630;1;1;1;1.0;6;166;;M;0.0;0.0;600
15793;201300017501;13;7;1;1930;1;1;1;1.0;1;533;;M;0.0;0.0;600
15794;201300017502;13;8;14;15;3;1;1;1.0;6;386;;M;0.0;0.0;600
15795;201300017503;13;9;13;930;1;2;1;2.0;3;273;12 route de villers;M;0.0;0.0;600
15796;201300017504;13;10;12;1500;1;1;3;1.0;1;191;;M;0.0;0.0;600
15797;201300017506;13;2;18;1745;1;2;1;1.0;6;509;rue du General de Gaulle;M;0.0;0.0;600
15798;201300017507;13;5;5;2045;2;2;1;1.0;6;68;rue lefevre lesueur;M;0.0;0.0;600
15799;201300017508;13;8;19;1615;1;2;1;1.0;3;68;rue du Docteur Chopinet;M;0.0;0.0;600
15800;201300017509;13;11;1;1215;1;1;1;2.0;1;272;;M;0.0;0.0;600
15801;201300017510;13;11;4;1945;5;2;1;2.0;1;509;;M;0.0;0.0;600
15802;201300017512;13;4;17;2200;5;2;1;1.0;6;176;SANTOULIS;M;4275000.0;175000.0;90
15803;201300017513;13;10;21;330;5;2;1;1.0;6;53;le village;M;4276663.0;178539.0;90
15804;201300017514;13;11;6;2015;3;1;1;1.0;1;214;;M;4297707.0;121189.0;90
15805;201300017515;13;3;14;2300;3;1;1;4.0;6;301;;M;4290099.0;122715.0;90
15806;201300017516;13;11;13;1730;2;1;1;2.0;1;235;;M;4303660.0;99438.0;90
15807;201300017517;13;4;14;815;1;1;1;1.0;3;12;;M;0.0;0.0;830
15808;201300017518;13;4;21;1715;1;1;1;1.0;7;60;;M;0.0;0.0;830
15809;201300017519;13;8;9;945;1;1;1;1.0;6;84;;M;0.0;0.0;830
15810;201300017520;13;1;6;1515;1;1;1;1.0;6;7;;M;0.0;0.0;830
15811;201300017521;13;6;14;1700;1;1;1;1.0;1;2;;M;0.0;0.0;830
15812;201300017522;13;2;12;1900;5;2;1;4.0;1;9;71 rue Beucler;M;0.0;0.0;900
15813;201300017523;13;10;20;1205;1;1;1;3.0;7;24;;M;0.0;0.0;900
15814;201300017524;13;9;14;700;2;1;1;2.0;6;58;;M;4771600.0;701200.0;900
15815;201300017525;13;3;8;430;3;2;1;1.0;6;72;rue du General de Gaulle;M;0.0;0.0;900
15816;201300017526;13;4;3;2216;3;1;1;8.0;6;72;;M;4754500.0;693100.0;900
15817;201300017527;13;4;19;401;3;1;1;1.0;6;17;;M;0.0;0.0;900
15818;201300017528;13;5;10;2046;2;2;1;1.0;6;48;rue de Belvoir;M;0.0;0.0;900
15819;201300017529;13;5;21;2015;2;1;1;3.0;1;53;;M;0.0;0.0;900
15820;201300017531;13;1;4;1930;3;1;4;1.0;7;123;RUE DU PONT CROCHU;M;4912510.0;-120999.0;500
15821;201300017532;13;7;2;1530;1;2;1;1.0;6;356;RUE DE LA CHENAIE;M;4921050.0;-104255.0;500
15822;201300017533;13;7;9;1730;1;1;1;1.0;1;119;LA CROUTE;M;4916500.0;-122026.0;500
15823;201300017534;13;9;22;530;3;1;1;5.0;7;455;LES COURERIES;M;4917360.0;-103533.0;500
15824;201300017535;13;10;12;1815;1;2;1;1.0;6;606;LE BOURG;M;4921500.0;-124294.0;500
15825;201300017537;13;10;2;1800;1;1;2;1.0;3;453;LA PATTE D'OIE;M;4881710.0;-119663.0;500
15826;201300017538;13;1;10;1430;1;1;1;1.0;6;133;;M;4861100.0;-105922.0;500
15827;201300017539;13;5;10;1915;1;1;3;1.0;3;263;LE CHAMP DU MONT;M;4857680.0;-103404.0;500
15828;201300017540;13;5;27;1745;1;1;1;1.0;1;256;;M;4865130.0;-114014.0;500
15829;201300017541;13;5;28;300;3;2;1;2.0;6;484;RUE DE PARIS;M;4857730.0;-108848.0;500
15830;201300017542;13;6;2;2045;1;1;1;1.0;6;484;LA PAVEILLE;M;4858200.0;-111222.0;500
15831;201300017543;13;6;3;830;1;2;1;1.0;6;484;RUE DE MORTAIN;M;4858020.0;-109232.0;500
15832;201300017544;13;6;14;1930;1;2;1;1.0;7;484;RESIDENCE BEAUSEJOUR;M;4857820.0;-109200.0;500
15833;201300017545;13;7;15;1615;1;1;2;1.0;3;293;CLOS DU FEU;M;4861150.0;-112057.0;500
15834;201300017546;13;8;11;1000;1;1;1;1.0;7;274;LE VAUX ROUX;M;4855740.0;-111025.0;500
15835;201300017547;13;8;14;900;1;1;2;1.0;3;570;LA CROIX DU CHENE;M;4852150.0;-100784.0;500
15836;201300017548;13;9;29;1500;1;1;2;1.0;3;329;LA PETITE CHAPRONNIERE;M;4861080.0;-103087.0;500
15837;201300017549;13;11;21;1430;1;1;1;1.0;1;263;LA MAIRIE;M;4855710.0;-104664.0;500
15838;201300017550;13;5;12;1715;1;1;2;1.0;3;619;;M;4960070.0;-136768.0;500
15839;201300017551;13;4;24;1600;1;2;2;1.0;3;82;RUE PIERRE MARIE;M;4947000.0;-164118.0;500
15840;201300017552;13;9;10;615;5;2;1;1.0;3;82;RUE DU ONZE NOVEMBRE;M;4947190.0;-162961.0;500
15841;201300017553;13;8;16;2300;3;1;3;1.0;3;3;;M;4906640.0;-159578.0;500
15842;201300017554;13;8;29;1945;1;1;1;1.0;6;354;LES HAUTS VENTS;M;4909720.0;-148743.0;500
15843;201300017555;13;5;27;1445;1;1;1;1.0;2;365;;M;4893020.0;-149361.0;500
15844;201300017556;13;12;24;1715;5;2;1;2.0;6;524;RUE DU GENERAL BRADLEY;M;4913110.0;-141300.0;500
15845;201300017557;13;12;30;1945;3;1;1;1.0;1;481;;M;4923810.0;-161610.0;500
15846;201300017559;13;12;31;1945;3;1;1;2.0;6;727;;M;0.0;0.0;140
15847;201300017560;13;5;29;1645;1;2;9;1.0;2;714;LA TUILERIE D572;M;4921800.0;-79261.0;140
15848;201300017561;13;7;17;1715;1;2;1;1.0;2;480;rue capard;M;0.0;0.0;140
15849;201300017562;13;10;5;1515;1;1;1;1.0;6;124;;M;0.0;0.0;140
15850;201300017563;13;4;3;1730;1;1;1;1.0;7;196;D65 CREPON;M;4930710.0;-54780.0;140
15851;201300017564;13;7;19;1445;1;2;1;1.0;6;191;Quai Ouest;M;4933400.0;-45700.0;140
15852;201300017565;13;9;20;900;1;1;2;1.0;3;8;;M;0.0;0.0;140
15853;201300017566;13;1;14;2245;3;1;1;3.0;6;102;;;;;140
15854;201300017568;13;2;8;930;1;1;1;8.0;1;563;;;;;140
15855;201300017569;13;3;9;1800;1;1;3;1.0;3;492;;M;4938770.0;13429.0;140
15856;201300017570;13;6;9;1625;1;1;1;1.0;6;86;D288;M;4933790.0;11538.0;140
15857;201300017571;13;7;2;2000;1;1;1;1.0;3;86;;M;0.0;0.0;140
15858;201300017572;13;12;9;1730;2;1;1;8.0;1;593;;M;0.0;0.0;140
15859;201300017573;13;8;10;1715;1;1;1;1.0;3;754;;M;0.0;0.0;140
15860;201300017576;13;4;4;230;4;1;1;1.0;6;20;D37 ARGENCES;M;4913330.0;-16386.0;140
15861;201300017577;13;5;31;2200;2;1;1;1.0;6;20;LE FRESNE D'ARGENCES;M;4913300.0;-16376.0;140
15862;201300017578;13;5;13;700;1;1;2;2.0;3;162;(LE FRENE )  CLECY;M;4888510.0;-50412.0;140
15863;201300017579;13;1;11;835;1;1;1;3.0;7;403;CARREFOUR ST PIERRE;M;4914360.0;36187.0;140
15864;201300017580;13;2;9;1745;2;1;1;2.0;6;303;;;;;140
15865;201300017581;13;2;26;300;3;1;1;2.0;6;270;;M;4914390.0;33662.0;140
15866;201300017582;13;3;23;945;1;1;1;2.0;6;421;;M;4910500.0;26338.0;140
15867;201300017583;13;7;14;400;4;2;1;5.0;6;621;Le Fossard;M;0.0;0.0;140
15868;201300017584;13;7;26;1515;1;1;1;1.0;3;582;;M;0.0;0.0;140
15869;201300017585;13;8;2;1630;1;1;1;1.0;1;265;;M;4905300.0;27800.0;140
15870;201300017586;13;9;1;2145;3;1;1;1.0;6;504;;M;4922200.0;32300.0;140
15871;201300017587;13;9;5;2130;3;1;1;1.0;1;595;;M;4909200.0;23500.0;140
15872;201300017588;13;9;21;445;3;1;1;1.0;1;334;;M;0.0;0.0;140
15873;201300017589;13;4;15;830;1;2;3;1.0;2;431;MEZIDON-CANON;M;4907000.0;-6692.0;140
15874;201300017590;13;6;7;1545;1;2;6;1.0;3;431;RUE L ON BLUM;M;4907630.0;-7710.0;140
15875;201300017591;13;11;9;1530;1;1;1;1.0;3;331;;M;4901900.0;800.0;140
15876;201300017592;13;3;3;615;3;1;1;1.0;6;717;;M;4880070.0;-80233.0;140
15877;201300017593;13;4;25;1130;1;2;6;1.0;6;762;ROND POINT DU 06 JUIN;;;;140
15878;201300017594;13;6;28;1630;1;1;1;1.0;5;730;D407 LES GAILLONS;M;4884630.0;-85958.0;140
15879;201300017595;13;9;13;1615;1;1;1;2.0;6;717;;M;0.0;0.0;140
15880;201300017596;13;11;17;1200;1;1;1;1.0;1;136;;M;0.0;0.0;60
15881;201300017598;13;7;21;1200;1;1;1;1.0;3;163;;M;0.0;0.0;60
15882;201300017599;13;9;1;1230;1;1;1;1.0;1;23;;M;0.0;0.0;60
15883;201300017600;13;10;19;1930;3;1;1;1.0;6;62;;M;0.0;0.0;60
15884;201300017602;13;5;6;800;1;1;1;1.0;3;151;;M;0.0;0.0;60
15885;201300017603;13;7;24;1515;1;2;1;1.0;3;158;RD 6202, PR74+350;M;4394100.0;708700.0;60
15886;201300017605;13;7;20;1315;1;1;1;1.0;1;151;;M;4388900.0;725200.0;60
15887;201300017606;13;1;2;915;1;1;1;8.0;6;74;;M;0.0;0.0;720
15888;201300017607;13;1;8;1815;3;1;1;2.0;6;329;;M;4808200.0;31700.0;720
15889;201300017608;13;3;30;1400;1;1;6;1.0;2;310;;M;0.0;0.0;720
15890;201300017609;13;3;6;1730;1;1;1;1.0;2;269;;M;4793000.0;76200.0;720
15891;201300017610;13;6;17;1230;1;1;1;1.0;2;204;;M;4794100.0;69300.0;720
15892;201300017611;13;7;11;2200;5;2;1;1.0;6;269;;M;4792400.0;74000.0;720
15893;201300017612;13;7;12;300;3;1;1;1.0;7;204;;M;4796900.0;69200.0;720
15894;201300017613;13;8;21;600;2;1;1;1.0;6;94;;M;0.0;0.0;720
15895;201300017614;13;11;3;2115;3;1;1;2.0;2;125;;M;4795200.0;64800.0;720
15896;201300017615;13;3;17;915;1;2;1;1.0;2;358;CD 302;M;0.0;0.0;720
15897;201300017616;13;8;16;2330;5;2;1;1.0;6;90;Rue de la Herse;M;0.0;0.0;720
15898;201300017617;13;4;6;1645;1;1;1;1.0;6;157;;M;0.0;0.0;720
15899;201300017618;13;8;28;1830;1;1;1;1.0;3;89;;M;0.0;0.0;720
15900;201300017621;13;10;26;345;3;1;1;8.0;1;229;;M;0.0;0.0;720
15901;201300017622;13;1;18;2000;3;1;1;4.0;6;115;;M;4765600.0;47900.0;720
15902;201300017623;13;1;18;1715;3;1;1;4.0;2;71;;M;4771900.0;40500.0;720
15903;201300017625;13;7;1;745;1;1;9;1.0;3;221;;M;4766200.0;40400.0;720
15904;201300017626;13;7;28;1900;1;1;1;3.0;5;115;;M;4768200.0;46000.0;720
15905;201300017627;13;10;2;1;5;1;1;2.0;6;183;;M;0.0;0.0;720
15906;201300017628;13;11;21;1715;2;1;1;8.0;6;175;;M;4769900.0;14100.0;720
15907;201300017630;13;5;26;2000;1;1;1;7.0;3;112;;M;0.0;0.0;720
15908;201300017631;13;11;10;1415;1;2;1;1.0;6;39;;M;0.0;0.0;720
15909;201300017632;13;1;8;45;5;2;3;1.0;6;132;rue marceau;M;0.0;0.0;720
15910;201300017633;13;5;8;2045;1;2;1;1.0;6;132;rue Alfred Marchand;M;0.0;0.0;720
15911;201300017634;13;9;20;1445;1;1;2;1.0;5;383;;M;0.0;0.0;720
15912;201300017635;13;10;1;1800;1;1;1;2.0;1;331;;M;0.0;0.0;720
15913;201300017636;13;1;20;915;1;1;1;8.0;6;380;;M;4823300.0;16300.0;720
15914;201300017637;13;2;26;1245;1;1;1;1.0;6;199;;M;0.0;0.0;720
15915;201300017638;13;4;12;800;1;1;1;2.0;3;273;;M;0.0;0.0;720
15916;201300017639;13;7;28;745;1;2;1;1.0;6;138;01 rue du Docteur HOREAU;M;0.0;0.0;720
15917;201300017640;13;1;4;2045;3;1;1;2.0;7;27;;M;4889900.0;610800.0;540
15918;201300017641;13;7;7;2130;2;2;1;1.0;6;425;RUE DE VERDUN;M;4930920.0;576624.0;540
15919;201300017642;13;4;13;1515;1;1;2;1.0;3;269;;M;4860530.0;638383.0;540
15920;201300017643;13;5;5;1230;1;1;2;1.0;3;176;;M;4866900.0;649100.0;540
15921;201300017644;13;4;18;2115;2;1;1;1.0;6;467;;M;4845066.0;642824.0;540
15922;201300017645;13;6;5;1045;1;2;1;1.0;3;465;;M;4847139.0;629509.0;540
15923;201300017646;13;7;26;1715;1;2;3;1.0;3;76;rue d'Alsace;M;4855543.0;641126.0;540
15924;201300017647;13;12;18;1415;1;1;1;1.0;6;54;;M;4849118.0;633808.0;540
15925;201300017648;13;7;30;1400;1;1;9;1.0;6;30;;M;4860767.0;678157.0;540
15926;201300017649;13;11;5;1630;2;2;1;3.0;6;14;1 rue de saonte pole;M;0.0;0.0;540
15927;201300017650;13;9;27;1745;1;2;1;1.0;6;47;52 Grande rue;M;4854100.0;584400.0;540
15928;201300017651;13;10;14;1145;1;1;1;1.0;6;80;;M;4860621.0;581327.0;540
15929;201300017652;13;5;5;1915;1;1;1;1.0;6;346;;M;4878005.0;592517.0;540
15930;201300017653;13;12;26;1415;1;1;1;2.0;7;532;;M;4879798.0;592954.0;540
15931;201300017655;13;7;28;2215;3;1;1;1.0;6;160;;M;0.0;0.0;660
15932;201300017659;13;2;17;10;5;2;1;1.0;3;220;FERNAND MOUREAUX (BOULEV;M;4936380.0;8342.0;140
15933;201300017660;13;9;6;1600;1;1;1;1.0;1;24;;M;0.0;0.0;660
15934;201300017661;13;9;8;1245;1;1;3;1.0;3;137;;M;0.0;0.0;660
15935;201300017662;13;9;29;130;3;1;1;1.0;6;24;;M;0.0;0.0;660
15936;201300017664;13;3;30;1520;1;2;1;1.0;2;220;;M;4936280.0;8486.0;140
15937;201300017665;13;4;6;2315;5;2;1;1.0;6;557;AVENUE MICHEL D'ORNANO;M;4934400.0;8614.0;140
15938;201300017666;13;11;12;1545;1;2;1;2.0;6;220;DESIRE LE HOC (RUE);;;;140
15939;201300017667;13;4;16;1740;1;1;1;1.0;7;715;AGUESSEAU (ROUTE D');M;4936630.0;10698.0;140
15940;201300017668;13;5;1;1745;1;2;1;1.0;6;86;01, LOUVEL ET BRIERE (RU;M;4933930.0;10649.0;140
15941;201300017669;13;5;3;1915;1;2;1;1.0;6;699;VALLEE D'AUGE (RUE DE LA;M;4934640.0;9586.0;140
15942;201300017670;13;5;5;1845;1;2;1;1.0;3;220;09, JOHN FITZGERALD KENN;M;4936080.0;8624.0;140
15943;201300017671;13;5;11;1215;1;1;2;1.0;3;79;TOURGEVILLE (ROUTE DE);M;4932400.0;3632.0;140
15944;201300017672;13;6;14;425;5;2;3;1.0;3;699;ARISTIDE BRIAND (AVENUE);M;4934880.0;9843.0;140
15945;201300017673;13;7;14;2015;1;2;1;1.0;7;220;CORNUCHE (BOULEVARD);;;;140
15946;201300017674;13;7;19;1620;1;2;1;1.0;7;220;AGUSTE-DECAENS (RUE);;;;140
15947;201300017676;13;8;4;528;3;1;1;1.0;7;699;HONFLEUR (ROUTE D'HONFLE;;;;140
15948;201300017677;13;8;9;1505;1;1;6;1.0;7;699;HONFLEUR (ROUTE D'HONFLE;;;;140
15949;201300017678;13;8;20;1850;1;2;1;1.0;5;699;CD 677;;;;140
15950;201300017679;13;8;20;1850;1;2;1;1.0;2;699;CD 677;;;;140
15951;201300017680;13;9;22;925;1;2;1;1.0;6;699;LOUVEL ET BRIERE (RUE);;;;140
15952;201300017681;13;10;1;2035;1;2;1;1.0;6;715;ARISTIDE BRIAND (BOULEVA;;;;140
15953;201300017682;13;10;3;1340;1;1;1;1.0;7;79;TOURGEVILLE (ROUTE DE);;;;140
15954;201300017683;13;10;30;1805;5;2;1;1.0;7;220;MARINE (QUAI DE LA );;;;140
15955;201300017684;13;11;24;1125;1;1;1;1.0;7;79;PONT L'EVEQUE A VILLERS/;;;;140
15956;201300017685;13;11;28;1805;5;2;1;1.0;7;715;AGUESSEAU (ROUTE D');;;;140
15957;201300017686;13;12;6;1750;3;1;1;1.0;7;79;C D 27;;;;140
15958;201300017687;13;12;19;1100;1;2;1;1.0;6;220;AGUSTE-DECAENS (RUE);;;;140
15959;201300017689;13;12;31;1820;5;2;1;1.0;7;715;FERNAND MOUREAUX (BOULEV;;;;140
15960;201300017690;13;1;6;1115;1;1;1;1.0;1;48;;M;0.0;0.0;660
15961;201300017691;13;8;9;530;3;1;1;1.0;3;167;;M;0.0;0.0;660
15962;201300017692;13;8;31;1000;1;1;1;1.0;6;147;;M;0.0;0.0;660
15963;201300017693;13;9;21;2000;2;2;1;1.0;6;25;Avenue emmanuel Brousse;M;0.0;0.0;660
15964;201300017694;13;1;17;1030;1;1;1;4.0;5;64;;M;0.0;0.0;660
15965;201300017695;13;9;7;1800;1;1;1;3.0;1;188;;M;0.0;0.0;660
15966;201300017696;13;3;20;1330;1;2;1;1.0;5;187;39 avenue Jean Moulin;M;0.0;0.0;660
15967;201300017697;13;3;29;1645;1;1;1;1.0;2;46;;M;0.0;0.0;660
15968;201300017700;13;7;26;1245;1;1;1;7.0;6;96;;M;0.0;0.0;660
15969;201300017701;13;8;15;1745;1;2;1;1.0;3;96;Avenue General de Gaulle;M;0.0;0.0;660
15970;201300017702;13;8;18;445;3;1;1;1.0;7;205;;M;0.0;0.0;660
15971;201300017703;13;10;27;145;3;1;1;5.0;6;96;;M;0.0;0.0;660
15972;201300017704;13;6;10;2115;1;1;1;1.0;6;300;;M;4704400.0;319300.0;580
15973;201300017706;13;2;6;730;1;2;1;2.0;1;273;rue edouard vaillant;M;0.0;0.0;580
15974;201300017707;13;3;30;1145;1;1;1;1.0;1;278;;M;0.0;0.0;580
15975;201300017708;13;9;14;1030;1;1;1;8.0;7;72;;M;0.0;0.0;580
15976;201300017710;13;2;1;1915;3;1;1;3.0;6;267;;M;0.0;0.0;580
15977;201300017711;13;2;9;1015;1;1;1;4.0;3;267;;M;0.0;0.0;580
15978;201300017712;13;3;15;1900;3;1;1;1.0;6;4;;M;0.0;0.0;580
15979;201300017713;13;7;27;2330;3;1;1;3.0;6;281;;M;4732700.0;309300.0;580
15980;201300017714;13;3;26;915;1;1;1;1.0;7;109;;M;0.0;0.0;580
15981;201300017715;13;11;7;1000;1;1;1;8.0;1;308;;M;0.0;0.0;580
15982;201300017716;13;11;27;30;3;2;1;1.0;6;222;grande rue;M;0.0;0.0;580
15983;201300017717;13;12;12;2030;3;1;1;1.0;6;90;;M;0.0;0.0;580
15984;201300017718;13;2;20;500;5;2;1;1.0;6;124;RN7 LA PAILLASSE;M;0.0;0.0;260
15985;201300017719;13;4;20;1830;1;1;1;2.0;6;124;26124;M;0.0;0.0;260
15986;201300017720;13;4;26;930;1;1;1;2.0;1;166;26166;M;0.0;0.0;260
15987;201300017722;13;5;3;1545;1;2;1;1.0;3;165;RUE JOSEPH COMBIER RN7;M;0.0;0.0;260
15988;201300017723;13;5;6;1745;1;1;1;1.0;1;6;26006;M;0.0;0.0;260
15989;201300017724;13;5;22;1515;1;1;1;1.0;3;337;26337;M;0.0;0.0;260
15990;201300017725;13;12;16;1945;3;2;1;1.0;7;165;;M;4477880.0;485670.0;260
15991;201300017726;13;8;23;2100;5;2;1;1.0;2;234;ROUTE DE PIEGROS;M;0.0;0.0;260
15992;201300017727;13;11;8;900;1;1;1;1.0;7;11;26011;M;0.0;0.0;260
15993;201300017728;13;12;31;345;3;1;1;1.0;7;113;;M;0.0;0.0;260
15994;201300017729;13;6;8;1200;1;1;1;1.0;7;40;26040;M;0.0;0.0;260
15995;201300017730;13;1;11;1800;3;1;2;1.0;1;176;26176;M;0.0;0.0;260
15996;201300017731;13;2;12;1900;5;1;1;1.0;2;106;26106;M;0.0;0.0;260
15997;201300017732;13;3;12;1930;3;1;1;1.0;1;106;26106;M;0.0;0.0;260
15998;201300017733;13;7;7;1545;1;1;1;1.0;6;338;26338;M;0.0;0.0;260
15999;201300017734;13;5;24;715;1;1;6;1.0;6;114;26114;M;0.0;0.0;260
16000;201300017735;13;6;12;1700;1;2;1;1.0;6;211;;M;4436140.0;485780.0;260
16001;201300017736;13;6;12;1030;1;1;1;1.0;1;264;26264;M;0.0;0.0;260
16002;201300017737;13;8;17;1200;1;1;1;1.0;7;181;26181;M;0.0;0.0;260
16003;201300017738;13;12;23;1630;1;1;1;1.0;6;135;;M;0.0;0.0;260
16004;201300017739;13;6;14;800;1;1;1;1.0;5;84;26084;M;0.0;0.0;260
16005;201300017741;13;6;23;930;1;2;1;1.0;6;330;PARKING SUPER U;M;4529010.0;495320.0;260
16006;201300017742;13;2;23;1845;5;1;1;4.0;6;219;;M;0.0;0.0;700
16007;201300017743;13;3;29;1515;1;1;1;1.0;3;199;;M;0.0;0.0;700
16008;201300017744;13;4;17;1415;1;2;6;1.0;3;428;CD 322;M;0.0;0.0;700
16009;201300017745;13;6;21;815;1;1;2;1.0;3;492;;M;0.0;0.0;700
16010;201300017746;13;4;23;700;1;2;1;1.0;6;282;rue du moulin de l'etang;M;0.0;0.0;700
16011;201300017748;13;7;13;2230;5;2;1;1.0;7;410;1 Grande Rue;M;0.0;0.0;700
16012;201300017749;13;9;22;215;5;2;1;1.0;6;408;Rue Saint Hilaire;M;0.0;0.0;700
16013;201300017750;13;1;1;630;4;2;1;1.0;6;128;01 bis route de Luxeuil;M;0.0;0.0;700
16014;201300017751;13;2;16;1915;5;2;1;1.0;7;311;Rue Victor HUGO;M;0.0;0.0;700
16015;201300017752;13;3;18;1830;5;2;6;2.0;7;311;Rue Gambetta;M;0.0;0.0;700
16016;201300017753;13;4;20;1700;3;2;1;1.0;6;172;CD137 - Les breuleux;M;0.0;0.0;700
16017;201300017755;13;9;12;1045;1;2;1;8.0;6;435;rue des vosges;M;0.0;0.0;700
16018;201300017756;13;9;13;1545;1;1;1;2.0;1;176;;M;0.0;0.0;700
16019;201300017757;13;5;3;200;3;1;1;1.0;6;191;;M;0.0;0.0;850
16020;201300017759;13;6;23;1730;1;2;2;1.0;3;184;;M;4615940.0;541709.0;10
16021;201300017761;13;1;28;700;2;1;1;1.0;3;74;;M;4598700.0;516593.0;10
16022;201300017762;13;4;15;1455;1;1;1;1.0;6;359;;M;4607610.0;503859.0;10
16023;201300017763;13;7;7;2145;3;1;1;1.0;6;90;;;;;10
16024;201300017764;13;9;19;1415;1;1;2;8.0;3;90;;M;0.0;0.0;10
16025;201300017765;13;8;21;1800;1;2;1;1.0;7;66;;M;4586800.0;553376.0;10
16026;201300017766;13;11;24;1230;1;1;1;8.0;6;92;;M;0.0;0.0;10
16027;201300017767;13;12;16;2030;5;2;1;1.0;6;92;ROUTE DE BUBLANE;M;0.0;0.0;10
16028;201300017768;13;8;16;1250;1;1;1;1.0;7;93;;M;4615390.0;496199.0;10
16029;201300017770;13;1;30;1025;1;1;1;8.0;7;232;;M;4632690.0;524821.0;10
16030;201300017771;13;4;11;815;1;1;9;2.0;3;130;;M;4631220.0;514407.0;10
16031;201300017772;13;4;27;1915;1;1;1;2.0;7;323;;;;;10
16032;201300017773;13;5;19;945;1;1;1;1.0;6;124;"""GRAND RONJON""";;;;10
16033;201300017774;13;9;18;945;1;2;1;1.0;6;24;Grande rue;M;0.0;0.0;10
16034;201300017775;13;9;17;1430;1;2;1;1.0;5;115;logis neuf;M;0.0;0.0;10
16035;201300017776;13;11;22;630;3;1;1;4.0;1;229;;M;0.0;0.0;10
16036;201300017777;13;6;9;800;1;1;1;5.0;1;179;;M;4626170.0;487428.0;10
16037;201300017778;13;10;16;1745;1;1;2;1.0;3;343;;M;0.0;0.0;10
16038;201300017780;13;4;21;2300;3;1;1;2.0;7;58;;M;4564630.0;561059.0;10
16039;201300017781;13;5;23;1415;1;2;1;1.0;6;98;ROUTE DU BOURG;;;;10
16040;201300017782;13;5;26;1715;1;1;1;1.0;1;64;;M;4577730.0;547805.0;10
16041;201300017783;13;5;24;1145;1;1;1;8.0;1;34;;M;4573820.0;567401.0;10
16042;201300017784;13;7;31;1845;1;1;1;1.0;3;34;;M;0.0;0.0;10
16043;201300017785;13;3;15;1400;1;1;1;1.0;6;10;;M;4589770.0;580723.0;10
16044;201300017786;13;2;7;1415;1;2;9;4.0;6;202;;;;;10
16045;201300017787;13;1;10;745;2;1;1;4.0;5;392;;M;4625370.0;559512.0;10