;Num_Acc;an;mois;jour;hrmn;lum;agg;int;atm;col;com;adr;gps;lat;long;dep
16046;201300017790;13;5;14;700;1;1;1;1.0;1;240;;M;4624940.0;554768.0;10
16047;201300017791;13;7;8;1115;1;1;1;1.0;7;214;;M;4616200.0;547669.0;10
16048;201300017792;13;7;26;2245;5;1;1;1.0;3;269;;M;4616350.0;559190.0;10
16049;201300017793;13;2;2;700;3;1;1;4.0;6;80;;M;4600770.0;558977.0;10
16050;201300017794;13;7;14;1640;1;2;1;1.0;3;68;RUE DE LA GARE;;;;10
16051;201300017795;13;5;22;745;1;2;1;2.0;3;273;"""BOSSERON""";M;4607810.0;538267.0;10
16052;201300017797;13;10;3;2330;3;1;1;1.0;1;145;;M;0.0;0.0;10
16053;201300017798;13;3;11;1400;1;1;3;1.0;3;52;;M;4602540.0;499055.0;10
16054;201300017799;13;5;25;1300;1;1;1;2.0;6;333;CHEM DE LA VAVRETTE;;;;10
16055;201300017800;13;7;5;2330;5;2;2;1.0;3;398;CD 88 / CD 904;M;4600090.0;484689.0;10
16056;201300017801;13;8;13;955;1;2;2;1.0;3;5;;M;4599870.0;490240.0;10
16057;201300017802;13;8;11;1100;1;2;1;1.0;3;446;;M;4601930.0;483767.0;10
16058;201300017804;13;10;4;1645;1;1;4;3.0;1;204;;M;4496100.0;228200.0;150
16059;201300017805;13;9;28;1345;1;2;1;1.0;1;268;avenue du 15 septembre;M;0.0;0.0;150
16060;201300017806;13;11;8;1030;1;2;1;2.0;6;184;RN 122, le Bruel;M;0.0;0.0;150
16061;201300017807;13;11;14;1015;1;1;1;1.0;3;181;;M;0.0;0.0;150
16062;201300017808;13;4;23;1545;1;1;1;1.0;6;261;;M;4523400.0;236400.0;150
16063;201300017809;13;1;5;715;3;1;1;9.0;7;124;;M;4532900.0;258600.0;150
16064;201300017810;13;9;14;1045;1;2;1;1.0;3;162;Rue du champs de foire;M;4528800.0;265600.0;150
16065;201300017811;13;12;9;1615;1;1;1;1.0;3;162;;M;4526800.0;267500.0;150
16066;201300017812;13;3;16;1030;1;2;1;1.0;6;169;Rue du Lavoir;M;4534000.0;248000.0;150
16067;201300017813;13;4;7;730;1;1;1;1.0;6;92;;M;4542500.0;250200.0;150
16068;201300017815;13;6;29;2000;1;1;1;1.0;7;125;;M;4506600.0;313600.0;150
16069;201300017816;13;6;18;930;1;2;7;1.0;6;4;Chemin de Gaymond;M;0.0;0.0;150
16070;201300017817;13;4;10;1900;1;1;1;1.0;7;53;;M;4509200.0;297200.0;150
16071;201300017818;13;3;12;2045;5;1;1;1.0;6;244;;M;4506800.0;297500.0;150
16072;201300017819;13;6;28;500;2;1;1;1.0;1;101;;M;4511700.0;279800.0;150
16073;201300017821;13;11;30;1400;1;1;1;1.0;6;197;;M;4649500.0;340200.0;30
16074;201300017822;13;6;12;645;1;1;1;1.0;2;92;;M;4644300.0;314700.0;30
16075;201300017823;13;8;2;1915;1;1;1;1.0;5;73;;M;0.0;0.0;30
16076;201300017824;13;10;27;1430;1;1;1;1.0;3;99;;M;0.0;0.0;30
16077;201300017825;13;11;22;1545;1;1;1;4.0;3;292;;M;4640800.0;307000.0;30
16078;201300017826;13;12;9;1645;1;1;1;7.0;1;292;;M;4641100.0;307700.0;30
16079;201300017827;13;12;24;1715;5;2;1;1.0;6;275;3 Rue de la Verrerie;M;4653800.0;319400.0;30
16080;201300017828;13;3;18;445;3;1;1;1.0;7;128;;M;0.0;0.0;30
16081;201300017829;13;5;12;1930;1;1;1;1.0;6;317;;M;4646500.0;238300.0;30
16082;201300017830;13;10;17;800;1;2;1;1.0;6;82;rue de la Republique;M;4629300.0;274300.0;30
16083;201300017831;13;11;5;1900;3;1;1;2.0;6;161;;M;4619800.0;263200.0;30
16084;201300017832;13;1;11;1730;2;1;1;8.0;6;236;;M;0.0;0.0;30
16085;201300017834;13;6;29;2130;2;1;1;1.0;1;236;;M;0.0;0.0;30
16086;201300017835;13;7;23;1715;1;1;1;8.0;3;80;;M;0.0;0.0;30
16087;201300017836;13;8;11;245;3;1;6;1.0;6;93;;M;4618800.0;345400.0;30
16088;201300017837;13;11;3;1115;1;2;6;1.0;6;157;02 rue des Landelles;M;4621400.0;350400.0;30
16089;201300017838;13;3;8;1815;3;1;1;1.0;7;30;;M;0.0;0.0;30
16090;201300017840;13;6;16;1730;1;1;1;1.0;3;78;;M;0.0;0.0;30
16091;201300017841;13;6;1;1630;1;1;1;1.0;1;133;;M;0.0;0.0;30
16092;201300017842;13;11;3;1500;1;1;1;8.0;7;118;;M;0.0;0.0;30
16093;201300017843;13;11;28;645;3;1;1;1.0;1;43;;M;0.0;0.0;30
16094;201300017844;13;1;20;1545;1;1;1;4.0;6;141;;M;4597600.0;370900.0;30
16095;201300017847;13;8;3;1045;1;1;1;2.0;7;17;;M;4414000.0;530400.0;840
16096;201300017848;13;10;20;1945;2;1;1;2.0;7;107;;M;0.0;0.0;840
16097;201300017849;13;2;5;1445;1;1;1;4.0;3;46;;M;0.0;0.0;20
16098;201300017850;13;4;20;1845;1;1;1;1.0;2;493;;M;0.0;0.0;20
16099;201300017851;13;6;16;1800;1;1;2;1.0;3;37;;M;4960521.0;362289.0;20
16100;201300017852;13;8;24;1215;1;1;1;3.0;6;621;;M;0.0;0.0;20
16101;201300017853;13;12;15;210;3;1;1;1.0;7;237;;M;0.0;0.0;20
16102;201300017854;13;1;1;1400;1;2;1;1.0;6;754;31 route de Guivry;M;0.0;0.0;20
16103;201300017855;13;2;19;1515;1;1;2;1.0;3;461;;M;4956914.0;298048.0;20
16104;201300017856;13;6;1;2215;5;2;2;1.0;3;820;Croisement D338/D429;M;4963110.0;324312.0;20
16105;201300017858;13;8;1;2030;1;2;1;1.0;5;173;33 boulevard gambetta;M;4961375.0;322148.0;20
16106;201300017859;13;12;13;1005;1;2;3;5.0;3;173;Rue Ernest RENAN;M;4962200.0;322132.0;20
16107;201300017860;13;1;9;545;3;2;1;2.0;7;475;Rue de Neufchatel;M;0.0;0.0;20
16108;201300017861;13;1;23;1320;1;2;1;1.0;2;808;17 rue de Priel;M;4995233.0;319189.0;20
16109;201300017862;13;6;6;1800;1;2;1;1.0;6;293;57 rue Fernand Monot;M;0.0;0.0;20
16110;201300017863;13;5;9;1830;1;2;1;1.0;1;757;;M;0.0;0.0;20
16111;201300017864;13;7;2;1300;1;2;2;1.0;3;361;rue du jeu de paume;M;4989530.0;362671.0;20
16112;201300017865;13;3;8;1645;1;1;1;2.0;1;447;;M;0.0;0.0;20
16113;201300017866;13;4;4;2100;3;1;1;1.0;6;580;;M;4920200.0;337300.0;20
16114;201300017868;13;6;5;2330;4;2;1;1.0;7;154;route de la montagne;M;4930900.0;340900.0;20
16115;201300017869;13;3;1;1140;1;2;1;1.0;6;795;2 rue Brouillaud;M;4940605.0;311473.0;20
16116;201300017870;13;3;21;1820;1;2;3;8.0;3;795;rue de rivière;M;4940645.0;311853.0;20
16117;201300017871;13;4;17;1345;1;1;1;1.0;4;232;coté du pavé;M;0.0;0.0;20
16118;201300017872;13;4;18;1900;1;1;1;1.0;7;673;;M;0.0;0.0;20
16119;201300017873;13;5;24;1210;1;2;1;3.0;7;810;place aristide BRIAND;M;0.0;0.0;20
16120;201300017874;13;6;22;1330;1;1;9;2.0;6;795;Route de Moufliers;M;0.0;0.0;20
16121;201300017875;13;10;5;2350;5;2;6;1.0;6;810;avenue de la Ferté Milon;M;0.0;0.0;20
16122;201300017876;13;10;27;240;3;1;1;1.0;7;810;;M;0.0;0.0;20
16123;201300017877;13;3;23;1300;1;1;1;8.0;6;819;;M;0.0;0.0;20
16124;201300017878;13;12;12;1010;1;2;2;1.0;6;20;;M;0.0;0.0;20
16125;201300017879;13;5;5;2030;1;2;1;1.0;7;286;rue des pires;M;0.0;0.0;20
16126;201300017880;13;5;6;1500;1;1;1;1.0;1;308;;M;5005900.0;367000.0;20
16127;201300017881;13;2;4;2000;3;1;1;1.0;6;36;*;M;4382589.0;483578.0;130
16128;201300017882;13;4;22;745;1;1;1;1.0;6;45;;M;0.0;0.0;130
16129;201300017883;13;5;3;1230;1;2;1;1.0;1;45;route d?partementale 28;M;0.0;0.0;130
16130;201300017885;13;3;24;130;5;2;1;3.0;6;158;154 avenue Jean Jaur?s;M;0.0;0.0;380
16131;201300017886;13;4;1;2215;5;2;1;1.0;1;158;30 avenue Jean Jaur?s;M;0.0;0.0;380
16132;201300017887;13;9;3;1115;1;2;1;1.0;2;158;Avenue du general de gau;M;0.0;0.0;380
16133;201300017888;13;5;31;1000;1;1;1;1.0;1;413;;M;0.0;0.0;380
16134;201300017889;13;8;13;1900;1;1;1;1.0;1;489;;M;0.0;0.0;380
16135;201300017890;13;6;24;1445;1;1;1;1.0;7;212;;M;0.0;0.0;380
16136;201300017891;13;7;5;1600;1;1;1;1.0;1;279;;;;;380
16137;201300017892;13;7;15;730;1;1;1;1.0;1;68;;M;4509900.0;571777.0;380
16138;201300017893;13;7;30;100;4;1;1;1.0;1;68;;M;0.0;0.0;380
16139;201300017894;13;8;26;1930;1;2;1;1.0;1;529;AVENUE D URIAGE;M;0.0;0.0;380
16140;201300017895;13;10;2;830;1;1;1;7.0;2;63;;M;4543300.0;544300.0;380
16141;201300017896;13;10;19;1515;1;1;1;1.0;5;43;;M;0.0;0.0;380
16142;201300017897;13;11;2;845;1;1;1;1.0;7;13;;M;0.0;0.0;380
16143;201300017898;13;2;18;1945;5;2;1;1.0;6;124;rue de la devise;M;0.0;0.0;380
16144;201300017900;13;10;31;1000;1;1;1;1.0;3;124;;M;0.0;0.0;380
16145;201300017901;13;2;5;930;1;1;1;2.0;6;229;AV DE L'EUROPE;M;4520840.0;579945.0;380
16146;201300017902;13;7;7;1115;1;1;1;1.0;7;39;;M;0.0;0.0;380
16147;201300017904;13;8;22;2015;1;2;1;1.0;3;39;RD 1090;M;0.0;0.0;380
16148;201300017905;13;9;19;1630;1;2;7;1.0;6;229;;M;4521700.0;576700.0;380
16149;201300017906;13;10;12;1745;2;2;1;2.0;3;229;AVENUE DE VERDUN;M;0.0;0.0;380
16150;201300017907;13;4;15;1600;1;1;1;1.0;1;422;;M;0.0;0.0;380
16151;201300017908;13;5;28;1615;1;2;1;3.0;6;150;2 rue Charles de Gaulle;M;0.0;0.0;380
16152;201300017909;13;7;16;1430;1;1;1;1.0;6;175;;M;4527100.0;590900.0;380
16153;201300017910;13;9;11;830;1;2;1;1.0;6;538;;M;0.0;0.0;380
16154;201300017911;13;10;19;1600;1;1;1;1.0;6;422;;M;4515000.0;588500.0;380
16155;201300017912;13;2;20;1800;2;2;3;1.0;3;503;AV GRESIVAUDAN/L'ECLUSE;M;4532040.0;592775.0;380
16156;201300017914;13;1;6;1845;3;1;2;2.0;2;161;AV DES MARAIS/CH PARASSA;M;4539180.0;518018.0;380
16157;201300017915;13;1;8;1930;3;1;1;1.0;2;274;ROUTE DE CHAMPIER;M;4542250.0;526898.0;380
16158;201300017916;13;2;6;730;2;1;4;4.0;7;335;;M;4535820.0;502941.0;380
16159;201300017917;13;6;7;1330;1;2;4;1.0;1;393;R DES ALPES/CH DE LEMPS;M;4539040.0;531667.0;380
16160;201300017918;13;7;14;1500;1;1;1;1.0;2;300;;M;0.0;0.0;380
16161;201300017920;13;9;8;2030;3;1;1;2.0;1;134;;M;0.0;0.0;380
16162;201300017921;13;9;23;830;1;2;1;7.0;1;180;Route du Dauphin?;M;0.0;0.0;380
16163;201300017922;13;12;11;1700;1;2;1;1.0;4;130;;M;0.0;0.0;380
16164;201300017923;13;2;1;2015;3;1;1;2.0;6;199;RTE DE CHALON;M;4547750.0;490921.0;380
16165;201300017924;13;2;16;945;1;1;3;1.0;2;107;INTER CH LA COLOMBETTE;M;4546260.0;482628.0;380
16166;201300017925;13;4;12;1400;1;1;1;2.0;3;110;;M;4558500.0;487400.0;380
16167;201300017926;13;5;20;1500;1;2;1;1.0;3;131;CD131A;M;0.0;0.0;380
16168;201300017927;13;6;3;600;1;1;1;1.0;6;157;;M;4547600.0;497500.0;380
16169;201300017928;13;7;1;800;1;2;1;1.0;1;558;523 ROUTE DE MARENNES;M;4559800.0;491000.0;380
16170;201300017929;13;1;20;545;5;2;2;5.0;1;519;RUE JEAN BUJARD;M;4561150.0;501020.0;380
16171;201300017930;13;4;26;830;1;1;1;2.0;1;389;;M;0.0;0.0;380
16172;201300017931;13;5;17;1600;1;1;3;2.0;3;389;;M;4556000.0;509800.0;380
16173;201300017932;13;7;16;815;1;1;1;1.0;1;351;;M;0.0;0.0;380
16174;201300017933;13;7;20;1215;1;1;1;1.0;6;512;;M;0.0;0.0;380
16175;201300017934;13;7;24;1945;1;2;2;1.0;3;189;Avenue du g?n?ral LECLER;M;0.0;0.0;380
16176;201300017935;13;9;4;1115;1;1;2;1.0;3;35;;M;0.0;0.0;380
16177;201300017936;13;2;18;1430;1;2;1;1.0;6;232;allée alsace lorraine;M;4377049.0;129474.0;310
16178;201300017937;13;6;26;900;1;1;1;1.0;6;232;route de launac;M;4376215.0;123529.0;310
16179;201300017939;13;8;16;945;1;1;2;1.0;3;341;;M;0.0;0.0;310
16180;201300017940;13;10;18;845;1;2;1;1.0;1;33;D48/rue étienne billière;M;0.0;0.0;310
16181;201300017941;13;2;17;1745;1;2;2;1.0;3;261;ch vigné/ch amoures;M;4329573.0;116171.0;310
16182;201300017942;13;11;13;1645;5;2;1;1.0;1;390;avenue du nord;M;0.0;0.0;310
16183;201300017943;13;12;26;1515;1;1;1;4.0;1;190;;M;0.0;0.0;310
16184;201300017944;13;9;17;1700;1;1;1;1.0;6;443;;M;0.0;0.0;310
16185;201300017945;13;11;16;1245;1;1;1;8.0;6;80;;M;0.0;0.0;310
16186;201300017946;13;3;24;800;1;1;2;1.0;3;37;;M;4790902.0;-419251.0;290
16187;201300017947;13;7;15;1830;1;2;1;1.0;1;158;RUE DU PORT DE KERITY;M;4780184.0;-435076.0;290
16188;201300017948;13;8;13;1345;1;1;1;1.0;1;165;;M;4780847.0;-422555.0;290
16189;201300017950;13;2;28;2045;2;2;1;1.0;2;75;Avenue de Normandie;M;4843843.0;-438855.0;290
16190;201300017951;13;1;4;1545;1;1;1;1.0;1;93;;M;4856794.0;-442735.0;290
16191;201300017952;13;1;22;1745;1;1;1;1.0;1;290;;M;4854334.0;-454213.0;290
16192;201300017953;13;3;17;1615;1;1;1;1.0;3;35;;M;4850540.0;-454708.0;290
16193;201300017954;13;4;1;1530;1;2;1;1.0;1;160;lieu dit La Martyre;M;4861598.0;-451463.0;290
16194;201300017955;13;5;28;930;1;1;1;1.0;5;160;;M;4847446.0;-448353.0;290
16195;201300017956;13;6;23;800;1;1;1;1.0;7;117;;M;4858241.0;-452169.0;290
16196;201300017957;13;7;20;1515;1;2;1;1.0;2;195;rue de Lannilis;M;4860420.0;-451060.0;290
16197;201300017958;13;3;26;700;2;1;1;1.0;1;208;;M;4849672.0;-469838.0;290
16198;201300017959;13;5;29;1615;1;2;1;1.0;3;178;Avenue de Portsall;M;4855555.0;-469722.0;290
16199;201300017960;13;5;13;1415;1;1;1;1.0;6;162;;M;4821929.0;-398231.0;290
16200;201300017961;13;7;26;1;3;1;1;1.0;6;267;;M;4813464.0;-390425.0;290
16201;201300017962;13;9;20;745;2;1;1;1.0;3;20;Ty Hemon Liors;M;4816086.0;-404110.0;290
16202;201300017963;13;10;22;1515;1;1;1;1.0;6;27;;M;4816683.0;-386079.0;290
16203;201300017964;13;12;30;1845;5;2;1;1.0;6;162;PLACE CHARLES DE GAULLE;M;4822529.0;-397126.0;290
16204;201300017965;13;2;18;1715;1;1;1;7.0;6;104;;M;4829447.0;-427413.0;290
16205;201300017966;13;1;8;1900;3;1;1;1.0;2;264;;M;4851527.0;-414881.0;290
16206;201300017967;13;7;28;1100;1;1;1;1.0;1;204;Kergreguen;M;4851540.0;-423225.0;290
16207;201300017968;13;8;10;2100;2;1;1;8.0;7;10;;M;4849309.0;-411864.0;290
16208;201300017969;13;2;17;1530;1;1;1;1.0;1;285;;M;4862629.0;-410446.0;290
16209;201300017970;13;8;8;1845;1;1;1;1.0;1;132;;M;4860909.0;-386070.0;290
16210;201300017971;13;11;24;630;2;1;1;1.0;6;192;;M;4867462.0;-400847.0;290
16211;201300017973;13;5;28;700;2;1;1;1.0;3;71;;M;4794056.0;-343862.0;290
16212;201300017974;13;8;1;1015;1;2;1;7.0;1;31;RUE DES GLENAN;M;4777073.0;-356209.0;290
16213;201300017975;13;3;2;630;2;1;1;1.0;6;146;;M;4790668.0;-385106.0;290
16214;201300017976;13;4;19;2015;1;1;1;1.0;6;4;;M;4792829.0;-368819.0;290
16215;201300017978;13;7;13;1330;1;1;1;1.0;1;4;;M;4790428.0;-370392.0;290
16216;201300017979;13;7;24;1330;1;1;1;1.0;6;4;;M;4795428.0;-365849.0;290
16217;201300017980;13;2;10;200;3;1;1;1.0;6;154;;M;4355928.0;402968.0;340
16218;201300017981;13;3;9;2315;3;1;1;1.0;2;154;;M;4355312.0;400217.0;340
16219;201300017982;13;5;9;1145;1;2;1;1.0;1;192;CD 62E2;M;4352595.0;391930.0;340
16220;201300017983;13;5;19;1315;1;2;1;1.0;6;154;CD 62 E2;M;4354910.0;398281.0;340
16221;201300017984;13;10;9;715;2;2;1;1.0;3;192;130 avenue saint maurice;M;4353800.0;395200.0;340
16222;201300017986;13;3;2;115;3;1;1;1.0;6;27;;M;4815900.0;-204800.0;350
16223;201300017987;13;3;9;1830;1;2;2;1.0;3;184;Avenue de la Gare;M;4819872.0;-204775.0;350
16224;201300017988;13;5;16;800;1;1;1;1.0;1;201;;M;4812686.0;-216733.0;350
16225;201300017989;13;8;17;1515;1;2;1;1.0;1;320;15 rue de la Fontaine;M;0.0;0.0;350
16226;201300017990;13;10;12;1445;1;1;3;1.0;1;180;;M;4829325.0;-192249.0;350
16227;201300017991;13;2;10;630;3;1;1;2.0;6;223;;M;4801876.0;-206123.0;350
16228;201300017994;13;3;20;1450;1;2;2;1.0;1;188;rue St Nicolas;M;4813849.0;-195064.0;350
16229;201300017995;13;4;25;1440;1;1;9;1.0;2;188;;M;4813023.0;-193555.0;350
16230;201300017996;13;4;21;1930;1;1;1;1.0;6;223;;M;4798756.0;-213912.0;350
16231;201300017997;13;5;26;2045;1;1;1;1.0;6;227;;M;4818898.0;-191095.0;350
16232;201300018000;13;10;25;1530;1;2;1;1.0;6;133;fronlan;M;4809870.0;-200222.0;350
16233;201300018001;13;11;27;2200;3;1;1;1.0;6;331;;M;4809367.0;-193411.0;350
16234;201300018002;13;7;13;2345;3;2;2;1.0;6;321;1 rue Saint Martin;M;4791558.0;-158885.0;350
16235;201300018003;13;8;2;1915;1;2;2;1.0;3;12;rue de m?rhand;M;0.0;0.0;350
16236;201300018004;13;2;17;1715;1;1;1;1.0;2;179;;M;4854008.0;-191991.0;350
16237;201300018005;13;6;8;1615;1;1;1;1.0;2;299;;M;4864894.0;-187938.0;350
16238;201300018006;13;7;6;1600;3;1;1;1.0;6;299;;M;0.0;0.0;350
16239;201300018008;13;10;20;1945;3;1;2;2.0;2;43;lieu dit La Butte;M;4850645.0;-188781.0;350
16240;201300018009;13;12;10;1115;3;1;1;9.0;6;362;;M;0.0;0.0;350
16241;201300018010;13;12;14;1930;5;1;2;1.0;6;224;;M;4852500.0;-184800.0;350
16242;201300018011;13;1;16;1845;3;1;1;1.0;7;248;;M;4854825.0;-158716.0;350
16243;201300018012;13;3;13;815;1;1;1;1.0;5;186;;M;4856111.0;-177504.0;350
16244;201300018013;13;1;7;1045;1;2;1;1.0;6;360;;M;4812060.0;-120982.0;350
16245;201300018014;13;4;23;1030;1;1;1;1.0;5;109;;M;4806373.0;-119788.0;350
16246;201300018015;13;2;11;1830;2;1;1;1.0;3;254;;M;4803922.0;-148796.0;350
16247;201300018016;13;2;14;1830;1;2;1;1.0;6;207;rue francis monnoyeur;M;4812024.0;-153162.0;350
16248;201300018017;13;4;12;1630;1;1;1;1.0;3;68;;M;4809933.0;-140125.0;350
16249;201300018018;13;4;19;1900;1;1;1;1.0;7;96;;M;4806491.0;-142426.0;350
16250;201300018019;13;4;27;1230;1;2;1;1.0;6;69;;M;4804838.0;-150474.0;350
16251;201300018021;13;8;1;1800;1;2;3;1.0;3;207;D92/rue croix forges;M;0.0;0.0;350
16252;201300018022;13;10;17;2245;3;1;3;1.0;6;264;;M;4810732.0;0.0;350
16253;201300018023;13;11;29;500;3;1;1;1.0;6;68;;M;0.0;0.0;350
16254;201300018024;13;12;11;755;1;2;1;9.0;1;207;Av du General de Gaulle;M;4810967.0;-152723.0;350
16255;201300018025;13;1;29;815;5;1;1;3.0;6;194;rue de bretagne;M;0.0;0.0;440
16256;201300018026;13;5;25;2100;2;1;3;1.0;3;158;L'etang bernard;M;0.0;0.0;440
16257;201300018027;13;5;26;1830;1;1;1;1.0;1;45;Les Sables;M;0.0;0.0;440
16258;201300018028;13;9;23;1715;1;2;1;1.0;6;194;rue de bretagne;M;0.0;0.0;440
16259;201300018029;13;11;15;845;1;2;6;1.0;3;158;place de la mairie RD 17;M;0.0;0.0;440
16260;201300018030;13;7;24;1615;1;1;1;1.0;1;3;bd curie;M;0.0;0.0;440
16261;201300018032;13;2;7;915;1;1;1;1.0;1;115;Le Pont du Havre;M;0.0;0.0;440
16262;201300018033;13;3;1;2045;3;1;1;1.0;6;144;;M;0.0;0.0;440
16263;201300018034;13;8;1;2230;3;1;1;1.0;6;82;beau soleil;M;0.0;0.0;440
16264;201300018035;13;10;18;1630;1;1;1;1.0;3;48;;M;0.0;0.0;440
16265;201300018036;13;8;31;2230;3;1;1;1.0;7;99;la botte;M;0.0;0.0;440
16266;201300018037;13;11;23;1930;5;1;6;1.0;7;36;;M;4771100.0;-138200.0;440
16267;201300018038;13;6;18;1000;1;2;1;1.0;3;185;54 AVENUE JEAN BUREL;M;4765100.0;-207900.0;440
16268;201300018039;13;6;20;1515;1;1;1;1.0;6;128;Buhel;M;0.0;0.0;440
16269;201300018040;13;10;22;700;3;1;1;8.0;5;164;;M;0.0;0.0;440
16270;201300018041;13;12;11;2330;3;1;1;1.0;7;12;;M;0.0;0.0;440
16271;201300018042;13;12;26;1215;1;1;1;1.0;6;131;;M;0.0;0.0;440
16272;201300018043;13;3;17;1115;1;1;1;6.0;7;5;55 rte de la sicaudais;M;0.0;0.0;440
16273;201300018044;13;7;23;1830;1;2;1;7.0;1;154;Av Raymond Pointcaré;M;0.0;0.0;440
16274;201300018045;13;8;2;1645;1;1;1;1.0;2;182;;M;0.0;0.0;440
16275;201300018046;13;3;26;1115;1;1;2;1.0;1;84;rte st barthélémy;M;0.0;0.0;440
16276;201300018048;13;7;4;2300;3;1;1;1.0;6;29;la communauté;M;0.0;0.0;440
16277;201300018049;13;11;5;845;1;1;1;2.0;1;8;;M;0.0;0.0;440
16278;201300018050;13;11;27;1730;2;1;1;1.0;1;108;;M;0.0;0.0;440
16279;201300018051;13;11;27;1830;3;1;2;1.0;3;29;;M;0.0;0.0;440
16280;201300018052;13;11;29;1845;2;1;1;2.0;3;140;;M;0.0;0.0;440
16281;201300018053;13;3;3;2230;1;1;1;1.0;6;130;1 r la fontaine laurent;M;0.0;0.0;440
16282;201300018054;13;5;24;1245;1;1;1;1.0;1;150;route de la bretagnerie;M;0.0;0.0;440
16283;201300018055;13;10;31;1800;2;2;9;2.0;3;18;rue de la tindi?re;M;0.0;0.0;440
16284;201300018056;13;12;18;1845;5;2;1;2.0;3;130;rue d'herbauges;M;0.0;0.0;440
16285;201300018057;13;3;21;1900;5;2;3;2.0;3;83;rues De Gaulle, du stade;;;;440
16286;201300018058;13;3;29;615;3;1;1;2.0;1;72;pompas;M;4740700.0;-235500.0;440
16287;201300018059;13;4;26;1200;1;1;1;1.0;3;69;;M;0.0;0.0;440
16288;201300018060;13;6;25;1245;1;1;1;1.0;7;69;miroux;M;0.0;0.0;440
16289;201300018061;13;7;20;1600;1;1;1;1.0;4;183;;M;0.0;0.0;440
16290;201300018062;13;6;26;1915;1;1;1;1.0;6;129;la drechais;M;4743300.0;-202700.0;440
16291;201300018063;13;4;30;1930;1;2;1;1.0;7;542;RUE DES GRANDES PIECES;M;4723187.0;593710.0;250
16292;201300018064;13;7;19;1100;1;1;1;1.0;4;133;;M;0.0;0.0;250
16293;201300018065;13;5;18;1715;1;2;1;1.0;1;564;6 rue de la Corv?e;M;0.0;0.0;250
16294;201300018066;13;6;5;2315;3;1;1;1.0;6;104;;M;0.0;0.0;250
16295;201300018067;13;11;12;2100;3;1;1;8.0;7;310;;M;4744400.0;634600.0;250
16296;201300018068;13;5;21;1030;1;2;1;1.0;6;578;45 grande rue;M;0.0;0.0;250
16297;201300018069;13;5;21;2045;1;1;1;2.0;1;222;;M;0.0;0.0;250
16298;201300018071;13;8;28;1650;1;2;1;1.0;6;39;3 rue du gymnase;;;;250
16299;201300018072;13;2;6;1315;1;2;1;4.0;3;228;av. g?n?ral DE GAULLE;M;4751000.0;686400.0;250
16300;201300018074;13;6;3;1530;1;1;1;1.0;1;517;;M;4705800.0;635000.0;250
16301;201300018075;13;6;13;1100;1;2;1;1.0;2;259;RD 9;M;0.0;0.0;250
16302;201300018076;13;7;5;2015;2;1;2;1.0;3;201;;M;0.0;0.0;250
16303;201300018077;13;7;21;730;1;1;1;1.0;6;110;;M;0.0;0.0;250
16304;201300018078;13;8;7;45;3;1;1;2.0;6;110;;M;0.0;0.0;250
16305;201300018079;13;10;31;2230;3;1;1;1.0;6;282;;M;0.0;0.0;250
16306;201300018080;13;5;5;100;3;1;1;5.0;6;362;;M;0.0;0.0;250
16307;201300018081;13;9;1;1745;1;1;1;1.0;1;413;;M;0.0;0.0;250
16308;201300018082;13;6;30;1230;1;1;1;1.0;5;75;;M;4544395.0;607495.0;730
16309;201300018083;13;9;9;1130;1;1;1;1.0;2;79;;M;4554155.0;617487.0;730
16310;201300018084;13;1;8;2000;3;1;1;5.0;6;332;;M;0.0;0.0;390
16311;201300018086;13;3;15;2000;3;1;1;1.0;3;531;;M;0.0;0.0;390
16312;201300018087;13;5;16;1345;1;1;1;2.0;6;390;;M;0.0;0.0;390
16313;201300018088;13;6;20;945;1;1;1;1.0;2;552;;M;0.0;0.0;390
16314;201300018090;13;10;9;1345;1;1;1;1.0;6;552;;M;0.0;0.0;390
16315;201300018091;13;5;17;815;1;1;1;2.0;1;397;;M;0.0;0.0;390
16316;201300018093;13;12;25;630;3;1;1;8.0;6;199;;M;0.0;0.0;390
16317;201300018094;13;1;9;715;3;1;1;5.0;2;197;;M;0.0;0.0;390
16318;201300018095;13;9;9;715;1;1;1;5.0;6;295;;M;0.0;0.0;390
16319;201300018098;13;3;11;1130;1;1;1;1.0;1;299;;M;4698100.0;536100.0;390
16320;201300018099;13;6;16;1715;1;2;1;1.0;1;415;Rue bruleux;M;4694100.0;534300.0;390
16321;201300018100;13;6;28;930;1;1;1;2.0;6;387;;M;4701800.0;549500.0;390
16322;201300018101;13;12;10;715;2;1;1;5.0;1;128;;M;0.0;0.0;390
16323;201300018102;13;1;30;1245;1;1;1;8.0;5;283;;M;4634000.0;568500.0;390
16324;201300018103;13;7;10;1530;1;1;1;8.0;1;286;;M;0.0;0.0;390