;Num_Acc;an;mois;jour;hrmn;lum;agg;int;atm;col;com;adr;gps;lat;long;dep
16325;201300018104;13;1;9;715;3;1;1;2.0;1;65;LESPOUL;M;4862103.0;-299965.0;220
16326;201300018105;13;1;24;1745;4;2;4;8.0;3;375;le bourg;M;4861630.0;-298416.0;220
16327;201300018106;13;6;11;1630;1;2;1;1.0;3;236;16 rue du languidou;M;4866334.0;-298636.0;220
16328;201300018107;13;7;11;1745;1;1;1;7.0;3;117;;M;4859000.0;-285900.0;220
16329;201300018108;13;9;24;845;1;2;1;1.0;3;7;av du G?n?ral De Gaulle;M;0.0;0.0;220
16330;201300018109;13;9;24;1600;1;2;1;1.0;6;7;boulevard Cl?menceau;M;0.0;0.0;220
16331;201300018110;13;12;20;1900;3;1;1;2.0;3;117;;M;4861923.0;-289622.0;220
16332;201300018111;13;2;1;2230;3;1;1;3.0;3;155;BEL AIR;M;4822613.0;-275617.0;220
16333;201300018112;13;7;1;1445;1;1;3;1.0;3;147;;M;0.0;0.0;220
16334;201300018113;13;11;16;2100;3;1;1;1.0;1;183;;M;4817098.0;-258473.0;220
16335;201300018114;13;4;6;1845;1;1;1;1.0;3;182;;M;0.0;0.0;220
16336;201300018115;13;2;13;815;2;1;2;1.0;3;258;L'ESPERANCE;M;4844819.0;-264369.0;220
16337;201300018117;13;2;7;1215;1;1;2;2.0;3;77;;M;4852837.0;-242248.0;220
16338;201300018118;13;2;18;730;2;2;1;9.0;1;4;hent ty glas;M;4862328.0;-331212.0;220
16339;201300018119;13;7;12;1515;1;1;1;1.0;1;338;;M;4864218.0;-317925.0;220
16340;201300018120;13;11;3;400;3;1;6;3.0;6;298;;M;4820039.0;-289061.0;220
16341;201300018121;13;7;18;1745;1;1;3;1.0;3;257;11 RUE DE KERBRIDO;M;4872368.0;-332426.0;220
16342;201300018122;13;11;1;545;3;1;1;2.0;6;347;;M;4879900.0;-320200.0;220
16343;201300018123;13;11;12;1845;5;2;6;1.0;6;362;Boulevard Jean Guehenno;M;4877887.0;-323339.0;220
16344;201300018124;13;9;10;900;1;2;1;3.0;6;138;41 RUE GENERAL DE GAULLE;M;0.0;0.0;680
16345;201300018125;13;3;3;2030;5;2;1;1.0;3;68;rue de Delle;M;4762811.0;711683.0;680
16346;201300018126;13;8;22;2030;3;1;1;1.0;6;267;;M;4777500.0;723500.0;680
16347;201300018127;13;2;6;1100;1;2;9;1.0;6;349;RUE DU GENERAL DE GAULE;M;4760693.0;757451.0;680
16348;201300018128;13;5;18;1145;1;1;1;1.0;1;232;;M;4752483.0;750787.0;680
16349;201300018129;13;6;29;1530;1;1;1;1.0;7;297;;M;4754460.0;750485.0;680
16350;201300018130;13;8;2;2000;1;1;1;1.0;3;135;;M;4758227.0;751410.0;680
16351;201300018131;13;8;13;1730;1;1;1;1.0;7;364;;M;4795400.0;724700.0;680
16352;201300018132;13;7;4;930;1;1;1;1.0;7;307;;M;0.0;0.0;680
16353;201300018133;13;12;6;2300;3;1;1;1.0;6;60;;M;0.0;0.0;680
16354;201300018134;13;11;2;1300;1;1;1;1.0;1;38;;M;0.0;0.0;340
16355;201300018135;13;1;11;900;2;1;1;1.0;1;310;;M;4341222.0;313139.0;340
16356;201300018136;13;4;24;1930;1;1;1;1.0;7;201;;M;4342104.0;296973.0;340
16357;201300018137;13;7;31;1830;1;2;1;1.0;3;74;Avenue de la Garenne;M;4346700.0;303400.0;340
16358;201300018138;13;3;16;1600;1;1;1;1.0;6;139;;M;4342325.0;324437.0;340
16359;201300018139;13;3;20;1830;1;1;1;1.0;1;25;;M;4340153.0;325759.0;340
16360;201300018140;13;5;26;430;3;1;1;1.0;6;237;;M;4351557.0;331758.0;340
16361;201300018141;13;2;23;2330;3;1;1;4.0;6;293;;M;4359718.0;272037.0;340
16362;201300018142;13;3;14;2000;5;2;1;1.0;7;284;RD 612,avenue de la gare;M;4348740.0;276869.0;340
16363;201300018143;13;8;4;1045;1;1;1;1.0;7;107;;M;4360500.0;280200.0;340
16364;201300018144;13;8;18;845;1;1;1;1.0;7;160;;M;4356500.0;297800.0;340
16365;201300018146;13;5;21;1145;1;2;1;1.0;3;299;RD 64;M;0.0;0.0;340
16366;201300018147;13;7;26;900;1;1;1;1.0;1;299;;M;4328934.0;329012.0;340
16367;201300018148;13;9;3;1545;1;2;6;1.0;3;36;Hameau Cartels du Bosc;M;4368800.0;335900.0;340
16368;201300018149;13;1;7;1015;1;1;1;1.0;2;197;;M;4356926.0;341252.0;340
16369;201300018150;13;2;10;245;3;1;1;1.0;6;41;;M;4362734.0;346069.0;340
16370;201300018151;13;2;20;1840;3;1;1;1.0;2;180;;M;4359326.0;344978.0;340
16371;201300018152;13;5;14;1730;1;1;1;1.0;6;175;;M;4360677.0;337254.0;340
16372;201300018153;13;8;10;600;2;1;1;1.0;6;281;;M;4352515.0;348492.0;340
16373;201300018154;13;9;9;630;2;1;1;1.0;7;79;;M;4361200.0;344800.0;340
16374;201300018155;13;9;22;1745;1;1;1;1.0;6;175;;M;4361300.0;338600.0;340
16375;201300018156;13;9;27;1445;1;1;1;2.0;3;175;;M;0.0;0.0;340
16376;201300018157;13;10;5;1615;1;2;1;1.0;6;79;bd du president wilson;M;4363300.0;343500.0;340
16377;201300018158;13;11;11;830;1;2;1;1.0;6;76;route de clermont;M;4364446.0;345613.0;340
16378;201300018160;13;2;26;1815;2;2;2;1.0;3;239;Rue de BAGES;M;4364104.0;350183.0;340
16379;201300018161;13;1;17;1520;1;2;1;7.0;6;14;48, CARMES (RUE DES);;;;150
16380;201300018162;13;2;8;1355;1;2;1;1.0;6;14;1, MONTHYON (COURS);;;;150
16381;201300018163;13;2;18;915;1;2;6;7.0;6;14;LESCUDILLIERS (BOULEVARD;;;;150
16382;201300018164;13;4;30;1035;1;2;6;2.0;6;14;DOUMER (AVENUE PAUL);;;;150
16383;201300018165;13;5;11;2025;1;2;1;2.0;3;14;SEMARD (PLACE PIERRE);;;;150
16384;201300018166;13;5;13;1444;1;2;1;1.0;6;14;32, PRADES (AVENUE DES);;;;150
16385;201300018167;13;6;30;1620;1;1;1;1.0;7;12;RD 920;;;;150
16386;201300018168;13;8;9;2110;2;2;1;1.0;6;14;37, BLUM (RUE LEON);;;;150
16387;201300018169;13;9;10;1134;1;2;1;1.0;3;14;195, LECLERC (AVENUE DU;;;;150
16388;201300018171;13;10;24;850;1;2;3;1.0;3;14;13, PRADES (AVENUE DES);;;;150
16389;201300018172;13;12;6;2050;5;2;1;9.0;1;12;5, RAMOND (RUE DU DOCTEU;;;;150
16390;201300018173;13;1;18;1445;1;1;1;1.0;6;207;;M;4338025.0;349884.0;340
16391;201300018174;13;3;22;30;3;1;1;1.0;6;31;;M;4335623.0;344413.0;340
16392;201300018175;13;4;19;2015;2;1;1;1.0;1;207;;M;4339204.0;351291.0;340
16393;201300018176;13;7;12;1300;1;2;1;1.0;7;332;51 avenue d' AGDE;M;0.0;0.0;340
16394;201300018178;13;11;1;1030;1;1;1;1.0;7;31;;M;0.0;0.0;340
16395;201300018179;13;11;12;1630;1;1;1;1.0;2;332;;M;0.0;0.0;340
16396;201300018180;13;2;8;330;3;1;3;1.0;3;24;;M;4346737.0;369138.0;340
16397;201300018181;13;6;13;1500;1;2;1;1.0;3;23;1 impasse des n?gafols;M;0.0;0.0;340
16398;201300018182;13;8;9;1900;1;1;1;1.0;6;113;;M;;;340
16399;201300018183;13;8;9;2115;5;1;1;1.0;1;213;;M;;;340
16400;201300018184;13;9;1;130;3;1;1;1.0;6;88;;M;0.0;0.0;340
16401;201300018185;13;11;27;900;1;2;1;1.0;6;87;rue Capdalliech;M;0.0;0.0;340
16402;201300018186;13;1;26;1945;5;2;4;1.0;1;199;avenue de verdun;M;4345412.0;342116.0;340
16403;201300018187;13;3;11;1730;1;1;1;2.0;1;285;;M;4352023.0;351745.0;340
16404;201300018188;13;7;8;1400;1;2;1;1.0;3;166;568 ave de B?ziers D18;M;4340000.0;336800.0;340
16405;201300018189;13;7;16;1730;3;1;1;1.0;7;199;;M;4347400.0;338200.0;340
16406;201300018190;13;9;15;1800;1;1;1;1.0;5;199;;M;4343800.0;341500.0;340
16407;201300018191;13;11;2;1945;3;2;1;1.0;6;199;route de nizas CD 30;M;4346800.0;342400.0;340
16408;201300018193;13;12;8;2130;3;1;1;1.0;6;63;;M;4348555.0;335694.0;340
16409;201300018194;13;1;22;1530;1;1;1;1.0;1;290;;M;0.0;0.0;860
16410;201300018195;13;4;20;2015;1;1;1;1.0;3;148;;M;0.0;0.0;860
16411;201300018196;13;4;21;15;3;2;1;1.0;6;103;rue guerette du limousin;M;0.0;0.0;860
16412;201300018198;13;11;23;1100;1;2;1;1.0;6;290;33 all?e des cinq sceaux;M;0.0;0.0;860
16413;201300018199;13;1;7;1845;3;1;1;5.0;6;213;;M;0.0;0.0;860
16414;201300018201;13;7;20;600;2;1;1;1.0;7;39;;M;0.0;0.0;860
16415;201300018202;13;8;4;415;3;1;1;1.0;6;293;;M;0.0;0.0;860
16416;201300018203;13;1;3;1015;1;2;1;1.0;6;177;1 Boulevard Gambetta;M;0.0;0.0;860
16417;201300018204;13;1;25;1130;1;1;2;8.0;3;208;;M;0.0;0.0;860
16418;201300018205;13;4;29;1730;1;2;1;1.0;6;160;20 Bd Foulques Nerra;M;0.0;0.0;860
16419;201300018206;13;5;23;1745;1;1;2;1.0;5;281;LIEU DIT : ROUSSAIS;M;0.0;0.0;860
16420;201300018207;13;6;9;1400;1;1;1;2.0;3;177;;M;0.0;0.0;860
16421;201300018208;13;7;5;645;1;1;1;1.0;1;177;;M;4666100.0;28400.0;860
16422;201300018210;13;8;7;2000;1;2;3;1.0;3;144;rue de mirebeau;M;0.0;0.0;860
16423;201300018211;13;8;25;1130;1;1;1;2.0;7;281;;M;0.0;0.0;860
16424;201300018213;13;9;16;945;1;1;1;8.0;7;177;;M;0.0;0.0;860
16425;201300018214;13;12;4;1430;1;1;1;7.0;2;300;;M;4667500.0;21700.0;860
16426;201300018215;13;2;6;445;3;2;1;1.0;3;174;Rue Francois Mauriac;M;4677900.0;47000.0;860
16427;201300018216;13;12;26;415;3;1;1;1.0;6;183;;M;0.0;0.0;860
16428;201300018218;13;7;20;1700;1;1;1;1.0;6;274;;M;0.0;0.0;860
16429;201300018219;13;9;16;700;2;1;1;1.0;5;287;;M;0.0;0.0;860
16430;201300018220;13;10;5;1400;1;1;2;1.0;3;173;;M;0.0;0.0;860
16431;201300018221;13;10;9;1630;1;2;1;1.0;3;137;Rue Jeanne d'Arc;M;0.0;0.0;860
16432;201300018223;13;12;20;1830;3;1;1;1.0;5;227;;M;0.0;0.0;860
16433;201300018224;13;8;21;2100;2;1;1;1.0;3;86;;M;0.0;0.0;860
16434;201300018225;13;10;26;2100;3;1;1;1.0;6;37;;M;0.0;0.0;860
16435;201300018226;13;4;8;1745;1;2;1;1.0;6;80;01 rue Emile SALAUN;M;4837268.0;-437551.0;290
16436;201300018228;13;7;21;215;3;2;1;1.0;6;189;CHEMIN DE KERVENAL;M;4837896.0;-434690.0;290
16437;201300018229;13;8;8;900;1;1;1;1.0;2;140;;M;4835612.0;-431472.0;290
16438;201300018230;13;8;19;1530;1;1;1;1.0;6;189;;M;4837616.0;-437987.0;290
16439;201300018231;13;8;20;1415;1;1;1;1.0;1;43;;M;4835804.0;-425948.0;290
16440;201300018232;13;12;29;2115;3;1;1;2.0;7;137;;M;4833636.0;-425940.0;290
16441;201300018233;13;1;18;2015;5;2;1;2.0;6;25;;M;4756080.0;153538.0;410
16442;201300018234;13;2;4;1845;1;1;1;1.0;3;104;;M;4758620.0;143027.0;410
16443;201300018235;13;2;20;1900;3;1;1;1.0;6;34;;M;4764540.0;152584.0;410
16444;201300018236;13;4;1;1745;1;1;1;1.0;3;50;;;;;410
16445;201300018237;13;5;24;1000;1;1;1;1.0;3;295;;M;4759450.0;137057.0;410
16446;201300018238;13;6;25;2300;3;1;1;1.0;6;295;;;;;410
16447;201300018239;13;7;6;1130;1;1;1;1.0;3;246;;M;0.0;0.0;410
16448;201300018240;13;7;12;2130;1;2;1;1.0;1;204;3 RUE DE NOZIEUX;;;;410
16449;201300018241;13;7;15;1545;1;2;1;1.0;6;295;199 ROUTE DE CHAMBORD;M;4757430.0;139498.0;410
16450;201300018242;13;7;18;1230;1;1;1;1.0;7;86;;M;4751700.0;154687.0;410
16451;201300018243;13;8;19;1100;1;2;6;1.0;3;150;;M;4756250.0;145502.0;410
16452;201300018244;13;3;28;1545;1;1;1;1.0;1;97;;M;4727680.0;164426.0;410
16453;201300018245;13;4;20;245;3;1;1;1.0;6;97;;M;4726490.0;165922.0;410
16454;201300018246;13;6;9;100;3;1;1;1.0;7;280;;M;4728420.0;171612.0;410
16455;201300018247;13;9;8;1515;1;1;3;1.0;3;242;;M;4726690.0;155331.0;410
16456;201300018249;13;2;26;445;3;1;1;4.0;7;164;;M;4729270.0;136507.0;410
16457;201300018250;13;4;8;1;5;2;1;1.0;6;180;07 ROUTE DE BLOIS;M;4739090.0;125492.0;410
16458;201300018251;13;5;25;1800;1;1;1;1.0;2;164;;M;4727270.0;143489.0;410
16459;201300018253;13;6;29;1515;1;2;1;1.0;3;151;Quai de la Republique;M;0.0;0.0;410
16460;201300018254;13;7;15;1945;1;1;1;1.0;7;43;;M;4727910.0;147116.0;410
16461;201300018255;13;7;17;2000;1;1;1;1.0;2;51;;M;4735640.0;113897.0;410
16462;201300018256;13;7;22;2045;1;2;1;1.0;7;43;rue du port;M;4727700.0;149100.0;410
16463;201300018257;13;8;11;1815;1;1;2;1.0;3;151;;M;4736430.0;121107.0;410
16464;201300018258;13;10;8;1930;3;1;1;1.0;3;49;;M;4736180.0;147566.0;410
16465;201300018259;13;10;14;815;1;1;1;2.0;1;51;;M;4736900.0;111956.0;410
16466;201300018260;13;10;18;1215;1;1;2;1.0;7;146;;M;4735510.0;127243.0;410
16467;201300018261;13;10;29;1630;1;1;1;1.0;6;164;;;;;410
16468;201300018262;13;11;17;1030;1;2;7;1.0;6;211;;;;;410
16469;201300018263;13;12;1;400;3;1;1;5.0;7;126;;M;4728360.0;127755.0;410
16470;201300018264;13;12;20;1200;1;1;1;1.0;7;54;;;;;410
16471;201300018266;13;5;23;915;1;1;1;1.0;7;176;;M;4748270.0;209070.0;410
16472;201300018267;13;9;2;1915;1;2;1;1.0;6;161;18 RUE SAINT MARC;M;4754230.0;203467.0;410
16473;201300018268;13;11;20;715;2;1;1;1.0;3;127;;M;4757730.0;178262.0;410
16474;201300018269;13;11;22;1845;3;1;1;2.0;1;46;;M;4759990.0;189822.0;410
16475;201300018270;13;12;4;1845;5;2;1;1.0;1;159;72 RUE DU 11 NOVEMBRE;M;4753570.0;179490.0;410
16476;201300018271;13;12;11;1800;3;1;1;1.0;6;159;;M;4751050.0;176278.0;410
16477;201300018272;13;12;8;1730;3;1;1;1.0;1;216;;M;4797760.0;123082.0;410
16478;201300018273;13;12;14;1830;3;1;1;1.0;3;154;;;;;410
16479;201300018274;13;12;19;1200;1;1;3;1.0;3;214;;M;4792100.0;119262.0;410
16480;201300018276;13;2;14;730;3;1;1;2.0;1;300;1481 AVENEUE DES LANDES;M;4421290.0;49048.0;470
16481;201300018277;13;6;13;530;3;1;1;1.0;1;19;;M;4427400.0;68500.0;470
16482;201300018278;13;6;25;1715;1;1;1;1.0;7;69;;M;0.0;0.0;470
16483;201300018279;13;10;23;1700;1;1;1;1.0;1;246;;M;4423370.0;51187.0;470
16484;201300018280;13;11;7;845;1;2;1;1.0;5;40;AVENUE DE LANDES;M;4420370.0;54905.0;470
16485;201300018281;13;11;8;830;1;2;1;1.0;6;209;AVENUE DE CAHORS;M;4421960.0;66044.0;470
16486;201300018282;13;11;20;1715;1;2;1;1.0;2;40;AVENUE DES LANDES;M;4420550.0;54147.0;470
16487;201300018283;13;12;12;815;2;1;1;5.0;3;60;;M;4411790.0;71285.0;470
16488;201300018284;13;12;24;1630;1;2;1;2.0;1;16;ROUTE DE ROQUEFORT D292;M;4413960.0;55914.0;470
16489;201300018285;13;5;3;830;1;1;1;1.0;3;213;;M;0.0;0.0;470
16490;201300018286;13;6;5;745;1;1;2;1.0;3;190;;M;0.0;0.0;470
16491;201300018287;13;6;29;730;1;1;1;1.0;1;66;;M;4424400.0;45100.0;470
16492;201300018288;13;7;1;1030;1;1;1;1.0;5;22;LIEU-DIT BARATET;M;4424720.0;41334.0;470
16493;201300018289;13;3;3;415;4;1;1;1.0;7;138;LIEU-DIT LAGASSE;M;4425780.0;72854.0;470
16494;201300018290;13;7;27;1845;1;1;1;1.0;6;234;;M;4421000.0;75000.0;470
16495;201300018291;13;8;30;2100;2;1;1;1.0;1;86;;M;0.0;0.0;470
16496;201300018292;13;12;31;1500;1;2;1;1.0;1;310;boulevard max dormoy;M;0.0;0.0;470
16497;201300018293;13;7;27;1145;1;1;1;1.0;7;71;;M;4446620.0;48339.0;470
16498;201300018294;13;10;19;1300;1;2;1;1.0;4;310;CHARLES DE GAULLE;M;4438980.0;31019.0;470
16499;201300018295;13;10;22;1700;2;1;3;1.0;3;159;;M;4439060.0;19455.0;470
16500;201300018296;13;11;1;1445;1;1;1;1.0;7;159;;M;4439570.0;22865.0;470
16501;201300018297;13;11;12;1045;1;2;1;1.0;1;310;RUE LABRUYERE;M;4439190.0;30605.0;470
16502;201300018298;13;12;16;700;2;1;1;8.0;2;253;;M;4444030.0;13192.0;470
16503;201300018300;13;10;6;1300;1;1;1;1.0;2;97;;M;4421650.0;37753.0;470
16504;201300018301;13;11;26;1745;5;2;1;1.0;6;52;RD 933;M;0.0;0.0;470
16505;201300018302;13;1;22;800;2;1;1;1.0;6;146;;M;4443010.0;68460.0;470
16506;201300018303;13;3;16;1830;1;1;1;2.0;7;284;LIEU-DIT MICHELOU;M;4453530.0;88677.0;470
16507;201300018304;13;3;25;15;3;1;1;1.0;6;117;LIEU-DIT GUILLAMOU;M;4432580.0;77971.0;470
16508;201300018305;13;4;1;1845;1;1;1;2.0;6;181;;M;4450600.0;84800.0;470
16509;201300018306;13;4;23;1830;1;1;1;1.0;6;297;LDT PRAT N?OU;M;4431850.0;66352.0;470
16510;201300018307;13;9;5;1900;2;2;1;7.0;6;280;RUE DE LA R?PUBLIQUE;M;4439740.0;80613.0;470
16511;201300018308;13;6;28;1330;1;2;1;1.0;6;273;RUE DE GARY;M;4486683.0;188125.0;460
16512;201300018309;13;6;23;2115;1;1;1;2.0;1;67;;M;4535131.0;460791.0;420
16513;201300018310;13;6;30;1630;1;2;1;1.0;3;23;rue de la R?publique;M;4529672.0;455915.0;420
16514;201300018311;13;10;25;1800;1;2;1;1.0;1;97;3 All?e des Florianes;M;4550210.0;432117.0;420
16515;201300018312;13;11;13;1600;1;1;1;1.0;1;30;;M;4581059.0;403943.0;420
16516;201300018313;13;4;24;1330;1;2;1;1.0;6;266;CD 109;M;4541635.0;406880.0;420
16517;201300018314;13;5;3;2015;2;1;1;1.0;3;262;;M;4540003.0;416661.0;420
16518;201300018315;13;3;31;545;3;1;1;2.0;6;38;;M;4564541.0;420088.0;420
16519;201300018316;13;7;16;1415;1;2;9;1.0;3;13;Route de bellegarde;M;4564627.0;428980.0;420
16520;201300018317;13;9;4;1445;1;1;1;1.0;7;10;;M;4556572.0;437269.0;420
16521;201300018318;13;10;4;1700;1;1;1;3.0;1;59;;M;4562850.0;438316.0;420
16522;201300018321;13;9;21;1045;1;1;1;7.0;3;334;;M;4584967.0;430372.0;420
16523;201300018322;13;6;24;1545;1;1;1;1.0;6;230;;M;4582309.0;403258.0;420
16524;201300018323;13;1;8;715;3;1;1;5.0;1;68;;M;0.0;0.0;120
16525;201300018324;13;1;10;200;3;1;1;2.0;6;188;;M;4428000.0;276100.0;120
16526;201300018325;13;2;16;930;1;1;3;1.0;3;56;;M;4429400.0;243600.0;120
16527;201300018326;13;3;16;1515;1;1;2;1.0;3;188;;M;4428100.0;277100.0;120
16528;201300018327;13;6;30;1900;1;1;1;1.0;1;90;;M;4437200.0;253200.0;120
16529;201300018329;13;7;14;1400;1;1;4;1.0;5;50;;M;4423200.0;277600.0;120
16530;201300018330;13;7;26;745;1;1;1;1.0;1;90;;M;4437400.0;248400.0;120
16531;201300018331;13;8;8;1530;1;1;1;8.0;4;50;;M;0.0;0.0;120
16532;201300018333;13;10;12;2030;3;1;1;2.0;1;32;;M;4430800.0;238900.0;120
16533;201300018334;13;11;15;1645;1;1;1;8.0;1;90;;M;0.0;0.0;120
16534;201300018335;13;12;31;1630;1;1;1;1.0;7;277;;M;0.0;0.0;120
16535;201300018336;13;5;18;2030;2;1;1;3.0;6;61;;M;0.0;0.0;120
16536;201300018337;13;3;24;430;3;2;1;2.0;6;203;CD 999  LAURAS;M;0.0;0.0;120
16537;201300018338;13;7;21;1515;1;1;1;1.0;7;203;;M;4398200.0;300600.0;120
16538;201300018339;13;11;6;830;1;1;1;2.0;7;243;;M;4401700.0;295400.0;120
16539;201300018340;13;7;13;730;1;1;1;1.0;1;183;;M;4395700.0;255600.0;120
16540;201300018341;13;8;12;1215;1;1;1;1.0;1;248;;M;4387800.0;261900.0;120
16541;201300018342;13;9;18;1600;1;2;1;1.0;5;248;;M;4388600.0;261400.0;120
16542;201300018343;13;6;14;1500;1;1;1;7.0;1;242;;M;0.0;0.0;120
16543;201300018344;13;9;2;1615;1;1;1;1.0;3;35;;M;4740257.0;-63195.0;490
16544;201300018345;13;2;7;1115;1;1;1;1.0;3;377;Pont Reugnier;M;4754390.0;-43444.0;490
16545;201300018347;13;2;14;1145;1;1;1;8.0;6;323;;M;4752246.0;-49722.0;490
16546;201300018348;13;3;23;1630;1;1;1;1.0;5;377;;M;4755229.0;-49388.0;490
16547;201300018349;13;4;6;1815;1;1;2;1.0;3;307;;M;4741441.0;-31160.0;490
16548;201300018350;13;4;27;830;1;1;1;1.0;6;238;Rue Nationale;M;4752177.0;-43725.0;490
16549;201300018351;13;5;22;1515;1;1;1;2.0;6;241;;M;4748227.0;-41515.0;490
16550;201300018352;13;6;2;1545;1;1;1;1.0;7;377;;M;4754295.0;-48584.0;490
16551;201300018353;13;6;2;1630;1;1;1;1.0;6;117;GERBEAU;M;4743176.0;-43084.0;490
16552;201300018354;13;6;28;2015;1;2;1;1.0;7;307;82 bis levee du roi Rene;M;4741062.0;-33151.0;490
16553;201300018355;13;7;7;1715;1;1;1;1.0;1;241;La Perdrière;M;4749328.0;-45645.0;490
16554;201300018356;13;9;22;1145;1;1;1;1.0;2;42;;M;0.0;0.0;490
16555;201300018357;13;9;28;900;1;1;1;8.0;1;377;La Dionnière;M;4754202.0;-48647.0;490
16556;201300018358;13;10;5;2030;4;1;1;1.0;6;42;;M;0.0;0.0;490
16557;201300018359;13;10;6;215;3;1;1;1.0;7;307;Levé du roi rené;M;4741120.0;-33408.0;490
16558;201300018361;13;11;9;1315;1;1;1;2.0;3;323;;M;4751300.0;-47100.0;490
16559;201300018363;13;3;3;1415;1;1;1;1.0;7;82;La chapelle des mines;M;4734330.0;-71027.0;490
16560;201300018364;13;12;15;1145;1;1;1;8.0;2;297;L'ile Bigeard;M;4737153.0;-96955.0;490
16561;201300018365;13;2;5;1015;1;1;2;2.0;3;380;;M;4757981.0;-1967.0;490
16562;201300018366;13;3;17;1115;1;1;1;1.0;2;101;La Bertraie;M;4765078.0;-7261.0;490
16563;201300018367;13;12;4;1130;1;1;1;5.0;2;356;;M;4715652.0;-42040.0;490
16564;201300018368;13;4;26;400;3;1;1;1.0;6;219;;M;4722260.0;4694.0;490
16565;201300018369;13;5;3;1700;1;1;1;1.0;6;112;;M;4717363.0;-13711.0;490
16566;201300018370;13;10;5;1630;1;2;1;1.0;2;215;290 avenue Paul PAINLEVE;M;0.0;0.0;490
16567;201300018371;13;8;18;1700;1;1;1;1.0;1;136;;M;0.0;0.0;490
16568;201300018372;13;2;1;1115;1;1;1;2.0;7;43;;M;4758371.0;-76913.0;490
16569;201300018374;13;5;18;530;2;1;6;1.0;7;251;;M;4756719.0;-67762.0;490
16570;201300018375;13;12;5;1715;3;1;1;1.0;4;155;;M;0.0;0.0;490
16571;201300018376;13;6;8;545;2;1;1;1.0;7;132;l'etang;M;4766749.0;-42979.0;490
16572;201300018378;13;3;15;1630;1;1;1;1.0;3;504;;M;4872900.0;525200.0;550
16573;201300018379;13;1;18;1600;1;1;1;1.0;7;282;;M;4881900.0;532100.0;550
16574;201300018380;13;7;21;1845;1;2;6;1.0;1;463;avenue de la lib?ration;M;4889900.0;553700.0;550
16575;201300018381;13;3;5;1850;3;1;3;1.0;3;573;;M;4868434.0;562123.0;550
16576;201300018382;13;2;4;1300;1;2;1;2.0;1;119;Lotissement le Rougis;M;4936835.0;517615.0;550
16577;201300018383;13;7;7;300;3;1;1;1.0;6;63;;M;4930500.0;574700.0;550
16578;201300018385;13;8;14;1500;1;1;1;1.0;3;2;;M;4920500.0;555700.0;550
16579;201300018386;13;8;4;15;5;2;1;1.0;7;110;2 rue de l'?glise;M;4953600.0;529700.0;550
16580;201300018387;13;11;7;1930;3;1;1;2.0;1;252;;M;4946470.0;540831.0;550
16581;201300018388;13;5;30;1630;1;1;3;2.0;3;203;LA PIECE;M;4839454.0;5727.0;610
16582;201300018390;13;2;18;1515;1;1;1;1.0;1;36;;M;4863328.0;10398.0;610
16583;201300018391;13;3;7;1230;1;1;1;8.0;7;301;LES TROIS CORNES;M;4855319.0;17215.0;610
16584;201300018393;13;3;7;2115;3;1;1;2.0;6;283;;M;4880363.0;-9054.0;610
16585;201300018394;13;3;23;1900;2;1;1;1.0;3;179;FROMENTEL;M;4871869.0;-26904.0;610
16586;201300018395;13;3;25;1630;1;1;1;1.0;1;210;;M;4867069.0;-15189.0;610
16587;201300018396;13;4;28;700;2;1;1;1.0;7;298;;M;4873924.0;-4812.0;610
16588;201300018397;13;10;9;1430;1;2;1;1.0;1;194;Le bourg;M;4873280.0;-9143.0;610
16589;201300018398;13;11;10;430;3;1;1;1.0;6;346;L'HOTELLERIE FAROULT;M;4889411.0;11008.0;610
16590;201300018399;13;2;12;1730;1;1;1;1.0;5;232;LES ISLES;M;4863253.0;-69825.0;610
16591;201300018400;13;7;31;1500;1;1;1;1.0;3;145;LA CROIX DE LA LIEUE;M;4883011.0;-58271.0;610
16592;201300018401;13;9;3;1130;1;1;1;7.0;2;91;;M;4858797.0;-50067.0;610
16593;201300018402;13;4;21;2230;3;1;1;1.0;6;223;LA VIEILLE COUR;M;4870159.0;-67325.0;610
16594;201300018404;13;6;4;1745;1;2;1;1.0;7;168;RUE SOEUR MARIE BOITIER;M;4859507.0;-35357.0;610
16595;201300018405;13;12;19;1800;3;1;2;8.0;2;168;CARREFOUR EPINETTE;M;4856122.0;-39565.0;610
16596;201300018406;13;6;19;830;1;1;3;1.0;3;255;LES PIGEOLETS;M;4845775.0;61715.0;610
16597;201300018407;13;9;12;1745;1;1;1;2.0;7;476;L'OISELET;M;4838553.0;41583.0;610
16598;201300018408;13;12;19;1900;3;1;1;9.0;7;229;;M;4851258.0;59719.0;610