;Num_Acc;an;mois;jour;hrmn;lum;agg;int;atm;col;com;adr;gps;lat;long;dep
16599;201300018409;13;1;1;345;3;1;1;1.0;7;422;LE VIEUX CHATEAU;M;4868714.0;59260.0;610
16600;201300018411;13;3;8;1500;1;2;6;1.0;6;214;1, rue Romain d'archy;M;4876469.0;62832.0;610
16601;201300018412;13;7;4;815;1;1;1;1.0;1;193;LA HULLIERE;M;4879451.0;50194.0;610
16602;201300018413;13;8;31;45;3;1;1;1.0;7;193;LE BOCAGE;M;4883633.0;47957.0;610
16603;201300018414;13;11;17;2045;3;1;1;1.0;6;297;;M;4864390.0;45447.0;610
16604;201300018415;13;8;26;530;4;1;9;1.0;1;356;L'AIGUILLON;M;4870449.0;61578.0;610
16605;201300018416;13;10;7;2300;3;1;1;1.0;6;79;GLAYE;M;4820491.0;72387.0;610
16606;201300018417;13;11;3;1800;3;1;1;2.0;1;246;LE GIBET;M;4827250.0;77260.0;610
16607;201300018418;13;5;24;1745;1;1;1;1.0;1;429;GENTILLY;M;4863234.0;73907.0;610
16608;201300018419;13;6;16;1815;1;1;1;1.0;1;125;BONCOUR;M;4840327.0;92183.0;610
16609;201300018420;13;7;22;1830;1;1;1;1.0;7;230;LA BANDONNIERE;M;4853956.0;73440.0;610
16610;201300018421;13;10;29;1115;1;1;1;1.0;2;345;;M;4842973.0;75458.0;610
16611;201300018422;13;1;28;1745;1;2;2;1.0;6;98;CH DU CLOS SAVOYE;M;4998232.0;125571.0;760
16612;201300018423;13;3;18;1645;1;2;2;2.0;3;255;23, R JEAN DUHORNAY;M;5004848.0;141599.0;760
16613;201300018424;13;3;28;430;3;1;1;1.0;1;255;RTE DE SAINT PIERRE;M;5002840.0;143433.0;760
16614;201300018425;13;4;3;745;1;2;3;1.0;3;618;R DE LA MER;M;4995703.0;122238.0;760
16615;201300018426;13;6;8;1;5;2;1;1.0;6;507;ROUTE DE EU;M;5004299.0;143470.0;760
16616;201300018427;13;6;8;2345;5;2;1;1.0;6;711;RUE DU DOCTEUR PEPIN;M;5005820.0;138074.0;760
16617;201300018428;13;6;29;1930;1;2;6;1.0;3;255;ROND POINT CD 925 - 1915;M;5005306.0;139940.0;760
16618;201300018429;13;7;8;1445;1;2;1;1.0;3;711;5, QU SADI CARNOT;M;5005968.0;137992.0;760
16619;201300018430;13;7;21;1215;1;2;1;1.0;1;644;;M;5000853.0;137359.0;760
16620;201300018431;13;7;28;1145;1;2;1;1.0;7;252;RUE DU DOUX MESNIL;M;5003380.0;138817.0;760
16621;201300018432;13;8;13;2000;1;1;1;1.0;6;255;;M;5003583.0;142419.0;760
16622;201300018433;13;8;15;1700;1;2;1;1.0;7;496;R DES HARES;M;4997972.0;123220.0;760
16623;201300018435;13;11;19;1330;1;1;1;1.0;1;644;;M;5001742.0;139831.0;760
16624;201300018436;13;12;16;1545;1;1;1;1.0;6;207;;M;4993079.0;136843.0;760
16625;201300018437;13;1;7;1530;1;1;1;8.0;2;673;;M;4946223.0;125672.0;760
16626;201300018438;13;2;18;900;1;1;1;1.0;1;548;;M;4947266.0;135104.0;760
16627;201300018439;13;3;2;1400;1;2;1;1.0;3;591;450 BIS RTE DE GOURNAY;M;4944238.0;117690.0;760
16628;201300018441;13;4;11;1630;1;1;1;1.0;2;591;;M;4944235.0;119138.0;760
16629;201300018442;13;6;21;1;5;2;1;2.0;7;560;RTE DE LYONS LA FORET;M;4941829.0;118789.0;760
16630;201300018443;13;7;8;1715;1;1;1;7.0;6;560;CD 7 - PK23+500;M;4942381.0;117117.0;760
16631;201300018445;13;8;12;1445;1;1;2;1.0;3;248;;M;4957918.0;129383.0;760
16632;201300018446;13;10;6;1100;1;1;2;1.0;6;571;;M;4954151.0;134418.0;760
16633;201300018447;13;3;29;1615;1;1;1;1.0;1;126;;M;4569200.0;315000.0;630
16634;201300018448;13;6;2;1915;1;1;1;1.0;1;120;;M;0.0;0.0;630
16635;201300018449;13;6;16;45;3;1;1;1.0;3;350;;M;4572700.0;326200.0;630
16636;201300018451;13;10;17;1445;1;2;1;1.0;1;457;boulevard du Comté;M;0.0;0.0;630
16637;201300018452;13;12;2;1615;1;2;1;7.0;6;455;2 Avenue de la monne;M;4512100.0;328500.0;630
16638;201300018453;13;2;19;1715;1;1;1;1.0;1;137;;M;4540900.0;360400.0;630
16639;201300018454;13;3;6;1715;1;2;1;1.0;1;211;AVENUE DU LIVRADOIS;M;0.0;0.0;630
16640;201300018455;13;7;27;2115;2;2;1;1.0;1;3;13 ave Georges POMPIDOU;M;4555511.0;375005.0;630
16641;201300018456;13;8;30;1100;1;1;1;1.0;5;374;;M;0.0;0.0;630
16642;201300018457;13;5;5;1500;1;1;1;1.0;6;207;;M;0.0;0.0;630
16643;201300018460;13;6;19;1400;1;1;1;1.0;6;353;;M;4543900.0;356200.0;630
16644;201300018461;13;3;11;1400;1;1;1;2.0;1;261;;M;0.0;0.0;630
16645;201300018462;13;5;7;1415;1;2;1;1.0;6;172;Le Bourg;M;0.0;0.0;630
16646;201300018463;13;10;11;1100;1;1;1;2.0;6;380;;M;0.0;0.0;630
16647;201300018464;13;10;18;1345;1;1;1;1.0;3;268;;M;0.0;0.0;630
16648;201300018465;13;11;9;945;1;2;1;1.0;3;178;Boulevard du Mont-Mouche;M;0.0;0.0;630
16649;201300018466;13;12;8;1700;2;2;1;1.0;1;7;RD 714 le bourg;M;0.0;0.0;630
16650;201300018467;13;1;22;1300;1;1;1;8.0;3;397;;M;0.0;0.0;630
16651;201300018468;13;6;6;1700;1;1;1;1.0;1;98;;M;4551200.0;272100.0;630
16652;201300018469;13;9;5;1030;1;2;1;1.0;6;236;place de la r?publique;M;4557255.0;281138.0;630
16653;201300018470;13;6;25;1730;1;1;1;1.0;1;400;;M;4604300.0;336200.0;630
16654;201300018471;13;7;19;1815;1;1;1;1.0;6;362;;M;4593100.0;324300.0;630
16655;201300018472;13;1;4;1330;1;1;1;2.0;3;223;;M;0.0;0.0;630
16656;201300018473;13;6;6;730;1;2;6;1.0;6;231;ROND POING A89;M;4587032.0;362829.0;630
16657;201300018474;13;6;9;2330;3;1;1;8.0;1;66;;M;4586877.0;365345.0;630
16658;201300018475;13;7;15;1815;1;1;1;1.0;3;430;;M;0.0;0.0;630
16659;201300018476;13;8;10;200;5;2;1;1.0;6;430;avenue de la 1er arm?e;M;0.0;0.0;630
16660;201300018477;13;9;3;1815;1;2;1;1.0;6;430;36avenue des Cizolles;M;4584597.0;353550.0;630
16661;201300018478;13;12;3;1815;5;2;1;1.0;6;430;8 rue des grammonts;M;4585671.0;354866.0;630
16662;201300018479;13;12;15;415;5;2;1;9.0;6;276;Route de Billom;M;0.0;0.0;630
16663;201300018480;13;10;31;1645;1;2;1;1.0;6;125;avenue Henri Pourrat;M;0.0;0.0;630
16664;201300018481;13;1;2;1615;1;2;1;2.0;6;180;route du pont;M;0.0;0.0;630
16665;201300018482;13;5;19;1215;1;1;1;8.0;3;201;;M;4594500.0;338000.0;630
16666;201300018483;13;8;28;30;3;1;1;2.0;6;271;;M;4593300.0;346300.0;630
16667;201300018484;13;10;25;1800;1;2;1;1.0;1;128;bajolet;M;4591600.0;337800.0;630
16668;201300018485;13;12;8;2100;5;1;1;8.0;6;271;;M;4593400.0;349100.0;630
16669;201300018486;13;12;12;1715;1;1;1;9.0;6;95;;M;4596300.0;346000.0;630
16670;201300018488;13;2;17;700;5;2;1;5.0;6;382;Avenue COLBERT;M;4790281.0;359976.0;890
16671;201300018489;13;2;20;1600;1;1;1;1.0;5;68;;M;4782341.0;376621.0;890
16672;201300018490;13;5;7;1500;1;1;1;1.0;1;227;;M;4789319.0;375857.0;890
16673;201300018491;13;7;6;1815;1;2;1;1.0;1;226;rue Saint MARTIN - D.124;M;0.0;0.0;890
16674;201300018492;13;8;3;1730;1;2;2;1.0;3;341;CARREFOUR D.956 / D.2;M;0.0;0.0;890
16675;201300018493;13;8;11;1830;1;1;1;1.0;6;282;;M;0.0;0.0;890
16676;201300018494;13;9;3;1045;1;1;1;1.0;6;198;;M;4788400.0;356900.0;890
16677;201300018495;13;9;26;1715;1;1;3;1.0;3;198;;M;4786300.0;357800.0;890
16678;201300018496;13;10;6;1600;1;1;1;1.0;7;34;;M;4781600.0;371500.0;890
16679;201300018497;13;11;20;1845;3;1;1;4.0;1;250;;M;0.0;0.0;890
16680;201300018498;13;1;28;730;2;1;1;9.0;5;345;;M;4799881.0;370408.0;890
16681;201300018499;13;5;31;1715;1;2;1;2.0;5;276;route de Troyes;M;4804551.0;379448.0;890
16682;201300018500;13;7;21;2300;3;1;1;1.0;1;26;;M;0.0;0.0;890
16683;201300018501;13;8;28;1800;1;2;1;1.0;2;26;82 RUE ETIENNE FINOT;M;4800409.0;367930.0;890
16684;201300018502;13;10;7;1345;1;2;1;1.0;6;402;grande rue;M;0.0;0.0;890
16685;201300018503;13;1;6;1810;3;1;1;8.0;6;272;;M;4770429.0;334748.0;890
16686;201300018504;13;2;9;800;1;1;1;4.0;6;216;;M;4753483.0;326312.0;890
16687;201300018505;13;5;11;1015;1;1;1;1.0;6;344;;M;4761763.0;307483.0;890
16688;201300018507;13;5;17;1900;1;1;1;1.0;7;400;;M;4755867.0;333097.0;890
16689;201300018508;13;6;14;2130;2;2;1;1.0;6;324;D14, PK 57;M;4774139.0;287707.0;890
16690;201300018509;13;10;11;1100;1;1;1;8.0;6;311;;M;4777800.0;341900.0;890
16691;201300018510;13;6;1;1530;1;1;1;1.0;1;25;;M;4748100.0;391600.0;890
16692;201300018511;13;6;13;1015;1;1;1;1.0;7;25;;M;4747519.0;391528.0;890
16693;201300018512;13;1;7;1145;1;2;2;1.0;6;321;;M;0.0;0.0;890
16694;201300018513;13;4;11;1545;1;1;1;3.0;1;355;;M;4786852.0;407161.0;890
16695;201300018514;13;6;29;615;2;2;1;2.0;7;211;GRANDE RUE;M;0.0;0.0;890
16696;201300018515;13;7;3;1515;1;1;1;3.0;6;39;;M;0.0;0.0;890
16697;201300018517;13;4;16;830;1;2;1;1.0;3;473;Rue du Milieu;M;0.0;0.0;890
16698;201300018519;13;11;4;1400;1;1;1;1.0;7;480;;M;0.0;0.0;890
16699;201300018521;13;12;6;1115;1;1;1;1.0;1;449;;M;0.0;0.0;890
16700;201300018522;13;12;24;1545;1;1;2;2.0;3;449;;M;4833209.0;309799.0;890
16701;201300018523;13;1;11;1130;1;1;1;2.0;7;428;;M;4823367.0;305745.0;890
16702;201300018524;13;11;21;1345;1;1;1;1.0;6;380;;M;4808229.0;308774.0;890
16703;201300018525;13;1;8;900;1;2;1;1.0;6;348;avenue Wilson;M;4803288.0;329589.0;890
16704;201300018526;13;1;31;2045;3;1;1;1.0;6;142;Entre Buisson & Chapitre;M;4807762.0;336603.0;890
16705;201300018527;13;4;5;1630;1;1;1;1.0;3;464;;M;4806337.0;329029.0;890
16706;201300018528;13;11;9;1930;5;2;1;2.0;1;464;Faubourg Saint Nicolas;M;4809300.0;329600.0;890
16707;201300018529;13;8;28;1630;1;1;1;1.0;3;495;;M;4652504.0;460674.0;710
16708;201300018530;13;6;8;2215;3;2;1;3.0;6;550;;M;0.0;0.0;710
16709;201300018531;13;11;1;1630;1;1;3;1.0;5;591;;M;0.0;0.0;710
16710;201300018532;13;1;22;1045;1;2;1;1.0;6;14;avenue charles de gaulle;M;4695033.0;429860.0;710
16711;201300018533;13;1;26;1400;1;1;3;8.0;1;14;;M;0.0;0.0;710
16712;201300018534;13;4;18;2130;3;1;1;1.0;1;162;;M;0.0;0.0;710
16713;201300018535;13;4;26;330;3;1;1;1.0;6;162;;M;0.0;0.0;710
16714;201300018536;13;5;7;1430;1;1;1;1.0;3;535;;M;4700600.0;425466.0;710
16715;201300018537;13;6;1;1100;1;1;2;1.0;3;144;;M;0.0;0.0;710
16716;201300018538;13;7;5;1830;1;2;2;7.0;1;190;La dree;M;0.0;0.0;710
16717;201300018539;13;7;22;30;5;2;6;1.0;6;14;Carrefour de la legion;M;0.0;0.0;710
16718;201300018540;13;7;31;2045;1;1;1;1.0;6;14;;M;4694929.0;434788.0;710
16719;201300018541;13;8;15;1945;1;2;1;1.0;5;14;66 av de la republique;M;4695776.0;430019.0;710
16720;201300018542;13;9;5;1100;1;2;1;1.0;6;14;boulevard mazagran;M;4695574.0;430661.0;710
16721;201300018543;13;9;5;715;1;1;1;7.0;1;162;;M;0.0;0.0;710
16722;201300018544;13;10;29;1000;1;1;1;1.0;3;493;;M;0.0;0.0;710
16723;201300018545;13;12;21;800;1;1;1;8.0;7;438;;M;4703800.0;440044.0;710
16724;201300018546;13;7;5;1200;1;2;6;1.0;3;192;rond point de l'europe;M;4686674.0;419916.0;710
16725;201300018547;13;4;14;945;1;1;1;1.0;1;191;;M;0.0;0.0;710
16726;201300018548;13;6;14;730;1;1;1;1.0;6;347;;M;0.0;0.0;710
16727;201300018549;13;2;16;900;1;1;1;5.0;3;222;la fougère;M;0.0;0.0;710
16728;201300018550;13;11;15;645;3;1;1;3.0;3;463;;M;0.0;0.0;710
16729;201300018551;13;12;9;1615;1;1;1;7.0;6;483;;M;4633484.0;428481.0;710
16730;201300018552;13;3;4;1330;1;1;1;1.0;1;132;;M;0.0;0.0;710
16731;201300018553;13;5;5;2000;2;1;1;7.0;1;340;;M;0.0;0.0;710
16732;201300018554;13;1;14;700;2;2;1;2.0;3;484;64 rue du bourg;M;0.0;0.0;710
16733;201300018555;13;1;20;2030;3;1;1;4.0;1;64;;M;0.0;0.0;710
16734;201300018556;13;4;7;1545;1;1;1;1.0;6;177;;M;0.0;0.0;710
16735;201300018557;13;8;6;845;1;2;1;1.0;3;380;;M;0.0;0.0;710
16736;201300018559;13;8;31;1400;1;1;1;1.0;1;56;;M;0.0;0.0;710
16737;201300018560;13;8;30;2015;2;2;1;1.0;7;263;;M;0.0;0.0;710
16738;201300018561;13;9;21;1500;1;1;1;1.0;7;484;;M;0.0;0.0;710
16739;201300018562;13;10;3;1600;1;1;1;1.0;3;196;;M;4665658.0;534919.0;710
16740;201300018563;13;10;14;1700;1;1;1;1.0;1;143;;M;4645887.0;530715.0;710
16741;201300018564;13;6;15;1900;1;2;1;1.0;1;61;RD817 - GARE SNCF;M;0.0;0.0;640
16742;201300018565;13;9;21;1000;1;1;1;1.0;6;301;;M;4341010.0;-67408.0;640
16743;201300018566;13;7;13;730;1;1;1;1.0;6;136;;M;4319300.0;204999.0;110
16744;201300018567;13;7;17;1215;1;1;1;1.0;5;9;;M;0.0;0.0;110
16745;201300018568;13;10;26;1415;1;2;1;1.0;3;49;rue des ?coles;M;4324700.0;211500.0;110
16746;201300018569;13;2;18;445;3;2;1;1.0;6;35;CD 117;M;0.0;0.0;110
16747;201300018570;13;7;27;1130;1;2;1;1.0;6;106;rue Hoche;M;0.0;0.0;110
16748;201300018571;13;5;11;1015;1;1;1;1.0;2;48;;M;0.0;0.0;810
16749;201300018572;13;5;22;1745;1;1;1;1.0;1;8;;M;4409500.0;215900.0;810
16750;201300018573;13;3;16;445;5;2;1;1.0;6;11;CD87;M;4373550.0;182337.0;810
16751;201300018574;13;4;13;2200;3;1;1;1.0;6;140;;M;4368330.0;175287.0;810
16752;201300018575;13;8;1;1845;1;1;1;1.0;5;298;;M;0.0;0.0;810
16753;201300018576;13;12;22;330;5;1;6;2.0;6;104;;M;0.0;0.0;810
16754;201300018577;13;11;19;1730;3;1;1;2.0;6;227;;M;4367400.0;229000.0;810
16755;201300018578;13;2;4;1130;1;1;1;3.0;1;120;;M;4355580.0;227939.0;810
16756;201300018579;13;8;9;1115;1;1;1;1.0;1;325;;M;4355700.0;218300.0;810
16757;201300018580;13;2;23;1400;1;2;1;1.0;1;63;Quai de la Jonch?re;M;0.0;0.0;690
16758;201300018581;13;2;3;1430;1;1;1;1.0;1;18;;M;4624600.0;447700.0;690
16759;201300018582;13;7;28;115;5;2;1;1.0;6;165;CD 337;M;4612900.0;463300.0;690
16760;201300018583;13;7;6;1900;1;2;1;1.0;1;6;rue Auguste Villy;M;0.0;0.0;690
16761;201300018584;13;5;23;1830;1;2;3;1.0;1;363;CD671, PR4+900;M;0.0;0.0;330
16762;201300018585;13;8;24;1800;1;1;1;1.0;7;83;;M;0.0;0.0;330
16763;201300018586;13;4;23;1915;1;1;1;1.0;6;36;;M;0.0;0.0;330
16764;201300018587;13;5;29;930;1;2;1;8.0;6;36;9 rue Pallas;M;4443700.0;-21200.0;330
16765;201300018588;13;1;5;645;5;2;1;1.0;6;523;D122 PR 44+200;M;0.0;0.0;330
16766;201300018589;13;5;18;2045;1;1;1;1.0;1;97;;M;0.0;0.0;330
16767;201300018590;13;10;21;530;3;1;1;1.0;6;203;;M;0.0;0.0;330
16768;201300018591;13;10;24;1445;1;1;1;1.0;1;203;;M;0.0;0.0;330
16769;201300018592;13;1;30;2015;3;1;1;8.0;1;314;;M;0.0;0.0;330
16770;201300018593;13;6;9;900;1;1;1;8.0;6;314;;M;0.0;0.0;330
16771;201300018594;13;8;2;730;2;1;3;8.0;3;125;;M;0.0;0.0;330
16772;201300018595;13;12;19;2045;3;1;1;2.0;7;395;;M;0.0;0.0;330
16773;201300018596;13;1;6;1815;3;1;1;1.0;6;348;;M;4536800.0;-96900.0;330
16774;201300018597;13;5;7;1830;1;1;1;1.0;1;390;;M;0.0;0.0;330
16775;201300018598;13;9;4;1330;1;1;1;1.0;3;45;;M;0.0;0.0;330
16776;201300018599;13;10;13;1730;1;1;1;8.0;6;108;;M;0.0;0.0;330
16777;201300018600;13;5;8;1500;2;1;1;1.0;7;468;;M;0.0;0.0;330
16778;201300018601;13;8;27;1900;1;2;1;1.0;3;402;rue marceau;M;0.0;0.0;330
16779;201300018602;13;9;14;1630;1;2;1;1.0;6;402;D936;M;0.0;0.0;330
16780;201300018603;13;5;20;2345;3;1;1;1.0;1;292;;M;4324957.0;-11621.0;650
16781;201300018604;13;7;11;915;1;1;1;1.0;1;155;;M;4329075.0;55991.0;650
16782;201300018605;13;10;8;1345;1;1;1;1.0;6;373;PUNTOUS/D632;M;4330110.0;44205.0;650
16783;201300018606;13;1;10;1445;1;1;1;2.0;6;432;;M;4352999.0;-4011.0;650
16784;201300018607;13;7;13;700;1;2;1;1.0;7;460;91 avenue de PAU;M;4338492.0;4855.0;650
16785;201300018608;13;8;2;1830;1;2;1;7.0;3;304;1155 avenue de bordeaux;M;4347611.0;2306.0;650
16786;201300018609;13;9;9;1745;1;2;1;1.0;2;460;avenu Claude CHALIN;M;4336911.0;6136.0;650
16787;201300018611;13;5;20;1230;1;2;1;1.0;6;395;;M;4310246.0;-17034.0;650
16788;201300018612;13;8;25;1900;1;2;1;1.0;3;421;RD 97;M;4306949.0;1027.0;650
16789;201300018613;13;9;2;1830;1;2;1;1.0;7;29;RD 918 PK 18+300;M;4299176.0;-12923.0;650
16790;201300018614;13;10;10;1230;1;1;1;2.0;7;363;PINAS/D 159;M;4311810.0;46430.0;650
16791;201300018615;13;9;9;1830;1;2;6;1.0;1;388;;M;4282173.0;32801.0;650
16792;201300018616;13;1;18;2015;3;1;1;4.0;5;229;;M;4730370.0;134732.0;410
16793;201300018617;13;4;8;2300;3;1;1;1.0;6;99;;M;4730190.0;134043.0;410
16794;201300018618;13;7;1;915;1;1;1;1.0;2;49;;M;4732680.0;149207.0;410
16795;201300018619;13;7;27;1900;1;1;1;1.0;3;135;;M;4729620.0;187971.0;410
16796;201300018620;13;8;3;215;3;1;1;3.0;2;110;;M;4731470.0;181312.0;410
16797;201300018621;13;8;19;1315;1;1;1;1.0;2;110;;M;4731390.0;181694.0;410
16798;201300018622;13;9;18;1115;1;1;1;2.0;1;229;;M;4730590.0;135819.0;410
16799;201300018623;13;1;11;730;3;1;1;2.0;4;75;;M;0.0;0.0;820
16800;201300018624;13;4;13;1645;1;1;1;1.0;6;160;;M;0.0;0.0;820
16801;201300018625;13;6;14;1930;1;1;1;1.0;7;73;;M;0.0;0.0;820
16802;201300018626;13;1;10;815;1;1;1;5.0;6;784;;M;0.0;0.0;800
16803;201300018627;13;6;3;1430;1;1;1;1.0;4;159;;M;0.0;0.0;800
16804;201300018628;13;6;10;1530;1;2;1;1.0;1;507;;M;0.0;0.0;800
16805;201300018629;13;6;11;1900;1;1;1;8.0;5;156;;M;0.0;0.0;800
16806;201300018630;13;6;29;1545;1;1;1;1.0;3;672;;M;0.0;0.0;800
16807;201300018631;13;7;2;2300;3;1;2;2.0;3;412;;M;0.0;0.0;800
16808;201300018632;13;7;6;1745;1;1;1;1.0;5;461;;M;0.0;0.0;800
16809;201300018633;13;7;10;1815;1;1;1;1.0;7;107;;M;0.0;0.0;800
16810;201300018634;13;11;6;2030;3;1;1;8.0;4;36;;M;0.0;0.0;800
16811;201300018635;13;11;18;1630;1;2;1;1.0;6;212;18 RUE ANDRE FOUCART;M;4990898.0;250680.0;800
16812;201300018636;13;1;18;1115;1;1;2;8.0;3;142;;M;0.0;0.0;800
16813;201300018638;13;3;5;1730;1;1;1;1.0;6;655;;M;0.0;0.0;800
16814;201300018639;13;3;9;1615;1;1;3;1.0;3;13;;M;0.0;0.0;800
16815;201300018640;13;9;11;2245;3;1;1;2.0;6;62;;M;0.0;0.0;800
16816;201300018641;13;9;29;1445;1;1;1;1.0;1;703;;M;0.0;0.0;800
16817;201300018642;13;10;15;1630;1;2;1;1.0;3;324;tour de hais;M;4994274.0;181225.0;800
16818;201300018643;13;11;28;900;1;1;1;8.0;6;443;;M;0.0;0.0;800
16819;201300018645;13;12;28;1915;3;1;1;8.0;3;456;;M;0.0;0.0;800
16820;201300018646;13;4;6;800;1;1;1;1.0;1;50;;M;0.0;0.0;800
16821;201300018647;13;4;18;715;1;1;1;1.0;6;791;;M;0.0;0.0;800
16822;201300018648;13;5;31;2100;1;1;1;1.0;3;114;;M;0.0;0.0;800
16823;201300018649;13;6;1;815;1;2;3;1.0;3;630;D919;M;0.0;0.0;800
16824;201300018651;13;8;7;1720;1;1;2;1.0;3;515;;M;0.0;0.0;800
16825;201300018652;13;9;7;1700;1;2;1;1.0;1;424;;M;0.0;0.0;800
16826;201300018653;13;10;8;1700;1;2;1;1.0;7;399;RUE DU VIEIL ORME;M;0.0;0.0;800
16827;201300018654;13;10;14;1915;5;2;4;2.0;1;211;ROUTE DE BELLEUSE;M;0.0;0.0;800
16828;201300018656;13;4;8;1815;1;1;2;1.0;3;130;;M;0.0;0.0;800
16829;201300018657;13;4;14;1330;1;2;1;1.0;3;11;Rue Pierre Brossolette;M;0.0;0.0;800
16830;201300018658;13;4;28;2200;3;1;1;1.0;2;650;;M;0.0;0.0;800
16831;201300018659;13;5;26;1830;1;2;1;1.0;3;11;RUE JEAN CATELAS;M;0.0;0.0;800
16832;201300018660;13;6;19;430;2;1;2;1.0;1;718;;M;0.0;0.0;800
16833;201300018661;13;6;26;1300;1;1;1;1.0;1;20;;M;0.0;0.0;800
16834;201300018662;13;7;12;1700;1;1;1;1.0;5;798;;M;0.0;0.0;800
16835;201300018663;13;8;19;1900;1;1;2;1.0;1;718;;M;0.0;0.0;800
16836;201300018664;13;10;7;545;3;1;2;5.0;1;718;;M;0.0;0.0;800
16837;201300018665;13;10;18;1845;3;1;1;1.0;5;650;;M;0.0;0.0;800
16838;201300018666;13;11;24;1500;1;1;2;1.0;3;130;;M;0.0;0.0;800
16839;201300018667;13;12;12;845;1;1;1;9.0;1;187;;M;0.0;0.0;800
16840;201300018668;13;12;19;945;1;1;1;1.0;5;650;;M;0.0;0.0;800
16841;201300018669;13;3;8;2015;3;1;1;5.0;6;486;;M;0.0;0.0;800
16842;201300018670;13;5;10;1830;1;2;1;1.0;6;251;12 rue foraine;M;5000112.0;177789.0;800
16843;201300018671;13;5;19;1915;2;1;1;1.0;1;19;;M;0.0;0.0;800
16844;201300018672;13;7;5;1300;1;1;1;1.0;6;171;;M;0.0;0.0;800
16845;201300018673;13;8;12;1900;1;2;1;1.0;6;486;rue tambour;M;5004065.0;197816.0;800
16846;201300018674;13;12;25;1745;2;2;1;2.0;3;385;ROUTE DU CROTOY;M;0.0;0.0;800
16847;201300018675;13;1;15;1345;1;2;1;1.0;7;368;rue Denis Papin;M;5008319.0;154712.0;800
16848;201300018676;13;1;19;1100;1;2;1;4.0;6;345;10 rue du calvaire;M;5009512.0;164478.0;800
16849;201300018677;13;2;20;1215;1;2;2;1.0;3;770;17 Rue Achille PRUVOST;M;5008607.0;152105.0;800
16850;201300018678;13;3;3;530;5;2;1;1.0;6;767;RUE DE OISEMONT;M;0.0;0.0;800
16851;201300018679;13;3;8;2115;3;1;1;2.0;6;721;;M;0.0;0.0;800
16852;201300018680;13;3;9;1415;1;2;1;1.0;3;373;Avenue de Verdun;M;4999118.0;154901.0;800
16853;201300018681;13;4;20;1815;1;2;1;1.0;5;775;;M;0.0;0.0;800
16854;201300018682;13;5;5;615;2;1;1;1.0;6;373;;M;0.0;0.0;800
16855;201300018683;13;5;9;1700;1;2;1;1.0;7;654;15 rue de quesnoy;M;5010358.0;167532.0;800
16856;201300018685;13;6;2;1645;1;1;1;1.0;3;527;;M;0.0;0.0;800
16857;201300018686;13;6;7;1010;1;2;1;1.0;1;287;Cave blanche DRANCOURT;M;5015399.0;163556.0;800
16858;201300018687;13;6;30;1445;1;1;1;1.0;2;126;;M;0.0;0.0;800
16859;201300018688;13;7;26;1245;1;2;1;1.0;3;360;RUE JULES GUESDE;M;0.0;0.0;800
16860;201300018689;13;8;16;1515;1;1;1;1.0;7;826;5 rue du haut;M;5010769.0;149669.0;800
16861;201300018690;13;8;23;945;1;2;2;1.0;3;373;rue de saint valery;M;0.0;0.0;800
16862;201300018691;13;8;24;1730;1;1;2;2.0;3;308;;M;0.0;0.0;800
16863;201300018692;13;9;7;1515;1;1;1;1.0;1;110;;M;5014349.0;165824.0;800
16864;201300018693;13;9;28;100;5;2;1;1.0;3;663;La grande rue;M;0.0;0.0;800
16865;201300018694;13;10;4;1700;1;2;1;1.0;6;721;66 Rue basse des rempart;M;5018668.0;162705.0;800
16866;201300018695;13;10;10;700;5;2;1;8.0;1;96;18-20, Rue de AULT;M;0.0;0.0;800
16867;201300018696;13;11;9;1530;1;2;1;1.0;7;182;8, rue g bourgois;M;5017983.0;149584.0;800
16868;201300018697;13;11;10;1445;1;1;1;6.0;7;182;;M;0.0;0.0;800
16869;201300018699;13;12;16;1945;3;1;1;1.0;3;710;;M;0.0;0.0;800
16870;201300018700;13;12;17;100;5;2;1;1.0;6;368;51 rue pasteur;M;5008582.0;154276.0;800
16871;201300018701;13;12;25;1145;1;1;1;1.0;1;618;;M;0.0;0.0;800
16872;201300018702;13;1;14;1730;5;2;1;4.0;6;598;63, route Nationale;M;0.0;0.0;800
16873;201300018703;13;2;16;1500;1;1;1;1.0;7;222;;M;0.0;0.0;800
16874;201300018704;13;5;7;930;1;1;2;1.0;3;327;;M;0.0;0.0;800
16875;201300018705;13;6;7;2230;3;1;1;1.0;2;688;;M;0.0;0.0;800
16876;201300018706;13;6;13;1400;1;1;2;2.0;1;30;;M;0.0;0.0;800
16877;201300018707;13;8;26;1715;1;1;1;1.0;7;649;;M;0.0;0.0;800
16878;201300018708;13;9;14;1845;1;2;1;2.0;3;649;route de Berck;M;0.0;0.0;800
16879;201300018709;13;11;2;315;3;1;1;3.0;7;303;;M;0.0;0.0;800
16880;201300018710;13;11;27;1415;1;1;2;1.0;3;149;;M;0.0;0.0;800