;Num_Acc;an;mois;jour;hrmn;lum;agg;int;atm;col;com;adr;gps;lat;long;dep
16881;201300018711;13;12;12;930;3;1;2;9.0;3;133;;M;0.0;0.0;800
16882;201300018712;13;12;20;445;3;1;1;8.0;6;222;;M;0.0;0.0;800
16883;201300018713;13;12;27;1730;3;1;1;2.0;2;30;;M;0.0;0.0;800
16884;201300018714;13;4;13;1615;1;1;1;2.0;3;253;;M;0.0;0.0;800
16885;201300018715;13;8;3;1600;1;1;4;1.0;3;253;;M;0.0;0.0;800
16886;201300018716;13;8;19;1130;1;1;1;1.0;6;253;;M;0.0;0.0;800
16887;201300018717;13;9;29;1515;1;1;1;1.0;6;584;;M;0.0;0.0;800
16888;201300018718;13;10;30;945;1;1;1;1.0;1;253;;M;0.0;0.0;800
16889;201300018719;13;11;24;1545;1;1;2;8.0;3;659;;M;0.0;0.0;800
16890;201300018720;13;12;10;1500;1;1;2;1.0;5;602;;M;0.0;0.0;800
16891;201300018721;13;12;13;1130;1;1;1;5.0;1;792;;M;0.0;0.0;800
16892;201300018723;13;1;31;1500;1;1;1;6.0;2;318;;M;0.0;0.0;800
16893;201300018724;13;2;15;2100;3;1;1;1.0;6;205;;M;0.0;0.0;800
16894;201300018725;13;4;30;800;1;1;1;1.0;6;778;;M;0.0;0.0;800
16895;201300018726;13;7;3;1830;1;2;1;1.0;6;318;60 RUE ROGER GODART;M;0.0;0.0;800
16896;201300018727;13;7;6;1845;1;1;1;1.0;6;89;;M;0.0;0.0;800
16897;201300018728;13;7;23;515;2;1;1;1.0;5;835;;M;0.0;0.0;800
16898;201300018730;13;3;21;2015;5;2;2;1.0;3;678;rue de la madeleine;M;0.0;0.0;800
16899;201300018732;13;4;26;745;1;1;1;1.0;3;433;;M;0.0;0.0;800
16900;201300018733;13;5;31;1130;1;1;1;1.0;1;220;;M;0.0;0.0;800
16901;201300018734;13;6;11;1500;1;1;2;1.0;3;185;;M;0.0;0.0;800
16902;201300018735;13;7;5;2030;1;1;1;1.0;6;232;;M;0.0;0.0;800
16903;201300018736;13;7;9;1730;1;1;9;1.0;2;685;;M;0.0;0.0;800
16904;201300018737;13;7;22;915;1;1;1;1.0;1;386;;M;0.0;0.0;800
16905;201300018738;13;8;18;1;3;2;1;1.0;7;101;rue du cessier;M;4963419.0;276132.0;800
16906;201300018739;13;9;27;1245;1;2;1;1.0;1;467;RUE DE LA JUSTICE;M;0.0;0.0;800
16907;201300018740;13;11;13;1430;1;1;2;1.0;3;306;;M;0.0;0.0;800
16908;201300018741;13;12;20;1645;2;1;1;1.0;7;669;;M;0.0;0.0;800
16909;201300018742;13;4;17;1930;1;1;1;1.0;7;571;;M;0.0;0.0;800
16910;201300018743;13;5;4;615;2;1;1;8.0;6;209;;M;0.0;0.0;800
16911;201300018744;13;8;7;1045;1;2;6;3.0;6;570;rue du cardinal mercier;M;0.0;0.0;800
16912;201300018745;13;8;29;1845;1;1;1;1.0;2;758;;M;0.0;0.0;800
16913;201300018746;13;11;15;1415;1;1;1;8.0;7;415;;M;0.0;0.0;800
16914;201300018747;13;11;23;1100;1;1;1;1.0;1;758;;M;0.0;0.0;800
16915;201300018748;13;12;20;1200;1;2;1;7.0;6;570;rue maurice garin;M;0.0;0.0;800
16916;201300018749;13;12;20;1745;3;2;1;1.0;6;570;RUE DE CREQUI;M;0.0;0.0;800
16917;201300018751;13;7;22;2215;3;1;1;1.0;1;54;;M;0.0;0.0;800
16918;201300018752;13;8;20;2030;1;1;1;1.0;7;472;;M;0.0;0.0;800
16919;201300018753;13;9;27;2305;5;2;1;1.0;3;620;rue saint sauveur;M;0.0;0.0;800
16920;201300018754;13;11;30;430;5;1;1;1.0;1;240;;M;0.0;0.0;800
16921;201300018755;13;1;28;1430;1;1;1;1.0;1;647;;M;0.0;0.0;800
16922;201300018756;13;2;5;1400;1;1;1;4.0;6;694;;M;0.0;0.0;800
16923;201300018757;13;6;1;1915;1;1;1;1.0;3;481;;M;0.0;0.0;800
16924;201300018759;13;6;13;830;1;2;3;8.0;1;693;RUE DE LA TERRIERE;M;0.0;0.0;800
16925;201300018761;13;9;2;1315;1;2;2;1.0;3;430;inters.RD1 - RD 146;M;0.0;0.0;800
16926;201300018762;13;9;5;2000;2;1;2;1.0;3;481;;M;4984260.0;273970.0;800
16927;201300018763;13;9;9;1130;1;1;1;2.0;5;162;;M;0.0;0.0;800
16928;201300018764;13;10;2;1530;1;2;1;1.0;1;295;RUE DU MARAIS DELCOURT;M;4992859.0;267349.0;800
16929;201300018765;13;10;15;1430;1;2;1;1.0;6;481;RUE DU GENERAL LECLERCQ;M;0.0;0.0;800
16930;201300018766;13;11;13;1115;1;2;2;1.0;3;781;maison rouge;M;0.0;0.0;800
16931;201300018767;13;12;5;2045;3;1;8;2.0;1;680;;M;0.0;0.0;800
16932;201300018768;13;1;4;1830;3;1;1;5.0;1;616;;M;0.0;0.0;800
16933;201300018769;13;2;4;800;2;2;1;1.0;6;410;AVENUE ANDRE DELORME;M;0.0;0.0;800
16934;201300018770;13;2;12;1200;1;2;1;1.0;6;144;RUE DE L'EGLISE;M;4971782.0;309583.0;800
16935;201300018771;13;6;30;2000;1;1;2;1.0;1;568;;M;0.0;0.0;800
16936;201300018774;13;2;4;2315;5;2;1;1.0;6;587;RUE DU PONCELET;M;0.0;0.0;600
16937;201300018775;13;4;12;2100;5;2;1;1.0;7;102;rue robert guerlin;M;0.0;0.0;600
16938;201300018776;13;6;7;645;1;2;2;1.0;3;587;;M;0.0;0.0;600
16939;201300018777;13;7;22;1415;1;2;2;1.0;3;539;Rue jean Mauguet;M;0.0;0.0;600
16940;201300018778;13;10;3;1745;1;1;1;1.0;1;587;;M;0.0;0.0;600
16941;201300018779;13;10;14;2015;3;1;1;3.0;2;6;;M;0.0;0.0;600
16942;201300018780;13;11;20;1630;1;1;1;2.0;1;587;;M;0.0;0.0;600
16943;201300018782;13;11;4;1200;1;1;1;8.0;6;30;;M;0.0;0.0;190
16944;201300018783;13;11;24;1900;3;1;1;8.0;7;274;;M;0.0;0.0;190
16945;201300018784;13;12;10;1145;1;1;1;1.0;6;166;;M;4516070.0;86853.0;240
16946;201300018785;13;12;20;745;2;1;1;1.0;6;44;;M;4515681.0;93950.0;240
16947;201300018786;13;1;9;1515;1;2;1;1.0;6;207;;M;0.0;0.0;202
16948;201300018788;13;6;1;1445;1;1;1;1.0;5;185;;M;0.0;0.0;202
16949;201300018789;13;8;26;1115;1;1;1;1.0;7;314;;M;0.0;0.0;202
16950;201300018790;13;9;9;900;1;1;1;1.0;7;188;;M;0.0;0.0;202
16951;201300018791;13;7;7;730;1;1;1;1.0;1;50;;M;0.0;0.0;202
16952;201300018792;13;7;7;1515;1;1;1;1.0;1;150;;M;0.0;0.0;202
16953;201300018793;13;11;6;1430;1;2;1;1.0;6;50;Bd de la R?publique;M;0.0;0.0;202
16954;201300018794;13;7;18;1400;1;1;1;2.0;5;199;;M;4265300.0;909000.0;202
16955;201300018796;13;10;7;1645;1;1;1;2.0;1;34;;M;0.0;0.0;202
16956;201300018797;13;12;12;715;2;1;1;1.0;2;123;;M;0.0;0.0;202
16957;201300018798;13;1;10;1515;1;1;2;2.0;3;150;ch de menvielle/RD63E;M;4364158.0;133322.0;310
16958;201300018800;13;6;22;530;2;1;1;1.0;6;351;;M;4365700.0;128200.0;310
16959;201300018801;13;8;22;1700;1;1;1;1.0;6;150;route de bouconne;M;4364797.0;128489.0;310
16960;201300018802;13;7;29;1630;1;1;1;1.0;6;266;Col de Tartavellu;M;4207350.0;890559.0;201
16961;201300018803;13;12;17;1900;5;2;9;1.0;3;70;Hameau de Tiuccia;M;4206139.0;874298.0;201
16962;201300018804;13;3;13;715;1;1;1;1.0;3;209;20167;M;4201454.0;888195.0;201
16963;201300018805;13;1;6;1345;1;1;1;1.0;6;31;20119;M;4198906.0;904687.0;201
16964;201300018806;13;1;18;730;2;2;1;9.0;1;130;RD55 virage aqua Cyrn;M;4190269.0;881364.0;201
16965;201300018807;13;3;22;1730;1;2;3;1.0;3;215;20131;M;4148685.0;905550.0;201
16966;201300018808;13;6;6;900;1;1;1;1.0;3;41;20169;M;0.0;0.0;201
16967;201300018809;13;6;23;1515;1;1;1;1.0;2;41;20169;M;4141735.0;912508.0;201
16968;201300018810;13;7;31;1015;1;2;1;1.0;3;215;Lieu dit Viagenti;M;4149180.0;905381.0;201
16969;201300018811;13;4;9;1900;1;1;6;1.0;7;139;RdPt de cala rossa;M;4163241.0;933110.0;201
16970;201300018812;13;4;25;1900;1;1;1;1.0;3;269;20145;M;4177802.0;939471.0;201
16971;201300018813;13;6;10;1030;1;1;1;1.0;3;362;20124;M;0.0;0.0;201
16972;201300018814;13;3;31;2100;3;1;1;2.0;7;191;;M;4169177.0;905225.0;201
16973;201300018815;13;7;18;1030;1;1;1;1.0;7;362;20124;M;0.0;0.0;201
16974;201300018816;13;7;19;1717;1;2;1;1.0;2;101;AVENUE DE LA GARE;M;0.0;0.0;790
16975;201300018817;13;8;22;1915;1;1;2;1.0;3;117;;M;0.0;0.0;790
16976;201300018818;13;10;7;1230;1;2;1;1.0;6;109;;M;0.0;0.0;790
16977;201300018819;13;10;8;1945;3;1;1;1.0;6;104;;M;0.0;0.0;790
16978;201300018820;13;11;17;615;3;1;1;1.0;6;12;ROUTE DE COULONGES;M;0.0;0.0;790
16979;201300018821;13;11;23;1945;3;1;1;1.0;6;101;"LD ""GUILBEAU""";M;0.0;0.0;790
16980;201300018822;13;12;27;1145;1;1;1;1.0;6;293;"LD ""VAUBRANDON""";M;0.0;0.0;790
16981;201300018823;13;2;15;1600;1;1;2;1.0;1;254;"LD ""LE PRIEURE""";M;0.0;0.0;790
16982;201300018824;13;4;8;845;1;1;1;8.0;1;34;;M;0.0;0.0;790
16983;201300018825;13;6;14;1745;1;2;4;1.0;1;257;ROUTE DE MAUZE;M;0.0;0.0;790
16984;201300018826;13;7;28;1600;1;1;1;1.0;2;170;;M;0.0;0.0;790
16985;201300018827;13;10;18;1815;1;1;1;1.0;1;355;;M;0.0;0.0;790
16986;201300018828;13;10;24;715;3;1;2;1.0;3;127;;M;0.0;0.0;790
16987;201300018829;13;10;31;1500;1;1;1;1.0;5;130;;M;0.0;0.0;790
16988;201300018831;13;11;23;1945;3;1;1;1.0;6;130;ROUTE DE FRONTENAY;M;0.0;0.0;790
16989;201300018832;13;4;28;1545;1;2;1;1.0;1;57;12 AVENUE DE POITIERS;M;0.0;0.0;790
16990;201300018833;13;8;24;1100;1;1;1;1.0;1;353;RTE DU LAMBON;M;0.0;0.0;790
16991;201300018834;13;9;9;1700;1;1;3;1.0;5;64;;M;0.0;0.0;790
16992;201300018835;13;9;10;1730;1;2;1;1.0;3;158;18 route de brioux;M;0.0;0.0;790
16993;201300018836;13;9;24;1545;1;1;1;1.0;1;301;"LD ""LA BALADE""";M;0.0;0.0;790
16994;201300018837;13;10;17;1700;1;2;2;1.0;2;264;LD MARDRE;M;0.0;0.0;790
16995;201300018838;13;11;12;100;3;1;1;2.0;7;217;;M;0.0;0.0;790
16996;201300018839;13;12;16;815;1;1;1;1.0;7;327;"LD ""LES TOUCHES""";M;0.0;0.0;790
16997;201300018841;13;10;25;1800;1;1;1;9.0;1;201;;M;0.0;0.0;790
16998;201300018842;13;11;17;1645;1;1;1;1.0;1;302;;M;0.0;0.0;790
16999;201300018843;13;1;17;1745;1;1;1;1.0;2;123;"LD ""LA PREUILLE""";M;0.0;0.0;790
17000;201300018844;13;1;25;1445;1;1;1;1.0;1;210;;M;0.0;0.0;790
17001;201300018847;13;12;31;745;3;1;3;8.0;5;79;"LD ""LA GARE""";M;0.0;0.0;790
17002;201300018848;13;4;7;530;3;1;1;1.0;6;13;;M;0.0;0.0;790
17003;201300018849;13;10;12;700;3;1;1;2.0;6;53;;M;0.0;0.0;790
17004;201300018851;13;7;1;1400;1;2;1;7.0;6;202;RUE CLAUDE BERNARD;M;0.0;0.0;790
17005;201300018852;13;9;10;1815;1;1;4;1.0;1;202;;M;0.0;0.0;790
17006;201300018853;13;9;26;1415;1;1;1;2.0;2;80;;M;0.0;0.0;790
17007;201300018854;13;10;5;1815;1;1;2;1.0;5;285;;M;0.0;0.0;790
17008;201300018855;13;10;6;2000;5;2;1;1.0;7;202;Avenue Wilson;M;0.0;0.0;790
17009;201300018856;13;11;2;1315;1;2;1;1.0;3;253;ROUTE DU VIEUX CHENE;M;0.0;0.0;790
17010;201300018857;13;12;14;945;1;1;1;9.0;6;29;;M;0.0;0.0;790
17011;201300018858;13;10;1;815;2;1;4;8.0;1;16;;M;0.0;0.0;790
17012;201300018859;13;2;11;800;3;1;1;8.0;6;76;"LD ""MONTIMONT""";M;0.0;0.0;790
17013;201300018861;13;4;21;1545;1;1;1;7.0;1;75;"LD ""LE RAFFOUX""";M;0.0;0.0;790
17014;201300018862;13;7;4;2215;2;2;1;1.0;1;286;"LD ""LE BOURGNEUF""";M;0.0;0.0;790
17015;201300018863;13;9;18;1545;1;1;2;1.0;3;342;"LD ""LA VIGNELIERE""";M;0.0;0.0;790
17016;201300018864;13;11;2;1530;1;1;2;1.0;3;25;;M;0.0;0.0;790
17017;201300018865;13;12;5;1000;1;2;1;1.0;1;51;;M;0.0;0.0;790
17018;201300018866;13;12;23;1345;1;1;1;1.0;1;7;"LD ""FREMAUDIERE""";M;0.0;0.0;790
17019;201300018867;13;12;29;30;4;1;1;2.0;6;69;"LD ""LA VERGNAIE""";M;0.0;0.0;790
17020;201300018868;13;4;7;2145;1;1;1;1.0;6;105;;M;4961040.0;104935.0;760
17021;201300018869;13;6;13;1530;1;2;3;1.0;1;377;RTE DE NEUFCHATEL;M;4949994.0;115401.0;760
17022;201300018870;13;1;28;1415;1;2;1;1.0;6;482;2, R JEAN JAURES;M;4986906.0;104897.0;760
17023;201300018871;13;2;15;1715;2;2;3;7.0;6;482;R ALBERT CAMUS;M;4987428.0;104636.0;760
17024;201300018872;13;6;3;1930;1;1;1;1.0;7;694;;M;4977846.0;90454.0;760
17025;201300018873;13;7;18;1745;1;1;1;7.0;3;47;;M;4974321.0;93918.0;760
17026;201300018875;13;9;5;1500;1;1;2;1.0;3;492;;M;4988352.0;98865.0;760
17027;201300018876;13;9;5;1900;1;1;1;1.0;2;360;;M;4973612.0;106736.0;760
17028;201300018877;13;10;2;930;3;1;1;1.0;2;667;;M;4984604.0;107155.0;760
17029;201300018878;13;12;20;930;1;2;1;8.0;3;51;;M;4978736.0;100150.0;760
17030;201300018879;13;2;15;2100;5;2;1;1.0;3;258;591, R BERNARD THELU;M;4965384.0;59209.0;760
17031;201300018880;13;4;11;1815;1;1;1;2.0;1;236;LES PRES VOLETS;M;4964747.0;65855.0;760
17032;201300018881;13;7;17;1430;1;1;1;1.0;1;82;;M;4962743.0;48384.0;760
17033;201300018882;13;8;15;1315;1;1;1;1.0;7;592;;M;4949441.0;47341.0;760
17034;201300018883;13;9;15;1000;1;1;2;1.0;3;279;;M;4961031.0;60078.0;760
17035;201300018885;13;12;6;1445;1;2;2;1.0;3;462;RUE DE DRINCOURT;M;4973171.0;143735.0;760
17036;201300018886;13;12;7;1745;3;1;1;2.0;1;454;;M;4974838.0;155755.0;760
17037;201300018887;13;1;23;630;3;1;1;4.0;4;42;;M;4974978.0;159233.0;760
17038;201300018888;13;11;2;1000;1;1;1;1.0;1;578;;M;4965212.0;141699.0;760
17039;201300018889;13;1;17;845;1;2;1;9.0;6;312;13 BD MONTMORENCY;M;4948106.0;172229.0;760
17040;201300018890;13;10;22;800;1;1;1;8.0;7;67;;M;4949913.0;158688.0;760
17041;201300018891;13;1;11;700;3;2;1;8.0;6;135;947, Rte Nationale;M;4957102.0;90837.0;760
17042;201300018892;13;3;10;630;5;2;1;2.0;6;57;R DU 11 NOVEMBRE;M;4953562.0;95975.0;760
17043;201300018893;13;11;8;1300;1;1;1;3.0;5;433;;M;4959174.0;87362.0;760
17044;201300018894;13;12;7;1230;1;2;1;1.0;6;57;RD 6015;M;4954891.0;95345.0;760
17045;201300018895;13;12;27;1300;1;1;1;3.0;6;370;;M;4962178.0;98311.0;760
17046;201300018896;13;1;27;1830;2;1;1;1.0;1;557;;M;4952822.0;71472.0;760
17047;201300018897;13;2;13;1630;1;1;4;1.0;3;636;;M;4950010.0;94530.0;760
17048;201300018898;13;6;28;2330;3;1;1;1.0;6;20;;M;4945374.0;86227.0;760
17049;201300018899;13;6;29;1730;1;1;2;1.0;2;418;;M;4955886.0;72423.0;760
17050;201300018900;13;4;21;1730;1;1;2;1.0;3;251;;M;4974027.0;82598.0;760
17051;201300018901;13;6;8;2300;3;1;1;1.0;6;348;;M;4967129.0;73376.0;760
17052;201300018902;13;1;1;1500;1;1;1;3.0;4;543;;M;0.0;0.0;670
17053;201300018904;13;2;5;1200;1;1;1;4.0;1;448;;M;0.0;0.0;670
17054;201300018905;13;3;24;1545;2;1;1;1.0;1;325;;M;4853500.0;734800.0;670
17055;201300018906;13;4;19;1030;1;1;1;1.0;7;168;;M;0.0;0.0;670
17056;201300018907;13;4;30;1830;1;1;1;2.0;6;144;;M;0.0;0.0;670
17057;201300018908;13;4;13;1615;1;1;1;1.0;3;98;;M;0.0;0.0;670
17058;201300018909;13;6;9;1430;1;2;1;1.0;3;325;46 Rue Principale;M;0.0;0.0;670
17059;201300018911;13;6;16;1500;1;2;1;1.0;3;342;rue de Molsheim;M;0.0;0.0;670
17060;201300018912;13;8;19;1630;1;2;1;1.0;4;414;4c, place De Gaulle;M;0.0;0.0;670
17061;201300018913;13;8;22;1745;1;1;6;1.0;3;188;;M;0.0;0.0;670
17062;201300018914;13;11;12;815;1;1;1;1.0;6;165;;M;0.0;0.0;670
17063;201300018917;13;12;29;2145;3;1;1;1.0;6;26;;M;0.0;0.0;670
17064;201300018918;13;4;16;1700;1;1;1;1.0;7;93;;M;4893900.0;777500.0;670
17065;201300018919;13;4;24;1600;1;2;1;1.0;3;132;rue des Tulipes;M;4887800.0;773800.0;670
17066;201300018920;13;1;16;715;3;2;1;4.0;7;82;routes de Boissy-Blery;M;4897500.0;158500.0;780
17067;201300018921;13;2;27;2145;5;1;1;2.0;6;531;;M;4901000.0;161800.0;780
17068;201300018922;13;4;27;1415;1;1;1;1.0;1;385;;M;4896200.0;161800.0;780
17069;201300018923;13;2;21;1630;1;1;1;1.0;5;234;;M;0.0;0.0;780
17070;201300018924;13;6;19;645;2;2;1;8.0;6;475;CHEMIN DU PRE CLOS;M;4887000.0;171700.0;780
17071;201300018925;13;9;19;1345;1;1;1;1.0;2;267;;M;0.0;0.0;770
17072;201300018926;13;5;30;845;1;1;2;2.0;1;239;;M;0.0;0.0;770
17073;201300018927;13;8;23;1600;1;1;1;1.0;1;66;;M;0.0;0.0;770
17074;201300018928;13;8;29;100;3;1;1;1.0;1;444;;M;0.0;0.0;770
17075;201300018929;13;10;18;2315;3;1;1;1.0;4;109;;M;0.0;0.0;770
17076;201300018930;13;11;25;1945;3;1;1;1.0;1;519;;M;0.0;0.0;770
17077;201300018931;13;12;20;1700;1;1;2;1.0;5;239;;M;0.0;0.0;770
17078;201300018932;13;4;27;1830;1;2;1;1.0;3;101;44 GRANDE RUE;M;0.0;0.0;770
17079;201300018933;13;5;7;1930;2;2;2;1.0;3;347;CD412;M;0.0;0.0;770
17080;201300018934;13;5;8;1645;1;1;3;1.0;5;19;;M;4839400.0;314400.0;770
17081;201300018935;13;5;12;745;1;2;6;1.0;6;467;;M;0.0;0.0;770
17082;201300018936;13;6;10;930;1;1;1;1.0;1;347;;M;0.0;0.0;770
17083;201300018937;13;11;9;1615;1;1;1;3.0;3;167;;M;4843500.0;311700.0;770
17084;201300018938;13;7;17;430;5;2;1;1.0;3;11;RUE JEAN MERMOZ;M;4592200.0;614500.0;740
17085;201300018939;13;7;15;945;1;1;3;1.0;2;116;;M;4604900.0;625800.0;740
17086;201300018940;13;10;4;1600;1;2;1;1.0;6;11;11 rue Jean Mermoz;M;0.0;0.0;740
17087;201300018942;13;1;9;700;4;1;4;8.0;6;138;RD 31;M;0.0;0.0;740
17088;201300018943;13;2;1;1200;1;1;4;2.0;3;255;;M;0.0;0.0;740
17089;201300018944;13;2;6;1145;1;2;1;4.0;6;225;7 avenue EDOUARD ANDRE;M;0.0;0.0;740
17090;201300018945;13;6;21;2230;2;1;1;1.0;2;165;;M;4582600.0;599500.0;740
17091;201300018947;13;12;21;730;2;1;1;1.0;6;2;818 ROUTE D'ANNECY;M;0.0;0.0;740
17092;201300018948;13;1;16;900;1;1;1;4.0;1;311;;M;0.0;0.0;740
17093;201300018949;13;1;22;2130;3;1;1;1.0;1;311;;M;0.0;0.0;740
17094;201300018950;13;3;19;2130;3;1;1;1.0;6;164;;M;0.0;0.0;740
17095;201300018951;13;4;14;1445;1;2;1;1.0;7;278;290 rue de la poste;M;0.0;0.0;740
17096;201300018952;13;7;6;955;1;2;6;1.0;6;278;AV. LOUIS COPPEL/COPPEL;M;0.0;0.0;740
17097;201300018953;13;8;7;2045;5;2;1;3.0;1;312;161 ROUTE DE GENEVE;M;0.0;0.0;740
17098;201300018954;13;12;6;1630;1;2;8;1.0;1;164;route de Bonneville;M;0.0;0.0;740
17099;201300018956;13;1;20;645;2;1;1;4.0;1;94;;M;0.0;0.0;740
17100;201300018957;13;2;21;1515;1;2;2;1.0;1;21;138 route de la Forge;M;0.0;0.0;740
17101;201300018958;13;2;27;1630;1;1;1;1.0;4;197;;M;0.0;0.0;740
17102;201300018959;13;4;29;1615;1;1;1;3.0;1;128;;M;0.0;0.0;740
17103;201300018960;13;5;25;430;3;1;1;2.0;6;128;;M;0.0;0.0;740
17104;201300018961;13;6;7;2330;3;2;1;1.0;6;94;1987 routes des marais;M;0.0;0.0;740
17105;201300018962;13;6;21;2245;5;2;1;1.0;6;211;;M;0.0;0.0;740
17106;201300018963;13;9;10;1500;1;1;2;1.0;3;262;D903/VC BAS;M;0.0;0.0;740
17107;201300018964;13;9;16;1830;2;1;1;3.0;3;94;;M;0.0;0.0;740
17108;201300018965;13;11;25;730;2;1;1;1.0;3;158;;M;0.0;0.0;740
17109;201300018967;13;5;31;1000;1;1;1;1.0;6;74;;M;0.0;0.0;740
17110;201300018968;13;6;2;115;3;1;1;2.0;7;6;;M;4601000.0;608400.0;740
17111;201300018969;13;11;20;1815;5;2;1;2.0;1;309;LIEU DIT L'ELUISET;M;4611400.0;603800.0;740
17112;201300018970;13;12;7;1045;1;1;1;1.0;1;74;;M;0.0;0.0;740
17113;201300018972;13;6;17;1230;1;1;1;1.0;1;195;;M;0.0;0.0;740
17114;201300018973;13;7;13;700;1;1;4;1.0;1;269;LIEU DIT PRAZ;M;0.0;0.0;740
17115;201300018974;13;10;27;1715;2;2;1;1.0;1;75;CHEMIN DE FARCHALET;M;0.0;0.0;740
17116;201300018975;13;5;24;830;1;2;1;1.0;7;236;rue de portette;M;0.0;0.0;740
17117;201300018976;13;8;25;2100;5;2;1;1.0;5;647;rue du Général de Gaulle;M;5083096.0;221090.0;590
17118;201300018977;13;4;26;1445;1;2;1;1.0;1;663;rue d'Herzeele;M;5088220.0;247192.0;590
17119;201300018980;13;8;8;1930;1;1;1;1.0;1;258;;M;4722500.0;593800.0;250
17120;201300018981;13;9;14;1730;1;1;1;2.0;3;35;;M;4730900.0;597900.0;250
17121;201300018982;13;11;5;1700;2;1;1;2.0;3;212;;M;4727200.0;598800.0;250
17122;201300018984;13;2;5;2030;3;1;1;3.0;6;67;;M;0.0;0.0;560
17123;201300018985;13;7;7;1800;1;1;1;1.0;7;67;;M;0.0;0.0;560
17124;201300018986;13;7;11;945;1;1;2;1.0;1;67;;M;0.0;0.0;560
17125;201300018987;13;4;14;1800;1;2;1;1.0;1;143;Rue Baron Fabre;M;4756364.0;-250104.0;560
17126;201300018988;13;4;27;1515;1;1;1;1.0;1;212;;M;0.0;0.0;560
17127;201300018989;13;5;27;1330;1;1;1;1.0;1;147;;M;4752924.0;-225715.0;560
17128;201300018990;13;1;25;830;1;2;9;1.0;6;53;rue robert de la Noe;M;4773077.0;-258579.0;560
17129;201300018991;13;1;26;1900;5;2;1;1.0;1;28;Villeneuve;M;0.0;0.0;560
17130;201300018992;13;1;28;2145;3;1;1;3.0;6;261;;M;0.0;0.0;560
17131;201300018993;13;7;3;1645;1;1;1;1.0;2;184;;M;0.0;0.0;560
17132;201300018994;13;7;4;1400;1;1;1;1.0;3;135;;M;0.0;0.0;560
17133;201300018995;13;7;31;545;4;1;1;2.0;1;184;;M;0.0;0.0;560
17134;201300018996;13;10;1;1900;1;1;2;8.0;3;184;;M;0.0;0.0;560
17135;201300018997;13;12;9;1615;1;1;1;7.0;2;206;;M;0.0;0.0;560
17136;201300018998;13;11;19;745;2;2;1;1.0;6;84;route de Lezuis;M;4757955.0;-269425.0;560
17137;201300018999;13;6;24;1745;1;1;1;1.0;3;258;;M;0.0;0.0;560
17138;201300019000;13;6;24;1900;1;2;1;1.0;7;34;;M;4756635.0;-309084.0;560
17139;201300019001;13;7;8;145;5;2;1;1.0;6;34;;M;4757453.0;-306124.0;560
17140;201300019004;13;10;22;645;3;1;1;2.0;3;168;;M;0.0;0.0;560
17141;201300019005;13;1;3;1500;1;1;1;1.0;6;78;;M;4779021.0;-347537.0;560
17142;201300019006;13;2;12;1145;1;1;1;1.0;1;78;kergam;M;4780368.0;-349926.0;560
17143;201300019007;13;6;18;1500;1;1;1;1.0;1;36;;M;0.0;0.0;560
17144;201300019008;13;7;3;1030;1;1;1;8.0;1;185;;M;0.0;0.0;560
17145;201300019009;13;7;12;530;2;1;1;1.0;1;166;;M;4793911.0;-337127.0;560
17146;201300019010;13;8;9;330;4;1;1;1.0;5;185;;M;4776955.0;-337853.0;560
17147;201300019011;13;8;11;815;2;1;1;1.0;7;185;;M;0.0;0.0;560
17148;201300019012;13;9;4;2100;3;1;1;1.0;7;185;;M;0.0;0.0;560
17149;201300019013;13;9;25;900;1;2;6;1.0;6;179;Route de LORIENT;M;0.0;0.0;560
17150;201300019014;13;11;13;930;1;2;1;1.0;1;166;26 bis rue des Allies;M;4791636.0;-333277.0;560
17151;201300019015;13;12;19;915;1;2;1;1.0;6;166;Rue de la Chaumiere;M;4790682.0;-333597.0;560
17152;201300019016;13;1;15;1645;1;1;1;1.0;6;181;;M;0.0;0.0;560
17153;201300019017;13;2;4;745;3;1;1;2.0;6;55;;M;0.0;0.0;560
17154;201300019018;13;4;23;1100;1;2;6;1.0;3;193;La Croizetiere;M;4771364.0;-333149.0;560
17155;201300019019;13;5;22;730;1;2;6;1.0;3;13;route des 4 chemins;M;0.0;0.0;560
17156;201300019020;13;6;27;1645;1;2;1;1.0;6;193;48 rue des Quatre Vents;M;4770833.0;-332243.0;560
17157;201300019021;13;7;7;630;1;2;1;1.0;6;169;rue de la Gare;M;4769900.0;-325211.0;560
17158;201300019022;13;7;14;1200;1;1;1;1.0;3;54;;M;4762731.0;-318559.0;560
17159;201300019023;13;8;5;1515;1;1;1;1.0;5;161;;M;0.0;0.0;560
17160;201300019024;13;8;21;1030;1;2;1;1.0;6;54;7 rue des menhirs;M;0.0;0.0;560
17161;201300019025;13;8;29;1600;1;2;6;1.0;3;54;rue des Menhirs;M;4763949.0;-315383.0;560
17162;201300019026;13;9;7;530;3;1;1;1.0;6;220;;M;4770947.0;-317504.0;560
17163;201300019027;13;7;27;2045;1;1;1;1.0;7;145;;M;0.0;0.0;560
17164;201300019028;13;10;24;1945;3;1;1;2.0;7;127;;M;0.0;0.0;560
17165;201300019029;13;1;6;930;1;1;1;2.0;3;75;;M;0.0;0.0;560
17166;201300019030;13;2;26;100;3;2;1;1.0;6;75;EM de ST CYR;M;4794547.0;-215131.0;560
17167;201300019031;13;3;15;815;1;2;1;1.0;6;124;;M;0.0;0.0;560
17168;201300019032;13;4;10;1930;2;1;1;2.0;1;12;;M;0.0;0.0;560
17169;201300019033;13;6;2;1845;1;1;2;1.0;3;230;;M;0.0;0.0;560