;Num_Acc;an;mois;jour;hrmn;lum;agg;int;atm;col;com;adr;gps;lat;long;dep
17170;201300019034;13;7;27;1745;1;1;1;1.0;7;219;;M;0.0;0.0;560
17171;201300019035;13;9;26;1415;1;2;1;1.0;6;124;rue du bois pivert;M;0.0;0.0;560
17172;201300019036;13;10;5;2345;5;2;1;1.0;3;244;rue vautelin mariani;M;4782180.0;-250793.0;560
17173;201300019037;13;11;3;630;3;1;1;1.0;7;244;;M;4781133.0;-249174.0;560
17174;201300019038;13;11;9;45;3;1;1;2.0;7;219;;M;4779426.0;-253836.0;560
17175;201300019039;13;3;13;1130;1;1;1;1.0;2;24;;M;0.0;0.0;560
17176;201300019040;13;7;6;1745;1;1;1;1.0;7;17;;M;0.0;0.0;560
17177;201300019041;13;8;4;1900;1;1;1;1.0;1;187;La ville Nayl;M;4788969.0;-245442.0;560
17178;201300019042;13;8;7;1045;1;1;1;1.0;1;190;la ville au vent;M;4798216.0;-277020.0;560
17179;201300019043;13;10;24;2130;3;1;1;3.0;6;47;;M;0.0;0.0;560
17180;201300019044;13;11;18;800;5;2;1;1.0;6;198;;M;0.0;0.0;560
17181;201300019045;13;12;5;1215;1;1;1;1.0;6;190;;M;0.0;0.0;560
17182;201300019047;13;1;9;1745;5;2;1;2.0;6;73;02 rue bellevue;M;4806590.0;-320501.0;560
17183;201300019048;13;2;13;1130;1;1;1;2.0;1;178;;M;4818245.0;-302802.0;560
17184;201300019049;13;7;1;1830;1;1;1;1.0;1;151;;M;0.0;0.0;560
17185;201300019050;13;7;23;1915;1;2;1;1.0;1;238;rue des sabotiers;M;0.0;0.0;560
17186;201300019051;13;8;17;1645;1;1;1;1.0;4;246;;M;0.0;0.0;560
17187;201300019052;13;11;5;400;3;2;1;2.0;6;178;RUE DU TOULDOUAR;M;4807615.0;-294449.0;560
17188;201300019053;13;12;14;1200;1;2;1;1.0;3;178;Quai du couvent;M;4806953.0;-296683.0;560
17189;201300019054;13;3;29;1330;1;2;1;2.0;3;117;Lieu dit Pont du Chat;M;4787970.0;-283855.0;560
17190;201300019055;13;4;21;1700;1;1;1;1.0;1;144;;M;0.0;0.0;560
17191;201300019056;13;5;31;1730;1;2;1;1.0;4;10;16 rue de Pontivy;M;4787686.0;-301960.0;560
17192;201300019057;13;8;4;2015;1;1;1;1.0;3;144;;M;0.0;0.0;560
17193;201300019058;13;3;27;1730;1;1;1;1.0;3;14;;M;0.0;0.0;560
17194;201300019059;13;3;27;1400;1;1;1;1.0;3;199;;M;0.0;0.0;560
17195;201300019060;13;8;16;1500;1;1;1;2.0;1;57;;M;0.0;0.0;560
17196;201300019061;13;10;20;15;3;1;1;2.0;6;100;;M;0.0;0.0;560
17197;201300019062;13;4;2;755;2;1;1;1.0;4;510;RN 14;M;4905890.0;201180.0;950
17198;201300019063;13;5;8;930;1;2;1;2.0;6;388;cote du parc;M;4902510.0;197860.0;950
17199;201300019064;13;3;5;930;1;1;1;1.0;5;134;RD 301;M;4913520.0;225520.0;950
17200;201300019065;13;4;12;2330;3;1;1;1.0;2;134;RD 4;M;4913280.0;223280.0;950
17201;201300019067;13;6;7;1000;1;1;1;1.0;6;527;RD 317;M;4901610.0;249340.0;950
17202;201300019068;13;6;29;1930;1;2;1;1.0;6;527;ALLEE DU VERGER;M;4900250.0;251970.0;950
17203;201300019069;13;9;9;2115;5;2;1;2.0;6;527;ALLEE DU VERGER;M;4900250.0;251970.0;950
17204;201300019070;13;9;22;2115;5;1;6;1.0;3;527;ROND POINT DU TERROIR;M;4899660.0;251170.0;950
17205;201300019071;13;11;30;30;3;1;1;2.0;6;527;RD 317;M;4900480.0;248910.0;950
17206;201300019072;13;7;27;915;1;1;1;1.0;3;192;;M;4513600.0;188700.0;190
17207;201300019073;13;4;15;1615;1;1;1;8.0;6;287;;M;0.0;0.0;190
17208;201300019074;13;5;29;1030;1;1;1;2.0;3;176;;M;0.0;0.0;190
17209;201300019076;13;7;21;1545;1;1;2;1.0;5;213;;M;4538900.0;164300.0;190
17210;201300019077;13;7;17;2345;3;1;1;1.0;1;151;;M;4510700.0;153600.0;190
17211;201300019078;13;3;23;1330;1;1;1;1.0;2;19;;M;4498900.0;182600.0;190
17212;201300019079;13;9;9;830;1;2;9;1.0;6;278;les roubeys;M;4519700.0;144200.0;190
17213;201300019080;13;3;21;1345;1;1;1;1.0;1;24;;M;4539100.0;139700.0;190
17214;201300019081;13;4;27;1715;1;1;1;2.0;6;241;;M;4573000.0;210600.0;190
17215;201300019082;13;7;9;1345;1;2;1;7.0;3;136;Avenue Limousine- RD 979;M;4554000.0;214400.0;190
17216;201300019083;13;1;31;2345;3;1;1;2.0;4;97;;M;0.0;0.0;560
17217;201300019084;13;2;14;2015;3;1;1;1.0;3;177;;M;0.0;0.0;560
17218;201300019085;13;3;9;1715;1;1;1;1.0;2;94;;M;0.0;0.0;560
17219;201300019086;13;5;11;115;3;1;1;1.0;6;94;;M;4774518.0;-324140.0;560
17220;201300019087;13;5;16;1045;1;2;1;1.0;6;90;Rue Mail Francois GIOVAN;M;4782568.0;-325179.0;560
17221;201300019088;13;5;26;600;2;2;1;1.0;6;177;place du marche;M;4777526.0;-301038.0;560
17222;201300019089;13;6;9;1215;1;2;1;1.0;6;96;rue des chenes - CD 16;M;0.0;0.0;560
17223;201300019091;13;6;20;830;1;2;1;1.0;6;101;PLACE JOSEPH GUILLERME;M;4783410.0;-315973.0;560
17224;201300019092;13;7;8;730;1;1;1;7.0;1;96;;M;0.0;0.0;560
17225;201300019093;13;7;13;115;3;1;1;1.0;7;175;;M;0.0;0.0;560
17226;201300019094;13;7;25;830;1;1;1;1.0;6;97;;M;4777162.0;-310608.0;560
17227;201300019095;13;8;11;1330;1;1;1;1.0;2;175;;M;0.0;0.0;560
17228;201300019096;13;8;23;1445;1;2;1;1.0;1;90;rue du blavet;M;0.0;0.0;560
17229;201300019099;13;10;19;1830;1;2;1;2.0;6;94;1 AVENUE DES PLAGES;M;0.0;0.0;560
17230;201300019100;13;11;27;1930;3;1;1;1.0;6;94;;M;0.0;0.0;560
17231;201300019101;13;6;9;1545;1;1;1;1.0;6;474;rue Raymon Wastiaux;M;5008439.0;376093.0;590
17232;201300019102;13;9;16;700;2;1;1;8.0;1;503;Rte Nationale;M;5015051.0;365474.0;590
17233;201300019104;13;11;30;900;1;1;1;1.0;1;607;Chaussée Brunehaut;M;5016293.0;360187.0;590
17234;201300019105;13;7;5;2000;1;2;1;7.0;3;229;rue de Rocquigny;M;5004178.0;402043.0;590
17235;201300019106;13;9;29;1400;1;1;1;1.0;6;601;Rte départementale;M;5007110.0;411414.0;590
17236;201300019107;13;5;30;1315;1;2;1;1.0;6;322;18 rue Foch;M;5024100.0;332200.0;590
17237;201300019108;13;7;12;1215;1;2;1;1.0;3;37;rue Henri Barbusse;M;5019458.0;339001.0;590
17238;201300019109;13;4;28;145;5;2;1;1.0;3;74;35 rue Pasteur;M;5009091.0;344520.0;590
17239;201300019110;13;7;22;2245;5;2;1;1.0;1;624;rue du Général Leclerc;M;5003200.0;329971.0;590
17240;201300019111;13;9;15;630;2;1;1;5.0;3;74;;M;5009419.0;343627.0;590
17241;201300019112;13;3;3;2200;5;2;1;1.0;6;572;Rte du Quartier;M;5016962.0;409849.0;590
17242;201300019113;13;4;7;1530;1;2;1;7.0;3;151;10 route nationale;M;5025423.0;407378.0;590
17243;201300019114;13;9;2;2130;3;2;1;1.0;6;351;RUE D'HAUTMONT;M;5021139.0;392553.0;590
17244;201300019115;13;5;12;315;5;2;1;2.0;6;597;AVENUE DE PARIS;M;0.0;0.0;510
17245;201300019116;13;6;17;745;1;1;1;1.0;6;2;D36;M;0.0;0.0;510
17246;201300019117;13;8;2;1730;1;2;1;1.0;7;153;RUE DE LA CERISIERE;M;0.0;0.0;510
17247;201300019118;13;8;11;2015;2;1;1;1.0;6;488;D951;M;0.0;0.0;510
17248;201300019119;13;8;15;1930;1;1;1;1.0;3;393;D386;M;0.0;0.0;510
17249;201300019120;13;8;24;2300;3;1;1;1.0;7;76;D3;M;0.0;0.0;510
17250;201300019121;13;12;27;945;1;1;1;2.0;7;576;D1;M;0.0;0.0;510
17251;201300019122;13;12;28;745;3;1;1;2.0;6;153;D3;M;0.0;0.0;510
17252;201300019123;13;7;28;2045;1;2;1;1.0;1;140;RUE DES VIGNES;M;0.0;0.0;510
17253;201300019124;13;12;9;730;1;1;3;1.0;3;183;D944/D26;M;0.0;0.0;510
17254;201300019125;13;8;1;1100;1;2;6;1.0;1;261;4 PL. DE L EGLISE OU D74;M;0.0;0.0;510
17255;201300019126;13;10;23;1715;1;2;1;1.0;1;440;27 RUE DE LA REPUBLIQUE;M;0.0;0.0;510
17256;201300019128;13;4;21;1830;1;1;1;7.0;7;793;;M;5042200.0;264400.0;620
17257;201300019129;13;11;24;2115;5;2;1;2.0;6;443;RUE A. DHESSE;M;0.0;0.0;620
17258;201300019130;13;3;2;1330;1;2;1;1.0;6;498;D982;M;0.0;0.0;510
17259;201300019131;13;7;29;1615;1;1;1;1.0;7;442;D994;M;0.0;0.0;510
17260;201300019132;13;8;20;1500;1;1;1;1.0;7;166;D69;M;0.0;0.0;510
17261;201300019133;13;9;7;1930;1;1;3;1.0;3;507;D85/VC;M;0.0;0.0;510
17262;201300019134;13;10;25;2300;3;2;1;3.0;6;53;D982;M;0.0;0.0;510
17263;201300019135;13;6;29;1330;1;2;1;1.0;6;225;route de Jarcy;M;0.0;0.0;910
17264;201300019136;13;1;28;700;2;1;6;1.0;2;538;D 306;M;0.0;0.0;910
17265;201300019137;13;10;22;1715;1;1;1;3.0;2;679;D838;M;0.0;0.0;910
17266;201300019138;13;12;27;1315;1;1;1;2.0;1;272;D306;M;0.0;0.0;910
17267;201300019139;13;12;27;1030;1;1;6;2.0;7;275;D1;M;0.0;0.0;910
17268;201300019140;13;8;22;545;3;1;1;1.0;3;56;RTE DE PARIS;M;4909590.0;236160.0;950
17269;201300019141;13;11;5;1815;5;2;1;1.0;6;352;AV DU MARECHAL JOFFRE;M;4911870.0;242330.0;950
17270;201300019142;13;12;9;1715;3;1;1;1.0;7;566;RD 85;M;4911660.0;233290.0;950
17271;201300019143;13;12;9;1015;1;2;1;1.0;6;149;R DE PARIS;M;4912450.0;242780.0;950
17272;201300019144;13;2;4;830;1;1;2;8.0;3;471;;M;4820272.0;339050.0;890
17273;201300019145;13;6;8;1630;1;1;1;1.0;3;291;;M;4811500.0;328600.0;890
17274;201300019146;13;10;10;2200;3;1;1;2.0;1;240;;M;0.0;0.0;890
17275;201300019147;13;1;14;1845;5;1;3;1.0;3;438;;M;0.0;0.0;570
17276;201300019149;13;4;21;615;2;1;1;1.0;6;523;;M;0.0;0.0;570
17277;201300019150;13;4;22;1530;1;1;9;7.0;3;193;;M;4922902.0;621087.0;570
17278;201300019151;13;4;11;1600;1;1;3;2.0;3;490;;M;0.0;0.0;570
17279;201300019152;13;3;4;1800;1;1;1;7.0;2;314;;M;0.0;0.0;570
17280;201300019153;13;3;27;2030;3;1;1;1.0;7;630;;M;0.0;0.0;570
17281;201300019154;13;6;20;1600;1;1;1;1.0;6;682;;M;0.0;0.0;570
17282;201300019156;13;10;21;1100;1;2;1;1.0;6;3;78 rue Jordy;M;4863696.0;709619.0;570
17283;201300019157;13;11;23;1930;5;2;1;1.0;6;509;rue du General de Gaulle;M;0.0;0.0;570
17284;201300019158;13;11;23;2330;3;1;1;9.0;6;623;GN 48.617  7.058;M;0.0;0.0;570
17285;201300019159;13;12;2;1445;1;1;1;1.0;1;630;GN 48.649 6.919;M;0.0;0.0;570
17286;201300019160;13;1;6;1900;3;1;1;1.0;1;334;;M;0.0;0.0;570
17287;201300019161;13;12;8;1900;3;1;1;8.0;6;330;;M;0.0;0.0;570
17288;201300019162;13;5;29;2330;3;1;1;2.0;7;269;;M;0.0;0.0;570
17289;201300019163;13;11;23;1935;3;1;2;1.0;3;24;;M;4818477.0;-169380.0;350
17290;201300019164;13;12;3;1630;1;1;1;1.0;7;24;;M;4816700.0;-162500.0;350
17291;201300019165;13;3;17;1800;1;1;2;1.0;5;173;;M;4819570.0;-169163.0;350
17292;201300019166;13;4;19;1715;1;1;3;1.0;3;152;;M;4822738.0;-150515.0;350
17293;201300019167;13;5;3;1245;1;1;6;1.0;1;51;;M;4815465.0;-162455.0;350
17294;201300019169;13;6;15;1700;1;1;1;1.0;5;173;;M;4820081.0;-172283.0;350
17295;201300019170;13;7;25;2245;5;2;1;1.0;1;24;rue de rennes;M;4817821.0;-163906.0;350
17296;201300019171;13;8;22;1900;1;2;7;7.0;3;152;ZA BEAUGE;M;4821090.0;-151544.0;350
17297;201300019172;13;1;22;1230;1;1;1;2.0;1;9;rte du loroux bottereau;M;0.0;0.0;440
17298;201300019173;13;9;22;1445;1;1;1;1.0;6;9;;M;0.0;0.0;440
17299;201300019174;13;11;29;2200;3;1;1;1.0;6;70;;M;0.0;0.0;440
17300;201300019175;13;1;23;1930;3;1;1;1.0;3;792;;M;0.0;0.0;620
17301;201300019176;13;2;6;1815;3;1;1;6.0;1;297;;M;0.0;0.0;620
17302;201300019177;13;2;18;615;3;1;1;5.0;6;452;;M;5068646.0;227401.0;620
17303;201300019178;13;7;15;2015;1;2;8;1.0;1;297;Route Sainte Gilles;M;5083298.0;220271.0;620
17304;201300019179;13;9;7;2330;3;1;1;1.0;1;792;;M;0.0;0.0;620
17305;201300019180;13;1;5;1600;1;2;1;1.0;2;116;2 Avenue Gabriel Peri;M;0.0;0.0;830
17306;201300019181;13;3;31;1745;1;1;1;1.0;1;87;;M;0.0;0.0;830
17307;201300019182;13;8;1;630;2;1;1;1.0;1;96;;M;4300000.0;0.0;830
17308;201300019183;13;5;13;1045;1;2;1;1.0;6;67;Domaine de la Garnaude;M;0.0;0.0;830
17309;201300019184;13;6;25;745;1;2;1;1.0;6;57;Les quatre chemins -CD13;M;0.0;0.0;830
17310;201300019185;13;10;29;1930;3;2;1;2.0;2;73;Route de Brignoles;M;0.0;0.0;830
17311;201300019186;13;11;8;1815;2;2;1;1.0;3;73;Av Pierre Mendes France;M;4338511.0;630572.0;830
17312;201300019187;13;11;25;1730;5;2;1;1.0;1;73;Rte de Nice PK57.500;M;0.0;0.0;830
17313;201300019188;13;12;6;1445;1;2;1;1.0;6;31;Qt taurelle, Intermarch?;M;4366000.0;655100.0;830
17314;201300019189;13;12;17;1700;3;2;1;1.0;5;31;route nationale;M;4365500.0;656800.0;830
17315;201300019190;13;1;8;1830;3;1;1;5.0;6;206;;M;0.0;0.0;740
17316;201300019191;13;1;13;1100;1;1;1;2.0;1;105;;M;4629900.0;627700.0;740
17317;201300019192;13;2;20;230;3;1;1;1.0;6;106;;M;4630800.0;646500.0;740
17318;201300019193;13;2;22;1500;1;1;4;4.0;3;48;;M;0.0;0.0;740
17319;201300019194;13;2;27;1945;5;2;2;1.0;1;105;Route de Thonon;M;4631200.0;631300.0;740
17320;201300019195;13;4;18;1815;1;1;1;1.0;6;5;;M;4633600.0;645000.0;740
17321;201300019196;13;5;1;2030;2;1;1;8.0;6;25;;M;4628800.0;634800.0;740
17322;201300019198;13;6;7;1900;1;1;1;1.0;1;43;;M;4626400.0;635500.0;740
17323;201300019199;13;6;20;1045;1;2;6;1.0;6;150;THOLOMAZ;M;0.0;0.0;740
17324;201300019200;13;6;30;1100;1;1;3;1.0;3;210;;M;4630000.0;643200.0;740
17325;201300019201;13;7;16;1815;1;1;1;1.0;3;5;;M;4633900.0;645400.0;740
17326;201300019202;13;7;9;1230;1;2;1;1.0;3;105;AVENUE DE GENEVE;M;0.0;0.0;740
17327;201300019203;13;7;24;1300;1;1;1;1.0;7;150;;M;4629800.0;631900.0;740
17328;201300019204;13;8;20;900;1;2;2;1.0;3;105;RUE DES ACCACIAS;M;0.0;0.0;740
17329;201300019205;13;8;24;1915;1;1;1;1.0;6;43;;M;0.0;0.0;740
17330;201300019206;13;9;22;1345;1;1;2;1.0;3;5;;M;0.0;0.0;740
17331;201300019207;13;11;26;1230;1;2;4;1.0;3;315;RUE DE MESSERY;M;0.0;0.0;740
17332;201300019209;13;5;11;1;3;2;1;1.0;6;173;RUE DU PORT;M;4966950.0;-168071.0;500
17333;201300019210;13;6;30;1145;1;1;2;1.0;3;152;;M;4819766.0;-151102.0;350
17334;201300019211;13;7;15;1445;1;1;6;1.0;1;31;;M;4817875.0;-143305.0;350
17335;201300019214;13;4;6;1115;1;1;1;1.0;6;312;A89;M;4514400.0;68705.0;240
17336;201300019215;13;5;12;15;3;1;1;1.0;6;59;;M;4502455.0;39348.0;240
17337;201300019216;13;2;7;1630;1;1;3;1.0;1;169;CHEMIN MAS DE L HUILE;M;4366780.0;385570.0;340
17338;201300019217;13;2;8;400;3;1;1;1.0;6;77;;M;4365058.0;388368.0;340
17339;201300019218;13;3;21;1745;1;2;2;1.0;3;120;rue françois dezeuze;M;4366578.0;392011.0;340
17340;201300019219;13;5;8;1830;1;2;1;1.0;6;217;55 rte de mende;M;4369789.0;386295.0;340
17341;201300019220;13;6;6;1315;1;1;1;1.0;7;118;;M;4371649.0;391308.0;340
17342;201300019221;13;6;15;1315;1;2;1;1.0;7;120;Avenue joseph arlery;M;4366213.0;390978.0;340
17343;201300019222;13;6;21;1830;1;1;1;1.0;1;217;;M;4372902.0;386816.0;340
17344;201300019223;13;7;11;2340;3;1;1;1.0;1;169;;M;4368101.0;386550.0;340
17345;201300019224;13;8;10;300;3;1;1;1.0;6;169;;M;;;340
17346;201300019225;13;8;18;1800;1;1;1;1.0;5;14;;M;4372629.0;390266.0;340
17347;201300019227;13;11;22;1500;1;1;1;8.0;3;90;;M;0.0;0.0;340
17348;201300019228;13;11;28;1615;1;1;1;1.0;1;77;;M;0.0;0.0;340
17349;201300019229;13;10;21;1225;1;2;1;1.0;6;15;136 RUE  SAINT ROCH;M;4564991.0;16887.0;160
17350;201300019230;13;10;7;1746;1;1;1;1.0;2;358;(DEVIATION D'angouleme;M;4567887.0;14904.0;160
17351;201300019231;13;1;9;1055;1;1;1;1.0;1;374;;M;;;160
17352;201300019232;13;1;22;725;2;2;1;2.0;3;154;Belhasard;M;4567172.0;17588.0;160
17353;201300019233;13;1;27;920;1;2;1;2.0;3;15;route de Basseau;M;4565161.0;12850.0;160
17354;201300019234;13;10;12;1500;1;2;1;2.0;6;15;BOULEVARD De BIGORRE;M;4563489.0;12881.0;160
17355;201300019235;13;2;6;1525;1;1;1;1.0;4;358;Bellevue;M;4567577.0;14466.0;160
17356;201300019236;13;2;20;1817;5;2;4;1.0;6;15;Av du President wilson;M;4564897.0;15026.0;160
17357;201300019237;13;2;21;1636;1;2;1;1.0;6;154;258 route de Paris;M;4567439.0;17422.0;160
17358;201300019238;13;3;5;2145;5;2;1;1.0;6;15;Quartier Basseau;M;4564766.0;12842.0;160
17359;201300019239;13;3;24;915;1;2;3;1.0;2;358;RUE DE  ROYAN;M;4566285.0;13204.0;160
17360;201300019240;13;3;21;1430;1;1;1;1.0;2;271;PEUSEC;M;4562543.0;18079.0;160
17361;201300019241;13;3;21;1640;1;2;1;1.0;2;113;Zone de Chantemerle;M;4561924.0;10631.0;160
17362;201300019242;13;4;15;1740;1;2;1;1.0;2;15;Av de LATTRE DE TASSIGNY;M;4565678.0;17050.0;160
17363;201300019243;13;4;18;1040;1;2;1;1.0;2;15;61 RUE DE SAINTES;M;4565712.0;14740.0;160
17364;201300019244;13;4;21;650;2;2;1;1.0;1;154;251 ROUTE DE PARIS;M;4568029.0;17730.0;160
17365;201300019245;13;4;28;1155;1;2;3;1.0;3;15;167 rue SAINTES;M;4565973.0;14185.0;160
17366;201300019246;13;5;1;900;1;2;3;2.0;1;15;91 rue de BASSEAU;M;4565139.0;13823.0;160
17367;201300019247;13;4;26;830;1;1;1;2.0;2;113;Le Moulin Neuf;M;4561976.0;12188.0;160
17368;201300019248;13;4;26;1815;1;2;1;2.0;7;15;carrefour barrouilhet;M;4565344.0;14836.0;160
17369;201300019249;13;5;2;1850;1;2;1;1.0;6;15;15 Bd Denfert Rochereu;M;4564943.0;17545.0;160
17370;201300019250;13;4;29;1445;1;2;1;1.0;3;291;70 AVENUE JEAN JAURES;M;4567717.0;22051.0;160
17371;201300019251;13;5;11;1128;1;2;3;1.0;3;15;;M;;;160
17372;201300019253;13;5;25;1635;1;1;1;1.0;6;358;Le Logis de l'Epineuil;M;4563566.0;15317.0;160
17373;201300019254;13;5;14;1445;1;2;1;1.0;2;15;Av de LATTRE DE TASSIGNY;M;4565677.0;17050.0;160
17374;201300019255;13;5;17;955;1;1;1;1.0;3;15;33 rue de la Corderie;M;4565038.0;15894.0;160
17375;201300019256;13;5;16;1155;1;2;1;1.0;3;15;9 RUE DE LA TRESORERIE;M;4563543.0;15317.0;160
17376;201300019257;13;5;18;1710;1;1;1;1.0;1;358;Chez  BERCHET;M;4569000.0;10710.0;160
17377;201300019258;13;6;4;1256;1;1;1;1.0;7;113;La Combe de Breuty;M;4561872.0;11767.0;160
17378;201300019259;13;6;9;2345;3;1;1;1.0;2;291;La Combe aux Loups;M;4569115.0;23185.0;160
17379;201300019260;13;6;9;1600;1;2;6;1.0;3;15;route de Bordeaux;M;4565035.0;14458.0;160
17380;201300019261;13;6;12;1305;1;2;1;1.0;6;113;67 AVENUE DE LA GARE;M;4560668.0;9164.0;160
17381;201300019262;13;6;15;1340;1;2;1;1.0;7;113;AVENUE DE LAGARE;M;4560683.0;8807.0;160
17382;201300019263;13;6;18;728;1;2;6;2.0;2;374;Les Effamiers;M;4563368.0;21194.0;160
17383;201300019265;13;6;21;2130;2;1;1;2.0;7;113;La Cote;M;4560857.0;11125.0;160
17384;201300019266;13;6;22;2200;3;1;1;2.0;6;291;La Combe des Robins;M;4560857.0;11125.0;160
17385;201300019267;13;6;28;1504;1;2;3;1.0;3;166;rue e Montbron;M;4565275.0;19043.0;160
17386;201300019268;13;7;1;1110;1;2;6;1.0;6;15;PLACE VICTOR;M;4564919.0;17494.0;160
17387;201300019269;13;7;1;1355;1;1;1;1.0;2;15;;M;4565505.0;12017.0;160
17388;201300019270;13;7;6;1930;1;2;3;1.0;3;15;rue de l'ARSENAL;M;4564758.0;15737.0;160
17389;201300019271;13;7;12;100;5;2;1;1.0;3;15;(BOULEVARD BESSON BEY;M;4565319.0;15542.0;160
17390;201300019272;13;7;14;220;5;2;1;1.0;3;15;BOULEVARD JACQues MONOD;M;4563182.0;15614.0;160
17391;201300019273;13;7;17;20;5;2;6;1.0;6;15;La MADELEINE;M;4565843.0;17267.0;160
17392;201300019274;13;7;15;2200;5;2;1;1.0;2;15;136 rue SAINT ROCH;M;4564991.0;16895.0;160
17393;201300019275;13;7;22;804;1;2;1;1.0;6;15;RUE FERDINAND LAPORTE;M;4564877.0;17505.0;160
17394;201300019276;13;7;23;1600;1;2;1;1.0;6;358;7 RUE JEAN-BAPTI COROT;M;4567355.0;12371.0;160
17395;201300019277;13;7;20;1040;1;2;9;1.0;6;15;PLACE VICTOR HUGO;M;4564884.0;17490.0;160
17396;201300019278;13;8;2;1806;1;2;3;1.0;3;15;RUE WALDECK ROUSSEAU;M;4566473.0;15525.0;160
17397;201300019279;13;8;21;130;5;2;1;1.0;6;374;13, ARAGON (RUE LOUIS);M;4563862.0;18041.0;160
17398;201300019280;13;9;1;2200;3;1;1;1.0;6;358;DEVIATION d'Angouleme;M;4567366.0;14434.0;160
17399;201300019281;13;9;4;1735;1;2;1;1.0;2;154;15 RUE DESFOUR A CHAUX;M;4567837.0;17525.0;160
17400;201300019282;13;9;5;2100;5;2;1;1.0;6;15;21RUE du MINAGE;M;4565065.0;15172.0;160
17401;201300019283;13;9;15;1720;1;2;1;1.0;2;154;RUE DEs FOUR A CHAUX;M;4567907.0;16347.0;160
17402;201300019284;13;9;14;1215;1;2;1;2.0;2;15;02 ROUTE DE BORDEAUX;M;4565240.0;15835.0;160
17403;201300019285;13;9;14;2355;5;2;1;2.0;2;374;10 RUE MAURICE RAVEL;M;4564547.0;18290.0;160
17404;201300019286;13;9;12;1415;1;2;1;1.0;6;374;20 RUE DU MAREFAYOLLE;M;4564708.0;18158.0;160
17405;201300019288;13;10;11;1305;1;2;1;1.0;6;15;60 rue du Captaine Favre;M;4563560.0;15854.0;160
17406;201300019289;13;10;17;1710;1;2;1;1.0;5;374;AVENUE DU GEN DE GAULLE;M;4564097.0;19577.0;160
17407;201300019290;13;10;30;1730;2;2;1;1.0;2;113;RUE LEONARD JARRAUD;M;4561092.0;10145.0;160
17408;201300019291;13;11;6;2255;5;1;1;1.0;7;113;Allee de L'Oisellerie;M;4562410.0;11027.0;160
17409;201300019292;13;11;19;2015;3;1;1;1.0;6;358;DEVIATION D'Angouleme;M;4568488.0;15542.0;160
17410;201300019293;13;7;13;945;1;2;1;1.0;6;15;94 rue de SAINTES;M;4565824.0;14506.0;160
17411;201300019294;13;7;17;2130;5;2;1;1.0;2;166;AVENUE JEAN JAURES;M;4566068.0;19813.0;160
17412;201300019295;13;7;19;1010;1;2;1;1.0;6;15;RUE HERGE;M;4564838.0;16011.0;160
17413;201300019296;13;11;22;1610;1;2;3;1.0;6;15;rue SAINT ROCH A LUNESSE;M;4565583.0;18192.0;160
17414;201300019297;13;11;29;225;4;2;1;1.0;6;15;(Av LATTRE DE TASSIGNY;M;4565449.0;16776.0;160
17415;201300019298;13;8;19;1525;1;2;6;1.0;3;15;19 BOULEVARD DE BURY;M;4564768.0;16443.0;160
17416;201300019299;13;8;31;1915;1;2;1;1.0;6;358;AVENUE DE L UNION;M;4567447.0;12564.0;160
17417;201300019300;13;12;3;1213;1;2;1;7.0;6;154;Chalonne;M;4569120.0;15572.0;160
17418;201300019302;13;12;14;1110;1;2;1;1.0;7;341;Le  GRAND GIRAC;M;4563484.0;12498.0;160
17419;201300019303;13;10;25;1005;1;2;1;2.0;2;374;101 AVENUE  DE GAULLE;M;4564340.0;18550.0;160
17420;201300019304;13;9;1;1840;2;2;6;1.0;6;15;BOULEVARD BRETAGNE;M;4566412.0;15169.0;160
17421;201300019305;13;1;2;1835;5;2;1;1.0;7;89;21 AVENUE De BARBEZIEUX;M;4568671.0;-32907.0;160
17422;201300019306;13;3;15;1905;5;2;1;1.0;3;102;44 BOULEVARD deCHATENAY;M;4569718.0;-31810.0;160
17423;201300019307;13;3;26;1805;1;2;1;1.0;6;102;206 AV VICTOR HUGO;M;4568850.0;-31455.0;160
17424;201300019309;13;5;28;1320;1;2;1;1.0;1;89;AVENUE DE BARBEZIEUX;M;4568051.0;-32846.0;160
17425;201300019310;13;6;7;725;1;2;6;1.0;2;102;;M;4569442.0;-34764.0;160
17426;201300019311;13;6;7;1140;1;2;1;1.0;6;102;Bd DENFERT ROCHEREAU;M;4569595.0;-32649.0;160
17427;201300019312;13;6;10;840;1;2;6;1.0;3;89;ROUTE DE SEGONZAC;M;4567877.0;-31148.0;160
17428;201300019313;13;7;4;1311;1;2;2;1.0;3;102;;M;4568975.0;-32426.0;160
17429;201300019314;13;9;4;810;1;2;1;1.0;7;102;Le Logis Saint Martin;M;4541302.0;-19375.0;160
17430;201300019315;13;10;14;1850;5;2;6;1.0;3;89;RUE DE l'ANISSERIE;M;4568463.0;-30573.0;160