;Num_Acc;an;mois;jour;hrmn;lum;agg;int;atm;col;com;adr;gps;lat;long;dep
17431;201300019316;13;11;13;745;2;1;1;2.0;7;89;92 ROUTE DE DIZEDON;M;4566629.0;-33971.0;160
17432;201300019317;13;11;23;1415;1;2;1;1.0;7;102;187 RUE JULES BRISSON;M;4571064.0;-33605.0;160
17433;201300019318;13;11;28;2140;5;2;1;1.0;6;102;242 AVENUE VICTOR HUGO;M;4568773.0;-31201.0;160
17434;201300019319;13;12;15;353;3;2;1;1.0;7;89;RUE DE LA DOUE;M;4566853.0;-32606.0;160
17435;201300019320;13;12;16;1705;1;2;1;7.0;6;102;(RUE DE LA CHAUDRONNE;M;4570048.0;-31513.0;160
17436;201300019321;13;12;29;1815;4;2;1;3.0;3;89;46 Av de BARBEZIEUX;M;4567815.0;-32818.0;160
17437;201300019322;13;12;30;1206;1;2;1;1.0;6;102;65a RUE DE LAGROIE;M;4567815.0;-32818.0;160
17438;201300019323;13;6;28;700;1;2;1;1.0;6;69;34 rue des Thibault;M;4846177.0;261465.0;770
17439;201300019326;13;2;6;1400;1;1;1;1.0;3;204;;M;0.0;0.0;690
17440;201300019328;13;6;13;1345;1;2;1;1.0;1;100;chemin ferme laval;M;0.0;0.0;690
17441;201300019330;13;9;21;430;5;1;1;1.0;7;204;;M;0.0;0.0;690
17442;201300019331;13;12;12;1645;2;2;1;5.0;6;100;;M;0.0;0.0;690
17443;201300019332;13;1;3;1135;1;2;1;1.0;7;299;172990128, DIERAS AVENUE;M;4594470.0;-97564.0;170
17444;201300019333;13;1;31;1720;1;2;1;1.0;2;449;SAINTONGE AVENUE DE;M;4595280.0;-88189.0;170
17445;201300019334;13;1;31;1820;3;2;2;1.0;3;299;172990121, DE GAULLE AVE;M;4593560.0;-96242.0;170
17446;201300019335;13;2;1;2015;5;2;1;2.0;3;299;172990204, LA FAYETTE RU;M;4593471.0;-96028.0;170
17447;201300019336;13;2;2;1005;1;2;1;1.0;6;299;172990065, BRIAND BOULEV;M;4594768.0;-97184.0;170
17448;201300019338;13;2;6;630;3;1;1;3.0;7;449;174490051, R.D. 911;M;4596210.0;-92821.0;170
17449;201300019340;13;2;8;1540;1;2;1;1.0;2;299;1729903840, RD 137;M;4595068.0;-89414.0;170
17450;201300019341;13;2;12;700;3;2;1;1.0;7;299;172990299, PONTY AVENUE;M;4594433.0;-95873.0;170
17451;201300019342;13;2;12;1835;3;2;1;1.0;7;449;174490043, SAINTONGE AVE;M;4595089.0;-89346.0;170
17452;201300019343;13;2;13;2005;5;2;1;2.0;3;299;172990155, FOSSE AUX MAT;M;4592901.0;-95653.0;170
17453;201300019345;13;3;4;910;1;1;1;1.0;4;299;172990048, BIGNON BOULEV;M;4594852.0;-98748.0;170
17454;201300019346;13;3;7;900;1;2;1;1.0;2;449;174490072, CHAMP DE FOIR;M;4594503.0;-89111.0;170
17455;201300019347;13;3;7;1820;2;2;6;2.0;3;299;172990381, BERNADOTTE RO;M;4595824.0;-96920.0;170
17456;201300019348;13;3;8;755;1;2;1;1.0;3;299;172990159, FRERES JAMAIN;M;4593783.0;-97658.0;170
17457;201300019349;13;3;10;2040;3;1;3;1.0;3;299;172990257, MILLE PATTES;M;4592482.0;-97460.0;170
17458;201300019350;13;3;11;1045;1;1;1;2.0;7;299;172990323, ROCHELLE ROUT;M;4596179.0;-97943.0;170
17459;201300019351;13;3;14;755;1;2;2;1.0;3;449;174490005, AUNIS AVENUE;M;4594899.0;-91793.0;170
17460;201300019352;13;3;28;1030;1;2;6;1.0;3;299;172990373, WILSON AVENUE;M;4594616.0;-96279.0;170
17461;201300019353;13;3;29;635;2;2;3;2.0;7;299;172990020, AUNIS AVENUE;M;4595236.0;-97739.0;170
17462;201300019354;13;4;2;1248;1;2;1;1.0;7;299;172990033, BAUDIN IMPASS;M;4593588.0;-96911.0;170
17463;201300019355;13;4;17;1115;1;2;6;1.0;3;299;172990303, POUZET BOULEV;M;4593123.0;-96998.0;170
17464;201300019356;13;4;23;1145;1;2;1;1.0;7;299;172990126, DEPORTES ET F;M;4593151.0;-96563.0;170
17465;201300019357;13;4;30;750;1;2;1;2.0;7;449;174490085, CROIX BIRON I;M;4594684.0;-89173.0;170
17466;201300019358;13;4;30;815;1;2;6;2.0;3;449;174490122, JOLIOT CURIE;M;4594602.0;-89163.0;170
17467;201300019359;13;5;6;1750;1;2;1;1.0;3;299;1729902710, ONZE NOVEMBR;M;4592870.0;-96006.0;170
17468;201300019361;13;5;10;1400;1;2;1;1.0;7;299;172990020, AUNIS AVENUE;M;4594819.0;-97654.0;170
17469;201300019362;13;5;12;1900;1;1;1;1.0;7;449;1744900180, R.D. 911;M;4597667.0;-91239.0;170
17470;201300019363;13;5;17;1800;1;2;1;1.0;3;299;10, LIBERATION AVENUE DE;M;4594919.0;-94875.0;170
17471;201300019364;13;5;19;1900;1;1;1;2.0;6;449;174490157, RD 739 (ROUTE;M;4595791.0;-85161.0;170
17472;201300019365;13;5;20;1600;1;2;2;2.0;3;299;LOTI RUE PIERRE;M;4593757.0;-96199.0;170
17473;201300019366;13;5;28;1550;1;1;1;1.0;7;449;CHAMPSERVE ROUTE DE;M;4596439.0;-87239.0;170
17474;201300019367;13;6;6;1035;1;2;1;1.0;7;299;0, PLUMIER RUE CHARLES;M;4592441.0;-95650.0;170
17475;201300019368;13;6;13;825;1;2;1;1.0;7;449;30, SALVADOR RUE ALLENDE;M;4594997.0;-88895.0;170
17476;201300019369;13;6;14;1535;1;1;2;1.0;2;449;R.D. 137 (TONNAY CHARENT;;;;170
17477;201300019370;13;6;15;1500;1;2;6;1.0;1;449;JOLIOT CURIE RUE;M;4594541.0;-89043.0;170
17478;201300019371;13;6;24;2125;2;1;6;1.0;3;449;SAINTONGE AVENUE DE;M;4595374.0;-87784.0;170
17479;201300019372;13;6;25;1920;1;2;1;1.0;3;299;1, LIBERATION AVENUE DE;M;4594954.0;-94791.0;170
17480;201300019373;13;6;27;1730;1;2;2;1.0;3;299;ONZE NOVEMBRE 1918 AVENU;M;4593017.0;-95974.0;170
17481;201300019374;13;6;30;1925;1;1;1;1.0;2;299;MILLE PATTES BOULEVARD D;M;4592560.0;-97548.0;170
17482;201300019375;13;7;5;1125;1;2;1;1.0;6;299;N 82, GAMBETTA RUE;M;4594000.0;-97081.0;170
17483;201300019376;13;7;12;1045;1;1;1;1.0;2;299;0, MILLE PATTES BOULEVAR;M;4592500.0;-97452.0;170
17484;201300019377;13;7;20;1120;1;2;1;1.0;4;449;105, SAINTONGE AVENUE DE;M;4595063.0;-89472.0;170
17485;201300019378;13;7;29;1355;1;1;1;1.0;3;449;RD 739 (ROUTE DE LUSSANT;M;4595389.0;-87718.0;170
17486;201300019379;13;7;29;1730;1;2;6;1.0;3;299;94, DIERAS AVENUE DU DOC;M;4594687.0;-97620.0;170
17487;201300019380;13;8;5;1740;1;2;2;1.0;3;299;CASSE AUX PRETRES RUE DE;M;4595561.0;-96911.0;170
17488;201300019381;13;8;6;1935;1;2;2;1.0;3;299;?, THIERS RUE;M;4593881.0;-96280.0;170
17489;201300019382;13;8;8;1200;1;1;1;1.0;2;299;172990257, MILLE PATTES;M;4593166.0;-98210.0;170
17490;201300019384;13;9;1;1800;1;2;2;1.0;3;299;AUDRY DE PUYRAVAULT RUE;M;4593707.0;-96096.0;170
17491;201300019385;13;9;4;1210;1;2;1;1.0;2;299;0, BACHELARD AVENUE VICT;M;4594578.0;-95607.0;170
17492;201300019387;13;9;11;1005;1;2;1;1.0;7;299;PELLETAN AVENUE;M;4594264.0;-96182.0;170
17493;201300019388;13;9;13;1640;1;1;1;1.0;3;449;174490051, R.D. 911;M;4596454.0;-92551.0;170
17494;201300019389;13;9;14;1555;1;2;2;3.0;5;299;BEGON ROND POINT ET RUE;M;4594176.0;-95907.0;170
17495;201300019391;13;9;16;755;1;2;1;2.0;3;299;34 bis, POUZET BOULEVARD;M;4593120.0;-97027.0;170
17496;201300019393;13;9;21;1115;1;2;1;1.0;2;299;172990299, PONTY AVENUE;M;4594567.0;-95579.0;170
17497;201300019394;13;9;24;810;1;2;6;1.0;3;299;BEGON ROND POINT ET RUE;M;4594307.0;-96014.0;170
17498;201300019395;13;9;29;450;5;2;1;1.0;1;299;BIGNON BOULEVARD ET ROND;M;4595876.0;-97877.0;170
17499;201300019396;13;10;9;1220;1;2;1;1.0;2;299;POUZET BOULEVARD EDOUARD;M;4593390.0;-97699.0;170
17500;201300019397;13;10;11;1705;1;2;1;1.0;2;449;174490043, SAINTONGE AVE;M;4594974.0;-89964.0;170
17501;201300019398;13;10;14;1655;1;2;2;1.0;3;299;LATOUCHE TREVILLE RUE;M;4594106.0;-96014.0;170
17502;201300019399;13;10;17;1750;1;2;3;1.0;3;299;172990279, PECHEURS D'IS;M;4594827.0;-99001.0;170
17503;201300019400;13;10;18;1825;1;2;1;1.0;1;449;174490184, BOURRELIERS A;M;4594364.0;-89138.0;170
17504;201300019401;13;10;23;940;1;2;1;1.0;7;299;53, GAMBETTA RUE;M;4593948.0;-96952.0;170
17505;201300019403;13;10;25;1200;1;1;1;3.0;4;299;172990257, MILLE PATTES;M;4591094.0;-96517.0;170
17506;201300019404;13;10;28;1135;1;1;1;2.0;7;299;172990257, MILLE PATTES;M;4592203.0;-97077.0;170
17507;201300019405;13;10;28;1715;1;1;2;1.0;3;299;172990204, LA FAYETTE RU;M;4593515.0;-96353.0;170
17508;201300019407;13;11;9;1210;1;2;1;3.0;2;299;N? 5, AUNIS AVENUE D';M;4594851.0;-97647.0;170
17509;201300019409;13;11;20;1330;1;2;1;1.0;7;299;22, DEPORTES ET FUSILLES;M;4593288.0;-96643.0;170
17510;201300019410;13;11;20;1845;5;2;1;2.0;3;299;10, PONTY AVENUE W.;M;4594578.0;-95566.0;170
17511;201300019411;13;11;21;1825;1;2;1;1.0;4;299;RESISTANCE BOULEVARD DE;M;4593094.0;-96341.0;170
17512;201300019412;13;11;21;1825;5;2;2;2.0;3;299;172990172, GIRAUD RUE;M;4594945.0;-97297.0;170
17513;201300019413;13;11;21;1835;5;2;3;2.0;3;449;174490104, GAULLE AVENUE;M;4594461.0;-89423.0;170
17514;201300019414;13;12;4;1215;1;2;1;1.0;2;299;25, RHIN ET DANUBE AVENU;M;4595089.0;-96753.0;170
17515;201300019415;13;12;11;825;1;1;1;1.0;7;449;174490185, Moulin de P?f;M;4594836.0;-91418.0;170
17516;201300019416;13;12;17;1505;1;2;1;1.0;7;299;172990282, PELTIER RUE D;M;4594000.0;-96351.0;170
17517;201300019417;13;12;19;945;1;2;6;1.0;3;299;POLYGONE ROND POINT DU;M;4593099.0;-96577.0;170
17518;201300019418;13;12;19;1915;5;2;3;2.0;3;449;122, AUNIS AVENUE D';M;4595015.0;-92565.0;170
17519;201300019419;13;12;21;1610;1;2;1;1.0;6;299;28, DENFERT ROCHEREAU RU;M;4593947.0;-96595.0;170
17520;201300019420;13;12;24;1340;1;2;2;2.0;3;299;110, LOTI RUE PIERRE;M;4593722.0;-96212.0;170
17521;201300019421;13;12;29;100;3;2;1;1.0;7;299;115, POUZET BOULEVARD ED;M;4593324.0;-97544.0;170
17522;201300019422;13;12;27;1805;5;2;2;1.0;7;299;25, MERMOZ RUE;M;4594928.0;-97458.0;170
17523;201300019424;13;1;23;1023;1;2;1;1.0;2;300;2, ROUX   RUE DE;M;4614710.0;-115094.0;170
17524;201300019425;13;1;23;1940;2;2;1;1.0;3;300;CORSAIRES   AVENUE DES (;M;4616890.0;-117189.0;170
17525;201300019426;13;1;25;608;5;1;1;1.0;7;300;537 RN ENTREE ROCADE  CH;M;4617220.0;-118817.0;170
17526;201300019428;13;1;29;1656;1;2;1;1.0;3;300;2, PINCHON   RUE LOUISE;M;4616390.0;-111621.0;170
17527;201300019429;13;1;29;1615;1;2;3;1.0;3;28;02, COURLIS   RUE DES;M;4612760.0;-112677.0;170
17528;201300019430;13;1;30;805;2;2;1;1.0;6;300;293, CORSAIRES   AVENUE;M;4617280.0;-116185.0;170
17529;201300019431;13;2;4;1741;2;2;1;2.0;6;300;2, 33 PK RN11 NANTES ROC;M;4618001.0;-109378.0;170
17530;201300019434;13;2;12;1710;1;2;1;1.0;6;300;DAUPHINE   AVENUE DE LA;M;4616850.0;-114994.0;170
17531;201300019435;13;2;12;2135;5;2;1;1.0;6;300;2, MAIL   ALLEE DU;M;4615590.0;-116635.0;170
17532;201300019436;13;2;14;1445;1;2;1;1.0;7;300;2, LECLERC   AVENUE DU G;M;4616250.0;-115864.0;170
17533;201300019437;13;2;15;50;5;2;1;1.0;3;300;4, VESPUCCI   AVENUE AME;M;4615262.0;-115487.0;170
17534;201300019438;13;2;16;1825;2;2;1;1.0;6;300;57, LECLERC   AVENUE DU;M;4616000.0;-116400.0;170
17535;201300019439;13;2;19;1710;2;2;1;1.0;6;200;2, MOISY   AVENUE DU REC;M;4617220.0;-117201.0;170
17536;201300019440;13;2;21;1501;1;2;1;1.0;7;300;2, ROYALE   AVENUE DE LA;M;4616220.0;-114166.0;170
17537;201300019443;13;3;1;1505;1;2;1;1.0;2;300;REAUMUR   RUE;M;4616026.0;-115576.0;170
17538;201300019444;13;3;1;1700;1;2;1;1.0;6;300;2, BILLAUD-VARENNE   AVE;M;4615190.0;-112285.0;170
17539;201300019445;13;3;8;2210;4;2;1;1.0;2;300;121, GUITON   AVENUE JEA;M;4616017.0;-116889.0;170
17540;201300019446;13;3;9;1745;1;2;1;1.0;6;300;CHAMP DE MARS   AVENUE D;M;4616945.0;-114882.0;170
17541;201300019447;13;3;10;514;5;2;1;1.0;6;274;51, DELACROIX   RUE EUGE;M;4615023.0;-109017.0;170
17542;201300019448;13;3;11;1134;1;2;1;1.0;3;274;2, CHATEAU   RUE DU;M;4613842.0;-113987.0;170
17543;201300019449;13;3;11;1218;1;2;1;1.0;2;300;2, SAUTEL  BOULEVARD AND;M;4616663.0;-113665.0;170
17544;201300019450;13;3;20;1435;1;2;1;1.0;6;300;10, PRUNIER   QUAI LOUIS;M;4614957.0;-115032.0;170
17545;201300019451;13;3;22;1111;1;2;1;1.0;2;300;NOUE   RUE DE LA;M;4616029.0;-115575.0;170
17546;201300019452;13;3;22;1345;1;2;1;1.0;3;300;2, COGNEHORS   BOULEVARD;M;4616734.0;-114003.0;170
17547;201300019453;13;3;26;2009;2;2;1;9.0;6;300;2, BEL AIR RUE;M;4616669.0;-116297.0;170
17548;201300019454;13;3;27;1508;1;2;1;1.0;6;300;15, JOFFRE   BOULEVARD (;M;4616054.0;-114063.0;170
17549;201300019455;13;3;28;1925;1;2;9;1.0;7;300;PERIGNY   RUE DE;M;4615694.0;-114230.0;170
17550;201300019456;13;3;29;130;5;2;1;1.0;6;300;2, REAUMUR   RUE;M;4615986.0;-115595.0;170
17551;201300019457;13;3;31;1627;1;2;1;1.0;7;300;2, DAMES   COURS DES;M;4615802.0;-115360.0;170
17552;201300019458;13;4;9;903;1;1;1;2.0;6;300;06 PK RN237 MOULIN JUSTI;M;4617096.0;-119100.0;170
17553;201300019459;13;4;9;1624;1;2;1;1.0;3;300;2, SAUTEL  BOULEVARD AND;M;4616666.0;-113662.0;170
17554;201300019460;13;4;13;1645;1;2;1;1.0;6;300;2, SARTRE   AVENUE JEAN-;M;4615643.0;-112806.0;170
17555;201300019461;13;4;19;2050;1;1;1;1.0;6;300;537 RN ECHANGEUR LA PALL;M;4617237.0;-118678.0;170
17556;201300019462;13;4;19;2250;3;1;1;1.0;7;300;34 PK RN11 NANTES ROCADE;M;4617491.0;-111066.0;170
17557;201300019463;13;4;20;450;5;2;1;1.0;6;300;2, SAUTEL  BOULEVARD AND;M;4616667.0;-113662.0;170
17558;201300019465;13;5;3;1012;1;1;1;1.0;6;28;2, MOULINETTE   CHEMIN D;M;4614181.0;-112155.0;170
17559;201300019466;13;5;7;920;1;2;1;1.0;2;300;2, LECLERC   AVENUE DU G;M;4616249.0;-115867.0;170
17560;201300019468;13;5;22;1320;1;2;2;1.0;4;300;GRANDES GUIARDES   AVENU;M;4616953.0;-118697.0;170
17561;201300019469;13;5;26;220;5;2;1;1.0;6;300;0, THIERS   RUE;M;4616170.0;-114837.0;170
17562;201300019470;13;5;27;1530;1;2;1;1.0;3;300;02, ROUX   RUE DE;M;4614712.0;-115219.0;170
17563;201300019471;13;5;27;2000;1;2;1;1.0;6;300;2, CHEMIN VERT   RUE DU;M;4616559.0;-114036.0;170
17564;201300019472;13;5;27;2010;1;2;1;1.0;6;300;88, CIMETIERE   AVENUE D;M;4616293.0;-113146.0;170
17565;201300019473;13;5;29;1435;1;2;1;1.0;6;300;32BIS, LECLERC   AVENUE;M;4616307.0;-116414.0;170
17566;201300019474;13;6;2;453;5;2;1;1.0;6;300;2, CORSAIRES   AVENUE DE;M;4616467.0;-117549.0;170
17567;201300019475;13;6;5;1456;1;2;1;1.0;3;300;2, PALISSY   RUE BERNARD;M;4617044.0;-115846.0;170
17568;201300019476;13;6;9;1222;1;2;1;1.0;6;300;2, COLIGNY   AVENUE;M;4615621.0;-116631.0;170
17569;201300019477;13;6;19;2105;1;2;1;1.0;3;300;2, TROMPETTE   RUE DE LA;M;4617008.0;-115839.0;170
17570;201300019480;13;6;28;2055;1;2;1;1.0;6;300;17, BILLAUD-VARENNE   AV;M;4615191.0;-112033.0;170
17571;201300019481;13;6;29;110;5;2;1;1.0;2;300;10, SAUTEL  BOULEVARD AN;M;4616712.0;-113610.0;170
17572;201300019482;13;6;29;515;5;1;1;1.0;6;300;112 PK RN137 JUSTICE ROC;M;4612209.0;-110997.0;170
17573;201300019483;13;6;30;105;5;2;1;1.0;6;300;2, ALBERT IER   RUE;M;4616478.0;-115170.0;170
17574;201300019484;13;7;4;1025;1;2;1;1.0;3;300;19, SAINT-LOUIS   RUE;M;4616012.0;-114590.0;170
17575;201300019485;13;7;7;300;5;2;1;1.0;7;300;25, GAULLE   AVENUE DU G;M;4615482.0;-114798.0;170
17576;201300019486;13;7;10;2255;5;2;1;1.0;6;300;2, BOIS FLEURI   RUE DU;M;4616474.0;-120538.0;170
17577;201300019487;13;7;18;800;1;2;1;1.0;6;28;112 PK RN137 JUSTICE ROC;M;4612071.0;-110927.0;170
17578;201300019489;13;7;22;1620;1;2;1;1.0;1;300;4, SCIERIE   RUE DE LA;M;4615023.0;-115389.0;170
17579;201300019490;13;7;24;840;1;2;3;1.0;3;300;CARNOT   AVENUE;M;4616458.0;-118168.0;170
17580;201300019491;13;7;25;934;1;2;1;1.0;6;300;2, SARTRE   AVENUE JEAN-;M;4615646.0;-112801.0;170
17581;201300019492;13;7;25;1820;1;2;1;1.0;6;300;JOFFRE   BOULEVARD (27/7;M;4616118.0;-114005.0;170
17582;201300019493;13;7;26;2235;5;2;1;1.0;6;300;2, REPENTIE   AVENUE DE;M;4617060.0;-120476.0;170
17583;201300019494;13;7;27;100;5;2;1;1.0;6;300;43, VALIN   QUAI;M;4615644.0;-114961.0;170
17584;201300019495;13;8;3;1000;1;2;1;1.0;6;300;7, THIERS   RUE;M;4616143.0;-114856.0;170
17585;201300019496;13;8;6;420;5;2;1;1.0;7;300;20, MUSE   RUE DE LA (1/;M;4616692.0;-120076.0;170
17586;201300019497;13;8;9;50;4;2;1;1.0;7;300;2, STADE   RUE DU;M;4616038.0;-117560.0;170
17587;201300019498;13;8;10;1755;1;1;1;1.0;7;300;115 PK RN137 JUSTICE ROC;M;4614385.0;-110837.0;170
17588;201300019499;13;8;12;1944;2;2;1;1.0;3;200;NOUVEAU   RUE DU FIEF;M;4618615.0;-115105.0;170
17589;201300019500;13;8;25;636;2;1;1;2.0;6;300;05 PK RN237 MOULIN JUSTI;M;4617840.0;-115753.0;170
17590;201300019501;13;8;25;1550;1;2;1;1.0;2;300;4, COGNEHORS   BOULEVARD;M;4616919.0;-114680.0;170
17591;201300019502;13;8;28;1219;1;2;1;1.0;3;300;, SARTRE   AVENUE JEAN-P;M;4615644.0;-112833.0;170
17592;201300019503;13;9;5;619;2;2;3;1.0;7;300;02, MAIL   ALLEE DU;M;4615616.0;-116223.0;170
17593;201300019504;13;9;5;755;1;1;1;1.0;6;28;28, GRASSET   AVENUE EDM;M;4613407.0;-111713.0;170
17594;201300019505;13;9;10;925;1;2;1;1.0;6;300;GARREAU   RUE PAUL;M;4615958.0;-116002.0;170
17595;201300019506;13;9;14;1115;1;2;1;3.0;6;300;2, LECLERC   AVENUE DU G;M;4616253.0;-115865.0;170
17596;201300019507;13;9;20;1915;1;2;1;1.0;6;300;MONNAIE   AVENUE DE LA;M;4615618.0;-115904.0;170
17597;201300019508;13;10;5;2145;5;1;1;1.0;2;300;114 PK RN137 ROCHEFORT J;M;4612883.0;-110267.0;170
17598;201300019509;13;10;10;800;1;2;1;1.0;3;300;16, PERIGNY   RUE DE;M;4616221.0;-112228.0;170
17599;201300019510;13;10;24;845;1;2;1;1.0;3;300;2, GUITON   AVENUE JEAN;M;4616048.0;-117139.0;170
17600;201300019511;13;10;25;1155;1;2;1;2.0;3;300;2, NORMANDIN   RUE EMILE;M;4614954.0;-114485.0;170
17601;201300019512;13;10;27;1750;2;1;1;1.0;6;300;06 PK RN237 MOULIN JUSTI;M;4617109.0;-119009.0;170
17602;201300019513;13;10;27;1115;1;1;1;1.0;2;300;33 PK RN11 ROCADE NANTES;M;4617241.0;-111876.0;170
17603;201300019514;13;11;3;1745;1;1;1;1.0;3;28;2, ANVILLE   RUE D';M;4613788.0;-111108.0;170
17604;201300019515;13;11;8;1632;1;2;1;1.0;6;300;2, SAUTEL  BOULEVARD AND;M;4616669.0;-113659.0;170
17605;201300019516;13;11;12;838;2;2;1;1.0;3;300;LECLERC   AVENUE DU GENE;M;4616250.0;-115916.0;170
17606;201300019517;13;11;15;300;5;2;1;1.0;6;28;50, LYSIACK   AVENUE DU;M;4613640.0;-112486.0;170
17607;201300019518;13;11;17;1100;1;2;1;1.0;6;300;107, GAMBETTA   AVENUE;M;4616201.0;-114368.0;170
17608;201300019519;13;11;17;2050;5;2;1;1.0;1;300;JOFFRE   BOULEVARD (27/7;M;4616004.0;-114103.0;170
17609;201300019520;13;11;20;2014;5;2;9;1.0;6;300;SCIERIE   RUE DE LA;M;4615147.0;-115405.0;170
17610;201300019521;13;11;21;2330;5;2;1;1.0;6;300;4, GUITON   AVENUE JEAN;M;4615895.0;-116073.0;170
17611;201300019522;13;11;26;1740;2;2;1;1.0;6;300;2, LAUBAT   RUE CHASSELO;M;4616641.0;-115122.0;170
17612;201300019523;13;12;5;857;1;2;1;1.0;7;291;BAILLAC   RUE DE;M;4617867.0;-111633.0;170
17613;201300019524;13;12;5;1340;1;2;1;1.0;3;300;CHATEAU   RUE DU;M;4613843.0;-113989.0;170
17614;201300019525;13;12;5;1930;5;2;1;1.0;6;300;78, BRIAND   AVENUE ARIS;M;4616757.0;-116381.0;170
17615;201300019527;13;12;12;1125;1;2;1;1.0;6;300;2, LECLERC   AVENUE DU G;M;4616252.0;-115873.0;170
17616;201300019528;13;12;17;955;1;2;3;1.0;3;300;16, MAIL   ALLEE DU;M;4615608.0;-116346.0;170
17617;201300019530;13;12;30;1307;1;2;1;1.0;6;200;ROSE   AVENUE DU FIEF;M;4617391.0;-116635.0;170
17618;201300019531;13;1;2;1718;1;2;1;1.0;6;306;21, PARIS (DE) (AVENUE);M;4562605.0;-104670.0;170
17619;201300019532;13;1;2;2315;5;2;1;1.0;3;333;84, DE LATTRE DE TASSIGN;M;4560760.0;-100749.0;170
17620;201300019533;13;2;13;1445;1;2;2;1.0;3;306;., CLEMENCEAU  GEORGES (;M;4562925.0;-102415.0;170
17621;201300019534;13;5;14;1755;2;2;1;1.0;6;306;., AMPERE;M;4563170.0;-100211.0;170
17622;201300019536;13;5;26;1527;1;2;1;1.0;2;306;54, LIBERATION (DE LA) (;M;4562322.0;-100731.0;170
17623;201300019537;13;6;18;1800;1;2;1;1.0;7;333;., 107 REGIMENT D'INFANT;M;4559309.0;-97027.0;170
17624;201300019538;13;6;27;1240;1;1;1;1.0;2;306;., EXPRESS (VOIE);;;;170
17625;201300019539;13;7;3;1600;1;2;1;1.0;6;306;., FONT DE CHERVES;M;4562672.0;-102964.0;170
17626;201300019540;13;7;4;1745;1;1;1;1.0;3;380;., GRANDE COTE (AVENUE D;M;4564800.0;-111306.0;170
17627;201300019542;13;7;20;145;3;2;1;1.0;6;461;128, ROCHE (DE LA);M;4565225.0;-104295.0;170
17628;201300019543;13;7;20;1450;1;1;1;1.0;7;306;., EXPRESS (VOIE);M;4562872.0;-100279.0;170
17629;201300019544;13;7;21;1055;1;2;1;1.0;2;333;DE LATTRE DE TASSIGNY;M;4560682.0;-100646.0;170
17630;201300019545;13;8;2;305;5;2;1;1.0;6;306;., GARNIER (BD FREDERIC);M;4561923.0;-101679.0;170
17631;201300019546;13;8;11;255;5;2;1;1.0;6;306;162, GARNIER (BD FREDERI;M;4561419.0;-101117.0;170
17632;201300019547;13;8;12;25;5;2;1;1.0;6;306;., DE LATTRE DE TASSIGNY;M;4562615.0;-102029.0;170
17633;201300019548;13;8;14;820;1;2;1;1.0;6;306;., TARTANE (DE LA);M;4561842.0;-103099.0;170
17634;201300019549;13;11;21;1225;1;2;1;1.0;3;306;., PONTAILLAC (DE) (AVEN;M;4562417.0;-104486.0;170
17635;201300019551;13;11;21;2000;5;2;1;1.0;6;306;11, PERCHE (DE LA) (BD);M;4563423.0;-103611.0;170
17636;201300019552;13;11;25;1118;1;2;1;1.0;2;306;8, PLATANES (DES) (AVENU;M;4562621.0;-104160.0;170
17637;201300019553;13;11;25;1645;1;2;2;1.0;3;306;35, MARNE (DE LA) (ALLEE;M;4562708.0;-100975.0;170
17638;201300019554;13;11;27;900;1;2;1;1.0;6;306;., GARNIER (BD FREDERIC);M;4561758.0;-101479.0;170
17639;201300019555;13;11;28;915;2;2;1;1.0;6;306;58, METADIER (DOCTEUR PA;M;4562335.0;-103608.0;170
17640;201300019556;13;12;16;1808;2;2;4;1.0;3;306;rue des RENARDS;M;4563590.0;-103471.0;170
17641;201300019557;13;12;17;1750;2;2;1;1.0;2;333;117, TOURTET (AV. LT COL;M;4560966.0;-99539.0;170
17642;201300019558;13;3;9;2245;5;2;1;1.0;6;306;., AMPERE;M;4563173.0;-100220.0;170
17643;201300019559;13;3;1;1125;1;2;5;1.0;6;306;., LOTI PIERRE;M;4562449.0;-102968.0;170
17644;201300019560;13;3;4;1442;1;2;1;1.0;7;380;., EXPRESS (VOIE);M;4566371.0;-107209.0;170
17645;201300019561;13;3;15;1715;1;2;2;1.0;3;461;., PINSONS (DES);M;4564353.0;-102961.0;170
17646;201300019563;13;3;23;1410;1;2;1;1.0;3;333;., DULIN  (AVENUE DU PRE;M;4559079.0;-98376.0;170
17647;201300019564;13;3;27;840;2;2;1;1.0;6;306;., LIBERATION (DE LA) (A;M;4562320.0;-100938.0;170