;Num_Acc;an;mois;jour;hrmn;lum;agg;int;atm;col;com;adr;gps;lat;long;dep
17648;201300019565;13;4;7;1540;1;1;2;1.0;3;380;., EXPRESS (VOIE);M;4565849.0;-112631.0;170
17649;201300019566;13;4;8;1450;1;2;1;1.0;2;306;., GRANDIERE (DE LA) (BD;M;4562382.0;-102314.0;170
17650;201300019567;13;4;9;1859;1;2;1;1.0;6;306;., DUNANT HENRY;M;4561996.0;-100117.0;170
17651;201300019568;13;4;25;2115;2;2;1;1.0;4;306;., CLEMENCEAU  GEORGES (;M;4562961.0;-102409.0;170
17652;201300019569;13;4;27;235;3;2;1;1.0;6;461;., ROCHE (DE LA);M;4564876.0;-105031.0;170
17653;201300019570;13;4;28;543;3;1;1;1.0;6;380;., EXPRESS (VOIE);M;4565881.0;-112672.0;170
17654;201300019571;13;5;27;1135;1;2;1;1.0;2;306;41, AMPERE;M;4563170.0;-100211.0;170
17655;201300019572;13;6;8;1835;1;2;1;1.0;7;306;17, LIBERATION (DE LA) (;M;4562368.0;-101320.0;170
17656;201300019574;13;5;4;1815;1;2;1;1.0;2;306;3, LOUISE (AVENUE);M;4562918.0;-104851.0;170
17657;201300019575;13;5;8;1346;1;2;1;1.0;4;306;., LAVOISIER (ANTOINE DE;M;4563172.0;-98747.0;170
17658;201300019576;13;5;15;2330;5;2;1;1.0;6;306;30, TILLEULS (DES) (AVEN;M;4562698.0;-102567.0;170
17659;201300019577;13;5;19;1615;1;2;1;1.0;6;380;., DE GAULLE ( AVENUE CH;M;4564912.0;-108620.0;170
17660;201300019578;13;6;4;1615;1;2;1;1.0;3;306;., PASTEUR;M;4562666.0;-102887.0;170
17661;201300019579;13;6;17;1536;1;2;1;1.0;6;306;., BAILLET (BD COLONEL R;M;4562909.0;-103973.0;170
17662;201300019581;13;6;27;1200;1;2;1;1.0;6;306;8, RENARDS (DES);M;4563685.0;-103501.0;170
17663;201300019582;13;7;6;645;1;2;1;1.0;6;306;., ROCHEFORT (DE)  (AVEN;M;4564052.0;-102495.0;170
17664;201300019583;13;7;12;1955;2;2;2;1.0;3;380;13, PONTAILLAC (AVENUE D;M;4564135.0;-108544.0;170
17665;201300019584;13;7;18;1840;1;2;1;1.0;6;461;135, COTE DE BEAUTE (BOU;M;4563476.0;-106737.0;170
17666;201300019585;13;7;26;908;1;1;1;1.0;5;306;EXPRESS (VOIE);M;4564462.0;-104263.0;170
17667;201300019586;13;7;27;430;5;2;1;1.0;7;306;., MERIOT HENRI;M;4562746.0;-103085.0;170
17668;201300019587;13;7;25;710;1;2;1;1.0;6;306;20, TILLEULS (DES) (AVEN;M;4562658.0;-102593.0;170
17669;201300019588;13;7;25;320;3;2;1;1.0;6;306;EXPRESS (VOIE);M;4563912.0;-102439.0;170
17670;201300019590;13;8;8;2145;2;2;1;1.0;3;306;75, ALBERT 1ER (BD);M;4562732.0;-102040.0;170
17671;201300019591;13;8;11;55;5;2;1;1.0;7;333;., COTE DE BEAUTE (BOULE;M;4559593.0;-99203.0;170
17672;201300019592;13;8;13;2040;2;2;1;1.0;3;306;QUEBEC (AVENUE);M;4563026.0;-101501.0;170
17673;201300019593;13;8;24;1110;1;2;1;1.0;3;380;63, COURLAY (AVENUE DE);M;4564805.0;-108234.0;170
17674;201300019594;13;8;18;1615;1;2;1;1.0;7;380;44, BERNEZAC (AVENUE DE);M;4564613.0;-107346.0;170
17675;201300019595;13;8;3;711;2;2;1;1.0;6;380;., RHA (PLACE DU);M;4564376.0;-108734.0;170
17676;201300019596;13;7;11;1230;1;2;1;1.0;2;306;12, BAILLET (BD COLONEL;M;4563206.0;-103421.0;170
17677;201300019597;13;7;10;1410;1;1;1;1.0;1;461;., ROCHE (DE LA);M;4564840.0;-105040.0;170
17678;201300019598;13;7;10;1500;1;2;1;1.0;6;306;., FONCILLON (FACADE DE);M;4561987.0;-103377.0;170
17679;201300019600;13;9;11;1045;1;2;1;1.0;6;306;66, DOUMER  (PORTIQUE);M;4562832.0;-102892.0;170
17680;201300019601;13;7;21;2005;2;2;1;1.0;6;333;., DE LATTRE DE TASSIGNY;M;4561028.0;-100895.0;170
17681;201300019602;13;8;12;1010;1;2;1;1.0;6;306;89, FONT DE CHERVES;M;4562859.0;-103166.0;170
17682;201300019604;13;10;19;1915;2;1;1;1.0;1;306;., EXPRESS (VOIE);M;4564111.0;-102484.0;170
17683;201300019605;13;10;11;1200;1;2;2;1.0;3;306;ROCHEFORT (DE)  (AVENUE);M;4563561.0;-102638.0;170
17684;201300019606;13;8;1;1130;1;2;1;1.0;2;306;., ROCHEFORT (DE)  (AVEN;M;4564280.0;-102477.0;170
17685;201300019607;13;8;6;845;1;2;1;1.0;2;380;., REPUBLIQUE (AVENUE DE;M;4564364.0;-108996.0;170
17686;201300019608;13;8;12;1955;2;2;1;1.0;6;306;9, BAILLET (BD COLONEL R;M;4563203.0;-103415.0;170
17687;201300019610;13;8;19;1120;1;2;1;1.0;3;306;., HEDDE (AVENUE DANIEL);M;4563389.0;-102924.0;170
17688;201300019611;13;8;24;1615;1;2;1;1.0;6;306;., FRONT DE MER (PROMENA;M;4562190.0;-102979.0;170
17689;201300019612;13;8;28;1525;1;2;1;1.0;6;306;., LAVOISIER (ANTOINE DE;M;4563168.0;-105424.0;170
17690;201300019613;13;9;11;1725;1;2;1;1.0;6;306;53, EUROPE (COURS DE L');M;4562493.0;-102209.0;170
17691;201300019614;13;9;24;1748;1;2;2;1.0;3;306;rue CALMETTE ( DOCTEUR);M;4562892.0;-102445.0;170
17692;201300019616;13;9;6;1345;1;2;2;1.0;3;306;., FONT DE CHERVES;M;4562595.0;-102907.0;170
17693;201300019617;13;10;4;850;1;2;1;1.0;2;306;., ROCHERS (ALLEE DES);M;4561936.0;-104080.0;170
17694;201300019618;13;10;10;1015;1;2;1;1.0;2;306;., DE LATTRE DE TASSIGNY;M;4562595.0;-102085.0;170
17695;201300019619;13;10;15;1515;1;2;1;2.0;2;306;., FRONT DE MER (PROMENA;M;4562381.0;-102754.0;170
17696;201300019620;13;10;21;1940;5;2;2;1.0;3;306;., ROCHEFORT (DE)  (AVEN;M;4563653.0;-102879.0;170
17697;201300019621;13;10;24;1245;1;2;1;1.0;6;306;6, BASTIE MARYSE;M;4562455.0;-101688.0;170
17698;201300019622;13;11;6;730;5;2;2;3.0;3;333;., FRENAL (BOULEVARD DU;M;4560393.0;-100411.0;170
17699;201300019623;13;9;30;1545;1;1;1;1.0;5;220;;M;4365782.0;-36919.0;400
17700;201300019624;13;10;30;1900;3;1;1;1.0;1;141;;M;4371849.0;-76723.0;400
17701;201300019625;13;2;9;1115;1;1;1;1.0;6;564;;M;4908700.0;48600.0;270
17702;201300019626;13;8;1;1500;1;1;1;1.0;7;680;;M;4855000.0;24100.0;270
17703;201300019627;13;11;19;830;1;1;1;1.0;6;460;;M;0.0;0.0;270
17704;201300019628;13;3;27;1825;1;1;1;1.0;3;227;;M;4428863.0;-76835.0;400
17705;201300019629;13;3;11;1945;3;1;1;4.0;2;181;;M;4879037.0;32743.0;610
17706;201300019630;13;3;19;1430;1;1;1;4.0;6;175;;M;4848785.0;12054.0;610
17707;201300019631;13;3;19;1910;3;1;1;4.0;7;464;;M;4860728.0;19618.0;610
17708;201300019632;13;11;27;1145;1;1;1;8.0;2;181;;M;4878031.0;31533.0;610
17709;201300019633;13;12;22;1600;1;1;1;1.0;7;314;;M;4876196.0;-9212.0;610
17710;201300019634;13;1;2;1455;1;2;1;1.0;6;415;1, ALLENDE AV. DU PRESID;M;4573680.0;-64428.0;170
17711;201300019635;13;1;15;1130;1;2;1;1.0;6;415;EUROPE COURS DE;M;4573640.0;-64896.0;170
17712;201300019636;13;1;19;1540;1;1;1;1.0;6;415;141;;;;170
17713;201300019637;13;2;8;1450;1;2;1;1.0;6;415;2, GENET 2 A 64 COURS;M;4574658.0;-64058.0;170
17714;201300019638;13;2;12;635;2;2;1;2.0;6;415;76, GAMBETTA 74 A 162 ET;M;4574600.0;-62400.0;170
17715;201300019639;13;2;15;800;5;2;1;1.0;6;415;01, DUFAURE AVENUE JULES;M;4574629.0;-61741.0;170
17716;201300019640;13;2;17;1740;1;2;1;1.0;6;415;1, NATIONAL 1 A 67 ET 2;M;4574710.0;-63247.0;170
17717;201300019641;13;2;21;1715;1;2;1;1.0;6;415;12, REVERSEAUX 2 A 46 ET;M;4574717.0;-63713.0;170
17718;201300019642;13;2;27;2245;5;2;1;1.0;6;415;2, CASTAGNARY ALLEE;M;;;170
17719;201300019643;13;3;7;1015;1;2;1;1.0;6;415;19, BLAIR PLACE;M;4574291.0;-63510.0;170
17720;201300019644;13;3;7;2145;5;2;1;1.0;6;415;46, LEMERCIER COURS;M;4574771.0;-64053.0;170
17721;201300019645;13;3;16;1334;1;2;1;1.0;6;415;2, PASTEUR RUE;M;4574751.0;-63709.0;170
17722;201300019646;13;3;18;845;5;2;1;1.0;6;415;1, BRIAND RUE ARISTIDE;M;4574559.0;-61791.0;170
17723;201300019647;13;3;19;1400;1;2;1;1.0;6;415;25, SAINT PALLAIS 31 A 1;M;4574552.0;-62399.0;170
17724;201300019648;13;4;9;1100;1;2;1;1.0;6;415;44, NATIONAL 1 A 67 ET 2;M;4574753.0;-63362.0;170
17725;201300019649;13;4;17;2140;5;2;1;1.0;6;415;8, REPUBLIQUE QUAI DE LA;M;4574584.0;-63045.0;170
17726;201300019650;13;4;19;1030;1;2;1;1.0;6;415;94, GAUTIER RUE;M;4574064.0;-62083.0;170
17727;201300019651;13;4;22;1410;1;1;1;1.0;6;415;route nationale 141;M;4572581.0;-63695.0;170
17728;201300019652;13;4;25;835;2;2;1;1.0;6;415;46, GENET 2 A 64 COURS;M;4574858.0;-64690.0;170
17729;201300019653;13;4;25;1325;1;2;1;1.0;6;415;20, REVERSEAUX 2 A 46 ET;M;4574722.0;-63723.0;170
17730;201300019654;13;4;30;1320;1;2;1;2.0;6;415;1, DICONCHE RUE DE;M;4572458.0;-63530.0;170
17731;201300019655;13;5;4;1435;1;2;1;1.0;6;415;74, GAUTIER RUE;M;4574096.0;-62214.0;170
17732;201300019657;13;5;24;1035;1;1;1;1.0;6;415;route nationale 141;M;4574416.0;-60033.0;170
17733;201300019658;13;5;28;1830;1;2;1;1.0;6;415;2, CASTAGNARY ALLEE;M;4574131.0;-63915.0;170
17734;201300019659;13;6;6;905;1;1;1;1.0;6;415;Route Nationale 137;;;;170
17735;201300019660;13;6;7;1100;1;2;1;1.0;6;415;22, NATIONAL 1 A 67 ET 2;M;4574719.0;-63171.0;170
17736;201300019661;13;6;14;1245;1;1;1;1.0;7;415;Route Nationale 150;M;4574602.0;-60008.0;170
17737;201300019662;13;6;21;1918;1;2;1;1.0;6;415;25, YSER 1 A 35 QUAI DE;M;4575126.0;-63143.0;170
17738;201300019663;13;6;24;1400;1;1;1;1.0;7;415;01, PORT D'ENVAUX RUE DE;M;4576352.0;-64008.0;170
17739;201300019664;13;6;26;1945;1;2;1;1.0;6;415;02, ABATTOIR RUE DE L';M;4575306.0;-63107.0;170
17740;201300019665;13;7;5;1216;1;2;1;1.0;6;415;16, REVERSEAUX 2 A 46 ET;M;4574607.0;-63804.0;170
17741;201300019666;13;7;8;1415;1;1;1;1.0;6;415;1, CHAMPAGNE ST GEORGES;M;4574635.0;-67419.0;170
17742;201300019667;13;7;19;1925;1;2;1;1.0;6;415;1, SAINTONGE PONT A RUE;M;4574093.0;-62242.0;170
17743;201300019668;13;7;28;2110;2;1;1;1.0;6;415;route nationale 141;M;4572559.0;-63721.0;170
17744;201300019669;13;8;14;800;1;1;1;1.0;6;415;1, CHERMIGNAC RUE DE;M;4573376.0;-64553.0;170
17745;201300019670;13;8;16;1400;1;2;1;1.0;6;415;75, BOULE RUE DE LA;M;4574958.0;-63895.0;170
17746;201300019671;13;8;14;1335;1;2;1;1.0;6;415;1, VOIVILLE EST ROND POI;M;4574002.0;-66214.0;170
17747;201300019672;13;8;17;2255;3;1;1;1.0;6;415;ROCADE SUD;M;4573123.0;-61678.0;170
17748;201300019673;13;9;4;940;1;2;1;1.0;6;415;1, PALISSY PONT;M;4574145.0;-63853.0;170
17749;201300019674;13;9;4;945;1;2;1;1.0;6;415;1 rue René CASSIN;M;4574202.0;-62709.0;170
17750;201300019675;13;9;18;1430;1;2;1;1.0;6;415;42, DOUMER 2 A 143 /ROC.;M;4574416.0;-65167.0;170
17751;201300019676;13;9;19;955;1;2;1;1.0;6;415;12, REPUBLIQUE QUAI DE L;M;4574586.0;-63049.0;170
17752;201300019677;13;9;26;1850;1;2;1;1.0;7;415;02, LOTI RUE PIERRE;M;4574938.0;-64497.0;170
17753;201300019678;13;10;10;1845;1;2;1;1.0;6;415;76, GAUTIER RUE;M;4574057.0;-62138.0;170
17754;201300019679;13;10;18;1945;1;2;1;1.0;6;415;7, DUFAURE AVENUE JULES;M;4574628.0;-61774.0;170
17755;201300019680;13;10;19;930;1;2;1;1.0;6;415;12, YSER 1 A 35 QUAI DE;M;4575256.0;-63096.0;170
17756;201300019681;13;10;19;1745;1;1;1;1.0;6;415;141;M;4574569.0;-58912.0;170
17757;201300019682;13;10;21;635;2;1;1;1.0;6;415;route nationale 141;M;4574569.0;-58912.0;170
17758;201300019683;13;11;4;1235;1;2;1;2.0;6;415;15, ABATTOIR RUE DE L';M;4575432.0;-63167.0;170
17759;201300019684;13;11;5;815;5;2;1;1.0;6;415;15, DUFAURE AVENUE JULES;M;4574626.0;-61671.0;170
17760;201300019685;13;11;6;1230;1;2;1;1.0;6;415;12, MARTIN LUTHER KING R;M;4575053.0;-64986.0;170
17761;201300019686;13;11;8;1750;5;2;1;1.0;6;415;87, NATIONAL 69 A FIN ET;M;4574738.0;-63570.0;170
17762;201300019687;13;11;9;625;3;1;1;1.0;6;415;1, COTE DE BEAUTE RUE DE;M;4574707.0;-66922.0;170
17763;201300019688;13;11;10;130;3;2;1;3.0;6;415;1, SAINTONGE PONT A RUE;M;4574075.0;-62255.0;170
17764;201300019689;13;11;12;1810;5;2;1;1.0;6;415;12, KENNEDY AVENUE JOHN;M;4573251.0;-64564.0;170
17765;201300019690;13;11;15;1830;5;2;1;1.0;6;415;2, SAINTONGE PONT A RUE;M;4574014.0;-65667.0;170
17766;201300019691;13;11;22;1225;1;2;1;1.0;6;415;1, LECLERC COURS DU MARE;M;4574858.0;-64386.0;170
17767;201300019692;13;11;27;1225;1;2;1;1.0;6;415;1, SAINTONGE PONT A RUE;M;4574084.0;-62242.0;170
17768;201300019693;13;11;29;1525;1;2;1;1.0;6;415;29, LECLERC COURS DU MAR;M;4574989.0;-64660.0;170
17769;201300019694;13;12;9;1615;1;2;1;1.0;6;415;23, LACURIE RUE;M;4574572.0;-64502.0;170
17770;201300019695;13;12;10;1155;1;1;1;9.0;6;415;Route Nationale 150;M;4574554.0;-68768.0;170
17771;201300019696;13;12;13;820;2;2;1;1.0;6;415;15, ROCHES 1 A 31 QUAI D;M;4573857.0;-63852.0;170
17772;201300019697;13;12;16;1400;1;2;2;1.0;6;415;10, MARTEL RUE GEOFFROY;M;4574302.0;-62200.0;170
17773;201300019698;13;12;16;1815;2;1;1;1.0;6;415;RETAUD ROUTE DE;M;4571621.0;-67709.0;170
17774;201300019699;13;12;16;1925;5;2;1;1.0;6;415;8, DOUMER 2 A 143 /ROC.O;M;4574624.0;-66460.0;170
17775;201300019700;13;12;18;1830;2;1;1;1.0;6;415;5, COTE DE BEAUTE RUE DE;M;4574807.0;-66890.0;170
17776;201300019701;13;12;22;1410;1;2;1;1.0;6;415;37, JOURDAN AVENUE;M;4574527.0;-61373.0;170
17777;201300019702;13;12;24;1855;3;1;1;3.0;6;415;Route Nationale 137;M;4572526.0;-64341.0;170
17778;201300019703;13;1;18;1915;3;1;1;3.0;5;179;;M;0.0;0.0;370
17779;201300019704;13;1;18;1800;3;1;1;3.0;2;153;;M;0.0;0.0;370
17780;201300019705;13;2;7;2200;3;1;1;1.0;2;160;;M;0.0;0.0;370
17781;201300019706;13;7;22;1030;1;1;1;1.0;3;194;;M;0.0;0.0;370
17782;201300019707;13;7;27;2230;3;1;1;1.0;1;194;;M;0.0;0.0;370
17783;201300019708;13;11;30;345;3;1;1;1.0;4;153;;M;0.0;0.0;370
17784;201300019709;13;3;21;1000;1;1;1;1.0;2;95;;M;4352698.0;374166.0;340
17785;201300019710;13;4;23;430;5;1;1;1.0;3;270;;M;4356282.0;385000.0;340
17786;201300019711;13;4;30;1630;1;2;2;1.0;3;270;;M;4356053.0;384938.0;340
17787;201300019712;13;5;3;1715;1;1;1;1.0;3;95;;M;4353393.0;375396.0;340
17788;201300019713;13;7;2;1445;1;1;1;1.0;3;270;;M;4357900.0;386500.0;340
17789;201300019714;13;8;7;1930;1;1;1;2.0;3;95;;M;4351634.0;376798.0;340
17790;201300019715;13;9;11;715;1;1;1;1.0;3;95;;M;4354600.0;375000.0;340
17791;201300019716;13;9;11;1600;1;1;1;1.0;3;270;;M;4357400.0;384800.0;340
17792;201300019717;13;12;7;1000;1;2;1;1.0;6;270;;M;4358600.0;382000.0;340
17793;201300019718;13;12;14;1745;3;1;1;1.0;6;270;;M;4359200.0;383400.0;340
17794;201300019719;13;2;1;1415;1;1;1;1.0;3;141;;M;4277208.0;290082.0;660
17795;201300019720;13;3;7;2245;3;1;1;8.0;7;141;;M;0.0;0.0;660
17796;201300019721;13;5;17;1930;1;1;1;1.0;5;50;;M;4274050.0;296295.0;660
17797;201300019722;13;5;18;2015;2;1;1;1.0;6;141;;M;0.0;0.0;660
17798;201300019723;13;9;4;1300;1;2;1;1.0;2;141;av Francois Cassanyes;M;4273972.0;303724.0;660
17799;201300019724;13;10;9;2015;5;2;1;1.0;1;50;chemin du Mas Rovira;M;4276104.0;295129.0;660
17800;201300019725;13;11;19;2300;5;1;1;8.0;7;50;;M;0.0;0.0;660
17801;201300019726;13;12;7;2200;3;1;1;1.0;7;50;;M;4277721.0;293446.0;660
17802;201300019727;13;2;7;1900;3;1;1;1.0;7;84;;M;4412151.0;468495.0;300
17803;201300019728;13;4;4;1500;1;1;1;8.0;6;127;;M;4407241.0;458186.0;300
17804;201300019729;13;4;20;1230;1;1;1;2.0;5;141;;M;4408985.0;470492.0;300
17805;201300019730;13;5;25;1715;1;1;8;1.0;1;141;;M;4408915.0;470494.0;300
17806;201300019731;13;5;28;1145;1;1;1;2.0;7;76;;M;4410978.0;452979.0;300
17807;201300019733;13;6;11;1415;1;2;2;1.0;3;92;Carrefour CD6086 et 145;M;4408754.0;459520.0;300
17808;201300019734;13;7;7;2030;1;1;1;1.0;7;331;;M;4411837.0;459116.0;300
17809;201300019735;13;7;9;1845;1;1;1;3.0;1;331;;M;4413521.0;461318.0;300
17810;201300019736;13;7;17;2110;3;1;1;2.0;7;331;;M;4411402.0;461526.0;300
17811;201300019737;13;8;10;1500;1;1;1;1.0;5;207;;M;4404368.0;456133.0;300
17812;201300019738;13;8;13;1745;1;1;1;1.0;6;196;;M;4409472.0;453776.0;300
17813;201300019739;13;8;18;445;3;1;1;1.0;6;225;;M;4414883.0;453980.0;300
17814;201300019740;13;8;30;1930;1;1;1;1.0;5;141;;M;4411336.0;461525.0;300
17815;201300019741;13;9;8;1730;1;1;1;2.0;5;191;;M;4413813.0;466684.0;300
17816;201300019742;13;3;11;1315;1;1;1;8.0;1;263;;;;;410
17817;201300019743;13;4;24;1845;1;2;1;1.0;3;149;RUE DENIS PAPIN;;;;410
17818;201300019744;13;7;11;845;1;1;1;1.0;6;278;;M;4763790.0;94449.0;410
17819;201300019745;13;1;14;630;3;1;1;2.0;2;436;;M;0.0;0.0;770
17820;201300019746;13;3;24;1600;1;1;2;1.0;3;405;;M;4893500.0;320200.0;770
17821;201300019747;13;6;3;1515;1;1;1;1.0;3;182;;M;0.0;0.0;770
17822;201300019748;13;6;7;2015;2;2;1;1.0;7;436;Hameau Le Rouloir;M;0.0;0.0;770
17823;201300019749;13;6;10;2000;1;1;3;1.0;1;406;;M;0.0;0.0;770
17824;201300019750;13;6;29;2015;1;1;1;1.0;2;406;;M;0.0;0.0;770
17825;201300019751;13;8;29;1900;1;1;1;1.0;6;472;;M;0.0;0.0;770
17826;201300019753;13;11;21;1645;2;2;1;8.0;1;406;chantareine;M;4885500.0;320200.0;770
17827;201300019754;13;12;22;400;3;2;1;2.0;6;30;La Fontaine aux lièvres;M;4885524.0;332343.0;770
17828;201300019755;13;1;10;815;1;2;1;1.0;6;817;;M;0.0;0.0;620
17829;201300019756;13;2;15;1045;1;1;1;1.0;6;754;;M;0.0;0.0;620
17830;201300019757;13;3;11;830;1;1;1;4.0;3;780;;M;0.0;0.0;620
17831;201300019759;13;9;28;2000;1;1;1;1.0;7;184;;M;5019543.0;301869.0;620
17832;201300019760;13;4;14;1945;1;2;2;1.0;3;640;8 route d'Albert;M;5013700.0;241000.0;620
17833;201300019761;13;5;16;2315;3;1;1;1.0;6;770;;M;0.0;0.0;620
17834;201300019763;13;4;14;1430;1;1;1;1.0;7;36;;M;5045300.0;228100.0;620
17835;201300019764;13;4;27;2230;3;1;1;1.0;6;813;;M;0.0;0.0;620
17836;201300019765;13;7;14;2045;1;2;1;1.0;2;50;Rue d'Hesdin (CD94);M;0.0;0.0;620
17837;201300019766;13;7;21;1000;1;1;1;1.0;4;850;;M;0.0;0.0;620
17838;201300019768;13;10;17;2130;1;2;1;1.0;6;808;D94;M;0.0;0.0;620
17839;201300019769;13;11;14;2200;3;1;1;2.0;6;166;;M;5045509.0;238915.0;620
17840;201300019770;13;12;26;1145;1;1;1;1.0;1;269;;M;5042038.0;242125.0;620
17841;201300019771;13;1;13;1445;1;1;1;4.0;4;198;;M;0.0;0.0;630
17842;201300019773;13;10;6;1315;1;1;1;8.0;6;381;;M;0.0;0.0;630
17843;201300019774;13;11;14;1700;1;1;1;4.0;3;290;;M;0.0;0.0;630
17844;201300019775;13;12;16;645;3;1;1;1.0;6;116;;M;0.0;0.0;630
17845;201300019776;13;1;15;2030;3;1;1;1.0;7;261;;M;0.0;0.0;370
17846;201300019777;13;1;18;2330;3;1;1;4.0;3;122;;M;0.0;0.0;370
17847;201300019778;13;2;8;2115;3;1;1;2.0;6;193;;M;0.0;0.0;370
17848;201300019780;13;7;7;1230;1;1;1;1.0;7;228;;M;0.0;0.0;370
17849;201300019781;13;8;26;900;1;1;1;9.0;7;216;;M;0.0;0.0;370
17850;201300019782;13;8;31;545;2;1;1;1.0;4;261;;M;0.0;0.0;370
17851;201300019783;13;10;14;1045;1;1;1;2.0;3;50;A 10;M;0.0;0.0;370
17852;201300019784;13;10;21;1345;1;1;1;1.0;6;159;A 10;M;0.0;0.0;370
17853;201300019785;13;12;26;1230;1;1;1;1.0;7;104;;M;0.0;0.0;370
17854;201300019786;13;12;27;2330;5;1;1;3.0;3;261;;M;0.0;0.0;370
17855;201300019787;13;9;13;2100;5;1;1;2.0;6;485;;M;0.0;0.0;210
17856;201300019788;13;3;12;1915;4;2;9;1.0;3;54;Rue de la Gare;M;4316652.0;604708.0;830
17857;201300019790;13;6;24;1630;1;2;1;1.0;3;54;rn 97 la pierre blanche;M;0.0;0.0;830
17858;201300019791;13;7;12;1515;1;1;1;1.0;2;54;;M;0.0;0.0;830
17859;201300019792;13;8;22;1615;1;2;1;1.0;2;54;85 RUE DE LA REPUBLIQUE;M;0.0;0.0;830
17860;201300019794;13;9;7;1215;1;1;1;1.0;4;131;;M;0.0;0.0;830
17861;201300019795;13;10;11;1715;1;1;6;1.0;2;54;;M;0.0;0.0;830
17862;201300019796;13;10;26;1945;5;2;3;1.0;3;132;ROUTE DEPARTEMENTALE 97;M;0.0;0.0;830
17863;201300019797;13;11;2;1645;1;2;1;1.0;1;130;4 Avenue des Oiseaux;M;4319459.0;603705.0;830
17864;201300019798;13;11;3;1600;1;2;1;1.0;7;54;319 rue lavoisier (ZI);M;4315658.0;604638.0;830
17865;201300019799;13;10;31;1715;1;2;1;1.0;3;54;45, Ave de la R?publique;M;0.0;0.0;830
17866;201300019800;13;12;11;1215;1;2;6;1.0;6;54;;M;0.0;0.0;830
17867;201300019801;13;12;23;1345;1;2;1;8.0;1;131;RD554 - PK 93+500;M;0.0;0.0;830
17868;201300019802;13;5;3;1530;1;1;1;1.0;1;1;;M;0.0;0.0;870
17869;201300019803;13;6;9;1115;1;2;7;1.0;3;1;Place saint georges;M;0.0;0.0;870
17870;201300019804;13;8;30;1400;1;1;1;1.0;7;202;;M;0.0;0.0;870
17871;201300019805;13;9;3;1445;1;1;1;1.0;6;1;;M;0.0;0.0;870
17872;201300019806;13;11;7;1030;1;2;2;1.0;2;1;Puy de Mont;M;4581900.0;115200.0;870
17873;201300019807;13;12;7;1245;1;2;1;1.0;1;15;Rue de la plant?;M;4577200.0;116800.0;870
17874;201300019809;13;8;31;1145;1;2;1;1.0;3;9;Hameau de Cateraggio;M;0.0;0.0;202
17875;201300019810;13;10;20;515;3;1;1;1.0;3;143;;M;0.0;0.0;202
17876;201300019811;13;2;14;1945;3;1;1;1.0;6;363;LA RUE GEFFROY;M;4898730.0;-114681.0;500
17877;201300019812;13;5;18;1145;1;1;1;1.0;6;48;LE GROS CAILLOUX;M;4888060.0;-115317.0;500
17878;201300019813;13;9;14;1845;1;1;1;2.0;7;225;LA CROIX EPAULE;M;4898510.0;-121292.0;500
17879;201300019814;13;9;27;2245;5;2;2;3.0;3;545;RUE ST BARTHELEMY;M;4903990.0;-110463.0;500
17880;201300019815;13;12;8;1745;3;1;1;1.0;6;592;LES COSTILS;M;4896140.0;-113505.0;500
17881;201300019816;13;12;11;1400;1;1;1;1.0;1;180;LA BESSINIERE;M;4900520.0;-110511.0;500
17882;201300019817;13;11;25;1730;2;1;1;1.0;1;158;;M;0.0;0.0;710
17883;201300019818;13;8;1;1830;1;2;1;1.0;7;84;RD16;M;0.0;0.0;220
17884;201300019819;13;8;4;1815;1;1;1;1.0;6;84;;M;4841000.0;-234700.0;220
17885;201300019820;13;9;6;930;1;1;1;2.0;1;193;D 55;M;4842590.0;-243886.0;220
17886;201300019821;13;10;8;630;3;1;1;5.0;3;305;;M;0.0;0.0;220
17887;201300019822;13;11;19;915;1;1;1;1.0;1;185;;M;4836786.0;-243983.0;220
17888;201300019823;13;2;7;15;3;1;1;4.0;7;538;;M;4909140.0;-30777.0;140
17889;201300019824;13;2;12;1930;3;1;1;1.0;6;554;;M;4907830.0;-30024.0;140
17890;201300019825;13;4;19;1845;1;1;1;1.0;2;160;RN 158 CINTHEAUX;M;4906370.0;-29115.0;140
17891;201300019826;13;5;17;1015;1;1;1;1.0;1;554;;;;;140
17892;201300019827;13;7;20;1645;1;1;1;1.0;6;677;;M;4895500.0;-22100.0;140
17893;201300019828;13;9;17;1430;1;1;1;2.0;6;677;;M;4894600.0;-20900.0;140
17894;201300019829;13;1;20;900;2;1;1;9.0;3;327;;M;4971300.0;478900.0;80
17895;201300019830;13;2;4;1630;5;2;1;1.0;6;173;11 RUE DE SEDAN;M;4969840.0;477420.0;80
17896;201300019831;13;10;22;1300;1;1;1;1.0;1;328;;M;4980220.0;475371.0;80
17897;201300019832;13;6;15;1000;1;1;1;1.0;3;204;;M;0.0;0.0;380
17898;201300019833;13;1;1;530;5;2;1;2.0;6;33;26, BARBES (RUE);M;4707750.0;239002.0;180