;Num_Acc;an;mois;jour;hrmn;lum;agg;int;atm;col;com;adr;gps;lat;long;dep
17899;201300019834;13;1;3;800;5;2;1;2.0;6;33;10, CHANZY (BOULEVARD DU;M;4708946.0;240151.0;180
17900;201300019835;13;1;6;1810;5;2;1;1.0;2;33;18, JOFFRE (BOULEVARD DU;M;4707451.0;240385.0;180
17901;201300019836;13;1;8;1850;5;2;1;1.0;7;33;sans, SEMARD (AVENUE PIE;;;;180
17902;201300019837;13;1;8;740;3;1;1;1.0;3;213;SAINTE-SOLANGE (ROUTE DE;;;;180
17903;201300019838;13;1;8;1210;1;2;1;1.0;2;33;9, SARREBOURG (RUE DE);M;4708003.0;240189.0;180
17904;201300019839;13;1;9;2005;5;2;1;1.0;6;33;149, BARBES (RUE);M;4707256.0;238886.0;180
17905;201300019840;13;1;10;805;2;2;1;2.0;6;33;TURLY (RUE DE);M;4710071.0;242221.0;180
17906;201300019841;13;1;10;800;1;1;6;3.0;2;205;ORLEANS (ROUTE D');M;4711874.0;237407.0;180
17907;201300019842;13;1;11;1130;1;2;3;1.0;3;33;MARCHANDISES (RUE DE LA;M;4709539.0;239294.0;180
17908;201300019843;13;1;11;1928;5;2;1;1.0;6;33;EIFFEL (RUE GU)MOISSAN;M;4710677.0;240988.0;180
17909;201300019844;13;1;12;1240;1;1;1;1.0;6;213;RD 955;M;4712134.0;247958.0;180
17910;201300019845;13;1;13;1455;1;2;1;1.0;3;33;15, LATTRE DE TASSIGNY (;M;4710243.0;241191.0;180
17911;201300019846;13;1;16;745;5;2;3;1.0;3;33;153, DE GAULLE (AV DU GE;M;4710315.0;240934.0;180
17912;201300019848;13;1;17;800;2;2;1;1.0;6;33;10, POMPIDOU (RUE GEORGE;M;4706210.0;239947.0;180
17913;201300019849;13;1;19;1520;1;2;1;2.0;5;33;5, SERAUCOURT (RUE DE);M;4707855.0;239917.0;180
17914;201300019850;13;1;22;1515;1;2;2;1.0;6;33;7, NOVEMBRE 1918 (AVENUE;M;4708812.0;239826.0;180
17915;201300019851;13;1;24;2110;5;2;2;1.0;1;33;PICASSO (RUE PABLO);M;4706149.0;240906.0;180
17916;201300019852;13;1;28;1815;5;2;3;1.0;3;33;CHEMIN (RUE DU GRA;M;4712224.0;240248.0;180
17917;201300019853;13;2;8;755;2;2;2;2.0;3;33;av deLlattre de Tassigny;M;4710008.0;241564.0;180
17918;201300019854;13;2;18;1005;1;1;1;5.0;7;33;RN 142;M;4706920.0;243477.0;180
17919;201300019855;13;2;27;508;3;1;1;1.0;7;267;CHAPELLE (ROUTE DE LA);M;4701617.0;235231.0;180
17920;201300019856;13;3;3;630;3;1;1;1.0;6;205;D2076;;;;180
17921;201300019857;13;3;3;1730;1;2;2;1.0;3;213;CHARITE (RTE DE LA);M;4709747.0;245970.0;180
17922;201300019858;13;3;4;1545;1;2;2;1.0;3;33;SANTOS-DUMONT (BOULEVARD;M;4707032.0;238194.0;180
17923;201300019859;13;3;7;1438;1;2;2;1.0;3;33;57, INDUSTRIE (BOULEVARD;M;4707157.0;239037.0;180
17924;201300019860;13;3;9;550;3;1;1;2.0;7;205;BERRY-BOUY (ROUTE DE);M;4710101.0;232710.0;180
17925;201300019862;13;3;17;2010;5;2;1;1.0;5;33;116, MALLET (RUE LOUIS);;;;180
17926;201300019863;13;3;21;800;1;2;1;1.0;2;205;85, VOUZERON (ROUTE);M;4710147.0;236369.0;180
17927;201300019864;13;3;23;15;5;2;2;1.0;5;33;1, VOISINS (RUE DES FRER;M;4707224.0;238185.0;180
17928;201300019865;13;3;25;1715;1;2;2;1.0;3;33;, ALAIN (RUE);;;;180
17929;201300019866;13;3;26;204;5;1;6;1.0;6;33;CHAPELLE (ROUTE DE LA);M;4707521.0;235458.0;180
17930;201300019867;13;3;26;402;5;2;1;1.0;6;33;11, RIMBAULT (RUE JACQUE;M;4707977.0;239911.0;180
17931;201300019869;13;4;1;1155;1;2;1;7.0;3;33;rue John Bost;;;;180
17932;201300019870;13;4;2;1125;1;2;2;1.0;3;33;GUILBEAU/HAEGELEN;M;4707050.0;237711.0;180
17933;201300019871;13;4;9;1735;1;2;1;2.0;6;33;MARRONNIERS (PLACE DES);M;4707982.0;240176.0;180
17934;201300019872;13;4;12;2015;5;2;2;2.0;3;33;JURANVILLE (BOULEVARD);M;4708339.0;238899.0;180
17935;201300019873;13;4;14;2255;5;2;2;1.0;1;33;CHALLE (RUE DU GENERAL);M;4709391.0;240116.0;180
17936;201300019874;13;4;15;1745;1;2;1;1.0;4;33;CHALLE (RUE DU GENERAL);M;4709511.0;239547.0;180
17937;201300019875;13;4;16;1315;1;2;2;1.0;3;205;CALLIERE (RUE DE L;M;4711392.0;235988.0;180
17938;201300019876;13;4;17;915;1;2;2;1.0;3;267;CHATEAUNEUF (ROUTE;M;4705359.0;238062.0;180
17939;201300019877;13;4;23;1045;1;2;3;1.0;3;33;GIONNE (AVENUE DE);M;4707331.0;240640.0;180
17940;201300019879;13;4;27;56;5;2;1;2.0;7;33;LAMARCK (BOULEVARD;M;4707954.0;239540.0;180
17941;201300019880;13;4;30;820;1;2;3;2.0;3;33;89, VAILLANT (RUE EDOUAR;M;4708888.0;240040.0;180
17942;201300019881;13;5;1;1739;1;2;1;1.0;6;33;CHAMP DE FOIRE (RU;M;4708297.0;238712.0;180
17943;201300019882;13;5;2;1949;1;2;1;1.0;7;33;5, COLBERT (RUE);M;4707156.0;240390.0;180
17944;201300019883;13;5;4;1510;1;2;7;1.0;3;205;parking decathlon;M;4711845.0;237559.0;180
17945;201300019884;13;5;6;740;1;2;2;1.0;3;33;JURANVILLE (BOULEVAR;M;4708339.0;238890.0;180
17946;201300019885;13;5;7;1709;1;2;1;1.0;2;33;ISSOUDUN (ROUTE D';M;4706122.0;236424.0;180
17947;201300019886;13;5;8;2204;3;1;1;1.0;6;267;RN 142;;;;180
17948;201300019887;13;5;10;1817;1;1;1;1.0;1;205;VOUZERON (ROUTE DE);M;4712351.0;234735.0;180
17949;201300019888;13;5;12;1838;1;2;1;1.0;3;33;LAUDIER (AVENUE HENR;M;4709100.0;239358.0;180
17950;201300019889;13;5;15;910;1;1;6;8.0;7;205;PORTE DE VIERZON (ROCADE;;;;180
17951;201300019890;13;5;18;1230;1;2;1;3.0;7;33;QUATRE VENTS (ROUTE DES);M;4711634.0;242452.0;180
17952;201300019892;13;5;20;2150;5;2;1;3.0;6;33;LABONNE (RUE ERICK);M;4706448.0;240339.0;180
17953;201300019893;13;5;20;1112;1;1;1;3.0;6;33;RD 400 (Rocade);M;4707252.0;235379.0;180
17954;201300019894;13;5;28;1400;1;1;1;2.0;6;255;RD 103;;;;180
17955;201300019896;13;6;5;1420;1;2;1;1.0;3;33;14, MAULMOND (RUE DU Pdt;M;4707151.0;237650.0;180
17956;201300019897;13;6;6;1745;1;2;1;1.0;2;33;28, DUN-SUR-AURON (AVENU;M;4707087.0;241274.0;180
17957;201300019898;13;6;10;1215;1;2;1;1.0;6;33;24, GAMBON (RUE);M;4708659.0;239141.0;180
17958;201300019899;13;6;10;1730;1;2;1;1.0;6;33;10, CHATEAU D'EAU (RUE;M;4707620.0;240288.0;180
17959;201300019900;13;6;11;1349;1;1;1;1.0;6;33;NATION (PLACE DE LA);M;4708420.0;239069.0;180
17960;201300019901;13;6;12;1515;1;2;1;1.0;3;33;PARKING - TURLY (RUE DE);M;4710262.0;242482.0;180
17961;201300019903;13;6;19;1000;1;2;1;1.0;6;33;75, RENAN (AVENUE ERNEST;M;4708276.0;241414.0;180
17962;201300019905;13;6;24;715;1;2;3;1.0;3;33;ROUSSEAU (RUE JEAN;M;4707813.0;238818.0;180
17963;201300019906;13;6;25;934;1;2;1;1.0;6;33;rue Jean Baffier;M;4707263.0;241068.0;180
17964;201300019907;13;6;29;1115;1;1;6;1.0;6;255;RD31;;;;180
17965;201300019908;13;7;1;1530;1;2;3;1.0;1;205;1, VEAUCE (Rte DE);M;4710456.0;235533.0;180
17966;201300019909;13;7;2;1810;1;2;4;1.0;3;33;JURANVILLE (BOULEVARD DE;M;4708084.0;238950.0;180
17967;201300019910;13;7;3;1500;1;1;1;2.0;2;33;RN 142;M;4708662.0;244276.0;180
17968;201300019911;13;7;5;1730;1;2;1;1.0;7;33;COILLARD (RUE FRANCOIS);M;4712569.0;239538.0;180
17969;201300019912;13;7;5;1740;1;2;1;1.0;2;213;PARKING (rte CHARITE);M;4709767.0;245850.0;180
17970;201300019913;13;7;6;1810;1;2;1;1.0;6;33;23, LAUDIER (AVENUE HENR;M;4709261.0;239392.0;180
17971;201300019914;13;7;8;732;1;2;1;1.0;6;213;7, GAULLE (AVENUE DU GEN;M;4709910.0;248364.0;180
17972;201300019915;13;7;12;1350;1;2;6;1.0;3;33;49, VOISINS (RUE DES FRE;M;4706940.0;237558.0;180
17973;201300019916;13;7;13;2214;5;2;6;1.0;6;33;92 BIS, MITTERRAND (AVEN;M;4708364.0;243550.0;180
17974;201300019917;13;7;16;1609;1;2;1;1.0;2;33;CHARITE (ROUTE DE LA);M;4709563.0;243324.0;180
17975;201300019918;13;7;20;1845;1;1;1;1.0;1;33;ISSOUDUN (ROUTE D');M;4705980.0;236230.0;180
17976;201300019919;13;7;21;2348;5;2;1;1.0;6;33;52 B, DE GAULLE (AV DU G;M;4709609.0;240465.0;180
17977;201300019920;13;7;22;2015;1;2;2;1.0;2;213;GENERAL DE GAULLE (AVENU;M;4709882.0;247960.0;180
17978;201300019921;13;7;23;1318;1;2;3;3.0;2;33;DE GAULLE (AV DU GENERAL;M;4710306.0;240929.0;180
17979;201300019922;13;7;23;2130;1;2;1;1.0;3;33;16, INDUSTRIE (BOULEVARD;M;4707250.0;239697.0;180
17980;201300019923;13;8;1;2020;1;2;3;1.0;3;33;CHARITE (ROUTE DE;M;4709493.0;242080.0;180
17981;201300019924;13;8;2;1845;1;2;1;1.0;2;33;CHALLE (RUE DU GENERAL);M;4709409.0;240062.0;180
17982;201300019925;13;8;3;50;5;2;1;2.0;6;33;174, CHARLET (RUE);M;4708427.0;241582.0;180
17983;201300019926;13;8;4;830;1;1;1;1.0;6;267;SAINT-AMAND (ROUTE DE);M;4703384.0;237563.0;180
17984;201300019927;13;8;4;2138;2;1;1;1.0;6;33;PLANTONS (CHEMIN DES;M;4709938.0;243555.0;180
17985;201300019928;13;8;6;1320;1;2;1;1.0;2;33;CHARITE (ROUTE DE;M;4709570.0;243485.0;180
17986;201300019929;13;8;7;1730;1;2;2;1.0;3;33;FAUVETTES (RUE DES);M;4712071.0;240068.0;180
17987;201300019930;13;8;3;1830;1;2;1;1.0;3;213;CEPS (RUE DES);M;4709906.0;245946.0;180
17988;201300019931;13;8;14;1530;1;2;9;1.0;6;33;PICASSO (RUE PABLO);M;4705906.0;240993.0;180
17989;201300019932;13;8;15;1915;1;1;1;1.0;7;33;RD 106;M;4704975.0;240814.0;180
17990;201300019933;13;8;17;1655;1;2;7;1.0;3;33;parking  Car chaus chapp;;;;180
17991;201300019935;13;8;19;1920;1;2;1;7.0;6;33;RUE FRANCOIS VILLON;M;4710285.0;241153.0;180
17992;201300019936;13;8;19;1000;1;1;6;1.0;7;33;N142;M;4704715.0;234352.0;180
17993;201300019937;13;8;23;1715;1;2;3;7.0;3;33;parking carrefour;M;4709188.0;242036.0;180
17994;201300019938;13;8;28;1710;1;2;1;1.0;2;33;64, GAMBETTA (BOULEVARD);M;4708721.0;238875.0;180
17995;201300019939;13;8;30;1145;1;2;1;1.0;2;33;RENAN (AVENUE ERNEST);M;4708399.0;241874.0;180
17996;201300019940;13;9;1;253;5;2;1;1.0;6;33;27, GOULEVENTS (RUE DES);M;4707391.0;237655.0;180
17997;201300019941;13;9;11;731;2;1;1;1.0;7;205;;;;;180
17998;201300019942;13;9;15;1110;1;2;1;1.0;2;33;JOFFRE (BOULEVARD DU;M;4707284.0;239907.0;180
17999;201300019943;13;9;17;1850;1;2;1;2.0;2;33;76, LATTRE DE TASSIGNY;M;4709920.0;241635.0;180
18000;201300019944;13;9;20;1658;1;2;2;1.0;1;33;CHALLE (RUE DU GENERAL);M;4709393.0;240116.0;180
18001;201300019945;13;9;22;2015;3;1;3;1.0;2;213;CHARITE (rte de)/J.JAURE;M;4709805.0;246837.0;180
18002;201300019946;13;9;24;1010;1;2;1;1.0;3;33;107, VAILLANT (RUE EDOUA;M;4708951.0;240084.0;180
18003;201300019947;13;9;24;2054;5;2;3;1.0;1;33;avenue de la Prospective;M;4710691.0;239289.0;180
18004;201300019948;13;9;26;2023;5;2;1;1.0;6;33;INDUSTRIE (BOULEVARD DE;M;4707194.0;239286.0;180
18005;201300019949;13;9;27;1650;1;2;2;1.0;3;213;CHARITE (ROUTE DE;M;4709745.0;245969.0;180
18006;201300019950;13;9;28;1745;1;2;1;1.0;2;33;CHARITE (ROUTE DE LA);M;4709610.0;244016.0;180
18007;201300019951;13;9;28;2131;4;2;6;2.0;6;33;RD 400 (Rocade);M;4707537.0;235399.0;180
18008;201300019952;13;10;2;1556;1;2;1;1.0;6;33;11, RENAN (AVENUE ERNEST;M;4708122.0;240774.0;180
18009;201300019953;13;10;4;825;1;2;1;1.0;1;205;74, PIEDS BLANCS (RUE DE;M;4710985.0;238648.0;180
18010;201300019954;13;10;6;1657;1;1;1;1.0;6;213;RD 151;;;;180
18011;201300019955;13;10;10;751;2;2;3;3.0;2;205;BOULLE (RUE ANDRE-CHARLE;M;4710475.0;239024.0;180
18012;201300019956;13;10;11;755;1;1;1;1.0;2;267;RN 142;M;4702647.0;239130.0;180
18013;201300019958;13;10;12;1520;1;2;9;2.0;3;213;RD 955;M;4709876.0;246342.0;180
18014;201300019959;13;10;15;945;1;2;1;1.0;6;33;65, SARREBOURG (RUE DE);M;4708032.0;240475.0;180
18015;201300019960;13;10;16;1810;1;2;1;3.0;2;205;MALITORNE (RUE DE);M;4710677.0;238771.0;180
18016;201300019961;13;10;17;1140;1;2;1;1.0;2;33;AVENIR (BOULEVARD D;M;4708270.0;238452.0;180
18017;201300019962;13;10;17;1725;1;2;1;1.0;6;33;12, JAURES (AVENUE JEAN);M;4708725.0;239283.0;180
18018;201300019963;13;10;20;33;5;2;3;2.0;3;213;GENERAL DE GAULLE (AVE;M;4709964.0;249170.0;180
18019;201300019964;13;10;20;1155;1;1;1;1.0;6;213;RD 955;;;;180
18020;201300019965;13;10;25;1950;5;2;1;3.0;6;33;REPUBLIQUE (BOULEVAR;M;4708945.0;239534.0;180
18021;201300019966;13;10;26;1635;1;2;2;1.0;3;33;2, COMMERCE (RUE DU);M;4708533.0;239457.0;180
18022;201300019967;13;10;28;1442;1;2;6;2.0;2;33;Esplanade MARCEAU;M;4707968.0;239904.0;180
18023;201300019968;13;10;28;1845;5;2;1;1.0;3;33;25, PYROTECHNIE (AVENUE;M;4707795.0;241664.0;180
18024;201300019971;13;10;30;1635;1;2;2;1.0;3;33;NUNGESSER ET COLI (RUE);M;4706671.0;237810.0;180
18025;201300019972;13;10;31;1139;1;2;1;1.0;2;33;28, LAZENAY (RUE DE);M;4707740.0;238999.0;180
18026;201300019973;13;10;31;1630;1;2;1;1.0;2;33;30, BARBES (RUE);M;4707734.0;239004.0;180
18027;201300019975;13;10;31;2355;5;2;2;1.0;3;33;HAEGELEN (AVENUE M;M;4707051.0;237712.0;180
18028;201300019976;13;11;4;1810;5;2;1;1.0;6;33;103, VAILLANT (RUE EDOUA;M;4708927.0;240070.0;180
18029;201300019977;13;11;6;1130;1;2;2;1.0;1;213;CHARITE (ROUTE DE;M;4709748.0;245969.0;180
18030;201300019978;13;11;7;1934;2;2;1;1.0;2;33;35, STRASBOURG (BD DE);M;4708102.0;240544.0;180
18031;201300019979;13;11;8;1615;1;2;1;1.0;2;33;MALLARME (RUE STEPHANE);M;4710093.0;241188.0;180
18032;201300019980;13;11;9;1900;5;2;1;2.0;4;33;CHAPPE (CHAUSSEE D;M;4709030.0;242162.0;180
18033;201300019981;13;11;15;1333;1;1;2;2.0;3;33;RD 2076;M;4704492.0;244325.0;180
18034;201300019982;13;11;18;1730;5;2;1;5.0;4;213;CHARITE (ROUTE DE LA);M;4709781.0;246472.0;180
18035;201300019983;13;11;19;1200;1;2;2;8.0;3;213;RD 955;;;;180
18036;201300019984;13;11;22;1800;5;1;1;2.0;2;33;CHARITE (ROUTE DE;M;4709563.0;243449.0;180
18037;201300019985;13;11;26;835;1;2;1;1.0;6;33;48, JUIN (AVENUE DU MARE;M;4710791.0;242095.0;180
18038;201300019986;13;11;26;1523;1;2;1;1.0;2;33;MITTERRAND (AVENUE FRANC;M;4708361.0;243414.0;180
18039;201300019987;13;11;27;1630;1;1;1;7.0;6;33;JEAN MOULIN TAG G EIFFEL;;;;180
18040;201300019988;13;11;28;1630;1;2;6;1.0;3;33;CHAUSSEE DE CHAPPE;M;4709160.0;242173.0;180
18041;201300019990;13;12;3;1000;1;2;1;1.0;6;33;CHALLE (RUE DU GENERAL);M;4709517.0;239484.0;180
18042;201300019991;13;12;6;2210;3;2;1;9.0;6;267;28, CHAPELLE (ROUTE DE L;M;4701594.0;235299.0;180
18043;201300019992;13;12;9;1132;1;2;1;1.0;6;33;NOIR (CHEMIN);M;4705998.0;238822.0;180
18044;201300019994;13;12;10;730;3;1;1;9.0;2;255;RN 151;;;;180
18045;201300019995;13;12;10;1215;1;2;1;1.0;5;213;RN 151;M;4709643.0;244468.0;180
18046;201300019996;13;12;11;805;2;2;1;1.0;6;33;10, DUN-SUR-AURON (AV DE;M;4707132.0;241221.0;180
18047;201300019998;13;12;14;1942;3;1;1;1.0;7;33;JARDINS (COUR DES);M;4704271.0;242725.0;180
18048;201300019999;13;12;18;1045;1;2;2;1.0;6;33;CLEMENCEAU/VAILLANT;M;4708658.0;239882.0;180
18049;201300020000;13;12;20;1626;1;2;1;1.0;6;33;RAYNAL (RUE LOUIS DE);M;4709839.0;239960.0;180
18050;201300020001;13;12;28;450;3;1;1;2.0;7;33;SAINT-AMAND (AVENUE DE);M;4704442.0;237709.0;180
18051;201300020002;13;12;28;1620;1;1;1;1.0;4;213;CHARITE (ROUTE DE LA);M;4709666.0;244822.0;180
18052;201300020003;13;12;30;1150;1;2;1;1.0;6;213;CHARITE (ROUTE DE;M;4709665.0;244783.0;180
18053;201300020004;13;1;19;145;5;2;1;3.0;6;91;4 rue Jules FAVRE;M;0.0;0.0;830
18054;201300020007;13;5;13;1645;1;1;1;1.0;1;49;;M;0.0;0.0;830
18055;201300020008;13;7;14;15;5;2;1;1.0;6;91;RD 12;M;0.0;0.0;830
18056;201300020009;13;8;12;1730;1;1;1;1.0;1;91;;M;0.0;0.0;830
18057;201300020010;13;8;13;1030;1;1;2;1.0;3;100;;M;0.0;0.0;830
18058;201300020011;13;8;26;800;1;1;1;1.0;6;43;;M;0.0;0.0;830
18059;201300020012;13;10;12;1030;1;1;1;1.0;1;100;;M;0.0;0.0;830
18060;201300020013;13;10;13;415;3;1;1;1.0;1;49;;M;0.0;0.0;830
18061;201300020014;13;10;14;645;3;2;1;1.0;1;91;route des maures - RD14;M;4323800.0;608800.0;830
18062;201300020015;13;10;26;1745;1;1;1;1.0;6;100;;M;0.0;0.0;830
18063;201300020016;13;1;10;1815;3;1;1;2.0;7;119;;M;4780350.0;150245.0;410
18064;201300020018;13;3;10;1015;3;1;1;1.0;7;145;;M;0.0;0.0;120
18065;201300020019;13;6;13;1215;1;1;1;1.0;7;63;;M;4403500.0;312000.0;120
18066;201300020020;13;6;20;1145;1;1;1;3.0;7;291;;M;4428200.0;300200.0;120
18067;201300020021;13;6;22;1230;1;1;1;1.0;2;122;;M;0.0;0.0;120
18068;201300020022;13;7;21;1815;1;1;1;1.0;6;291;;M;4426300.0;306400.0;120
18069;201300020023;13;8;7;715;1;1;1;3.0;7;84;;M;4405800.0;312900.0;120
18070;201300020024;13;9;1;2130;3;1;1;1.0;6;291;;M;0.0;0.0;120
18071;201300020025;13;7;27;915;1;1;1;1.0;6;193;;M;0.0;0.0;580
18072;201300020026;13;10;4;1500;1;1;1;1.0;6;164;;M;0.0;0.0;580
18073;201300020027;13;2;22;1915;3;1;1;1.0;1;333;;M;0.0;0.0;710
18074;201300020028;13;1;26;1415;1;1;1;8.0;1;219;;M;4663750.0;155103.0;360
18075;201300020029;13;2;12;1530;1;1;1;1.0;2;33;;M;4651490.0;151100.0;360
18076;201300020030;13;4;2;1030;1;1;1;1.0;6;134;;M;4640310.0;145820.0;360
18077;201300020031;13;5;11;2145;2;1;1;8.0;6;239;;M;4648680.0;149966.0;360
18078;201300020032;13;6;8;615;1;1;1;1.0;6;239;;M;4648570.0;149995.0;360
18079;201300020033;13;6;9;1600;1;1;1;1.0;6;134;;M;4639180.0;145052.0;360
18080;201300020035;13;10;20;2300;3;1;1;1.0;6;219;;M;4666020.0;157063.0;360
18081;201300020036;13;11;4;845;1;1;1;3.0;6;200;;M;4660980.0;151185.0;360
18082;201300020038;13;5;18;1700;1;1;1;2.0;6;168;;M;4498500.0;318800.0;150
18083;201300020039;13;8;1;1700;1;1;1;1.0;6;168;;M;4499000.0;318700.0;150
18084;201300020040;13;4;30;1045;1;1;1;2.0;6;178;;M;4554300.0;326500.0;630
18085;201300020041;13;5;1;145;3;1;1;3.0;1;178;;M;4556400.0;326800.0;630
18086;201300020042;13;7;12;1415;1;1;1;1.0;2;52;;M;0.0;0.0;630
18087;201300020043;13;9;3;630;2;1;1;1.0;2;54;;M;4550700.0;326200.0;630
18088;201300020044;13;2;24;1045;1;1;1;4.0;6;182;;M;0.0;0.0;870
18089;201300020046;13;7;13;1645;1;1;9;1.0;2;182;;M;4632600.0;142300.0;870
18090;201300020047;13;8;8;1545;1;1;1;1.0;6;133;;M;0.0;0.0;870
18091;201300020048;13;1;11;515;3;1;1;1.0;6;196;;M;4380481.0;332656.0;340
18092;201300020049;13;3;1;545;3;1;1;1.0;6;123;;M;4360601.0;381703.0;340
18093;201300020050;13;6;17;1300;1;1;1;1.0;2;194;;M;4354744.0;344869.0;340
18094;201300020051;13;6;19;1245;1;1;1;1.0;6;79;;M;0.0;0.0;340
18095;201300020052;13;6;22;1015;1;1;1;1.0;6;36;;M;4367684.0;341604.0;340
18096;201300020053;13;6;29;15;3;1;1;1.0;6;199;;M;0.0;0.0;340
18097;201300020054;13;8;3;1615;1;1;1;1.0;6;114;;M;0.0;0.0;340
18098;201300020055;13;8;17;1715;1;1;1;1.0;2;300;;M;0.0;0.0;340
18099;201300020056;13;8;29;1115;1;1;1;1.0;7;13;;M;0.0;0.0;340
18100;201300020057;13;9;12;1045;1;1;1;1.0;1;32;;M;0.0;0.0;340
18101;201300020058;13;10;10;730;2;1;1;1.0;3;36;;M;0.0;0.0;340
18102;201300020059;13;12;22;915;1;1;1;7.0;3;123;;M;0.0;0.0;340
18103;201300020060;13;12;23;945;2;1;1;1.0;7;325;;M;0.0;0.0;340
18104;201300020062;13;1;18;2000;3;1;1;2.0;4;183;;M;0.0;0.0;480
18105;201300020063;13;4;9;1215;1;1;1;3.0;6;140;;M;0.0;0.0;480
18106;201300020064;13;7;11;1315;1;1;1;1.0;2;49;;M;0.0;0.0;480
18107;201300020065;13;7;16;715;1;1;1;7.0;1;34;;M;0.0;0.0;480
18108;201300020067;13;5;10;900;1;1;1;1.0;6;397;;M;0.0;0.0;80
18109;201300020068;13;5;26;530;3;1;1;2.0;6;111;;M;0.0;0.0;80
18110;201300020069;13;9;9;845;1;1;1;1.0;2;435;;M;0.0;0.0;80
18111;201300020070;13;5;22;1715;1;2;1;1.0;2;472;Rue de la gare;M;0.0;0.0;670
18112;201300020071;13;4;7;2030;3;1;1;1.0;3;209;;M;0.0;0.0;440
18113;201300020072;13;11;17;730;3;1;1;1.0;6;149;;M;0.0;0.0;440
18114;201300020074;13;1;12;1745;3;1;1;3.0;7;33;;M;0.0;0.0;440
18115;201300020075;13;2;1;1245;1;1;1;3.0;5;103;;M;0.0;0.0;440
18116;201300020077;13;3;15;1600;1;1;1;1.0;7;33;;M;0.0;0.0;440
18117;201300020078;13;4;12;1530;1;1;1;1.0;5;137;;M;0.0;0.0;440
18118;201300020079;13;5;7;2300;3;1;1;2.0;2;89;;M;0.0;0.0;440
18119;201300020080;13;6;15;945;1;1;1;1.0;6;195;;M;0.0;0.0;440
18120;201300020081;13;6;30;2045;1;1;1;1.0;7;89;;M;0.0;0.0;440
18121;201300020082;13;7;7;1630;1;1;1;1.0;6;129;;M;0.0;0.0;440
18122;201300020083;13;7;12;930;1;1;1;1.0;6;72;;M;0.0;0.0;440
18123;201300020084;13;7;19;15;3;1;1;1.0;7;52;;M;0.0;0.0;440
18124;201300020085;13;8;13;1830;1;1;1;1.0;5;137;;M;0.0;0.0;440
18125;201300020086;13;9;18;2045;3;1;1;1.0;2;103;;M;0.0;0.0;440
18126;201300020087;13;9;24;1530;1;1;1;1.0;5;89;;M;0.0;0.0;440
18127;201300020088;13;10;5;1015;1;1;1;1.0;1;89;;M;0.0;0.0;440
18128;201300020089;13;11;7;1;3;1;1;3.0;7;195;;M;0.0;0.0;440
18129;201300020090;13;11;22;730;3;1;1;1.0;2;52;;M;0.0;0.0;440
18130;201300020091;13;11;26;1615;1;1;1;1.0;6;129;;M;0.0;0.0;440
18131;201300020092;13;11;29;1845;5;2;1;1.0;1;129;;M;0.0;0.0;440
18132;201300020094;13;6;23;1130;1;1;1;2.0;6;389;A 84;M;4906690.0;-67311.0;140
18133;201300020095;13;10;31;1645;1;1;1;1.0;6;475;;M;0.0;0.0;140
18134;201300020096;13;11;20;430;3;1;1;4.0;6;188;;M;0.0;0.0;140
18135;201300020097;13;11;25;745;2;1;1;2.0;4;738;;M;0.0;0.0;140
18136;201300020098;13;3;19;1530;1;1;1;4.0;6;185;;M;4883800.0;-123100.0;500
18137;201300020099;13;6;8;1030;1;1;1;1.0;7;516;;M;4865680.0;-135808.0;500
18138;201300020100;13;6;20;1445;1;1;1;1.0;6;616;;M;4867950.0;-137235.0;500
18139;201300020101;13;10;12;1945;3;1;1;1.0;2;338;;M;4890730.0;-110396.0;500
18140;201300020103;13;2;10;30;3;1;1;2.0;6;485;;M;4930530.0;-121048.0;500
18141;201300020104;13;5;31;1515;1;1;1;1.0;7;467;;M;4947730.0;-137584.0;500
18142;201300020106;13;1;14;1725;1;2;1;1.0;6;279;MONNAIE (RUE DE LA );;;;180
18143;201300020107;13;1;15;744;2;2;1;9.0;2;279;CHAILLOT (AVENUE DE);M;4720305.0;209170.0;180
18144;201300020108;13;1;17;1250;1;2;9;8.0;6;279;MOUTON (RUE DU );;;;180
18145;201300020109;13;2;11;550;2;2;1;2.0;7;279;CHAILLOT (AVENUE DE);;;;180
18146;201300020110;13;2;18;1440;1;1;1;1.0;7;279;DOLET (RUE ETIENNE);M;4721539.0;210195.0;180
18147;201300020111;13;2;24;1210;1;2;1;4.0;6;279;33, MERIGOT (RUE LEO );M;4722744.0;205247.0;180
18148;201300020112;13;3;4;1130;1;2;1;1.0;2;279;MERIGOT (RUE LEO );M;4722916.0;205070.0;180
18149;201300020113;13;3;7;1340;1;1;1;1.0;1;279;BOURGES (ROUTE DE);M;4721326.0;212888.0;180
18150;201300020114;13;3;12;930;1;2;1;2.0;5;279;TOURS (ROUTE DE);M;4723258.0;203999.0;180
18151;201300020115;13;4;5;1100;1;2;2;1.0;3;279;HUIT MAI 1945 (RUE DU (J;M;4723121.0;208079.0;180