;Num_Acc;an;mois;jour;hrmn;lum;agg;int;atm;col;com;adr;gps;lat;long;dep
18152;201300020116;13;4;8;1800;1;2;1;1.0;6;279;QUATORZE JUILLET (AVENUE;M;4721092.0;206304.0;180
18153;201300020117;13;5;7;1610;1;2;1;1.0;1;279;SAINT LAZARE (ROUTE ET L;M;4720845.0;209729.0;180
18154;201300020118;13;6;3;1500;1;2;2;1.0;1;279;NATION (BOULEVARD DE LA);M;4721541.0;205907.0;180
18155;201300020119;13;6;4;1010;1;2;1;1.0;2;279;PUITS BERTEAU (CITE H.SE;M;4723298.0;207936.0;180
18156;201300020120;13;6;8;1015;1;2;1;1.0;3;279;BAS DE GRANGE (RUE E;M;4722421.0;205663.0;180
18157;201300020121;13;6;9;710;1;2;1;1.0;6;279;MARCEL (RUE ETIENNE);M;4721761.0;209953.0;180
18158;201300020122;13;6;13;1335;1;2;1;2.0;2;279;MAI 1945 (AVE DU 8);M;4723018.0;207948.0;180
18159;201300020124;13;6;20;1830;1;1;3;1.0;3;279;RN 76 (ROUTE DE BOURGES);M;4721415.0;212277.0;180
18160;201300020125;13;7;13;1105;1;2;2;1.0;2;279;REPUBLIQUE (AVENUE DE LA;M;4722300.0;206598.0;180
18161;201300020126;13;7;26;1045;1;2;2;1.0;3;279;RUE LEO MERIGOT;M;4722690.0;205507.0;180
18162;201300020127;13;8;3;1816;1;1;6;1.0;7;279;RD POINT 2020/926;M;4724877.0;206055.0;180
18163;201300020128;13;8;6;935;1;2;1;1.0;2;279;16, VERDUN (AVENUE DE);M;4722469.0;207252.0;180
18164;201300020129;13;8;12;2045;1;2;1;1.0;1;279;75, NIVET ( RUE ETIENNE;M;4722105.0;208636.0;180
18165;201300020130;13;9;20;1620;1;2;1;1.0;6;279;11  RUE DES EPINETTES;M;4722462.0;206829.0;180
18166;201300020131;13;9;24;2050;5;2;6;1.0;6;279;AV DE LATTRE DE TASSIGNY;M;4720523.0;207146.0;180
18167;201300020132;13;10;7;1750;1;2;2;1.0;3;279;AV DE LATTRE DE TASSIGNY;;;;180
18168;201300020133;13;10;8;1655;1;2;1;1.0;6;279;VERDIN (CHEMIN DU;M;4723031.0;203821.0;180
18169;201300020134;13;11;14;1700;2;1;1;1.0;2;279;RN 20 NORD (TRAVERSEE DE;M;4725017.0;206037.0;180
18170;201300020135;13;12;13;755;1;2;1;9.0;1;279;14, ROUX (RUE DU DOCTEUR;M;4722393.0;207099.0;180
18171;201300020136;13;12;17;1155;1;2;1;1.0;1;279;ORME (CHEMIN DU GRAND);M;4723002.0;210325.0;180
18172;201300020137;13;12;19;1147;1;2;2;1.0;3;279;MITTERRAND ( RUE FRANCOI;M;4722095.0;206084.0;180
18173;201300020139;13;5;27;1815;1;1;1;1.0;6;51;le bas quibut;M;0.0;0.0;440
18174;201300020140;13;7;20;2215;3;2;1;1.0;6;197;RUE DE LA COUR HUSSET;M;0.0;0.0;440
18175;201300020141;13;7;27;2115;1;1;1;1.0;6;197;le moulin chateau;M;0.0;0.0;440
18176;201300020142;13;11;24;545;3;1;1;1.0;6;197;;M;0.0;0.0;440
18177;201300020143;13;11;28;900;2;1;1;5.0;1;51;;M;0.0;0.0;440
18178;201300020144;13;5;19;1600;1;1;1;8.0;2;58;;M;4799300.0;28000.0;720
18179;201300020145;13;5;19;1500;1;1;2;1.0;3;350;;M;4790200.0;26000.0;720
18180;201300020146;13;9;9;2230;3;1;1;1.0;3;213;;M;4793200.0;25200.0;720
18181;201300020147;13;9;20;1845;1;1;1;1.0;1;231;;M;4791000.0;39800.0;720
18182;201300020148;13;12;8;1330;1;1;1;1.0;1;287;RD144/RD307 FROMENTEAU;M;4787500.0;20400.0;720
18183;201300020149;13;3;30;1300;1;2;1;2.0;1;124;23 RUE DOCTEUR ESTRABAUD;M;0.0;0.0;720
18184;201300020151;13;4;29;1045;1;1;1;1.0;3;58;;M;4796200.0;31200.0;720
18185;201300020153;13;10;14;1730;1;1;1;2.0;5;213;;M;4789800.0;24400.0;720
18186;201300020154;13;12;17;915;1;2;6;1.0;6;213;avenue bonen CD 140;M;4791600.0;25200.0;720
18187;201300020155;13;10;24;1215;1;1;1;1.0;1;375;RABASTENS DE BIGORRE;M;4339910.0;15609.0;650
18188;201300020157;13;1;8;1115;1;1;1;1.0;5;19;;M;0.0;0.0;830
18189;201300020158;13;3;2;1200;1;2;1;1.0;1;70;Rond point du Grand Bleu;M;0.0;0.0;830
18190;201300020159;13;4;6;1445;1;2;9;2.0;6;70;CD 559 Av de Provence;M;0.0;0.0;830
18191;201300020160;13;5;10;1345;1;2;1;1.0;6;19;250 bd front de mer;M;4312389.0;636029.0;830
18192;201300020161;13;6;26;1900;1;2;1;1.0;1;70;AVENUE DU PRES. AURIOL;M;4313410.0;636447.0;830
18193;201300020162;13;7;7;330;3;1;1;1.0;1;19;;M;0.0;0.0;830
18194;201300020163;13;7;7;1330;1;1;1;1.0;1;19;;M;0.0;0.0;830
18195;201300020164;13;7;13;245;5;2;1;1.0;6;19;5679 avenue lou mistraou;M;0.0;0.0;830
18196;201300020165;13;7;26;2000;1;1;1;1.0;1;19;;M;0.0;0.0;830
18197;201300020167;13;8;22;1800;1;1;1;1.0;6;19;;M;0.0;0.0;830
18198;201300020169;13;9;11;1045;1;1;1;1.0;3;19;;M;0.0;0.0;830
18199;201300020170;13;10;15;1015;1;2;1;1.0;1;19;che du train des pignes;M;4313952.0;635198.0;830
18200;201300020171;13;10;30;1715;1;2;1;1.0;1;70;CD298, route de b?nat;M;0.0;0.0;830
18201;201300020172;13;11;6;1445;1;1;1;1.0;2;19;avenue de la mer;M;4312387.0;635101.0;830
18202;201300020173;13;1;5;330;5;2;1;1.0;7;358;rue du dinotier;M;0.0;0.0;600
18203;201300020174;13;2;3;1845;3;2;1;2.0;4;661;route de Chantilly;M;0.0;0.0;600
18204;201300020175;13;3;19;315;3;2;1;1.0;7;31;D88;M;0.0;0.0;600
18205;201300020176;13;4;21;1715;1;1;1;1.0;7;478;;M;0.0;0.0;600
18206;201300020177;13;4;21;2015;2;1;2;1.0;3;683;;M;0.0;0.0;600
18207;201300020178;13;6;16;1030;1;2;1;1.0;1;176;;M;0.0;0.0;600
18208;201300020179;13;6;17;1845;1;1;1;2.0;1;5;;M;0.0;0.0;600
18209;201300020180;13;6;25;2130;2;1;1;1.0;7;94;;M;0.0;0.0;600
18210;201300020181;13;9;14;1345;1;1;1;9.0;3;430;;M;0.0;0.0;600
18211;201300020182;13;11;28;1545;1;2;2;1.0;1;46;RD 51;M;0.0;0.0;600
18212;201300020183;13;12;13;1030;1;2;1;1.0;6;358;RUE DE PARIS;M;0.0;0.0;600
18213;201300020184;13;1;3;1330;1;2;1;2.0;6;340;ROUTE DE MONTAUGER;M;0.0;0.0;910
18214;201300020185;13;1;28;1430;1;2;1;1.0;4;86;rue Gustave eiffel;M;0.0;0.0;910
18215;201300020186;13;2;23;400;3;1;1;1.0;6;86;;M;0.0;0.0;910
18216;201300020187;13;3;8;1415;1;1;6;2.0;7;648;D31;M;0.0;0.0;910
18217;201300020189;13;7;13;30;3;1;1;1.0;6;648;D26;M;0.0;0.0;910
18218;201300020190;13;12;19;945;1;2;1;1.0;6;340;route de MONTAUGER;M;0.0;0.0;910
18219;201300020191;13;1;2;1535;1;2;3;1.0;3;31;85, ALVITRE (AVENUE ABBE;M;4515198.0;451331.0;190
18220;201300020192;13;1;3;1510;1;2;1;1.0;6;31;SEMARD (AVENUE PIERRE);M;4515564.0;151709.0;190
18221;201300020194;13;1;7;1000;1;2;6;1.0;3;31;RIVET (AVENUE JEAN CHARL;M;4515256.0;450530.0;190
18222;201300020195;13;1;19;2235;5;2;2;3.0;3;31;113, RIBOT (AVENUE);M;4516467.0;450815.0;190
18223;201300020196;13;1;28;805;2;2;1;2.0;2;31;SEMARD (AVENUE PIERRE);M;4515546.0;151593.0;190
18224;201300020197;13;1;31;1955;5;2;2;2.0;3;31;GRIVEL (BOULEVARD AMIRAL;M;4515769.0;454041.0;190
18225;201300020198;13;2;1;1220;1;2;3;2.0;3;31;"""MOULIN (BOULEVARD JEAN)";M;4516146.0;450320.0;190
18226;201300020199;13;2;4;2100;5;2;3;1.0;3;31;GEOFFRAY (RUE CESAR);M;4515677.0;451140.0;190
18227;201300020200;13;2;5;1425;1;2;1;1.0;6;31;8 Bis, CASSAN (RUE JEAN);M;4516498.0;452870.0;190
18228;201300020201;13;2;6;1630;1;2;1;3.0;2;31;99, TURGOT (AVENUE);M;4516592.0;452256.0;190
18229;201300020202;13;2;7;1605;1;2;1;1.0;6;31;MARSALES (RUE JEAN);M;4515307.0;450492.0;190
18230;201300020203;13;2;8;1545;1;2;1;1.0;6;31;VOLTAIRE (BOULEVARD);M;4515905.0;454056.0;190
18231;201300020204;13;2;16;1630;1;2;1;1.0;6;31;QUATORZE JUILLET (PLACE;M;4516182.0;453415.0;190
18232;201300020205;13;2;27;1619;1;2;1;1.0;6;31;62, KOENIG (BOULEVARD GE;M;4515873.0;453026.0;190
18233;201300020206;13;3;1;1945;2;2;1;1.0;3;31;KENNEDY (AVENUE JOHN);M;4516663.0;454627.0;190
18234;201300020207;13;3;8;1730;1;2;1;1.0;2;31;24, ILE DU ROI (RUE DE L;M;4516267.0;450750.0;190
18235;201300020208;13;3;9;1355;1;2;1;1.0;2;31;DUBAYLE (RUE ANTOINE);M;4514616.0;449029.0;190
18236;201300020209;13;3;10;1545;1;2;1;1.0;4;31;25, ROUSSEAU (AVENUE JEA;M;4515133.0;451653.0;190
18237;201300020210;13;3;11;1640;1;2;2;1.0;3;31;DE JOUVENEL (BOULEVARD H;M;4516273.0;452284.0;190
18238;201300020211;13;3;12;1855;2;2;1;1.0;4;31;77, MAILLARD (AVENUE);M;4516553.0;453739.0;190
18239;201300020212;13;3;15;1200;1;2;3;1.0;3;31;NORMANDIE-NIEMEN (RUE);M;4515528.0;454836.0;190
18240;201300020213;13;3;15;1205;1;2;1;1.0;6;31;9, ROOSEVELT (AVENUE DU;M;4515905.0;452964.0;190
18241;201300020214;13;3;15;1610;1;2;3;1.0;3;31;RONSARD (AVENUE);M;4514856.0;454226.0;190
18242;201300020215;13;3;18;1335;1;2;3;3.0;3;31;DAUTRY (AVENUE RAOUL);M;4515534.0;454947.0;190
18243;201300020216;13;3;26;1545;1;2;1;1.0;6;31;22, TOURNY (QUAI);M;4516341.0;453566.0;190
18244;201300020217;13;3;28;1815;1;2;1;1.0;6;31;KENNEDY (AVENUE JOHN);M;4516661.0;454612.0;190
18245;201300020218;13;3;29;1530;1;2;9;2.0;3;31;RUE LECAT;M;4514368.0;447587.0;190
18246;201300020219;13;3;29;1615;1;2;1;2.0;2;31;10, BARDON (RUE DOCTEUR);M;4516802.0;452756.0;190
18247;201300020220;13;3;29;1735;1;2;1;2.0;4;31;RIBOT (AVENUE);M;4516474.0;450342.0;190
18248;201300020221;13;3;30;940;1;2;3;1.0;6;31;PARIS (AVENUE DE);M;4516252.0;453250.0;190
18249;201300020222;13;4;3;1750;1;2;3;1.0;3;31;60, ALVITRE (AVENUE ABBE;;;;190
18250;201300020223;13;4;5;1025;1;2;2;1.0;3;31;PASTEUR (AVENUE);;;;190
18251;201300020224;13;4;6;920;1;2;3;1.0;3;31;ALSACE LORRAINE (AVENUE);;;;190
18252;201300020225;13;4;6;1020;1;2;3;1.0;3;31;SALLES (RUE);;;;190
18253;201300020226;13;4;8;1300;1;2;1;1.0;6;31;04, FRANCE (BOULEVARD AN;;;;190
18254;201300020227;13;4;9;1825;1;2;1;2.0;4;31;RIVET (AVENUE JEAN CHARL;;;;190
18255;201300020228;13;4;12;1635;1;2;1;2.0;6;31;DE JOUVENEL (BOULEVARD H;;;;190
18256;201300020229;13;4;12;1820;1;2;1;1.0;2;31;43, BOURLIAGUET (RUE LEO;;;;190
18257;201300020230;13;4;16;1720;1;2;1;1.0;2;31;19, MIRABEAU (BOULEVARD);;;;190
18258;201300020231;13;4;26;1805;1;2;1;1.0;2;31;PARIS (AVENUE DE);;;;190
18259;201300020232;13;4;28;1050;1;2;2;1.0;3;31;ILE DU ROI (RUE DE L');;;;190
18260;201300020234;13;5;10;1355;1;2;2;1.0;3;31;BOULEVARD COL Germain;;;;190
18261;201300020235;13;5;11;2000;1;2;1;1.0;5;31;49, SEMARD (AVENUE PIERR;;;;190
18262;201300020236;13;5;14;1630;1;2;1;1.0;2;31;36/34, KOENIG (BOULEVARD;;;;190
18263;201300020237;13;5;14;1705;1;2;3;1.0;3;31;DEVAUD (RUE ANDRE);;;;190
18264;201300020238;13;5;21;1735;1;2;2;2.0;6;31;ALSACE LORRAINE (AVENUE);;;;190
18265;201300020239;13;5;22;1705;1;2;1;1.0;6;31;CHAUMEIL (RUE PIERRE);;;;190
18266;201300020240;13;5;30;815;1;2;2;2.0;3;31;POMPIDOU (AVENUE GEORGES;;;;190
18267;201300020241;13;5;30;1340;1;2;3;2.0;3;31;DEVAUD (RUE ANDRE);;;;190
18268;201300020242;13;6;2;1930;1;2;2;1.0;3;31;CAVAIGNAC (RUE GENERAL);;;;190
18269;201300020243;13;6;4;1740;1;2;2;1.0;3;31;POINCARE (AVENUE);;;;190
18270;201300020244;13;6;6;1825;1;2;1;1.0;3;31;MICHELET (AVENUE EDMOND);;;;190
18271;201300020245;13;6;13;1200;1;2;3;1.0;3;31;LECLERC (AV. GENERAL - M;;;;190
18272;201300020246;13;6;15;1150;1;2;1;1.0;6;31;69, RIBOT (AVENUE);;;;190
18273;201300020247;13;6;19;1340;1;2;1;1.0;1;31;MICHELET (BOULEVARD);;;;190
18274;201300020248;13;6;21;1125;1;2;2;1.0;3;31;60bis, ONZE NOVEMBRE 191;;;;190
18275;201300020249;13;6;24;1355;1;2;6;1.0;6;31;TEINCHURIER (AVENUE DU);;;;190
18276;201300020250;13;6;24;1730;1;2;3;1.0;3;31;PAIX (RUE DE LA);;;;190
18277;201300020251;13;6;27;1335;1;2;1;1.0;2;31;9, ROCHE (RUE MARCELIN);;;;190
18278;201300020252;13;6;29;1805;5;2;1;2.0;6;31;53bis, FOCH (AVENUE MARE;;;;190
18279;201300020253;13;7;3;1240;1;2;3;1.0;3;31;DIX HUIT JUIN 1940 (AVEN;;;;190
18280;201300020254;13;7;4;1405;1;2;1;1.0;3;31;LAGRANGE (AVENUE LEO);;;;190
18281;201300020255;13;7;5;1705;1;2;1;1.0;3;31;01, PUYBLANC (BOULEVARD;;;;190
18282;201300020256;13;7;7;2025;1;2;2;1.0;3;31;ILE DU ROI (RUE DE L');;;;190
18283;201300020257;13;7;12;1120;1;2;1;1.0;6;31;ALSACE LORRAINE (AVENUE);;;;190
18284;201300020258;13;7;13;940;1;2;1;1.0;2;31;POMPIDOU (AVENUE GEORGES;;;;190
18285;201300020259;13;7;14;1835;1;2;2;1.0;2;31;ROCHE (RUE MARCELIN);;;;190
18286;201300020260;13;7;16;935;1;2;1;1.0;2;31;TURGOT (AVENUE);;;;190
18287;201300020261;13;7;16;1340;1;2;1;1.0;2;31;MARSALES (RUE JEAN);;;;190
18288;201300020263;13;8;6;1640;1;2;1;1.0;4;31;07, RIVET (AVENUE JEAN C;;;;190
18289;201300020264;13;8;17;1350;1;2;2;1.0;1;31;CHAUMEIL (RUE PIERRE);;;;190
18290;201300020265;13;8;21;750;1;2;2;1.0;6;31;BRUNE (BOULEVARD);;;;190
18291;201300020266;13;8;30;1145;1;2;1;1.0;6;31;15, MIRABEAU (BOULEVARD);;;;190
18292;201300020267;13;9;7;1417;1;2;1;1.0;4;31;MAILLARD (IMPASSE);;;;190
18293;201300020268;13;9;9;715;1;2;1;1.0;3;31;QUEUILLE (AVENUE HENRI);;;;190
18294;201300020269;13;9;10;1420;1;2;2;1.0;2;31;SEMARD (AVENUE PIERRE) A;;;;190
18295;201300020270;13;9;13;1835;1;2;1;1.0;3;31;COMBE (BOULEVARD ROGER);;;;190
18296;201300020271;13;9;13;2125;5;2;1;1.0;3;31;EMERY (AVENUE ANDRE);;;;190
18297;201300020272;13;9;18;1705;1;1;1;2.0;6;31;MEYSSAC (ROUTE DE);M;4512640.0;455414.0;190
18298;201300020274;13;9;23;1615;1;2;1;1.0;5;31;RIBOT (AVENUE);M;4516493.0;451836.0;190
18299;201300020275;13;9;25;1725;1;2;3;1.0;3;31;GALILEE (RUE);M;4515220.0;451725.0;190
18300;201300020276;13;9;27;530;5;2;3;1.0;3;31;38, PASTEUR (AVENUE);M;4516690.0;453162.0;190
18301;201300020277;13;9;28;1835;1;2;1;1.0;2;31;ALVITRE (AVENUE ABBE);M;4515372.0;451000.0;190
18302;201300020278;13;10;4;1745;1;1;1;1.0;6;31;CHANLAT (LIEU-DIT);M;4512992.0;451738.0;190
18303;201300020279;13;10;5;1010;1;2;2;1.0;3;31;DE JOUVENEL (BOULEVARD H;M;4516062.0;452318.0;190
18304;201300020280;13;10;5;1200;1;2;2;3.0;3;31;"""MOULIN (BOULEVARD JEAN)";M;4516062.0;450337.0;190
18305;201300020281;13;10;5;1500;1;2;1;3.0;2;31;RIVET (AVENUE JEAN CHARL;M;4515083.0;449914.0;190
18306;201300020282;13;10;7;1710;1;2;3;1.0;3;31;ZOLA (AVENUE EMILE);M;4515273.0;451974.0;190
18307;201300020283;13;10;11;1825;1;2;3;1.0;1;31;PASTEUR (AVENUE);M;4516704.0;453158.0;190
18308;201300020284;13;10;16;1035;1;2;2;2.0;3;31;DEVAUD (RUE ANDRE);M;4515673.0;451141.0;190
18309;201300020285;13;10;18;1830;1;2;6;1.0;2;31;BROSSOLETTE (BOULEVARD P;M;4516644.0;454189.0;190
18310;201300020286;13;10;22;1810;2;2;1;2.0;2;31;104, POMPIDOU (AVENUE GE;M;4515777.0;454866.0;190
18311;201300020287;13;10;22;1915;5;2;6;2.0;6;31;LALANDE (ROND-POINT GENE;M;4514751.0;448647.0;190
18312;201300020288;13;10;25;755;2;2;3;1.0;3;31;PASTEUR (AVENUE);M;4516768.0;453149.0;190
18313;201300020289;13;10;31;1320;1;2;3;1.0;3;31;GUEDIN (RUE GENERAL);M;4516738.0;454341.0;190
18314;201300020290;13;11;5;2010;5;2;2;2.0;3;31;TOULZAC (RUE JEAN BAPTIS;M;4515655.0;450418.0;190
18315;201300020291;13;11;6;1800;5;2;1;2.0;2;31;RIBOT (AVENUE);M;4516470.0;450487.0;190
18316;201300020292;13;11;6;1847;5;2;1;2.0;6;31;POMPIDOU (AVENUE GEORGES;M;4515792.0;455351.0;190
18317;201300020293;13;11;13;1410;1;2;3;1.0;3;31;RIBOT (AVENUE);;;;190
18318;201300020294;13;11;15;1630;1;2;3;2.0;3;31;"""MOULIN (BOULEVARD JEAN)";;;;190
18319;201300020295;13;11;16;750;2;2;1;1.0;2;31;MOULIN (BOULEVARD JEAN);M;4516305.0;450276.0;190
18320;201300020296;13;11;26;1350;1;2;2;1.0;3;31;MAILLARD (AVENUE);M;4516587.0;454007.0;190
18321;201300020297;13;11;28;1815;5;1;9;1.0;3;31;LISSAC (ROUTE DE);M;4513537.0;449353.0;190
18322;201300020298;13;11;30;1716;2;2;1;1.0;4;31;CLEMENCEAU (BOULEVARD);M;4515354.0;453182.0;190
18323;201300020299;13;12;3;1030;1;2;1;1.0;6;31;12, SEVERINE (RUE);M;4516258.0;453776.0;190
18324;201300020300;13;12;3;1805;5;2;1;1.0;6;31;KENNEDY (AVENUE JOHN);M;4516654.0;454421.0;190
18325;201300020301;13;12;4;1805;5;2;3;1.0;6;31;VERLHAC (BOULEVARD DOCTE;M;4516801.0;453421.0;190
18326;201300020302;13;12;5;1800;5;2;1;8.0;6;31;DAUTRY (AVENUE RAOUL);M;4515659.0;154857.0;190
18327;201300020303;13;12;5;1815;5;2;3;8.0;3;31;ALSACE LORRAINE (AVENUE);M;4515260.0;153998.0;190
18328;201300020304;13;12;6;1645;1;2;1;1.0;5;31;67, RIBOT (AVENUE);M;4516474.0;451356.0;190
18329;201300020307;13;12;11;335;5;2;1;5.0;6;31;RIBOT (AVENUE);M;4516468.0;451235.0;190
18330;201300020308;13;12;12;1025;1;2;1;1.0;6;31;02, CLADEL (RUE LEON);M;4516181.0;453700.0;190
18331;201300020309;13;12;12;1910;5;2;2;1.0;3;31;DE JOUVENEL (BOULEVARD H;M;4516063.0;452314.0;190
18332;201300020310;13;12;17;1205;1;2;1;1.0;2;31;MOULIN (BOULEVARD JEAN);M;4516238.0;450298.0;190
18333;201300020311;13;12;23;2110;5;2;1;1.0;6;31;MALRAUX (AVENUE ANDRE);M;4516466.0;149717.0;190
18334;201300020312;13;12;25;2000;5;2;1;3.0;6;31;DELMAS (RUE FERNAND);M;4516036.0;452616.0;190
18335;201300020313;13;12;27;1809;5;2;3;1.0;3;31;69, MAILLARD (AVENUE);M;4516587.0;454007.0;190
18336;201300020314;13;12;29;30;5;2;3;2.0;2;31;LACHAUD (BOULEVARD EDOUA;M;4515675.0;453228.0;190
18337;201300020315;13;2;25;1045;1;1;6;8.0;3;58;;M;4792358.0;719748.0;680
18338;201300020316;13;10;28;2145;5;1;9;3.0;2;156;;M;0.0;0.0;680
18339;201300020317;13;4;24;1645;1;1;1;1.0;3;315;;M;4788926.0;725631.0;680
18340;201300020318;13;4;30;2345;5;2;1;5.0;3;315;route de jungholtz;M;0.0;0.0;680
18341;201300020319;13;6;16;1700;1;1;1;1.0;2;156;;M;4791300.0;725300.0;680
18342;201300020320;13;6;30;1615;1;1;2;1.0;3;177;;M;4794251.0;715041.0;680
18343;201300020321;13;7;15;1130;1;1;1;1.0;4;315;;M;4789004.0;725640.0;680
18344;201300020322;13;8;4;1730;1;1;1;1.0;1;315;;M;4787768.0;719984.0;680
18345;201300020323;13;2;21;1400;1;1;1;8.0;1;309;Chemin de l'Haezepoel;M;5095161.0;261669.0;590
18346;201300020327;13;10;15;1800;1;1;1;1.0;1;605;Route de Furnes;M;5105097.0;247087.0;590
18347;201300020328;13;1;4;1940;5;2;1;8.0;1;272;RD89;;;;190
18348;201300020329;13;1;30;735;2;2;3;1.0;3;272;1, RAYMOND POINCARE (AV);M;4527058.0;376934.0;190
18349;201300020330;13;4;3;1900;1;2;1;1.0;3;272;VENTADOUR (AV);;;;190
18350;201300020331;13;4;10;1545;1;2;1;1.0;6;272;57, MARTYRS (RUE);;;;190
18351;201300020333;13;5;4;1547;1;2;9;7.0;6;272;DR RAMON (RUE);;;;190
18352;201300020334;13;5;7;1250;1;2;1;1.0;6;272;35, DR AIME AUDUBERT (RU;;;;190
18353;201300020335;13;6;23;40;5;2;1;2.0;6;272;0, JEAN MOULIN (BD);;;;190
18354;201300020336;13;7;3;1910;1;1;1;2.0;6;272;ALBERT DE LA PRADEL (AV);;;;190
18355;201300020337;13;7;27;1635;1;2;1;1.0;6;272;17, DR VALETTE (RUE);;;;190
18356;201300020338;13;8;4;2035;2;2;1;1.0;3;272;VICTOR CONTINSOUZA (QUAI;;;;190
18357;201300020339;13;9;6;1328;1;2;1;1.0;6;272;CLEMENCEAU (CES);;;;190
18358;201300020340;13;9;11;752;1;2;1;8.0;7;272;2, FAGES (RUE);;;;190
18359;201300020341;13;10;5;850;1;2;1;3.0;6;272;35, ALSACE LORRAINE (AVE;;;;190
18360;201300020342;13;10;25;1055;1;2;1;1.0;6;272;17G, DR VALETTE (RUE);;;;190
18361;201300020343;13;12;9;1445;1;2;1;1.0;6;272;25, ALSACE LORRAINE (AVE;;;;190
18362;201300020344;13;12;27;1145;1;2;1;2.0;1;272;6, DR AIME AUDUBERT (RUE;;;;190
18363;201300020345;13;2;8;230;3;1;4;9.0;6;275;BUSSIERTAS (RUE DE);M;4556889.0;531835.0;190
18364;201300020346;13;5;15;950;1;2;1;3.0;6;275;THIERS (AVENUE) N PAIRS;M;4554609.0;530652.0;190
18365;201300020347;13;7;23;1510;1;2;3;1.0;3;275;CHABRAT (RUE ALPHONSE);M;4554656.0;530685.0;190
18366;201300020348;13;8;18;1135;1;2;3;1.0;4;275;NEUVIC (ROUTE DE);M;4554242.0;530711.0;190
18367;201300020349;13;11;9;1136;1;2;1;1.0;2;275;TURGOT (AVENUE) N IMPAI;M;4554397.0;530248.0;190
18368;201300020351;13;12;29;1115;1;1;1;2.0;3;275;R.D. 1089 NORD;M;4557436.0;535177.0;190
18369;201300020352;13;7;13;1500;1;1;1;1.0;3;300;;M;4779718.0;736108.0;680
18370;201300020353;13;7;17;1715;1;1;1;1.0;3;289;;M;4783091.0;732003.0;680
18371;201300020354;13;7;23;1745;1;2;6;2.0;6;300;rue de la hardt;M;4779058.0;737947.0;680
18372;201300020355;13;8;7;1615;1;1;1;1.0;6;64;;M;4781882.0;754280.0;680
18373;201300020356;13;9;25;845;1;2;1;1.0;3;20;rue de Battenheim;M;4782900.0;751000.0;680
18374;201300020357;13;10;22;1030;1;2;6;1.0;3;300;rue de Mulhouse;M;4778400.0;736600.0;680
18375;201300020358;13;12;5;1915;3;1;1;1.0;6;15;;M;4781292.0;743840.0;680
18376;201300020359;13;12;22;345;3;1;1;1.0;6;64;;M;0.0;0.0;680
18377;201300020361;13;3;21;1345;1;2;3;1.0;5;54;JOIGNEAUX (RUE PIERRE);;;;210
18378;201300020362;13;4;18;1014;1;2;1;1.0;3;54;JOURSANVAULT (PLACE);;;;210
18379;201300020363;13;4;23;1445;1;2;2;1.0;6;54;CHEVIGNEROT (RUE DE);;;;210
18380;201300020364;13;5;4;230;5;2;2;3.0;3;54;LORRAINE (RUE DE);;;;210
18381;201300020365;13;6;5;1702;1;2;1;1.0;2;54;70, SAINT-NICOLAS (RUE D;;;;210
18382;201300020366;13;6;23;1824;1;2;1;1.0;3;54;53, BRETONNIERE (RUE DU;;;;210
18383;201300020367;13;6;27;1350;1;2;1;1.0;3;54;56, PERPREUIL (RUE DU FA;;;;210
18384;201300020368;13;7;1;922;1;2;2;1.0;3;54;REON (RUE DE);;;;210
18385;201300020369;13;8;28;1205;1;2;1;1.0;3;54;COLBERT (RUE);;;;210
18386;201300020370;13;8;30;1155;1;2;1;1.0;3;54;MALMEDY (SQUARE);;;;210
18387;201300020371;13;10;3;1105;1;2;1;1.0;6;54;10, GENET (COURS DU);;;;210
18388;201300020372;13;10;3;1800;1;2;1;1.0;3;54;1, FOCH (BOULEVARD MAREC;;;;210
18389;201300020373;13;10;19;1645;1;2;1;1.0;3;54;SAINT-JACQUES (BOULEVARD;;;;210
18390;201300020374;13;11;27;1020;1;2;1;1.0;3;54;5, CLEMENCEAU (BOULEVARD;;;;210
18391;201300020375;13;1;2;1954;5;2;2;8.0;1;231;ARQUEBUSE (DE L') (RUE);;;;210
18392;201300020376;13;1;3;1823;5;2;2;1.0;6;231;PAUL DOUMER (BOULEVARD);;;;210
18393;201300020377;13;1;4;2041;5;2;2;8.0;6;231;17, MARECHAL LYAUTEY (AV;;;;210
18394;201300020378;13;1;8;341;5;2;6;1.0;6;231;8 MAI 1945 (ROND-POINT);;;;210
18395;201300020379;13;1;10;1228;1;2;9;2.0;3;231;25, DEVOSGE (RUE);;;;210
18396;201300020381;13;1;18;802;2;2;9;1.0;6;231;PIERRE DE COUBERTIN (RUE;;;;210
18397;201300020383;13;1;30;1047;1;2;1;2.0;2;231;8, CARNOT (BOULEVARD);;;;210
18398;201300020384;13;2;5;452;5;2;3;2.0;6;231;ARQUEBUSE (DE L') (RUE);;;;210
18399;201300020385;13;2;6;1942;5;2;4;2.0;6;231;166, LONGVIC (DE) (RUE);;;;210
18400;201300020386;13;2;7;1927;5;2;3;2.0;3;231;HENRI CAMP (BOULEVARD);;;;210
18401;201300020387;13;2;9;2000;5;2;1;1.0;5;231;106, AUXONNE (D') (RUE);;;;210
18402;201300020388;13;2;10;505;5;2;7;1.0;6;231;WILSON (PLACE);;;;210
18403;201300020389;13;2;13;1745;2;2;3;1.0;3;231;JEANNE D'ARC (BOULEVARD);;;;210