;Num_Acc;an;mois;jour;hrmn;lum;agg;int;atm;col;com;adr;gps;lat;long;dep
18404;201300020391;13;2;20;1910;3;2;2;1.0;1;231;CHEVREUL (RUE);;;;210
18405;201300020392;13;2;28;1545;1;2;1;1.0;6;231;LOUIS ARAGON (RUE);;;;210
18406;201300020393;13;3;3;1835;5;2;1;1.0;2;355;102, DIJON (DE) (ROUTE);;;;210
18407;201300020395;13;3;9;1946;5;2;1;1.0;6;231;26, LEONARD DE VINCI (RU;;;;210
18408;201300020396;13;4;9;1724;1;2;3;2.0;3;231;179, GUSTAVE EIFFEL (AVE;;;;210
18409;201300020397;13;4;12;1130;1;2;1;1.0;6;231;9, FORT DE LA MOTTE GIRO;;;;210
18410;201300020398;13;4;16;1919;2;2;3;1.0;6;231;4, PONT DES TANNERIES (D;;;;210
18411;201300020401;13;5;6;1116;1;2;4;1.0;6;166;LEON GAMBETTA (RUE);;;;210
18412;201300020402;13;5;6;1957;1;2;6;1.0;6;231;LANGRES (DE) (ROUTE);;;;210
18413;201300020403;13;5;7;2244;5;2;1;1.0;2;231;5, PAUL CLAUDEL (RUE);;;;210
18414;201300020404;13;5;15;1834;1;1;9;1.0;6;231;DEVOSGE (RUE);;;;210
18415;201300020405;13;5;17;1148;1;2;2;2.0;6;278;ALLOBROGES (DES) (BOULEV;;;;210
18416;201300020406;13;5;18;844;1;2;2;1.0;2;231;VOIE EXPRESS;;;;210
18417;201300020407;13;5;22;1818;1;2;2;8.0;1;231;1, BOUDRONNEE (DE LA) (R;;;;210
18418;201300020408;13;5;24;1026;1;2;1;1.0;6;231;114, TALANT (DE) (RUE);;;;210
18419;201300020409;13;6;5;1639;1;2;2;1.0;3;355;PREVOTS (DES) (RUE);;;;210
18420;201300020410;13;6;8;49;5;2;3;1.0;3;231;32, MONGE (RUE);;;;210
18421;201300020412;13;6;13;2150;5;2;1;8.0;6;231;12, GENERAL FAUCONNET (D;;;;210
18422;201300020413;13;6;14;1337;1;2;1;1.0;6;231;PERRIERES (DES) (RUE);;;;210
18423;201300020414;13;6;16;1250;1;2;1;1.0;2;231;24, TALANT (DE) (RUE);;;;210
18424;201300020416;13;6;26;1742;1;2;3;1.0;4;231;LANGRES (DE) (AVENUE);;;;210
18425;201300020417;13;7;1;955;1;2;2;1.0;3;231;PASCAL (BOULEVARD);;;;210
18426;201300020418;13;7;1;1140;1;2;1;1.0;1;231;220, AUXONNE (D') (RUE);;;;210
18427;201300020419;13;7;2;1159;1;2;7;1.0;6;231;2, MANSART (BOULEVARD);;;;210
18428;201300020420;13;7;2;1715;1;2;7;1.0;6;231;51, SAMBIN (RUE);;;;210
18429;201300020421;13;7;2;1802;1;2;2;1.0;3;166;MARECHAL LECLERC (DU) (B;;;;210
18430;201300020422;13;7;5;1440;1;2;1;1.0;6;231;1, STRASBOURG (DE) (BOUL;;;;210
18431;201300020423;13;7;8;2215;5;2;1;1.0;3;231;34, GRAY (DE) (RUE);;;;210
18432;201300020424;13;7;9;1152;1;2;1;1.0;3;231;LEON MAURIS (RUE);;;;210
18433;201300020425;13;7;11;2120;1;2;1;1.0;3;231;9, CASTELNAU (RUE);;;;210
18434;201300020426;13;7;14;2051;1;2;2;1.0;3;231;GUSTAVE EIFFEL (AVENUE);;;;210
18435;201300020427;13;7;16;2049;1;2;1;1.0;2;617;17, RETISSEYS (DES) (RUE;;;;210
18436;201300020428;13;7;16;1655;1;2;2;1.0;1;231;PONT DES TANNERIES (DU);;;;210
18437;201300020429;13;7;17;145;5;2;2;1.0;6;231;74, DRAPEAU (DU) (AVENUE;;;;210
18438;201300020431;13;7;16;1858;1;2;3;1.0;6;231;ALPHONSE LEGROS (RUE);;;;210
18439;201300020432;13;8;7;1819;1;2;7;8.0;6;231;52, DEVOSGE (RUE);;;;210
18440;201300020433;13;8;9;1020;1;2;3;1.0;6;231;DAUBENTON (RUE);;;;210
18441;201300020434;13;8;10;1530;1;2;2;1.0;1;231;LONGVIC (DE) (RUE);;;;210
18442;201300020435;13;8;13;1204;1;2;3;1.0;6;231;13, CHICAGO (DE) (BOULEV;;;;210
18443;201300020436;13;8;14;32;5;2;2;1.0;3;231;GUSTAVE EIFFEL (AVENUE);;;;210
18444;201300020437;13;8;21;814;1;2;4;1.0;4;231;GEORGES POMPIDOU (VOIE);;;;210
18445;201300020438;13;8;22;2258;5;2;7;1.0;2;231;REPUBLIQUE (DE LA) (PLAC;;;;210
18446;201300020439;13;8;22;1913;1;2;1;1.0;2;231;4, GEORGES SIMENON (RUE);;;;210
18447;201300020440;13;8;30;1948;1;2;3;1.0;1;231;59, MIRANDE (DE) (RUE);;;;210
18448;201300020441;13;9;7;152;5;2;7;2.0;2;231;3, BARBE (PLACE);;;;210
18449;201300020442;13;9;11;2317;5;2;2;2.0;2;231;11, MONTMARTRE (RUE);;;;210
18450;201300020444;13;10;5;1635;1;2;2;2.0;3;355;DIJON (DE) (ROUTE);;;;210
18451;201300020445;13;10;15;1717;1;2;9;2.0;5;231;81, MONGE (RUE);;;;210
18452;201300020446;13;10;16;1515;1;2;2;1.0;6;355;9, DIJON (DE) (ROUTE);;;;210
18453;201300020447;13;10;16;1946;5;2;1;2.0;5;231;50, AUXONNE (D') (RUE);;;;210
18454;201300020448;13;10;17;1223;1;2;2;1.0;3;231;LAMONNOYE (RUE);;;;210
18455;201300020449;13;10;26;1020;1;2;3;1.0;6;231;BATAILLON DE CHOC (DU) (;;;;210
18456;201300020450;13;11;5;1816;5;2;2;2.0;6;231;23, CARNOT (BOULEVARD);;;;210
18457;201300020451;13;11;6;1426;1;2;3;1.0;6;231;68, TRANSVAAL (DU) (RUE);;;;210
18458;201300020452;13;11;6;2348;5;2;3;1.0;6;231;HOPITAL (DE L') (RUE);;;;210
18459;201300020453;13;11;8;1142;1;2;1;2.0;3;231;43, DEVOSGE (RUE);;;;210
18460;201300020454;13;11;14;2119;5;2;3;2.0;3;231;142, AUXONNE (D') (RUE);;;;210
18461;201300020455;13;11;15;1156;1;2;1;1.0;2;231;21, JEAN JAURES (AVENUE);;;;210
18462;201300020456;13;11;22;1343;1;2;3;1.0;3;355;DIJON (DE) (ROUTE);;;;210
18463;201300020457;13;11;23;1833;1;2;3;1.0;1;231;LANGRES (DE) (AVENUE);;;;210
18464;201300020458;13;11;24;1123;1;2;3;1.0;3;278;14, COTES D'AHUY (RUE DE;;;;210
18465;201300020459;13;11;27;1857;5;2;2;1.0;6;231;24, JOUVENCE (DE) (RUE);;;;210
18466;201300020460;13;11;28;644;5;2;2;1.0;1;355;INDUSTRIES (DES) (BOULEV;;;;210
18467;201300020461;13;12;6;1453;1;2;2;1.0;1;166;ROLAND CARRAZ (AVENUE);;;;210
18468;201300020462;13;12;18;1746;5;2;6;1.0;6;231;PAUL DOUMER (BOULEVARD);;;;210
18469;201300020463;13;12;20;420;5;2;7;1.0;7;231;30 OCTOBRE ET DE LA LEGI;;;;210
18470;201300020464;13;12;28;713;5;2;9;2.0;1;231;3, OUEST (DE L') (BOULEV;;;;210
18471;201300020465;13;5;1;1630;1;1;3;1.0;3;271;;M;4545060.0;460704.0;420
18472;201300020466;13;5;26;2030;1;1;1;1.0;1;32;;M;4550715.0;454151.0;420
18473;201300020467;13;7;20;415;3;1;1;1.0;7;308;;M;4546624.0;458404.0;420
18474;201300020469;13;8;27;2000;2;2;1;2.0;1;271;47 route de la terrasse;M;4547634.0;458210.0;420
18475;201300020470;13;11;11;1630;1;1;1;1.0;1;167;;M;4546285.0;464878.0;420
18476;201300020472;13;1;10;750;5;2;1;2.0;6;50;1, CAPITAINE HESRY (RUE);;;;220
18477;201300020473;13;3;14;835;1;2;1;4.0;6;50;14, RUE DES ROUAIRIES;M;4845420.0;-205027.0;220
18478;201300020476;13;5;2;1645;1;2;1;1.0;1;50;CHEMIN DU PONT PINET;M;4846087.0;-204922.0;220
18479;201300020477;13;5;23;1540;1;2;1;1.0;6;50;RUE DE SAINT MALO;M;4845605.0;-204336.0;220
18480;201300020478;13;7;15;1705;1;2;1;1.0;6;50;Bd EXMOUTH;M;4846193.0;-204195.0;220
18481;201300020479;13;7;16;1645;1;2;3;1.0;3;50;Bd AUBERT/PEDRON;M;4846196.0;-204519.0;220
18482;201300020480;13;8;22;1715;1;2;1;7.0;6;50;17 RUE DES ROUAIRIES;M;4845415.0;-205040.0;220
18483;201300020481;13;8;20;1730;1;2;1;1.0;6;50;22. RUE DES ROUAIRIES;M;4845410.0;-205098.0;220
18484;201300020482;13;1;3;1345;1;2;1;1.0;2;113;QUAI D'AIGUILLON;M;4873132.0;-346033.0;220
18485;201300020483;13;1;9;920;1;2;1;2.0;6;113;ROUTE DE TREBEURDEN;M;4873781.0;-346766.0;220
18486;201300020484;13;1;21;1210;1;2;1;3.0;1;113;RUE DES CORDIERS;M;4873185.0;-344397.0;220
18487;201300020485;13;1;23;1955;3;2;1;1.0;7;113;RD 767;M;4874724.0;-344734.0;220
18488;201300020487;13;2;18;800;1;1;6;9.0;7;113;CHEMIN DE KERZOLLES;M;4875116.0;-345896.0;220
18489;201300020488;13;2;21;1835;1;2;6;8.0;7;113;RUE EDOUARD BRANLY;M;4875728.0;-345155.0;220
18490;201300020489;13;2;27;1435;1;2;1;1.0;6;113;PARKING AIGUILLON;M;4873099.0;-346051.0;220
18491;201300020492;13;4;12;1310;1;2;6;2.0;2;113;RUE DE BUZULZO;M;4872774.0;-345971.0;220
18492;201300020493;13;4;12;1825;1;1;1;2.0;4;113;ROUTE DE KERMARIA SULARD;M;4875208.0;-341249.0;220
18493;201300020495;13;5;7;1015;1;2;1;1.0;6;113;PARKING DE KERMARIA;M;4872750.0;-345707.0;220
18494;201300020496;13;5;31;1755;1;2;1;1.0;2;113;SAINT MARC (RUE DE);M;4873390.0;-344239.0;220
18495;201300020497;13;6;13;1755;1;2;1;1.0;3;113;1 RUE DE TROROZEC;M;4872702.0;-346098.0;220
18496;201300020498;13;6;9;1615;1;2;1;1.0;7;113;7 RUE DES FRERES LAGADEC;M;4872766.0;-346606.0;220
18497;201300020499;13;6;14;1350;1;2;6;1.0;6;113;;M;4875129.0;-345894.0;220
18498;201300020501;13;7;10;1415;1;1;1;1.0;3;113;PERROS (ROUTE DE);;;;220
18499;201300020502;13;7;13;850;1;2;1;1.0;2;113;14, ALLEE PALAIS JUSTICE;M;4872817.0;-345783.0;220
18500;201300020503;13;8;14;1800;1;2;1;1.0;2;113;43 BOULEVARD D'ARMOR;M;4874663.0;-346421.0;220
18501;201300020504;13;8;16;1130;1;1;1;1.0;2;113;80,RUE FRERES LAGADEC;M;4872487.0;-347259.0;220
18502;201300020505;13;8;20;1700;1;2;1;1.0;4;113;49, ROUTE DE TREGUIER;M;4873846.0;-343129.0;220
18503;201300020506;13;8;22;930;1;2;6;1.0;3;113;RUE DE SAINT MARC;M;4873426.0;-344044.0;220
18504;201300020507;13;8;16;825;1;2;1;1.0;7;113;RUE DE  TROROSEC;M;4872665.0;-346098.0;220
18505;201300020508;13;9;24;1000;1;2;1;1.0;6;113;ALLEE G.CLEMENCEAU;M;4872894.0;-345989.0;220
18506;201300020509;13;9;28;1020;1;2;3;9.0;3;113;Rte TREBEURDEN/Rés BREIZ;M;4874099.0;-346826.0;220
18507;201300020510;13;10;4;920;1;2;1;1.0;7;113;POMPIDOU (RUE GEORGES);;;;220
18508;201300020511;13;11;21;1830;5;1;6;3.0;3;113;RUSQUET (ROND POINT DU);M;4875113.0;-344864.0;220
18509;201300020512;13;11;25;810;3;1;1;1.0;2;113;R.D.767;M;4871634.0;-340120.0;220
18510;201300020513;13;12;15;1920;3;1;1;2.0;6;113;R.D.767;M;4871468.0;-339629.0;220
18511;201300020514;13;12;7;1230;1;2;1;1.0;7;113;R.D.767 pasDOS GEO;M;4874428.0;-344487.0;220
18512;201300020515;13;12;13;1410;1;1;1;1.0;7;113;KER AR FAOUT (CHEMIN DE);M;4875588.0;-348459.0;220
18513;201300020516;13;12;14;1020;1;1;9;1.0;3;113;TREGASTELPAS DOS GEO;M;4876510.0;-347753.0;220
18514;201300020517;13;12;9;1800;2;2;1;1.0;7;113;BOUTIL pas dos geo;M;4872417.0;-342987.0;220
18515;201300020518;13;7;22;2130;1;1;1;1.0;6;113;50, BEG LEGUER (ROUTE DE;M;4874181.0;-350958.0;220
18516;201300020519;13;1;3;1800;5;2;1;1.0;4;215;5 Rue du 14 Juillet 1789;M;4849946.0;-278374.0;220
18517;201300020521;13;1;9;1200;1;2;1;1.0;3;106;8 RUE JM BAUDET;M;4849694.0;-272265.0;220
18518;201300020522;13;1;11;1330;1;1;1;1.0;6;106;PARKING CARREFOUR;M;4849565.0;-272887.0;220
18519;201300020523;13;1;11;1200;1;2;1;1.0;1;278;30 RUE DE LA REPUBLIQUE;M;4852007.0;-273187.0;220
18520;201300020524;13;1;12;2045;5;2;3;1.0;3;278;Bd AUVERGNE/A. CROIZAT;M;4851366.0;-277493.0;220
18521;201300020525;13;1;12;235;5;2;1;1.0;7;278;47 RUE ABBE GARNIER;M;4850509.0;-276183.0;220
18522;201300020526;13;1;15;1800;5;2;1;2.0;6;278;7 RUE ABBE GARNIER;M;4850617.0;-276119.0;220
18523;201300020527;13;1;16;1835;5;2;3;1.0;3;106;RUE DE BREST/MORGAN;M;4850064.0;-272651.0;220
18524;201300020528;13;1;21;800;2;1;1;4.0;7;360;RD 222;M;4847875.0;-277250.0;220
18525;201300020529;13;1;22;1100;1;2;1;2.0;1;278;31, RUE MICAUDERIE;M;4852481.0;-279700.0;220
18526;201300020530;13;1;26;415;5;2;2;2.0;1;278;RUE CORDERIE/TOUR AUVERG;M;4851555.0;-277361.0;220
18527;201300020531;13;1;31;2101;3;1;6;1.0;7;360;Echangeur du Guerneau;M;4847808.0;-276803.0;220
18528;201300020532;13;2;6;115;3;1;1;1.0;7;360;RUE DE LA VALLEE;M;4848182.0;-269135.0;220
18529;201300020533;13;2;11;900;1;2;1;8.0;7;278;CENTRE COMMERCIAL GEANT;M;4851957.0;-279180.0;220
18530;201300020534;13;2;16;1910;5;2;1;1.0;3;360;RUE MARC SEGUIN;M;4848811.0;-272112.0;220
18531;201300020535;13;2;19;1805;2;2;1;1.0;2;278;101 RUE DE GOUEDIC;M;4850787.0;-275194.0;220
18532;201300020536;13;2;23;1010;1;1;1;8.0;7;360;RUE DES VALLEES;M;4848293.0;-269160.0;220
18533;201300020537;13;2;24;200;5;2;1;1.0;7;278;RUE MONGE;M;4849971.0;-274264.0;220
18534;201300020538;13;2;26;1800;2;2;1;1.0;6;215;5BIS Rue FONTAINE MORIN;M;4849093.0;-279393.0;220
18535;201300020539;13;2;26;1820;2;2;3;1.0;3;215;RUE DES CROIX/GOELO;M;4848856.0;-278507.0;220
18536;201300020540;13;3;5;1715;1;1;3;1.0;4;360;RUE DES VALLEES/CALMET;M;4847881.0;-271010.0;220
18537;201300020541;13;3;5;1700;1;2;1;1.0;4;278;36 RUE DE PARIS;M;4850412.0;-274141.0;220
18538;201300020542;13;3;7;1920;1;2;6;1.0;3;278;RUE DE PARIS/ALEMBERT;M;4850377.0;-274065.0;220
18539;201300020543;13;3;8;1615;1;1;3;1.0;2;360;RUES VALLEES;M;4848181.0;-269310.0;220
18540;201300020544;13;3;20;730;1;2;3;1.0;3;278;36, TROIS-FRERES-LE-GOFF;M;4851671.0;-276490.0;220
18541;201300020545;13;3;21;1820;2;1;1;3.0;2;215;RUE DU PONT NOIR;M;4848952.0;-283794.0;220
18542;201300020546;13;3;21;1330;1;2;6;1.0;3;278;RUE MONGE/BERTHOLLET;M;4850079.0;-274102.0;220
18543;201300020547;13;3;28;1820;1;2;3;1.0;3;278;RUE LOUIS BLANC/VILLON;M;4849896.0;-276853.0;220
18544;201300020548;13;3;29;1710;1;1;1;2.0;3;215;RUE DU PONT DES ILES;M;4852308.0;-281818.0;220
18545;201300020549;13;3;29;1900;2;1;1;2.0;7;215;RUE DU PONT DES ISLES;M;4852570.0;-282316.0;220
18546;201300020551;13;3;30;1600;1;2;3;1.0;3;278;48, RUE DU DR RAHUEL;M;4850640.0;-274778.0;220
18547;201300020552;13;3;30;1545;1;1;1;1.0;3;106;0, RN12;M;4849759.0;-272498.0;220
18548;201300020553;13;4;3;955;1;2;1;1.0;6;278;RUE DE ROHAN;M;4851330.0;-276271.0;220
18549;201300020554;13;4;3;720;2;2;6;1.0;6;278;RUE MONGE;M;4850081.0;-274083.0;220
18550;201300020555;13;4;5;830;2;1;1;8.0;4;215;RUE DU PONT NOIR;M;4848967.0;-284151.0;220
18551;201300020556;13;4;5;1715;1;1;1;2.0;7;215;RUE DU PONT DES ISLES;M;4852567.0;-282271.0;220
18552;201300020557;13;4;11;1335;1;2;1;3.0;2;278;65, RUECHAPTAL;M;4850778.0;-273297.0;220
18553;201300020558;13;4;11;1200;1;2;1;1.0;7;278;RUE DU LEGUE;M;4852276.0;-276115.0;220
18554;201300020559;13;4;13;1550;1;1;1;1.0;7;360;32 RUE DE LA LANDE;M;4847923.0;-270965.0;220
18555;201300020560;13;4;15;1806;1;1;1;1.0;1;360;RUE DES ROCHERS;M;4847170.0;-275177.0;220
18556;201300020561;13;4;21;350;5;2;6;1.0;7;278;Rd Pt ABERYSTWYTH;M;4849774.0;-275295.0;220
18557;201300020562;13;4;19;1850;1;2;1;1.0;7;106;CHEMIN DES NOUETTES;M;4851352.0;-270907.0;220
18558;201300020563;13;4;26;955;1;1;3;1.0;5;360;RUE VALLEES/PETIT BOIS;M;4847790.0;-271898.0;220
18559;201300020564;13;4;25;1557;1;2;1;1.0;7;278;Esplanade Raoul Poupard;M;4851115.0;-275558.0;220
18560;201300020565;13;4;27;110;4;2;1;1.0;7;106;15, RUE DE RENNES;M;4849422.0;-271362.0;220
18561;201300020567;13;5;7;1415;1;2;1;1.0;6;278;53, Bd CLEMENCEAU;M;4850740.0;-276064.0;220
18562;201300020569;13;5;13;1635;1;2;4;1.0;3;278;RUE FONTAINE/NOTRE DAME;M;4851609.0;-276973.0;220
18563;201300020570;13;5;14;1330;1;2;6;1.0;7;278;Rd Pt des Gallois;M;4849698.0;-274718.0;220
18564;201300020571;13;5;1;430;3;2;1;1.0;7;360;19 Rue René Bazin;M;4849542.0;-273827.0;220
18565;201300020572;13;5;16;730;2;2;6;1.0;3;360;RUE D'ARMOR/STE MARIE;M;4848390.0;-273487.0;220
18566;201300020573;13;5;21;1715;1;2;1;1.0;7;106;10 RUE JULES VERNE;M;4849663.0;-273378.0;220
18567;201300020574;13;5;21;1830;1;2;6;1.0;3;278;RUE ET AV PROMENADES;M;4851364.0;-275722.0;220
18568;201300020575;13;5;23;1835;1;2;2;1.0;3;278;RUE A LORRAINE/KLEBER;M;4850860.0;-276113.0;220
18569;201300020576;13;5;24;1420;1;2;2;1.0;3;215;RUE QUARTIERS/CROIX FICH;M;4849472.0;-279636.0;220
18570;201300020577;13;6;5;1650;1;2;1;1.0;6;278;8 Bd de l'Atlantique;M;4851906.0;-278596.0;220
18571;201300020579;13;6;14;1700;1;2;1;1.0;6;278;109 RUE DE TREGUEUX;M;4849862.0;-275409.0;220
18572;201300020581;13;6;22;1740;1;2;6;1.0;3;278;RUE GARE/71ème RI;M;4851109.0;-276235.0;220
18573;201300020582;13;6;26;1425;1;2;1;1.0;7;278;36 RUE DE BREST;M;4851465.0;-277014.0;220
18574;201300020583;13;6;29;935;1;2;1;2.0;7;215;RUE DES CHATELETS;M;4846865.0;-279753.0;220
18575;201300020584;13;7;1;745;2;2;1;8.0;3;278;6 RUE DE QUITIN;M;4851210.0;-276817.0;220
18576;201300020585;13;7;1;1745;1;2;3;1.0;2;215;RUE DU 14 JUILLET/DIMES;M;4849716.0;-279102.0;220
18577;201300020586;13;7;2;1750;1;2;2;2.0;3;215;RUE G. METAIRIE/VERGER;M;4849474.0;-279634.0;220
18578;201300020587;13;7;3;1845;1;2;1;1.0;6;278;13 RUE ABBE GARNIER;M;4850617.0;-276122.0;220
18579;201300020588;13;7;9;1740;1;2;2;1.0;2;278;4 RUE PIERRE SEMARD;M;4850721.0;-277211.0;220
18580;201300020589;13;7;10;1010;1;1;1;1.0;2;360;RN12;M;4848693.0;-271808.0;220
18581;201300020590;13;7;11;1115;1;2;1;1.0;6;278;5 RUE ST BENOIT;M;4851471.0;-275908.0;220
18582;201300020591;13;7;11;2220;2;1;3;1.0;2;215;RUE DU FROS/VILLE BILY;M;4850362.0;-280305.0;220
18583;201300020592;13;7;13;5;5;2;3;1.0;3;278;Av LIBERATION/GOUEDIC;M;4851151.0;-275805.0;220
18584;201300020593;13;7;16;2035;1;2;1;1.0;7;106;16 RUE DU BIGNON;M;4850510.0;-272289.0;220
18585;201300020594;13;7;20;2130;2;2;2;1.0;1;278;RUE DE PARIS/AMPERE;M;4850256.0;-273803.0;220
18586;201300020595;13;7;20;1930;1;2;6;1.0;3;278;RUE DU 71ème RI;M;4851096.0;-275929.0;220
18587;201300020596;13;7;24;902;1;2;1;1.0;4;360;RN12;M;4848336.0;-270006.0;220
18588;201300020597;13;7;23;1950;1;2;1;1.0;3;278;PARKING QUAI ARMEZ;M;4852337.0;-274960.0;220
18589;201300020598;13;7;24;1450;1;2;1;1.0;6;278;5, SAINT-FRANCOIS;M;4851175.0;-275933.0;220
18590;201300020599;13;7;28;445;5;2;6;1.0;7;278;Bd CHARNER;M;4850802.0;-276446.0;220
18591;201300020600;13;7;27;1700;1;2;1;2.0;3;278;VIEILLE COTE DE GOUET;M;4852187.0;-276447.0;220
18592;201300020601;13;7;27;1620;1;1;1;3.0;1;215;RUE DU PONT DES ISLES;M;4852563.0;-282305.0;220
18593;201300020602;13;7;29;1630;1;2;1;1.0;4;278;RUE PROSPER MERIMEE;M;4849479.0;-275250.0;220
18594;201300020603;13;7;30;1850;1;2;1;1.0;2;278;RUE DU VAU LOUIS;M;4849325.0;-274832.0;220
18595;201300020604;13;7;31;1105;1;2;1;1.0;2;278;VIEILLE COTE DE GOUET;M;4851829.0;-276545.0;220
18596;201300020607;13;8;8;1945;1;2;2;1.0;7;278;rue vieux séminaire/gare;M;4850982.0;-276514.0;220
18597;201300020608;13;8;14;1135;1;2;1;1.0;3;278;Boulevard SEVIGNE;M;4851242.0;-275546.0;220
18598;201300020609;13;8;17;1620;1;2;1;1.0;2;278;43,RUE DU MARECHAL FOCH;M;4851561.0;-275944.0;220
18599;201300020610;13;8;20;1400;1;2;2;1.0;1;215;RUE PONT NOIR/BRESSIN;M;4848959.0;-281679.0;220
18600;201300020611;13;8;20;1655;1;2;1;1.0;4;360;25,RUE DE LA REPUBLIQUE;M;4849192.0;-273856.0;220
18601;201300020612;13;8;22;110;5;2;1;1.0;6;278;0, BECQUEREL (HENRI);M;4849938.0;-275026.0;220
18602;201300020613;13;8;22;1515;1;1;1;1.0;7;360;RUE PROSPER MERIMEE;M;4849310.0;-276073.0;220
18603;201300020614;13;8;27;1425;1;2;6;1.0;2;278;ROND POINT DES GALLOIS;M;4849716.0;-274704.0;220
18604;201300020615;13;8;28;930;1;2;4;1.0;3;106;GUSTAVE, EIFFEL/DOUVENAN;M;4849903.0;-273711.0;220
18605;201300020616;13;8;28;1610;1;2;1;1.0;7;360;RUE MARC SEGUIN;M;4848593.0;-271659.0;220
18606;201300020617;13;8;28;1835;1;2;1;1.0;6;278;RUE DE LA VILLE GUEURY;M;4848989.0;-275484.0;220
18607;201300020619;13;9;1;910;1;2;6;1.0;3;106;Rd Pt Côté Mer;M;4849648.0;-272348.0;220
18608;201300020621;13;9;3;1045;1;1;1;1.0;3;106;RN12;M;4850407.0;-273188.0;220
18609;201300020625;13;9;12;845;1;2;1;1.0;7;187;31, RUE DU VIADUC;M;4852722.0;-276986.0;220
18610;201300020626;13;9;6;820;2;2;6;2.0;7;278;Rd Pt des Gallois;M;4849695.0;-274716.0;220
18611;201300020627;13;9;7;2155;5;2;1;1.0;7;278;RUE LE FLOCH;M;4852228.0;-272767.0;220
18612;201300020628;13;9;9;1125;1;2;1;1.0;7;106;15 bis, Rue Pierre Loti;M;4849621.0;-269131.0;220
18613;201300020629;13;9;17;945;1;2;1;1.0;6;278;77, RUE BAGOT;M;4851331.0;-278163.0;220
18614;201300020630;13;9;19;910;1;2;6;1.0;3;215;RUE DES VILLES MOISAN;M;4849809.0;-277241.0;220
18615;201300020631;13;9;18;900;1;2;3;1.0;3;278;LE MONNIER VILLE GUYOMAR;M;4852470.0;-278637.0;220
18616;201300020632;13;9;18;1100;1;2;1;2.0;7;278;BD SEVIGNE;M;4851135.0;-275831.0;220
18617;201300020633;13;9;20;1730;1;2;3;1.0;3;278;14 RUE DE PARIS;M;4850516.0;-274386.0;220
18618;201300020634;13;9;20;2030;5;2;6;1.0;3;278;Rue L MARTYRS/GARE;M;4851120.0;-276230.0;220
18619;201300020635;13;9;24;1045;1;1;1;1.0;2;106;RN 12;M;4849914.0;-272597.0;220
18620;201300020636;13;9;28;30;3;1;1;1.0;7;360;0, D 700;;;;220
18621;201300020637;13;9;29;120;3;1;1;1.0;7;360;RUE DU BOCAGE;M;4848182.0;-275663.0;220
18622;201300020639;13;9;30;1630;1;2;1;1.0;2;278;62, RUE ROCHE GAUTIER;M;4848920.0;-275295.0;220
18623;201300020640;13;10;1;810;2;2;1;1.0;6;278;Bd SEVIGNE;M;4851224.0;-275592.0;220
18624;201300020641;13;9;27;1505;1;1;1;1.0;7;187;RUE DE COLVE;M;4853104.0;-278140.0;220
18625;201300020642;13;10;5;1220;1;2;1;1.0;3;278;93,RUE THEODULE RIBOT;M;4851847.0;-278289.0;220
18626;201300020643;13;10;6;1750;1;2;3;1.0;3;278;RUE DU Dr RAHUEL;M;4850721.0;-275075.0;220
18627;201300020647;13;10;11;1210;1;2;9;1.0;3;187;RUE VILLE NEUVE;M;4853638.0;-276327.0;220
18628;201300020648;13;10;12;2330;3;1;6;1.0;7;360;RUE DU GUERNEAU;M;4847792.0;-276806.0;220
18629;201300020649;13;10;13;2040;5;2;9;1.0;6;278;44Bd, CHARNER;M;4850841.0;-276885.0;220
18630;201300020650;13;10;17;840;2;1;1;1.0;7;215;RUE DU CARPONT;M;4850135.0;-277694.0;220
18631;201300020652;13;10;20;1630;1;1;2;1.0;3;215;RUE DE MERLET;M;4848961.0;-281686.0;220
18632;201300020653;13;10;18;1040;1;2;1;1.0;6;278;GLAIS-BIZOIN (ET PL.);;;;220
18633;201300020654;13;10;17;1545;1;1;1;1.0;6;215;Parking centre leclerc;M;4849908.0;-277811.0;220
18634;201300020656;13;10;21;1415;1;2;1;1.0;7;278;8, RUE AUGUSTE BLANQUI;M;4849842.0;-275131.0;220
18635;201300020657;13;10;22;1530;1;2;2;1.0;2;278;1, FERRY (JULES);M;4850633.0;-276582.0;220
18636;201300020658;13;10;18;1040;1;2;1;1.0;2;278;62 Bd Waldeck Rousseau.;M;4850764.0;-275956.0;220
18637;201300020660;13;10;28;700;1;2;1;1.0;7;215;41 RUE DE BEAUCEMAINE;M;4848009.0;-280772.0;220
18638;201300020661;13;10;29;2040;5;2;1;1.0;7;278;37 Bd HOCHE;M;4850406.0;-276471.0;220
18639;201300020662;13;11;1;1625;1;2;1;2.0;3;187;RUE DU VIADUC;M;4852461.0;-276297.0;220
18640;201300020663;13;11;5;1945;5;2;1;2.0;6;278;15,BD LAENNEC;M;4850953.0;-277259.0;220
18641;201300020666;13;11;7;1820;3;2;1;3.0;2;187;L' ARRIVEE;M;4854867.0;-279411.0;220