;Num_Acc;an;mois;jour;hrmn;lum;agg;int;atm;col;com;adr;gps;lat;long;dep
18642;201300020667;13;11;9;1125;1;1;1;1.0;7;360;URNE (RUE DE L');M;4847728.0;-275099.0;220
18643;201300020668;13;11;13;740;2;1;1;1.0;6;278;FRANCE (AV. DE);M;4850800.0;-273706.0;220
18644;201300020669;13;11;15;750;2;2;2;1.0;6;278;0, LE BAIL (MAX);M;4850857.0;-274285.0;220
18645;201300020670;13;11;16;1130;1;2;1;1.0;7;278;GARE S.N.C.F.;M;4850771.0;-276588.0;220
18646;201300020671;13;11;19;1140;1;2;2;2.0;3;278;RUE DU JURA;M;4851308.0;-279128.0;220
18647;201300020672;13;11;20;2330;3;1;1;4.0;6;106;RN12;M;4848284.0;-269464.0;220
18648;201300020673;13;11;21;1855;3;1;1;2.0;2;187;RN12;M;4853601.0;-275996.0;220
18649;201300020675;13;11;25;1610;1;2;3;1.0;6;278;80, ATLANTIQUE (BD) N?58;M;4851909.0;-278614.0;220
18650;201300020676;13;11;25;1900;3;1;1;1.0;7;360;RN12;M;4848677.0;-271790.0;220
18651;201300020677;13;11;25;1915;5;2;1;1.0;6;215;8, GRANDE METAIRIE (RUE;M;4849386.0;-279820.0;220
18652;201300020678;13;11;26;1130;1;2;2;1.0;3;278;0, LE MEE (SERGENT);M;4850803.0;-274920.0;220
18653;201300020679;13;11;27;1819;5;2;2;2.0;2;278;0, RUE DU Dr ROCHARD;M;4851690.0;-275810.0;220
18654;201300020680;13;11;28;940;1;2;6;1.0;6;278;RD-PT F MITTERRAND;M;4850796.0;-276443.0;220
18655;201300020681;13;11;30;1345;1;1;1;1.0;7;278;RN12;M;4850835.0;-273741.0;220
18656;201300020682;13;12;1;1;5;2;6;1.0;6;187;RUE DE BEAUREGARD;M;4852341.0;-276418.0;220
18657;201300020683;13;12;2;1330;1;2;3;1.0;2;215;RUE DE  BEL-AIR;M;4849854.0;-278593.0;220
18658;201300020685;13;12;5;1140;1;2;2;1.0;7;278;0, ROUGET-DE-LISLE;M;4849546.0;-275872.0;220
18659;201300020686;13;12;6;1930;3;1;2;1.0;3;187;0, D706;M;4854276.0;-283616.0;220
18660;201300020687;13;12;9;1659;1;2;6;1.0;3;187;VILLE GICQUELpas dos geo;M;4853002.0;-276130.0;220
18661;201300020688;13;12;10;743;2;2;2;1.0;6;278;RUE DE LA  CORDERIE;M;4851549.0;-277349.0;220
18662;201300020689;13;12;13;545;5;2;6;1.0;3;278;LYCEENS-MARTYRS (DES);M;4851113.0;-276243.0;220
18663;201300020690;13;12;14;2115;5;1;1;2.0;1;360;2,RUE DE L'  ATLANTIQUE;M;4847742.0;-272265.0;220
18664;201300020691;13;12;17;1330;1;1;1;1.0;7;215;RUE DU PONT DES ILES;M;4852570.0;-282305.0;220
18665;201300020692;13;12;18;755;5;2;2;2.0;6;278;0, MONGE;M;4850247.0;-273821.0;220
18666;201300020693;13;12;18;1150;1;2;3;1.0;2;278;RUE AMPERE;M;4850360.0;-273630.0;220
18667;201300020695;13;12;20;630;3;1;1;9.0;6;360;RUE DE ROCHERS;M;4846817.0;-275186.0;220
18668;201300020696;13;12;20;820;2;2;1;2.0;6;278;Bd de la TOUR-D'AUVERGNE;M;4851500.0;-277399.0;220
18669;201300020697;13;12;20;1915;5;2;3;1.0;6;278;RUE EDMOND ROSTAND;M;4851634.0;-273501.0;220
18670;201300020698;13;12;20;2230;5;2;1;1.0;7;278;RUE DE LA SOLIDARITE;M;4851328.0;-273898.0;220
18671;201300020700;13;12;23;930;5;2;6;2.0;2;278;AGADEZ (ROND-POINT);M;4851044.0;-278309.0;220
18672;201300020701;13;12;23;1600;1;1;1;3.0;6;187;RN12;M;4854582.0;-278807.0;220
18673;201300020702;13;12;23;1835;5;2;1;3.0;6;278;BD  CLEMENCEAU;M;4850687.0;-276084.0;220
18674;201300020704;13;1;9;850;1;1;1;5.0;3;96;940 (ROUTE DEPARTEMENTAL;;;;230
18675;201300020705;13;2;13;1205;1;2;1;1.0;6;96;24, MANOUVRIER (AVENUE);M;4616944.0;187562.0;230
18676;201300020707;13;4;30;1240;1;1;3;5.0;1;96;940 (ROUTE DEPARTEMENTAL;;;;230
18677;201300020708;13;5;11;22;5;2;2;2.0;3;96;, ZOLA (BOULEVARD EMILE);;;;230
18678;201300020709;13;5;15;1520;1;2;2;1.0;3;96;16, ARSONVAL (RUE D');;;;230
18679;201300020710;13;5;27;1740;1;2;2;1.0;3;96;25, ARSONVAL (RUE D');;;;230
18680;201300020711;13;6;3;2115;1;2;1;1.0;6;96;74, LIMOUSIN (AVENUE DU);;;;230
18681;201300020712;13;6;21;1735;1;2;3;1.0;2;96;BOURBONNAIS (AVENUE);;;;230
18682;201300020713;13;7;11;1025;1;2;1;1.0;6;96;0, MARCHE(PLACE DU);;;;230
18683;201300020715;13;12;6;730;5;2;1;2.0;6;96;27, COURTILLE (ROUTE DE);;;;230
18684;201300020716;13;11;29;1800;3;1;1;2.0;5;96;RN 145;;;;230
18685;201300020717;13;1;19;2230;5;2;6;3.0;3;140;ROUTE DE SARLAT;M;4484960.0;53435.0;240
18686;201300020718;13;2;6;1052;1;2;3;1.0;6;37;25, RUE DOCTEUR SIMOUNET;M;4485320.0;49229.0;240
18687;201300020719;13;2;14;1855;4;2;1;2.0;6;37;93, RUE VALETTE;M;4485640.0;47632.0;240
18688;201300020720;13;3;30;1415;1;1;1;3.0;6;274;ROUTE DE LA FERRIERE;M;4481530.0;43563.0;240
18689;201300020721;13;3;27;1800;1;2;1;1.0;6;37;RUE BEAUFERRIER;M;4485890.0;47456.0;240
18690;201300020722;13;6;22;908;1;2;1;1.0;6;37;RD 19;M;4482930.0;52402.0;240
18691;201300020724;13;8;14;1855;1;2;7;1.0;6;37;RUE NEUVE D'ARGENSON;M;4485150.0;48505.0;240
18692;201300020725;13;9;16;1843;1;2;1;1.0;7;37;BOULEVARD AUGUSTE COMTE;M;4484760.0;49251.0;240
18693;201300020726;13;10;7;735;2;2;5;1.0;3;37;BOULEVARD AUGUSTE COMTE;M;4484930.0;49281.0;240
18694;201300020727;13;12;11;1214;1;2;1;1.0;2;140;AVENUE  DE LA ROQUE;M;4485020.0;53761.0;240
18695;201300020728;13;1;9;120;3;1;1;2.0;6;102;ROUTE DE LISLE;M;4521550.0;64251.0;240
18696;201300020729;13;1;25;2106;5;2;3;1.0;3;53;AVENUE MICHEL GRANDOU;M;4519450.0;77784.0;240
18697;201300020730;13;1;30;1915;3;2;1;2.0;6;53;8, BOULEVARD LAKANAL;M;4517970.0;72108.0;240
18698;201300020731;13;2;8;715;5;2;1;3.0;6;53;184 BOUL DU PETIT CHANGE;M;4518260.0;74277.0;240
18699;201300020732;13;3;20;1559;1;2;1;2.0;6;53;18, COURS SAINT GEORGES;M;4517960.0;72546.0;240
18700;201300020733;13;3;23;1037;1;2;1;1.0;6;138;93 AV. DU GEN DE GAULLE;M;4519100.0;69060.0;240
18701;201300020734;13;3;30;1650;1;2;1;1.0;6;138;ROUTE D' ANGOULEME;M;4519790.0;69951.0;240
18702;201300020735;13;4;10;1156;1;2;1;1.0;6;138;10, RUE DE CHANZY;M;4518230.0;71208.0;240
18703;201300020737;13;5;16;1500;1;1;1;3.0;1;312;LES JOUHAIRES;M;4511660.0;69457.0;240
18704;201300020738;13;5;25;1735;1;2;1;1.0;2;53;5, AVENUE MICHEL GRANDOU;M;4518940.0;73241.0;240
18705;201300020740;13;6;11;849;1;2;6;1.0;6;322;PLACE YVES GUENA;M;4518720.0;72152.0;240
18706;201300020741;13;7;16;1828;1;2;1;1.0;1;98;ROUTE D'AGONAC;M;4520960.0;70031.0;240
18707;201300020742;13;7;28;2010;1;1;1;1.0;7;13;ROUTE DE BERGERAC;M;4513710.0;72509.0;240
18708;201300020743;13;7;29;2035;1;2;1;1.0;3;322;4, BOULEVARD SAUMANDE;M;4518300.0;72378.0;240
18709;201300020744;13;7;30;1835;1;2;3;1.0;3;557;AVENUE GRANDOU;M;4519740.0;78779.0;240
18710;201300020745;13;8;2;1345;1;1;1;1.0;1;557;AVENUE MICHEL GRANDOU;M;4519570.0;78255.0;240
18711;201300020746;13;8;13;2000;1;2;1;7.0;6;312;74, COURS SAINT GEORGES;M;4517750.0;72962.0;240
18712;201300020747;13;8;29;1545;1;1;1;1.0;1;312;ROUTE DE VERGT;M;4512650.0;70731.0;240
18713;201300020748;13;9;16;757;1;2;1;1.0;6;322;64, AVENUE POMPIDOU;M;4519170.0;72595.0;240
18714;201300020749;13;9;18;1435;1;2;1;1.0;6;322;30, RUE WILSON;M;4518470.0;71448.0;240
18715;201300020750;13;10;14;1026;1;2;2;1.0;5;322;37, RUE PUEBLA;M;4518920.0;70867.0;240
18716;201300020751;13;11;16;1920;5;2;1;1.0;5;557;147, AVENUE GRANDOU;M;4518970.0;74775.0;240
18717;201300020752;13;11;25;1515;1;2;1;1.0;6;322;15, BOULEVARD MONTAIGNE;M;4518580.0;72009.0;240
18718;201300020753;13;1;8;1606;1;2;1;8.0;3;56;sans, BELFORT RUE DE <14;M;4725822.0;604439.0;250
18719;201300020754;13;1;10;809;5;2;1;1.0;6;56;SANS, BRULARD  RUE GENER;M;4722844.0;600531.0;250
18720;201300020755;13;1;11;755;1;2;1;2.0;6;56;sans, ANDREY RUE;M;4725758.0;601715.0;250
18721;201300020756;13;1;14;1440;1;2;1;1.0;6;56;BRABANT RUE DE;M;4722364.0;596866.0;250
18722;201300020757;13;1;19;1820;5;2;4;3.0;3;56;SANS, APOLLINAIRE RUE GU;M;4721480.0;595242.0;250
18723;201300020758;13;1;25;423;5;2;1;1.0;2;56;SANS, HELVETIE AVENUE D';M;4724266.0;602699.0;250
18724;201300020759;13;1;29;1235;1;2;1;2.0;4;56;105, DOLE RUE DE >185 &;M;4722875.0;598800.0;250
18725;201300020760;13;1;29;1709;2;2;1;3.0;6;56;18, SAVOIE RUE DE;M;4721993.0;596271.0;250
18726;201300020761;13;1;31;2355;5;2;1;1.0;1;56;39, NODIER RUE CHARLES >;M;4723081.0;602772.0;250
18727;201300020762;13;2;2;1430;1;2;2;2.0;1;56;SANS, DENFERT ROCHEREAU;M;4724283.0;602590.0;250
18728;201300020763;13;2;3;2000;5;2;1;2.0;1;56;SANS, MARCHAUX ROUTE DE;;;;250
18729;201300020764;13;2;6;912;1;2;1;4.0;6;56;33, BRULARD  RUE GENERAL;M;4722778.0;600258.0;250
18730;201300020765;13;2;7;1649;1;2;1;1.0;6;56;24, COURTILS RUE DES;M;4726625.0;604679.0;250
18731;201300020766;13;2;7;1259;1;2;4;4.0;3;56;202, DOLE RUE DE >200;M;4722682.0;597921.0;250
18732;201300020767;13;2;12;825;1;1;1;4.0;6;56;94, CLEMENCEAU AVENUE G.;M;4723581.0;599568.0;250
18733;201300020768;13;2;14;1320;1;2;2;1.0;3;56;BELLAY RUE JOACHIM DU;M;4721486.0;595109.0;250
18734;201300020769;13;2;28;17;5;2;2;1.0;3;56;sans, CHURCHILL BD WINST;M;4714844.0;559959.0;250
18735;201300020770;13;3;1;450;5;2;1;1.0;6;56;PAIX  AVENUE DE LA;M;4724514.0;601909.0;250
18736;201300020771;13;3;1;743;1;2;1;1.0;3;56;SANS, HELVETIE AVENUE D';M;4724251.0;602908.0;250
18737;201300020772;13;3;1;1157;1;2;1;1.0;6;56;sans, CHAR  RUE RENE;M;4725463.0;601752.0;250
18738;201300020773;13;3;1;1846;2;2;1;1.0;6;56;1, BLUM BOULEVARD LEON >;M;4725463.0;601762.0;250
18739;201300020774;13;3;2;1645;1;2;2;1.0;3;56;SANS, CHURCHILL BD WINST;M;4724929.0;600263.0;250
18740;201300020775;13;3;13;2128;5;2;1;1.0;2;56;BLUM BOULEVARD LEON > 90;M;4726077.0;603330.0;250
18741;201300020776;13;3;16;714;1;2;1;1.0;6;56;SANS, GARE D'EAU AV. DE;M;4723112.0;602466.0;250
18742;201300020777;13;3;20;1245;1;2;2;2.0;6;56;BECQUET  RUE JUST;M;4724668.0;603066.0;250
18743;201300020778;13;3;26;1435;1;2;1;1.0;6;56;17, BELFORT RUE DE <144;M;4724683.0;602624.0;250
18744;201300020779;13;4;10;1430;1;2;1;1.0;4;56;146, DOLE RUE DE >82 & <;M;4722878.0;598707.0;250
18745;201300020780;13;4;14;1440;1;2;2;1.0;3;56;67, BELFORT RUE DE <144;M;4724901.0;603121.0;250
18746;201300020781;13;4;19;1840;1;2;1;8.0;6;56;2, PICARDIE RUE DE;M;4722305.0;597457.0;250
18747;201300020782;13;4;27;1045;1;2;1;3.0;1;56;RUSSEL RUE BERTRAND;M;4721826.0;597610.0;250
18748;201300020783;13;4;27;2025;2;2;1;3.0;6;56;CASSIN PLACE RENE;M;4721811.0;597007.0;250
18749;201300020784;13;4;27;2048;5;2;2;3.0;3;56;HUIT MAI 1945 AVENUE DU;M;4723532.0;601747.0;250
18750;201300020785;13;4;28;1347;1;1;1;8.0;1;56;MARCHAUX ROUTE DE;M;0.0;0.0;250
18751;201300020786;13;5;7;1640;1;2;1;1.0;3;56;4, PLANCON RUE GABRIEL;M;4723440.0;601530.0;250
18752;201300020787;13;5;8;126;5;2;4;1.0;6;56;17, DOLE RUE DE <82;M;4723514.0;601290.0;250
18753;201300020788;13;5;10;1625;1;2;2;1.0;3;56;SANS, JOUCHOUX RUE AUGUS;M;4723916.0;598759.0;250
18754;201300020790;13;5;17;135;5;2;1;3.0;6;56;SANS, RN 1057 (CH. EPITA;;;;250
18755;201300020791;13;5;23;820;1;2;1;8.0;7;56;26, SEPTIEME ARMEE AM. A;M;4721797.0;602482.0;250
18756;201300020792;13;5;23;1155;1;2;1;1.0;6;56;SANS, EPITAPHE CHEMIN DE;M;4724787.0;599793.0;250
18757;201300020793;13;5;27;1125;1;2;1;1.0;6;56;15, PIEMONT RUE DU;M;4722133.0;596440.0;250
18758;201300020795;13;6;7;1716;1;2;1;1.0;3;56;91, POINT DU JOUR CHEMIN;M;4727129.0;602792.0;250
18759;201300020796;13;6;6;1531;1;2;1;1.0;3;56;MONTBOUCONS CHEMIN DES;M;4725876.0;599018.0;250
18760;201300020797;13;6;15;1543;1;2;1;1.0;3;56;GAULARD AVENUE < 14;M;4723939.0;603053.0;250
18761;201300020798;13;6;20;1328;1;2;1;1.0;6;56;Face 11A, DIDEROT BOULEV;M;4724381.0;603452.0;250
18762;201300020799;13;6;22;2204;2;2;1;1.0;6;56;BASILIQUE RUE DE LA;M;4723141.0;599185.0;250
18763;201300020800;13;6;25;2103;1;2;2;1.0;3;56;CHASNOT RUE DU;M;4725205.0;602688.0;250
18764;201300020801;13;6;27;918;1;2;1;1.0;3;56;17, DROZ   AVENUE EDOUAR;M;4723957.0;603387.0;250
18765;201300020803;13;7;4;707;1;2;1;3.0;6;56;15, DOLE RUE DE;M;4723418.0;600850.0;250
18766;201300020804;13;7;4;1138;1;2;2;1.0;3;56;sans, FAURE AVENUE EDGAR;M;4724462.0;602173.0;250
18767;201300020805;13;7;8;1600;1;2;1;1.0;6;56;sans, CHAMPAGNE RUE DE;M;4722405.0;597499.0;250
18768;201300020806;13;7;12;1518;1;2;6;1.0;3;56;SAVARY RUE ALAIN;M;4725202.0;599850.0;250
18769;201300020807;13;7;18;2355;5;2;1;2.0;7;56;sans, HUIT MAI 1945 AVEN;M;4723477.0;601859.0;250
18770;201300020808;13;7;20;458;2;1;1;1.0;6;56;sans, MARCHAUX ROUTE DE;M;4730110.0;608370.0;250
18771;201300020809;13;7;29;1046;1;2;1;2.0;1;56;DOLE RUE DE >200;M;4722270.0;696657.0;250
18772;201300020810;13;7;30;2217;5;2;1;1.0;6;56;sans, DOLE RUE DE >82 &;;;;250
18773;201300020811;13;8;6;1410;1;2;3;1.0;1;56;DOLE RUE DE <82;;;;250
18774;201300020812;13;8;15;2025;1;2;1;7.0;6;56;5, PELOUSE RUE DE LA;M;4723153.0;599320.0;250
18775;201300020813;13;8;20;1644;1;2;1;1.0;2;56;20, BELFORT RUE DE <144;M;4714829.0;616344.0;250
18776;201300020814;13;8;29;1056;1;2;1;1.0;3;56;sans, PAYOT  PLACE;M;4724199.0;603323.0;250
18777;201300020815;13;9;3;1358;1;2;2;1.0;3;56;SANS, PIEMONT RUE DU;M;4713387.0;557967.0;250
18778;201300020816;13;9;9;1848;1;2;1;1.0;7;56;98, GRANDE RUE > 59 ET <;M;4723577.0;602728.0;250
18779;201300020817;13;9;11;700;2;2;2;8.0;3;56;SANS, BELFORT RUE DE <14;;;;250
18780;201300020818;13;9;15;2010;5;2;1;2.0;3;56;9, RESAL RUE;M;4725424.0;603429.0;250
18781;201300020819;13;9;16;1617;1;2;1;1.0;5;56;sans, GRAY ROUTE DE;;;;250
18782;201300020820;13;9;25;1540;1;2;3;1.0;3;56;sans, TORCOLS CHEMIN DES;M;4715902.0;607116.0;250
18783;201300020821;13;9;27;550;5;2;1;2.0;6;56;sans, RIVOTTE  FAUBOURG;;;;250
18784;201300020823;13;10;3;1436;1;2;3;1.0;3;56;SANS, KENNEDY  BOULEVARD;M;4723445.0;598420.0;250
18785;201300020824;13;10;8;1551;1;2;3;1.0;7;56;CHAR  RUE RENE;M;4721834.0;595223.0;250
18786;201300020825;13;10;17;1649;1;2;1;1.0;2;56;SANS, EPITAPHE CHEMIN DE;M;4714521.0;559570.0;250
18787;201300020826;13;10;19;1556;1;2;1;1.0;3;56;90, VESOUL RUE DE > 52;M;4725795.0;601075.0;250
18788;201300020827;13;10;24;1355;1;2;1;1.0;3;56;89, DOLE RUE DE >82 & <1;M;4713773.0;559460.0;250
18789;201300020828;13;10;26;608;2;1;1;1.0;6;56;28, MIDOL RUE;M;4724481.0;601595.0;250
18790;201300020829;13;10;26;1547;1;2;1;1.0;1;56;11, LANCHY  RUE NARCISSE;M;4725541.0;602816.0;250
18791;201300020830;13;10;28;903;1;2;1;1.0;1;56;SANS, EDISON RUE THOMAS;M;4723267.0;597340.0;250
18792;201300020831;13;10;28;1837;5;2;1;2.0;6;56;sans, EDISON RUE THOMAS;M;4723256.0;557307.0;250
18793;201300020832;13;10;28;1952;5;2;1;3.0;6;56;32, DOLE RUE DE <82;M;4723474.0;601188.0;250
18794;201300020833;13;10;31;955;1;2;1;1.0;3;56;sans, FLEMING BOULEVARD;M;4722618.0;596557.0;250
18795;201300020834;13;10;31;2029;5;2;1;1.0;1;56;?, VAITE AVENUE DE LA;M;4725189.0;603835.0;250
18796;201300020836;13;11;3;1157;1;2;1;1.0;6;56;SANS, SEMARD  RUE PIERRE;M;4725297.0;603674.0;250
18797;201300020837;13;11;4;806;1;2;1;1.0;6;56;SANS, FAURE AVENUE EDGAR;M;4724431.0;601947.0;250
18798;201300020838;13;11;4;1806;2;2;1;3.0;6;56;gps, MEGEVAND RUE;M;4723639.0;602280.0;250
18799;201300020841;13;11;12;2105;5;2;1;1.0;6;56;41, VILLARCEAU AVENUE;M;4723842.0;601293.0;250
18800;201300020843;13;11;14;1727;5;2;1;3.0;6;56;SANS, DOLE RUE DE >82 &;;;;250
18801;201300020844;13;11;19;138;5;2;1;5.0;7;56;SANS, CHARDONNET AV. DE;M;4723276.0;603807.0;250
18802;201300020845;13;11;20;1505;1;2;1;2.0;6;56;sans, RN 1057 (CH. EPITA;M;0.0;0.0;250
18803;201300020846;13;11;21;1306;1;2;1;2.0;6;56;5, CHARIGNEY RUE DE<16 E;M;4725706.0;604534.0;250
18804;201300020847;13;11;22;146;5;2;1;4.0;6;56;sans, MORRE ROUTE DE;M;4713664.0;659020.0;250
18805;201300020848;13;11;22;1530;1;2;1;1.0;7;56;VESOUL RUE DE > 52;M;4725090.0;601837.0;250
18806;201300020849;13;11;22;2320;3;2;1;2.0;5;56;OUEST BOULEVARD;M;4712882.0;559245.0;250
18807;201300020850;13;11;23;940;1;2;1;1.0;6;56;69, DOLE RUE DE <82;M;4723043.0;599398.0;250
18808;201300020851;13;11;23;1736;2;2;1;1.0;6;56;BELFORT RUE DE <144;;;;250
18809;201300020852;13;11;26;1102;1;2;1;1.0;7;56;24, SAVARY RUE ALAIN;M;4725079.0;599633.0;250
18810;201300020853;13;11;26;1920;1;2;2;1.0;3;56;SANS, GAULLE BOULEVARD C;M;4723516.0;601879.0;250
18811;201300020854;13;11;27;1216;1;2;1;1.0;1;56;15, CLERC RUE FRANCIS <;M;4725502.0;602332.0;250
18812;201300020855;13;11;28;721;1;2;2;1.0;3;56;SANS, CHURCHILL BD WINST;M;4723909.0;601904.0;250
18813;201300020856;13;11;28;1450;1;2;1;1.0;5;56;154, BELFORT RUE DE BELF;;;;250
18814;201300020857;13;12;8;150;5;2;1;9.0;6;56;149, DOLE RUE DE >185 &;;;;250
18815;201300020858;13;12;9;848;1;2;1;1.0;2;56;5, GARNIER RUE LOUIS;M;4721695.0;596847.0;250
18816;201300020859;13;12;17;844;1;2;1;9.0;1;56;SANS, SANATORIUM CHEMIN;;;;250
18817;201300020860;13;12;17;1900;5;2;1;1.0;6;56;13, DROZ   AVENUE EDOUAR;M;4724000.0;603374.0;250
18818;201300020861;13;12;17;1730;3;2;1;1.0;6;56;MONTRAPON AVENUE DE;;;;250
18819;201300020862;13;12;20;745;5;2;1;2.0;6;56;SANS, TORCOLS CHEMIN DES;M;4715654.0;608860.0;250
18820;201300020863;13;12;22;1022;1;2;1;1.0;2;56;SANS, BLUM  BOULEVARD LE;;;;250
18821;201300020864;13;12;26;1335;1;2;1;2.0;6;56;SANS, RN 1057 (BD CHURCH;M;4724429.0;598274.0;250
18822;201300020865;13;12;28;1715;2;2;1;2.0;6;56;104, DOLE RUE DE >82 & <;M;4723105.0;599458.0;250
18823;201300020866;13;12;28;2250;5;2;1;2.0;6;56;sans, FAURE AVENUE EDGAR;;;;250
18824;201300020867;13;2;1;950;5;2;2;1.0;3;580;OEHMICHEN (RUE);M;4747185.0;683459.0;250
18825;201300020868;13;2;1;1930;5;2;1;3.0;6;547;39, AVENUE LECLERC;M;4700000.0;682692.0;250
18826;201300020869;13;3;1;2040;5;2;2;1.0;3;230;EGOUTTE (RUE D');;;;250
18827;201300020870;13;3;9;2040;5;2;1;1.0;6;388;BETHONCOURT (ROUTE DE );;;;250
18828;201300020871;13;3;12;1640;1;2;1;1.0;6;31;TEMPLE (PLACE DU);;;;250
18829;201300020874;13;5;14;940;1;1;1;1.0;5;580;BEAULIEU- RD 437 ROUTE;;;;250
18830;201300020875;13;6;11;1840;1;2;1;1.0;3;388;4, ALLONDANS (ROUTE D');;;;250
18831;201300020876;13;6;17;1800;1;2;1;1.0;2;539;AUDINCOURT (RUE D');;;;250
18832;201300020877;13;6;18;1120;1;2;1;1.0;6;230;BOUQUIERES (RUE DES);M;4749780.0;683328.0;250
18833;201300020878;13;7;13;1710;1;2;1;1.0;6;31;REVOLUTION DE 1789 AVENU;;;;250
18834;201300020880;13;8;19;1830;1;2;1;1.0;6;580;27, CUVIER (RUE);M;4746297.0;683506.0;250
18835;201300020882;13;8;23;1948;1;2;1;1.0;3;388;1, LUDWIGSBURG (ROND POI;;;;250
18836;201300020883;13;8;26;1652;1;2;3;1.0;3;31;8, MAI 1945 (AVENUE DU 8;M;4747422.0;685712.0;250
18837;201300020885;13;8;21;1928;1;2;1;1.0;7;388;1, HOLLANDE (RUE DE LA P;M;4750351.0;679421.0;250
18838;201300020886;13;8;9;1531;1;2;2;1.0;1;388;17, HUGO (BOULEVARD VICT;M;4751867.0;678714.0;250
18839;201300020887;13;8;5;1331;1;1;1;1.0;3;580;10, BEAULIEU- RN 437 (RO;;;;250
18840;201300020889;13;7;26;510;5;2;3;1.0;6;388;0, HOLLANDE (RUE DE LA P;M;4750256.0;679186.0;250
18841;201300020890;13;9;26;759;1;2;1;1.0;3;20;01, EUROPE (AVENUE DE L';M;4748723.0;681634.0;250
18842;201300020891;13;9;27;554;5;1;1;1.0;6;388;07, BETHONCOURT (ROUTE D;M;4750438.0;680335.0;250
18843;201300020892;13;9;29;2150;5;2;2;1.0;3;31;01, DASLE (RUE DE);M;4748144.0;684541.0;250
18844;201300020893;13;10;10;1246;1;2;1;2.0;1;547;0, GRAVIERS (RUE DES);M;4751549.0;683584.0;250
18845;201300020894;13;10;13;720;2;2;1;1.0;1;230;AUDINCOURT (RUE D');M;4749279.0;683922.0;250
18846;201300020895;13;10;14;1805;1;2;1;1.0;6;388;40, CHABAUD-LATOUR (AVEN;;;;250
18847;201300020896;13;10;21;1858;5;2;1;1.0;6;388;64A, BESANCON (FAUBOURG;;;;250
18848;201300020897;13;10;23;2335;5;2;1;2.0;7;388;01, LUDWIGSBURG (ROND PO;;;;250
18849;201300020898;13;11;29;647;5;2;4;1.0;6;31;08, RECILLES (RUE DES);M;4747569.0;684332.0;250
18850;201300020899;13;12;15;1614;1;2;1;1.0;6;388;03, FERRAND (RUE JACQUES;M;4751867.0;677782.0;250
18851;201300020900;13;12;11;706;5;2;3;9.0;6;388;46, BESANCON (FAUBOURG D;;;;250
18852;201300020901;13;8;28;1152;1;2;1;1.0;1;580;10, BEAULIEU- RN 437 (RO;;;;250
18853;201300020902;13;10;21;530;5;2;2;2.0;3;388;01, FOILLET (RUE JACQUES;M;4750338.0;680526.0;250
18854;201300020903;13;12;9;1445;1;2;6;1.0;3;388;01, BATTERIES DU PARC (R;M;4751874.0;681087.0;250
18855;201300020904;13;12;10;804;1;2;3;1.0;3;388;04, PIED DES GOUTTES (RU;M;4750215.0;681637.0;250
18856;201300020905;13;3;4;1655;1;2;1;1.0;3;462;55, NEUCHATEL (AVENUE DE;M;4789984.0;636148.0;250
18857;201300020907;13;3;22;2225;3;1;1;1.0;6;204;Route Départementale 437;M;4600000.0;600000.0;250
18858;201300020908;13;4;30;1427;1;2;1;1.0;7;462;REPUBLIQUE DE LA;M;4690000.0;630000.0;250
18859;201300020909;13;6;22;128;5;2;1;1.0;6;462;ROCADE G.POMPIDOU ( DE 0;;;;250
18860;201300020910;13;6;22;1250;1;2;6;1.0;3;462;1, MORTEAU DE (DU 0 AU 3;;;;250
18861;201300020912;13;7;13;453;3;1;1;1.0;6;462;ETRACHES LES;;;;250
18862;201300020913;13;7;26;1635;1;2;1;1.0;6;462;5, PEGUY CHARLES;M;4691094.0;635994.0;250
18863;201300020914;13;9;2;2205;4;2;3;1.0;3;462;78, BESANCON (RUE DE);M;4691642.0;634475.0;250
18864;201300020915;13;9;4;1520;1;2;1;1.0;3;462;04, PAIX DE LA;M;4691017.0;635049.0;250
18865;201300020916;13;9;19;1618;1;2;1;1.0;7;462;1, BERNARDINES;M;4690511.0;635464.0;250
18866;201300020917;13;11;12;835;1;2;1;1.0;6;462;5, MOULIN PARNET DU;M;4690406.0;635285.0;250
18867;201300020918;13;3;19;2030;3;1;1;1.0;7;71;;M;0.0;0.0;840
18868;201300020920;13;4;7;1245;1;1;1;1.0;6;25;;M;0.0;0.0;840
18869;201300020921;13;5;8;45;3;1;1;1.0;6;38;;M;0.0;0.0;840
18870;201300020922;13;10;4;1015;1;1;1;1.0;3;38;;M;0.0;0.0;840
18871;201300020923;13;10;12;1645;1;1;1;1.0;1;99;;M;0.0;0.0;840
18872;201300020924;13;11;17;2330;3;1;1;1.0;1;38;;M;0.0;0.0;840
18873;201300020926;13;3;20;1345;1;1;1;1.0;1;16;;M;5098974.0;233778.0;590
18874;201300020927;13;4;23;1045;1;1;1;1.0;1;83;Rte de St-Omer;M;5091657.0;240837.0;590
18875;201300020928;13;7;30;1915;1;1;1;2.0;1;588;route des Neiges;M;5100148.0;245259.0;590