;Num_Acc;an;mois;jour;hrmn;lum;agg;int;atm;col;com;adr;gps;lat;long;dep
18876;201300020929;13;10;1;815;1;2;1;1.0;6;319;rue d'Alsace;M;5097099.0;244493.0;590
18877;201300020930;13;10;9;2230;3;1;1;1.0;1;16;16 Rue du Courghain;M;5097251.0;234479.0;590
18878;201300020931;13;10;23;1500;2;1;1;1.0;3;478;Rue de Bergues;M;5094795.0;243168.0;590
18879;201300020932;13;2;18;2145;5;2;1;1.0;1;261;avenue de l'europe;M;0.0;0.0;620
18880;201300020934;13;4;21;1400;1;2;1;1.0;6;261;rue des iris;M;0.0;0.0;620
18881;201300020935;13;5;12;1645;1;2;1;1.0;6;261;;M;0.0;0.0;620
18882;201300020936;13;5;30;2145;1;2;1;1.0;2;261;avenue de la lib?ration;M;0.0;0.0;620
18883;201300020937;13;6;10;1215;1;2;1;1.0;3;261;BD DE FRANCE;M;5047951.0;158193.0;620
18884;201300020938;13;7;5;1445;1;2;6;1.0;1;261;;M;0.0;0.0;620
18885;201300020939;13;7;23;1600;1;2;2;2.0;3;261;avenue de Paris;M;0.0;0.0;620
18886;201300020940;13;7;26;2145;2;1;2;1.0;3;233;;M;0.0;0.0;620
18887;201300020942;13;8;1;2245;3;1;2;1.0;3;16;;M;0.0;0.0;620
18888;201300020943;13;8;28;730;1;1;1;1.0;6;233;;M;0.0;0.0;620
18889;201300020944;13;10;20;1545;1;1;2;8.0;3;16;;M;5042278.0;168265.0;620
18890;201300020945;13;3;5;1700;1;2;1;1.0;2;278;36 rue léon gambetta;M;5061327.0;296368.0;590
18891;201300020946;13;5;29;845;1;1;2;1.0;3;487;Rue du Bas;M;5063545.0;289086.0;590
18892;201300020948;13;6;24;630;1;2;1;7.0;2;278;236 rue du gal DE GAULLE;M;5060760.0;295421.0;590
18893;201300020949;13;7;1;815;1;1;1;1.0;5;653;Rue Anatole France;M;5058636.0;294411.0;590
18894;201300020950;13;7;24;1500;1;2;1;1.0;1;653;Rue Léon Gambetta;M;5056521.0;293542.0;590
18895;201300020951;13;8;1;815;1;1;3;1.0;3;88;1114 rue de la chapelle;M;5065592.0;288537.0;590
18896;201300020954;13;7;5;1830;1;1;1;1.0;7;179;;M;0.0;0.0;740
18897;201300020955;13;7;9;1130;1;1;1;1.0;6;112;RUE DU CENTRE;M;0.0;0.0;740
18898;201300020957;13;6;8;1530;1;1;1;8.0;1;82;;M;4600860.0;574801.0;10
18899;201300020958;13;7;12;2130;1;2;1;1.0;6;33;RUE JOLIOT CURIE;;;;10
18900;201300020959;13;5;5;1645;1;2;1;1.0;7;114;RTE DE CHEZERY;M;4615220.0;581951.0;10
18901;201300020960;13;8;7;1705;1;1;1;3.0;1;91;;M;4613560.0;580260.0;10
18902;201300020962;13;9;14;930;1;1;1;1.0;6;49;;M;0.0;0.0;830
18903;201300020964;13;12;18;1232;1;2;1;1.0;3;198;BOULEVARD CHARLES ANDRE;M;4452670.0;473830.0;260
18904;201300020965;13;1;8;1800;3;1;1;1.0;3;198;1 BOULEVARD GEORGES POMI;M;4454840.0;477390.0;260
18905;201300020966;13;1;5;1145;1;2;1;1.0;3;198;127 ROUTE DE MARSEILLE;;;;260
18906;201300020967;13;1;10;1842;5;2;1;1.0;3;198;ROUTE DE CHATEAUNEUF;;;;260
18907;201300020968;13;1;19;1700;1;2;1;3.0;3;198;12 BOULEVARD DE GAULLE;;;;260
18908;201300020969;13;3;3;1945;5;2;1;1.0;3;198;20 AVENUE JEAN JAURES;;;;260
18909;201300020970;13;3;14;1215;1;2;6;1.0;3;198;1 RUE ANDRE DUCATEZ;;;;260
18910;201300020971;13;4;2;1350;1;2;6;1.0;2;198;AVENUE KENNEDY;;;;260
18911;201300020972;13;4;14;1200;1;1;1;1.0;2;198;ROUTE DU TEIL;;;;260
18912;201300020974;13;5;9;1940;1;2;1;2.0;3;198;106 AVENUE JEAN JAURES;;;;260
18913;201300020975;13;5;3;930;1;2;1;1.0;6;198;ROUTE DE CHATEAUNEUF;;;;260
18914;201300020976;13;5;12;1705;1;1;1;1.0;3;198;ROUTE DE VALENCE RN 7;;;;260
18915;201300020977;13;5;15;1130;1;2;1;2.0;6;198;175 ROUTE DE MARSEILLE;;;;260
18916;201300020978;13;5;22;1450;1;1;1;1.0;5;198;ROUTE DE SAUZET;;;;260
18917;201300020979;13;6;15;150;5;1;1;1.0;6;198;RTE NATIONALE 7;;;;260
18918;201300020980;13;6;18;350;3;1;1;1.0;1;198;26198;;;;260
18919;201300020981;13;6;23;1605;1;1;1;1.0;1;198;26198;M;4455230.0;472120.0;260
18920;201300020982;13;6;21;1500;1;2;4;1.0;1;198;ROUTE DU TEIL;M;4455520.0;472120.0;260
18921;201300020983;13;7;3;1141;1;2;1;1.0;6;198;33 BD MARRE DESMARAIS;;;;260
18922;201300020985;13;7;16;705;1;2;1;1.0;3;198;ROUTE DE ROCHEMAURE;M;4456140.0;474630.0;260
18923;201300020986;13;7;25;1105;1;2;1;1.0;2;198;45 AVENUE JEAN JAURES;;;;260
18924;201300020987;13;8;18;1804;1;1;1;1.0;3;198;26198;;;;260
18925;201300020988;13;8;29;1315;1;2;6;1.0;3;198;ROUTE DU TEIL;;;;260
18926;201300020989;13;9;9;1645;1;2;6;1.0;3;198;26198;;;;260
18927;201300020990;13;9;23;1937;1;1;1;1.0;6;198;ROUTE DU TEIL;;;;260
18928;201300020991;13;9;24;2223;5;2;6;1.0;7;198;26198;;;;260
18929;201300020992;13;9;15;910;1;2;1;1.0;7;198;BOULEVARD MEYNOT;;;;260
18930;201300020994;13;9;30;1410;1;1;1;1.0;6;198;26198;;;;260
18931;201300020996;13;10;11;1530;1;1;3;1.0;3;198;ROUTE DE DIEULEFIT;;;;260
18932;201300020997;13;10;9;1730;2;2;1;1.0;7;198;26198;;;;260
18933;201300020998;13;10;18;220;5;2;9;1.0;5;198;AVENUE DE VILLENEUVE;M;4455930.0;475630.0;260
18934;201300020999;13;10;28;1257;1;2;1;1.0;6;198;28 AVENUE JEAN JAURES;;;;260
18935;201300021000;13;10;30;2120;5;2;1;1.0;2;198;AVENUE SAINT MARTIN;;;;260
18936;201300021001;13;11;13;1205;1;2;1;1.0;7;198;AVENUE DU TEIL;;;;260
18937;201300021002;13;11;2;2130;5;1;1;2.0;3;198;ROUTE DE SAUZET;;;;260
18938;201300021003;13;11;17;1515;1;2;1;1.0;3;198;AVENUE KENNEDY;;;;260
18939;201300021004;13;11;28;1635;1;2;1;1.0;7;198;AVENUE D'AYGU;;;;260
18940;201300021005;13;12;5;2030;5;2;1;1.0;3;198;ROUTE DU TEIL;;;;260
18941;201300021006;13;12;11;1820;5;2;1;1.0;3;198;130 ROUTE DU TEIL;;;;260
18942;201300021008;13;1;10;920;1;1;1;1.0;3;281;RD 532 DIRECTION TAIN;M;4504530.0;506440.0;260
18943;201300021009;13;1;11;740;5;2;2;2.0;6;281;RUE CHENIER ANDRE;M;4505080.0;505570.0;260
18944;201300021010;13;1;19;2345;5;2;1;1.0;7;281;32 RUE DE BELLEVUE;M;4503760.0;504150.0;260
18945;201300021011;13;1;26;1455;1;2;3;8.0;3;57;AVENUE VALLON ANTONIN;;;;260
18946;201300021012;13;1;29;1600;1;2;1;1.0;2;281;PONT LATTRE DE TASSIGNY;M;4504140.0;505360.0;260
18947;201300021013;13;2;13;1100;1;2;3;1.0;1;281;RUE ABBAT SIMONE;M;4504840.0;503740.0;260
18948;201300021014;13;2;19;1158;1;1;2;1.0;3;281;RUE PAPIN DENIS;M;4505410.0;510100.0;260
18949;201300021015;13;2;19;1850;2;2;1;1.0;6;281;RUE BONNEVAUX;M;4504480.0;504540.0;260
18950;201300021016;13;3;13;1445;1;2;1;1.0;2;281;AVENUE DU MAQUIS;M;4504780.0;507250.0;260
18951;201300021017;13;3;18;1430;1;2;9;1.0;3;57;BD ALPES PROVENCE;;;;260
18952;201300021018;13;3;28;1730;1;2;1;2.0;2;281;DIRECTION TAIN RD 532;;;;260
18953;201300021020;13;4;5;930;1;2;3;2.0;1;281;RD 52 A;;;;260
18954;201300021021;13;4;13;1120;1;2;1;7.0;6;281;26281;M;4504550.0;505280.0;260
18955;201300021022;13;4;20;2230;5;2;1;2.0;1;281;BOULEVARD VOLTAIRE;M;4504510.0;505570.0;260
18956;201300021023;13;4;22;2340;5;2;1;1.0;6;281;RUE ABBAT SIMONE;M;4504840.0;504020.0;260
18957;201300021024;13;4;23;1708;1;2;1;1.0;3;281;26281;;;;260
18958;201300021025;13;5;31;1825;1;2;2;2.0;3;281;RUE GUILHAUME;M;4504770.0;505160.0;260
18959;201300021027;13;6;8;820;1;2;2;1.0;3;57;RUE VALLON ANTONIN;;;;260
18960;201300021028;13;6;16;1415;1;2;3;1.0;3;281;AVENUE MOULIN JEAN;M;4505810.0;504990.0;260
18961;201300021029;13;6;16;915;1;2;1;1.0;1;281;26281;M;4504460.0;505710.0;260
18962;201300021030;13;6;25;738;1;2;1;1.0;1;281;RN 92;M;4504950.0;507710.0;260
18963;201300021032;13;6;28;1735;1;2;1;1.0;6;281;AV FIGUET ADOLPHE;M;4504360.0;506160.0;260
18964;201300021033;13;6;30;1520;1;2;3;1.0;3;281;RUE DIDEROT;M;4505370.0;504640.0;260
18965;201300021034;13;7;2;1845;1;2;3;1.0;6;281;BD LAPASSAT ETIENNE JEAN;M;4504730.0;508380.0;260
18966;201300021035;13;7;3;730;1;2;1;2.0;6;57;RD 2532N;;;;260
18967;201300021036;13;7;3;1725;1;1;1;1.0;3;281;AV GAMBETTA  DIRECT TAIN;M;4504560.0;505750.0;260
18968;201300021037;13;7;4;1710;1;2;1;1.0;1;57;QUAI PALLETOURS;M;4504100.0;505140.0;260
18969;201300021038;13;7;9;1410;1;1;2;1.0;6;57;RD 538;;;;260
18970;201300021039;13;7;10;1225;1;2;2;1.0;3;281;AV DES ALLOBROGES;;;;260
18971;201300021041;13;7;11;1620;1;1;3;1.0;6;281;RD 123 DIREC CHATIL ST J;;;;260
18972;201300021042;13;7;16;1844;1;2;1;1.0;6;281;RUE MARTIN GERMAIN;M;4504710.0;505900.0;260
18973;201300021043;13;7;16;2020;1;2;2;1.0;6;281;RUE GUILHAUME;M;4504760.0;505050.0;260
18974;201300021044;13;7;18;1700;1;2;1;1.0;6;281;PLACE DU 75EME RI;M;;;260
18975;201300021045;13;7;20;1840;1;2;7;1.0;6;281;PLACE JAURES JEAN;M;4504540.0;505320.0;260
18976;201300021046;13;7;21;1045;1;2;1;1.0;6;281;BOULEVARD LIBERATION;M;4504730.0;504710.0;260
18977;201300021047;13;7;24;1800;1;2;1;1.0;3;281;26281;;;;260
18978;201300021048;13;7;29;1830;1;2;1;1.0;7;281;BOULEVARD DORMOY MARX;M;4504720.0;505500.0;260
18979;201300021049;13;8;1;1115;1;2;1;1.0;7;281;26281;M;4504560.0;504840.0;260
18980;201300021050;13;8;9;1600;1;2;2;1.0;1;281;26281;M;4504760.0;505480.0;260
18981;201300021051;13;8;13;1315;1;2;2;1.0;7;57;26057;;;;260
18982;201300021052;13;8;13;1720;1;1;1;1.0;3;281;CHEMIN MEILLEUX;M;4504630.0;503220.0;260
18983;201300021053;13;8;16;1225;1;2;2;1.0;3;281;26281;M;4504580.0;505060.0;260
18984;201300021054;13;8;18;1219;1;2;6;1.0;3;281;26281;M;4504530.0;506200.0;260
18985;201300021055;13;8;22;1828;1;2;2;1.0;3;281;26281;M;4504750.0;504970.0;260
18986;201300021056;13;8;26;1900;1;2;1;1.0;5;281;DEVIA ROMANS SUR ISERE;;;;260
18987;201300021057;13;9;3;1120;1;2;1;1.0;4;281;26281;M;4504780.0;507250.0;260
18988;201300021059;13;9;5;1250;1;1;1;1.0;2;281;26281;;;;260
18989;201300021060;13;9;8;30;5;2;1;2.0;6;281;26281;M;4504250.0;505750.0;260
18990;201300021061;13;9;11;1350;1;1;1;1.0;4;281;26281;;;;260
18991;201300021062;13;9;14;1350;1;2;1;1.0;3;281;26281;M;4504220.0;504990.0;260
18992;201300021063;13;9;24;817;1;2;6;1.0;6;281;26281;M;4504580.0;505540.0;260
18993;201300021064;13;9;24;2110;5;2;6;1.0;2;281;26281;M;4504710.0;507080.0;260
18994;201300021065;13;9;24;1910;2;2;1;1.0;6;281;26281;M;4504020.0;503430.0;260
18995;201300021066;13;9;28;1145;1;1;1;1.0;2;281;26281;;;;260
18996;201300021067;13;10;1;1650;1;2;1;1.0;7;281;26281;M;4504680.0;504690.0;260
18997;201300021068;13;10;2;1305;1;1;2;1.0;2;57;26057;;;;260
18998;201300021070;13;10;16;1845;1;2;1;1.0;7;281;26281;M;4504680.0;504890.0;260
18999;201300021071;13;10;17;1715;1;2;1;1.0;3;281;26281;;;;260
19000;201300021072;13;10;21;1955;5;2;1;1.0;1;281;26281;M;4504680.0;507310.0;260
19001;201300021073;13;10;22;1239;1;2;1;1.0;1;281;26281;M;4504120.0;508100.0;260
19002;201300021074;13;10;22;1650;1;2;2;1.0;3;281;RN 92;;;;260
19003;201300021075;13;10;24;1345;1;2;2;1.0;3;281;26281;M;4504590.0;505180.0;260
19004;201300021076;13;10;27;1945;5;2;3;1.0;3;281;26281;M;4504580.0;504990.0;260
19005;201300021077;13;10;29;1700;1;2;1;1.0;6;281;26281;M;4505110.0;506920.0;260
19006;201300021078;13;11;3;900;1;2;6;2.0;3;281;BOULEVARD ROURE REMY;M;4505020.0;504700.0;260
19007;201300021079;13;11;5;1820;4;2;3;2.0;3;281;RUE FOLLEREAU RAOUL;M;4505770.0;505790.0;260
19008;201300021080;13;11;6;1727;2;2;1;1.0;4;281;BD PIERRE MENDES FRANCE;;;;260
19009;201300021081;13;11;9;1600;1;1;6;1.0;7;281;BOULEVARD ROURE REMY;M;4505020.0;504670.0;260
19010;201300021082;13;11;16;1920;5;2;2;1.0;3;281;RUE  PALESTRO;M;4504650.0;505050.0;260
19011;201300021083;13;11;19;1709;2;1;1;2.0;6;281;BOULEVARD LIBERATION;M;4507300.0;504710.0;260
19012;201300021084;13;11;27;1150;1;1;1;1.0;3;281;BD LAPASSAT  ETIENNE JEA;;;;260
19013;201300021086;13;12;3;2143;5;2;1;1.0;6;57;RUE DU DOCTEUR EYNARD;M;4504070.0;505020.0;260
19014;201300021087;13;12;5;1655;2;2;3;1.0;6;57;VALLON ANTONIN;M;4504070.0;505200.0;260
19015;201300021088;13;12;9;1800;3;1;6;1.0;7;281;BD PIERRE MENDES FRANCE;;;;260
19016;201300021090;13;12;21;845;1;2;2;1.0;6;57;GRAND RUE JEAN JAURES;M;4503530.0;504630.0;260
19017;201300021091;13;12;24;1925;5;2;2;1.0;6;281;RUE JEANNE D'ARC;M;4504990.0;503990.0;260
19018;201300021092;13;12;29;1730;5;2;2;1.0;3;57;BD ALPES PROVENCE;;;;260
19019;201300021094;13;12;30;1222;1;2;2;1.0;3;57;177 GRAND RUE JEAN JAURE;M;4503530.0;504630.0;260
19020;201300021095;13;1;1;1600;1;2;1;1.0;7;362;122 AVENUE VICTOR HUGO;M;4492480.0;488810.0;260
19021;201300021096;13;1;5;2215;4;1;1;1.0;6;58;L.A.C.R.A RN7;;;;260
19022;201300021097;13;1;11;1710;2;2;1;1.0;6;362;07 BIS, RUE SEVIGNE;M;4492960.0;489450.0;260
19023;201300021098;13;1;23;1120;1;2;2;1.0;3;58;RUE DU PORT;M;4493780.0;489130.0;260
19024;201300021099;13;1;28;1700;2;2;2;1.0;3;58;RUE DU PORT;M;4493780.0;489130.0;260
19025;201300021100;13;1;28;1805;5;1;1;1.0;6;362;BOULEVARD ROOSEVELT;M;4491780.0;491310.0;260
19026;201300021102;13;2;7;700;3;2;3;2.0;6;362;RUE DE LA FORET;M;4491550.0;493120.0;260
19027;201300021103;13;2;6;2035;4;2;1;1.0;7;362;ROUTE DE MONTELIER;M;4493770.0;492380.0;260
19028;201300021104;13;2;15;1728;1;2;2;1.0;3;252;AVENUE DU PORT;;;;260
19029;201300021105;13;2;23;1456;1;2;1;1.0;7;362;BOULEVARD MAURICE CLERC;M;4490900.0;489470.0;260
19030;201300021108;13;3;8;1820;1;1;6;1.0;2;362;26362;;;;260
19031;201300021109;13;3;13;1645;1;2;1;1.0;6;362;ROUTE DE ROMANS;M;4494410.0;492050.0;260
19032;201300021110;13;3;15;1530;1;2;1;1.0;4;362;BOULEVARD MARECHAL JUIN;M;4491200.0;490780.0;260
19033;201300021111;13;3;19;1450;1;2;2;1.0;3;362;AVENUE DE PROVENCE;;;;260
19034;201300021112;13;3;23;1810;1;2;1;1.0;6;252;AVENUE SALVADOR ALLENDE;;;;260
19035;201300021114;13;3;28;1455;1;2;2;1.0;6;362;BOULEVARD ROOSEVELT;M;4491620.0;491130.0;260
19036;201300021115;13;4;8;1056;2;2;1;2.0;3;362;269 AVENUE DE ROMANS;M;4493710.0;491190.0;260
19037;201300021118;13;4;10;1815;1;1;1;1.0;5;4;RN 532;;;;260
19038;201300021119;13;4;12;1255;1;2;1;1.0;3;362;AV DOCTEUR PAUL SANTY;M;4491480.0;490790.0;260
19039;201300021120;13;4;13;1554;1;1;1;1.0;6;58;L.A.C.R.A RN7 BLV;;;;260
19040;201300021121;13;4;14;1255;1;2;1;1.0;1;58;AVENUE DE LA RESISTANCE;;;;260
19041;201300021122;13;4;13;1606;1;2;1;1.0;2;362;78 AVENUE DE ROMANS;M;4493400.0;490490.0;260
19042;201300021124;13;4;12;1705;1;2;1;1.0;6;362;26362;M;4492650.0;489210.0;260
19043;201300021125;13;4;11;845;1;2;1;1.0;2;362;AVENUE DE VERDUN;M;4493930.0;490450.0;260
19044;201300021126;13;4;19;900;1;2;2;2.0;3;362;RUE DU PONT DU GAT;M;4492860.0;489500.0;260
19045;201300021127;13;4;25;1750;1;2;1;1.0;3;58;CHEMIN DU VALENTIN;M;4494660.0;489470.0;260
19046;201300021129;13;4;29;1530;1;2;2;1.0;6;362;RUE DES  ALPES;M;4492720.0;489980.0;260
19047;201300021130;13;5;3;850;1;2;1;1.0;6;362;248 AVENUE VICTOR HUGO;M;4491850.0;488550.0;260
19048;201300021132;13;5;20;1450;1;1;6;1.0;3;362;ROUTE DE  MONTELEGER;;;;260
19049;201300021134;13;6;1;1400;1;2;1;1.0;3;252;RUE MACE JEAN;M;4486810.0;486810.0;260
19050;201300021135;13;6;5;1815;1;2;1;1.0;3;362;AVENUE GAMBETTA;M;4493100.0;488600.0;260
19051;201300021136;13;6;5;730;1;2;6;1.0;3;362;AVENUE DE ROMANS;M;4493250.0;489860.0;260
19052;201300021137;13;6;5;800;1;2;2;1.0;3;362;RUE GAUMONT LEON;M;4492740.0;492270.0;260
19053;201300021138;13;6;7;1805;1;1;1;1.0;2;58;L.A.C.R.A RN7 BLV;;;;260
19054;201300021140;13;6;15;755;1;2;2;1.0;3;362;RUE FABRE JEAN HENRI;M;4492040.0;490020.0;260
19055;201300021141;13;6;25;1600;1;2;6;1.0;6;362;BD KENNEDY JOHN FITZGERA;M;4493970.0;491590.0;260
19056;201300021142;13;6;19;2240;5;2;6;1.0;3;362;ROND POINT RHIN DANUBE;M;4492440.0;490340.0;260
19057;201300021143;13;6;28;1140;1;2;1;1.0;3;362;RUE CLEMENT ADER;M;4493860.0;492180.0;260
19058;201300021144;13;7;2;1000;1;1;1;1.0;2;58;L.A.C.R.A RN7 BLV;;;;260
19059;201300021145;13;7;9;1430;1;2;1;1.0;2;362;AVENUE DE PROVENCE;M;4492910.0;488290.0;260
19060;201300021146;13;7;10;1855;1;1;1;1.0;3;252;RN7 DEV PORTES LES VALEN;;;;260
19061;201300021148;13;7;15;1035;1;2;2;1.0;3;362;RUE CHRISTOPHE COLOMB;M;4492460.0;489550.0;260
19062;201300021149;13;7;12;2340;3;1;1;1.0;7;362;L.A.C.R.A. RN532;;;;260
19063;201300021150;13;7;16;1605;1;2;2;1.0;3;362;RUE EIFFEL GUSTAVE;M;4492330.0;492420.0;260
19064;201300021151;13;7;20;1116;1;1;1;1.0;2;58;L.A.C.R.A RN7 BLV;;;;260
19065;201300021152;13;7;25;1330;1;2;1;1.0;3;362;ROUTE DE ROMANS;M;4494200.0;491770.0;260
19066;201300021153;13;7;27;2320;5;2;1;1.0;6;362;AVENUE CARNOT  SADI;M;4493290.0;489600.0;260
19067;201300021154;13;7;30;2310;3;1;1;1.0;1;58;26058;;;;260
19068;201300021155;13;7;26;1950;1;2;1;1.0;3;362;AVENUE DE CHABEUIL;M;4492710.0;491550.0;260
19069;201300021156;13;8;5;1120;1;1;2;1.0;3;252;26252;;;;260
19070;201300021157;13;8;6;1645;1;2;1;1.0;3;362;26362;M;4492540.0;489690.0;260
19071;201300021158;13;8;18;1300;1;2;1;1.0;1;362;26362;M;4491940.0;490780.0;260
19072;201300021159;13;8;22;1255;1;2;3;1.0;3;362;26362;M;4492120.0;490830.0;260
19073;201300021160;13;8;26;1920;1;2;1;1.0;6;362;26362;M;4493230.0;489540.0;260
19074;201300021161;13;8;1;1555;1;1;1;1.0;4;252;DEVIATION;;;;260
19075;201300021162;13;8;29;2050;3;1;1;1.0;7;252;ROUTE BEAUVALLON;;;;260
19076;201300021163;13;9;4;945;1;2;1;1.0;3;58;26058;M;4494920.0;489820.0;260
19077;201300021164;13;9;4;1350;1;2;3;1.0;3;362;26362;M;4492760.0;492760.0;260
19078;201300021165;13;9;6;1020;1;2;1;1.0;6;362;26362;M;4494510.0;492230.0;260
19079;201300021168;13;9;12;740;1;2;1;1.0;6;362;26362;M;4493420.0;490550.0;260
19080;201300021169;13;9;16;1900;1;2;1;1.0;6;362;26362;M;4493250.0;492110.0;260
19081;201300021170;13;9;17;1850;1;2;1;1.0;2;362;26362;M;4492701.0;490090.0;260
19082;201300021171;13;9;19;1855;1;1;3;1.0;3;362;26362;;;;260
19083;201300021172;13;9;22;1905;1;2;1;1.0;6;362;26362;M;4493210.0;489550.0;260
19084;201300021173;13;9;26;2125;5;2;2;1.0;3;362;26362;M;4493010.0;489750.0;260
19085;201300021174;13;9;30;735;5;2;6;1.0;3;58;26058;;;;260
19086;201300021175;13;10;1;1441;1;2;1;1.0;6;362;BOULEVARD ROOSEVELT;M;4491680.0;491210.0;260
19087;201300021176;13;10;3;700;5;1;2;1.0;3;58;ROUTE DE PONT D ISERE;;;;260
19088;201300021177;13;10;4;2230;3;2;1;3.0;6;362;ROUTE DE  BEAUVALLON;;;;260
19089;201300021178;13;10;5;1325;1;2;1;2.0;1;362;10 RUE JEAN VILAR;M;4494483.0;490769.0;260
19090;201300021179;13;10;5;1720;1;2;1;1.0;4;362;138 AVENUE DE  PROVENCE;;;;260
19091;201300021180;13;10;11;2100;5;2;1;2.0;2;58;AVENUE DE LA RESISTANCE;;;;260
19092;201300021181;13;10;8;750;1;2;1;1.0;6;362;162 AVENUE DE  PROVENCE;M;4491973.0;487801.0;260
19093;201300021183;13;10;21;1717;1;2;1;1.0;6;362;19 RUE DE  CHATEAUVERT;M;4492675.0;489709.0;260
19094;201300021184;13;10;17;2010;3;1;1;1.0;6;58;RTE DE LA ROCHE DE GLUN;;;;260
19095;201300021185;13;10;18;905;1;1;3;1.0;3;362;ROUTE DE FAUCONNIERES;M;4494630.0;495810.0;260
19096;201300021187;13;10;31;1950;3;2;1;1.0;1;58;RD 2007 N;;;;260
19097;201300021188;13;11;2;2330;3;1;1;2.0;7;362;L.A.C.R.A. RN7;;;;260
19098;201300021189;13;11;4;834;1;2;1;2.0;6;58;85 RUE JEAN BART;M;4495090.0;488770.0;260
19099;201300021191;13;11;19;1642;2;2;1;2.0;6;362;85 AVENUE DES BAUMES;M;4491628.0;489070.0;260
19100;201300021192;13;11;26;1110;1;2;1;1.0;6;362;ROUTE DE ROMANS;M;4494210.0;491790.0;260
19101;201300021193;13;12;3;1335;1;2;1;1.0;6;58;RUE FERRY JULES;M;4495010.0;490370.0;260
19102;201300021194;13;12;5;1625;1;1;1;1.0;1;362;244 CHEMIN PAILLASSIER;M;4489470.0;490570.0;260
19103;201300021195;13;12;9;650;5;2;6;1.0;6;362;AVENUE DE ROMANS;M;4493250.0;489860.0;260
19104;201300021196;13;12;20;945;1;1;1;1.0;2;58;LACRA RN7;;;;260
19105;201300021197;13;12;20;950;1;1;1;1.0;6;362;ROUTE DE ROMANS;M;4495210.0;492980.0;260
19106;201300021198;13;2;15;1630;1;2;1;1.0;6;27;CD 17;M;0.0;0.0;840
19107;201300021199;13;2;23;2300;3;1;1;1.0;6;27;;M;4410900.0;473100.0;840
19108;201300021200;13;4;21;2030;2;1;1;1.0;6;39;;M;4409300.0;487500.0;840
19109;201300021201;13;8;7;800;3;1;1;1.0;2;39;;M;0.0;0.0;840
19110;201300021202;13;8;22;1930;1;1;1;1.0;7;27;;M;4411900.0;476900.0;840
19111;201300021203;13;12;24;1845;3;1;1;2.0;1;56;;M;0.0;0.0;840
19112;201300021204;13;7;15;1645;1;1;1;1.0;6;33;;M;0.0;0.0;60
19113;201300021205;13;9;13;1730;1;1;1;1.0;6;239;;M;0.0;0.0;380
19114;201300021206;13;9;26;2045;3;1;1;1.0;5;30;;M;4535320.0;545420.0;380
19115;201300021207;13;10;12;45;3;1;1;1.0;1;383;;M;4537110.0;564231.0;380
19116;201300021208;13;10;28;2215;3;1;1;2.0;6;30;;M;0.0;0.0;380
19117;201300021209;13;2;3;730;2;1;4;1.0;6;105;D1075/D82;M;4542830.0;556371.0;380
19118;201300021210;13;3;8;1700;1;1;1;5.0;5;84;;M;0.0;0.0;380
19119;201300021212;13;5;4;1745;1;2;2;1.0;3;239;rue eldo erianni?;M;0.0;0.0;380
19120;201300021213;13;5;27;2000;1;2;1;1.0;6;383;164 ROUTE DE VOIRON;M;4537670.0;564529.0;380
19121;201300021214;13;6;6;1000;1;1;1;1.0;6;133;;M;0.0;0.0;380
19122;201300021215;13;7;7;715;1;1;1;1.0;2;432;;M;0.0;0.0;380
19123;201300021216;13;9;12;330;4;1;1;1.0;6;239;;M;0.0;0.0;380
19124;201300021217;13;9;13;1315;1;1;6;1.0;6;194;RD PT DE L'EUROPE;M;4536510.0;542028.0;380
19125;201300021218;13;9;15;1200;1;1;1;2.0;7;332;;M;0.0;0.0;380
19126;201300021219;13;10;15;1500;3;1;1;9.0;6;239;;M;0.0;0.0;380
19127;201300021221;13;10;30;1930;3;1;1;1.0;1;239;;M;0.0;0.0;380
19128;201300021222;13;11;14;1800;3;1;1;3.0;5;30;;M;0.0;0.0;380
19129;201300021223;13;11;27;630;2;1;4;1.0;1;337;;M;4534660.0;549437.0;380
19130;201300021224;13;7;21;2315;5;2;2;1.0;5;283;Rue Jean JAURES;M;0.0;0.0;690
19131;201300021225;13;9;28;715;5;1;1;1.0;1;283;;M;0.0;0.0;690
19132;201300021226;13;11;10;1715;2;1;1;2.0;6;283;;M;4564100.0;495600.0;690
19133;201300021227;13;11;28;1715;5;2;1;1.0;6;283;rue du 23 Aout 1944;M;0.0;0.0;690
19134;201300021228;13;3;16;1800;1;1;2;2.0;3;203;;M;5084622.0;190324.0;620
19135;201300021229;13;10;18;815;1;2;1;5.0;3;397;14, Bd Blanchard;M;0.0;0.0;620
19136;201300021230;13;12;11;1530;1;1;1;2.0;3;506;;M;0.0;0.0;620
19137;201300021231;13;1;19;215;3;1;1;4.0;6;47;;M;4765190.0;137480.0;410
19138;201300021233;13;3;29;1800;1;1;1;1.0;2;252;;M;4771270.0;147042.0;410