;Num_Acc;an;mois;jour;hrmn;lum;agg;int;atm;col;com;adr;gps;lat;long;dep
19139;201300021234;13;4;21;545;3;1;1;1.0;3;206;;M;4764250.0;136333.0;410
19140;201300021235;13;4;29;1400;1;1;1;1.0;6;101;;M;4761120.0;113940.0;410
19141;201300021237;13;6;28;915;1;1;9;2.0;5;223;;M;4761680.0;118798.0;410
19142;201300021239;13;7;8;615;1;1;1;7.0;2;136;;M;4771970.0;148743.0;410
19143;201300021240;13;7;11;130;3;1;1;1.0;7;114;;;;;410
19144;201300021241;13;7;22;745;1;1;1;1.0;4;288;;M;4765470.0;137820.0;410
19145;201300021242;13;7;24;1315;1;1;1;1.0;6;252;;M;4771270.0;147042.0;410
19146;201300021243;13;9;16;1515;1;1;1;2.0;6;252;;M;4767830.0;140440.0;410
19147;201300021244;13;9;13;1300;1;1;1;1.0;6;234;;M;4759070.0;108761.0;410
19148;201300021245;13;9;29;1745;1;1;1;8.0;2;206;;M;4764290.0;136378.0;410
19149;201300021246;13;10;10;515;2;1;1;2.0;5;223;;M;4761690.0;118530.0;410
19150;201300021247;13;10;15;1145;1;1;1;2.0;2;136;;M;4773020.0;150495.0;410
19151;201300021248;13;10;18;2345;3;1;1;1.0;2;101;;M;4761700.0;117992.0;410
19152;201300021249;13;11;28;345;3;1;1;1.0;7;230;;M;4761890.0;125192.0;410
19153;201300021250;13;1;17;2350;5;1;1;1.0;6;229;0, FOCH (AVENUE DU MAREC;M;4902400.0;111600.0;270
19154;201300021252;13;2;9;2000;5;2;1;1.0;2;229;75, BRIAND (AVENUE ARIST;M;4901000.0;107400.0;270
19155;201300021255;13;3;2;2130;5;2;1;1.0;2;229;40, JOSEPHINE (RUE);M;4901200.0;108300.0;270
19156;201300021256;13;4;16;1650;1;2;1;1.0;3;229;19, JACQUARD (RUE);M;4900600.0;108200.0;270
19157;201300021257;13;4;29;1330;1;2;2;1.0;3;229;0, DUGUESCLIN (RUE);M;4901000.0;110100.0;270
19158;201300021258;13;5;3;1900;1;2;1;1.0;6;229;114, SAINT GERMAIN (RUE);M;;;270
19159;201300021259;13;5;16;1100;1;2;1;1.0;2;229;SEMARD (RUE PIERRE);M;4900500.0;110400.0;270
19160;201300021260;13;5;25;1405;1;2;1;2.0;2;229;21, VERNON (RUE DE);M;4901500.0;109300.0;270
19161;201300021261;13;5;27;1320;1;2;2;1.0;3;229;1, ROUX (RUE DU DOCTEUR);M;4901200.0;108200.0;270
19162;201300021262;13;6;7;1705;1;2;5;1.0;3;229;0, RENAISSANCE (RUE DE L;M;4901000.0;109000.0;270
19163;201300021263;13;6;30;145;5;2;1;1.0;6;229;61, ISAMBARD (RUE);M;4901400.0;109000.0;270
19164;201300021264;13;7;22;1615;1;2;1;1.0;7;229;13, LA BRUYERE (RUE JEAN;M;4900100.0;109200.0;270
19165;201300021265;13;9;1;615;2;2;1;1.0;7;229;0, BRIAND (AVENUE ARISTI;;;;270
19166;201300021266;13;9;2;1124;1;2;1;1.0;3;229;13, JACQUARD (RUE);;;;270
19167;201300021267;13;9;5;1810;1;2;1;1.0;6;229;33, MOULIN (RUE JEAN);;;;270
19168;201300021268;13;9;13;2020;2;2;2;2.0;3;229;ROCHETTE (RUE DE LA);;;;270
19169;201300021269;13;9;20;2035;2;2;1;1.0;3;229;35, JAURES (RUE JEAN);;;;270
19170;201300021270;13;9;20;2000;5;2;1;1.0;6;229;35, JAURES (RUE JEAN);;;;270
19171;201300021273;13;10;5;2030;5;2;1;1.0;3;229;BART (RUE JEAN);;;;270
19172;201300021274;13;10;18;1950;5;2;1;1.0;7;229;7, CHAPELLE (RUE DE LA);;;;270
19173;201300021275;13;10;19;2225;5;2;1;1.0;3;229;0, GAMBETTA (BOULEVARD);;;;270
19174;201300021276;13;10;30;1830;5;2;2;1.0;3;229;VERNON (RUE DE);;;;270
19175;201300021277;13;11;2;920;1;2;2;1.0;3;229;NORMANDIE (BOULEVARD DE);;;;270
19176;201300021278;13;11;12;615;2;2;2;1.0;3;229;1, SAINT LOUIS (RUE);;;;270
19177;201300021280;13;11;27;1110;1;2;1;1.0;6;229;3, SEPTIEME CHASSEUR (RU;;;;270
19178;201300021281;13;12;6;1805;2;2;1;1.0;6;229;0, BROSSOLETTE (RUE PIER;;;;270
19179;201300021282;13;12;12;1145;1;2;1;1.0;6;229;ROCHETTE (RUE DE LA);;;;270
19180;201300021283;13;12;20;1130;1;2;1;1.0;6;229;0, CITES UNIES (BOULEVAR;;;;270
19181;201300021284;13;12;22;1745;5;2;1;1.0;3;229;SAINT ANDRE (ROUTE DE);;;;270
19182;201300021285;13;6;5;1630;1;1;1;1.0;6;353;;M;4812700.0;-177700.0;350
19183;201300021286;13;7;20;1115;1;1;1;1.0;6;353;;M;4812912.0;-175194.0;350
19184;201300021287;13;11;7;1400;1;2;1;2.0;3;353;route de lorient;M;4810486.0;-173633.0;350
19185;201300021288;13;2;8;855;1;2;1;2.0;6;351;DELAMARE (RUE ABBE);M;4914000.0;110500.0;270
19186;201300021290;13;4;24;1130;1;2;1;1.0;6;701;FALAISES (ROUTE DES) NAT;M;4916100.0;112500.0;270
19187;201300021291;13;5;9;1235;1;1;3;1.0;6;365;RD77;M;4917200.0;111150.0;270
19188;201300021293;13;6;30;1930;1;2;1;1.0;1;701;CLOUETS ( VOIE );;;;270
19189;201300021294;13;7;10;1055;1;2;1;1.0;2;375;MENDES FRANCE (RUE PIERR;M;4912400.0;110000.0;270
19190;201300021295;13;7;10;930;1;2;1;1.0;6;375;0, FOCH (RUE DU ML);M;4912400.0;110100.0;270
19191;201300021296;13;7;12;1305;1;2;1;1.0;6;701;34, DECOUVERTE (VOIE DE;M;4916000.0;113000.0;270
19192;201300021297;13;7;19;1950;1;2;1;1.0;6;375;VACHERIE (ROUTE DE LA);M;4912300.0;107500.0;270
19193;201300021298;13;7;24;1415;1;2;1;1.0;3;375;0, CROSNE (BOULEVARD DE);M;4912500.0;110100.0;270
19194;201300021299;13;8;6;1745;1;2;2;1.0;5;701;BLANCHE (CH. DE LA VOIE);;;;270
19195;201300021300;13;11;5;1124;1;1;1;8.0;7;701;0, RD6015;;;;270
19196;201300021301;13;11;16;1;5;1;6;1.0;7;375;CANAL(ROND POINT DU);;;;270
19197;201300021302;13;11;16;1535;1;2;3;1.0;1;701;LOUVIERS (ROUTE DE) BLAN;;;;270
19198;201300021303;13;11;22;1535;1;1;1;8.0;7;375;RD133;;;;270
19199;201300021305;13;4;15;1015;1;1;1;1.0;6;681;FORMIGNY N13;M;4932700.0;-88105.0;140
19200;201300021307;13;7;3;1015;1;1;1;1.0;2;525;;M;4922400.0;-54200.0;140
19201;201300021308;13;7;25;630;1;1;1;1.0;2;568;;M;4923400.0;-57000.0;140
19202;201300021309;13;8;17;945;1;1;1;1.0;2;186;;M;4924000.0;-58500.0;140
19203;201300021310;13;10;2;2145;5;1;1;1.0;3;568;;M;0.0;0.0;140
19204;201300021311;13;11;4;1445;1;1;1;1.0;6;342;;M;0.0;0.0;140
19205;201300021312;13;11;22;915;1;1;1;4.0;7;681;;M;0.0;0.0;140
19206;201300021313;13;4;10;830;1;2;1;1.0;3;95;Avenue de Peygros;M;0.0;0.0;60
19207;201300021314;13;12;28;1145;1;2;1;3.0;6;140;643 avenue de Belletrud;M;0.0;0.0;60
19208;201300021315;13;1;17;1615;1;2;1;1.0;6;95;38 avenue de boutiny;M;0.0;0.0;60
19209;201300021317;13;7;19;1230;1;1;1;1.0;7;37;;M;0.0;0.0;60
19210;201300021318;13;8;11;1815;1;1;1;1.0;6;118;;M;0.0;0.0;60
19211;201300021319;13;8;13;1615;1;1;1;1.0;6;37;;M;0.0;0.0;60
19212;201300021320;13;2;20;1810;2;2;9;1.0;2;562;11, PRES (RUE DES);;;;270
19213;201300021321;13;3;5;805;2;2;1;1.0;6;681;DEVOS (BOULEVARD JULIEN);M;4905000.0;128400.0;270
19214;201300021322;13;6;24;1320;1;2;3;1.0;3;562;PICASSO (RUE PABLO);M;4905300.0;127200.0;270
19215;201300021323;13;6;26;1555;1;2;9;1.0;3;681;ILE DE FRANCE (AVENUE DE;M;4905000.0;129500.0;270
19216;201300021324;13;4;16;1610;1;2;1;1.0;7;681;CAPUCINS (AVENUE DES);M;4905400.0;128200.0;270
19217;201300021325;13;8;5;1630;1;2;3;1.0;3;554;ROUEN (AVENUE DE);;;;270
19218;201300021326;13;8;29;905;1;2;4;1.0;3;681;CHANTEREINE (PLACE);;;;270
19219;201300021327;13;8;29;1650;1;2;3;1.0;7;562;HERMAND (RUE GEORGES);;;;270
19220;201300021328;13;11;9;720;2;2;1;1.0;6;681;1, MENDES FRANCE (AVENUE;;;;270
19221;201300021329;13;12;27;1300;1;1;1;8.0;1;472;;M;4624201.0;-108606.0;170
19222;201300021330;13;8;2;515;3;1;1;1.0;3;407;;M;4619093.0;-102737.0;170
19223;201300021331;13;2;17;2015;3;1;1;1.0;3;618;;M;4743500.0;669500.0;250
19224;201300021332;13;6;9;500;2;1;1;2.0;6;614;;M;4752800.0;685700.0;250
19225;201300021333;13;6;12;1815;1;1;1;1.0;2;188;;M;0.0;0.0;250
19226;201300021334;13;8;8;700;1;1;1;2.0;5;230;;M;0.0;0.0;250
19227;201300021335;13;3;19;845;1;2;1;1.0;1;363;75 rue Gambetta;M;0.0;0.0;910
19228;201300021336;13;6;18;1830;1;1;1;1.0;3;665;N20;M;0.0;0.0;910
19229;201300021337;13;9;14;1430;1;1;1;2.0;6;666;D118;M;0.0;0.0;910
19230;201300021338;13;9;29;1900;2;2;1;2.0;2;363;91 rue Alfred dubois;M;0.0;0.0;910
19231;201300021339;13;10;5;100;5;2;1;1.0;6;363;rue Pasteur;M;0.0;0.0;910
19232;201300021340;13;12;2;715;5;1;9;9.0;5;458;;M;4866400.0;222800.0;910
19233;201300021341;13;12;12;2030;3;1;1;1.0;6;363;N104;M;0.0;0.0;910
19234;201300021342;13;2;24;2230;3;1;1;4.0;3;537;;M;4973836.0;161330.0;760
19235;201300021343;13;5;8;2200;3;1;1;3.0;6;244;;M;4971453.0;140922.0;760
19236;201300021345;13;6;2;1615;1;1;1;1.0;6;278;;M;4984054.0;153988.0;760
19237;201300021346;13;6;4;1;3;1;1;1.0;6;122;;M;4979758.0;150444.0;760
19238;201300021347;13;6;5;900;1;1;1;1.0;2;516;;M;4972001.0;142694.0;760
19239;201300021348;13;6;23;1230;1;1;1;2.0;7;424;;M;4976123.0;148353.0;760
19240;201300021349;13;9;9;1800;1;1;1;3.0;7;126;;M;4967730.0;133851.0;760
19241;201300021351;13;5;8;1015;1;1;1;3.0;6;120;;M;0.0;0.0;870
19242;201300021352;13;6;7;1815;1;1;1;1.0;6;203;;M;0.0;0.0;870
19243;201300021353;13;8;19;1100;1;1;1;1.0;2;19;;M;0.0;0.0;870
19244;201300021354;13;12;27;2030;3;1;1;8.0;5;19;;M;0.0;0.0;870
19245;201300021355;13;3;19;730;2;1;1;8.0;1;31;;M;4513300.0;149300.0;190
19246;201300021356;13;5;13;545;3;1;1;1.0;2;248;;M;0.0;0.0;190
19247;201300021357;13;7;8;1345;1;1;1;1.0;6;162;;M;4537000.0;157200.0;190
19248;201300021358;13;8;4;1330;1;1;1;1.0;2;31;;M;4512700.0;149900.0;190
19249;201300021359;13;12;6;715;2;1;1;1.0;5;248;;M;4547100.0;151600.0;190
19250;201300021360;13;6;1;800;1;1;1;1.0;7;462;;M;5052732.0;300798.0;590
19251;201300021361;13;9;18;545;5;2;1;3.0;1;266;79 rue nationale;M;5054199.0;298454.0;590
19252;201300021362;13;10;22;330;3;1;1;1.0;7;123;Rue Nationale;M;5051815.0;299063.0;590
19253;201300021363;13;11;30;1800;3;2;1;1.0;5;266;rue Nationale;M;5054252.0;299023.0;590
19254;201300021364;13;1;8;1905;5;2;2;2.0;3;85;sans, ABLIS (RUE D');M;4844689.0;149888.0;280
19255;201300021365;13;1;11;725;5;2;1;1.0;2;85;sans, MORARD (PLACE);M;4844517.0;149630.0;280
19256;201300021366;13;1;15;1430;1;2;3;1.0;3;85;2, CASANOVA (RUE DANIELE;M;4844610.0;148197.0;280
19257;201300021367;13;1;17;1402;1;1;1;1.0;7;110;sans, RN 123 (ROCADE);;;;280
19258;201300021368;13;1;18;1030;1;2;1;1.0;6;209;PAIX (AVENUE DE LA );;;;280
19259;201300021369;13;1;19;1714;2;2;2;1.0;3;110;sans, DOUIN Charles Isid;;;;280
19260;201300021370;13;1;25;1905;5;2;1;1.0;2;218;10, KENNEDY (RUE JOHN);M;4843345.0;146090.0;280
19261;201300021371;13;1;30;730;5;2;1;2.0;6;85;FOCH (BOULEVARD DU MAREC;;;;280
19262;201300021372;13;1;30;1745;5;2;1;1.0;3;218;148, REPUBLIQUE (RUE DE;M;4843894.0;145811.0;280
19263;201300021373;13;2;2;1610;1;2;1;1.0;5;85;121, BOURGNEUF (RUE DU);;;;280
19264;201300021374;13;2;4;1802;2;2;1;1.0;6;85;sans, VIOLETTE (BOULEVAR;M;4844554.0;148357.0;280
19265;201300021375;13;2;6;1315;1;2;3;1.0;6;85;sans, BETHOUARD (AVENUE);M;4845117.0;149215.0;280
19266;201300021376;13;2;5;812;2;1;1;1.0;5;85;SANS, PROPYLEES (ZAC DES;M;4845363.0;152912.0;280
19267;201300021377;13;2;8;2110;5;1;1;8.0;1;70;sans, VAUVENTRIERS (RUE;M;4846825.0;151577.0;280
19268;201300021378;13;2;14;1855;5;2;3;2.0;6;229;SANS, ACACIAS (AVENUE DE;M;4845166.0;146676.0;280
19269;201300021379;13;2;14;2055;5;2;1;1.0;7;229;SANS, COUBERTIN (RUE PIE;M;4844702.0;146914.0;280
19270;201300021380;13;2;17;1355;1;2;1;1.0;3;218;14, REPUBLIQUE (RUE DE L;M;4844054.0;147025.0;280
19271;201300021381;13;2;19;2300;5;2;6;1.0;6;85;SANS, SOURS (ROND POINT;;;;280
19272;201300021382;13;2;21;1047;1;2;1;1.0;3;110;42, DU GORD;;;;280
19273;201300021383;13;2;27;1255;1;2;1;1.0;3;209;sans, HAUTS DE FRESNAY (;M;4847440.0;146629.0;280
19274;201300021384;13;3;5;1240;1;2;2;1.0;3;218;SANS, LECLERC (RUE DU MA;;;;280
19275;201300021385;13;3;7;800;1;2;1;1.0;2;85;sans, NEIGRE (AVENUE);M;4844920.0;149941.0;280
19276;201300021386;13;3;8;800;1;2;1;2.0;2;85;SANS, NEIGRE (AVENUE);;;;280
19277;201300021387;13;3;9;900;1;2;1;1.0;3;110;SANS, DU GORD;M;4842560.0;148912.0;280
19278;201300021388;13;3;9;1900;2;2;1;1.0;3;220;46, MAUNOURY (MAURICE);M;4843236.0;147647.0;280
19279;201300021389;13;3;14;1220;1;2;1;1.0;2;229;0, R.D.905;M;4845403.0;145575.0;280
19280;201300021390;13;3;15;825;1;2;1;1.0;2;85;sans, ABLIS (RUE D');M;4844859.0;150146.0;280
19281;201300021391;13;3;19;1805;1;2;1;1.0;3;229;sans, PHILIPPE (AVENUE G;M;4844935.0;145188.0;280
19282;201300021392;13;3;22;240;5;2;1;1.0;3;85;SANS, HUGO (AVENUE VICTO;M;4844567.0;152453.0;280
19283;201300021393;13;3;22;1930;5;2;1;1.0;6;85;75, FAUBOURG SAINT JEAN;M;4845132.0;147800.0;280
19284;201300021394;13;3;25;1650;1;2;1;1.0;6;85;8/10, CHASLES (BOULEVARD;M;4844237.0;148811.0;280
19285;201300021395;13;3;25;1715;1;2;1;1.0;2;85;sans, ROULIERS (RUE DES);M;4844845.0;150256.0;280
19286;201300021396;13;3;26;2100;5;2;3;1.0;3;85;sans, ORLEANS (AVENUE D';;;;280
19287;201300021397;13;3;27;1220;1;2;1;1.0;2;85;sans, RD 939;;;;280
19288;201300021398;13;3;27;1453;1;2;1;1.0;3;220;sans, L'Orme de Sours (R;M;4841926.0;145800.0;280
19289;201300021399;13;4;1;520;5;2;1;1.0;6;85;sans, BOURGNEUF (RUE DU);;;;280
19290;201300021400;13;4;11;1700;1;2;3;1.0;2;85;104, BOURGNEUF (RUE DU);;;;280
19291;201300021401;13;4;15;1950;1;2;1;1.0;7;85;23, BOURGNEUF (RUE DU);;;;280
19292;201300021402;13;4;11;1210;1;2;1;1.0;3;85;SANS, SAINT MICHEL (RUE);M;4844344.0;148986.0;280
19293;201300021403;13;4;25;550;5;2;2;1.0;3;85;SANS, MAUNOURY (RUE DU D;M;4843959.0;148204.0;280
19294;201300021404;13;4;26;2106;2;2;1;1.0;5;85;51, FAUBOURG LA GRAPPE (;;;;280
19295;201300021405;13;4;29;1300;1;2;1;1.0;6;218;SANS, LANGLOIS (RUE RENE;M;4843723.0;146572.0;280
19296;201300021406;13;5;1;650;2;2;1;1.0;3;209;10, JOSAPHAT (RUE DE);;;;280
19297;201300021407;13;5;12;740;1;2;1;1.0;6;220;sans, Hochstadt (bouleva;;;;280
19298;201300021408;13;5;14;1430;1;2;1;1.0;6;85;sans, ETAMPES (RUE D');M;4844722.0;151383.0;280
19299;201300021409;13;5;14;1838;1;2;2;1.0;3;85;SANS, BOURGNEUF (RUE DU);;;;280
19300;201300021410;13;5;20;1727;1;1;1;2.0;7;218;sans, RN 123;;;;280
19301;201300021411;13;5;21;820;2;2;2;2.0;3;218;SANS, REPUBLIQUE (AVENUE;M;4844014.0;146654.0;280
19302;201300021412;13;5;21;1255;1;2;1;2.0;1;218;SANS, CORIOLAN (RUE DE);M;4843886.0;147143.0;280
19303;201300021413;13;5;21;1335;1;1;1;1.0;1;229;SANS, RN 1154;;;;280
19304;201300021414;13;5;23;1925;1;2;1;1.0;3;85;SANS, SAINT CHERON (RUE);M;4844661.0;151012.0;280
19305;201300021415;13;5;28;939;1;2;2;2.0;3;218;sans, TOURAINE;M;4843385.0;144352.0;280
19306;201300021416;13;5;31;1630;1;2;1;1.0;7;220;sans, MAUNOURY (MAURICE);M;4843096.0;147559.0;280
19307;201300021417;13;6;8;1925;1;2;1;3.0;6;85;sans, VIOLETTE (BOULEVAR;M;4844556.0;148351.0;280
19308;201300021418;13;6;6;1738;1;1;1;1.0;2;229;sans, D939;;;;280
19309;201300021420;13;6;12;1320;1;1;6;2.0;3;85;SANS, SOURS (ROND POINT;;;;280
19310;201300021421;13;6;18;740;1;2;3;1.0;6;218;3, BRUXELLES (RUE DE);M;4843855.0;144994.0;280
19311;201300021422;13;6;19;1305;1;2;1;1.0;6;85;sans, ALLONNES (RUE D');;;;280
19312;201300021423;13;6;20;2224;5;2;1;1.0;6;85;42, COURTILLE (BOULEVARD;M;4844316.0;149565.0;280
19313;201300021424;13;6;21;1655;1;1;1;1.0;5;209;SANS, RN 1154;;;;280
19314;201300021425;13;6;22;1728;1;2;1;1.0;6;85;face 33, FAUBOURG LA GRA;;;;280
19315;201300021426;13;6;22;1800;1;2;1;1.0;2;110;2, VOVES (RUE DE);;;;280
19316;201300021427;13;6;26;1710;1;2;1;1.0;6;218;5, MAUNOURY (CITE JEAN);M;4843878.0;146108.0;280
19317;201300021428;13;6;30;1522;1;2;2;1.0;3;218;VARLET (RUE GEORGES);M;4843806.0;146202.0;280
19318;201300021429;13;7;3;1521;1;2;9;1.0;6;85;00, VIOLETTE (BOULEVARD;M;4844539.0;148354.0;280
19319;201300021430;13;7;3;1800;1;2;1;1.0;3;85;21, CHASLES (BOULEVARD);M;4844261.0;148661.0;280
19320;201300021431;13;7;6;1910;1;2;2;1.0;3;218;01, EUROPE (AVENUE DE L';;;;280
19321;201300021432;13;7;9;1420;1;2;1;1.0;6;85;00, VIOLETTE (BOULEVARD;M;4844574.0;148361.0;280
19322;201300021433;13;7;10;1850;1;2;1;1.0;2;85;26, MAUNOURY (RUE DU DOC;M;4844227.0;148306.0;280
19323;201300021434;13;7;11;1016;1;2;2;1.0;3;229;, PHILIPPE (AVENUE GERAR;M;4844904.0;145187.0;280
19324;201300021435;13;7;11;1219;1;2;2;1.0;3;220;sans, MARCEAU (RUE);M;4842512.0;148014.0;280
19325;201300021436;13;7;13;1915;1;2;1;1.0;6;85;39, RESERVOIRS (RUE - IM;M;4843482.0;149134.0;280
19326;201300021438;13;7;18;1015;1;2;2;1.0;6;85;sans, SABLONS (AVENUE DE;M;4844753.0;151540.0;280
19327;201300021440;13;7;20;1700;1;2;1;1.0;2;220;sans, LECLERC (RUE DU MA;M;4842474.0;145511.0;280
19328;201300021441;13;7;23;1734;1;2;1;1.0;6;229;PHILIPE (AVENUE GERARD);M;4844869.0;145173.0;280
19329;201300021442;13;7;25;1745;1;2;1;1.0;3;220;6, MAUNOURY (MAURICE);M;4843567.0;147906.0;280
19330;201300021443;13;7;29;1530;1;2;3;1.0;3;110;;;;;280
19331;201300021444;13;7;31;1640;1;2;1;1.0;6;220;31, LIBERTE (RUE DE LA);M;4842759.0;146705.0;280
19332;201300021445;13;8;5;720;1;2;2;1.0;3;220;SANS, LIBERTE (RUE DE LA;M;4842760.0;146811.0;280
19333;201300021446;13;8;8;1045;1;2;1;1.0;3;220;113, MAUNOURY (MAURICE);M;4842951.0;147441.0;280
19334;201300021447;13;8;10;1010;1;2;1;1.0;6;229;HUGO (AVENUE VICTOR);M;4844887.0;146412.0;280
19335;201300021448;13;8;14;1220;1;1;1;1.0;6;70;SAINT PREST (RUE DE);M;4847703.0;151704.0;280
19336;201300021450;13;8;15;2230;5;2;1;1.0;3;85;54, JAURES (BOULEVARD JE;;;;280
19337;201300021451;13;8;16;1122;1;2;1;1.0;1;85;2, VIOLETTE (BOULEVARD M;M;4844524.0;148344.0;280
19338;201300021452;13;8;17;1103;1;2;2;1.0;3;85;77, SAINT BRICE (RUE);;;;280
19339;201300021453;13;8;23;900;1;2;2;1.0;1;85;NICOLE (RUE);M;4844668.0;147990.0;280
19340;201300021454;13;8;27;805;1;1;1;1.0;1;229;RN 1154;;;;280
19341;201300021455;13;8;27;1500;1;2;1;8.0;6;85;1, VIOLETTE (BOULEVARD M;M;4844533.0;148355.0;280
19342;201300021457;13;9;9;758;1;2;1;1.0;2;85;77, SAINT CHERON (RUE);M;4844644.0;150856.0;280
19343;201300021458;13;9;10;1108;1;2;1;1.0;6;218;2, CORIOLAN (RUE DE);M;4843963.0;147112.0;280
19344;201300021459;13;9;10;1550;1;2;1;1.0;6;85;15, MAUNOURY (RUE DU DOC;M;4844285.0;148325.0;280
19345;201300021460;13;9;4;930;1;2;1;1.0;7;85;1, SEMARD (PLACE PIERRE);M;4844792.0;148196.0;280
19346;201300021461;13;9;11;1235;1;2;1;1.0;3;85;PATTON (RUE DU GENERAL);M;4844141.0;147424.0;280
19347;201300021462;13;9;12;1020;1;2;1;2.0;1;70;SAINT PREST (RUE DE);;;;280
19348;201300021463;13;9;12;2030;5;1;3;2.0;5;110;VOVES (RUE DE);;;;280
19349;201300021464;13;9;14;1350;1;2;1;2.0;7;85;22, FOCH (BOULEVARD DU M;M;4844856.0;149268.0;280
19350;201300021465;13;9;16;700;2;1;1;2.0;6;209;CHACATIERE (RUE DE LA);M;4847038.0;147893.0;280
19351;201300021467;13;9;17;1742;1;1;6;1.0;3;85;0, RN 10;M;4845381.0;153100.0;280
19352;201300021468;13;9;17;2220;5;1;6;3.0;3;85;SOURS (ROND POINT ROUTE;;;;280
19353;201300021469;13;9;11;350;3;1;1;1.0;7;209;RN 1154;;;;280
19354;201300021470;13;9;2;1915;2;2;1;1.0;3;70;LOUIS BLERIOT (RUE);M;4846164.0;150746.0;280
19355;201300021471;13;9;28;1005;1;2;3;1.0;3;85;122, SAINT BRICE (RUE);;;;280
19356;201300021472;13;9;26;755;1;2;6;1.0;6;229;CHASLES (RUE PHILARETE);M;4844744.0;147641.0;280
19357;201300021473;13;9;29;1627;1;2;4;1.0;7;85;BEAUREPAIRE (AVENUE);M;4845920.0;148970.0;280
19358;201300021474;13;10;2;912;1;2;1;1.0;7;85;MAUNOURY (RUE DU DOCTEUR;M;4844167.0;148290.0;280
19359;201300021475;13;10;3;745;1;2;1;1.0;6;209;45, PAIX (AVENUE DE LA );;;;280
19360;201300021476;13;9;27;1945;1;1;1;1.0;6;85;LAENNEC (AVENUE DU DOCTE;;;;280
19361;201300021477;13;10;5;2345;5;1;1;1.0;7;110;RN 123 (ROCADE);;;;280
19362;201300021478;13;10;3;2036;3;1;2;3.0;2;110;VOVES (Rue de);;;;280
19363;201300021481;13;10;11;745;2;2;9;1.0;6;218;32, FOREAU (RUE FRANCOIS;M;4843636.0;145767.0;280
19364;201300021482;13;10;12;640;5;1;1;1.0;6;85;MERMOZ (RUE JEAN);;;;280
19365;201300021483;13;10;13;400;5;2;1;1.0;7;85;95, GRAND FAUBOURG (RUE;M;4844230.0;147796.0;280
19366;201300021484;13;10;13;1800;1;2;3;1.0;6;85;2-4, LISSES (RUE DES);M;4844835.0;148693.0;280
19367;201300021485;13;10;15;1255;1;1;3;2.0;3;209;RD 906;;;;280
19368;201300021486;13;10;18;1800;1;2;3;1.0;2;85;87, BOURGNEUF (RUE DU);M;4846062.0;148304.0;280
19369;201300021487;13;10;18;2135;4;2;1;1.0;7;85;POILLOT (RUE EDMOND);M;4843278.0;151064.0;280
19370;201300021488;13;10;19;1642;1;1;9;1.0;3;110;RN 123 (ROCADE);;;;280
19371;201300021489;13;10;21;855;1;2;3;1.0;3;85;2, CHEVARD (RUE VINCENT);M;4843417.0;150633.0;280
19372;201300021490;13;10;26;1515;1;2;1;1.0;2;85;44, MERMOZ (RUE JEAN);M;4844980.0;150634.0;280
19373;201300021491;13;10;30;1720;1;2;2;1.0;3;220;, AVENUE DE LA REPUBLIQU;M;4842885.0;147391.0;280
19374;201300021492;13;10;31;948;1;2;1;1.0;4;220;ROUTE NATIONALE 123;;;;280
19375;201300021494;13;11;3;1410;1;2;2;1.0;3;85;10, JEAN BAPTISTE DE LA;M;4846271.0;149104.0;280
19376;201300021495;13;11;4;1145;1;2;1;1.0;6;85;0, DROUAISE (PLACE);;;;280
19377;201300021497;13;11;6;645;3;1;1;2.0;6;85;LAENNEC (AVENUE DU DOCTE;;;;280
19378;201300021498;13;11;6;1715;1;2;6;1.0;7;218;LIBERATION (CARREFOUR DE;;;;280
19379;201300021499;13;11;6;1225;1;2;1;1.0;6;85;29, SAINT PIERRE (RUE);M;4844441.0;149204.0;280
19380;201300021500;13;11;7;1855;3;1;3;3.0;4;229;2, D939;;;;280
19381;201300021501;13;11;12;850;1;2;3;2.0;3;209;1, PAIX (AVENUE DE LA );;;;280
19382;201300021502;13;11;12;1800;3;1;6;2.0;2;229;RD 905;;;;280
19383;201300021503;13;11;13;911;1;2;1;1.0;6;218;KENNEDY (RUE JOHN);M;4842929.0;146634.0;280
19384;201300021504;13;11;14;1755;5;2;1;2.0;6;209;11, PAIX (AVENUE DE LA );;;;280
19385;201300021505;13;11;18;840;1;2;2;2.0;3;218;FOREAU (RUE FRANCOIS);M;4843586.0;146123.0;280
19386;201300021506;13;11;20;550;5;2;1;1.0;7;209;2, HOCHE ALLARD (rue);;;;280
19387;201300021507;13;11;23;1225;1;1;2;1.0;3;229;BERLIOZ (RUE HECTOR);M;4845578.0;146260.0;280
19388;201300021508;13;11;24;1610;1;2;1;1.0;3;218;TOURAINE;M;4843534.0;144697.0;280
19389;201300021509;13;11;29;1846;3;1;1;1.0;6;85;HUGO (AVENUE VICTOR);M;4844674.0;152793.0;280