;Num_Acc;an;mois;jour;hrmn;lum;agg;int;atm;col;com;adr;gps;lat;long;dep
19390;201300021511;13;12;2;735;3;2;3;1.0;7;85;RECHEVRES (CITE - RUE DE;;;;280
19391;201300021512;13;12;2;930;1;2;2;1.0;3;85;GRANDES PLANTES (RUE DES;M;4846078.0;149510.0;280
19392;201300021513;13;12;2;1720;5;2;1;1.0;6;218;KENNEDY (RUE JOHN);M;4843026.0;146489.0;280
19393;201300021514;13;12;3;1745;3;1;1;1.0;3;229;R.D.905;;;;280
19394;201300021515;13;11;14;1750;5;2;1;1.0;3;110;DU GORD;;;;280
19395;201300021516;13;12;6;1601;1;2;1;1.0;2;220;rue Jean BOUIN;M;4841908.0;147304.0;280
19396;201300021517;13;12;9;838;1;2;2;1.0;7;229;sans, PHILIPPE (AVENUE G;;;;280
19397;201300021518;13;12;9;1150;1;2;2;1.0;3;218;REPUBLIQUE (AVENUE DE LA;M;4844019.0;146659.0;280
19398;201300021519;13;12;9;1850;5;2;1;8.0;7;85;98, SOURS (RUE DE);;;;280
19399;201300021520;13;12;11;800;1;1;1;9.0;4;220;ROUTE NATIONALE 123;;;;280
19400;201300021521;13;12;13;945;1;2;1;9.0;7;218;TAYE (RUE DE LA);M;4842804.0;144614.0;280
19401;201300021522;13;12;14;1750;1;2;3;1.0;7;85;DUGUE (RUE FERDINAND);M;4844278.0;147537.0;280
19402;201300021523;13;12;15;1155;1;2;2;1.0;6;218;14 bis, MATTEI (RUE FRAN;M;4844058.0;146596.0;280
19403;201300021524;13;12;15;1300;1;2;1;1.0;2;70;1, VIGNES (RUE DES);M;4846896.0;150267.0;280
19404;201300021525;13;12;15;1615;1;2;3;1.0;1;85;PEGUY (BOULEVARD CHARLES;M;4845172.0;148649.0;280
19405;201300021527;13;12;16;755;2;2;1;1.0;7;85;LAUNAY (RUE DE);;;;280
19406;201300021528;13;12;17;950;1;2;1;7.0;4;218;KENNEDY (RUE JOHN);M;4842954.0;146598.0;280
19407;201300021529;13;12;17;1650;1;2;1;1.0;5;85;JAURES (BOULEVARD JEAN);;;;280
19408;201300021530;13;12;16;1650;2;1;1;1.0;2;209;1, CHACATIERE (RUE DE LA;;;;280
19409;201300021531;13;12;23;1630;1;2;1;1.0;7;85;2, BOURGNEUF (RUE DU);;;;280
19410;201300021532;13;12;31;720;3;1;1;2.0;7;229;1, RN 1154;;;;280
19411;201300021533;13;10;30;1430;1;2;6;2.0;2;176;Intersection RD9 / RD18;M;4604743.0;398495.0;420
19412;201300021534;13;10;14;1115;1;2;1;1.0;1;182;243 route de roanne;M;4603953.0;401091.0;420
19413;201300021535;13;1;4;1415;1;1;9;2.0;1;231;;M;4611661.0;397379.0;420
19414;201300021536;13;1;20;2230;3;1;1;1.0;1;220;;M;4611780.0;394868.0;420
19415;201300021538;13;3;8;800;1;1;1;8.0;6;220;;M;4611974.0;394388.0;420
19416;201300021539;13;3;14;1000;1;1;1;4.0;5;284;;M;4609197.0;400293.0;420
19417;201300021540;13;3;29;845;1;2;1;2.0;3;182;Lieu dit Le Taron;M;4605904.0;392822.0;420
19418;201300021541;13;4;11;1330;1;1;1;2.0;6;163;;M;4620903.0;389815.0;420
19419;201300021542;13;5;13;1530;1;1;1;1.0;2;284;;M;4608320.0;402548.0;420
19420;201300021543;13;6;18;1345;1;2;6;1.0;7;182;D8/D9;M;4605179.0;393537.0;420
19421;201300021544;13;6;25;1645;1;2;1;1.0;3;176;137 RUE DES MONTS DE LA;M;4603870.0;397978.0;420
19422;201300021545;13;7;10;1215;1;1;1;1.0;7;253;;M;4603592.0;399614.0;420
19423;201300021546;13;7;21;1000;1;2;1;1.0;6;182;61 RUE DU COMMERCE;M;4605183.0;392503.0;420
19424;201300021547;13;8;15;2145;3;1;1;1.0;6;78;;M;4616920.0;386531.0;420
19425;201300021549;13;11;28;1000;1;2;1;1.0;6;198;28 rue des marronniers;M;4600884.0;393517.0;420
19426;201300021550;13;1;15;740;5;2;3;8.0;6;134;SAINT THIBAULT (RUE);;;;280
19427;201300021551;13;2;2;1830;5;1;1;1.0;2;134;RN 12 (CARREFOUR DELISLE;M;4874604.0;136504.0;280
19428;201300021552;13;2;18;1415;1;2;1;1.0;3;404;ROCADE OUEST;;;;280
19429;201300021553;13;2;18;1810;1;2;1;1.0;3;404;CHARTRES (AVE DE);;;;280
19430;201300021554;13;3;25;1850;1;2;2;1.0;3;404;BREZOLLES (ROUTE DE);;;;280
19431;201300021555;13;3;26;1640;1;2;1;1.0;6;404;EPINAY (RUE DE);M;4872507.0;133123.0;280
19432;201300021556;13;4;1;1130;1;1;1;1.0;2;134;RN 12 (CARREFOUR DELISLE;;;;280
19433;201300021557;13;4;11;840;1;1;1;1.0;5;134;ROCADE EST;;;;280
19434;201300021558;13;4;14;1840;1;2;1;1.0;6;134;DE LATTRE DE TASSIGNY (A;M;4873881.0;138742.0;280
19435;201300021560;13;5;10;135;3;1;1;2.0;2;134;RN 12 (DESCENTE ET PONT;;;;280
19436;201300021561;13;6;16;2215;1;2;2;1.0;3;404;CRECY (ROUTE DE);;;;280
19437;201300021562;13;7;3;2000;1;1;1;1.0;1;134;CHAMPELON (CHEMIN DES);M;4875608.0;134467.0;280
19438;201300021565;13;7;23;930;1;2;1;1.0;3;134;LONGS REAGES (RUE DES);M;4874105.0;133632.0;280
19439;201300021566;13;8;5;2010;1;1;1;7.0;1;134;HODDE (CHEMIN DU PONT);M;4876384.0;133444.0;280
19440;201300021568;13;9;14;1300;1;2;1;4.0;3;134;LECLERC (AVENUE DU GENER;M;4874045.0;138290.0;280
19441;201300021569;13;10;10;910;1;2;6;7.0;6;134;ROND POINT DUNANT;;;;280
19442;201300021570;13;10;29;1520;1;1;3;7.0;3;404;CRECY (ROUTE DE);M;0.0;0.0;280
19443;201300021571;13;11;5;1900;5;2;1;2.0;3;134;7, LIVRAINDIERES (RUE DE;M;4874853.0;135432.0;280
19444;201300021572;13;12;7;850;1;2;6;1.0;3;134;MELSUNGEN  (AVENUE DE);;;;280
19445;201300021573;13;12;14;1630;1;2;1;1.0;1;134;30, ISAACS (RUE SAM);;;;280
19446;201300021574;13;12;29;1510;1;2;3;1.0;3;134;0, LONGS REAGES (RUE DES;M;4874013.0;133604.0;280
19447;201300021575;13;2;14;1515;1;1;1;2.0;2;520;;M;0.0;0.0;710
19448;201300021576;13;4;5;430;3;1;1;1.0;6;52;;M;0.0;0.0;710
19449;201300021577;13;4;12;1145;1;1;1;1.0;5;170;;M;0.0;0.0;710
19450;201300021578;13;5;13;2200;3;1;1;1.0;5;52;;M;0.0;0.0;710
19451;201300021579;13;6;19;1615;1;1;1;1.0;5;52;;M;0.0;0.0;710
19452;201300021580;13;6;28;615;2;1;1;8.0;2;52;;M;0.0;0.0;710
19453;201300021581;13;7;10;615;1;1;1;1.0;6;475;;M;0.0;0.0;710
19454;201300021582;13;7;12;2130;1;1;1;1.0;2;384;;M;0.0;0.0;710
19455;201300021583;13;7;13;800;1;1;1;1.0;6;444;;M;0.0;0.0;710
19456;201300021584;13;7;27;315;3;1;1;1.0;2;52;;M;0.0;0.0;710
19457;201300021585;13;8;10;2000;2;1;1;1.0;6;336;;M;0.0;0.0;710
19458;201300021586;13;8;15;1545;1;1;1;1.0;2;170;;M;0.0;0.0;710
19459;201300021587;13;8;18;245;3;2;1;1.0;6;73;rue du 8 Mai 1945;M;4691400.0;475348.0;710
19460;201300021588;13;9;1;915;1;1;1;1.0;3;118;;M;0.0;0.0;710
19461;201300021589;13;9;8;1900;1;1;1;8.0;1;189;;M;0.0;0.0;710
19462;201300021590;13;10;10;2045;3;1;1;2.0;6;138;;M;0.0;0.0;710
19463;201300021591;13;10;25;1845;2;1;1;1.0;5;19;;M;0.0;0.0;710
19464;201300021592;13;12;14;1245;1;1;1;1.0;2;245;;M;0.0;0.0;710
19465;201300021593;13;12;27;1015;1;1;1;8.0;7;384;;M;4669195.0;484477.0;710
19466;201300021594;13;3;4;1445;1;1;1;1.0;3;179;;M;0.0;0.0;740
19467;201300021595;13;4;22;1815;1;2;4;1.0;3;272;CHAUMONTET - SILLINGY;M;0.0;0.0;740
19468;201300021596;13;4;18;845;1;1;2;1.0;3;272;;M;0.0;0.0;740
19469;201300021597;13;4;26;800;1;1;1;1.0;1;152;;M;0.0;0.0;740
19470;201300021598;13;5;5;1500;1;1;1;1.0;6;179;;M;0.0;0.0;740
19471;201300021599;13;5;21;730;1;2;1;2.0;6;272;156 route de Seysollaz;M;0.0;0.0;740
19472;201300021600;13;6;21;100;5;1;1;1.0;6;112;;M;0.0;0.0;740
19473;201300021601;13;6;22;2200;3;1;1;1.0;1;152;;M;0.0;0.0;740
19474;201300021602;13;7;11;1615;1;1;1;1.0;7;231;ROUTE DE LA CHAUDIERE;M;0.0;0.0;740
19475;201300021603;13;12;4;345;3;1;1;9.0;1;112;;M;0.0;0.0;740
19476;201300021604;13;3;29;1715;1;1;2;1.0;3;532;;M;4890480.0;-83378.0;140
19477;201300021605;13;4;1;1830;1;1;2;1.0;3;347;;M;4903710.0;-72952.0;140
19478;201300021606;13;4;11;1200;1;1;2;1.0;3;52;LA FERRONNI?RE LE BENY B;M;4892970.0;-81048.0;140
19479;201300021607;13;4;17;1630;1;1;3;1.0;3;413;LE MESNIL AUZOUF;M;4898950.0;-74456.0;140
19480;201300021608;13;7;13;1900;1;1;1;1.0;1;443;;M;4894600.0;-74200.0;140
19481;201300021609;13;1;31;330;4;1;1;8.0;7;206;Kerbouillen;M;4853269.0;-300667.0;220
19482;201300021610;13;2;9;1415;1;1;1;2.0;1;182;;M;4853121.0;-294253.0;220
19483;201300021611;13;2;22;1900;3;1;1;1.0;2;182;RN 12;M;4853074.0;-291978.0;220
19484;201300021612;13;2;25;1045;1;1;1;4.0;7;188;;M;4852328.0;-288558.0;220
19485;201300021613;13;4;26;1115;1;1;1;1.0;7;227;;M;4856559.0;-354570.0;220
19486;201300021614;13;4;28;1700;1;1;1;1.0;4;187;;M;4853200.0;-275000.0;220
19487;201300021615;13;6;9;2330;4;1;1;1.0;2;187;;M;4854509.0;-280621.0;220
19488;201300021616;13;7;26;1615;1;1;1;1.0;2;187;;M;4854623.0;-278072.0;220
19489;201300021617;13;7;29;1100;1;1;1;1.0;6;225;;M;4855300.0;-310800.0;220
19490;201300021618;13;8;17;1100;1;1;1;1.0;2;227;Etang du Moulin Neuf;M;4856705.0;-357514.0;220
19491;201300021619;13;9;22;715;2;1;1;5.0;7;30;;M;4870913.0;-338259.0;220
19492;201300021620;13;12;8;2115;3;1;1;1.0;2;164;;M;4858555.0;-324883.0;220
19493;201300021621;13;2;13;1500;1;1;1;1.0;7;180;;M;4842573.0;-224151.0;220
19494;201300021622;13;2;22;845;1;1;9;1.0;3;259;LA BEZARDAIS;M;4844759.0;-209525.0;220
19495;201300021623;13;2;23;1030;1;1;1;4.0;2;51;;M;4836867.0;-233317.0;220
19496;201300021624;13;3;5;440;3;1;1;1.0;7;389;Aire de repos;M;4847986.0;-265796.0;220
19497;201300021625;13;3;11;715;2;1;1;3.0;7;193;LA CROIX BALISSON;M;4840416.0;-241364.0;220
19498;201300021626;13;3;12;2100;3;1;1;4.0;7;185;LA RUE;M;4844150.0;-247746.0;220
19499;201300021627;13;3;15;1230;1;1;1;1.0;7;337;;M;4835409.0;-230760.0;220
19500;201300021628;13;4;28;1400;1;1;1;1.0;6;339;;M;0.0;0.0;220
19501;201300021629;13;6;15;1945;1;1;9;1.0;7;339;;M;4848700.0;-204100.0;220
19502;201300021630;13;7;15;730;1;1;1;1.0;2;81;;M;4848111.0;-264534.0;220
19503;201300021631;13;7;31;2015;1;1;1;1.0;7;190;;M;4851993.0;-203847.0;220
19504;201300021632;13;10;15;1830;1;1;1;1.0;6;32;;M;4830000.0;-222300.0;220
19505;201300021633;13;12;2;530;3;1;1;1.0;2;20;Le Chalet;M;4832008.0;-225125.0;220
19506;201300021634;13;12;10;1545;1;1;1;1.0;6;193;PAS DOS GEO;M;4841925.0;-244438.0;220
19507;201300021635;13;12;10;2245;3;1;1;1.0;7;339;PAS DOS GEO;M;4847992.0;-204430.0;220
19508;201300021636;13;12;25;1500;1;1;1;2.0;7;369;PAS DOS GEO;M;4834366.0;-228795.0;220
19509;201300021637;13;12;25;1800;3;1;1;2.0;7;190;PAS DOS GEO;M;4851815.0;-203864.0;220
19510;201300021638;13;12;26;1430;1;1;1;1.0;6;160;PAS DOS GEO;M;4843835.0;-247432.0;220
19511;201300021639;13;12;29;200;3;1;9;1.0;6;389;PAS DOS GEO;M;4848060.0;-265168.0;220
19512;201300021640;13;7;1;2345;3;1;1;1.0;6;266;;M;4853745.0;-391766.0;290
19513;201300021641;13;6;30;900;1;1;1;1.0;7;181;;M;4848871.0;-423444.0;290
19514;201300021642;13;7;15;1630;1;1;1;1.0;6;268;;M;4847180.0;-432644.0;290
19515;201300021643;13;8;18;1315;1;1;1;1.0;6;199;;M;4857752.0;-365213.0;290
19516;201300021644;13;8;29;500;3;1;1;5.0;7;68;;M;4852570.0;-398637.0;290
19517;201300021645;13;10;22;1800;1;1;9;2.0;6;268;;M;4847234.0;-432595.0;290
19518;201300021646;13;8;15;1345;1;1;1;1.0;7;53;;M;4829698.0;-417068.0;290
19519;201300021647;13;9;18;1845;1;1;1;1.0;2;140;;M;4838179.0;-430328.0;290
19520;201300021648;13;2;21;2230;3;1;1;1.0;6;206;;M;4805574.0;-168092.0;350
19521;201300021649;13;3;8;1930;2;1;1;1.0;4;206;;M;4806186.0;-167870.0;350
19522;201300021650;13;5;18;630;2;1;1;1.0;2;12;;M;4785328.0;-169345.0;350
19523;201300021651;13;6;4;1315;1;1;1;1.0;5;139;;M;4797411.0;-169416.0;350
19524;201300021652;13;6;10;1345;1;1;1;1.0;6;139;;M;4797924.0;-169548.0;350
19525;201300021653;13;6;19;1130;1;1;1;1.0;5;139;;M;4797760.0;-169517.0;350
19526;201300021654;13;6;23;1815;1;1;1;1.0;6;206;;M;4806525.0;-167761.0;350
19527;201300021655;13;10;6;645;2;1;1;1.0;6;129;;M;4783500.0;-182109.0;350
19528;201300021657;13;10;20;330;3;1;1;3.0;5;12;;M;0.0;0.0;350
19529;201300021658;13;11;13;645;5;2;1;1.0;2;12;rue des fr?res emery;M;4784142.0;-168102.0;350
19530;201300021659;13;9;8;2245;3;1;2;1.0;3;310;;M;4836937.0;-130635.0;350
19531;201300021660;13;10;11;2200;3;1;1;1.0;7;243;;M;4835570.0;-125509.0;350
19532;201300021662;13;4;30;755;1;1;1;1.0;3;354;;;;;10
19533;201300021663;13;6;21;1715;1;1;1;1.0;7;109;;M;4612230.0;589715.0;10
19534;201300021664;13;9;10;1815;1;1;3;1.0;3;354;;M;0.0;0.0;10
19535;201300021665;13;11;1;1500;1;1;1;1.0;6;109;;M;0.0;0.0;10
19536;201300021666;13;6;28;1315;1;1;1;1.0;3;419;;;;;10
19537;201300021667;13;12;24;1430;1;1;1;1.0;1;209;;M;4609200.0;588800.0;10
19538;201300021668;13;7;8;1200;1;2;2;1.0;3;419;RUE B. STRESEMANN RUE DU;M;4623450.0;597915.0;10
19539;201300021669;13;7;23;1500;1;2;9;1.0;1;288;1903 ROUTE DE LYON;M;4618600.0;592679.0;10
19540;201300021670;13;9;1;630;1;2;6;1.0;6;354;Rue de la Faucille;M;0.0;0.0;10
19541;201300021671;13;1;11;545;3;1;1;9.0;7;314;;M;4950759.0;571405.0;540
19542;201300021672;13;1;27;30;3;1;1;1.0;3;314;;M;4949800.0;574200.0;540
19543;201300021673;13;3;11;2130;5;2;1;4.0;1;138;169 Rue de Lorraine -;M;4952808.0;574635.0;540
19544;201300021674;13;4;7;2000;2;1;1;1.0;7;134;;M;4944100.0;559700.0;540
19545;201300021675;13;4;12;1045;1;2;1;1.0;6;322;5 RUE DE SETE;M;4944700.0;559900.0;540
19546;201300021676;13;4;14;1645;1;1;1;1.0;2;428;;M;4940800.0;571900.0;540
19547;201300021677;13;5;25;1345;1;1;1;2.0;7;236;;M;4944312.0;554677.0;540
19548;201300021678;13;6;15;815;4;2;1;1.0;6;582;D29C ROUTE DE CHARENCY;M;4947600.0;554393.0;540
19549;201300021679;13;7;6;1815;1;2;1;1.0;3;322;rue de l'hotel de ville;M;0.0;0.0;540
19550;201300021680;13;7;10;1930;1;1;1;1.0;1;67;;M;4944480.0;569993.0;540
19551;201300021681;13;7;25;1800;1;1;1;1.0;7;590;;M;4946689.0;562193.0;540
19552;201300021682;13;7;27;1200;1;1;1;1.0;7;67;;M;4943751.0;564401.0;540
19553;201300021683;13;8;5;2030;1;1;1;1.0;7;537;;M;4945989.0;569166.0;540
19554;201300021684;13;9;25;600;2;1;1;5.0;6;67;;M;4943956.0;569810.0;540
19555;201300021686;13;10;20;2100;1;1;1;1.0;7;236;;M;4944566.0;553710.0;540
19556;201300021687;13;10;20;800;1;1;1;2.0;6;290;;M;4943400.0;575500.0;540
19557;201300021688;13;11;27;845;1;2;1;1.0;6;322;rue de Sete;M;4943908.0;560693.0;540
19558;201300021690;13;3;18;1445;2;1;1;8.0;1;489;;M;0.0;0.0;670
19559;201300021691;13;7;27;945;1;1;1;1.0;2;437;;M;0.0;0.0;670
19560;201300021692;13;9;9;1730;1;1;1;2.0;7;459;;M;0.0;0.0;670
19561;201300021693;13;9;11;2100;3;1;1;3.0;5;469;;M;0.0;0.0;670
19562;201300021695;13;2;18;745;2;1;1;1.0;1;48;;M;4332300.0;699700.0;830
19563;201300021696;13;3;8;1100;1;1;1;2.0;1;48;;M;4332300.0;695700.0;830
19564;201300021697;13;5;3;1145;1;1;1;1.0;1;36;;M;4327600.0;685900.0;830
19565;201300021698;13;6;4;1900;1;1;1;1.0;1;48;;M;4319100.0;659300.0;830
19566;201300021699;13;6;21;1545;1;2;3;1.0;3;48;chemin de provence;M;4320652.0;656531.0;830
19567;201300021700;13;6;21;2000;1;2;1;1.0;6;36;Chemin des Collieres;M;4319434.0;653089.0;830
19568;201300021701;13;7;2;415;5;2;1;1.0;6;36;Rue du port;M;4316900.0;653800.0;830
19569;201300021702;13;8;22;915;1;2;1;1.0;6;48;boulevard de Tabarin;M;4319426.0;656981.0;830
19570;201300021703;13;10;11;1600;1;1;1;1.0;5;48;;M;0.0;0.0;830
19571;201300021704;13;12;3;1000;1;2;1;1.0;6;36;1 Rue du Port;M;4317300.0;653500.0;830
19572;201300021705;13;1;20;1745;2;2;1;1.0;3;151;Le bourg d50;M;0.0;0.0;350
19573;201300021706;13;1;22;1230;1;1;1;8.0;7;57;;M;4793900.0;-191200.0;350
19574;201300021707;13;8;25;1515;1;1;1;1.0;6;168;;M;0.0;0.0;350
19575;201300021708;13;10;19;1600;1;1;1;1.0;6;129;;M;0.0;0.0;350
19576;201300021709;13;7;17;2215;2;1;1;7.0;6;56;;M;0.0;0.0;860
19577;201300021710;13;11;5;615;3;1;1;3.0;6;56;;M;4651500.0;13700.0;860
19578;201300021712;13;10;20;1730;1;2;1;1.0;6;502;rue delflie;M;0.0;0.0;620
19579;201300021714;13;7;2;1445;1;1;1;1.0;1;87;;M;;;210
19580;201300021715;13;8;16;1030;1;1;1;1.0;6;128;;M;0.0;0.0;210
19581;201300021716;13;8;21;1150;1;1;1;1.0;6;244;;M;0.0;0.0;210
19582;201300021718;13;9;13;945;1;1;1;2.0;2;501;;M;4741800.0;494800.0;210
19583;201300021719;13;9;20;1230;1;1;1;1.0;7;633;;M;4757300.0;478000.0;210
19584;201300021721;13;1;29;1835;5;2;1;2.0;6;143;AVENUE DE GENEVE;M;4635440.0;613909.0;10
19585;201300021722;13;4;1;1200;1;1;1;1.0;5;436;;M;4634160.0;608915.0;10
19586;201300021724;13;11;9;1045;1;1;1;1.0;1;153;;M;0.0;0.0;10
19587;201300021725;13;1;10;1845;5;2;1;2.0;6;96;30 boulevar de Guizard;M;4452800.0;276600.0;120
19588;201300021726;13;1;29;1330;1;1;1;1.0;2;157;;M;0.0;0.0;120
19589;201300021727;13;3;3;1430;1;1;1;7.0;1;49;;M;0.0;0.0;120
19590;201300021728;13;3;30;530;3;1;1;2.0;6;157;;M;0.0;0.0;120
19591;201300021729;13;4;9;1515;1;1;1;2.0;6;216;;M;4452900.0;282700.0;120
19592;201300021730;13;5;2;1530;1;1;1;1.0;2;33;;M;4443700.0;267900.0;120
19593;201300021731;13;12;19;900;1;2;1;2.0;6;96;boulevard joseph poulenc;M;4452800.0;276300.0;120
19594;201300021732;13;11;17;15;3;1;1;8.0;7;450;;M;4347950.0;-55289.0;640
19595;201300021733;13;12;12;1845;5;1;1;1.0;2;300;;M;4341530.0;-62874.0;640
19596;201300021734;13;1;16;720;2;1;2;5.0;3;322;;M;4594780.0;480885.0;10
19597;201300021735;13;3;6;1700;1;2;1;1.0;6;427;RUE NEUVE;M;4594040.0;477074.0;10
19598;201300021736;13;4;23;1100;1;1;2;7.0;3;157;;M;4602420.0;475271.0;10
19599;201300021737;13;6;18;1245;1;2;3;1.0;3;194;;M;4598600.0;475877.0;10
19600;201300021738;13;7;25;1905;1;1;1;1.0;6;322;;M;4594060.0;480976.0;10
19601;201300021739;13;8;6;1700;1;1;2;1.0;3;322;;M;4594280.0;482178.0;10
19602;201300021740;13;1;1;425;5;2;1;2.0;2;19;., EUROPE (DE 13 A 15);M;4841574.0;-447370.0;290
19603;201300021741;13;1;2;1755;2;2;1;1.0;6;19;., KERJEGU MONTJARET DE;M;4839046.0;-445200.0;290
19604;201300021742;13;1;3;1140;1;2;1;1.0;3;19;DESFOSSES ROMAIN (AMIRAL;M;4842670.0;-447714.0;290
19605;201300021743;13;1;11;2335;5;2;1;3.0;6;19;, MAISSIN;M;4838790.0;-450338.0;290
19606;201300021745;13;1;17;2225;5;1;6;3.0;6;19;., LE GORGEU (N?29 (TOTA;M;4839977.0;-449664.0;290
19607;201300021746;13;1;18;905;1;2;1;1.0;6;19;., FOUQUAT FRANCOIS;M;4840448.0;-446672.0;290
19608;201300021747;13;1;18;730;5;2;3;1.0;3;19;23, DUNANT HENRI;M;4842117.0;-449679.0;290
19609;201300021749;13;1;22;1925;5;2;6;1.0;3;19;., ROUSSE EMILE;M;4838395.0;-452784.0;290
19610;201300021750;13;1;25;1540;1;2;2;1.0;3;19;0, JAURES JEAN (DE 1 A 4;M;4839172.0;-448365.0;290
19611;201300021751;13;1;26;2310;5;2;3;1.0;3;19;EUROPE (DE 58 A 166 ET 9;M;4841313.0;-449285.0;290
19612;201300021752;13;1;28;850;2;2;1;1.0;6;19;., CHERBOURG;M;4838188.0;-450166.0;290
19613;201300021753;13;1;29;715;5;2;1;3.0;6;19;BLUM LEON;M;4840491.0;-448463.0;290
19614;201300021754;13;1;29;1330;1;2;1;1.0;6;19;BOTREL THEODORE (DE 1 A;M;4840469.0;-450166.0;290
19615;201300021755;13;1;30;820;2;2;1;1.0;3;19;131, JAURES JEAN (DE 105;M;4840182.0;-446825.0;290
19616;201300021756;13;1;30;1730;1;2;6;1.0;3;19;., ROND POINT Dun Laogha;M;4840199.0;-450237.0;290
19617;201300021757;13;1;31;1850;5;2;2;1.0;3;19;0, TREMAUDAN ERNESTINE D;M;4842873.0;-447677.0;290
19618;201300021758;13;2;1;1210;1;2;1;2.0;6;19;., DOCTEUR ROUX;M;4838418.0;-451720.0;290
19619;201300021759;13;2;1;1705;1;2;1;1.0;6;19;PAULET GENERAL (DE 1 A 1;M;4840733.0;-447540.0;290
19620;201300021760;13;2;2;1340;1;2;3;1.0;3;19;EUROPE (DE 13 A 15);M;4841607.0;-447053.0;290
19621;201300021761;13;2;4;1410;1;2;6;1.0;3;19;0, HUIT MAI 1945 (DE 46;M;4841250.0;-447593.0;290
19622;201300021762;13;2;14;755;1;2;1;2.0;6;19;, TARENTE;M;4840469.0;-450960.0;290
19623;201300021764;13;2;22;540;4;2;3;1.0;3;19;SALAUN PENQUER;M;4838432.0;-448403.0;290
19624;201300021765;13;2;24;1425;1;2;3;1.0;6;19;., TOURVILLE;M;4839309.0;-449851.0;290
19625;201300021766;13;2;26;930;1;2;1;1.0;4;19;34, MESDOUN;M;4837768.0;-452234.0;290
19626;201300021767;13;2;27;1200;1;2;2;1.0;3;19;LESVEN JULES (DE 1 A 53;M;4840429.0;-447644.0;290
19627;201300021768;13;2;28;715;5;2;1;1.0;2;19;0, LESVEN JULES (DE 1 A;M;4840283.0;-447397.0;290
19628;201300021769;13;3;2;1455;1;2;6;1.0;6;19;., LE GORGEU (SANS N? EN;M;4840461.0;-450601.0;290
19629;201300021770;13;3;7;505;5;2;2;2.0;3;19;0, EINSTEIN ALBERT;M;4840820.0;-446228.0;290
19630;201300021771;13;3;11;750;1;2;6;2.0;2;19;., PEN AR CH'LEUZ;M;4841501.0;-447979.0;290
19631;201300021773;13;3;14;1650;1;2;6;1.0;6;19;., PREMIERE DFL (AVENUE);M;4837602.0;-455382.0;290
19632;201300021775;13;3;17;2035;4;2;1;2.0;3;19;., BLUM LEON;M;4840817.0;-448517.0;290
19633;201300021777;13;3;21;1720;1;2;1;2.0;6;19;., KERMENGUY;M;4840301.0;-454933.0;290
19634;201300021778;13;3;25;1725;1;2;1;1.0;6;19;0, DUPUY DE LOME (DE 34;M;4839069.0;-450916.0;290
19635;201300021779;13;3;31;1050;1;2;1;1.0;6;19;GUELMEUR (DE 1 A 61 ET 2;M;4839627.0;-445818.0;290
19636;201300021780;13;3;31;2245;5;2;6;1.0;2;19;DUQUESNE (DE 1 A 11 ET 2;M;4839107.0;-448873.0;290
19637;201300021781;13;4;3;1830;1;2;6;1.0;6;19;DESFOSSES ROMAIN (AMIRAL;M;4842625.0;-447553.0;290
19638;201300021782;13;4;4;905;1;2;1;2.0;2;19;., HARTELOIRE (RUE);M;4839339.0;-449209.0;290
19639;201300021783;13;4;6;1420;1;1;1;1.0;6;19;DOUANE (QUAI DE LA);M;4838242.0;-448563.0;290
19640;201300021784;13;4;15;1020;1;2;2;1.0;3;19;0, BUGEAUD;M;4839671.0;-447987.0;290
19641;201300021785;13;4;13;510;5;2;1;1.0;6;19;117, ROBESPIERRE (96 ET;M;4840679.0;-448944.0;290
19642;201300021787;13;4;23;1750;1;2;2;1.0;3;19;JAURES JEAN (DE 1 A 41 E;M;4840206.0;-446792.0;290
19643;201300021788;13;4;24;1;5;2;3;1.0;3;19;0, KERJEAN VRAS (RUE ET;M;4839280.0;-447749.0;290
19644;201300021789;13;4;25;1645;1;2;1;1.0;3;19;134, PLYMOUTH (DE 89 A 1;M;4838699.0;-452589.0;290
19645;201300021790;13;4;27;2040;1;2;6;1.0;3;19;., VILLENEUVE (RUE);M;4841012.0;-446254.0;290
19646;201300021791;13;5;2;1505;1;2;1;1.0;3;19;LESVEN JULES (DE 1 A 53;M;4840683.0;-447940.0;290
19647;201300021792;13;5;7;940;1;2;1;1.0;6;19;., PLYMOUTH (DE 89 A 135;M;4838304.0;-453837.0;290
19648;201300021793;13;5;7;1220;1;2;1;1.0;3;19;0, GALLIENI GENERAL (DE;M;4838985.0;-450764.0;290
19649;201300021794;13;5;10;440;5;2;2;1.0;6;19;., MONTAIGNE (DE 39 A 11;M;4840181.0;-448312.0;290
19650;201300021795;13;5;10;1700;1;2;1;1.0;2;19;45, GLASGOW (DE 1 A 9 ET;M;4839522.0;-448421.0;290