;Num_Acc;an;mois;jour;hrmn;lum;agg;int;atm;col;com;adr;gps;lat;long;dep
19651;201300021796;13;5;15;1750;1;2;1;1.0;3;19;., DUVAL MARCELLIN (DE 1;M;4841731.0;-448702.0;290
19652;201300021797;13;5;17;1250;1;2;6;1.0;3;19;., GUILERS (DE 1 A 37 ET;M;4838622.0;-451264.0;290
19653;201300021798;13;5;25;5;5;2;1;1.0;3;19;64, HUIT MAI 1945 (DE 46;M;4841302.0;-447752.0;290
19654;201300021799;13;5;25;1655;1;2;6;1.0;3;19;., LE GORGEU (N?ENTRE TA;M;4840461.0;-450601.0;290
19655;201300021800;13;5;28;820;1;2;1;1.0;3;19;MAISSIN;M;4838790.0;-450338.0;290
19656;201300021801;13;5;31;2330;5;2;1;1.0;2;19;42, SEBASTOPOL;M;4839815.0;-447238.0;290
19657;201300021802;13;6;1;1635;1;2;1;1.0;3;19;0, TARENTE;M;4840469.0;-450960.0;290
19658;201300021803;13;6;3;750;1;2;1;1.0;2;19;., POULLIC AL OR;M;4838753.0;-447543.0;290
19659;201300021805;13;6;7;1415;1;2;1;1.0;2;19;., EUROPE (DE 201 A 215);M;4840985.0;-451646.0;290
19660;201300021806;13;6;7;1530;1;2;2;3.0;3;19;0, EUROPE (DE 58 A 166 E;M;4841313.0;-449294.0;290
19661;201300021807;13;6;7;1535;1;2;2;1.0;6;19;., EAU BLANCHE (DE 1 A 7;M;4841197.0;-445789.0;290
19662;201300021808;13;6;8;1450;1;2;2;1.0;3;19;., CHATEAU (DE 37 A 55 E;M;4838561.0;-448818.0;290
19663;201300021809;13;6;10;1907;1;2;6;1.0;3;19;LESVEN JULES (DE 1 A 53;M;4840703.0;-447947.0;290
19664;201300021810;13;6;11;930;1;2;1;2.0;6;19;0, MESDOUN;M;4837711.0;-452145.0;290
19665;201300021811;13;6;15;1750;1;2;1;1.0;1;19;52, GOUESNOU (DE 43 A 21;M;4840970.0;-446831.0;290
19666;201300021812;13;6;16;840;1;2;1;2.0;2;19;TARENTE;M;4840666.0;-451220.0;290
19667;201300021813;13;6;17;2020;1;2;4;1.0;3;19;., VALMY;M;4839948.0;-446598.0;290
19668;201300021814;13;6;19;1025;1;2;1;1.0;6;19;4, DOLET ETIENNE;M;4838828.0;-448940.0;290
19669;201300021816;13;6;20;1735;1;2;2;8.0;5;19;MONTAIGNE (DE 1 A 37 ET;M;4839999.0;-448582.0;290
19670;201300021817;13;6;24;1540;1;2;3;1.0;3;19;MOULIN JEAN (SANS N? PAI;M;4839079.0;-449397.0;290
19671;201300021818;13;6;24;1300;1;2;1;1.0;6;19;161, GUYNEMER CAPITAINE;M;4839000.0;-446432.0;290
19672;201300021819;13;6;22;2120;1;2;2;1.0;3;19;., EUROPE (DE 13 A 15);M;4841594.0;-447177.0;290
19673;201300021820;13;6;25;1405;1;2;1;1.0;6;19;21, TRAVERSE;M;4838516.0;-448952.0;290
19674;201300021821;13;6;25;1715;1;2;3;1.0;2;19;., DOCTEUR GUILLERM;M;4838674.0;-453542.0;290
19675;201300021822;13;6;27;1100;1;2;1;1.0;6;19;., CLEMENCEAU GEORGES (D;M;4839054.0;-448681.0;290
19676;201300021823;13;6;29;2000;1;2;1;1.0;4;19;., QUIMPER (154 ET 173 A;M;4839946.0;-444297.0;290
19677;201300021824;13;6;30;420;5;2;1;1.0;6;19;139, QUATRE POMPES (DE 6;M;4836709.0;-452897.0;290
19678;201300021825;13;7;10;1835;1;2;3;1.0;3;19;GOUESNOU (DE 1 A 29 ET 2;M;4841511.0;-446828.0;290
19679;201300021826;13;7;16;1300;1;2;1;1.0;7;19;PEN AR CH'LEUZ (ROND POI;M;4841474.0;-447885.0;290
19680;201300021827;13;7;17;1240;1;2;1;1.0;1;19;0, ROCH GLAS (ROUTE ET C;M;4843191.0;-448751.0;290
19681;201300021828;13;7;18;2000;1;1;1;1.0;6;19;., CEZANNE;M;4841326.0;-447145.0;290
19682;201300021829;13;7;20;1215;1;2;1;1.0;3;19;22, HUIT MAI 1945 (DE 2;M;4841026.0;-447091.0;290
19683;201300021830;13;7;25;635;2;2;1;1.0;6;19;33, CORBIERE EDOUARD (DE;M;4839190.0;-447292.0;290
19684;201300021831;13;7;27;1840;1;2;3;1.0;5;19;., PRIGENT TANGUY (DE ME;M;4839671.0;-453261.0;290
19685;201300021832;13;8;2;1100;1;2;2;1.0;3;19;., LE GORGEU (N?29 (TOTA;M;4839977.0;-449664.0;290
19686;201300021833;13;8;3;1310;1;2;1;1.0;6;19;., AIGUILLON (DE 1 A 37;M;4838683.0;-449061.0;290
19687;201300021834;13;8;9;720;1;2;1;1.0;1;19;., EUROPE (DE 58 A 166 E;M;4841313.0;-449286.0;290
19688;201300021835;13;8;13;1720;1;2;1;1.0;6;19;., SAINT MARC (DE 1 A 59;M;4838679.0;-447010.0;290
19689;201300021836;13;8;15;1200;1;2;1;1.0;6;19;., F.F.I.;M;4841691.0;-449267.0;290
19690;201300021837;13;8;19;2120;1;2;6;1.0;6;19;., TARTU JEAN FRANCOIS (;M;4838308.0;-452757.0;290
19691;201300021838;13;8;23;100;5;2;2;1.0;3;19;PARIS ( 33 ET 42 A FIN);M;4840499.0;-446348.0;290
19692;201300021839;13;8;30;1450;1;2;1;1.0;6;19;0, ROBESPIERRE (96 ET 10;M;4840718.0;-448958.0;290
19693;201300021840;13;9;10;800;1;2;6;1.0;3;19;., FOULQUES ROND POINT D;M;4838955.0;-445872.0;290
19694;201300021841;13;9;3;1320;1;2;2;1.0;3;19;., MUSSET ALFRED DE;M;4839060.0;-446652.0;290
19695;201300021842;13;9;4;2020;1;2;3;1.0;3;19;COROT;M;4841419.0;-447239.0;290
19696;201300021843;13;9;4;2243;5;2;2;1.0;6;19;0, MASSILLON (DE 1 A 31;M;4839559.0;-448158.0;290
19697;201300021844;13;9;5;855;1;2;1;1.0;6;19;., TARENTE;M;4840469.0;-450960.0;290
19698;201300021846;13;9;7;1840;1;2;6;1.0;3;19;., LE GORGEU (N?29 (TOTA;M;4840461.0;-450601.0;290
19699;201300021847;13;9;9;1210;1;2;1;1.0;3;19;34, LESVEN JULES (DE 26;M;4787562.0;-391729.0;290
19700;201300021848;13;9;12;1740;1;2;3;2.0;4;19;., ROCH GLAS (ROUTE ET C;M;4843191.0;-448751.0;290
19701;201300021849;13;9;13;2323;5;2;1;2.0;6;19;0, LE GORGEU (N?29 (TOTA;M;4840568.0;-450741.0;290
19702;201300021850;13;9;14;1700;1;2;8;1.0;3;19;., KERAMPERE;M;4839548.0;-444849.0;290
19703;201300021851;13;9;15;555;4;2;6;1.0;3;19;STRASBOURG (PLACE);M;4840247.0;-446686.0;290
19704;201300021853;13;9;17;1130;1;2;1;5.0;1;19;., PAULET GENERAL (DE 1;M;4841680.0;-447608.0;290
19705;201300021854;13;9;20;55;5;2;3;1.0;3;19;JAURES JEAN (DE 239 ET 2;M;4839996.0;-447113.0;290
19706;201300021855;13;9;22;1620;1;2;1;1.0;3;19;0, DUVAL MARCELLIN (DE 1;M;4841731.0;-448702.0;290
19707;201300021856;13;9;23;1850;1;2;6;7.0;2;19;., LE GORGEU (N?29 (TOTA;M;4840036.0;-449894.0;290
19708;201300021857;13;9;24;810;1;2;1;1.0;6;19;HARTELOIRE (PONT);M;4839295.0;-449917.0;290
19709;201300021858;13;9;24;850;1;2;1;1.0;6;19;2, ARCHINARD GENERAL;M;4840027.0;-450811.0;290
19710;201300021859;13;9;27;855;1;2;1;1.0;6;19;69, RIVIERE FRANCOIS (RU;M;4839446.0;-446929.0;290
19711;201300021860;13;9;27;1715;1;2;1;1.0;3;19;TARENTE;M;4840380.0;-450856.0;290
19712;201300021861;13;9;28;1615;1;2;1;1.0;3;19;., GOUESNOU (DE 1 A 29 E;M;4840304.0;-446730.0;290
19713;201300021862;13;9;28;1830;1;2;1;1.0;6;19;., CLEMENCEAU GEORGES (D;M;4839054.0;-448681.0;290
19714;201300021863;13;9;30;955;1;2;1;1.0;2;19;71, MONTAIGNE (DE 39 A 1;M;4840358.0;-448046.0;290
19715;201300021864;13;10;3;950;1;2;2;1.0;3;19;LE GORGEU (SANS N? ENTRE;M;4840461.0;-450601.0;290
19716;201300021865;13;10;5;1025;1;2;1;1.0;3;19;0, NAPOLEON III (PLACE);M;4840399.0;-450718.0;290
19717;201300021866;13;10;7;935;1;2;1;1.0;6;19;ROSCANVEL (PLACE ET RUE);M;4838575.0;-451615.0;290
19718;201300021867;13;10;8;1430;1;2;2;1.0;3;19;., DOUANE (QUAI DE LA);M;4838201.0;-448676.0;290
19719;201300021868;13;10;8;1845;1;2;1;1.0;6;19;0, FOCH MARECHAL;M;4839530.0;-448847.0;290
19720;201300021869;13;10;10;1105;1;2;3;1.0;3;19;EUROPE (DE 58 A 166 ET 9;M;4841509.0;-447765.0;290
19721;201300021870;13;10;11;1500;1;2;2;1.0;3;19;., CUVIER GEORGES;M;4839769.0;-446787.0;290
19722;201300021871;13;10;11;1825;1;2;9;1.0;3;19;., LESVEN JULES (DE 1 A;M;4840752.0;-447971.0;290
19723;201300021872;13;10;14;835;1;2;3;1.0;6;19;309, FRANCE ANATOLE (DE;M;4838340.0;-450793.0;290
19724;201300021873;13;10;15;1540;1;2;1;1.0;6;19;ROND POINT DE KERESSEIS;M;4839490.0;-453860.0;290
19725;201300021874;13;10;17;905;1;2;1;1.0;6;19;96, ROBESPIERRE (96 ET 1;M;4840718.0;-448958.0;290
19726;201300021875;13;10;18;1710;1;2;2;1.0;3;19;., QUIMPER (154 ET 173 A;M;4840088.0;-445133.0;290
19727;201300021876;13;10;21;845;2;2;6;1.0;6;19;PAULET GENERAL (173 ET 2;M;4841758.0;-447654.0;290
19728;201300021877;13;10;25;1430;1;2;1;1.0;2;19;51, GLASGOW (DE 1 A 9 ET;M;4839565.0;-448406.0;290
19729;201300021878;13;10;29;1415;1;2;1;3.0;2;19;., POMPIDOU GEORGES (AVE;M;4841097.0;-448179.0;290
19730;201300021879;13;11;2;1335;1;2;1;1.0;2;19;0, PREMIERE DFL (AVENUE);M;4837478.0;-455745.0;290
19731;201300021880;13;11;3;30;5;2;3;3.0;3;19;GOUESNOU (DE 1 A 29 ET 2;M;4840356.0;-446739.0;290
19732;201300021881;13;11;3;1910;5;2;2;3.0;5;19;., BOTREL THEODORE (DE 3;M;4840711.0;-450164.0;290
19733;201300021882;13;11;5;1020;1;2;3;2.0;3;19;Rue Gustave ZEDE;M;4842093.0;-446346.0;290
19734;201300021883;13;11;6;2000;5;2;3;1.0;6;19;1 à 2 rue Y COLLET;M;4838938.0;-448334.0;290
19735;201300021884;13;11;7;1705;1;2;3;1.0;3;19;EUROPE (DE 13 A 15);M;4841583.0;-447154.0;290
19736;201300021885;13;11;9;1020;1;2;1;1.0;2;19;Avenue de PROVENCE;M;4840742.0;-451606.0;290
19737;201300021886;13;11;9;1825;5;2;1;1.0;6;19;41 rue de LYON;M;4838902.0;-448922.0;290
19738;201300021887;13;11;11;1110;1;2;1;2.0;2;19;de  21 à  57 VALY HIR;M;4838534.0;-452803.0;290
19739;201300021888;13;11;13;1645;1;2;1;1.0;6;19;175, PLYMOUTH;M;4838685.0;-452745.0;290
19740;201300021889;13;11;16;1515;1;2;1;1.0;4;19;BLUM LEON;M;4840559.0;-448466.0;290
19741;201300021890;13;11;18;1215;1;2;1;1.0;2;19;., HARTELOIRE (PONT);M;4839295.0;-449960.0;290
19742;201300021891;13;11;19;1255;1;2;1;1.0;3;19;33 à 42 rue de  PARIS;M;4840529.0;-446316.0;290
19743;201300021892;13;11;21;815;2;2;1;1.0;6;19;LOTI PIERRE;M;4838271.0;-450653.0;290
19744;201300021893;13;11;22;1235;1;2;1;1.0;6;19;3, VENDEE;M;4840434.0;-451157.0;290
19745;201300021894;13;11;22;2125;1;2;3;1.0;3;19;EUROPE (DE 13 A 15);M;4841599.0;-447099.0;290
19746;201300021895;13;11;23;1830;3;2;2;1.0;3;19;., GALLIENI GENERAL (DE;M;4838893.0;-450942.0;290
19747;201300021896;13;11;24;1825;5;2;1;1.0;6;19;0, PARIS ( 33 ET 42 A FI;M;4840603.0;-446213.0;290
19748;201300021897;13;11;26;740;5;2;1;1.0;6;19;PLYMOUTH (ENTRE POINT;M;4838710.0;-452115.0;290
19749;201300021898;13;11;27;1800;5;2;2;2.0;3;19;LOTI PIERRE;M;4838262.0;-450566.0;290
19750;201300021900;13;11;29;1315;1;2;1;8.0;6;19;5, LAMOTTE PICQUET (DE 1;M;4839489.0;-449261.0;290
19751;201300021901;13;11;29;1558;1;2;1;8.0;4;19;0, LE BRIS JEAN MARIE;M;4838420.0;-448314.0;290
19752;201300021902;13;11;30;125;5;2;2;1.0;6;19;DESFOSSES ROMAIN (AMIRAL;M;4842775.0;-447300.0;290
19753;201300021903;13;12;2;1830;5;2;3;1.0;2;19;., CASSARD JACQUES;M;4840496.0;-448016.0;290
19754;201300021904;13;12;4;1835;5;2;1;2.0;6;19;LOTI PIERRE;M;4838264.0;-450582.0;290
19755;201300021905;13;12;13;1458;1;2;1;2.0;6;19;0, LE GORGEU (N29 Total);M;4840330.0;-450585.0;290
19756;201300021906;13;12;14;2230;5;2;1;3.0;6;19;COLLET YVES (DE 1 A 27 E;M;4838980.0;-448283.0;290
19757;201300021907;13;12;14;1525;1;2;2;1.0;3;19;THIBAUDET ALBERT;M;4837547.0;-454136.0;290
19758;201300021908;13;12;16;810;5;2;3;3.0;6;19;., TARENTE;M;4840469.0;-450960.0;290
19759;201300021909;13;12;16;1538;1;2;1;3.0;6;19;0, WARSPITE HMS;M;4839058.0;-452307.0;290
19760;201300021910;13;12;16;2020;1;2;1;3.0;6;19;8, CLEMENCEAU GEORGES (D;M;4838987.0;-448549.0;290
19761;201300021912;13;12;18;1810;5;2;3;3.0;6;19;KERBONNE (DE 1 A 29 ET 2;M;4838212.0;-451536.0;290
19762;201300021913;13;12;19;1930;5;2;1;1.0;6;19;LANGEVIN PROFESSEUR;M;4840265.0;-449846.0;290
19763;201300021914;13;12;21;1215;1;2;1;3.0;6;19;DUQUESNE (DE 8 ET 13 A 2;M;4839094.0;-448884.0;290
19764;201300021915;13;12;22;120;5;2;1;2.0;6;19;rue 19 MARS 1962;M;4838771.0;-451796.0;290
19765;201300021916;13;12;22;1055;1;2;2;1.0;3;19;., MONTAIGNE (DE 39 A 11;M;4840175.0;-448319.0;290
19766;201300021917;13;12;23;1754;5;2;1;6.0;6;19;0, COMMANDANT SOMME PY;M;4840380.0;-448570.0;290
19767;201300021918;13;12;26;1535;1;2;1;1.0;6;19;96, GAMBETTA (N5 DORTOI;M;4838991.0;-447267.0;290
19768;201300021919;13;12;26;1850;3;2;1;2.0;6;19;., DIDAILLER GEORGES;M;4840953.0;-446619.0;290
19769;201300021920;13;12;26;2245;3;2;1;2.0;6;19;SEMARD PIERRE;M;4839247.0;-446898.0;290
19770;201300021921;13;12;31;1945;5;2;1;3.0;2;19;28, BLUM LEON;M;4840487.0;-448459.0;290
19771;201300021922;13;2;6;1245;1;1;1;4.0;1;1;;M;4369792.0;-28614.0;400
19772;201300021923;13;2;23;1515;1;1;1;1.0;6;185;;M;4362615.0;-29741.0;400
19773;201300021924;13;4;9;1500;1;1;1;1.0;2;234;;M;4399671.0;-35917.0;400
19774;201300021925;13;4;19;1415;1;1;1;1.0;7;238;;M;4385302.0;-34250.0;400
19775;201300021926;13;7;28;1625;1;1;1;1.0;7;50;;M;4397276.0;-38186.0;400
19776;201300021927;13;10;12;1500;1;1;1;1.0;7;238;;M;4386821.0;-35993.0;400
19777;201300021928;13;10;31;1015;1;1;1;1.0;6;105;;M;4403391.0;-65587.0;400
19778;201300021929;13;12;11;2100;5;1;6;1.0;7;103;;M;4394879.0;-39260.0;400
19779;201300021930;13;1;4;1720;1;1;1;2.0;7;39;RD 783;M;4787801.0;-390125.0;290
19780;201300021931;13;1;10;1300;1;1;1;2.0;7;39;0, KERGUERES (Route de);M;4789705.0;-393370.0;290
19781;201300021932;13;1;10;1405;1;1;1;2.0;7;39;RN165 (VE);M;4793352.0;-390735.0;290
19782;201300021933;13;1;10;1540;1;1;1;2.0;1;39;RD 783;M;4787513.0;-389860.0;290
19783;201300021934;13;1;15;545;5;2;1;8.0;7;39;VILLENEUVE ( RUE DE LA);M;4789563.0;-391334.0;290
19784;201300021935;13;1;17;1210;1;2;1;1.0;3;39;GARE (AVENUE DE LA);M;4787838.0;-391989.0;290
19785;201300021936;13;1;20;1515;1;1;1;1.0;6;39;02, CHAPERONS (ALLEE DES;M;4785606.0;-390929.0;290
19786;201300021938;13;2;9;1200;1;1;1;1.0;7;39;RN165 (VE);M;4792374.0;-389343.0;290
19787;201300021939;13;2;9;1255;1;1;1;1.0;7;39;COAT CONQ ( LIEU-DIT);M;4792631.0;-389449.0;290
19788;201300021940;13;2;23;1553;1;2;1;1.0;5;39;PENANGUER ( RUE DE);M;4790893.0;-391901.0;290
19789;201300021941;13;2;25;1512;1;2;1;1.0;4;39;08-10, GUEGUIN (AVENUE P;M;4787280.0;-391784.0;290
19790;201300021942;13;2;26;1650;1;2;1;1.0;6;39;MAISON BLANCHE (LIEU-DIT;M;4788920.0;-391963.0;290
19791;201300021943;13;3;28;745;1;2;1;1.0;7;39;143 ter, TREGUNC ( RUE D;M;4786311.0;-389536.0;290
19792;201300021944;13;3;28;1845;1;2;7;1.0;3;39;20, GENERAL DE GAULLE (P;M;4787159.0;-391902.0;290
19793;201300021945;13;3;31;1;5;2;1;1.0;7;39;04, BIELEFELD SENNE ( AV;M;4787750.0;-391008.0;290
19794;201300021949;13;4;21;130;5;1;1;1.0;6;39;RD 783;M;4788006.0;-390687.0;290
19795;201300021950;13;4;24;1708;1;2;1;1.0;6;39;CHARLEMAGNE ( COURS);M;4786454.0;-390244.0;290
19796;201300021951;13;5;10;850;1;2;1;1.0;7;39;POTEAU VERT ( RUE DU);M;4789725.0;-391032.0;290
19797;201300021952;13;5;12;1603;1;1;1;1.0;7;39;RD 783;M;4787752.0;-390029.0;290
19798;201300021953;13;5;18;1930;1;2;1;1.0;2;39;COAT BRAS (Rond Point);M;4788252.0;-392404.0;290
19799;201300021955;13;5;26;640;1;2;1;1.0;7;39;LANRIEC ( RUE DE );M;4786933.0;-388484.0;290
19800;201300021956;13;6;6;1710;1;2;1;1.0;7;39;CHENES (RUE DES);M;4787980.0;-391588.0;290
19801;201300021957;13;6;10;1735;1;2;9;1.0;2;39;RD 122;M;4787821.0;-387749.0;290
19802;201300021958;13;6;13;1430;1;2;1;1.0;6;39;MOULIN A VENT ( RUE DU);M;4786907.0;-390737.0;290
19803;201300021959;13;6;26;1700;1;1;1;1.0;2;39;KERGUERES ( CHEMIN DE );M;4789660.0;-393308.0;290
19804;201300021960;13;6;30;2310;5;2;1;1.0;6;39;MOROS( PONT DU);M;4787892.0;-390369.0;290
19805;201300021961;13;7;15;2200;2;2;1;1.0;2;39;GUEGUIN (AVENUE PIERRE);M;4787385.0;-391836.0;290
19806;201300021963;13;7;22;730;1;2;1;1.0;2;39;VILLENEUVE ( RUE DE LA);M;4789515.0;-391364.0;290
19807;201300021964;13;7;23;1743;1;2;1;1.0;6;39;TREGUNC ( RUE DE );M;4786333.0;-389601.0;290
19808;201300021965;13;7;24;1225;1;1;3;1.0;3;39;38, KERGUERES (Route de);M;4789658.0;-393312.0;290
19809;201300021966;13;7;30;1935;1;2;1;2.0;7;39;PARMENTIER ( RUE);M;4787334.0;-387924.0;290
19810;201300021967;13;8;2;1445;1;2;2;1.0;4;39;RD 783;M;4786819.0;-389440.0;290
19811;201300021968;13;8;11;710;1;2;1;1.0;1;39;12, SANE ( RUE JEAN NOEL;M;4790423.0;-391021.0;290
19812;201300021969;13;8;12;315;3;1;1;1.0;7;39;RD 783;M;4787789.0;-390094.0;290
19813;201300021970;13;8;16;1928;1;1;1;2.0;7;39;KERGUERES ( CHEMIN DE );M;4789611.0;-393540.0;290
19814;201300021971;13;8;24;1500;1;2;3;1.0;4;39;GARE (AVENUE DE LA);M;4787948.0;-391994.0;290
19815;201300021974;13;8;31;1030;1;2;1;1.0;6;39;CARNOT ( QUAI);M;4787573.0;-391482.0;290
19816;201300021975;13;9;6;1900;1;1;1;1.0;7;39;RN165 (VE);;;;290
19817;201300021976;13;9;7;330;5;2;1;1.0;6;39;RENAN ( RUE ERNEST );M;4787493.0;-392681.0;290
19818;201300021977;13;9;12;920;1;2;1;2.0;7;39;KERNEACH ( ROND POINT DE;M;4788504.0;-391979.0;290
19819;201300021978;13;9;15;50;5;2;1;1.0;3;39;KERAMPORIEL ( ROND POINT;;;;290
19820;201300021979;13;9;15;500;3;1;1;1.0;7;39;1, PONT THOUARS (CHEMIN;M;4787618.0;-391721.0;290
19821;201300021980;13;9;24;830;1;2;6;1.0;3;39;KERGUERES (Route de);M;4789745.0;-393410.0;290
19822;201300021981;13;9;29;1500;1;2;1;1.0;6;39;LE LAY ( AVENUE ALAIN );M;4787562.0;-391729.0;290
19823;201300021982;13;10;1;2105;3;1;3;2.0;7;39;76, KEROSE ( RUE DE );M;4787463.0;-389525.0;290
19824;201300021983;13;10;1;1215;1;1;1;1.0;1;39;MEN CREN ( RUE DE );M;4788002.0;-392421.0;290
19825;201300021984;13;10;11;813;2;2;1;1.0;7;39;QUIMPER ( RUE DE);M;4788651.0;-391968.0;290
19826;201300021985;13;10;23;928;1;1;1;1.0;3;39;00, RD 70 (route d?parte;M;4792521.0;-389612.0;290
19827;201300021986;13;11;11;1730;2;2;1;2.0;6;39;65, GARE (AVENUE DE LA);M;4787749.0;-391958.0;290
19828;201300021987;13;11;22;1110;1;2;3;1.0;6;39;RD 70 (route dpartement;M;4790724.0;-390549.0;290
19829;201300021988;13;12;1;920;1;2;1;1.0;6;39;TREGUNC ( RUE DE );M;4786355.0;-389656.0;290
19830;201300021989;13;12;6;2120;5;1;2;1.0;3;39;33, PENANGUER ( RUE DE);M;4790859.0;-391873.0;290
19831;201300021990;13;12;7;1245;1;1;6;1.0;7;39;KERVINIOU ( ROND POINT D;M;4786258.0;-388955.0;290
19832;201300021991;13;12;6;1235;1;2;1;1.0;3;39;GUEGUIN (AVENUE PIERRE);M;4787388.0;-391832.0;290
19833;201300021992;13;12;9;1200;1;2;2;1.0;3;39;JACOB (RUE MAX);M;4787708.0;-392516.0;290
19834;201300021993;13;12;13;2335;5;2;1;9.0;7;39;Cesaire Aime ( rue);M;4790119.0;-390650.0;290
19835;201300021994;13;12;19;1230;1;1;3;1.0;5;39;KERGUERES (Route de);M;4789205.0;-392387.0;290
19836;201300021995;13;12;20;1750;5;2;1;1.0;3;39;VILLENEUVE ( RUE DE LA);M;4789727.0;-391241.0;290
19837;201300021997;13;8;11;1230;1;1;1;1.0;1;9;;M;4299368.0;147388.0;90
19838;201300021999;13;12;18;115;3;1;1;1.0;6;181;;M;4306591.0;135351.0;90
19839;201300022000;13;12;22;1530;1;1;2;1.0;3;61;;M;4311297.0;136601.0;90
19840;201300022001;13;1;1;2330;3;1;1;1.0;6;254;ST FRANCOIS (LIEU DIT);M;4860128.0;-384732.0;290
19841;201300022002;13;1;16;1430;1;2;1;1.0;6;151;5, GAMBETTA (RUE LEON);M;4857722.0;-382840.0;290
19842;201300022003;13;1;25;2000;3;1;1;3.0;3;151;BAS DE LA RIVIERE (ROUTE;M;4858982.0;-383816.0;290
19843;201300022004;13;2;27;1100;1;2;1;8.0;3;151;, PARIS (ROUTE DE);M;4857706.0;-381096.0;290
19844;201300022005;13;3;11;1145;1;1;1;4.0;2;151;LANNION (ROUTE DE);M;4858993.0;-383407.0;290
19845;201300022007;13;4;17;1735;1;2;1;1.0;6;151;OTAGES (PLACE DES);M;4857789.0;-382880.0;290
19846;201300022009;13;5;19;1715;1;2;1;2.0;6;151;10, CALLAC (ROUTE DE);M;4857502.0;-381937.0;290
19847;201300022010;13;5;20;1150;1;2;1;1.0;6;151;09, CARNOT (RUE);M;4857741.0;-382713.0;290
19848;201300022011;13;5;26;1400;1;1;1;1.0;1;151;151, BAS DE LA RIVIERE (;M;4858930.0;-383794.0;290
19849;201300022012;13;5;15;925;1;2;1;2.0;4;151;MONNET (RUE JEAN);M;4858671.0;-380570.0;290
19850;201300022013;13;6;7;1710;1;2;1;1.0;6;151;6, CARNOT (RUE);M;4857742.0;-382716.0;290
19851;201300022014;13;6;21;208;3;1;1;1.0;7;254;KERIVIN (LIEU DIT);M;4855983.0;-384714.0;290
19852;201300022015;13;9;11;1315;1;1;1;1.0;7;254;REO (BOULEVARD DE);M;4856548.0;-384631.0;290
19853;201300022016;13;9;10;1350;1;2;1;1.0;2;254;30, ROPARTZ (RUE GUY);M;4858039.0;-384505.0;290
19854;201300022017;13;11;20;1900;5;2;2;6.0;3;151;0, STRAJA (RUE DE);M;4858777.0;-381374.0;290
19855;201300022018;13;11;22;25;5;2;9;8.0;6;151;VIERGE NOIRE (RUE DE LA);M;4858907.0;-382882.0;290
19856;201300022019;13;12;1;2140;4;2;1;1.0;6;151;LEON (QUAI DE);M;4858350.0;-383436.0;290
19857;201300022020;13;2;5;1145;1;1;1;4.0;6;422;;M;4801676.0;509760.0;520
19858;201300022021;13;2;23;745;1;1;1;1.0;7;312;;M;4788547.0;522283.0;520
19859;201300022022;13;3;18;1715;1;1;1;1.0;2;432;;M;4793638.0;529328.0;520
19860;201300022023;13;7;21;815;1;1;1;1.0;6;163;;M;4795541.0;537739.0;520
19861;201300022024;13;7;25;1100;1;1;1;1.0;2;399;;M;4808108.0;486684.0;520
19862;201300022025;13;8;9;1000;1;1;1;1.0;6;14;mis milieu;M;4777081.0;519948.0;520
19863;201300022026;13;8;14;1115;1;1;1;1.0;6;111;;M;4795370.0;536620.0;520
19864;201300022027;13;9;14;2030;3;1;1;1.0;3;410;;M;0.0;0.0;520
19865;201300022028;13;9;20;100;3;1;1;1.0;6;27;;M;4774712.0;519426.0;520
19866;201300022029;13;11;21;15;3;1;1;4.0;7;14;;M;4774900.0;519351.0;520
19867;201300022030;13;12;14;415;3;1;1;9.0;2;27;;M;4771967.0;519088.0;520
19868;201300022031;13;12;30;1015;1;1;1;1.0;6;469;;M;4803666.0;507183.0;520
19869;201300022032;13;9;30;1630;1;1;1;1.0;3;690;GN 49.101 6.715;M;0.0;0.0;570
19870;201300022033;13;1;3;1930;5;2;1;2.0;6;238;10, R DE COUPEAUVILLE;M;4955936.0;22620.0;760
19871;201300022034;13;3;30;2030;5;2;1;1.0;6;238;R ROGER CUVELIER;M;4956296.0;23272.0;760
19872;201300022035;13;7;9;730;1;2;1;1.0;1;238;RUE DU VAL DE LA DRILLE;M;4955576.0;21595.0;760
19873;201300022036;13;11;15;115;5;2;1;8.0;7;534;CD32;M;4958588.0;21086.0;760
19874;201300022037;13;2;19;1230;1;1;1;1.0;3;46;;M;4762880.0;195734.0;410
19875;201300022038;13;4;8;1915;1;1;1;3.0;6;231;;M;4747900.0;200884.0;410
19876;201300022039;13;6;23;1715;1;1;1;3.0;2;161;;M;4751860.0;200677.0;410
19877;201300022040;13;7;7;630;2;1;1;1.0;7;46;;M;4766870.0;192267.0;410
19878;201300022042;13;9;7;1645;1;1;1;1.0;7;46;;M;4763190.0;195501.0;410
19879;201300022043;13;9;14;715;2;1;1;2.0;6;161;;M;4757300.0;200179.0;410