;Num_Acc;an;mois;jour;hrmn;lum;agg;int;atm;col;com;adr;gps;lat;long;dep
20610;201300022862;13;5;4;1715;1;2;1;1.0;6;555;66, RUE DE METZ;;;;310
20611;201300022863;13;5;5;445;5;2;2;1.0;1;555;999, RUE DE METZ;;;;310
20612;201300022864;13;5;5;1225;1;2;1;1.0;1;555;69, AV DE MURET;;;;310
20613;201300022865;13;5;7;1715;1;1;1;1.0;3;555;ECHANGEUR ST MARTIN(A624;;;;310
20614;201300022866;13;5;8;1130;1;2;2;1.0;3;557;GASCOGNE (AV DE);M;4358707.0;134504.0;310
20615;201300022867;13;5;10;1125;1;2;1;1.0;6;555;999, BD DE BONREPOS;;;;310
20616;201300022868;13;5;10;1630;1;2;1;1.0;6;555;999, RTE DE BAYONNE;;;;310
20617;201300022869;13;5;10;1900;1;2;1;1.0;1;555;999, AV DE LOMBEZ;;;;310
20618;201300022870;13;5;11;1510;1;2;1;1.0;3;555;16, BD DE STRASBOURG;;;;310
20619;201300022872;13;5;12;2324;1;1;1;1.0;3;555;VA007500 CROIXDAURADEA62;;;;310
20620;201300022873;13;5;7;800;1;2;1;2.0;3;557;65, PAHIN (CH DE);M;4359395.0;132490.0;310
20621;201300022874;13;5;13;945;1;2;6;1.0;3;555;999, RPT M-MADELEINE FOU;;;;310
20622;201300022875;13;5;13;1300;1;2;1;1.0;3;149;ingres (auguste);M;4359746.0;135078.0;310
20623;201300022876;13;5;13;1705;1;1;1;1.0;3;555;VA007355 PURPAN A620 Sor;;;;310
20624;201300022877;13;5;13;2000;1;2;1;1.0;2;555;11, AV DES MAZADES;;;;310
20625;201300022878;13;5;14;956;1;2;1;1.0;3;555;3, RUE PAUL DECAMPS;;;;310
20626;201300022879;13;5;15;1015;1;1;1;2.0;6;555;VA007604 DEMOISELLESA620;;;;310
20627;201300022880;13;5;16;500;5;2;1;2.0;6;555;129, AV DE LESPINET;;;;310
20628;201300022881;13;5;16;1800;1;2;1;1.0;6;555;999, PL SAINT SERNIN;;;;310
20629;201300022882;13;5;17;1805;1;2;1;1.0;7;555;999, AV PAUL SEJOURNE;;;;310
20630;201300022883;13;5;18;1405;1;2;1;1.0;4;555;999, BD DE BONREPOS;;;;310
20631;201300022884;13;5;16;1030;1;2;1;2.0;2;555;19, RUE ARAGO;;;;310
20632;201300022885;13;5;21;1520;1;2;1;1.0;3;555;18, BD PIERRE ET MARIE C;;;;310
20633;201300022886;13;5;17;900;1;1;1;1.0;2;149;RN124;;;;310
20634;201300022887;13;5;23;1225;1;2;1;1.0;2;555;3, RUE DE L AUBISQUE;;;;310
20635;201300022888;13;5;24;1533;1;2;1;1.0;3;149;999, PIBRAC (BOULEVARD D;;;;310
20636;201300022889;13;5;24;1620;1;1;1;1.0;4;149;ECHANGEUR ST MICHEL;;;;310
20637;201300022890;13;5;26;1100;1;2;1;1.0;2;557;3bis, AURIOL (BD VINCENT;M;4358473.0;134439.0;310
20638;201300022891;13;5;27;800;1;2;1;1.0;3;149;COLLONGUES (RUE ETIENNE);M;4359935.0;133001.0;310
20639;201300022892;13;5;22;1800;1;2;1;1.0;2;557;MONTEL (BD EUGENE);M;4358755.0;133884.0;310
20640;201300022893;13;5;28;2150;2;2;1;1.0;6;555;53, RTE DE NARBONNE;;;;310
20641;201300022894;13;5;27;915;1;2;1;1.0;2;555;999, AV DE REYNERIE;;;;310
20642;201300022895;13;5;30;800;1;2;1;1.0;2;555;100, AV DES MINIMES;;;;310
20643;201300022896;13;5;30;1640;1;2;1;2.0;6;555;88, ALL JEAN JAURES;;;;310
20644;201300022897;13;5;30;2145;1;2;1;2.0;3;555;999, QU DE TOUNIS;;;;310
20645;201300022898;13;5;29;829;1;2;1;1.0;2;149;19, ADER (AVENUE CLEMENT;M;4361966.0;134787.0;310
20646;201300022899;13;6;1;1;5;2;1;1.0;1;555;4, BD GABRIEL KOENIGS;;;;310
20647;201300022900;13;6;3;2215;1;2;1;1.0;3;555;999, QU DE TOUNIS;;;;310
20648;201300022901;13;6;3;1345;1;2;1;1.0;5;555;227, RTE D ALBI;;;;310
20649;201300022902;13;6;2;1900;1;2;1;1.0;3;555;65, RTE D ALBI;;;;310
20650;201300022903;13;6;4;1900;1;2;1;1.0;6;555;17, RUE PAULIN TALABOT;;;;310
20651;201300022904;13;6;4;1830;1;1;1;1.0;4;555;VA008493 LA CRABE A624 S;;;;310
20652;201300022905;13;6;3;930;1;2;1;1.0;6;555;999, AV DU GENERAL EISEN;;;;310
20653;201300022906;13;6;3;1725;1;2;1;1.0;1;555;999, CHE DE LESTANG;;;;310
20654;201300022907;13;6;5;1140;1;2;1;1.0;3;555;999, CHE DE LAPUJADE;;;;310
20655;201300022908;13;6;5;1300;1;2;1;1.0;6;557;5, AURIOL (BD VINCENT);M;4358492.0;134481.0;310
20656;201300022909;13;6;5;1645;1;2;1;1.0;6;555;999, RUE D ALSACE LORRAI;;;;310
20657;201300022910;13;6;5;1955;1;2;1;1.0;2;69;RONSARD (RUE PIERRE;M;4364308.0;137870.0;310
20658;201300022911;13;6;6;1740;1;2;3;1.0;5;555;999, AV SALVADOR ALLENDE;;;;310
20659;201300022912;13;6;6;1800;1;2;1;1.0;6;555;109, AV DE FRONTON;;;;310
20660;201300022913;13;6;7;105;5;2;1;2.0;2;555;VA007566 MONTAUDRAN A61;;;;310
20661;201300022914;13;6;7;1230;1;2;1;1.0;6;555;66, AV DE LOMBEZ;;;;310
20662;201300022915;13;6;8;1936;1;1;1;1.0;2;555;VA007554 LASBORDES A61 S;;;;310
20663;201300022916;13;6;9;725;1;2;1;2.0;2;555;999, AV JEAN ZAY;;;;310
20664;201300022917;13;6;7;1456;1;2;1;1.0;4;555;56, BD DE STRASBOURG;;;;310
20665;201300022918;13;6;10;2235;5;2;1;1.0;6;555;53, RTE DE NARBONNE;;;;310
20666;201300022919;13;6;7;1740;1;2;1;1.0;6;149;PIC DE NORE (ALLEE);M;4360990.0;134548.0;310
20667;201300022921;13;6;11;830;1;2;1;1.0;6;555;999, RUE VALADE;;;;310
20668;201300022922;13;6;11;2100;2;2;1;1.0;3;555;999, BD PIERRE PAUL RIQU;;;;310
20669;201300022923;13;6;11;1425;1;2;1;1.0;2;555;165, RTE D ALBI;;;;310
20670;201300022924;13;6;11;1805;1;2;1;1.0;3;555;62, CHE DE LA GLACIERE;;;;310
20671;201300022925;13;6;11;1800;1;2;1;1.0;6;555;47, AV DE RANGUEIL;;;;310
20672;201300022926;13;6;10;805;1;1;1;1.0;3;555;VA007456 SESQUIERES A620;;;;310
20673;201300022927;13;6;7;1940;1;2;1;1.0;3;557;9, CANAL (CH DU);M;4355965.0;135097.0;310
20674;201300022928;13;6;12;2350;5;2;1;1.0;6;555;76, RTE D AGDE;;;;310
20675;201300022929;13;6;7;1525;1;2;1;1.0;2;555;11, GRANDE RUE SAINT MIC;;;;310
20676;201300022930;13;6;11;1830;1;2;1;1.0;1;555;3, ALL DE BELLEFONTAINE;;;;310
20677;201300022931;13;6;13;2025;1;2;1;1.0;4;555;22, RTE DE SAINT SIMON;;;;310
20678;201300022932;13;6;15;2120;3;2;1;1.0;3;555;XX, IMP BARTHE;;;;310
20679;201300022933;13;6;7;1545;1;1;1;1.0;3;555;999, BD MATABIAU;;;;310
20680;201300022934;13;6;14;900;1;2;1;1.0;3;69;2, COSTES (RUE DIEUDONNE;M;4363099.0;137997.0;310
20681;201300022935;13;6;19;30;5;2;3;2.0;3;555;IMP DE MAUBEC;;;;310
20682;201300022936;13;6;13;1223;1;2;1;1.0;1;555;22, GRANDE RUE SAINT MIC;;;;310
20683;201300022937;13;6;21;1345;1;2;1;1.0;3;149;CORNEBARRIEU (ROUTE D;M;4362173.0;133448.0;310
20684;201300022938;13;6;21;2350;1;2;1;1.0;6;555;58, ALL JEAN JAURES;;;;310
20685;201300022939;13;6;23;620;2;1;1;2.0;6;555;VA008432 LANGLADE A620 S;;;;310
20686;201300022941;13;6;20;645;1;1;1;1.0;5;69;3 LE RITOURET (FIL D'ARI;;;;310
20687;201300022942;13;6;24;1915;1;2;1;1.0;6;555;999, CHE DES CANALETS;;;;310
20688;201300022943;13;6;24;2150;5;2;1;1.0;7;555;999, AV DE MURET;;;;310
20689;201300022944;13;6;22;10;5;2;1;1.0;6;149;ROND POINT DE LA LAICITE;M;4360986.0;133313.0;310
20690;201300022945;13;6;25;745;1;1;1;1.0;5;555;VA007553 A61;;;;310
20691;201300022946;13;6;27;955;1;2;1;1.0;6;555;10, BD D ARCOLE;;;;310
20692;201300022947;13;6;27;2300;5;2;3;1.0;3;555;65, ALL DES DEMOISELLES;;;;310
20693;201300022948;13;6;28;1;5;2;1;1.0;7;555;999, RUE DU POLE;;;;310
20694;201300022949;13;6;27;1355;1;1;1;1.0;2;555;VA007331 A620;M;4358683.0;140187.0;310
20695;201300022950;13;6;28;1700;1;2;1;1.0;3;555;999, RTE DE REVEL;;;;310
20696;201300022951;13;6;29;2340;1;2;1;1.0;1;555;999, RUE ROQUEMAUREL;;;;310
20697;201300022952;13;6;30;500;5;2;1;1.0;1;555;999, BD MATABIAU;;;;310
20698;201300022953;13;6;30;1230;1;2;1;1.0;7;149;27, HUGO (BOULEVARD VICT;M;4361208.0;130877.0;310
20699;201300022954;13;6;30;1345;1;2;1;1.0;6;555;23, RUE DE TOULON;;;;310
20700;201300022955;13;7;2;905;1;2;1;1.0;7;555;17, RUE DU FAUBOURG BONN;;;;310
20701;201300022956;13;7;2;900;1;2;1;1.0;2;149;RN124;;;;310
20702;201300022957;13;6;26;1400;1;2;1;1.0;2;555;999, BD DEODAT DE SEVERA;;;;310
20703;201300022958;13;7;2;1225;1;2;1;1.0;6;555;0, AV DE GRANDE BRETAGNE;;;;310
20704;201300022959;13;7;2;1500;1;2;1;1.0;6;555;20, RUE DU CAILLOU GRIS;;;;310
20705;201300022960;13;6;30;1650;1;2;1;1.0;2;149;SORTIE 4 - 5;;;;310
20706;201300022961;13;7;2;1650;1;2;1;1.0;6;555;64, AV YVES BRUNAUD;;;;310
20707;201300022962;13;7;4;500;2;2;1;2.0;1;555;2, RUE DU POLE;;;;310
20708;201300022963;13;7;4;650;2;1;1;1.0;1;555;83, AV JEAN RIEUX;;;;310
20709;201300022964;13;7;2;510;5;2;1;1.0;7;555;999, CHE DE LA CRABE;;;;310
20710;201300022966;13;7;7;100;5;2;1;1.0;6;555;999, BD GRIFFOUL DORVAL;;;;310
20711;201300022967;13;7;7;1510;1;2;1;1.0;2;555;AV DU MIRAIL;;;;310
20712;201300022968;13;7;5;1910;1;1;1;1.0;6;555;VA007342 LA CEPIERE  A62;;;;310
20713;201300022969;13;7;9;745;1;2;3;1.0;2;69;RTE GRENADE/RUE ST MICHE;M;4362295.0;139533.0;310
20714;201300022970;13;7;9;745;1;2;1;1.0;6;555;71, RTE D ALBI;;;;310
20715;201300022971;13;7;3;1845;1;2;1;1.0;6;555;39/41, RTE DE BAYONNE;;;;310
20716;201300022972;13;7;10;830;1;2;1;1.0;6;555;AV EMMANUEL MAIGNAN;;;;310
20717;201300022973;13;7;10;2120;2;2;1;2.0;1;69;33, LOTI (RUE PIERRE);M;4362803.0;139229.0;310
20718;201300022975;13;7;9;1840;1;1;1;1.0;2;555;VA007342 LA CEPIERE A620;;;;310
20719;201300022976;13;7;12;1745;1;2;1;1.0;3;555;45, RUE DE BAYARD;;;;310
20720;201300022977;13;7;16;1;5;2;1;1.0;2;555;28, AV DE LYON;;;;310
20721;201300022978;13;7;13;1200;1;2;1;1.0;3;555;999, RTE DE SEYSSES;;;;310
20722;201300022979;13;7;17;950;1;2;1;1.0;6;557;PANOUSE (RUE BERTRAND);M;4358201.0;134331.0;310
20723;201300022980;13;7;18;2000;1;1;1;1.0;3;555;VA001490 A621;;;;310
20724;201300022981;13;7;19;1745;1;2;1;1.0;5;555;999, AV DES ETATS UNIS;;;;310
20725;201300022982;13;7;21;15;4;2;1;1.0;6;555;999, ALL DE BARCELONE;;;;310
20726;201300022983;13;7;22;1545;1;1;1;1.0;7;555;VA007553 A61;;;;310
20727;201300022984;13;7;22;2049;1;2;3;1.0;3;555;AV DE LATTRE DE TASSIGNY;;;;310
20728;201300022985;13;7;23;1200;1;2;1;1.0;7;555;AV DE LYON;;;;310
20729;201300022986;13;7;23;1400;1;2;3;1.0;5;69;PARC (AV DU)/IMP VENDEE;M;4363225.0;138860.0;310
20730;201300022987;13;7;24;1640;1;2;1;1.0;7;555;26, RUE DE LA SARTHE;;;;310
20731;201300022988;13;7;26;730;1;2;1;1.0;1;555;999, CHE DE FENOUILLET;;;;310
20732;201300022989;13;7;28;140;5;2;1;1.0;3;555;380, AV DE FRONTON;;;;310
20733;201300022990;13;7;27;2345;5;2;1;1.0;3;555;999, RUE MATABIAU;;;;310
20734;201300022991;13;7;30;1940;1;2;1;1.0;2;555;52, BD DE STRASBOURG;;;;310
20735;201300022992;13;8;1;630;2;2;1;1.0;7;555;999, BD LAZARE CARNOT;;;;310
20736;201300022993;13;7;31;1240;1;2;1;1.0;3;555;999, PL INTERIEURE ST CY;;;;310
20737;201300022995;13;8;3;1630;1;1;3;1.0;1;555;999, BD DE STRASBOURG;;;;310
20738;201300022996;13;8;2;2050;1;2;4;1.0;3;69;MONTPLAISIR (RUE);M;4362250.0;139461.0;310
20739;201300022997;13;8;5;1120;1;2;1;1.0;1;555;999, CHE DE FENOUILLET;;;;310
20740;201300022998;13;8;5;1930;1;2;1;1.0;2;555;999, BD DE LA GARE;;;;310
20741;201300022999;13;8;6;1215;1;2;1;1.0;2;555;308, AV DES ETATS UNIS;;;;310
20742;201300023000;13;8;6;1540;1;2;1;1.0;2;555;123, RTE DE REVEL;;;;310
20743;201300023001;13;8;6;1645;1;2;2;1.0;3;555;999, AV DU PRESIDENT DOU;;;;310
20744;201300023002;13;8;6;900;1;2;1;1.0;1;555;999, AV DE LARDENNE;;;;310
20745;201300023004;13;8;6;130;1;2;1;2.0;7;557;TARBES (ROUTE DE);M;4357388.0;131740.0;310
20746;201300023006;13;8;7;835;1;1;1;1.0;3;555;VA001490 A621;;;;310
20747;201300023007;13;8;10;300;5;1;1;1.0;6;555;VA001490 A621;;;;310
20748;201300023008;13;8;10;1650;1;2;1;2.0;3;555;999, AV DE GRANDE BRETAG;;;;310
20749;201300023009;13;8;14;1815;1;2;1;1.0;6;555;999, PL DU RAVELIN;;;;310
20750;201300023010;13;8;15;1520;1;2;1;1.0;1;555;211, CHE DES ETROITS;;;;310
20751;201300023011;13;8;15;1740;1;2;1;1.0;1;555;999, AV JEAN CHAUBET;;;;310
20752;201300023012;13;8;20;1750;1;2;1;1.0;1;557;6, TOUCH (CH DU);M;4359059.0;136605.0;310
20753;201300023013;13;8;22;1515;1;2;1;1.0;6;555;10, CHE DE POUVOURVILLE;;;;310
20754;201300023014;13;8;22;1325;1;2;1;1.0;6;555;999, RTE D ESPAGNE;;;;310
20755;201300023015;13;8;22;2100;1;2;1;1.0;1;555;RUE DE PERIOLE;;;;310
20756;201300023016;13;8;22;1455;1;2;1;1.0;6;555;136, RUE LOUIS PLANA;;;;310
20757;201300023017;13;8;23;800;2;1;1;1.0;4;555;VA007554 LASBORDES A61 S;;;;310
20758;201300023018;13;8;23;1420;1;2;1;1.0;2;555;50, BD DES MINIMES;;;;310
20759;201300023019;13;8;23;1655;1;2;1;1.0;3;555;999, AV PIERRE G LATECOE;;;;310
20760;201300023020;13;8;28;1740;1;1;1;1.0;2;555;VA007355 PURPAN A620 Sor;;;;310
20761;201300023021;13;8;28;2200;5;2;1;1.0;4;69;FIL D'ARIANE (RD902);;;;310
20762;201300023022;13;8;30;1655;1;2;1;1.0;6;555;54, RTE DE BLAGNAC;;;;310
20763;201300023023;13;9;1;235;1;2;1;1.0;2;555;18, BD GRIFFOUL DORVAL;;;;310
20764;201300023024;13;9;1;1500;1;2;1;1.0;3;555;18, AV DES MINIMES;;;;310
20765;201300023025;13;9;2;1155;1;2;3;1.0;2;555;13, RUE DE METZ;;;;310
20766;201300023026;13;9;2;2125;5;2;2;1.0;3;555;RUE SAINTE MARIE;;;;310
20767;201300023027;13;9;4;700;2;2;2;1.0;3;555;999, RUE D ALSACE LORRAI;;;;310
20768;201300023028;13;9;3;1030;1;2;1;1.0;1;555;2, AV JULES JULIEN;;;;310
20769;201300023029;13;9;4;1940;1;2;1;1.0;4;555;RUE ERNEST RENAN;;;;310
20770;201300023030;13;9;6;515;5;2;3;1.0;6;555;44, AV DE CASSELARDIT;;;;310
20771;201300023031;13;9;6;1619;1;2;1;1.0;2;555;19, RTE DE LAUNAGUET;;;;310
20772;201300023032;13;9;6;1725;1;2;3;9.0;6;555;RUE JEAN JACQUES BERNET;;;;310
20773;201300023034;13;9;4;855;1;2;1;1.0;3;555;38, RUE JULES AMILHAU;;;;310
20774;201300023035;13;9;10;1140;1;2;1;8.0;3;555;12, AV ANTOINE DE ST EXU;;;;310
20775;201300023036;13;9;10;1610;1;2;1;1.0;6;69;49, CARRIERE (RUE);M;4364028.0;139230.0;310
20776;201300023037;13;9;9;825;1;2;1;1.0;6;557;210, RAMELET MOUNDI (CH;M;4357924.0;135932.0;310
20777;201300023038;13;9;10;1045;5;2;1;2.0;6;555;RD901;;;;310
20778;201300023039;13;9;12;837;1;2;1;1.0;3;555;26, BD GRIFFOUL DORVAL;;;;310
20779;201300023040;13;9;12;1150;1;2;1;1.0;3;555;AV DE LATTRE DE TASSIGNY;;;;310
20780;201300023041;13;9;13;750;2;1;1;1.0;4;555;VA007379 BAYLAC  A624 So;;;;310
20781;201300023042;13;9;13;930;1;2;1;1.0;4;555;276, AV ANTOINE DE ST EX;;;;310
20782;201300023043;13;9;13;715;1;2;1;2.0;2;555;118, AV FREDERIC ESTEBE;;;;310
20783;201300023044;13;9;13;1935;1;2;1;1.0;3;555;176, RTE DE SEYSSES;;;;310
20784;201300023045;13;9;13;2145;5;2;1;1.0;1;555;72, AV DE CASTRES;;;;310
20785;201300023046;13;9;14;1235;1;2;1;1.0;3;555;999, RUE MATABIAU;;;;310
20786;201300023047;13;9;15;1550;1;2;1;1.0;6;555;999, RUE EDMOND ROSTAND;;;;310
20787;201300023048;13;9;15;1940;1;1;9;1.0;5;555;VA007418 PONT JUMEAUX620;;;;310
20788;201300023049;13;9;15;1530;1;2;1;1.0;6;555;999, CHE DE GUILHERMY;;;;310
20789;201300023050;13;9;13;1750;1;2;1;1.0;3;555;156, CHE DU RAMELET MOUN;;;;310
20790;201300023051;13;9;17;745;1;2;1;1.0;6;555;70, RTE DE NARBONNE;;;;310
20791;201300023052;13;9;18;2215;5;2;6;3.0;3;149;Rond Point fontaine lumi;M;4360919.0;135247.0;310
20792;201300023053;13;9;19;1035;1;2;1;1.0;1;555;110, RTE DE BLAGNAC;;;;310
20793;201300023054;13;9;19;815;2;2;1;2.0;6;149;NAUROUZE (ALLEE DE);M;4360926.0;134843.0;310
20794;201300023055;13;9;18;700;5;2;1;1.0;2;557;TARBES (ROUTE DE);M;4357715.0;132593.0;310
20795;201300023056;13;9;18;1005;1;2;1;1.0;2;149;chemin de gramont;M;4361838.0;133921.0;310
20796;201300023057;13;9;20;1715;1;2;1;1.0;6;555;70, BD SILVIO TRENTIN;;;;310
20797;201300023058;13;9;20;1832;1;1;1;1.0;5;555;VA007331 A620;M;4365460.0;142678.0;310
20798;201300023059;13;9;23;1400;1;2;3;1.0;3;555;999, RUE DE THIONVILLE;;;;310
20799;201300023060;13;9;25;1230;1;2;1;1.0;3;555;21, AV DE LARDENNE;;;;310
20800;201300023061;13;9;25;1420;1;2;1;1.0;6;555;RUE DE METZ;;;;310
20801;201300023062;13;9;27;745;1;2;2;1.0;1;555;BD DE SUISSE;;;;310
20802;201300023063;13;9;30;755;1;2;1;1.0;1;555;32, RUE DE METZ;;;;310
20803;201300023064;13;9;30;1005;1;2;1;1.0;4;555;359, AV DES ETATS UNIS;;;;310
20804;201300023065;13;9;30;1100;1;2;1;1.0;6;555;56, AV HONORE SERRES;;;;310
20805;201300023066;13;9;30;1138;1;2;8;1.0;1;555;102, CHE DE GABARDIE;;;;310
20806;201300023067;13;9;30;1635;1;1;1;1.0;2;555;VA007495 A62;;;;310
20807;201300023068;13;9;30;1645;1;1;1;2.0;4;555;VA007553 A61;;;;310
20808;201300023069;13;10;1;735;2;1;1;1.0;3;555;VA007333 LA FAOURETTE A6;;;;310
20809;201300023070;13;10;1;1630;1;1;1;1.0;4;555;VA007355 PURPAN A620 Sor;;;;310
20810;201300023071;13;10;3;730;2;1;1;1.0;5;555;VA007553 A61;;;;310
20811;201300023073;13;10;3;630;5;2;1;1.0;6;555;2, AV ETIENNE BILLIERES;;;;310
20812;201300023074;13;10;3;1315;1;2;1;2.0;6;149;ROUSSILLON (ALLEE DU);M;4361064.0;133552.0;310
20813;201300023075;13;10;4;746;2;1;1;1.0;2;555;VA008482 A624;;;;310
20814;201300023076;13;10;5;2300;5;1;1;1.0;2;555;VA007644 EMPALOT A620 So;;;;310
20815;201300023077;13;10;6;1425;1;2;1;1.0;3;555;3, BD D ARCOLE;;;;310
20816;201300023078;13;10;7;724;1;1;1;1.0;2;149;ECHANGEUR ST MARTIN (A62;;;;310
20817;201300023079;13;10;4;825;1;1;1;1.0;2;555;VA007342 LA CEPIERE  A62;;;;310
20818;201300023080;13;10;11;1500;1;2;1;1.0;1;555;100, AV JEAN RIEUX;;;;310
20819;201300023081;13;10;14;930;1;2;3;1.0;6;555;999, RUE DU POLE;;;;310
20820;201300023082;13;10;14;2058;5;2;3;1.0;2;555;BD DU MARECHAL JUIN;;;;310
20821;201300023083;13;10;14;1800;1;2;1;1.0;6;555;35, RUE DE GIRONIS;;;;310
20822;201300023084;13;10;10;1030;1;2;3;1.0;3;557;7, MANOIR (RUE)/AVE MARQ;M;4357500.0;134607.0;310
20823;201300023085;13;10;15;1035;1;2;1;1.0;6;555;29, RUE DE METZ;;;;310
20824;201300023086;13;10;16;655;1;2;6;2.0;3;555;R-PT DU DR MAURICE DIDE;;;;310
20825;201300023087;13;10;14;655;2;2;1;1.0;2;149;GASCOGNE (BOULEVARD DE);M;4360810.0;132620.0;310
20826;201300023088;13;10;16;1945;3;2;1;1.0;2;555;25, AV DE LYON;;;;310
20827;201300023089;13;10;16;2035;4;2;3;1.0;3;555;999, BD LAZARE CARNOT;;;;310
20828;201300023090;13;10;17;900;1;2;2;1.0;3;555;999, RUE SALAMBO;;;;310
20829;201300023091;13;10;17;1220;1;2;1;1.0;6;555;17, RUE DU REMPART ST ET;;;;310
20830;201300023092;13;10;17;1100;1;2;1;1.0;2;555;999, AV JULES JULIEN;;;;310
20831;201300023093;13;10;19;620;5;2;1;1.0;6;555;173, AV RAYMOND NAVES;;;;310
20832;201300023094;13;10;18;2135;5;2;1;1.0;6;555;13, RUE JACQUES ROUDIL;;;;310
20833;201300023095;13;10;18;1845;2;2;2;1.0;3;555;999, CHE DE L EGLISE DE;;;;310
20834;201300023097;13;10;20;1;5;2;1;1.0;7;555;2, PL DOMINIQUE MARTIN D;;;;310
20835;201300023098;13;10;18;750;2;1;1;1.0;2;555;VA008482 A624;;;;310
20836;201300023099;13;10;21;2125;5;2;1;1.0;6;555;14, BD DE STRASBOURG;;;;310
20837;201300023100;13;10;21;2045;5;2;1;1.0;6;555;284, RTE DE SEYSSES;;;;310
20838;201300023101;13;10;21;1950;5;2;1;1.0;3;555;RD901;;;;310
20839;201300023102;13;10;18;1525;1;2;1;1.0;3;149;98, COMMINGES (ALLEE DU);M;4360790.0;133009.0;310
20840;201300023103;13;10;22;1215;1;2;1;1.0;6;69;PARKING LECLERC;M;4364541.0;137033.0;310
20841;201300023104;13;10;21;1925;2;2;1;1.0;6;555;53, BD JEAN BRUNHES;;;;310
20842;201300023105;13;10;23;1700;1;2;1;1.0;1;555;999, RUE EMILE LECRIVAIN;;;;310
20843;201300023106;13;10;23;920;1;2;1;1.0;3;555;117, RUE NICOLAS L VAUQU;;;;310
20844;201300023107;13;10;25;340;5;2;1;1.0;6;555;5, BD DE STRASBOURG;;;;310
20845;201300023108;13;10;26;1545;1;2;1;1.0;4;555;999, RUE MATABIAU;;;;310
20846;201300023110;13;10;26;1815;2;2;4;1.0;1;555;999, RUE DE PERIOLE;;;;310
20847;201300023111;13;10;27;1240;1;2;1;1.0;6;555;999, ALL DU PRESIDENT RO;;;;310
20848;201300023112;13;10;28;1730;1;2;1;1.0;7;149;42 a, DESCARTES (Rue);M;4361652.0;130590.0;310
20849;201300023113;13;10;24;1600;1;2;1;1.0;3;69;GARROS (RUE ROLAND);M;4364277.0;136730.0;310
20850;201300023114;13;10;25;920;1;2;1;1.0;3;555;153, RUE DU FERETRA;;;;310
20851;201300023115;13;10;30;10;1;2;1;1.0;3;555;63, BD LAZARE CARNOT;;;;310
20852;201300023116;13;10;24;1655;1;2;1;1.0;6;555;2, RUE DU FAUBOURG BONNE;;;;310
20853;201300023117;13;10;30;1610;1;2;1;1.0;6;555;25, PL DOMINIQUE MARTIN;;;;310
20854;201300023118;13;10;30;1700;1;1;1;1.0;3;555;VA007331 A620;;;;310
20855;201300023119;13;10;30;1920;4;2;1;1.0;1;149;RN124;;;;310
20856;201300023120;13;10;31;1100;1;1;1;1.0;2;555;VA007418 PONT JUMEAUX A6;;;;310
20857;201300023121;13;10;31;1545;1;2;1;1.0;6;555;71, RUE VESTREPAIN;;;;310
20858;201300023122;13;10;31;2000;5;2;1;1.0;1;555;999, AV JEAN RIEUX;;;;310
20859;201300023123;13;11;1;330;5;2;1;1.0;7;555;20, RUE SAINT BERNARD;;;;310
20860;201300023124;13;11;1;1430;1;2;1;1.0;7;69;999, MOULIN DE NAUDIN (C;;;;310
20861;201300023125;13;11;2;1536;1;2;1;1.0;2;69;DEWOITINE (RD-PT EMILE);M;4362549.0;138311.0;310
20862;201300023126;13;11;3;650;5;2;1;1.0;6;555;12, RUE DU FAUBOURG BONN;;;;310
20863;201300023127;13;10;31;1400;1;2;1;1.0;2;555;105, AV DU GENERAL EISEN;;;;310
20864;201300023129;13;11;4;1345;1;2;1;2.0;6;555;VA007355 PURPAN A620 Sor;;;;310
20865;201300023130;13;11;4;1850;1;2;3;1.0;3;555;, RUE GUSTAVE CHARPENTIE;;;;310
20866;201300023131;13;11;4;1915;5;1;1;1.0;5;555;VA007553 A62;;;;310
20867;201300023132;13;11;4;1700;1;2;1;1.0;1;555;999, RUE NICOLAS L VAUQU;;;;310
20868;201300023134;13;11;4;835;1;2;2;1.0;5;555;999, RUE HENRI DESBALS;;;;310
20869;201300023135;13;11;6;1650;1;2;1;1.0;2;555;63, BD SILVIO TRENTIN;;;;310
20870;201300023136;13;11;6;1450;1;2;1;1.0;1;149;10, ROQUEPAVA (CHEMIN);M;4360193.0;133599.0;310
20871;201300023137;13;11;5;840;1;2;3;1.0;2;149;Rue Georges Sand;M;4360227.0;134228.0;310
20872;201300023138;13;11;5;1000;1;2;1;3.0;6;555;999, RTE DE SEYSSES;;;;310
20873;201300023139;13;11;7;1530;1;2;1;1.0;6;555;169, RUE HENRI DESBALS;;;;310
20874;201300023140;13;11;4;815;1;1;1;2.0;4;69;A621 SORTIE RITOURET;;;;310
20875;201300023142;13;11;7;1926;5;2;1;1.0;6;555;999, ALL DE BELLEFONTAIN;;;;310
20876;201300023143;13;11;8;1835;4;2;1;2.0;3;557;79, TARBES (ROUTE DE);M;4357920.0;132870.0;310