;Num_Acc;an;mois;jour;hrmn;lum;agg;int;atm;col;com;adr;gps;lat;long;dep
20877;201300023144;13;11;8;1330;1;2;1;1.0;2;555;46, AV JEAN ZAY;;;;310
20878;201300023145;13;11;8;2315;3;2;2;1.0;1;555;999, CHE DE CROIX BENITE;;;;310
20879;201300023146;13;11;9;1745;2;2;2;2.0;3;555;138, AV DE FRONTON;;;;310
20880;201300023148;13;11;10;340;5;2;1;2.0;2;555;19, AV DES MINIMES;;;;310
20881;201300023149;13;11;10;330;5;2;1;1.0;6;555;999, PONT DE LA CROIX DE;;;;310
20882;201300023150;13;11;10;710;1;2;1;2.0;7;555;19, ALL JEAN JAURES;;;;310
20883;201300023151;13;11;10;1210;1;2;1;2.0;3;555;23, BD DE L EMBOUCHURE;;;;310
20884;201300023152;13;10;31;1630;1;2;1;1.0;2;557;LARRAMET (CH DE);;;;310
20885;201300023153;13;11;9;1027;1;2;1;1.0;6;555;999, BD DE L EMBOUCHURE;;;;310
20886;201300023154;13;11;12;1955;5;2;1;2.0;6;555;17, RUE DE FLEURY;;;;310
20887;201300023155;13;11;13;1445;1;2;1;1.0;2;555;AV DE LYON;;;;310
20888;201300023156;13;11;12;2025;5;1;1;8.0;6;555;SORTIE LACRABE (A624);;;;310
20889;201300023157;13;11;8;930;1;2;1;1.0;6;555;30, CHE DES MARAICHERS;;;;310
20890;201300023158;13;11;17;715;1;2;1;1.0;7;555;999, GRANDE RUE SAINT MI;;;;310
20891;201300023159;13;11;12;2006;5;2;1;2.0;3;555;VA007622 RANGUEIL A620 S;;;;310
20892;201300023160;13;11;18;1510;1;2;1;1.0;3;69;115, GRENADE (ROUTE DE);M;4363615.0;139099.0;310
20893;201300023161;13;11;18;1830;3;2;1;2.0;6;555;999, AV LEON BLUM;;;;310
20894;201300023162;13;11;19;2325;5;2;1;1.0;6;555;7, BD LASCROSSES;;;;310
20895;201300023163;13;11;20;1730;2;2;1;1.0;2;555;29, AV M BOURGES MAUNOUR;;;;310
20896;201300023165;13;11;15;1720;5;2;1;2.0;2;555;999, RTE DE SEYSSES;;;;310
20897;201300023166;13;11;22;1745;4;2;1;1.0;1;555;999, AV DE FRONTON;;;;310
20898;201300023167;13;11;21;1750;5;2;2;1.0;6;555;28, AV HONORE SERRES;;;;310
20899;201300023168;13;11;21;740;2;2;1;1.0;2;149;RN124;;;;310
20900;201300023170;13;11;26;722;5;2;1;1.0;6;149;3, PERIGORD (ALLEE DU);M;4361183.0;133228.0;310
20901;201300023171;13;11;23;1850;5;2;1;2.0;3;555;51, AV DE LOMBEZ;;;;310
20902;201300023172;13;11;26;1835;1;1;1;1.0;2;555;VA007331 A620;;;;310
20903;201300023174;13;11;26;1610;1;2;1;1.0;6;557;67, DOUMERGUE (RUE GASTO;M;4358360.0;134530.0;310
20904;201300023175;13;11;28;810;1;2;3;1.0;3;555;999, RUE ALFRED RAMBAUD;;;;310
20905;201300023176;13;11;29;530;5;2;1;1.0;6;555;20, AV LEON BLUM;;;;310
20906;201300023177;13;11;29;1630;1;2;1;1.0;4;69;VA007386 Fil d'Ariane;;;;310
20907;201300023178;13;11;29;1745;2;2;1;1.0;6;555;08, AV M BOURGES MAUNOUR;;;;310
20908;201300023179;13;12;1;245;5;2;3;1.0;3;555;999, PONT DU HALAGE DE T;;;;310
20909;201300023180;13;12;1;1315;1;2;1;1.0;3;555;25, RTE D ESPAGNE;;;;310
20910;201300023181;13;11;26;2020;5;2;1;1.0;6;69;999, BRASSENS (PL GEORGE;;;;310
20911;201300023183;13;12;3;1700;1;2;1;1.0;2;555;59, BD JEAN BRUNHES;;;;310
20912;201300023184;13;12;3;1930;5;2;1;1.0;6;555;999, AV DU GENERAL EISEN;;;;310
20913;201300023185;13;12;4;100;5;2;2;1.0;3;555;AV DES MINIMES;;;;310
20914;201300023186;13;12;4;650;2;2;1;5.0;4;149;37, MONNET (AVENUE JEAN);M;4362725.0;134655.0;310
20915;201300023187;13;12;4;820;1;2;1;1.0;2;557;7, ADER (RUE CLEMENT);M;4358746.0;134581.0;310
20916;201300023188;13;12;1;955;1;1;1;1.0;6;555;VA007456 SESQUIERES A620;;;;310
20917;201300023189;13;12;4;800;1;2;1;1.0;6;555;33, RUE DE PERIOLE;;;;310
20918;201300023190;13;12;5;1800;5;2;1;1.0;3;555;30, PORT SAINT ETIENNE;;;;310
20919;201300023191;13;12;6;1151;1;2;1;1.0;6;555;0, ALL HENRI SELLIER;;;;310
20920;201300023192;13;12;7;120;5;2;1;1.0;3;555;26, BD DU MARECHAL JUIN;;;;310
20921;201300023194;13;12;7;1915;5;2;1;1.0;4;555;RTE DE LAUNAGUET;;;;310
20922;201300023195;13;12;8;400;5;1;1;5.0;2;555;VA007553 A61;;;;310
20923;201300023196;13;12;8;1535;1;1;1;1.0;4;555;VA007644 EMPALOT A620 So;;;;310
20924;201300023197;13;12;8;1400;1;2;1;1.0;3;555;999, BARRIERE DE LOMBEZ;;;;310
20925;201300023198;13;12;9;845;1;2;1;1.0;2;555;52, CHE DE TUCAUT;;;;310
20926;201300023199;13;12;9;1457;1;2;1;1.0;6;555;324, RTE DE SEYSSES;;;;310
20927;201300023200;13;12;5;1315;1;2;1;1.0;3;149;CHEVREFEUILLE (CHE);M;4361357.0;135369.0;310
20928;201300023201;13;12;10;1450;1;2;1;1.0;2;555;1, RUE CHRISTINE DE PISA;;;;310
20929;201300023202;13;12;10;1655;1;2;1;1.0;6;555;RUE HELIOT;;;;310
20930;201300023203;13;12;6;1625;1;2;1;1.0;6;555;60, ALL DE BELLEFONTAINE;;;;310
20931;201300023204;13;12;11;1830;5;2;1;1.0;4;555;VA007539 LA ROSERAIE A61;;;;310
20932;201300023205;13;12;12;630;5;2;1;1.0;6;555;999, RUE D ALSACE LORRAI;;;;310
20933;201300023206;13;12;12;750;1;2;1;1.0;6;555;999, AV DE LAVAUR;;;;310
20934;201300023207;13;12;12;1730;5;2;3;1.0;1;555;999, AV HONORE SERRES;;;;310
20935;201300023208;13;12;12;2100;5;2;1;1.0;1;555;188, AV DE FRONTON;;;;310
20936;201300023209;13;12;15;1945;5;2;1;1.0;1;555;999, RTE DE REVEL;;;;310
20937;201300023210;13;12;16;1540;1;2;1;1.0;1;555;999, AV DE LOMBEZ;;;;310
20938;201300023212;13;12;16;1350;1;2;1;1.0;6;555;999, BD DE LA MARNE;;;;310
20939;201300023213;13;12;17;1610;1;2;1;1.0;6;555;., BD GABRIEL KOENIGS;;;;310
20940;201300023214;13;12;17;1745;5;2;1;1.0;6;555;64, BD PIERRE SEMARD;;;;310
20941;201300023215;13;12;18;1520;1;2;1;1.0;2;555;26, AV M BOURGES MAUNOUR;;;;310
20942;201300023217;13;12;20;750;2;2;1;1.0;6;555;24, RTE DE BLAGNAC;;;;310
20943;201300023218;13;12;19;1730;1;2;1;2.0;6;69;15 BD DE L'EUROPE;M;4365254.0;137426.0;310
20944;201300023219;13;12;20;1545;1;2;1;1.0;6;149;MITTERAND (ESPLANADE FRA;;;;310
20945;201300023220;13;12;20;2155;5;2;1;1.0;2;555;PONT PIERRE DE COUBERTIN;;;;310
20946;201300023221;13;12;21;2117;5;2;3;1.0;3;555;BD DES MINIMES;;;;310
20947;201300023222;13;12;22;1105;1;2;1;1.0;3;555;999, BD D ARCOLE;;;;310
20948;201300023223;13;12;22;930;1;1;1;5.0;6;555;VA007644 EMPALOT A620 So;;;;310
20949;201300023224;13;12;23;1200;1;2;1;1.0;3;555;62, ALL MAURICE SARRAUT;;;;310
20950;201300023225;13;12;23;1421;1;2;6;1.0;3;149;SERRES (AVENUE EDOUARD);M;4360990.0;135196.0;310
20951;201300023226;13;12;26;1545;1;2;1;1.0;2;555;0, BD GRIFFOUL DORVAL;;;;310
20952;201300023227;13;12;26;1730;5;2;1;2.0;2;555;46, BD DE LA MEDITERRANE;;;;310
20953;201300023229;13;12;27;1430;1;2;1;1.0;3;555;7, RUE ARTHUR RIMBAUD;;;;310
20954;201300023230;13;12;27;1925;1;2;1;1.0;1;555;10, AV GEORGES POMPIDOU;;;;310
20955;201300023231;13;12;28;113;5;2;1;1.0;6;555;BD LAZARE CARNOT;;;;310
20956;201300023232;13;12;30;800;2;2;1;1.0;1;555;999, AV ANTOINE DE ST EX;;;;310
20957;201300023233;13;12;30;955;1;2;1;1.0;1;555;999, AV DE LYON;;;;310
20958;201300023234;13;12;23;1045;1;2;1;1.0;3;149;PYRENEES (ALLEE DES);M;4361310.0;133045.0;310
20959;201300023235;13;9;30;745;1;1;1;1.0;2;115;;M;0.0;0.0;100
20960;201300023236;13;1;28;630;3;1;1;2.0;7;240;;M;4828100.0;390400.0;100
20961;201300023237;13;7;4;1615;1;2;9;1.0;3;142;Rue de la Republique;M;4827200.0;380700.0;100
20962;201300023238;13;7;17;1830;1;1;1;1.0;7;276;;M;4821300.0;370300.0;100
20963;201300023239;13;12;15;1230;1;1;1;1.0;7;9;;M;4811250.0;756867.0;680
20964;201300023240;13;1;15;2300;3;1;1;9.0;5;150;;M;0.0;0.0;710
20965;201300023241;13;5;13;1515;1;1;1;1.0;6;448;;M;0.0;0.0;710
20966;201300023242;13;6;12;1900;1;1;1;1.0;2;497;;M;0.0;0.0;710
20967;201300023243;13;6;23;845;1;1;1;1.0;2;494;;M;0.0;0.0;710
20968;201300023244;13;7;14;1300;1;1;1;1.0;7;195;;M;0.0;0.0;710
20969;201300023245;13;8;17;15;3;1;1;1.0;2;591;;M;0.0;0.0;710
20970;201300023246;13;9;2;1715;1;2;1;1.0;1;359;RD37;M;0.0;0.0;710
20971;201300023247;13;10;16;1930;3;1;1;3.0;1;515;;M;4660119.0;469375.0;710
20972;201300023248;13;12;13;615;3;1;1;5.0;2;481;;M;0.0;0.0;710
20973;201300023250;13;3;10;1800;1;1;1;1.0;2;232;;M;4845900.0;586940.0;880
20974;201300023251;13;7;18;730;1;1;2;1.0;2;232;;M;4845379.0;586860.0;880
20975;201300023253;13;1;18;2100;3;1;1;8.0;5;31;;M;0.0;0.0;830
20976;201300023254;13;3;23;1445;1;1;1;2.0;1;148;;M;0.0;0.0;830
20977;201300023255;13;4;6;1500;1;1;1;1.0;6;57;;M;0.0;0.0;830
20978;201300023256;13;5;7;1915;1;1;1;1.0;6;73;;M;0.0;0.0;830
20979;201300023257;13;5;11;345;3;1;1;1.0;6;99;;M;0.0;0.0;830
20980;201300023258;13;5;18;945;1;1;1;3.0;6;31;;M;0.0;0.0;830
20981;201300023259;13;6;7;1245;1;1;1;1.0;6;130;;M;0.0;0.0;830
20982;201300023260;13;6;12;1645;1;1;1;1.0;3;86;;M;0.0;0.0;830
20983;201300023261;13;6;23;1730;1;1;1;1.0;2;86;;M;0.0;0.0;830
20984;201300023262;13;7;5;615;2;1;1;1.0;6;23;;M;0.0;0.0;830
20985;201300023263;13;8;2;700;1;1;1;1.0;6;54;;M;0.0;0.0;830
20986;201300023264;13;8;19;1700;1;1;1;1.0;7;23;;M;0.0;0.0;830
20987;201300023265;13;8;29;1515;1;1;1;1.0;5;148;;M;0.0;0.0;830
20988;201300023266;13;9;6;815;1;1;1;1.0;5;31;;M;0.0;0.0;830
20989;201300023267;13;9;9;2230;3;1;1;1.0;5;107;;M;0.0;0.0;830
20990;201300023268;13;9;22;1000;1;1;1;1.0;6;23;;M;0.0;0.0;830
20991;201300023269;13;10;9;715;1;1;1;1.0;1;54;;M;0.0;0.0;830
20992;201300023270;13;10;16;2115;3;1;1;1.0;6;86;;M;0.0;0.0;830
20993;201300023271;13;10;23;1815;2;1;1;1.0;5;107;;M;0.0;0.0;830
20994;201300023273;13;2;12;415;3;1;9;1.0;3;161;;M;0.0;0.0;280
20995;201300023274;13;4;9;845;1;1;1;2.0;7;73;;M;4849300.0;166500.0;280
20996;201300023276;13;6;12;1430;1;1;1;1.0;2;161;;M;0.0;0.0;280
20997;201300023277;13;6;21;1645;1;1;1;1.0;3;398;;M;0.0;0.0;280
20998;201300023278;13;7;5;1915;1;1;1;1.0;3;104;;M;0.0;0.0;280
20999;201300023280;13;7;15;1700;1;1;1;1.0;6;85;;M;0.0;0.0;280
21000;201300023281;13;8;12;1545;1;1;1;1.0;6;18;;M;0.0;0.0;280
21001;201300023282;13;8;20;745;1;1;1;1.0;6;85;;M;0.0;0.0;280
21002;201300023283;13;8;26;215;3;1;1;1.0;6;31;;M;0.0;0.0;280
21003;201300023285;13;11;30;915;1;1;1;1.0;6;141;;M;0.0;0.0;280
21004;201300023286;13;4;15;715;1;1;1;1.0;2;93;;M;4804787.0;190497.0;450
21005;201300023287;13;5;3;1800;1;2;1;1.0;7;78;RUE ANATOLE FRANCE;M;4338375.0;480813.0;130
21006;201300023288;13;7;10;1830;1;2;1;1.0;1;78;avenue Louis Gros;M;4338897.0;480029.0;130
21007;201300023289;13;7;24;1615;1;2;1;1.0;7;78;AVENUE GEORGES BRASSENS;M;4338677.0;482029.0;130
21008;201300023290;13;11;22;1500;1;2;1;1.0;6;78;avenue du port;M;4338719.0;480410.0;130
21009;201300023291;13;1;11;615;3;1;1;2.0;2;141;;M;0.0;0.0;770
21010;201300023292;13;2;8;1645;1;1;1;8.0;2;157;;M;0.0;0.0;770
21011;201300023293;13;3;17;415;3;1;1;1.0;2;141;;M;0.0;0.0;770
21012;201300023294;13;6;12;1745;1;1;1;1.0;6;141;;M;0.0;0.0;770
21013;201300023295;13;10;10;1600;1;1;1;3.0;7;235;;M;4898300.0;310000.0;770
21014;201300023296;13;12;1;1515;1;1;1;1.0;2;382;;M;4890000.0;289100.0;770
21015;201300023297;13;1;25;1715;1;2;1;1.0;3;238;D 53 - ROUTE DES RAYNAUD;M;4348070.0;245675.0;810
21016;201300023298;13;1;27;1700;1;2;1;2.0;7;209;RD612-LIEU DIT RIGAUTOU;M;4351830.0;237041.0;810
21017;201300023299;13;3;7;1500;1;2;1;1.0;6;238;36 AV. MEDITERRANEE;M;4347770.0;248849.0;810
21018;201300023300;13;7;19;1745;1;1;1;1.0;6;209;;M;0.0;0.0;810
21019;201300023301;13;1;10;1656;1;2;2;1.0;3;13;RUE DE L'ARCON;M;4366540.0;61837.0;320
21020;201300023302;13;3;8;25;3;1;1;1.0;7;13;DURAN (ROUTE DE);M;4365740.0;55939.0;320
21021;201300023303;13;4;2;1225;1;2;3;8.0;3;13;ANCIEN FOIRAIL (PLACE);M;4365340.0;58135.0;320
21022;201300023304;13;4;7;2025;3;1;1;1.0;7;13;AGEN (ROUTE D');M;4366420.0;60065.0;320
21023;201300023305;13;4;25;1915;1;2;1;1.0;2;13;ALSACE (AVENUE);M;4364900.0;58954.0;320
21024;201300023306;13;4;28;1945;1;1;1;1.0;7;13;PESSAN (ROUTE DE);M;4362930.0;63359.0;320
21025;201300023307;13;5;12;2045;2;1;1;1.0;1;13;2X, BATAILLE (CHEMIN DE);M;4367410.0;58523.0;320
21026;201300023308;13;5;24;2240;5;2;1;2.0;6;13;RUE AIME CESAIRE;M;4366040.0;61732.0;320
21027;201300023310;13;7;7;1945;1;2;1;1.0;7;13;TREILLE (PONT DE LA);M;4364900.0;58954.0;320
21028;201300023311;13;7;11;830;1;2;1;1.0;3;13;YSER (AVENUE DE L');M;4365330.0;59532.0;320
21029;201300023312;13;9;5;1024;1;2;1;1.0;2;13;PYRENEES (AVENUE DES);M;4363930.0;58466.0;320
21030;201300023313;13;9;10;1955;3;1;6;1.0;7;13;ROCADE (RN 124 OUEST);M;4367050.0;53168.0;320
21031;201300023314;13;11;7;1130;1;2;1;1.0;3;13;BOUVREUILS;M;4363350.0;59084.0;320
21032;201300023315;13;11;26;1305;1;2;1;1.0;1;13;BATAILLON DE L'ARMAGNAC;M;4363870.0;57246.0;320
21033;201300023316;13;11;27;1305;1;2;1;1.0;1;13;BATAILLON DE L'ARMAGNAC;;;;320
21034;201300023317;13;12;13;738;2;1;1;5.0;7;13;VIC (ROUTE DE);M;4365260.0;54905.0;320
21035;201300023318;13;12;13;1440;1;2;1;1.0;5;13;CORPS FRANC POMMIES (AVE;M;4363000.0;58053.0;320
21036;201300023319;13;12;17;1855;5;2;1;1.0;7;13;83, PIERRE DE MONTESQUIO;M;4363190.0;58739.0;320
21037;201300023321;13;12;28;1715;1;1;1;1.0;1;13;R N 21;M;4366790.0;60218.0;320
21038;201300023322;13;4;14;945;1;1;1;1.0;7;270;;M;0.0;0.0;570
21039;201300023323;13;6;29;1200;1;1;1;8.0;6;98;;M;0.0;0.0;570
21040;201300023324;13;10;23;745;3;2;1;3.0;4;180;;M;4876278.0;702712.0;570
21041;201300023325;13;11;19;1315;1;2;1;2.0;6;177;4 Av. General DE GAULE;M;4881163.0;671720.0;570
21042;201300023326;13;11;26;815;3;1;2;1.0;3;161;;M;0.0;0.0;570
21043;201300023327;13;1;23;630;2;1;1;1.0;6;532;;M;4725610.0;511900.0;210
21044;201300023328;13;4;2;1845;1;1;1;1.0;7;21;;M;0.0;0.0;210
21045;201300023329;13;5;16;1415;1;1;1;1.0;6;483;;M;0.0;0.0;210
21046;201300023330;13;5;20;1330;1;1;1;3.0;6;599;;M;0.0;0.0;210
21047;201300023331;13;5;21;830;1;1;2;2.0;5;638;;M;0.0;0.0;210
21048;201300023332;13;11;21;430;3;1;1;4.0;6;599;;M;0.0;0.0;210
21049;201300023334;13;2;25;1430;1;1;1;8.0;3;675;;M;4958611.0;104859.0;760
21050;201300023335;13;10;27;1615;1;2;1;1.0;7;254;rue des arts;M;4355290.0;150321.0;310
21051;201300023337;13;9;5;1000;1;1;9;1.0;4;126;;M;0.0;0.0;840
21052;201300023338;13;10;16;1845;3;1;1;1.0;1;22;;M;0.0;0.0;840
21053;201300023339;13;5;18;545;2;1;1;1.0;7;71;;M;4991696.0;124621.0;760
21054;201300023340;13;9;8;1145;1;1;1;1.0;7;624;;M;4987347.0;120525.0;760
21055;201300023341;13;9;18;1230;1;2;1;1.0;6;437;536 RTE DE DIEPPR;M;4984521.0;122273.0;760
21056;201300023342;13;12;20;1630;1;2;1;1.0;6;167;RUE LECOQ ONZAIN;;;;410
21057;201300023343;13;1;9;1708;2;1;1;1.0;6;529;., MARIOLAN (CH. DE);;;;330
21058;201300023344;13;1;11;1900;5;2;2;2.0;3;9;36, GAMBETTA (AVE) DU 01;;;;330
21059;201300023345;13;1;16;810;2;1;1;3.0;2;529;RD 1250 (Camicas - Sorti;;;;330
21060;201300023346;13;1;18;1530;1;2;2;2.0;3;9;1, LIBERATION (AVE);;;;330
21061;201300023347;13;2;5;1140;1;2;1;1.0;2;9;., LIBERATION (AVE);;;;330
21062;201300023348;13;2;18;1630;1;2;1;1.0;1;529;49, DE GAULLE ( AVE CHAR;;;;330
21063;201300023349;13;3;17;235;5;2;2;2.0;3;9;., DE GAULLE (AVE GAL);;;;330
21064;201300023350;13;3;26;1445;1;1;1;1.0;6;529;., RD 1250 (Camicas - So;;;;330
21065;201300023351;13;4;2;1520;1;2;1;1.0;2;529;100, LAGRUA (CH.);;;;330
21066;201300023352;13;4;6;415;5;2;1;1.0;6;9;215, COTE D'ARGENT (BD);;;;330
21067;201300023353;13;5;18;600;2;1;1;3.0;6;529;., BISCAROSSE (AVE) DUNE;;;;330
21068;201300023354;13;5;19;1650;1;2;1;1.0;3;9;87, PLAGE (BD DE LA) DU;;;;330
21069;201300023355;13;5;26;900;1;2;3;1.0;3;529;., MARIOLAN (CH. DE);;;;330
21070;201300023356;13;6;6;1750;1;2;1;1.0;2;529;122, DE GAULLE (AVE CHAR;;;;330
21071;201300023357;13;6;9;600;3;1;1;2.0;1;529;RD 259;;;;330
21072;201300023358;13;6;8;1100;1;2;1;1.0;6;9;3, LEGALLAIS (RUE FRANCO;;;;330
21073;201300023359;13;6;10;925;1;1;1;2.0;2;529;., CAZAUX (BD DE);;;;330
21074;201300023360;13;6;28;2325;5;2;1;2.0;7;9;1, MER (BD DE LA);;;;330
21075;201300023361;13;7;9;2105;1;1;2;1.0;3;529;., PYLA (BD DU);;;;330
21076;201300023362;13;7;13;1220;1;2;1;1.0;7;529;122, DE GAULLE (AVE GAL);;;;330
21077;201300023363;13;7;5;1525;1;2;1;1.0;6;529;68, LECLERC (AVE DU GAL);;;;330
21078;201300023364;13;7;14;2230;5;2;1;1.0;1;9;., LEGALLAIS (RUE FRANCO;;;;330
21079;201300023365;13;7;21;910;1;2;1;1.0;1;9;114, COTE D'ARGENT (BD);;;;330
21080;201300023366;13;7;23;1725;1;1;1;1.0;3;529;., RD 1250 (Camicas - So;;;;330
21081;201300023367;13;7;28;1515;1;2;6;1.0;3;529;1, BISSERIE (AVE DE);;;;330
21082;201300023369;13;8;14;1000;1;2;1;1.0;3;9;., GALAXIE (ALL. DE LA);;;;330
21083;201300023370;13;8;16;2055;2;1;1;1.0;3;529;., RD 1250 (Camicas - So;;;;330
21084;201300023371;13;8;2;1230;1;2;3;1.0;3;529;1, CANDALE (AVE FREDERIC;;;;330
21085;201300023373;13;8;24;2050;2;2;1;9.0;6;529;3, CHEMIN DES DAMES (RUE;;;;330
21086;201300023374;13;8;28;1620;1;2;1;1.0;6;529;., BERANGER (CH. DE);;;;330
21087;201300023375;13;8;10;1320;1;1;1;1.0;2;529;., RD 1250 (BONNEVAL -LA;;;;330
21088;201300023376;13;9;26;1625;1;2;1;1.0;6;529;3, MARAICHERS (RUE DES);;;;330
21089;201300023377;13;9;26;1225;1;2;1;1.0;6;529;51, LECLERC (AVE DU GAL);;;;330
21090;201300023380;13;10;3;1630;1;2;1;1.0;2;529;., HAMEAU (PL. JEAN);;;;330
21091;201300023381;13;10;18;1440;1;1;1;1.0;6;529;., RD 1250 (CAMICAS-OUST;;;;330
21092;201300023382;13;10;19;1840;1;2;1;1.0;6;9;11, TOUTON (ALL. ROGER);;;;330
21093;201300023383;13;10;21;1925;5;1;1;1.0;6;529;., MIQUELOTS (BD DES);;;;330
21094;201300023385;13;11;23;2105;3;2;1;1.0;7;529;., RD 1250 (BONNEVAL -LA;;;;330
21095;201300023386;13;11;28;1540;1;2;6;1.0;3;529;., RD 1250 (OUSTALET - B;;;;330
21096;201300023387;13;12;11;1710;1;2;1;1.0;6;529;., COUTOUM (RUE DU);;;;330
21097;201300023388;13;12;16;1340;1;2;6;1.0;3;529;., VULCAIN (RUE);;;;330
21098;201300023389;13;12;17;1935;5;2;2;1.0;3;9;., COSTE (RUE);;;;330
21099;201300023390;13;12;16;1600;1;2;1;1.0;6;529;18, YSER (RUE DE L');;;;330
21100;201300023391;13;12;16;530;3;1;1;1.0;6;529;., RD 1250 (Camicas - So;;;;330
21101;201300023392;13;12;23;1940;5;2;1;1.0;1;9;., ST ELME (RUE) DU 01 E;;;;330
21102;201300023393;13;3;24;2000;3;1;1;5.0;7;34;;M;0.0;0.0;740
21103;201300023394;13;4;29;45;3;1;1;8.0;6;114;;M;4619700.0;668000.0;740
21104;201300023395;13;6;18;1700;1;1;2;1.0;3;30;;M;4628900.0;661500.0;740
21105;201300023397;13;7;29;1730;1;1;1;8.0;1;34;;M;4625200.0;663700.0;740
21106;201300023398;13;8;18;515;3;2;1;1.0;6;188;1694 ROUTE DE LA PLAGNE;M;0.0;0.0;740
21107;201300023399;13;8;26;1000;1;1;1;1.0;6;191;;M;4620200.0;674600.0;740
21108;201300023400;13;9;29;230;5;2;1;1.0;6;188;;M;0.0;0.0;740
21109;201300023401;13;1;1;300;5;2;2;2.0;2;63;RUE LUCIEN FAURE;;;;330
21110;201300023402;13;1;2;1210;1;2;2;1.0;3;63;RUE MOUNEYRA;;;;330
21111;201300023403;13;1;6;2200;5;2;2;1.0;6;63;RUE GINER DE LOS RIOS;;;;330
21112;201300023404;13;1;6;1230;1;2;1;1.0;2;63;35, CRS ARISTIDE BRIAND;;;;330
21113;201300023405;13;12;26;1940;5;2;2;1.0;3;281;AVE DU MARECHAL LECLERC;;;;330
21114;201300023406;13;1;7;1400;1;2;2;1.0;6;63;RUE GEORGES BONNAC;;;;330
21115;201300023408;13;12;30;1445;1;2;1;1.0;6;65;ACC CENTRE COMMERCIAL AU;;;;330
21116;201300023409;13;12;30;1045;1;2;4;1.0;6;69;279, AVE D'EYSINES;;;;330
21117;201300023410;13;12;31;2110;5;2;1;2.0;6;13;AVE DE LA PRAIRIE;;;;330
21118;201300023411;13;1;2;1415;1;2;1;1.0;2;200;AVE PASTEUR;;;;330
21119;201300023412;13;1;8;850;1;2;2;2.0;3;63;RUE BLANQUI;;;;330
21120;201300023413;13;1;8;1740;5;2;1;2.0;3;63;CRS DU MARECHAL GALLIENI;;;;330
21121;201300023414;13;1;4;1825;5;2;1;1.0;2;13;RN 89;;;;330
21122;201300023415;13;12;31;1740;5;2;2;2.0;3;550;RUE ANATOLE FRANCE;;;;330
21123;201300023417;13;1;10;1825;4;2;1;1.0;6;39;AVE LENINE;;;;330
21124;201300023418;13;1;10;1742;5;2;2;1.0;3;63;ALL SERR;;;;330
21125;201300023419;13;1;8;700;5;2;2;2.0;6;281;AVE DE LA MARNE;;;;330
21126;201300023420;13;1;9;920;1;2;1;1.0;5;200;AVE PASTEUR;;;;330
21127;201300023421;13;1;11;1810;2;2;1;1.0;4;63;19, BD DU PRESIDENT WILS;;;;330
21128;201300023422;13;1;12;300;5;2;1;1.0;6;63;131, CRS DU MARECHAL GAL;;;;330
21129;201300023423;13;1;11;1850;5;2;3;1.0;3;63;AVE JEANNE D'ARC;;;;330
21130;201300023424;13;1;7;1635;1;2;2;1.0;3;318;AVE JEAN BABIN;;;;330
21131;201300023425;13;1;11;1650;1;2;3;1.0;6;63;88, RUE EMILE COMBES;;;;330
21132;201300023427;13;1;14;1455;1;2;3;1.0;3;63;RUE DU BOCAGE CAUD;;;;330
21133;201300023428;13;1;16;915;1;2;1;3.0;6;63;120, CRS VICTOR HUGO;;;;330
21134;201300023429;13;1;16;830;2;2;1;3.0;6;63;310, AVE THIERS;;;;330
21135;201300023430;13;1;16;834;1;2;2;3.0;6;63;RUE DES DOUVES;;;;330
21136;201300023431;13;1;16;1220;1;2;1;2.0;6;63;51, RUE FONDAUDEGE;;;;330
21137;201300023432;13;1;11;1220;1;2;2;1.0;3;200;AVE PASTEUR;;;;330
21138;201300023433;13;1;16;1450;1;2;1;2.0;2;281;AVE FRANCOIS MITTERRAND;;;;330
21139;201300023434;13;1;14;830;1;2;1;1.0;6;550;601, RTE DE TOULOUSE;;;;330
21140;201300023435;13;1;18;1650;1;2;3;2.0;6;63;145, AVE CHARLES DE GAUL;;;;330
21141;201300023437;13;1;21;805;1;2;2;2.0;6;63;BD DU PRESIDENT WILSON;;;;330
21142;201300023440;13;1;14;745;1;2;1;1.0;2;550;168, AVE DES PYRENEES;;;;330
21143;201300023441;13;1;15;1235;1;2;2;1.0;3;318;AVE DU BOURGAILH;;;;330
21144;201300023442;13;1;10;634;5;2;1;2.0;2;63;BD ANDRE RICARD;;;;330
21145;201300023443;13;1;15;730;5;2;2;2.0;3;318;AVE DE BARDANAC;;;;330
21146;201300023444;13;1;15;950;1;2;1;8.0;2;13;RN 89;;;;330
21147;201300023445;13;1;11;900;1;2;1;1.0;6;192;21, RUE SAINT-FRANCOIS X;;;;330
21148;201300023446;13;1;11;1420;1;2;1;1.0;6;522;RUE PIERRE NOAILLES;;;;330
21149;201300023447;13;1;23;22;5;2;6;3.0;6;63;BD DES FRERES MOGA;;;;330
21150;201300023449;13;1;23;730;5;2;1;1.0;2;63;QUAI DESCHAMPS;;;;330
21151;201300023450;13;1;20;1500;1;2;6;2.0;7;281;AVE DE LA GRANGE NOIRE;;;;330
21152;201300023451;13;1;17;1820;5;2;1;1.0;3;318;133, AVE JEAN JAURES;;;;330
21153;201300023452;13;1;16;2200;5;2;2;1.0;3;162;AVE DU MEDOC;;;;330
21154;201300023453;13;1;24;1620;1;2;2;1.0;6;63;RUE CALVIMONT;;;;330