;Num_Acc;an;mois;jour;hrmn;lum;agg;int;atm;col;com;adr;gps;lat;long;dep
21155;201300023454;13;1;21;30;5;2;3;2.0;1;162;53, AVE DU MEDOC;;;;330
21156;201300023455;13;1;18;2355;5;2;3;2.0;3;162;AVE DU MEDOC;;;;330
21157;201300023456;13;1;27;2205;5;2;3;1.0;3;63;CRS DE VERDUN;;;;330
21158;201300023457;13;1;25;825;1;2;2;1.0;6;63;RUE JUDAIQUE;;;;330
21159;201300023458;13;1;26;655;5;2;2;2.0;3;39;BD ALBERT 1ER;;;;330
21160;201300023460;13;1;25;935;1;2;6;1.0;3;281;AVE ROLAND GARROS;;;;330
21161;201300023461;13;1;23;1855;5;2;1;2.0;2;13;N 89;;;;330
21162;201300023462;13;1;24;900;1;2;3;2.0;3;281;RUE APOLLO;;;;330
21163;201300023463;13;1;23;750;2;2;4;2.0;3;318;AVE DE BEUTRE;;;;330
21164;201300023465;13;1;28;750;5;2;1;1.0;6;281;10, AVE DU MARECHAL GALL;;;;330
21165;201300023466;13;1;28;1915;5;2;2;1.0;2;281;220, AVE DES EYQUEMS;;;;330
21166;201300023467;13;1;31;1320;1;2;1;1.0;3;63;43, CRS DE LA SOMME;;;;330
21167;201300023468;13;1;29;1100;1;2;3;1.0;2;318;35, AVE JEAN JAURES;;;;330
21168;201300023469;13;1;21;1450;1;2;1;3.0;3;522;CRS MARECHAL GALLIENI;;;;330
21169;201300023471;13;1;27;1500;1;2;1;2.0;2;32;69, RUE GEORGES CLEMENCE;;;;330
21170;201300023472;13;1;30;1043;1;2;6;1.0;2;119;AVE CARNOT;;;;330
21171;201300023473;13;1;25;2040;5;2;3;1.0;3;318;AVE DE BEUTRE;;;;330
21172;201300023474;13;2;2;540;1;2;2;2.0;2;63;QUAI DE BACALAN;;;;330
21173;201300023475;13;1;23;1310;1;2;2;1.0;3;39;RUE DU GENERAL FAIDHERBE;;;;330
21174;201300023476;13;2;2;1815;1;2;2;1.0;3;63;145, RUE JUDAIQUE;;;;330
21175;201300023477;13;2;3;1415;1;2;1;1.0;3;63;4, QUAI RICHELIEU;;;;330
21176;201300023478;13;2;3;315;5;2;2;1.0;6;63;QUAI DE PALUDATE;;;;330
21177;201300023479;13;2;1;2125;5;2;3;2.0;6;63;45, RUE CHARLES DOMERCQ;;;;330
21178;201300023481;13;2;5;1230;1;2;1;1.0;6;63;RUE LEO SAIGNAT;;;;330
21179;201300023482;13;1;28;1730;1;2;1;2.0;2;550;80, RTE DE LEOGNAN;;;;330
21180;201300023483;13;1;29;1355;1;2;1;8.0;4;39;RTE DE TOULOUSE;;;;330
21181;201300023484;13;2;6;1256;1;2;5;8.0;3;318;AVE DE GRADIGNAN;;;;330
21182;201300023485;13;2;4;1650;1;2;2;2.0;6;550;RUE ALTA MAYA;;;;330
21183;201300023486;13;1;28;1030;1;2;1;1.0;7;318;157, AVE DE BEUTRE;;;;330
21184;201300023487;13;2;7;1500;1;2;1;1.0;6;63;RUE DU CHATEAU D'EAU;;;;330
21185;201300023488;13;2;8;2150;5;2;2;1.0;6;63;CRS DE LA MARNE;;;;330
21186;201300023489;13;2;10;2120;5;2;1;2.0;2;63;21, CRS DE LA SOMME;;;;330
21187;201300023490;13;2;11;1005;1;2;2;3.0;3;63;RUE BARREYRE;;;;330
21188;201300023491;13;2;11;1615;1;1;3;3.0;6;63;RUE DE MACAU;;;;330
21189;201300023492;13;2;11;1015;1;2;1;3.0;6;63;BD ALIENOR D'AQUITAINE;;;;330
21190;201300023494;13;2;11;850;1;2;1;2.0;6;281;178, AVE DE L'ARGONNE;;;;330
21191;201300023495;13;2;9;1315;1;2;2;2.0;3;281;AVE DE L'YSER;;;;330
21192;201300023496;13;2;14;1030;1;2;3;2.0;6;63;RUE FONDAUDEGE;;;;330
21193;201300023497;13;2;11;700;5;2;1;2.0;6;318;142, AVE JEAN JAURES;;;;330
21194;201300023498;13;2;7;1715;1;2;3;1.0;6;162;AVE DU TAILLAN-MEDOC;;;;330
21195;201300023499;13;2;11;2010;5;2;1;2.0;3;281;AVE RENE CASSIN;;;;330
21196;201300023501;13;2;17;2135;5;2;2;1.0;1;63;RUE FRANCOIS DE SOURDIS;;;;330
21197;201300023502;13;2;15;2005;5;2;1;1.0;4;63;43, BD ANTOINE GAUTIER;;;;330
21198;201300023503;13;2;13;1830;5;2;1;1.0;3;281;284, AVE D'ARES;;;;330
21199;201300023504;13;2;10;2005;5;2;1;2.0;4;550;AVE MIRIEU DE LABARRE;;;;330
21200;201300023505;13;2;16;1732;1;2;2;1.0;5;63;QUAI DE BACALAN;;;;330
21201;201300023506;13;2;15;1135;1;2;2;1.0;3;63;RUE DU TONDU;;;;330
21202;201300023507;13;2;14;730;1;2;1;2.0;4;69;AVE D'EYSINES;;;;330
21203;201300023508;13;2;15;800;1;2;1;1.0;6;119;AVE RENE CASSAGNE;;;;330
21204;201300023510;13;2;12;1220;1;2;1;1.0;6;550;289, RTE DE TOULOUSE;;;;330
21205;201300023511;13;2;12;1130;1;2;6;1.0;3;281;AVE PYTHAGORE;;;;330
21206;201300023512;13;2;19;1420;1;2;3;1.0;2;63;3, ALL DE TOURNY;;;;330
21207;201300023513;13;2;20;800;1;2;2;1.0;3;63;RUE FRANCOIS DE SOURDIS;;;;330
21208;201300023514;13;2;15;850;1;2;3;1.0;3;69;AVE DE LA LIBERATION-CH.;;;;330
21209;201300023515;13;2;16;1530;1;2;1;1.0;3;39;CRS VICTOR HUGO;;;;330
21210;201300023516;13;2;21;1750;1;2;1;1.0;4;63;BD ALFRED DANEY;;;;330
21211;201300023517;13;2;21;750;1;2;4;1.0;3;63;BD DU PRESIDENT WILSON;;;;330
21212;201300023518;13;2;24;1040;1;2;1;1.0;6;63;189, RUE DE SAINT GENES;;;;330
21213;201300023520;13;2;15;1415;1;2;2;1.0;2;318;AVE JEAN JAURES;;;;330
21214;201300023521;13;2;24;615;5;2;1;1.0;6;63;241, AVE THIERS;;;;330
21215;201300023522;13;2;20;2000;5;2;3;1.0;3;39;ALL BOYER;;;;330
21216;201300023523;13;2;20;1651;1;2;2;1.0;3;69;AVE DE TIVOLI;;;;330
21217;201300023524;13;2;20;1320;1;2;1;1.0;6;281;20, RUE DES CEPAGES;;;;330
21218;201300023525;13;2;19;1025;1;2;4;1.0;2;167;QUAI DE LA SOUYS;;;;330
21219;201300023526;13;2;18;1515;1;2;2;1.0;4;192;75, CRS DU GENERAL DE GA;;;;330
21220;201300023527;13;2;19;750;1;2;1;1.0;3;39;63, RUE CARNOT;;;;330
21221;201300023528;13;2;26;1835;2;2;2;1.0;3;63;31, CRS SAINT LOUIS;;;;330
21222;201300023529;13;2;20;830;1;2;1;1.0;2;13;RN 89;;;;330
21223;201300023530;13;2;21;1918;4;2;2;1.0;3;550;RUE LEON GAMBETTA;;;;330
21224;201300023531;13;2;20;930;1;2;1;1.0;7;32;QUAI FRANCAIS;;;;330
21225;201300023532;13;2;22;1730;1;2;1;1.0;6;63;55, CRS SAINT LOUIS;;;;330
21226;201300023533;13;2;16;1520;1;2;1;1.0;2;13;RN 89;;;;330
21227;201300023534;13;2;27;1315;1;2;1;1.0;3;63;36, CRS GEORGES CLEMENCE;;;;330
21228;201300023535;13;2;22;1825;2;2;3;1.0;3;318;AVE JEAN JAURES;;;;330
21229;201300023536;13;2;17;40;3;2;1;1.0;7;318;RUE DE LA PRINCESSE;;;;330
21230;201300023537;13;2;23;1448;1;2;6;1.0;4;69;PCE GUICHENET;;;;330
21231;201300023538;13;2;27;1750;1;2;1;1.0;6;63;25, RUE STEHELIN CAUD;;;;330
21232;201300023539;13;2;22;1815;1;2;1;1.0;6;39;80, RUE ERNEST RENAN;;;;330
21233;201300023540;13;2;25;1645;1;2;1;1.0;6;167;AVE PAUL LAFFARGUE;;;;330
21234;201300023541;13;2;25;1600;1;2;1;2.0;3;167;38, AVE HUBERT DUBEDOUT;;;;330
21235;201300023542;13;2;28;1630;1;2;1;1.0;6;63;RUE DE SEM;;;;330
21236;201300023543;13;2;23;1630;1;2;1;1.0;4;192;46, CRS DU GENERAL DE GA;;;;330
21237;201300023544;13;3;1;1640;1;2;2;1.0;6;63;RUE DE LA BENAUGE;;;;330
21238;201300023545;13;3;1;1310;1;2;2;1.0;6;63;RUE DU RECTEUR THAMIN;;;;330
21239;201300023546;13;2;21;1145;1;2;3;1.0;3;167;ALL DE LA GABARRE;;;;330
21240;201300023547;13;2;27;1140;1;2;2;1.0;3;32;AVE PASTEUR;;;;330
21241;201300023548;13;3;5;955;1;2;1;1.0;3;63;AVE DE NONTRASTE;;;;330
21242;201300023549;13;2;26;835;1;2;2;2.0;3;318;AVE DE CANDAU;;;;330
21243;201300023550;13;3;5;1155;1;2;5;1.0;3;63;RUE LUCIEN FAURE;;;;330
21244;201300023551;13;2;26;1228;1;2;1;1.0;6;522;759, CRS DE LA LIBERATIO;;;;330
21245;201300023552;13;3;1;1400;1;2;3;1.0;2;281;AVE DU CHUT;;;;330
21246;201300023553;13;3;1;709;1;2;1;1.0;3;281;28, AVE DE LA GRANGE NOI;;;;330
21247;201300023554;13;3;2;2355;5;2;1;1.0;7;162;300, AVE DU TAILLAN-MEDO;;;;330
21248;201300023555;13;3;6;2125;5;2;2;1.0;3;63;RUE DE CURSOL;;;;330
21249;201300023556;13;3;7;2245;5;2;3;2.0;1;63;RUE DOCTEUR ALBERT BARRA;;;;330
21250;201300023557;13;3;2;500;5;2;1;1.0;6;192;225, CRS DU GENERAL DE G;;;;330
21251;201300023558;13;3;7;1205;1;2;2;1.0;3;63;RUE JEAN SABAROTS;;;;330
21252;201300023559;13;3;2;2025;5;2;6;1.0;3;65;RTE DU BORD DE L'EAU;;;;330
21253;201300023561;13;3;8;820;1;2;1;1.0;3;63;17, CRS DE LA MARNE;;;;330
21254;201300023562;13;3;8;1440;1;2;2;1.0;3;63;RUE LAMOUROUS;;;;330
21255;201300023563;13;3;10;540;5;2;2;1.0;6;63;RUE KLEBER;;;;330
21256;201300023564;13;3;10;820;1;2;6;1.0;7;63;60, RUE DE LA BECHADE;;;;330
21257;201300023566;13;3;7;1540;1;2;6;2.0;2;281;AVE RENE CASSIN;;;;330
21258;201300023567;13;3;11;2300;5;2;1;2.0;7;63;131, CRS VICTOR HUGO;;;;330
21259;201300023568;13;3;6;1920;5;2;3;1.0;5;550;151, AVE DES PYRENEES;;;;330
21260;201300023569;13;3;8;1100;1;2;1;1.0;2;32;8, RUE DE BEAUVAL;;;;330
21261;201300023570;13;3;8;1825;1;2;3;1.0;3;318;RUE DE BELFORT;;;;330
21262;201300023571;13;3;9;1255;1;2;1;1.0;3;318;20, RUE DES RESEDAS;;;;330
21263;201300023572;13;3;7;1720;1;2;2;1.0;4;281;AVE PIERRE MENDES FRANCE;;;;330
21264;201300023573;13;3;14;1800;1;2;2;1.0;3;63;RUE CHABRELY;;;;330
21265;201300023574;13;3;15;840;1;2;3;1.0;3;63;94, RUE DOCTEUR ALBERT B;;;;330
21266;201300023575;13;3;16;1240;1;2;2;1.0;6;63;RUE CALVE;;;;330
21267;201300023578;13;3;17;1430;1;2;1;1.0;3;281;232, AVE DE LA MARNE;;;;330
21268;201300023579;13;3;16;1935;5;2;1;3.0;6;63;119, AVE DU GENERAL LECL;;;;330
21269;201300023580;13;3;8;1415;1;2;1;1.0;3;192;27 Ter, CRS DU GENERAL D;;;;330
21270;201300023581;13;3;18;513;5;2;1;2.0;3;75;427, RTE DU MEDOC;;;;330
21271;201300023582;13;3;11;1220;1;2;1;1.0;6;550;AVE DU 7EME ART;;;;330
21272;201300023583;13;3;20;1030;1;2;2;1.0;3;63;23, PCE MARTYRS DE LA RE;;;;330
21273;201300023584;13;3;20;915;1;2;2;1.0;6;63;BD DU PRESIDENT WILSON;;;;330
21274;201300023585;13;3;20;1540;1;2;2;1.0;3;63;CRS DE LA SOMME;;;;330
21275;201300023586;13;3;21;1300;1;2;6;1.0;3;522;AVE ROUL;;;;330
21276;201300023587;13;3;20;845;1;2;1;2.0;3;281;97, AVE PRESIDENT J.F. K;;;;330
21277;201300023589;13;3;12;1235;1;2;1;1.0;6;318;166, AVE JEAN JAURES;;;;330
21278;201300023590;13;3;23;15;5;2;3;1.0;6;63;QUAI DE PALUDATE;;;;330
21279;201300023592;13;3;21;1615;1;1;3;1.0;3;119;AVE DES QUATRE PAVILLONS;;;;330
21280;201300023593;13;3;25;1425;1;2;3;1.0;3;63;BD DU PRESIDENT WILSON;;;;330
21281;201300023594;13;3;23;515;5;2;1;5.0;7;281;AVE DE L'ARGONNE;;;;330
21282;201300023595;13;3;22;1240;1;2;6;1.0;6;318;162, AVE DU HAUT LEVEQUE;;;;330
21283;201300023596;13;3;20;910;1;2;1;1.0;3;318;AVE DU HAUT LEVEQUE;;;;330
21284;201300023597;13;3;8;1850;5;2;3;1.0;6;249;AVE DE LA LIBERATION;;;;330
21285;201300023598;13;3;27;1440;1;2;2;1.0;6;63;RUE LAFAURIE DE MONBADON;;;;330
21286;201300023599;13;3;24;1200;1;2;3;1.0;2;281;184, AVE D'ARES;;;;330
21287;201300023600;13;3;25;1650;1;2;6;2.0;3;281;PCE DES GIRONDINS;;;;330
21288;201300023601;13;3;25;840;1;2;2;1.0;3;281;AVE DE LA MARNE;;;;330
21289;201300023602;13;3;23;1804;1;2;5;1.0;3;63;RUE LUCIEN FAURE;;;;330
21290;201300023603;13;3;26;845;1;2;1;1.0;3;281;AVE RENE CASSIN;;;;330
21291;201300023604;13;3;28;930;1;2;3;2.0;3;63;46, BD DU PRESIDENT WILS;;;;330
21292;201300023605;13;3;28;2240;5;2;5;1.0;6;63;CRS DE L'ARGONNE;;;;330
21293;201300023606;13;3;28;1200;1;2;2;1.0;6;63;RUE GEORGES MANDEL;;;;330
21294;201300023607;13;3;20;928;1;2;1;1.0;3;522;68, RUE BOURGES;;;;330
21295;201300023608;13;4;1;330;5;2;2;1.0;6;63;RUE PAUL LOUIS LANDE;;;;330
21296;201300023609;13;3;31;1700;1;2;2;1.0;4;63;AVE DE NONTRASTE;;;;330
21297;201300023610;13;3;26;2055;5;2;1;1.0;6;318;138, AVE DU DOCTEUR ALBE;;;;330
21298;201300023611;13;3;25;700;1;1;1;1.0;5;13;N 89;;;;330
21299;201300023612;13;4;2;2027;2;2;1;1.0;6;63;31, CRS PASTEUR;;;;330
21300;201300023615;13;3;28;1645;1;2;2;1.0;6;318;AVE DU PONT DE L'ORIENT;;;;330
21301;201300023616;13;3;25;1700;1;2;1;1.0;6;522;251, RTE DE TOULOUSE;;;;330
21302;201300023617;13;4;3;732;1;2;4;1.0;6;63;RUE SAINT SERNIN;;;;330
21303;201300023618;13;4;3;830;1;2;1;1.0;3;63;123, CRS D'ALBRET;;;;330
21304;201300023619;13;3;29;820;1;2;1;2.0;2;281;188, AVE DE L'ARGONNE;;;;330
21305;201300023620;13;4;4;1330;1;2;3;2.0;6;63;RUE PASTEUR CAUD;;;;330
21306;201300023621;13;4;5;900;1;2;3;1.0;6;63;RUE FURTADO;;;;330
21307;201300023623;13;3;29;735;1;2;6;1.0;6;32;RUE FENELON;;;;330
21308;201300023624;13;3;28;1340;1;2;1;1.0;4;249;AVE DE PARIS;;;;330
21309;201300023625;13;4;7;1030;1;2;2;1.0;3;63;BD ALBERT 1ER;;;;330
21310;201300023627;13;3;28;820;1;2;6;2.0;3;550;RUE YVON MANSENCAL;;;;330
21311;201300023628;13;4;5;2115;5;2;2;1.0;6;63;0, RUE CASTEJA;;;;330
21312;201300023629;13;4;6;917;1;2;2;1.0;6;63;CRS ARISTIDE BRIAND;;;;330
21313;201300023630;13;4;5;1929;1;2;3;1.0;2;63;91, CRS DE LA MARNE;;;;330
21314;201300023631;13;3;30;420;4;2;1;2.0;3;522;RUE FRANCOIS RABELAIS;;;;330
21315;201300023632;13;4;2;1635;1;2;1;1.0;6;192;ALLEE DU PARC;;;;330
21316;201300023633;13;4;10;1700;1;2;1;1.0;6;63;12, RUE ARAGO;;;;330
21317;201300023634;13;4;10;2040;5;2;1;1.0;6;39;135, CRS VICTOR HUGO;;;;330
21318;201300023635;13;4;5;1650;1;2;2;1.0;6;119;RUE LOUIS PERGAUD;;;;330
21319;201300023636;13;4;1;238;5;2;6;1.0;7;39;CRS VICTOR HUGO;;;;330
21320;201300023638;13;4;11;1840;1;2;4;1.0;3;63;RUE FIEFFE;;;;330
21321;201300023639;13;4;11;1350;1;2;2;2.0;3;63;RUE MAUBEC;;;;330
21322;201300023640;13;4;11;1110;1;2;4;2.0;3;63;CRS VICTOR HUGO;;;;330
21323;201300023641;13;4;11;1730;1;2;3;1.0;3;63;CRS VICTOR HUGO;;;;330
21324;201300023642;13;4;12;1110;1;2;1;2.0;6;63;75, RUE FONDAUDEGE;;;;330
21325;201300023643;13;4;12;1820;1;2;3;1.0;6;63;BD ALBERT 1ER;;;;330
21326;201300023644;13;4;13;830;1;2;1;1.0;2;63;CRS VICTOR HUGO;;;;330
21327;201300023645;13;4;11;1718;1;2;1;2.0;2;281;AVE ROLAND GARROS;;;;330
21328;201300023646;13;4;15;736;2;2;2;1.0;6;63;42, RUE LUCIEN FAURE;;;;330
21329;201300023647;13;4;16;2145;5;2;3;1.0;5;63;BD DU PRESIDENT WILSON;;;;330
21330;201300023648;13;4;16;1805;1;2;2;1.0;3;63;RUE PAULIN;;;;330
21331;201300023649;13;4;14;1545;1;2;1;1.0;6;281;336, AVE DE L'ARGONNE;;;;330
21332;201300023651;13;4;12;1330;1;2;3;1.0;3;281;RUE RIAUD;;;;330
21333;201300023652;13;4;4;1225;1;2;6;3.0;7;522;RUE PEYDAVANT;;;;330
21334;201300023654;13;4;18;52;5;2;3;1.0;6;63;QUAI RICHELIEU;;;;330
21335;201300023655;13;4;18;125;5;2;2;1.0;3;63;CRS DE LA MARNE;;;;330
21336;201300023657;13;4;18;910;1;2;1;1.0;7;63;11, CRS VICTOR HUGO;;;;330
21337;201300023658;13;4;18;955;1;2;2;1.0;3;63;AVE D'ARES CAUD;;;;330
21338;201300023659;13;4;21;1450;1;2;3;1.0;3;63;99, RUE FONDAUDEGE;;;;330
21339;201300023660;13;4;20;2235;5;2;3;1.0;3;63;AVE DE LA REPUBLIQUE CAU;;;;330
21340;201300023661;13;4;18;1945;1;2;1;1.0;5;63;80, CRS DU MEDOC;;;;330
21341;201300023662;13;4;20;435;5;2;1;1.0;6;63;40, QUAI DE PALUDATE;;;;330
21342;201300023663;13;4;22;900;1;2;1;1.0;3;63;351, BD JEAN-JACQUES BOS;;;;330
21343;201300023665;13;4;22;1900;1;2;2;1.0;3;63;CRS DE L'INTENDANCE;;;;330
21344;201300023666;13;4;21;2020;2;1;4;1.0;6;75;PONT NEUF (RUE DU);;;;330
21345;201300023667;13;4;23;745;1;2;1;1.0;2;281;AVE DE L'YSER;;;;330
21346;201300023668;13;4;18;1720;1;2;2;1.0;3;318;AVE DU GENERAL LECLERC;;;;330
21347;201300023669;13;4;18;840;1;2;4;1.0;3;119;RUE PIERRE BEREGOVOY;;;;330
21348;201300023670;13;4;23;1720;1;2;2;1.0;3;63;RUE CATULLE MENDES;;;;330
21349;201300023671;13;4;21;1430;1;2;3;1.0;3;318;AVE DE BEUTRE;;;;330
21350;201300023672;13;4;22;810;1;2;3;1.0;6;119;RUE DU MARECHAL FOCH;;;;330
21351;201300023673;13;4;19;1620;1;2;6;1.0;3;318;RUE JEAN PERRIN;;;;330
21352;201300023674;13;4;22;1618;1;2;1;1.0;6;281;27, RUE CANEJAN;;;;330
21353;201300023677;13;4;23;1800;1;2;1;1.0;6;63;77, AVE DE MERIGNAC CAUD;;;;330
21354;201300023678;13;4;25;1120;1;2;1;1.0;6;63;3, RUE DES VIVANTS;;;;330
21355;201300023679;13;4;25;2220;5;2;6;1.0;3;63;RUE DE BETHMANN;;;;330
21356;201300023680;13;4;25;1000;1;2;1;1.0;6;63;15, RUE VILARIS;;;;330
21357;201300023681;13;4;25;930;1;2;5;1.0;4;63;BD GEORGE V;;;;330
21358;201300023682;13;4;22;1850;1;2;1;1.0;3;318;4 Bis, AVE ANTOINE BECQU;;;;330
21359;201300023683;13;4;28;2100;2;2;5;1.0;3;63;BD LUDOVIC TRARIEUX;;;;330
21360;201300023684;13;4;28;1800;1;2;5;1.0;3;63;PCE DE LATULE;;;;330
21361;201300023685;13;4;28;455;5;2;3;1.0;3;63;QUAI DES CHARTRONS;;;;330
21362;201300023686;13;4;26;1230;1;2;1;2.0;2;63;AVE CHARLES DE GAULLE CA;;;;330
21363;201300023687;13;4;27;1800;1;2;5;1.0;6;63;PCE PICARD;;;;330
21364;201300023688;13;4;19;1625;1;2;2;1.0;3;522;50, RUE DE TREMEUGE;;;;330
21365;201300023689;13;4;26;1505;1;2;2;2.0;3;63;CRS DE LA MARNE;;;;330
21366;201300023691;13;4;27;10;5;2;4;8.0;6;63;RUE MONTMEJEAN;;;;330
21367;201300023692;13;4;26;2150;5;2;2;8.0;6;63;BD JEAN-JACQUES BOSC;;;;330
21368;201300023693;13;4;29;910;1;2;2;1.0;3;63;RUE DE LA MERCI;;;;330
21369;201300023694;13;4;18;840;1;2;2;1.0;3;550;RUE DE LA PAIX;;;;330
21370;201300023695;13;4;29;1619;1;2;3;1.0;3;63;AVE DES QUARANTE JOURNAU;;;;330
21371;201300023696;13;5;2;745;1;2;1;1.0;6;281;AVE DE MAGUDAS;;;;330
21372;201300023697;13;4;28;1510;1;2;1;1.0;3;281;38, AVE DE L'EUROPE;;;;330
21373;201300023698;13;5;1;225;5;2;1;3.0;6;281;50, AVE DE L'ARGONNE;;;;330
21374;201300023699;13;4;25;820;1;2;1;1.0;4;281;174, AVE MARCEL DASSAULT;;;;330
21375;201300023701;13;5;2;940;1;2;2;1.0;3;63;RUE LACHASSAIGNE;;;;330
21376;201300023702;13;4;30;2045;5;2;2;2.0;3;63;BD ALBERT BRANDENBURG;;;;330
21377;201300023703;13;5;1;1730;1;2;3;2.0;3;162;AVE DU TAILLAN-MEDOC;;;;330
21378;201300023704;13;5;4;532;4;2;1;5.0;6;63;QUAI DU MAROC;;;;330
21379;201300023707;13;5;4;1905;1;2;3;1.0;3;63;QUAI DE PALUDATE;;;;330
21380;201300023708;13;5;6;1825;1;2;2;1.0;3;63;CRS DU MARECHAL GALLIENI;;;;330
21381;201300023710;13;5;8;1255;1;2;1;1.0;5;63;AVE DES TROIS CARDINAUX;;;;330
21382;201300023711;13;5;5;1313;1;2;1;1.0;2;13;N 89;;;;330
21383;201300023713;13;5;12;250;5;2;6;1.0;7;281;AVE FRANCOIS MITTERRAND;;;;330
21384;201300023714;13;5;4;1645;1;2;2;1.0;3;200;AVE PASTEUR;;;;330
21385;201300023715;13;5;11;1350;1;2;2;1.0;3;63;BD ANTOINE GAUTIER;;;;330
21386;201300023716;13;5;4;1745;1;1;1;2.0;6;200;29, AVE DE MAGUDAS;;;;330
21387;201300023717;13;5;7;1258;1;2;1;1.0;3;281;6, RUE LAPLACE;;;;330
21388;201300023718;13;5;11;1815;1;2;1;1.0;6;63;PRK IKEA;;;;330
21389;201300023719;13;5;9;1700;1;2;1;2.0;4;281;AVE DE LA SOMME;;;;330
21390;201300023720;13;5;4;1700;1;2;1;1.0;4;318;100, AVE DE SAIGE;;;;330
21391;201300023721;13;5;12;1915;1;2;1;1.0;7;162;43, RUE SAINT- EXUPERY;;;;330
21392;201300023722;13;5;14;2120;2;2;3;2.0;6;63;43, IMP SAINTE- CATHERIN;;;;330
21393;201300023723;13;5;15;950;1;2;5;1.0;6;63;QUAI DESCHAMPS;;;;330
21394;201300023724;13;5;15;910;1;2;3;1.0;3;63;CRS GEORGES CLEMENCEAU;;;;330
21395;201300023725;13;5;16;1800;1;2;2;1.0;3;63;RUE PASTEUR CAUD;;;;330
21396;201300023726;13;5;16;1830;1;2;2;1.0;6;63;243, RUE DE PESSAC;;;;330
21397;201300023727;13;5;17;1545;1;2;3;1.0;3;63;PCE BIR HAKEIM;;;;330
21398;201300023729;13;5;19;715;1;2;2;1.0;6;63;RUE DU FORT LOUIS;;;;330
21399;201300023730;13;5;17;1605;1;2;1;1.0;6;63;24-25, PCE DES CAPUCINS;;;;330
21400;201300023731;13;5;16;2038;1;2;3;1.0;6;63;RUE DU BOCAGE CAUD;;;;330
21401;201300023732;13;5;17;1930;1;2;1;1.0;3;63;45, CRS MARECHAL JUIN;;;;330
21402;201300023733;13;5;14;850;1;2;2;1.0;3;281;AVE DE L'YSER;;;;330
21403;201300023734;13;5;15;840;1;2;6;8.0;6;69;RUE FERDINAND BUISSON;;;;330
21404;201300023735;13;5;21;1805;1;2;2;1.0;6;63;PCE BIR HAKEIM;;;;330
21405;201300023736;13;5;18;850;1;2;2;3.0;3;281;AVE DE L'YSER;;;;330
21406;201300023737;13;5;16;1605;1;2;2;1.0;6;63;CRS VICTOR HUGO;;;;330
21407;201300023738;13;5;22;230;5;2;1;3.0;6;63;CRS MARC NOUAUX;;;;330
21408;201300023739;13;5;16;735;1;2;3;2.0;2;281;RUE ALESSANDRO VOLTA;;;;330
21409;201300023740;13;5;22;1340;1;2;2;1.0;6;63;RUE DE PESSAC;;;;330
21410;201300023742;13;5;22;1815;1;2;1;1.0;6;63;287, BD ALFRED DANEY;;;;330
21411;201300023743;13;5;16;1610;1;2;1;1.0;5;39;BD ALBERT 1ER;;;;330
21412;201300023744;13;5;23;1615;1;2;4;1.0;3;63;CRS DE LA MARNE;;;;330
21413;201300023745;13;5;17;1610;1;2;1;1.0;3;281;AVE ROLAND GARROS;;;;330
21414;201300023746;13;5;16;2135;2;2;2;1.0;6;522;0, AVE MARECHAL LECLERC;;;;330
21415;201300023747;13;5;22;1000;1;2;3;2.0;2;281;AVE DU MARECHAL LECLERC;;;;330
21416;201300023748;13;5;24;710;1;2;1;1.0;3;63;65, CRS GEORGES CLEMENCE;;;;330
21417;201300023749;13;5;24;1420;1;2;4;1.0;5;63;BD GODARD;;;;330
21418;201300023750;13;5;24;1720;1;2;2;1.0;6;63;RUE ROBERT SCHUMAN;;;;330
21419;201300023751;13;5;24;2350;5;2;3;1.0;7;63;71, CRS VICTOR HUGO;;;;330
21420;201300023752;13;5;18;1000;1;2;1;2.0;3;192;RTE DE LEOGNAN;;;;330
21421;201300023753;13;5;19;2050;1;2;3;1.0;7;281;AVE DU BOURGAILH;;;;330
21422;201300023754;13;5;18;2140;2;2;1;2.0;6;39;RUE DES FRERES MOGA;;;;330
21423;201300023755;13;5;18;1630;1;2;1;3.0;6;550;CHEM GASTON;;;;330
21424;201300023756;13;5;27;1200;1;2;2;1.0;6;63;CRS D'ALBRET;;;;330
21425;201300023757;13;5;29;850;1;2;1;3.0;5;63;BD ALIENOR D'AQUITAINE;;;;330
21426;201300023760;13;5;31;300;5;2;1;3.0;6;63;7, BD GEORGE V;;;;330
21427;201300023761;13;5;28;2130;2;2;3;1.0;3;281;CHEM DE LA PROCESSION;;;;330
21428;201300023762;13;5;25;1545;1;2;2;1.0;6;167;87, AVE JEAN JAURES;;;;330
21429;201300023764;13;5;27;1245;1;2;1;1.0;7;318;ALL DE LA POUDRIERE;;;;330
21430;201300023765;13;5;31;25;4;2;3;1.0;7;63;65, RUE DU PAS SAINT- GE;;;;330
21431;201300023766;13;5;24;2050;1;2;1;2.0;6;69;16, AVE PRESIDENT ROBERT;;;;330
21432;201300023767;13;5;23;1645;1;2;3;1.0;6;522;RUE DE LA VIEILLE TOUR;;;;330
21433;201300023768;13;6;2;100;5;2;2;1.0;6;63;RUE DONISSAN;;;;330
21434;201300023769;13;6;3;1610;1;2;3;1.0;2;63;RUE LAPLACETTE;;;;330
21435;201300023770;13;6;4;1920;1;2;2;1.0;3;63;RUE BERNARD ADOUR CAUD;;;;330
21436;201300023771;13;5;29;1900;1;2;1;2.0;5;318;241, AVE MAL DE LATTRE D;;;;330
21437;201300023772;13;5;31;750;4;2;2;1.0;1;63;RUE STEHELIN CAUD;;;;330
21438;201300023773;13;6;2;1710;1;2;1;1.0;7;318;AVE DE SAIGE;;;;330
21439;201300023774;13;6;5;720;1;2;1;1.0;3;63;135, RUE PELLEPORT;;;;330
21440;201300023775;13;6;5;1840;1;2;2;1.0;3;63;BD DU PRESIDENT WILSON;;;;330
21441;201300023776;13;6;5;1245;1;2;4;1.0;3;63;QUAI DESCHAMPS;;;;330
21442;201300023778;13;5;29;1355;1;2;2;2.0;3;550;95, RTE DE LEOGNAN;;;;330