;Num_Acc;an;mois;jour;hrmn;lum;agg;int;atm;col;com;adr;gps;lat;long;dep
21443;201300023779;13;6;2;130;5;2;3;1.0;3;119;RUE ARISTIDE BRIAND;;;;330
21444;201300023780;13;6;8;300;5;2;2;2.0;3;63;BD DU PRESIDENT WILSON;;;;330
21445;201300023781;13;6;7;1445;1;2;3;1.0;3;63;RUE PASTEUR CAUD;;;;330
21446;201300023782;13;6;8;300;1;2;1;2.0;7;63;47, CRS D'ALSACE ET LORR;;;;330
21447;201300023783;13;6;9;135;5;2;6;3.0;1;63;RD PT DE BRIENNE;;;;330
21448;201300023784;13;6;9;210;5;2;2;3.0;3;39;AVE ALEXIS CAPELLE;;;;330
21449;201300023786;13;6;6;830;1;2;1;1.0;6;318;AVE PIERRE CASTAING;;;;330
21450;201300023788;13;6;3;700;1;2;1;1.0;7;318;42, RUE DU BLAYAIS;;;;330
21451;201300023789;13;6;3;1458;1;2;2;1.0;3;522;RUE CLEMENT THOMAS;;;;330
21452;201300023790;13;6;2;1535;1;2;3;1.0;6;318;AVE DU GENERAL LECLERC;;;;330
21453;201300023791;13;5;29;930;1;2;3;3.0;5;522;RUE DE SUZON;;;;330
21454;201300023792;13;6;12;50;5;2;1;1.0;1;63;57, CRS ARISTIDE BRIAND;;;;330
21455;201300023793;13;6;10;900;1;2;1;2.0;3;281;118, AVE DE MAGUDAS;;;;330
21456;201300023794;13;6;6;800;1;2;6;1.0;3;69;AVE DE TIVOLI;;;;330
21457;201300023796;13;6;10;840;1;2;1;8.0;2;13;RN 89;;;;330
21458;201300023797;13;6;8;830;1;2;1;1.0;6;162;AVE DE PICOT;;;;330
21459;201300023798;13;6;7;1630;1;2;2;1.0;6;167;RUE JULES GUESDE;;;;330
21460;201300023799;13;6;7;1245;1;2;3;1.0;1;167;AVE PASTEUR;;;;330
21461;201300023800;13;6;11;1625;1;2;1;1.0;3;281;28, AVE GUSTAVE EIFFEL;;;;330
21462;201300023801;13;6;13;720;1;2;2;1.0;3;281;RUE FRANCOIS ARAGO;;;;330
21463;201300023802;13;6;11;1120;1;2;4;1.0;6;318;ESP DES ANTILLES;;;;330
21464;201300023803;13;6;13;706;1;2;3;1.0;3;63;CRS DE L'YSER;;;;330
21465;201300023804;13;6;12;1215;1;2;1;1.0;6;63;RUE CLAUDE BONNIER;;;;330
21466;201300023805;13;6;14;1330;1;2;4;1.0;3;63;79, BD ALBERT 1ER;;;;330
21467;201300023806;13;6;15;1035;1;2;1;1.0;6;63;PONT SAINT- JEAN;;;;330
21468;201300023807;13;6;15;1620;1;2;1;1.0;3;63;QUAI DE LA SOUYS;;;;330
21469;201300023808;13;6;15;500;4;2;1;1.0;6;13;RN 89;;;;330
21470;201300023809;13;6;16;115;5;2;2;1.0;3;63;RUE ESPRIT-DES-LOIS;;;;330
21471;201300023810;13;6;16;1322;1;2;2;1.0;6;63;CRS DE LA MARNE;;;;330
21472;201300023811;13;6;15;1130;1;2;1;1.0;3;281;495, AVE DE VERDUN;;;;330
21473;201300023812;13;6;12;1428;1;2;3;1.0;6;75;AVE CHARLES DE GAULLE;;;;330
21474;201300023813;13;6;14;224;5;2;1;2.0;7;249;RUE DU PIMPIN;;;;330
21475;201300023814;13;6;17;1145;1;2;1;1.0;6;63;43, CRS VICTOR HUGO;;;;330
21476;201300023815;13;6;13;1630;1;2;1;2.0;3;249;RUE JEAN ZAY;;;;330
21477;201300023816;13;6;14;800;1;2;1;1.0;3;318;5, AVE ANTOINE BECQUEREL;;;;330
21478;201300023817;13;6;18;1820;1;2;2;3.0;2;63;CRS BALGUERIE STUTTENBER;;;;330
21479;201300023818;13;6;18;550;2;2;2;3.0;3;63;BD DU PDT FRANKLIN ROOSE;;;;330
21480;201300023819;13;6;14;1500;1;2;1;1.0;2;318;43, AVE DE MADRAN;;;;330
21481;201300023820;13;6;20;110;5;2;1;1.0;6;63;16, ALL DE TOURNY;;;;330
21482;201300023821;13;6;19;653;1;2;1;2.0;1;281;AVE DE L'ARGONNE;;;;330
21483;201300023822;13;6;12;1300;1;2;1;1.0;2;192;5, AVE FAVARD;;;;330
21484;201300023823;13;6;14;10;5;2;6;2.0;6;550;RUE FERNAND SOORS;;;;330
21485;201300023824;13;6;23;252;5;2;4;1.0;6;63;41, RUE ERNEST RENAN;;;;330
21486;201300023825;13;6;19;1115;1;1;1;1.0;3;281;AVE MARCEL DASSAULT;;;;330
21487;201300023826;13;6;14;1500;1;2;6;1.0;3;65;SORTIE ROCADE N? 22;;;;330
21488;201300023827;13;6;14;850;1;2;1;1.0;6;192;5, NAUDET (RUE );;;;330
21489;201300023828;13;6;24;1004;1;2;1;1.0;6;63;PCE DE LA VICTOIRE;;;;330
21490;201300023829;13;6;24;1220;1;2;5;1.0;5;63;PCE RAVESIES;;;;330
21491;201300023831;13;6;16;900;1;2;5;1.0;3;249;AVE DU PRESIDENT J.F. KE;;;;330
21492;201300023832;13;6;18;620;1;2;2;2.0;3;281;RUE CAMILLE FLAMMARION;;;;330
21493;201300023833;13;6;25;30;5;2;3;1.0;6;281;AVE DU MARECHAL LECLERC;;;;330
21494;201300023834;13;6;22;1545;1;2;2;1.0;6;249;RUE JOACHIM DU BELLAY;;;;330
21495;201300023835;13;6;21;1540;1;2;6;2.0;3;318;AVE DES PROVINCES;;;;330
21496;201300023836;13;6;25;2020;1;2;1;1.0;6;63;CRS SAINT LOUIS;;;;330
21497;201300023837;13;6;18;1420;1;2;3;2.0;6;522;AVE RAYMOND POINCARE;;;;330
21498;201300023838;13;6;14;1220;1;2;2;1.0;3;522;PASS DES MARGUERITES;;;;330
21499;201300023839;13;6;24;925;1;2;1;1.0;3;63;114, AVE THIERS;;;;330
21500;201300023840;13;6;16;1020;1;2;2;1.0;3;192;RTE DE LEOGNAN;;;;330
21501;201300023841;13;6;25;645;2;2;2;1.0;3;318;RUE DE LA PRINCESSE;;;;330
21502;201300023842;13;6;28;740;1;2;1;1.0;5;63;BD ANTOINE GAUTIER;;;;330
21503;201300023843;13;6;21;1600;1;2;1;2.0;2;39;RUE DU PRECHE;;;;330
21504;201300023844;13;6;28;30;5;2;3;1.0;7;63;CRS D'ALSACE ET LORRAINE;;;;330
21505;201300023845;13;6;27;1630;1;2;3;1.0;6;63;RUE DE VINCENNES;;;;330
21506;201300023846;13;6;26;1545;1;2;4;1.0;3;119;AVE RENE CASSAGNE;;;;330
21507;201300023847;13;6;29;1535;1;2;1;1.0;6;281;0, RUE JACQUES PREVERT;;;;330
21508;201300023848;13;6;23;125;5;2;1;1.0;6;39;79, RUE FERDINAND BUISSO;;;;330
21509;201300023849;13;6;28;1500;1;2;1;1.0;2;63;183, BD ALBERT 1ER;;;;330
21510;201300023850;13;7;1;2315;5;2;2;1.0;6;63;RUE DONISSAN;;;;330
21511;201300023851;13;6;29;1653;1;2;1;1.0;6;281;16, AVE DE L'ALOUETTE;;;;330
21512;201300023852;13;6;28;1355;1;2;1;1.0;2;281;AVE RENE CASSIN;;;;330
21513;201300023853;13;6;30;325;5;2;2;1.0;6;119;46, AVE JEAN JAURES;;;;330
21514;201300023854;13;7;2;1600;1;2;1;1.0;6;63;QUAI DESCHAMPS;;;;330
21515;201300023855;13;6;27;1930;1;2;1;1.0;3;249;QUAI CHAIGNEAU BICHON;;;;330
21516;201300023856;13;6;30;1300;1;2;1;1.0;6;249;18, QUAI NUMA SENSINE;;;;330
21517;201300023857;13;7;2;1655;1;2;3;1.0;3;63;CRS VICTOR HUGO;;;;330
21518;201300023859;13;7;2;1837;1;2;1;1.0;3;281;64, AVE DE LA MARNE;;;;330
21519;201300023860;13;7;5;745;1;2;1;1.0;6;63;72, RUE PIERRE TREBOD;;;;330
21520;201300023861;13;7;3;1440;1;2;3;1.0;2;281;AVE DU TRUC;;;;330
21521;201300023862;13;7;4;1330;1;2;4;1.0;2;63;BD ALFRED DANEY;;;;330
21522;201300023863;13;7;4;1441;1;2;4;1.0;3;63;QUAI SAINTE- CROIX;;;;330
21523;201300023864;13;7;4;1520;1;2;3;1.0;3;63;RUE PEYRONNET;;;;330
21524;201300023865;13;7;4;1840;1;2;6;1.0;3;63;RDPT TOBEEN;;;;330
21525;201300023866;13;6;28;1845;1;2;1;1.0;4;550;451, RTE DE TOULOUSE;;;;330
21526;201300023867;13;7;5;1530;1;2;4;1.0;3;63;CRS CHARLES BRICAUD;;;;330
21527;201300023868;13;7;5;840;1;2;2;1.0;6;63;CRS ARISTIDE BRIAND;;;;330
21528;201300023869;13;7;5;1040;1;2;2;1.0;3;63;RUE D'ENGHIEN;;;;330
21529;201300023870;13;6;28;1540;1;2;1;1.0;6;39;PCE DU BICENTENAIRE;;;;330
21530;201300023871;13;7;5;2115;1;2;1;1.0;6;63;CRS JULES LADOUMEGUE;;;;330
21531;201300023872;13;7;3;1700;1;2;2;2.0;6;318;AVE DE MAGELLAN;;;;330
21532;201300023873;13;7;5;1500;1;2;3;1.0;6;63;RUE DES SABLIERES;;;;330
21533;201300023874;13;7;6;900;1;2;3;1.0;6;63;RUE PROFESSEUR VINCENT;;;;330
21534;201300023875;13;7;8;1420;1;2;1;1.0;3;63;ALL DES PASTEURINES CAUD;;;;330
21535;201300023876;13;7;8;840;1;2;3;1.0;3;63;49, RUE MILLIERE;;;;330
21536;201300023877;13;7;3;1050;1;2;3;1.0;3;550;RTE DE TOULOUSE;;;;330
21537;201300023878;13;7;6;745;1;2;1;1.0;3;281;128, AVE DE L'ARGONNE;;;;330
21538;201300023879;13;7;7;630;5;2;1;1.0;6;318;58TER, AVE DE SAIGE;;;;330
21539;201300023880;13;7;9;1125;1;2;3;1.0;6;63;92, CRS DE VERDUN;;;;330
21540;201300023881;13;7;6;2057;1;2;2;1.0;2;119;AVE JEAN JAURES;;;;330
21541;201300023882;13;7;10;1410;1;2;2;1.0;3;63;CRS DU RACCORDEMENT;;;;330
21542;201300023885;13;7;13;1;5;2;1;1.0;6;63;CRS JULES LADOUMEGUE;;;;330
21543;201300023886;13;6;24;1930;1;2;5;1.0;3;63;BD ALBERT 1ER;;;;330
21544;201300023887;13;7;12;1120;1;2;2;1.0;2;63;RUE JEAN RENAUD DANDICOL;;;;330
21545;201300023888;13;7;15;1040;1;2;4;1.0;6;63;21, RUE TAUDIN CAUD;;;;330
21546;201300023889;13;7;8;925;1;2;2;1.0;6;192;9, PCE BERNARD ROUMEGOUX;;;;330
21547;201300023890;13;7;16;2155;1;2;1;1.0;6;63;BD DU PRESIDENT WILSON;;;;330
21548;201300023891;13;7;14;1400;1;2;6;1.0;3;281;AVE FRANCOIS MITTERRAND;;;;330
21549;201300023892;13;7;10;1905;1;2;1;1.0;6;249;AVE DE LA LIBERATION;;;;330
21550;201300023893;13;7;16;2030;1;2;2;1.0;6;63;PCE BIR HAKEIM;;;;330
21551;201300023894;13;7;12;1755;1;2;1;1.0;5;550;CHEM DU PAS DE LA COTE;;;;330
21552;201300023895;13;7;12;1130;1;2;2;1.0;5;318;AVE MARC DESBATS;;;;330
21553;201300023896;13;7;16;2115;2;2;2;1.0;3;167;RUE SALVADOR ALLENDE;;;;330
21554;201300023898;13;7;18;900;1;2;2;1.0;3;63;CRS DU MEDOC;;;;330
21555;201300023899;13;7;13;1410;1;2;3;1.0;6;318;18, RUE VILLENEUVE;;;;330
21556;201300023900;13;7;17;1625;1;2;1;1.0;3;281;AVE DE MAGUDAS;;;;330
21557;201300023901;13;7;21;1040;1;2;1;1.0;2;63;RUE DE SEM;;;;330
21558;201300023902;13;7;18;1100;1;2;1;1.0;4;200;AVE DE MAGUDAS;;;;330
21559;201300023903;13;7;21;2215;5;2;5;1.0;3;63;ALL MIRABEAU CAUD;;;;330
21560;201300023904;13;7;19;1740;1;2;1;1.0;3;63;264, AVE DE LA REPUBLIQU;;;;330
21561;201300023905;13;7;21;1552;1;1;1;1.0;1;281;AVE MARCEL DASSAULT;;;;330
21562;201300023906;13;7;18;1050;1;2;2;1.0;3;318;AVE DU PONT DE L'ORIENT;;;;330
21563;201300023907;13;7;22;1630;1;2;2;1.0;2;63;BD ALFRED DANEY;;;;330
21564;201300023908;13;7;23;635;2;2;2;1.0;6;63;RUE JUDAIQUE;;;;330
21565;201300023909;13;7;22;1045;1;2;3;1.0;4;281;70, RUE DU JARD;;;;330
21566;201300023910;13;7;20;1900;1;2;1;1.0;6;281;56, AVE MARCEL DASSAULT;;;;330
21567;201300023911;13;7;23;1430;1;2;1;1.0;6;281;6, RUE APOLLO;;;;330
21568;201300023913;13;7;24;1820;1;2;2;1.0;3;63;CRS DE LA MARNE;;;;330
21569;201300023914;13;7;19;1139;1;2;1;1.0;6;550;RUE NICOLAS APPERT;;;;330
21570;201300023915;13;7;25;2225;5;1;2;1.0;3;63;110, CRS DE L'YSER;;;;330
21571;201300023916;13;7;21;20;5;2;6;1.0;3;39;AVE ROGER SALENGRO;;;;330
21572;201300023918;13;7;16;1045;1;2;3;1.0;3;550;RUE ANDRE BOURVIL;;;;330
21573;201300023919;13;7;26;1040;1;2;3;1.0;2;63;35-37, CRS VICTOR HUGO;;;;330
21574;201300023920;13;7;25;1215;1;2;6;1.0;6;281;AVE RENE CASSIN;;;;330
21575;201300023921;13;7;26;1200;1;2;2;2.0;3;69;AVE DE LA LIBERATION-CH.;;;;330
21576;201300023923;13;7;19;1120;1;2;4;1.0;5;522;CRS DE LA LIBERATION;;;;330
21577;201300023924;13;7;26;1620;1;2;3;1.0;2;63;VOIE D'ACCES PONT SAINT;;;;330
21578;201300023925;13;7;24;705;1;2;5;1.0;3;65;D 113;;;;330
21579;201300023926;13;7;24;555;2;2;2;1.0;3;318;ALL MAINE DE BIRAN;;;;330
21580;201300023928;13;7;23;2120;2;2;6;1.0;2;119;135, AVE RENE CASSAGNE;;;;330
21581;201300023929;13;7;31;755;1;2;2;1.0;6;63;RUE MOUNEYRA;;;;330
21582;201300023930;13;8;1;1655;1;2;3;1.0;3;63;AVE DE LABARDE;;;;330
21583;201300023931;13;7;25;1710;1;2;6;1.0;3;522;RTE DE TOULOUSE;;;;330
21584;201300023932;13;7;25;1500;1;2;1;1.0;3;522;453, CRS DE LA LIBERATIO;;;;330
21585;201300023933;13;7;31;250;5;2;1;1.0;6;281;AVE MARCEL DASSAULT;;;;330
21586;201300023934;13;7;31;1645;1;2;1;1.0;3;281;34, AVE GUSTAVE EIFFEL;;;;330
21587;201300023935;13;7;31;805;1;2;3;1.0;3;318;RUE ALBERT LAURENSON;;;;330
21588;201300023936;13;7;31;1815;1;1;1;1.0;3;13;RN 89;;;;330
21589;201300023937;13;7;29;950;1;2;6;1.0;3;192;RUE SAINT-FRANCOIS XAVIE;;;;330
21590;201300023938;13;8;1;911;1;2;2;1.0;3;318;RUE DE LA POUDRIERE;;;;330
21591;201300023939;13;8;4;1720;1;2;3;1.0;2;63;QUAI DES CHARTRONS;;;;330
21592;201300023941;13;7;30;1805;1;2;4;1.0;3;39;RUE LAPELLETERIE;;;;330
21593;201300023942;13;8;2;1630;1;2;1;1.0;1;63;53, BD GEORGES POMPIDOU;;;;330
21594;201300023943;13;8;5;600;5;2;1;1.0;6;63;41, RUE DE TAUZIA;;;;330
21595;201300023944;13;8;2;2325;5;2;1;8.0;6;63;378, BD DU PRESIDENT WIL;;;;330
21596;201300023945;13;7;27;1155;1;2;3;1.0;3;63;CRS MARC NOUAUX;;;;330
21597;201300023946;13;8;3;1000;1;2;1;1.0;3;281;44, AVE DE L'ARGONNE;;;;330
21598;201300023947;13;8;1;1000;1;2;3;1.0;3;32;AVE DES GRIFFONS;;;;330
21599;201300023948;13;8;4;1500;1;2;2;1.0;3;318;AVE DU BOURGAILH;;;;330
21600;201300023949;13;8;4;2235;5;2;1;1.0;6;281;28, AVE MARCEL DASSAULT;;;;330
21601;201300023950;13;8;8;1630;1;2;1;1.0;6;63;CRS DE VERDUN;;;;330
21602;201300023951;13;8;6;1530;1;2;2;1.0;3;318;AVE DU BOURGAILH;;;;330
21603;201300023952;13;8;6;930;1;2;1;1.0;7;281;AVE RENE CASSIN;;;;330
21604;201300023954;13;8;6;558;1;2;2;1.0;3;522;RUE LAMARTINE;;;;330
21605;201300023955;13;8;9;1820;1;2;2;1.0;2;281;AVE ARISTIDE BRIAND;;;;330
21606;201300023956;13;8;4;1730;1;2;1;1.0;3;550;CHEM GASTON;;;;330
21607;201300023957;13;8;8;1120;1;2;1;1.0;6;249;4, AVE DE LA LIBERATION;;;;330
21608;201300023958;13;8;1;1550;1;2;3;1.0;2;200;AVE PASTEUR;;;;330
21609;201300023959;13;8;8;1105;1;2;1;1.0;2;281;AVE ROLAND GARROS;;;;330
21610;201300023960;13;8;7;1715;1;2;1;2.0;3;522;AVE DE LA GARE;;;;330
21611;201300023961;13;8;13;1605;1;2;2;1.0;5;63;ALL DE BOUTAUT;;;;330
21612;201300023962;13;8;5;1150;1;2;3;1.0;2;69;BD PIERRE 1ER;;;;330
21613;201300023963;13;8;15;2010;1;2;1;1.0;2;63;18, QUAI DE LA MONNAIE;;;;330
21614;201300023964;13;8;10;1340;1;2;2;1.0;6;249;2, AVE DE LA LIBERATION;;;;330
21615;201300023965;13;8;16;1315;1;2;1;1.0;2;63;22, RUE VITAL CARLES;;;;330
21616;201300023966;13;8;18;1805;1;2;2;1.0;3;63;CRS DE LA MARNE;;;;330
21617;201300023967;13;8;18;700;2;2;6;1.0;7;192;RTE DE LEOGNAN;;;;330
21618;201300023968;13;8;21;1620;1;2;2;1.0;3;167;AVE HUBERT DUBEDOUT;;;;330
21619;201300023969;13;8;20;145;5;2;4;1.0;6;281;AVE DU 8 MAI 1945;;;;330
21620;201300023972;13;8;20;1350;1;2;6;1.0;4;63;PCE RAVESIES;;;;330
21621;201300023973;13;8;13;1500;1;2;1;1.0;3;13;AVE DU PERIGORD;;;;330
21622;201300023974;13;8;20;1520;1;2;1;1.0;2;63;CRS GEORGES CLEMENCEAU;;;;330
21623;201300023975;13;8;21;1650;1;2;1;1.0;1;63;38, RUE DE LA LIBERTE CA;;;;330
21624;201300023976;13;8;22;1020;1;2;4;1.0;6;63;BD DES FRERES MOGA;;;;330
21625;201300023977;13;8;22;1530;1;2;3;1.0;6;63;RUE DE BEGLES;;;;330
21626;201300023978;13;8;22;925;1;2;2;7.0;6;63;BD DU PRESIDENT WILSON;;;;330
21627;201300023979;13;8;25;550;5;2;5;1.0;1;162;5, AVE DU MEDOC;;;;330
21628;201300023980;13;8;14;1900;1;2;1;1.0;4;39;36, FARVARQUE (Avenue);;;;330
21629;201300023981;13;8;26;1830;1;2;3;1.0;3;63;QUAI DE LA MONNAIE;;;;330
21630;201300023982;13;8;27;2045;5;2;1;1.0;6;167;AVE DU PDT FRANCOIS MITT;;;;330
21631;201300023983;13;8;25;2255;5;2;1;1.0;3;281;16, RUE ROLAND DORGELES;;;;330
21632;201300023985;13;8;28;2200;5;2;3;1.0;6;63;CRS MARECHAL JUIN;;;;330
21633;201300023986;13;8;28;1410;1;2;1;1.0;3;63;79, RUE LAGRANGE;;;;330
21634;201300023987;13;8;28;1100;1;2;3;1.0;3;63;AVE DE MIRANDE CAUD;;;;330
21635;201300023988;13;8;30;10;5;2;3;1.0;3;63;QUAI DESCHAMPS;;;;330
21636;201300023989;13;8;27;1330;1;2;1;1.0;2;13;AVE DE VIRECOURT;;;;330
21637;201300023990;13;8;31;1830;1;2;1;1.0;6;63;RUE CLAUDE BONNIER;;;;330
21638;201300023993;13;8;27;1130;1;2;1;1.0;3;318;AVE GUSTAVE EIFFEL;;;;330
21639;201300023994;13;8;31;250;5;2;1;1.0;2;63;QUAI DES QUEYRIES;;;;330
21640;201300023995;13;8;30;1300;1;2;1;1.0;3;63;38, RUE TURENNE;;;;330
21641;201300023996;13;8;27;930;1;2;3;1.0;6;318;AVE DE MAGELLAN;;;;330
21642;201300023997;13;8;27;2029;1;2;3;1.0;3;119;AVE RENE CASSAGNE;;;;330
21643;201300023998;13;8;27;940;5;2;2;1.0;6;318;AVE DE CANDAU;;;;330
21644;201300023999;13;9;2;1520;1;2;1;1.0;2;63;, QUAI DE BACALAN;;;;330
21645;201300024000;13;9;2;1557;1;2;2;1.0;2;63;BD GEORGES POMPIDOU;;;;330
21646;201300024001;13;9;3;750;1;2;6;1.0;6;281;1, ALL DES EYQUEMS;;;;330
21647;201300024002;13;8;30;1930;1;2;1;1.0;2;281;AVE FRANCOIS MITTERRAND;;;;330
21648;201300024003;13;8;30;2055;1;2;2;1.0;3;281;AVE HENRI BARBUSSE;;;;330
21649;201300024004;13;9;3;1110;1;2;1;1.0;4;63;BD ALFRED DANEY;;;;330
21650;201300024005;13;9;3;1300;1;2;2;1.0;3;63;RUE CHANTECRIT;;;;330
21651;201300024006;13;9;2;1550;1;2;1;1.0;2;281;3, AVE HENRI BARBUSSE;;;;330
21652;201300024007;13;8;30;1100;1;2;2;1.0;2;249;AVE DE PARIS;;;;330
21653;201300024008;13;8;30;1350;1;2;1;1.0;3;318;31, AVE GUSTAVE EIFFEL;;;;330
21654;201300024009;13;9;5;1645;1;2;3;1.0;6;63;149, CRS DE LA MARNE;;;;330
21655;201300024010;13;9;2;1000;1;2;1;1.0;4;63;164, RUE BERNARD ADOUR C;;;;330
21656;201300024011;13;9;3;1000;1;2;2;1.0;2;13;AVE DE VIRECOURT;;;;330
21657;201300024012;13;8;30;2145;3;2;1;1.0;6;522;287, CRS DE LA LIBERATIO;;;;330
21658;201300024013;13;9;3;1050;1;1;1;1.0;2;13;SORTIE ROCADE N?26;;;;330
21659;201300024014;13;9;6;1930;1;2;1;2.0;3;63;500, AVE DU MAL DE LATTR;;;;330
21660;201300024015;13;9;6;810;1;2;5;2.0;3;63;RUE DE LA BENAUGE;;;;330
21661;201300024016;13;9;7;140;5;2;2;2.0;5;63;RUE JUDAIQUE;;;;330
21662;201300024017;13;9;6;1845;2;2;1;1.0;6;63;79, RUE FAMATINA CAUD;;;;330
21663;201300024018;13;9;7;500;5;2;2;1.0;6;63;65, CRS D'ALSACE ET LORR;;;;330
21664;201300024020;13;9;6;1120;1;2;2;1.0;6;63;CRS ARISTIDE BRIAND;;;;330
21665;201300024021;13;9;9;2200;5;2;3;2.0;2;39;133, BD JEAN-JACQUES BOS;;;;330
21666;201300024022;13;9;9;1705;1;2;3;2.0;6;63;RUE LOUIS EMIE;;;;330
21667;201300024023;13;9;3;2009;1;2;3;1.0;6;550;RTE DE TOULOUSE;;;;330
21668;201300024024;13;9;3;1040;1;2;1;1.0;1;39;3, RUE PAULETTE SAUBOUA;;;;330
21669;201300024026;13;9;10;1530;1;2;6;1.0;2;63;CRS DU MARECHAL GALLIENI;;;;330
21670;201300024028;13;9;6;1610;1;2;3;1.0;2;318;AVE DE MAGELLAN;;;;330
21671;201300024029;13;9;3;1710;1;2;3;1.0;3;318;AVE PASTEUR;;;;330
21672;201300024031;13;9;5;820;1;2;3;1.0;2;192;CRS DU GENERAL DE GAULLE;;;;330
21673;201300024032;13;9;5;1645;1;2;1;1.0;6;522;7, AVE DE L'UNIVERSITE;;;;330
21674;201300024033;13;9;12;1650;1;2;5;1.0;3;63;CRS DU RACCORDEMENT;;;;330
21675;201300024034;13;9;14;1420;1;2;1;1.0;1;69;238, AVE D'EYSINES;;;;330
21676;201300024035;13;9;11;1517;1;2;6;1.0;3;32;QUAI DE VIAL;;;;330
21677;201300024036;13;9;13;1540;1;2;5;1.0;3;63;CRS DU RACCORDEMENT;;;;330
21678;201300024037;13;9;16;1100;1;2;2;2.0;3;63;CRS DE L'ARGONNE;;;;330
21679;201300024039;13;9;16;935;1;2;2;2.0;6;63;RUE HERON;;;;330
21680;201300024040;13;9;10;1010;1;2;6;1.0;3;192;RTE DE LEOGNAN;;;;330
21681;201300024041;13;9;13;400;5;2;2;2.0;7;162;AVE DE SAINT-MEDARD;;;;330
21682;201300024042;13;9;6;2140;2;2;2;1.0;6;318;AVE ROGER COHE;;;;330
21683;201300024043;13;9;10;1220;1;2;5;1.0;6;281;AVE DE VERDUN;;;;330
21684;201300024044;13;9;12;1805;2;2;1;2.0;2;63;20, RUE RICHELIEU CAUD;;;;330
21685;201300024045;13;9;17;2210;5;2;2;2.0;6;63;33, RUE DES FRERES BONIE;;;;330
21686;201300024046;13;9;17;850;1;2;1;1.0;6;63;, RUE DUFFOUR DUBERGIER;;;;330
21687;201300024047;13;9;18;730;1;2;2;3.0;2;63;RUE ESPRIT-DES-LOIS;;;;330
21688;201300024048;13;9;18;1645;1;2;6;2.0;3;63;AVE DE TOURVILLE;;;;330
21689;201300024049;13;9;18;847;1;2;2;1.0;6;63;RUE GUADET;;;;330
21690;201300024050;13;9;13;800;1;2;1;1.0;6;318;19, AVE DES ERABLES;;;;330
21691;201300024051;13;9;18;855;1;2;5;1.0;5;39;BD ALBERT 1ER;;;;330
21692;201300024052;13;9;18;900;1;2;3;2.0;3;63;RUE ESPRIT-DES-LOIS;;;;330
21693;201300024054;13;9;15;2100;5;2;2;1.0;3;162;AVE DU MEDOC;;;;330
21694;201300024055;13;9;11;1047;1;2;3;1.0;6;522;RUE HENRY DE MONTHERLANT;;;;330
21695;201300024056;13;9;17;1530;1;2;2;1.0;3;281;RUE ALESSANDRO VOLTA;;;;330
21696;201300024057;13;9;16;1100;1;2;4;2.0;2;281;AVE RENE CASSIN;;;;330
21697;201300024058;13;9;20;1710;1;2;1;1.0;2;63;144, RUE AMEDEE SAINT-GE;;;;330
21698;201300024059;13;9;22;710;5;2;1;1.0;6;167;RUE JEAN DUPAS;;;;330
21699;201300024061;13;9;20;1500;1;2;1;1.0;2;63;AVE DU GENERAL LECLERC C;;;;330
21700;201300024062;13;9;20;1410;1;2;2;1.0;3;63;RUE DU JARDIN PUBLIC;;;;330
21701;201300024063;13;9;21;1355;1;2;3;1.0;3;63;RUE ROBERT LATEULADE;;;;330
21702;201300024064;13;9;21;2100;5;2;2;1.0;3;63;RUE GEORGES MANDEL;;;;330
21703;201300024065;13;9;13;1040;1;2;1;1.0;3;550;10, AVE GEORGES CLEMENCE;;;;330
21704;201300024066;13;9;14;1920;5;2;4;3.0;3;550;61, AVE GEORGES CLEMENCE;;;;330
21705;201300024067;13;9;17;840;1;2;1;1.0;6;249;RUE JEAN LURCAT;;;;330
21706;201300024068;13;9;20;945;1;2;2;1.0;3;63;RUE PIERRE BAOUR;;;;330
21707;201300024069;13;9;23;1810;1;2;1;1.0;6;63;223, RUE GEORGES MANDEL;;;;330
21708;201300024072;13;9;22;1930;2;2;1;1.0;6;281;AVENUE DE PEYCHOTTE;;;;330
21709;201300024073;13;9;10;1745;1;2;1;1.0;3;522;285, CRS DE LA LIBERATIO;;;;330
21710;201300024074;13;9;24;1600;1;2;2;1.0;3;63;RUE PASTEUR CAUD;;;;330
21711;201300024075;13;9;24;1615;1;2;1;1.0;3;63;PCE MARTYRS DE LA RESIST;;;;330
21712;201300024076;13;9;24;1211;1;2;1;1.0;2;63;83, RUE ACHARD;;;;330
21713;201300024077;13;9;18;2220;5;2;1;1.0;7;318;AVE DU HAUT-BRION;;;;330
21714;201300024078;13;9;18;815;1;2;4;1.0;3;522;CRS DE LA LIBERATION;;;;330
21715;201300024079;13;9;24;925;1;2;3;1.0;3;63;CRS D'ALBRET;;;;330
21716;201300024080;13;9;25;1120;1;2;2;1.0;6;63;169, CRS DE L'ARGONNE;;;;330
21717;201300024081;13;9;20;2040;5;2;2;1.0;7;318;AVE ARCHIMEDE;;;;330
21718;201300024082;13;9;24;1715;1;2;2;1.0;3;281;AVE DES EYQUEMS;;;;330
21719;201300024083;13;9;26;1535;1;2;4;1.0;6;63;CRS ANATOLE FRANCE;;;;330
21720;201300024084;13;9;29;2130;5;2;1;2.0;7;63;250, CRS DE L'ARGONNE;;;;330
21721;201300024086;13;9;27;1620;1;2;2;1.0;3;63;QUAI DES CHARTRONS;;;;330
21722;201300024087;13;9;28;800;2;2;2;2.0;6;63;CRS BARBEY;;;;330
21723;201300024088;13;9;29;1625;1;2;3;1.0;3;63;RUE LUCIEN FAURE;;;;330
21724;201300024089;13;9;27;2100;5;2;3;1.0;2;119;AVE JEAN JAURES;;;;330
21725;201300024090;13;9;28;2145;5;2;3;1.0;7;63;RUE CAILLOU CAUD;;;;330
21726;201300024091;13;9;20;745;1;2;1;2.0;3;522;CRS DE LA LIBERATION;;;;330
21727;201300024092;13;9;30;2240;5;2;1;1.0;7;63;QUAI DU MARECHAL LYAUTEY;;;;330