;Num_Acc;an;mois;jour;hrmn;lum;agg;int;atm;col;com;adr;gps;lat;long;dep
21728;201300024093;13;9;29;1830;1;2;3;2.0;3;63;AVE DU MAL DE LATTRE DE;;;;330
21729;201300024094;13;9;30;945;1;2;3;1.0;2;63;60, RUE DAVID JOHNSTON;;;;330
21730;201300024095;13;9;30;1430;1;2;1;1.0;6;75;ALL DE BOUTAUT;;;;330
21731;201300024096;13;10;2;725;2;2;1;1.0;3;63;76, RUE PROMIS;;;;330
21732;201300024097;13;9;25;1740;1;2;3;1.0;3;75;AVE D'AQUITAINE;;;;330
21733;201300024098;13;10;1;1815;1;2;1;1.0;2;63;112, AVE D'EYSINES CAUD;;;;330
21734;201300024099;13;10;1;1155;1;2;3;1.0;3;281;AVE DE VERDUN;;;;330
21735;201300024100;13;10;3;415;5;2;1;1.0;7;63;QUAI DES SALINIERES;;;;330
21736;201300024101;13;10;2;1720;1;2;2;1.0;3;63;RUE YVES GLOTIN;;;;330
21737;201300024102;13;10;2;1914;1;2;1;1.0;3;63;QUAI LOUIS XVIII;;;;330
21738;201300024104;13;9;30;835;1;2;3;1.0;2;119;BD ENTRE DEUX MERS;;;;330
21739;201300024105;13;9;27;1730;1;2;1;1.0;6;318;517, AVE DE BEUTRE;;;;330
21740;201300024106;13;10;4;930;1;2;2;3.0;3;63;280, CRS DE L'ARGONNE;;;;330
21741;201300024107;13;10;4;850;1;2;1;2.0;6;63;QUAI DES SALINIERES;;;;330
21742;201300024108;13;10;1;1430;1;2;2;1.0;3;281;RUE ALBERT CAMUS;;;;330
21743;201300024109;13;9;24;1245;1;2;1;1.0;6;550;AVE DES PYRENEES;;;;330
21744;201300024110;13;10;4;1300;1;2;6;2.0;3;63;CRS DU MARECHAL GALLIENI;;;;330
21745;201300024111;13;10;6;610;5;2;1;1.0;6;39;RUE DES FRERES MOGA;;;;330
21746;201300024112;13;10;7;1625;1;2;3;1.0;6;63;CRS DE L'ARGONNE;;;;330
21747;201300024114;13;10;3;745;5;2;6;2.0;6;318;AVE DU HAUT LEVEQUE;;;;330
21748;201300024115;13;10;4;930;1;2;1;3.0;3;119;97, RUE DU MARECHAL FOCH;;;;330
21749;201300024116;13;10;7;1420;1;2;3;1.0;2;63;BD JOLIOT-CURIE;;;;330
21750;201300024117;13;10;4;755;1;2;4;1.0;3;162;RUE DU MEDOC;;;;330
21751;201300024119;13;10;8;1040;1;2;1;8.0;1;63;199, QUAI DE BRAZZA;;;;330
21752;201300024120;13;9;27;1030;1;2;6;1.0;1;39;RUE DES QUATRE CASTERA;;;;330
21753;201300024121;13;10;8;1145;1;2;2;1.0;6;63;RUE CORNAC;;;;330
21754;201300024122;13;10;3;815;1;2;2;1.0;3;281;ST MEDARD (AVE);;;;330
21755;201300024124;13;10;9;900;1;2;6;1.0;3;63;PLACE RAVEZIES;;;;330
21756;201300024125;13;10;9;1700;1;2;6;1.0;2;63;AVE DE NONTRASTE;;;;330
21757;201300024127;13;10;7;1515;1;2;2;1.0;3;162;AVE DE SAINT-MEDARD;;;;330
21758;201300024128;13;10;12;2115;5;2;3;2.0;3;63;CRS DE LA SOMME;;;;330
21759;201300024129;13;10;11;1940;2;2;1;1.0;6;249;AVE DE LA LIBERATION;;;;330
21760;201300024130;13;10;12;1002;1;2;1;2.0;3;200;350, AVE DE MAGUDAS;;;;330
21761;201300024132;13;10;7;1330;1;2;1;1.0;2;522;AVE ROUL;;;;330
21762;201300024133;13;10;7;1645;1;2;6;1.0;2;39;RTE DE COURREJEAN;;;;330
21763;201300024134;13;10;9;1330;1;2;1;1.0;5;63;159, RUE DE BETHMANN;;;;330
21764;201300024135;13;10;15;755;1;2;3;1.0;6;63;26-28, AVE LOUIS BARTHOU;;;;330
21765;201300024136;13;10;14;1050;1;2;6;1.0;6;281;172, AVE DE LA MARNE;;;;330
21766;201300024137;13;10;11;1810;1;2;3;1.0;3;281;AVE GUSTAVE EIFFEL;;;;330
21767;201300024138;13;10;15;1025;1;2;3;1.0;6;63;19, CRS DE L'INTENDANCE;;;;330
21768;201300024140;13;10;16;920;1;2;2;1.0;3;63;AVE DU GENERAL LECLERC C;;;;330
21769;201300024141;13;10;11;2113;5;2;2;1.0;3;318;AVE DU HAUT LEVEQUE;;;;330
21770;201300024142;13;10;10;1715;1;2;1;1.0;6;119;62, AVE JEAN JAURES;;;;330
21771;201300024143;13;10;16;2020;5;2;2;2.0;6;281;AVE DES EYQUEMS;;;;330
21772;201300024144;13;10;18;200;5;2;1;1.0;6;63;59, RUE DE TIVOLI;;;;330
21773;201300024145;13;10;16;1530;1;2;1;2.0;3;281;AVE GUSTAVE EIFFEL;;;;330
21774;201300024146;13;10;17;2250;5;2;2;1.0;6;63;RUE FERRERE;;;;330
21775;201300024147;13;10;15;900;1;2;1;1.0;1;32;8, RUE DU DOCTEUR FOUQUE;;;;330
21776;201300024148;13;10;12;605;5;2;9;2.0;2;39;BD JEAN-JACQUES BOSC;;;;330
21777;201300024149;13;10;19;1800;1;2;3;1.0;1;63;RUE DOCTEUR JEAN VINCENT;;;;330
21778;201300024150;13;10;19;545;5;2;3;1.0;3;63;85, CRS VICTOR HUGO;;;;330
21779;201300024151;13;10;18;1640;1;2;1;1.0;2;63;BD ALIENOR D'AQUITAINE;;;;330
21780;201300024152;13;10;20;1420;1;2;2;1.0;2;281;205, AVE DE LA MARNE;;;;330
21781;201300024153;13;10;21;1745;1;2;2;1.0;3;63;144, CRS DU MARECHAL GAL;;;;330
21782;201300024154;13;10;22;1200;1;2;2;2.0;3;63;RUE LECOCQ;;;;330
21783;201300024155;13;10;10;1135;1;2;1;1.0;3;522;CRS GAMBETTA;;;;330
21784;201300024156;13;10;16;820;1;2;3;1.0;3;63;351, RTE DE TOULOUSE;;;;330
21785;201300024157;13;10;23;2120;5;2;1;1.0;7;63;125, RUE DE BETHMANN;;;;330
21786;201300024158;13;10;23;1405;1;2;1;3.0;3;119;24, AVE RENE CASSAGNE;;;;330
21787;201300024159;13;10;20;1720;1;2;2;1.0;3;192;CRS DU GENERAL DE GAULLE;;;;330
21788;201300024160;13;10;20;1020;1;2;1;1.0;3;550;317, RTE DE TOULOUSE;;;;330
21789;201300024161;13;10;18;1730;1;2;1;1.0;2;192;115, RTE DE CANEJAN;;;;330
21790;201300024162;13;10;18;810;2;2;3;1.0;3;281;AVE DES MARRONNIERS;;;;330
21791;201300024164;13;10;17;805;1;2;3;5.0;1;522;AVE PEY-BERLAND;;;;330
21792;201300024165;13;10;18;1700;1;2;6;1.0;2;281;AVE FRANCOIS MITTERRAND;;;;330
21793;201300024166;13;10;19;825;1;2;5;1.0;3;63;RTE DE TOULOUSE;;;;330
21794;201300024167;13;10;21;1315;1;2;2;1.0;3;550;RTE DE LEOGNAN;;;;330
21795;201300024168;13;10;26;1310;1;2;1;1.0;3;63;166, RUE JUDAIQUE;;;;330
21796;201300024169;13;10;26;1700;1;2;1;9.0;3;63;AVE DE LABARDE;;;;330
21797;201300024170;13;10;25;640;5;2;3;1.0;6;63;BD MARECHAL LECLERC;;;;330
21798;201300024171;13;10;26;1522;1;2;5;2.0;3;550;RTE DE TOULOUSE;;;;330
21799;201300024172;13;10;21;1145;1;2;1;1.0;2;162;RUE CAILLOU;;;;330
21800;201300024173;13;10;25;1030;1;2;1;2.0;3;281;101, AVE DE MAGUDAS;;;;330
21801;201300024174;13;10;22;735;1;2;1;1.0;6;318;AVE MARC DESBATS;;;;330
21802;201300024175;13;10;23;1715;1;2;2;1.0;3;550;AVE FERNAND COIN;;;;330
21803;201300024176;13;10;24;1758;1;2;1;1.0;4;281;AVE FRANCOIS MITTERRAND;;;;330
21804;201300024177;13;10;22;1750;1;2;3;1.0;3;39;RUE VINCENT GONZALES;;;;330
21805;201300024178;13;10;24;750;2;2;2;1.0;3;249;RUE PAUL COURTAULT;;;;330
21806;201300024179;13;10;23;1455;1;2;2;1.0;3;281;AVE ALBERT 1ER;;;;330
21807;201300024180;13;10;24;1055;1;2;6;1.0;3;550;RUE RAYMOND BIERGE;;;;330
21808;201300024181;13;10;25;1250;1;2;2;2.0;3;318;AVE SAINT-AIGNAN;;;;330
21809;201300024182;13;10;25;1435;1;2;6;1.0;6;249;AVE DE LA LIBERATION;;;;330
21810;201300024184;13;10;28;1200;1;2;1;1.0;2;318;AVE JEAN JAURES;;;;330
21811;201300024185;13;11;1;1920;5;2;3;2.0;3;63;CRS VICTOR HUGO;;;;330
21812;201300024186;13;11;2;1315;1;2;2;2.0;3;63;RTE DE TOULOUSE;;;;330
21813;201300024187;13;10;31;1830;5;2;3;1.0;6;63;37, CRS VICTOR HUGO;;;;330
21814;201300024188;13;11;2;2040;3;2;1;2.0;7;63;BD ALIENOR D'AQUITAINE;;;;330
21815;201300024189;13;10;31;1725;1;2;2;1.0;2;63;36, RUE DU 144EME R.I.;;;;330
21816;201300024190;13;10;31;650;5;2;6;1.0;3;63;CRS DU MARECHAL GALLIENI;;;;330
21817;201300024191;13;11;4;2224;5;2;2;2.0;1;63;61, CRS ARISTIDE BRIAND;;;;330
21818;201300024192;13;11;4;1600;1;2;3;2.0;6;63;RUE GEORGES BONNAC;;;;330
21819;201300024193;13;11;4;810;1;2;2;3.0;6;63;RUE DU TAUZIN;;;;330
21820;201300024194;13;11;5;1935;5;2;5;2.0;3;192;CRS DU GENERAL DE GAULLE;;;;330
21821;201300024195;13;11;5;2025;5;2;1;2.0;2;281;80, AVE DU CHATEAU D'EAU;;;;330
21822;201300024196;13;11;3;1820;5;2;1;2.0;6;63;QUAI DE LA SOUYS;;;;330
21823;201300024197;13;11;6;1900;5;2;3;9.0;6;63;BD DES FRERES MOGA;;;;330
21824;201300024198;13;11;4;740;5;2;2;3.0;6;249;RUE DES CAVAILLES;;;;330
21825;201300024199;13;11;7;1510;1;2;2;1.0;3;63;PCE AMELIE RABA LEON;;;;330
21826;201300024200;13;11;7;2120;5;2;2;1.0;3;63;AVE DE LA REPUBLIQUE CAU;;;;330
21827;201300024202;13;11;7;1035;1;2;2;2.0;6;63;BD DU PRESIDENT WILSON;;;;330
21828;201300024203;13;11;10;650;5;2;1;2.0;6;63;34, QUAI DE PALUDATE;;;;330
21829;201300024204;13;11;10;600;5;2;1;2.0;6;63;60, CRS DE VERDUN;;;;330
21830;201300024205;13;11;5;1650;1;2;3;3.0;3;200;RUE DES GRAVES;;;;330
21831;201300024206;13;11;10;1600;1;2;2;8.0;6;63;RUE DE SAGET;;;;330
21832;201300024207;13;11;8;2200;5;2;2;2.0;2;63;BD DU PRESIDENT WILSON;;;;330
21833;201300024208;13;11;11;2100;5;2;2;1.0;7;63;108/110, CRS DE L'ARGONN;;;;330
21834;201300024211;13;11;4;1745;2;2;3;2.0;1;318;AVE PASTEUR;;;;330
21835;201300024212;13;10;31;910;1;2;6;1.0;3;522;RUE PIERRE NOAILLES;;;;330
21836;201300024213;13;11;4;915;1;2;6;3.0;3;39;9, RTE DE COURREJEAN;;;;330
21837;201300024214;13;11;6;1855;5;2;2;1.0;2;281;RUE FRANCOIS ARAGO;;;;330
21838;201300024216;13;11;6;1220;1;2;3;2.0;2;69;228, AVE DE LA LIBERATIO;;;;330
21839;201300024217;13;11;12;2305;3;2;6;2.0;7;63;101, RUE JULES FERRY CAU;;;;330
21840;201300024218;13;11;13;1305;1;2;3;1.0;6;167;AVE HUBERT DUBEDOUT;;;;330
21841;201300024219;13;11;13;1905;5;2;2;1.0;3;318;RUE DE LA MISSION DU HAU;;;;330
21842;201300024220;13;11;8;1935;5;2;3;2.0;3;281;94, AVE DES EYQUEMS;;;;330
21843;201300024221;13;11;11;2225;5;2;1;1.0;2;281;AVE PRESIDENT J.F. KENNE;;;;330
21844;201300024222;13;11;7;940;1;2;4;8.0;3;162;AVE DU MEDOC;;;;330
21845;201300024223;13;11;8;1710;1;2;3;2.0;3;249;RUE PIERRE MENDES-FRANCE;;;;330
21846;201300024224;13;11;7;720;2;2;3;2.0;6;281;128, AVE DE L'ARGONNE;;;;330
21847;201300024225;13;11;16;200;5;2;3;1.0;6;63;CRS DE LA SOMME;;;;330
21848;201300024226;13;11;7;818;1;2;2;2.0;3;522;RUE BOURGES;;;;330
21849;201300024227;13;11;12;945;1;2;3;3.0;2;281;AVE PIERRE MENDES FRANCE;;;;330
21850;201300024228;13;11;12;830;1;2;2;3.0;1;281;AVE DE VERDUN;;;;330
21851;201300024230;13;11;9;1840;5;2;3;1.0;6;522;RUE JEAN RACINE;;;;330
21852;201300024231;13;11;15;1810;5;2;1;2.0;5;13;BD FEYDEAU;;;;330
21853;201300024232;13;11;12;1305;1;2;1;1.0;2;281;98, AVE PIERRE MENDES FR;;;;330
21854;201300024233;13;11;17;1745;5;2;3;1.0;3;63;218, CRS DE LA SOMME;;;;330
21855;201300024234;13;11;15;1925;4;2;3;2.0;6;167;41, CRS GAMBETTA;;;;330
21856;201300024235;13;11;13;800;2;2;2;1.0;3;69;AVE DE TIVOLI;;;;330
21857;201300024236;13;11;13;1730;1;2;6;1.0;3;249;PCE DES DEUX VILLES;;;;330
21858;201300024237;13;11;18;1220;1;2;1;1.0;3;63;185, CRS DU MEDOC;;;;330
21859;201300024238;13;11;18;730;2;2;2;8.0;3;63;RUE DU PROF. GEORGES JEA;;;;330
21860;201300024239;13;11;18;1830;5;2;1;1.0;3;63;65, QUAI DE BRAZZA;;;;330
21861;201300024240;13;11;18;740;1;2;2;1.0;3;63;RUE DU JARDIN PUBLIC;;;;330
21862;201300024241;13;11;18;1000;1;2;3;8.0;3;63;AVE MAL DE LATTRE TASSIG;;;;330
21863;201300024242;13;11;12;1300;1;2;1;2.0;3;550;AVE MIRIEU DE LABARRE;;;;330
21864;201300024243;13;11;15;850;1;2;6;1.0;3;281;AVE DE L'ARGONNE;;;;330
21865;201300024244;13;11;14;1300;1;2;3;1.0;5;75;AVE JEAN JAURES;;;;330
21866;201300024245;13;11;19;1705;2;2;2;1.0;3;63;BD DU PRESIDENT WILSON;;;;330
21867;201300024246;13;11;14;750;2;2;1;1.0;6;32;QUAI FRANCAIS;;;;330
21868;201300024247;13;11;14;1845;5;2;3;1.0;3;162;AVE DE SAINT-MEDARD;;;;330
21869;201300024248;13;11;20;1120;1;2;3;1.0;3;63;CRS MARECHAL JUIN;;;;330
21870;201300024249;13;11;21;25;5;2;1;2.0;7;63;159, AVE THIERS;;;;330
21871;201300024250;13;11;19;2030;5;2;3;1.0;3;63;RUE CAPDEVILLE;;;;330
21872;201300024251;13;11;21;30;5;2;1;3.0;6;63;CRS D'ALSACE ET LORRAINE;;;;330
21873;201300024252;13;11;16;1820;4;2;2;1.0;3;522;CRS DE LA LIBERATION;;;;330
21874;201300024253;13;11;18;1125;1;2;1;1.0;2;281;AVE DE LA SOMME;;;;330
21875;201300024254;13;11;19;1310;1;2;3;1.0;3;281;RUE FRANCOIS ARAGO;;;;330
21876;201300024255;13;11;19;1543;1;2;1;1.0;6;281;4, RUE BEAUMARCHAIS;;;;330
21877;201300024256;13;11;15;2045;4;2;3;2.0;6;162;20, RUE EMMANUEL PARANTE;;;;330
21878;201300024257;13;11;21;1445;1;2;3;1.0;2;63;CRS DE LA SOMME;;;;330
21879;201300024258;13;11;21;1009;1;2;2;3.0;3;63;AVE LOUIS BARTHOU CAUD;;;;330
21880;201300024259;13;11;21;635;5;2;3;3.0;6;63;198, RUE STEHELIN CAUD;;;;330
21881;201300024260;13;11;23;1710;2;2;2;1.0;6;63;PCE DE LA VICTOIRE;;;;330
21882;201300024261;13;11;22;1830;5;2;3;1.0;3;63;8, RUE BLANCHE CAUD;;;;330
21883;201300024262;13;11;18;1400;1;2;2;1.0;3;522;RUE DU MARECHAL FOCH;;;;330
21884;201300024263;13;11;25;705;5;2;3;1.0;3;63;AVE ABADIE;;;;330
21885;201300024265;13;11;26;745;2;2;2;1.0;6;63;CRS VICTOR HUGO;;;;330
21886;201300024266;13;11;22;1230;1;2;3;1.0;2;318;AVE DU GENERAL LECLERC;;;;330
21887;201300024267;13;11;20;1825;5;2;3;2.0;6;522;RUE DE SUZON;;;;330
21888;201300024268;13;11;21;1710;2;2;2;2.0;3;39;AVE DU MARECHAL LECLERC;;;;330
21889;201300024269;13;11;25;810;1;2;3;1.0;3;318;AVE DU BOURGAILH;;;;330
21890;201300024270;13;11;27;755;2;2;2;1.0;3;63;ALL SERR;;;;330
21891;201300024271;13;11;27;1950;5;2;3;1.0;3;63;BD MARECHAL LECLERC;;;;330
21892;201300024272;13;11;28;1035;1;2;2;1.0;3;63;CRS VICTOR HUGO;;;;330
21893;201300024273;13;11;24;1210;1;2;1;1.0;6;69;118, AVE VICTOR HUGO;;;;330
21894;201300024274;13;11;26;1240;1;2;3;1.0;3;281;AVE DE LA MARNE;;;;330
21895;201300024275;13;11;28;2330;5;2;3;1.0;3;63;RUE PERE DIEUZAIDE;;;;330
21896;201300024277;13;12;1;45;5;2;2;1.0;3;63;RUE LUCIEN FAURE;;;;330
21897;201300024278;13;12;1;1700;1;2;1;1.0;3;318;AVE JEAN JAURES;;;;330
21898;201300024279;13;11;26;1117;1;2;1;1.0;6;13;AVE DE VIRECOURT;;;;330
21899;201300024280;13;11;30;2210;5;2;2;1.0;7;63;147, RUE JUDAIQUE;;;;330
21900;201300024281;13;11;22;1200;1;2;5;1.0;3;39;AVE JEANNE D'ARC;;;;330
21901;201300024283;13;12;1;100;5;2;1;1.0;6;63;179, CRS DE LA SOMME;;;;330
21902;201300024284;13;12;2;1805;2;2;3;1.0;2;63;AVE CARNOT CAUD;;;;330
21903;201300024285;13;12;2;1935;5;2;3;1.0;3;63;RUE JUDAIQUE;;;;330
21904;201300024286;13;12;3;1540;1;2;3;1.0;2;63;AVE DE LABARDE;;;;330
21905;201300024288;13;12;3;1605;1;2;1;1.0;3;63;118, CRS VICTOR HUGO;;;;330
21906;201300024289;13;11;29;730;2;2;3;1.0;3;281;RUE DU JARD;;;;330
21907;201300024291;13;11;30;1430;1;2;6;1.0;3;522;CRS MARECHAL GALLIENI;;;;330
21908;201300024292;13;12;3;750;1;2;2;1.0;6;75;AVE DE L EUROPE;;;;330
21909;201300024293;13;12;5;1815;5;2;3;1.0;7;63;PONT Jacques CHABAN DELM;;;;330
21910;201300024294;13;12;7;2350;5;2;2;1.0;6;281;AVE FRANCOIS MITTERRAND;;;;330
21911;201300024296;13;12;5;2020;5;2;2;1.0;6;63;AVE D'EYSINES CAUD;;;;330
21912;201300024297;13;12;6;930;1;2;2;1.0;3;63;RUE MURAT CAUD;;;;330
21913;201300024298;13;12;6;1810;5;2;3;1.0;3;318;17, AVE DE SAIGE;;;;330
21914;201300024299;13;12;9;1445;1;2;2;1.0;6;63;176, CRS DE LA MARNE;;;;330
21915;201300024300;13;12;9;1840;5;2;2;1.0;3;63;229, RUE JUDAIQUE;;;;330
21916;201300024302;13;12;10;1210;1;2;2;1.0;6;63;RUE CAMILLE GODARD;;;;330
21917;201300024303;13;12;9;1805;5;2;1;1.0;5;63;144, CRS BALGUERIE STUTT;;;;330
21918;201300024304;13;12;9;1015;1;2;2;1.0;3;318;AVE PIERRE CORNEILLE;;;;330
21919;201300024305;13;12;6;1820;5;2;6;1.0;3;522;RUE PACARIS;;;;330
21920;201300024306;13;12;6;1420;1;2;2;8.0;2;522;RUE PACARIS;;;;330
21921;201300024307;13;12;9;1740;5;2;6;1.0;6;119;AVE PIERRE BROSSOLETTE;;;;330
21922;201300024308;13;12;11;900;1;2;2;1.0;6;63;BD ALBERT 1ER;;;;330
21923;201300024310;13;12;6;630;3;2;3;1.0;6;281;AVE DE PAGNOT;;;;330
21924;201300024311;13;12;9;2335;5;2;6;1.0;6;318;AVE DE LA TUILERANNE;;;;330
21925;201300024312;13;12;9;720;5;2;2;1.0;3;69;AVE D'EYSINES;;;;330
21926;201300024313;13;12;6;1205;1;2;2;1.0;3;39;CRS VICTOR HUGO;;;;330
21927;201300024314;13;12;8;1034;1;2;3;1.0;6;522;RUE GEORGES POMPIDOU;;;;330
21928;201300024315;13;12;13;455;5;2;1;1.0;1;63;ALL DE BOUTAUT;;;;330
21929;201300024316;13;12;12;1910;5;2;3;1.0;6;63;RUE DE BEGLES;;;;330
21930;201300024317;13;12;12;1338;1;2;1;1.0;6;63;303, AVE D'ARES CAUD;;;;330
21931;201300024318;13;12;12;1530;1;2;1;1.0;3;63;QUAI DES CHARTRONS;;;;330
21932;201300024319;13;12;9;1701;1;2;2;1.0;6;281;PCE MONDESIR;;;;330
21933;201300024320;13;12;6;900;1;2;6;1.0;7;281;AVE ROLAND GARROS;;;;330
21934;201300024321;13;12;14;1110;1;2;1;1.0;7;63;BD ANTOINE GAUTIER;;;;330
21935;201300024322;13;12;13;1830;5;2;2;2.0;6;63;RUE DE BEGLES;;;;330
21936;201300024323;13;12;10;555;5;2;1;1.0;2;249;AVE DE LA RESISTANCE;;;;330
21937;201300024324;13;12;14;1940;5;2;2;1.0;3;63;RUE DE BELFORT;;;;330
21938;201300024325;13;12;11;1910;3;2;1;1.0;3;200;RUE TOUSSAINT CATROS;;;;330
21939;201300024326;13;12;13;1705;2;2;1;2.0;3;63;234, BD DU PRESIDENT WIL;;;;330
21940;201300024327;13;12;9;1140;1;2;1;1.0;6;522;44, RUE BOURGES;;;;330
21941;201300024328;13;12;16;1633;1;2;2;1.0;3;63;AVE THIERS;;;;330
21942;201300024329;13;12;16;1755;5;2;3;1.0;6;63;RUE JACQUES D'WELLES;;;;330
21943;201300024330;13;12;12;1505;1;2;1;1.0;3;281;AVE RENE CASSIN;;;;330
21944;201300024331;13;12;11;825;1;2;2;1.0;5;162;AVE DU MEDOC;;;;330
21945;201300024332;13;12;18;700;5;2;2;1.0;3;63;RUE BARENNES;;;;330
21946;201300024333;13;12;14;2130;5;2;1;2.0;7;281;8, AVE DU TRUC;;;;330
21947;201300024334;13;12;18;2105;5;2;1;1.0;2;63;QUAI RICHELIEU;;;;330
21948;201300024335;13;12;19;1800;5;2;2;1.0;6;63;RUE DES BLEUETS CAUD;;;;330
21949;201300024337;13;12;14;1700;1;2;3;1.0;6;167;RUE JULES VERNE;;;;330
21950;201300024338;13;12;15;1105;1;2;1;1.0;6;192;RUE DU MOULINEAU;;;;330
21951;201300024339;13;12;16;1700;1;2;1;1.0;6;119;127, AVE RENE CASSAGNE;;;;330
21952;201300024340;13;12;12;945;1;2;2;1.0;5;522;RUE DU GENERAL SARRAIL;;;;330
21953;201300024341;13;12;12;2210;5;2;3;1.0;2;318;AVE DU GENERAL LECLERC;;;;330
21954;201300024342;13;12;12;1705;2;2;3;1.0;5;318;AVE DU GENERAL LECLERC;;;;330
21955;201300024343;13;12;13;830;1;2;2;5.0;6;318;RUE ANDRE PUJOL;;;;330
21956;201300024344;13;12;13;1650;5;2;1;1.0;1;522;CHEM BONTEMPS;;;;330
21957;201300024345;13;12;14;1650;1;2;2;1.0;6;522;RUE JEAN RACINE;;;;330
21958;201300024347;13;12;20;1630;1;2;3;1.0;6;63;RUE DE GUILLOT;;;;330
21959;201300024348;13;12;22;1450;1;2;2;1.0;3;63;CRS DU MEDOC;;;;330
21960;201300024350;13;12;23;1925;5;2;2;1.0;3;63;BD JEAN-JACQUES BOSC;;;;330
21961;201300024351;13;12;16;2000;5;2;3;1.0;3;550;RTE DE TOULOUSE;;;;330
21962;201300024352;13;12;20;815;1;2;2;1.0;3;249;QUAI CARRIET;;;;330
21963;201300024353;13;12;19;1350;1;2;2;1.0;3;281;AVE PRESIDENT J.F. KENNE;;;;330
21964;201300024354;13;12;18;1530;1;2;1;1.0;3;281;38, AVE DE LA GRANGE NOI;;;;330
21965;201300024355;13;12;22;1010;1;2;6;1.0;3;249;AVE DE LA LIBERATION;;;;330
21966;201300024356;13;12;17;1720;5;2;3;1.0;2;192;RUE DE LA CROIX DE MONJO;;;;330
21967;201300024357;13;12;17;910;1;2;6;1.0;3;318;AVE DU HAUT LEVEQUE;;;;330
21968;201300024358;13;12;17;1340;1;2;2;1.0;3;192;CANEJAN (RTE DE);;;;330
21969;201300024360;13;12;29;1935;5;2;5;1.0;6;69;AVE D'EYSINES;;;;330
21970;201300024361;13;12;20;1210;1;2;3;1.0;3;550;AVE DES PYRENEES;;;;330
21971;201300024362;13;12;28;745;4;2;1;1.0;6;63;30, AVE DE LABARDE;;;;330
21972;201300024363;13;12;29;2250;5;2;4;1.0;3;63;CRS DE LA MARNE;;;;330
21973;201300024364;13;12;20;820;2;2;2;1.0;6;39;RUE IRENE ET FREDERIC JO;;;;330
21974;201300024365;13;12;27;1550;1;2;2;1.0;3;63;AVE DE NONTRASTE;;;;330
21975;201300024366;13;12;24;1755;5;2;1;8.0;5;167;COTE DE MONREPOS;;;;330
21976;201300024367;13;12;24;913;1;2;3;2.0;6;119;21 bis, AVE RENE CASSAGN;;;;330
21977;201300024368;13;4;7;130;5;2;9;1.0;1;63;PONT EN U;;;;330
21978;201300024370;13;5;4;2230;3;2;1;1.0;7;343;avenue clémenceau;M;4700709.0;-85282.0;490
21979;201300024371;13;8;28;1745;1;1;4;1.0;1;355;;M;4714140.0;-79438.0;490
21980;201300024372;13;9;20;1515;1;1;1;1.0;1;343;Avail;M;4700537.0;-79814.0;490
21981;201300024373;13;9;22;1945;2;1;6;1.0;2;92;La Gilbertière;M;4723575.0;-71435.0;490
21982;201300024374;13;9;28;600;3;2;1;1.0;6;74;45 rue d'anjou;M;4721349.0;-79751.0;490
21983;201300024375;13;10;7;1830;1;1;2;1.0;3;169;La providence;M;4730878.0;-71083.0;490
21984;201300024376;13;11;6;900;1;1;3;8.0;3;92;La beguerie;M;4721023.0;-70384.0;490
21985;201300024377;13;12;9;1330;1;1;1;1.0;1;192;;M;0.0;0.0;490
21986;201300024378;13;12;20;1515;1;1;6;1.0;7;92;ZI des 3 routes;M;4723840.0;-72561.0;490
21987;201300024379;13;12;21;45;3;1;1;1.0;6;192;;M;0.0;0.0;490
21988;201300024380;13;2;14;2110;3;1;1;2.0;6;262;;M;4730752.0;286641.0;180
21989;201300024381;13;5;18;1845;1;1;1;1.0;1;258;;M;0.0;0.0;180
21990;201300024382;13;6;18;1030;1;2;1;1.0;6;233;37, rue de FONTENAY;M;4733951.0;284390.0;180
21991;201300024383;13;8;5;2200;5;2;1;1.0;3;125;Route de gien, RD751;M;0.0;0.0;180
21992;201300024384;13;8;27;1600;1;2;1;1.0;6;246;rue du val de Loire;M;4744332.0;281937.0;180
21993;201300024385;13;9;27;900;1;2;1;1.0;1;233;Rout de SURY EN VAUX;M;4734037.0;283702.0;180
21994;201300024386;13;10;20;1645;1;1;2;1.0;7;241;;M;4733094.0;284494.0;180
21995;201300024387;13;11;6;1115;1;1;1;2.0;6;272;;M;4725694.0;276294.0;180
21996;201300024388;13;11;21;1215;1;1;1;2.0;5;144;;M;4732486.0;278891.0;180
21997;201300024389;13;12;7;1345;1;2;2;1.0;3;233;rue des ponts;M;4733863.0;285943.0;180
21998;201300024390;13;1;8;1200;5;1;1;9.0;1;161;;M;0.0;0.0;60
21999;201300024391;13;3;8;2330;5;1;1;1.0;1;161;;M;0.0;0.0;60
22000;201300024392;13;4;22;1730;1;2;1;1.0;3;161;avenue de la mer;M;0.0;0.0;60
22001;201300024393;13;7;31;1015;1;2;2;1.0;2;161;2040 ROUTE NATIONALE 7;M;0.0;0.0;60
22002;201300024394;13;8;10;1645;1;2;1;1.0;5;44;990 RTE DE CAGNES/MER;M;0.0;0.0;60
22003;201300024395;13;8;28;1800;1;2;6;1.0;3;161;RD 6007;M;0.0;0.0;60
22004;201300024396;13;12;3;1530;2;2;1;1.0;2;161;RD 6007;M;0.0;0.0;60
22005;201300024398;13;12;3;1430;1;2;1;7.0;6;161;RD 4;M;0.0;0.0;60
22006;201300024399;13;12;13;30;5;1;1;1.0;6;44;;M;0.0;0.0;60
22007;201300024400;13;12;24;1945;5;2;1;2.0;6;161;rd6007;M;4363700.0;713400.0;60
22008;201300024401;13;1;10;830;1;2;1;1.0;6;3;4, HUGO (C12 A D12;M;4331552.0;346801.0;340