;Num_Acc;an;mois;jour;hrmn;lum;agg;int;atm;col;com;adr;gps;lat;long;dep
22009;201300024402;13;3;20;1410;1;2;9;1.0;6;3;ignor?, SAINT CHRIST (M7;M;4331112.0;346596.0;340
22010;201300024403;13;4;26;1750;1;2;1;1.0;6;3;SOLEIL (G15 A J18;M;4330862.0;347693.0;340
22011;201300024404;13;6;22;115;5;2;1;1.0;5;3;SERGENTS (I14 A K17;M;4328657.0;350782.0;340
22012;201300024405;13;7;12;1600;1;1;1;1.0;1;3;RD612;;;;340
22013;201300024406;13;7;29;2020;1;1;1;1.0;3;3;0, NOTRE DAME A ST. MART;;;;340
22014;201300024407;13;8;7;710;1;2;9;1.0;7;3;0, BEL AIR (PARKING);M;4327802.0;350363.0;340
22015;201300024408;13;8;7;2000;1;2;1;1.0;2;3;MERIC (P3 A S2;;;;340
22016;201300024409;13;8;10;1625;1;2;1;1.0;6;3;DUNES (G6 A K4;;;;340
22017;201300024410;13;8;12;1725;1;1;1;1.0;3;3;25, MARSEILLAN (A16 A B1;M;4332314.0;347763.0;340
22018;201300024411;13;8;18;2005;1;1;1;1.0;3;3;RD612;M;4329306.0;349944.0;340
22019;201300024413;13;8;22;1935;1;2;1;1.0;3;3;POMPIDOU (H12 A 14;M;4330659.0;346919.0;340
22020;201300024415;13;8;25;1700;1;1;1;1.0;3;3;RD612;M;4329852.0;346704.0;340
22021;201300024416;13;9;1;2200;5;2;1;1.0;3;3;0, ROCHELONGUE (G14 A O1;M;4329869.0;347858.0;340
22022;201300024417;13;9;2;536;5;2;6;1.0;6;3;0, BELLE-ISLE (I12 A H15;M;4328508.0;350426.0;340
22023;201300024418;13;9;10;1350;1;2;9;1.0;3;3;TOURS DE SAINT-MARTIN (R;M;4328319.0;349824.0;340
22024;201300024420;13;10;2;1340;1;2;1;1.0;2;3;GRAND CAP (RUE);M;4329800.0;347640.0;340
22025;201300024421;13;8;14;1200;1;2;6;1.0;3;3;0, SOLEIL (G15 A J18;;;;340
22026;201300024422;13;11;11;1740;2;1;1;1.0;5;3;RD612;;;;340
22027;201300024424;13;12;31;1800;2;2;1;1.0;1;3;0, GUIRAUDETTE (K13 A V1;;;;340
22028;201300024425;13;12;31;2025;5;2;1;9.0;6;32;0, QUAI PORT NOTRE DAME;;;;340
22029;201300024426;13;1;2;1850;4;2;1;9.0;7;32;01, JOFFRE MARECHAL (AV);M;4333981.0;321841.0;340
22030;201300024427;13;1;2;2205;5;2;1;9.0;2;32;NR, KENNEDY PRESIDENT (B;M;4335080.0;323937.0;340
22031;201300024428;13;1;9;2040;5;2;9;9.0;6;32;33, RIQUET PIERRE PAUL (;M;4334418.0;321240.0;340
22032;201300024429;13;1;8;1145;1;2;1;1.0;7;336;MARIANNE (PLACE DE LA);M;4331624.0;328128.0;340
22033;201300024430;13;1;8;2055;4;2;3;9.0;3;32;NR, FABRE (AV.DU DOCTEUR;M;4335453.0;322964.0;340
22034;201300024431;13;1;21;2100;1;2;3;1.0;7;336;NR, BEREGOVOY (AVENUE PI;M;4332055.0;327773.0;340
22035;201300024433;13;1;28;800;1;2;1;1.0;7;32;17, LECLERC MARECHAL (BD;M;4334457.0;323853.0;340
22036;201300024434;13;1;28;1100;1;2;3;1.0;3;32;29, CLAPAREDE EMILE (AVE;M;4334395.0;322838.0;340
22037;201300024435;13;1;29;750;1;2;1;1.0;2;32;NP, NARBONNE (ROUTE DE);M;4333711.0;320321.0;340
22038;201300024436;13;2;4;30;5;2;2;1.0;3;32;63, MISTRAL FREDERIC (BD;M;4334409.0;322042.0;340
22039;201300024437;13;2;3;2125;5;2;2;9.0;3;32;BOUIN JEAN (BD);M;4333359.0;325363.0;340
22040;201300024438;13;2;12;1155;1;2;1;1.0;3;32;NP, NOGUERES HENRI (RD P;M;4335252.0;322498.0;340
22041;201300024439;13;2;16;250;3;1;1;9.0;7;32;MURVIEL (ROUTE DE);M;4336482.0;318948.0;340
22042;201300024440;13;2;17;940;1;2;9;1.0;7;32;58, CLEMENCEAU GEORGES (;M;4334718.0;321863.0;340
22043;201300024441;13;2;15;2010;5;2;3;1.0;3;32;NP, BOBILLOT SERGENT (RU;M;4334929.0;322108.0;340
22044;201300024442;13;2;16;1610;1;1;3;1.0;3;32;BESSAN (ROUTE DE);M;4335237.0;326732.0;340
22045;201300024443;13;2;25;1715;1;2;1;1.0;7;32;26, RHIN ET DANUBE (AV);M;4335400.0;322797.0;340
22046;201300024444;13;3;4;1755;1;2;3;1.0;3;32;69, MISTRAL FREDERIC (BD;M;4334356.0;322076.0;340
22047;201300024445;13;3;8;1810;1;2;1;9.0;7;32;NR, FABRE (AV.DU DOCTEUR;M;4335387.0;322637.0;340
22048;201300024446;13;3;15;1120;1;2;3;9.0;7;32;VERDIER PIERRE (AV);M;4334422.0;323034.0;340
22049;201300024447;13;3;17;535;2;1;1;9.0;7;32;ROUTE DE CORNEILHAN (RD.;M;4337235.0;320823.0;340
22050;201300024448;13;3;16;950;1;1;3;9.0;3;32;RN.113 - 9 (BEZIERS-PEZE;M;4336414.0;326089.0;340
22051;201300024450;13;3;21;1555;1;2;1;9.0;2;32;JUIN MARECHAL (RUE DU);M;4335038.0;323939.0;340
22052;201300024451;13;3;22;1900;3;1;1;8.0;1;32;ROUTE DEPARTEMENTALE  61;M;4336200.0;324595.0;340
22053;201300024452;13;4;3;1400;1;2;1;1.0;7;32;43, MOULIN JEAN (AV);M;4334708.0;322030.0;340
22054;201300024454;13;4;25;1730;1;2;1;1.0;5;336;3, BEREGOVOY (AVENUE PIE;M;4332359.0;326305.0;340
22055;201300024455;13;5;3;1820;1;2;1;1.0;7;32;27, DUC VALENTIN (AV);M;4334037.0;320975.0;340
22056;201300024456;13;5;13;1700;1;2;9;9.0;7;32;31, CLEMENCEAU GEORGES (;M;4334616.0;388150.0;340
22057;201300024457;13;5;21;1320;1;2;1;9.0;7;32;HERRIOT EDOUARD (BD);M;4334582.0;321691.0;340
22058;201300024458;13;5;19;2250;3;1;1;1.0;7;336;MEDITERRANEE (ROND POINT;M;4332007.0;329330.0;340
22059;201300024459;13;5;24;1535;1;2;1;1.0;7;32;4, LACHENAL LOUIS (AV);;;;340
22060;201300024460;13;6;6;1840;1;2;1;1.0;7;32;NP, NOGUERES HENRI (RD P;M;4335243.0;322486.0;340
22061;201300024461;13;5;5;1330;1;2;1;1.0;7;32;KENNEDY PRESIDENT (BD DU;M;4335480.0;323915.0;340
22062;201300024462;13;6;6;1925;1;2;9;9.0;6;32;NR, BEDARIEUX (ANCIENNE;;;;340
22063;201300024463;13;5;21;1805;1;1;3;9.0;3;32;NR, RD.909;M;4338581.0;322815.0;340
22064;201300024464;13;6;11;930;1;2;1;1.0;2;32;53, RIQUET PIERRE PAUL (;M;4334062.0;321847.0;340
22065;201300024465;13;6;13;1520;1;2;1;1.0;7;32;NP, SIX NATIONS (ROND PO;M;4333392.0;325017.0;340
22066;201300024466;13;6;13;1730;1;2;1;1.0;2;32;39, MOULIN JEAN (AV);;;;340
22067;201300024468;13;6;18;1655;1;2;1;1.0;1;32;NP, LACHENAL LOUIS (AV);M;4333801.0;325226.0;340
22068;201300024469;13;6;19;1725;1;2;3;1.0;7;32;23, MONTAIGNE (PLACE);M;4334128.0;322487.0;340
22069;201300024470;13;7;2;1820;1;2;1;1.0;7;32;5, PUITS DES ARENES (RUE;;;;340
22070;201300024471;13;7;6;2220;5;2;1;1.0;3;32;ROUTE DE BEDARIEUX (RD.9;;;;340
22071;201300024472;13;7;7;1825;1;1;1;7.0;1;336;"""CHEMIN DIT """"GRANDE CAR";;;;340
22072;201300024473;13;7;5;2255;3;1;1;1.0;3;32;ROUTE DEPARTEMENTALE  61;;;;340
22073;201300024474;13;7;8;135;5;2;1;9.0;7;32;2, PONT VIEUX (AVENUE DU;;;;340
22074;201300024475;13;7;14;1520;1;2;1;9.0;6;32;AGDE (ROUTE D');;;;340
22075;201300024476;13;7;13;1245;1;2;6;9.0;7;336;0, VIGUIER (AVENUE DU) Z;;;;340
22076;201300024478;13;6;7;1235;1;2;1;1.0;7;32;NP, JUIN MARECHAL (RUE D;M;4334806.0;323936.0;340
22077;201300024479;13;7;18;1830;1;2;1;1.0;7;32;14, LESSEPS FERDINAND DE;;;;340
22078;201300024480;13;8;3;2345;3;1;6;1.0;7;336;MEDITERRANEE (ROND POINT;;;;340
22079;201300024481;13;8;16;1040;1;1;9;7.0;2;336;NR, ROUTE D'AGDE (RD612);M;4331375.0;332288.0;340
22080;201300024482;13;8;23;2125;3;2;6;9.0;7;32;NR, BADIE VINCENT (RD PO;M;4334694.0;325403.0;340
22081;201300024483;13;8;29;2110;3;1;6;1.0;6;32;RD.64;M;4334412.0;317335.0;340
22082;201300024484;13;9;5;1845;1;1;1;1.0;2;32;ARCAS FERNAND (ROND-POIN;;;;340
22083;201300024485;13;9;5;1925;1;1;1;1.0;2;32;ROUTE DEPARTEMENTALE NR.;;;;340
22084;201300024486;13;9;13;1100;1;2;3;1.0;7;32;NP, LAMARCK (RUE);M;4335034.0;322022.0;340
22085;201300024487;13;9;14;1630;1;2;1;1.0;7;32;26, RIQUET PIERRE PAUL (;;;;340
22086;201300024488;13;9;1;210;3;1;1;1.0;7;32;NP, LAZARE JOSEPH (AV);;;;340
22087;201300024489;13;8;30;1400;1;2;1;1.0;2;32;MISTRAL FREDERIC (BD);;;;340
22088;201300024490;13;8;31;2045;3;1;1;1.0;3;32;ROUTE DEPARTEMENTALE 612;;;;340
22089;201300024491;13;9;7;1345;1;1;1;1.0;3;336;NR, SALANCS (CHEMIN DES);;;;340
22090;201300024492;13;9;22;505;3;1;9;9.0;7;336;NR, COLOMBES (AVENUE DES;;;;340
22091;201300024495;13;10;4;1535;1;1;6;2.0;2;32;ROUTE DEPARTEMENTALE 612;;;;340
22092;201300024496;13;10;8;1705;1;2;1;9.0;3;32;MURVIEL (ROUTE DE);;;;340
22093;201300024497;13;10;12;1655;1;2;1;9.0;7;32;47, MOULIN JEAN (AV);M;4334746.0;322094.0;340
22094;201300024498;13;10;20;145;5;2;1;1.0;6;32;3, DAGUERRE LOUIS (RUE);;;;340
22095;201300024500;13;10;28;1905;3;1;1;9.0;7;32;NARBONNE (ROUTE DE);;;;340
22096;201300024501;13;11;12;1550;1;1;1;1.0;3;32;ROUTE DEPARTEMENTALE 612;M;4336680.0;321449.0;340
22097;201300024502;13;11;19;1255;1;2;2;9.0;7;32;BADONES (AV.);;;;340
22098;201300024503;13;11;12;1610;1;2;1;9.0;7;32;ALBERTINI AUGUSTE (AVENU;;;;340
22099;201300024504;13;11;12;1710;1;2;1;9.0;7;32;ORNANO COLONEL D' (AV);;;;340
22100;201300024505;13;11;20;1410;1;2;3;1.0;1;32;SORANO DAN IEL (RUE);;;;340
22101;201300024506;13;11;26;1722;2;2;1;9.0;7;32;NR, DE GAULLE GENERAL (P;;;;340
22102;201300024507;13;12;1;1150;1;2;1;9.0;7;32;NR, ERIGNAC CLAUDE (AV);;;;340
22103;201300024508;13;12;4;715;2;2;1;9.0;7;32;8, CASERNES (RUE DES);;;;340
22104;201300024510;13;12;26;1325;1;2;1;1.0;7;32;NR, WILSON PRESIDENT (AV;;;;340
22105;201300024511;13;12;30;330;3;1;1;9.0;2;32;18,7, ROUTE DEPARTEMENTA;;;;340
22106;201300024512;13;1;1;540;5;2;1;1.0;6;172;91, POSTE VIEILLE DE 2 A;M;4361083.0;390036.0;340
22107;201300024513;13;1;2;1530;1;2;1;1.0;2;172;MASSENA (AVENUE);M;4361010.0;384660.0;340
22108;201300024515;13;1;3;1100;1;2;3;1.0;6;172;ROBESPIERRE (RUE);M;4360020.0;384584.0;340
22109;201300024516;13;1;3;1230;1;2;1;1.0;2;172;FAULQUIER (PLACE);M;4360531.0;389192.0;340
22110;201300024517;13;1;3;1520;1;2;1;1.0;4;172;0, MENDES FRANCE (AVENUE;M;4360715.0;393286.0;340
22111;201300024519;13;1;4;1450;1;2;1;1.0;3;172;0, MAURIN (AVENUE DE;M;4358706.0;387243.0;340
22112;201300024520;13;1;4;1820;5;2;1;1.0;3;172;0, VALLOIS (RUE PROFESSE;M;4361440.0;388377.0;340
22113;201300024521;13;1;6;525;5;2;1;1.0;7;172;0, NERUDA (AVENUE PABLO);M;4361727.0;382020.0;340
22114;201300024522;13;1;7;1050;1;2;1;1.0;2;172;sans, ORIENT (BOULEVARD;M;4360336.0;388832.0;340
22115;201300024523;13;1;7;2100;5;2;3;1.0;1;172;SANS, FLAHAULT (AVENUE C;M;4361989.0;386532.0;340
22116;201300024524;13;1;8;1235;1;2;1;1.0;6;172;588, ANTIGONE (BOULEVARD;M;4360908.0;388975.0;340
22117;201300024527;13;1;9;1330;1;2;1;1.0;1;172;0, MARTELLE (ALLEE DE LA;M;4360665.0;383841.0;340
22118;201300024528;13;1;9;1420;1;2;1;1.0;2;172;LIBERTE (AVENUE DE LA;M;4360889.0;385310.0;340
22119;201300024529;13;1;10;1000;1;2;1;1.0;3;172;24, GRAND SAINT JEAN (RU;M;4360519.0;387511.0;340
22120;201300024530;13;1;9;1840;5;2;2;1.0;3;172;0, DUBOUT (AVENUE ALBERT;M;4359690.0;387773.0;340
22121;201300024531;13;1;9;1655;1;2;1;1.0;6;172;30, JUSSIEU (RUE ANTOINE;M;4363644.0;387404.0;340
22122;201300024532;13;1;11;1450;1;2;1;1.0;3;172;, ABRIVADO (RUE DE L');M;4358960.0;388790.0;340
22123;201300024533;13;1;11;2025;5;2;1;1.0;3;172;sans, SABATIER D'ESPEYRA;M;4362400.0;386225.0;340
22124;201300024534;13;1;11;735;1;2;3;1.0;3;172;0, VIEILLE POSTE (RUE DE;M;4361360.0;390491.0;340
22125;201300024535;13;1;11;1000;1;2;1;1.0;3;172;sans, JANVIER (RUE GUILL;M;4359678.0;386521.0;340
22126;201300024536;13;1;12;1110;1;2;1;1.0;3;172;7, BERTIN-SANS (AVENUE E;M;4362776.0;386466.0;340
22127;201300024537;13;1;13;645;5;2;1;1.0;6;172;sans, RAYMOND DUGRAND (A;M;4359489.0;390569.0;340
22128;201300024538;13;1;14;855;1;2;1;1.0;7;172;20, ARCEAUX (BOULEVARD D;M;4361187.0;386456.0;340
22129;201300024539;13;1;14;1000;1;2;1;1.0;3;172;SANS, MELIES (RUE GEORGE;M;4360643.0;392354.0;340
22130;201300024540;13;1;14;1745;1;2;1;1.0;3;172;890, AURIOL (AVENUE VINC;M;4364242.0;384781.0;340
22131;201300024541;13;1;14;1915;5;2;2;1.0;6;172;JUSTICE DE CASTELNAU (AV;M;4362685.0;388937.0;340
22132;201300024543;13;1;16;1150;1;2;3;8.0;6;172;MONTELS-EGLISE (RUE DE);M;4357930.0;387840.0;340
22133;201300024544;13;1;17;1825;5;2;1;1.0;2;172;sans, FOCH (RUE);M;4361108.0;387351.0;340
22134;201300024545;13;1;17;1120;1;2;1;1.0;3;172;53, LAVERUNE (ROUTE DE;M;4360239.0;385413.0;340
22135;201300024546;13;1;19;1950;3;2;1;3.0;6;172;1469, MOULARES (CHEMIN D;M;4359350.0;388990.0;340
22136;201300024547;13;1;22;820;1;2;2;1.0;3;172;LEPINE (RUE LOUIS);M;4361356.0;391199.0;340
22137;201300024548;13;1;23;1550;1;2;1;2.0;2;172;sans, CROIX DES ROSIERS;M;4360957.0;383707.0;340
22138;201300024549;13;1;23;1920;3;2;1;8.0;6;129;SANS, BOIRARGUES (AVENUE;M;4358286.0;392530.0;340
22139;201300024550;13;1;24;750;1;2;1;1.0;7;172;0, ERNEST HEMINGWAY (AVE;M;4363380.0;383554.0;340
22140;201300024552;13;1;25;1025;1;2;1;1.0;7;172;SANS, SCHUMAN (PLACE ROB;M;4361850.0;381818.0;340
22141;201300024553;13;1;25;1225;1;2;1;1.0;3;172;12, TOULOUSE (AVENUE DE;M;4360020.0;386726.0;340
22142;201300024554;13;1;25;1700;1;2;3;1.0;3;172;LAVERUNE (ROUTE DE;M;4360731.0;383836.0;340
22143;201300024555;13;1;26;450;5;2;1;1.0;7;172;SANS, MERMOZ (AVENUE JEA;M;4361364.0;388785.0;340
22144;201300024556;13;1;26;630;3;1;1;1.0;6;129;sans, AGAU (AVENUE DE L';M;4358074.0;390842.0;340
22145;201300024557;13;1;25;1810;3;2;1;1.0;6;172;2310, TOULOUSE (AVENUE D;M;4358616.0;385232.0;340
22146;201300024559;13;1;28;830;1;2;3;1.0;3;172;BOUISSES (RUE DES);M;4359820.0;383541.0;340
22147;201300024560;13;1;28;1200;1;2;1;1.0;6;172;240, MONDIAL 98 (AVENUE;M;4360360.0;390710.0;340
22148;201300024561;13;1;27;2000;5;2;1;2.0;2;172;81, CARRIEU (RUE MARIUS);M;4361725.0;384272.0;340
22149;201300024562;13;1;29;740;1;2;1;1.0;7;172;1093, RAVAZ (AVENUE DU P;M;4362343.0;384421.0;340
22150;201300024563;13;1;29;845;1;2;1;1.0;3;172;PIREE (AVENUE DU);M;4360811.0;389674.0;340
22151;201300024564;13;2;4;1015;1;2;1;1.0;7;172;125, PRE AUX CLERCS (RUE;M;4362369.0;387378.0;340
22152;201300024565;13;2;6;1235;1;2;1;1.0;6;172;914, MOULARES (CHEMIN DE;M;4360510.0;389214.0;340
22153;201300024566;13;2;6;1330;1;2;1;1.0;4;172;sans, NERUDA (AVENUE PAB;M;4361628.0;382045.0;340
22154;201300024567;13;2;8;405;5;2;1;1.0;7;172;61, TOULOUSE (AVENUE DE;M;4359709.0;386377.0;340
22155;201300024568;13;2;8;530;5;2;2;1.0;6;172;RIMBAUD (RUE PAUL);M;4361787.0;384275.0;340
22156;201300024569;13;2;8;935;1;2;3;1.0;6;172;17, ARCEAUX (BOULEVARD D;M;4361149.0;386512.0;340
22157;201300024570;13;2;9;1315;1;2;1;1.0;7;172;0, GARRATS (AVENUE DES);M;4361223.0;383935.0;340
22158;201300024571;13;2;9;1515;1;1;2;1.0;3;129;0, CARNON (ROUTE DE  D21;M;4358282.0;392531.0;340
22159;201300024572;13;2;10;1920;5;2;1;3.0;1;172;57, LAVERUNE (ROUTE DE;M;4360212.0;385346.0;340
22160;201300024573;13;2;9;2240;5;2;3;1.0;3;172;0, POITIERS (AVENUE GUIL;M;4363424.0;382244.0;340
22161;201300024574;13;2;10;320;5;2;1;1.0;7;172;LIBERTE (AVENUE DE LA;M;4359616.0;387708.0;340
22162;201300024575;13;2;11;905;1;2;1;8.0;2;172;MOULINS (AVENUE DES;M;4363605.0;384451.0;340
22163;201300024576;13;2;12;20;5;2;1;1.0;7;172;LIBERTE (AVENUE DE LA;M;4360259.0;386659.0;340
22164;201300024577;13;2;12;1035;1;2;1;1.0;6;172;4, NOURRIT (RUE ADOLPHE);M;4360480.0;386720.0;340
22165;201300024580;13;2;17;2200;5;2;2;1.0;6;172;2, JEU DE PAUME (BOULEVA;M;4360848.0;387321.0;340
22166;201300024582;13;2;19;815;1;2;1;1.0;7;172;sans, GREZES (RUE DES);M;4359500.0;382169.0;340
22167;201300024583;13;2;19;1415;1;2;2;1.0;6;172;PAS DU LOUP (RUE DU;M;4359662.0;384490.0;340
22168;201300024584;13;2;20;950;1;2;3;1.0;3;172;JUSTICE DE CASTELNAU (AV;M;4362694.0;387265.0;340
22169;201300024585;13;2;20;1240;1;2;3;1.0;3;172;RABELAIS (BOULEVARD);M;4360110.0;388150.0;340
22170;201300024586;13;2;20;1354;1;2;6;1.0;3;172;ECOLE D'AGRICULTURE-GABR;M;4361301.0;385888.0;340
22171;201300024588;13;2;21;1314;1;2;1;1.0;2;129;0, AGAU (AVENUE DE L');M;4358698.0;390826.0;340
22172;201300024589;13;2;21;1902;3;1;1;1.0;3;172;0, JOUHAUX (AVENUE LEON);M;4359476.0;382019.0;340
22173;201300024590;13;2;22;1500;1;2;1;1.0;6;129;sans, PUECH RADIER (RUE);M;4357847.0;388044.0;340
22174;201300024591;13;2;23;100;5;2;1;1.0;7;172;9 bis, FLAHAULT (AVENUE;M;4362067.0;386486.0;340
22175;201300024592;13;2;23;530;3;2;1;1.0;3;172;0, PALAVAS (AVENUE DE);M;4358880.0;389316.0;340
22176;201300024593;13;2;25;1745;1;1;3;1.0;7;129;SAPORTA (CHEMIN DE);M;4357640.0;388900.0;340
22177;201300024594;13;2;27;1040;1;2;1;1.0;1;172;BRIOL (ALLEE DU);M;4359815.0;383775.0;340
22178;201300024595;13;3;2;1420;1;2;1;1.0;2;172;ARENES (ROND POINT DES P;M;4358915.0;389076.0;340
22179;201300024596;13;3;2;2250;5;2;7;1.0;3;172;sans, JUSTICE DE CASTELN;M;4362705.0;386952.0;340
22180;201300024597;13;3;3;1805;1;2;1;1.0;3;172;BARI (RUE DE);M;4362830.0;382090.0;340
22181;201300024598;13;3;4;1040;1;2;1;1.0;4;172;VANIERES (AVENUE DE);M;4359585.0;384681.0;340
22182;201300024599;13;3;4;2305;5;2;1;1.0;6;172;35 BIS, ASSAS (AVENUE D';M;4361518.0;386403.0;340
22183;201300024600;13;3;5;810;1;2;2;3.0;6;172;CANDELIERS (RUE DES);M;4360030.0;387430.0;340
22184;201300024601;13;3;5;1520;1;2;2;2.0;3;172;0, JUSTICE DE CASTELNAU;M;4362605.0;388242.0;340
22185;201300024602;13;3;6;1500;1;2;1;2.0;7;172;sans, NERUDA (AVENUE PAB;M;4361683.0;382010.0;340
22186;201300024603;13;3;7;610;3;2;1;8.0;1;129;0, AGAU (AVENUE DE L');M;4358002.0;390816.0;340
22187;201300024604;13;3;7;1445;1;2;9;8.0;3;172;3650, VALERY (BOULEVARD;M;4358923.0;385637.0;340
22188;201300024605;13;3;7;1810;5;2;1;8.0;3;172;sans, PEYSON (RUE FREDER;M;4360058.0;387938.0;340
22189;201300024606;13;3;8;1540;1;2;3;1.0;3;172;RIMBAUD (RUE PAUL);M;4361660.0;383602.0;340
22190;201300024608;13;3;10;1500;1;2;2;1.0;3;172;0, POMPIGNANE (AVENUE DE;M;4361819.0;389759.0;340
22191;201300024609;13;3;12;538;5;2;6;2.0;3;172;0, FLANDRES-DUNKERQUE (P;M;4358966.0;385625.0;340
22192;201300024610;13;3;12;840;1;2;1;1.0;1;172;720, LEPINE (RUE LOUIS);M;4361413.0;391434.0;340
22193;201300024611;13;3;12;1715;1;2;1;1.0;3;172;17, FLAHAULT (AVENUE CHA;M;4362403.0;386214.0;340
22194;201300024613;13;3;14;915;1;2;1;1.0;3;172;sans, LODEVE (ROUTE DE);M;4361538.0;382031.0;340
22195;201300024614;13;3;14;1130;1;2;1;1.0;2;172;SANS, PAVELET (AVENUE DU;M;4358222.0;386356.0;340
22196;201300024615;13;3;14;1815;1;2;1;1.0;6;172;PONT TRINQUAT (AVENUE DU;M;4359547.0;389647.0;340
22197;201300024616;13;3;14;1825;1;2;9;1.0;3;172;., LAVERUNE (ROUTE DE;M;4360082.0;384542.0;340
22198;201300024617;13;3;15;440;5;2;3;1.0;3;172;sans, GRAND SAINT JEAN (;M;4360441.0;387775.0;340
22199;201300024618;13;3;15;740;1;2;1;1.0;3;172;2590, VALERY (BOULEVARD;M;4359632.0;384932.0;340
22200;201300024619;13;3;15;1235;1;2;1;1.0;3;172;sans, TOULOUSE (AVENUE D;M;4359525.0;386189.0;340
22201;201300024620;13;3;15;1310;1;1;3;1.0;3;172;GRAMMONT (AVENUE DE);M;4361017.0;392976.0;340
22202;201300024621;13;3;17;1435;1;2;2;2.0;3;172;0, PONT JUVENAL (AVENUE;M;4360589.0;389420.0;340
22203;201300024622;13;3;18;450;5;2;2;2.0;7;172;0, DOMITIENNE (VOIE);M;4362390.0;386200.0;340
22204;201300024623;13;3;18;1020;1;2;1;1.0;3;172;0, ODYSSEUM (PLACE);M;4360429.0;391269.0;340
22205;201300024624;13;3;18;1305;1;2;1;1.0;6;172;sans, HUGO (BOULEVARD VI;M;4360706.0;387842.0;340
22206;201300024625;13;3;18;1600;1;2;1;1.0;7;172;15, CLEMENCEAU (AVENUE G;M;4360425.0;387347.0;340
22207;201300024627;13;3;21;930;1;2;3;1.0;5;172;620, PARGUEL (AVENUE ABB;M;4363750.0;385972.0;340
22208;201300024628;13;3;21;1620;1;2;1;1.0;6;172;1401, SORBES (RUE DE LAS;M;4361429.0;384846.0;340
22209;201300024629;13;3;21;2350;3;2;1;1.0;2;172;870, MOULARES (CHEMIN DE;M;4359826.0;389332.0;340
22210;201300024630;13;3;22;1120;1;2;1;8.0;3;172;AURIOL (AVENUE VINCENT);M;4364974.0;385767.0;340
22211;201300024631;13;3;22;1320;1;2;2;8.0;2;172;0, EUROPE (AVENUE DE L');M;4362683.0;382178.0;340
22212;201300024632;13;3;23;1910;5;2;2;2.0;6;172;0, DORIA (RUE);M;4361340.0;386788.0;340
22213;201300024634;13;3;24;2025;5;2;1;1.0;1;172;19 bis, FIGAIRASSE (RUE;M;4360694.0;385077.0;340
22214;201300024635;13;3;25;820;1;2;3;1.0;3;172;0, MONTMORENCY (ALLEE HE;M;4361034.0;389042.0;340
22215;201300024636;13;3;26;1425;1;2;2;1.0;3;172;TOULOUSE (AVENUE DE;M;4359418.0;386073.0;340
22216;201300024637;13;3;27;1420;1;2;1;1.0;3;172;2023, SOULAS (AVENUE DU;M;4362730.0;384704.0;340
22217;201300024638;13;3;28;1225;1;2;1;3.0;2;172;YOUNG (RUE ARTHUR);M;4364443.0;386561.0;340
22218;201300024639;13;3;28;1400;1;2;1;3.0;7;172;200, SOULAS (AVENUE DU P;M;4361792.0;386631.0;340
22219;201300024640;13;3;30;635;2;2;3;1.0;7;172;0, PITOT (RUE);M;4361196.0;387187.0;340
22220;201300024641;13;4;1;2040;5;2;1;2.0;3;172;20, GRAND SAINT JEAN (RU;M;4360467.0;387714.0;340
22221;201300024642;13;4;2;1552;1;2;1;1.0;3;172;41, CLEMENCEAU (AVENUE G;M;4360260.0;387090.0;340
22222;201300024643;13;4;3;1650;1;2;3;1.0;4;172;0, PIREE (AVENUE DU);M;4360856.0;389673.0;340
22223;201300024644;13;4;4;800;1;2;2;1.0;2;172;RECAMBALE (AVENUE DE LA);M;4359686.0;384440.0;340
22224;201300024645;13;4;2;820;1;2;1;2.0;6;172;sans, SAINT VINCENT DE P;M;4362191.0;387443.0;340
22225;201300024646;13;4;2;940;1;2;1;1.0;3;172;2450, SOULAS (AVENUE DU;M;4362955.0;384391.0;340
22226;201300024647;13;4;5;1310;1;2;1;1.0;3;172;SANS, VALLOIS (RUE PROFE;M;4361440.0;388381.0;340
22227;201300024648;13;4;5;1620;1;2;3;1.0;1;172;SANS, MONTELS-EGLISE (RU;M;4358029.0;388100.0;340
22228;201300024649;13;4;7;1245;1;2;1;1.0;3;172;BOLOGNE (RUE DE);M;4362832.0;381757.0;340
22229;201300024650;13;4;8;110;3;1;1;1.0;6;129;sans, D116;M;4356120.0;386678.0;340
22230;201300024651;13;4;7;1855;1;2;2;1.0;3;172;GAMBETTA (COURS);M;4360720.0;387080.0;340
22231;201300024652;13;4;7;2007;2;2;1;1.0;6;172;17, AIRE (RUE DE L');M;4360540.0;388530.0;340
22232;201300024653;13;4;8;1835;1;2;1;1.0;7;172;33, TOULOUSE (AVENUE DE;M;4359908.0;386612.0;340
22233;201300024654;13;4;9;830;1;2;1;1.0;6;172;161, MAS SAINT PIERRE (R;M;4358193.0;388027.0;340
22234;201300024655;13;4;9;1210;1;2;1;1.0;6;172;16, SAINT LOUIS (RUE);M;4361080.0;386668.0;340
22235;201300024656;13;4;9;1730;1;2;1;1.0;3;172;85, OXFORD (RUE D');M;4362693.0;382061.0;340