;Num_Acc;an;mois;jour;hrmn;lum;agg;int;atm;col;com;adr;gps;lat;long;dep
22236;201300024657;13;4;10;1735;1;2;1;1.0;7;172;1732, MONSIEUR TESTE (AV;M;4359942.0;384081.0;340
22237;201300024658;13;4;10;2105;5;2;3;1.0;3;172;SANS, LODEVE (ROUTE DE);M;4361472.0;382775.0;340
22238;201300024659;13;4;11;1;5;2;2;1.0;3;172;sans, ASSAS (AVENUE D');M;4361276.0;386743.0;340
22239;201300024661;13;4;11;2150;5;2;1;1.0;2;172;315, RIMBAUD (RUE PAUL);M;4361850.0;384528.0;340
22240;201300024662;13;4;11;2250;5;2;2;2.0;3;172;POSEIDON (RUE);M;4360694.0;389399.0;340
22241;201300024663;13;4;12;1930;2;2;1;1.0;5;172;1, LODEVE (ROUTE DE);M;4361460.0;383009.0;340
22242;201300024664;13;4;13;1530;1;2;1;1.0;6;172;LA BLOTTIERE (RUE);M;4361154.0;387203.0;340
22243;201300024665;13;4;13;1450;1;2;1;1.0;2;172;13, CHOLET (RUE DE);M;4358509.0;386920.0;340
22244;201300024667;13;4;15;2010;1;2;1;1.0;3;172;0, BLAYAC (RUE DU PROFES;M;4362610.0;382396.0;340
22245;201300024668;13;4;13;1235;1;2;1;1.0;4;172;0, PAVELET (AVENUE DU CO;M;4358135.0;386534.0;340
22246;201300024669;13;4;16;1720;1;2;1;1.0;7;172;0, REINE HELENE D'ITALIE;M;4362471.0;388902.0;340
22247;201300024670;13;4;16;2010;2;2;2;1.0;3;172;0, LAVERUNE (ROUTE DE;M;4360414.0;385835.0;340
22248;201300024671;13;4;17;1000;1;2;3;1.0;3;172;0, JEU DE MAIL DES ABBES;M;4362214.0;388291.0;340
22249;201300024672;13;4;18;2305;5;2;1;1.0;3;172;TOULOUSE (AVENUE DE;M;4359754.0;386432.0;340
22250;201300024673;13;4;19;1035;1;2;1;8.0;6;172;sans, MARTYRS DE LA RESI;M;4361081.0;387624.0;340
22251;201300024674;13;4;20;1550;1;2;1;2.0;6;172;396, RIMBAUD (RUE PAUL);M;4361860.0;384607.0;340
22252;201300024675;13;4;21;1815;1;2;1;8.0;7;172;0, VALENCAY (RUE DE);M;4361017.0;388570.0;340
22253;201300024676;13;4;23;1200;1;2;2;1.0;3;172;0, VILLENEUVE-ANGOULEME;M;4358853.0;386576.0;340
22254;201300024677;13;4;25;750;1;2;1;8.0;5;172;100, PALAVAS (AVENUE DE);M;4359687.0;388693.0;340
22255;201300024678;13;4;25;1410;1;2;3;1.0;3;172;DUBOUT (AVENUE ALBERT);M;4359710.0;388580.0;340
22256;201300024680;13;4;27;1250;1;2;6;3.0;7;129;0, MADAME (ROND POINT DE;M;4356632.0;390054.0;340
22257;201300024681;13;4;27;1930;2;2;1;8.0;1;172;0, ROQUETURIERE (RUE DE;M;4363102.0;388537.0;340
22258;201300024682;13;4;30;1020;1;2;1;2.0;3;172;804, SOULAS (AVENUE DU P;M;4362015.0;385903.0;340
22259;201300024683;13;5;2;1200;1;2;2;1.0;3;172;sans, PAPIN (RUE DENIS);M;4361373.0;390587.0;340
22260;201300024684;13;5;2;1535;1;2;2;1.0;3;172;GAMBETTA (COURS);M;4360702.0;387127.0;340
22261;201300024685;13;5;3;1755;1;2;1;1.0;3;172;0, AVENUE DE BARCELONE;M;4326344.0;381748.0;340
22262;201300024686;13;5;3;804;1;2;1;1.0;6;129;574, MONTPELLIER (AVENUE;M;4356811.0;390384.0;340
22263;201300024688;13;5;4;1115;1;2;1;1.0;3;172;210, VAL DE MONTFERRAND;M;4363143.0;387126.0;340
22264;201300024689;13;5;5;1900;1;2;2;1.0;3;172;59, TOULOUSE (AVENUE DE;M;4359742.0;386409.0;340
22265;201300024691;13;5;6;2125;5;2;2;1.0;3;172;MAURIN (AVENUE DE;M;4359967.0;387524.0;340
22266;201300024693;13;5;9;1805;1;2;2;1.0;3;172;0, INDUSTRIE (RUE DE L');M;4358907.0;388481.0;340
22267;201300024694;13;5;11;1500;1;2;1;1.0;3;172;sans LECACHE (RUE BERNA;M;4360827.0;386176.0;340
22268;201300024695;13;5;12;1345;1;2;1;1.0;6;172;618  FONT CARRADE (RUE D;M;4360777.0;385552.0;340
22269;201300024696;13;5;12;1800;1;2;1;1.0;3;172;sans, MOULINS (AVENUE DE;M;4362345.0;383393.0;340
22270;201300024697;13;5;13;740;1;1;1;1.0;7;129;;M;4357307.0;387632.0;340
22271;201300024698;13;5;13;920;1;2;2;1.0;3;172;68,  ASSAS (AVENUE D');M;4361705.0;386112.0;340
22272;201300024699;13;5;13;1615;1;2;1;1.0;3;172;MONTELS-EGLISE (RUE DE);M;4358061.0;388150.0;340
22273;201300024700;13;5;13;1735;1;2;1;1.0;6;172;LIBERTE (AVENUE DE LA;M;4360870.0;384766.0;340
22274;201300024702;13;5;14;935;1;2;1;1.0;3;172;24, BERTHELOT (BOULEVARD;M;4359956.0;387450.0;340
22275;201300024703;13;5;15;835;1;2;2;8.0;3;172;14, RENOUVIER (BOULEVARD;M;4360381.0;386775.0;340
22276;201300024705;13;5;18;1800;1;2;1;1.0;1;172;sans LIBERTE (AVENUE DE;M;4361009.0;383544.0;340
22277;201300024706;13;5;18;1045;1;2;1;8.0;3;172;145, JANVIER (RUE GUILLA;M;4359595.0;386588.0;340
22278;201300024707;13;5;22;1605;1;2;2;1.0;3;172;0, VINCI (RUE LEONARD DE;M;4360834.0;390662.0;340
22279;201300024708;13;5;22;2150;5;2;2;1.0;1;172;GIMEL  (AVENUE DE);M;4363748.0;382283.0;340
22280;201300024709;13;5;22;1920;1;2;1;1.0;3;172;SANS, LIBERTE (AVENUE DE;M;4360478.0;386484.0;340
22281;201300024710;13;5;22;1830;1;2;2;1.0;3;172;0, TERRETS-BOURRETS (RUE;M;4362032.0;385971.0;340
22282;201300024711;13;5;21;1930;1;2;1;1.0;3;172;0, BARI (RUE DE);M;4362843.0;381992.0;340
22283;201300024712;13;5;24;900;1;2;1;1.0;3;172;0, APPEL DU 18 JUIN (RON;M;4363738.0;383156.0;340
22284;201300024713;13;5;23;910;1;2;1;1.0;7;172;0, RAYMOND DUGRAND (AVEN;M;4360518.0;389896.0;340
22285;201300024714;13;5;22;1815;1;2;1;1.0;4;172;, TOULOUSE (AVENUE DE;M;4358888.0;385499.0;340
22286;201300024715;13;5;24;2325;5;2;1;1.0;2;172;39, CLEMENCEAU (AVENUE G;M;4360247.0;387059.0;340
22287;201300024716;13;5;25;2250;5;2;1;1.0;4;172;sans, EUROPE (AVENUE DE;M;4362383.0;382029.0;340
22288;201300024717;13;5;27;1825;1;2;1;1.0;3;129;1421, PLATANES (AVENUES;M;4358524.0;392350.0;340
22289;201300024718;13;5;29;1110;1;2;1;1.0;7;172;0, ETATS DU LANGUEDOC (A;M;4360744.0;388470.0;340
22290;201300024719;13;5;29;1310;1;2;1;1.0;1;172;1475, EINSTEIN (AVENUE A;M;4361038.0;391431.0;340
22291;201300024720;13;5;30;850;1;2;3;1.0;3;172;0, CAUSSE (RUE PIERRE);M;4360964.0;383831.0;340
22292;201300024721;13;5;30;920;1;2;3;1.0;3;172;0, PINVILLE (RUE DE);M;4361752.0;390275.0;340
22293;201300024723;13;5;31;445;5;2;1;1.0;6;172;32, ASSAS (AVENUE D');M;4361440.0;386510.0;340
22294;201300024724;13;5;31;1330;1;2;1;1.0;1;172;33, UNIVERSITE (RUE DE L;M;4361364.0;387704.0;340
22295;201300024725;13;5;31;1910;1;2;1;8.0;6;172;157, UPPSALA (RUE D');M;4362954.0;382061.0;340
22296;201300024726;13;6;1;1910;1;2;1;1.0;4;172;MENDES FRANCE (AVENUE PR;M;4360803.0;391479.0;340
22297;201300024727;13;6;2;605;2;2;3;1.0;6;172;BOUISSES  (RUE DES);M;4360339.0;383281.0;340
22298;201300024728;13;6;2;645;1;2;1;1.0;1;172;TOULOUSE (AVENUE DE;M;4355846.0;384964.0;340
22299;201300024729;13;6;2;1843;1;2;1;1.0;3;172;., MER (AVENUE DE LA);M;4359808.0;390289.0;340
22300;201300024730;13;6;3;845;1;1;3;1.0;3;129;D116;M;4355545.0;386036.0;340
22301;201300024731;13;6;3;1850;1;2;1;1.0;3;172;0, FES (RUE DE);M;4363294.0;383395.0;340
22302;201300024732;13;6;3;2000;1;2;1;1.0;2;172;0, LIBERTE (AVENUE DE LA;M;4360882.0;384207.0;340
22303;201300024733;13;6;4;730;1;2;1;1.0;7;172;0, VALSIERE (RUE DE LA);M;4364205.0;382998.0;340
22304;201300024735;13;6;4;1816;1;2;1;1.0;6;172;595, PAS DU LOUP (RUE DU;M;4359628.0;384476.0;340
22305;201300024736;13;6;5;900;1;2;1;1.0;3;172;0, CARNOT (PLACE);M;4360314.0;388243.0;340
22306;201300024737;13;6;7;1540;1;2;6;1.0;3;172;GENNEVAUX (ROND-POINT MA;M;4359315.0;382026.0;340
22307;201300024738;13;6;7;2125;5;2;3;1.0;6;172;STRASBOURG (PLACE DE);M;4360289.0;388042.0;340
22308;201300024739;13;6;8;1000;1;2;9;2.0;6;172;31, MAGUELONE (RUE DE);M;4360520.0;388064.0;340
22309;201300024741;13;6;8;1615;1;2;1;2.0;1;172;147, BOIRARGUES (AVENUE;M;4360464.0;389981.0;340
22310;201300024742;13;6;9;935;1;2;1;1.0;3;172;240 GARRATS (AVENUE DES;M;4361183.0;383875.0;340
22311;201300024743;13;6;9;1035;1;2;2;8.0;3;172;, CARTIER (AVENUE JACQU;M;4360684.0;389241.0;340
22312;201300024744;13;6;9;1645;1;2;3;8.0;3;172;0, AVENUE DE BARCELONE;M;4362368.0;381742.0;340
22313;201300024746;13;6;12;915;1;2;1;1.0;3;172;17, SAINT LOUIS (RUE);M;4361081.0;386664.0;340
22314;201300024747;13;6;14;1707;1;2;1;1.0;2;172;0, MENDES FRANCE (AVENUE;M;4360850.0;391247.0;340
22315;201300024748;13;6;14;1930;1;2;1;1.0;2;172;0, LIBERTE (AVENUE DE LA;M;4360981.0;383677.0;340
22316;201300024749;13;6;15;2005;1;2;2;1.0;3;172;0, AEROPORT INTERNATIONA;M;4360876.0;389263.0;340
22317;201300024750;13;6;19;1240;1;2;9;8.0;3;172;FABRE DE MORLHON (BOULE;M;4359002.0;388258.0;340
22318;201300024752;13;6;20;800;1;2;2;8.0;3;172;VIALA (PLACE PIERRE);M;4361702.0;385485.0;340
22319;201300024753;13;6;21;1010;1;2;3;1.0;6;172;HUGO (BOULEVARD VICTOR);M;4360650.0;387783.0;340
22320;201300024754;13;6;21;1145;1;2;3;1.0;6;172;ACROPOLE (RUE DE L');M;4360711.0;389248.0;340
22321;201300024755;13;6;20;1610;1;2;1;1.0;3;172;0, LODEVE (AVENUE DE;M;4361371.0;383927.0;340
22322;201300024756;13;6;21;2040;1;2;1;1.0;7;129;sans, MONTPELLIER (AVENU;M;4356928.0;389941.0;340
22323;201300024757;13;6;22;1615;1;2;1;1.0;6;172;225, PROVINCES (COUR DES;M;4363426.0;382371.0;340
22324;201300024758;13;6;22;1940;1;2;1;1.0;2;172;sans, VALLOIS (RUE PROFE;M;4361452.0;388365.0;340
22325;201300024759;13;6;24;1820;1;2;1;1.0;6;172;212, PONT DE LAVERUNE (R;M;4360688.0;383773.0;340
22326;201300024760;13;6;25;1350;1;2;4;1.0;5;172;STRASBOURG (BOULEVARD DE;M;4360350.0;388819.0;340
22327;201300024761;13;6;25;1925;1;1;1;1.0;7;129;D132;M;4356790.0;390657.0;340
22328;201300024762;13;6;26;830;1;2;1;1.0;6;172;ZUCCARELLI (PONT JEAN);M;4360680.0;389695.0;340
22329;201300024763;13;6;26;1320;1;2;1;1.0;2;172;0, MARIE DE MONTPELLIER;M;4360000.0;389604.0;340
22330;201300024764;13;6;27;335;5;2;1;1.0;7;198;SANS, PAGNOL (AVENUE MAR;M;4355886.0;396013.0;340
22331;201300024765;13;6;21;1540;1;2;1;1.0;2;172;101, SABATIER D'ESPEYRAN;M;4362485.0;386352.0;340
22332;201300024768;13;6;28;1715;1;2;1;1.0;2;172;9, GAMBETTA (COURS);M;4360736.0;387040.0;340
22333;201300024769;13;6;28;700;1;2;3;1.0;7;172;0, LIBERTE (AVENUE DE LA;M;4361130.0;382879.0;340
22334;201300024770;13;6;29;1515;1;2;1;1.0;6;172;196, LEYDE (RUE DE);M;4362376.0;381505.0;340
22335;201300024771;13;6;30;1130;1;1;1;1.0;7;129;sans, D132;M;4356583.0;391190.0;340
22336;201300024772;13;7;2;1950;1;2;3;8.0;3;172;JUSTICE DE CASTELNAU (AV;M;4361617.0;387921.0;340
22337;201300024774;13;7;2;1825;1;2;2;1.0;2;172;0, LIBERTE (AVENUE DE LA;M;4361137.0;382886.0;340
22338;201300024775;13;7;20;1915;1;2;2;1.0;3;172;0, ECOLE D'AGRICULTURE-G;M;4361376.0;385843.0;340
22339;201300024776;13;7;3;1530;1;2;1;1.0;2;172;0, FLANDRES-DUNKERQUE (P;M;4358969.0;385584.0;340
22340;201300024777;13;7;4;1640;1;2;1;1.0;3;172;162, LODEVE (AVENUE DE;M;4361309.0;384304.0;340
22341;201300024778;13;7;5;1340;1;2;1;1.0;3;172;sans, RIMBAUD (RUE PAUL);M;4361826.0;384457.0;340
22342;201300024779;13;7;21;910;1;2;1;1.0;6;172;FLAHAULT (AVENUE CHARLES;M;4362782.0;385817.0;340
22343;201300024780;13;7;6;1600;1;2;2;1.0;3;172;BARCELONE (AVENUE DE);M;4362367.0;381744.0;340
22344;201300024781;13;7;6;2345;3;2;1;1.0;7;172;SANS, LAVERUNE (ROUTE DE;M;4359308.0;382401.0;340
22345;201300024782;13;7;5;1120;1;2;1;1.0;1;172;509, BUGAREL (RUE DE;M;4359367.0;385591.0;340
22346;201300024783;13;7;3;1535;1;2;1;1.0;1;172;PIC SAINT LOUP (AVENUE D;M;4363902.0;385226.0;340
22347;201300024784;13;7;10;1350;1;2;1;1.0;2;172;520, EINSTEIN (AVENUE AL;M;4360675.0;390491.0;340
22348;201300024785;13;7;11;1530;1;2;1;1.0;6;198;sans, D21E;M;4355185.0;396888.0;340
22349;201300024786;13;7;12;1810;1;1;1;1.0;3;172;., JOUHAUX (AVENUE LEON);M;4359471.0;382022.0;340
22350;201300024788;13;7;14;5;5;2;1;1.0;7;172;293, FONT COUVERTE (RUE;M;4360176.0;385689.0;340
22351;201300024789;13;7;15;45;5;2;3;1.0;3;172;sans, PAVELET (AVENUE DU;M;4358724.0;385856.0;340
22352;201300024790;13;7;18;1950;1;2;1;1.0;6;172;155, NOUVEAU MONDE (ALLE;M;4360711.0;388845.0;340
22353;201300024791;13;7;19;925;1;2;1;1.0;6;172;sans, MOULARES (CHEMIN D;M;4359741.0;389287.0;340
22354;201300024792;13;7;22;239;5;2;1;1.0;7;172;69, JUSTICE DE CASTELNAU;M;4362705.0;387090.0;340
22355;201300024793;13;7;22;1540;1;2;1;1.0;3;172;55, CAVALERIE (RUE DE LA;M;4361797.0;388212.0;340
22356;201300024794;13;7;24;725;1;2;6;1.0;3;172;sans, FLANDRES-DUNKERQUE;M;4359014.0;385569.0;340
22357;201300024795;13;7;25;1945;1;2;1;1.0;2;172;MONTELS-EGLISE (RUE DE);M;4357552.0;387116.0;340
22358;201300024796;13;7;27;325;3;2;2;1.0;7;129;SANS, FONTAINE DE LA BAN;M;4359224.0;391853.0;340
22359;201300024797;13;7;28;130;3;2;1;1.0;7;129;SANS, PALAVAS D986 (ROUT;M;4358227.0;389796.0;340
22360;201300024798;13;7;27;1640;1;2;1;1.0;5;172;0, LIBERTE (AVENUE DE LA;M;4360887.0;384239.0;340
22361;201300024799;13;7;29;2000;1;2;5;1.0;3;172;sans, MERMOZ (AVENUE JEA;M;4361032.0;389043.0;340
22362;201300024800;13;7;31;1850;1;1;1;1.0;3;198;ROUTE DE LATTES  D132;M;4356111.0;394396.0;340
22363;201300024801;13;7;31;2010;1;2;2;1.0;3;172;AEROPORT INTERNATIONAL (;M;4360887.0;389263.0;340
22364;201300024802;13;8;1;825;1;2;9;1.0;3;172;APOTHICAIRES (AVENUE DES;M;4364467.0;384168.0;340
22365;201300024803;13;8;2;815;1;2;6;1.0;2;172;MONTMORENCY (ALLEE HENRI;M;4361027.0;388665.0;340
22366;201300024804;13;8;2;1245;1;1;1;1.0;3;129;0, D132;M;4357100.0;388278.0;340
22367;201300024805;13;8;3;1700;1;2;2;1.0;3;172;sans, JUSTICE DE CASTELN;M;4362695.0;386970.0;340
22368;201300024806;13;8;4;220;5;2;2;1.0;3;172;sans, FABRE DE MORLHON (;M;4358911.0;388471.0;340
22369;201300024807;13;8;4;1300;1;2;1;1.0;7;198;D21  ROUTE DE CARNON;M;4355751.0;396406.0;340
22370;201300024808;13;8;4;2030;1;1;1;1.0;6;129;sans, D116;M;4357127.0;387375.0;340
22371;201300024809;13;8;5;1423;1;2;2;1.0;7;172;TOULOUSE (AVENUE DE;M;4359464.0;386123.0;340
22372;201300024810;13;8;6;1740;1;2;1;1.0;3;172;70, BERGAMOTES (AVENUE D;M;4358328.0;385659.0;340
22373;201300024811;13;8;7;1350;1;2;3;1.0;1;172;0, GRENADE ENTR'OUVERTE;M;4361648.0;383372.0;340
22374;201300024812;13;8;8;1410;1;2;1;1.0;2;172;7-9, FORGUE (RUE DU PROF;M;4360911.0;385291.0;340
22375;201300024813;13;8;7;1855;1;2;3;2.0;3;172;0, PEYSON (RUE FREDERIC);M;4360144.0;387971.0;340
22376;201300024814;13;8;9;1410;1;2;1;1.0;4;172;sans, MONDIAL 98 (AVENUE;M;4360325.0;390949.0;340
22377;201300024815;13;8;9;1510;1;1;1;1.0;6;129;sans, D116;M;4356346.0;386796.0;340
22378;201300024816;13;8;9;2145;5;2;1;1.0;6;172;1, OLLIVIER (RUE ARISTID;M;4360705.0;388077.0;340
22379;201300024818;13;8;10;12;5;2;1;1.0;2;172;LIBERTE (AVENUE DE LA;M;4360372.0;386544.0;340
22380;201300024819;13;8;13;1820;1;2;1;1.0;7;172;22, HARCOURT (RUE FRANCO;M;4363328.0;383321.0;340
22381;201300024820;13;8;16;225;5;2;1;1.0;7;172;MENDES FRANCE (AVENUE PR;M;4361006.0;390387.0;340
22382;201300024821;13;8;16;1720;1;2;1;1.0;7;172;sans, BLAYAC (RUE DU PRO;M;4362304.0;383317.0;340
22383;201300024822;13;8;19;1800;1;2;3;1.0;2;172;31, CLEMENCEAU (AVENUE G;M;4360327.0;387193.0;340
22384;201300024823;13;8;19;1700;1;2;1;1.0;3;172;14, TOULOUSE (AVENUE DE;M;4360011.0;386712.0;340
22385;201300024824;13;8;20;220;5;2;1;1.0;2;172;AEROPORT INTERNATIONAL (;M;4360875.0;389444.0;340
22386;201300024826;13;8;20;955;1;2;1;1.0;2;172;LODEVE (ROUTE DE);M;4361500.0;382380.0;340
22387;201300024827;13;8;21;1510;1;2;1;1.0;6;172;9, CROIX CAPITAINE (AVEN;M;4360373.0;385978.0;340
22388;201300024828;13;8;21;1035;1;2;3;1.0;3;172;863, DEZEUZE (RUE FRANCO;M;4360874.0;384156.0;340
22389;201300024829;13;8;22;1810;1;1;1;1.0;3;129;sans, PLATANES (AVENUES;M;4359111.0;390956.0;340
22390;201300024830;13;8;22;1940;1;2;1;1.0;2;172;583, ANTIGONE (BOULEVARD;M;4360905.0;389022.0;340
22391;201300024831;13;8;26;655;2;2;1;2.0;7;198;D21  ROUTE DE CARNON;M;4356600.0;395690.0;340
22392;201300024833;13;8;27;815;1;2;1;1.0;7;172;24, RIMBAUD (RUE PAUL);M;4361981.0;384977.0;340
22393;201300024834;13;8;27;1035;1;2;3;1.0;3;172;0, GERHARDT (RUE);M;4361395.0;386857.0;340
22394;201300024836;13;8;28;2113;5;2;2;1.0;1;172;sans, MOULARES (CHEMIN D;M;4360386.0;389307.0;340
22395;201300024837;13;8;29;835;1;2;1;1.0;6;172;sans, APOTHICAIRES (AVEN;M;4364466.0;384213.0;340
22396;201300024838;13;8;29;1425;1;2;1;1.0;2;172;54, LODEVE (ROUTE  DE);M;4361492.0;382685.0;340
22397;201300024839;13;8;18;645;1;2;1;1.0;3;172;LIBERTE (AVENUE DE LA;M;4361136.0;382873.0;340
22398;201300024840;13;8;30;845;1;2;1;1.0;6;172;11, DUNANT (RUE HENRI);M;4362692.0;386948.0;340
22399;201300024841;13;8;30;1635;1;2;1;1.0;6;172;136, AIGUELONGUE (RUE DE;M;4363048.0;387145.0;340
22400;201300024842;13;9;2;955;1;1;1;1.0;3;129;0, D132;M;4357594.0;387500.0;340
22401;201300024843;13;8;31;1800;1;2;3;1.0;3;172;0, NIMES (AVENUE DE);M;4361941.0;388959.0;340
22402;201300024844;13;9;3;1525;1;2;1;1.0;3;172;59, TOULOUSE (AVENUE DE;M;4359734.0;0.0;340
22403;201300024845;13;9;4;1300;1;2;3;1.0;3;172;PARGUEL (AVENUE ABBE PAU;M;4363150.0;386060.0;340
22404;201300024846;13;9;4;1550;1;2;1;1.0;3;172;31ter, SAINT LAZARE (AVE;M;4362293.0;388825.0;340
22405;201300024847;13;9;5;1100;1;2;1;1.0;2;172;SANS, PAVELET (AVENUE DU;M;4358740.0;385843.0;340
22406;201300024848;13;9;6;855;1;2;2;1.0;1;172;JANVIER (RUE GUILLAUME);M;4359464.0;386123.0;340
22407;201300024850;13;9;8;250;5;1;1;1.0;6;129;CALADE (ALLEE DE LA);M;4357303.0;389438.0;340
22408;201300024851;13;9;9;945;1;2;1;1.0;3;172;17, GAMBETTA (COURS);M;4360600.0;387284.0;340
22409;201300024852;13;9;9;1716;1;2;1;1.0;6;172;1, RONDELET (PLACE);M;4360323.0;387479.0;340
22410;201300024853;13;9;10;1110;1;2;1;1.0;2;172;sans, PALADILHE (RUE);M;4361203.0;386686.0;340
22411;201300024854;13;9;10;1540;1;2;1;1.0;6;172;384, MONTELS-EGLISE (RUE;M;4357947.0;387858.0;340
22412;201300024855;13;9;11;800;1;2;1;1.0;3;172;470, RIMBAUD (RUE PAUL);M;4361840.0;384497.0;340
22413;201300024856;13;9;10;1925;1;2;1;1.0;6;172;PRADIERS (RUE DES);M;4361503.0;389274.0;340
22414;201300024857;13;9;11;2015;5;2;1;1.0;6;172;223, LOUISVILLE (AVENUE;;;;340
22415;201300024858;13;9;12;755;1;2;1;1.0;2;172;LIBERTE (AVENUE DE LA;M;4361088.0;383353.0;340
22416;201300024859;13;9;12;1445;1;1;1;1.0;7;198;0, D66  VOIE RAPIDE;M;4357385.0;395294.0;340
22417;201300024860;13;9;13;830;1;2;1;1.0;7;172;AURIOL (AVENUE VINCENT);M;4364568.0;385347.0;340
22418;201300024861;13;9;13;1630;1;2;3;1.0;3;172;0, ASSAS (AVENUE D');M;4361595.0;386281.0;340
22419;201300024863;13;9;13;2010;5;2;2;1.0;1;172;0, VINCI (RUE LEONARD DE;M;4360840.0;390660.0;340
22420;201300024864;13;9;9;1015;1;2;1;1.0;6;172;0, DUBOUT (AVENUE ALBERT;M;4360278.0;389129.0;340
22421;201300024865;13;9;14;1415;1;2;3;1.0;6;172;sans, GANGES (ROUTE DE;;;;340
22422;201300024866;13;9;15;1410;1;2;1;1.0;7;172;74, BUGAREL (RUE DE;M;4359484.0;386104.0;340
22423;201300024869;13;9;16;1320;1;2;2;1.0;2;172;RIMBAUD (RUE PAUL);M;4361787.0;384275.0;340
22424;201300024870;13;9;18;1215;1;1;2;1.0;3;129;CARNON (ROUTE DE  D21);M;4359096.0;390863.0;340
22425;201300024873;13;9;20;720;1;2;1;1.0;3;172;267, MOULINS (AVENUE DES;M;4363719.0;384537.0;340
22426;201300024874;13;9;20;915;1;2;1;1.0;3;172;49, ASSAS (AVENUE D');M;4361556.0;386349.0;340
22427;201300024876;13;9;20;1535;1;2;1;1.0;6;172;82, ASSAS (AVENUE D');M;4361769.0;386023.0;340
22428;201300024877;13;9;21;1500;1;2;6;1.0;3;172;15, OXFORD (RUE D');M;4362698.0;381997.0;340
22429;201300024878;13;9;22;455;3;2;1;1.0;6;172;sans, GANGES (ROUTE DE;M;4364245.0;384552.0;340
22430;201300024879;13;9;23;345;5;2;1;1.0;7;172;SANS, MER (AVENUE DE LA);M;4359496.0;390564.0;340
22431;201300024880;13;9;23;1440;1;2;1;1.0;6;172;27, LODEVE (ROUTE DE);M;4361464.0;382607.0;340
22432;201300024881;13;9;24;815;1;1;1;8.0;7;172;JOUHAUX (AVENUE LEON);M;4359989.0;381998.0;340
22433;201300024882;13;9;24;1310;1;2;1;8.0;2;172;0, MER (AVENUE DE LA);M;4359880.0;390258.0;340
22434;201300024883;13;9;27;1;5;2;3;1.0;3;172;BALANCES (RUE DES);M;4360844.0;387374.0;340
22435;201300024884;13;9;28;1925;2;2;3;8.0;6;172;PROUDHON (RUE);M;4361597.0;388071.0;340
22436;201300024885;13;9;29;1340;1;2;1;8.0;6;172;24, FOCH (RUE);M;4361081.0;387574.0;340
22437;201300024886;13;9;30;845;1;2;3;1.0;3;172;MOULIN DE SEMALEN (RUE D;M;4361256.0;389517.0;340
22438;201300024887;13;9;30;910;1;2;1;7.0;6;172;163, JUSTICE DE CASTELNA;M;4362703.0;387174.0;340
22439;201300024888;13;10;1;815;1;2;1;1.0;6;172;125, MOULIN DE GASCONNET;M;4363448.0;387349.0;340
22440;201300024889;13;9;30;1850;1;2;2;1.0;1;172;0, DUBOUT (AVENUE ALBERT;M;4359691.0;387769.0;340
22441;201300024890;13;10;1;1550;1;2;4;1.0;3;172;0, PARGUEL (AVENUE ABBE;M;4363212.0;386028.0;340
22442;201300024891;13;10;1;1615;1;2;6;1.0;2;172;0, LYRE (ROND-POINT DE L;M;4364042.0;387747.0;340
22443;201300024892;13;10;2;945;1;2;1;1.0;3;129;0, FIGUIERES (AVENUE DE);M;4358432.0;392675.0;340
22444;201300024893;13;10;4;1550;1;2;3;3.0;1;172;CROIX VERTE (RUE DE LA);M;4364299.0;383840.0;340
22445;201300024895;13;10;5;2315;5;2;2;1.0;7;172;SANS, VALERY (BOULEVARD;M;4359265.0;385260.0;340
22446;201300024896;13;10;6;750;1;1;2;1.0;3;129;CARNON (ROUTE DE  D21);M;4358761.0;391752.0;340
22447;201300024898;13;10;6;1240;1;1;6;1.0;3;172;0, COLOMB (PLACE CHRISTO;M;4360580.0;389940.0;340
22448;201300024899;13;10;7;820;1;2;3;1.0;3;172;AQUEDUC (ALLEE DE L');M;4361998.0;384209.0;340
22449;201300024901;13;10;8;1620;1;2;1;1.0;3;172;sans, PALAVAS (AVENUE DE;M;4359301.0;388971.0;340
22450;201300024902;13;10;8;2015;4;2;1;1.0;6;172;sans, LIBERTE (AVENUE DE;M;4360922.0;383987.0;340
22451;201300024903;13;10;9;1410;1;2;1;1.0;3;172;sans, PONT DE LAVERUNE (;M;4360724.0;383839.0;340
22452;201300024904;13;10;10;1930;3;2;1;1.0;3;172;LIBERTE (AVENUE DE LA;M;4360433.0;386518.0;340
22453;201300024905;13;10;11;1255;1;2;3;1.0;3;172;CROVA (RUE);M;4362150.0;386843.0;340