;Num_Acc;an;mois;jour;hrmn;lum;agg;int;atm;col;com;adr;gps;lat;long;dep
22454;201300024906;13;10;12;1315;1;2;3;1.0;2;172;0, LAVERUNE (ROUTE DE;M;4360007.0;384417.0;340
22455;201300024907;13;10;12;1422;1;2;3;1.0;3;172;220, PRES D'ARENES (AVEN;M;4359418.0;387929.0;340
22456;201300024908;13;10;12;1700;1;2;1;8.0;3;172;30, AGATHOIS (RUE DE L');M;4363314.0;382469.0;340
22457;201300024909;13;10;12;1940;5;2;1;8.0;3;172;0, LIBERTE (AVENUE DE LA;M;4360363.0;386553.0;340
22458;201300024910;13;10;13;1715;1;2;1;1.0;2;172;4, LAVERUNE (ROUTE DE;M;4360475.0;385916.0;340
22459;201300024911;13;10;14;700;5;2;1;1.0;7;172;0, MOULINS (AVENUE DES;M;4363071.0;384175.0;340
22460;201300024912;13;10;14;700;5;2;1;1.0;7;172;0, MOULINS (AVENUE DES;M;4363071.0;384175.0;340
22461;201300024913;13;10;14;1745;1;2;1;1.0;3;172;sans, LIBERTE (AVENUE DE;M;4360253.0;386664.0;340
22462;201300024914;13;10;14;1830;1;2;3;1.0;3;172;sans, CAPITAINE CROIX DU;M;4360376.0;385928.0;340
22463;201300024915;13;10;15;814;1;2;3;8.0;3;172;0, COMTE DE MELGUEIL (RU;M;4360381.0;389300.0;340
22464;201300024916;13;10;16;115;5;2;6;1.0;6;172;APOTHICAIRES (AVENUE DES;M;4364445.0;384190.0;340
22465;201300024917;13;10;16;1445;1;2;3;1.0;7;172;PERRUQUE (BOULEVARD DE L;M;4359697.0;387757.0;340
22466;201300024918;13;10;16;1830;2;2;1;1.0;6;172;24, ARAUCARIAS (RUE DES);M;4361574.0;383867.0;340
22467;201300024919;13;10;17;10;3;1;1;1.0;7;129;SANS, PEROLS D132 (AVENU;M;4356012.0;392347.0;340
22468;201300024920;13;10;17;1800;1;2;1;1.0;3;172;690, NOBEL (RUE ALFRED);M;4361069.0;391237.0;340
22469;201300024921;13;10;18;530;5;2;1;1.0;5;172;LIBERTE (AVENUE DE LA;M;4359866.0;387274.0;340
22470;201300024922;13;10;18;905;1;2;1;1.0;6;172;06, HUGO (BOULEVARD VICT;M;4360671.0;387787.0;340
22471;201300024923;13;10;18;1130;1;2;3;1.0;3;172;MARQUEROSE (RUE DE LA;M;4358677.0;386869.0;340
22472;201300024924;13;10;18;1615;1;2;1;8.0;7;129;0, CARNON (ROUTE DE  D21;M;4358276.0;392578.0;340
22473;201300024925;13;10;18;1615;1;2;6;1.0;7;172;0, CHATEAU D'O (ROND-POI;M;4363166.0;384185.0;340
22474;201300024926;13;10;18;1735;1;2;1;1.0;6;172;0, CROIX VERTE (RUE DE L;;;;340
22475;201300024927;13;10;20;1855;5;2;1;1.0;2;172;0, LIBERTE (AVENUE DE LA;M;4361138.0;382884.0;340
22476;201300024928;13;10;20;1855;2;2;1;1.0;3;172;sans, CABANEL (RUE ALEXA;M;4360780.0;387459.0;340
22477;201300024929;13;10;22;1215;1;2;1;8.0;2;172;sans, MICHEL (RUE ERNEST;M;4360163.0;387393.0;340
22478;201300024930;13;10;23;715;5;2;1;8.0;7;172;0, LIBERTE (AVENUE DE LA;;;;340
22479;201300024931;13;10;24;1725;1;2;1;8.0;3;172;856, ALCO (RUE D';;;;340
22480;201300024932;13;10;28;1030;1;2;2;1.0;3;172;sans, MOULARES (CHEMIN D;;;;340
22481;201300024933;13;11;6;838;1;2;1;1.0;3;172;133, SOULAS (AVENUE DU P;M;4361787.0;386644.0;340
22482;201300024934;13;10;30;1315;1;2;2;1.0;3;172;0, CLEMENCEAU (AVENUE GE;M;4360151.0;386873.0;340
22483;201300024935;13;10;30;1820;5;2;1;1.0;1;198;1018, PAGNOL (AVENUE MAR;M;4356026.0;395634.0;340
22484;201300024936;13;10;31;2225;5;2;2;1.0;3;172;sans, CARTIER (AVENUE JA;;;;340
22485;201300024937;13;10;31;2350;5;2;6;1.0;3;172;SANS, APPEL DU 18 JUIN (;;;;340
22486;201300024938;13;11;6;1038;1;2;3;1.0;3;172;LIBERTE (AVENUE DE LA;M;4361113.0;383037.0;340
22487;201300024939;13;11;6;1555;1;2;1;1.0;7;172;0, NIMES (AVENUE DE);;;;340
22488;201300024940;13;11;8;840;1;2;1;8.0;2;172;0, RECAMBALE (AVENUE DE;M;4359658.0;384490.0;340
22489;201300024941;13;11;8;910;1;2;3;8.0;3;198;0, ROUGET DE L'ISLE (RUE;M;4359545.0;384070.0;340
22490;201300024942;13;11;8;1010;1;2;1;8.0;7;172;0, FLANDRES-DUNKERQUE (P;M;4358964.0;385671.0;340
22491;201300024943;13;11;8;1540;1;2;1;8.0;6;172;sans, ANTIGONE (BOULEVAR;M;4360911.0;388808.0;340
22492;201300024945;13;11;10;1615;1;2;3;8.0;2;172;CARDONILLE (RUE DE LA);M;4363521.0;384463.0;340
22493;201300024946;13;11;10;2020;5;2;3;6.0;3;172;PONT JUVENAL (AVENUE DU);M;4360591.0;389407.0;340
22494;201300024947;13;11;12;1415;1;2;1;1.0;3;172;0, MONDIAL 98 (AVENUE DU;M;4360429.0;391266.0;340
22495;201300024948;13;11;12;1355;1;2;1;1.0;3;172;1209, TOULOUSE (AVENUE D;M;4359201.0;385834.0;340
22496;201300024950;13;11;12;1820;5;2;1;1.0;3;172;0, LIBERTE (AVENUE DE LA;M;4360526.0;386489.0;340
22497;201300024951;13;11;13;1610;1;2;9;1.0;2;172;CAUSSE (RUE PIERRE);M;4360946.0;383915.0;340
22498;201300024952;13;11;13;1715;1;2;1;1.0;6;172;sans, LAVERUNE (ROUTE DE;M;4360150.0;385176.0;340
22499;201300024953;13;11;16;620;3;2;1;1.0;6;172;2061, TOULOUSE (AVENUE D;M;4358654.0;385269.0;340
22500;201300024955;13;11;16;1245;1;2;2;8.0;3;172;JUSTICE DE CASTELNAU (AV;M;4362612.0;387728.0;340
22501;201300024956;13;11;18;745;1;2;1;2.0;3;172;1120, RIMBAUD (RUE PAUL);M;4361711.0;383685.0;340
22502;201300024957;13;11;18;1335;1;2;1;3.0;2;172;FABRE DE MORLHON (BOULEV;M;4359483.0;387768.0;340
22503;201300024958;13;11;18;1300;1;2;1;3.0;7;172;0, AGROPOLIS (AVENUE);M;4364517.0;386861.0;340
22504;201300024959;13;11;19;2200;4;2;1;2.0;1;172;SANS, JOUHAUX (AVENUE LE;M;4360758.0;382116.0;340
22505;201300024962;13;11;21;1750;5;2;3;1.0;3;172;MOULINS (AVENUE DES;M;4363606.0;384450.0;340
22506;201300024963;13;11;21;2025;5;2;2;1.0;3;172;DEZEUZE (RUE FRANCOIS);M;4360865.0;384157.0;340
22507;201300024964;13;11;22;1700;5;2;1;8.0;6;172;975, FES (RUE DE);M;4363264.0;383449.0;340
22508;201300024965;13;11;23;1045;1;2;1;1.0;3;172;10bis, RECH (RUE HIPPOLY;M;4361922.0;386413.0;340
22509;201300024966;13;11;25;955;1;2;3;1.0;2;172;39, FLAHAULT (AVENUE CHA;M;4362086.0;385807.0;340
22510;201300024967;13;11;25;2030;5;2;1;1.0;3;172;SAINT MAUR (AVENUE DE);M;4361746.0;389317.0;340
22511;201300024968;13;11;26;835;1;1;1;1.0;1;129;0, SAPORTA (CHEMIN DE);M;4358145.0;389742.0;340
22512;201300024969;13;11;26;1850;3;2;2;1.0;3;172;sans, BERTHELOT (BOULEVA;M;4360149.0;386874.0;340
22513;201300024970;13;11;27;1755;5;2;1;1.0;6;172;1742, TOULOUSE (AVENUE D;M;4358975.0;385479.0;340
22514;201300024972;13;11;28;1245;1;2;2;1.0;3;172;., REPUBLIQUE (RUE DE LA;M;4360530.0;387937.0;340
22515;201300024974;13;11;29;1925;5;2;1;1.0;2;172;0, LIBERTE (AVENUE DE LA;M;4359832.0;387338.0;340
22516;201300024975;13;11;29;2245;5;2;1;1.0;2;172;SANS, LIBERTE (AVENUE DE;M;4361178.0;382555.0;340
22517;201300024976;13;12;1;55;5;2;3;1.0;3;172;JUSTICE DE CASTELNAU (AV;M;4362684.0;388968.0;340
22518;201300024977;13;12;1;615;5;2;1;1.0;7;172;117, PALAVAS (AVENUE DE);M;4359113.0;389014.0;340
22519;201300024978;13;12;1;1125;1;2;1;1.0;7;172;0, RAVAZ (AVENUE DU PROF;M;4362228.0;384571.0;340
22520;201300024979;13;12;2;2345;5;2;2;1.0;3;172;FLAHAULT (AVENUE CHARLES;M;4362402.0;386211.0;340
22521;201300024980;13;12;3;1755;5;2;3;1.0;7;172;CARRIEU (RUE MARIUS);M;4361767.0;384339.0;340
22522;201300024981;13;12;4;840;1;2;3;1.0;3;172;MOUSSERON (RUE MAX);;;;340
22523;201300024982;13;12;4;1400;1;2;1;1.0;6;172;124, LODEVE (AVENUE DE;M;4361128.0;384708.0;340
22524;201300024983;13;12;4;1510;1;2;1;1.0;3;172;33, ASSAS (AVENUE D');M;4361502.0;386404.0;340
22525;201300024984;13;12;5;1220;1;2;3;1.0;2;172;EUROPE (AVENUE DE L');M;4362020.0;381786.0;340
22526;201300024985;13;12;5;1915;5;2;1;1.0;3;172;49, LAVERUNE (ROUTE DE;M;4360206.0;385468.0;340
22527;201300024986;13;12;5;2215;5;2;4;1.0;1;172;DEZEUZE (RUE FRANCOIS);M;4360876.0;384150.0;340
22528;201300024987;13;12;7;105;5;2;1;1.0;7;172;310, POMPIGNANE (AVENUE;M;4360908.0;389861.0;340
22529;201300024988;13;12;9;1825;5;2;1;1.0;2;172;GANGES (ROUTE DE;M;4364331.0;384444.0;340
22530;201300024989;13;12;10;650;5;2;1;1.0;6;172;sans, JUSTICE DE CASTELN;;;;340
22531;201300024990;13;12;10;1315;1;2;3;1.0;3;172;TOULOUSE (AVENUE DE;M;4559300.0;385946.0;340
22532;201300024991;13;12;10;1430;1;2;1;1.0;3;172;49, VERDANSON (QUAI DU);M;4361506.0;388235.0;340
22533;201300024992;13;12;10;1800;5;2;1;1.0;6;172;95, FAUBOURG FIGUEROLLES;M;4360564.0;386139.0;340
22534;201300024993;13;12;11;1120;1;2;3;1.0;3;172;HEIDELBERG (AVENUE DE);M;4362573.0;381297.0;340
22535;201300024994;13;12;12;1125;1;1;1;1.0;2;198;D66  VOIE RAPIDE;M;4356479.0;395797.0;340
22536;201300024995;13;12;12;1915;5;2;1;1.0;3;172;2, MOULARES (CHEMIN DE;;;;340
22537;201300024996;13;12;13;1610;1;2;1;7.0;6;129;22, LE BERNIN (AVENUE);M;4357772.0;390439.0;340
22538;201300024997;13;12;13;1745;5;2;1;8.0;3;172;CASTELLE (RUE DE LA);M;4357984.0;386912.0;340
22539;201300024998;13;12;12;1705;3;2;1;1.0;3;172;0, JOUHAUX (AVENUE LEON);M;4360608.0;382038.0;340
22540;201300025000;13;12;14;1850;3;2;1;1.0;6;129;1130, PLATANES (AVENUES;M;4358590.0;392170.0;340
22541;201300025001;13;12;14;2140;5;2;2;1.0;7;172;sans, LAVERUNE (ROUTE DE;M;4359782.0;384060.0;340
22542;201300025002;13;12;15;1335;1;2;3;1.0;7;172;PEYSON (RUE FREDERIC);M;4360133.0;387962.0;340
22543;201300025003;13;12;15;1900;5;2;1;1.0;4;172;LIBERTE (AVENUE DE LA;M;4359950.0;387109.0;340
22544;201300025004;13;12;16;1510;1;2;1;8.0;5;172;DUBOUT (AVENUE ALBERT);M;4360339.0;389049.0;340
22545;201300025005;13;12;18;800;2;2;1;2.0;3;172;MONTPELLIER (AVENUE MARI;M;4360087.0;389762.0;340
22546;201300025006;13;12;18;755;1;2;2;2.0;1;172;FAUBOURG FIGUEROLLES (RU;M;4360418.0;385835.0;340
22547;201300025007;13;12;19;1405;1;2;1;2.0;2;172;sans, MERMOZ (AVENUE JEA;M;4361235.0;388926.0;340
22548;201300025008;13;12;19;1458;1;2;1;2.0;6;172;CITADELLE (ALLEE DE LA);M;4361070.0;388300.0;340
22549;201300025009;13;12;19;1940;5;2;1;8.0;7;172;sans, POITIERS (AVENUE G;M;4363634.0;381695.0;340
22550;201300025010;13;12;20;1125;1;2;1;1.0;3;172;2177, SOULAS (AVENUE DU;M;4362805.0;384622.0;340
22551;201300025011;13;12;20;1805;5;2;1;8.0;6;172;SANS, GRASSET (AVENUE DU;M;4361944.0;386949.0;340
22552;201300025012;13;12;20;1810;5;2;1;1.0;3;172;73, DELMAS (RUE);M;4361059.0;386390.0;340
22553;201300025013;13;12;22;1350;1;2;1;8.0;6;172;HEIDELBERG (AVENUE DE);M;4362667.0;381380.0;340
22554;201300025015;13;12;26;1645;1;2;1;1.0;3;172;DUBOUT (AVENUE ALBERT);M;4359691.0;387771.0;340
22555;201300025016;13;12;27;1245;1;2;6;1.0;2;172;., FRANKLIN (ROND-POINT;M;4361822.0;391352.0;340
22556;201300025017;13;12;27;1550;1;2;1;1.0;4;172;FABRE DE MORLHON (BOULEV;M;4358869.0;388626.0;340
22557;201300025018;13;12;27;1345;1;2;1;1.0;3;172;ARQUEBUSE;M;4361360.0;388092.0;340
22558;201300025019;13;12;27;1620;1;2;3;1.0;3;172;TOIRAS (RUE);M;4360647.0;386967.0;340
22559;201300025021;13;12;31;2335;5;2;1;1.0;6;172;sans, ANTIGONE (BOULEVAR;M;4360906.0;389003.0;340
22560;201300025022;13;1;4;1620;1;2;1;7.0;6;301;0, BLANC CAMILLE (BOULEV;M;4340174.0;366209.0;340
22561;201300025024;13;2;26;2000;5;2;1;1.0;6;301;1, MOULINS (QUAI DES);M;4340866.0;370266.0;340
22562;201300025025;13;2;22;1715;1;2;1;1.0;6;108;0, MISTRAL FREDERIC (AVE;M;4344687.0;375381.0;340
22563;201300025026;13;2;27;1900;2;2;1;1.0;3;108;0, LIERLES (RUE DES);M;4342677.0;372789.0;340
22564;201300025027;13;2;28;1705;1;2;2;1.0;3;301;0, VERDUN (BOULEVARD DE);M;4341053.0;367768.0;340
22565;201300025028;13;3;11;1435;1;2;1;1.0;2;301;195, VERDUN (BOULEVARD D;M;4341100.0;367891.0;340
22566;201300025030;13;4;8;1200;1;1;1;1.0;1;301;0, RD 612;M;4333836.0;358012.0;340
22567;201300025031;13;4;13;1715;1;2;1;1.0;1;108;0, ETANGS (AV DES);M;4343568.0;376612.0;340
22568;201300025032;13;4;17;915;1;2;9;1.0;2;108;AVENUE DES EAUX BLANCHES;M;4342127.0;372387.0;340
22569;201300025033;13;4;22;2235;5;2;1;1.0;1;301;0, MENDES FRANCE PIERRE;M;4341209.0;366420.0;340
22570;201300025034;13;4;23;703;1;2;2;1.0;3;301;0, REGY PHILLIPE (QUAI);M;4340690.0;369671.0;340
22571;201300025035;13;5;1;10;3;1;1;1.0;1;108;0 RD2 Route de Balaruc;M;4343560.0;370120.0;340
22572;201300025036;13;5;8;2115;5;2;1;2.0;4;301;0, BALARUC (ROUTE DE);M;4341351.0;369446.0;340
22573;201300025037;13;5;13;1130;1;2;1;1.0;2;301;0, REPUBLIQUE (QUAI DE L;M;4340716.0;370094.0;340
22574;201300025038;13;6;7;2305;5;2;1;1.0;5;301;0, BALARUC (ROUTE DE);;;;340
22575;201300025039;13;6;14;1410;1;2;1;1.0;2;301;0, NEUBURG (CORNICHE DE);M;4339416.0;366701.0;340
22576;201300025040;13;6;26;1300;1;1;1;1.0;1;108;0, RD 612;M;4345748.0;376846.0;340
22577;201300025041;13;7;9;1005;1;2;3;1.0;3;301;0, RHIN ET DANUBE (QUAI);;;;340
22578;201300025043;13;7;17;2105;2;2;1;1.0;2;301;0, LECLERC PHILIPPE MARE;M;4339279.0;369128.0;340
22579;201300025045;13;7;25;2005;1;2;1;1.0;3;108;0, ROND POINT SALVADOR A;;;;340
22580;201300025046;13;8;1;1935;1;2;3;1.0;3;301;0, VERDUN (BOULEVARD DE);;;;340
22581;201300025047;13;8;5;1200;1;2;1;1.0;3;301;0, VERDUN (BOULEVARD DE);;;;340
22582;201300025048;13;8;11;222;5;2;1;1.0;6;108;24, VERCORS (RUE DU);;;;340
22583;201300025049;13;8;27;20;3;1;1;1.0;7;301;0, RD 612;;;;340
22584;201300025050;13;9;21;1935;2;1;1;1.0;1;301;0, BALARUC (ROUTE DE);;;;340
22585;201300025051;13;9;27;750;1;1;1;2.0;1;108;0, PRES DE ST MARTIN (CH;;;;340
22586;201300025053;13;10;12;145;3;1;3;1.0;5;301;0, EAUX BLANCHES (ZONE I;;;;340
22587;201300025054;13;10;19;2110;5;2;1;1.0;3;108;RESISTANCE (AVENUE DE LA;;;;340
22588;201300025055;13;10;23;1530;1;2;1;1.0;3;301;0, BLANC CAMILLE (BOULEV;;;;340
22589;201300025056;13;10;28;1530;1;2;1;1.0;6;301;0, BOSC (QUAI DE);;;;340
22590;201300025058;13;11;9;30;5;2;3;1.0;6;301;0, REGY PHILLIPE (QUAI);;;;340
22591;201300025060;13;12;27;2125;5;2;6;1.0;3;301;0,  DELILLE (PLACE);M;4340477.0;370098.0;340
22592;201300025061;13;12;24;1745;5;2;1;1.0;6;301;CARNOT SADI (PONT);M;4341166.0;369251.0;340
22593;201300025062;13;1;5;600;3;1;1;8.0;1;150;D 706;;;;350
22594;201300025063;13;2;8;2132;5;2;3;1.0;3;115;GROSLAY (BD DE DU N?25 A;M;4836562.0;-118437.0;350
22595;201300025064;13;2;19;1650;1;2;1;1.0;1;115;SAINT GERMAIN (BOULEVARD;;;;350
22596;201300025065;13;2;7;1435;1;2;1;1.0;6;115;24, MALARD (RUE CHARLES);M;4835197.0;-119644.0;350
22597;201300025066;13;6;10;1420;1;2;3;1.0;3;115;VERRERIE (AVENUE DE LA);M;4836088.0;-119081.0;350
22598;201300025068;13;8;31;2025;2;2;2;1.0;3;115;25, CANROBERT (RUE);M;4835096.0;-119260.0;350
22599;201300025069;13;11;9;1230;1;2;2;2.0;3;115;57, CANROBERT (RUE);M;4835101.0;-118935.0;350
22600;201300025070;13;12;12;1740;5;2;1;1.0;3;115;POMPIDOU (RUE GEORGES A;;;;350
22601;201300025071;13;12;19;1045;1;2;1;1.0;6;115;5, CHATEAUBRIAND (RUE);;;;350
22602;201300025072;13;12;19;1740;5;2;1;1.0;6;115;GORRON (ROUTE DE);M;4836588.0;-118532.0;350
22603;201300025073;13;3;18;1910;2;2;1;8.0;6;115;FEUTERIES (RUE DES);M;4835354.0;-119643.0;350
22604;201300025074;13;1;1;530;5;2;3;2.0;6;238;FOUG?RES/BRUY?RE;M;4812940.0;-164393.0;350
22605;201300025075;13;1;1;905;1;2;3;1.0;1;281;MERMOZ (BOULEVARD JEAN);M;4809609.0;-169341.0;350
22606;201300025076;13;1;6;2010;5;2;1;1.0;6;238;153, AVENUE G.PATTON;M;4812500.0;-166684.0;350
22607;201300025077;13;1;8;945;1;2;1;1.0;4;278;RN 137;;;;350
22608;201300025080;13;1;11;1325;1;2;6;1.0;6;281;0, DODIN (AVENUE ROGER);M;4807809.0;-171265.0;350
22609;201300025081;13;1;12;410;5;2;2;2.0;6;238;ARMORIQUE/G.PATTON;M;4812850.0;-166419.0;350
22610;201300025082;13;1;12;920;1;2;1;1.0;1;281;TEMPLE-DE-BLOSNE (RUE DU;M;4808987.0;-169541.0;350
22611;201300025083;13;1;12;1755;2;2;1;8.0;6;238;ALL?E D'UKRAINE;M;4808180.0;-168228.0;350
22612;201300025084;13;1;13;2325;5;2;1;1.0;6;238;30, RUE DE BREST;M;4811270.0;-169269.0;350
22613;201300025085;13;1;14;1605;1;2;1;2.0;6;238;78 AV. BUTTES DE CO?SMES;M;4812590.0;-163180.0;350
22614;201300025086;13;1;14;1715;1;2;1;3.0;6;238;16, BD LA?NNEC;M;4810830.0;-166579.0;350
22615;201300025087;13;1;16;750;5;2;6;8.0;3;281;00, DODIN (AVENUE ROGER);M;4807395.0;-171241.0;350
22616;201300025088;13;1;16;1355;1;2;2;1.0;6;238;JANVIER/TOULLIER;M;4810940.0;-167394.0;350
22617;201300025090;13;1;16;2350;5;2;5;1.0;2;238;PORTE DE CLEUNAY;M;4810240.0;-171513.0;350
22618;201300025092;13;1;20;2350;3;2;6;1.0;7;238;PORTE DE MAUREPAS;M;4814230.0;-166241.0;350
22619;201300025093;13;1;21;1155;1;2;2;2.0;6;238;MAGENTA/AUBRY;M;4810570.0;-167398.0;350
22620;201300025094;13;1;22;1000;1;2;1;3.0;6;238;PLACE DE LA TRINIT?;M;4811230.0;-168350.0;350
22621;201300025095;13;1;23;1400;1;2;1;8.0;1;238;RUE LE BASTARD;M;4811300.0;-167934.0;350
22622;201300025096;13;1;23;1930;5;2;1;1.0;4;238;12, RUE J.VALL?S;M;4810530.0;-170530.0;350
22623;201300025097;13;1;24;1635;1;2;1;1.0;3;281;15, BUHOTIERE (RUE DE LA;M;4807785.0;-173273.0;350
22624;201300025098;13;1;25;1315;1;2;7;1.0;6;278;0, DUCHESSE ANNE (RUE DE;M;4815187.0;-168375.0;350
22625;201300025099;13;1;25;2240;5;2;1;4.0;6;238;BD D'ARMORIQUE;M;4813140.0;-167249.0;350
22626;201300025100;13;1;25;1925;5;2;1;8.0;2;238;87, BD DE S?VIGN?;M;4811620.0;-166296.0;350
22627;201300025101;13;1;26;1650;1;2;3;1.0;2;238;LORIENT/RETARDAIS;M;4810670.0;-172960.0;350
22628;201300025102;13;1;29;745;2;2;1;1.0;7;238;5, RUE BAHON RAULT;M;4813190.0;-168345.0;350
22629;201300025103;13;1;29;825;1;2;1;2.0;2;238;ROCADE OUEST;M;4811530.0;-171935.0;350
22630;201300025104;13;1;29;1420;1;2;1;2.0;3;238;ROCADE SUD EXT;M;4807990.0;-168322.0;350
22631;201300025106;13;1;31;510;5;2;5;1.0;4;238;SAINT-HELIER;M;4810553.0;-166579.0;350
22632;201300025108;13;2;1;1720;4;2;1;2.0;2;238;PORTE DE BREST;M;4812170.0;-171972.0;350
22633;201300025109;13;2;1;1825;3;2;6;1.0;4;238;PORTE DE MAUREPAS;M;4814160.0;-166381.0;350
22634;201300025110;13;2;1;2150;3;1;9;1.0;6;55;PORTE DES LOGES;M;4809266.0;-162584.0;350
22635;201300025111;13;2;3;630;3;2;1;1.0;1;206;PORTE DE BR?QUIGNY;M;4807950.0;-169541.0;350
22636;201300025112;13;2;4;1630;1;2;6;1.0;3;238;B.CO?SMES/DONZELOT;M;4812230.0;-163872.0;350
22637;201300025114;13;2;5;1340;1;2;1;1.0;7;278;PORTE DE ST MALO;M;4814057.0;-168953.0;350
22638;201300025115;13;2;5;1450;1;2;1;1.0;6;238;BD DE YOUGOSLAVIE;M;4808790.0;-165408.0;350
22639;201300025116;13;2;5;1550;1;2;1;1.0;7;238;45, BOULEVARD DE CHEZY;M;4811980.0;-168341.0;350
22640;201300025117;13;2;5;1735;1;2;1;1.0;6;238;22 RUE DES FOSS?S;M;4811360.0;-167592.0;350
22641;201300025119;13;2;8;920;1;2;2;1.0;6;238;SAINT-HELIER/P.MARTIN;M;4810350.0;-166268.0;350
22642;201300025120;13;2;8;1026;1;1;1;1.0;2;55;RD 463;M;4807362.0;-157704.0;350
22643;201300025121;13;2;8;1853;5;2;6;2.0;3;238;P.LANGEVIN/O.LEROUX;M;4809140.0;-165841.0;350
22644;201300025122;13;2;9;345;5;2;2;2.0;3;238;B.SALLE/MARBEUF;M;4811450.0;-170010.0;350
22645;201300025123;13;2;11;1740;1;2;1;7.0;3;238;18 BD F.ROOSEVELT;M;4809640.0;-166013.0;350
22646;201300025125;13;2;12;1700;1;2;6;1.0;3;238;BIGNON/BREIL;M;4809680.0;-163532.0;350
22647;201300025126;13;2;13;900;1;2;2;1.0;3;238;VITR?/J.JUGAN;M;4811570.0;-164844.0;350
22648;201300025127;13;2;14;120;5;2;2;2.0;6;238;CARREFOUR NITSCH;M;4810180.0;-168433.0;350
22649;201300025128;13;2;14;805;2;2;6;1.0;2;51;PORTE DES LONGS CHAMPS;M;4814010.0;-162734.0;350
22650;201300025129;13;2;14;825;2;2;1;2.0;6;238;28, RUE DU PUITS MAUGER;M;4810580.0;-168259.0;350
22651;201300025130;13;2;14;1210;1;2;1;1.0;6;238;ALL?E V.GRIGNARD;M;4812010.0;-163175.0;350
22652;201300025131;13;2;15;1500;1;2;2;1.0;4;278;DE GAULLE (AVENUE GENERA;M;4815750.0;-168759.0;350
22653;201300025132;13;2;15;1810;1;2;1;8.0;6;238;14, RUE DU BREIL;M;4809570.0;-162633.0;350
22654;201300025133;13;2;15;2015;3;2;1;1.0;2;238;ROCADE OUEST;M;4809800.0;-171368.0;350
22655;201300025134;13;2;17;315;5;2;3;1.0;2;238;F.CH?TEAU/A.M?NARD;M;4811000.0;-165460.0;350
22656;201300025135;13;2;18;840;1;2;4;1.0;3;55;BONNIN ANDRE (AVENUE);;;;350
22657;201300025136;13;2;18;1620;1;2;3;1.0;6;238;LIBERTE/DUC;M;4810740.0;-167547.0;350
22658;201300025137;13;2;19;740;1;2;1;1.0;7;238;288, RUE DE FOUG?RES;M;4813030.0;-164033.0;350
22659;201300025139;13;2;21;830;1;2;4;1.0;3;238;MARTENOT/V.HUGO;M;4811240.0;-167327.0;350
22660;201300025140;13;2;22;1145;1;2;6;1.0;1;238;J.VALL?S/NIEMEN;M;4810500.0;-170879.0;350
22661;201300025141;13;2;22;1630;1;2;3;1.0;3;238;GALLET/X.GRALL;M;4812830.0;-164229.0;350
22662;201300025142;13;2;22;1920;5;2;1;1.0;4;238;PORTE DE CLEUNAY;M;4810490.0;-171696.0;350
22663;201300025144;13;2;23;1030;1;2;2;8.0;3;238;YOUGOSLAVIE/HONGRIE;M;4808820.0;-165745.0;350
22664;201300025145;13;2;25;220;5;2;3;1.0;6;238;L.BOURGEOIS/M.FEUILL?E;M;4809920.0;-165274.0;350
22665;201300025146;13;2;26;1753;1;2;1;1.0;7;238;19, RUE ST H?LIER;M;4810710.0;-167115.0;350
22666;201300025147;13;2;27;2000;5;2;3;1.0;2;238;V.MAREUIL/CHARDONNET;M;4810670.0;-165089.0;350
22667;201300025148;13;3;2;1515;1;2;1;8.0;6;238;32, TREGAIN (DE);M;4812663.0;-165871.0;350
22668;201300025149;13;3;2;1720;1;2;1;8.0;7;278;MAISON BLANCHE (ROND POI;;;;350
22669;201300025150;13;3;3;2120;5;2;2;1.0;3;238;LEGRAVEREND;M;4811717.0;-168083.0;350
22670;201300025151;13;3;4;1740;1;2;1;1.0;7;238;PORTE DE BEAULIEU;;;;350
22671;201300025152;13;3;6;2000;5;2;2;1.0;7;238;GUEHENNO (JEAN);M;4811831.0;-167061.0;350
22672;201300025153;13;3;7;55;5;2;3;2.0;3;238;JANVIER (AVENUE JEAN);M;4810748.0;-167342.0;350
22673;201300025154;13;3;7;845;1;2;3;2.0;3;238;ILLE ET RANCE (QUAI D');M;4811126.0;-168672.0;350
22674;201300025155;13;3;9;1610;1;2;2;1.0;5;238;3, JANVIER (AVENUE JEAN);M;4810972.0;-167395.0;350
22675;201300025156;13;3;12;1350;1;2;3;8.0;2;281;RD 177;M;4806738.0;-171443.0;350
22676;201300025157;13;3;12;1700;1;2;1;4.0;6;238;29, BREST (DE);M;4811297.0;-169507.0;350
22677;201300025158;13;3;13;835;1;2;2;8.0;6;238;44, ALMA (DE L');M;4810170.0;-167639.0;350
22678;201300025159;13;3;14;1320;1;2;1;1.0;6;238;45, STRASBOURG (BOULEVAR;M;4811308.0;-165649.0;350
22679;201300025160;13;3;14;2100;5;2;3;1.0;3;238;VALLES (JULES);M;4810522.0;-170409.0;350