;Num_Acc;an;mois;jour;hrmn;lum;agg;int;atm;col;com;adr;gps;lat;long;dep
22680;201300025161;13;3;15;2110;3;2;1;2.0;7;281;PORTE DE ST NAZAIRE;;;;350
22681;201300025162;13;3;17;1940;1;2;1;1.0;3;238;ARMORIQUE (BD D');;;;350
22682;201300025163;13;3;18;1310;1;2;7;2.0;2;238;DUGUAY TROUIN (QUAI);M;4811018.0;-168416.0;350
22683;201300025164;13;3;18;1740;1;2;3;1.0;3;238;PALESTINE (RUE DE LA);M;4811503.0;-166196.0;350
22684;201300025165;13;3;19;1010;1;2;3;1.0;3;238;MARTENOT;M;4811242.0;-167345.0;350
22685;201300025166;13;3;19;2315;5;2;3;1.0;3;238;82, SAINT-HELIER;M;4810619.0;-166730.0;350
22686;201300025168;13;3;23;1420;1;2;1;1.0;7;238;MONTS D'ARREE (AVENUE DE;;;;350
22687;201300025169;13;3;23;2105;5;2;1;1.0;7;238;45, DECOMBE (LUCIEN);M;4810472.0;-166562.0;350
22688;201300025170;13;3;24;1535;1;2;2;1.0;3;238;SAINT-MALO (DE) DE 1 A 1;M;4812709.0;-168651.0;350
22689;201300025171;13;3;24;1140;1;2;1;1.0;3;238;STRASBOURG (PASSAGE DE);;;;350
22690;201300025172;13;3;26;1850;1;2;3;1.0;6;238;CHATEAUGIRON (DE);M;4810138.0;-165390.0;350
22691;201300025174;13;3;30;2250;5;2;1;1.0;6;238;30, PICARDIE (DE);M;4812318.0;-171433.0;350
22692;201300025175;13;3;31;2110;1;2;2;1.0;3;238;SAINT-MALO (DE) DE 131 E;M;4812057.0;-168184.0;350
22693;201300025176;13;4;5;830;1;2;1;2.0;6;238;CHR PONTCHAILLOU;M;4811900.0;-169218.0;350
22694;201300025177;13;4;5;1920;1;2;1;2.0;4;238;PORTE DE BR?QIGNY;M;4808130.0;-169722.0;350
22695;201300025178;13;4;6;1630;1;2;1;1.0;6;238;RUE C.BERNARD;M;4810200.0;-169460.0;350
22696;201300025180;13;4;8;1520;1;2;3;2.0;6;238;MOINE/LE BRIX;M;4809330.0;-168190.0;350
22697;201300025181;13;4;9;750;1;2;1;2.0;3;238;16, BD J.MERMOZ;M;4809720.0;-168987.0;350
22698;201300025182;13;4;9;1800;1;2;1;1.0;6;238;24, RUE DU PR? BOTT?;M;4810930.0;-167817.0;350
22699;201300025183;13;4;11;1335;1;2;1;8.0;1;278;RD437;M;4813705.0;-169304.0;350
22700;201300025184;13;4;11;1835;1;2;1;1.0;6;238;AVENUE LECLERC;M;4811400.0;-163602.0;350
22701;201300025185;13;4;14;1045;1;2;3;1.0;2;238;L.BOURGEOIS/M.FEUILL?E;M;4809920.0;-165274.0;350
22702;201300025186;13;4;15;2140;3;2;1;1.0;3;238;ROCADE OUEST PR13-1;M;4809840.0;-171383.0;350
22703;201300025187;13;4;16;715;1;2;6;1.0;3;238;MONTS D'ARR?E/MORBIHAN;M;4813660.0;-166704.0;350
22704;201300025188;13;4;17;1230;1;2;1;7.0;7;238;AVENUE F.CH?TEAU;M;4811080.0;-164996.0;350
22705;201300025189;13;4;18;1745;1;2;1;1.0;6;238;AVENUE ROCHESTER;M;4812760.0;-165323.0;350
22706;201300025191;13;4;19;2015;1;2;3;1.0;3;238;ROBERDI?RE/SERVIGN?;M;4810240.0;-172534.0;350
22707;201300025192;13;4;20;230;5;2;1;1.0;6;238;12 RUE PAPU;M;4811110.0;-169155.0;350
22708;201300025193;13;4;20;1815;1;2;2;7.0;6;238;ARMORIQUE/GROS MALHON;M;4812790.0;-168342.0;350
22709;201300025194;13;4;20;1815;1;2;1;1.0;6;238;ROCADE SUD PR8-200;M;4808133.0;-165775.0;350
22710;201300025195;13;4;24;855;1;2;2;1.0;7;238;BREST/ILLE ET RANCE;M;4811230.0;-168725.0;350
22711;201300025196;13;4;24;1510;1;2;1;1.0;3;238;PLACE DE BRETAGNE;M;4810900.0;-168455.0;350
22712;201300025197;13;4;24;1550;1;2;3;1.0;1;238;COLOMBIER/10 ARTILLERIE;M;4810250.0;-167885.0;350
22713;201300025198;13;4;26;1240;1;2;1;1.0;3;238;32, RUE ALBERT DE MUN;M;4810010.0;-166472.0;350
22714;201300025199;13;4;26;2255;5;2;2;1.0;3;238;H.FR?VILLE/UKRAINE;M;4808370.0;-167516.0;350
22715;201300025200;13;4;28;238;5;2;1;1.0;6;238;AVENUE LECLERC;M;4811400.0;-163835.0;350
22716;201300025201;13;4;28;1005;1;2;1;1.0;3;238;PLACE H.PERRIN;M;4809530.0;-166787.0;350
22717;201300025202;13;4;28;1745;1;2;3;1.0;4;238;LORIENT/ROBERDI?RE;M;4810700.0;-172603.0;350
22718;201300025203;13;4;30;545;3;2;4;1.0;3;238;PORTE DE LORIENT;M;4810940.0;-171783.0;350
22719;201300025205;13;5;7;835;1;2;6;1.0;7;281;00, DODIN (AVENUE ROGER);M;4808655.0;-170737.0;350
22720;201300025206;13;5;8;1650;1;2;1;1.0;3;238;24 AVENUE MAGINOT;M;4810980.0;-166893.0;350
22721;201300025207;13;5;8;1740;1;2;1;1.0;2;238;AVENUE H.FR?VILLE;M;4808450.0;-167511.0;350
22722;201300025208;13;5;13;1745;1;2;3;1.0;1;238;A DE MUN/CALIORNE;M;4810050.0;-166486.0;350
22723;201300025209;13;5;14;2320;3;2;1;2.0;6;278;00, PORTE DE ST MALO;M;4813857.0;-170042.0;350
22724;201300025210;13;5;15;815;1;2;1;1.0;6;238;11, BD DE BULGARIE;M;4808470.0;-165907.0;350
22725;201300025211;13;5;15;1005;1;2;1;1.0;4;238;199, SALLE (BLD JEAN BAP;M;4811635.0;-170874.0;350
22726;201300025212;13;5;17;1535;1;2;5;1.0;2;238;MISSION (PONT DE LA);M;4810970.0;-168459.0;350
22727;201300025213;13;5;17;1645;1;2;1;1.0;6;238;RUE DE ST MALO;M;4812030.0;-168125.0;350
22728;201300025214;13;5;17;2000;1;2;3;1.0;3;238;ST H?LIER/VERGER;M;4810610.0;-166727.0;350
22729;201300025215;13;5;18;955;1;2;5;1.0;3;238;LA T.AUVERGNE/NITSCH;M;4810180.0;-168441.0;350
22730;201300025216;13;5;18;1130;1;2;3;1.0;2;238;GROS MALHON/DONELI?RE;M;4813060.0;-168448.0;350
22731;201300025218;13;5;23;805;1;2;3;7.0;3;238;ARTS/G?NIAUX;M;4811130.0;-171316.0;350
22732;201300025219;13;5;25;1800;1;2;3;1.0;3;238;MITTERRAND/PAILLETTE;M;4810970.0;-168914.0;350
22733;201300025220;13;5;26;1210;1;2;3;1.0;2;238;G.POMPIDOU/BUF?RON;M;4810000.0;-168662.0;350
22734;201300025221;13;5;28;815;1;2;3;2.0;3;238;PLANTES/FOULON;M;4811940.0;-164838.0;350
22735;201300025222;13;5;29;845;1;2;1;1.0;3;238;RUE R.DAUTRY;M;4810260.0;-167803.0;350
22736;201300025223;13;6;1;650;1;2;1;1.0;6;238;2BIS, CHATEAUGIRON (DE);M;4810171.0;-165944.0;350
22737;201300025224;13;6;1;2100;4;2;2;1.0;3;238;COLOMBIER/G.NITSCH;M;4810180.0;-168441.0;350
22738;201300025225;13;6;2;1610;1;2;1;1.0;6;278;9, DUCHESSE ANNE (RUE DE;M;4815205.0;-168403.0;350
22739;201300025226;13;6;3;745;1;2;6;1.0;6;238;BEL AIR/POTERIE;M;4809400.0;-164574.0;350
22740;201300025227;13;6;3;1405;1;2;9;1.0;7;278;11, LONGERAIE (RUE DE LA;M;4813516.0;-168918.0;350
22741;201300025228;13;6;4;15;5;2;3;1.0;3;238;C.TILLON/W.CHURCHILL;M;4812450.0;-170982.0;350
22742;201300025229;13;6;4;820;1;2;3;1.0;3;238;LORIENT/DUBOIS;M;4810600.0;-173287.0;350
22743;201300025230;13;6;5;2020;1;2;1;1.0;7;238;33, RUE MONSIEUR VINCENT;M;4809280.0;-164822.0;350
22744;201300025231;13;6;6;745;1;2;2;1.0;3;238;DANTON/LAVOISIER;M;4811710.0;-165521.0;350
22745;201300025232;13;6;7;2210;5;2;1;2.0;3;238;117, BD G.CL?MENCEAU;M;4809360.0;-167200.0;350
22746;201300025233;13;6;8;800;1;2;1;1.0;7;55;RD 163;M;4807888.0;-163348.0;350
22747;201300025234;13;6;8;826;1;2;1;1.0;7;278;00, MAISON BLANCHE  (LIE;M;4814480.0;-165697.0;350
22748;201300025235;13;6;8;1535;1;2;5;1.0;6;238;DUCHESSE ANNE/FOUG?RES;M;4811930.0;-166743.0;350
22749;201300025237;13;6;10;809;1;2;1;1.0;4;281;00, RD 177;M;4806781.0;-171402.0;350
22750;201300025238;13;6;10;1700;1;2;6;1.0;3;238;GAYEULLES/ROCHESTER;M;4812770.0;-165209.0;350
22751;201300025239;13;6;10;1815;1;2;3;1.0;6;238;G.CL?MENCEAU/NICOLET;M;4809410.0;-168000.0;350
22752;201300025240;13;6;12;1400;1;2;2;2.0;6;238;TROIS CROIX/ST MALO;M;4812720.0;-168660.0;350
22753;201300025241;13;6;13;655;1;2;1;1.0;6;238;31B, MIRABEAU;M;4812420.0;-164420.0;350
22754;201300025242;13;6;13;1210;1;2;5;2.0;2;238;PORTE D'ALMA;M;4808050.0;-167927.0;350
22755;201300025243;13;6;14;1330;1;2;1;1.0;2;281;00, DODIN (AVENUE ROGER);M;4808915.0;-170599.0;350
22756;201300025244;13;6;14;1745;1;2;2;7.0;2;238;00, TILLON (AVENUE CHARL;;;;350
22757;201300025245;13;6;15;2050;1;2;2;1.0;3;238;MARBEUF/L.GUILLOUX;M;4811200.0;-170236.0;350
22758;201300025246;13;6;17;1230;1;2;1;8.0;4;238;133 RUE DE LORIENT;M;4810710.0;-171991.0;350
22759;201300025247;13;6;17;1435;1;2;1;1.0;2;238;PORTE DE MAUREPAS;M;4814220.0;-165814.0;350
22760;201300025248;13;6;17;1600;1;2;1;1.0;6;238;220,ROUTE DE SAINTE FOIX;M;4810080.0;-172098.0;350
22761;201300025249;13;6;18;1810;1;2;5;1.0;4;238;PORTE DE BR?QUIGNY;M;4808250.0;-169736.0;350
22762;201300025250;13;6;19;135;5;2;1;1.0;7;238;85 RUE J.GU?HENNO;M;4811840.0;-166918.0;350
22763;201300025251;13;6;21;1650;1;2;2;1.0;6;238;G.CL?MENCEAU/AUDIBERT;M;4809400.0;-167745.0;350
22764;201300025252;13;6;22;310;5;2;1;1.0;6;238;2 RUE DE SAINT-MALO;M;4811550.0;-168090.0;350
22765;201300025253;13;6;24;1425;1;2;2;1.0;6;238;LIBERT?/JOFFRE;M;4810740.0;-167784.0;350
22766;201300025254;13;6;26;855;1;2;1;1.0;2;278;MAISON BLANCHE  (LIEU DI;M;4814205.0;-166156.0;350
22767;201300025255;13;6;26;930;1;2;6;1.0;2;238;PAYS-BAS/SUISSE;M;4808640.0;-166117.0;350
22768;201300025256;13;6;26;1025;1;2;2;1.0;3;238;A.LEFAS/G.ROPARTZ;M;4813050.0;-165673.0;350
22769;201300025257;13;6;26;1125;1;2;6;1.0;3;238;HAUTES OURMES/POLOGNE;M;4808770.0;-165090.0;350
22770;201300025258;13;6;27;105;5;2;3;1.0;6;238;MAGENTA/GURVAND;M;4810440.0;-167357.0;350
22771;201300025259;13;6;26;2305;5;2;1;1.0;6;238;180, BD J.CARTIER;M;4809790.0;-166546.0;350
22772;201300025260;13;6;28;1630;1;2;6;1.0;3;238;ONU/ALBERT 1ER;M;4809000.0;-168226.0;350
22773;201300025261;13;6;29;1950;1;2;5;1.0;3;238;PORTE DU BLOSNE;M;4808430.0;-164330.0;350
22774;201300025262;13;6;30;750;1;2;4;1.0;6;238;ALMA/CHATILLON;M;4810250.0;-167659.0;350
22775;201300025263;13;7;2;1830;1;2;1;8.0;3;238;14, QUAI RICHEMONT;M;4810990.0;-167186.0;350
22776;201300025264;13;7;3;2130;1;2;3;1.0;3;238;ISLY/ALLI?S;M;4810510.0;-167753.0;350
22777;201300025265;13;7;4;1200;1;2;2;1.0;3;238;L.GUILLOUX/MARBEUF;M;4811200.0;-170236.0;350
22778;201300025266;13;7;4;1425;1;2;1;1.0;6;278;00, PORTE DE ST MALO;;;;350
22779;201300025267;13;7;4;1655;1;2;1;1.0;2;238;67, RUE J.GU?HENNO;M;4811820.0;-167144.0;350
22780;201300025268;13;7;5;1444;1;2;3;1.0;3;238;00, SEVIGNE (BD DE);;;;350
22781;201300025269;13;7;5;1510;1;2;1;7.0;6;238;30, BD P.PAINLEV?;M;4812150.0;-165535.0;350
22782;201300025270;13;7;5;1745;1;2;1;1.0;4;238;ROCADE OUEST PR 14-930;M;4811500.0;-171905.0;350
22783;201300025271;13;7;6;1725;1;2;3;1.0;3;238;C.TILLON/W.CHURCHILL;M;4812450.0;-170982.0;350
22784;201300025272;13;7;7;935;1;2;3;1.0;1;238;MOU?ZY/CAMPFRANC;M;4810350.0;-165156.0;350
22785;201300025273;13;7;7;1855;1;2;5;1.0;2;238;PORTE DE LORIENT;M;4811100.0;-171838.0;350
22786;201300025274;13;7;7;2029;1;2;6;1.0;7;238;St MALO/R.COLLIN;M;4813270.0;-169125.0;350
22787;201300025275;13;7;7;2120;1;2;5;1.0;6;238;G.NITSCH (carrefour);M;4810180.0;-168441.0;350
22788;201300025276;13;7;8;935;1;2;1;1.0;6;238;11, VILLA DE MORAVIE;M;4809040.0;-165577.0;350
22789;201300025277;13;7;8;1830;1;2;5;1.0;4;238;PORTE DE CLEUNAY;M;4810240.0;-171513.0;350
22790;201300025279;13;7;10;35;5;2;1;1.0;7;238;18, RUE DE BREST;M;4811170.0;-168949.0;350
22791;201300025280;13;7;11;1820;1;2;5;1.0;2;238;PORTE DE LORIENT;M;4811030.0;-171802.0;350
22792;201300025281;13;7;12;1930;1;2;1;7.0;3;238;C.RURAL APIGN?;M;4809350.0;-174574.0;350
22793;201300025282;13;7;13;1600;1;2;2;1.0;3;238;PALESTINE/DUCHESSE ANNE;M;4811500.0;-166586.0;350
22794;201300025283;13;7;17;1250;1;2;1;1.0;7;238;99, RUE J.GU?HENNO;M;4811890.0;-166816.0;350
22795;201300025285;13;7;19;1300;1;2;3;1.0;2;238;GARE/BEAUMONT;M;4810390.0;-167342.0;350
22796;201300025286;13;7;19;1425;1;2;1;1.0;7;238;163, AVENUE G.PATTON;M;4812630.0;-166560.0;350
22797;201300025287;13;7;20;2330;5;2;1;1.0;7;238;CLEMENCEAU (BD GEORGES);M;4809390.0;-167709.0;350
22798;201300025289;13;7;22;1658;1;2;3;1.0;6;238;LIBERT?/MAGENTA;M;4810750.0;-167456.0;350
22799;201300025291;13;7;23;830;1;2;3;1.0;6;238;GROS MALHON/DONELI?RE;M;4813060.0;-168448.0;350
22800;201300025292;13;7;24;2330;5;2;1;1.0;7;281;00, DODIN (AVENUE ROGER);M;4808677.0;-170733.0;350
22801;201300025293;13;7;26;855;1;2;2;7.0;6;238;MAGENTA/AUBRY;M;4810570.0;-167398.0;350
22802;201300025294;13;7;26;910;1;2;1;1.0;3;278;00, BETTON (ROND POINT D;M;4816335.0;-167563.0;350
22803;201300025295;13;7;26;1900;1;2;1;1.0;7;238;BD P.MEND?S FRANCE;M;4809840.0;-169456.0;350
22804;201300025296;13;7;26;1925;1;2;2;1.0;2;238;ALMA/BEAUMONT;M;4810350.0;-167694.0;350
22805;201300025297;13;7;29;1925;1;2;1;1.0;2;238;00, FOULON (AVENUE PROFE;;;;350
22806;201300025298;13;7;26;1925;1;2;1;1.0;2;238;AVENUE C.FOULON;M;4812080.0;-164356.0;350
22807;201300025299;13;7;27;1740;1;2;1;2.0;6;238;19, RUE DE BREST;M;4811230.0;-169191.0;350
22808;201300025300;13;7;27;2045;1;2;2;1.0;3;238;GASCOGNE/GUYENNE;M;4812140.0;-171464.0;350
22809;201300025301;13;7;31;915;1;2;3;8.0;7;238;PAPU/P?RE LEBRET;M;4811110.0;-169720.0;350
22810;201300025302;13;8;1;245;5;2;1;1.0;6;238;95 RUE D'ANTRAIN;M;4812110.0;-167155.0;350
22811;201300025303;13;8;4;1830;1;2;1;1.0;3;238;23, BD O.LEROUX;M;4809140.0;-166968.0;350
22812;201300025304;13;8;5;1528;1;2;1;1.0;4;238;5, QUAI D'ILLE ET RANCE;M;4811070.0;-168648.0;350
22813;201300025305;13;8;7;950;1;2;6;1.0;7;55;00, LOGES (RUE DES);;;;350
22814;201300025306;13;8;8;645;1;2;1;1.0;6;281;00, DODIN (AVENUE ROGER);;;;350
22815;201300025307;13;8;8;1130;1;2;5;1.0;3;238;PORTE DE CLEUNAY;M;4809920.0;-171432.0;350
22816;201300025308;13;8;8;2200;5;2;2;1.0;3;238;A.FONTAINE/V.MAREUIL;M;4810510.0;-165047.0;350
22817;201300025309;13;8;9;105;5;2;1;1.0;1;238;11, RUE MARTENOT;M;4811250.0;-167306.0;350
22818;201300025310;13;8;9;2105;1;2;1;1.0;6;238;20, MAIL F.MITTERRAND;M;4811000.0;-168782.0;350
22819;201300025311;13;8;11;730;1;2;3;1.0;6;238;E.MOUNIER/MARBAUDAIS;M;4812530.0;-166390.0;350
22820;201300025312;13;8;17;705;1;2;2;1.0;3;238;H.FR?VILLE/UKRAINE;M;4808370.0;-167516.0;350
22821;201300025313;13;8;17;1140;1;2;5;1.0;3;238;PORTE DE LORIENT;M;4810760.0;-171594.0;350
22822;201300025314;13;8;20;1425;1;2;6;1.0;7;281;DODIN (AVENUE ROGER);;;;350
22823;201300025315;13;8;20;1730;1;2;2;1.0;3;238;DUCHESSE ANNE/S?VIGN?;M;4811630.0;-166620.0;350
22824;201300025316;13;8;21;1630;1;2;1;1.0;2;238;121, BD G.CL?MENCEAU;M;4809360.0;-167171.0;350
22825;201300025317;13;8;23;550;5;2;1;1.0;6;238;100, MITTERAND (MAIL FRA;M;4810861.0;-169620.0;350
22826;201300025319;13;8;24;1510;1;2;1;1.0;5;238;ROCADE NORD-OUEST;M;4813310.0;-170738.0;350
22827;201300025320;13;8;24;1850;1;2;2;1.0;2;281;MERMOZ (BOULEVARD JEAN);;;;350
22828;201300025321;13;8;24;1105;1;2;1;1.0;7;281;DODIN (AVENUE ROGER);;;;350
22829;201300025322;13;8;26;1900;1;2;3;1.0;2;238;A.BRIAND/R.LENOIR;M;4811030.0;-166424.0;350
22830;201300025323;13;8;26;1835;1;2;1;1.0;4;238;ROCADE OUEST PR 11;M;4808480.0;-169921.0;350
22831;201300025324;13;8;27;715;1;2;1;1.0;7;281;MARIN (RUE JEAN);;;;350
22832;201300025325;13;8;27;1200;1;2;2;1.0;6;238;A.LEFAS/G.ROPARTZ;M;4813050.0;-165673.0;350
22833;201300025326;13;9;2;2205;5;2;2;1.0;3;238;PASTEUR/DUJARDIN;M;4811020.0;-167420.0;350
22834;201300025327;13;9;4;1210;1;2;2;1.0;6;238;TRONJOLLY/LIBERT?;M;4810740.0;-168037.0;350
22835;201300025328;13;9;4;1855;1;2;1;1.0;6;238;1, AVENUE D'ITALIE;M;4808790.0;-166771.0;350
22836;201300025329;13;9;5;830;1;2;1;1.0;2;278;PORTE DE ST MALO;M;4813888.0;-169951.0;350
22837;201300025330;13;9;5;1325;1;2;1;1.0;2;238;FREVILLE (AVENUE HENRI);;;;350
22838;201300025331;13;9;5;1400;1;2;3;1.0;6;238;GASCOGNE/SQ GASCOGNE;M;4812200.0;-171463.0;350
22839;201300025332;13;9;6;1300;1;2;5;1.0;4;238;PORTE DE LORIENT;M;4810710.0;-171897.0;350
22840;201300025333;13;9;7;2010;5;2;3;1.0;3;238;ALMA/GURVAND;M;4810390.0;-167710.0;350
22841;201300025334;13;9;9;915;1;2;1;2.0;2;238;ROCADE SUD PR 8-500;M;4808120.0;-166472.0;350
22842;201300025335;13;9;9;900;1;2;1;2.0;7;238;CHEMIN DE LA PR?VALAYE;M;4809510.0;-173285.0;350
22843;201300025336;13;9;9;1035;1;2;2;1.0;3;238;MAL FOCH/ILLE ET RANCE;M;4811030.0;-168630.0;350
22844;201300025337;13;9;9;1215;1;2;3;1.0;3;238;LORIENT/BUBOIS;M;4810600.0;-173287.0;350
22845;201300025338;13;9;9;1815;1;2;1;1.0;6;238;9, AVENUE DE GUYENNE;M;4812140.0;-171605.0;350
22846;201300025340;13;9;10;1900;1;2;1;1.0;4;51;RIGOURDIERE (PORTE DE LA;M;4812639.0;-157455.0;350
22847;201300025341;13;9;10;2345;3;2;1;1.0;7;51;00, RIGOURDIERE (PORTE D;;;;350
22848;201300025342;13;9;11;1810;1;2;1;1.0;4;238;ROCADE OUEST PR 14-900;M;4811500.0;-171927.0;350
22849;201300025343;13;9;11;1925;1;2;1;1.0;4;278;00, PORTE DE BEAUREGARD;;;;350
22850;201300025344;13;9;12;600;3;2;1;2.0;7;278;00, PORTE DE ST MALO;M;4809350.0;-170912.0;350
22851;201300025345;13;9;12;828;1;2;1;2.0;7;238;50, RUE C.BERNARD;M;4809930.0;-169433.0;350
22852;201300025347;13;9;14;730;2;2;2;2.0;6;238;ST MALO/VERDUN;M;4812350.0;-168458.0;350
22853;201300025348;13;9;15;611;5;2;1;1.0;7;238;215, RUE DE ST MALO;M;4812950.0;-168876.0;350
22854;201300025349;13;9;17;1205;1;2;2;1.0;4;238;NANTES/CL?MENCEAU;M;4809470.0;-169024.0;350
22855;201300025350;13;9;20;1600;1;2;2;1.0;6;238;ALBERT 1ER/NANTES;M;4809030.0;-169219.0;350
22856;201300025351;13;9;22;1830;1;2;1;1.0;7;238;27, RUE DE LORGERIL;M;4811020.0;-169462.0;350
22857;201300025352;13;9;22;2115;4;2;1;1.0;7;278;RN 137;M;4816942.0;-171304.0;350
22858;201300025353;13;9;23;1115;1;2;1;7.0;6;238;49, MAIL F.MITTERRAND;M;4810920.0;-168992.0;350
22859;201300025354;13;9;23;1840;1;2;6;7.0;6;238;00, FORCES FRANCAISES DE;;;;350
22860;201300025355;13;9;24;1100;1;2;3;1.0;3;238;00, BELGIQUE (DE);;;;350
22861;201300025356;13;9;24;1350;1;2;1;1.0;3;238;PORTE DE LORIENT;M;4811030.0;-171802.0;350
22862;201300025357;13;9;24;1605;1;2;3;1.0;3;281;00, JAURES (COURS JEAN);;;;350
22863;201300025358;13;9;26;1125;1;2;1;1.0;3;238;275, RUE DE CH?TEAUGIRON;M;4809250.0;-162964.0;350
22864;201300025359;13;9;25;1700;1;2;3;1.0;3;238;CH?TEAUGIRON/87 DIVISION;M;4809890.0;-164511.0;350
22865;201300025361;13;9;27;1000;1;2;3;7.0;2;238;G.BERGER/J.MOULIN;M;4811870.0;-170463.0;350
22866;201300025362;13;9;27;1540;1;2;3;1.0;3;238;YOUGOSLAVIE/HONGRIE;M;4808820.0;-165745.0;350
22867;201300025363;13;9;28;130;5;2;1;1.0;6;238;12, ALL?E DE MAUREPAS;M;4812730.0;-166218.0;350
22868;201300025364;13;9;28;1115;1;2;1;1.0;2;238;53, BD DE LA T.AUVERGNE;M;4810360.0;-168435.0;350
22869;201300025365;13;9;28;1927;1;2;3;1.0;3;281;00, MENDES FRANCE (BD PI;;;;350
22870;201300025366;13;10;1;1215;1;2;2;1.0;4;238;00, CHATEAUGIRON (DE);M;4809410.0;-163435.0;350
22871;201300025367;13;10;1;1735;1;2;1;2.0;3;238;276, RUE DE FOUG?RES;M;4812880.0;-164631.0;350
22872;201300025368;13;10;1;2130;5;2;1;1.0;3;238;84, BD G.CL?MENCEAU;M;4809420.0;-168122.0;350
22873;201300025370;13;10;2;2025;3;2;5;1.0;3;238;PORTE DE NANTES;M;4808080.0;-167230.0;350
22874;201300025372;13;10;4;850;1;2;1;1.0;3;51;BOULAIS (AVENUE DE LA);M;4812129.0;-163011.0;350
22875;201300025373;13;10;4;1310;1;2;1;1.0;3;281;00, BENOIT (RUE FREDERIC;;;;350
22876;201300025374;13;10;4;1820;1;2;2;1.0;2;238;VEZIN/SAINT BRIEUC;M;4811650.0;-170992.0;350
22877;201300025375;13;10;6;610;5;2;2;1.0;3;238;J.CARTIER/CH?TILLON;M;4809780.0;-167199.0;350
22878;201300025376;13;10;7;1630;1;2;2;1.0;3;238;FOUG?RES/METZ;M;4812180.0;-166274.0;350
22879;201300025377;13;10;8;2245;5;2;5;1.0;3;238;PORTE DE LORIENT;M;4810750.0;-171646.0;350
22880;201300025378;13;10;9;1500;1;2;1;1.0;7;238;6, TILLON (AVENUE CHARLE;;;;350
22881;201300025379;13;10;9;2050;5;2;2;1.0;1;238;ST J.B.SALLE/LE GUILLOUX;M;4811450.0;-170007.0;350
22882;201300025381;13;10;10;1810;1;2;1;1.0;6;278;96, LA VICTOIRE  (LIEU D;M;4814570.0;-160760.0;350
22883;201300025382;13;10;11;925;1;2;1;3.0;3;238;RUE H.LE GUILLOUX;M;4811750.0;-169381.0;350
22884;201300025383;13;10;11;1055;1;2;6;2.0;7;238;RP F.F.ONU;M;4809000.0;-168226.0;350
22885;201300025384;13;10;12;1030;1;2;1;2.0;7;278;00, PORTE DE ST MALO;M;4813986.0;-169584.0;350
22886;201300025386;13;10;15;720;5;2;2;3.0;3;238;VANEAU/MITTERRAND;M;4810850.0;-169298.0;350
22887;201300025387;13;10;15;750;5;2;2;2.0;6;238;LEGRAVEREND/ST MALO;M;4811710.0;-168085.0;350
22888;201300025388;13;10;15;800;4;2;1;2.0;4;51;00, LONGCHAMPS (PORTE DE;M;4814144.0;-164284.0;350
22889;201300025389;13;10;15;1515;1;2;5;2.0;2;238;ARSENAL/LA T.AUVERGNE;M;4810650.0;-168451.0;350
22890;201300025390;13;10;15;1650;1;2;1;2.0;7;51;RD96;;;;350
22891;201300025391;13;10;16;1350;1;2;3;8.0;2;238;ARMORIQUUE/TAURELLERIE;M;4813070.0;-167649.0;350
22892;201300025392;13;10;16;2150;5;2;3;1.0;6;238;ISLY/ALLI?S;M;4810510.0;-167753.0;350
22893;201300025393;13;10;17;1047;1;2;3;1.0;6;238;VERN/VOUZIERS;M;4810070.0;-165892.0;350
22894;201300025394;13;10;18;135;5;2;1;1.0;6;238;30, RUE DE BREST;M;4811280.0;-169266.0;350
22895;201300025395;13;10;18;2230;3;2;1;1.0;7;55;00, RD 463;;;;350
22896;201300025396;13;10;19;615;5;2;1;8.0;6;238;16, RUE CDT CHARCOT;M;4811690.0;-169326.0;350
22897;201300025399;13;10;22;935;1;2;1;1.0;7;278;00, TROIS EPINES  (LIEU;M;4813886.0;-169949.0;350
22898;201300025400;13;10;22;1815;1;2;2;8.0;3;238;PATTON/ROCHESTER;M;4812850.0;-166415.0;350
22899;201300025401;13;10;22;1940;5;2;1;2.0;3;238;18, RUE F.DE LESSEPS;M;4810250.0;-170763.0;350
22900;201300025402;13;10;22;1935;5;2;5;3.0;3;238;PORTE D'ALMA;M;4808140.0;-167545.0;350
22901;201300025403;13;10;23;1120;1;2;1;1.0;6;238;30, PLACE DES LICES;M;4811290.0;-168389.0;350
22902;201300025404;13;10;23;1830;1;2;1;1.0;2;278;MAISON BLANCHE  (LIEU DI;M;4814111.0;-168278.0;350
22903;201300025405;13;10;24;840;1;2;2;1.0;3;238;O.LEROUX/BINQUENAIS;M;4809140.0;-166750.0;350
22904;201300025407;13;10;28;1255;1;2;3;1.0;3;238;W.CHURCHILL/BOURBONNAIS;M;4812050.0;-170845.0;350
22905;201300025408;13;10;28;1815;5;2;1;1.0;6;238;5, RUE DE SU?DE;M;4808670.0;-167779.0;350
22906;201300025409;13;10;29;845;1;2;5;1.0;3;238;PORTE DE LORIENT;M;4810710.0;-171897.0;350
22907;201300025410;13;10;29;1145;1;2;1;1.0;6;238;151, AVENUE LECLERC;M;4811466.0;-165538.0;350