;Num_Acc;an;mois;jour;hrmn;lum;agg;int;atm;col;com;adr;gps;lat;long;dep
22908;201300025411;13;10;29;1440;1;2;5;1.0;4;238;PORTE DE LORIENT;M;4810750.0;-171646.0;350
22909;201300025412;13;10;29;2040;4;2;1;1.0;3;278;00, RD 137;;;;350
22910;201300025413;13;10;30;1430;1;2;1;1.0;6;281;256, NANTES (RUE DE);;;;350
22911;201300025414;13;10;30;2205;3;2;1;1.0;7;278;00, LAUNAY  (LIEU DIT LE;;;;350
22912;201300025415;13;10;31;920;1;2;1;1.0;3;238;73, BD DE LA T.AUVERGNE;M;4810240.0;-168431.0;350
22913;201300025416;13;10;31;1220;1;2;1;2.0;5;238;00, GROS MALHON (AVENUE);;;;350
22914;201300025417;13;10;31;1835;5;2;2;2.0;6;238;C.TILLON/W.CHURCHILL;M;4812450.0;-170982.0;350
22915;201300025418;13;10;31;1750;3;2;5;2.0;4;238;PORTE DE BR?QUIGNY;M;4808170.0;-169764.0;350
22916;201300025420;13;11;3;1840;3;2;5;1.0;2;238;PORTE DE NANTES;M;4807780.0;-167458.0;350
22917;201300025422;13;11;6;1430;1;2;3;1.0;7;278;00, GAULLE (RUE DU GAL D;M;4815200.0;-168606.0;350
22918;201300025423;13;11;5;1130;1;2;1;2.0;7;278;00, D 175;;;;350
22919;201300025424;13;11;5;1351;1;2;1;1.0;6;238;AVENUE DE LA VISTULE;M;4808550.0;-164896.0;350
22920;201300025425;13;11;6;810;1;2;1;2.0;6;238;29, AVENUE C.FOULON;M;4812130.0;-164217.0;350
22921;201300025427;13;11;7;1730;5;2;1;2.0;6;238;12, QUAI DUGUAY TROUIN;M;4811020.0;-168163.0;350
22922;201300025428;13;11;7;2000;5;2;5;2.0;6;238;ROOSEVELT/LANGEVIN;M;4809730.0;-165780.0;350
22923;201300025429;13;11;8;535;5;2;2;2.0;7;238;STRASBOURG/PARIS;M;4811460.0;-165704.0;350
22924;201300025430;13;11;8;1305;1;2;6;1.0;7;55;00, RD 163;M;4807813.0;-163214.0;350
22925;201300025431;13;11;8;1455;1;2;1;1.0;4;238;ROCADE OUEST PR14-700;M;4811550.0;-171940.0;350
22926;201300025432;13;11;9;1120;1;2;6;2.0;2;51;00, DEZERSEUL (BOULEVARD;M;4811865.0;-160098.0;350
22927;201300025433;13;11;10;800;3;2;5;2.0;2;238;PORTE DE BREST;M;4812270.0;-171925.0;350
22928;201300025434;13;11;13;750;5;2;3;1.0;3;281;00, MERMOZ (BOULEVARD JE;;;;350
22929;201300025435;13;11;13;840;1;2;2;1.0;3;238;PUITS JACOB/NANTES;M;4809810.0;-168788.0;350
22930;201300025436;13;11;13;840;1;2;2;1.0;6;238;POTERIE/J.PONTAILL?;M;4809450.0;-164646.0;350
22931;201300025437;13;11;14;120;3;2;1;1.0;6;238;ROUTE DES CHAMPS R?TIS;M;4813460.0;-171287.0;350
22932;201300025438;13;11;14;1100;1;2;3;3.0;3;238;GROS MALHON/LENOIR;M;4812230.0;-168185.0;350
22933;201300025439;13;11;14;1149;1;2;1;1.0;6;51;00, METAIRIES (BOULEVARD;;;;350
22934;201300025440;13;11;14;1350;1;2;5;7.0;6;238;PORTE DE VILLEJEAN;M;4812490.0;-171865.0;350
22935;201300025441;13;11;14;1209;1;2;1;8.0;1;238;RUE F.D.ROULIN;M;4813630.0;-166999.0;350
22936;201300025442;13;11;14;2010;5;2;5;2.0;3;238;A.D?SILLES/TIERCELIN;M;4809990.0;-168228.0;350
22937;201300025443;13;11;15;745;3;2;1;2.0;4;278;00, RD 137;;;;350
22938;201300025444;13;11;15;1920;5;2;1;1.0;4;238;38, BD CL?MENCEAU;M;4809450.0;-168683.0;350
22939;201300025445;13;11;16;1410;1;2;3;1.0;3;238;00, TREGAIN (DE);;;;350
22940;201300025446;13;11;16;1802;5;2;1;1.0;1;238;7, RUE DE CH?TEAUGIRON;M;4810170.0;-165914.0;350
22941;201300025447;13;11;16;2130;5;2;4;1.0;4;238;VERN/CH?TEAUGIRON;M;4810200.0;-166016.0;350
22942;201300025448;13;11;17;2130;5;2;3;1.0;6;238;YOUGOSLAVIE/GALICIE;M;4808760.0;-165384.0;350
22943;201300025450;13;11;18;1840;5;2;1;1.0;3;238;19, QUAI ILLE ET RANCE;M;4811170.0;-168698.0;350
22944;201300025451;13;11;19;1800;3;2;5;1.0;4;238;PORTE DE LORIENT;M;4811100.0;-171838.0;350
22945;201300025452;13;11;19;2040;5;2;2;1.0;6;238;GUYENNE/ANJOU;M;4812140.0;-171346.0;350
22946;201300025454;13;11;20;1055;1;2;5;1.0;3;238;BRETAGNE/LAMENNAIS;M;4810970.0;-168459.0;350
22947;201300025455;13;11;20;1810;5;2;3;2.0;2;238;PARIS/LENOIR;M;4811270.0;-166464.0;350
22948;201300025456;13;11;21;810;2;2;2;3.0;6;238;LA T.AUVERGNE/P.MAUGER;M;4810550.0;-168464.0;350
22949;201300025457;13;11;21;1820;3;2;1;2.0;2;278;00, RD 137;;;;350
22950;201300025458;13;11;21;1930;3;2;1;8.0;4;278;00, RD 137;;;;350
22951;201300025459;13;11;22;1240;1;2;1;1.0;7;51;00, BEAULIEU (PORTE DE);;;;350
22952;201300025460;13;11;25;1710;1;2;3;1.0;6;238;SUISSE/ITALIE;M;4808660.0;-166869.0;350
22953;201300025461;13;11;25;1830;1;2;1;1.0;4;281;00, PORTE DE ST NAZAIRE;;;;350
22954;201300025462;13;11;26;845;1;2;1;1.0;7;55;00, HALLOUVRY (RUE D');;;;350
22955;201300025463;13;11;26;1020;1;2;3;1.0;6;238;VERN/A.THOMAS;M;4809530.0;-165068.0;350
22956;201300025464;13;11;26;1300;1;2;1;1.0;3;238;104, RUE DE ST BRIEUC;M;4811580.0;-170884.0;350
22957;201300025465;13;11;27;810;5;2;5;1.0;3;238;BREST/LE GUILLOUX;M;4811450.0;-170007.0;350
22958;201300025467;13;11;28;1920;5;2;3;1.0;6;238;VERDUN/J.OG?E;M;4811980.0;-168795.0;350
22959;201300025468;13;11;29;1300;1;2;1;8.0;3;238;9, RUE DU CLOS COURTEL;M;4812570.0;-162814.0;350
22960;201300025469;13;12;1;1345;1;2;1;1.0;7;238;PK SQ A.ROU?RIE;M;4812850.0;-166272.0;350
22961;201300025470;13;12;2;2320;5;2;1;1.0;3;238;PORTE DE VILLEJEAN;M;4812440.0;-171332.0;350
22962;201300025471;13;12;3;1545;1;2;1;1.0;6;238;24, BOULEVARD VOLTAIRE;M;4810500.0;-169558.0;350
22963;201300025472;13;12;4;158;5;2;5;1.0;3;238;G.PATTON/ST LAURENT;M;4813850.0;-165858.0;350
22964;201300025473;13;12;4;1817;3;2;1;1.0;4;238;ROCADE OUEST EXT?RIEURE;M;4811170.0;-171852.0;350
22965;201300025474;13;12;4;1945;5;2;1;1.0;6;238;51, RUE DE LA PALESTINE;M;4811500.0;-166328.0;350
22966;201300025475;13;12;5;1610;2;2;3;1.0;6;238;ALMA/ALLI?S;M;4810510.0;-167753.0;350
22967;201300025476;13;12;7;1410;1;2;2;1.0;3;238;PAPEGAULT/CLOS COURTEL;M;4812970.0;-163073.0;350
22968;201300025477;13;12;9;740;3;2;1;1.0;3;281;00, MERMOZ (BOULEVARD JE;;;;350
22969;201300025478;13;12;9;740;1;2;1;8.0;3;51;00, CHAPELLE (LIEU-DIT L;;;;350
22970;201300025479;13;12;9;1325;1;2;1;1.0;3;238;120, RUE DE FOUG?RES;M;4812160.0;-166317.0;350
22971;201300025480;13;12;10;1953;5;2;1;1.0;7;238;13, RUE J.L?ONARD;M;4813050.0;-169204.0;350
22972;201300025482;13;12;11;1900;5;2;1;1.0;3;51;3bis, FONTAINE (AVENUE D;;;;350
22973;201300025483;13;12;11;1930;5;2;3;1.0;3;238;LECLERC/BEAUMARCHAIS;M;4811460.0;-165579.0;350
22974;201300025484;13;12;12;600;5;2;3;1.0;6;238;JANVIER/DESCARTES;M;4810700.0;-167329.0;350
22975;201300025485;13;12;12;1445;1;2;1;2.0;7;238;13, RUE O.DE GOUGES;M;4812970.0;-170150.0;350
22976;201300025486;13;12;13;1715;5;2;1;8.0;2;238;BD ST J.B. DE LA SALLE;M;4811490.0;-170152.0;350
22977;201300025487;13;12;14;2150;5;2;2;1.0;3;238;P.MARTIN/ST H?LIER;M;4810350.0;-166268.0;350
22978;201300025488;13;12;14;2330;5;2;1;1.0;1;238;47 RUE DE SAINT-MALO;M;4811770.0;-168081.0;350
22979;201300025489;13;12;16;810;1;2;1;1.0;2;238;2, QUAI SAINT CAST;M;4811060.0;-168576.0;350
22980;201300025490;13;12;16;1200;1;2;2;1.0;3;238;M.BR?LON/ARMORIQUE;M;4813150.0;-167260.0;350
22981;201300025491;13;12;16;1525;3;2;1;8.0;7;55;00, RD 163;;;;350
22982;201300025492;13;12;17;1900;5;2;1;1.0;6;278;00, ETANG DU DIABLE (RUE;;;;350
22983;201300025494;13;12;18;1200;1;2;1;1.0;6;238;134, AVENUE LECLERC;M;4811400.0;-163700.0;350
22984;201300025495;13;12;18;1530;1;2;1;1.0;6;278;00, ROBIQUETTE  (LIEU DI;M;4813573.0;-169553.0;350
22985;201300025496;13;12;18;1633;1;2;1;1.0;6;238;PK PISCINE ALBERT 1ER;M;4808960.0;-168988.0;350
22986;201300025497;13;12;19;1400;1;2;3;1.0;3;238;PAYS BAS/PORTUGAL;M;4808350.0;-166098.0;350
22987;201300025498;13;12;20;1300;1;2;1;1.0;6;238;RUE BAHON RAULT;M;4813180.0;-168344.0;350
22988;201300025499;13;12;20;1813;3;2;5;2.0;4;238;PORTE DE MAUREPAS;M;4814220.0;-165814.0;350
22989;201300025500;13;12;20;1930;5;2;3;1.0;6;238;PAYS BAS/PORTUGAL;M;4808350.0;-166098.0;350
22990;201300025501;13;12;20;1941;5;2;3;1.0;3;238;270, FOUGERES (ROUTE DE);;;;350
22991;201300025502;13;12;20;1315;1;1;1;1.0;7;278;00, RD 137;;;;350
22992;201300025503;13;12;21;1225;1;2;3;1.0;1;55;00, RD 463;;;;350
22993;201300025504;13;12;21;2010;5;2;1;3.0;3;238;288, RUE DE FOUG?RES;M;4813010.0;-164105.0;350
22994;201300025505;13;12;21;2210;5;2;1;2.0;6;238;15, RUE DE CH?TEAUGIRON;M;4810200.0;-165819.0;350
22995;201300025508;13;12;24;1545;1;2;1;1.0;6;278;00, PORTE DE ST MALO;;;;350
22996;201300025509;13;12;27;725;5;2;6;2.0;6;238;BOIS LABB?/CUCILL?;M;4812810.0;-170319.0;350
22997;201300025510;13;12;27;635;5;2;3;2.0;6;238;MARBEUF/GUICHEN;M;4811140.0;-170335.0;350
22998;201300025511;13;12;27;1010;1;2;6;3.0;2;238;PORTE DU BLOSNE;M;4808460.0;-164324.0;350
22999;201300025512;13;12;27;2005;5;2;3;2.0;2;238;VERN/A.THOMAS;M;4809530.0;-165068.0;350
23000;201300025513;13;12;28;930;1;2;5;1.0;7;238;PORTE D'ANGERS;M;4808190.0;-164664.0;350
23001;201300025514;13;12;29;1000;1;2;3;1.0;6;238;F.LIBRES/J.MILON;M;4810530.0;-166870.0;350
23002;201300025515;13;12;31;2000;5;2;2;8.0;3;238;L.GUILLOUX/MARBEUF;M;4811200.0;-170236.0;350
23003;201300025516;13;5;4;1215;1;2;1;1.0;7;93;29, CAQUOT ALBERT (AVENU;M;4862184.0;-204548.0;350
23004;201300025517;13;8;12;130;5;2;6;1.0;3;93;40, VILLOU ( BOULEVARD D;M;4862769.0;-207414.0;350
23005;201300025518;13;8;7;1440;1;2;3;1.0;3;93;00, FEART (BOULEVARD);;;;350
23006;201300025519;13;9;24;1811;1;2;1;1.0;3;241;00, D168;;;;350
23007;201300025520;13;1;8;1700;1;2;2;1.0;1;288;19, MOKA (AVENUE DE);M;4865556.0;-200430.0;350
23008;201300025521;13;1;10;1030;1;2;1;1.0;6;288;13, TALARDS (BOULEVARD D;M;4864579.0;-200841.0;350
23009;201300025523;13;1;26;1450;1;2;6;1.0;6;288;0, TRIQUERVILLE JEAN-PIE;M;4864065.0;-199953.0;350
23010;201300025524;13;2;1;1646;1;2;1;1.0;3;241;rue des artisans;M;4860801.0;-205445.0;350
23011;201300025525;13;2;7;830;1;2;1;1.0;3;288;0, MOKA (AVENUE DE);M;4865305.0;-200325.0;350
23012;201300025526;13;2;23;1605;1;2;3;1.0;3;288;SILLON (DU) CHAUSSEE;M;4865214.0;-201717.0;350
23013;201300025528;13;4;25;930;1;2;1;1.0;6;288;42, MARVILLE (AVENUE DE);M;4864326.0;-200408.0;350
23014;201300025529;13;5;15;1610;1;2;6;1.0;6;288;0, COQUELIN ( SQUARE JEA;M;4864707.0;-200789.0;350
23015;201300025530;13;5;28;1645;1;1;1;1.0;6;241;000, D168;M;4861728.0;-202902.0;350
23016;201300025531;13;3;14;1210;1;2;1;1.0;2;288;0, KENNEDY JOHN (AVENUE);M;4866650.0;-198622.0;350
23017;201300025532;13;3;31;1749;1;2;3;1.0;3;288;0, COUBERTIN PIERRE (RUE;M;4864031.0;-200197.0;350
23018;201300025533;13;6;15;1805;1;2;1;1.0;2;288;DUGUAY-TROUIN (QUAI);M;4865146.0;-201833.0;350
23019;201300025534;13;6;22;1957;1;1;1;1.0;6;241;0.0, BARRAGE DE LA RANCE;M;4861664.0;-202963.0;350
23020;201300025535;13;7;3;943;1;2;1;1.0;6;288;0.0, DEPORTES (BOULEVARD;M;4865766.0;-197201.0;350
23021;201300025536;13;7;2;2030;1;2;6;2.0;1;288;0, CASSIN RENE (ROND POI;M;4862163.0;-199319.0;350
23022;201300025537;13;6;1;1446;1;2;3;1.0;3;93;Bd du Villou;M;4862439.0;-206771.0;350
23023;201300025538;13;7;10;1130;1;2;1;1.0;3;288;26, BOTRELTHEODORE (BOUL;M;4865282.0;-200535.0;350
23024;201300025540;13;7;12;1544;1;2;1;7.0;6;43;rue de la Grassinais;M;4862429.0;-198690.0;350
23025;201300025541;13;8;1;1415;1;2;1;1.0;2;241;0, D168;M;4861328.0;-205370.0;350
23026;201300025542;13;8;5;1750;1;2;1;1.0;6;288;7, SABLONS (DES BAS) RUE;;;;350
23027;201300025543;13;7;16;1050;1;2;6;1.0;3;288;00, REPUBLIQUE (BOULEVAR;M;4864725.0;-200856.0;350
23028;201300025544;13;9;15;1545;1;2;1;1.0;6;288;0, KENNEDY JOHN (AVENUE);;;;350
23029;201300025545;13;9;18;1145;1;2;1;2.0;6;288;0, CHATEAUBRIAND (BOULEV;M;4865848.0;-199490.0;350
23030;201300025546;13;9;24;1811;1;2;2;1.0;3;241;;M;4861378.0;-203655.0;350
23031;201300025547;13;10;17;730;3;2;1;8.0;6;288;MIRIEL (RUE);M;4864855.0;-199980.0;350
23032;201300025548;13;10;28;1135;1;2;1;1.0;6;288;86, VILLE PEPIN (RUE);M;4863344.0;-201258.0;350
23033;201300025549;13;10;28;1650;1;2;1;1.0;6;288;0, JAURES JEAN (AVENUE);M;4864851.0;-200495.0;350
23034;201300025550;13;11;20;1815;5;2;3;2.0;6;93;00, REPUBLIQUE  (PLACE D;M;4863348.0;-205676.0;350
23035;201300025551;13;10;4;1020;1;2;1;7.0;2;93;20, RENAN ERNEST (RUE);M;4864956.0;-200593.0;350
23036;201300025553;13;12;26;425;3;2;1;1.0;7;241;000, D168;M;4861465.0;-203246.0;350
23037;201300025554;13;1;2;1550;1;2;6;1.0;3;159;RD943 ROUTE DE MONTLUCON;M;4679580.0;173213.0;360
23038;201300025555;13;1;24;1620;1;2;1;8.0;3;44;11 AV DE LATTRE DE TASSI;M;4679770.0;171843.0;360
23039;201300025556;13;6;11;1620;1;2;1;1.0;6;63;24 RUE DES MACONS;M;4683020.0;170564.0;360
23040;201300025557;13;2;18;1200;1;2;1;1.0;7;44;78 RUE DES MADRONS;M;4680210.0;166419.0;360
23041;201300025558;13;1;11;1525;1;1;1;1.0;2;63;RD 956.;M;4687100.0;166092.0;360
23042;201300025559;13;1;14;750;2;1;6;1.0;3;44;PL LAFAYETTE/AV LEMOINE.;M;4681440.0;169661.0;360
23043;201300025560;13;1;16;1328;1;2;6;1.0;3;44;MALLET STEVEN/MONTAIGNE.;M;4679310.0;171127.0;360
23044;201300025561;13;3;25;1750;1;1;1;1.0;5;63;RD 956;M;4684430.0;168317.0;360
23045;201300025562;13;1;18;1620;1;2;1;8.0;6;44;18 AV DE LA CHATRE.;M;4680980.0;170243.0;360
23046;201300025563;13;1;18;1745;2;1;1;2.0;7;202;ROUTE DEPARTEMENTALE 943;M;4683100.0;161659.0;360
23047;201300025564;13;1;18;1750;2;1;1;9.0;7;63;52 RUE DE BOISLARGE;M;4683700.0;170218.0;360
23048;201300025566;13;5;2;1245;1;2;1;8.0;6;44;19 BD DE CLUIS;M;4680810.0;170378.0;360
23049;201300025567;13;1;25;1647;1;2;1;1.0;4;44;57 RUE LEMOINE LENOIR.;M;4681030.0;169266.0;360
23050;201300025568;13;1;29;1400;1;2;1;1.0;7;44;60 RUE P GAULTIER;M;4680700.0;169563.0;360
23051;201300025569;13;2;3;510;5;2;1;1.0;6;44;78 RUE DU 3EME RAC;M;4681930.0;170784.0;360
23052;201300025570;13;2;22;1214;1;1;6;1.0;7;63;GIRATOIRE FREESBEE;M;4685220.0;170064.0;360
23053;201300025571;13;2;25;1910;5;1;6;1.0;2;63;RP GRD VERGER/RN151;M;4684550.0;170895.0;360
23054;201300025572;13;5;16;1815;1;2;2;1.0;3;63;PL REPUBLIQUE/AV DE GAUL;M;4682680.0;170124.0;360
23055;201300025574;13;3;4;1656;1;2;1;1.0;2;44;300 AVENUE DE VERDUN;M;4679370.0;169963.0;360
23056;201300025575;13;5;30;1215;1;1;2;3.0;3;63;VC/CR DIT DU BRELAY;M;4683480.0;167750.0;360
23057;201300025576;13;6;12;5;5;1;6;1.0;7;63;RD920 R P MARTINERIE;M;4682040.0;173601.0;360
23058;201300025577;13;6;19;1504;1;2;3;1.0;6;63;1 BIS AV DE GAULLE/ZOLA;M;4682540.0;170050.0;360
23059;201300025578;13;6;21;745;1;2;6;1.0;3;44;76 AV BLOIS/RP GERBAULT;M;4682010.0;168424.0;360
23060;201300025579;13;6;22;1425;1;1;2;1.0;3;202;VC/CHEMIN ST CYRAN;M;4682290.0;165650.0;360
23061;201300025580;13;6;26;1020;1;2;1;1.0;6;44;148 BIS AVENUE DE BLOIS;M;4682600.0;168152.0;360
23062;201300025581;13;7;6;155;3;1;3;1.0;3;202;VC/RD67;M;4676630.0;167076.0;360
23063;201300025582;13;3;15;800;2;2;1;1.0;2;44;57 AVENUE KENNEDY;M;4680200.0;169223.0;360
23064;201300025583;13;3;15;2000;5;1;1;1.0;6;63;5 AV GEORGES HENNEQUIN;M;4685160.0;170522.0;360
23065;201300025584;13;3;16;915;1;2;6;1.0;2;44;ROND POINT DE LA BRENNE;M;4680790.0;167719.0;360
23066;201300025585;13;3;18;1133;1;1;3;1.0;3;63;ALLEE DE LA FERME/RD956;M;4685490.0;166821.0;360
23067;201300025587;13;3;22;1948;1;2;1;1.0;2;44;122 AVENUE DE LA CHATRE;M;4680750.0;170737.0;360
23068;201300025589;13;8;22;1315;1;2;1;1.0;3;63;96 ROUTE D'ISSOUDUN;M;4682810.0;170757.0;360
23069;201300025590;13;9;4;1137;1;2;1;1.0;6;44;2 PLACE GAMBETTA;M;4681240.0;169661.0;360
23070;201300025591;13;9;5;2145;5;2;2;1.0;3;44;BD MOULIN NEUF/BELLE RIV;M;4681900.0;168714.0;360
23071;201300025592;13;9;6;1915;1;2;1;1.0;6;44;13 RUE DE LA POSTE;M;4681000.0;169400.0;360
23072;201300025593;13;9;14;1830;1;1;1;8.0;2;202;73 AVENUE D'OCCITANIE;M;4678440.0;165606.0;360
23073;201300025594;13;9;22;1000;1;2;1;1.0;3;44;154 RTE DE CHATELLERAULT;M;4680490.0;169907.0;360
23074;201300025595;13;3;29;2230;5;2;1;1.0;7;63;66 ROUTE D'ISSOUDUN;M;4682700.0;170502.0;360
23075;201300025596;13;3;30;1609;1;1;1;1.0;7;202;RD 920 BOIS DE LA LIENNE;M;4674770.0;162427.0;360
23076;201300025597;13;10;2;715;5;2;3;1.0;2;63;PL CARNOT/RTE ISSOUDUN;M;4682690.0;170470.0;360
23077;201300025598;13;10;6;715;2;2;1;8.0;6;44;118 AVENUE DES MARINS;M;4680920.0;168180.0;360
23078;201300025599;13;10;5;1537;1;2;1;1.0;6;44;30 RUE VICTOR HUGO;M;4681130.0;169340.0;360
23079;201300025600;13;10;3;1705;1;2;1;1.0;6;44;84 BD DE BRYAS;M;4681170.0;170660.0;360
23080;201300025601;13;4;5;1624;1;1;1;2.0;7;202;ROUTE DE CHATELLERAULT;;;;360
23081;201300025603;13;11;1;1615;1;2;1;1.0;3;44;4 BD BLAISE PASCAL;M;4679880.0;171256.0;360
23082;201300025604;13;4;10;644;2;1;1;1.0;7;63;ROUTE NATIONALE 151;M;4684620.0;170754.0;360
23083;201300025605;13;4;11;1744;1;2;1;3.0;6;44;320 AV DE LA CHATRE;M;4680300.0;171599.0;360
23084;201300025606;13;11;11;915;1;2;1;1.0;6;44;6 RUE DU 8 MAI 1945;M;4680430.0;170047.0;360
23085;201300025607;13;11;15;1649;1;2;1;1.0;6;44;36 RUE DES ETATS UNIS;M;4681510.0;169874.0;360
23086;201300025608;13;4;12;1433;1;1;1;1.0;7;159;ROUTE DE MONTLUCON RD943;M;4678850.0;175392.0;360
23087;201300025609;13;11;21;1800;4;2;1;8.0;6;44;265 AVENUE DE VERDUN;M;4679610.0;169900.0;360
23088;201300025610;13;4;14;2135;5;1;1;2.0;7;202;ROUTE DE CHATELLERAULT;;;;360
23089;201300025611;13;4;16;2030;2;2;1;9.0;2;44;14 PLACE ST CHRISTOPHE;M;4681650.0;168450.0;360
23090;201300025612;13;4;18;1730;1;2;1;1.0;6;44;PLACE DU LIMOUSIN;M;4680300.0;167800.0;360
23091;201300025613;13;12;21;1110;1;2;1;1.0;3;44;112 RUE DE NOTZ;M;4680150.0;168476.0;360
23092;201300025614;13;4;22;1800;1;2;1;1.0;6;44;AVENUE MARCEL LEMOINE;;;;360
23093;201300025615;13;4;24;1221;1;2;1;1.0;2;159;151 AVENUE DE LA FORET;M;4677100.0;171299.0;360
23094;201300025616;13;4;24;1650;1;2;1;1.0;6;44;122 BD SAINT DENIS;M;4680740.0;170265.0;360
23095;201300025617;13;4;25;1141;1;2;6;1.0;3;44;ROUTE DEPARTEMENTALE 920;M;4679170.0;171203.0;360
23096;201300025618;13;4;26;1700;1;2;1;3.0;3;44;AV D'ARGENTON/OCCITANIE;M;4679430.0;166404.0;360
23097;201300025620;13;4;29;1039;1;2;1;1.0;3;159;54 BIS AV DE LA FORET;M;4676500.0;171793.0;360
23098;201300025621;13;5;2;1830;1;2;2;1.0;3;44;12 BDCHARMILLES/LA BOETI;M;4680040.0;171644.0;360
23099;201300025622;13;5;4;1030;1;2;1;1.0;6;44;RUE DIDEROT;M;4681040.0;169181.0;360
23100;201300025623;13;5;7;1720;1;1;2;1.0;3;44;BD PASCAL/RUE VERLAINE;M;4679950.0;171440.0;360
23101;201300025624;13;5;10;1055;1;2;1;8.0;6;44;ALLEE VALENTIN HAUY;M;4681150.0;169636.0;360
23102;201300025625;13;5;30;1440;1;2;1;8.0;3;44;ALLEE DES GRANDS CHAMPS;M;4679590.0;169552.0;360
23103;201300025626;13;5;30;1738;1;2;1;2.0;7;44;185 AV DES MARINS;M;4680830.0;167810.0;360
23104;201300025627;13;6;7;1945;1;2;1;1.0;6;44;RUE DES AUBRAYS;M;4680180.0;169666.0;360
23105;201300025628;13;6;13;1755;1;2;1;2.0;7;44;27 BD BLAISE PASCAL;M;4679810.0;171300.0;360
23106;201300025630;13;6;20;1630;1;2;1;1.0;7;63;RUE S REBRIOUX;M;4684140.0;170353.0;360
23107;201300025631;13;6;21;1451;1;1;1;1.0;2;44;5 AV BERNARD LOUVET;M;4680330.0;170331.0;360
23108;201300025632;13;6;23;1114;1;2;1;1.0;2;44;GEORGES COURTELINE;M;4680410.0;171064.0;360
23109;201300025633;13;6;23;1915;1;1;1;1.0;7;159;90 ROUTE DEPARTEMENTALE;M;4676810.0;171527.0;360
23110;201300025634;13;6;24;1720;1;1;1;1.0;2;63;RD 925;M;4682000.0;173346.0;360
23111;201300025635;13;6;27;1214;1;1;1;1.0;6;159;15 ROUTE DE VARENNES;;;;360
23112;201300025636;13;6;29;1743;1;2;1;1.0;6;44;RUE VICTOR HUGO;M;4681160.0;169410.0;360
23113;201300025637;13;7;4;2025;1;2;1;1.0;3;44;RUE DES ETATS UNIS;M;4681660.0;170160.0;360
23114;201300025638;13;7;12;1730;1;1;6;1.0;2;63;GIRATOIRE DE BLOIS;M;4684250.0;167390.0;360
23115;201300025639;13;7;15;1242;1;2;1;1.0;7;44;DE MUSSET/NOAILLES;M;4679180.0;171890.0;360
23116;201300025640;13;7;17;2300;3;1;1;1.0;7;159;ROUTE DE VELLES;M;4676630.0;168265.0;360
23117;201300025641;13;7;19;910;1;2;1;8.0;7;44;GIRATOIRE MONTAIGNE;M;4680110.0;170269.0;360
23118;201300025642;13;7;24;1810;1;2;1;1.0;2;44;5 AVENUE MARCEL LEMOINE;M;4681490.0;169668.0;360
23119;201300025643;13;7;25;1235;1;2;6;1.0;2;44;GIRATOIRE DESCHIZEAUX;M;4681030.0;168752.0;360
23120;201300025644;13;7;29;1035;1;2;1;1.0;2;44;190 ROUTE CHATELLERAULT;M;4680440.0;166660.0;360
23121;201300025645;13;7;31;1200;1;2;1;1.0;7;44;60 RUE DE LA GARE;M;4681060.0;169742.0;360
23122;201300025646;13;8;1;1748;1;2;2;1.0;3;159;RTE VARENNES/RUE 30-08-4;M;4676340.0;171871.0;360
23123;201300025648;13;8;6;1619;1;2;1;1.0;7;44;RUE D'AUVERGNE;M;4680990.0;170450.0;360
23124;201300025649;13;8;6;2055;1;2;1;1.0;7;44;5 RUE PIERRE GAULTIER;M;4680950.0;170209.0;360
23125;201300025650;13;8;17;1725;1;2;1;1.0;7;44;34 BD BLAISE PASCAL;M;4679680.0;170910.0;360
23126;201300025651;13;8;31;1549;1;1;6;1.0;7;63;GIRATOIRE DU FREESBEE;M;4685160.0;170157.0;360
23127;201300025652;13;9;4;952;1;2;1;1.0;7;44;120 AV KENNEDY;M;4679890.0;169229.0;360
23128;201300025653;13;9;24;1723;1;2;3;1.0;3;44;RUE RASPAIL/RUE GILBERT;M;4680670.0;169169.0;360
23129;201300025654;13;9;28;1730;1;1;6;1.0;7;63;GIRATOIRE FREESBEE;M;4685150.0;170119.0;360
23130;201300025655;13;10;7;758;2;2;1;1.0;3;44;15 RUE DES AUBRAYS;M;4680150.0;169473.0;360
23131;201300025657;13;10;7;1200;1;2;2;1.0;3;44;AV LA CHATRE/BD DE CLUIS;M;4680880.0;170492.0;360
23132;201300025658;13;10;7;1602;1;2;2;1.0;3;44;AVLACHATRE/AV DE COUBERT;M;4680230.0;171851.0;360
23133;201300025659;13;10;8;1825;1;1;1;1.0;3;63;;M;4681990.0;173330.0;360
23134;201300025660;13;10;10;2105;3;1;1;1.0;7;202;;M;4683180.0;161281.0;360
23135;201300025662;13;10;24;1716;2;2;1;1.0;4;44;56 BD CROIX NORMAND;M;4680410.0;169210.0;360
23136;201300025663;13;10;28;750;2;2;1;1.0;7;44;210 AV JOHN KENNEDY;M;4678920.0;169123.0;360
23137;201300025664;13;10;30;1140;1;2;2;1.0;3;44;D'AQUITAINE/ BOURGOGNE;M;4680440.0;168070.0;360