;Num_Acc;an;mois;jour;hrmn;lum;agg;int;atm;col;com;adr;gps;lat;long;dep
23415;201300025975;13;10;15;1730;1;2;6;2.0;3;261;AVENUE GUSTAVE EIFFEL;;;;370
23416;201300025976;13;10;16;1750;1;2;1;2.0;1;261;AV DU  GENERAL NIESSEL;;;;370
23417;201300025977;13;10;17;730;2;2;1;8.0;7;261;QUAI ANDRE MALRAUX;;;;370
23418;201300025978;13;10;18;900;1;2;1;1.0;2;214;RUE DE PALLUAU;;;;370
23419;201300025979;13;10;18;1215;1;2;1;1.0;3;261;BOULEVARD THIERS;;;;370
23420;201300025981;13;10;29;1000;1;2;1;1.0;7;214;RUE ROLAND ENGERAND;;;;370
23421;201300025982;13;1;1;215;5;2;2;3.0;3;261;RUE DU GENERAL RENAULT;;;;370
23422;201300025983;13;1;19;2230;5;2;3;4.0;6;214;24  RUE DES AMANDIERS;;;;370
23423;201300025984;13;7;15;1100;1;2;2;1.0;3;261;DANIEL MAYER;;;;370
23424;201300025985;13;7;22;1010;1;2;2;1.0;3;261;AVENUE DE BOIS AUBRY;;;;370
23425;201300025986;13;7;31;1605;1;2;6;1.0;3;261;RUE DE LA VICTOIRE;;;;370
23426;201300025988;13;8;6;1635;1;2;1;1.0;1;233;RUE HOCHE;;;;370
23427;201300025989;13;8;6;2010;1;2;3;1.0;3;261;41 RUE EDOUARD VAILLANT;;;;370
23428;201300025990;13;8;13;1750;1;1;3;1.0;3;233;AVENUE JACQUES DUCLOS;;;;370
23429;201300025991;13;8;13;1815;1;2;1;1.0;3;122;AVENUE DE BORDEAUX;;;;370
23430;201300025992;13;8;21;925;1;2;1;1.0;1;261;BD DU MARECHAL JUIN;;;;370
23431;201300025993;13;8;30;1645;1;2;3;1.0;3;261;AV DU GAL DE GAULLE;;;;370
23432;201300025994;13;8;31;1600;1;2;3;1.0;7;261;AVENUE ANDRE MAGINOT;;;;370
23433;201300025995;13;9;5;1820;1;2;1;1.0;5;261;BOULEVARD JEAN ROYER;;;;370
23434;201300025996;13;9;13;850;1;2;1;1.0;1;261;43 AVENUE DE LA TRANCHEE;;;;370
23435;201300025997;13;9;13;1245;1;2;1;1.0;3;261;114 RUE VICTOR HOGO;;;;370
23436;201300025998;13;9;18;1410;1;2;1;1.0;3;261;PIERRE MARIE CURIE;;;;370
23437;201300026000;13;9;20;805;1;2;3;2.0;3;261;9EME DIVISION DE CAVALER;;;;370
23438;201300026002;13;9;24;1330;1;2;2;1.0;3;261;AVENUE GUSTAVE EIFFEL;;;;370
23439;201300026003;13;9;24;1400;1;2;1;1.0;3;261;AVENUE GUSTAVE EIFFEL;;;;370
23440;201300026004;13;10;1;650;5;2;2;1.0;3;261;133 BD HEURTELOUP;;;;370
23441;201300026005;13;10;1;1225;1;1;1;1.0;6;261;11 RUE DES HALLES;;;;370
23442;201300026006;13;10;2;646;5;2;5;1.0;3;208;AVENUE DU LAC;;;;370
23443;201300026007;13;10;1;950;1;2;1;1.0;6;214;23 RUE DE LA MAIRIE;;;;370
23444;201300026008;13;10;5;1645;1;2;6;1.0;3;214;RUE PIERRE DE COURBERTIN;;;;370
23445;201300026009;13;10;11;1945;5;2;1;2.0;3;261;PLACE DU ML LECLERC;;;;370
23446;201300026010;13;10;14;900;1;2;1;2.0;7;261;RUE DE  PORTILLON;;;;370
23447;201300026011;13;10;14;1040;1;1;3;2.0;5;122;ROUTE DE MONTS;;;;370
23448;201300026012;13;10;14;1200;1;2;1;2.0;7;195;LEVEE DU CHER;;;;370
23449;201300026013;13;10;14;625;5;2;1;1.0;7;122;RUE GUSTAVE EIFFEL;;;;370
23450;201300026014;13;10;18;1615;1;2;1;1.0;6;122;1 RUE GEORGES SAND;;;;370
23451;201300026015;13;10;25;740;5;2;6;2.0;3;261;RUE AUGUSTE CHEVALIER;;;;370
23452;201300026016;13;10;26;1225;1;2;1;1.0;7;261;PONT WILSON;;;;370
23453;201300026017;13;2;1;725;2;2;6;8.0;3;261;ROND POINT EMMAUS;;;;370
23454;201300026018;13;8;19;2100;2;2;1;1.0;6;214;51 RUE DE LA MESANGERIE;;;;370
23455;201300026019;13;8;25;2215;3;2;1;2.0;6;122;RD 37;;;;370
23456;201300026020;13;8;28;2200;5;2;2;1.0;3;261;PLACE JEAN JAURES;;;;370
23457;201300026021;13;9;3;2150;5;2;1;1.0;7;261;17, PAVILLON (RUE DU);;;;370
23458;201300026022;13;9;14;2050;5;2;6;2.0;7;261;BD. ABEL GANCE;;;;370
23459;201300026023;13;9;14;2305;3;2;1;1.0;6;122;RD 37;;;;370
23460;201300026025;13;9;18;215;3;2;1;3.0;6;122;RD 37;;;;370
23461;201300026026;13;9;20;2335;5;2;2;1.0;3;261;RUE WALVEIN;;;;370
23462;201300026028;13;9;26;2100;5;2;1;1.0;7;261;39 RUE BLAISE PASCAL;;;;370
23463;201300026029;13;8;11;2140;2;2;3;1.0;6;233;10, MOULIN (PONT JEAN);;;;370
23464;201300026030;13;10;6;240;5;2;1;1.0;6;261;70  NERICAULT DESTOUCHE;;;;370
23465;201300026031;13;10;13;135;5;2;6;5.0;6;261;BOULEVARD ABEL GANCE;;;;370
23466;201300026032;13;10;15;440;5;2;6;2.0;3;214;BOULEVARD ANDRE VOISIN;;;;370
23467;201300026033;13;10;18;25;5;2;1;8.0;7;261;48 RUE DE LA CHEVALERIE;;;;370
23468;201300026034;13;10;19;410;5;2;2;1.0;3;261;31 RUE DU MAINE;;;;370
23469;201300026035;13;10;29;2055;5;2;7;1.0;4;261;PLACE CHOISEUL;;;;370
23470;201300026036;13;11;4;2345;5;2;1;1.0;6;233;AV JEAN BONNIN;;;;370
23471;201300026037;13;11;8;2255;5;2;2;1.0;6;261;BD PREUILLY/PORT BRETAGN;;;;370
23472;201300026041;13;12;20;100;5;2;2;2.0;3;261;BD HEURTELOUP;;;;370
23473;201300026042;13;6;6;2118;1;2;1;1.0;6;261;FRANCAIS LIBRES (CARREFO;;;;370
23474;201300026044;13;8;15;1900;1;2;1;1.0;2;261;BD RICHARD WAGNER;;;;370
23475;201300026045;13;8;26;1900;1;2;1;1.0;3;122;35 BD DE CHINON;;;;370
23476;201300026046;13;9;1;1817;1;2;1;1.0;2;261;BD DU MARECHAL JUIN;;;;370
23477;201300026047;13;8;27;1732;1;2;1;1.0;3;214;RUE DES RIMONEAUX;;;;370
23478;201300026048;13;9;7;1800;1;2;2;1.0;6;261;NATIONALE (RUE);;;;370
23479;201300026049;13;9;14;1715;1;2;1;3.0;2;261;76 BD JEAN ROYER;;;;370
23480;201300026050;13;9;16;723;2;2;1;2.0;7;261;BOULEVARD JEAN MONNET;;;;370
23481;201300026051;13;9;10;839;1;2;6;1.0;2;195;ROUTE DE SAINT GENOUPH;;;;370
23482;201300026052;13;9;21;620;3;2;1;5.0;7;261;ROUTE DE ROUZIERS;;;;370
23483;201300026053;13;9;20;1632;1;2;1;1.0;3;261;SAINT SAUVEUR (PONT);;;;370
23484;201300026054;13;9;25;1805;1;2;1;1.0;6;261;PONT SAINT SAUVEUR;;;;370
23485;201300026055;13;9;28;545;5;2;3;2.0;3;261;QUAI ANDRE MALRAUX;;;;370
23486;201300026056;13;10;1;1305;1;2;3;1.0;3;214;DE GAULLE (BD CHARLES);;;;370
23487;201300026057;13;10;1;1452;1;2;1;1.0;3;261;68 RUE DE JEMMAPES;;;;370
23488;201300026058;13;9;27;915;1;2;2;1.0;3;261;AVENUE DE L EUROPE;;;;370
23489;201300026059;13;10;1;1905;1;2;1;1.0;4;261;6 QUAI ANDRE MALRAUX;;;;370
23490;201300026061;13;10;7;1705;1;2;6;1.0;3;261;BD ABEL GANCE;;;;370
23491;201300026062;13;10;14;1739;1;2;1;1.0;6;261;PLACE DE LA VICTOIRE;;;;370
23492;201300026063;13;10;15;745;4;2;2;3.0;4;122;VERDUN (RUE DE);;;;370
23493;201300026064;13;10;15;805;2;2;1;3.0;7;261;41 RUE NATIONALE;;;;370
23494;201300026065;13;10;10;739;1;2;2;1.0;3;122;CHANTEPIE (RUE DE);;;;370
23495;201300026067;13;10;16;950;1;2;1;2.0;1;261;NIESSEL (AVENUE DU GENER;;;;370
23496;201300026068;13;10;20;1542;1;2;3;1.0;3;261;ALLEE DE CHAUMONT;;;;370
23497;201300026069;13;10;26;1255;1;2;1;1.0;3;261;AVENUE DE L EUROPE;;;;370
23498;201300026071;13;11;1;1330;1;2;1;1.0;7;261;Av  DU GAL NIESSEL;;;;370
23499;201300026072;13;11;7;1804;5;2;1;2.0;2;261;AVENUE PROUDHON;;;;370
23500;201300026073;13;11;13;1330;1;2;2;1.0;2;261;AVENUE STENDHAL;;;;370
23501;201300026074;13;11;9;1147;1;1;1;3.0;4;122;ROUTE DE MONTS;;;;370
23502;201300026075;13;11;12;2035;4;2;3;1.0;2;122;BD BRETONNIERE/AV DU LAC;;;;370
23503;201300026076;13;2;14;820;1;2;1;1.0;3;261;21 PLACE DE LA TRANCHEE;;;;370
23504;201300026077;13;6;24;1009;1;2;1;1.0;2;261;GRAMMONT (AVENUE DE);;;;370
23505;201300026078;13;6;28;505;2;2;2;1.0;3;261;HEURTELOUP (BOULEVARD);;;;370
23506;201300026079;13;6;29;1553;1;2;1;1.0;2;261;AVENUE DE PONT CHER;;;;370
23507;201300026080;13;6;16;1025;1;2;6;1.0;7;261;EIFFEL (AVENUE GUSTAVE);;;;370
23508;201300026081;13;7;6;1101;1;2;1;1.0;6;261;BOULEVARD JEAN ROYER;;;;370
23509;201300026082;13;7;7;1120;1;2;1;1.0;2;261;BD DU MARECHAL JUIN;;;;370
23510;201300026083;13;7;9;1800;1;2;1;1.0;6;122;Bd JEAN ROYER;;;;370
23511;201300026084;13;7;22;1349;1;2;1;1.0;6;122;Bd DE CHINON;;;;370
23512;201300026086;13;2;23;1550;1;2;2;1.0;3;261;BOULEVARD BERANGER;;;;370
23513;201300026087;13;8;13;112;3;2;1;1.0;7;122;RD 37;;;;370
23514;201300026088;13;8;12;1137;1;2;1;1.0;3;122;RUE DES MARTYRS;;;;370
23515;201300026089;13;8;21;1200;1;2;2;1.0;6;122;BD JEAN JAURES;;;;370
23516;201300026090;13;8;25;1730;1;2;1;1.0;6;122;RU DU MARECHAL JOFFRE;;;;370
23517;201300026092;13;11;4;800;2;2;6;3.0;7;261;MAGINOT/ABEL GANCE;;;;370
23518;201300026093;13;11;4;1245;1;2;1;3.0;7;261;RUE DES HALLES/MARCEAU;;;;370
23519;201300026094;13;11;5;1000;1;2;1;1.0;4;261;223 AV DE GRAMMONT;;;;370
23520;201300026095;13;11;9;1810;5;2;1;8.0;7;233;AVENUE GEORGES POMPIDOU;;;;370
23521;201300026096;13;12;2;1815;5;2;1;1.0;7;261;18, URSULINES ( RUE DES);;;;370
23522;201300026097;13;12;3;1330;1;2;5;1.0;3;261;RUE HENRI MARTIN;;;;370
23523;201300026098;13;12;5;920;1;2;1;1.0;2;261;PONT NAPOLEON;;;;370
23524;201300026099;13;12;5;830;2;2;1;1.0;2;214;DESCENTE DE LA MEMBROLLE;;;;370
23525;201300026100;13;12;10;800;2;2;1;2.0;6;261;PLACE JEAN JAURES;;;;370
23526;201300026101;13;12;10;900;1;1;1;1.0;4;122;RD 37;;;;370
23527;201300026102;13;12;17;855;2;2;1;1.0;3;233;RUE DANIELLE CASANOVA;;;;370
23528;201300026103;13;12;20;1540;1;2;1;1.0;7;261;52 BIS,  AV DE GRAMMONT;;;;370
23529;201300026104;13;12;20;1845;5;2;1;1.0;7;261;AVENUE DE L EUROPE;;;;370
23530;201300026105;13;12;23;1125;1;2;1;8.0;1;261;12 RUE MARCEL DASSAULT;;;;370
23531;201300026106;13;12;27;1330;1;1;1;2.0;7;122;RD 37;;;;370
23532;201300026107;13;12;27;1530;1;1;1;2.0;7;122;RD 37;;;;370
23533;201300026108;13;12;27;1750;2;1;1;3.0;3;122;RD 37;;;;370
23534;201300026111;13;11;12;910;1;2;3;2.0;3;261;AV DE LA TRANCHEE/SOURCE;;;;370
23535;201300026112;13;11;12;1125;1;2;2;2.0;3;261;RUE DE LA SOURCE/COTY;;;;370
23536;201300026113;13;11;13;840;1;2;3;1.0;3;122;RUE GUTENBERG;;;;370
23537;201300026114;13;11;22;1735;5;2;2;1.0;3;261;RUE DANIEL MAYER;;;;370
23538;201300026115;13;11;23;1930;3;1;1;1.0;7;122;RTE VIEILLE CARTE;;;;370
23539;201300026116;13;11;30;1050;1;2;1;1.0;1;261;AVENUE DE L  ALOUETTE;;;;370
23540;201300026117;13;12;4;1700;2;2;3;8.0;2;208;96 RUE DES CICOTTEES;;;;370
23541;201300026118;13;12;5;1740;4;2;3;1.0;1;261;RUE DES BORDIERS;;;;370
23542;201300026119;13;12;5;1920;5;2;3;1.0;3;208;AVENUE DU LAC;;;;370
23543;201300026121;13;12;11;1755;5;2;1;1.0;6;122;RUE JOSEPH CUGNOT;;;;370
23544;201300026122;13;12;12;845;1;2;1;1.0;6;233;116 RUE PIERRE SEMARD;;;;370
23545;201300026123;13;12;13;1100;1;2;1;1.0;2;261;BD MAL JUIN FACE SIMPLY;;;;370
23546;201300026124;13;12;16;1345;1;2;2;1.0;6;261;RUE CHOPIN/BD MAL JUIN;;;;370
23547;201300026125;13;12;16;1750;5;2;1;1.0;2;261;30 Av GUSTAVE EIFFEL;;;;370
23548;201300026126;13;12;22;1340;1;2;1;1.0;1;233;30 RUE MARCEL PAUL;;;;370
23549;201300026128;13;12;28;1250;1;2;2;2.0;3;261;60, DANIEL MAYER;;;;370
23550;201300026129;13;12;29;1300;1;1;2;1.0;3;233;AV DE LA REPUBLIQUE;;;;370
23551;201300026130;13;12;30;1105;1;2;6;1.0;2;261;COMPAGNONS D EMMAUS;;;;370
23552;201300026132;13;9;14;1925;4;2;6;1.0;7;261;GIRATOIRE DE LA ROTONDE;;;;370
23553;201300026133;13;9;27;1735;1;1;1;1.0;2;122;BOULEVARD DE CHINON;;;;370
23554;201300026134;13;9;23;1954;1;2;1;1.0;6;261;MAIL DU PETIT PRINCE;;;;370
23555;201300026135;13;9;16;730;2;2;1;2.0;7;233;QUAI DE LA LOIRE;;;;370
23556;201300026136;13;9;18;1920;1;2;2;1.0;2;261;BEFFROI (IMPASSE DU);;;;370
23557;201300026137;13;11;13;1640;1;2;6;1.0;3;261;SUEDE (RUE DE);;;;370
23558;201300026138;13;11;14;1130;1;1;1;1.0;4;195;PERIPHERIQUE OUEST;;;;370
23559;201300026139;13;11;19;1440;1;2;1;1.0;3;261;RUE JEMMAPES;;;;370
23560;201300026140;13;11;19;1254;1;2;3;1.0;3;261;RUE DES DOUETS;;;;370
23561;201300026141;13;11;19;1000;1;2;1;1.0;3;261;AVENUE DE  FLORENCE;;;;370
23562;201300026142;13;11;21;830;1;2;6;1.0;3;261;GIRAT MARCEL DASSAULT;;;;370
23563;201300026143;13;11;25;1605;1;2;1;1.0;7;261;15 AVENUE DE LA TRANCHEE;;;;370
23564;201300026145;13;11;25;1315;1;2;6;1.0;3;261;CARREFOUR EDMON ROSTAND;;;;370
23565;201300026146;13;12;13;1630;1;2;2;2.0;6;214;RUE LOUIS BLOT REPUBLIQU;;;;370
23566;201300026147;13;12;7;2013;5;2;2;1.0;3;233;49 RUE BLANQUI;;;;370
23567;201300026148;13;12;24;1800;5;2;1;3.0;4;261;MALRAUX (QUAI ANDRE);;;;370
23568;201300026149;13;12;30;1555;1;2;3;1.0;3;261;RUE JOLIVET TOUR AUVERGN;;;;370
23569;201300026150;13;10;3;1805;1;2;1;1.0;2;122;RUE DES JUMEAUX;;;;370
23570;201300026151;13;10;16;819;2;1;2;1.0;6;122;RD 86 ROUTE DE MONTS;;;;370
23571;201300026152;13;10;26;1250;1;2;1;1.0;7;233;AVENUE DE LA REPUBLIQUE;;;;370
23572;201300026153;13;3;14;1830;1;2;1;1.0;7;261;PLACE DU GL LECLERC;;;;370
23573;201300026154;13;12;31;2056;3;2;1;1.0;7;122;RD 37;;;;370
23574;201300026155;13;12;25;1509;1;2;1;1.0;7;208;RUE JULES ROMAIN;;;;370
23575;201300026156;13;12;31;145;5;2;1;1.0;7;261;123 AV MAGINOT;;;;370
23576;201300026157;13;1;1;1715;5;2;1;8.0;2;261;RUE DES TANNEURS;;;;370
23577;201300026158;13;1;3;640;4;1;1;1.0;7;261;11, PAILHOU PLACE GASTON;;;;370
23578;201300026159;13;4;11;825;1;2;1;2.0;4;261;198 AV DE GRAMMONT;;;;370
23579;201300026160;13;4;9;1030;1;2;3;1.0;3;261;RUE BOUILLY/FOURNIER;;;;370
23580;201300026161;13;4;14;1750;1;2;1;1.0;6;122;20 RUE LAVOISIER;;;;370
23581;201300026162;13;4;9;1225;1;2;2;8.0;6;261;AV   ARSONVAL /MONGE;;;;370
23582;201300026163;13;4;25;1350;1;2;1;1.0;7;233;90 BD PAUL LANGEVIN;;;;370
23583;201300026164;13;4;30;1655;1;2;1;2.0;7;261;1BD LATTRE DE TASSIGNY;;;;370
23584;201300026165;13;4;30;1740;1;2;2;3.0;6;261;MIRABEAU /HEURTELOUP;;;;370
23585;201300026166;13;11;25;2020;3;2;1;1.0;6;195;PERIPHERIQUE OUEST;;;;370
23586;201300026167;13;5;24;735;1;2;3;1.0;6;261;169 RUE A CHEVALLIER;;;;370
23587;201300026168;13;5;25;1003;1;2;6;8.0;3;233;4 RUE JEAN JAURES;;;;370
23588;201300026169;13;5;24;1210;1;2;1;2.0;2;233;41 RUE DU COLOMBIER;;;;370
23589;201300026170;13;5;28;2150;5;2;1;8.0;6;261;JAURES (PLACE JEAN);;;;370
23590;201300026171;13;6;9;1434;1;2;1;1.0;6;261;ILE AUCARD PONT DE FIL;;;;370
23591;201300026172;13;6;10;1310;1;2;1;1.0;7;261;RUE CROIX PASQUIER;;;;370
23592;201300026173;13;6;11;2200;2;2;1;1.0;2;261;RD 37;;;;370
23593;201300026174;13;6;18;1240;1;2;2;3.0;6;214;VOISIN BD VOISIN;;;;370
23594;201300026175;13;6;20;2110;5;2;1;2.0;6;261;35, GRAMMONT (AVENUE DE);;;;370
23595;201300026176;13;6;30;300;5;2;1;1.0;6;261;ST SYMPHORIEN  pont fil;;;;370
23596;201300026177;13;6;4;821;1;2;2;7.0;3;261;RUE DE SUEDE;;;;370
23597;201300026178;13;7;12;1330;1;2;1;1.0;7;233;QUAI DE LA LOIRE;;;;370
23598;201300026179;13;7;12;1715;1;2;2;1.0;3;122;AVENUE DE LA REPUBLIQUE;;;;370
23599;201300026180;13;7;12;822;1;2;2;1.0;1;261;RUE GIRAUDEAU;;;;370
23600;201300026181;13;7;17;1510;1;2;1;1.0;2;233;QUAI DE LA LOIRE;;;;370
23601;201300026182;13;7;24;1450;1;2;6;1.0;3;261;Bd Abel GANCE;;;;370
23602;201300026183;13;7;8;2000;1;2;1;1.0;4;261;PLAC E JEAN JAURES;;;;370
23603;201300026184;13;8;21;1740;1;2;3;1.0;5;261;141 QU PAUL BERT;;;;370
23604;201300026185;13;9;1;1255;1;2;1;1.0;6;261;1 BIS ML DAVID D'ANGERS;;;;370
23605;201300026187;13;9;6;1220;1;2;2;1.0;6;261;BD HEURTELOUP;;;;370
23606;201300026188;13;9;7;1010;1;2;1;1.0;6;122;32 RUE DE LA DOUZILLIERE;;;;370
23607;201300026189;13;9;3;1043;1;2;1;1.0;3;261;5 BOULEVARD HEURTELOUP;;;;370
23608;201300026190;13;9;18;815;1;2;9;1.0;7;261;PONT SAINT SAUVEUR;;;;370
23609;201300026191;13;9;21;1720;1;2;3;1.0;3;233;RUE GAMBETTA;;;;370
23610;201300026192;13;9;23;1110;2;2;1;1.0;3;233;32 RUE PIERRE CURIE;;;;370
23611;201300026193;13;9;18;745;2;2;2;1.0;3;261;AVENUE DE LA TRANCHEE;;;;370
23612;201300026194;13;9;18;840;2;2;1;1.0;7;208;CORMERY (RUE DE);;;;370
23613;201300026195;13;10;4;740;1;2;3;1.0;3;208;29 BD PAUL DO;;;;370
23614;201300026196;13;10;13;1720;1;2;2;1.0;3;233;RUE GAMBETTA;;;;370
23615;201300026198;13;11;2;1930;5;2;3;3.0;3;261;238 RUE GIRAUDEAU;;;;370
23616;201300026200;13;11;28;1200;1;2;1;1.0;6;261;220 AV DE GRAMMONT;;;;370
23617;201300026201;13;11;30;2300;5;2;2;1.0;7;214;RUE DE LA MENARDIERE;;;;370
23618;201300026202;13;12;4;1100;1;2;3;1.0;6;261;RUE VOLTAIRE;;;;370
23619;201300026203;13;12;9;1910;3;1;1;1.0;7;122;RD 37;;;;370
23620;201300026204;13;12;25;1335;1;2;3;1.0;6;261;STENDHAL (AVENUE);;;;370
23621;201300026206;13;4;5;2324;5;2;3;1.0;3;53;144, LIBERATION;;;;380
23622;201300026207;13;4;13;1555;1;2;9;1.0;6;53;15, BARBUSSE;;;;380
23623;201300026208;13;4;15;1105;1;2;1;1.0;6;53;01, SAINT MICHEL (BLD);;;;380
23624;201300026209;13;4;16;1900;1;2;1;1.0;3;53;MAISON BLANCHE (IMP DE L;;;;380
23625;201300026210;13;5;11;1957;1;2;3;1.0;3;53;DIEDERICHS;;;;380
23626;201300026211;13;5;11;130;5;2;4;1.0;3;53;ISLE D'ABEAU (ROUTE DE);;;;380
23627;201300026212;13;5;2;1625;1;2;1;1.0;6;53;CHAMP DE MARS (PL);;;;380
23628;201300026213;13;6;14;750;1;2;6;1.0;6;53;20, LECLERC (AVENUE DU M;;;;380
23629;201300026214;13;6;18;1650;1;2;3;1.0;3;53;BOUSSIEU;;;;380
23630;201300026215;13;6;29;1430;1;2;1;2.0;1;53;00, ALEXANDRE FLEMING (R;;;;380
23631;201300026216;13;6;26;1625;1;2;1;1.0;3;53;0, ETISSEY;;;;380
23632;201300026217;13;9;7;1917;1;2;1;3.0;7;53;D 1006;;;;380
23633;201300026218;13;9;26;1624;1;2;3;1.0;3;53;ASIMOV (ISAAC);;;;380
23634;201300026219;13;10;4;1800;1;2;3;3.0;3;53;ALPES;;;;380
23635;201300026220;13;12;19;1630;2;1;1;3.0;6;53;72, PONTCOTTIER;;;;380
23636;201300026221;13;12;20;1900;5;2;1;1.0;2;53;DIEDERICHS;;;;380
23637;201300026222;13;12;14;851;1;2;1;8.0;2;53;49, PRE POMMIER (BLD DE);;;;380
23638;201300026223;13;12;12;1413;1;2;1;1.0;6;53;0, ISLE D'ABEAU (ROUTE D;;;;380
23639;201300026224;13;11;21;1500;1;2;3;2.0;6;53;10, GAMBETTA (AVE);;;;380
23640;201300026225;13;1;2;1800;5;2;1;1.0;6;421;101, AV BENOIT FRACHON;M;4517830.0;575587.0;380
23641;201300026226;13;1;8;1530;1;2;2;1.0;6;185;0, BD AGUTTE SEMBAT;M;4518740.0;572719.0;380
23642;201300026227;13;1;9;1105;1;2;2;1.0;6;185;9 R DE LA LIBERTE;M;4518840.0;572918.0;380
23643;201300026228;13;1;9;2325;5;2;1;1.0;6;423;145 RTE DE CLEMENCIERE;M;4520080.0;572015.0;380
23644;201300026229;13;1;10;1930;5;2;2;2.0;6;185;0 R ABBE GREGOIRE;M;4518580.0;571217.0;380
23645;201300026230;13;1;11;1330;1;2;3;2.0;6;169;0, AVENUE DU VERCORS;M;4519250.0;569473.0;380
23646;201300026231;13;1;14;1320;1;2;3;1.0;6;421;68, RUE DE MALFANGEAT;M;4516810.0;576236.0;380
23647;201300026232;13;1;24;1410;1;2;1;1.0;6;185;15 R DR BORDIER;M;4517610.0;572975.0;380
23648;201300026234;13;2;1;1730;1;2;4;2.0;6;151;0, RUE GEO CHARLES;M;4514980.0;569793.0;380
23649;201300026235;13;2;6;2005;5;2;2;4.0;6;185;0, AV ALBERT 1ER DE BELG;M;4518220.0;573434.0;380
23650;201300026236;13;2;8;1205;1;2;1;1.0;3;185;R EMILE ROMANET;M;4517510.0;574332.0;380
23651;201300026237;13;2;16;1700;1;2;3;1.0;6;516;AV DU GRAND SABLON;M;4519750.0;574894.0;380
23652;201300026238;13;2;19;1900;1;2;2;1.0;6;185;0, RUE HEBERT;M;4519010.0;573499.0;380
23653;201300026239;13;2;21;5;5;2;1;1.0;6;185;20 BD MARECHAL FOCH;M;4518150.0;572506.0;380
23654;201300026240;13;2;21;820;1;2;2;1.0;3;421;0, AV GABRIEL PERI;M;4518440.0;576821.0;380
23655;201300026241;13;2;27;1530;1;2;2;1.0;3;151;0, COURS JEAN JAURES;M;4514600.0;570486.0;380
23656;201300026242;13;2;28;1050;1;2;1;1.0;6;185;0, AV MARECHAL RANDON;M;4519980.0;573998.0;380
23657;201300026243;13;3;2;635;3;1;1;1.0;2;423;99 VOIE NON IDENTIFIEE;;;;380
23658;201300026244;13;3;3;1330;1;2;1;1.0;2;421;0, RUE DE LA CHIMIE;;;;380
23659;201300026245;13;3;6;1900;1;2;2;1.0;3;185;0, PONT DE LA PORTE DE F;;;;380
23660;201300026246;13;3;9;145;5;2;3;1.0;3;185;0, PLACE DE VERDUN;;;;380
23661;201300026247;13;3;9;1944;3;2;1;1.0;6;516;0, 99 VOIE NON IDENTIFIE;;;;380
23662;201300026248;13;3;13;1010;1;2;1;1.0;6;151;0, AVENUE COLONEL MANH?S;M;4514600.0;570440.0;380
23663;201300026249;13;3;15;1730;1;2;1;1.0;6;185;0, ROUTE DE LYON;;;;380
23664;201300026250;13;3;21;910;1;2;1;1.0;6;185;14, AVENUE ALBERT 1ER DE;;;;380
23665;201300026251;13;3;22;620;5;2;9;1.0;6;185;31, AVENUE MARCELIN BERT;;;;380
23666;201300026252;13;3;23;1940;5;2;1;1.0;6;185;15, AVENUE RHIN ET DANUB;;;;380
23667;201300026253;13;3;26;852;1;2;1;8.0;6;185;RUE F?LIX ESCLANGON;;;;380
23668;201300026254;13;3;29;1940;5;2;9;8.0;6;421;AVENUE BENO?T FRACHON;;;;380
23669;201300026255;13;4;1;1430;1;1;2;1.0;3;516;99 VOIE NON IDENTIFIEE;;;;380
23670;201300026257;13;4;9;1135;1;2;1;1.0;6;185;76, RUE DE STALINGRAD;;;;380
23671;201300026258;13;4;19;1520;1;2;9;2.0;6;185;RUE F?LIX ESCLANGON;;;;380
23672;201300026259;13;4;21;2024;2;1;9;1.0;7;179;RUE DU MOIRON;;;;380
23673;201300026260;13;4;22;1010;1;2;9;1.0;6;151;AVENUE DES F.T.P.F.;;;;380
23674;201300026261;13;4;30;1300;1;2;1;1.0;6;421;RUE TRISTAN BERNARD;;;;380
23675;201300026262;13;4;30;1420;1;2;1;1.0;6;169;109, AVENUE ARISTIDE BRI;;;;380
23676;201300026263;13;5;3;1749;1;2;1;1.0;3;421;0, RUE DES GLAIRONS;;;;380
23677;201300026264;13;5;4;1200;1;2;3;1.0;1;185;RUE L?ON JOUHAUX;;;;380
23678;201300026265;13;5;6;920;1;2;1;1.0;3;151;COURS JEAN JAUR?S;;;;380
23679;201300026266;13;5;7;1400;1;2;1;1.0;3;169;AVENUE ARISTIDE BRIAND;;;;380
23680;201300026267;13;5;13;1026;1;2;2;1.0;3;421;BOULEVARD DULCIE SEPTEMB;;;;380
23681;201300026268;13;5;19;1815;1;2;1;1.0;4;169;3, AVENUE DU VERCORS;;;;380
23682;201300026269;13;5;21;2214;5;2;2;1.0;3;185;0, RUE DES EAUX CLAIRES;;;;380
23683;201300026270;13;5;22;1830;1;2;1;1.0;1;179;0, RUE DES SPORTS;;;;380
23684;201300026271;13;5;25;945;1;2;2;2.0;6;185;0, BOULEVARD ?DOUARD REY;;;;380
23685;201300026272;13;5;25;1720;1;2;1;2.0;6;185;4, RUE CONDORCET;;;;380
23686;201300026273;13;5;26;1830;1;2;1;1.0;2;185;24, QUAI XAVIER JOUVIN;;;;380
23687;201300026274;13;5;27;1552;1;2;2;1.0;5;185;RUE DES ALLI?S;;;;380
23688;201300026275;13;5;30;1650;1;2;1;1.0;6;185;40, RUE DOCTEUR CALMETTE;;;;380
23689;201300026277;13;6;4;1255;1;2;3;1.0;6;185;110, AVENUE JEAN PERROT;;;;380
23690;201300026278;13;6;8;1100;1;2;1;1.0;3;421;0, BOULEVARD DULCIE SEPT;;;;380
23691;201300026279;13;6;11;740;1;2;1;1.0;3;151;0, AVENUE AUGUSTE FERRIE;;;;380