;Num_Acc;an;mois;jour;hrmn;lum;agg;int;atm;col;com;adr;gps;lat;long;dep
23692;201300026280;13;6;15;2300;5;2;1;1.0;6;185;., PLACE GUSTAVE RIVET;;;;380
23693;201300026281;13;6;16;2018;1;2;1;1.0;1;185;16, RUE DES D?PORT?S DU;;;;380
23694;201300026282;13;6;16;2245;5;2;1;1.0;6;185;0, COURS JEAN JAUR?S;;;;380
23695;201300026283;13;6;18;900;1;2;1;1.0;5;185;0, AVENUE LA BRUY?RE;;;;380
23696;201300026284;13;6;18;945;1;2;2;1.0;1;185;R GEN FERRIE/BD FOCH;M;4518050.0;572325.0;380
23697;201300026285;13;6;18;1624;1;2;2;1.0;3;185;AV M REYNOARD/BRUYERE;M;4516660.0;572845.0;380
23698;201300026286;13;6;22;1520;1;2;1;1.0;4;151;AVENUE DES ?TATS G?N?RAU;;;;380
23699;201300026287;13;6;24;923;1;1;1;2.0;6;382;A48 PK 0092+0126;M;4522760.0;566770.0;380
23700;201300026288;13;6;27;1630;1;2;1;1.0;6;423;1, RUE CONRAD KILLIAN;;;;380
23701;201300026289;13;6;30;2035;1;1;1;1.0;1;179;AV D'URIAGE;M;4516450.0;580498.0;380
23702;201300026290;13;7;1;1235;1;2;1;1.0;6;185;59, RUE DU DRAC;;;;380
23703;201300026291;13;7;2;710;1;2;3;1.0;3;185;., RUE LESDIGUI?RES;;;;380
23704;201300026292;13;7;3;1519;1;2;2;1.0;2;185;0, PLACE BIR HAKEIM;;;;380
23705;201300026293;13;7;5;1440;1;2;3;1.0;3;185;6, AVENUE DE VALMY;;;;380
23706;201300026294;13;7;8;1200;1;2;1;1.0;6;185;37, RUE NICOLAS CHORIER;;;;380
23707;201300026295;13;7;8;2300;4;2;1;1.0;7;151;0, RUE G?O CHARLES;;;;380
23708;201300026296;13;7;9;1850;1;2;1;1.0;6;185;0, AVENUE RHIN ET DANUBE;;;;380
23709;201300026297;13;7;21;1135;1;1;2;1.0;3;423;10, ROUTE DE CL?MENCI?RE;;;;380
23710;201300026298;13;7;26;815;1;2;1;1.0;3;185;, RUE PIERRE S?MARD;;;;380
23711;201300026300;13;7;26;2245;5;2;1;1.0;1;185;133, RUE DES ALLI?S;;;;380
23712;201300026301;13;8;6;2310;5;2;1;1.0;2;185;13, BOULEVARD MAR?CHAL F;;;;380
23713;201300026302;13;8;20;20;5;2;2;1.0;3;185;COURS BERRIAT;;;;380
23714;201300026303;13;8;20;810;1;2;1;1.0;6;185;0, RUE LESDIGUI?RES;;;;380
23715;201300026304;13;8;23;1900;1;2;1;1.0;6;185;AVENUE MALHERBE;;;;380
23716;201300026305;13;8;25;345;3;1;1;8.0;2;185;99 VOIE NON IDENTIFIEE;;;;380
23717;201300026306;13;8;28;1130;1;2;1;1.0;3;185;0, AVENUE MARCELIN BERTH;;;;380
23718;201300026307;13;8;28;1750;1;2;1;1.0;3;185;0, BOULEVARD JEAN PAIN;;;;380
23719;201300026308;13;8;28;1929;1;2;1;1.0;6;185;39, BOULEVARD CLEMENCEAU;;;;380
23720;201300026309;13;8;30;1230;1;2;1;1.0;3;185;117, RUE DE STALINGRAD;;;;380
23721;201300026310;13;9;2;1455;1;2;1;1.0;6;169;15, RUE BAPTISTE MARCET;;;;380
23722;201300026311;13;9;2;1320;1;2;1;1.0;3;185;61, RUE F?LIX ESCLANGON;;;;380
23723;201300026312;13;9;2;1620;1;2;1;1.0;1;151;3, RUE GABRIEL DIDIER;;;;380
23724;201300026313;13;9;3;1800;1;2;2;1.0;3;169;QUAI DU DRAC;;;;380
23725;201300026314;13;9;6;2020;5;2;1;1.0;6;151;AVENUE DE GRUGLIASCO;;;;380
23726;201300026315;13;9;8;1510;1;2;1;3.0;6;185;RUE JOSEPH REY;;;;380
23727;201300026317;13;9;15;1745;1;1;1;1.0;4;185;99 VOIE NON IDENTIFIEE;;;;380
23728;201300026318;13;9;17;1245;1;2;2;8.0;1;185;34bis, RUE DIDEROT;;;;380
23729;201300026319;13;9;21;1200;1;2;1;1.0;2;185;53, BOULEVARD MAR?CHAL F;;;;380
23730;201300026320;13;9;21;1605;1;2;3;1.0;3;421;00, RUE DU BOURGAMON;;;;380
23731;201300026321;13;9;22;1300;1;1;1;1.0;5;185;1090;;;;380
23732;201300026322;13;9;22;1945;1;1;1;1.0;1;423;00, RUE DE BROTTERODE;;;;380
23733;201300026323;13;9;22;2015;4;2;1;1.0;1;185;0, COURS DE LA LIB?RATIO;;;;380
23734;201300026324;13;9;23;1815;1;2;1;1.0;6;423;3117, RUE DU PETIT LAC;;;;380
23735;201300026325;13;9;24;1740;1;2;1;1.0;6;185;0, PLACE VAUCANSON;;;;380
23736;201300026326;13;9;26;840;1;2;1;1.0;2;151;ROCADE SUD;;;;380
23737;201300026328;13;10;1;930;1;2;2;1.0;3;169;RUE GEORGE SAND;;;;380
23738;201300026329;13;10;2;853;1;2;1;1.0;6;185;BOULEVARD MAR?CHAL FOCH;;;;380
23739;201300026330;13;10;2;1830;1;2;1;1.0;1;185;CHEMIN DE LA POTERNE;;;;380
23740;201300026331;13;10;4;1327;1;2;1;1.0;6;185;35 bis, AVENUE RHIN ET D;;;;380
23741;201300026332;13;10;5;36;4;2;1;2.0;6;151;., AVENUE DU 8 MAI 1945;;;;380
23742;201300026333;13;10;9;1735;1;2;9;1.0;6;185;RUE ALBERT REYNIER;;;;380
23743;201300026334;13;10;12;140;5;2;1;1.0;6;185;9, AVENUE JEANNE D'ARC;;;;380
23744;201300026335;13;10;12;1930;5;2;2;1.0;3;151;RUE DE LA PAIX;;;;380
23745;201300026336;13;10;14;1230;1;1;1;2.0;4;151;99 VOIE NON IDENTIFIEE;;;;380
23746;201300026337;13;10;15;1410;1;2;9;1.0;6;185;4, QUAI DE FRANCE;;;;380
23747;201300026338;13;10;16;935;1;2;2;1.0;3;185;00, QUAI CREQUI;;;;380
23748;201300026339;13;10;17;1735;1;2;2;1.0;3;151;COURS JEAN JAUR?S;;;;380
23749;201300026340;13;10;19;1145;1;2;9;1.0;6;169;RUE CHARLES MICHELS;;;;380
23750;201300026341;13;10;21;1515;1;2;2;1.0;6;151;00, COURS JEAN JAUR?S;;;;380
23751;201300026342;13;10;21;1855;5;2;1;1.0;6;185;10, RUE PIERRE S?MARD;;;;380
23752;201300026343;13;10;25;2015;5;2;1;1.0;6;185;BOULEVARD AGUTTE SEMBAT;;;;380
23753;201300026344;13;10;28;1210;1;2;1;1.0;6;185;00, COURS DE LA LIB?RATI;;;;380
23754;201300026345;13;10;29;10;5;2;1;2.0;6;185;0, PLACE DE LA GARE;;;;380
23755;201300026346;13;10;29;1540;1;2;1;8.0;6;151;ROCADE SUD;;;;380
23756;201300026347;13;10;31;1745;2;2;1;1.0;6;185;0, RUE BUFFON;;;;380
23757;201300026348;13;11;1;1340;1;2;1;1.0;7;185;00, 99 VOIE NON IDENTIFI;M;4517630.0;570215.0;380
23758;201300026349;13;11;8;1841;5;2;2;2.0;3;169;0, RUE YVES FARGES;;;;380
23759;201300026350;13;11;11;1620;1;2;1;1.0;6;151;12, ALL?E DU G?TINAIS;;;;380
23760;201300026351;13;11;14;1830;5;2;9;1.0;6;516;AVENUE DES MAQUIS DU GR?;;;;380
23761;201300026353;13;11;15;1614;1;2;2;1.0;3;185;RUE L?ON JOUHAUX;;;;380
23762;201300026354;13;11;16;1950;5;2;1;1.0;6;421;AVENUE GABRIEL P?RI;;;;380
23763;201300026355;13;11;16;2305;5;2;2;1.0;6;185;QUAI ST?PHANE JAY;;;;380
23764;201300026356;13;11;20;1333;1;2;1;2.0;6;421;41, RUE DU PR? RUFFIER;;;;380
23765;201300026357;13;11;22;1900;5;2;9;1.0;6;185;AVENUE PAUL COCAT;;;;380
23766;201300026358;13;11;23;1200;1;2;1;2.0;2;185;28, RUE ALBERT REYNIER;;;;380
23767;201300026359;13;11;28;1755;5;2;2;1.0;3;516;00, AVENUE DES MAQUIS DU;;;;380
23768;201300026360;13;11;28;2050;5;2;3;1.0;6;185;RUE LESDIGUI?RES;;;;380
23769;201300026362;13;12;3;750;1;1;1;1.0;1;421;00, AVENUE DU DOYEN LOUI;;;;380
23770;201300026364;13;12;6;630;3;1;1;1.0;6;169;0, 99 VOIE NON IDENTIFIE;;;;380
23771;201300026365;13;12;10;1820;5;2;1;1.0;6;185;0, RUE DES ALLI?S;;;;380
23772;201300026366;13;12;10;1820;5;2;1;1.0;6;185;4, BOULEVARD JOSEPH VALL;;;;380
23773;201300026367;13;12;11;1530;1;2;1;1.0;6;185;0, AVENUE MARIE REYNOARD;;;;380
23774;201300026368;13;12;13;1;5;2;1;1.0;6;185;0, COURS DE LA LIB?RATIO;;;;380
23775;201300026369;13;12;13;1745;5;1;1;1.0;5;229;99 VOIE NON IDENTIFIEE;;;;380
23776;201300026370;13;12;14;2145;5;1;1;1.0;6;185;99 VOIE NON IDENTIFIEE;;;;380
23777;201300026371;13;12;17;1320;1;2;1;1.0;6;185;0, AVENUE DES ?TATS G?N?;;;;380
23778;201300026372;13;12;20;1050;1;2;1;2.0;6;185;5, RUE CHARLES LORY;;;;380
23779;201300026373;13;12;20;1345;1;2;1;1.0;6;185;AVENUE MARCELIN BERTHELO;;;;380
23780;201300026374;13;1;28;1730;5;2;3;1.0;6;544;R F BONNIER/PL D'ARPOT;M;4553500.0;487456.0;380
23781;201300026375;13;3;10;1724;1;2;1;1.0;3;544;25, PASTEUR(QUAI);;;;380
23782;201300026376;13;5;7;2300;3;1;1;1.0;7;544;CD 41;;;;380
23783;201300026377;13;5;14;1710;1;2;1;1.0;6;544;112, ASIATICUS(BD);;;;380
23784;201300026380;13;7;21;115;3;1;1;1.0;6;544;CD 4;;;;380
23785;201300026381;13;12;11;1900;5;2;1;1.0;3;544;23, GENERAL LECLERC(AV);;;;380
23786;201300026382;13;1;11;1210;1;2;1;2.0;1;563;0, VALOIS (AVENUE DU DR);M;4535810.0;559219.0;380
23787;201300026383;13;3;13;1126;1;2;1;1.0;7;563;98, BECQUART-CASTELBON (;;;;380
23788;201300026384;13;4;25;1210;1;2;6;1.0;3;563;0, rocade ouest;;;;380
23789;201300026385;13;7;15;222;5;2;1;1.0;6;563;77, PATINIERE (AVENUE DE;;;;380
23790;201300026386;13;11;24;1830;5;2;6;2.0;1;563;1, PAVIOT (AVENUE DE);;;;380
23791;201300026387;13;12;26;1900;5;2;9;2.0;2;563;119, VALOIS (AVENUE DU D;;;;380
23792;201300026388;13;1;28;20;5;2;1;2.0;6;198;, JOUHAUX (AVENUE LEON);;;;390
23793;201300026389;13;4;26;1907;1;2;1;2.0;6;198;0, GREVY (PLACE JULES);;;;390
23794;201300026390;13;5;19;2025;1;2;1;1.0;6;198;JOUHAUX (AVENUE LEON) N?;;;;390
23795;201300026391;13;6;4;1510;1;2;1;1.0;3;198;30, WILSON (BOULEVARD DU;;;;390
23796;201300026392;13;8;11;2040;1;2;1;1.0;6;198;3, NERUDA (RUE PABLO);;;;390
23797;201300026393;13;9;1;1915;1;2;3;1.0;3;198;0, DUHAMEL (AVENUE JACQU;;;;390
23798;201300026394;13;9;14;2355;5;2;1;3.0;7;198;0, JOUHAUX (AVENUE LEON);;;;390
23799;201300026395;13;9;12;2130;3;1;1;1.0;3;198;0, RD905  ( DE PONT  FOU;;;;390
23800;201300026396;13;11;5;1700;5;2;3;2.0;7;198;33, ROUTE NATIONALE;;;;390
23801;201300026398;13;2;6;1735;5;2;1;2.0;6;300;110, REGARD (RUE) N? PAI;;;;390
23802;201300026399;13;3;4;1230;1;1;9;1.0;3;362;ROCHER (LE);;;;390
23803;201300026400;13;3;22;1300;1;2;1;1.0;2;300;10, PROST (AVENUE CAMILL;;;;390
23804;201300026401;13;6;10;1117;1;2;1;1.0;6;300;40, JUIN (PLACE DU MAREC;;;;390
23805;201300026402;13;6;15;1744;1;2;1;1.0;6;362;0, VALLIERE (ZAC DE);;;;390
23806;201300026403;13;8;1;1835;1;2;9;1.0;3;300;0, LIBERATION (CARREFOUR;;;;390
23807;201300026406;13;10;16;1350;1;2;1;1.0;6;300;0, MAHON (RUE DU COLONEL;;;;390
23808;201300026407;13;11;1;540;5;1;1;1.0;2;362;0, FAURE (AVENUE EDGAR);;;;390
23809;201300026408;13;11;6;1535;1;2;3;1.0;3;300;121, TROUILLOT (RUE GEOR;;;;390
23810;201300026409;13;11;8;1710;2;1;1;2.0;6;362;0, COULONGES (LES);;;;390
23811;201300026410;13;3;27;1040;1;2;1;1.0;6;88;0, VERDUN (COURS DE);M;4371092.0;-105461.0;400
23812;201300026411;13;3;31;615;3;1;1;2.0;6;279;MINIERES (ROUTE DES) CD;M;4371471.0;-107277.0;400
23813;201300026412;13;4;21;610;2;1;1;1.0;6;88;44 route de peyrehorade;M;4368145.0;-104274.0;400
23814;201300026414;13;5;19;2130;5;2;1;1.0;6;88;OUDOT (RUE ROLAND);M;4371431.0;-104388.0;400
23815;201300026415;13;6;3;800;1;2;1;1.0;3;279;1049 av marechal foch;M;4373292.0;-104959.0;400
23816;201300026416;13;6;26;1610;1;2;1;1.0;6;279;13 av de la liberté;M;4372286.0;-105153.0;400
23817;201300026417;13;7;9;1005;1;2;6;1.0;2;279;avenue de la RESISTANCE;M;4372566.0;-106898.0;400
23818;201300026418;13;7;18;1440;1;2;3;1.0;3;88;;M;4370534.0;-103871.0;400
23819;201300026419;13;7;31;2213;3;2;8;1.0;3;88;rue pascal lafitte PN24;M;4369384.0;-102952.0;400
23820;201300026420;13;8;1;755;1;2;1;1.0;6;279;1 bd st-vincent-de-paul;M;4372390.0;-105113.0;400
23821;201300026421;13;8;3;1035;1;2;1;1.0;6;88;PARCELLE (ROUTE DE LA);;;;400
23822;201300026422;13;9;1;2035;1;2;2;1.0;3;88;116, TERCIS (ROUTE DE);M;4369417.0;-106946.0;400
23823;201300026423;13;9;3;1235;1;2;1;1.0;3;88;;M;4369280.0;-105470.0;400
23824;201300026424;13;9;6;1435;1;2;3;1.0;5;88;;M;4371329.0;-105976.0;400
23825;201300026425;13;9;9;715;5;2;1;2.0;6;88;;M;4370899.0;-104946.0;400
23826;201300026426;13;10;2;1425;1;2;1;1.0;2;279;LIBERTE (AVE DE LA);M;4372225.0;-105174.0;400
23827;201300026427;13;10;7;1055;1;2;1;1.0;6;88;EPARGNE (RUE DE L');M;4370735.0;-104032.0;400
23828;201300026428;13;11;22;1835;5;1;3;1.0;5;88;PEYREHORADE (ROUTE DE);M;4368637.0;-104428.0;400
23829;201300026429;13;11;22;1845;5;2;1;1.0;6;88;56, HUGO (AVENUE VICTOR);M;4370484.0;-105256.0;400
23830;201300026430;13;11;28;1735;5;2;3;1.0;3;88;2, CHANZY (RUE);M;4370979.0;-105752.0;400
23831;201300026431;13;12;9;2050;4;2;1;1.0;1;88;12, TORTE (ROUTE DE LA);M;4369448.0;-104781.0;400
23832;201300026433;13;2;6;1430;1;1;1;1.0;3;281;,, KENNEDY (AV DU PDT. J;M;4385570.0;-48177.0;400
23833;201300026434;13;3;1;1135;1;2;1;1.0;6;192;JUIN (V DU MARECHAL);M;4390186.0;-47931.0;400
23834;201300026435;13;4;30;815;1;1;1;8.0;5;281;0, ROCADE SUD RD 824;M;4386639.0;-50857.0;400
23835;201300026436;13;5;13;1036;1;2;1;1.0;4;192;KENNEDY (AV DU PRESIDENT;M;4386282.0;-48589.0;400
23836;201300026438;13;7;4;1100;1;2;3;1.0;3;281;0, SABDE (AV GEORGES);M;4387998.0;-51748.0;400
23837;201300026439;13;7;9;1809;1;2;3;1.0;5;192;0, CREUX (BD DU CHEMIN);M;4388352.0;-48118.0;400
23838;201300026441;13;8;27;805;1;2;1;1.0;1;192;KENNEDY (AV DU PRESIDENT;M;4387168.0;-49070.0;400
23839;201300026443;13;9;9;1615;1;2;6;1.0;3;281;0, KENNEDY (AV DU PDT. J;M;4386702.0;-48855.0;400
23840;201300026444;13;9;16;910;1;1;1;1.0;5;281;ROCADE OUEST (RN 124);M;4386621.0;-50574.0;400
23841;201300026445;13;9;16;805;2;2;1;1.0;4;192;HOUGA (AV DU);M;4387522.0;-47015.0;400
23842;201300026446;13;10;21;2310;3;1;1;1.0;3;192;ROCADE EST (RD 932 E);M;4391147.0;-44996.0;400
23843;201300026447;13;11;29;1630;1;2;1;1.0;6;192;1534, VILLENEUVE (AV DE);M;4388904.0;-46336.0;400
23844;201300026448;13;12;10;1138;1;2;3;1.0;3;192;GROUILLE (RUE DU DOCT;M;4390062.0;-48678.0;400
23845;201300026449;13;12;16;758;2;2;7;1.0;6;192;00, TASSINE 'RUE FERNAND;M;4388675.0;-50211.0;400
23846;201300026450;13;1;2;1525;1;2;1;1.0;6;18;PONT DU GAST (RUE DU);;;;410
23847;201300026451;13;1;3;1750;5;2;1;2.0;6;18;D174;M;4759360.0;135447.0;410
23848;201300026452;13;1;4;923;1;2;1;1.0;7;18;DUGAY-TROUIN (RUE)  NO I;;;;410
23849;201300026453;13;1;14;200;4;2;1;1.0;6;47;RD 2152;M;4761360.0;136169.0;410
23850;201300026454;13;1;14;710;5;2;1;1.0;1;18;VERDUN (AVENUE DE);M;4758940.0;134124.0;410
23851;201300026455;13;1;16;1225;1;2;1;1.0;2;18;42, SAINT-JEAN (QUAI);M;4758980.0;134191.0;410
23852;201300026457;13;2;1;1515;1;2;1;2.0;3;18;GARENNE (RUE DE LA);;;;410
23853;201300026458;13;2;4;1345;1;2;3;1.0;3;18;MARE (RUE DE LA);;;;410
23854;201300026459;13;2;13;1900;5;2;2;1.0;1;18;BESNARD (QUAI ULYSSE);M;4757800.0;132101.0;410
23855;201300026460;13;2;19;1550;1;2;1;1.0;2;47;CHAMPLOUET (RUE DE);;;;410
23856;201300026461;13;2;25;750;1;2;1;4.0;1;18;BONCOUR (BOULEVARD JOSEP;;;;410
23857;201300026462;13;2;27;1750;1;2;1;1.0;7;18;SCHUMAN AV R;;;;410
23858;201300026463;13;3;22;1620;1;2;2;1.0;1;212;NATIONALE (ROUTE);M;4756490.0;136768.0;410
23859;201300026464;13;3;27;1217;1;2;1;1.0;6;18;CAMUS (RUE ALBERT);;;;410
23860;201300026465;13;4;7;1105;1;2;6;1.0;3;212;PATTE D'OIE (ROND POINT);M;4756150.0;137295.0;410
23861;201300026466;13;4;11;1200;1;2;2;1.0;3;18;LATHAM (RUE);;;;410
23862;201300026467;13;5;25;1835;1;2;1;1.0;7;18;GALLOIS (RUE);;;;410
23863;201300026468;13;5;24;1745;1;1;1;3.0;2;212;D 956;M;4756000.0;137326.0;410
23864;201300026469;13;6;14;1820;1;2;6;1.0;5;18;RESISTANCE (PLACE DE LA);;;;410
23865;201300026470;13;6;20;1644;1;2;3;1.0;3;18;FRANCE (AVENUE DE)  1;;;;410
23866;201300026471;13;6;22;130;3;2;1;2.0;7;212;CHATEAU RUE DU);;;;410
23867;201300026472;13;6;26;1835;1;2;1;1.0;3;47;RD 2152;M;4761570.0;136419.0;410
23868;201300026473;13;6;28;1837;1;2;1;2.0;6;47;RD 2152;M;4760480.0;135158.0;410
23869;201300026474;13;7;3;545;3;2;1;2.0;6;18;GAMBETTA (AVENUE);;;;410
23870;201300026477;13;8;12;1345;1;2;1;1.0;3;18;MAUNOURY (AVENUE DU MARE;;;;410
23871;201300026478;13;8;29;1350;1;2;1;1.0;7;18;;;;;410
23872;201300026479;13;8;30;1130;1;1;1;1.0;7;47;LOIRE (LEVEE DE LA);;;;410
23873;201300026481;13;9;25;1730;5;2;1;1.0;2;18;BOURG NEUF (RUE DU);;;;410
23874;201300026482;13;9;27;1128;1;2;1;1.0;7;295;CHAMBORD (ROUTE DE);;;;410
23875;201300026483;13;10;3;1505;1;1;6;1.0;2;212;RD 765 - RD 174;M;4756150.0;137295.0;410
23876;201300026484;13;10;13;315;3;1;1;1.0;7;18;D174;M;4759690.0;135046.0;410
23877;201300026485;13;10;16;1710;1;2;2;3.0;7;18;PAPILLONS (RUE DES);;;;410
23878;201300026486;13;10;31;1335;1;2;1;1.0;3;47;R NATOINALE;M;4760800.0;135520.0;410
23879;201300026489;13;11;19;1754;5;2;1;2.0;2;18;SAINT-JEAN (QUAI);M;4758940.0;134124.0;410
23880;201300026490;13;11;29;1023;1;2;1;1.0;2;18;GALLOIS (RUE);;;;410
23881;201300026491;13;12;15;35;4;2;1;1.0;6;295;221, CHAMBORD (ROUTE DE);M;4757560.0;139708.0;410
23882;201300026492;13;12;14;206;4;2;1;1.0;7;18;SAINT-DYE (LEVEE DE);;;;410
23883;201300026493;13;12;17;1513;1;2;6;1.0;2;18;SCHUMAN (AVENUE ROBERT);;;;410
23884;201300026494;13;12;27;1129;1;2;1;2.0;7;18;VERDUN (AVENUE DE);M;4759760.0;134927.0;410
23885;201300026495;13;12;28;920;1;1;1;1.0;7;18;RD200;M;4761680.0;132874.0;410
23886;201300026496;13;12;28;1140;1;2;1;2.0;1;18;DUPUIS (BOULEVARD DANIEL;M;4758140.0;132338.0;410
23887;201300026497;13;12;30;1935;3;1;1;1.0;7;18;RD 952;M;4756510.0;130272.0;410
23888;201300026498;13;1;10;1735;5;2;1;2.0;2;18;VENDOME (AVENUE DE);;;;410
23889;201300026499;13;2;2;1825;3;2;1;2.0;7;18;DUGAY-TROUIN (RUE);;;;410
23890;201300026500;13;2;12;1740;2;2;1;1.0;6;18;FENELON (RUE);;;;410
23891;201300026501;13;2;22;245;5;1;1;1.0;7;18;D174;M;4758970.0;135964.0;410
23892;201300026502;13;2;27;1838;5;2;1;1.0;6;18;REMPARTS (RUE DES);;;;410
23893;201300026504;13;3;30;1615;1;1;1;2.0;5;18;CHAILLES (LEVEE DE);M;4756960.0;131409.0;410
23894;201300026505;13;4;29;1415;2;2;1;1.0;6;18;16, SAINT-JEAN (QUAI);M;4758840.0;133973.0;410
23895;201300026506;13;5;2;1740;1;2;1;1.0;5;47;MAUNOURY (AVENUE DE MARE;;;;410
23896;201300026507;13;5;31;928;1;2;1;1.0;3;18;SCHUMAN (AVENUE ROBERT);;;;410
23897;201300026508;13;6;18;1759;1;1;1;1.0;2;18;D174;M;4759550.0;135199.0;410
23898;201300026509;13;7;5;1258;1;2;1;1.0;2;18;68, MAUNOURY (AVENUE DU;;;;410
23899;201300026510;13;8;3;1540;1;2;1;1.0;3;18;CHATEAUDUN (AVENUE DE);;;;410
23900;201300026511;13;8;4;1130;1;2;1;1.0;6;18;DUGAY-TROUIN (RUE);;;;410
23901;201300026512;13;8;27;1539;1;2;1;1.0;3;18;147, MAUNOURY (AVENUE DU;;;;410
23902;201300026513;13;9;5;858;1;1;3;1.0;3;47;LES GROBEAUX;M;4762410.0;135392.0;410
23903;201300026515;13;9;20;100;3;1;1;2.0;6;212;RD 765;M;4755560.0;138220.0;410
23904;201300026516;13;9;21;1750;1;2;1;1.0;6;295;CHAMBORD (ROUTE DE);;;;410
23905;201300026517;13;10;3;2000;3;1;3;1.0;3;18;COULANGES (ALLEE DE);;;;410
23906;201300026518;13;10;15;1124;1;2;1;2.0;6;295;GENERAL DE GAULLE (AVENU;;;;410
23907;201300026519;13;10;23;1755;2;2;1;7.0;6;18;DUGAY-TROUIN (RUE)  NO I;;;;410
23908;201300026520;13;11;7;2025;5;2;3;2.0;3;295;TAILLES  (RUE DES);;;;410
23909;201300026521;13;11;10;730;5;1;1;2.0;1;18;RD 952;M;4755650.0;129553.0;410
23910;201300026522;13;11;23;430;4;2;1;1.0;1;18;BONCOUR (BOULEVARD JOSEP;;;;410
23911;201300026523;13;11;30;1836;3;2;1;1.0;6;18;BERTHONNEAU (RUE JULES);;;;410
23912;201300026524;13;3;31;400;5;2;1;1.0;6;194;24, ROCHE (RUE DE LA);M;4735300.0;175127.0;410
23913;201300026525;13;4;24;1915;1;2;3;1.0;6;194;1, CHATEAU (PLACE DU);;;;410
23914;201300026526;13;5;21;900;1;2;1;1.0;7;194;3, LANGON (RUE DE);;;;410
23915;201300026527;13;1;14;1435;1;2;2;1.0;3;269;., KENNEDY (BOULEVARD DU;;;;410
23916;201300026528;13;1;17;1405;1;2;2;1.0;2;269;PARIS (ROUTE DE);M;4781080.0;107385.0;410
23917;201300026529;13;1;25;1510;1;2;1;1.0;4;269;PARIS (ROUTE DE);M;4780030.0;107254.0;410
23918;201300026530;13;2;1;1320;1;1;6;1.0;7;269;., VILLIERS (ROUTE DE);M;4779650.0;101031.0;410
23919;201300026531;13;2;6;1645;1;2;1;1.0;6;269;., RONSARD (AVENUE);M;4779710.0;105368.0;410
23920;201300026532;13;2;17;1905;5;2;1;1.0;3;269;., CHARTRAIN (FAUBOURG);;;;410
23921;201300026533;13;2;27;1425;1;1;1;8.0;2;269;., BLOIS (ROUTE DE);;;;410
23922;201300026534;13;2;27;1530;1;1;1;1.0;7;269;., MANS (ROUTE DU);M;4781090.0;102713.0;410
23923;201300026535;13;3;21;1045;1;1;1;1.0;7;269;BOIS LA BARBE (ROUTE DU);;;;410
23924;201300026536;13;3;23;110;5;2;1;1.0;7;269;41, LECLERC (MAIL DU MAR;;;;410
23925;201300026537;13;3;28;1730;1;2;2;1.0;3;269;., ROOSEVELT (BOULEVARD;;;;410
23926;201300026538;13;12;18;1900;5;2;3;1.0;3;269;108, FATON (RUE DU DOCTE;;;;410
23927;201300026539;13;1;11;1555;1;2;2;1.0;3;269;., ROOSEVELT (BOULEVARD;;;;410
23928;201300026540;13;2;2;1505;1;2;2;1.0;7;269;PARIS (ROUTE DE);M;4779360.0;107615.0;410
23929;201300026541;13;2;16;115;3;1;1;5.0;7;158;VOIE DE PREPATOUR;;;;410
23930;201300026543;13;3;4;950;1;2;1;1.0;3;269;VILLIERS (ROUTE DE);;;;410
23931;201300026544;13;3;12;2050;5;2;2;1.0;3;269;., KENNEDY (BOULEVARD DU;;;;410
23932;201300026545;13;3;22;450;3;2;1;1.0;7;3;36, BEAUGENCY (ROUTE DE);M;4779360.0;108788.0;410
23933;201300026546;13;4;12;1900;1;2;1;1.0;2;269;08, CHARTRAIN (FAUBOURG);;;;410
23934;201300026547;13;5;14;1030;1;2;5;1.0;3;226;PARIS (ROUTE DE);M;4780420.0;107108.0;410
23935;201300026548;13;6;10;1210;1;2;3;1.0;3;269;., CHARTRAIN (FAUBOURG);;;;410
23936;201300026549;13;6;18;1200;1;2;3;3.0;3;269;., ILE DE FRANCE (AVENUE;;;;410
23937;201300026550;13;6;20;250;4;2;2;1.0;7;269;., YVON (AVENUE GERARD);;;;410
23938;201300026551;13;6;21;1155;1;2;5;1.0;6;269;PARIS (ROUTE DE);M;4780380.0;107103.0;410
23939;201300026552;13;6;24;1210;1;2;1;1.0;5;226;BOIS DE L'ORME (ALLEE DU;;;;410
23940;201300026553;13;8;25;5;5;2;2;1.0;3;269;, CHARTRAIN (FAUBOURG);;;;410
23941;201300026554;13;10;11;1900;2;2;1;2.0;2;158;., VALLEE (RUE DE LA);;;;410
23942;201300026555;13;10;15;1715;1;2;2;2.0;3;269;PARIS (ROUTE DE);;;;410
23943;201300026556;13;10;25;1135;1;2;1;8.0;7;269;289, CHAMPLES (RUE DES);;;;410
23944;201300026558;13;11;12;455;5;2;3;1.0;3;158;69, MONTRIEUX (RUE DE);;;;410
23945;201300026559;13;12;5;1810;5;2;1;1.0;6;269;., BALZAC (RUE HONORE DE;;;;410
23946;201300026560;13;12;27;1745;5;2;1;2.0;7;269;41, CHANGE (RUE DU);;;;410
23947;201300026561;13;1;10;850;2;1;1;9.0;6;99;CD 25;M;4538009.0;427308.0;420
23948;201300026562;13;1;9;640;5;1;1;4.0;6;316;LITTRE (RUE EMILE);M;4540537.0;428731.0;420
23949;201300026563;13;1;18;1120;1;2;1;1.0;6;99;25, MOURIER (RUE JOANNES;M;4538778.0;426683.0;420