;Num_Acc;an;mois;jour;hrmn;lum;agg;int;atm;col;com;adr;gps;lat;long;dep
23950;201300026564;13;2;5;1420;1;1;1;8.0;3;316;CD 3;M;4540916.0;425170.0;420
23951;201300026565;13;2;20;610;5;2;1;1.0;6;44;1, JAURES (PLACE JEAN);M;4539663.0;432390.0;420
23952;201300026566;13;3;20;1745;1;2;1;1.0;6;183;RD  88;M;4540295.0;436206.0;420
23953;201300026567;13;3;26;1920;5;2;1;1.0;6;95;CD 3;M;4539110.0;428255.0;420
23954;201300026568;13;3;31;1330;1;1;1;1.0;6;44;34, HUGO (IMPASSE VICTOR;M;4539393.0;432991.0;420
23955;201300026569;13;3;30;1840;1;2;1;2.0;5;183;RD  88;M;4540434.0;436786.0;420
23956;201300026570;13;4;19;1805;1;2;1;1.0;6;95;1, CHAUSSE (PLACE DU CHA;M;4539190.0;429115.0;420
23957;201300026571;13;4;18;1915;1;2;3;1.0;3;95;RD 88;M;4538883.0;428676.0;420
23958;201300026572;13;4;27;1600;1;2;1;2.0;3;95;CD 3;M;4539271.0;429010.0;420
23959;201300026573;13;4;27;2140;3;1;1;4.0;2;183;1, RD 3088;M;4540782.0;436136.0;420
23960;201300026574;13;5;12;1015;1;2;1;1.0;3;316;31, HOLTZER (RUE);M;4539376.0;426948.0;420
23961;201300026575;13;6;3;1800;1;2;1;1.0;3;95;RD 88;M;4538661.0;428406.0;420
23962;201300026576;13;6;16;1230;1;1;3;1.0;3;270;CD 108;M;4539635.0;423496.0;420
23963;201300026578;13;6;30;1446;1;1;1;1.0;7;31;CD 108;M;4542966.0;424248.0;420
23964;201300026579;13;7;6;2335;5;2;1;1.0;3;44;RD 88;M;4539572.0;431818.0;420
23965;201300026580;13;7;17;1820;1;2;1;1.0;6;316;1, PASTEUR (RUE);M;4540148.0;426057.0;420
23966;201300026581;13;7;23;25;5;1;1;1.0;3;270;CD 108;M;4540074.0;423952.0;420
23967;201300026582;13;8;30;1900;1;2;1;1.0;5;183;RD  88;M;4540095.0;435563.0;420
23968;201300026583;13;9;4;1500;1;2;1;1.0;1;316;CD 25;M;4540628.0;426943.0;420
23969;201300026584;13;9;11;1200;1;2;1;1.0;3;183;RD 3088;M;4541159.0;436919.0;420
23970;201300026585;13;9;28;1925;1;2;1;1.0;1;270;CD 108;M;4540070.0;423932.0;420
23971;201300026586;13;9;28;1515;1;2;1;1.0;3;44;1, CITROEN (AVENUE ANDRE;M;4539229.0;430243.0;420
23972;201300026587;13;10;4;1145;1;1;1;1.0;6;183;1, BERAUDIERE (RUE DE LA;M;4540684.0;437971.0;420
23973;201300026588;13;10;14;1715;1;2;1;1.0;3;316;CD 3;M;4539268.0;426930.0;420
23974;201300026589;13;12;1;1745;4;1;1;1.0;6;44;RD 22-a;M;4539510.0;433755.0;420
23975;201300026590;13;11;30;1915;3;1;1;1.0;6;95;RD 88;M;4537899.0;427480.0;420
23976;201300026591;13;12;26;2040;5;2;1;1.0;1;95;CD 500;M;4538635.0;429870.0;420
23977;201300026592;13;5;12;1130;1;1;1;1.0;3;186;DE GAULLE AVENUE CHARLES;M;4551247.0;458521.0;420
23978;201300026593;13;5;25;1500;1;2;1;8.0;6;186;0, FLEURDELIX QUAI;M;4552885.0;461730.0;420
23979;201300026594;13;11;1;2010;5;2;1;1.0;1;103;20, JAURES RUE JEAN;M;4550536.0;457028.0;420
23980;201300026595;13;12;12;15;5;2;1;1.0;6;103;102, PASTEUR RUE LOUIS;M;4549527.0;456180.0;420
23981;201300026596;13;12;21;35;5;2;4;1.0;3;186;1, SEMARD PONT PIERRE;M;4552432.0;460712.0;420
23982;201300026597;13;2;11;1730;2;2;1;1.0;3;187;0, VALMY (BOULEVARD DE);M;4606688.0;408284.0;420
23983;201300026598;13;1;23;914;1;2;1;1.0;6;187;0, PROMENADES POPULLE(PO;M;4603643.0;406491.0;420
23984;201300026599;13;1;25;1330;1;2;1;1.0;6;187;5, CARNOT (AVENUE);M;4603966.0;406663.0;420
23985;201300026600;13;1;24;1315;1;2;1;1.0;6;187;0, CLEMENT (BOULEVARD JE;M;4604492.0;408394.0;420
23986;201300026602;13;1;11;802;2;2;4;2.0;6;187;0, PARIS (AVENUE DE);M;4604202.0;407304.0;420
23987;201300026603;13;1;12;1740;5;2;6;1.0;3;187;0, PROMENADES POPULLE(PO;M;4603631.0;406405.0;420
23988;201300026604;13;1;20;1100;1;2;1;1.0;6;187;0, CLERMONT (RUE DE );M;4603085.0;406714.0;420
23989;201300026605;13;1;24;1520;1;2;4;1.0;3;187;17, HERMINIER (QUAI DU C;M;4603484.0;407876.0;420
23990;201300026607;13;1;27;1705;1;2;1;1.0;2;184;1153, FOCH MARECHAL (RUE;M;4603962.0;403733.0;420
23991;201300026608;13;1;31;1315;1;2;1;1.0;3;187;50, GIRAUD (RUE DU GENER;M;4603393.0;405410.0;420
23992;201300026609;13;2;8;1915;5;2;6;1.0;3;127;0, CORNEILLE PIERRE (RUE;M;4606293.0;406270.0;420
23993;201300026611;13;3;2;1650;1;2;1;1.0;6;187;10, FONTQUENTIN (RUE);M;4603991.0;408063.0;420
23994;201300026612;13;3;10;1555;1;2;1;1.0;2;184;629, FOCH MARECHAL (RUE);M;4603946.0;404426.0;420
23995;201300026613;13;3;8;1650;1;2;1;1.0;6;187;23, MARENGO (RUE);M;4603613.0;407533.0;420
23996;201300026614;13;3;19;1010;1;2;1;1.0;1;187;80, CLERMONT (RUE DE );M;4602692.0;406297.0;420
23997;201300026615;13;3;19;920;1;2;4;1.0;3;187;65, CLERMONT (RUE DE );M;4602877.0;406529.0;420
23998;201300026616;13;4;5;825;1;2;3;2.0;6;187;25, PERI (PLACE GABRIEL);M;4602890.0;406569.0;420
23999;201300026617;13;4;11;1240;1;2;6;1.0;3;184;0, GALLIENI JOSEPH (AVEN;M;4604750.0;405147.0;420
24000;201300026618;13;4;12;1210;1;2;3;1.0;1;187;0, MARENGO (RUE);M;4603765.0;407536.0;420
24001;201300026619;13;4;17;908;1;2;1;1.0;2;187;0, CHARLIEU (RUE DE );M;4604758.0;408225.0;420
24002;201300026620;13;4;20;1040;1;2;2;2.0;3;187;0, DOURDEIN (RUE AUGUSTE;M;4604244.0;405818.0;420
24003;201300026621;13;4;20;1520;1;2;1;2.0;1;71;112, LIBERATION (AVENUE;M;4602635.0;408566.0;420
24004;201300026622;13;3;18;1620;1;2;1;1.0;3;187;75, HERMINIER (QUAI DU C;M;4603945.0;408244.0;420
24005;201300026623;13;3;27;1610;1;2;1;1.0;7;127;28, NOYON (AVENUE DE);M;4607017.0;407442.0;420
24006;201300026625;13;5;5;1240;2;1;1;1.0;6;170;LE CHATELARD (LIEU DIT);M;4604988.0;412877.0;420
24007;201300026627;13;4;29;1345;1;2;1;1.0;2;187;5, CUVIER  (RUE);M;4604784.0;406811.0;420
24008;201300026628;13;4;29;1520;1;1;1;2.0;2;170;0, R.D 504;M;4603418.0;418193.0;420
24009;201300026629;13;5;3;2125;5;2;6;1.0;3;187;0, PROMENADES POPULLE(PO;M;4603691.0;406534.0;420
24010;201300026631;13;5;6;1750;1;2;6;1.0;6;127;0, FONTAINE JEAN  (RUE D;M;4606655.0;406295.0;420
24011;201300026632;13;5;9;2115;5;2;2;3.0;3;187;0, HOCHE (RUE);M;4602857.0;407409.0;420
24012;201300026633;13;5;11;1335;1;2;3;1.0;3;187;FACE 19, PARIS (AVENUE D;M;4605914.0;406060.0;420
24013;201300026634;13;5;15;1900;1;2;1;2.0;1;187;38, RABELAIS (RUE FRANCO;M;4604072.0;405736.0;420
24014;201300026635;13;5;16;1100;1;2;4;2.0;1;187;0, CHARLIEU (RUE DE );M;4604471.0;407990.0;420
24015;201300026636;13;5;16;1125;1;2;1;2.0;3;184;0, OUEST  (BD);M;4604564.0;405733.0;420
24016;201300026637;13;6;16;415;5;2;1;1.0;6;187;1, SAINT-ALBAN (RUE DE );M;4603636.0;406353.0;420
24017;201300026638;13;7;4;2048;2;2;1;1.0;6;187;70, SAMPAIX  (RUE LUCIEN;M;4603039.0;406095.0;420
24018;201300026639;13;7;12;2135;2;2;1;1.0;6;187;55, MULSANT (RUE);M;4603858.0;405813.0;420
24019;201300026640;13;7;15;1944;1;2;6;1.0;3;184;0, MICHEL LOUISE  (RUE);M;4604914.0;405187.0;420
24020;201300026641;13;5;16;1205;1;2;3;2.0;3;187;142, MULSANT (RUE);M;4603969.0;405384.0;420
24021;201300026642;13;5;21;1745;1;2;1;3.0;2;187;207, CHARLIEU (RUE DE );M;4605553.0;408636.0;420
24022;201300026643;13;5;22;1530;1;2;9;1.0;3;170;0, LES PLAINES (LIEU DIT;M;4603451.0;409849.0;420
24023;201300026644;13;5;25;1405;1;2;1;1.0;2;184;MICHEL LOUISE  (RUE);M;4604945.0;405164.0;420
24024;201300026645;13;5;29;1445;1;2;3;2.0;3;187;0, GIRAUD (RUE DU GENERA;M;4603224.0;406472.0;420
24025;201300026646;13;6;1;1245;1;2;2;1.0;3;184;0, Avenue Charlie CHAPLI;M;4602716.0;402542.0;420
24026;201300026647;13;6;8;1245;2;2;2;3.0;3;187;0, MARECHAL JOFFRE (BOUL;M;4605353.0;407878.0;420
24027;201300026648;13;6;7;2035;1;2;1;1.0;6;187;0, LYON (AVENUE DE);M;4603944.0;407720.0;420
24028;201300026649;13;6;10;1500;1;2;1;2.0;1;170;0, R.D 504;M;4603709.0;412227.0;420
24029;201300026650;13;6;13;1610;2;2;1;1.0;2;187;117, PARIS (AVENUE DE);M;4604681.0;406934.0;420
24030;201300026651;13;6;20;2020;2;2;1;1.0;7;184;396, CHARLES DE GAULLE(A;M;4605411.0;406430.0;420
24031;201300026652;13;6;23;2150;5;2;3;1.0;3;187;0, GIRAUD (RUE DU GENERA;M;4603255.0;405982.0;420
24032;201300026653;13;6;26;2140;1;2;1;1.0;3;184;0, OUEST  (BD);M;4603350.0;404519.0;420
24033;201300026654;13;6;30;620;1;2;2;1.0;3;71;0, LIBERATION (AVENUE DE;M;4602348.0;408749.0;420
24034;201300026655;13;6;30;1535;1;2;1;1.0;6;187;36, HERMINIER (QUAI DU C;M;4603652.0;408017.0;420
24035;201300026656;13;6;28;945;1;2;4;1.0;3;127;125, TUILERIES (FUTURE D;M;4607272.0;404340.0;420
24036;201300026657;13;7;6;845;1;2;1;1.0;6;127;0, PARC (RUE DU);M;4608680.0;405779.0;420
24037;201300026658;13;7;9;1145;1;2;1;1.0;2;187;47, SEMARD (RUE PIERRE );M;4603948.0;406147.0;420
24038;201300026659;13;7;10;1730;1;2;6;1.0;3;187;0, MARECHAL JOFFRE (BOUL;M;4605366.0;407346.0;420
24039;201300026660;13;7;11;1105;1;2;1;1.0;6;187;15, CLERMONT (RUE DE );M;4603036.0;406675.0;420
24040;201300026661;13;6;19;1410;1;2;2;1.0;3;187;CHARLIEU (RUE DE );M;4605586.0;408657.0;420
24041;201300026662;13;7;14;1820;1;2;1;1.0;7;187;0, GOUGENOT (RUE J.);M;4602927.0;406557.0;420
24042;201300026663;13;7;26;1955;1;2;1;1.0;7;184;0, OUEST  (BD);M;4604754.0;405152.0;420
24043;201300026664;13;7;19;740;2;2;3;1.0;3;187;0, MARECHAL JOFFRE (BOUL;M;4605343.0;407859.0;420
24044;201300026665;13;7;22;1740;1;2;1;1.0;3;71;Parking LIDL;M;4602782.0;408345.0;420
24045;201300026666;13;7;26;1710;1;2;1;1.0;7;187;5, PUY (RUE JEAN);M;4603814.0;406974.0;420
24046;201300026667;13;7;26;1600;1;2;2;1.0;3;184;0, FARON JULES (RUE);M;4604735.0;403594.0;420
24047;201300026668;13;7;27;1500;1;1;1;1.0;2;127;0, BRIENNON (RT DE);M;4611672.0;407556.0;420
24048;201300026670;13;8;7;1730;1;1;1;1.0;2;170;0, R.D 504;M;4603747.0;410998.0;420
24049;201300026672;13;8;11;1030;1;2;1;1.0;7;71;51 bis, SEMARD (QUAI PIE;M;4602733.0;408256.0;420
24050;201300026674;13;8;13;1740;1;2;1;1.0;2;184;0, OUEST  (BD);M;4605400.0;406403.0;420
24051;201300026675;13;8;15;1930;1;2;1;1.0;2;184;0, FOCH MARECHAL (RUE);M;4604007.0;402810.0;420
24052;201300026676;13;8;17;1602;1;2;4;1.0;2;187;0, DESMOULINS (RUE CAMIL;M;4603358.0;405557.0;420
24053;201300026677;13;8;21;1417;1;2;2;1.0;3;187;38, MATEL (RUE DE );M;4604842.0;408628.0;420
24054;201300026678;13;8;26;855;1;2;1;1.0;7;187;20, BEAULIEU (RUE DE );M;4603480.0;406782.0;420
24055;201300026679;13;9;5;1415;1;2;1;1.0;3;170;0, LE MOULIN TAMPON (LIE;M;4603213.0;409396.0;420
24056;201300026680;13;9;5;1440;1;2;1;1.0;2;127;217, BRIENNON (RT DE);M;4607112.0;407366.0;420
24057;201300026681;13;9;5;1905;1;2;4;1.0;3;187;13, MULSANT (RUE);M;4603790.0;406083.0;420
24058;201300026682;13;9;7;1108;1;2;4;2.0;6;184;187, SAINT-ROMAIN (RUE D;M;4604110.0;405063.0;420
24059;201300026683;13;9;7;1255;1;2;1;1.0;2;71;0, ETINES (BOULEVARD DES;M;4602482.0;409042.0;420
24060;201300026684;13;10;20;2245;5;2;1;1.0;7;187;0, PROMENADES POPULLE (P;M;4603564.0;406515.0;420
24061;201300026685;13;9;17;1710;1;2;1;1.0;5;187;42, SAMPAIX  (RUE LUCIEN;M;4603065.0;406506.0;420
24062;201300026687;13;9;21;1955;5;2;1;1.0;2;187;6, ARISTIDE BRIAND ( PLA;M;4603279.0;407965.0;420
24063;201300026688;13;9;23;1521;1;2;1;1.0;6;187;76, HOCHE (RUE);M;4602816.0;407003.0;420
24064;201300026689;13;9;26;920;1;2;4;1.0;3;187;39, BENOIT (BOULEVARD CA;M;4604839.0;406953.0;420
24065;201300026690;13;9;27;1145;1;2;4;1.0;3;184;0, FOCH MARECHAL (RUE);M;4604010.0;402836.0;420
24066;201300026691;13;10;2;825;1;2;3;1.0;3;187;23, OUDAN (RUE DE L');M;4605178.0;408924.0;420
24067;201300026692;13;10;4;740;2;2;1;2.0;3;187;0, DEPIERRE (RUE PIERRE);M;4603106.0;407566.0;420
24068;201300026693;13;10;8;745;2;2;1;1.0;7;187;0, CENTRALE (AVENUE);M;4606720.0;407624.0;420
24069;201300026695;13;9;24;1915;1;2;1;1.0;6;187;0, VERNES (RUE DES);M;4603070.0;404990.0;420
24070;201300026696;13;11;5;1925;5;2;1;1.0;1;187;87, SEMARD (RUE PIERRE );M;4604215.0;406039.0;420
24071;201300026697;13;10;14;1330;1;2;1;1.0;4;187;5, BELGIQUE (BOULEVARD D;M;4604475.0;407979.0;420
24072;201300026698;13;10;18;1015;1;2;6;1.0;3;187;0, DORIAN (ROND POINT);M;4603377.0;407782.0;420
24073;201300026699;13;10;21;1515;1;2;3;1.0;3;127;0, FRANCE PROLONGEE ANAT;M;4606383.0;406245.0;420
24074;201300026700;13;10;25;1215;1;2;1;1.0;4;71;0, DE GAULLE (BOULEVARD;M;4601684.0;409626.0;420
24075;201300026701;13;10;26;1038;1;2;3;1.0;3;71;0, CARNOT (RUE);M;4603134.0;408382.0;420
24076;201300026702;13;10;26;1550;1;2;1;1.0;3;187;22, HALAGE (CHEMIN DU);M;4602031.0;406195.0;420
24077;201300026703;13;10;30;1130;1;2;3;1.0;3;71;0, CLEMENCEAU (RUE GEORG;M;4601704.0;408614.0;420
24078;201300026704;13;10;30;845;1;2;8;1.0;3;71;LIBERATION (AVENUE DE LA;M;4602196.0;408854.0;420
24079;201300026706;13;11;4;1512;1;2;3;2.0;3;187;30, BELGIQUE (BOULEVARD;M;4604582.0;407454.0;420
24080;201300026708;13;11;7;800;1;2;3;1.0;3;187;0, ARRAS (BOULEVARD D');M;4606419.0;407451.0;420
24081;201300026710;13;11;19;1130;1;2;1;3.0;7;187;0, OUEST (BOULEVARD);M;4604992.0;406351.0;420
24082;201300026711;13;11;19;1600;1;2;3;2.0;7;187;0, PLASSE (RUE GEORGES);M;4603484.0;405830.0;420
24083;201300026712;13;11;20;940;1;2;3;4.0;3;187;0, CAMUS (RUE ALBERT);M;4604129.0;405551.0;420
24084;201300026713;13;11;26;745;2;2;1;2.0;3;187;35, WILSON (RUE DU PRESI;M;4605675.0;409148.0;420
24085;201300026714;13;11;21;1700;5;2;3;2.0;7;187;0, FONTENILLE (RUE);M;4604043.0;407374.0;420
24086;201300026715;13;11;28;800;2;2;1;1.0;2;187;THOMAS (RUE ALBERT);M;4604306.0;407369.0;420
24087;201300026716;13;11;29;1705;2;2;1;1.0;7;184;0, OUEST  (BD);M;4604674.0;405413.0;420
24088;201300026717;13;12;16;1205;1;2;6;1.0;3;127;0, BRIENNON (RT DE);M;4608358.0;408368.0;420
24089;201300026719;13;12;21;1410;1;2;3;1.0;3;187;84, PARIS (AVENUE DE);M;4604713.0;406919.0;420
24090;201300026720;13;12;13;2220;5;2;1;1.0;6;187;80, BELGIQUE (BOULEVARD;M;4604592.0;407190.0;420
24091;201300026721;13;12;2;1450;1;2;1;1.0;3;187;14, MERMOZ (RUE JEAN);M;4603530.0;406191.0;420
24092;201300026722;13;12;3;1800;3;1;1;1.0;7;170;0, FECHET (LIEU DIT);M;4600677.0;415249.0;420
24093;201300026724;13;12;10;1839;5;2;1;1.0;4;187;56, BRISON (RUE);M;4603187.0;406768.0;420
24094;201300026725;13;12;11;1535;1;2;1;1.0;2;170;0, R.D 504;M;4604075.0;414766.0;420
24095;201300026726;13;12;11;2031;5;2;1;1.0;2;187;15, VALMY (BOULEVARD DE);M;4606674.0;408568.0;420
24096;201300026727;13;12;12;1445;1;2;1;1.0;7;71;116, LIBERATION (AVENUE;M;4602638.0;408580.0;420
24097;201300026729;13;12;13;920;1;2;1;1.0;1;187;60, ARRAS (BOULEVARD D');M;4606285.0;407482.0;420
24098;201300026730;13;12;15;1615;1;2;1;1.0;7;184;OUEST  (BD);M;4604775.0;405119.0;420
24099;201300026731;13;12;25;1737;2;2;1;1.0;7;170;LES FRANCHISES (LIEU DIT;M;4603748.0;411845.0;420
24100;201300026732;13;12;24;1840;5;2;3;1.0;3;184;0, SAINT-ROMAIN (RUE DE);M;4604253.0;404812.0;420
24101;201300026733;13;12;30;1015;1;1;3;1.0;3;127;0, BONVERT (RT DE);M;4607979.0;408352.0;420
24102;201300026734;13;1;31;1810;5;2;1;1.0;6;207;18, TROIS FRERES RUE DES;M;4547296.0;450886.0;420
24103;201300026735;13;4;16;1754;1;1;1;1.0;1;53;SAINTE CROIX ROUTE DE;M;4549691.0;462807.0;420
24104;201300026736;13;6;15;2110;1;2;1;1.0;7;207;0, CD 37;M;4548411.0;451999.0;420
24105;201300026737;13;8;29;1150;1;2;4;1.0;4;207;1, GRAVIER AUGUSTE SQUAR;M;4547340.0;451748.0;420
24106;201300026738;13;9;19;1100;1;2;3;1.0;3;110;14, PASTEUR  AVENUE;M;4548633.0;454287.0;420
24107;201300026739;13;10;16;1820;1;2;3;1.0;6;207;0, SEGUIN MARC RUE;M;4547557.0;452006.0;420
24108;201300026740;13;11;6;1455;1;2;3;1.0;3;207;64, COIN ROUTE DU;M;4546830.0;453306.0;420
24109;201300026741;13;11;2;2153;5;2;1;2.0;3;110;17, PASTEUR  AVENUE;M;4548719.0;454478.0;420
24110;201300026742;13;11;7;1930;5;2;1;1.0;6;207;8, GAMBETTA RUE;M;4547371.0;451173.0;420
24111;201300026743;13;10;22;2255;5;2;1;1.0;5;207;61, PETIN GAUDET RUE;M;4546512.0;450798.0;420
24112;201300026744;13;12;2;1150;1;2;1;1.0;4;207;2, ORIOL BENOIT RUE;M;4547732.0;451577.0;420
24113;201300026745;13;12;4;1210;1;2;2;1.0;1;207;12, GILLET FRANCOIS RUE;M;4545681.0;450459.0;420
24114;201300026746;13;12;8;1030;1;2;1;1.0;2;110;63b, PASTEUR  AVENUE;M;4548504.0;453982.0;420
24115;201300026747;13;12;13;1945;5;2;1;9.0;6;110;49, PASTEUR  AVENUE;M;4548588.0;454173.0;420
24116;201300026748;13;12;27;1245;1;2;2;1.0;3;207;67, PETIN GAUDET RUE;M;4546473.0;450779.0;420
24117;201300026749;13;12;21;1950;5;2;1;1.0;2;218;ignor?, SCHEURER KESTNER;M;4545414.0;439427.0;420
24118;201300026750;13;1;2;1230;1;2;1;1.0;6;218;81, SOULIE LOUIS;M;4544859.0;440172.0;420
24119;201300026751;13;1;4;855;2;1;1;2.0;7;223;ROCADE OUEST;M;4544167.0;434228.0;420
24120;201300026752;13;1;5;1150;1;2;6;2.0;3;218;sans, POMPIDOU GEORGES (;M;4545896.0;440795.0;420
24121;201300026753;13;1;7;1247;1;2;1;1.0;3;218;5, KNOBLAUCH LIEUTENANT;M;4545268.0;438240.0;420
24122;201300026754;13;1;18;942;1;2;2;1.0;3;218;124, MONTAT (DE LA) A PA;M;4544308.0;441306.0;420
24123;201300026755;13;1;18;1210;1;2;1;1.0;6;218;FRAISSINETTE ALEXANDRE (;M;4541770.0;441555.0;420
24124;201300026756;13;1;18;1935;5;2;1;9.0;3;218;40, CROIX DE MISSION;M;4542867.0;437290.0;420
24125;201300026757;13;1;21;100;5;2;1;4.0;6;218;FACE 128, BERGSON A PART;M;4546269.0;438054.0;420
24126;201300026760;13;1;24;1545;1;2;1;1.0;6;218;34, JANIN JULES (BD) DES;M;4544881.0;439091.0;420
24127;201300026761;13;1;5;1719;2;2;3;1.0;6;218;SANS, REVOLLIER J-FRANCO;M;4545517.0;437762.0;420
24128;201300026762;13;1;23;1406;1;2;1;1.0;6;218;14, TERRENOIRE (DE) JUSQ;M;4542990.0;441139.0;420
24129;201300026763;13;2;5;1750;3;1;1;4.0;1;189;C.D.10;M;4543889.0;433739.0;420
24130;201300026764;13;2;9;1400;1;2;2;4.0;3;218;FRAISSINETTE ALEXANDRE (;M;4542316.0;442291.0;420
24131;201300026766;13;2;20;1355;1;1;1;1.0;2;330;ROCADE OUEST;M;4546792.0;434384.0;420
24132;201300026767;13;2;22;1754;1;2;1;1.0;3;218;60, NORMANDIE NIEMEN A P;M;4543590.0;441475.0;420
24133;201300026768;13;2;21;1801;1;2;1;8.0;6;218;IGNORE, FAURIEL (COURS);M;4543114.0;439574.0;420
24134;201300026769;13;2;27;1750;1;2;1;1.0;6;189;ESSARTERY;M;4543301.0;433777.0;420
24135;201300026770;13;2;28;2000;5;2;1;1.0;6;218;14, GERENTET;M;4544073.0;438747.0;420
24136;201300026771;13;3;1;650;2;2;2;1.0;3;218;IGNORE, KRUMNOW FREDO (B;M;4543951.0;437868.0;420
24137;201300026772;13;3;2;1720;1;2;3;1.0;3;218;24, CHAVASSIEUX JUSQU'AU;M;4544628.0;436736.0;420
24138;201300026773;13;3;2;1900;5;2;2;1.0;3;218;EVRARD FLORENT A PARTIR;M;4542396.0;437522.0;420
24139;201300026774;13;3;4;1530;1;2;1;1.0;6;218;ignor?, LAMAIZIERE LEON;M;4546818.0;438140.0;420
24140;201300026775;13;3;11;920;1;2;1;1.0;6;218;31, POYLO ALBERT;M;4545833.0;438374.0;420
24141;201300026776;13;3;11;1410;1;2;1;1.0;6;330;06, Avenue de la Cité;M;4546449.0;436772.0;420
24142;201300026777;13;3;11;1730;1;2;1;1.0;6;218;32, JANIN JULES (BD) DES;M;4544881.0;439091.0;420
24143;201300026779;13;3;14;1630;1;2;1;1.0;6;218;45, THIMONNIER A PARTIR;M;4541704.0;439975.0;420
24144;201300026780;13;3;15;1430;1;2;1;1.0;6;218;ignor?, MUSSET ALFRED DE;M;4544512.0;438046.0;420
24145;201300026781;13;3;18;1015;1;2;1;1.0;6;218;33, LIBERATION (AVENUE);M;4543747.0;439309.0;420
24146;201300026782;13;3;16;959;1;2;3;1.0;6;218;01, FABIEN COLONEL;M;4543501.0;443717.0;420
24147;201300026783;13;3;16;1012;1;2;1;1.0;7;218;33, LIOGIER JUSQU'AUX N?;M;4542838.0;440464.0;420
24148;201300026785;13;3;26;1430;1;2;1;1.0;6;218;ignor?, DORIAN (PLACE);M;4543856.0;438869.0;420
24149;201300026786;13;3;28;1710;1;2;2;2.0;1;218;CHAVASSIEUX JUSQU'AUX N?;M;4544650.0;436751.0;420
24150;201300026787;13;3;29;1458;1;1;1;1.0;5;218;RD1082;M;4540064.0;441600.0;420
24151;201300026788;13;4;10;1235;1;2;4;1.0;1;218;SAINT SIMON;M;4545241.0;436557.0;420
24152;201300026789;13;4;10;729;2;2;1;1.0;6;218;08, HOTEL DE VILLE (PLAC;M;4543870.0;438730.0;420
24153;201300026790;13;4;11;1755;1;2;1;1.0;6;218;10, BERTHIER CLAUDE (CHE;M;4541599.0;441694.0;420
24154;201300026791;13;4;12;1430;1;2;1;1.0;6;218;ignor?, ROOSEVELT FRANKL;M;4542120.0;441162.0;420
24155;201300026792;13;4;12;1615;1;2;1;1.0;6;218;29, PUITS THIBAUD (DU);M;4544411.0;440459.0;420
24156;201300026793;13;4;13;2145;5;2;1;1.0;3;218;34, TARENTAIZE;M;4543671.0;438228.0;420
24157;201300026794;13;4;14;5;3;1;1;1.0;6;218;D3;M;4543740.0;426483.0;420
24158;201300026795;13;4;17;1020;1;2;1;1.0;6;218;ignor?, TARENTAIZE;M;4543748.0;438176.0;420
24159;201300026796;13;4;18;1323;1;2;1;1.0;6;189;03, CURIE PIERRE ET MARI;M;4541875.0;431242.0;420
24160;201300026797;13;4;19;1822;1;1;1;1.0;3;237;RD 32;M;4545536.0;445272.0;420
24161;201300026798;13;4;24;1643;1;2;7;1.0;3;218;1, VILLEBOEUF (PLACE);M;4543256.0;439445.0;420
24162;201300026799;13;4;20;1555;1;2;1;2.0;6;218;115, FAURIEL (COURS);M;4542120.0;441104.0;420
24163;201300026800;13;4;26;1225;1;2;2;1.0;3;218;33, VERNET HORACE JUSQU';M;4543059.0;440479.0;420
24164;201300026801;13;5;2;825;1;2;1;1.0;6;218;86, CHARCOT DOCTEURS A P;M;4541734.0;439361.0;420
24165;201300026802;13;5;2;1529;1;2;1;1.0;3;218;IGNORE, VERNEY CARRON CL;M;4546316.0;438223.0;420
24166;201300026803;13;5;9;2020;1;2;2;1.0;3;218;PALLUAT DE BESSET JUSQU';M;4544314.0;437671.0;420
24167;201300026804;13;5;8;456;5;2;2;1.0;3;218;159, DURAFOUR ANTOINE A;M;4542384.0;439622.0;420
24168;201300026805;13;5;11;723;2;2;1;1.0;6;218;02, PALACH JAN;M;4543023.0;441180.0;420
24169;201300026806;13;5;13;845;1;2;1;1.0;3;218;125, VIVALDI ANTONIO (BO;M;4546458.0;440874.0;420
24170;201300026807;13;5;14;1859;1;2;3;1.0;6;218;33, CHAVANELLE (PLACE);M;4543447.0;439282.0;420
24171;201300026808;13;5;16;1705;1;1;1;2.0;2;189;ROCADE OUEST;M;4543794.0;434154.0;420
24172;201300026809;13;5;23;848;1;2;1;1.0;6;218;05, ARAGO;M;4543184.0;439794.0;420
24173;201300026810;13;5;23;1645;1;2;1;1.0;1;218;11, CUVIER;M;4542877.0;439260.0;420