;Num_Acc;an;mois;jour;hrmn;lum;agg;int;atm;col;com;adr;gps;lat;long;dep
24174;201300026811;13;5;29;1050;1;2;2;1.0;6;218;26, CHAMPAGNE JUSQU'AUX;M;4541835.0;439820.0;420
24175;201300026812;13;5;30;1729;1;2;1;1.0;7;218;R.D. N?25;M;4541615.0;430063.0;420
24176;201300026813;13;5;31;1351;1;1;2;2.0;3;218;CHOLAT CHARLES;M;4546494.0;439867.0;420
24177;201300026815;13;6;1;1744;1;2;3;1.0;3;218;FRANCHET D'ESPEREY M. A;M;4543895.0;437754.0;420
24178;201300026816;13;6;10;1335;1;2;2;1.0;3;330;ignor?, CYCLOTOURISTES (;M;4546259.0;435932.0;420
24179;201300026818;13;6;14;2220;5;2;1;1.0;6;189;6, BRAILLE LOUIS (BOULEV;M;4541750.0;431196.0;420
24180;201300026819;13;6;15;1815;1;2;3;1.0;1;218;face au 16, MULLER DES D;M;4544664.0;439800.0;420
24181;201300026820;13;6;13;2330;3;1;1;2.0;7;223;ROCADE OUEST;M;4544282.0;434221.0;420
24182;201300026821;13;6;19;1830;1;2;2;1.0;6;218;DUVAL RAOUL (BOULEVARD);M;4542308.0;438326.0;420
24183;201300026822;13;6;18;2108;2;1;1;1.0;7;218;CD8;M;4539408.0;445580.0;420
24184;201300026823;13;6;21;1250;1;2;1;1.0;6;218;30, JANIN JULES (BD) JUS;M;4544858.0;438979.0;420
24185;201300026824;13;6;23;920;1;1;1;1.0;2;223;ROCADE OUEST;M;4544212.0;434229.0;420
24186;201300026826;13;6;29;1945;1;2;1;2.0;6;218;75, TERRENOIRE (DE) A PA;M;4543454.0;442081.0;420
24187;201300026827;13;7;4;1015;1;2;1;8.0;6;218;42, BERNARD MARTIN;M;4543079.0;438129.0;420
24188;201300026828;13;7;3;1550;1;2;1;1.0;2;218;3, LOUBET (AVENUE PRESID;M;4543603.0;438427.0;420
24189;201300026829;13;7;6;2240;3;1;1;1.0;2;330;ROCADE OUEST;M;4546616.0;434041.0;420
24190;201300026830;13;7;11;625;1;2;1;1.0;6;218;87, VALBENOITE (BD) JUSQ;M;4542478.0;439702.0;420
24191;201300026831;13;7;11;1640;1;2;1;1.0;7;218;SANS, SCHEURER KESTNER;M;4545417.0;439408.0;420
24192;201300026833;13;7;15;1345;1;2;1;1.0;6;218;face 99 b, FAURIEL (COUR;M;4542279.0;440872.0;420
24193;201300026834;13;7;17;1940;1;2;2;1.0;3;218;LAMARTINE;M;4544800.0;438122.0;420
24194;201300026835;13;7;19;100;5;2;3;1.0;6;218;sans, VILLEBOEUF (PLACE);M;4543255.0;439441.0;420
24195;201300026837;13;7;22;1045;1;2;1;1.0;6;218;face au 11, DUCHAMP VICT;M;4544264.0;438030.0;420
24196;201300026838;13;7;24;1925;1;2;3;1.0;7;330;sans, SOULIE LOUIS;M;4547249.0;436242.0;420
24197;201300026839;13;7;24;1924;1;1;1;1.0;7;223;SANS, D3;M;4543687.0;435738.0;420
24198;201300026840;13;7;26;1010;1;2;1;1.0;6;218;50, JANIN JULES (BD) A P;M;4544670.0;439707.0;420
24199;201300026841;13;7;29;1540;1;2;3;1.0;3;218;18, BALAY JUSQU'AUX N? 5;M;4544337.0;438676.0;420
24200;201300026842;13;8;2;750;1;1;1;1.0;1;223;sans, LANDUZIERE (LIEU D;M;4546247.0;431250.0;420
24201;201300026843;13;8;2;1750;1;2;1;1.0;6;218;61, RICHELANDIERE (DE LA;M;4543763.0;440534.0;420
24202;201300026844;13;8;4;1845;1;2;1;1.0;2;218;Bd Martin Bernard;M;4543275.0;438024.0;420
24203;201300026845;13;8;8;1201;1;2;2;3.0;7;218;HAVEURS (DES);M;4542442.0;437490.0;420
24204;201300026846;13;8;14;1445;1;2;2;1.0;3;218;ignor?, VILLEBOEUF (PLAC;M;4543255.0;439442.0;420
24205;201300026847;13;8;16;1330;1;2;1;1.0;1;218;20, CHAVASSIEUX JUSQU'AU;M;4544599.0;436796.0;420
24206;201300026848;13;8;17;2010;1;2;1;1.0;2;237;62, HUGO (VICTOR);M;4544520.0;443254.0;420
24207;201300026849;13;8;18;1915;1;2;1;1.0;6;218;10, FRANCE ANATOLE (PLAC;M;4543043.0;439028.0;420
24208;201300026850;13;8;22;1601;1;2;2;1.0;7;218;10, ROUGET DE L'ISLE A P;M;4544151.0;438793.0;420
24209;201300026852;13;8;23;1323;1;2;6;1.0;3;218;POMPIDOU GEORGES (BOULEV;M;4545814.0;440535.0;420
24210;201300026853;13;8;23;1616;1;2;3;1.0;1;237;63, HUGO (VICTOR);M;4544434.0;443011.0;420
24211;201300026854;13;8;27;850;1;2;1;1.0;6;218;11, PEUPLE (PLACE);M;4543635.0;438811.0;420
24212;201300026855;13;8;27;1630;1;2;1;2.0;1;218;ignor?, HUSS JEAN;M;4545265.0;441526.0;420
24213;201300026856;13;8;28;1700;1;2;1;1.0;3;218;ignor?, FAURIAT (BOULEVA;M;4544512.0;440748.0;420
24214;201300026857;13;8;30;851;1;2;2;1.0;7;218;09, TERRENOIRE (DE) JUSQ;M;4542933.0;440968.0;420
24215;201300026858;13;9;1;1724;1;2;1;1.0;6;218;101, DESTRE DOCTEUR LOUI;M;4543942.0;442517.0;420
24216;201300026860;13;9;4;1655;1;2;1;1.0;6;218;sans, DUVAL RAOUL (BOULE;M;4542361.0;438923.0;420
24217;201300026862;13;9;9;1755;1;2;1;1.0;6;218;53, FAURIEL (COURS);M;4542696.0;440341.0;420
24218;201300026863;13;9;7;940;1;2;2;1.0;3;237;ZOLA EMILE (RUE);M;4544472.0;442241.0;420
24219;201300026864;13;9;15;1515;1;2;3;1.0;3;218;177, BERGSON A PARTIR N?;M;4546159.0;438080.0;420
24220;201300026865;13;9;16;1550;1;2;1;1.0;2;218;42, MONTAT (DE LA) JUSQU;M;4544084.0;440315.0;420
24221;201300026866;13;9;18;840;1;2;1;1.0;3;218;68, FAURIAT (BOULEVARD);M;4544248.0;440828.0;420
24222;201300026867;13;8;29;1351;1;2;3;1.0;6;218;02, ROBESPIERRE;M;4541561.0;439442.0;420
24223;201300026868;13;9;20;1841;1;2;2;1.0;3;218;64, DESTRE DOCTEUR LOUIS;M;4544020.0;442873.0;420
24224;201300026869;13;9;22;1510;1;2;1;1.0;6;218;02, POURCEL ALEXANDRE JU;M;4542365.0;439433.0;420
24225;201300026870;13;9;30;1420;1;2;1;1.0;6;218;9 rue Dupuytren;M;4541346.0;439134.0;420
24226;201300026871;13;10;2;150;5;2;2;1.0;3;218;JOUFFROY;M;4544797.0;438800.0;420
24227;201300026872;13;9;30;2030;5;2;3;1.0;3;218;DESTRE DOCTEUR LOUIS A P;M;4544019.0;442872.0;420
24228;201300026873;13;10;2;1715;1;2;2;1.0;1;305;39, HUGO VICTOR;M;4548236.0;443812.0;420
24229;201300026874;13;10;2;1715;1;2;1;1.0;7;218;40, PATROA (DE) JUSQU'AU;M;4543407.0;442510.0;420
24230;201300026875;13;10;2;1600;1;2;1;1.0;3;305;29, REPUBLIQUE;M;4548047.0;443177.0;420
24231;201300026876;13;10;4;1336;1;2;3;8.0;5;218;CHOLAT CHARLES;M;4546487.0;439880.0;420
24232;201300026877;13;10;6;1115;1;2;1;2.0;3;218;3, CHAT (CHEMIN);M;4543633.0;441095.0;420
24233;201300026878;13;10;6;1552;1;2;2;8.0;3;218;BEAUNIER;M;4544865.0;440338.0;420
24234;201300026879;13;10;3;835;1;2;3;1.0;3;218;ACIERIES (DES);M;4545127.0;439010.0;420
24235;201300026881;13;10;11;1530;1;2;2;1.0;3;218;VERNEY CARRON CLAUDE;M;4546364.0;438228.0;420
24236;201300026883;13;10;12;1545;1;2;3;2.0;6;218;1, PLOTTON JEAN (PLACE);M;4543927.0;438442.0;420
24237;201300026884;13;10;14;1730;1;2;1;8.0;6;218;3, VARLIN EUGENE (ALLEE);M;4544767.0;436618.0;420
24238;201300026887;13;10;17;1310;1;2;1;1.0;7;218;33, CHARCOT DOCTEURS JUS;M;4541991.0;439278.0;420
24239;201300026888;13;10;21;1738;1;2;1;8.0;6;218;34, JANIN JULES (BD) DES;M;4544866.0;439047.0;420
24240;201300026889;13;10;20;2021;5;2;3;1.0;3;305;ignor?, ROSTAND JEAN (BO;M;4546774.0;443271.0;420
24241;201300026892;13;10;30;1940;5;2;2;1.0;3;218;28, DURAFOUR ANTOINE JUS;M;4543074.0;439338.0;420
24242;201300026893;13;11;1;730;2;2;1;1.0;2;218;25, JANIN JULES (BD) A P;M;4544830.0;438927.0;420
24243;201300026894;13;11;1;940;1;2;1;1.0;6;218;115, FAURIEL (COURS);M;4542135.0;441080.0;420
24244;201300026895;13;11;9;1221;1;2;2;1.0;6;218;51, TERRENOIRE (DE) A PA;M;4543372.0;441619.0;420
24245;201300026896;13;11;10;1950;5;2;3;2.0;3;218;ROBESPIERRE;M;4541429.0;439542.0;420
24246;201300026897;13;11;12;1200;1;2;3;1.0;3;218;1, REPUBLIQUE (PLACE DE;M;4544435.0;436370.0;420
24247;201300026898;13;11;13;1740;5;2;4;1.0;6;218;04A, HERRIOT EDOUARD;M;4542743.0;440811.0;420
24248;201300026899;13;11;17;2100;3;2;3;1.0;3;218;43, BOISSON ETIENNE JUSQ;M;4544559.0;438296.0;420
24249;201300026900;13;11;19;944;1;2;1;2.0;3;218;04, NORMANDIE NIEMEN N?1;M;4543832.0;440553.0;420
24250;201300026901;13;11;18;2145;5;2;2;1.0;1;218;07, CHAIZE NICOLAS JUSQU;M;4541817.0;439466.0;420
24251;201300026902;13;11;24;2150;5;2;1;1.0;6;218;02, PYAT FELIX;M;4543484.0;438260.0;420
24252;201300026903;13;11;30;900;1;2;1;1.0;6;218;140, DURAFOUR ANTOINE A;M;4542205.0;439681.0;420
24253;201300026904;13;12;1;313;5;2;2;1.0;3;218;SAINT EXUPERY;M;4546425.0;438198.0;420
24254;201300026905;13;12;2;1202;1;2;1;8.0;6;218;SANS, GIRODET (PLACE);M;4544774.0;438198.0;420
24255;201300026906;13;12;4;1715;5;2;1;1.0;4;218;14, SCHEURER KESTNER;M;4545399.0;439349.0;420
24256;201300026907;13;12;3;925;1;2;2;1.0;3;218;02, VISITATION (DE LA);M;4544781.0;437994.0;420
24257;201300026908;13;12;8;1150;1;2;2;1.0;6;218;MENDES FRANCE PIERRE (BO;M;4543434.0;437961.0;420
24258;201300026909;13;12;8;2005;5;2;1;1.0;6;223;20, MINOIS (BOULEVARD);M;4545039.0;433358.0;420
24259;201300026910;13;12;9;1020;1;2;1;1.0;6;218;11, AVRIL REVEREND PERE;M;4544156.0;437850.0;420
24260;201300026911;13;12;13;920;1;2;1;1.0;6;218;ignor?e, LALO EDOUARD (A;M;4547177.0;440110.0;420
24261;201300026912;13;12;13;1607;1;2;1;1.0;6;218;02, JAURES JEAN (PLACE);M;4544083.0;438747.0;420
24262;201300026913;13;12;17;1325;1;2;1;1.0;6;237;32, HUGO (VICTOR);M;4544644.0;443348.0;420
24263;201300026914;13;12;19;1835;5;2;2;2.0;3;218;33, FAURIAT (BOULEVARD);M;4544511.0;440756.0;420
24264;201300026915;13;1;10;1200;1;2;3;1.0;3;251;R JACQUES VISCOMTE;M;4502910.0;387381.0;430
24265;201300026916;13;1;16;1705;1;2;1;1.0;6;157;AV GEORGES CLEMENCEAU;M;4504160.0;388770.0;430
24266;201300026917;13;1;22;955;1;2;1;1.0;6;157;35 BD SAINT LOUIS;M;4504280.0;388042.0;430
24267;201300026918;13;2;8;1140;1;2;3;1.0;1;157;50 AV D'OURS MONS;;;;430
24268;201300026919;13;2;13;1240;1;2;1;1.0;6;157;10 R VIBERT;;;;430
24269;201300026920;13;2;25;1320;1;2;1;1.0;2;157;13 AV ANDRE SOULIER;;;;430
24270;201300026921;13;5;18;1035;1;2;1;2.0;6;89;AV VAL DU RIOU;;;;430
24271;201300026922;13;6;6;730;1;2;3;1.0;3;41;PC DU 8 MAI 45-CHM LE B;;;;430
24272;201300026923;13;6;27;1615;1;2;1;1.0;6;41;117 AV CHARLES DUPUY;;;;430
24273;201300026924;13;7;5;1910;1;2;1;1.0;3;2;BD DOCTEUR CHANTEMESSE;M;4505000.0;387631.0;430
24274;201300026925;13;7;10;1605;1;2;1;3.0;6;157;BD DU BREUIL;M;4504200.0;388255.0;430
24275;201300026926;13;7;11;1620;1;2;1;1.0;6;157;R ANTOINE MARTIN;;;;430
24276;201300026927;13;8;3;1020;1;2;1;1.0;4;41;RN 88- PONT SUR LA LOIRE;M;4505560.0;391101.0;430
24277;201300026928;13;9;7;2200;5;2;3;2.0;3;157;BD MAR?CHAL JOFFRE;M;4504800.0;389334.0;430
24278;201300026929;13;9;7;1640;1;2;1;2.0;6;157;1-9 BD CHANTEMESSE;M;4504770.0;387831.0;430
24279;201300026930;13;9;18;1015;1;2;1;1.0;6;41;AV CHARLES DUPUY;M;4505040.0;391322.0;430
24280;201300026931;13;9;28;1205;1;2;3;1.0;3;41;COT DE TIREBOEUF;M;4504960.0;390749.0;430
24281;201300026932;13;9;20;1825;1;2;1;1.0;6;41;COT DE TIREBEOUF;M;4504960.0;391246.0;430
24282;201300026933;13;10;7;1648;1;2;1;1.0;6;157;AV GEORGES CLEMENCEAU;M;4504170.0;388754.0;430
24283;201300026934;13;10;12;1830;2;2;1;2.0;3;157;4 PL MICHELET;;;;430
24284;201300026935;13;10;12;1005;1;2;1;2.0;6;2;CHM DE LA BOUTHEZARD;;;;430
24285;201300026936;13;10;17;2105;5;2;1;1.0;6;157;1, R LOUIS PASCAL;;;;430
24286;201300026937;13;10;19;1410;1;2;3;1.0;2;41;8 COT DE TIREBEOUF;M;4504960.0;390751.0;430
24287;201300026938;13;10;21;1150;1;2;4;1.0;2;89;4 AV DE L'ERMITAGE;M;4505270.0;386864.0;430
24288;201300026939;13;11;9;1325;1;2;3;1.0;3;157;93 AV MAR?CHAL FOCH;M;4503300.0;388613.0;430
24289;201300026940;13;11;12;900;1;2;1;1.0;2;89;27, AV DE L'ERMITGE;M;4505420.0;386640.0;430
24290;201300026941;13;11;21;1425;1;2;1;4.0;2;41;57 AV CHARLES DUPUY;M;4504750.0;392485.0;430
24291;201300026942;13;11;25;1545;1;2;1;1.0;6;251;90 AV DE VALS;M;4503130.0;387738.0;430
24292;201300026944;13;12;3;1350;1;2;1;1.0;6;157;ALL PARKING EGLISE DES C;;;;430
24293;201300026945;13;12;10;705;5;2;1;1.0;6;157;R RICHONS DES BRUS;;;;430
24294;201300026946;13;12;13;2223;5;2;2;1.0;3;157;BD DE LA R?PUBLIQUE;;;;430
24295;201300026947;13;12;17;1512;1;2;1;1.0;1;89;15 AV DE MONDON;M;4505220.0;386887.0;430
24296;201300026948;13;12;19;1720;2;2;1;2.0;6;41;11 AV CHARLES DUPUY;M;4504700.0;392619.0;430
24297;201300026949;13;12;31;30;5;2;1;1.0;6;157;2 AV DU VAL VERT;;;;430
24298;201300026950;13;1;8;825;2;2;1;1.0;6;55;41, FLANDIN ( AVENUE DU;;;;440
24299;201300026951;13;1;11;750;3;1;1;1.0;2;132;10, MAHUIT (ROUTE DE);;;;440
24300;201300026952;13;1;13;515;3;2;1;2.0;6;132;24, ORMEAUX (AVENUE DES);;;;440
24301;201300026954;13;3;4;1755;1;2;3;1.0;3;132;NS, HIRONDELLES (AVENUE;;;;440
24302;201300026955;13;4;24;1640;1;2;1;1.0;6;55;GAULLE ( AVENUE DU G?N?R;;;;440
24303;201300026956;13;5;9;1100;1;2;1;1.0;6;132;208, OCEANIDES (BOULEVAR;;;;440
24304;201300026957;13;5;12;1630;1;2;6;1.0;3;55;ANJOU ( AVENUE D' );;;;440
24305;201300026959;13;6;26;500;5;2;1;1.0;6;55;REIMS ( PLACE DE );;;;440
24306;201300026960;13;6;28;1130;1;1;3;1.0;3;132;ERMUR (ROUTE D');;;;440
24307;201300026961;13;7;8;805;1;2;1;1.0;3;132;139, BONNE SOURCE (AVENU;;;;440
24308;201300026962;13;7;8;1725;1;2;1;1.0;2;132;41, LITTORAL (AVENUE DU);;;;440
24309;201300026963;13;7;9;1100;1;2;3;1.0;6;132;NS, LOUISE (AVENUE);;;;440
24310;201300026964;13;7;4;1755;1;2;6;1.0;3;135;NS, LLANTWIT-MAJOR ( AVE;;;;440
24311;201300026965;13;7;28;1115;1;2;9;3.0;6;55;NS, OC?AN ( BOULEVARD DE;;;;440
24312;201300026966;13;8;5;1045;1;2;3;1.0;3;55;0, MIMOSAS (AVENUE DES);;;;440
24313;201300026967;13;8;7;1435;1;2;4;1.0;3;55;RIGAUD ( AVENUE MARCEL );;;;440
24314;201300026968;13;8;8;105;5;2;1;1.0;1;55;ETOILE ( AVENUE DE L' );;;;440
24315;201300026969;13;8;8;1600;1;2;6;1.0;3;132;7, REPUBLIQUE (BOULEVARD;;;;440
24316;201300026970;13;8;18;1300;1;1;1;2.0;6;55;D 213;;;;440
24317;201300026971;13;8;17;335;5;2;2;1.0;6;55;COLLINES ( IMPASSE DES );;;;440
24318;201300026972;13;8;20;1855;1;2;1;1.0;3;132;32, OCEANIDES (BOULEVARD;;;;440
24319;201300026973;13;8;24;1650;1;2;3;1.0;3;55;FRANCHET-D'ESP?REY ( AVE;;;;440
24320;201300026974;13;8;10;1820;1;2;1;1.0;6;55;1, AM?THYSTES ( AVENUE D;;;;440
24321;201300026976;13;8;23;1555;1;2;3;1.0;2;55;28, FLANDIN ( AVENUE DU;;;;440
24322;201300026977;13;8;17;955;1;2;2;1.0;3;55;ONDINES ( AVENUE DES );;;;440
24323;201300026978;13;9;3;1510;1;2;1;1.0;7;132;63, BONNE SOURCE (AVENUE;;;;440
24324;201300026979;13;9;8;1100;1;2;6;1.0;3;55;NS, OC?AN ( BOULEVARD DE;;;;440
24325;201300026980;13;9;9;1915;1;2;1;1.0;7;55;26, JOSSELIN ( AVENUE );;;;440
24326;201300026981;13;10;11;905;1;2;1;1.0;6;55;181, MORANDAIS ( AVENUE;;;;440
24327;201300026982;13;10;29;1835;3;2;3;1.0;3;55;VILLE AUX F?VES ( ROUTE;;;;440
24328;201300026983;13;10;30;755;1;2;6;2.0;6;135;OC?AN ( AVENUE DE L' );;;;440
24329;201300026984;13;10;31;1150;1;1;1;1.0;2;132;BAULOIS (AVENUE DU);;;;440
24330;201300026987;13;12;3;1255;1;2;2;1.0;3;55;NS, JOFFRE ( AVENUE );;;;440
24331;201300026988;13;12;24;1100;1;2;1;1.0;6;132;NS, BAULOIS (AVENUE DU);;;;440
24332;201300026989;13;1;4;400;4;2;1;1.0;6;109;BOULEVARD JOSEPH BOURCY;;;;440
24333;201300026990;13;12;26;905;1;2;1;1.0;6;109;0, RUE FLANDRES DUNKERQU;;;;440
24334;201300026991;13;1;1;725;5;2;2;1.0;3;109;RUE PITRE CHEVALIER;;;;440
24335;201300026992;13;1;2;2220;5;2;2;1.0;6;109;0, BOULEVARD GABRIEL GUI;;;;440
24336;201300026993;13;1;6;550;5;2;1;1.0;6;109;COURS DES 50 OTAGES;;;;440
24337;201300026994;13;1;3;1545;1;2;2;1.0;3;109;., RUE SAINT DENIS;;;;440
24338;201300026995;13;12;19;1910;3;2;1;3.0;7;109;., BOULEVARD JEAN MOULIN;;;;440
24339;201300026996;13;1;9;1840;5;2;1;1.0;2;109;., BOULEVARD MARTIN LUTH;;;;440
24340;201300026997;13;1;7;800;2;1;1;9.0;7;162;RUE DE LA SYONNIERE;;;;440
24341;201300026999;13;1;11;1515;1;2;9;1.0;2;109;00, PLACE VICTOR MANGIN;;;;440
24342;201300027000;13;1;15;1815;5;2;1;1.0;3;109;115, BOULEVARD DU MASSAC;;;;440
24343;201300027001;13;1;15;1000;1;2;1;1.0;6;109;1, SQUARE DES ROSSIGNOLS;;;;440
24344;201300027002;13;1;15;1620;1;2;1;1.0;6;143;20, TABLEAU (RUE FELIX);;;;440
24345;201300027003;13;1;17;1635;1;2;2;1.0;2;109;4, BOULEVARD DE LAUNAY;;;;440
24346;201300027004;13;1;22;1057;1;2;1;1.0;6;114;1, ESPLANADE DU CARDO;;;;440
24347;201300027006;13;1;26;530;5;2;1;1.0;6;109;10, RUE DE PORNICHET;;;;440
24348;201300027007;13;1;29;740;5;2;2;3.0;3;109;0, BOULEVARD DE STALINGR;;;;440
24349;201300027008;13;1;29;1910;5;2;1;2.0;2;190;451, ROUTE DE CLISSON;;;;440
24350;201300027009;13;1;29;850;2;2;1;3.0;3;109;50, BOULEVARD DES BELGES;;;;440
24351;201300027010;13;1;9;1056;1;2;1;2.0;6;109;12, ROUTE DE LA CHAPELLE;;;;440
24352;201300027012;13;2;4;1250;1;2;1;1.0;6;109;8, RUE DU PERRAY;;;;440
24353;201300027013;13;1;4;1200;1;2;1;2.0;6;109;8, RUE DU PERRAY;;;;440
24354;201300027014;13;1;29;1720;1;2;1;9.0;6;114;BOULEVARD MENDES FRANCE;;;;440
24355;201300027016;13;1;28;810;2;2;1;1.0;6;109;00, BOULEVARD LEON BUREA;;;;440
24356;201300027017;13;2;7;1850;1;2;1;9.0;2;109;PONT DE CHEVIRE;;;;440
24357;201300027018;13;2;12;1245;1;2;1;1.0;6;109;CLISSON ( ROUTE DE );;;;440
24358;201300027019;13;2;7;1750;2;2;1;1.0;6;109;1, QUAI HOCHE;;;;440
24359;201300027020;13;2;13;1340;1;2;1;1.0;6;109;61, CLISSON ( ROUTE DE );;;;440
24360;201300027021;13;2;14;1830;2;2;1;1.0;2;109;156, ROUTE DE SAINTE LUC;;;;440
24361;201300027022;13;2;14;908;1;2;1;1.0;7;109;2, AVENUE CARNOT;;;;440
24362;201300027023;13;2;18;1030;1;2;1;1.0;6;109;RUE DU COUDRAY;;;;440
24363;201300027024;13;2;18;1925;5;2;2;1.0;6;109;PONT GENERAL AUDIBERT;;;;440
24364;201300027025;13;2;21;905;1;2;9;1.0;2;109;., BOULEVARD DE LONGCHAM;;;;440
24365;201300027026;13;2;23;715;5;1;1;1.0;6;9;1, PERIPHERIQUE SUD;;;;440
24366;201300027027;13;2;24;1810;1;1;2;1.0;6;109;RUE MAUVOISINS;;;;440
24367;201300027028;13;2;19;1030;1;2;1;9.0;6;162;RUE AMERIGO VESPUCCI;;;;440
24368;201300027029;13;3;6;1000;1;2;1;1.0;3;109;RUE MARCEL PAUL;;;;440
24369;201300027030;13;3;6;1642;1;2;6;1.0;3;162;0, BOULEVARD FRANCOIS MI;;;;440
24370;201300027031;13;3;10;515;5;2;8;2.0;6;109;117, RUE DU LANDREAU;;;;440
24371;201300027032;13;3;10;940;1;2;1;1.0;2;109;32, BOULEVARD DE LA FRAT;;;;440
24372;201300027033;13;3;4;2245;5;2;2;1.0;3;109;., RUE DE STRASBOURG;;;;440
24373;201300027034;13;3;7;830;1;2;1;1.0;6;162;7, QUAI EMILE CORMERAIS;;;;440
24374;201300027035;13;3;13;910;1;2;1;1.0;3;109;4, CHEMIN DU PONT L'ARCH;;;;440
24375;201300027036;13;2;18;745;2;2;6;1.0;3;109;0, ROUTE DE PARIS;;;;440
24376;201300027037;13;3;15;745;2;2;6;1.0;3;109;0, ROUTE DE PARIS;;;;440
24377;201300027038;13;2;10;745;2;2;6;1.0;3;109;0, ROUTE DE PARIS;;;;440
24378;201300027039;13;3;16;1050;1;2;1;1.0;2;109;0, PONT ANNE DE BRETAGNE;;;;440
24379;201300027040;13;3;17;1245;1;2;3;3.0;7;109;27, BOULEVARD DES BELGES;;;;440
24380;201300027041;13;3;16;1545;1;1;1;1.0;2;114;0, PERIPHERIQUE ROUTIER;;;;440
24381;201300027042;13;3;13;1630;1;2;1;1.0;3;114;172, ROUTE DE VANNES;;;;440
24382;201300027043;13;3;12;1235;1;2;2;8.0;3;109;RUE DE LA MAISON BLANCHE;;;;440
24383;201300027044;13;3;15;1735;1;2;1;1.0;6;162;RUE DU CONGO;;;;440
24384;201300027045;13;3;5;1200;1;2;1;1.0;2;162;0, BOULEVARD DU TERTRE;;;;440
24385;201300027047;13;3;23;1315;1;2;1;1.0;7;109;., BOULEVARD JEAN PHILIP;;;;440
24386;201300027048;13;3;22;1755;1;2;1;2.0;1;109;4, BOULEVARD EUGENE ORIE;;;;440
24387;201300027049;13;3;22;1400;1;2;1;1.0;3;109;0, BOULEVARD GENERAL DE;;;;440
24388;201300027050;13;3;21;1000;1;2;1;3.0;3;162;000, BOULEVARD WINSTON C;;;;440
24389;201300027051;13;3;3;1000;1;2;1;1.0;6;109;PLACE DE LA PETITE HOLLA;;;;440
24390;201300027053;13;3;22;1640;1;2;2;1.0;3;109;0, BOULEVARD GENERAL DE;;;;440
24391;201300027054;13;3;28;2009;2;2;1;1.0;3;109;44, RUE DES 3 ROIS;;;;440
24392;201300027055;13;4;2;2020;5;2;2;1.0;2;109;0, RUE SAINT LEONARD;;;;440
24393;201300027056;13;3;28;1130;1;2;1;1.0;6;162;ROUTE DE VANNES;;;;440
24394;201300027057;13;4;1;1655;1;2;6;1.0;6;162;BOULEVARD MARCEL PAUL;;;;440
24395;201300027058;13;4;4;1130;1;2;1;1.0;3;109;0, RUE FELIX MENETRIER;;;;440
24396;201300027059;13;4;6;1247;1;2;1;8.0;7;109;25, RUE JULES SIMON;;;;440
24397;201300027060;13;4;14;350;5;2;1;1.0;6;109;RUE PREMION;;;;440
24398;201300027061;13;4;6;955;1;2;1;1.0;2;109;0, PONT SAINT MIHIEL;;;;440
24399;201300027062;13;4;2;1545;1;2;1;1.0;6;143;AVENUE DE LA VENDEE;;;;440
24400;201300027063;13;4;8;2240;2;2;2;1.0;2;109;0, RUE LA TOUR D'AUVERGN;;;;440
24401;201300027064;13;4;9;1820;1;2;1;1.0;4;114;PERIPHERIQUE ROUTIER;;;;440
24402;201300027065;13;4;12;825;1;2;1;1.0;6;109;2, RUE PAUL BELLAMY;;;;440
24403;201300027066;13;4;14;19;5;2;1;1.0;2;109;21, BOULEVARD DE LAUNAY;;;;440
24404;201300027067;13;4;14;1740;1;2;1;1.0;6;109;4, RUE HENRI IV;;;;440
24405;201300027068;13;4;17;1740;1;2;1;1.0;6;114;213, ROUTE DE RENNES;;;;440
24406;201300027069;13;4;12;1715;1;2;1;1.0;6;190;RUE DE L'ALLEE VERTE;;;;440
24407;201300027070;13;4;14;550;2;2;1;1.0;3;190;0, AVENUE DE LA MARTELLI;;;;440
24408;201300027071;13;4;18;1930;2;2;1;1.0;6;190;20, RUE DE LA COMMUNE DE;;;;440
24409;201300027073;13;4;26;725;1;1;1;1.0;6;162;0, BOULEVARD PROFESSEUR;;;;440
24410;201300027074;13;4;12;1645;1;2;1;1.0;6;109;264, ROUTE DE VANNES;;;;440
24411;201300027075;13;4;29;1815;1;2;1;1.0;3;109;0, BOULEVARD GUY MOLLET;;;;440
24412;201300027076;13;4;29;1715;1;2;2;1.0;3;114;0, RUE DE VINCENNES;;;;440
24413;201300027077;13;5;3;2040;1;2;3;1.0;5;109;, BOULEVARD ERNEST DALBY;;;;440
24414;201300027078;13;5;4;635;1;1;1;1.0;2;143;PERIPHERIQUE;;;;440
24415;201300027079;13;5;5;1130;1;1;1;1.0;3;162;PORTE D' ARMOR;;;;440
24416;201300027081;13;5;10;1140;1;2;2;1.0;6;109;PLACE VICTOR MANGIN;;;;440
24417;201300027082;13;5;11;2200;5;2;3;1.0;3;109;BOULEVARD JEAN MONNET;;;;440
24418;201300027083;13;5;12;1410;1;2;1;1.0;6;109;11, RUE URBAIN LE VERRIE;;;;440
24419;201300027084;13;5;10;1725;1;2;1;1.0;2;162;QUAI EMILE CORMERAIS;;;;440
24420;201300027085;13;5;8;1000;1;2;6;2.0;6;109;0, BOULEVARD DU TERTRE;;;;440
24421;201300027087;13;5;15;1550;1;1;1;1.0;6;109;4, BOULEVARD LELASSEUR;;;;440