;Num_Acc;an;mois;jour;hrmn;lum;agg;int;atm;col;com;adr;gps;lat;long;dep
24422;201300027088;13;5;17;735;1;2;6;1.0;6;109;BOULEVARD PROFESSEUR JAC;;;;440
24423;201300027089;13;5;18;1810;1;2;1;1.0;6;109;00, RUE DU CORPS DE GARD;;;;440
24424;201300027090;13;5;18;1345;1;2;1;1.0;6;109;QUAI DE LA FOSSE;;;;440
24425;201300027091;13;5;18;1115;1;2;2;1.0;2;109;ROUTE DE VANNES;;;;440
24426;201300027092;13;5;23;300;5;2;1;1.0;6;109;RUE GEORGE SAND;;;;440
24427;201300027094;13;5;25;2030;1;2;2;1.0;3;162;AVENUE DE LA BARAUDIERE;;;;440
24428;201300027095;13;5;22;1800;1;2;1;1.0;7;162;., RUE D'AVRANCHES;;;;440
24429;201300027096;13;5;25;2315;5;2;1;1.0;6;143;AVENUE LEON BLUM;;;;440
24430;201300027097;13;5;26;1930;1;2;2;1.0;6;109;RUE DU JAMET;;;;440
24431;201300027098;13;5;24;1915;1;2;6;1.0;3;162;0, BOULEVARD SALVADOR AL;;;;440
24432;201300027099;13;5;23;1515;1;2;3;1.0;3;109;00, ROUTE DE SAINTE LUCE;;;;440
24433;201300027100;13;5;27;1325;1;2;1;1.0;2;162;64, RUE DE LA GARE;;;;440
24434;201300027102;13;5;29;745;1;2;1;1.0;7;109;., BOULEVARD GUY MOLLET;;;;440
24435;201300027103;13;6;1;2020;1;2;1;1.0;6;143;0, PERIPHERIQUE;;;;440
24436;201300027104;13;6;1;1854;1;2;1;1.0;2;143;RUE DES SORINIERES;;;;440
24437;201300027105;13;6;1;1640;1;2;3;1.0;6;114;0, RUE HUBERT DE LA BROS;;;;440
24438;201300027106;13;6;1;510;3;2;1;1.0;3;109;0, RUE DE SAINT DOMINGUE;;;;440
24439;201300027107;13;6;8;325;5;2;1;1.0;6;109;QUAI PRESIDENT WILSON;;;;440
24440;201300027108;13;6;7;2225;3;2;1;2.0;3;109;LADMIRAULT (PL);;;;440
24441;201300027110;13;6;11;900;1;2;1;2.0;6;109;62 ter, BOULEVARD LELASS;;;;440
24442;201300027111;13;6;11;1713;1;2;3;2.0;3;109;BOULEVARD GABRIEL LAURIO;;;;440
24443;201300027112;13;6;11;850;1;2;1;2.0;2;109;BOULEVARD PRESIDENT RENE;;;;440
24444;201300027113;13;6;10;1820;1;2;2;1.0;6;162;AVENUE DES SPORTS;;;;440
24445;201300027114;13;6;1;730;5;2;1;9.0;6;109;00, RUE DE BREA;;;;440
24446;201300027116;13;6;11;1650;1;2;1;1.0;6;109;000, RUE ROMAIN ROLLAND;;;;440
24447;201300027117;13;8;14;1505;1;2;1;1.0;6;109;BOULEVARD JEAN MONNET;;;;440
24448;201300027119;13;6;16;45;5;2;9;1.0;1;109;BOULEVARD DE CARDIFF;;;;440
24449;201300027121;13;6;15;2130;1;2;1;1.0;6;143;RUE DES OUCHES;;;;440
24450;201300027123;13;6;21;1708;1;2;9;1.0;6;162;0, AVENUE LOUIS GUILLOUX;;;;440
24451;201300027124;13;6;25;700;1;2;2;1.0;6;109;BOULEVARD DE LA LIBERTE;;;;440
24452;201300027125;13;6;25;1510;1;2;1;1.0;6;143;24, RUE GEORGES BARBEAU;;;;440
24453;201300027126;13;6;25;1515;1;2;1;1.0;7;109;., BOULEVARD MARTIN LUTH;;;;440
24454;201300027128;13;6;23;1625;1;2;1;1.0;6;109;15, RUE DU BOUILLON;;;;440
24455;201300027129;13;6;27;1550;1;2;1;1.0;6;190;ROUTE DE CLISSON;;;;440
24456;201300027130;13;6;22;920;1;2;6;1.0;6;162;0, BOULEVARD FRANCOIS MI;;;;440
24457;201300027132;13;7;2;1550;1;2;1;1.0;3;109;BOULEVARD PRESIDENT RENE;;;;440
24458;201300027133;13;7;3;655;2;2;2;2.0;6;109;ROUTE DE PARIS;;;;440
24459;201300027134;13;4;2;745;1;2;1;1.0;6;143;QUAI MARCEL BOISSARD;;;;440
24460;201300027135;13;7;5;625;1;2;1;1.0;6;109;8, BOULEVARD ALBERT EINS;;;;440
24461;201300027136;13;7;8;1840;1;1;1;1.0;3;109;BOULEVARD DE LA PRAIRIE;;;;440
24462;201300027137;13;7;9;1840;1;2;3;1.0;6;109;RUE DES RENARDS;;;;440
24463;201300027138;13;7;10;2055;1;2;3;1.0;6;109;BOULEVARD DES AMERICAINS;;;;440
24464;201300027139;13;7;10;1910;1;2;1;1.0;6;109;0, RUE DE LA COULEE;;;;440
24465;201300027140;13;7;12;1625;1;2;1;1.0;6;109;0, BOULEVARD LEON BUREAU;;;;440
24466;201300027141;13;7;5;1515;1;2;1;1.0;2;162;., BOULEVARD SALVADOR AL;;;;440
24467;201300027142;13;7;16;924;1;2;1;1.0;1;109;COURS JOHN KENNEDY;;;;440
24468;201300027143;13;7;8;950;1;2;1;1.0;6;109;00, BOULEVARD JEAN INGRE;;;;440
24469;201300027144;13;7;18;955;1;2;6;1.0;3;162;., BOULEVARD FRANCOIS MI;;;;440
24470;201300027145;13;7;17;2150;1;2;1;1.0;6;109;0, BOULEVARD JULES VERNE;;;;440
24471;201300027146;13;7;23;1220;1;2;9;1.0;3;109;BOULEVARD DE CARDIFF;;;;440
24472;201300027147;13;7;22;1400;1;2;1;1.0;6;114;PERIPHERIQUE ROUTIER;;;;440
24473;201300027148;13;7;21;1805;1;2;1;1.0;6;190;RUE DE LA CROIX BINE;;;;440
24474;201300027149;13;7;27;1415;1;2;2;3.0;3;109;BOULEVARD HENRY ORRION;;;;440
24475;201300027150;13;7;25;1350;1;2;1;1.0;6;109;0, PONT WILLY BRANDT;;;;440
24476;201300027151;13;8;5;2100;1;2;1;1.0;2;109;BOULEVARD LELASSEUR;;;;440
24477;201300027152;13;8;1;2100;1;2;1;1.0;6;190;0, BOULEVARD DES PAS ENC;;;;440
24478;201300027154;13;8;6;2317;5;2;3;1.0;6;109;0, RUE MARECHAL JOFFRE;;;;440
24479;201300027155;13;8;8;1300;1;2;1;1.0;6;109;2, PLACE DU 11IEME TRAIN;;;;440
24480;201300027157;13;8;17;1015;1;2;1;1.0;1;109;x, BOULEVARD DE STALINGR;;;;440
24481;201300027158;13;8;16;630;1;2;1;1.0;6;162;0, BOULEVARD PROFESSEUR;;;;440
24482;201300027159;13;8;18;1100;1;2;1;2.0;6;109;0, RUE PAUL BELLAMY;;;;440
24483;201300027160;13;8;21;745;1;2;2;1.0;6;143;0, RUE ARISTIDE BRIAND;;;;440
24484;201300027161;13;8;24;830;1;2;1;1.0;7;143;RUE DE LA PIERRANE;;;;440
24485;201300027162;13;8;23;1610;1;2;1;1.0;2;109;0, CHAUSSEE DE LA MADELE;;;;440
24486;201300027163;13;8;22;1620;1;2;1;1.0;6;109;BOULEVARD RENE CASSIN;;;;440
24487;201300027164;13;8;22;1715;1;2;9;1.0;3;109;00, PLACE DE LA CROIX BO;;;;440
24488;201300027165;13;8;23;1715;1;2;1;1.0;6;109;0, BOULEVARD SAINT AIGNA;;;;440
24489;201300027166;13;10;16;1208;1;2;9;9.0;6;190;2, RUE PIERRE MENDES FRA;;;;440
24490;201300027167;13;8;26;1555;1;2;1;1.0;1;162;125, RUE ROBERT SCHUMAN;;;;440
24491;201300027168;13;9;2;1200;1;2;1;1.0;6;109;BOULEVARD GUSTAVE ROCH;;;;440
24492;201300027169;13;9;3;1055;1;1;3;1.0;6;109;BOULEVARD DE DOULON;;;;440
24493;201300027170;13;9;3;820;1;2;6;7.0;3;162;BOULEVARD CHARLES DE GAU;;;;440
24494;201300027171;13;9;6;1610;1;2;6;1.0;3;109;0, IMPASSE DU PROGRES;;;;440
24495;201300027172;13;9;9;2245;5;2;6;1.0;6;109;0, RUE DE L'OUCHE BURON;;;;440
24496;201300027173;13;9;5;2300;5;2;2;1.0;6;109;0, COUR DE LA BROCANTE;;;;440
24497;201300027174;13;9;6;1655;1;2;1;1.0;6;109;33, RUE DES USINES;;;;440
24498;201300027176;13;9;6;1946;1;2;1;1.0;6;109;0, BOULEVARD JEAN MONNET;;;;440
24499;201300027177;13;9;10;1830;1;2;2;1.0;6;109;ROUTE DE PARIS;;;;440
24500;201300027180;13;9;9;735;1;2;3;2.0;3;109;BOULEVARD GENERAL DE GAU;;;;440
24501;201300027181;13;9;11;1025;1;2;1;1.0;6;109;23, BOULEVARD DU TERTRE;;;;440
24502;201300027182;13;9;12;2000;2;2;3;1.0;3;109;0, RUE DE LA PATOUILLERI;;;;440
24503;201300027183;13;9;10;1310;1;2;9;1.0;6;114;ROUTE DE VANNES;;;;440
24504;201300027184;13;9;10;1310;1;2;1;1.0;6;109;58, BOULEVARD JOLIOT CUR;;;;440
24505;201300027185;13;9;13;1823;1;2;3;1.0;6;109;0, BOULEVARD GABRIEL LAU;;;;440
24506;201300027186;13;9;12;1630;1;2;1;1.0;6;109;BOULEVARD BOULAY PATY;;;;440
24507;201300027187;13;9;15;1602;1;2;1;1.0;1;109;., RUE CHARLES PERRON;;;;440
24508;201300027188;13;9;13;1842;2;2;1;1.0;6;109;BOULEVARD RENE CASSIN;;;;440
24509;201300027189;13;9;15;1400;1;2;1;9.0;3;109;AVENUE CARNOT;;;;440
24510;201300027190;13;9;16;1805;1;2;3;1.0;3;114;., 75;;;;440
24511;201300027191;13;9;18;2315;5;2;2;1.0;6;109;0, ROUTE DE PARIS;;;;440
24512;201300027192;13;9;22;630;5;1;1;1.0;6;109;0, QUAI DES ANTILLES;;;;440
24513;201300027193;13;9;5;759;2;2;1;1.0;7;109;00, BOULEVARD GENERAL DE;;;;440
24514;201300027194;13;9;19;1710;1;2;1;1.0;6;190;0, RUE DES BERLAGUTS;;;;440
24515;201300027195;13;9;16;2315;5;2;1;9.0;3;109;000, COURS DES 50 OTAGES;;;;440
24516;201300027196;13;10;16;935;1;2;6;8.0;2;143;0, ROND-POINT JEAN VANO;;;;440
24517;201300027197;13;9;26;1150;1;2;1;2.0;2;109;83, RUE DES RENARDS;;;;440
24518;201300027198;13;9;29;1400;1;2;2;1.0;6;109;0, ROUTE DE PARIS;;;;440
24519;201300027199;13;9;25;1840;1;2;6;1.0;3;162;0, BOULEVARD SALVADOR AL;;;;440
24520;201300027200;13;10;1;1635;1;2;1;2.0;6;109;32, RUE DU CHAMP DE TIR;;;;440
24521;201300027201;13;9;30;1330;1;2;1;1.0;1;143;4, AVENUE DE LA IVEME RE;;;;440
24522;201300027202;13;9;28;1540;1;2;1;2.0;6;190;BOULEVARD DES PAS ENCHAN;;;;440
24523;201300027203;13;10;3;1303;1;2;1;1.0;6;109;1, PLACE PIRMIL;;;;440
24524;201300027204;13;10;3;715;2;2;1;2.0;6;109;face 99, BOULEVARD DU TE;;;;440
24525;201300027205;13;10;2;1745;1;2;1;1.0;7;109;81, RUE GASTON TURPIN;;;;440
24526;201300027206;13;10;2;1750;1;2;1;1.0;3;109;11, BOULEVARD JULES VERN;;;;440
24527;201300027207;13;10;1;1920;1;2;1;2.0;3;162;ROUTE DE VANNES;;;;440
24528;201300027208;13;10;2;715;2;2;1;1.0;4;194;CHEMIN D'ORVAULT;;;;440
24529;201300027209;13;9;27;1325;1;2;1;1.0;2;162;58, QUAI EMILE CORMERAIS;;;;440
24530;201300027210;13;10;3;1720;1;2;1;1.0;6;109;., BOULEVARD MICHELET;;;;440
24531;201300027211;13;10;2;1555;1;2;1;1.0;6;143;17, AVENUE DES PYRENEES;;;;440
24532;201300027212;13;10;9;835;1;2;3;1.0;3;162;39, BOULEVARD DU TERTRE;;;;440
24533;201300027213;13;10;6;1300;1;2;1;1.0;3;109;1, BOULEVARD DU TERTRE;;;;440
24534;201300027214;13;10;9;1620;1;2;1;1.0;3;109;146, BOULEVARD DES BELGE;;;;440
24535;201300027215;13;10;10;1500;1;2;1;1.0;3;109;BOULEVARD LELASSEUR;;;;440
24536;201300027216;13;10;10;1650;1;2;1;1.0;6;109;QUAI DE LA FOSSE;;;;440
24537;201300027218;13;2;12;2320;5;2;2;1.0;3;109;., BOULEVARD ERNEST DALB;;;;440
24538;201300027219;13;10;8;1650;2;2;1;1.0;6;162;00, PLACE DE PREUX;;;;440
24539;201300027220;13;10;15;1930;5;2;1;2.0;1;109;PONT DE PIRMIL;;;;440
24540;201300027221;13;10;12;1600;1;2;1;1.0;6;109;BOULEVARD LEON BUREAU;;;;440
24541;201300027222;13;10;18;1245;1;2;1;1.0;2;109;0, BOULEVARD DE SEATTLE;;;;440
24542;201300027223;13;10;19;1225;1;2;3;1.0;6;109;., RUE FANNY PECCOT;;;;440
24543;201300027224;13;10;20;1030;1;2;1;1.0;3;109;ROUTE DE PARIS;;;;440
24544;201300027225;13;10;18;1825;1;2;1;1.0;7;109;., RUE DES CHALATRES;;;;440
24545;201300027226;13;10;18;2150;4;2;1;1.0;6;172;0, PERIPHERIQUE EST;;;;440
24546;201300027227;13;10;21;800;5;2;1;1.0;6;109;10, RUE FOURE;;;;440
24547;201300027228;13;10;21;1715;1;2;1;9.0;3;109;26, BOULEVARD RENE CASSI;;;;440
24548;201300027229;13;10;21;1855;2;2;1;9.0;6;109;0, RUE LUCIEN BAGRIN;;;;440
24549;201300027230;13;10;24;740;5;2;1;2.0;3;114;., ESPLANADE DU CARDO;;;;440
24550;201300027231;13;10;27;245;5;2;1;6.0;6;109;BOULEVARD SALVADOR ALLEN;;;;440
24551;201300027232;13;10;28;1750;2;2;1;1.0;6;109;6, RUE COPERNIC;;;;440
24552;201300027233;13;10;28;1325;1;2;1;1.0;6;162;0, BOULEVARD DE LA BAULE;;;;440
24553;201300027234;13;10;30;1630;1;2;1;1.0;6;109;0, BOULEVARD ERNEST DALB;;;;440
24554;201300027236;13;11;3;320;3;1;1;3.0;6;162;75;;;;440
24555;201300027238;13;11;3;520;5;2;3;1.0;3;114;ROUTE DE RENNES;;;;440
24556;201300027239;13;11;5;1455;1;2;1;1.0;3;109;BOULEVARD DE L'EGALITE;;;;440
24557;201300027240;13;11;2;825;1;2;1;1.0;3;20;PERIPHERIQUE SUD;;;;440
24558;201300027241;13;8;22;1415;1;2;1;1.0;6;109;RUE HONORE DAUMIER;;;;440
24559;201300027242;13;11;6;655;3;2;1;1.0;6;114;0, PERIPHERIQUE ROUTIER;;;;440
24560;201300027243;13;11;12;550;5;2;1;2.0;6;143;RUE ARISTIDE BRIAND;;;;440
24561;201300027244;13;11;9;740;2;2;1;1.0;2;109;ROUTE DE SAINT JOSEPH;;;;440
24562;201300027245;13;11;9;1430;1;2;1;1.0;6;109;BOULEVARD VINCENT GACHE;;;;440
24563;201300027246;13;11;10;1150;1;2;1;2.0;6;109;29, BOULEVARD PASTEUR;;;;440
24564;201300027247;13;11;7;1200;1;2;1;3.0;6;109;88, RUE DE LA BOURGEONNI;;;;440
24565;201300027248;13;10;27;200;3;2;1;1.0;6;109;RUE DE L'HOTEL DE VILLE;;;;440
24566;201300027249;13;11;12;1630;1;2;2;1.0;6;109;0, RUE DESAIX;;;;440
24567;201300027251;13;11;14;645;5;2;1;1.0;7;109;7, RUE SAINT JEAN BAPTIS;;;;440
24568;201300027252;13;11;16;820;1;2;1;1.0;7;109;111, BOULEVARD DE LA FRA;;;;440
24569;201300027253;13;11;15;1020;1;2;1;1.0;3;109;89, QUAI DE LA FOSSE;;;;440
24570;201300027254;13;11;16;800;1;2;1;1.0;6;109;1, RUE GASTON VEIL;;;;440
24571;201300027255;13;11;16;1345;1;2;1;1.0;2;109;BOULEVARD DU MASSACRE;;;;440
24572;201300027256;13;11;12;905;1;2;1;1.0;6;109;1, PONT WILLY BRANDT;;;;440
24573;201300027257;13;11;19;2015;5;2;2;1.0;6;109;RUE D'IRLANDE;;;;440
24574;201300027259;13;11;8;850;1;2;1;1.0;2;109;PONT DE CHEVIRE;;;;440
24575;201300027260;13;11;26;1510;1;2;1;1.0;6;109;0, BOULEVARD GABRIEL LAU;;;;440
24576;201300027261;13;11;26;1820;1;2;3;1.0;3;109;ROUTE DE VERTOU;;;;440
24577;201300027262;13;11;30;1210;1;2;1;1.0;7;109;0, ROUTE DE SAINT JOSEPH;;;;440
24578;201300027263;13;12;1;205;5;2;1;1.0;6;109;38, RUE DE STRASBOURG;;;;440
24579;201300027264;13;12;2;827;1;2;1;1.0;6;109;RUE DES RENARDS;;;;440
24580;201300027265;13;11;21;1500;1;2;1;9.0;6;109;5/7, RUE DU PONT SAUVETO;;;;440
24581;201300027266;13;12;3;1950;5;2;1;1.0;3;190;ROUTE DE CLISSON;;;;440
24582;201300027267;13;11;28;825;1;2;1;1.0;2;162;17, RUE THEOPHILE GUILLO;;;;440
24583;201300027268;13;12;7;1655;2;2;6;1.0;6;109;0, ROUTE DE SAINTE LUCE;;;;440
24584;201300027269;13;12;7;1410;1;2;1;1.0;3;109;RUE DE BEL AIR;;;;440
24585;201300027270;13;12;9;1400;1;2;1;1.0;3;109;BOULEVARD JULES VERNE;;;;440
24586;201300027271;13;12;9;1550;1;2;1;7.0;6;114;0, PARVIS DE L'EUROPE;;;;440
24587;201300027272;13;12;6;1200;1;2;1;1.0;7;109;158, RUE GENERAL BUAT;;;;440
24588;201300027273;13;12;11;1840;5;2;1;1.0;7;109;, RUE GAETAN RONDEAU;;;;440
24589;201300027275;13;12;14;1135;1;2;2;1.0;3;109;PLACE RENE BOUHIER;;;;440
24590;201300027276;13;12;16;1620;1;2;1;1.0;6;109;RUE DE LA CORNOUAILLE;;;;440
24591;201300027277;13;12;14;1730;5;2;1;1.0;6;162;0, PLACE OCEANE;;;;440
24592;201300027278;13;12;16;1210;1;2;1;1.0;7;143;RUE ARISTIDE BRIAND;;;;440
24593;201300027280;13;12;16;1752;5;2;1;1.0;7;143;., AVENUE ANDRE MALRAUX;;;;440
24594;201300027281;13;12;19;1800;5;2;8;1.0;3;109;0, AVENUE DE LA GARE DE;;;;440
24595;201300027282;13;12;26;440;4;2;1;9.0;3;109;00, RUE DU PORT BOYER;;;;440
24596;201300027284;13;12;29;630;5;2;1;9.0;3;109;30, RUE PAUL BELLAMY;;;;440
24597;201300027285;13;12;20;1235;1;2;1;1.0;6;109;BOULEVARD RENE CASSIN;;;;440
24598;201300027286;13;12;23;1925;5;2;1;3.0;6;109;143, RUE GENERAL BUAT;;;;440
24599;201300027288;13;1;8;1815;5;2;2;1.0;7;184;COMBES (RUE EMILE);;;;440
24600;201300027289;13;1;9;815;1;2;3;1.0;3;184;VERNE (RUE JULES);;;;440
24601;201300027291;13;1;16;1440;1;2;1;1.0;7;184;LAENNEC (BD DU DR REN?);;;;440
24602;201300027292;13;1;22;1850;5;2;1;1.0;3;184;42, HALLES (RUE DES) DU;;;;440
24603;201300027293;13;1;25;425;5;2;1;1.0;7;184;ZOLA (BOULEVARD EMILE);;;;440
24604;201300027295;13;1;29;1830;5;2;1;2.0;6;184;14, G?T? (RUE DU CDT) DU;;;;440
24605;201300027296;13;1;31;1940;5;2;1;2.0;2;184;17, LAENNEC (BD DU DR RE;;;;440
24606;201300027297;13;2;2;1730;1;2;1;1.0;2;184;BASSINS (ROUTE DES);;;;440
24607;201300027298;13;2;10;1755;5;2;1;2.0;6;184;MICHEL ANGE (RUE);;;;440
24608;201300027299;13;2;12;1730;1;2;2;1.0;3;184;BOURGEOIS (RUE L?ON) DU;;;;440
24609;201300027300;13;2;19;1640;1;2;2;1.0;3;184;GRENAPIN (RUE PITRE);;;;440
24610;201300027301;13;2;25;1745;1;2;2;1.0;3;184;PELICANS (ALLEE DES);;;;440
24611;201300027302;13;2;26;1815;1;2;1;1.0;3;184;TROENES (RUE DES);;;;440
24612;201300027303;13;2;28;1810;5;2;3;1.0;3;184;SARRAIL (RUE DU GENERAL);;;;440
24613;201300027304;13;3;6;1020;1;2;1;1.0;7;184;TATI (PLACE JACQUES);;;;440
24614;201300027305;13;3;21;1310;1;2;1;2.0;7;184;6, AVALIX (CHEMIN D');;;;440
24615;201300027306;13;3;23;1650;1;2;1;1.0;7;184;SAINT-NAZAIRE (AVENUE DE;;;;440
24616;201300027307;13;3;25;1445;1;2;1;1.0;7;184;24, ALBERT I (BOULEVARD);;;;440
24617;201300027308;13;3;26;825;1;2;1;1.0;3;184;42, UNIVERSIT? (BOULEVAR;;;;440
24618;201300027309;13;3;26;1545;1;2;1;1.0;2;184;RD 213;;;;440
24619;201300027310;13;4;2;810;1;2;1;1.0;3;184;RN 171 (DU PONT SNCF A ?;;;;440
24620;201300027311;13;4;2;1530;1;2;1;1.0;3;184;18, PENHOET (AVENUE DE);;;;440
24621;201300027312;13;4;2;1715;1;2;3;1.0;3;184;LEFERME (BOULEVARD PAUL);;;;440
24622;201300027313;13;4;4;1725;1;2;1;1.0;7;184;HALLES (RUE DES) DU 38 A;;;;440
24623;201300027314;13;4;4;1405;1;2;1;1.0;7;184;59, JAURES (RUE JEAN) DU;;;;440
24624;201300027315;13;4;7;2025;2;2;1;1.0;3;184;37, BASSINS (ROUTE DES);;;;440
24625;201300027316;13;4;8;855;1;2;1;2.0;7;184;115, H?PITAL (BOULEVARD;;;;440
24626;201300027317;13;4;17;1110;1;2;1;1.0;7;184;BROODCOORENS (RUE) DU 12;;;;440
24627;201300027318;13;4;20;1700;1;2;1;1.0;2;184;RD 492 DU RP EINSTEIN AU;;;;440
24628;201300027319;13;4;20;1210;1;2;1;1.0;2;184;BASSINS (ROUTE DES);;;;440
24629;201300027320;13;4;19;1710;1;2;2;1.0;3;184;BIGNON-BAGUET (CHEMIN DU;;;;440
24630;201300027322;13;4;24;1915;1;2;1;1.0;7;184;48, GUTENBERG (RUE JEAN);;;;440
24631;201300027323;13;4;29;845;1;2;7;1.0;3;184;MAC? (RUE JEAN);;;;440
24632;201300027324;13;5;3;1015;1;2;1;1.0;7;184;JAURES (RUE JEAN) DU 01;;;;440
24633;201300027325;13;5;9;1900;1;2;2;1.0;3;184;LONGUET (RUE CHARLES);;;;440
24634;201300027326;13;5;10;1500;1;2;3;1.0;3;184;ALBERT I (BOULEVARD) DU;;;;440
24635;201300027327;13;5;11;2030;1;2;1;1.0;6;184;51, BUISSON (RUE FERDINA;;;;440
24636;201300027328;13;5;14;1140;1;2;6;1.0;3;184;CRAN NEUF (ROUTE DE);;;;440
24637;201300027329;13;5;14;1730;1;2;1;1.0;2;184;19, AUBINAIS (ROUTE DES);;;;440
24638;201300027330;13;5;14;1945;1;2;2;1.0;2;184;CROIX AMISSE (RUE DE LA);;;;440
24639;201300027331;13;5;15;1630;1;2;2;1.0;3;184;LIB?RATION (BOULEVARD DE;;;;440
24640;201300027332;13;5;16;1330;1;2;2;1.0;3;184;LE NOTRE (RUE ANDR?);;;;440
24641;201300027333;13;5;29;1100;1;2;2;2.0;7;184;ANJOU (RUE D') DU 51 AU;;;;440
24642;201300027334;13;6;10;1430;1;2;1;1.0;2;184;19, LANDETTES (ROUTE DES;;;;440
24643;201300027335;13;6;14;550;2;2;1;1.0;6;184;59, C?TE D'AMOUR (RTE DE;;;;440
24644;201300027337;13;6;29;700;2;2;1;1.0;6;184;50, GRENAPIN (RUE PITRE);;;;440
24645;201300027338;13;7;6;2110;2;2;2;1.0;3;184;40, DAQUIN (ALL?E LOUIS);;;;440
24646;201300027339;13;7;5;1925;1;1;6;1.0;2;184;RD 213;;;;440
24647;201300027340;13;7;13;1355;1;2;3;1.0;6;184;0, VIEILLE VILLE (QUAI D;;;;440
24648;201300027341;13;7;16;1120;1;2;1;1.0;3;184;RD 492 DU RP OC?ANIS AU;;;;440
24649;201300027342;13;7;17;1255;1;2;6;1.0;6;184;COTY (BOULEVARD REN?);;;;440
24650;201300027343;13;7;20;1520;1;2;4;1.0;7;184;SAINT-NAZAIRE (AVENUE DE;;;;440
24651;201300027344;13;7;22;1220;1;1;6;1.0;2;184;RN 171 (CRAN NEUF AU PON;;;;440
24652;201300027345;13;7;26;1545;1;2;2;1.0;7;184;MAUDES (RUE DE);;;;440
24653;201300027346;13;8;1;1725;1;2;1;1.0;1;184;LAITERIE (ROUTE DE LA);;;;440
24654;201300027347;13;8;3;1920;1;2;3;1.0;3;184;29, VECQUERIE (RUE DE LA;;;;440
24655;201300027349;13;8;8;2100;1;2;2;1.0;3;184;RENAISSANCE (BOULEVARD D;;;;440
24656;201300027350;13;8;15;1930;1;2;1;1.0;7;184;79, TRIGNAC (RUE DE);;;;440
24657;201300027351;13;8;19;1900;1;2;2;1.0;3;184;BIGNON-BAGUET (CHEMIN DU;;;;440
24658;201300027352;13;8;19;1520;1;2;1;1.0;7;184;9, MOZART (RUE WOLFGANG;;;;440
24659;201300027353;13;8;22;1335;1;2;1;1.0;6;184;RD 492 DU RP OC?ANIS AU;;;;440
24660;201300027354;13;8;25;1250;1;2;2;1.0;3;184;SPORTS (AVENUE DES);;;;440
24661;201300027355;13;8;23;2300;5;2;1;1.0;7;184;109, R?PUBLIQUE (AVENUE;;;;440
24662;201300027356;13;8;26;1235;1;2;2;1.0;2;184;LECHAT (RUE AUGUSTE BAPT;;;;440
24663;201300027357;13;8;26;1530;1;2;9;1.0;2;184;RD 213;;;;440
24664;201300027358;13;8;26;2242;5;2;1;1.0;7;184;115, R?PUBLIQUE (AVENUE;;;;440
24665;201300027359;13;9;2;2230;5;2;1;1.0;7;184;P?RI (RUE GABRIEL);;;;440
24666;201300027360;13;9;3;1405;1;1;1;1.0;7;184;BLANCHO (PLACE FRAN?OIS);;;;440
24667;201300027361;13;9;3;1540;1;2;1;1.0;7;184;BRICHAUX (PLACE LOUIS);;;;440
24668;201300027362;13;9;4;805;1;2;1;1.0;3;184;COUBERTIN (AVENUE PIERRE;;;;440
24669;201300027363;13;9;8;2045;5;2;1;1.0;3;184;OC?ANIS (ROND-POINT);;;;440
24670;201300027364;13;9;10;1240;1;2;3;1.0;3;184;LEFERME (BOULEVARD PAUL);;;;440
24671;201300027365;13;9;12;1335;1;2;3;1.0;3;184;LEFERME (BOULEVARD PAUL);;;;440
24672;201300027366;13;9;13;1405;1;2;3;1.0;3;184;GAUTIER (RUE HENRI) DU 2;;;;440
24673;201300027367;13;9;14;1955;1;2;3;1.0;3;184;LESSEPS (AVENUE DE) DU 4;;;;440
24674;201300027368;13;9;13;2200;5;2;1;1.0;6;184;41, STALINGRAD (RUE DE);;;;440
24675;201300027369;13;9;18;1340;1;2;3;1.0;3;184;B?AC (ROUTE DE);;;;440
24676;201300027371;13;9;25;1530;1;2;2;1.0;2;184;MAUPERTUIS (BD DE) DU 01;;;;440
24677;201300027372;13;9;27;1200;1;2;1;1.0;2;184;52, BERLIOZ (AVENUE HECT;;;;440
24678;201300027373;13;10;5;620;2;2;1;1.0;7;184;34, QU?BRAIS (ROUTE DES);;;;440
24679;201300027374;13;10;4;1310;1;2;1;1.0;7;184;4, SUNDERLAND (BOULEVARD;;;;440
24680;201300027375;13;10;7;1520;1;2;2;1.0;3;184;LONGUET (RUE CHARLES);;;;440
24681;201300027376;13;10;8;750;3;2;1;1.0;4;184;RD 492 DU RP EINSTEIN AU;;;;440
24682;201300027377;13;10;10;1600;1;2;1;1.0;4;184;RD 213;;;;440
24683;201300027378;13;10;11;800;1;2;2;1.0;1;184;GAUTIER (RUE HENRI) DU 9;;;;440
24684;201300027379;13;10;11;1015;1;2;1;1.0;4;184;RD 213;;;;440
24685;201300027380;13;10;15;2105;5;2;1;2.0;3;184;14, COMMANDIERES (ROUTE;;;;440
24686;201300027381;13;10;18;1635;1;2;6;1.0;3;184;PONT BOULLET (ROND-POINT;;;;440
24687;201300027382;13;10;25;740;5;2;1;2.0;6;184;63, MICHEL ANGE (RUE);;;;440
24688;201300027383;13;11;15;745;2;2;1;1.0;3;184;LANDETTES (Rond Point);;;;440
24689;201300027384;13;12;6;1015;1;2;3;1.0;3;184;DUMONT D'URVILLE (BOULEV;;;;440
24690;201300027385;13;12;6;1655;1;2;1;1.0;7;184;RD 492 DU RP EINSTEIN AU;;;;440
24691;201300027386;13;12;9;1320;1;2;1;1.0;2;184;COMMANDIERES (ROUTE DES);;;;440
24692;201300027387;13;12;10;1610;1;2;1;1.0;6;184;RD 213;;;;440