;Num_Acc;an;mois;jour;hrmn;lum;agg;int;atm;col;com;adr;gps;lat;long;dep
24693;201300027388;13;12;14;1330;1;2;1;1.0;2;184;RN 171 (CRAN NEUF AU PON;;;;440
24694;201300027389;13;12;13;1855;5;2;1;2.0;7;184;39, JAURES (RUE JEAN) DU;;;;440
24695;201300027390;13;1;3;2050;5;2;2;2.0;3;208;R PASTEUR/E.DECOURT/SCHE;M;4799827.0;274641.0;450
24696;201300027391;13;1;4;845;2;1;1;2.0;6;4;BT D 2007 VERS D 2060;M;4798487.0;274201.0;450
24697;201300027392;13;1;25;1220;1;2;2;8.0;3;68;R VOLTAIRE/CAMILLE DESMO;M;4803649.0;273917.0;450
24698;201300027393;13;1;30;1155;1;2;2;2.0;3;208;D 815/AV COCHERY/D 943;M;4800361.0;274197.0;450
24699;201300027395;13;2;3;52;3;1;1;1.0;6;4;LES SARRADINS;M;4798592.0;283627.0;450
24700;201300027396;13;2;8;1858;3;1;1;2.0;3;208;LES CLOSIERS;M;4799231.0;274086.0;450
24701;201300027397;13;2;14;1330;1;2;2;3.0;3;68;R MARCEL BLANCHET/ORMES;M;4800932.0;270543.0;450
24702;201300027398;13;2;23;2117;5;2;1;4.0;6;208;33 AV GL DE GAULLE;M;4800327.0;273634.0;450
24703;201300027399;13;2;28;1634;1;2;1;1.0;2;4;100 RTE ST FIRMIN DES VI;M;4797557.0;274206.0;450
24704;201300027401;13;3;7;1928;3;1;1;1.0;2;338;ROUTE NATIONALE 60;M;4798912.0;268420.0;450
24705;201300027402;13;3;9;1655;1;2;1;1.0;6;68;R EDOUARD LALO;M;4800578.0;271962.0;450
24706;201300027403;13;3;11;1348;1;2;2;1.0;5;68;R FOLIE/G. JALLION;M;4801787.0;270971.0;450
24707;201300027404;13;3;15;944;1;2;1;1.0;6;208;120 R DEPORTES ET INTERN;M;4799447.0;274455.0;450
24708;201300027405;13;3;16;1545;1;2;1;1.0;2;208;75 RUE DE LA SIRENE;M;4800244.0;272601.0;450
24709;201300027406;13;3;18;1005;1;2;1;8.0;6;208;RUE DE VERDUN;;;;450
24710;201300027407;13;3;19;1508;1;2;6;7.0;3;4;GIRATOIRE R EUROPE;M;4797823.0;272906.0;450
24711;201300027408;13;3;15;1808;1;2;1;1.0;2;208;35 R VIMORY;M;4799118.0;272479.0;450
24712;201300027409;13;3;23;515;5;2;1;1.0;6;208;92 BIS R A.COQUILLET;M;4799033.0;273237.0;450
24713;201300027410;13;4;17;1918;1;2;3;1.0;3;68;R DEMI LUNE/DEMI LUNE;M;4802231.0;273622.0;450
24714;201300027411;13;4;19;1115;1;2;1;1.0;6;68;R DU 23 AOUT;M;4801145.0;271979.0;450
24715;201300027412;13;4;23;749;1;1;1;1.0;3;4;D2060;M;4800578.0;281004.0;450
24716;201300027413;13;4;24;1618;1;1;2;1.0;3;4;R BRUYERES/GUE PIOCHE;M;4799029.0;278503.0;450
24717;201300027414;13;4;24;1928;1;2;4;1.0;6;208;D 2007/AV GL DE GAULLE;M;4800396.0;273683.0;450
24718;201300027415;13;4;29;1515;1;2;3;1.0;3;4;R NIVELLE/PIERRE SEMARD;M;4798933.0;274677.0;450
24719;201300027416;13;4;28;1230;1;2;1;1.0;3;208;RD 2007;;;;450
24720;201300027417;13;5;6;1540;1;2;2;1.0;3;338;R J.MERMOZ/R PLANTES;M;4798111.0;271641.0;450
24721;201300027418;13;5;7;755;1;2;1;1.0;6;338;4 R MARYSE BASTIE;M;4798169.0;272172.0;450
24722;201300027419;13;5;9;1435;1;2;4;1.0;3;338;R PARC/R STADE;M;4799502.0;269563.0;450
24723;201300027420;13;5;16;1520;1;1;1;2.0;3;4;D2060;;;;450
24724;201300027421;13;5;17;1825;1;2;1;1.0;6;68;R JEAN LAMY;M;4800462.0;273082.0;450
24725;201300027422;13;5;24;1526;1;2;4;2.0;2;208;BRETELLE/R EUROPE;M;4799652.0;274001.0;450
24726;201300027423;13;5;24;1620;1;1;4;3.0;3;4;D2007/BRETELLE D93;M;4797723.0;274096.0;450
24727;201300027424;13;5;28;1920;1;1;1;2.0;6;338;D 2060;M;4794514.0;271362.0;450
24728;201300027425;13;5;30;1616;1;2;1;3.0;6;208;21 PL DE LA  REPUBLIQUE;M;4799603.0;273338.0;450
24729;201300027426;13;6;2;1305;1;2;1;1.0;1;208;150 R PAUL DOUMER;M;4800203.0;274239.0;450
24730;201300027427;13;6;14;1000;1;1;1;1.0;3;4;D 2007;M;4796668.0;273403.0;450
24731;201300027428;13;6;21;1945;1;2;1;1.0;6;4;59 R DES COQUELICOTS;M;4798928.0;275045.0;450
24732;201300027429;13;6;25;1715;1;2;1;1.0;6;208;27 FG DE LA CHAUSSEE;M;4799801.0;274170.0;450
24733;201300027430;13;7;6;1025;1;2;1;1.0;3;4;557 R ST FIRMIN DES VIGN;M;4797724.0;273672.0;450
24734;201300027431;13;7;3;825;1;2;4;2.0;3;338;R CHAMBON/BRETELLE;M;4798739.0;269467.0;450
24735;201300027432;13;7;2;845;1;2;2;1.0;3;338;R G.SAND/A.DUMAS;M;4798466.0;271107.0;450
24736;201300027433;13;7;12;1235;1;1;3;1.0;3;4;R COULEVREUX/BRETELLE D2;M;4798562.0;276934.0;450
24737;201300027434;13;7;19;1720;1;2;1;1.0;6;68;R DU GUE AUX BICHES;M;4802279.0;272722.0;450
24738;201300027435;13;7;24;910;1;2;1;1.0;6;338;R LIBERATION;M;4798964.0;269297.0;450
24739;201300027436;13;8;7;1210;1;2;1;8.0;6;68;87 Bis AV GL LECLERC;M;4801332.0;273918.0;450
24740;201300027437;13;8;9;1855;1;2;1;1.0;3;4;PARKING LECLERC;M;4797745.0;273124.0;450
24741;201300027438;13;8;23;1605;1;2;1;1.0;2;4;1336 AV ANTIBES;M;4797532.0;273330.0;450
24742;201300027439;13;8;31;1605;1;2;1;1.0;1;4;R JEAN MONNET;M;4797802.0;273231.0;450
24743;201300027440;13;8;27;1224;1;2;1;1.0;2;208;233 R  MENGIN;M;4800743.0;274091.0;450
24744;201300027441;13;9;1;1130;1;2;1;1.0;2;208;CHAUTEMPS (AVENUE L.M);M;4800573.0;274479.0;450
24745;201300027442;13;6;30;2253;5;2;1;1.0;1;68;26 R ROGER SALENGRO;M;4801559.0;271611.0;450
24746;201300027443;13;8;1;842;1;2;1;7.0;6;208;42 AV GENERAL DE GAULLE;M;4800451.0;273745.0;450
24747;201300027444;13;9;16;910;1;2;3;2.0;3;4;R COOPERATIVE/CHARPENTIE;M;4797048.0;275545.0;450
24748;201300027445;13;9;27;1722;1;1;1;1.0;4;208;RN7 (CLOSIERS);;;;450
24749;201300027446;13;9;27;1530;1;2;1;1.0;6;4;1176 AV ANTIBES;M;4797688.0;273324.0;450
24750;201300027447;13;9;30;1425;1;2;1;1.0;3;4;348 R DU VERNISSON;M;4798037.0;272863.0;450
24751;201300027448;13;10;2;1310;1;1;1;1.0;2;4;196 R MARECHAL JUIN;M;4797468.0;277539.0;450
24752;201300027449;13;10;5;1400;1;2;3;1.0;4;208;D 2007/AV GL DE GAULLE;M;4800375.0;273695.0;450
24753;201300027450;13;10;5;1515;1;2;1;1.0;3;208;LAC(ALLEE DE LA RESIDENC;;;;450
24754;201300027451;13;10;9;940;1;2;2;1.0;6;208;DEPORTES INTERNE R/FG CH;M;4799794.0;274325.0;450
24755;201300027452;13;10;11;1603;1;2;2;2.0;5;68;R FERNAND BOUTET/GAMBETT;M;4801304.0;273131.0;450
24756;201300027453;13;10;15;1550;1;2;2;2.0;6;68;R GATINAIS/ORMES;M;4801113.0;270803.0;450
24757;201300027454;13;10;17;815;2;2;2;1.0;3;68;R VICTOR HUGO/JEAN JAURE;M;4801279.0;273773.0;450
24758;201300027455;13;10;26;1759;1;2;4;1.0;5;68;R CHATEAU EAU/ORMES;M;4801295.0;271008.0;450
24759;201300027456;13;10;26;1837;1;1;1;1.0;2;338;RD 2060;;;;450
24760;201300027457;13;10;31;927;1;2;1;1.0;5;208;111 R ANDRE COQUILLET;M;4798742.0;273245.0;450
24761;201300027458;13;11;17;311;3;2;1;1.0;6;4;215 RTE DE PAUCOURT;M;4800455.0;276976.0;450
24762;201300027459;13;11;22;2223;5;2;1;2.0;6;208;16 RTE DE VIROY;M;4799537.0;274944.0;450
24763;201300027460;13;11;26;1407;1;2;3;1.0;3;208;AV GAILLARDIN/FG ORLEANS;M;4799409.0;272605.0;450
24764;201300027461;13;11;8;1705;2;2;1;1.0;6;68;27 RUE DE LA PONTONNERIE;M;4800109.0;272515.0;450
24765;201300027462;13;11;28;1533;1;2;1;1.0;6;208;2 BD BELLES MANIERES;M;4799484.0;273294.0;450
24766;201300027463;13;12;6;450;5;2;3;2.0;3;68;AV GL LECLERC/R CONDORCE;M;4802139.0;273720.0;450
24767;201300027465;13;12;12;2332;5;2;1;1.0;6;68;17 R DU 23 AOUT;M;4800857.0;272211.0;450
24768;201300027467;13;11;7;1705;2;2;2;1.0;3;208;R J.F KENNEDY/MALATRE;M;4799565.0;272037.0;450
24769;201300027468;13;12;17;1830;5;2;1;1.0;6;208;6 R ADOLPHE CHOCHERY;M;4800193.0;273661.0;450
24770;201300027469;13;12;30;1920;3;2;3;2.0;3;68;R KLEBER/VOIE LIVRAISON;M;4800759.0;273882.0;450
24771;201300027470;13;1;7;1255;1;2;2;1.0;3;274;R CHALET/R CORDELLES;M;4788202.0;195223.0;450
24772;201300027471;13;1;11;1530;1;2;4;1.0;5;232;D 15/D 2271;M;4784025.0;187768.0;450
24773;201300027473;13;1;13;1805;2;2;2;1.0;3;285;AV P.M FRANCE/AUCHAN/CIR;M;4790436.0;186526.0;450
24774;201300027475;13;1;20;240;3;2;1;4.0;6;147;R ANDRE DESSAUX;M;4792927.0;189729.0;450
24775;201300027476;13;1;21;2120;5;2;3;2.0;3;234;RTE OLIVET/BRETELLE;M;4788144.0;190345.0;450
24776;201300027477;13;1;28;1745;2;2;3;1.0;3;169;RTE NATIONALE/GRAND PUIT;M;4792151.0;185329.0;450
24777;201300027478;13;1;30;1920;5;2;6;2.0;6;234;R BOLIERE/VINCENT AURIOL;M;4783296.0;193012.0;450
24778;201300027479;13;1;30;1815;5;2;1;2.0;6;234;53 BASSE D'INGRE;M;4790557.0;188846.0;450
24779;201300027480;13;2;5;1015;1;2;1;2.0;6;234;R BOURGOGNE;M;4789999.0;190493.0;450
24780;201300027481;13;2;15;140;3;1;1;1.0;6;286;RTE SANDILLON;M;4786966.0;195393.0;450
24781;201300027482;13;2;17;1540;1;2;1;1.0;3;234;AV PARC FLORAL//PK;M;4784668.0;193998.0;450
24782;201300027483;13;2;19;750;1;2;1;1.0;3;234;42/44 Q MADELEINE;M;4789802.0;188124.0;450
24783;201300027484;13;2;13;1236;1;2;1;1.0;6;232;AV VERDUN//PK AUCHAN;M;4786675.0;191198.0;450
24784;201300027485;13;3;1;901;1;2;2;1.0;3;234;FG ST JEAN/BD CHATEAUDUN;M;4790628.0;189016.0;450
24785;201300027486;13;3;3;1115;1;2;4;1.0;3;75;RTE ORLEANS/AV G.POMPIDO;M;4789473.0;185376.0;450
24786;201300027487;13;3;11;1550;1;2;1;1.0;6;234;AV ROGER SECRETAIN;M;4787974.0;190828.0;450
24787;201300027488;13;3;13;1540;1;2;3;1.0;3;285;R BATE/PAUL DOUMER;M;4790835.0;187726.0;450
24788;201300027489;13;3;14;1700;1;2;1;1.0;3;234;AV LIBERATION // PARKING;M;4791922.0;190268.0;450
24789;201300027490;13;3;17;1510;1;2;3;1.0;3;234;R GRAND VILLIERS/CT BAZI;M;4791282.0;193302.0;450
24790;201300027491;13;3;17;410;5;2;3;1.0;6;234;R MURLINS//HT 131 RG INF;M;4791766.0;189378.0;450
24791;201300027492;13;3;23;1755;1;2;1;1.0;3;234;97 FG MADELEINE;M;4790009.0;188262.0;450
24792;201300027493;13;3;23;1730;1;2;1;1.0;6;234;8 R ALBERT 1ER;M;4790704.0;190624.0;450
24793;201300027494;13;3;24;735;1;1;1;8.0;6;232;AV SOLOGNE;M;4786782.0;191193.0;450
24794;201300027496;13;3;24;2232;3;2;1;1.0;6;147;44 R TINO ROSSI;M;4794022.0;192809.0;450
24795;201300027498;13;4;3;1305;1;2;1;1.0;1;232;AV VICTOR HUGO;M;4785571.0;189802.0;450
24796;201300027499;13;4;5;425;3;2;1;2.0;3;235;AV CHARLES DE GAULLE;M;4795104.0;183729.0;450
24797;201300027500;13;4;3;1345;1;2;1;1.0;2;147;46 R JULES FERRY;M;4793909.0;190586.0;450
24798;201300027501;13;4;11;15;5;2;2;2.0;3;234;R FERNAND RABIER/KLEBER;M;4792737.0;190969.0;450
24799;201300027502;13;4;12;1610;1;2;1;1.0;4;234;36 R ALBERT 1ER;M;4790811.0;190675.0;450
24800;201300027503;13;4;17;1030;1;2;1;1.0;6;286;25 R DES VARENNES;M;4788684.0;191843.0;450
24801;201300027505;13;4;24;1915;1;2;3;1.0;3;147;R M.BERTHELOT/P.M CURIE;M;4793562.0;191764.0;450
24802;201300027506;13;5;3;1802;1;2;1;1.0;6;285;R CHARLES BEAUHAIRE;M;4790978.0;188183.0;450
24803;201300027507;13;5;4;1345;1;2;2;1.0;3;147;R M.BERTHELOT/SANGNIER;M;4792149.0;191448.0;450
24804;201300027508;13;5;3;1820;1;2;1;1.0;6;234;6, GENERAL DE GAULLE (PL;M;4790101.0;190301.0;450
24805;201300027509;13;5;6;1815;1;2;3;1.0;4;286;RTE SANDILLON/R PAVE ROM;M;4788501.0;192920.0;450
24806;201300027510;13;5;8;640;1;2;3;2.0;3;234;RTE OLIVET/R MOREAU;M;4788113.0;190340.0;450
24807;201300027511;13;5;12;640;1;2;1;1.0;6;147;30 R A.DESSAUX;;;;450
24808;201300027512;13;4;25;1125;1;2;2;1.0;3;285;AV P.M FRANCE/R CIRERIE/;M;4790414.0;186521.0;450
24809;201300027513;13;5;11;2045;1;2;1;1.0;7;286;R GL DE GAULLE;M;4789277.0;191704.0;450
24810;201300027514;13;5;13;2140;5;2;4;1.0;6;234;AV R.SECRETAIN // STATIO;M;4787084.0;191201.0;450
24811;201300027515;13;5;15;1010;1;2;1;1.0;6;234;12 R GEORGES POMPIDOU;M;4788719.0;190357.0;450
24812;201300027516;13;5;18;1400;1;2;1;3.0;3;147;113 R CUREMBOURG;M;4794009.0;193468.0;450
24813;201300027517;13;5;17;610;2;2;1;1.0;6;234;R BOLIERE;M;4783271.0;192961.0;450
24814;201300027518;13;5;21;2030;2;2;1;8.0;6;147;21 R TINO ROSSI;M;4793999.0;192917.0;450
24815;201300027520;13;5;31;1020;1;2;1;1.0;6;234;11, SEGELLE (RUE PIERRE);M;4790439.0;191334.0;450
24816;201300027521;13;6;5;1735;1;2;3;1.0;2;302;ANC RTE CHARTRES/AV STAD;M;4794508.0;188344.0;450
24817;201300027522;13;6;3;1620;1;2;1;1.0;6;302;PARKING INTERMARCHE;M;4793639.0;188868.0;450
24818;201300027523;13;6;8;545;2;2;3;1.0;3;285;R C.BEAUHAIRE/ALL DOMINI;M;4791232.0;187603.0;450
24819;201300027525;13;6;24;745;1;1;1;1.0;3;274;R DE LA LEVEE;M;4787680.0;198426.0;450
24820;201300027526;13;6;24;1240;1;2;6;1.0;3;234;CONCYR (AVENUE DE);;;;450
24821;201300027527;13;6;29;1620;1;2;3;1.0;2;234;QU MADELAINE/ALCIDE GASP;M;4789805.0;188073.0;450
24822;201300027528;13;6;30;1529;1;2;1;1.0;6;232;241 R DES CLATZ;M;4784726.0;191813.0;450
24823;201300027529;13;6;11;850;1;2;6;1.0;2;75;GIRATOIRE AV G.POMPIDOU;M;4790096.0;185578.0;450
24824;201300027530;13;7;13;112;5;2;1;1.0;3;286;sans, GALLOUX (AVENUE GA;;;;450
24825;201300027531;13;7;2;1130;1;2;1;1.0;6;234;19 R DE LA REPUBLIQUE;M;4790441.0;190442.0;450
24826;201300027532;13;7;14;20;5;2;1;1.0;3;234;102 FG SAINT JEAN;M;4790710.0;188820.0;450
24827;201300027533;13;8;1;2005;1;2;2;1.0;3;232;R GASCOGNE/ALSACE/CHAMPA;M;4784127.0;191853.0;450
24828;201300027534;13;8;2;1915;1;2;1;1.0;6;232;482 R MARCEL BELOT;M;4786324.0;190043.0;450
24829;201300027535;13;8;13;1305;1;1;2;1.0;3;232;AV SOLOGNE/AV VERDUN;M;4786838.0;191188.0;450
24830;201300027536;13;8;20;1310;1;2;4;1.0;3;285;R 11 OCTOBRE/BERNARD MIL;M;4791589.0;188178.0;450
24831;201300027537;13;8;19;1925;1;2;2;1.0;3;234;R BOEUF ST PATERNE/CHAPP;M;4790622.0;190070.0;450
24832;201300027538;13;8;18;1139;1;1;1;1.0;4;308;TANGENTIELLE OU PENETRAN;;;;450
24833;201300027539;13;9;5;2115;5;2;2;1.0;1;234;AV JEAN ZAY/BD MARIE STU;M;4791171.0;192305.0;450
24834;201300027540;13;9;8;2045;5;2;1;1.0;2;234;68 QUAI MADELEINE;M;4789804.0;187863.0;450
24835;201300027541;13;10;1;1850;2;2;1;2.0;2;234;6 BD ROCHEPLATTE;M;4790479.0;189741.0;450
24836;201300027542;13;10;2;2240;5;2;1;1.0;6;234;9 BIS AV JEAN ZAY;M;4790445.0;191698.0;450
24837;201300027543;13;10;4;1550;1;2;1;1.0;3;234;16 BD MARIE STUART;M;4791202.0;191948.0;450
24838;201300027544;13;10;7;715;3;2;1;1.0;6;234;R E.ZOLA //GARE ROUTIERE;M;4790902.0;190739.0;450
24839;201300027545;13;10;4;745;1;2;1;1.0;6;147;R FG BANNIER;;;;450
24840;201300027546;13;10;11;1720;1;2;1;2.0;4;234;RN 20 (ROUTE NATIONALE 2;;;;450
24841;201300027547;13;10;17;1105;1;2;6;1.0;3;147;AV ORADOUR GLANE/MERMOZ;M;4793257.0;192834.0;450
24842;201300027548;13;10;19;430;5;2;3;1.0;3;285;AV G.CLEMENCEAU/PT ESPER;M;4789691.0;186492.0;450
24843;201300027549;13;10;21;1030;1;2;1;1.0;6;234;18 R MOUILLERE;M;4788697.0;190693.0;450
24844;201300027550;13;11;3;1748;2;2;6;1.0;3;234;AV MONTESQUIEU/VOLTAIRE;M;4783489.0;193705.0;450
24845;201300027552;13;11;7;2033;5;2;1;2.0;5;234;71 AU 77 FG BOURGOGNE;M;4790227.0;192624.0;450
24846;201300027553;13;11;14;904;1;2;1;1.0;6;234;PL DU 6 JUIN 1944;M;4790415.0;191778.0;450
24847;201300027555;13;11;29;1705;2;2;1;2.0;2;75;4 RTE NATIONALE;M;4789072.0;184008.0;450
24848;201300027556;13;12;4;1835;5;2;2;1.0;2;234;Q PRAGUE/R PORTEREAU;M;4789472.0;190301.0;450
24849;201300027557;13;12;6;1700;2;2;1;1.0;2;234;134 BD CHATEAUDUN;M;4791423.0;189617.0;450
24850;201300027559;13;12;19;1055;1;2;1;1.0;6;234;R BRILLAT SAVARIN;M;4797496.0;191196.0;450
24851;201300027560;13;12;19;1315;1;1;1;1.0;3;234;25, BOLIERE (RUE DE LA);;;;450
24852;201300027561;13;12;20;1209;1;2;1;1.0;6;234;62, MARNE (AVENUE DE LA);;;;450
24853;201300027562;13;1;9;1645;2;2;1;2.0;3;42;TOULOUSE (ROUTE DE);M;4442149.0;143919.0;460
24854;201300027563;13;5;17;1725;1;2;1;1.0;2;95;42, DEPARTEMENTALE N? 81;M;4451297.0;136919.0;460
24855;201300027564;13;5;24;1555;1;2;1;1.0;7;42;25 RueP. MENDES-FRANCE;M;4445149.0;143981.0;460
24856;201300027566;13;9;2;949;1;2;9;1.0;6;42;13, GAMBETTA (BOULEVARD;M;4445104.0;144006.0;460
24857;201300027567;13;10;1;1050;1;2;1;1.0;6;42;182, CAVAIGNAC (QUAI EUG;M;4444182.0;144009.0;460
24858;201300027568;13;10;2;1155;1;2;9;1.0;7;42;33, ROUSSEAU (PLACE CLAU;M;4444734.0;144226.0;460
24859;201300027569;13;10;24;1005;1;2;1;1.0;7;42;ROUSSEAU (PLACE CLAUDE);M;4444483.0;144373.0;460
24860;201300027570;13;11;4;1730;1;2;1;3.0;6;42;4, SEGUR D'AGUESSEAU (QU;M;4444557.0;144539.0;460
24861;201300027571;13;11;9;1815;3;1;1;2.0;7;42;D?partementale 811 (entr;M;4448670.0;140887.0;460
24862;201300027572;13;12;8;650;3;1;1;5.0;6;224;"""FLOTTES EST  """"LIEU-DIT";M;4444026.0;137135.0;460
24863;201300027573;13;1;13;930;1;2;1;1.0;6;32;ALBERT CAMUS (avenue);;;;470
24864;201300027574;13;11;20;1830;5;2;1;2.0;6;201;MARNE (AV. DE LA);;;;470
24865;201300027575;13;12;4;1800;3;2;1;5.0;3;1;AQUITAINE (AV. D');;;;470
24866;201300027576;13;12;17;800;1;2;2;1.0;3;1;MONTAIGNE (RUE);;;;470
24867;201300027577;13;12;26;1105;1;2;1;2.0;6;1;69, LIBERTE (BOULEVARD D;;;;470
24868;201300027578;13;2;11;1800;2;2;7;3.0;6;1;14 JUILLET (COURS DU);;;;470
24869;201300027579;13;2;11;1740;2;2;1;3.0;6;1;SCHUMANN (AV. ROBERT);;;;470
24870;201300027580;13;3;13;1246;1;2;1;8.0;1;1;GAILLARD (AV. ET PONT DE;M;4421050.0;62922.0;470
24871;201300027581;13;3;21;915;1;2;1;1.0;5;1;LIBERTE (BOULEVARD DE LA;M;4419760.0;62050.0;470
24872;201300027582;13;4;8;1210;1;2;1;1.0;3;1;CARNOT (BD DU PRESIDENT);M;4420380.0;62075.0;470
24873;201300027583;13;4;12;1215;1;2;3;8.0;3;1;89, DELPECH (AV. GEORGES;M;4421290.0;60697.0;470
24874;201300027584;13;4;28;1110;1;2;3;1.0;3;201;LIMPORT (CHEMIN DU);M;4421090.0;58717.0;470
24875;201300027585;13;6;2;1025;1;2;1;1.0;1;31;NOGUES (Avenue du);;;;470
24876;201300027586;13;6;3;1730;1;2;1;1.0;6;1;DUMON (BD SYLVAIN);;;;470
24877;201300027587;13;6;7;1320;1;2;1;1.0;3;1;103, JAURES (AV. JEAN);;;;470
24878;201300027588;13;6;14;1255;1;2;2;2.0;3;201;PYRENEES (AVENUE DES);;;;470
24879;201300027589;13;6;20;1650;1;2;3;1.0;3;1;CARNOT (BD DU PRESIDENT);;;;470
24880;201300027590;13;7;2;1520;1;2;3;7.0;3;201;1, CONDOM(ROUTE DE);;;;470
24881;201300027591;13;7;3;1243;1;2;1;1.0;3;1;14 JUILLET (COURS DU);;;;470
24882;201300027593;13;7;29;1325;1;2;1;1.0;3;1;GAMBETTA (COURS);;;;470
24883;201300027594;13;8;8;2250;3;1;1;1.0;6;32;1816, SAINTE RADEGONDE;;;;470
24884;201300027595;13;8;12;1027;1;2;6;1.0;2;1;ANCIENS COMBATTANTS AFN;;;;470
24885;201300027596;13;8;13;1100;1;2;1;1.0;7;1;DONNEFORT (PONT DE);;;;470
24886;201300027597;13;8;16;1715;1;2;1;1.0;3;1;COLMAR (AV. DE);;;;470
24887;201300027598;13;8;19;1600;1;2;1;1.0;3;1;CASSIN (RUE RENE);;;;470
24888;201300027599;13;8;30;915;1;2;1;1.0;6;1;LOTI (PLACE PIERRE);;;;470
24889;201300027600;13;9;16;1315;1;2;1;2.0;6;1;PELLETAN (BOULEVARD EUGE;;;;470
24890;201300027601;13;10;21;1301;1;2;2;1.0;3;32;rue pierre de coubertin;;;;470
24891;201300027602;13;10;29;920;1;2;3;1.0;3;1;BAUDIN (QUAI);;;;470
24892;201300027603;13;1;10;1705;3;1;1;3.0;6;323;242, CASSENEUIL(ROUTE DE;;;;470
24893;201300027604;13;3;28;1420;1;2;1;2.0;3;323;34, MICHAUD (RUE VICTOR);M;4441800.0;72532.0;470
24894;201300027606;13;5;23;815;1;2;4;1.0;6;323;37, MYRE MORY (AVENUE);M;4441130.0;71563.0;470
24895;201300027607;13;6;13;1445;1;1;1;3.0;2;323;PEQUES;;;;470
24896;201300027608;13;6;24;1145;1;2;2;1.0;3;323;5, LEYGUES (BLVD GEORGES;;;;470
24897;201300027609;13;7;7;620;1;2;3;1.0;6;323;14, MARES (RUE DE);;;;470
24898;201300027610;13;7;11;1155;1;2;1;1.0;6;323;HUGO(COURS VICTOR);;;;470
24899;201300027611;13;7;16;840;1;2;1;1.0;6;323;21, AGEN (RUE D');;;;470
24900;201300027612;13;7;17;1825;1;1;1;1.0;3;323;ROUTE NATIONALE 21;;;;470
24901;201300027613;13;7;19;1210;1;1;1;1.0;7;27;RD 236;;;;470
24902;201300027614;13;8;13;1455;1;1;1;1.0;3;323;ROUTE NATIONALE 21;;;;470
24903;201300027615;13;8;22;1830;1;2;1;1.0;6;27;BORDEAUX (avenue de);;;;470
24904;201300027616;13;10;14;1750;1;2;1;1.0;7;27;BORDEAUX (avenue de);;;;470
24905;201300027617;13;10;24;1230;1;2;2;1.0;3;323;04, LAFON (RUE ERNEST);;;;470
24906;201300027618;13;10;26;1940;5;2;3;1.0;3;323;FUMEL(AVENUE DE );;;;470
24907;201300027619;13;11;9;1725;5;2;1;2.0;3;323;34, BIAS (AVENUE DE);;;;470
24908;201300027620;13;12;7;1810;5;2;1;1.0;7;27;BORDEAUX (avenue de);;;;470
24909;201300027621;13;1;29;1830;5;2;1;1.0;6;95;19bis, FOCH (AVENUE);M;4451817.0;349437.0;480
24910;201300027622;13;7;4;1435;1;1;1;1.0;6;95;RD 25;M;4450901.0;350951.0;480
24911;201300027623;13;9;23;725;1;2;1;1.0;3;95;44 bis, ONZE NOVEMBRE (A;M;4452390.0;348303.0;480
24912;201300027624;13;11;12;855;1;2;1;1.0;7;95;23, ROUBEYROLLE (QUAI PE;;;;480
24913;201300027626;13;1;2;2001;5;2;3;1.0;3;7;0, TOUSSAINT RUE ET IMPA;M;4746961.0;-55555.0;490
24914;201300027627;13;1;5;1550;1;2;2;1.0;3;7;DUNANT BOULEVARD;M;4748335.0;-52677.0;490
24915;201300027628;13;1;7;744;2;2;6;1.0;3;7;COUBERTIN BOULEVARD;M;4746420.0;-53148.0;490
24916;201300027629;13;1;5;1453;1;2;3;1.0;3;7;PASCAL RUE ET PASSAGE;M;4745783.0;-53911.0;490
24917;201300027630;13;1;7;1907;5;1;1;1.0;3;7;0, GAMBETTA;M;4747564.0;-55459.0;490
24918;201300027631;13;1;4;1440;1;2;1;1.0;2;15;0, MENDES FRANCE AVENUE;M;4750208.0;-58504.0;490
24919;201300027632;13;1;14;26;5;2;1;1.0;6;7;35, SAINT NICOLAS;M;4747465.0;-56391.0;490
24920;201300027633;13;1;11;835;1;2;6;1.0;2;246;0, PONTS DE CE;M;4744074.0;-49853.0;490
24921;201300027634;13;1;11;1839;5;2;3;1.0;3;267;0, GEMMETRIE;M;4746114.0;-48988.0;490
24922;201300027635;13;1;12;1601;1;2;6;1.0;3;7;0, HAUTE DES BANCHAIS;M;4748579.0;-51119.0;490
24923;201300027636;13;1;15;1342;1;1;1;1.0;6;15;ADEZIERE ROUTE;M;4750306.0;-61076.0;490
24924;201300027637;13;1;17;1334;1;2;1;1.0;6;7;17, PLANTAGENET;M;4747297.0;-55506.0;490
24925;201300027639;13;1;19;1442;1;1;1;2.0;7;267;A87N;M;4746956.0;-51298.0;490
24926;201300027641;13;1;21;629;5;2;1;2.0;3;7;04, TRAQUETTE;M;4748101.0;-56726.0;490
24927;201300027642;13;1;22;1959;5;2;1;2.0;6;7;58, STRASBOURG BOULEVARD;M;4745789.0;-55641.0;490
24928;201300027643;13;1;23;620;5;1;1;1.0;4;246;A87N;M;4742358.0;-50380.0;490
24929;201300027644;13;1;23;1749;5;2;2;1.0;3;7;LECOMBRE;M;4745950.0;-52151.0;490