;Num_Acc;an;mois;jour;hrmn;lum;agg;int;atm;col;com;adr;gps;lat;long;dep
24930;201300027645;13;1;24;1028;1;2;2;1.0;5;7;0, TARDAT;M;4744880.0;-55247.0;490
24931;201300027646;13;1;24;1130;1;1;1;1.0;6;7;PONT NOIR;M;4746342.0;-56381.0;490
24932;201300027647;13;1;28;1025;1;2;1;1.0;2;7;0, BLANCHOIN BOULEVARD;M;4744616.0;-54399.0;490
24933;201300027648;13;1;29;2038;5;2;2;1.0;1;7;0, MARIANNE BOULEVARD;M;4745257.0;-52408.0;490
24934;201300027649;13;1;29;745;5;2;1;2.0;2;267;GEMMETRIE;M;4746133.0;-49442.0;490
24935;201300027650;13;1;30;1030;1;2;3;2.0;3;246;LAMARTINE;M;4743208.0;-48542.0;490
24936;201300027651;13;1;31;817;2;2;1;1.0;6;7;0, GARE PLACE;M;4746538.0;-55701.0;490
24937;201300027652;13;1;31;1910;5;2;1;1.0;1;7;0, PATTON AVENUE;M;4747343.0;-59075.0;490
24938;201300027653;13;2;1;1721;1;2;2;1.0;3;7;40, AYRAULT;M;4747593.0;-55012.0;490
24939;201300027654;13;2;1;1453;1;2;1;1.0;6;7;46 BD SAINT MICHEL;M;4747347.0;-54180.0;490
24940;201300027655;13;2;1;801;5;2;1;1.0;6;7;JAURES;M;4745636.0;-52383.0;490
24941;201300027656;13;2;4;841;2;2;1;1.0;6;7;MONTAIGNE AVENUE;M;4746834.0;-53062.0;490
24942;201300027657;13;2;5;1231;1;2;1;1.0;6;7;PATTON AVENUE;M;4747336.0;-59178.0;490
24943;201300027659;13;2;7;1354;1;2;2;1.0;1;7;DAGUENET;M;4747473.0;-52910.0;490
24944;201300027660;13;2;9;1855;5;2;6;1.0;7;7;MOULIN  PLACE;M;4749107.0;-55180.0;490
24945;201300027661;13;2;4;1807;1;2;1;2.0;6;246;PONT DUMNACUS;M;4742248.0;-52369.0;490
24946;201300027663;13;2;12;922;1;2;1;1.0;7;7;0, SAINTE CROIX PLACE;M;4747015.0;-55405.0;490
24947;201300027664;13;2;14;1920;5;2;2;1.0;1;7;BIRGE BOULEVARD;M;4747078.0;-51919.0;490
24948;201300027665;13;2;14;1943;5;2;1;1.0;2;7;10, BEAUSSIER BOULEVARD;M;4747927.0;-59756.0;490
24949;201300027666;13;2;14;1025;1;2;1;1.0;6;246;HUGO VICTOR RUE;M;4742886.0;-52778.0;490
24950;201300027667;13;2;14;1408;1;1;1;1.0;6;7;ATLANTIQUE  AVENUE DE L';M;4746663.0;-58259.0;490
24951;201300027668;13;2;21;753;2;2;1;1.0;6;7;TALET AVENUE;M;4747586.0;-54805.0;490
24952;201300027669;13;2;26;2155;4;1;1;1.0;1;246;SORGES ROUTE;M;4743352.0;-49420.0;490
24953;201300027670;13;3;4;825;1;2;2;1.0;6;7;0, SAUMUROISE IMPASSE ET;M;4745764.0;-53312.0;490
24954;201300027671;13;3;2;515;5;2;1;1.0;2;7;CHAUMIN BOULEVARD;M;4745025.0;-55555.0;490
24955;201300027673;13;3;5;1215;1;2;1;1.0;6;7;83, SAINT MICHEL BOULEVA;M;4747341.0;-54402.0;490
24956;201300027674;13;3;8;2002;5;1;1;1.0;2;246;A87N;M;4742410.0;-50375.0;490
24957;201300027675;13;3;8;1710;1;2;1;1.0;3;7;84, PASTEUR AVENUE;M;4747450.0;-53653.0;490
24958;201300027676;13;3;8;1653;1;2;1;1.0;2;7;42, SAINT JACQUES;M;4747370.0;-57070.0;490
24959;201300027677;13;3;11;2110;5;2;2;1.0;3;7;Bd des 2 croix;M;4747471.0;-52918.0;490
24960;201300027678;13;3;12;752;1;1;1;4.0;6;267;RD 347;M;4747296.0;-49102.0;490
24961;201300027679;13;3;14;815;1;2;1;1.0;3;15;4, BOISSIERE AVENUE;M;4749318.0;-58520.0;490
24962;201300027680;13;3;13;1923;2;2;2;1.0;3;7;RUE PIERRE LISE;M;4747219.0;-54121.0;490
24963;201300027681;13;3;15;835;1;2;6;1.0;6;7;LECLERC PLACE;M;4747059.0;-54460.0;490
24964;201300027682;13;3;16;150;5;2;2;1.0;6;7;VIVIERS;M;4745173.0;-53579.0;490
24965;201300027683;13;3;18;2030;5;2;1;1.0;6;7;22, MEIGNANNE;M;4747812.0;-56876.0;490
24966;201300027684;13;3;16;1733;1;1;1;1.0;6;267;A87N;M;4746926.0;-51347.0;490
24967;201300027685;13;3;18;1745;1;2;2;1.0;6;353;PYRAMIDE ROUTE;M;4744830.0;-51156.0;490
24968;201300027686;13;3;15;1947;5;2;2;1.0;1;7;PATTON AVENUE;M;4747317.0;-59988.0;490
24969;201300027688;13;3;24;1245;1;2;2;1.0;5;7;JUIN PLACE ET RUE;M;4745031.0;-56772.0;490
24970;201300027689;13;3;22;1332;1;1;1;1.0;4;7;VOIE DES BERGES;M;4747191.0;-55887.0;490
24971;201300027691;13;3;26;1702;1;2;1;1.0;2;246;PONT DUMNACUS;M;4742222.0;-52371.0;490
24972;201300027692;13;3;27;1722;1;2;1;1.0;3;7;3, DAVIERS BOULEVARD;M;4747920.0;-55759.0;490
24973;201300027693;13;3;28;1825;1;1;1;1.0;3;246;A87N;M;4743463.0;-50840.0;490
24974;201300027694;13;3;29;1820;1;2;1;2.0;7;7;BARANGE BOULEVARD;M;4745469.0;-56857.0;490
24975;201300027695;13;3;30;616;3;2;1;1.0;7;246;0, ROHARD;M;4743410.0;-52958.0;490
24976;201300027696;13;4;5;2147;5;2;4;1.0;3;267;BEAUFORT ROUTE;M;4746680.0;-49310.0;490
24977;201300027697;13;4;8;1647;1;2;3;1.0;1;353;54, REPUBLIQUE AVENUE;M;4744621.0;-49645.0;490
24978;201300027698;13;4;8;956;1;2;1;1.0;6;7;FOCH BOULEVARD;M;4746777.0;-55113.0;490
24979;201300027699;13;3;31;2144;5;2;6;1.0;2;7;0, auriol;M;4749093.0;-56277.0;490
24980;201300027700;13;4;10;1229;1;2;1;2.0;7;7;NID DE  PIE;M;4747196.0;-59940.0;490
24981;201300027701;13;4;11;1106;1;2;1;2.0;3;7;PETIT VERGER;M;4748567.0;-52521.0;490
24982;201300027702;13;4;12;2047;2;2;2;1.0;3;7;RUE SAUMUROISE;M;4745756.0;-53310.0;490
24983;201300027703;13;4;12;835;1;2;2;2.0;3;7;AYRAULT;M;4747653.0;-55155.0;490
24984;201300027704;13;4;12;1400;1;2;4;1.0;6;7;IMBACH PLACE;M;4747397.0;-54836.0;490
24985;201300027705;13;4;19;120;5;2;2;1.0;6;7;BOISNET RUE;M;4747435.0;-55240.0;490
24986;201300027706;13;4;18;1819;1;2;1;1.0;6;7;PATTON AVENUE;M;4747319.0;-59783.0;490
24987;201300027707;13;4;20;400;5;2;2;1.0;6;7;BLANCHOIN BOULEVARD;M;4744752.0;-54326.0;490
24988;201300027708;13;4;19;1220;1;2;1;1.0;2;267;HELENE BOUCHER;M;4748940.0;-50516.0;490
24989;201300027709;13;4;20;1208;1;2;1;1.0;6;246;GLARDIERE CHEMIN;M;4744171.0;-51530.0;490
24990;201300027710;13;4;24;1905;1;2;1;1.0;6;7;SALPINTE;M;4744834.0;-55382.0;490
24991;201300027711;13;3;29;1844;1;2;1;1.0;2;7;COUBERTIN BOULEVARD;M;4746266.0;-53228.0;490
24992;201300027712;13;4;25;1711;1;2;3;1.0;3;7;BRIOLLAY ROUTE;M;4748664.0;-53263.0;490
24993;201300027713;13;5;2;1345;1;1;1;1.0;7;246;RD 260;M;4744481.0;-52394.0;490
24994;201300027714;13;5;1;1901;1;2;6;1.0;3;7;Aliénor d'Aquitaine;M;4746115.0;-61694.0;490
24995;201300027715;13;4;29;748;1;2;1;1.0;3;7;DELACROIX RUE ET PASSAGE;M;4745619.0;-52783.0;490
24996;201300027716;13;4;20;1225;1;2;1;1.0;6;7;PORTET BOULEVARD;M;4745122.0;-56180.0;490
24997;201300027717;13;4;26;2030;2;2;2;1.0;1;7;RAMON BOULEVARD;M;4748557.0;-53329.0;490
24998;201300027718;13;4;27;1926;1;2;1;1.0;7;15;DE GAULLE AVENUE;M;4750408.0;-59110.0;490
24999;201300027720;13;4;30;1120;1;2;2;1.0;3;246;73, HUGO VICTOR RUE;M;4743042.0;-52816.0;490
25000;201300027721;13;5;2;1818;1;2;1;1.0;6;7;9, PASCAL RUE ET PASSAGE;M;4745805.0;-53827.0;490
25001;201300027722;13;5;3;2238;3;1;1;1.0;6;7;0, EPINARD CHEMIN;M;4749933.0;-56495.0;490
25002;201300027723;13;5;7;1127;1;2;1;1.0;6;7;5, MENDES FRANCE PLACE;M;4747315.0;-54515.0;490
25003;201300027724;13;5;7;1645;1;2;1;1.0;7;7;17, BRAULT;M;4747363.0;-57110.0;490
25004;201300027725;13;5;9;2149;2;2;2;1.0;6;7;BELGIQUE;M;4746986.0;-54246.0;490
25005;201300027726;13;5;11;1730;1;2;3;1.0;3;7;0, CARNOT;M;4747602.0;-55022.0;490
25006;201300027727;13;5;11;1600;1;1;1;1.0;1;15;CANTENAY EPINARD ROUTE;M;4751075.0;-57487.0;490
25007;201300027729;13;5;12;1452;1;2;2;1.0;3;7;PAUL BERT;M;4746635.0;-55300.0;490
25008;201300027730;13;5;11;1720;1;2;1;1.0;6;7;40, AYRAULT;M;4747584.0;-55006.0;490
25009;201300027731;13;5;13;850;1;2;2;1.0;2;353;DORMOY;M;4744439.0;-49071.0;490
25010;201300027732;13;5;13;2357;5;2;1;1.0;7;7;PLANTAGENET;M;4747235.0;-55455.0;490
25011;201300027733;13;5;13;1657;1;1;6;1.0;6;246;30, RUE PERDRIAU;M;4743901.0;-48675.0;490
25012;201300027734;13;5;13;1515;1;2;1;1.0;6;7;BRIOLLAY ROUTE;M;4749094.0;-52973.0;490
25013;201300027735;13;5;15;2306;5;2;1;1.0;2;7;MEIGNANNE;M;4748094.0;-57363.0;490
25014;201300027737;13;5;16;1251;1;1;1;1.0;7;7;BAUMETTE Rocade;M;4745826.0;-57289.0;490
25015;201300027738;13;5;20;1920;1;1;1;2.0;7;7;ATLANTIQUE  AVENUE DE L';M;4746608.0;-56910.0;490
25016;201300027739;13;5;20;1345;1;1;1;2.0;7;7;RD 323;M;4747044.0;-56149.0;490
25017;201300027740;13;5;19;2022;2;1;1;1.0;7;7;VOIE DES BERGES;M;4747547.0;-55500.0;490
25018;201300027741;13;5;22;1310;1;2;3;1.0;1;7;0, RABELAIS;M;4746246.0;-54742.0;490
25019;201300027742;13;5;22;1705;1;2;6;1.0;3;7;0, BEAUSSIER BOULEVARD;M;4747812.0;-59851.0;490
25020;201300027743;13;5;22;1820;1;2;1;1.0;6;7;167, PYRAMIDE ROUTE;M;4744985.0;-51584.0;490
25021;201300027744;13;5;22;1508;1;2;1;1.0;6;7;MOULIN PLACE;M;4749167.0;-55161.0;490
25022;201300027745;13;5;27;2010;1;2;1;1.0;2;7;1, VALERY PAUL RUE ET SQ;M;4748749.0;-52972.0;490
25023;201300027746;13;5;28;945;1;1;1;8.0;2;267;A87N;M;4747832.0;-50102.0;490
25024;201300027747;13;5;29;853;1;2;2;1.0;7;7;3, ROI RENE BOULEVARD;M;4746868.0;-55839.0;490
25025;201300027748;13;6;3;1211;1;2;1;1.0;3;7;MONTAIGNE AVENUE;M;4747151.0;-53859.0;490
25026;201300027749;13;5;31;1953;1;1;1;1.0;2;7;0, RD 323;M;4746470.0;-57651.0;490
25027;201300027750;13;6;4;1703;1;2;1;1.0;2;7;65, BRISEPOTIERE;M;4748060.0;-52924.0;490
25028;201300027751;13;6;4;1711;1;2;1;1.0;6;7;FOCH BOULEVARD;M;4746889.0;-54955.0;490
25029;201300027753;13;6;2;2000;1;2;1;1.0;2;7;GALLIENI BOULEVARD;M;4748610.0;-52987.0;490
25030;201300027756;13;6;6;1806;1;2;1;1.0;6;7;42, DEUX CROIX BOULEVARD;M;4747339.0;-52988.0;490
25031;201300027757;13;5;27;1231;1;1;1;1.0;4;267;A87N;M;4748298.0;-49877.0;490
25032;201300027758;13;6;5;1520;1;2;1;1.0;7;7;31, FONTENEAU;M;4745820.0;-54335.0;490
25033;201300027759;13;6;7;1622;1;2;1;1.0;4;246;1 rue Maurice Berne;M;4740732.0;-52550.0;490
25034;201300027760;13;6;7;835;1;2;1;1.0;6;7;RUE DE RENNES;M;4747723.0;-54904.0;490
25035;201300027761;13;6;8;1820;1;2;1;1.0;7;7;14, LEVAVASSEUR;M;4747319.0;-53152.0;490
25036;201300027762;13;6;9;240;5;2;1;1.0;1;246;51, DAVID D'ANGERS;M;4743592.0;-53086.0;490
25037;201300027763;13;6;11;1347;1;2;1;1.0;2;7;LIZE;M;4748939.0;-56808.0;490
25038;201300027764;13;6;12;919;1;2;6;2.0;6;7;DE LATTRE DE TASSIGNY;M;4744855.0;-53821.0;490
25039;201300027766;13;6;15;938;1;2;6;1.0;3;7;LYCEE PLACE;M;4746723.0;-54490.0;490
25040;201300027770;13;6;18;1809;1;2;6;1.0;7;353;Rue Pasteur;M;4744547.0;-46958.0;490
25041;201300027771;13;6;19;1804;1;2;1;1.0;7;7;LORRAINE PLACE;M;4747006.0;-54718.0;490
25042;201300027772;13;6;24;1736;1;2;1;1.0;2;7;34, BIRGE BOULEVARD;M;4747848.0;-52117.0;490
25043;201300027773;13;6;21;1328;1;2;1;1.0;6;7;DE LATTRE DE TASSIGNY;M;4745068.0;-53969.0;490
25044;201300027774;13;6;22;1628;1;2;3;1.0;3;7;78, SAINT LEONARD;M;4746374.0;-53837.0;490
25045;201300027775;13;6;25;1758;1;1;4;1.0;6;7;BEAUSSIER BOULEVARD;M;4747928.0;-59747.0;490
25046;201300027776;13;6;25;2230;5;2;1;1.0;2;7;PASTEUR AVENUE;M;4747649.0;-53289.0;490
25047;201300027777;13;6;25;1318;1;2;1;1.0;1;7;BEDIER BOULEVARD;M;4745186.0;-54445.0;490
25048;201300027778;13;6;26;1115;1;2;1;1.0;2;7;MEIGNANNE;M;4748086.0;-57337.0;490
25049;201300027779;13;6;27;1642;1;2;3;1.0;3;7;PATTON AVENUE;M;4747363.0;-58369.0;490
25050;201300027780;13;6;28;1834;1;2;1;1.0;1;7;JUIN RUE;M;4744900.0;-56846.0;490
25051;201300027781;13;6;29;1830;1;1;1;1.0;2;7;ATLANTIQUE  AVENUE DE;M;4746555.0;-57938.0;490
25052;201300027782;13;6;30;1217;1;2;2;1.0;3;7;SAINT MICHEL BOULEVARD;M;4747347.0;-54209.0;490
25053;201300027783;13;6;30;1020;1;2;2;1.0;3;7;Square Churchill;M;4744751.0;-56177.0;490
25054;201300027784;13;7;2;1750;1;2;1;1.0;3;7;ROI RENE BOULEVARD;M;4746743.0;-55571.0;490
25055;201300027785;13;7;3;842;1;2;6;1.0;6;7;LAC DE MAINE AVENUE;M;4746473.0;-59390.0;490
25056;201300027786;13;7;3;1810;1;2;1;1.0;6;7;1, CHAMBRE AUX DENIERS R;M;4746610.0;-59816.0;490
25057;201300027787;13;7;4;1535;1;2;1;1.0;7;7;MEIGNANNE;M;4748094.0;-57363.0;490
25058;201300027788;13;7;5;1814;1;2;1;1.0;3;7;65, CHATENAY AVENUE VICT;M;4748499.0;-51664.0;490
25059;201300027789;13;5;28;1605;1;2;1;3.0;6;353;88, PASTEUR;M;4744558.0;-46794.0;490
25060;201300027790;13;5;29;1718;1;1;1;3.0;7;267;A87N;M;4746997.0;-51223.0;490
25061;201300027791;13;7;8;2040;1;2;2;1.0;2;7;84, SAUMUROISE rue;M;4745562.0;-52992.0;490
25062;201300027792;13;7;9;1720;1;2;2;1.0;6;7;SAVARY PASSAGE ET RUE;M;4747344.0;-54212.0;490
25063;201300027793;13;7;12;1420;1;2;2;1.0;3;7;44, BOREAU;M;4747619.0;-54508.0;490
25064;201300027794;13;7;14;1;5;2;3;1.0;3;7;0, PATTON AVENUE;M;4747305.0;-57725.0;490
25065;201300027795;13;7;12;855;3;2;1;1.0;3;7;MENDES FRANCE PLACE;M;4747228.0;-54634.0;490
25066;201300027796;13;7;16;1940;1;2;4;1.0;3;7;CLEMENCEAU BOULEVARD;M;4747420.0;-56722.0;490
25067;201300027797;13;7;23;1635;1;2;1;1.0;4;7;1 RUE LARREY;M;4748029.0;-55468.0;490
25068;201300027798;13;7;22;1940;1;2;1;1.0;7;7;43, ALLONNEAU(AUGUSTE) B;M;4748148.0;-52706.0;490
25069;201300027799;13;7;24;1310;1;2;3;1.0;3;7;RUE DESJARDIN;M;4746732.0;-54701.0;490
25070;201300027800;13;7;25;1359;1;2;1;1.0;2;7;47, PATTON AVENUE;M;4747362.0;-58370.0;490
25071;201300027801;13;7;25;1727;1;2;1;1.0;2;7;22, DUNANT BOULEVARD;M;4748430.0;-53044.0;490
25072;201300027802;13;7;26;1730;1;2;1;1.0;2;7;PATTON AVENUE;M;4747325.0;-59663.0;490
25073;201300027803;13;7;31;1707;1;2;1;1.0;2;7;MONPLAISIR BOULEVARD;M;4748991.0;-52205.0;490
25074;201300027804;13;8;2;1840;1;2;2;1.0;3;7;GANDHI;M;4747075.0;-51915.0;490
25075;201300027805;13;8;2;1344;1;2;1;1.0;6;7;22, DUNANT BOULEVARD;;;;490
25076;201300027806;13;8;6;1805;1;2;2;1.0;3;7;40, BOISNET RUE;;;;490
25077;201300027807;13;8;6;835;1;2;6;1.0;1;7;0, LIZE;;;;490
25078;201300027808;13;8;15;110;3;1;1;1.0;6;246;SAINT JEAN DE LA CROIX L;;;;490
25079;201300027809;13;8;23;1156;1;2;1;1.0;6;7;11, RAME;;;;490
25080;201300027810;13;8;24;1803;1;2;1;1.0;2;7;10, CARNOT;;;;490
25081;201300027811;13;8;24;1520;1;2;1;1.0;7;7;Boulevard DUMESNIL;M;4747337.0;-56678.0;490
25082;201300027812;13;8;24;1016;1;2;1;1.0;6;7;108, PRE PIGEON;M;4747550.0;-53661.0;490
25083;201300027813;13;8;24;1500;1;2;1;1.0;7;7;2, SAINT LAZARE;;;;490
25084;201300027814;13;8;27;2210;4;2;1;1.0;1;7;104, PASTEUR AVENUE;;;;490
25085;201300027815;13;9;1;2055;2;2;1;1.0;7;7;28, BARON;;;;490
25086;201300027816;13;9;3;1649;1;2;6;1.0;1;7;0, LIZE;;;;490
25087;201300027817;13;9;4;1531;1;2;1;1.0;6;7;40, GALLIENI BOULEVARD;;;;490
25088;201300027818;13;9;4;849;1;2;1;1.0;6;7;0, RASPAIL;;;;490
25089;201300027819;13;9;5;1900;1;2;1;1.0;1;7;HOTEL DIEU AVENUE;;;;490
25090;201300027820;13;9;5;2106;2;2;6;1.0;2;7;BON PASTEUR BOULEVARD;;;;490
25091;201300027821;13;9;6;2225;5;2;2;1.0;2;246;0, GALLIENI AVENUE;;;;490
25092;201300027822;13;9;9;1713;1;2;3;1.0;3;7;DUMESNIL BOULEVARD;M;4747316.0;-56641.0;490
25093;201300027823;13;9;6;805;1;2;1;1.0;1;7;111, GASNIER AVENUE;M;4748780.0;-57384.0;490
25094;201300027825;13;9;7;2036;5;2;2;1.0;3;7;0, BOURGONNIER;;;;490
25095;201300027826;13;9;8;1215;1;2;1;1.0;6;7;0, BERGSON;;;;490
25096;201300027827;13;9;11;1202;1;2;1;1.0;2;7;PARMENTIER;M;4745305.0;-51820.0;490
25097;201300027829;13;9;13;627;5;2;2;1.0;3;246;0, DAVID D'ANGERS;;;;490
25098;201300027831;13;9;12;754;1;2;1;2.0;6;7;0, MADELEINE;;;;490
25099;201300027832;13;9;12;830;1;2;1;1.0;6;267;0, GEMMETRIE;;;;490
25100;201300027833;13;9;16;1636;1;1;1;1.0;3;246;0, A87N;;;;490
25101;201300027834;13;9;17;1220;1;2;3;1.0;1;7;PASTEUR AVENUE;M;4747402.0;-53743.0;490
25102;201300027835;13;9;13;1826;1;2;3;1.0;2;7;LE GOUZ;;;;490
25103;201300027836;13;9;15;930;1;2;1;1.0;6;7;KING MARTIN-LUTHER RUE E;;;;490
25104;201300027837;13;9;16;1405;1;2;1;1.0;2;353;0, JEAN JAURES RUE;;;;490
25105;201300027838;13;9;18;1958;1;2;2;1.0;1;7;1, CEZANNE;;;;490
25106;201300027839;13;9;20;1435;1;2;6;1.0;3;7;0, LIZE;;;;490
25107;201300027840;13;9;20;1105;1;2;1;1.0;6;7;0, CAMUS BOULEVARD;;;;490
25108;201300027841;13;9;21;1137;1;2;1;1.0;2;7;0, HOCHE;;;;490
25109;201300027842;13;9;23;851;1;2;1;1.0;6;7;0, NOTRE DAME DU LAC AVE;;;;490
25110;201300027843;13;9;24;1909;1;2;1;1.0;6;7;0, JEAN XXIII AVENUE;;;;490
25111;201300027845;13;9;26;1700;1;2;1;1.0;2;7;0, DE LATTRE DE TASSIGNY;;;;490
25112;201300027846;13;9;28;1633;1;1;1;2.0;3;267;PK, RD 347;;;;490
25113;201300027847;13;9;28;840;1;2;1;1.0;6;7;1, ONZE NOVEMBRE 1918 AV;;;;490
25114;201300027849;13;9;27;1830;1;2;2;1.0;3;7;STRASBOURG BOULEVARD;;;;490
25115;201300027850;13;9;29;1354;1;2;3;1.0;6;7;, BRISEPOTIERE;;;;490
25116;201300027851;13;9;27;1910;2;2;1;1.0;3;7;0, SALPINTE;;;;490
25117;201300027852;13;9;29;605;5;2;1;1.0;7;246;4, BERNE;;;;490
25118;201300027853;13;9;30;755;2;2;1;1.0;3;7;AV DE LATTRE DE TASSIGNY;M;4745070.0;-53964.0;490
25119;201300027854;13;10;1;1739;1;2;1;1.0;6;7;RABELAIS;;;;490
25120;201300027855;13;10;2;1704;1;2;1;1.0;3;7;1, MOULIN BOULEVARD;;;;490
25121;201300027857;13;10;4;450;5;2;1;1.0;6;267;ANGERS ROUTE;M;4746925.0;-50928.0;490
25122;201300027858;13;10;3;2155;5;2;2;1.0;1;7;MONTAIGNE AVENUE;;;;490
25123;201300027859;13;10;4;1647;1;1;1;1.0;3;353;A87N;;;;490
25124;201300027860;13;10;4;1755;1;2;1;1.0;6;7;05, FOCH BOULEVARD;;;;490
25125;201300027861;13;10;8;1755;1;2;3;1.0;3;7;0, MIMOSAS;;;;490
25126;201300027862;13;10;9;1250;1;2;3;1.0;6;7;28, BODINIER;;;;490
25127;201300027863;13;10;9;1256;1;2;1;1.0;3;7;DAVIERS BOULEVARD;;;;490
25128;201300027864;13;10;12;920;1;2;1;2.0;3;7;0, BARRA PASSAGE ET RUE;;;;490
25129;201300027865;13;10;13;510;5;2;1;1.0;6;7;0, COUFFON BOULEVARD SEC;;;;490
25130;201300027866;13;10;14;1330;1;2;2;1.0;6;7;0, CLEMENCEAU BOULEVARD;;;;490
25131;201300027867;13;10;14;828;1;2;1;1.0;2;7;DE LATTRE DE TASSIGNY;;;;490
25132;201300027868;13;10;15;918;1;2;2;2.0;3;7;0, GUITTON;M;4747373.0;-54754.0;490
25133;201300027869;13;10;15;1053;1;2;2;2.0;2;7;VOLNEY;M;4746176.0;-54148.0;490
25134;201300027870;13;10;16;800;5;2;1;1.0;3;7;21, SAINT LEONARD;;;;490
25135;201300027871;13;10;16;1840;1;1;1;1.0;6;7;0, ROI RENE BOULEVARD;;;;490
25136;201300027872;13;10;17;748;1;2;2;1.0;6;7;0, BEAUSSIER BOULEVARD;;;;490
25137;201300027873;13;10;17;1824;1;2;1;1.0;6;353;PARMENTIER;;;;490
25138;201300027875;13;10;21;1620;1;2;1;1.0;3;7;1, MOULIN BOULEVARD;;;;490
25139;201300027876;13;10;22;857;2;2;1;1.0;3;246;PERDRIAU;;;;490
25140;201300027878;13;10;23;732;2;2;1;1.0;6;7;MOULIN PONT ET PLACE;;;;490
25141;201300027879;13;10;24;1100;1;2;1;1.0;6;7;BOREAU;;;;490
25142;201300027880;13;10;27;2035;3;1;1;2.0;7;246;PK 5,000, A87N;;;;490
25143;201300027881;13;10;28;1850;5;2;1;1.0;7;7;206, PASTEUR AVENUE;;;;490
25144;201300027882;13;11;1;2023;5;2;2;1.0;2;7;0, NID DE  PIE;;;;490
25145;201300027884;13;11;5;1107;1;2;1;1.0;6;7;0, CLAUDEL;;;;490
25146;201300027886;13;11;6;1500;1;2;1;1.0;3;7;0, PYRAMIDE ROUTE;;;;490
25147;201300027887;13;11;6;1744;2;1;1;1.0;4;15;D775;M;4750423.0;-61883.0;490
25148;201300027888;13;11;11;2145;5;2;1;2.0;4;7;BERGES VOIE;;;;490
25149;201300027889;13;11;14;855;1;2;1;1.0;6;7;1, ARAGON AVENUE;;;;490
25150;201300027890;13;11;18;1517;1;2;1;1.0;6;7;0, MOLIERE PLACE;;;;490
25151;201300027891;13;10;26;2010;5;2;1;1.0;2;246;25, HUGO VICTOR RUE;;;;490
25152;201300027892;13;11;12;1946;5;2;1;1.0;3;267;0, A87N;;;;490
25153;201300027895;13;11;18;1815;5;2;1;1.0;6;7;25, CHURCHILL AVENUE ET;;;;490
25154;201300027897;13;10;30;1340;1;2;1;1.0;6;7;PATTON AVENUE;;;;490
25155;201300027899;13;11;20;2000;5;2;1;2.0;6;7;0, DUNANT BOULEVARD;;;;490
25156;201300027900;13;11;20;1240;1;2;6;1.0;6;7;0, CHAUVIRE RUE ET SQUAR;;;;490
25157;201300027902;13;11;21;1600;1;2;1;2.0;2;7;58, BEDIER BOULEVARD;;;;490
25158;201300027903;13;11;21;745;2;2;1;2.0;7;7;5, PAPIN;;;;490
25159;201300027904;13;11;21;1915;3;2;1;1.0;7;7;00, DE LATTRE DE TASSIGN;;;;490
25160;201300027905;13;11;23;530;5;2;1;1.0;6;7;0, BEAUSSIER BOULEVARD;;;;490
25161;201300027906;13;11;24;1145;1;2;1;7.0;6;7;0, ACADEMIE PLACE;;;;490
25162;201300027907;13;11;28;120;5;2;2;1.0;3;7;1, MARIANNE BOULEVARD;;;;490
25163;201300027908;13;11;28;1145;1;2;9;1.0;3;353;20, RECLUS;;;;490
25164;201300027909;13;11;30;1245;1;2;5;1.0;3;7;MARCEAU;;;;490
25165;201300027910;13;11;30;2016;5;2;1;1.0;6;7;CARNOT;;;;490
25166;201300027912;13;11;29;1630;1;2;1;1.0;3;246;28, DAVID D'ANGERS;;;;490
25167;201300027913;13;12;3;1950;2;2;1;1.0;2;7;3, DAVIERS BOULEVARD;M;4747922.0;-55760.0;490
25168;201300027914;13;11;8;1345;1;1;1;2.0;2;7;0, BARANGE BOULEVARD;;;;490
25169;201300027915;13;12;3;1820;3;1;1;1.0;4;267;0, A87N;;;;490
25170;201300027916;13;12;6;1730;1;2;1;1.0;6;7;56, LAVOISIER BOULEVARD;;;;490
25171;201300027917;13;12;9;1822;5;2;1;1.0;7;7;6, TURPIN DE CRISSE AVEN;;;;490
25172;201300027918;13;12;10;1415;1;2;1;1.0;4;267;68, BEAUFORT ROUTE;;;;490
25173;201300027919;13;12;10;1650;1;2;1;1.0;7;7;34, CHAMBRE AUX DENIERS;;;;490
25174;201300027920;13;12;12;1402;1;2;6;1.0;2;7;PAJOTIN;;;;490
25175;201300027921;13;12;13;2310;5;2;1;1.0;7;7;5, LEKEU;;;;490
25176;201300027922;13;12;14;1910;5;2;1;1.0;7;7;15, SAUMUROISE IMPASSE E;;;;490
25177;201300027923;13;12;12;1800;5;2;1;1.0;2;7;1, BEL AIR;;;;490
25178;201300027924;13;12;16;1705;1;2;1;1.0;3;246;1, DAVID D'ANGERS;;;;490
25179;201300027925;13;12;18;2030;5;2;1;3.0;3;7;42, BIRGE BOULEVARD;;;;490
25180;201300027926;13;12;18;810;2;2;3;2.0;3;7;0, HAUTE DES BANCHAIS;;;;490
25181;201300027927;13;12;19;1000;1;2;1;2.0;7;7;LAC DE MAINE AVENUE;;;;490
25182;201300027928;13;12;19;1150;1;2;1;1.0;2;7;ROBERT BOULEVARD;;;;490
25183;201300027929;13;12;19;2055;5;2;1;1.0;6;7;GOURONNIERES;;;;490
25184;201300027930;13;12;20;1010;1;2;1;1.0;6;7;1, DAVIERS BOULEVARD;;;;490
25185;201300027931;13;12;21;2352;5;2;1;2.0;7;7;1, TOUR DES ANGLAIS;;;;490
25186;201300027932;13;12;20;1009;1;2;1;9.0;6;7;0, MONPROFIT PLACE;;;;490
25187;201300027933;13;12;22;1946;5;2;7;9.0;3;7;1, NEY PLACE;;;;490
25188;201300027934;13;12;23;1150;1;2;1;1.0;1;353;1, CAMUS;;;;490