;Num_Acc;an;mois;jour;hrmn;lum;agg;int;atm;col;com;adr;gps;lat;long;dep
25189;201300027935;13;12;26;730;4;2;1;2.0;7;7;1, BARANGE BOULEVARD;;;;490
25190;201300027936;13;12;26;709;2;2;1;8.0;6;7;FOCH BOULEVARD;;;;490
25191;201300027937;13;12;27;1730;2;2;1;2.0;7;7;24, GAIN ( LOUIS);;;;490
25192;201300027938;13;12;30;1045;1;2;9;1.0;1;7;MITTERRAND PLACE ET ALLE;;;;490
25193;201300027939;13;1;6;1840;1;2;9;5.0;2;99;MOINIE(BOULEVARD DE LA );M;4705407.0;-90092.0;490
25194;201300027940;13;1;7;1900;5;2;1;1.0;3;99;CASSINI (BOULEVARD JACQU;M;4704194.0;-91354.0;490
25195;201300027941;13;1;9;1210;1;2;1;1.0;6;99;51, RAMBOURG (RUE DE);M;4706724.0;-88504.0;490
25196;201300027942;13;1;11;1315;1;2;2;1.0;6;99;HOTEL DE VILLE (RUE DE L;M;4705794.0;-87935.0;490
25197;201300027943;13;1;14;800;2;2;6;1.0;3;99;FAIDHERBE (BOULEVARD DU;M;4706519.0;-87010.0;490
25198;201300027945;13;1;18;1045;1;2;1;2.0;6;99;MOCRAT(AVENUE DE);M;4706203.0;-89684.0;490
25199;201300027946;13;1;22;1755;2;2;1;1.0;3;99;61 av Leon GAMBETTA;M;4706337.0;-87354.0;490
25200;201300027947;13;1;23;1835;5;2;1;2.0;4;99;TROIS PROVINCES (AVENUE;M;4705948.0;-91900.0;490
25201;201300027948;13;1;24;755;5;2;9;2.0;3;99;FERRIE (AVENUE GUSTAVE);M;4706222.0;-85828.0;490
25202;201300027949;13;1;28;1912;5;2;1;1.0;2;99;BOIS LAVAU (BOULEVARD DE;M;4707309.0;-89757.0;490
25203;201300027950;13;1;28;1732;1;2;6;1.0;3;99;COUBERTIN (BOULEVARD PIE;M;4705013.0;-87221.0;490
25204;201300027951;13;1;28;2020;5;2;6;1.0;4;99;BELGIQUE (BOULEVARD DE );M;4707128.0;-84200.0;490
25205;201300027952;13;1;29;2145;5;2;1;2.0;3;99;CARNOT (RUE SADI);M;4706078.0;-87196.0;490
25206;201300027953;13;2;8;2010;5;2;3;2.0;3;99;LORRAINE (RUE DE);M;4705720.0;-86283.0;490
25207;201300027954;13;2;9;1050;1;2;1;2.0;6;332;HUIT MAI 1945 (PLACE DU);M;4706409.0;-93567.0;490
25208;201300027955;13;2;20;855;1;2;1;1.0;6;99;17, DELHUMEAU PLESSIS (B;M;4705745.0;-87866.0;490
25209;201300027956;13;2;26;935;1;2;1;4.0;3;99;55, FAIDHERBE (BOULEVARD;M;4706784.0;-87461.0;490
25210;201300027957;13;3;22;1210;1;2;1;1.0;6;99;106, VENDEE (RUE DE LA );M;4705277.0;-89067.0;490
25211;201300027958;13;3;27;745;1;2;6;1.0;3;99;BICENTENAIRE DE 1793 (PL;M;4705541.0;-85939.0;490
25212;201300027959;13;4;5;525;2;2;1;1.0;3;99;9, VICTOIRE (BD DE LA);M;4705718.0;-87701.0;490
25213;201300027960;13;4;8;1210;1;2;1;1.0;2;99;BOUET (AVENUE FRANCIS);M;4705889.0;-88920.0;490
25214;201300027961;13;4;17;1445;1;2;6;1.0;6;99;COUBERTIN (BD PIERRE);M;4705080.0;-87166.0;490
25215;201300027963;13;5;9;2200;5;2;1;1.0;6;99;LORRAINE (RUE DE);M;4705610.0;-86085.0;490
25216;201300027964;13;5;11;655;2;2;1;1.0;6;99;MOINIE(BOULEVARD DE LA );M;4705451.0;-90132.0;490
25217;201300027965;13;5;18;1910;1;2;2;3.0;3;99;LA BRUYERE (RUE JEAN DE);M;4705086.0;-85803.0;490
25218;201300027966;13;5;19;35;5;2;1;3.0;6;99;26, VENDEE (RUE DE LA );M;4705588.0;-88891.0;490
25219;201300027967;13;5;27;1303;1;2;2;1.0;6;99;CHANZY (BOULEVARD GENERA;M;4706897.0;-88217.0;490
25220;201300027968;13;5;30;1700;1;2;1;2.0;1;99;ANGERS (AVENUE D' );M;4708062.0;-82792.0;490
25221;201300027969;13;6;6;1625;1;2;6;1.0;2;99;D'ARC (BD JEANNE);M;4706324.0;-86597.0;490
25222;201300027970;13;6;11;1440;1;2;1;2.0;3;99;66 FAIDHERBE (BD DU GEN);M;4706769.0;-87896.0;490
25223;201300027971;13;6;12;1710;1;2;1;1.0;2;99;KENNEDY (AVENUE DU PR);M;4704729.0;-89120.0;490
25224;201300027972;13;6;13;1310;1;2;1;1.0;1;99;49, FAIDHERBE (BOULEVARD;M;4706776.0;-87667.0;490
25225;201300027973;13;6;17;1515;1;2;9;1.0;6;99;TREILLE (BOULEVARD DE LA;M;4705968.0;-90440.0;490
25226;201300027974;13;6;27;830;1;2;1;1.0;2;99;16, FOCH (AVENUE DU MARE;M;4706164.0;-88780.0;490
25227;201300027975;13;7;10;1830;1;2;1;1.0;6;99;HOTEL DE VILLE (RUE DE L;M;4705855.0;-87884.0;490
25228;201300027976;13;7;16;1655;1;2;6;1.0;6;99;PAGANNES (RUE DES);M;4707502.0;-84500.0;490
25229;201300027977;13;7;23;1245;1;1;1;8.0;6;99;76 av hippodrome;M;4703203.0;-88408.0;490
25230;201300027978;13;7;28;615;1;2;1;1.0;6;99;JAURES (RUE JEAN);M;4706349.0;-88511.0;490
25231;201300027979;13;7;29;2025;1;2;1;1.0;6;99;77, ETOILE (RUE DE L');M;4706640.0;-89006.0;490
25232;201300027980;13;8;1;1035;1;2;2;1.0;6;99;65 bis, SAINT PIERRE (RU;;;;490
25233;201300027981;13;8;3;1750;1;2;3;1.0;6;99;COMMERCE (RUE DU);;;;490
25234;201300027982;13;8;5;815;1;2;6;1.0;6;99;LECLERC (AVENUE DU MAREC;M;4706318.0;-86569.0;490
25235;201300027983;13;8;6;2240;5;2;3;1.0;3;99;50, VENDEE (RUE DE LA );;;;490
25236;201300027984;13;8;15;2010;1;1;1;1.0;6;99;23, RD 20;;;;490
25237;201300027985;13;9;4;1100;1;2;1;1.0;6;99;ARC (BOULEVRAD JEANNE D';;;;490
25238;201300027986;13;9;10;910;1;2;1;7.0;6;99;7, HOCHE (RUE LAZARE);;;;490
25239;201300027987;13;9;24;805;1;2;1;1.0;6;99;11, PLACE du 77e RI;M;4706532.0;-87072.0;490
25240;201300027988;13;9;26;1315;1;2;2;2.0;5;99;TURBAUDIERES (BOULEVARD;;;;490
25241;201300027989;13;9;26;1754;1;2;1;1.0;6;99;135, PASTEUR (RUE LOUIS);;;;490
25242;201300027990;13;9;27;2015;3;1;1;1.0;1;99;10, HIPPODROME (AVENUE D;;;;490
25243;201300027991;13;10;14;1200;1;2;9;1.0;6;99;MONDEMENT(RUE DE);M;4706397.0;-88104.0;490
25244;201300027992;13;10;14;1945;5;2;3;2.0;3;99;VENDEE (RUE DE LA );;;;490
25245;201300027994;13;10;20;1955;2;2;3;1.0;3;99;LORRAINE (RUE DE);;;;490
25246;201300027995;13;10;21;755;1;1;8;8.0;6;99;VC 5;;;;490
25247;201300027997;13;10;24;1020;1;2;3;1.0;3;99;STRASBOURG (BOULEVARD DE;;;;490
25248;201300027998;13;11;3;830;1;2;1;2.0;5;99;109, PASTEUR (RUE LOUIS);;;;490
25249;201300027999;13;11;7;1000;1;2;1;2.0;1;99;RN 249;;;;490
25250;201300028000;13;11;7;1920;5;2;1;2.0;3;99;60, MAINDRON (RUE);M;4705954.0;-88684.0;490
25251;201300028001;13;11;22;1145;1;2;1;1.0;3;99;RN160;;;;490
25252;201300028002;13;12;6;1740;2;2;1;1.0;2;99;GODINIERE (BOULEVARD DE;;;;490
25253;201300028003;13;12;9;730;1;2;1;1.0;3;99;16, TOUTLEMONDE (RUE DE);;;;490
25254;201300028004;13;12;11;2050;5;2;2;1.0;3;99;LAENNEC (RUE DU DOCTEUR;;;;490
25255;201300028005;13;12;11;800;2;1;1;1.0;1;99;"LE GAT BRUNET  ""lieu dit";;;;490
25256;201300028006;13;12;13;1915;5;2;1;2.0;4;99;207, TROIS PROVINCES (AV;;;;490
25257;201300028007;13;12;17;835;2;2;6;1.0;6;99;DOROHOI (PLACE DE);;;;490
25258;201300028008;13;12;17;1740;5;2;1;1.0;6;99;10, MALLARME (RUE);;;;490
25259;201300028009;13;12;18;1740;5;2;1;1.0;6;99;71, TRAVOT (PLACE );;;;490
25260;201300028010;13;12;23;1155;1;2;2;2.0;3;99;08, GUTENBERG (RUE);;;;490
25261;201300028011;13;1;3;805;2;2;1;1.0;6;328;BALZAC (AVENUE);M;4725285.0;-8036.0;490
25262;201300028012;13;1;5;1140;1;2;1;1.0;6;328;327, LAMARTINE (RUE);M;4725215.0;-6827.0;490
25263;201300028013;13;1;10;910;1;2;6;2.0;3;328;COMMENTRY (AVENUE);M;4725308.0;-8043.0;490
25264;201300028014;13;1;11;815;2;1;6;1.0;4;328;FLEURET (ROND-POINT DU);M;4728594.0;-4911.0;490
25265;201300028015;13;1;14;1810;2;2;6;1.0;2;328;DE LATTRE DE TASSIGNY (B;M;4726272.0;-9035.0;490
25266;201300028016;13;1;21;2155;3;2;6;1.0;3;328;sans, ROLLETIERES (CHEMI;M;4724671.0;-6375.0;490
25267;201300028017;13;1;25;2230;4;2;2;1.0;3;328;PRESSOIR (RUE DU);M;4725154.0;-7745.0;490
25268;201300028018;13;1;26;750;4;2;1;1.0;7;328;sans, ROUEN (RUE DE);M;4727095.0;-6554.0;490
25269;201300028019;13;1;26;2035;4;2;2;1.0;3;328;sans, LOUCHEUR (RUE);M;4724605.0;-7042.0;490
25270;201300028020;13;2;6;730;2;2;1;3.0;3;328;615, JAGUENEAU (QUAI DU);M;4725173.0;-5873.0;490
25271;201300028021;13;2;8;2205;3;1;1;1.0;7;328;MONTSOREAU (ROUTE DE) D;M;4724622.0;-4015.0;490
25272;201300028022;13;2;21;855;1;2;1;1.0;5;328;POMPIDOU (AVENUE G);M;4726432.0;-9653.0;490
25273;201300028023;13;2;22;1740;1;1;1;1.0;5;328;ROCADE RD 347;M;4724416.0;-10861.0;490
25274;201300028024;13;2;24;430;4;2;1;1.0;7;328;59, AMIOT (RUE JULES);M;4726103.0;-9835.0;490
25275;201300028025;13;2;26;820;1;2;2;1.0;3;328;GRANGE COURONNE (Rue);M;4727337.0;-6938.0;490
25276;201300028026;13;2;26;1715;1;2;1;1.0;6;328;63, DESMARETS (RUE);M;4724590.0;-8923.0;490
25277;201300028027;13;3;1;2320;5;2;1;1.0;6;328;15, PORTAIL LOUIS (RUE D;;;;490
25278;201300028028;13;3;3;745;2;1;1;1.0;7;328;GENNES (ROUTE DE);M;4728178.0;-12191.0;490
25279;201300028029;13;3;7;1400;1;2;1;1.0;2;328;CARNOT (QUAI);M;4726148.0;-7705.0;490
25280;201300028031;13;3;15;920;1;2;2;1.0;6;328;CHEMIN VERT (RUE DU);M;4724922.0;-7731.0;490
25281;201300028032;13;3;15;1655;1;2;1;1.0;3;328;53, ROUEN (RUE DE);M;4727009.0;-6656.0;490
25282;201300028033;13;3;20;1825;1;2;3;1.0;6;328;PHAROUELLE (RUE);M;4726639.0;-7357.0;490
25283;201300028034;13;3;28;1435;1;2;6;1.0;3;328;sans, SENATORERIE (PLACE;M;4726522.0;-10116.0;490
25284;201300028036;13;4;3;1935;1;2;6;1.0;3;328;HOCHE (RUE);M;4725306.0;-8045.0;490
25285;201300028037;13;4;5;1207;1;1;1;2.0;6;328;ROCADE D 347;M;4725012.0;-10234.0;490
25286;201300028038;13;4;14;1650;1;2;6;1.0;7;328;CARROUSEL (Rd Point);M;4726574.0;-9456.0;490
25287;201300028039;13;4;17;1740;1;2;3;1.0;3;328;MARNE (BOULEVARD DE LA);M;4723833.0;-7846.0;490
25288;201300028040;13;4;19;1100;1;2;2;1.0;6;328;DACIER (RUE);M;4725860.0;-7557.0;490
25289;201300028041;13;4;19;1840;1;2;1;1.0;7;328;19, CARNOT (QUAI);M;4726259.0;-7900.0;490
25290;201300028042;13;4;21;1055;1;2;1;1.0;7;328;sans, DAVID D'ANGERS (AV;M;4727081.0;-7381.0;490
25291;201300028044;13;5;2;1650;1;2;1;1.0;1;328;JAGUENEAU (QUAI DU);M;4725390.0;-6381.0;490
25292;201300028045;13;5;6;1615;1;2;1;1.0;6;328;DELESSERT (Bd);M;4725588.0;-8728.0;490
25293;201300028046;13;5;6;1650;1;2;1;1.0;2;328;326, MONTSOREAU (ROUTE D;M;4724402.0;-3351.0;490
25294;201300028047;13;5;6;1730;1;2;1;1.0;6;328;6, BODIN (RUE);M;4725678.0;-7970.0;490
25295;201300028048;13;5;9;1130;1;2;1;1.0;7;328;623, JAGUENEAU (QUAI DU);M;4725177.0;-5886.0;490
25296;201300028049;13;5;25;1040;1;2;1;1.0;3;328;SCHWEITZER (RUE DU);M;4724631.0;-7805.0;490
25297;201300028050;13;5;28;1000;1;2;1;8.0;3;328;42, ROUEN (RUE DE);M;4726893.0;-6782.0;490
25298;201300028051;13;6;8;1820;1;2;1;1.0;6;328;40, MABILEAU (RUE RENE);M;4725668.0;-9394.0;490
25299;201300028052;13;6;9;2045;1;2;6;8.0;3;328;Rd POINT  PONT FOUCHARD;M;4725367.0;-8548.0;490
25300;201300028054;13;6;15;1555;1;1;1;1.0;6;328;CHAMPIGNY (ROUTE DE);M;4723994.0;-4434.0;490
25301;201300028055;13;6;15;2010;1;1;1;1.0;6;328;CHAMPIGNY (ROUTE D;M;4724140.0;-4588.0;490
25302;201300028056;13;6;18;1905;1;1;1;1.0;7;328;TRESOR (ROUTE DU);M;4726295.0;-11738.0;490
25303;201300028057;13;6;20;1315;1;2;3;1.0;1;328;FARDEAU (RUE);M;4725440.0;-8182.0;490
25304;201300028058;13;6;21;2255;5;2;6;1.0;2;328;CESSART (ROND-POINT);M;4726126.0;-7659.0;490
25305;201300028061;13;7;1;1015;1;2;1;1.0;6;328;6, HIRONDELLES (RUE DES);M;4727379.0;-7517.0;490
25306;201300028062;13;7;7;1045;1;2;6;1.0;6;328;MUSEE DU MOTEUR (ROND-PO;M;4725203.0;-8717.0;490
25307;201300028063;13;7;10;1515;1;2;1;1.0;6;328;18, FIDELITE (RUE DE LA);M;4726093.0;-7884.0;490
25308;201300028065;13;7;20;1315;1;2;1;1.0;2;328;Bd LOUIS RENAULT;M;4725330.0;-8470.0;490
25309;201300028066;13;7;21;1815;1;2;1;1.0;7;328;D'ANJOU(RUE);M;4725648.0;-7153.0;490
25310;201300028067;13;7;23;1605;1;1;1;1.0;6;328;ROCADE RD 347;M;4725506.0;-9949.0;490
25311;201300028068;13;7;25;110;3;2;1;1.0;7;328;sans, PETIT PUY (RUE DU);M;4724897.0;-5709.0;490
25312;201300028069;13;7;27;1025;1;1;1;1.0;6;328;ROCADE D 347;M;4727884.0;-7174.0;490
25313;201300028070;13;7;27;1615;1;2;6;1.0;7;328;DE LATTRE DE TASSIGNY;M;4725991.0;-8886.0;490
25314;201300028071;13;7;28;620;2;2;1;1.0;6;328;PALUSTRE (RUE LEOP;M;4727318.0;-10761.0;490
25315;201300028072;13;7;29;750;1;1;1;1.0;5;328;ROCADE D 347;M;0.0;-7049.0;490
25316;201300028073;13;7;31;1800;1;2;1;1.0;5;328;JAGUENEAU (QUAI DU;M;4725264.0;-6155.0;490
25317;201300028074;13;8;7;230;4;2;1;1.0;6;328;MAYAUD (QUAI);M;4725491.0;-6535.0;490
25318;201300028075;13;8;9;1915;1;2;2;1.0;3;328;MARAICHERS (AVENUE DES);M;4727331.0;-6942.0;490
25319;201300028076;13;8;14;1925;1;2;1;1.0;6;328;78, ROUEN (RUE DE) N 147;;;;490
25320;201300028077;13;8;31;230;3;2;1;1.0;7;328;sans, DACIER (RUE);;;;490
25321;201300028078;13;9;2;1925;1;2;1;1.0;7;328;sans, DUNANT (BOULEVARD;;;;490
25322;201300028079;13;9;3;1655;1;2;6;1.0;3;328;AMIOT (RUE JULES);M;4726120.0;-9868.0;490
25323;201300028080;13;9;5;1315;1;2;3;1.0;3;328;DUNANT (BOULEVARD;M;4726629.0;-8458.0;490
25324;201300028081;13;9;9;1750;1;2;1;1.0;3;328;11, PRESSOIR (RUE DU);M;4725257.0;-7720.0;490
25325;201300028082;13;9;9;1830;1;2;6;1.0;7;328;sans, DOLMEN (ROND-POINT;;;;490
25326;201300028084;13;9;14;1255;1;2;1;3.0;7;328;0, PONT FOUCHARD (RUE DU;;;;490
25327;201300028085;13;9;20;1725;1;2;3;1.0;3;328;DE GAULLE (AVENUE DU GEN;;;;490
25328;201300028086;13;9;21;1220;1;2;3;1.0;2;328;DAVID D'ANGERS (AVENUE);M;4726884.0;-7083.0;490
25329;201300028087;13;9;24;750;2;2;1;1.0;6;328;OREAU (RUE DE L');M;4727899.0;-7049.0;490
25330;201300028088;13;9;24;900;1;2;6;1.0;6;328;25, DE GAULLE (AVENUE DU;M;4726407.0;-7359.0;490
25331;201300028090;13;10;4;2020;5;2;1;1.0;1;328;85, MABILEAU (RUE RENE);M;4725446.0;-9158.0;490
25332;201300028091;13;10;12;1915;2;2;1;1.0;6;328;2, BASSE ST PIERRE (RUE);;;;490
25333;201300028092;13;10;15;1725;1;2;1;3.0;6;328;sans, CESSART (PONT);;;;490
25334;201300028093;13;10;20;1040;1;1;1;2.0;6;328;BOURNAN (ROND-POINT);;;;490
25335;201300028094;13;10;21;1710;1;1;1;1.0;3;328;VIEUX VIVY (ROUTE DU);;;;490
25336;201300028095;13;10;28;1030;1;2;1;1.0;7;328;sans, THOUET (RIVES DU);;;;490
25337;201300028096;13;11;12;1755;5;2;1;2.0;6;328;BOURNIGAL (RUE DU);M;4725242.0;-7975.0;490
25338;201300028097;13;11;14;745;1;1;1;1.0;5;328;sans, ROCADE N 347;;;;490
25339;201300028098;13;11;16;820;1;1;1;1.0;3;328;sans, CADRE NOIR (PONT D;;;;490
25340;201300028100;13;11;25;2005;5;2;1;1.0;1;328;58, PRESSOIR (RUE DU);;;;490
25341;201300028101;13;12;4;1900;5;2;1;1.0;6;328;14, POMPIDOU (AVENUE GEO;;;;490
25342;201300028102;13;12;10;1815;3;2;1;1.0;5;328;ROCADE N 347;;;;490
25343;201300028103;13;12;12;1545;2;1;1;1.0;2;328;sans, ROCADE N 347;;;;490
25344;201300028104;13;12;13;1640;1;2;2;1.0;3;328;sans, FIDELITE (RUE DE L;;;;490
25345;201300028105;13;12;19;1430;1;2;3;1.0;3;328;CLOS COUTARD (RUE DU);;;;490
25346;201300028106;13;12;20;1640;1;2;1;1.0;6;328;sans, MARCEAU (RUE);;;;490
25347;201300028107;13;12;20;1700;1;2;1;1.0;7;328;sans, MARAICHERS (AVENUE;;;;490
25348;201300028108;13;12;27;1220;1;2;6;2.0;2;328;WEYGAND (ROND-POINT);;;;490
25349;201300028109;13;1;2;1745;5;2;1;2.0;6;129;CHEMIN DU FORT NEUF;M;4962310.0;-166064.0;500
25350;201300028111;13;1;11;1220;1;2;1;1.0;7;602;RUE DU BECQUET;M;4965190.0;-155795.0;500
25351;201300028112;13;1;12;1419;1;2;2;1.0;1;129;AV CARNOT/R A. BRIAND;M;4963890.0;-161645.0;500
25352;201300028113;13;1;14;1845;5;2;2;1.0;1;203;R JF MILLET/R VERLAINE;M;4961850.0;-160803.0;500
25353;201300028114;13;1;15;1215;1;2;5;1.0;4;129;ROND POINT DE POOLE;M;4963570.0;-163075.0;500
25354;201300028115;13;1;17;1355;1;2;1;1.0;1;602;AVENUE DE NORTHEIM;M;4964340.0;-158090.0;500
25355;201300028116;13;1;21;1650;1;2;1;2.0;7;602;RUE PIERRE BROSSOLETTE;M;4963200.0;-159202.0;500
25356;201300028117;13;1;23;1140;1;2;1;1.0;6;129;RUE GAMBETTA;M;4963830.0;-162647.0;500
25357;201300028118;13;1;27;1630;1;2;1;1.0;7;129;BD MENDES FRANCE;M;4963560.0;-163021.0;500
25358;201300028119;13;1;28;1330;1;2;1;1.0;7;203;RUE HENRI CORNAT;M;4961640.0;-160252.0;500
25359;201300028121;13;2;2;1620;1;2;2;1.0;3;602;R DES METIERS/DES CITES;M;4963660.0;-158516.0;500
25360;201300028122;13;2;3;1750;5;2;1;2.0;2;602;RUE JEAN GOUBERT;M;4964730.0;-158851.0;500
25361;201300028123;13;2;4;2030;5;2;6;2.0;7;602;BOULEVARD DE L'EST;M;4963560.0;-158478.0;500
25362;201300028124;13;2;6;830;1;2;2;2.0;3;602;BD DE L'EST/R J BOUIN;M;4963510.0;-158643.0;500
25363;201300028125;13;2;6;1355;1;2;1;2.0;7;173;;M;4965660.0;-165346.0;500
25364;201300028126;13;2;8;1525;1;2;1;1.0;6;602;RUE GAMBETTA;M;4964070.0;-157555.0;500
25365;201300028127;13;2;9;25;5;2;1;1.0;7;129;BD DE L'ATLANTIQUE;M;4963220.0;-162379.0;500
25366;201300028128;13;2;11;745;5;2;1;1.0;6;129;BOULEVARD MENDES FRANCE;M;4963410.0;-162271.0;500
25367;201300028129;13;2;15;1755;1;2;1;1.0;3;203;LES ROUGES TERRES;M;4961960.0;-161241.0;500
25368;201300028130;13;2;19;1750;1;1;1;1.0;6;602;RUE DE LA MOIGNERIE;M;4964510.0;-158631.0;500
25369;201300028131;13;2;20;810;1;2;1;9.0;7;602;RUE PIERRE BROSSOLETTE;M;4963100.0;-158922.0;500
25370;201300028132;13;2;21;150;5;2;1;1.0;6;129;RUE DES VIEILLES CARRIER;M;4963550.0;-163268.0;500
25371;201300028133;13;2;28;1340;1;2;2;1.0;3;602;LA MOIGNERIE/AV DE NORTH;M;4964600.0;-158324.0;500
25372;201300028134;13;3;3;635;5;2;1;1.0;7;129;RUE TOUR CARREE;M;4964020.0;-162225.0;500
25373;201300028135;13;3;6;2315;5;2;1;2.0;1;173;RUE DU TOT NEUF;M;4964190.0;-166044.0;500
25374;201300028136;13;3;6;1405;1;2;1;1.0;2;416;RUE DU BRETON;M;4965630.0;-169703.0;500
25375;201300028137;13;3;7;1410;1;2;2;1.0;1;173;R G LECLERC/LEON JOUHAUX;M;4964750.0;-165091.0;500
25376;201300028138;13;3;19;1315;1;2;2;1.0;3;129;R DE LA FOERDE/CH MONTUR;M;4962830.0;-164966.0;500
25377;201300028139;13;3;24;1655;1;2;1;1.0;7;602;RUE DE LA PYROTECHNIE;M;4964740.0;-159385.0;500
25378;201300028141;13;3;28;1145;1;2;1;1.0;2;129;RUE DU BLE;M;4964060.0;-162441.0;500
25379;201300028142;13;3;28;755;1;2;1;1.0;6;129;AVENUE RENE SCHMITT;M;4963620.0;-164965.0;500
25380;201300028143;13;3;28;910;1;2;1;1.0;2;129;RUE DU VAL DE SAIRE;M;4963850.0;-161169.0;500
25381;201300028144;13;3;30;1505;1;2;2;2.0;3;129;AV MAUGOLD/R ABBAYE;M;4964500.0;-163561.0;500
25382;201300028145;13;3;31;2130;5;2;2;1.0;3;129;R CACHIN/AV A. BRIAND;M;4963960.0;-161634.0;500
25383;201300028146;13;4;1;2250;5;2;2;1.0;1;129;PLACE MARIE RAVENEL;M;4963890.0;-161645.0;500
25384;201300028147;13;4;3;1820;1;2;2;1.0;3;602;R DES CITES/R DES METIER;M;4963670.0;-158514.0;500
25385;201300028148;13;4;9;1900;1;2;2;1.0;3;129;AV PLYMOUTH/BD ATLANTIQ;M;4963230.0;-162375.0;500
25386;201300028149;13;4;12;1940;1;2;1;1.0;3;129;BD L'ATLANTIQUE;M;4962990.0;-163101.0;500
25387;201300028150;13;4;13;1;5;2;1;1.0;6;173;RUE PASTEUR;M;4964520.0;-164817.0;500
25388;201300028151;13;4;13;1010;1;2;4;2.0;3;602;GAL DE GAULLE/EGLANTINE;M;4963870.0;-156431.0;500
25389;201300028152;13;4;15;750;1;2;1;1.0;6;129;RUE DU VAL DE SAIRE;M;4963850.0;-161238.0;500
25390;201300028153;13;4;15;715;1;1;4;1.0;3;173;R DU GRANCH/R DE L'EGALI;M;4964570.0;-169233.0;500
25391;201300028155;13;4;25;850;1;2;2;1.0;7;129;R VAL DE SAIRE/R DU BOIS;M;4963920.0;-160546.0;500
25392;201300028156;13;4;26;1450;1;2;1;1.0;6;129;RUE DE LORRAINE;M;4962590.0;-162647.0;500
25393;201300028158;13;5;1;1110;1;1;1;1.0;2;203;;M;4959820.0;-159687.0;500
25394;201300028159;13;5;4;2000;1;1;1;1.0;7;416;;M;4964920.0;-171717.0;500
25395;201300028160;13;5;6;1246;1;2;1;1.0;6;129;PARKING GAMBETTA;M;4964700.0;-164389.0;500
25396;201300028161;13;5;7;1900;1;2;1;1.0;6;129;RUE DU NEUFBOURG;M;4963280.0;-160460.0;500
25397;201300028162;13;5;9;1445;1;2;1;1.0;7;129;RUE BECQUEREL;M;4962690.0;-163678.0;500
25398;201300028163;13;5;10;1735;1;2;1;1.0;7;129;RUE VAL DE SAIRE;M;4963910.0;-161976.0;500
25399;201300028164;13;5;14;755;1;2;6;2.0;7;129;ROND POINT DE MINERVE;M;4964240.0;-161570.0;500
25400;201300028165;13;5;14;1800;1;2;1;2.0;6;129;RUE DE L'ABBAYE;M;4964370.0;-162999.0;500
25401;201300028166;13;5;16;1745;1;2;6;1.0;3;173;RD POINT DE QUERQUEVILLE;M;4966160.0;-168146.0;500
25402;201300028168;13;5;19;905;1;2;3;2.0;3;602;BD DE L'EST/R GRD PRE;M;4963640.0;-159607.0;500
25403;201300028170;13;5;20;1800;1;2;1;1.0;7;129;RUE DE PICARDIE;M;4962800.0;-162899.0;500
25404;201300028171;13;5;22;1835;1;2;1;1.0;6;173;RUE JEAN MOULIN;M;4965540.0;-167533.0;500
25405;201300028172;13;5;24;1710;1;2;2;1.0;3;602;BD DE L'EST/R J BOUIN;M;4963510.0;-158656.0;500
25406;201300028174;13;5;28;1600;1;2;2;1.0;4;203;LES ROUGES TERRES;M;4961210.0;-160112.0;500
25407;201300028175;13;6;2;620;1;2;1;1.0;6;129;RUE DES TANNERIES;M;4963310.0;-162310.0;500
25408;201300028177;13;6;5;950;1;2;3;1.0;2;602;BD DE L'EST/R B MARCET;M;4963620.0;-159454.0;500
25409;201300028178;13;6;7;525;5;2;1;3.0;7;129;QUAI DE CALIGNY;M;4964230.0;-162208.0;500
25410;201300028179;13;6;10;745;1;2;3;1.0;6;129;R BUCAILLE/R G JOUAN;M;4964200.0;-163485.0;500
25411;201300028180;13;6;12;1205;1;2;1;2.0;6;129;RUE AMIRAL COURBET;M;4964220.0;-163256.0;500
25412;201300028181;13;6;12;1340;1;2;3;1.0;7;129;R CHRISTINE/R F LAVIEILL;M;4964020.0;-162612.0;500
25413;201300028182;13;6;14;1800;1;2;1;1.0;6;129;RUE DU DR CHARCOT;M;4964570.0;-164557.0;500
25414;201300028183;13;6;15;1400;1;2;2;1.0;2;129;R DE L'ABBAYE/LEV MANGOL;M;4964500.0;-163560.0;500
25415;201300028184;13;6;15;1555;1;2;1;1.0;6;129;PLACE NAPOLEON;M;4964380.0;-162540.0;500
25416;201300028185;13;6;16;1200;1;2;1;1.0;7;129;BOULEVARD MARITIME;M;4964380.0;-160110.0;500
25417;201300028186;13;6;18;1820;1;2;1;1.0;7;129;QUAI DE CALIGNY;M;4964170.0;-162134.0;500
25418;201300028187;13;6;20;1300;1;2;3;1.0;7;129;R TROTTEBEC/BD A LEMONNI;M;4963460.0;-161084.0;500
25419;201300028188;13;6;21;825;1;2;2;2.0;3;173;R M SEMBAT/R F BUISSON;M;4965770.0;-167869.0;500
25420;201300028189;13;6;21;1705;1;2;1;1.0;7;173;RUE SALVADOR ALLENDE;M;4964300.0;-164931.0;500
25421;201300028190;13;6;24;740;1;2;1;1.0;4;173;BOULEVARD DE SALINE;M;4965390.0;-164907.0;500
25422;201300028191;13;6;27;215;5;2;1;1.0;6;129;BOULEVARD DE LA SALINE;M;4964940.0;-164463.0;500