;Num_Acc;an;mois;jour;hrmn;lum;agg;int;atm;col;com;adr;gps;lat;long;dep
25423;201300028192;13;6;28;845;1;2;6;1.0;3;129;ROND POINT DE THEMIS;M;4963420.0;-161427.0;500
25424;201300028193;13;6;28;1450;1;2;3;1.0;3;416;R DES MOURETS/R DU MONT;M;4965780.0;-170610.0;500
25425;201300028194;13;6;30;1730;1;2;1;1.0;7;203;CHASSE DE QUINCAMPOIX;M;4961440.0;-162509.0;500
25426;201300028195;13;7;1;1710;1;2;3;1.0;3;129;P DE COUBERTIN/DR CHARCO;M;4964260.0;-164043.0;500
25427;201300028196;13;7;2;830;1;2;2;1.0;6;129;R POLLE/R ASSELIN;M;4964000.0;-163417.0;500
25428;201300028197;13;7;3;1006;1;2;3;1.0;3;129;R TOURAINE/AV NORMANDIE;M;4962680.0;-163461.0;500
25429;201300028198;13;7;6;200;3;1;1;1.0;6;602;VOIE DE CONTOURNEMENT;M;4965320.0;-156915.0;500
25430;201300028199;13;7;9;1210;1;2;1;1.0;3;129;QUAI ALEXANDRE III;M;4963680.0;-162194.0;500
25431;201300028200;13;7;13;435;5;2;1;1.0;6;173;RUE GUERRY;M;4964490.0;-166890.0;500
25432;201300028201;13;7;12;1010;1;2;3;1.0;3;129;BD ATLANTIQUE/R ARTOIS;M;4962880.0;-162743.0;500
25433;201300028202;13;7;12;1300;1;2;2;1.0;3;602;BD DE L'EST/RP SAUXMARAI;M;4963560.0;-158479.0;500
25434;201300028203;13;7;15;1030;1;2;1;1.0;6;602;BOULEVARD DE COLLIGNON;M;4965630.0;-157029.0;500
25435;201300028204;13;7;19;1245;1;2;3;1.0;3;129;AVENUE DE CESSART;M;4964520.0;-162885.0;500
25436;201300028205;13;7;26;1515;1;2;1;1.0;7;173;RUE DUBOST;M;4964190.0;-167089.0;500
25437;201300028206;13;7;30;1545;1;2;1;3.0;7;129;AV JEAN FRANCOIS MILLET;M;4963390.0;-162159.0;500
25438;201300028207;13;8;3;1650;1;2;2;1.0;7;129;PLACE JEAN JAURES;M;4963390.0;-162272.0;500
25439;201300028208;13;8;6;2030;1;2;1;1.0;7;173;BOULEVARD DE LA SALINE;M;4965780.0;-166147.0;500
25440;201300028209;13;8;9;1810;1;2;1;1.0;7;129;BD GUILLAUME LE CONQUERA;M;4963610.0;-163209.0;500
25441;201300028210;13;8;13;515;5;2;2;1.0;3;602;J GOUBERT/A BRIAND;M;4964650.0;-159067.0;500
25442;201300028211;13;8;15;1905;1;2;3;1.0;3;129;0, TRIBUNAUX (RUE DES);M;4963830.0;-162444.0;500
25443;201300028212;13;8;17;515;5;2;1;1.0;7;129;RUE DU MARECHAL LECLERC;M;4963590.0;-163294.0;500
25444;201300028214;13;8;20;605;5;2;2;1.0;1;129;QUAI ALEX III/TANNERIES;M;4963400.0;-162250.0;500
25445;201300028215;13;8;21;1915;1;2;1;1.0;7;129;RUE DE LA PAIX;M;4964260.0;-162612.0;500
25446;201300028216;13;8;23;1210;1;2;1;1.0;6;203;RUE DES AJONCS;M;4963310.0;-157916.0;500
25447;201300028217;13;8;24;1555;1;2;3;1.0;7;129;R AU BLE/BOEL MESLIN;M;4964080.0;-162389.0;500
25448;201300028218;13;8;27;1335;1;2;1;1.0;2;129;PLACE NAPOLEON;M;4964170.0;-162133.0;500
25449;201300028221;13;9;2;1220;1;2;1;1.0;4;129;RUE DE L'ABBAYE;M;4964560.0;-163882.0;500
25450;201300028222;13;9;9;1335;1;2;1;8.0;7;129;ROND POINT DES MIELLES;M;4964340.0;-160277.0;500
25451;201300028223;13;9;15;1700;1;2;1;3.0;6;173;RUE FELIX FAURE;M;4964330.0;-165007.0;500
25452;201300028224;13;9;23;1750;1;2;2;1.0;1;173;R M SEMBAT/A BENECERE;M;4965880.0;-168782.0;500
25453;201300028225;13;9;24;915;1;2;1;7.0;7;602;R PIERRE BROSSOLETTE;M;4963100.0;-159023.0;500
25454;201300028226;13;9;26;1555;1;2;2;1.0;1;602;R DES METIERS/DES CITES;M;4963670.0;-158515.0;500
25455;201300028227;13;9;29;100;5;2;2;1.0;3;129;R VAL DE SAIRE/A CARNOT;M;4963890.0;-161645.0;500
25456;201300028228;13;10;3;2035;5;2;1;8.0;6;129;RUE DU ROULE;M;4962970.0;-161837.0;500
25457;201300028229;13;10;5;900;1;2;4;1.0;6;602;R J GODART/J GOUBERT;M;4964800.0;-158696.0;500
25458;201300028230;13;10;6;1705;1;2;1;1.0;3;602;RUE LOUIS BEUVE;M;4965130.0;-155276.0;500
25459;201300028231;13;10;10;945;1;2;1;1.0;7;129;RUE GAMBETTA;M;4964680.0;-164392.0;500
25460;201300028232;13;10;12;1710;1;2;2;1.0;3;173;R DES RESISTANS/DE BELGI;M;4964750.0;-165481.0;500
25461;201300028233;13;10;12;1640;1;2;1;1.0;5;129;RUE PIERRE COUBERTIN;M;4964250.0;-164017.0;500
25462;201300028234;13;10;14;1535;1;2;1;2.0;4;602;BOULEVARD DE L'EST;M;4963590.0;-157874.0;500
25463;201300028235;13;10;14;1700;1;2;1;1.0;7;129;RUE DU BOIS;M;4963440.0;-160011.0;500
25464;201300028236;13;10;14;1955;3;1;1;2.0;6;203;AXE NORD - SUD;M;4959830.0;-159665.0;500
25465;201300028238;13;10;18;1650;1;2;3;1.0;6;129;R SENNECEY/J FLEURY;M;4963740.0;-161180.0;500
25466;201300028239;13;10;22;810;5;2;1;2.0;7;129;QUAI DE CALIGNY;M;4964150.0;-162138.0;500
25467;201300028240;13;10;25;1830;1;2;1;1.0;7;129;RUE DES TANNERIES;M;4963400.0;-162250.0;500
25468;201300028241;13;10;30;2020;3;1;1;1.0;6;602;AXE NORD - SUD;M;4963230.0;-157837.0;500
25469;201300028243;13;11;2;2255;5;2;1;2.0;7;129;RUE DE BASSIGNY;M;4962700.0;-162822.0;500
25470;201300028244;13;11;4;1320;1;2;1;1.0;6;129;RUE DE L'ABBAYE;M;4964410.0;-163193.0;500
25471;201300028245;13;11;6;1250;1;2;1;2.0;2;129;AV VINGT CINQUIEME LIGNE;M;4964510.0;-163494.0;500
25472;201300028246;13;11;7;1250;1;2;3;2.0;6;129;R ST SAUVEUR/R PR LOUBET;M;4963180.0;-163337.0;500
25473;201300028247;13;11;9;1700;2;2;3;1.0;7;129;AV DELAVILLE/R LOUIS XVI;M;4963570.0;-162285.0;500
25474;201300028248;13;11;13;1320;1;2;1;1.0;5;129;RUE D'ALSACE;M;4962660.0;-162354.0;500
25475;201300028249;13;11;14;1415;1;2;1;1.0;6;129;RUE GUILLAUME FOUACE;M;4963860.0;-162963.0;500
25476;201300028250;13;11;16;1720;5;2;1;1.0;6;129;BD DE L'ATLANTIQUE;M;4962900.0;-162662.0;500
25477;201300028251;13;11;17;1830;5;2;1;1.0;4;129;AVENUE DE PARIS;M;4963070.0;-161786.0;500
25478;201300028252;13;11;23;1910;5;2;3;1.0;7;129;R DU MAUPAS/R LEBRUN;M;4963290.0;-161211.0;500
25479;201300028253;13;11;22;1040;1;2;1;1.0;2;129;AV JF MILLET;M;4963390.0;-162182.0;500
25480;201300028254;13;11;25;1700;5;2;1;1.0;7;129;AV JF MILLET;M;4963390.0;-162125.0;500
25481;201300028255;13;11;25;1525;1;2;2;1.0;3;129;R FAURE/J LEBAS;M;4964310.0;-164694.0;500
25482;201300028257;13;11;28;1700;5;2;1;2.0;4;203;LES ROUGES TERRES;M;4960830.0;-159995.0;500
25483;201300028258;13;11;29;1815;3;1;1;2.0;6;602;RUE DU HAUT MESNIL;M;4964020.0;-157299.0;500
25484;201300028259;13;11;29;1650;2;2;1;1.0;1;602;BOULEVARD MARITIME;M;4964370.0;-160109.0;500
25485;201300028260;13;11;29;1750;5;1;1;1.0;5;602;RUE DU VAL CANU;;;;500
25486;201300028261;13;11;30;1820;5;2;1;1.0;4;203;LES ROUGES TERRES;M;4961030.0;-160062.0;500
25487;201300028262;13;12;5;1350;1;1;1;1.0;6;203;HAMEAU TRUFFERT;M;4961510.0;-157063.0;500
25488;201300028263;13;12;6;1400;1;2;1;1.0;2;416;RUE DES CLAIRES;M;4966060.0;-169728.0;500
25489;201300028264;13;12;9;1700;1;1;1;1.0;7;203;LA MAISON BERTRAND;M;4959580.0;-159768.0;500
25490;201300028266;13;12;13;2135;5;2;2;1.0;1;129;BECQUEREL/W.ROUSSEAU;M;4962690.0;-163746.0;500
25491;201300028267;13;12;16;1245;1;2;2;2.0;3;602;R P.DESPRES/CARNOT;M;4964280.0;-159950.0;500
25492;201300028268;13;12;17;1605;1;2;1;2.0;7;129;QUAI DE CALIGNY;M;4964000.0;-162154.0;500
25493;201300028269;13;12;18;1115;1;2;2;1.0;6;602;MEDERIC/COUTURIERES;;;;500
25494;201300028270;13;12;21;220;5;2;1;1.0;6;129;AVENUE RENE SCHMITT;M;4963370.0;-164884.0;500
25495;201300028271;13;12;21;1015;1;2;1;3.0;7;173;RUE DUBOST;M;4963580.0;-166587.0;500
25496;201300028272;13;2;9;1409;1;2;1;2.0;6;147;RUE SAINT NICOLAS;M;4905050.0;-144393.0;500
25497;201300028273;13;3;18;1815;1;2;1;1.0;6;147;AV DE LA  REPUBLIQUE;M;4905590.0;-143528.0;500
25498;201300028274;13;5;3;1850;1;1;1;1.0;2;147;ROCADE NORD;M;4906930.0;-142978.0;500
25499;201300028275;13;7;2;2240;5;2;1;1.0;7;147;RUE SAINT MALO;M;4905120.0;-145217.0;500
25500;201300028276;13;7;5;1140;1;2;1;1.0;6;147;RUE DE LA VERJUSIERE;M;4904870.0;-143998.0;500
25501;201300028277;13;7;25;1005;1;2;1;1.0;6;147;BD ALSACE LORRAINE;M;4905300.0;-144259.0;500
25502;201300028278;13;7;29;2215;5;2;1;1.0;7;147;BD ALSACE LORRAINE;M;4904960.0;-144745.0;500
25503;201300028279;13;8;13;220;3;2;1;1.0;7;147;ROUTE DE CARENTAN;M;4906930.0;-142978.0;500
25504;201300028280;13;9;17;1650;1;2;3;1.0;2;147;AV D LECLERC/AV REPUBLIQ;M;4905360.0;-144149.0;500
25505;201300028282;13;11;2;1510;1;2;1;2.0;2;345;AVENUE DIVISION LECLERC;M;4906440.0;-143277.0;500
25506;201300028283;13;11;13;910;1;1;1;7.0;6;537;RUE DES AMONTOUX;M;4903150.0;-143847.0;500
25507;201300028284;13;11;16;1820;4;2;2;1.0;6;147;RUE DU LYCEE;M;4904600.0;-144549.0;500
25508;201300028285;13;12;2;1600;1;2;1;1.0;7;147;SAPINS (AVENUE DES);;;;500
25509;201300028286;13;12;6;1640;1;2;1;1.0;6;147;31 C, DIVISION LECLERC;M;4905630.0;-143844.0;500
25510;201300028287;13;12;9;1340;1;2;1;1.0;6;376;RUE PONT DE SOULLES;M;4903780.0;-144487.0;500
25511;201300028288;13;12;14;1350;1;2;3;1.0;6;147;R. NORMANDIE/BD A. LORRA;M;4905340.0;-144189.0;500
25512;201300028289;13;1;1;1023;1;2;1;1.0;6;218;AVENUE DES MATIGNONS;M;4883790.0;-157174.0;500
25513;201300028290;13;1;11;2005;5;2;1;1.0;3;218;RUE COURAYE;M;4883760.0;-158980.0;500
25514;201300028291;13;1;17;820;1;2;1;1.0;2;218;AVENUE DES MATIGNONS;M;4883780.0;-156548.0;500
25515;201300028292;13;2;3;1335;1;1;1;1.0;6;218;RTE VILLEDIEU LES POELES;M;4883740.0;-154040.0;500
25516;201300028294;13;2;11;1000;1;2;1;1.0;6;218;RUE SAINT NICOLAS;M;4883370.0;-156764.0;500
25517;201300028295;13;2;20;1750;1;2;1;1.0;5;218;RUE COURAYE;M;4883740.0;-159201.0;500
25518;201300028296;13;3;6;1924;5;2;6;8.0;6;165;ROUTE DE COUTANCES;M;4885390.0;-156503.0;500
25519;201300028297;13;3;20;1620;1;1;3;1.0;3;532;;M;4881990.0;-155157.0;500
25520;201300028298;13;3;24;1245;1;2;1;1.0;7;165;RUE DE LA GARE;M;4884480.0;-158382.0;500
25521;201300028300;13;4;2;900;1;1;1;1.0;4;532;LA MARECHALLERIE;M;4880320.0;-152818.0;500
25522;201300028301;13;4;16;1410;1;2;1;1.0;2;165;ROUTE DE COUTANCES;M;4885270.0;-156769.0;500
25523;201300028302;13;5;6;830;1;1;2;1.0;3;532;LA BRUYERE;M;4879910.0;-155591.0;500
25524;201300028303;13;6;19;1750;1;2;3;1.0;3;165;DU CHATEAU/PIERRE AIGUE;M;4885260.0;-156259.0;500
25525;201300028304;13;6;27;1120;1;2;9;1.0;3;532;RUE GRACE DE DIEU;M;4880630.0;-156877.0;500
25526;201300028305;13;7;17;1345;1;2;1;1.0;6;218;AVENUE DES MATIGNONS;M;4883800.0;-157842.0;500
25527;201300028306;13;7;19;1220;1;2;6;1.0;3;218;RUE MARECHAL LECLERC;M;4883770.0;-158935.0;500
25528;201300028307;13;7;24;1810;1;2;1;1.0;2;532;RUE CHARLES MATHURIN;M;4880990.0;-157053.0;500
25529;201300028308;13;7;26;1025;1;1;1;1.0;2;8;;M;4884680.0;-154242.0;500
25530;201300028309;13;7;18;1000;1;2;2;1.0;4;532;RUE CHARLES MATHURIN;M;4880840.0;-157053.0;500
25531;201300028311;13;8;8;1620;1;2;1;1.0;7;218;DU 2 EME ET 202 EME DE L;M;4883650.0;-160455.0;500
25532;201300028312;13;8;11;1630;1;2;1;1.0;6;165;AVENUE DES MATIGNONS;M;4883780.0;-157086.0;500
25533;201300028313;13;7;13;310;3;1;1;1.0;7;532;ROUTE DU CHESNAY;M;4879970.0;-154073.0;500
25534;201300028314;13;8;17;244;5;2;9;1.0;6;66;AVENUE D'AVRANCHES;M;4879190.0;-156631.0;500
25535;201300028315;13;8;23;1325;1;2;1;1.0;3;218;RUE COURAYE;M;4883740.0;-159121.0;500
25536;201300028316;13;8;14;840;1;2;6;1.0;3;218;ROND POINT SHERBONNE;M;4882970.0;-156730.0;500
25537;201300028317;13;9;9;1700;1;2;1;1.0;3;165;AVENUE DES MATIGNONS;M;4883800.0;-158191.0;500
25538;201300028318;13;9;10;1715;1;2;3;1.0;3;218;AV DU MARECHAL LECLERC;M;4883790.0;-158752.0;500
25539;201300028319;13;10;9;730;5;2;6;8.0;7;532;RUE DE LA MAIRIE;M;4881270.0;-156604.0;500
25540;201300028320;13;10;15;1915;5;2;1;8.0;7;532;RUE GRACE DE DIEU;M;4880630.0;-156878.0;500
25541;201300028321;13;10;23;1205;1;2;1;1.0;3;165;AVENUE JEANNE JUGAN;M;4883530.0;-158025.0;500
25542;201300028322;13;11;2;1220;1;1;1;1.0;3;218;ROUTE DE VILLEDIEU;M;4883740.0;-154362.0;500
25543;201300028323;13;11;5;1120;1;2;1;1.0;7;218;PARKING M. BRICOLAGE;M;4883750.0;-156015.0;500
25544;201300028324;13;11;11;1145;1;2;1;8.0;6;218;AVENUE DE L'EUROPE;M;4883780.0;-156056.0;500
25545;201300028325;13;11;23;1800;5;2;1;2.0;6;532;ROUTE DU CROISSANT;M;4881420.0;-155226.0;500
25546;201300028327;13;11;28;1835;5;2;1;1.0;2;218;AVENUE DES VENDEENS;M;4883350.0;-157556.0;500
25547;201300028328;13;12;5;2015;5;2;1;1.0;6;165;RUE DU MOULIN;M;4884720.0;-157805.0;500
25548;201300028329;13;12;6;1325;1;1;6;1.0;7;218;;M;4883740.0;-153967.0;500
25549;201300028331;13;12;10;1910;5;2;1;8.0;7;532;RUE DE LA CHAPELLE STE A;M;4881330.0;-156941.0;500
25550;201300028332;13;12;21;130;3;1;1;1.0;6;66;ROUTE DU CHESNAY;M;4878420.0;-153313.0;500
25551;201300028333;13;12;24;1718;5;2;2;1.0;3;532;RUE VIEUX CHATEAU;M;4881420.0;-156469.0;500
25552;201300028334;13;12;27;1620;1;2;1;2.0;6;218;RUE DE LA LIBERATION;M;4883910.0;-159617.0;500
25553;201300028335;13;1;1;1635;1;2;1;1.0;6;502;ROUTE DE VILLEDIEU;M;4911410.0;-109887.0;500
25554;201300028336;13;1;5;810;3;1;1;1.0;6;502;;M;4910030.0;-111528.0;500
25555;201300028337;13;1;5;2050;5;2;3;2.0;3;2;PARKING CENTRE LECLERC;M;4910860.0;-113737.0;500
25556;201300028338;13;1;8;1355;1;2;1;1.0;6;502;RUE TORTERON;M;4911440.0;-109515.0;500
25557;201300028339;13;1;15;1630;1;2;2;1.0;3;502;RUE SAINT JEAN;M;4911210.0;-106246.0;500
25558;201300028340;13;1;19;1930;5;2;2;1.0;5;502;DE LA MARNE/MAL DE LATTR;M;4911310.0;-107946.0;500
25559;201300028341;13;1;25;2020;3;1;1;6.0;6;2;RN 174 (2X2) ROCREUIL-SO;M;4911040.0;-112338.0;500
25560;201300028342;13;2;15;1745;1;2;1;1.0;7;502;RUE DES SYCOMORES;M;4910880.0;-106227.0;500
25561;201300028343;13;2;18;1030;1;2;2;7.0;3;502;R DE LATTRE/ DE LA MARNE;M;4911310.0;-107946.0;500
25562;201300028344;13;3;14;1450;1;2;1;1.0;1;502;CHEMIN DU VIEUX CANDOL;M;4909910.0;-110989.0;500
25563;201300028345;13;3;14;2037;5;2;1;1.0;6;502;80EME ET 136EME TERRI;M;4911350.0;-109055.0;500
25564;201300028346;13;3;16;1925;3;1;1;4.0;7;502;;M;4909860.0;-109935.0;500
25565;201300028347;13;3;23;1030;1;2;3;1.0;3;502;ROUTE DE BAYEUX;M;4911640.0;-105468.0;500
25566;201300028349;13;4;6;1005;1;2;7;1.0;2;502;700, PARIS;;;;500
25567;201300028350;13;4;9;1850;1;1;1;1.0;7;502;BD DE STRASBOURG;M;4909970.0;-109377.0;500
25568;201300028351;13;4;10;1550;1;2;3;2.0;3;502;RUE LEON JOUHAUX;M;4911070.0;-105568.0;500
25569;201300028352;13;5;17;1915;1;2;3;1.0;3;502;MONT RUSSEL;M;4911770.0;-108770.0;500
25570;201300028353;13;5;31;730;1;2;6;1.0;2;502;RUE HENRI DUNANT;M;4910310.0;-111371.0;500
25571;201300028354;13;5;30;2225;3;1;1;3.0;7;502;HAMEAU BOIVIN;M;4912010.0;-104519.0;500
25572;201300028355;13;6;17;1330;1;2;3;1.0;3;2;RUE DE BALTIMORE;M;4911050.0;-109771.0;500
25573;201300028356;13;7;6;1810;1;2;1;1.0;1;502;R MAL DE LATTRE DE TASSI;M;4910920.0;-107370.0;500
25574;201300028358;13;7;21;1515;1;1;1;1.0;3;2;RN 174 (2X2) ROCREUIL-SO;M;4911350.0;-114930.0;500
25575;201300028359;13;7;25;720;1;2;1;1.0;2;502;AVENUE DE PARIS;M;4911630.0;-105630.0;500
25576;201300028360;13;8;19;825;1;1;1;1.0;1;502;ROUTE DE TESSY;M;4909330.0;-109272.0;500
25577;201300028361;13;8;20;1455;1;2;6;1.0;3;502;ROND POINT DE L'EUROPE;M;4910580.0;-106877.0;500
25578;201300028363;13;9;13;1225;1;1;1;1.0;6;2;RN 174 (2X2) RP DE LA LI;M;4910820.0;-111909.0;500
25579;201300028364;13;9;13;1250;1;2;1;2.0;6;502;AVENUE DES SYCOMORES;M;4910890.0;-107224.0;500
25580;201300028365;13;9;14;938;1;1;6;1.0;2;2;ROND POINT ODYSSEE;M;4910810.0;-113449.0;500
25581;201300028366;13;10;1;2255;5;2;3;8.0;1;502;E DE SURVILLE/BALTIMORE;M;4911050.0;-109530.0;500
25582;201300028368;13;10;13;1150;1;1;1;1.0;3;321;LA COUDREE;M;4912710.0;-107533.0;500
25583;201300028369;13;10;24;1630;1;2;1;1.0;3;2;AVENUE BRIOVERE;M;4911580.0;-109979.0;500
25584;201300028370;13;11;18;1805;5;2;1;1.0;3;502;AVENUE DE PARIS;M;4911600.0;-106666.0;500
25585;201300028371;13;11;19;930;1;2;2;1.0;6;502;OC.FEUILLET/SAINT THOMAS;;;;500
25586;201300028372;13;11;19;1845;5;2;1;2.0;6;502;R DE LATTRE DE TASSIGNY;M;4911010.0;-107511.0;500
25587;201300028373;13;11;22;920;1;2;6;8.0;3;502;HAVIN/X CAPEL;M;4911450.0;-109195.0;500
25588;201300028375;13;12;13;1830;5;2;2;2.0;6;502;RUE DE L'EXODE;M;4911090.0;-109036.0;500
25589;201300028376;13;12;15;1705;2;2;1;2.0;6;502;RUE TORTERON;M;4911440.0;-109492.0;500
25590;201300028377;13;12;20;1800;5;2;1;8.0;6;502;RUE GRIMOUVILLE;M;4911050.0;-108864.0;500
25591;201300028378;13;12;23;1400;1;2;1;6.0;3;502;BD DE STRASBOURG;;;;500
25592;201300028379;13;12;23;1905;3;1;3;3.0;1;2;ROUTE DE COUTANCES;M;4910810.0;-113988.0;500
25593;201300028380;13;2;13;955;1;2;1;1.0;6;108;RUE DES VIVIERS;;;;510
25594;201300028381;13;2;23;1045;1;2;1;1.0;6;108;6 RUE GRANDE ETAPE;;;;510
25595;201300028382;13;3;4;1745;1;2;1;1.0;3;108;QUAI EUGENE PERRIER;;;;510
25596;201300028383;13;3;15;2115;5;2;2;1.0;3;108;RUES SCHMIT/CLEMENCEAU;;;;510
25597;201300028384;13;4;20;1455;1;2;1;1.0;6;108;AVE DU PDT ROOSEVELT;;;;510
25598;201300028385;13;5;9;905;1;2;2;1.0;3;108;FBG ST ANTOINE/JACQUIERT;;;;510
25599;201300028386;13;5;10;1445;1;2;2;1.0;7;483;D3;;;;510
25600;201300028387;13;5;15;848;1;2;1;2.0;1;108;3 RUE DES BRASSERIES;;;;510
25601;201300028388;13;5;16;1415;1;1;1;2.0;2;504;N 44;;;;510
25602;201300028389;13;6;14;110;5;2;1;1.0;3;108;13 RUE AUGUSTIN FRESNEL;;;;510
25603;201300028390;13;6;19;1825;1;2;1;1.0;6;108;AVE PRESIDENT ROOSEVELT;;;;510
25604;201300028391;13;6;25;130;3;1;1;1.0;7;453;N 44;;;;510
25605;201300028392;13;8;8;2230;5;2;3;1.0;3;108;AVE DE GAULLE/R. KARR;;;;510
25606;201300028393;13;8;30;702;2;2;7;1.0;3;108;PLACE DE VERDUN;;;;510
25607;201300028394;13;9;7;204;5;2;1;1.0;7;108;32 RUE JEAN JAURES;;;;510
25608;201300028395;13;10;13;1650;1;2;2;1.0;3;108;RUES J. JAURES/DU TEMPLE;;;;510
25609;201300028396;13;11;12;1700;1;2;3;8.0;1;108;AVE SARRAIL/C. JACQUIERT;;;;510
25610;201300028397;13;12;3;956;1;1;1;1.0;2;108;N44;;;;510
25611;201300028398;13;12;3;1036;1;2;1;1.0;6;108;3 RUE PRIEUR DE LA MARNE;;;;510
25612;201300028399;13;12;16;1635;2;2;3;1.0;6;453;GRANDE RUE/DE LA MARNE;;;;510
25613;201300028400;13;12;19;1612;1;2;1;2.0;6;108;09 CHAUSSEE DU PORT;;;;510
25614;201300028401;13;2;1;1120;1;2;6;2.0;3;230;PLACE P. MENDES FRANCE;;;;510
25615;201300028402;13;2;1;1815;5;2;2;2.0;6;230;RUE HOPITAL AUBAN MOET;;;;510
25616;201300028403;13;2;27;1900;2;2;1;9.0;1;431;LIEU DIT LE SACRE COEUR;;;;510
25617;201300028404;13;5;28;1825;1;2;2;1.0;6;230;11 AVE DU MARECHAL FOCH;;;;510
25618;201300028405;13;6;20;1045;1;2;2;1.0;6;230;RUE J MOULIN/AV THEVENET;;;;510
25619;201300028406;13;8;11;1255;1;2;7;1.0;3;230;BD DU CUBRY/PL. CARNOT;;;;510
25620;201300028407;13;9;4;1122;1;2;1;1.0;6;230;3 RUE SAINT THIBAULT;;;;510
25621;201300028408;13;10;7;1500;1;2;2;1.0;3;230;AVENUE PAUL BERT;;;;510
25622;201300028410;13;11;27;635;5;2;1;1.0;2;230;6 RUE DE VERDUN;;;;510
25623;201300028412;13;1;9;1930;5;2;2;2.0;6;454;GAL DE GAULLE/COURLANCY;;;;510
25624;201300028413;13;1;13;135;5;2;2;1.0;3;454;RUES GOSSET/DR LEMOINE;;;;510
25625;201300028414;13;1;5;1115;1;2;3;1.0;6;454;RUE EUGENE DESTEUQUE;;;;510
25626;201300028415;13;1;27;1820;5;2;2;1.0;5;454;4, WITRY (ROUTE DE);;;;510
25627;201300028416;13;2;2;1815;5;2;2;1.0;6;454;BD VICTOR HUGO/RUE GOIT;;;;510
25628;201300028417;13;2;8;740;2;2;2;9.0;6;454;P. MARCHANDEAU/BOCQUAINE;;;;510
25629;201300028419;13;2;19;1845;5;2;1;1.0;2;454;410 AVENUE DE LAON;;;;510
25630;201300028420;13;3;10;1445;1;2;1;1.0;6;474;RUE DE LA LIBERATION;;;;510
25631;201300028421;13;3;22;1630;1;2;1;1.0;3;454;3 RUE DE L'ESCAUT;;;;510
25632;201300028423;13;4;12;2125;5;2;5;9.0;1;454;AV BREBANT/RUE P. MAITRE;;;;510
25633;201300028424;13;4;20;2105;4;2;1;1.0;6;454;BOULEVARD LOUIS BARTHOU;;;;510
25634;201300028425;13;4;25;1825;1;2;3;1.0;3;172;RTE DE LOUVOIS/ TROUSSET;;;;510
25635;201300028426;13;4;27;2125;5;2;1;1.0;6;474;D75;;;;510
25636;201300028427;13;4;19;1340;1;2;3;1.0;6;454;N51 OU BD POMMERY;;;;510
25637;201300028428;13;5;12;2055;1;2;2;1.0;3;454;RUE EDOUARD MIGNOT;;;;510
25638;201300028430;13;5;18;2100;1;2;1;1.0;3;454;64 BOULEVARD POMMERY;;;;510
25639;201300028431;13;5;12;1530;1;2;3;1.0;2;454;COL FABIEN/PASSE DEMOISE;;;;510
25640;201300028432;13;5;25;2155;2;2;1;1.0;6;573;13 RUE DE LA HAUTE BORNE;;;;510
25641;201300028433;13;6;1;1715;1;2;3;1.0;5;454;BD VAL DE VESLE/AV HOCHE;;;;510
25642;201300028434;13;5;15;1340;1;2;1;1.0;6;454;241 AVENUE JEAN JAURES;;;;510
25643;201300028435;13;6;11;800;1;2;1;1.0;6;454;2 RUE DUMONT D'URVILLE;;;;510
25644;201300028436;13;6;15;2045;1;2;1;1.0;6;55;16 ALLEE DES PRIMEVERES;;;;510
25645;201300028437;13;6;19;1910;1;2;2;2.0;3;454;RUES ST BRICE/DES LILAS;;;;510
25646;201300028438;13;6;24;815;1;1;1;2.0;4;454;A34;;;;510
25647;201300028439;13;6;25;1825;1;2;2;1.0;6;454;74 AVENUE JEAN JAURES;;;;510
25648;201300028441;13;7;13;2232;5;2;3;1.0;1;454;BOULEVARD DU PDT WILSON;;;;510
25649;201300028442;13;7;15;1710;1;2;1;1.0;6;454;BOULEVARD JULES CESAR;;;;510
25650;201300028443;13;7;19;1040;1;2;2;1.0;6;454;BD PASTEUR/RUE LAGRIVE;;;;510
25651;201300028444;13;7;29;10;5;2;1;1.0;6;454;BOULEVARD LOUIS BARTHOU;;;;510
25652;201300028445;13;7;30;2317;5;2;2;1.0;3;454;BD DE LA PAIX/R. GERBERT;;;;510
25653;201300028446;13;8;15;1900;1;2;1;1.0;2;454;1 CHAUSSEE BOCQUAINE;;;;510
25654;201300028447;13;8;21;1305;1;2;6;1.0;3;454;PLACE DES BELGES;;;;510
25655;201300028448;13;8;21;1420;1;2;6;1.0;3;454;1 RUE DU RENOUVEAU;;;;510
25656;201300028449;13;9;1;1805;1;2;1;1.0;6;454;311 AVENUE DE LAON;;;;510
25657;201300028450;13;9;9;1220;1;2;2;1.0;6;454;AVE DE GAULLE/COURLANCY;;;;510
25658;201300028451;13;9;21;1950;5;2;1;1.0;6;454;2 BOULEVARD DAUPHINOT;;;;510
25659;201300028452;13;10;9;1815;1;2;3;3.0;3;454;ALL. R. FONCK/G. VOISIN;;;;510
25660;201300028453;13;10;8;1155;1;2;3;1.0;3;454;BD DU PRESIDENT WILSON;;;;510
25661;201300028454;13;10;18;1005;1;2;2;8.0;3;454;AVE EPERNAY/EISENHOWER;;;;510