;Num_Acc;an;mois;jour;hrmn;lum;agg;int;atm;col;com;adr;gps;lat;long;dep
25662;201300028455;13;10;19;2020;5;2;2;2.0;3;454;D9/RUE DE VERZY;;;;510
25663;201300028456;13;10;23;710;2;2;2;1.0;3;454;1 RUE GOSSET;;;;510
25664;201300028458;13;11;5;2135;5;2;4;2.0;1;454;7 BD DR HENRI HENROT;;;;510
25665;201300028459;13;11;9;2120;5;2;1;1.0;6;454;BOULEVARD DIEU LUMIERE;;;;510
25666;201300028461;13;11;14;1720;5;2;2;2.0;3;454;RUES DE BERRU/DE CERNAY;;;;510
25667;201300028462;13;11;23;1700;5;2;3;1.0;6;454;R DE TALLEYRAND/DES ELUS;;;;510
25668;201300028463;13;11;29;1145;1;2;1;1.0;6;454;23 AVENUE JEAN JAURES;;;;510
25669;201300028465;13;12;2;1925;5;2;1;1.0;4;454;46 BOULEVARD POMMERY;;;;510
25670;201300028466;13;12;4;2150;5;2;2;2.0;3;454;RUE DE CERNAY/DAVID;;;;510
25671;201300028467;13;12;6;1720;5;2;1;1.0;4;454;RUE DE DOCTEUR LEMOINE;;;;510
25672;201300028468;13;12;9;1725;2;2;1;1.0;6;454;51 RUE MAZARIN;;;;510
25673;201300028469;13;12;10;1555;2;2;2;1.0;6;454;1 RUE HINCMAR;;;;510
25674;201300028470;13;12;13;1410;1;2;1;1.0;6;454;36 AVENUE DE PARIS;;;;510
25675;201300028471;13;1;12;1100;1;1;1;1.0;6;121;47, VICTOIRE DE LA MARNE;M;4811286.0;514105.0;520
25676;201300028472;13;2;6;945;1;2;3;4.0;2;121;0, BOUCHARDON (RUE EDME);M;4811287.0;514028.0;520
25677;201300028473;13;2;15;715;4;2;1;1.0;6;121;0, REPUBLIQUE (AVENUE);M;4809874.0;514514.0;520
25678;201300028474;13;3;5;955;1;2;1;1.0;6;121;16, VOLTAIRE (BOULEVARD);M;4811247.0;514274.0;520
25679;201300028475;13;3;24;2210;5;2;2;1.0;3;121;0, THIERS (BLD);M;4810965.0;514324.0;520
25680;201300028476;13;4;4;1805;1;1;2;1.0;4;121;RN 67;M;4808671.0;510208.0;520
25681;201300028477;13;4;5;1820;1;1;2;1.0;2;121;RN 67;M;4808671.0;510208.0;520
25682;201300028478;13;4;21;1950;1;1;4;1.0;7;121;R.D. 65;M;4811346.0;512063.0;520
25683;201300028479;13;5;2;1219;1;1;2;1.0;2;121;RN 67;M;4807934.0;508369.0;520
25684;201300028480;13;5;24;1010;1;2;9;1.0;6;121;7, REPUBLIQUE (AVENUE);M;4810514.0;514305.0;520
25685;201300028481;13;6;6;1515;1;1;2;1.0;3;121;RD 619;M;4811990.0;512996.0;520
25686;201300028482;13;6;18;1500;1;2;1;1.0;6;121;0, VAL PONCE (RUE DU);M;4808768.0;514458.0;520
25687;201300028483;13;7;8;1220;1;2;3;1.0;6;121;0, BUXEREUILLES (RUE);M;4812493.0;513439.0;520
25688;201300028484;13;8;22;1710;1;2;1;1.0;6;121;08, ALPHANDERY (RUE) PAI;M;4810684.0;513601.0;520
25689;201300028486;13;10;24;750;2;2;1;1.0;2;121;14, REPUBLIQUE (AVENUE);M;4810481.0;514261.0;520
25690;201300028487;13;11;27;2135;3;1;6;1.0;6;121;RD 674;M;4811593.0;516519.0;520
25691;201300028488;13;12;13;1345;1;2;1;7.0;6;121;0, PINEAU (AV CHRISTIAN;M;4807332.0;514622.0;520
25692;201300028490;13;2;10;1650;1;2;1;1.0;6;448;27, TIMBAUD (AVENUE JEAN;M;4844410.0;513878.0;520
25693;201300028492;13;6;7;615;1;2;1;1.0;6;448;72, DESPRES (RUE DU DOCT;M;4863574.0;493834.0;520
25694;201300028493;13;6;22;1835;1;1;1;1.0;3;448;RN67;M;4864982.0;485099.0;520
25695;201300028494;13;7;11;1700;1;2;1;7.0;2;448;1, CHENE SAINT AMAND (Z.;M;4862729.0;496019.0;520
25696;201300028495;13;8;3;2025;1;2;1;1.0;6;448;1, GAULLE (PLACE DU GENE;M;4863690.0;495571.0;520
25697;201300028496;13;8;17;620;1;2;2;1.0;3;448;1, FRANCOIS 1ER (RUE);M;4863896.0;494383.0;520
25698;201300028497;13;8;30;1810;1;1;1;1.0;6;448;RN4;M;4864104.0;491079.0;520
25699;201300028498;13;9;18;1655;1;1;1;1.0;7;448;RN67;M;4861095.0;500606.0;520
25700;201300028499;13;9;23;1325;1;2;1;1.0;6;448;1, ALLENDE (BOULEVARD SA;M;4864662.0;496932.0;520
25701;201300028500;13;10;18;640;5;2;1;1.0;6;448;28, MUSSET (RUE ALFRED D;M;4863613.0;492525.0;520
25702;201300028501;13;10;24;1710;1;2;6;1.0;3;448;1, MEROVINGIENS (rue des;M;4862333.0;496569.0;520
25703;201300028502;13;11;25;1715;2;2;1;1.0;6;448;63, SARRAIL (AVENUE DU G;M;4864766.0;495682.0;520
25704;201300028503;13;1;28;935;1;2;1;7.0;3;130;38, VAILLANT ( RUE EDOUA;M;4805920.0;-79713.0;530
25705;201300028504;13;1;31;740;5;2;2;1.0;3;130;CHANZY ( AVENUE DE );M;4806988.0;-74962.0;530
25706;201300028505;13;2;8;2140;5;2;1;1.0;6;130;112, COUBERTIN ( AVENUE;M;4808034.0;-75805.0;530
25707;201300028506;13;2;11;840;1;2;1;2.0;6;130;34, FOSSES ( RUE DES );M;4806785.0;-77457.0;530
25708;201300028508;13;3;16;1210;1;2;1;2.0;6;130;TISSERANDS ( BOULEVARD D;M;4806114.0;-75948.0;530
25709;201300028510;13;6;14;605;2;2;1;1.0;1;54;RD 31 VERS FOUGERES;M;4809415.0;-82609.0;530
25710;201300028511;13;6;21;500;3;1;1;1.0;6;34;RD 32 VERS LAVAL;M;4810220.0;-62321.0;530
25711;201300028512;13;6;27;1015;1;2;1;1.0;6;130;0, ACACIAS ( PLACE DE LA;M;4806849.0;-77258.0;530
25712;201300028513;13;7;12;2045;1;1;1;1.0;6;54;REPUBLIQUE ( BOULEVARD D;M;4809146.0;-75006.0;530
25713;201300028514;13;7;18;1730;1;1;1;1.0;6;34;RN 162 VERS ANGERS;M;4807457.0;-73062.0;530
25714;201300028516;13;7;22;2120;1;1;1;1.0;6;54;DAHINIERES ( ZONE ARTISA;M;4808954.0;-82113.0;530
25715;201300028517;13;7;24;1700;1;1;6;1.0;3;130;MONTRONS ( CHEMIN DES );M;4808541.0;-79185.0;530
25716;201300028518;13;7;25;1215;1;2;1;1.0;6;201;9, TRIBOULLIERE ( BOULEV;M;4807331.0;-80895.0;530
25717;201300028519;13;9;4;1745;1;1;3;1.0;2;34;RD 32 VERS LAVAL;M;4808320.0;-70815.0;530
25718;201300028520;13;8;29;1440;1;2;1;1.0;3;130;ARAGO ( BOULEVARD );M;4806752.0;-73183.0;530
25719;201300028522;13;10;24;2102;4;2;1;2.0;6;130;FOUQUET ( QUAI JEHAN );M;4806811.0;-76988.0;530
25720;201300028523;13;11;14;1950;4;2;2;1.0;6;130;100, BOISSEL ( RUE VICTO;M;4806395.0;-76064.0;530
25721;201300028524;13;11;16;1845;5;2;2;1.0;3;130;12, FOUGERES ( AVENUE DE;M;4807596.0;-78566.0;530
25722;201300028525;13;12;9;1815;5;2;1;1.0;6;130;8 MAI 1945 ( BOULEVARD D;M;4806452.0;-78744.0;530
25723;201300028526;13;12;9;1850;5;2;3;1.0;3;130;8, AVESNIERES ( QUAI D';M;4806537.0;-76781.0;530
25724;201300028527;13;12;18;1950;3;2;1;3.0;6;130;GRUAU (boulevard Marius;M;4807258.0;-80902.0;530
25725;201300028528;13;12;16;755;1;2;1;8.0;6;130;106, HILARD ( RUE D' );M;4808163.0;-77712.0;530
25726;201300028529;13;4;18;1057;1;1;1;1.0;1;36;RD 906;M;4928287.0;595896.0;540
25727;201300028530;13;7;6;1805;1;1;3;1.0;1;99;103 (RN);M;4923760.0;594310.0;540
25728;201300028531;13;1;5;1325;1;1;1;8.0;1;51;DEPARTEMENTALE 13;M;4916399.0;595273.0;540
25729;201300028532;13;1;10;15;3;1;1;2.0;7;542;DEPARTEMENTALE 613;M;4918786.0;589203.0;540
25730;201300028533;13;1;18;2105;3;1;1;4.0;1;51;DEPARTEMENTALE 13;M;4917161.0;596019.0;540
25731;201300028534;13;2;4;745;1;2;1;1.0;6;273;9, MOZART (RUE);M;4915780.0;588038.0;540
25732;201300028535;13;4;2;1830;1;2;1;1.0;6;227;06, METZ (RUE DE);;;;540
25733;201300028536;13;6;1;1400;1;1;1;1.0;2;51;DEPARTEMENTALE 13;M;4916955.0;596026.0;540
25734;201300028537;13;7;18;1135;1;1;1;1.0;6;542;DEPARTEMENTALE 613;M;4918879.0;589272.0;540
25735;201300028538;13;12;22;1415;1;1;1;2.0;5;371;DEPARTEMENTALE 136;M;4920485.0;595718.0;540
25736;201300028539;13;4;6;2240;5;2;1;1.0;6;483;17, REPUBLIQUE (PLACE DE;;;;540
25737;201300028540;13;4;12;1810;1;2;1;1.0;7;159;94, GENERAL LECLERC AVEN;M;4862182.0;634997.0;540
25738;201300028542;13;7;13;110;5;2;1;1.0;6;483;01, BLANC MUR (RUE DU);;;;540
25739;201300028543;13;8;20;1000;1;2;1;1.0;6;159;43, MOTHE (RUE DE LA);;;;540
25740;201300028544;13;11;29;1315;1;2;1;1.0;6;549;131, PERI (RUE GABRIEL);M;4863337.0;632373.0;540
25741;201300028545;13;9;4;2220;5;2;2;1.0;2;483;FRANCE (RUE ANATOLE);M;4863295.0;630788.0;540
25742;201300028546;13;12;7;1720;5;2;3;1.0;3;159;00, GENERAL LECLERC (AVE;M;4862008.0;635090.0;540
25743;201300028547;13;12;12;1110;1;2;1;8.0;6;483;98, FRANCE (RUE ANATOLE);;;;540
25744;201300028548;13;12;21;1350;1;2;3;1.0;3;549;1, PERI (RUE GABRIEL);M;4863632.0;631156.0;540
25745;201300028549;13;1;19;810;1;2;6;4.0;6;323;SAINTIGNON (AVENUE DE);;;;540
25746;201300028550;13;1;22;1523;1;2;3;4.0;3;323;15, FAIENCERIE (RUE DE L;M;4951058.0;577043.0;540
25747;201300028551;13;12;27;1310;1;1;1;8.0;6;323;52 (ROUTE NATIONALE);;;;540
25748;201300028552;13;3;15;1923;5;2;1;1.0;1;493;9, ROSE (RUE DE LA);;;;540
25749;201300028553;13;3;18;549;5;2;3;9.0;3;382;68, METZ (BOULEVARD DE);M;4954253.0;577910.0;540
25750;201300028554;13;3;14;1505;1;2;1;1.0;6;323;MERCY (RUE);;;;540
25751;201300028555;13;3;23;2345;3;2;1;4.0;7;321;ERNEST HEMINGWAY (AVENUE;;;;540
25752;201300028556;13;1;30;838;1;1;1;6.0;7;254;52 (ROUTE NATIONALE);M;4950244.0;579214.0;540
25753;201300028557;13;2;7;1613;1;2;1;4.0;2;323;AVIATION (AVENUE DE L');;;;540
25754;201300028558;13;2;4;1333;1;2;3;1.0;3;382;LONGWY (ROUTE DE);M;4953586.0;576737.0;540
25755;201300028560;13;2;21;200;2;2;1;1.0;1;451;26, CUTRY (ROUTE DE);M;4949824.0;575348.0;540
25756;201300028561;13;2;23;1533;1;2;1;1.0;6;323;STANISLAS (RUE);;;;540
25757;201300028562;13;4;12;1045;1;2;1;2.0;6;323;AVIATION (AVENUE DE L');M;4951847.0;575889.0;540
25758;201300028563;13;4;9;1245;1;2;3;1.0;3;323;ANATOLE FRANCE (RUE);M;4952545.0;576186.0;540
25759;201300028564;13;6;1;1830;1;2;1;1.0;3;323;PROVIDENCE (AVENUE DE LA;;;;540
25760;201300028565;13;6;2;1946;1;2;2;1.0;1;323;PAIX (AVENUE);;;;540
25761;201300028566;13;6;21;1945;1;2;1;1.0;1;323;AUVERGNE (RUE D');;;;540
25762;201300028570;13;7;14;150;5;2;2;1.0;3;323;STANISLAS (RUE);;;;540
25763;201300028571;13;7;13;1659;1;1;1;1.0;3;451;171 (ROUTE DEPARTEMENTAL;;;;540
25764;201300028572;13;7;16;1410;1;2;1;1.0;6;382;EUROPE (AVENUE DE L');;;;540
25765;201300028573;13;7;21;1820;1;2;1;1.0;2;261;LUXEMBOURG (AVENUE DU);;;;540
25766;201300028574;13;8;15;2200;5;2;1;1.0;3;323;CHARLES DE GAULLE (AVENU;;;;540
25767;201300028575;13;8;25;1541;1;2;1;1.0;6;382;JEAN-BAPTISTE BLONDEAU (;;;;540
25768;201300028576;13;8;27;1953;2;2;6;1.0;7;382;METZ (BOULEVARD DE);M;4954809.0;578463.0;540
25769;201300028577;13;9;5;200;5;2;1;1.0;7;493;LONGWY (RUE DE);;;;540
25770;201300028578;13;9;8;435;3;2;1;1.0;6;451;LEXY (RUE DE);;;;540
25771;201300028579;13;8;27;1900;1;2;1;1.0;6;261;BLANCHE DE CASTILLE;;;;540
25772;201300028581;13;8;12;2040;2;2;2;1.0;2;382;HUIT MAI 1945 (BOULEVARD;;;;540
25773;201300028582;13;8;23;1935;1;2;1;1.0;6;323;0, HUIT MAI 1945 (AVENUE;;;;540
25774;201300028583;13;9;26;1206;1;2;1;1.0;7;493;ROSES (ALLEE DES);;;;540
25775;201300028584;13;10;25;1550;1;1;1;8.0;1;493;DEPORTES POLITIQUES (RUE;;;;540
25776;201300028585;13;10;21;1330;1;2;1;8.0;2;382;METZ (BOULEVARD DE);;;;540
25777;201300028586;13;11;5;1651;3;2;1;3.0;6;382;ARTS (AVENUE DES);;;;540
25778;201300028587;13;11;10;640;3;1;1;8.0;6;451;18 (ROUTE DEPARTEMENTALE;;;;540
25779;201300028588;13;10;19;1200;1;2;1;1.0;2;367;VOIE RAPIDE (R.N. 52);M;4950522.0;578436.0;540
25780;201300028589;13;10;27;1824;2;2;1;8.0;6;367;196 B (ROUTE DEPARTEMENT;;;;540
25781;201300028590;13;11;11;1842;3;1;1;5.0;7;382;52 (ROUTE NATIONALE);M;4954792.0;580308.0;540
25782;201300028591;13;11;9;1805;3;2;1;8.0;2;321;JACQUES PREVERT (RUE);;;;540
25783;201300028592;13;12;18;1649;2;2;6;8.0;3;323;AVIATION (AVENUE DE L');;;;540
25784;201300028593;13;12;19;505;5;2;1;2.0;6;321;MARCELIN BERTHELOT (RUE);;;;540
25785;201300028594;13;12;24;1248;1;2;1;1.0;2;323;ALBERT LABRO (RUE);;;;540
25786;201300028595;13;12;24;1600;2;2;1;2.0;3;382;52 (ROUTE NATIONALE);;;;540
25787;201300028596;13;7;30;2130;2;2;1;1.0;3;116;50, NATIONALE;M;4859129.0;653120.0;540
25788;201300028597;13;9;11;840;1;2;6;2.0;3;329;PLACE DES CARMES;;;;540
25789;201300028598;13;10;2;1520;1;2;2;1.0;7;329;0, RUE DE SARREBOURG;;;;540
25790;201300028599;13;1;1;220;5;2;1;1.0;6;395;1, LULLI (RUE JEAN-BAPTI;;;;540
25791;201300028600;13;1;2;1300;1;2;1;1.0;6;395;PONTS (RUE DES 2 A 36/1;;;;540
25792;201300028601;13;1;4;1355;1;2;1;1.0;4;395;2, JARDINIERS (RUE DES;M;4869254.0;618985.0;540
25793;201300028602;13;1;4;1835;5;2;1;1.0;2;184;BRIGACHTAL (AVENUE DE);;;;540
25794;201300028603;13;1;6;1920;5;2;3;1.0;3;395;PINCHARD (AVENUE - OMBEL;;;;540
25795;201300028604;13;1;7;1745;5;2;3;1.0;6;395;VINGT SIXIEME R.I. (BOUL;;;;540
25796;201300028605;13;1;4;1430;1;2;1;1.0;6;304;EUROPE (AVENUE DE L');;;;540
25797;201300028607;13;1;10;1245;1;2;3;2.0;3;547;CHARMOIS (AVENUE DU);M;4866683.0;617205.0;540
25798;201300028608;13;1;10;1800;5;2;1;1.0;4;395;CONCORDE (PONT DE LA);;;;540
25799;201300028609;13;1;12;1355;1;2;1;1.0;6;547;LUXEMBOURG (RUE DU);;;;540
25800;201300028610;13;1;13;550;5;2;1;1.0;6;547;BOURGOGNE (AVENUE DE);;;;540
25801;201300028611;13;1;14;725;2;2;2;4.0;3;498;RD 674;M;4871377.0;625084.0;540
25802;201300028612;13;1;14;1420;1;2;1;1.0;6;395;19, ARC ( RUE JEANNE D'N;M;4868846.0;617028.0;540
25803;201300028613;13;1;16;1500;1;1;1;1.0;2;395;59, BROT (RUE MARCEL);M;4867661.0;620619.0;540
25804;201300028614;13;1;18;1000;1;2;2;1.0;6;395;1, DE LATTRE DE TASSIGNY;M;4868430.0;618858.0;540
25805;201300028615;13;1;18;2145;5;2;3;8.0;1;274;REPUBLIQUE (RUE DE LA);M;4867035.0;620642.0;540
25806;201300028616;13;1;21;1855;5;2;1;2.0;6;395;08, SAINT DIZIER (RUE 2;M;4869212.0;618144.0;540
25807;201300028617;13;1;23;1000;1;2;3;1.0;3;439;40, DE GAULLE (AVENUE CH;M;4870461.0;625550.0;540
25808;201300028618;13;1;24;830;1;2;2;8.0;4;304;BOIS GRONEE (AVENUE DU);M;4867944.0;614248.0;540
25809;201300028619;13;1;26;1415;1;2;1;1.0;6;395;47, SAINT DIZIER (RUE 2;M;4869027.0;618289.0;540
25810;201300028620;13;1;27;1400;1;2;1;2.0;6;304;SAPINIERE (RUE DE LA);M;4869373.0;612804.0;540
25811;201300028621;13;1;28;1715;5;2;2;1.0;3;304;43, ZOLA (RUE EMILE);M;4868090.0;615714.0;540
25812;201300028622;13;1;30;1205;1;2;1;1.0;6;304;AIGUILLETTES  (BD 16 A 2;M;4867807.0;614464.0;540
25813;201300028624;13;2;3;1635;1;2;2;1.0;5;526;RD 2 BIS;;;;540
25814;201300028625;13;2;2;1210;1;2;1;9.0;3;304;SAPINIERE (RUE DE LA);;;;540
25815;201300028626;13;2;4;735;1;2;1;2.0;6;547;EUROPE (BOULEVARD DE L');;;;540
25816;201300028627;13;2;4;1345;1;2;1;2.0;7;357;LECLERC (RUE DU GENERAL);;;;540
25817;201300028628;13;2;5;1300;1;2;1;4.0;6;547;FORET DE HAYE (RUE DE LA;;;;540
25818;201300028630;13;2;8;2115;5;2;2;1.0;6;395;OUDINOT (RUE DU MAL);M;4867742.0;618653.0;540
25819;201300028631;13;2;10;1245;1;2;1;1.0;6;395;102, BOUDONVILLE (RUE DU;;;;540
25820;201300028632;13;2;11;1530;1;2;1;2.0;6;547;0, MORVAN (ALLEE DU);;;;540
25821;201300028634;13;2;12;2000;5;2;2;1.0;2;395;KELLER (RUE CHARLES);;;;540
25822;201300028635;13;2;3;15;5;2;1;9.0;6;395;SELLIER (RUE);;;;540
25823;201300028636;13;2;12;1815;2;2;1;1.0;2;547;0, BELGIQUE (RUE DE);;;;540
25824;201300028637;13;2;14;1440;1;2;2;1.0;6;395;FAUBOURG DES TROIS MAISO;;;;540
25825;201300028639;13;2;18;1445;1;2;1;1.0;6;395;92, OUDINOT (RUE DU MAL);;;;540
25826;201300028640;13;2;19;900;1;2;3;1.0;6;547;0, JONQUILLES (AVENUE DE;;;;540
25827;201300028641;13;2;19;915;1;2;1;1.0;6;395;58Bis, QUATRE EGLISES (R;;;;540
25828;201300028642;13;2;15;1200;1;2;1;1.0;6;304;0, SAPINIERE (RUE DE LA);;;;540
25829;201300028643;13;2;21;1955;5;2;1;1.0;3;547;4, CLEMENCEAU (BD GEORGE;;;;540
25830;201300028644;13;2;22;2020;5;2;1;1.0;3;395;1, ARC ( RUE JEANNE D'N;;;;540
25831;201300028645;13;2;27;2015;5;2;3;1.0;6;395;JOLI COEUR (RUE DU);;;;540
25832;201300028646;13;2;28;1055;1;2;3;1.0;3;395;SAINTE ANNE (RUE);;;;540
25833;201300028647;13;3;3;845;1;2;2;1.0;3;395;VINGT SIXIEME R.I. (BOUL;;;;540
25834;201300028648;13;3;6;1815;2;2;2;1.0;3;526;POTIER (RUE EUGENE);;;;540
25835;201300028649;13;3;6;1950;5;2;1;1.0;6;395;SAINT DIZIER (RUE 2;;;;540
25836;201300028650;13;3;6;2112;5;1;1;2.0;3;357;DE GAULLE (AVENUE DU GAL;;;;540
25837;201300028652;13;3;10;1150;1;2;2;1.0;3;395;LORRAIN (QUAI CLAUDE LE);;;;540
25838;201300028653;13;3;12;1855;5;2;1;1.0;6;395;BOUILLON (PLACE GODEFROY;;;;540
25839;201300028654;13;3;12;1120;1;2;2;1.0;3;578;LIBERATION (RUE DE LA);;;;540
25840;201300028655;13;3;13;905;1;2;2;4.0;6;395;POINCARE (RUE RAYMOND 1-;;;;540
25841;201300028656;13;3;14;800;1;2;1;7.0;1;339;59, PASTEUR (RUE;;;;540
25842;201300028657;13;3;14;1825;2;2;3;2.0;3;274;REPUBLIQUE (RUE DE LA);;;;540
25843;201300028658;13;3;15;1700;1;2;1;2.0;2;495;BOSSERVILLE (ROUTE DE);;;;540
25844;201300028659;13;3;19;1555;1;2;1;1.0;6;395;KENNEDY (VIADUC);;;;540
25845;201300028660;13;3;20;1730;1;2;1;1.0;6;304;86 Ter, REPUBLIQUE (RUE;;;;540
25846;201300028661;13;3;19;1255;1;2;1;2.0;5;274;17, FOCH (RUE DU MARECHA;;;;540
25847;201300028662;13;3;19;1630;1;2;1;2.0;2;304;BOIS GRONEE (AVENUE DU);;;;540
25848;201300028663;13;3;20;810;1;2;1;2.0;6;395;7, LOUIS (RUE BARON);;;;540
25849;201300028665;13;3;26;1245;1;2;1;1.0;3;357;METZ (ROUTE DE);;;;540
25850;201300028666;13;3;26;1250;1;2;1;1.0;3;304;SAPINIERE (RUE DE LA);;;;540
25851;201300028667;13;3;29;200;5;2;1;1.0;7;526;71, JAURES (BOULEVARD JE;;;;540
25852;201300028668;13;3;29;1050;1;2;1;1.0;6;395;GREGOIRE (RUE DE L'ABBE);;;;540
25853;201300028670;13;4;4;830;1;2;1;1.0;6;395;FOUR (RUE DU);;;;540
25854;201300028671;13;4;4;1745;1;2;1;1.0;4;547;1, EUROPE (BOULEVARD DE;;;;540
25855;201300028673;13;4;5;1130;1;2;3;1.0;6;395;FOCH (AVENUE 2 A 16/;;;;540
25856;201300028675;13;4;5;1820;1;2;1;1.0;2;395;200, LIBERATION (AVENUE;;;;540
25857;201300028676;13;4;7;1140;1;2;2;1.0;3;395;VITTEL (RUE DE);;;;540
25858;201300028677;13;4;7;1910;1;2;2;1.0;3;578;AIGUILLETTES  (ALLEE DES;;;;540
25859;201300028678;13;4;8;1725;1;2;1;1.0;4;304;SAONE (RUE DE LA);;;;540
25860;201300028679;13;4;8;2300;5;2;1;1.0;3;395;LEOPOLD (COURS);;;;540
25861;201300028680;13;4;9;940;1;2;2;2.0;6;395;SAINT JEAN (RUE);;;;540
25862;201300028681;13;4;9;1320;1;2;1;1.0;1;357;22, LAFAYETTE (RUE);;;;540
25863;201300028682;13;4;9;1805;1;2;1;2.0;6;395;ARC (RUE JEANNE D' N;;;;540
25864;201300028683;13;4;9;1900;1;2;1;2.0;6;482;14, ALEXANDRE 1ER (RUE);;;;540
25865;201300028685;13;4;10;1454;1;2;1;1.0;4;395;MOROT (PLACE AIME);;;;540
25866;201300028686;13;4;10;1720;1;2;1;1.0;2;395;34, BROT (RUE MARCEL);;;;540
25867;201300028687;13;4;11;1720;1;2;1;2.0;2;395;151, LIBERATION (AVENUE;;;;540
25868;201300028688;13;4;11;2035;5;2;1;1.0;6;395;DOMINICAINS (RUE DES);;;;540
25869;201300028689;13;4;11;1955;5;2;1;2.0;2;395;145, MOUILLERON (RUE GAB;;;;540
25870;201300028690;13;4;12;1130;1;2;1;1.0;3;482;CARNOT (AVENUE);;;;540
25871;201300028691;13;4;12;1230;1;2;1;1.0;6;304;SAPINIERE (RUE DE LA);;;;540
25872;201300028692;13;4;12;1620;1;2;2;1.0;6;274;OPALINSKA (rue Catherine;;;;540
25873;201300028693;13;4;14;1855;1;2;1;1.0;6;547;LECLERC (AV. DU GENERAL;;;;540
25874;201300028694;13;4;15;930;1;2;2;1.0;3;395;LYAUTEY (RUE);;;;540
25875;201300028696;13;4;17;925;1;2;1;1.0;6;547;6, EUROPE (BOULEVARD DE;;;;540
25876;201300028697;13;4;18;1825;1;2;1;1.0;2;547;22, CURIE (RUE PIERRE);;;;540
25877;201300028698;13;4;25;1850;1;2;2;1.0;3;395;FRANCE (AVENUE ANATOLE);;;;540
25878;201300028700;13;4;25;2140;5;2;1;1.0;6;547;EUROPE (BOULEVARD DE L');;;;540
25879;201300028701;13;4;28;1500;1;2;1;1.0;6;395;70, BLANDAN (IMPASSE ET;;;;540
25880;201300028702;13;5;1;710;1;2;2;1.0;1;395;METZ (RUE DE);;;;540
25881;201300028703;13;5;3;1818;1;2;3;2.0;1;357;LAFAYETTE (RUE);;;;540
25882;201300028704;13;5;5;640;2;2;1;1.0;6;395;VILLERS (RUE DE);;;;540
25883;201300028705;13;5;5;1130;1;2;3;1.0;3;547;298, LECLERC (AVENUE DU;;;;540
25884;201300028706;13;5;6;1700;1;2;1;1.0;2;395;FOCH (AVENUE 18 ET 9 A F;;;;540
25885;201300028707;13;5;7;2010;1;2;3;1.0;1;339;114, PASTEUR (RUE;;;;540
25886;201300028708;13;5;10;944;5;2;1;1.0;2;304;0, ZOLA (RUE EMILE);;;;540
25887;201300028709;13;5;10;1520;1;2;1;1.0;1;395;MANSUY GAUVIN (RUE);;;;540
25888;201300028710;13;5;15;1330;1;2;5;2.0;6;395;HERMITE (RUE);;;;540
25889;201300028711;13;5;20;1320;1;2;2;2.0;3;395;LOBAU (BOULEVARD);;;;540
25890;201300028712;13;5;20;1810;1;2;2;2.0;3;395;FRANCE (AVENUE ANATOLE);;;;540
25891;201300028713;13;5;23;1425;1;2;1;3.0;3;395;SAINT DIZIER (RUE 2 A 80;;;;540
25892;201300028714;13;5;23;1615;1;2;2;1.0;6;395;FRANCE (AVENUE ANATOLE);;;;540
25893;201300028715;13;5;23;1920;1;2;1;8.0;6;184;64, SOIXANTE NEUVIEME R.;;;;540
25894;201300028716;13;5;24;2025;1;2;1;1.0;6;274;25, MOULIN (RUE DU);;;;540
25895;201300028717;13;5;25;1100;1;2;1;1.0;4;395;09, VAUCOULEURS (RUE DE);;;;540
25896;201300028719;13;5;28;1115;1;2;1;1.0;6;304;MEUSE (RUE DE LA);;;;540
25897;201300028720;13;5;28;1505;1;2;1;1.0;2;304;RESISTANCE (AV. DE LA -I;;;;540
25898;201300028721;13;5;29;2308;5;2;1;1.0;3;547;33, JAURES (AVENUE JEAN);;;;540
25899;201300028722;13;5;30;910;1;2;1;1.0;3;395;28, VINGT SIXIEME R.I. (;;;;540
25900;201300028723;13;5;31;1640;1;2;1;3.0;6;578;PIERRON (RUE DU CHANOINE;;;;540
25901;201300028724;13;5;31;1235;1;2;2;2.0;3;395;METZ (RUE DE);;;;540
25902;201300028725;13;6;1;1000;1;2;1;1.0;4;395;CASSIN (RUE RENE);;;;540
25903;201300028726;13;6;1;1955;1;2;2;1.0;3;304;AIGUILLETTES  (BD 16 A 2;;;;540
25904;201300028727;13;6;2;1125;1;2;3;1.0;6;395;0, VINGT SIXIEME R.I. (B;;;;540
25905;201300028728;13;6;4;850;1;2;2;1.0;3;395;ALBERT 1ER  (BD);;;;540
25906;201300028729;13;6;4;1805;1;2;2;1.0;3;395;34, METZ (RUE DE);;;;540
25907;201300028730;13;6;6;1700;1;1;1;1.0;2;25;RD 2;M;4864902.0;627569.0;540
25908;201300028731;13;6;8;930;1;2;1;1.0;6;578;MALRAUX (AVENUE ANDRE);;;;540
25909;201300028732;13;6;10;1050;1;2;3;1.0;3;395;59, BROT (RUE MARCEL);;;;540
25910;201300028733;13;6;11;1550;1;2;1;1.0;6;482;0, CARNOT (AVENUE);;;;540
25911;201300028734;13;6;11;1630;1;2;1;1.0;2;395;LIBERATION (AVENUE DE LA;;;;540
25912;201300028735;13;6;12;1800;1;1;1;1.0;5;304;BOIS GRONEE (AVENUE DU);;;;540
25913;201300028736;13;6;13;1540;1;2;1;1.0;6;482;9, ALEXANDRE 1ER (RUE);;;;540