;Num_Acc;an;mois;jour;hrmn;lum;agg;int;atm;col;com;adr;gps;lat;long;dep
25914;201300028737;13;6;15;1415;1;2;1;1.0;3;395;34, VAYRINGE (RUE);M;4870603.0;617664.0;540
25915;201300028738;13;6;16;1140;1;2;1;1.0;6;395;54, LAXOU (Rue de);;;;540
25916;201300028739;13;6;16;1840;1;2;1;1.0;2;395;FOURIER (RUE PIERRE);;;;540
25917;201300028740;13;6;17;945;1;2;1;1.0;2;395;CLEMENCEAU (BD GEORGES);;;;540
25918;201300028741;13;6;17;1350;1;2;1;1.0;4;578;MULLER (AVENUE PAUL);;;;540
25919;201300028742;13;6;17;1955;1;1;2;1.0;3;547;JAURES (AVENUE JEAN);;;;540
25920;201300028743;13;6;18;1300;1;2;1;1.0;6;395;31, SAINT JEAN (RUE);;;;540
25921;201300028744;13;6;17;2020;1;2;1;1.0;6;578;AIGUILLETTES  (ALLEE DES;;;;540
25922;201300028745;13;6;19;1115;1;2;1;1.0;6;547;BARTHOU (BD LOUIS);;;;540
25923;201300028746;13;6;19;1250;1;2;1;1.0;6;184;BRIGACHTAL (AVENUE DE);;;;540
25924;201300028747;13;6;20;1950;1;2;4;1.0;6;395;LECLERC (AV. DU GENE;;;;540
25925;201300028748;13;6;21;1230;1;2;2;1.0;7;395;PINCHARD (AVENUE - OMBEL;;;;540
25926;201300028749;13;6;23;5;5;2;1;1.0;6;395;LECLERC (AV. DU GENE;;;;540
25927;201300028750;13;6;23;535;2;2;2;3.0;3;184;BRIGACHTAL (AVENUE DE);;;;540
25928;201300028751;13;6;24;1030;1;2;3;1.0;1;274;LECLERC (RUE DU GENERAL);;;;540
25929;201300028752;13;6;24;1105;1;1;1;1.0;2;304;QUATRE VENTS (AVENUE DES;;;;540
25930;201300028753;13;6;24;1710;1;1;4;2.0;2;578;MULLER (AVENUE PAUL);;;;540
25931;201300028754;13;6;25;808;1;2;3;1.0;6;395;ATRIE (RUE DE L');;;;540
25932;201300028755;13;6;26;1705;1;2;2;1.0;6;395;CHARLES III (RUE);;;;540
25933;201300028756;13;6;26;1915;1;2;4;1.0;5;547;121, LECLERC (AV. DU GEN;;;;540
25934;201300028757;13;6;27;1725;1;2;1;1.0;4;395;LIAISON A 330 / RD674;;;;540
25935;201300028758;13;7;1;1230;1;2;3;1.0;3;395;LECLERC (AV. DU GENE;;;;540
25936;201300028759;13;7;1;910;1;2;3;7.0;2;395;LIBERATION (AVENUE DE LA;;;;540
25937;201300028760;13;7;1;1450;1;2;1;1.0;3;547;PASTEUR (RUE);;;;540
25938;201300028761;13;7;2;1334;1;2;7;1.0;2;395;MOROT (PLACE AIME);;;;540
25939;201300028762;13;7;2;1420;1;2;1;1.0;3;578;136, LECLERC (AVENUE DU;;;;540
25940;201300028763;13;7;3;1035;1;2;1;1.0;2;395;159, ARC (RUE JEANNE D';;;;540
25941;201300028764;13;7;6;1845;1;2;1;1.0;2;395;LIBERATION (AVENUE DE LA;;;;540
25942;201300028765;13;7;7;1100;1;2;3;1.0;6;357;0, GAMBETTA (RUE);;;;540
25943;201300028767;13;7;9;1150;1;2;1;1.0;5;578;1, MALRAUX (AVENUE ANDRE;;;;540
25944;201300028768;13;7;9;1610;1;2;3;1.0;1;547;PALISSY (RUE BERNARD);;;;540
25945;201300028769;13;7;9;1755;1;2;1;1.0;3;304;5, SAINTE ANNE (AVENUE);;;;540
25946;201300028770;13;7;6;930;1;2;3;1.0;7;257;SONGEUR (RUE LEON);;;;540
25947;201300028771;13;7;11;610;1;2;2;1.0;3;395;1, VANNOZ (RUE MADAME DE;;;;540
25948;201300028772;13;7;11;1955;1;2;1;1.0;2;526;CONCORDE (AVENUE DE);;;;540
25949;201300028773;13;7;12;1150;1;2;1;1.0;2;547;1, AIGUILLETTES (BD 1 A;;;;540
25950;201300028774;13;7;12;2237;5;2;1;1.0;1;357;23, EINSTEIN (RUE ALBERT;;;;540
25951;201300028775;13;7;15;1740;1;2;1;1.0;6;257;BREST (RUE DE);;;;540
25952;201300028776;13;7;16;1025;1;2;1;1.0;3;395;GUYNEMER (RUE DU CAPITAI;;;;540
25953;201300028777;13;7;16;1320;1;2;1;1.0;6;395;14, RIGNY (RUE DE);;;;540
25954;201300028778;13;7;17;1500;1;2;2;1.0;3;274;OPALINSKA (rue Catherine;;;;540
25955;201300028779;13;7;18;1210;1;2;2;1.0;3;184;1, PARMENTIER (RUE);;;;540
25956;201300028780;13;7;18;1610;1;2;1;1.0;3;395;151, STRASBOURG (AVENUE;;;;540
25957;201300028781;13;7;19;959;1;2;1;1.0;7;482;1, BARTHOU (RUE LOUIS);;;;540
25958;201300028782;13;7;19;840;1;2;1;1.0;3;395;BROT (RUE MARCEL);;;;540
25959;201300028783;13;7;19;1710;1;2;2;1.0;1;395;1, MULHOUSE (RUE DE);;;;540
25960;201300028784;13;7;21;1600;1;2;1;1.0;2;482;PONT DE PIERRE (RUE DU);;;;540
25961;201300028785;13;7;21;1840;1;2;3;1.0;3;547;GOETHE (RUE);;;;540
25962;201300028786;13;7;21;2000;1;2;1;1.0;6;184;118, SOIXANTE NEUVIEME R;;;;540
25963;201300028787;13;7;21;2335;5;2;1;1.0;6;395;QUATRE EGLISES (RUE DES;;;;540
25964;201300028788;13;7;19;1123;1;2;3;1.0;6;395;MULHOUSE (RUE DE);;;;540
25965;201300028789;13;7;22;1700;1;2;3;1.0;3;395;TIERCELINS (RUE DES);;;;540
25966;201300028790;13;7;22;1830;1;2;1;1.0;6;304;24, ALBERT  (RUE ERNEST);;;;540
25967;201300028791;13;7;23;1125;1;2;1;1.0;3;395;216, LIBERATION (AVENUE;;;;540
25968;201300028792;13;7;23;1725;1;2;1;1.0;2;274;SONGEUR (RUE LEON);;;;540
25969;201300028793;13;7;25;920;1;2;1;1.0;3;395;51, BERTIN (RUE EMILE);;;;540
25970;201300028794;13;7;27;1300;1;2;3;1.0;3;482;0, CARNOT (AVENUE);;;;540
25971;201300028795;13;7;27;1505;1;2;1;1.0;6;300;199, GALTIER (RUE LUCIEN;M;4866638.0;621348.0;540
25972;201300028796;13;7;29;1120;1;2;2;1.0;2;547;0, BRIAND (RUE ARISTIDE);;;;540
25973;201300028798;13;8;1;2142;5;2;2;1.0;6;395;77, QUATRE EGLISES (RUE;;;;540
25974;201300028799;13;8;3;1150;1;2;1;1.0;3;304;100, ZOLA (RUE EMILE);;;;540
25975;201300028800;13;8;3;1650;1;2;1;1.0;2;395;1, FUSILLES (PONT DES);;;;540
25976;201300028801;13;8;3;2341;5;2;3;1.0;3;395;54, LOBAU (BOULEVARD);;;;540
25977;201300028802;13;8;5;1150;1;1;1;1.0;4;197;1, RD 71;;;;540
25978;201300028803;13;8;8;840;1;2;1;1.0;6;274;1, LALO (RUE EDOUARD);;;;540
25979;201300028804;13;8;10;2040;5;2;1;1.0;6;339;45, JERICHO (IMPASSE ET;;;;540
25980;201300028805;13;8;12;2115;5;2;2;2.0;3;395;0, BOUDONVILLE (RUE DU M;;;;540
25981;201300028806;13;8;14;1220;1;2;2;1.0;3;395;MALZEVILLE (PONT DE);;;;540
25982;201300028807;13;8;17;1950;1;2;1;1.0;3;395;102, BOUFFLERS (AV. DE 7;;;;540
25983;201300028809;13;8;21;1305;1;2;3;1.0;3;274;MALGRANGE (AVENUE DE LA);;;;540
25984;201300028810;13;8;23;1915;1;2;1;1.0;4;395;23, LECLERC (AV. DU GENE;;;;540
25985;201300028811;13;8;24;2240;5;2;3;1.0;6;395;STANISLAS (RUE);;;;540
25986;201300028812;13;8;29;850;1;2;2;1.0;3;395;DIDION (RUE);;;;540
25987;201300028813;13;9;2;2100;5;2;2;1.0;3;547;AIGUILLETTES (BD 1 A 3);;;;540
25988;201300028814;13;9;2;1830;1;2;1;1.0;3;265;MIRECOURT (ROUTE DE);;;;540
25989;201300028815;13;9;3;830;1;2;1;9.0;3;395;METZ (RUE DE);;;;540
25990;201300028817;13;9;6;110;5;2;2;1.0;6;395;CLINCHANT (RUE DU GAL);;;;540
25991;201300028818;13;9;6;1420;1;2;2;1.0;3;395;QUATRE EGLISES (RUE;;;;540
25992;201300028819;13;9;6;1830;1;2;1;1.0;6;274;FOCH (RUE DU MARECHAL);;;;540
25993;201300028820;13;9;9;900;1;2;3;1.0;2;395;TOMBLAINE (RUE DE);;;;540
25994;201300028822;13;9;6;1530;1;2;1;1.0;6;184;3, SAUVAGE (rue Catherin;;;;540
25995;201300028823;13;9;12;855;1;1;1;2.0;6;357;RD 30;M;4871017.0;614620.0;540
25996;201300028824;13;9;12;1400;1;2;1;1.0;4;395;50, SCARPONE (BD DE);;;;540
25997;201300028825;13;9;13;1230;1;2;1;1.0;6;395;LEOPOLD (COURS);;;;540
25998;201300028826;13;9;18;800;1;2;1;6.0;6;395;80, BLANDAN (IMPASSE ET;;;;540
25999;201300028827;13;9;18;840;1;2;1;3.0;6;395;39, BOUFFLERS (AVENUE) D;;;;540
26000;201300028828;13;9;18;925;1;2;1;2.0;6;357;CRUSNE (RUE DE LA);;;;540
26001;201300028829;13;9;23;1700;1;2;6;1.0;2;395;BROT (RUE MARCEL);;;;540
26002;201300028831;13;9;22;945;1;2;2;1.0;3;395;OUDINOT (RUE DU MAL);;;;540
26003;201300028832;13;9;22;1940;5;2;2;1.0;7;395;OBERLIN (RUE);;;;540
26004;201300028833;13;9;23;1825;1;2;1;1.0;3;395;165, LIBERATION (AVENUE;;;;540
26005;201300028834;13;9;24;1350;1;2;1;1.0;6;395;109, BOUDONVILLE (RUE DU;;;;540
26006;201300028835;13;9;24;1750;1;1;1;1.0;4;395;CONCORDE (PONT DE LA);;;;540
26007;201300028836;13;9;24;1810;1;2;3;1.0;3;184;BRIGACHTAL (AVENUE DE);;;;540
26008;201300028838;13;9;25;1305;1;2;4;1.0;2;547;MIRECOURT (ROUTE DE);;;;540
26009;201300028839;13;9;27;1135;1;2;1;1.0;6;274;45, REPUBLIQUE (RUE DE L;;;;540
26010;201300028840;13;9;27;737;2;2;2;1.0;6;395;SAINT GEORGES (RUE);;;;540
26011;201300028841;13;9;28;1010;1;2;1;1.0;1;274;FAURE (RUE GABRIEL);;;;540
26012;201300028842;13;9;28;1600;1;2;3;1.0;3;184;BRIGACHTAL (AVENUE DE);;;;540
26013;201300028844;13;10;3;1705;1;2;1;1.0;3;184;FABERGE ( Allee Carl );;;;540
26014;201300028845;13;10;8;1050;1;2;1;1.0;6;482;63, ALEXANDRE 1ER (RUE);;;;540
26015;201300028846;13;10;9;1020;1;2;2;1.0;3;578;0, AIGUILLETTES  (BD 5 A;;;;540
26016;201300028847;13;10;11;909;1;2;3;2.0;6;395;KLEBER (RUE);;;;540
26017;201300028848;13;10;11;1630;1;2;1;1.0;2;395;127, LOBAU (BOULEVARD);;;;540
26018;201300028849;13;10;12;545;5;2;1;1.0;6;395;10, LAMOUR (RUE JEAN);;;;540
26019;201300028850;13;10;13;2125;5;2;1;1.0;2;395;23, HUGO (RUE VICTOR);;;;540
26020;201300028851;13;10;11;1100;1;2;1;1.0;3;482;MAINVAUX (RUE DE);;;;540
26021;201300028852;13;10;15;1900;5;2;1;3.0;2;395;TIERCELINS (RUE DES);;;;540
26022;201300028853;13;10;16;730;3;1;1;8.0;1;25;50, CHARTREUSE (AVENUE D;M;4866174.0;624294.0;540
26023;201300028854;13;10;17;1930;5;2;6;1.0;3;395;PINCHARD (AVENUE - OMBEL;;;;540
26024;201300028855;13;10;19;500;5;2;2;1.0;1;395;ISABEY (RUE);;;;540
26025;201300028856;13;10;19;830;1;2;2;1.0;3;395;LEBRUN (RUE ALBERT);;;;540
26026;201300028858;13;10;22;1648;1;2;1;1.0;6;547;PERI (RUE GABRIEL);;;;540
26027;201300028859;13;10;22;855;1;2;2;1.0;6;395;0, VINGTIEME CORPS (AVEN;;;;540
26028;201300028860;13;10;23;1425;1;2;3;1.0;6;395;POINCARE (RUE RAYMOND 1-;;;;540
26029;201300028861;13;10;24;1640;1;2;4;9.0;3;395;SAINT MANSUY (RUE);;;;540
26030;201300028862;13;10;25;1520;1;2;2;1.0;3;304;RESISTANCE (AV. DE LA -I;;;;540
26031;201300028863;13;10;25;1630;1;2;1;1.0;6;547;142, PERI (RUE GABRIEL);;;;540
26032;201300028864;13;10;26;1820;1;2;1;1.0;1;184;FERA (Rue Jean);;;;540
26033;201300028865;13;10;28;820;1;2;1;1.0;6;526;BARBUSSE (BD HENRI);;;;540
26034;201300028866;13;10;31;1038;1;2;1;1.0;2;304;RESISTANCE (AV. DE LA -I;;;;540
26035;201300028867;13;11;3;830;1;2;2;9.0;3;304;RESISTANCE (AV. DE LA -I;;;;540
26036;201300028869;13;11;1;1135;1;2;1;1.0;3;395;KARLSRUHE (PLACE DE);;;;540
26037;201300028870;13;11;5;455;5;2;3;8.0;2;547;0, ARC (AVENUE JEANNE D';;;;540
26038;201300028871;13;11;4;950;1;2;1;2.0;2;395;CHARLEMAGNE (BD);;;;540
26039;201300028872;13;11;6;1120;1;2;1;1.0;2;300;1, GALTIER (RUE LUCIEN);;;;540
26040;201300028873;13;11;7;2000;5;2;1;1.0;1;547;1, ARC (AVENUE JEANNE D';;;;540
26041;201300028874;13;11;8;715;2;2;1;2.0;2;395;145, LIBERATION (AVENUE;;;;540
26042;201300028875;13;11;9;1530;1;2;1;1.0;6;395;195, BOUFFLERS (AV. DE 7;;;;540
26043;201300028876;13;11;10;1944;5;2;2;2.0;3;395;MOTHE (RUE DE LA);;;;540
26044;201300028877;13;11;12;1700;5;2;1;1.0;6;482;CARNOT (AVENUE);;;;540
26045;201300028879;13;11;13;1738;1;2;2;1.0;3;526;POTIER (RUE EUGENE);;;;540
26046;201300028880;13;11;14;1905;5;2;1;2.0;6;274;SONGEUR (RUE LEON);;;;540
26047;201300028881;13;11;15;1840;2;2;1;1.0;6;274;104, REPUBLIQUE (RUE DE;;;;540
26048;201300028883;13;11;21;200;5;2;1;1.0;6;395;CHALNOT (RUE PIERRE);;;;540
26049;201300028884;13;11;21;1325;1;2;1;4.0;3;395;45, LOBAU (BOULEVARD);;;;540
26050;201300028885;13;11;22;800;1;2;1;2.0;3;395;35, HUGO (RUE VICTOR);;;;540
26051;201300028886;13;11;22;1620;1;2;2;1.0;3;482;LECLERC (AVENUE DU GENER;;;;540
26052;201300028887;13;11;23;1626;1;2;1;1.0;6;265;ERABLES (AVENUE DES);;;;540
26053;201300028888;13;11;23;1720;1;2;1;1.0;3;526;POTIER (RUE EUGENE);;;;540
26054;201300028889;13;11;28;1945;2;1;1;1.0;3;300;RD 400;;;;540
26055;201300028890;13;11;26;1505;1;2;3;7.0;3;547;ECHTERNACH (RUE D');;;;540
26056;201300028891;13;11;27;855;1;2;1;7.0;2;304;QUATRE VENTS (AVENUE DES;;;;540
26057;201300028892;13;11;28;1330;1;2;2;2.0;7;395;GARENNE (ALLEE ET AVENUE;;;;540
26058;201300028893;13;11;29;845;1;2;2;1.0;3;395;LEOPOLD (COURS);;;;540
26059;201300028894;13;11;29;1815;5;2;1;2.0;6;578;25, HAUT DE LA TAYE (RUE;;;;540
26060;201300028895;13;11;30;310;5;2;1;2.0;6;526;10, ALLENDE  (RUE SALVAD;;;;540
26061;201300028896;13;12;2;910;1;2;1;1.0;2;339;99, LECLERC (AVENUE ET I;;;;540
26062;201300028897;13;12;4;1945;5;2;1;9.0;6;395;MIRECOURT (ROUTE DE);;;;540
26063;201300028898;13;12;3;940;1;2;1;5.0;3;395;BUQUET (RUE BARON);;;;540
26064;201300028899;13;12;3;1230;1;2;1;5.0;3;547;FRIBOURG (ALLEE DE);;;;540
26065;201300028900;13;12;3;1730;5;2;1;5.0;3;184;108, SOIXANTE NEUVIEME R;;;;540
26066;201300028901;13;12;5;1205;1;2;1;1.0;6;395;08, MANGIN (AVENUE DU GE;;;;540
26067;201300028902;13;12;5;1145;1;2;1;1.0;2;395;VINGT SIXIEME R.I. (BOUL;;;;540
26068;201300028903;13;12;5;1930;5;2;2;6.0;6;395;ARC ( RUE JEANNE D'N;;;;540
26069;201300028904;13;12;6;1000;1;2;1;1.0;6;395;CHARLEMAGNE (BD);;;;540
26070;201300028905;13;12;11;1900;5;2;1;2.0;2;526;RD 2 BIS;;;;540
26071;201300028906;13;12;11;1445;1;2;1;1.0;2;547;MIRECOURT (ROUTE DE);;;;540
26072;201300028907;13;12;11;1620;1;2;1;1.0;6;395;JOFFRE (Boulevard);;;;540
26073;201300028908;13;12;11;2015;5;2;1;1.0;6;395;AMERICAN LEGION  (BD DE;;;;540
26074;201300028909;13;12;11;1125;1;2;2;5.0;3;395;OUDINOT (RUE DU MAL);;;;540
26075;201300028910;13;12;13;1336;1;2;1;5.0;6;395;PINCHARD (AVENUE - TAMAR;;;;540
26076;201300028911;13;12;13;1540;1;2;1;1.0;2;395;20, BATAILLE (QUAI DE LA;;;;540
26077;201300028913;13;12;16;2230;5;2;1;1.0;6;395;1, VINGT SIXIEME R.I.;;;;540
26078;201300028914;13;12;16;2020;5;2;3;1.0;3;395;CRISTALLERIES (RUE DES);;;;540
26079;201300028916;13;12;18;1000;1;2;1;1.0;3;395;10, JUIN (AVENUE DU MARE;;;;540
26080;201300028917;13;12;18;1345;1;2;1;1.0;7;526;POTIER (RUE EUGENE);;;;540
26081;201300028918;13;12;18;1800;5;2;2;1.0;6;395;POINCARE (RUE HENRI);;;;540
26082;201300028919;13;12;20;1725;5;2;3;1.0;6;547;NORVEGE (RUE DE);;;;540
26083;201300028920;13;12;20;1828;5;2;2;1.0;6;578;BAUDRICOURT (BD DE);;;;540
26084;201300028921;13;12;21;1815;5;2;1;1.0;2;395;151, LIBERATION (AVENUE;;;;540
26085;201300028922;13;12;22;1815;5;2;2;1.0;1;547;EUROPE (BOULEVARD DE L');;;;540
26086;201300028923;13;12;23;1610;1;2;1;1.0;6;395;SAINT DIZIER (RUE 2;;;;540
26087;201300028924;13;12;28;1144;1;2;1;3.0;2;526;POTIER (RUE EUGENE);;;;540
26088;201300028929;13;3;2;1625;1;2;1;1.0;7;431;40, FOURIER (RUE PIERRE);M;4891234.0;605740.0;540
26089;201300028930;13;3;10;1625;1;2;2;1.0;3;431;METZ (AVENUE DE);M;4891673.0;606303.0;540
26090;201300028931;13;4;28;1455;1;2;3;1.0;6;431;DUROC (PLACE);;;;540
26091;201300028932;13;5;12;1628;1;1;1;1.0;7;375;D958 COTES SAINT-PIERRE;M;4890035.0;601086.0;540
26092;201300028934;13;7;5;2030;1;2;1;1.0;6;431;21, CAMP (RUE DU);;;;540
26093;201300028935;13;7;6;1505;1;2;2;1.0;2;431;1, EUROPE (AVENUE DE L');M;4891683.0;606564.0;540
26094;201300028936;13;9;13;1842;1;2;1;8.0;3;431;806, GASTON PETIT (RUE);;;;540
26095;201300028937;13;9;21;1827;1;2;1;1.0;3;79;8, SAINT-MARTIN (RUE);;;;540
26096;201300028939;13;11;30;1931;3;2;3;1.0;1;79;55, SAULE (RUE DU);;;;540
26097;201300028940;13;12;14;1740;4;1;1;1.0;1;431;458, NORROY (ROUTE DE);M;4892295.0;603810.0;540
26098;201300028941;13;1;9;715;5;2;3;1.0;6;528;ALBERT 1ER;M;4868285.0;589376.0;540
26099;201300028942;13;1;10;800;3;1;1;2.0;2;528;RD191;M;4869064.0;591130.0;540
26100;201300028943;13;1;15;820;1;1;1;4.0;3;528;RD904;M;4870927.0;588144.0;540
26101;201300028944;13;1;12;1350;1;1;1;1.0;6;528;71, BALLAND;M;4867589.0;588122.0;540
26102;201300028945;13;8;4;315;5;2;3;1.0;3;174;DU 15EME GENIE (AVENUE);;;;540
26103;201300028946;13;1;19;1030;1;2;4;8.0;3;528;GENERAL BIGEARD (AVENUE);;;;540
26104;201300028947;13;4;7;1715;1;1;1;1.0;6;528;36, PINTEVILLE (BOULEVAR;M;4867165.0;588580.0;540
26105;201300028948;13;5;5;1637;1;2;1;1.0;2;528;ALBERT 1ER;;;;540
26106;201300028949;13;5;9;1725;1;2;3;1.0;2;174;RD11B;M;4866721.0;585383.0;540
26107;201300028950;13;5;26;635;2;2;1;1.0;6;528;20, PINTEVILLE (BOULEVAR;;;;540
26108;201300028951;13;6;6;1853;1;1;1;1.0;3;528;RD960;M;4865936.0;587650.0;540
26109;201300028952;13;6;10;820;1;2;1;1.0;6;528;COLONEL PECHOT (AVENUE D;;;;540
26110;201300028953;13;6;15;1035;1;1;1;1.0;6;167;RD400;M;4867378.0;592068.0;540
26111;201300028954;13;6;26;1144;1;1;6;1.0;3;167;RD909;M;4867309.0;592794.0;540
26112;201300028956;13;7;10;1720;1;2;3;1.0;3;174;15EME GENIE (AVENUE);;;;540
26113;201300028957;13;7;16;1420;1;2;3;1.0;2;174;DU 15EME GENIE (AVENUE);;;;540
26114;201300028958;13;8;2;2045;1;2;1;1.0;7;528;VICTOR HUGO (AVENUE);;;;540
26115;201300028959;13;9;1;1815;1;1;3;1.0;3;528;RD960;;;;540
26116;201300028961;13;9;15;1005;1;2;1;8.0;6;528;62, ALBERT DENIS;;;;540
26117;201300028962;13;9;19;1905;1;2;3;1.0;2;174;15EME GENIE (AVENUE);;;;540
26118;201300028963;13;9;26;1645;1;2;1;1.0;6;528;GENERAL BIGEARD (AVENUE);;;;540
26119;201300028964;13;11;19;1945;5;2;3;3.0;3;528;GLACIERE (QUAI DE LA);;;;540
26120;201300028965;13;12;9;752;2;1;1;1.0;5;528;RD904;M;4870888.0;588181.0;540
26121;201300028967;13;7;6;1630;1;1;3;1.0;1;575;DEPARTEMENTALE 26 (ROUTE;;;;540
26122;201300028969;13;7;24;2200;5;2;1;1.0;6;580;sans, DIX NEUF MARS 1962;;;;540
26123;201300028970;13;10;15;1540;1;2;1;8.0;6;580;1, FOCH (RUE DU MARECHAL;;;;540
26124;201300028971;13;10;23;740;5;1;3;3.0;6;575;HUSSIGNY (ROUTE D');M;4947197.0;583963.0;540
26125;201300028972;13;10;21;930;1;2;3;1.0;7;580;0, POINCARE (RUE);;;;540
26126;201300028974;13;2;10;1912;5;2;1;1.0;6;29;1, REPUBLIQUE ( PLACE DE;M;4877344.0;516530.0;550
26127;201300028975;13;3;5;1400;1;1;1;1.0;6;302;D180;;;;550
26128;201300028976;13;3;10;1540;1;2;1;1.0;7;29;1, MARIZIER ( BOULEVARD;;;;550
26129;201300028977;13;3;15;855;1;2;1;1.0;6;29;7, ROCHELLE ( BOULEVARD;M;4877384.0;516035.0;550
26130;201300028978;13;3;30;1800;1;2;1;1.0;2;29;43, BRADFER ( RUE ERNEST;;;;550
26131;201300028979;13;5;25;1310;1;1;3;1.0;3;29;RN135;;;;550
26132;201300028980;13;5;27;1320;1;2;1;1.0;1;29;25, 94EME RI ( AVENUE DU;;;;550
26133;201300028981;13;6;22;150;5;2;1;2.0;1;29;187, SAINT MIHIEL ( RUE;;;;550
26134;201300028982;13;6;22;1545;1;2;3;1.0;3;29;LANDRY-GILLON ( RUE );;;;550
26135;201300028983;13;6;23;1620;1;2;1;2.0;7;29;22, BAR LA VILLE ( RUE );;;;550
26136;201300028984;13;6;27;1935;1;2;1;1.0;6;29;ALLENDE ( RUE SALVATOR );;;;550
26137;201300028985;13;7;20;125;5;2;6;1.0;3;29;SCHUMAN ( RUE ROBERT );M;4877720.0;516465.0;550
26138;201300028987;13;9;3;2145;5;2;6;1.0;3;29;SCHUMAN ( RUE ROBERT );;;;550
26139;201300028988;13;9;5;1650;1;2;1;1.0;2;29;77, POINCARE ( BOULEVARD;;;;550
26140;201300028989;13;9;10;1210;1;2;3;1.0;3;29;4, LAPIQUE ( RUE );M;4877158.0;516320.0;550
26141;201300028990;13;9;11;1405;1;2;3;2.0;3;29;ROUSSEAU ( RUE JEAN JACQ;;;;550
26142;201300028991;13;10;8;1940;5;2;6;1.0;6;29;BEHONNE ( VIEILLE COTE D;;;;550
26143;201300028992;13;10;8;1215;1;2;1;1.0;6;29;12, OUDINOT ( RUE );;;;550
26144;201300028994;13;11;7;810;1;2;1;2.0;6;29;MARIZIER ( BOULEVARD );;;;550
26145;201300028995;13;12;16;1415;1;2;1;1.0;6;29;149, VEEL ( RUE DE );M;4876935.0;515651.0;550
26146;201300028996;13;3;18;720;1;1;1;9.0;7;545;DUGNY ( ROUTE DE );M;4914026.0;536058.0;550
26147;201300028997;13;2;18;1625;1;2;1;1.0;6;545;ANTHOUARD  ( D' ) 32;M;4915788.0;538580.0;550
26148;201300028998;13;4;4;910;1;2;6;1.0;3;545;HUIT MAI 1945 ( DU );;;;550
26149;201300028999;13;4;10;1150;1;2;1;1.0;6;545;5, FRERES BOULHAUT ( DES;M;4916298.0;538629.0;550
26150;201300029000;13;5;2;1210;1;2;3;1.0;2;545;MIRIBEL ( AVENUE );M;4916773.0;539083.0;550
26151;201300029001;13;9;5;1645;1;1;1;1.0;4;236;CD 964;;;;550
26152;201300029003;13;9;10;840;1;2;1;1.0;2;43;13,  DE GAULLE (GENERAL);;;;550
26153;201300029004;13;9;28;1550;1;2;1;1.0;6;545;PONT CHAUSSEE;M;4916206.0;538743.0;550
26154;201300029005;13;10;7;1515;1;2;1;1.0;7;545;WEES (ALLEE DES );;;;550
26155;201300029006;13;10;31;1050;1;2;1;1.0;5;43;COLONEL DRIANT ( DU );;;;550
26156;201300029007;13;1;3;40;5;2;1;1.0;7;121;0, BRETAGNE ( IMP. ANNE;M;4775800.0;-339021.0;560
26157;201300029008;13;1;4;701;5;2;2;1.0;1;121;0, CORRE (RUE  EMILE );M;4774183.0;-336849.0;560
26158;201300029009;13;1;6;1841;5;2;4;2.0;3;121;0, BELGIQUE (PONT DE);M;4775875.0;-337816.0;560
26159;201300029010;13;1;9;1244;1;2;1;2.0;5;83;0, PASTEUR ( AVENUE );M;4780145.0;-328219.0;560
26160;201300029012;13;1;10;1004;1;2;1;8.0;7;121;2, MONISTROL (RUE);M;4773889.0;-338067.0;560
26161;201300029013;13;1;16;837;1;2;1;3.0;5;83;0, LOCOYARNE ( R-P DE );M;4779123.0;-327706.0;560
26162;201300029014;13;1;17;1231;1;2;6;1.0;3;121;49, DE GAULLE ( AVE DU G;M;4774138.0;-337300.0;560
26163;201300029015;13;1;17;1510;1;2;1;1.0;7;121;8, QUEUDET ( AV RAYMOND;M;4775926.0;-339181.0;560
26164;201300029016;13;1;18;755;2;1;1;1.0;3;162;0, 185 (ROUTE DEPARTEMEN;;;;560
26165;201300029017;13;1;18;1640;1;2;1;8.0;6;121;0, ROHAN ( Q DE );M;4774377.0;-335825.0;560
26166;201300029018;13;1;21;720;5;2;1;2.0;3;121;199, BELGIQUE (RUE  DE );M;4776162.0;-338829.0;560
26167;201300029019;13;1;22;750;5;2;3;2.0;3;83;0, ALLENDE ( AV. PRES. S;M;4780615.0;-325968.0;560
26168;201300029020;13;1;22;1935;5;2;1;1.0;2;83;2, PONT-NEUF ( QUAI DU );M;4780361.0;-327921.0;560
26169;201300029021;13;1;25;655;5;2;1;9.0;1;121;89, SCORFF ( BD DU );M;4776116.0;-336588.0;560
26170;201300029023;13;1;25;2225;3;1;1;1.0;7;98;0, RN 165;;;;560
26171;201300029024;13;1;26;1033;1;2;1;1.0;7;162;QUEVEN (RUE DE);M;4774240.0;-342471.0;560
26172;201300029025;13;1;27;1125;1;2;1;1.0;7;121;27, MERVILLE (RUE  JEAN;M;4774504.0;-337721.0;560
26173;201300029026;13;1;27;1545;1;2;6;1.0;3;121;0, QUEUDET ( AV RAYMOND;M;4776024.0;-339341.0;560
26174;201300029027;13;1;31;1456;1;1;2;1.0;3;162;0, KERGANTIC;M;4773211.0;-345954.0;560
26175;201300029029;13;2;4;1534;1;2;1;1.0;2;121;0, COSMAO-DUMANOIR ( BD;M;4775313.0;-337460.0;560
26176;201300029030;13;2;5;725;2;1;6;3.0;7;98;0, DUPLEIX  (AVENUE);M;4775339.0;-333844.0;560