;Num_Acc;an;mois;jour;hrmn;lum;agg;int;atm;col;com;adr;gps;lat;long;dep
26177;201300029031;13;2;6;1040;1;2;2;1.0;7;121;0, FRANCE ( AVE ANATOLE;M;4774612.0;-336718.0;560
26178;201300029032;13;2;6;1453;1;2;1;1.0;7;107;0, DELAYRE (RUE RENE);M;4770410.0;-339511.0;560
26179;201300029033;13;2;8;1151;1;2;1;1.0;7;121;61, NAYEL ( ET PLACE AUG;M;4774791.0;-336367.0;560
26180;201300029034;13;2;11;750;2;2;1;2.0;6;98;0, BOLLARDIERE (RUE  GEN;M;4777797.0;-334252.0;560
26181;201300029035;13;2;12;920;1;2;1;1.0;7;162;0, MOULIN DU TER;M;4773084.0;-340320.0;560
26182;201300029037;13;2;17;150;5;2;1;1.0;7;162;0, BEG MINIO;M;4773643.0;-342913.0;560
26183;201300029038;13;2;17;1020;1;2;1;1.0;7;121;8, SVOB ( BOULEVARD EMMA;M;4775022.0;-336709.0;560
26184;201300029039;13;2;18;1325;1;2;1;1.0;7;121;0, DE GAULLE ( AVE DU GE;M;4774095.0;-337416.0;560
26185;201300029040;13;2;19;1900;5;2;1;1.0;3;107;0, PORT MARIA (BOULEVARD;M;4770435.0;-338344.0;560
26186;201300029041;13;2;22;1205;1;2;1;1.0;7;121;0, LE FRANC (RUE  MARIE;M;4776326.0;-338292.0;560
26187;201300029042;13;2;24;1910;2;2;1;1.0;7;83;0, REPUBLIQUE ( AV. DE L;M;4779812.0;-329673.0;560
26188;201300029043;13;2;24;2300;5;2;1;1.0;7;121;0, BLUM ( BD LEON );M;4774593.0;-338019.0;560
26189;201300029044;13;2;26;1435;1;2;1;1.0;1;121;0, BLUM ( BD LEON );M;4774605.0;-338032.0;560
26190;201300029046;13;3;4;1740;1;2;1;1.0;7;121;0, VERDUN (RUE  DE );M;4775810.0;-336516.0;560
26191;201300029047;13;3;5;1540;1;2;1;1.0;7;121;0, SCORFF ( BD DU );;;;560
26192;201300029049;13;3;5;2155;5;2;1;1.0;3;121;0, ORADOUR SUR GLANE ( B;M;4775744.0;-337169.0;560
26193;201300029050;13;3;8;2225;5;2;1;1.0;3;98;0, GUERN (RUE DE LA);M;4777230.0;-333727.0;560
26194;201300029052;13;3;14;2100;5;2;1;1.0;1;121;0, INDES ( QUAI DES );M;4774722.0;-336361.0;560
26195;201300029053;13;3;15;950;1;2;1;1.0;7;121;0, ROHAN ( Q DE );M;4774500.0;-336084.0;560
26196;201300029054;13;3;15;1433;1;2;1;1.0;2;98;JAURES (RUE  JEAN );M;4776329.0;-336189.0;560
26197;201300029055;13;3;15;1509;1;2;1;3.0;3;162;0, MOULIN (RUE JEAN);M;4773260.0;-341763.0;560
26198;201300029056;13;3;16;1005;1;2;2;2.0;3;121;71, COURBET (RUE  AMIRAL;M;4774268.0;-336069.0;560
26199;201300029057;13;3;18;1510;1;2;1;2.0;2;83;0, BRUANT ( AV. ARISTIDE;M;4780205.0;-325971.0;560
26200;201300029058;13;3;19;1705;1;2;1;1.0;2;121;0, MANIO ( ECHANGEUR ET;M;4775895.0;-338426.0;560
26201;201300029059;13;3;21;1345;1;2;2;3.0;1;98;0, SAINT NIAUD (LIEU DIT;M;4777549.0;-330999.0;560
26202;201300029060;13;3;22;1645;1;2;1;1.0;7;83;0, KERLIVEN ( IMP. DE );M;4780200.0;-326554.0;560
26203;201300029061;13;3;22;1645;1;1;1;1.0;3;98;0, DJIBAOU (RUE  JEAN-MA;M;4777778.0;-335402.0;560
26204;201300029062;13;3;23;2040;2;1;1;1.0;7;162;0, D 163;;;;560
26205;201300029063;13;3;25;1510;1;2;1;1.0;7;121;0, BIZET (RUE  GEORGES );M;4776400.0;-337196.0;560
26206;201300029064;13;3;26;1413;1;2;1;1.0;7;121;0, RN 465;M;4773597.0;-337537.0;560
26207;201300029065;13;3;28;745;2;2;1;1.0;3;121;0, KERGROISE ( AVE DE );M;4773501.0;-335680.0;560
26208;201300029066;13;3;28;1143;1;2;1;1.0;3;121;0, MULLER ( DU COLONEL J;M;4776425.0;-339741.0;560
26209;201300029067;13;3;28;2018;2;2;1;1.0;7;121;0, MORIN (RUE  RENE );M;4776521.0;-339863.0;560
26210;201300029068;13;4;1;1503;1;2;1;1.0;7;98;0, KERMORVAN (RUE  DE );M;4776756.0;-331452.0;560
26211;201300029069;13;4;2;1750;1;2;1;1.0;2;98;0, RN 165 (PATINOIRE);;;;560
26212;201300029070;13;4;3;1850;2;2;1;7.0;7;121;0, K2;M;4776432.0;-339707.0;560
26213;201300029071;13;4;5;1420;1;2;1;1.0;3;121;9, INDES ( QUAI DES );M;4774626.0;-336114.0;560
26214;201300029072;13;4;5;1535;1;2;1;1.0;2;121;0, CHAZELLES ( COURS LOU;M;4775441.0;-336292.0;560
26215;201300029073;13;4;6;550;2;2;1;1.0;3;121;136, BELGIQUE (RUE  DE );M;4776038.0;-338393.0;560
26216;201300029074;13;4;6;1832;1;2;2;1.0;6;121;103, BELGIQUE (RUE  DE );M;4775992.0;-338204.0;560
26217;201300029075;13;4;6;2130;5;2;1;1.0;7;121;0, ROUGES GORGES (RUE  D;M;4773782.0;-338908.0;560
26218;201300029077;13;4;14;1156;1;2;1;1.0;7;121;71, LANVEUR ( ET PL. DE;M;4774365.0;-339065.0;560
26219;201300029079;13;4;13;2235;5;2;1;2.0;7;98;., LANN-SEVELIN (ROND PO;M;4777757.0;-334398.0;560
26220;201300029080;13;4;15;1731;1;2;2;1.0;3;121;0, MARNE ( AV DE LA );M;4774283.0;-336822.0;560
26221;201300029081;13;4;16;1115;1;2;1;2.0;7;121;22, MONISTROL (RUE);M;4773809.0;-338159.0;560
26222;201300029082;13;4;16;1535;1;2;1;8.0;7;121;24, NORMANDIE ( BD ET IM;M;4775870.0;-336953.0;560
26223;201300029083;13;4;17;1805;1;1;6;1.0;7;162;., VRAIE CROIX (LIEU DIT;M;4772556.0;-341074.0;560
26224;201300029084;13;4;18;1621;1;2;1;1.0;7;83;0, PARCO ( R-P DU );M;4779304.0;-326550.0;560
26225;201300029085;13;4;20;1210;1;2;1;1.0;7;162;30, LANN-ER-ROCH;M;4773458.0;-347347.0;560
26226;201300029086;13;4;21;1515;1;2;1;1.0;7;107;0, MINIO (RUE DU);M;4771750.0;-338333.0;560
26227;201300029087;13;4;25;220;5;2;1;1.0;7;121;0, MERVILLE (RUE  JEAN D;M;4774516.0;-337412.0;560
26228;201300029088;13;4;25;1715;1;1;3;1.0;3;162;0, LE CRUGUELLIC;;;;560
26229;201300029089;13;4;26;1049;1;2;1;1.0;7;98;73, CROIZAT ( AVE AMBROI;M;4777534.0;-334618.0;560
26230;201300029090;13;4;27;1227;1;2;1;1.0;7;121;., TOULLEC (RUE  FRANCOI;M;4773486.0;-337546.0;560
26231;201300029091;13;4;27;2000;1;2;1;1.0;7;107;., KERMELO (PONT);M;4773114.0;-338613.0;560
26232;201300029092;13;4;29;1730;1;2;1;1.0;7;121;38, MERVILLE (RUE  JEAN;M;4774493.0;-337757.0;560
26233;201300029093;13;5;2;1815;1;2;1;1.0;2;83;0, LUMIERE ( AV. DES FRE;M;4779703.0;-326293.0;560
26234;201300029094;13;5;5;1745;1;1;1;1.0;3;107;0, ECUREUILS (ALLEE DES);M;4772214.0;-338204.0;560
26235;201300029095;13;5;7;1120;1;2;1;1.0;7;121;0, FRANCE ( AVE ANATOLE;M;4774600.0;-336726.0;560
26236;201300029097;13;5;12;1720;1;2;2;1.0;3;121;12, CHAZELLES ( COURS LO;M;4775578.0;-336372.0;560
26237;201300029099;13;5;13;1837;1;2;1;1.0;2;98;., SAKHAROV (RUE  ANDRE;M;4777681.0;-334048.0;560
26238;201300029100;13;5;13;2330;3;1;1;1.0;7;83;ROUTE NATIONALE  165;;;;560
26239;201300029101;13;5;14;833;1;2;1;1.0;7;162;., KERYADO (RUE DE);M;4774855.0;-339648.0;560
26240;201300029102;13;5;14;1920;1;2;2;2.0;3;98;., KESLER-DEVILLERS ( AV;M;4776895.0;-334640.0;560
26241;201300029103;13;5;15;1002;1;2;2;1.0;3;121;., BOUVREUILS (RUE  DES;M;4773518.0;-339353.0;560
26242;201300029104;13;5;18;1610;1;2;1;1.0;7;83;10, JAURES ( AV. JEAN );M;4780139.0;-328105.0;560
26243;201300029105;13;5;19;1931;1;2;1;1.0;7;83;., KERMARIO (LIEU-DIT);M;4781654.0;-329764.0;560
26244;201300029106;13;5;21;1800;1;2;2;1.0;3;98;., CROIZAT ( AVE AMBROIS;M;4777438.0;-334660.0;560
26245;201300029107;13;5;24;1308;1;2;1;1.0;5;121;0, CHENAILLER DIT COLONE;M;4773525.0;-338941.0;560
26246;201300029108;13;5;28;535;3;2;1;1.0;7;83;., RESISTANCE ( IMP. DE;;;;560
26247;201300029109;13;5;28;1155;1;2;1;1.0;7;121;., KERYVALAND (RUE  DE );M;4774275.0;-337947.0;560
26248;201300029110;13;5;29;1220;1;2;1;8.0;7;121;17, NORMANDIE ( BD ET IM;M;4775916.0;-336855.0;560
26249;201300029111;13;6;1;140;5;1;1;1.0;7;107;0, ROUTE DEPARTEMENTALE;;;;560
26250;201300029112;13;6;1;1623;1;2;2;1.0;3;121;0, K2;M;4776519.0;-339588.0;560
26251;201300029113;13;6;3;1853;1;2;6;1.0;3;121;0, MULLER ( DU COLONEL J;M;4776594.0;-340057.0;560
26252;201300029114;13;6;7;1729;1;2;1;1.0;2;121;0, BERLIOZ (RUE  HECTOR;M;4776325.0;-337814.0;560
26253;201300029115;13;6;7;1630;1;2;6;1.0;2;121;0, CHATEAU ( PONT DU );M;4776383.0;-337939.0;560
26254;201300029116;13;6;8;1246;1;2;6;1.0;3;83;0, REPUBLIQUE ( AV. DE L;M;4779951.0;-329050.0;560
26255;201300029117;13;6;7;1250;1;2;1;1.0;7;121;57, BELGIQUE (RUE  DE );M;4775912.0;-337915.0;560
26256;201300029118;13;6;9;305;5;1;1;1.0;7;98;0, RN 165;;;;560
26257;201300029119;13;6;9;1850;1;1;1;1.0;3;121;0, RN 465;;;;560
26258;201300029120;13;6;10;1940;2;1;1;1.0;7;162;0, FORT BLOQUE (ROUTE DU;M;4773837.0;-344439.0;560
26259;201300029122;13;6;13;1120;1;2;1;1.0;2;121;0, KERGUESTENEN (RUE  DE;M;4775109.0;-339327.0;560
26260;201300029123;13;6;14;1435;1;2;6;1.0;3;121;0, PLOEMEUR ( ET IMP DE;M;4776011.0;-338973.0;560
26261;201300029124;13;6;14;2125;5;2;3;1.0;3;121;0, CALMETTE (RUE  DOCTEU;M;4776016.0;-338121.0;560
26262;201300029125;13;6;15;1710;1;2;3;1.0;3;121;0, GUIEYSSE (RUE  PAUL );M;4775676.0;-336465.0;560
26263;201300029126;13;6;18;1343;1;2;1;1.0;2;121;47, GUIEYSSE (RUE  PAUL;M;4775727.0;-336869.0;560
26264;201300029127;13;6;19;1430;1;2;6;1.0;3;83;0, HOPITAL ( RD-POINT DE;M;4780436.0;-327348.0;560
26265;201300029129;13;6;20;750;1;2;1;1.0;7;83;0, REPUBLIQUE ( AV. DE L;M;4780456.0;-327327.0;560
26266;201300029130;13;6;20;1500;1;2;2;1.0;3;98;., DUCLOS (RUE  JACQUES;M;4777442.0;-334013.0;560
26267;201300029132;13;6;24;1733;1;2;1;1.0;7;121;105, LARMOR (RUE  DE );M;4774143.0;-337529.0;560
26268;201300029133;13;6;25;2040;2;1;1;1.0;7;162;0, 152 (ROUTE DEPARTEMEN;M;4770984.0;-343845.0;560
26269;201300029134;13;6;26;1910;1;2;1;1.0;7;98;0, KERMORVAN (RUE  DE );M;4776752.0;-331452.0;560
26270;201300029135;13;6;27;1339;1;2;1;1.0;3;121;3, LANVEUR ( ET PL. DE );M;4774220.0;-338622.0;560
26271;201300029136;13;6;27;2050;1;2;3;1.0;3;83;0, LA FLAMME ( PONT JEHA;M;4780336.0;-327876.0;560
26272;201300029137;13;6;29;10;5;2;3;1.0;3;107;0, QUEHELLO (RUE DE);M;4771120.0;-339621.0;560
26273;201300029138;13;6;29;1346;1;2;1;1.0;7;98;17, MUSSET (RUE ALFRED);M;4775372.0;-334265.0;560
26274;201300029139;13;6;29;1543;1;1;1;1.0;3;121;0, CARREFOUR ( MAGASIN C;M;4776494.0;-339563.0;560
26275;201300029140;13;7;2;1545;1;2;1;1.0;5;98;RUE GUSTAVE ZEDE;M;4777561.0;-335383.0;560
26276;201300029141;13;7;2;2115;5;2;1;1.0;7;121;85, BELGIQUE (RUE  DE );M;4775956.0;-338083.0;560
26277;201300029142;13;7;2;2230;5;2;1;1.0;7;98;0, TRUDAINE (RUE  DANIEL;M;4777739.0;-333901.0;560
26278;201300029143;13;7;3;1815;1;2;3;1.0;7;98;74, CROIZAT ( AVE AMBROI;M;4777441.0;-334666.0;560
26279;201300029144;13;7;6;1415;1;2;1;1.0;5;121;0, QUEUDET ( AV RAYMOND;M;4775878.0;-339092.0;560
26280;201300029145;13;7;8;2150;5;1;2;1.0;3;121;0, CARNOT (RUE  LAZARE );M;4774191.0;-336143.0;560
26281;201300029146;13;7;8;2230;5;2;1;1.0;3;121;0, BLUM ( BD LEON );M;4774827.0;-337440.0;560
26282;201300029147;13;7;9;1220;1;2;2;1.0;3;162;0, DUPUY DE LOME (IMP);M;4774315.0;-340170.0;560
26283;201300029148;13;7;10;2005;2;2;1;1.0;2;121;0, MARNE ( AV DE LA );M;4774387.0;-336815.0;560
26284;201300029149;13;7;10;2100;2;2;2;1.0;3;121;0, CLISSON (RUE ET SQUAR;M;4775050.0;-336299.0;560
26285;201300029150;13;7;11;1627;1;2;4;1.0;6;83;21, GRANGE (RUE  DE LA );M;4781182.0;-327190.0;560
26286;201300029152;13;7;14;1320;1;2;1;1.0;6;121;0, CHAZELLES ( COURS LOU;M;4775623.0;-336409.0;560
26287;201300029153;13;7;15;2225;5;2;3;1.0;3;98;0, KESLER-DEVILLERS ( AV;M;4776800.0;-334283.0;560
26288;201300029154;13;7;16;800;1;2;1;1.0;3;121;03, MONISTROL (RUE);M;4773913.0;-338098.0;560
26289;201300029155;13;7;16;1304;1;1;1;1.0;6;107;0, ROUTE DEPARTEMENTALE;;;;560
26290;201300029156;13;7;17;1419;1;2;1;1.0;3;162;1, GAHINET (QUAI GILLES);M;4770146.0;-343147.0;560
26291;201300029157;13;7;18;1806;1;2;1;1.0;3;121;0, TOULLEC (RUE  FRANCOI;M;4773241.0;-337979.0;560
26292;201300029158;13;7;20;1153;1;1;1;1.0;7;98;0, MONGE (RUE  GASPARD );M;;;560
26293;201300029159;13;7;25;842;1;2;1;1.0;3;162;0, OCEAN (RD L);M;4773446.0;-349934.0;560
26294;201300029160;13;7;25;1131;2;2;1;1.0;2;121;0, DORDELIN (RUE DE L AM;M;4773507.0;-337407.0;560
26295;201300029161;13;7;25;1220;1;2;1;1.0;7;121;0, DREYFUS (RUE  ALFRED;M;4774791.0;-338981.0;560
26296;201300029162;13;7;25;1851;2;2;1;1.0;5;121;97, BELGIQUE (RUE  DE );M;4775987.0;-338180.0;560
26297;201300029163;13;7;29;1455;1;2;1;1.0;7;83;0, EIFFEL (RUE  GUSTAVE;M;4779565.0;-328261.0;560
26298;201300029164;13;7;31;507;2;2;1;1.0;7;121;0, PENWERN ( PONT );M;4775609.0;-338642.0;560
26299;201300029165;13;8;2;1415;1;2;1;1.0;7;121;105, BELGIQUE (RUE  DE );M;4776001.0;-338230.0;560
26300;201300029166;13;8;4;1805;1;2;1;1.0;3;121;0, LANVEUR ( ET PL. DE );M;4774311.0;-338894.0;560
26301;201300029167;13;8;6;1944;1;2;1;1.0;7;121;0, LE COUTALLER ( RUE JE;M;4774650.0;-336798.0;560
26302;201300029168;13;8;9;1045;1;2;1;1.0;7;121;0, TOULLEC (RUE  FRANCOI;;;;560
26303;201300029169;13;8;9;1650;1;2;1;1.0;7;98;7, RUE MARCEL SEMBAT;M;4775800.0;-334600.0;560
26304;201300029170;13;8;11;155;5;2;1;1.0;7;107;0, ROUTE DEPARTEMENTALE;;;;560
26305;201300029171;13;8;15;130;5;2;2;1.0;3;162;0, SAINTE  ANNE (RUE);M;4773856.0;-341965.0;560
26306;201300029172;13;8;15;1125;1;2;1;1.0;7;83;0, PORT LOUIS ( ROUTE);M;4780292.0;-327793.0;560
26307;201300029173;13;8;16;2320;5;2;1;1.0;1;121;0, DEMAINE ( BD YVES );M;4775215.0;-338026.0;560
26308;201300029174;13;8;14;1820;1;2;1;1.0;7;98;., COUBERTIN (RUE  PIERR;M;4776606.0;-334520.0;560
26309;201300029175;13;8;20;1031;1;2;1;1.0;2;121;., TOULLEC (RUE  FRANCOI;;;;560
26310;201300029176;13;8;20;1541;1;2;1;1.0;4;98;., JAURES (RUE  JEAN );M;4777001.0;-335024.0;560
26311;201300029177;13;8;22;1100;1;2;1;1.0;7;98;56, DEVILLERS (AVENUE KE;;;;560
26312;201300029178;13;8;22;1830;1;2;1;1.0;7;121;., TOULLEC (RUE  FRANCOI;M;4773241.0;-337979.0;560
26313;201300029179;13;8;24;150;5;2;1;1.0;7;98;., CROIZAT ( AVE AMBROIS;M;4777133.0;-334873.0;560
26314;201300029180;13;8;22;1810;1;2;1;1.0;5;83;0, JAURES ( AV. JEAN );M;4780141.0;-327968.0;560
26315;201300029183;13;8;28;1100;1;2;1;1.0;7;98;., KESLER-DEVILLERS ( AV;M;4776765.0;-334148.0;560
26316;201300029184;13;9;2;910;1;2;1;1.0;7;121;39, LE LEVE ( ET IMP. FR;M;4775054.0;-337489.0;560
26317;201300029185;13;9;3;1350;1;2;2;1.0;3;121;., DUGUAY-TROUIN (RUE RE;M;4774276.0;-336831.0;560
26318;201300029186;13;9;4;1400;1;2;1;2.0;3;121;0, SCORFF ( BD DU );M;4775571.0;-335476.0;560
26319;201300029187;13;9;5;758;1;1;1;7.0;7;162;0, BEG MINIO;;;;560
26320;201300029188;13;9;5;1800;1;2;1;1.0;2;83;0, HUGO (RUE  VICTOR );M;4780975.0;-327462.0;560
26321;201300029189;13;9;6;1230;1;2;1;1.0;2;121;114, DE GAULLE ( AVE DU;M;4773959.0;-337829.0;560
26322;201300029190;13;9;8;235;5;1;1;1.0;7;162;0, LE CRUGUELLIC;M;4773317.0;-348784.0;560
26323;201300029191;13;9;9;15;3;1;1;2.0;7;162;0, PLOEMEUR (RUE DE);;;;560
26324;201300029192;13;9;9;1047;1;2;1;1.0;3;107;0, KERFORNET (CIMETIERE);M;4771254.0;-339806.0;560
26325;201300029193;13;9;11;1435;1;2;1;1.0;5;121;0, TOULLEC (RUE  FRANCOI;M;4773475.0;-337556.0;560
26326;201300029194;13;9;13;1946;2;2;1;1.0;7;121;20, PATRIE (RUE DE LA );M;4774819.0;-336220.0;560
26327;201300029195;13;9;15;1316;1;2;1;1.0;3;121;0, CHAIGNEAU (RUE);M;4775408.0;-336122.0;560
26328;201300029196;13;9;16;612;2;1;1;1.0;7;162;0, D 163;;;;560
26329;201300029197;13;9;16;1715;1;2;1;1.0;7;121;40, BRAILLE (RUE LOUIS);M;4775476.0;-337268.0;560
26330;201300029198;13;9;21;1955;2;2;1;1.0;3;121;0, TOULLEC (RUE  FRANCOI;M;4773296.0;-338300.0;560
26331;201300029199;13;9;27;1906;2;1;1;1.0;7;83;0, RN 165;;;;560
26332;201300029200;13;9;27;1800;1;2;1;1.0;3;98;0, LE COUTALLER (RUE  JE;M;4776039.0;-333110.0;560
26333;201300029201;13;9;27;2019;5;2;1;1.0;3;121;0, FERRY ( PL. JULES );M;4774591.0;-336377.0;560
26334;201300029203;13;10;3;800;2;2;1;3.0;7;83;0, ABATTOIR ( IMP. DE L';M;4781092.0;-326739.0;560
26335;201300029204;13;10;4;1035;1;2;1;1.0;7;98;20, JAURES (RUE  JEAN );M;4776400.0;-336047.0;560
26336;201300029205;13;10;4;1740;1;2;1;1.0;6;83;0, LUMIERE ( AV. DES FRE;M;4779917.0;-326070.0;560
26337;201300029206;13;10;6;1705;1;1;1;1.0;7;83;0, RN 165;;;;560
26338;201300029207;13;10;7;1635;1;2;1;1.0;5;121;89, BELGIQUE (RUE  DE );M;4775879.0;-337801.0;560
26339;201300029209;13;10;9;1545;1;2;1;1.0;7;121;0, CARNOT (RUE  LAZARE );M;4774429.0;-335936.0;560
26340;201300029210;13;10;11;1440;1;2;1;1.0;7;83;0, EIFFEL (RUE  GUSTAVE;M;4779530.0;-328362.0;560
26341;201300029211;13;10;11;2110;5;2;1;1.0;2;121;0, JAURES ( AVE JEAN );M;4774514.0;-337468.0;560
26342;201300029212;13;10;13;955;1;2;1;1.0;3;162;0, DOUET NEUF;M;4770521.0;-343412.0;560
26343;201300029214;13;10;16;910;1;2;3;2.0;7;98;0, BILLOUX ( AV. FRANCOI;M;4776465.0;-335130.0;560
26344;201300029215;13;10;16;1000;1;2;1;1.0;7;121;0, RN 465 (DESSERTE PORT;M;4774859.0;-338776.0;560
26345;201300029216;13;10;18;755;5;2;6;1.0;3;121;0, KERNITRA ( PL. DE );M;4776224.0;-339584.0;560
26346;201300029217;13;10;18;2120;3;2;1;1.0;2;83;., LIBERATION ( AV. DE L;;;;560
26347;201300029218;13;10;18;2155;5;2;1;1.0;7;83;0, RESISTANCE (AVENUE  D;;;;560
26348;201300029219;13;10;19;250;5;2;1;1.0;2;121;41, PERRIERE ( AV DE LA;M;4773369.0;-336484.0;560
26349;201300029220;13;10;20;1900;1;2;2;1.0;3;121;., ESVELIN (RUE  MAITRE;M;4774563.0;-336299.0;560
26350;201300029221;13;10;21;1848;1;2;1;1.0;2;121;1, SVOB ( BOULEVARD EMMA;M;4775029.0;-336692.0;560
26351;201300029222;13;10;22;2130;5;2;2;2.0;7;121;0, FERRY ( PL. JULES );M;4774659.0;-336208.0;560
26352;201300029223;13;10;24;1340;1;2;6;1.0;3;121;., TOULLEC (RUE  FRANCOI;M;4773302.0;-337754.0;560
26353;201300029224;13;10;26;1148;1;1;1;1.0;5;162;0, D 163;;;;560
26354;201300029225;13;10;26;2210;5;2;1;1.0;2;121;0, SAINT CHRISTOPHE (RON;;;;560
26355;201300029226;13;10;28;1830;5;2;1;1.0;2;121;0, POMPIDOU (RUE  GEORGE;M;4773582.0;-337188.0;560
26356;201300029227;13;10;28;2050;5;2;3;2.0;3;98;0, RABELAIS (RUE  FRANCO;M;4776840.0;-335610.0;560
26357;201300029228;13;10;30;829;1;2;1;1.0;7;121;0, PRIMEL (RUE  LOUIS );M;4776298.0;-338567.0;560
26358;201300029229;13;10;30;1830;3;1;1;1.0;5;83;0, RN 165;;;;560
26359;201300029230;13;11;1;1730;2;2;1;1.0;7;162;0, D 162;;;;560
26360;201300029231;13;11;3;1510;1;2;1;1.0;7;121;0, MERVILLE (RUE  JEAN D;;;;560
26361;201300029232;13;11;5;1430;1;2;1;1.0;1;121;0, LENINE ( AVENUE );;;;560
26362;201300029233;13;11;7;1800;5;2;1;3.0;7;121;0, FRANCE ( AVE ANATOLE;M;4774561.0;-336778.0;560
26363;201300029234;13;11;7;1810;5;2;2;2.0;3;83;0, ALLENDE ( AV. PRES. S;;;;560
26364;201300029235;13;11;9;1910;5;2;1;2.0;7;121;0, COSMAO-DUMANOIR ( BD;M;4775333.0;-337225.0;560
26365;201300029236;13;11;11;2005;5;2;1;2.0;1;121;0, BERT (RUE  PAUL );M;4774649.0;-336145.0;560
26366;201300029237;13;11;12;744;5;2;1;2.0;7;121;0, SPITZ (RUE  AMIRAL DE;M;4776324.0;-337027.0;560
26367;201300029238;13;11;13;1215;1;2;1;1.0;3;107;., ORPHIS (RUE DES);M;4771998.0;-339117.0;560
26368;201300029241;13;11;17;1125;1;2;1;1.0;3;83;0, BERGERIE ( IMP. DE LA;M;4781064.0;-327362.0;560
26369;201300029243;13;11;20;1525;1;2;1;1.0;7;121;127, MULLER ( DU COLONEL;M;4776589.0;-340043.0;560
26370;201300029245;13;11;20;1710;2;2;1;2.0;2;83;1, TROTTIER (RUE);M;4780550.0;-327753.0;560
26371;201300029248;13;11;23;855;2;2;3;1.0;3;121;0, CARNOT (RUE  LAZARE );M;4774191.0;-336144.0;560
26372;201300029249;13;11;23;1149;1;2;3;1.0;3;83;0, REPUBLIQUE ( AV. DE L;M;4780121.0;-328294.0;560
26373;201300029250;13;11;22;1415;1;2;1;1.0;2;121;4, DUNANT (RUE  HENRI );M;4775169.0;-337670.0;560
26374;201300029251;13;11;23;143;5;2;1;1.0;7;83;29, VAILLANT ( AV. EDOUA;M;4781734.0;-325522.0;560
26375;201300029252;13;11;23;2034;5;2;1;1.0;1;83;23, PORT LOUIS ( ROUTE);M;4780035.0;-327572.0;560
26376;201300029253;13;11;24;1602;1;2;1;1.0;7;121;0, KERSABIEC (RUE  DE );;;;560
26377;201300029254;13;11;30;10;5;1;1;1.0;3;83;0, RN 165;;;;560
26378;201300029255;13;12;4;1710;1;2;1;1.0;7;121;0, GOUNOD (RUE  CHARLES;;;;560
26379;201300029256;13;12;5;1815;5;2;1;1.0;2;98;0, LANN-SEVELIN (ROND PO;M;4777781.0;-334386.0;560
26380;201300029257;13;12;7;947;1;2;3;1.0;3;121;0, CHAIGNEAU (RUE);M;4775592.0;-335740.0;560
26381;201300029258;13;12;11;1140;1;2;2;1.0;7;121;0, PORT (RUE  DU );M;4774748.0;-336098.0;560
26382;201300029259;13;12;12;1019;1;2;1;1.0;7;121;0, LECLERC ( BD GENERAL;M;4774894.0;-336573.0;560
26383;201300029260;13;12;13;1600;1;2;1;2.0;3;107;0, MOULIN (IMPASSE DU VI;M;4771870.0;-338537.0;560
26384;201300029261;13;12;14;1950;5;2;1;1.0;3;121;30, VERDUN (RUE  DE );M;4775880.0;-336550.0;560
26385;201300029263;13;12;17;1405;1;2;1;1.0;7;121;0, COSMAO-DUMANOIR ( BD;;;;560
26386;201300029264;13;12;17;1622;1;2;1;1.0;4;121;., RN 465 (DESSERTE PORT;;;;560
26387;201300029265;13;12;17;1808;5;2;1;1.0;1;83;., VILLENEUVE PARCO ( ET;M;4779062.0;-327640.0;560
26388;201300029266;13;12;18;1405;1;2;1;1.0;7;121;12, NORMANDIE ( BD ET IM;M;4775923.0;-336839.0;560
26389;201300029267;13;12;18;1825;5;2;1;8.0;7;83;27, TROTTIER (RUE);M;4780458.0;-327900.0;560
26390;201300029270;13;12;23;1546;1;1;6;2.0;1;83;., VILLENEUVE ( ET IMP.;M;4779073.0;-327657.0;560
26391;201300029271;13;12;24;1645;1;2;1;8.0;2;121;37, LOTE (RUE  RENE );M;4777211.0;-340453.0;560
26392;201300029272;13;12;27;1330;1;1;1;1.0;7;121;0, MARQUET (RUE  MARY );M;4775787.0;-338756.0;560
26393;201300029273;13;12;27;1845;5;2;1;1.0;2;98;0, CROIZAT ( AVE AMBROIS;;;;560
26394;201300029274;13;12;27;2111;4;2;1;2.0;3;98;0, LANN-SEVELIN (ROND PO;M;4777762.0;-334505.0;560
26395;201300029275;13;12;28;1445;1;2;1;2.0;7;83;0, JOFFRE (RUE  DU MAREC;;;;560
26396;201300029276;13;12;29;35;5;2;1;1.0;3;121;6, HERRIOT ( BD EDOUARD;M;4774293.0;-338076.0;560
26397;201300029277;13;12;29;1325;1;2;9;1.0;3;162;0, SAINT BIEUZY (RUE DE);M;4772280.0;-343459.0;560
26398;201300029278;13;12;29;1735;5;2;1;1.0;7;162;0, CHASSEURS (RUE DES);;;;560
26399;201300029279;13;2;9;1245;1;1;1;1.0;3;185;;M;4383085.0;374495.0;340
26400;201300029280;13;3;10;1715;1;1;1;1.0;1;111;;M;4394952.0;370782.0;340