;Num_Acc;an;mois;jour;hrmn;lum;agg;int;atm;col;com;adr;gps;lat;long;dep
26401;201300029281;13;5;2;1215;1;1;1;1.0;1;152;;M;4375674.0;375229.0;340
26402;201300029282;13;7;17;1600;1;1;1;3.0;6;42;;M;0.0;0.0;340
26403;201300029283;13;7;27;1430;1;2;1;1.0;6;111;18 AVENUE DE NIMES;M;0.0;0.0;340
26404;201300029284;13;8;31;2200;3;1;1;1.0;1;185;;M;0.0;0.0;340
26405;201300029285;13;1;10;740;5;2;1;2.0;6;260;., BORGNIS DESBORDES(AVE;M;4765431.0;-278346.0;560
26406;201300029287;13;1;25;825;2;2;3;1.0;6;260;7, DEGAS(AVENUE EDGAR);M;4767342.0;-276142.0;560
26407;201300029288;13;2;1;1955;5;2;1;2.0;6;260;., BORGNIS DESBORDES(AVE;M;4765423.0;-278350.0;560
26408;201300029289;13;2;12;1240;1;2;1;1.0;3;260;., FAVREL ET LINCY(AVENU;M;4766563.0;-274996.0;560
26409;201300029290;13;2;24;2009;5;2;1;1.0;6;260;HERRIOT(AVENUE EDOUARD);M;4765713.0;-274566.0;560
26410;201300029291;13;2;27;1650;1;2;1;1.0;6;260;., LEHELEC(RUE);M;4765620.0;-275849.0;560
26411;201300029292;13;2;28;1510;1;2;1;1.0;6;260;., SURVILLE(RUE JEAN-FRA;M;4763849.0;-277723.0;560
26412;201300029293;13;3;15;1606;1;2;3;1.0;6;260;165  SENS LORIENT/NANTES;;;;560
26413;201300029294;13;3;21;1755;1;2;1;2.0;3;260;., MURAILLES(RUE DES GRA;M;4766599.0;-276754.0;560
26414;201300029295;13;3;30;1645;1;2;1;1.0;3;260;., MONSABERT(BOULEVARD D;M;4766341.0;-278130.0;560
26415;201300029296;13;4;4;2245;5;2;1;2.0;3;260;125, VERDUN(AVENUE DE);M;4766197.0;-274041.0;560
26416;201300029297;13;4;16;1050;1;2;1;2.0;6;260;., LICES(PLACE DES);M;4765632.0;-275732.0;560
26417;201300029298;13;5;4;1800;1;2;1;1.0;3;260;., BORGNIS DESBORDES(AVE;M;4765535.0;-279059.0;560
26418;201300029300;13;5;11;1055;1;1;1;1.0;2;260;165  SENS LORIENT/NANTES;;;;560
26419;201300029301;13;5;26;1820;1;2;3;1.0;3;260;., MONSABERT(BOULEVARD D;M;4766495.0;-278024.0;560
26420;201300029302;13;5;17;1710;1;2;1;1.0;6;260;34 BIS, RESISTANCE(BLD D;M;4764277.0;-277708.0;560
26421;201300029303;13;6;5;1130;1;2;7;1.0;6;260;., REPUBLIQUE(PLACE DE L;M;4765572.0;-275966.0;560
26422;201300029304;13;6;12;1300;1;2;1;2.0;2;260;., POMPIDOU(AVENUE GEORG;M;4766361.0;-276585.0;560
26423;201300029305;13;6;17;2045;2;2;6;1.0;6;260;., KERGRAIN(GIRATOIRE DE;M;4766213.0;-279419.0;560
26424;201300029306;13;7;29;1757;1;2;6;1.0;3;260;., TOHANNIC(GIRATOIRE DE;M;4766674.0;-278478.0;560
26425;201300029307;13;8;1;135;5;2;1;1.0;6;260;36, MARNE(AVENUE DE LA);M;4765955.0;-277955.0;560
26426;201300029308;13;8;1;1945;2;2;1;1.0;1;260;., SAINTE-ANNE(ROUTE);;;;560
26427;201300029309;13;7;16;1200;1;2;9;1.0;6;260;., POMPIDOU(AVENUE GEORG;M;4766393.0;-276768.0;560
26428;201300029310;13;8;12;1715;1;2;6;1.0;6;260;., LUSCANEN(GIRATOIRE DE;M;4766202.0;-279390.0;560
26429;201300029311;13;9;4;1750;1;2;1;1.0;1;260;JUIN(AVENUE DU MARECHAL);M;4763308.0;-277913.0;560
26430;201300029312;13;9;6;1159;1;2;1;1.0;6;260;., POMPIDOU(AVENUE GEORG;M;4766368.0;-276660.0;560
26431;201300029313;13;9;8;1455;1;2;3;1.0;6;260;., LALLEMENT(RUE);M;4765058.0;-277658.0;560
26432;201300029314;13;9;12;1100;1;2;1;8.0;6;260;92, RESISTANCE(BLD DE LA;M;4764302.0;-277686.0;560
26433;201300029315;13;9;16;1550;1;2;1;1.0;6;260;., POMPIDOU(AVENUE GEORG;M;4766356.0;-276614.0;560
26434;201300029316;13;9;20;1430;1;2;3;1.0;2;260;., 165  SENS LORIENT/NAN;;;;560
26435;201300029317;13;9;16;1700;1;2;1;1.0;6;260;., MARNE(AVENUE DE LA) M;M;4766025.0;-279051.0;560
26436;201300029318;13;9;23;1702;1;2;1;1.0;6;260;17, DE LATTRE DE TASSIGN;M;4764477.0;-275993.0;560
26437;201300029319;13;9;26;743;1;2;1;1.0;3;260;., CHURCHILL(RUE WINSTON;M;4764591.0;-277028.0;560
26438;201300029320;13;9;28;1700;1;2;2;1.0;3;260;., WILSON(AVENUE);M;4766748.0;-275686.0;560
26439;201300029321;13;10;9;835;2;2;2;1.0;5;260;., RESISTANCE(BLD DE LA);M;4764789.0;-278183.0;560
26440;201300029322;13;9;30;944;1;2;3;1.0;6;260;., AUDIC(RUE DU DOCTEUR;M;4767683.0;-277456.0;560
26441;201300029323;13;10;11;1630;1;2;7;1.0;6;260;., MADELEINE(PLACE DE LA;M;4765907.0;-277183.0;560
26442;201300029324;13;10;25;2050;5;2;3;1.0;1;260;., BERNUS(RUE DE);M;4765343.0;-276922.0;560
26443;201300029326;13;10;23;1225;1;2;9;8.0;6;260;1, MICHELIN(AVENUE EDOUA;M;4765963.0;-271769.0;560
26444;201300029327;13;11;10;1050;1;2;1;1.0;2;260;., DE LATTRE DE TASSIGNY;M;4765189.0;-275944.0;560
26445;201300029328;13;11;18;950;1;2;1;1.0;6;260;., COURBET(RUE GUSTAVE);M;4767526.0;-277095.0;560
26446;201300029329;13;11;21;105;5;2;1;1.0;6;260;15, NORMANDIE(RUE DE);M;4764762.0;-278551.0;560
26447;201300029330;13;12;5;750;3;2;1;8.0;6;260;., ILES(BOULEVARD DES);M;4765180.0;-278803.0;560
26448;201300029331;13;12;10;745;5;2;1;1.0;6;260;., TOHANNIC(AVENUE DE);M;4765304.0;-274151.0;560
26449;201300029332;13;12;13;155;5;2;1;5.0;6;260;LATTRE DE TASSIGNY(AVENU;M;4764869.0;-275852.0;560
26450;201300029333;13;12;16;1835;5;2;1;1.0;1;260;JUIN(AVENUE DU MARECHAL);M;4763843.0;-276802.0;560
26451;201300029334;13;12;16;1635;1;2;1;1.0;6;260;30, THIERS(RUE);M;4765758.0;-275984.0;560
26452;201300029337;13;3;12;1650;1;2;1;1.0;6;260;1, PLESSIS DE GRENEDAN(R;M;4764885.0;-277418.0;560
26453;201300029339;13;5;14;1215;1;2;1;1.0;6;260;., R.D. 779 (KERGRAIN/LU;;;;560
26454;201300029340;13;5;15;1646;1;2;6;1.0;6;260;6, FAVREL ET LINCY(AVENU;M;4766398.0;-275543.0;560
26455;201300029341;13;5;21;1040;1;2;1;1.0;6;260;13, HOCHE(RUE);M;4765869.0;-276226.0;560
26456;201300029342;13;5;25;1010;1;2;2;1.0;3;260;., PASTEUR(RUE);M;4765526.0;-276451.0;560
26457;201300029343;13;6;10;1825;1;2;1;1.0;2;260;., MARNE(AVENUE DE LA) L;M;4765964.0;-278172.0;560
26458;201300029344;13;9;2;1000;1;2;1;1.0;2;260;36, PAIX(BLD DE LA) 1 A;M;4766134.0;-275798.0;560
26459;201300029345;13;9;7;1735;1;2;1;1.0;6;260;., BAZVALAN(RUE JEHAN DE;M;4765512.0;-275498.0;560
26460;201300029346;13;9;25;1150;1;2;1;1.0;2;260;., KERVILER(AVENUE RENE;M;4764152.0;-275575.0;560
26461;201300029347;13;9;27;810;1;2;1;1.0;2;260;60, BECEL(AVENUE JEAN-MA;M;4765603.0;-277358.0;560
26462;201300029348;13;9;30;750;2;2;1;5.0;6;260;4, WILSON(AVENUE);M;4766534.0;-275612.0;560
26463;201300029349;13;10;7;740;5;2;1;1.0;7;260;RESISTANCE(BLD DE LA) DD;M;4764437.0;-277822.0;560
26464;201300029350;13;10;15;820;5;2;1;3.0;6;260;., BAZVALAN(RUE JEHAN DE;M;4765513.0;-275555.0;560
26465;201300029351;13;10;15;830;5;2;3;3.0;3;260;., RESISTANCE(BLD DE LA);M;4764623.0;-278021.0;560
26466;201300029352;13;11;8;1900;5;2;2;8.0;6;260;., PAIX(BLD DE LA) 41 A;M;4766132.0;-275708.0;560
26467;201300029354;13;12;6;1855;5;2;1;1.0;6;260;., BOUCICAUT(RUE ARISTID;M;4766646.0;-279382.0;560
26468;201300029355;13;12;31;1700;1;2;1;8.0;6;260;MARNE(AVENUE DE LA) MAC;M;4766022.0;-279048.0;560
26469;201300029356;13;3;11;915;1;2;6;1.0;3;227;Rond point zone des D?me;M;0.0;0.0;330
26470;201300029357;13;10;26;145;3;2;1;2.0;6;304;avenue du super hossegor;M;4368030.0;-142380.0;400
26471;201300029358;13;1;25;955;1;2;3;1.0;6;227;72, NATIONALE(RUE) R.DLA;M;4918652.0;690041.0;570
26472;201300029359;13;3;7;1855;5;2;1;1.0;3;227;6, ARMEE  US (AV DE LA 7;M;4918701.0;690938.0;570
26473;201300029360;13;3;26;1020;1;2;2;1.0;6;227;64, NATIONALE(RUE) R.DLA;M;4918703.0;689827.0;570
26474;201300029361;13;7;6;350;5;2;1;1.0;6;537;121, PRINCIPALE (RUE);M;4921842.0;686358.0;570
26475;201300029362;13;7;13;1615;1;2;6;1.0;3;227;298, NATIONALE(RUE)R.DE;;;;570
26476;201300029363;13;7;27;1820;1;2;1;1.0;3;227;3, ST REMY(AV.)R.DE LA C;;;;570
26477;201300029364;13;9;15;1550;1;2;2;1.0;3;227;76, ST REMY(AV.)R.DE LA;M;4918693.0;689812.0;570
26478;201300029365;13;9;11;1340;1;2;1;1.0;6;227;86, ST REMY(AV.)R.DE LA;M;4918602.0;689651.0;570
26479;201300029367;13;10;23;550;3;1;1;3.0;2;227;PARC A BOIS (ROUTE DU );M;0.0;0.0;570
26480;201300029369;13;11;16;1935;5;2;2;1.0;1;660;18, NATIONALE(RUE)LIMITE;M;4919350.0;691632.0;570
26481;201300029370;13;12;6;1200;1;2;3;1.0;6;227;SAINTE CROIX (RUE );M;4918674.0;690071.0;570
26482;201300029371;13;3;2;2225;5;2;3;1.0;6;240;BASSE (RUE);M;4914203.0;680957.0;570
26483;201300029372;13;2;22;1210;1;2;6;1.0;6;332;ROMAINS (RUE DES);M;4914372.0;677691.0;570
26484;201300029373;13;1;10;1915;5;2;1;2.0;6;240;15, KLOSTER (RUE EUGENE);M;4914821.0;681723.0;570
26485;201300029374;13;6;7;1825;1;1;1;1.0;1;240;CD 26;;;;570
26486;201300029375;13;6;2;1704;1;2;3;1.0;3;240;BERLIOZ (RUE HECTOR);M;4914344.0;680228.0;570
26487;201300029376;13;7;29;1610;1;2;3;1.0;3;332;Route departementale 603;M;4912523.0;678424.0;570
26488;201300029378;13;9;25;1755;1;2;1;1.0;6;240;01, HOMBOURG (RUE);M;4914156.0;679510.0;570
26489;201300029379;13;10;1;1800;1;2;1;1.0;6;240;FRANCE (RUE DE);;;;570
26490;201300029380;13;12;11;540;3;2;1;2.0;1;332;Route departementale 603;;;;570
26491;201300029381;13;1;11;2315;5;2;1;1.0;1;19;31, VIEIL AMNEVILLE (RUE;M;4926200.0;613555.0;570
26492;201300029382;13;2;4;650;3;1;1;2.0;1;591;CD181;;;;570
26493;201300029383;13;2;21;1410;1;2;4;1.0;6;591;1, FOCH (RUE DU MARECHAL;M;4925354.0;609572.0;570
26494;201300029384;13;3;16;2330;5;2;6;2.0;3;591;1, POINCARE (RUE RAYMOND;M;4925633.0;610664.0;570
26495;201300029385;13;4;19;1330;1;1;3;1.0;3;19;CD8;;;;570
26496;201300029386;13;4;21;1400;1;2;1;1.0;6;19;1A, FERME (RUE DE LA VIE;M;4926073.0;613329.0;570
26497;201300029387;13;4;25;1730;1;2;3;1.0;3;591;POINCARE (RUE RAYMOND);M;4925527.0;610294.0;570
26498;201300029390;13;6;5;1400;1;2;1;1.0;7;143;124, JOFFRE (RUE);M;4925937.0;608428.0;570
26499;201300029391;13;6;20;1320;1;1;1;1.0;7;491;CD9;M;4924440.0;602586.0;570
26500;201300029394;13;7;25;1325;1;2;1;2.0;1;491;6, FOCH (PASSAGE);M;4924922.0;604459.0;570
26501;201300029395;13;9;11;645;2;2;9;2.0;6;283;AVENUE DE FRANCE;M;4924111.0;615142.0;570
26502;201300029396;13;10;1;1655;1;2;1;1.0;6;491;COTE DES GAYES (ROUTE DE;M;4925086.0;603721.0;570
26503;201300029397;13;9;14;1513;1;1;1;2.0;1;19;13, VIEIL AMNEVILLE (RUE;M;4926200.0;613555.0;570
26504;201300029398;13;10;1;1100;1;2;1;1.0;3;591;5, GARE (RUE DE LA);M;4925608.0;609701.0;570
26505;201300029399;13;10;26;1455;1;2;1;1.0;6;19;9, DOUAUMONT (RUE DE);M;4925194.0;614512.0;570
26506;201300029400;13;1;4;1000;1;2;2;1.0;3;463;00, LIEDOT (RUE );M;4910323.0;619648.0;570
26507;201300029401;13;1;6;500;3;2;1;1.0;6;463;PLAPPEVILLE (ROUTE DE );M;4912809.0;615121.0;570
26508;201300029402;13;1;6;930;1;2;1;2.0;6;463;00, STRASBOURG (AVENUE D;;;;570
26509;201300029403;13;1;10;1405;1;2;6;2.0;2;480;00, COUVENTS (RUE DES );M;4910344.0;615283.0;570
26510;201300029404;13;1;22;1740;5;2;1;4.0;6;463;21, FOCH (AVENUE );M;4911110.0;617593.0;570
26511;201300029405;13;1;23;2135;5;2;2;1.0;3;463;0, LOTHAIRE (RUE );M;4910009.0;617764.0;570
26512;201300029406;13;1;29;734;5;2;3;3.0;6;463;PARIS (RUE DE );M;4912488.0;616449.0;570
26513;201300029407;13;1;30;1625;1;2;1;2.0;6;480;SAINT EXUPERY (RUE );M;4912488.0;616449.0;570
26514;201300029408;13;2;4;742;5;2;1;8.0;6;463;00, GUYENNE (BOULEVARD D;M;4910794.0;622103.0;570
26515;201300029409;13;2;5;1320;1;2;1;8.0;3;463;00, SOLIDARITE (BOULEVAR;M;4910790.0;623675.0;570
26516;201300029410;13;2;17;405;5;2;2;1.0;3;480;00, GENERAL FRANIATTE (R;M;4908911.0;615323.0;570
26517;201300029411;13;2;18;930;1;2;1;1.0;2;463;32, VERDUN (RUE DE );M;4910748.0;616934.0;570
26518;201300029412;13;2;18;1615;1;2;1;1.0;2;463;00, ARDANT DU PICQ (RUE);M;4912861.0;617421.0;570
26519;201300029414;13;3;6;1725;1;2;3;1.0;3;463;00, LORRY (ROUTE DE );M;4913563.0;614882.0;570
26520;201300029415;13;3;9;1310;1;2;6;1.0;6;463;00, SABLON (PASSAGE DU );M;4910549.0;617409.0;570
26521;201300029416;13;3;19;1925;5;2;1;2.0;6;463;00, XX EME CORPS AMERICA;M;4910210.0;616395.0;570
26522;201300029417;13;3;25;1255;1;2;3;1.0;6;463;00, PAUL WILZER  (QUAI );M;4912851.0;617115.0;570
26523;201300029418;13;3;28;1710;1;2;2;1.0;6;463;00, PARIS (RUE DE );M;4909825.0;616081.0;570
26524;201300029419;13;4;2;2040;5;2;3;1.0;3;463;8 Bis, ANDRE MAGINOT (BO;M;4911650.0;618489.0;570
26525;201300029421;13;4;13;1;5;2;1;3.0;6;463;00, FORT GAMBETTA (RUE D;M;4913070.0;618312.0;570
26526;201300029422;13;4;15;1805;1;2;2;1.0;5;463;00, XX EME CORPS AMERICA;M;4909825.0;616081.0;570
26527;201300029423;13;4;17;1300;1;2;1;1.0;6;463;20, QUEULEU (RUE DE );M;4911068.0;618806.0;570
26528;201300029424;13;4;30;1310;1;2;1;1.0;3;463;00, SEBASTOPOL (AVENUE D;M;4911009.0;623111.0;570
26529;201300029425;13;5;4;1640;1;2;1;1.0;3;463;11, ANTOINE LOUIS (RUE);M;4910737.0;617078.0;570
26530;201300029426;13;5;7;750;1;2;1;8.0;6;480;9, COUVENTS (RUE DES );M;4910309.0;615446.0;570
26531;201300029427;13;5;9;1015;1;2;1;9.0;6;463;3, NORMANDIE (RUE DE );M;4911643.0;622519.0;570
26532;201300029428;13;5;15;1005;1;2;2;2.0;3;463;00, XX EME CORPS AMERICA;M;4910220.0;616412.0;570
26533;201300029429;13;5;16;810;1;2;1;2.0;6;463;4, EUGENE JACQUOT (RUE );M;4909680.0;617120.0;570
26534;201300029430;13;5;16;1446;1;2;1;2.0;6;447;2031, METZ (RUE DE);M;4907443.0;614740.0;570
26535;201300029431;13;5;22;1602;1;2;1;1.0;6;463;16, GEORGES AIME (RUE );M;4912619.0;616594.0;570
26536;201300029432;13;5;31;1535;1;2;1;1.0;6;463;79, GENERAL METMAN;M;4912005.0;621758.0;570
26537;201300029433;13;6;1;340;5;1;4;1.0;3;463;00, FORT GAMBETTA (RUE D;M;4913481.0;617431.0;570
26538;201300029434;13;6;1;1215;1;2;1;1.0;6;480;16, PONT A MOUSSON (RUE;M;4910497.0;616344.0;570
26539;201300029435;13;6;8;828;1;2;1;1.0;6;480;00, HOTEL DE VILLE (RUE;M;4910031.0;615405.0;570
26540;201300029436;13;6;11;1450;1;2;1;1.0;3;463;00, BON PASTEUR (RUE DU;M;4911310.0;622283.0;570
26541;201300029438;13;6;26;1715;1;2;1;1.0;6;463;60, THIONVILLE (ROUTE DE;M;4913522.0;616940.0;570
26542;201300029439;13;6;28;1829;1;2;1;1.0;3;463;18, SOUS LES VIGNES (CHE;M;4912963.0;614537.0;570
26543;201300029440;13;7;18;1605;1;2;1;2.0;6;463;00, POINCARE (BOULEVARD;M;4911820.0;616998.0;570
26544;201300029441;13;7;19;45;5;2;4;1.0;3;463;00, FORT GAMBETTA (RUE D;M;4913488.0;617428.0;570
26545;201300029443;13;7;25;1615;1;2;1;1.0;6;463;30, THIONVILLE (ROUTE DE;M;4913324.0;616937.0;570
26546;201300029444;13;8;1;1430;1;2;1;7.0;3;463;27, GUYENNE (BOULEVARD D;M;4910965.0;621979.0;570
26547;201300029445;13;8;11;1450;1;1;1;1.0;4;487;06, ARS (ROUTE D');M;4910039.0;610732.0;570
26548;201300029447;13;8;18;1800;1;2;3;1.0;3;463;0, DELATTRE DE TASSIGNY;M;4911004.0;616718.0;570
26549;201300029448;13;8;23;1740;1;2;2;1.0;3;463;0, ALSACE (BOULEVARD D');M;4911617.0;622771.0;570
26550;201300029449;13;8;26;1550;1;2;1;2.0;3;616;0, D1;M;4912592.0;618874.0;570
26551;201300029450;13;9;3;1805;1;2;2;1.0;3;463;PLANTIERES (AVENUE DE );M;4911177.0;618841.0;570
26552;201300029451;13;9;4;1830;1;2;2;1.0;3;463;0, BOUZONVILLE (ROUTE DE;M;4913599.0;621314.0;570
26553;201300029452;13;9;6;1045;1;2;3;1.0;6;463;26, COETLOSQUET (RUE DU;M;4911516.0;617511.0;570
26554;201300029453;13;9;11;845;1;2;1;2.0;3;480;196 bis, PONT A MOUSSON;M;4909898.0;614978.0;570
26555;201300029454;13;9;13;750;1;1;6;8.0;3;447;00, RD5b;M;4904884.0;614067.0;570
26556;201300029455;13;9;19;1035;1;2;3;2.0;6;463;13, LOTHAIRE (RUE );M;4909995.0;617736.0;570
26557;201300029456;13;9;17;1040;1;2;1;8.0;6;616;00, VILLERS L'ORME (RUE;M;4913446.0;620780.0;570
26558;201300029457;13;9;20;1730;1;2;1;1.0;6;480;4, COUVENTS (RUE DES );M;4910319.0;615367.0;570
26559;201300029458;13;10;3;1745;1;2;1;1.0;3;480;22, GENERAL POUGIN (RUE;M;4909893.0;615399.0;570
26560;201300029459;13;10;4;925;1;2;1;1.0;6;463;28, HAUTE SEILLE (RUE );M;4911577.0;618132.0;570
26561;201300029460;13;10;9;1800;1;2;1;1.0;6;463;00, ARENES (RUE AUX);M;4910667.0;617659.0;570
26562;201300029461;13;10;14;1645;1;2;1;2.0;6;463;10, PARIS (RUE DE );M;4912435.0;616482.0;570
26563;201300029462;13;10;15;1625;1;2;1;1.0;6;487;02, PETIT SAULCY (RUE DU;M;4910367.0;614902.0;570
26564;201300029463;13;10;22;1930;5;2;2;1.0;5;463;00, ABATTOIR (RUE DE L');M;4912628.0;618965.0;570
26565;201300029464;13;10;25;2135;5;2;2;1.0;3;463;00, HAUTE SEILLE (RUE );M;4911693.0;618009.0;570
26566;201300029466;13;10;29;1040;1;2;1;1.0;6;463;15, LECLERC DE HAUTECLOC;M;4910874.0;616946.0;570
26567;201300029468;13;11;2;2000;4;2;2;1.0;3;751;00, FORT GAMBETTA (RUE D;M;4914924.0;616931.0;570
26568;201300029469;13;11;8;1100;1;2;3;2.0;6;463;00, XX EME CORPS AMERICA;M;4910128.0;616337.0;570
26569;201300029470;13;11;14;1440;1;2;2;2.0;3;463;00, STRASBOURG (AVENUE D;M;4910542.0;620966.0;570
26570;201300029471;13;11;14;1750;5;1;6;3.0;6;463;PRESIDENT J.F. KENNEDY (;M;4910983.0;616418.0;570
26571;201300029472;13;11;15;1325;1;2;1;1.0;6;447;72, COSTES ET BELLONTE (;M;4908156.0;614716.0;570
26572;201300029473;13;11;22;1705;5;2;1;2.0;6;480;00, GENERAL FRANIATTE (R;M;4909052.0;615438.0;570
26573;201300029474;13;11;27;1340;1;2;1;7.0;6;480;3, GENERAL FRANIATTE (RU;M;4909598.0;615890.0;570
26574;201300029475;13;11;27;1855;4;2;1;1.0;3;616;00, PAUL LANGEVIN (AVENU;M;4914193.0;620015.0;570
26575;201300029476;13;11;28;1720;4;2;3;1.0;6;463;15, GEORGES CLEMENCEAU (;M;4910882.0;616257.0;570
26576;201300029477;13;12;13;1656;2;2;1;1.0;6;463;RUE SAINT JEAN;M;4910367.0;616757.0;570
26577;201300029478;13;1;27;50;5;2;1;1.0;7;606;HASLACH (ROUTE DE);M;4914106.0;669117.0;570
26578;201300029479;13;3;6;940;1;2;1;1.0;7;606;37, PATTON (AVENUE DU GE;M;4911564.0;670787.0;570
26579;201300029480;13;5;16;1545;1;2;1;2.0;7;606;7, FOCH (RUE DU MARECHAL;M;4910316.0;670195.0;570
26580;201300029481;13;5;27;1730;1;2;1;1.0;3;606;11, ANGLAIS (RUE DES);M;4910358.0;670901.0;570
26581;201300029482;13;9;4;812;1;2;1;1.0;7;606;3, CLEMENCEAU (AVENUE GE;M;4910393.0;670548.0;570
26582;201300029483;13;9;1;600;5;2;1;1.0;2;606;7, PATTON (AVENUE DU GEN;M;4911091.0;670562.0;570
26583;201300029484;13;11;29;2130;5;2;1;2.0;6;606;29, LORRAINE (BOULEVARD;M;4910505.0;670501.0;570
26584;201300029485;13;12;30;2240;3;1;1;1.0;3;630;HESSE ( ROUTE DE);;;;570
26585;201300029486;13;1;8;740;1;2;1;1.0;6;630;BERRICHONS ET NIVERNAIS;M;4873253.0;705896.0;570
26586;201300029488;13;6;8;950;1;2;1;1.0;2;119;28bis, SARREBOURG;M;4872806.0;706860.0;570
26587;201300029489;13;6;8;1809;1;2;3;1.0;3;630;INCONNU, POINCARE (RAYMO;M;4873565.0;705003.0;570
26588;201300029491;13;7;30;2220;3;1;1;1.0;2;119;SARREBOURG;M;4872243.0;709364.0;570
26589;201300029493;13;9;28;1415;1;2;1;1.0;7;630;NEANT, KERPRICH (RUE DE);;;;570
26590;201300029494;13;9;26;1200;1;2;1;7.0;3;630;NEANT, SARREGUEMINES;M;4874988.0;706739.0;570
26591;201300029495;13;10;11;214;5;2;1;8.0;7;630;56, GAMBETTA (AV);M;4874303.0;706052.0;570
26592;201300029496;13;10;27;1150;1;2;1;3.0;6;630;1, GAMBETTA (AV);M;4873587.0;705657.0;570
26593;201300029498;13;11;13;1500;1;2;1;1.0;6;630;43, POINCARE (RAYMOND);M;4873608.0;705513.0;570
26594;201300029499;13;12;2;555;5;2;2;1.0;1;630;NEANT, STRASBOURG;;;;570
26595;201300029500;13;12;10;1228;1;2;1;1.0;6;630;neant, CLEMENCEAU (AV);;;;570
26596;201300029501;13;12;9;1715;5;2;6;1.0;6;630;SANS, ROND POINT SCHIESS;M;4873486.0;704254.0;570
26597;201300029502;13;12;29;245;5;2;1;1.0;2;630;10, SCHWEITZER;M;4873881.0;705453.0;570
26598;201300029503;13;12;15;1045;1;2;1;1.0;6;631;186, FOCH (RUE DU MARECH;M;4911985.0;708921.0;570
26599;201300029505;13;1;7;1810;5;2;1;8.0;1;631;60, TIRAILLEURS (RUE DES;M;4911232.0;708139.0;570
26600;201300029506;13;3;14;855;1;2;1;1.0;1;631;48, BLIES (AVENUE DE LA);M;0.0;0.0;570
26601;201300029507;13;6;12;1440;1;2;1;1.0;2;631;89, FRANCE (RUE DE);M;4911150.0;705496.0;570
26602;201300029509;13;9;25;1856;2;1;1;1.0;2;631;IPPLING (RUE);;;;570
26603;201300029511;13;12;24;1335;1;1;1;8.0;6;631;1, PASTEUR (RUE);M;4911153.0;707020.0;570
26604;201300029512;13;1;9;1745;5;2;1;2.0;6;672;34, BRIQUERIE (ROUTE DE;M;4936436.0;615788.0;570
26605;201300029513;13;1;10;745;5;2;1;2.0;3;221;89, NATIONALE (RUE);M;4931656.0;612283.0;570
26606;201300029514;13;1;18;1740;5;2;1;4.0;5;672;VOLKRANGE (ROUTE DE);;;;570
26607;201300029515;13;1;24;2000;5;2;1;1.0;6;368;3, REPUBLIQUE (RUE DE LA;M;4933752.0;604569.0;570
26608;201300029516;13;1;31;1142;1;2;1;1.0;6;672;1, FRERES (RUE DES);M;4935283.0;615926.0;570
26609;201300029517;13;2;1;755;3;2;1;2.0;6;672;11, NICOLAS CRAUSER (QUA;M;4935602.0;616612.0;570
26610;201300029518;13;2;4;850;1;2;1;2.0;4;672;2, ROBERT SCHUMANN (BOUL;M;4935327.0;617509.0;570
26611;201300029519;13;2;4;1600;1;2;1;2.0;2;306;46, MENDES FRANCE (RUE P;M;4933451.0;607908.0;570
26612;201300029520;13;2;6;655;3;1;1;4.0;2;12;GENERAL DE GAULLE (RUE D;;;;570
26613;201300029521;13;2;16;1125;1;2;1;1.0;6;672;1, LUXEMBOURG (PLACE DU);M;4935888.0;616924.0;570
26614;201300029522;13;3;5;1520;1;2;1;1.0;3;221;ETOILE (RUE DE L');;;;570
26615;201300029525;13;3;8;1620;1;2;1;1.0;2;306;07, WENDEL (RUE DE);;;;570
26616;201300029526;13;3;12;1735;2;2;1;4.0;6;221;6, TRIBUNAL (RUE DU);;;;570
26617;201300029528;13;3;26;1210;1;2;1;1.0;2;672;1, ASIE (CHAUSSEE D');M;4936229.0;614639.0;570
26618;201300029529;13;3;26;1540;1;2;1;1.0;6;672;12, CREVE COEUR (RUE DU);M;4937040.0;614492.0;570
26619;201300029530;13;3;31;1300;1;2;1;1.0;1;666;VERDUN (ROUTE DE);M;4933512.0;613442.0;570
26620;201300029531;13;4;14;1842;1;2;2;1.0;3;221;91, LORRAINE (AVENUE DE);M;4932643.0;612627.0;570
26621;201300029532;13;4;16;1650;1;2;1;1.0;6;757;6, BORDEAUX (RUE DE);M;4936262.0;621102.0;570
26622;201300029533;13;4;18;2055;2;2;1;1.0;6;221;55, ROMAINS (RUE DES);M;4932866.0;613503.0;570
26623;201300029534;13;4;20;1245;1;2;3;1.0;3;672;53, ALBERT 1ER (AVENUE);M;4936643.0;616891.0;570