;Num_Acc;an;mois;jour;hrmn;lum;agg;int;atm;col;com;adr;gps;lat;long;dep
26624;201300029535;13;5;22;725;1;2;1;1.0;6;12;16 E, GENERAL DE GAULLE;M;4936820.0;605416.0;570
26625;201300029536;13;5;22;1210;1;2;1;1.0;6;672;1, PAUL ALBERT (RUE) - I;M;4936019.0;617073.0;570
26626;201300029537;13;5;28;1050;1;2;1;1.0;2;672;1, CRAUSER (QUAI);M;4935710.0;616821.0;570
26627;201300029538;13;6;1;1050;1;2;1;1.0;3;672;1, ARLON (ROUTE D');M;4935776.0;613671.0;570
26628;201300029540;13;6;7;1900;1;2;1;1.0;3;221;23, FAMECK (RUE DE);M;4931652.0;611239.0;570
26629;201300029541;13;6;7;2130;1;2;1;1.0;6;672;1, PARC (RUE DU);M;4936165.0;617550.0;570
26630;201300029542;13;6;10;1755;1;2;1;1.0;3;647;193, GAULLE (RUE CHARLES;M;4932172.0;608371.0;570
26631;201300029543;13;6;15;920;1;2;1;1.0;3;672;1, PAUL ALBERT (RUE) - P;M;4935652.0;615628.0;570
26632;201300029544;13;6;15;1120;1;2;1;1.0;3;757;123, Nations (Avenue);M;4936327.0;619992.0;570
26633;201300029545;13;6;20;755;1;2;1;2.0;6;672;1, VIEUX COLLEGE (RUE DU;M;4935780.0;616552.0;570
26634;201300029546;13;6;20;825;1;2;1;2.0;3;757;39, GRAND'RUE;M;4935967.0;618727.0;570
26635;201300029547;13;6;22;1500;1;2;1;1.0;3;672;1, ARLON (ROUTE DE);M;4935776.0;613671.0;570
26636;201300029548;13;6;23;1115;1;2;1;1.0;3;672;1, PIERRE MARCHAL (QUAI);M;4935792.0;616937.0;570
26637;201300029549;13;6;25;1410;1;2;1;1.0;3;757;1, SCHUMANN (RUE ROBERT);M;4934603.0;620437.0;570
26638;201300029550;13;6;26;1306;1;2;1;3.0;6;757;1, VIEUX-BOURG (RUE DU);M;4934604.0;618824.0;570
26639;201300029551;13;7;5;805;1;2;9;1.0;3;221;10, LORRAINE (AVENUE DE);M;4932322.0;611666.0;570
26640;201300029553;13;7;30;1735;1;1;1;1.0;2;672;ARLON (ROUTE D');;;;570
26641;201300029554;13;8;13;1505;1;1;1;1.0;3;306;CD 13;;;;570
26642;201300029555;13;8;20;955;1;2;1;1.0;3;672;1, PARIS (RUE DE);M;4935778.0;616698.0;570
26643;201300029556;13;8;27;1825;1;2;1;1.0;2;647;176, GAULLE (RUE CHARLES;M;4932240.0;608083.0;570
26644;201300029557;13;8;18;1640;1;2;1;1.0;6;672;1, BUCHEL (ROUTE DU);M;4935470.0;611057.0;570
26645;201300029558;13;9;4;1754;1;2;2;1.0;3;672;1, GUISE (AVENUE DE) - P;M;4936372.0;616221.0;570
26646;201300029559;13;9;6;1200;1;2;1;1.0;6;441;2, MAISON  ROUGE (ROUTE;M;4938065.0;616949.0;570
26647;201300029560;13;9;6;1700;1;1;2;1.0;3;757;107, ROMAINS (RUE DES);M;4935103.0;618659.0;570
26648;201300029561;13;9;18;1815;1;2;1;1.0;6;757;10, SCHMITT (RUE MONSEIG;M;4935967.0;619535.0;570
26649;201300029562;13;9;18;2148;3;1;1;2.0;3;757;BOUZONVILLE (ROUTE DE);;;;570
26650;201300029563;13;9;23;1808;1;2;2;1.0;3;672;CROIX-HEPICH (ROUTE DE L;M;4937327.0;610922.0;570
26651;201300029564;13;9;26;1710;1;2;1;1.0;6;508;8, LAVOIR (RUE DU);M;4933512.0;604741.0;570
26652;201300029565;13;9;26;2102;3;1;1;1.0;2;672;0.400, ARLON (ROUTE D');;;;570
26653;201300029566;13;10;3;1310;1;2;1;1.0;3;368;22, REPUBLIQUE (RUE DE L;M;4933845.0;604409.0;570
26654;201300029567;13;10;8;1755;1;2;1;1.0;3;757;8, Nations (Avenue);M;4935582.0;618392.0;570
26655;201300029568;13;10;14;1818;2;2;1;2.0;6;306;60, PASTEUR (RUE);M;4933256.0;609455.0;570
26656;201300029569;13;10;17;720;2;1;1;2.0;6;672;OEUTRANGE (ROUTE D');;;;570
26657;201300029570;13;10;17;1215;1;2;1;1.0;6;12;32, CLEMENCEAU (RUE);M;4935292.0;604154.0;570
26658;201300029571;13;10;18;1330;1;2;1;1.0;6;221;165, GRAND'RUE;M;4927743.0;616514.0;570
26659;201300029573;13;10;31;835;2;2;1;5.0;5;666;1, VEYMERANGE (ROUTE DE);M;4935181.0;613215.0;570
26660;201300029574;13;10;31;2210;5;2;1;9.0;6;757;1, JARDINS (RUE DES);M;4936261.0;619256.0;570
26661;201300029575;13;11;8;1705;5;2;1;3.0;6;221;130, GRAND'RUE;M;4927655.0;612370.0;570
26662;201300029576;13;11;10;825;1;2;2;2.0;3;221;21, LORRAINE (AVENUE DE);M;4932323.0;611666.0;570
26663;201300029578;13;11;12;1725;5;2;1;1.0;3;672;61, FOCH (BOULEVARD);M;4935930.0;616259.0;570
26664;201300029579;13;11;13;800;1;1;1;1.0;6;672;5, TERRASSE (ALLEE DE LA;M;4936673.0;614817.0;570
26665;201300029580;13;11;15;1214;1;2;1;1.0;6;221;31, ECOLES (RUE DES);M;4932162.0;613593.0;570
26666;201300029581;13;11;19;1750;5;2;1;1.0;6;672;1, SAINT-PIERRE (RUE);M;4935476.0;616010.0;570
26667;201300029582;13;11;21;1750;5;2;1;2.0;6;508;1, CHAPELLE (RUE DE LA);M;4934039.0;604942.0;570
26668;201300029583;13;11;21;2000;5;2;1;1.0;6;672;1, PYRAMIDES (RUE DES);M;4936488.0;616423.0;570
26669;201300029584;13;11;25;759;1;2;1;1.0;6;672;6, CASTELNAU (RUE DE);M;4935423.0;616252.0;570
26670;201300029585;13;11;26;950;1;2;1;1.0;6;757;103, Nations (Avenue);M;4936049.0;619394.0;570
26671;201300029586;13;11;29;1750;5;2;1;2.0;6;672;1, SAINT-PIERRE (RUE);M;4935476.0;616010.0;570
26672;201300029587;13;11;29;1735;4;2;1;1.0;6;672;18, PYRAMIDES (RUE DES);M;4936686.0;616057.0;570
26673;201300029588;13;12;9;1605;1;2;1;1.0;6;672;15, ASIE (CHAUSSEE D') -;M;4936315.0;614775.0;570
26674;201300029589;13;12;16;1735;2;2;1;2.0;3;647;162, GAULLE (RUE CHARLES;M;4932108.0;608649.0;570
26675;201300029590;13;12;20;1734;5;2;1;1.0;6;647;18, GAULLE (RUE CHARLES;M;4931896.0;610172.0;570
26676;201300029591;13;12;28;1710;5;2;1;2.0;6;672;2, RAYMOND POINCARE (ALL;M;4935609.0;616403.0;570
26677;201300029593;13;5;5;1300;1;1;2;1.0;3;365;;M;4940160.0;641470.0;570
26678;201300029594;13;5;25;1445;1;1;1;1.0;3;740;;M;0.0;0.0;570
26679;201300029595;13;9;2;1245;1;1;9;1.0;3;371;;M;0.0;0.0;570
26680;201300029596;13;9;22;1545;1;2;3;1.0;3;26;rue nationale;M;4945431.0;637488.0;570
26681;201300029597;13;10;19;545;3;1;1;1.0;6;388;;M;0.0;0.0;570
26682;201300029598;13;12;15;100;3;1;1;1.0;6;576;;M;0.0;0.0;570
26683;201300029599;13;5;13;1555;1;2;1;1.0;7;194;GENERAL DE GAULLE;;;;580
26684;201300029601;13;8;22;955;1;2;1;1.0;7;194;sans, PIERRE DE COUBERTI;;;;580
26685;201300029602;13;10;15;755;1;2;1;2.0;7;194;sans, MARECHAL JUIN;;;;580
26686;201300029603;13;1;5;1350;1;2;1;2.0;6;194;sans, COLBERT;;;;580
26687;201300029604;13;10;23;1950;5;2;1;1.0;7;194;sans, AIGUILLON;;;;580
26688;201300029605;13;11;3;1610;1;2;1;1.0;7;194;sans, PIQUE;;;;580
26689;201300029606;13;12;2;1450;1;2;1;1.0;7;194;SANS, RENARDATS;;;;580
26690;201300029607;13;1;8;930;1;2;1;1.0;6;194;sans, DOCTEUR ROCHE;;;;580
26691;201300029608;13;12;17;500;5;2;1;1.0;7;194;CROIX JOYEUSE (CARREFOUR;;;;580
26692;201300029609;13;12;17;1035;1;2;1;1.0;7;194;CROIX JOYEUSE (CARREFOUR;;;;580
26693;201300029610;13;1;11;1815;5;2;1;1.0;3;194;BERNARD PALISSY;;;;580
26694;201300029611;13;1;12;845;1;2;1;1.0;6;194;16, LOURDES;;;;580
26695;201300029613;13;1;17;1740;5;2;1;1.0;6;194;sans, LEON BLUM;;;;580
26696;201300029614;13;1;30;855;1;2;1;2.0;1;194;COLBERT;;;;580
26697;201300029615;13;1;30;1615;1;2;1;2.0;7;194;NEUBRANDENBURG (ALLEE);;;;580
26698;201300029616;13;1;30;1935;5;2;1;2.0;6;194;SANS, PIERRE DE COUBERTI;;;;580
26699;201300029617;13;2;1;1230;1;2;1;2.0;6;194;19, COLBERT;;;;580
26700;201300029618;13;2;11;1605;1;2;1;1.0;7;194;25 BIS, MARECHAL JUIN;;;;580
26701;201300029619;13;2;12;1630;1;2;2;1.0;6;194;sans, MARZY;;;;580
26702;201300029620;13;2;15;1850;2;2;1;1.0;6;194;GRAND MOUESSE (FAUBOURG);;;;580
26703;201300029621;13;2;25;930;1;2;1;4.0;1;194;1 bis, PIQUE;;;;580
26704;201300029622;13;3;1;1020;1;2;1;1.0;6;194;SANS, CURTEAS DE ARGES (;;;;580
26705;201300029623;13;3;4;855;1;2;1;1.0;6;194;9, SAINT EXUPERY (BOULEV;;;;580
26706;201300029624;13;3;4;1710;1;2;1;1.0;4;194;sans, MARECHAL JUIN;;;;580
26707;201300029625;13;3;12;1700;1;2;2;2.0;3;194;SANS, MARECHAL LECLERC;;;;580
26708;201300029626;13;3;15;1755;1;2;1;1.0;7;194;16, LOURDES;;;;580
26709;201300029629;13;4;4;2325;5;2;1;2.0;7;194;sans, PIERRE DE COUBERTI;;;;580
26710;201300029630;13;4;10;955;1;2;1;1.0;1;194;MONTOTS;;;;580
26711;201300029631;13;4;23;1825;1;2;1;1.0;2;194;sans, GRAND MOUESSE (FAU;;;;580
26712;201300029632;13;4;13;1515;1;2;1;1.0;7;194;sans, TREIZIEME DE LIGNE;;;;580
26713;201300029633;13;4;26;1650;1;2;1;2.0;6;194;sans, PALAIS (PLACE);;;;580
26714;201300029634;13;4;30;1040;1;2;3;2.0;3;194;SANS, COLBERT;;;;580
26715;201300029635;13;5;1;1640;1;2;2;1.0;3;194;sans, VICTOR HUGO (BOULE;;;;580
26716;201300029636;13;5;15;1415;1;2;1;1.0;6;194;3bis, CHAUSSADE;;;;580
26717;201300029637;13;5;15;1210;1;2;1;1.0;3;194;TROIS CORBIERS;;;;580
26718;201300029638;13;5;9;1530;1;2;1;1.0;3;194;COMMANDANT PAUL PIERRE C;;;;580
26719;201300029639;13;5;20;1710;1;2;1;3.0;1;194;SANS, BARATTE (FAUBOURG);;;;580
26720;201300029640;13;5;18;650;1;2;1;1.0;6;194;sans, CHAMP DE FOIRE (RU;;;;580
26721;201300029641;13;6;4;1805;1;2;3;1.0;3;194;sans, GRAND MOUESSE (FAU;;;;580
26722;201300029642;13;6;21;800;1;2;1;2.0;6;194;8, LOURDES;;;;580
26723;201300029643;13;6;29;1245;1;2;1;2.0;7;194;AMIRAL JACQUINOT;;;;580
26724;201300029644;13;6;28;2020;1;2;1;2.0;7;194;sans, COLONEL JEANPIERRE;;;;580
26725;201300029645;13;7;7;40;5;2;1;1.0;2;194;sans, MARECHAL JUIN;;;;580
26726;201300029646;13;7;14;2235;5;2;1;1.0;4;194;119, GRAND MOUESSE (FAUB;;;;580
26727;201300029647;13;7;27;1710;1;2;6;1.0;6;194;sans, HAMMAMET;;;;580
26728;201300029648;13;8;1;1550;1;2;1;1.0;3;194;PRE PLANTIN (BOULEVARD);;;;580
26729;201300029649;13;8;3;1920;1;2;1;1.0;7;194;BLAISE PASCAL;;;;580
26730;201300029650;13;7;29;2200;5;2;3;1.0;3;194;18, SAINT BENIN;;;;580
26731;201300029651;13;8;8;825;1;2;1;1.0;3;194;CHAMPS PACAUD;;;;580
26732;201300029652;13;7;24;1155;1;2;1;1.0;2;194;sans, PRE PLANTIN (BOULE;;;;580
26733;201300029653;13;8;9;1855;1;2;1;1.0;3;194;SANS, FRANCIS GARNIER;;;;580
26734;201300029654;13;8;9;1635;1;2;1;1.0;1;194;sans, CHAMP DE FOIRE (RU;;;;580
26735;201300029655;13;8;11;1920;1;2;5;1.0;3;194;sans, CHARMILLES (PLACE);;;;580
26736;201300029656;13;9;6;1120;1;2;1;1.0;6;194;BERNARD PALISSY;;;;580
26737;201300029657;13;9;6;1530;1;2;1;1.0;2;194;117, MONTAPINS;;;;580
26738;201300029658;13;9;10;1510;1;2;1;1.0;3;194;GENERAL DE GAULLE;;;;580
26739;201300029659;13;9;17;1920;2;2;1;1.0;7;194;REPUBLIQUE (BOULEVARD);;;;580
26740;201300029660;13;9;19;1915;1;2;3;1.0;3;194;10 bis, NIEVRE;;;;580
26741;201300029661;13;9;20;1610;1;2;1;1.0;1;194;JULES VERNE;;;;580
26742;201300029662;13;9;21;1550;1;2;1;1.0;6;194;PIERRE EMILE GASPARD;;;;580
26743;201300029663;13;9;20;1720;1;2;1;1.0;3;194;MARECHAL JUIN;;;;580
26744;201300029664;13;9;27;1710;1;2;1;1.0;3;194;CHARMILLES (PLACE);;;;580
26745;201300029665;13;10;2;1725;1;2;2;1.0;6;194;sans, CHAMPS FERRAND;;;;580
26746;201300029666;13;10;7;1455;1;2;1;1.0;3;194;sans, REPUBLIQUE (BOULEV;;;;580
26747;201300029667;13;10;11;2310;5;2;1;1.0;6;194;45/47, GRAND MOUESSE (FA;;;;580
26748;201300029668;13;10;14;935;1;2;1;1.0;1;194;SAINT BENIN;;;;580
26749;201300029669;13;10;17;730;2;2;1;2.0;6;194;1, NIEVRE;;;;580
26750;201300029670;13;10;17;1545;1;2;1;1.0;6;194;CARNOT (PLACE);;;;580
26751;201300029671;13;10;16;925;1;2;3;2.0;2;194;sans, MARZY;;;;580
26752;201300029672;13;10;24;1025;1;2;3;1.0;1;194;sans, CHAMP DE MANOEUVRE;;;;580
26753;201300029673;13;10;23;1500;1;2;2;1.0;4;194;sans, MONTOTS;;;;580
26754;201300029674;13;10;22;1205;1;2;6;1.0;3;194;sans, GEORGES BLANCHARD;;;;580
26755;201300029675;13;10;21;1635;1;2;1;1.0;3;194;JACQUES DUCLOS;;;;580
26756;201300029676;13;11;17;125;5;2;1;1.0;6;194;sans, POISSONNERIE;;;;580
26757;201300029677;13;11;13;1245;1;2;1;1.0;6;194;sans, AMIRAL JACQUINOT;;;;580
26758;201300029678;13;11;19;1510;1;2;2;2.0;3;194;SANS, ABBAYE;;;;580
26759;201300029680;13;11;23;1950;5;2;1;1.0;5;194;SANS, BARATTE (FAUBOURG);;;;580
26760;201300029681;13;11;24;1220;1;2;1;1.0;3;194;sans, CHAILLOUX;;;;580
26761;201300029682;13;12;2;1725;5;2;1;1.0;3;194;SANS, TREIZIEME DE LIGNE;;;;580
26762;201300029683;13;12;5;1010;1;2;1;1.0;6;194;33, GUSTAVE MATHIEU;;;;580
26763;201300029684;13;12;12;1355;1;2;9;1.0;3;194;SANS, JEROME TRESAGUET;;;;580
26764;201300029685;13;12;13;1905;5;2;1;1.0;7;194;SANS, RESISTANCE (PLACE);;;;580
26765;201300029686;13;12;15;1620;1;2;1;1.0;2;194;sans, PIERRE DE COUBERTI;;;;580
26766;201300029687;13;12;13;1740;5;2;1;1.0;3;194;SANS, CROIX JOYEUSE (CAR;;;;580
26767;201300029688;13;12;16;1025;1;2;1;1.0;7;194;101, BARATTE (FAUBOURG);;;;580
26768;201300029690;13;12;17;1755;2;2;1;1.0;3;194;sans, SAINT EXUPERY (BOU;;;;580
26769;201300029691;13;12;19;1310;1;2;1;1.0;7;194;SANS, CHEMIN DE FER;;;;580
26770;201300029692;13;12;30;1430;1;2;6;1.0;2;194;SANS, GRAND PRE DES BORD;;;;580
26771;201300029694;13;12;5;1545;1;2;1;7.0;6;52;R BARBES;M;4914290.0;228810.0;950
26772;201300029695;13;10;12;1815;1;2;6;1.0;6;487;R JEAN CATELAS;M;4915340.0;227210.0;950
26773;201300029696;13;12;5;1645;2;2;1;1.0;3;52;R DE L'ISLE ADAM;M;4913870.0;227670.0;950
26774;201300029697;13;9;10;900;1;2;1;1.0;6;313;R SAINT LAZARE;M;4911210.0;221720.0;950
26775;201300029698;13;9;18;845;1;1;1;8.0;7;504;RN 184;M;4910320.0;226770.0;950
26776;201300029699;13;1;10;1725;2;2;2;1.0;3;17;BLUM  (AVENUE LEON);;;;590
26777;201300029700;13;1;11;1615;1;2;2;2.0;5;17;FAIDHERBE (BD );;;;590
26778;201300029701;13;1;16;1445;1;2;1;4.0;3;17;2, DEPORTES (RUE DES);;;;590
26779;201300029702;13;1;29;1915;4;2;7;2.0;6;17;FUSILLES (RUE DES );;;;590
26780;201300029703;13;1;31;1135;1;2;6;2.0;7;17;1, DE MUN  (RUE ALBERT );;;;590
26781;201300029704;13;2;4;1520;1;1;2;1.0;3;317;Rte Départementale;M;5069195.0;292221.0;590
26782;201300029705;13;2;6;550;5;2;1;3.0;6;17;DE MUN  (RUE ALBERT );;;;590
26783;201300029706;13;3;1;1010;1;2;6;1.0;3;17;ANCIENS COMBATTANTS D IN;;;;590
26784;201300029707;13;3;23;1920;5;2;6;1.0;6;143;2, SCHWEITZER (RUE DU DO;;;;590
26785;201300029708;13;3;26;1210;1;2;3;1.0;3;17;31, DECEUNINCK  (RUE ERN;;;;590
26786;201300029709;13;4;1;1700;1;2;1;1.0;6;17;132, DEPORTES (RUE DES);;;;590
26787;201300029710;13;4;4;2010;2;1;3;1.0;3;431;BAILLY ZONE COMMERCIALE;;;;590
26788;201300029711;13;3;28;1200;1;2;6;9.0;3;17;1, COLI (RUE);;;;590
26789;201300029712;13;4;15;1750;1;1;9;1.0;4;317;ROUTE DEPARTEMENTALE 945;;;;590
26790;201300029713;13;4;16;1530;1;2;2;1.0;3;17;781, BLUM  (AVENUE LEON);;;;590
26791;201300029714;13;4;20;1925;1;2;1;1.0;6;17;CHAUFFOURS (RUE DES);;;;590
26792;201300029715;13;5;5;1815;1;2;1;1.0;7;317;62, HUGO  (RUE VICTOR);;;;590
26793;201300029716;13;5;10;1030;1;2;3;1.0;3;431;1532, ARMENTIERES  (RUE;;;;590
26794;201300029717;13;5;7;1745;1;2;3;1.0;3;431;1122, CIMETIERE (AVENUE;;;;590
26795;201300029718;13;5;22;1720;1;1;1;1.0;2;317;route nationale;M;5068531.0;291872.0;590
26796;201300029719;13;6;2;1905;1;1;9;1.0;3;431;BAILLEUL (RUE DE);;;;590
26797;201300029720;13;6;9;1930;1;1;1;1.0;3;431;1, HOUCKE (AVENUE JULES);;;;590
26798;201300029721;13;6;11;1315;1;2;2;1.0;7;17;146, LAGRANGE (AVENUE LE;;;;590
26799;201300029722;13;8;20;1650;1;2;2;1.0;2;17;86, FUSILLES (RUE DES );;;;590
26800;201300029723;13;6;19;650;1;2;1;1.0;6;17;SALENGRO (AVENUE ROGER );;;;590
26801;201300029724;13;6;25;720;1;2;6;2.0;7;143;Paul HARRIS Avenue;;;;590
26802;201300029725;13;7;1;1930;1;2;2;1.0;1;431;320, GAND (RUE );;;;590
26803;201300029726;13;7;9;630;2;2;1;1.0;6;317;VOLTAIRE  (RUE);;;;590
26804;201300029727;13;7;12;1020;1;2;1;1.0;6;17;BRIAND (RUE ARISTIDE );;;;590
26805;201300029728;13;7;9;1940;1;2;6;1.0;6;17;GUESDE  (PLACE JULES);;;;590
26806;201300029729;13;7;16;1655;1;2;6;1.0;2;431;HOUCKE (AVENUE JULES);;;;590
26807;201300029730;13;7;19;1900;1;2;6;7.0;3;17;GUESDE  (PLACE JULES);;;;590
26808;201300029732;13;7;27;1245;1;2;2;1.0;3;317;ROUTE DEPARTEMENTALE 945;;;;590
26809;201300029733;13;7;22;2100;1;2;5;1.0;3;17;NORD (RUE DU );;;;590
26810;201300029734;13;7;30;1420;1;2;2;1.0;3;17;NORD (RUE DU );;;;590
26811;201300029735;13;8;10;510;3;2;1;1.0;7;143;1220, KENNEDY (RUE DU PR;;;;590
26812;201300029736;13;8;14;1510;1;2;3;1.0;3;17;MURETS (IMPASSE);;;;590
26813;201300029737;13;8;14;1630;1;2;2;1.0;3;17;EUROPE  (AVENUE DE L');;;;590
26814;201300029738;13;8;19;1933;1;2;2;1.0;3;143;NATIONALE  ( ROUTE);;;;590
26815;201300029739;13;8;21;1015;1;2;1;1.0;6;17;1, GENERAL DE GAULLE (PL;;;;590
26816;201300029740;13;8;23;915;1;2;1;1.0;6;17;46, LEBLANC (RUE NICOLAS;;;;590
26817;201300029741;13;8;23;2050;1;2;1;1.0;2;431;742, ARMENTIERES  (RUE D;;;;590
26818;201300029743;13;9;7;1620;1;2;1;1.0;4;17;630, BLUM  (AVENUE LEON);;;;590
26819;201300029744;13;9;19;1645;1;2;1;9.0;6;431;COLLEGE (RUE DU);;;;590
26820;201300029746;13;9;24;1410;1;2;3;1.0;6;17;DUNKERQUE (RUE DE);;;;590
26821;201300029747;13;9;25;1600;1;2;1;1.0;6;143;311, NATIONALE  ( ROUTE);;;;590
26822;201300029748;13;9;29;2305;5;2;3;1.0;3;17;LEBLEU (RUE JULES );;;;590
26823;201300029749;13;10;2;1750;1;2;1;1.0;3;143;165, NATIONALE  ( ROUTE);;;;590
26824;201300029750;13;10;5;1630;1;2;1;1.0;3;431;1730, ARMENTIERES  (RUE;;;;590
26825;201300029752;13;10;28;1422;1;2;1;3.0;2;431;1025, ARMENTIERES  (RUE;;;;590
26826;201300029753;13;11;12;1555;1;2;1;1.0;6;17;6, GENERAL DE GAULLE (PL;;;;590
26827;201300029754;13;11;19;1925;5;2;1;1.0;6;143;229, NATIONALE  ( ROUTE);;;;590
26828;201300029755;13;11;26;1720;5;2;2;2.0;3;17;SANS OBJE0, BLUM  (AVENU;;;;590
26829;201300029756;13;12;3;1750;5;2;2;5.0;6;17;FUSILLES (RUE DES );;;;590
26830;201300029757;13;12;6;1315;1;2;1;1.0;2;143;1700 c, NATIONALE (ROUTE;;;;590
26831;201300029758;13;12;9;800;2;1;1;1.0;2;143;903, NATIONALE (ROUTE)IW;;;;590
26832;201300029759;13;12;5;1815;5;2;1;1.0;3;17;9, DE MUN  (RUE ALBERT );;;;590
26833;201300029760;13;12;17;1910;5;2;1;1.0;6;17;9, LATTRE DE TASSIGNY (R;;;;590
26834;201300029761;13;12;17;1735;5;2;9;1.0;6;17;CARNOT (RUE SADI );;;;590
26835;201300029762;13;12;21;1935;5;2;1;1.0;6;17;71, JAURES (RUE JEAN );;;;590
26836;201300029763;13;7;8;858;1;2;2;7.0;3;33;ALBERT 1ER (RUE);;;;590
26837;201300029764;13;7;26;2000;1;2;1;1.0;6;344;166, EMILE BRASSELET (RU;;;;590
26838;201300029765;13;3;29;2125;3;1;1;1.0;6;43;LEET (RUE DU);;;;590
26839;201300029766;13;1;17;820;1;2;4;9.0;6;43;21, EMILE HIE (Rue);;;;590
26840;201300029767;13;2;5;1100;1;2;1;1.0;2;43;202, LILLE (RUE DE) S1;;;;590
26841;201300029769;13;7;20;1150;1;2;1;1.0;6;43;196, LILLE (RUE DE) S1;;;;590
26842;201300029770;13;7;30;2010;1;2;1;2.0;6;43;711, METEREN (ROUTE DE);;;;590
26843;201300029771;13;8;17;2145;2;2;3;1.0;3;43;0, STEENT JE (ROUTE DU);;;;590
26844;201300029772;13;9;26;1710;1;1;3;1.0;3;43;5766, LILLE (ROUTE DE);;;;590
26845;201300029774;13;11;14;850;1;1;1;2.0;5;43;rd23, OUTTERSTEENE S2;;;;590
26846;201300029775;13;11;19;1555;1;2;1;1.0;6;43;4, PAUL PERRIER (RUE);;;;590
26847;201300029776;13;11;26;1625;1;2;4;2.0;3;43;SOEURS NOIRES (RUE DES);;;;590
26848;201300029777;13;11;26;1950;3;1;1;2.0;6;43;LEET (RUE DU);;;;590
26849;201300029778;13;12;4;1810;5;2;1;1.0;2;43;112, MUSEE (RUE DU);;;;590
26850;201300029779;13;2;2;1920;5;2;1;1.0;6;122;470, MILCENT (RUE BERTRA;;;;590
26851;201300029780;13;2;22;1900;5;2;1;1.0;2;244;BAPAUME (ROUTE DE);;;;590
26852;201300029781;13;3;5;1310;1;2;1;7.0;6;122;1, VICTOIRE (AVENUE DE L;;;;590
26853;201300029782;13;4;13;310;3;1;1;1.0;6;244;ROUTE NATIONALE;M;5017116.0;317696.0;590
26854;201300029783;13;4;19;245;5;2;9;1.0;3;122;PARIS (AVENUE DE);;;;590
26855;201300029784;13;7;9;1040;1;2;1;7.0;6;122;25, CATEAU (AVENUE DU);;;;590
26856;201300029785;13;7;10;645;1;1;1;1.0;3;244;BAPAUME (ROUTE DE);;;;590
26857;201300029786;13;7;23;2040;1;2;1;1.0;7;122;1, LEVEQUE (RUE);;;;590
26858;201300029787;13;8;10;1500;1;2;1;1.0;7;122;0, BORNE A L'AIGLE (CHEM;;;;590
26859;201300029788;13;8;10;2010;1;2;1;1.0;6;122;845, RUMILLY (RUE DE);;;;590
26860;201300029790;13;9;13;1815;1;2;3;2.0;5;122;263, SAINT LADRE (RUE);;;;590
26861;201300029792;13;9;17;855;1;1;1;8.0;1;206;CAUROIR (CHEMIN DE);;;;590
26862;201300029793;13;10;4;730;5;2;1;2.0;6;122;LIBERTE (BOULEVARD DE LA;;;;590
26863;201300029795;13;10;19;1300;1;2;1;1.0;6;122;1, VANDERBURCH (GRANDE R;;;;590
26864;201300029796;13;10;25;950;1;2;1;8.0;6;122;42, LIBERTE (BOULEVARD D;;;;590
26865;201300029797;13;12;14;10;5;2;1;3.0;6;122;64 bis, CREVECOEUR (RUE;;;;590
26866;201300029799;13;1;26;2235;3;1;1;4.0;5;153;Rte de Bonsecours;M;5047688.0;359949.0;590
26867;201300029800;13;11;22;1230;1;2;1;1.0;7;616;0, CAMELINAT (RUE );;;;590
26868;201300029801;13;2;22;930;1;2;4;1.0;3;153;DELBAUVE (RUE ALPHONSE);;;;590
26869;201300029802;13;3;9;1350;1;2;3;1.0;3;253;0, BANCEL (RUE ETIENNE );;;;590
26870;201300029803;13;5;1;1815;1;2;3;1.0;3;616;299, CAMELINAT (RUE );;;;590
26871;201300029804;13;5;1;445;5;2;2;1.0;2;153;GOSSET (RUE CONSTANT );;;;590
26872;201300029805;13;5;2;1610;1;1;1;1.0;3;153;0, C.D. 935 (NOUVEAU );;;;590
26873;201300029806;13;5;21;1845;1;2;2;2.0;3;153;GOSSET (RUE CONSTANT );;;;590
26874;201300029807;13;7;8;1300;1;2;6;1.0;3;153;CYTISES  (RUE DES );;;;590
26875;201300029808;13;7;16;2145;2;2;2;1.0;3;153;317, BONSECOURS (ROUTE D;;;;590
26876;201300029809;13;7;29;1450;1;2;1;1.0;3;616;519, HUGO (RUE VICTOR );;;;590
26877;201300029810;13;7;26;1315;1;2;1;1.0;6;153;TOURNAI  (RUE DE );;;;590
26878;201300029811;13;8;20;1630;1;2;9;1.0;2;153;162, GRAS BOEUF (RUE DU;;;;590
26879;201300029812;13;11;1;1915;5;2;1;2.0;2;153;5, GAMBETTA (RUE );;;;590
26880;201300029813;13;12;2;1715;5;2;1;8.0;1;616;210, BETH (RUE RENE );;;;590
26881;201300029814;13;1;5;2310;5;2;1;2.0;1;179;54, PASTEUR (R.);;;;590
26882;201300029815;13;2;15;1935;3;1;1;1.0;7;172;1357 Route d'Oisy;M;5033773.0;341122.0;590
26883;201300029816;13;2;21;1140;1;2;1;1.0;1;172;946 Rue Arthur Brunet;M;5032129.0;337407.0;590
26884;201300029817;13;2;5;740;2;2;1;1.0;7;205;., DESMOULIN (R. CAMILLE;;;;590