;Num_Acc;an;mois;jour;hrmn;lum;agg;int;atm;col;com;adr;gps;lat;long;dep
27165;201300030120;13;4;17;2000;1;2;1;1.0;1;350;1, FAUBOURG D'ARRAS RUE;;;;590
27166;201300030121;13;4;18;1005;1;2;1;1.0;6;368;144, DE GAULLE RUE DU GE;;;;590
27167;201300030123;13;4;20;1620;1;2;1;1.0;7;350;887, DUNKERQUE AVENUE;;;;590
27168;201300030124;13;4;21;1520;1;2;1;1.0;7;410;IGNORE, LYAUTEY RUE DU M;;;;590
27169;201300030125;13;4;22;830;1;2;1;1.0;6;350;87, NATIONALE RUE N?2 -;;;;590
27170;201300030126;13;4;25;1400;1;2;1;1.0;2;507;116, BOUVINES RUE DE;;;;590
27171;201300030127;13;4;25;1600;1;2;1;1.0;3;560;IGNORE, INDUSTRIE RUE DE;;;;590
27172;201300030128;13;4;25;1830;1;2;1;1.0;6;350;83, FAUBOURG DE DOUAI N?;;;;590
27173;201300030129;13;4;26;1130;1;2;3;1.0;3;350;DUMON D'URVILLE RUE;;;;590
27174;201300030130;13;4;26;2325;5;2;2;1.0;3;368;REPUBLIQUE AVENUE DE LA;;;;590
27175;201300030131;13;4;27;1910;1;2;1;1.0;6;328;8, BRAILLE LOUIS RUE;;;;590
27176;201300030132;13;4;27;2100;5;2;1;1.0;6;9;19, GUESDE JULES RUE;;;;590
27177;201300030134;13;4;28;1545;1;2;2;1.0;3;9;FLANDRE AVENUEE DE;;;;590
27178;201300030135;13;4;28;1900;1;2;1;1.0;1;9;IGNORE, D?partemental 70;;;;590
27179;201300030136;13;4;27;1100;1;2;1;1.0;6;507;119, JAURES JEAN RUE;;;;590
27180;201300030137;13;4;30;1815;1;2;1;1.0;1;9;3, FRENELET RUE DU;;;;590
27181;201300030138;13;5;1;1200;1;2;1;1.0;2;350;JOUHAUX LEON AVENUE N?;;;;590
27182;201300030139;13;5;1;2050;1;2;1;1.0;3;350;IGNORE, COMBEMALE (Fr?dr;;;;590
27183;201300030140;13;5;3;1340;1;2;1;1.0;6;636;1004, COMINES CHEMIN DE;;;;590
27184;201300030141;13;5;3;1550;1;2;3;1.0;6;350;82, MONTEBELLO BD PAIRS;;;;590
27185;201300030142;13;5;3;1740;1;2;1;1.0;6;350;VAUBAN BOULEVARD N? REST;;;;590
27186;201300030143;13;5;3;2010;1;2;1;1.0;3;328;246, DUNKERQUE AVENUE DE;;;;590
27187;201300030144;13;5;4;800;1;1;2;1.0;2;350;1, RAMPONNEAU SQUARE DU;;;;590
27188;201300030145;13;5;4;1545;1;2;1;1.0;6;378;1, GABRIEL ALLEE;;;;590
27189;201300030146;13;5;5;1900;1;2;3;1.0;6;350;23, FUSILLES RUE DES;;;;590
27190;201300030147;13;4;13;500;5;2;1;1.0;6;368;00000, REPUBLIQUE AVENUE;;;;590
27191;201300030148;13;5;5;2035;1;2;1;1.0;2;328;80, B.N.P (DELECAUX RUE;;;;590
27192;201300030149;13;5;6;1210;1;2;2;1.0;6;368;0, GARE PLACE DE LA;;;;590
27193;201300030150;13;5;6;1235;1;2;3;1.0;6;9;00, CHATELLENIE AVENUE D;;;;590
27194;201300030151;13;5;6;1810;1;2;2;1.0;3;350;1, COLBERT RUE N?1 - 69-;;;;590
27195;201300030152;13;5;7;700;2;2;2;1.0;6;378;897, REPUBLIQUE AV DE LA;;;;590
27196;201300030153;13;5;7;930;1;2;2;1.0;3;648;1, GUILLAIN CHARLES AVEN;;;;590
27197;201300030154;13;5;6;1830;1;2;1;1.0;7;220;416, HAUBOURDIN RUE D;;;;590
27198;201300030156;13;4;30;1600;1;1;1;1.0;3;560;R.D. 549;;;;590
27199;201300030157;13;5;10;2115;2;2;2;1.0;6;350;1, LIBERTE BOULEVARD N?1;;;;590
27200;201300030158;13;5;12;1820;1;2;1;1.0;3;350;133, FAUBOURG D'ARRAS RU;;;;590
27201;201300030159;13;5;7;1845;1;2;3;1.0;6;360;639, MOCQUET GUY RUE;;;;590
27202;201300030160;13;4;14;1845;2;1;1;1.0;6;386;0, ST-JEAN DE DIEU RUE D;;;;590
27203;201300030161;13;5;16;1140;1;2;2;1.0;6;9;0, COURTRAI AVENUE DE;;;;590
27204;201300030162;13;5;16;1415;1;2;2;2.0;6;350;MAUBEUGE RUE N?1 - 32;;;;590
27205;201300030163;13;5;16;1830;1;2;3;1.0;3;350;MONTESQUIEU RUE;;;;590
27206;201300030164;13;5;17;1245;1;2;2;1.0;6;328;0, BOURG RUE DU N?188 AU;;;;590
27207;201300030166;13;5;8;1440;1;2;1;7.0;6;328;1, MADRID RUE DE;;;;590
27208;201300030167;13;5;19;2030;1;2;2;1.0;3;368;1, MAILLOTTE JEANNE RUE;;;;590
27209;201300030168;13;5;20;1045;1;2;6;1.0;6;636;0, MARQUETTE RUE DE;;;;590
27210;201300030169;13;5;20;2230;5;2;1;1.0;6;350;55, DESCAMPS EUGENE RUE;;;;590
27211;201300030170;13;5;22;1440;1;2;2;1.0;7;378;NATIONALE RUE;;;;590
27212;201300030171;13;5;25;520;2;2;2;1.0;3;350;1, WAZEMMES RUE DE N?1 /;;;;590
27213;201300030173;13;5;27;1120;1;2;2;1.0;6;350;0, SALENGRO ROGER RUE;;;;590
27214;201300030174;13;5;27;1235;1;2;1;1.0;6;350;65, EPINETTE RUE N? IMPA;;;;590
27215;201300030175;13;5;9;1100;1;2;2;1.0;7;350;00, MONTEBELLO BOULEVARD;;;;590
27216;201300030176;13;5;28;2015;1;2;2;2.0;3;368;SALENGRO ROGER RUE;;;;590
27217;201300030177;13;5;29;1200;1;2;1;1.0;3;350;DE COUBERTIN PIERRE BOUL;;;;590
27218;201300030178;13;5;29;2125;5;2;1;2.0;6;378;NATIONALE RUE;;;;590
27219;201300030179;13;5;31;2115;1;2;1;1.0;3;350;115, DOUAI RUE;;;;590
27220;201300030180;13;5;31;2300;5;2;3;1.0;3;636;1, YPRES RUE D;;;;590
27221;201300030182;13;6;2;1745;1;2;2;1.0;1;350;JACQUET EUGENE RUE N?PAI;;;;590
27222;201300030183;13;6;2;805;1;2;2;1.0;4;350;IGNORE, LOUIS XIV BOULEV;;;;590
27223;201300030184;13;6;2;1100;1;2;1;1.0;3;368;IGNORE, DE GAULLE RUE DU;;;;590
27224;201300030185;13;6;2;1630;1;2;1;1.0;6;350;1, BEETHOVEN AVENUE;;;;590
27225;201300030186;13;5;31;2300;5;2;1;1.0;7;350;10, KOLB HENRI RUE;;;;590
27226;201300030187;13;6;3;1755;1;2;3;1.0;3;507;ignor?, LESQUIN RUE DE;;;;590
27227;201300030188;13;5;29;910;1;2;1;1.0;3;360;76, REPUBLIQUE BOULEVARD;;;;590
27228;201300030189;13;5;31;850;1;2;1;1.0;6;350;96, LIBERTE BVD N?147 A;;;;590
27229;201300030190;13;6;4;1905;1;2;2;1.0;6;193;00, D. 341;;;;590
27230;201300030191;13;6;4;845;1;1;1;1.0;6;356;VILLERS PONT DE;;;;590
27231;201300030192;13;6;6;740;1;2;1;1.0;3;9;JAURES JEAN RUE    N?76;;;;590
27232;201300030193;13;6;6;1820;1;2;1;1.0;3;350;MOSELLE BOULEVARD ? DE 1;;;;590
27233;201300030194;13;6;6;2240;5;2;2;1.0;6;360;134, REPUBLIQUE BOULEVAR;;;;590
27234;201300030195;13;6;6;2245;2;2;3;2.0;6;350;PEUPLE BELGE AVENUE DU;;;;590
27235;201300030196;13;6;7;900;1;2;2;1.0;3;328;DUNKERQUE AVENUE DE;;;;590
27236;201300030197;13;6;7;1000;1;2;2;1.0;6;350;IGNORE, SAINT SAUVEUR RU;;;;590
27237;201300030198;13;6;7;1415;1;2;1;1.0;4;350;TOURNAI PONT DE;;;;590
27238;201300030199;13;6;8;1720;1;2;1;1.0;2;368;IGNORE, DE COUBERTIN PIE;;;;590
27239;201300030200;13;6;9;950;1;2;1;1.0;3;368;175, DE GAULLE RUE DU GE;;;;590
27240;201300030201;13;6;9;1410;1;2;1;1.0;5;350;0, PASTEUR LOUIS BOULEVA;;;;590
27241;201300030202;13;6;9;2120;1;2;1;1.0;1;350;IGNORE, MYOSOTIS RUE;;;;590
27242;201300030203;13;6;10;1825;1;2;1;1.0;7;350;REPUBLIQUE AVENUE DE LA;;;;590
27243;201300030205;13;6;14;45;5;2;2;1.0;6;350;83, FAUBOURG DE DOUAI N?;;;;590
27244;201300030206;13;6;13;1845;1;2;1;1.0;7;368;REPUBLIQUE AVENUE DE LA;;;;590
27245;201300030208;13;6;14;2300;5;2;1;1.0;6;350;78-80, NATIONALE RUE N?R;;;;590
27246;201300030209;13;6;16;145;5;2;1;1.0;3;350;IGNORE, SALENGRO ROGER A;;;;590
27247;201300030210;13;6;18;1700;1;2;2;1.0;6;350;COURBET GUSTAVE  RUE;;;;590
27248;201300030211;13;6;19;1230;1;2;2;1.0;3;350;IGNORE, NATIONALE RUE N?;;;;590
27249;201300030212;13;6;19;1355;1;2;2;1.0;3;350;217, NATIONALE RUE N?RES;;;;590
27250;201300030213;13;6;20;750;1;2;1;1.0;3;636;310, YPRES RUE D;;;;590
27251;201300030215;13;6;21;1815;1;2;1;1.0;6;220;81, FERRER RUE;;;;590
27252;201300030216;13;6;22;1605;1;2;2;2.0;3;9;BREUCQ BOULEVARD DU;;;;590
27253;201300030217;13;6;21;1950;1;2;6;1.0;3;350;, LEZENNES BOULEVARD DE;;;;590
27254;201300030218;13;6;25;1215;1;2;6;1.0;7;566;1, HALENNES RUE D;;;;590
27255;201300030219;13;6;25;1650;1;2;1;1.0;6;386;CASSEL RUE DE;;;;590
27256;201300030220;13;6;27;1130;1;2;1;1.0;6;9;60, PASTEUR RUE;;;;590
27257;201300030221;13;6;28;1530;1;2;6;1.0;6;350;MASSENA RUE N?  RESTE;;;;590
27258;201300030222;13;6;28;2320;5;2;2;2.0;7;9;CHAPPE RUE;;;;590
27259;201300030223;13;6;29;230;5;2;1;1.0;6;286;IGNORE, LOSTES RUE DES;;;;590
27260;201300030224;13;7;2;1200;1;2;2;1.0;6;350;1, HUGO VICTOR RUE;;;;590
27261;201300030225;13;7;2;1950;1;2;1;8.0;6;350;125, SOLFERINO RUE N?110;;;;590
27262;201300030226;13;7;5;1645;1;2;2;1.0;3;360;ignore, AVINEE EUGENE AV;;;;590
27263;201300030227;13;7;5;1655;1;2;1;1.0;6;350;796, DUNKERQUE AVENUE;;;;590
27264;201300030228;13;7;6;200;4;2;1;1.0;2;9;JAURES JEAN RUE AVANT LE;M;5065280.0;312868.0;590
27265;201300030229;13;7;6;2000;1;2;2;1.0;3;9;ignore, PERRIN JEAN  AVE;;;;590
27266;201300030230;13;7;9;1835;1;2;1;1.0;2;360;1, PARE AMBROISE RUE;;;;590
27267;201300030231;13;7;9;2250;5;2;3;1.0;3;343;72, FAIDHERBE RUE;;;;590
27268;201300030232;13;7;9;1003;1;2;2;1.0;3;350;ARRAS RUE D;;;;590
27269;201300030233;13;7;11;1640;1;2;3;1.0;6;350;1, DE LA BOURDONNAYE ANN;;;;590
27270;201300030234;13;7;10;1400;1;2;1;1.0;3;507;JAURES JEAN AVENUE;;;;590
27271;201300030235;13;7;13;1515;1;2;1;1.0;3;9;1, VETERANS RUE DES;;;;590
27272;201300030237;13;7;14;2320;5;2;1;1.0;6;9;28, BIZET GEORGES BOULEV;;;;590
27273;201300030238;13;7;15;1315;1;2;1;1.0;3;328;257, BONTE AUGUSTE RUE;;;;590
27274;201300030239;13;7;15;1520;1;2;1;1.0;7;9;VENTOUX RUE DU;;;;590
27275;201300030240;13;7;14;2300;5;2;1;1.0;6;350;42, VOLTAIRE RUE;;;;590
27276;201300030241;13;7;16;1754;1;2;1;1.0;7;350;13, LEBAS JEAN BAPTISTE;;;;590
27277;201300030242;13;7;11;720;1;2;1;1.0;6;378;EGLISE RUE DE L;;;;590
27278;201300030243;13;7;4;30;5;2;2;1.0;5;9;1, BREUCQ BOULEVARD DU;;;;590
27279;201300030244;13;7;15;10;5;2;3;1.0;3;356;1, LILLE RUE DE;;;;590
27280;201300030245;13;7;18;845;1;2;2;1.0;3;378;DUCROQUET RUE DU DOC. N?;;;;590
27281;201300030246;13;7;21;1430;1;2;1;1.0;3;360;55, POTIE GEORGES RUE;;;;590
27282;201300030248;13;7;19;1500;1;2;1;1.0;3;9;1, ROUBAIX AVNUE DE;;;;590
27283;201300030249;13;7;19;1650;1;2;1;1.0;6;350;STRASBOURG BOULEVARD;;;;590
27284;201300030250;13;7;19;1030;1;2;1;1.0;6;368;251, REPUBLIQUE AVENUE D;;;;590
27285;201300030251;13;7;23;710;1;2;2;1.0;3;368;1, SCRIVE GUSTAVE RUE;;;;590
27286;201300030252;13;7;22;1910;1;2;1;1.0;6;350;2, BIGO DANEL BOULEVARD;;;;590
27287;201300030253;13;7;23;1700;1;2;1;1.0;1;378;340, MARNE AVENUE DE LA;;;;590
27288;201300030254;13;7;23;2115;1;2;6;1.0;2;350;1, DOREZ BARTHELEMY PLAC;;;;590
27289;201300030255;13;7;24;1705;1;2;3;1.0;6;386;1, LECLERCQ RUE DU GENER;;;;590
27290;201300030256;13;7;24;1850;1;2;2;1.0;7;410;SCHUMAN ROBERT AVENUE;;;;590
27291;201300030257;13;7;28;1110;1;2;1;1.0;3;350;13, GARE PLACE DE LA;;;;590
27292;201300030258;13;7;28;445;5;2;1;1.0;6;328;37, AMPERE RUE;;;;590
27293;201300030259;13;7;26;930;1;2;1;1.0;6;350;51, ZOLA EMILE AVENUE;;;;590
27294;201300030260;13;7;6;2030;1;2;1;1.0;6;378;168, QUESNE RUE DU;;;;590
27295;201300030261;13;7;23;1545;1;2;1;1.0;6;128;10, FAISANS AVENUE DES;;;;590
27296;201300030262;13;7;24;2330;5;2;1;1.0;7;193;1, HAUBOURDIN, RUE D';;;;590
27297;201300030264;13;7;22;2120;1;2;2;1.0;7;350;38, BASSEE RUE DE LA;;;;590
27298;201300030265;13;8;2;1130;1;2;2;1.0;3;350;0, DE COUBERTIN PIERRE B;;;;590
27299;201300030266;13;8;2;1310;1;1;1;1.0;6;195;1, ZONE COMMERCIALE;;;;590
27300;201300030268;13;8;2;1725;1;2;1;1.0;3;9;1, BREUCQ BOULEVARD DU;;;;590
27301;201300030269;13;8;2;1945;1;2;6;1.0;6;350;0, PASTEUR CARREFOUR;;;;590
27302;201300030270;13;8;4;150;5;2;1;1.0;6;350;DE GAULLE PLACE DU GENER;;;;590
27303;201300030271;13;8;4;1545;1;2;1;1.0;3;378;1033B, REPUBLIQUE AV DE;;;;590
27304;201300030272;13;6;30;1650;1;2;3;1.0;6;350;KUHLMANN RUE;;;;590
27305;201300030273;13;8;4;2045;1;2;3;1.0;6;350;1, MARQUILLIES RUE;;;;590
27306;201300030274;13;7;12;1950;1;2;1;1.0;6;360;96, FOCH RUE DU MARECHAL;;;;590
27307;201300030275;13;8;2;1545;1;2;1;1.0;6;350;1, MUIRON PLACE GENTIL;;;;590
27308;201300030276;13;8;7;1550;1;2;1;1.0;6;350;17, FONTENOY RUE;;;;590
27309;201300030277;13;8;9;1730;1;2;1;1.0;2;560;R.D. 549;;;;590
27310;201300030278;13;8;9;1930;1;2;2;1.0;6;360;0, FOCH RUE DU MARECHAL;;;;590
27311;201300030279;13;8;13;920;1;2;1;1.0;6;350;0, ALSACE BOULEVARD D;;;;590
27312;201300030280;13;7;17;940;1;2;2;1.0;6;328;347, DUNKERQUE AVENUE DE;;;;590
27313;201300030281;13;8;14;1635;1;2;2;1.0;2;350;HUGO VICTOR  BVD N?IMPAI;;;;590
27314;201300030282;13;8;18;1715;1;2;1;1.0;7;350;FAIDHERBE RUE;;;;590
27315;201300030283;13;8;20;1655;1;2;1;1.0;5;648;215, CLEMENCEAU RUE;;;;590
27316;201300030284;13;8;23;1630;1;2;1;1.0;6;378;17, BERLIOZ HECTOR RUE;;;;590
27317;201300030285;13;8;23;1700;1;2;2;1.0;7;350;LAMBRET OSCAR AVENUE;;;;590
27318;201300030287;13;5;19;2230;5;2;1;1.0;6;350;32, HUGO VICTOR  BVD N?2;;;;590
27319;201300030288;13;8;30;700;1;2;2;1.0;6;350;BERTEAUX MAURICE RUE;;;;590
27320;201300030289;13;8;30;1710;1;2;1;1.0;6;328;18, MARTYRS DE LA RESIST;;;;590
27321;201300030290;13;8;31;1720;1;2;1;1.0;6;350;49, PREVOYANCE RUE;;;;590
27322;201300030291;13;8;30;2300;5;2;1;1.0;3;9;DOUMER PAUL RUE DU PRESI;;;;590
27323;201300030292;13;8;31;200;5;2;1;1.0;6;350;MASSENA RUE N?  RESTE;;;;590
27324;201300030293;13;9;3;830;1;2;2;1.0;6;386;226, LALAU RUE;;;;590
27325;201300030294;13;9;4;745;1;2;1;1.0;3;378;1, CHATEAUX RUE DES;;;;590
27326;201300030295;13;9;4;1140;1;2;3;1.0;3;410;0, PARMENTIER RUE;;;;590
27327;201300030296;13;9;4;1420;1;2;1;1.0;7;9;1, FLANDRE AVENUEE DE;;;;590
27328;201300030297;13;9;5;840;1;2;1;1.0;6;350;DUNKERQUE AVENUE DE;;;;590
27329;201300030298;13;9;5;850;1;2;2;1.0;3;9;BREVE RUE;;;;590
27330;201300030299;13;9;6;1315;1;2;1;1.0;3;378;ROUX RUE DU DOCTEUR;;;;590
27331;201300030300;13;9;7;1500;1;2;2;1.0;7;350;IENA RUE;;;;590
27332;201300030301;13;9;7;1940;1;2;3;1.0;6;350;NEWTON RUE;;;;590
27333;201300030302;13;9;9;200;5;2;1;1.0;7;350;DE COUBERTIN PIERRE BOUL;;;;590
27334;201300030303;13;9;10;730;1;2;2;3.0;3;350;POT RUE LONG;;;;590
27335;201300030304;13;9;10;1020;1;2;2;1.0;3;378;MARNE AVENUE DE LA;;;;590
27336;201300030305;13;9;10;1300;1;2;1;1.0;6;350;32, AMIENS RUE D;;;;590
27337;201300030306;13;9;10;1830;1;2;1;2.0;3;9;OUEST BOULEVARD DE L;;;;590
27338;201300030307;13;9;10;800;1;2;2;2.0;7;350;SAINT SAUVEUR RUE;;;;590
27339;201300030308;13;9;13;100;5;2;2;1.0;3;350;CORMONTAIGNE PLACE;;;;590
27340;201300030309;13;9;4;845;1;2;1;1.0;2;470;DE GAULLE CHARLES RUE;;;;590
27341;201300030310;13;9;12;955;1;2;2;1.0;6;648;1, SCHWIETZER RUE DU DOC;;;;590
27342;201300030311;13;9;13;2220;5;2;2;8.0;3;350;NATIONALE RUE N?RESTE PA;;;;590
27343;201300030312;13;9;16;1500;1;2;2;1.0;2;368;SCHUMAN ROBERT BOULEVARD;;;;590
27344;201300030313;13;9;17;1015;1;2;1;1.0;2;527;121, DE LATTRE TASSIGNY.;;;;590
27345;201300030314;13;9;17;1725;1;2;2;2.0;7;350;LONDRES RUE COTE PAIR DU;;;;590
27346;201300030315;13;9;17;1900;1;2;1;1.0;5;378;LISFRANC-CROISE LAROCHE;;;;590
27347;201300030316;13;9;15;1020;1;2;1;1.0;6;350;102, SALENGRO ROGER AVEN;;;;590
27348;201300030317;13;9;18;1030;1;2;1;1.0;1;560;1, R.D. 549;;;;590
27349;201300030318;13;9;19;1325;1;2;1;1.0;3;350;87, NATIONALE RUE N?REST;;;;590
27350;201300030319;13;9;20;1315;1;2;1;1.0;6;350;BUISSON FERDINAND RUE;;;;590
27351;201300030320;13;9;20;1840;1;2;1;1.0;5;368;109, REPUBLIQUE AVENUE D;;;;590
27352;201300030321;13;9;21;2230;1;2;1;9.0;7;350;LECLERCQ PLACE DU MARECH;;;;590
27353;201300030322;13;9;23;800;1;2;2;1.0;3;350;LEDRU ROLLIN RUE;;;;590
27354;201300030323;13;9;23;1700;1;2;2;1.0;3;386;CHANZY RUE DE;;;;590
27355;201300030324;13;9;25;930;1;2;1;1.0;7;350;52, BASSE RUE;;;;590
27356;201300030325;13;9;25;1800;1;2;1;1.0;1;9;CANTELEU AVENUE DE;;;;590
27357;201300030326;13;9;26;900;1;2;1;1.0;1;350;1, VAUBAN BOULEVARD N? R;;;;590
27358;201300030327;13;9;26;834;1;2;3;1.0;6;585;1, WATTRELOT EDOUARD RUE;;;;590
27359;201300030328;13;9;26;1340;1;2;2;1.0;3;368;SCRIVE GUSTAVE RUE;;;;590
27360;201300030330;13;9;27;810;1;2;1;1.0;6;350;1, RUE MADELEINE REBERIO;;;;590
27361;201300030331;13;9;27;1850;1;2;2;1.0;6;328;VAILLANT RUE;;;;590
27362;201300030332;13;9;30;425;5;2;1;1.0;3;350;DE GAULLE PLACE DU GENER;;;;590
27363;201300030333;13;9;30;1030;1;2;1;1.0;6;350;FAUBOURG D'ARRAS RUE;;;;590
27364;201300030334;13;10;1;2200;5;2;1;1.0;3;350;293, SOLFERINO RUE N?208;;;;590
27365;201300030335;13;10;3;640;2;2;1;1.0;2;350;SANS OBJET, DOREZ BARTHE;;;;590
27366;201300030336;13;10;2;1810;1;2;1;1.0;1;350;SANS OBJET, ALSACE BOULE;;;;590
27367;201300030337;13;10;4;1954;5;2;2;8.0;7;350;FAUBOURG DE BETHUNE RUE;;;;590
27368;201300030338;13;10;4;1540;1;2;1;1.0;6;286;1, LHERMITTE FIDELE RUE;;;;590
27369;201300030339;13;10;4;2000;2;2;1;2.0;3;128;POINCARE RUE;;;;590
27370;201300030340;13;10;6;510;5;2;2;1.0;3;350;LECLERC PLACE DU MAL. N?;;;;590
27371;201300030341;13;10;7;1100;1;2;1;1.0;3;350;1, LAMBRET OSCAR AVENUE;;;;590
27372;201300030342;13;10;7;1830;1;2;3;1.0;3;368;1, SALENGRO ROGER RUE;;;;590
27373;201300030343;13;10;9;1600;1;2;2;1.0;3;350;NATIONALE RUE N?2 - 178B;;;;590
27374;201300030344;13;10;9;1820;1;2;1;1.0;3;350;KENNEDY AVENUE;;;;590
27375;201300030345;13;10;9;2340;5;2;1;2.0;6;386;101, YPRES RUE D;;;;590
27376;201300030346;13;10;10;145;5;2;2;1.0;3;350;COLLEGIALE RUE DE LA;;;;590
27377;201300030347;13;10;10;1520;1;2;1;2.0;3;9;FLANDRE AVENUEE DE;;;;590
27378;201300030348;13;10;10;2115;3;2;1;3.0;7;350;SAINT LOUIS RUE EGLISE;;;;590
27379;201300030349;13;10;11;1735;1;2;1;8.0;3;527;266, LECLERC RUE DU GENE;;;;590
27380;201300030350;13;10;12;1350;1;2;1;1.0;2;378;LISFRANC-CROISE LAROCHE;;;;590
27381;201300030351;13;10;12;2315;5;2;2;1.0;3;350;BELFORT BOULEVARD DE;;;;590
27382;201300030352;13;10;13;1630;1;2;2;2.0;3;9;TECHNIQUES RUE DES;;;;590
27383;201300030353;13;10;14;1330;1;2;1;3.0;3;328;300, HIPPODROME AV DE L;;;;590
27384;201300030354;13;10;14;1850;5;1;1;8.0;6;350;1, RAVEL MAURICE RUE;;;;590
27385;201300030356;13;10;16;800;1;2;1;2.0;2;527;424, DE LATTRE TASSIGNY;;;;590
27386;201300030357;13;10;16;1615;1;2;3;2.0;2;350;MONTEBELLO BOULEVARD N?;;;;590
27387;201300030358;13;10;16;1845;5;2;2;3.0;6;350;MONTEBELLO BOULEVARD N?;;;;590
27388;201300030359;13;10;8;845;1;2;2;1.0;3;378;LAZARO RUE DU;;;;590
27389;201300030360;13;10;20;2209;5;2;1;1.0;1;527;13, LECLERC RUE DU GENER;;;;590
27390;201300030361;13;10;19;1600;1;2;9;2.0;1;350;ARRAS RUE D;;;;590
27391;201300030362;13;10;22;745;2;2;9;2.0;1;566;PONT RUE DU;;;;590
27392;201300030363;13;10;22;1110;1;2;2;1.0;7;350;67, LIBERTE BOULEVARD N?;;;;590
27393;201300030364;13;10;22;1610;1;2;6;1.0;7;566;VERT TOUQUET RUE DU;;;;590
27394;201300030365;13;10;22;1850;2;2;1;9.0;6;527;393, DE LATTRE TASSIGNY.;;;;590
27395;201300030367;13;10;23;2025;5;2;2;1.0;1;9;OUEST BOULEVARD DE L;;;;590
27396;201300030368;13;10;23;1845;4;2;1;1.0;3;378;BERLIOZ HECTOR RUE;;;;590
27397;201300030369;13;10;24;2210;5;2;1;8.0;7;9;8 MAI 1945 RUE DU PARC U;;;;590
27398;201300030370;13;10;25;1800;1;2;9;1.0;2;9;BREUCQ BOULEVARD DU;;;;590
27399;201300030371;13;10;28;1250;1;2;1;2.0;3;378;CLEMENCEAU BLVD (N?1-23);;;;590
27400;201300030372;13;10;29;1430;1;2;2;2.0;3;360;REPUBLIQUE BOULEVARD DE;;;;590
27401;201300030373;13;10;29;2035;5;2;2;1.0;3;350;ARRAS RUE D;;;;590
27402;201300030374;13;10;30;920;1;2;1;1.0;6;648;238, CLEMENCEAU RUE;;;;590
27403;201300030375;13;10;30;1040;1;2;9;1.0;3;9;NC, CHAPPE RUE;;;;590
27404;201300030376;13;10;31;925;1;2;2;1.0;3;328;MONGE GASPARD RUE;;;;590
27405;201300030377;13;10;31;2050;5;2;2;2.0;3;328;DUNKERQUE AVENUE DE;;;;590
27406;201300030378;13;11;1;45;5;2;1;1.0;3;350;SOLFERINO RUE N?1 - 159;;;;590
27407;201300030379;13;11;1;545;3;2;1;1.0;2;350;168, HUGO VICTOR  BVD N?;;;;590
27408;201300030380;13;11;1;2220;5;2;1;3.0;2;350;121, MATTEOTI RUE;;;;590
27409;201300030381;13;11;4;1750;5;2;1;1.0;6;350;21/26, POSTES RUE N?1 -;;;;590
27410;201300030382;13;11;4;1815;3;2;9;1.0;6;350;ROLAND RUE;;;;590
27411;201300030383;13;11;5;1030;1;2;1;9.0;6;648;REPUBLIQUE PLACE DE LA;;;;590
27412;201300030384;13;11;6;2340;5;2;1;2.0;6;350;POSTES RUE N? RESTE;;;;590
27413;201300030385;13;11;7;1730;3;2;2;3.0;3;9;RN 227 (sens Lille vers;;;;590
27414;201300030386;13;11;7;1650;3;2;1;2.0;6;350;METZ BOULEVARD;;;;590
27415;201300030387;13;11;7;1830;1;2;1;2.0;5;368;151, REPUBLIQUE AVENUE D;;;;590
27416;201300030388;13;11;8;1745;5;2;1;2.0;6;378;CHATEAU ROUGE AVENUE DU;;;;590
27417;201300030390;13;11;9;1300;1;2;1;1.0;6;350;222, ARRAS RUE D;;;;590
27418;201300030391;13;11;10;1440;1;2;1;1.0;3;648;34, DE GAULLE RUE DU GEN;;;;590
27419;201300030392;13;11;11;1635;1;2;3;1.0;3;350;NC, MONTEBELLO BOULEVARD;;;;590
27420;201300030393;13;11;8;57;5;2;1;1.0;6;350;PUEBLA RUE;;;;590
27421;201300030394;13;11;7;2155;3;2;1;2.0;2;9;BREUCQ BOULEVARD DU;;;;590
27422;201300030395;13;11;13;1915;2;2;1;1.0;6;328;190, BOURG RUE DU N?188;;;;590
27423;201300030396;13;11;14;1315;1;2;1;2.0;7;350;NC, DELEMAZURE RUE;;;;590
27424;201300030397;13;11;14;2230;5;2;1;1.0;3;410;31, VOLTAIRE RUE;;;;590
27425;201300030398;13;11;15;840;1;2;9;1.0;6;350;730, REPUBLIQUE AVENUE D;;;;590
27426;201300030399;13;11;16;2015;5;2;1;1.0;6;378;REPUBLIQUE AV DE LA ( N?;;;;590
27427;201300030400;13;11;18;735;2;1;1;1.0;1;328;CARNOY RUE N?207 - 277;;;;590
27428;201300030401;13;11;19;15;5;2;2;8.0;3;350;SOLFERINO RUE N?110 - 20;;;;590
27429;201300030402;13;11;21;1500;5;2;1;9.0;1;350;LOMPRET RUE DE;;;;590
27430;201300030403;13;11;21;1830;5;2;1;9.0;3;527;LECLERC RUE DU GENERAL;;;;590
27431;201300030404;13;11;13;1610;1;2;1;1.0;6;286;nc, ENGLOS RUE D;;;;590
27432;201300030405;13;11;26;1710;2;2;1;1.0;6;350;FAUBOURG DES POSTES RUE;;;;590
27433;201300030406;13;11;27;1315;1;2;9;1.0;5;350;FLANDRES PONT;;;;590
27434;201300030407;13;11;27;1955;5;2;1;1.0;6;9;46, FUSILLES RUE DES DU;;;;590
27435;201300030408;13;11;28;1810;3;2;1;2.0;7;350;DUNKERQUE AVENUE;;;;590
27436;201300030411;13;11;29;1610;1;2;1;1.0;6;378;7, LILAS RUE DES;;;;590
27437;201300030412;13;11;29;1715;2;2;1;1.0;3;350;17, ECOLES RUE DES;;;;590
27438;201300030413;13;11;30;1130;1;2;1;1.0;7;350;166, MONTEBELLO BOULEVAR;;;;590
27439;201300030414;13;12;1;1110;1;2;1;1.0;6;350;131, DUNKERQUE AVENUE;;;;590