;Num_Acc;an;mois;jour;hrmn;lum;agg;int;atm;col;com;adr;gps;lat;long;dep
27988;201300031016;13;2;9;300;5;2;1;1.0;3;1;22 BLD KOUTIALA;M;4842233.0;8684.0;610
27989;201300031017;13;2;21;1840;2;2;3;1.0;3;143;PRINCIPALE xRESERVOIR;M;4844447.0;7219.0;610
27990;201300031018;13;2;22;1910;5;2;2;1.0;3;1;1, FRESNAY (RUE DE );M;4842714.0;8436.0;610
27991;201300031019;13;3;23;1745;1;2;2;1.0;4;397;KOUTIALA (BOULEVARD);M;4842302.0;8081.0;610
27992;201300031021;13;5;26;1855;1;2;3;1.0;7;1;QUAKENBRUCK (AVENUE DE);M;4844367.0;11094.0;610
27993;201300031023;13;7;21;2030;1;2;3;1.0;7;1;ARGENTAN X FRERES NIVERD;M;4844033.0;8735.0;610
27994;201300031024;13;8;8;915;1;2;2;1.0;6;1;CURIE X CLAUDE BERNARD;M;4843615.0;10513.0;610
27995;201300031025;13;8;13;1315;1;1;1;1.0;1;117;112;M;4843531.0;2754.0;610
27996;201300031026;13;8;16;1955;1;2;6;1.0;6;1;BRETAGNE (RUE DE);M;4843283.0;6593.0;610
27997;201300031027;13;9;10;740;2;2;6;1.0;3;1;L'ISLE x ROEDERER;M;4842734.0;9061.0;610
27998;201300031028;13;10;9;1725;1;2;2;1.0;3;1;DOCTEUR BAILLEUL (RUE DU;M;4842992.0;9339.0;610
27999;201300031029;13;10;21;1055;1;1;1;1.0;1;497;ROUTE MESNIL HATON;M;4845599.0;10480.0;610
28000;201300031030;13;10;21;1830;1;2;1;1.0;3;1;GENERAL LECLERC (AVENUE;M;4842153.0;8949.0;610
28001;201300031031;13;11;6;1518;1;2;1;1.0;6;1;PIERRE MAUGER;M;4841525.0;9652.0;610
28002;201300031032;13;11;13;1715;1;2;1;1.0;6;1;12, J.F KENNEDY ( AVENUE;M;4841501.0;9403.0;610
28003;201300031034;13;11;23;1500;1;2;6;1.0;2;1;1, MARTIN LUTHER KING (;M;4842840.0;6441.0;610
28004;201300031035;13;11;30;645;5;2;1;1.0;5;1;14, SAINT BLAISE (RUE);M;4843152.0;9028.0;610
28005;201300031036;13;12;5;1415;1;2;1;1.0;3;397;49, FRESNAY (ROUTE DE);M;4841674.0;7550.0;610
28006;201300031037;13;1;31;720;2;2;6;2.0;3;6;FORET NORMANDE (AVENUE D;M;4874129.0;-2138.0;610
28007;201300031038;13;11;21;1745;5;2;1;2.0;2;6;FALAISE (ROUTE DE);M;4874879.0;-2803.0;610
28008;201300031039;13;5;30;1350;1;1;1;2.0;2;6;SEES (ROUTE DE);M;4870813.0;-371.0;610
28009;201300031040;13;6;25;743;1;2;7;1.0;6;6;COUINAUD (PLACE DU DR);M;4874421.0;-1765.0;610
28010;201300031041;13;9;9;1628;1;2;1;1.0;6;6;24, PETITS FOSSES (RUE D;M;4874907.0;-1766.0;610
28011;201300031043;13;12;11;1150;1;2;3;1.0;6;6;BEREGOVOY (RUE PIERRE) C;M;4874928.0;-1412.0;610
28012;201300031045;13;1;30;1705;1;2;3;1.0;3;169;73, CHAUSSEE (RUE DE LA);M;4874384.0;-56549.0;610
28013;201300031047;13;5;25;2305;5;2;2;1.0;3;169;61, PAULETTE DUHALDE (PL;M;4874797.0;-57131.0;610
28014;201300031048;13;6;26;1345;1;1;2;1.0;3;391;TRIGALE (LA);M;4876167.0;-54391.0;610
28015;201300031049;13;7;12;1900;1;2;3;1.0;3;391;CHARLES DE GAULLE (AVENU;M;4876999.0;-57299.0;610
28016;201300031050;13;7;24;1743;1;2;3;1.0;3;391;203, HENRI VENIARD (RUE);M;4875383.0;-56652.0;610
28017;201300031051;13;11;20;2310;5;2;3;2.0;3;169;MESSEI (RUE DE);M;4874832.0;-56784.0;610
28018;201300031052;13;12;9;1755;3;2;2;1.0;1;169;63, CHAUSSEE (RUE DE LA);M;4874482.0;-56695.0;610
28019;201300031053;13;12;21;1210;1;2;1;1.0;6;169;48, DOMFRONT (RUE DE);M;4874691.0;-56983.0;610
28020;201300031054;13;12;17;815;1;1;1;1.0;6;753;ATREBATES;;;;620
28021;201300031055;13;12;28;325;3;1;1;2.0;6;744;ROND POINT DE SAINTE CAT;;;;620
28022;201300031056;13;1;8;1905;5;2;7;1.0;2;753;SALENGRO ( AVENUE ROGER;;;;620
28023;201300031057;13;1;2;2000;5;2;6;2.0;7;41;AVENUE JULES CATOIRE;;;;620
28024;201300031059;13;2;3;55;4;2;1;2.0;6;764;RD 950;;;;620
28025;201300031060;13;2;3;110;3;1;1;2.0;6;744;D 917;;;;620
28026;201300031061;13;1;12;1625;1;2;1;2.0;7;41;ROUTE DE BAPAUME;M;5027628.0;278263.0;620
28027;201300031062;13;2;8;2120;3;1;1;2.0;7;753;RD 919;;;;620
28028;201300031063;13;2;8;1900;5;2;6;1.0;3;41;BESNIER (BD.GEORGES);M;5029425.0;275732.0;620
28029;201300031065;13;2;13;1215;1;2;1;1.0;6;41;1, HEROS ( PLACE DES );M;5029135.0;277720.0;620
28030;201300031066;13;3;4;945;1;1;6;1.0;2;744;RN 25;;;;620
28031;201300031067;13;3;25;1545;1;1;1;1.0;2;753;RD 950;;;;620
28032;201300031068;13;3;20;1815;1;2;3;1.0;3;41;3, CAMBRAI (DE);;;;620
28033;201300031069;13;3;28;1220;1;2;1;1.0;4;41;2 bis, RUE ABEL BERGAIGN;;;;620
28034;201300031070;13;2;15;1455;1;2;3;1.0;6;41;62, LOBBEDEZ ( AV. FERNA;;;;620
28035;201300031071;13;3;28;1700;1;2;1;1.0;6;753;4 BIS, RUE D' ESTIENNE C;;;;620
28036;201300031073;13;5;2;807;1;2;1;1.0;7;41;0, RUE DE BERLIN;M;5028675.0;279848.0;620
28037;201300031074;13;5;7;30;3;1;1;2.0;6;753;RD 950;;;;620
28038;201300031075;13;5;6;845;1;2;2;1.0;3;41;0, LIBERTE ( BD DE LA );M;5029687.0;276566.0;620
28039;201300031076;13;5;15;1900;1;2;2;1.0;3;41;0, TEMPLE;;;;620
28040;201300031077;13;5;11;1200;1;2;1;1.0;7;263;0, MERMOZ(AVENUE JEAN);;;;620
28041;201300031078;13;5;15;1725;1;2;6;1.0;6;753;4, RUE DU GENERAL BARBOT;;;;620
28042;201300031080;13;5;18;1750;1;2;3;1.0;3;41;FAIDHERBE ( BD );;;;620
28043;201300031081;13;6;3;1715;1;2;2;1.0;3;41;47, BLD FAIDHERBE;;;;620
28044;201300031082;13;5;29;1755;1;2;1;2.0;7;41;TURENNE ( DE );;;;620
28045;201300031083;13;6;8;1215;1;2;1;1.0;7;41;0, COPERNIC;;;;620
28046;201300031085;13;7;13;2140;1;2;1;1.0;6;263;1, RUE D' ARRAS;;;;620
28047;201300031086;13;7;19;1150;1;1;3;1.0;1;753;0, IMMERCOURT (AV. D');;;;620
28048;201300031087;13;7;25;1500;1;2;3;1.0;3;41;0, LOBBEDEZ ( AV. FERNAN;;;;620
28049;201300031088;13;7;18;1220;1;1;1;1.0;3;753;RD 950;;;;620
28050;201300031089;13;8;4;1120;1;2;6;1.0;3;41;0, DAMBRINE;;;;620
28051;201300031090;13;8;24;15;5;2;1;1.0;6;41;MEAULENS;;;;620
28052;201300031091;13;8;27;1;5;2;1;1.0;7;263;29, CALMETTE(RUE ALBERT);;;;620
28053;201300031092;13;9;4;1200;1;2;1;1.0;6;41;LIBERTE ( BD DE LA );;;;620
28054;201300031093;13;9;10;950;1;2;1;7.0;6;41;64, MEAULENS;M;5029531.0;277166.0;620
28055;201300031094;13;9;12;830;1;2;2;1.0;6;41;BLD DE STRASBOURG;;;;620
28056;201300031095;13;9;16;1655;1;1;1;1.0;1;263;RN 25;;;;620
28057;201300031096;13;9;24;1810;1;1;1;1.0;4;764;RD 917;M;5030809.0;278324.0;620
28058;201300031097;13;9;22;2110;5;1;1;1.0;2;764;RD 917;;;;620
28059;201300031098;13;9;5;745;1;2;3;1.0;3;41;0, CARNOT (BD);M;5028737.0;0.0;620
28060;201300031099;13;9;24;1125;1;2;1;1.0;3;4;PLANQUETTES ( DES );;;;620
28061;201300031100;13;9;29;1930;2;1;1;1.0;6;753;RD 950;;;;620
28062;201300031101;13;10;5;440;5;2;1;1.0;7;744;45, Chauss?e Brunehaut;;;;620
28063;201300031102;13;10;21;1230;1;2;1;8.0;2;41;17, CARNOT (BD);;;;620
28064;201300031103;13;11;17;1855;3;1;1;1.0;6;744;RD 937;;;;620
28065;201300031104;13;12;1;1245;1;2;3;1.0;2;41;NOTRE DAME DE LORETTE;;;;620
28066;201300031105;13;12;27;2140;5;2;1;2.0;6;41;60, WINSTON CHURCHILL (A;;;;620
28067;201300031106;13;1;19;1700;2;2;3;4.0;3;48;CD 183 E;;;;620
28068;201300031107;13;1;31;1055;1;2;6;3.0;3;48;ROUTE DEPARTEMENTALE 183;;;;620
28069;201300031108;13;2;9;2140;5;1;6;1.0;3;516;ROUTE NATIONALE 43;;;;620
28070;201300031109;13;2;12;805;1;2;5;4.0;5;48;CD 183 E;;;;620
28071;201300031110;13;2;17;625;2;1;1;5.0;6;516;ROUTE NATIONALE 43;;;;620
28072;201300031111;13;3;3;855;1;2;1;1.0;2;328;10, BRUNEHAUT (CHAUSSEE);;;;620
28073;201300031112;13;3;10;1410;1;2;1;1.0;6;48;ROUTE DEPARTEMENTALE 183;;;;620
28074;201300031113;13;3;8;1900;5;1;6;2.0;3;516;ROUTE NATIONALE 43;;;;620
28075;201300031114;13;3;23;1030;1;1;3;1.0;3;516;ROUTE NATIONALE 43;;;;620
28076;201300031115;13;4;5;1040;1;2;2;1.0;3;217;NATIONALE (ROUTE);M;5050807.0;243950.0;620
28077;201300031116;13;5;6;950;1;2;1;1.0;6;48;140, LAMENDIN (ARTHUR);;;;620
28078;201300031117;13;4;12;1420;1;1;1;6.0;6;516;ROUTE NATIONALE 43;;;;620
28079;201300031119;13;6;19;810;1;1;1;1.0;3;516;ROUTE NATIONALE 43;;;;620
28080;201300031120;13;6;12;1410;1;1;3;1.0;3;516;ROUTE NATIONALE 43;M;5056707.0;249445.0;620
28081;201300031121;13;8;4;1845;1;1;1;1.0;5;188;ROUTE DEPARTEMENTALE 183;M;5052188.0;264638.0;620
28082;201300031122;13;11;3;1140;1;2;1;2.0;1;328;8, 19 MARS 1962;;;;620
28083;201300031123;13;11;14;1740;5;2;3;2.0;3;48;EGALITE (DE L');;;;620
28084;201300031124;13;11;16;800;5;1;6;5.0;6;516;ROUTE NATIONALE 43;;;;620
28085;201300031125;13;10;18;630;2;2;3;2.0;6;48;166, BEUGNET (CASIMIR);;;;620
28086;201300031126;13;12;16;1420;1;2;1;1.0;2;516;PARIS ( Bld) DE;M;5054633.0;247135.0;620
28087;201300031127;13;12;15;1140;1;2;1;1.0;2;188;76, HURIONVILLE (D');;;;620
28088;201300031128;13;12;24;1345;1;1;1;3.0;1;48;CD 183 E;;;;620
28089;201300031129;13;8;18;25;5;2;4;1.0;6;516;DE LATTRE DE TASSIGNY;;;;620
28090;201300031131;13;1;15;1820;3;1;1;8.0;3;724;CD 40;;;;620
28091;201300031132;13;3;6;1820;2;2;1;1.0;7;65;21, GHESQUIERES;;;;620
28092;201300031133;13;3;8;1020;1;1;1;8.0;2;65;RD 917;;;;620
28093;201300031134;13;4;2;1300;1;2;3;1.0;3;65;0, EPARGES;M;5040631.0;282089.0;620
28094;201300031135;13;4;3;1500;1;2;1;1.0;7;277;217, ARRAS;;;;620
28095;201300031136;13;4;23;2200;5;2;1;1.0;2;65;LEFEBVRE (FRANCOIS);;;;620
28096;201300031137;13;5;22;950;1;2;2;1.0;6;65;41, BOVE ALEXANDRE;M;5041236.0;283588.0;620
28097;201300031138;13;5;26;845;1;2;6;1.0;3;724;CD 40;;;;620
28098;201300031139;13;6;2;2130;1;2;4;1.0;7;570;2, BULTOT (PAUL);;;;620
28099;201300031140;13;6;4;1140;1;2;2;1.0;5;65;000, THUMERELLE ACHILLE;M;5040943.0;281901.0;620
28100;201300031141;13;6;23;1625;1;2;1;1.0;3;65;82, PERI (GABRIEL BD);;;;620
28101;201300031142;13;7;9;1400;1;2;1;1.0;2;65;179, MARTEL HENRI (BOULE;;;;620
28102;201300031143;13;7;4;1720;1;2;6;1.0;3;277;ARRAS;;;;620
28103;201300031145;13;8;5;1900;1;1;1;1.0;3;65;GHESQUIERES;M;5040352.0;280597.0;620
28104;201300031146;13;8;14;1615;1;2;1;1.0;3;65;9, FRANCE (BOULEVARD ANA;;;;620
28105;201300031147;13;8;30;1000;1;2;6;1.0;3;65;BARBUSSE ( ROND POINT HE;;;;620
28106;201300031148;13;9;26;1745;2;2;1;1.0;1;570;D 262;M;5040657.0;286738.0;620
28107;201300031149;13;10;15;1735;1;2;1;1.0;6;65;72, VERDUN(BD);;;;620
28108;201300031150;13;10;31;930;1;2;1;7.0;1;570;00, FLOHA (AVENUE DE );;;;620
28109;201300031151;13;11;9;1500;1;2;2;2.0;5;65;THUMERELLE ACHILLE;M;5040936.0;281894.0;620
28110;201300031152;13;11;13;1005;1;2;3;1.0;3;570;PASTEUR;;;;620
28111;201300031154;13;12;5;800;2;2;1;9.0;6;570;2, FUSILLES;M;5040288.0;286042.0;620
28112;201300031156;13;12;9;1250;1;2;2;1.0;3;724;D 46;;;;620
28113;201300031157;13;12;29;1825;5;2;1;1.0;6;724;12, MOULIN;;;;620
28114;201300031158;13;2;9;1030;1;2;1;1.0;6;108;49, IMPERATRICE;;;;620
28115;201300031159;13;6;3;900;1;2;1;1.0;7;688;MERLIMONT (ROUTE DE);;;;620
28116;201300031160;13;4;21;1115;1;2;2;1.0;3;108;0, DOCTEUR QUETTIER;;;;620
28117;201300031161;13;5;26;850;1;2;3;1.0;7;108;137, IMPERATRICE;;;;620
28118;201300031163;13;6;17;800;2;2;3;2.0;3;108;DOCTEUR JOSEPH FOUCHET;M;5041258.0;156784.0;620
28119;201300031164;13;7;23;1115;1;2;2;1.0;6;108;SAINT EXUPERY;M;5040252.0;155921.0;620
28120;201300031165;13;12;9;1710;2;2;1;1.0;6;108;54, IMPERATRICE;;;;620
28121;201300031166;13;12;22;220;5;2;6;2.0;3;119;POINCARE   ( BOULEVARD R;;;;620
28122;201300031167;13;1;26;605;2;2;1;4.0;6;126;13, HAUTE ( RUE );M;5052707.0;272096.0;620
28123;201300031168;13;1;31;2240;5;1;6;1.0;7;276;cd 941;M;5052210.0;283319.0;620
28124;201300031169;13;2;22;1600;1;1;6;4.0;7;836;D 86;;;;620
28125;201300031170;13;3;15;1510;1;2;3;1.0;7;119;BERTHELOT ( RUE MARCELLI;M;5052994.0;264483.0;620
28126;201300031171;13;3;24;255;5;2;1;1.0;7;119;54, MOLLET ( RUE GUY );;;;620
28127;201300031172;13;3;30;2340;5;2;1;1.0;6;132;100, DE GAULLE ( RUE DU;;;;620
28128;201300031173;13;4;19;1825;1;2;6;1.0;3;119;PEPIN (IMPASSE);M;5053925.0;262787.0;620
28129;201300031174;13;5;24;2205;5;2;1;8.0;6;126;30, route nationale;;;;620
28130;201300031175;13;6;1;1310;1;1;1;1.0;3;626;ANNEQUIN ( ROUTE D' );M;5049743.0;272930.0;620
28131;201300031176;13;6;1;1130;1;2;1;1.0;1;330;1080, GRANDE RUE ( LA );;;;620
28132;201300031177;13;6;1;1715;1;1;1;1.0;3;349;GRARD ( RUE );M;5051896.0;259503.0;620
28133;201300031179;13;7;5;1020;1;1;6;1.0;3;350;941(CD);;;;620
28134;201300031180;13;7;11;2000;1;2;2;1.0;6;119;EGALITE ( RUE DE L' );;;;620
28135;201300031182;13;7;24;1400;1;2;1;1.0;6;132;6, DE GAULLE ( RUE DU GE;;;;620
28136;201300031183;13;7;30;1435;1;2;1;2.0;2;119;547, AIRE ( RUE D' );;;;620
28137;201300031184;13;7;29;1920;1;2;1;8.0;6;262;BASLY ( RUE );;;;620
28138;201300031185;13;8;19;1018;1;2;1;1.0;6;119;612, JUIN ( RUE DU MAREC;;;;620
28139;201300031186;13;8;14;1510;1;2;1;1.0;3;35;SALENGRO ( RUE ROGER );;;;620
28140;201300031187;13;9;7;240;5;2;9;1.0;6;119;LILLE ( RUE DE );;;;620
28141;201300031188;13;9;16;355;3;1;1;1.0;6;276;DULIEUX ( RUE DU CAPITAI;;;;620
28142;201300031190;13;9;30;1255;1;2;2;1.0;6;119;HUGO ( RUE VICTOR );;;;620
28143;201300031192;13;9;29;1800;1;2;1;1.0;6;200;10, CD 941;;;;620
28144;201300031193;13;10;14;1615;1;2;1;1.0;3;126;BRIAND ( RUE ARISTIDE );;;;620
28145;201300031194;13;10;19;1910;3;1;1;2.0;1;119;CD 943;;;;620
28146;201300031195;13;10;16;1825;5;2;1;1.0;3;262;FRANCE ( RUE ANATOLE );;;;620
28147;201300031196;13;10;22;800;1;1;1;1.0;3;846;CD 165;;;;620
28148;201300031197;13;11;10;1615;1;2;1;8.0;6;119;624, POINCARE   ( BOULEV;;;;620
28149;201300031199;13;12;19;1000;1;2;1;1.0;6;126;LECLERC ( RUE DU GENERAL;M;5051428.0;269307.0;620
28150;201300031200;13;12;28;1645;1;2;1;1.0;3;841;84, MENDES FRANCE ( RUE;;;;620
28151;201300031201;13;3;3;1000;1;2;1;1.0;1;119;PARIS ( AVENUE DE );;;;620
28152;201300031203;13;2;6;1815;5;2;1;3.0;3;755;50, CROQUELOIS ( Av. du;M;5068788.0;162596.0;620
28153;201300031204;13;2;10;540;3;1;6;1.0;6;894;C.D. 96e;M;5074864.0;162729.0;620
28154;201300031205;13;2;26;920;1;2;1;1.0;6;758;320, SAINT OMER ( Route;;;;620
28155;201300031206;13;3;2;1242;1;2;2;1.0;3;160;FAIDHERBE (Rue);;;;620
28156;201300031207;13;3;9;2015;5;2;3;1.0;3;160;CHEMIN VERT (Rue du);M;5073319.0;160243.0;620
28157;201300031208;13;3;20;1730;1;2;1;1.0;6;643;10, INDUSTRIEL ( Bld);;;;620
28158;201300031209;13;5;6;1200;1;2;1;1.0;6;160;20, CHEMIN VERT (Rue du);M;5073430.0;160508.0;620
28159;201300031210;13;5;12;1845;1;2;3;2.0;6;160;31, EURVIN (Bld);;;;620
28160;201300031211;13;5;1;2300;5;2;1;1.0;1;667;GOURNAY ( Rue Jean-Bapti;;;;620
28161;201300031212;13;6;2;1810;1;2;1;1.0;6;160;CHEMIN VERT (Rue du);;;;620
28162;201300031214;13;6;23;245;3;2;1;3.0;6;893;C.D. 940;;;;620
28163;201300031215;13;6;25;1145;1;2;1;1.0;6;160;2bis, PAIX (Rue de la);;;;620
28164;201300031216;13;6;23;220;5;2;1;3.0;7;160;100, SAINTE BEUVE (Bld);;;;620
28165;201300031217;13;7;10;1740;1;2;1;1.0;6;160;12, PIPOTS (Rue des);M;5072238.0;160768.0;620
28166;201300031218;13;7;15;30;5;2;3;1.0;3;160;AIGLON (Rue de l');;;;620
28167;201300031219;13;7;17;2310;5;2;2;1.0;3;758;SAINT OMER ( Route de );M;5072611.0;163821.0;620
28168;201300031220;13;7;9;1315;1;2;1;1.0;6;160;1, DE GAULLE (Ave Charle;;;;620
28169;201300031221;13;7;27;2030;5;2;6;3.0;6;160;02, PORTE NEUVE (Rue );;;;620
28170;201300031222;13;8;4;2130;1;2;3;1.0;6;160;0, KENNEDY (Ave. John);M;5071286.0;161403.0;620
28171;201300031223;13;8;11;1205;1;2;1;1.0;1;893;3, SAINT SAENS ( Rue Cam;;;;620
28172;201300031224;13;9;9;1330;1;2;3;8.0;6;643;48, CLERC ( Rue du Profe;;;;620
28173;201300031226;13;9;29;2035;5;2;4;1.0;3;643;LIBERTE ( Bld de la );;;;620
28174;201300031227;13;9;30;1740;1;2;1;1.0;2;160;98, GAMBETTA (Quai L?on);;;;620
28175;201300031228;13;10;6;1550;1;2;1;1.0;5;160;79, MARIETTE (Bld August;;;;620
28176;201300031229;13;10;13;745;2;2;3;8.0;6;758;CROIX ABOT ( Rue );M;5072194.0;164634.0;620
28177;201300031230;13;10;13;1915;1;2;9;1.0;3;667;16, LOTI ( R?s. Pierre );;;;620
28178;201300031231;13;10;14;815;2;2;3;2.0;6;160;197, NATIONALE (Rue);;;;620
28179;201300031232;13;11;27;1750;5;2;1;1.0;6;160;1, VOLTAIRE (Bld);;;;620
28180;201300031233;13;11;26;750;2;2;1;2.0;6;758;DESVRES ( Rue de );;;;620
28181;201300031234;13;12;19;2135;5;2;1;1.0;1;160;145, DE GAULLE (Ave Char;;;;620
28182;201300031235;13;12;29;1520;1;2;1;1.0;3;758;CHAUDIERE ( Rue de la );;;;620
28183;201300031236;13;1;2;2140;5;2;2;2.0;3;270;BODELOT (RUE ACHILLE);M;5046996.0;250968.0;620
28184;201300031237;13;2;12;115;3;2;1;4.0;6;445;0, REPUBLIQUE ( DE LA );;;;620
28185;201300031239;13;4;6;800;1;1;1;1.0;3;270;CD 301;;;;620
28186;201300031240;13;4;17;1725;1;2;3;1.0;3;400;PREMIER MAI ( DU );;;;620
28187;201300031241;13;4;26;1200;1;2;6;1.0;7;178;LUMIERES (FRERES);;;;620
28188;201300031242;13;7;14;1800;1;2;1;1.0;6;178;326, MARMOTTAN ( JULES );;;;620
28189;201300031243;13;9;3;1545;1;2;1;1.0;1;178;CHAMPAGNE;;;;620
28190;201300031244;13;9;2;1225;1;2;3;1.0;3;178;DUSSART ( LOUIS );;;;620
28191;201300031245;13;9;9;1015;1;2;6;1.0;3;178;DESCAMPS ( PAUL );M;5048427.0;256689.0;620
28192;201300031246;13;9;17;1640;1;2;1;3.0;6;178;363, FESTEUX ( DES );M;5048922.0;254409.0;620
28193;201300031247;13;10;3;1935;5;2;3;1.0;3;457;, BRUAY (ROUTE DE);M;5046640.0;254207.0;620
28194;201300031248;13;10;18;730;5;2;1;5.0;6;445;7, QUATRE SEPTEMBRE ( DU;;;;620
28195;201300031250;13;12;30;1845;5;2;1;8.0;4;457;953, BRUAY (ROUTE DE);;;;620
28196;201300031251;13;1;18;1755;5;2;1;1.0;6;193;TOUL (RUE DE);;;;620
28197;201300031252;13;2;6;1725;1;2;3;1.0;5;193;HUYGHES (RUE A.);;;;620
28198;201300031254;13;2;19;2315;3;1;1;1.0;3;244;SAINT-OMER (ROUTE DE);M;5091663.0;191721.0;620
28199;201300031255;13;2;19;1410;1;2;1;1.0;6;193;123, FONTINETTES (RUE DE;M;5094246.0;185028.0;620
28200;201300031256;13;3;9;1015;1;2;1;2.0;6;193;VERT (CHEMIN);;;;620
28201;201300031257;13;3;13;2145;5;2;2;1.0;3;193;QUATRE COINS (RUE DES);;;;620
28202;201300031258;13;3;29;2040;5;2;1;1.0;2;193;16, CURIE (BOULEVARD);M;5093982.0;185881.0;620
28203;201300031259;13;3;28;815;1;2;3;1.0;2;193;0, COUBERTIN (AVENUE PIE;M;5095336.0;183862.0;620
28204;201300031260;13;4;1;2020;3;1;6;1.0;6;193;rond point de la rivi?re;;;;620
28205;201300031261;13;4;17;1250;1;1;1;1.0;1;193;DEPARTEMENTALE 943;;;;620
28206;201300031262;13;4;26;832;1;2;2;1.0;3;193;ONZE NOVEMBRE (RUE DU);;;;620
28207;201300031263;13;5;2;1210;1;2;2;1.0;3;193;TOUL (RUE DE);;;;620
28208;201300031264;13;5;4;1100;1;2;3;1.0;7;193;CHAROST;;;;620
28209;201300031266;13;5;10;1825;1;2;2;1.0;3;193;ROYALE;M;5095715.0;184943.0;620
28210;201300031267;13;6;18;1635;1;1;1;1.0;6;548;Rue du Ventu d'Alembon;;;;620
28211;201300031268;13;7;6;1615;1;2;1;1.0;6;193;GASTON BERTHE (DIGUE);;;;620
28212;201300031269;13;7;9;1245;1;2;1;1.0;2;193;GAMBETTA (BOULEVARD);M;5094760.0;185329.0;620
28213;201300031270;13;7;10;1910;1;2;1;1.0;6;193;72, JACQUARD (BOULEVARD);;;;620
28214;201300031271;13;7;25;1820;1;2;9;1.0;6;193;Pont Georges V;;;;620
28215;201300031272;13;7;30;1545;1;1;1;2.0;1;548;FRANCOIS MITTERAND;M;5095614.0;198606.0;620
28216;201300031273;13;8;3;910;1;2;2;1.0;2;244;REGNIERS (CHEMIN DES);M;5092894.0;186253.0;620
28217;201300031275;13;9;5;1540;1;2;2;1.0;6;193;LOUIS BLERIOT (AVENUE);;;;620
28218;201300031276;13;9;14;1830;2;2;4;1.0;3;193;WAROCQUIER (RUE CL.);;;;620
28219;201300031277;13;10;7;715;5;2;1;1.0;6;193;GAMBETTA (BOULEVARD);;;;620
28220;201300031278;13;9;19;840;1;2;1;1.0;6;193;LAFAYETTE (BOULEVARD);;;;620
28221;201300031279;13;10;19;1425;1;2;2;2.0;6;193;GERSCHEL (RUE A.);;;;620
28222;201300031280;13;11;8;2145;5;2;2;2.0;3;193;JEAN DE VIENNE;;;;620
28223;201300031281;13;10;5;2330;5;2;3;1.0;3;193;EGALITE (BOULEVARD DE L';;;;620
28224;201300031282;13;12;10;730;2;2;1;1.0;6;193;DORET (RUE M.);;;;620
28225;201300031283;13;12;12;1715;5;2;1;1.0;3;548;954, avenue de Calais;;;;620
28226;201300031285;13;12;26;1330;1;2;2;1.0;6;193;FOUR A CHAUX (RUE DU);;;;620
28227;201300031286;13;1;18;1920;3;1;3;4.0;3;33;sans, RD917;;;;620
28228;201300031287;13;1;12;1915;5;2;1;8.0;6;413;FUSILLES (R DES);;;;620
28229;201300031288;13;2;6;1210;1;2;1;1.0;2;637;76, FUSILLES (R DES 80);M;5047071.0;298397.0;620
28230;201300031289;13;3;9;1120;1;2;3;1.0;3;215;sans, POSTES (CHEMIN  DE;;;;620
28231;201300031290;13;2;6;1420;1;2;1;1.0;3;215;10, TERRIL (CHE. DU);M;5049012.0;297655.0;620
28232;201300031291;13;3;29;2115;5;2;3;1.0;3;250;sans, BRIAND (R ARISTIDE;;;;620
28233;201300031292;13;4;5;1145;1;2;1;1.0;3;215;sans, RD 160;;;;620
28234;201300031293;13;4;7;2320;5;2;1;1.0;6;33;67, POTIER (R RAYMOND);;;;620
28235;201300031294;13;4;13;1435;1;2;1;2.0;3;250;SANS, BRIQUET (R RAOUL );M;5044663.0;294401.0;620
28236;201300031295;13;4;9;1620;1;2;1;1.0;1;907;sans, OIGNIES (RTE D');M;5047938.0;296636.0;620
28237;201300031296;13;4;25;1140;1;2;3;1.0;6;413;sans, BARBUSSE (AV.);;;;620
28238;201300031297;13;5;3;1620;1;2;1;1.0;4;215;152, PRESSENCE  (R FRANC;;;;620
28239;201300031298;13;5;7;1810;1;2;1;1.0;3;215;24, ALLENDE (R SALVADOR);;;;620
28240;201300031299;13;6;4;2200;5;2;1;1.0;1;215;73, HUGO (R VICTOR );;;;620
28241;201300031300;13;6;8;635;1;2;1;1.0;1;637;158, BASLY (R EMILE);;;;620
28242;201300031301;13;6;9;545;5;2;1;1.0;6;637;97, FUSILLES (R DES 80);;;;620
28243;201300031303;13;5;19;150;5;2;1;1.0;7;215;241, FOCH (R DU MARECHAL;;;;620
28244;201300031304;13;6;14;1920;1;1;1;1.0;7;215;sans, RD917;;;;620
28245;201300031305;13;7;7;540;2;2;1;1.0;6;413;SANS, MARQUOIS (CHE. DE);;;;620
28246;201300031306;13;6;27;1430;1;1;1;1.0;3;413;SANS, ZI (LA MOTTE AU BO;M;5046538.0;290503.0;620
28247;201300031307;13;6;28;1825;1;2;1;2.0;6;215;45, QUINET (R CYPRIEN);;;;620
28248;201300031308;13;7;23;320;5;2;2;1.0;3;413;SAULES (AV. DES);;;;620
28249;201300031309;13;8;3;300;5;2;1;1.0;6;33;96, POTIER (R RAYMOND);M;5045867.0;286332.0;620
28250;201300031311;13;8;19;1715;1;1;1;1.0;5;907;SANS, D917;M;5048488.0;298255.0;620