;Num_Acc;an;mois;jour;hrmn;lum;agg;int;atm;col;com;adr;gps;lat;long;dep
28754;201300031889;13;11;19;900;1;2;1;2.0;6;70;., LIBERATION (AVENUE DE;;;;630
28755;201300031890;13;11;20;840;1;2;1;2.0;2;113;29, LAFAYETTE (BD);M;4577348.0;309142.0;630
28756;201300031891;13;11;20;1720;5;2;1;8.0;6;113;1, DOLET (RUE ETIENNE);;;;630
28757;201300031893;13;11;22;840;1;2;3;1.0;7;113;., ROUVIER (RUE);M;4580657.0;311249.0;630
28758;201300031894;13;11;22;1310;1;2;1;1.0;6;113;PELISSIER (RUE);;;;630
28759;201300031895;13;11;23;1823;5;2;1;9.0;6;113;LAMARTINE (PLACE);;;;630
28760;201300031896;13;11;23;2030;5;2;1;1.0;3;113;FLAUBERT (BD GUSTAVE);;;;630
28761;201300031897;13;11;24;1744;2;2;1;8.0;3;113;., FLAUBERT (BD GUSTAVE);;;;630
28762;201300031898;13;11;25;2040;5;2;1;1.0;6;113;1, UNION SOVIETIQUE (AVE;;;;630
28763;201300031899;13;11;26;1445;1;1;1;1.0;6;113;., FLAUBERT (BD GUSTAVE);;;;630
28764;201300031900;13;11;27;1615;1;2;1;1.0;6;113;MITTERRAND (BD FRANCOIS);;;;630
28765;201300031901;13;11;27;1638;1;2;1;1.0;6;113;., BLERIOT (AVENUE LOUIS;;;;630
28766;201300031903;13;12;2;1155;1;2;1;1.0;6;113;GUYNEMER (RUE);;;;630
28767;201300031904;13;12;2;2255;5;2;1;1.0;6;113;., TRUDAINE (BD);;;;630
28768;201300031905;13;12;7;20;5;2;1;1.0;6;113;DOLET (RUE ETIENNE);;;;630
28769;201300031906;13;12;12;1850;3;1;1;1.0;2;113;A711;;;;630
28770;201300031907;13;12;16;2225;5;2;1;1.0;6;113;SABLON (COURS);;;;630
28771;201300031908;13;12;14;1330;1;2;1;1.0;6;113;44, JOUHAUX (BD LEON);M;4579345.0;311762.0;630
28772;201300031909;13;12;25;2350;5;2;1;2.0;6;113;1, BRUGIERE (BD AMBROISE;M;4579214.0;311805.0;630
28773;201300031910;13;12;28;341;5;2;1;1.0;2;113;11, BRIAND (BD ARISTIDE);M;4577249.0;307512.0;630
28774;201300031911;13;12;29;2032;5;2;1;1.0;6;113;DUMAS (BD J.BAPTISTE);;;;630
28775;201300031913;13;2;9;1345;1;2;1;9.0;3;124;15, LIBERTE (AVENUE DE L;;;;630
28776;201300031914;13;2;9;1830;2;2;2;9.0;3;69;AUZON (AVENUE DE L');M;4571845.0;318450.0;630
28777;201300031915;13;2;17;1540;1;2;1;1.0;3;124;24, DOMES (AVENUE DES);M;4573116.0;319646.0;630
28778;201300031916;13;2;26;1920;5;2;2;1.0;3;193;RD 769;M;4578011.0;320257.0;630
28779;201300031917;13;2;28;1530;1;2;4;1.0;3;193;RD 766;M;4577963.0;320370.0;630
28780;201300031918;13;3;12;2000;5;2;2;1.0;2;193;GRASSETTE (RUE DE LA);M;4577269.0;318425.0;630
28781;201300031919;13;3;18;1400;1;1;1;1.0;2;124;D137;;;;630
28782;201300031920;13;3;27;1620;1;1;1;1.0;5;124;CLERMONT (AVENUE DE);;;;630
28783;201300031921;13;3;28;1210;1;1;1;2.0;3;124;av de Clermont;;;;630
28784;201300031923;13;4;23;1625;1;2;1;1.0;5;124;LECLERC (AVENUE MARECHAL;M;4573813.0;316922.0;630
28785;201300031924;13;4;24;1755;1;2;1;1.0;2;124;PASTEUR (BOULEVARD);M;4573033.0;320608.0;630
28786;201300031925;13;4;24;1825;1;2;1;1.0;7;124;02, ROUX (BOULEVARD EMIL;M;4573299.0;321061.0;630
28787;201300031927;13;4;30;815;1;2;6;2.0;7;193;RD 766;M;4577656.0;319756.0;630
28788;201300031928;13;5;13;1225;1;2;1;1.0;2;124;CLEMENCEAU (AV. GEORGES);;;;630
28789;201300031929;13;5;27;1645;1;2;2;1.0;3;193;RD 769;;;;630
28790;201300031930;13;5;30;810;1;1;3;1.0;3;193;RD 766;M;4577670.0;318025.0;630
28791;201300031933;13;6;19;1530;1;2;1;1.0;1;124;13, MERMOZ (RUE JEAN);M;4574722.0;316750.0;630
28792;201300031935;13;6;26;1850;1;2;1;1.0;2;272;COURNON (ROUTE DE);;;;630
28793;201300031936;13;6;20;1325;1;1;1;1.0;6;193;RD 52;;;;630
28794;201300031937;13;7;1;1850;1;2;4;1.0;3;193;RD 766;M;4577559.0;319262.0;630
28795;201300031938;13;7;3;2225;5;2;1;1.0;7;193;VAUGONDIERES (CHEMIN DES;;;;630
28796;201300031939;13;8;5;645;2;2;6;1.0;3;124;HUGUET (CARREFOUR ROBERT;M;4574616.0;321179.0;630
28797;201300031940;13;8;31;1055;1;2;2;1.0;7;124;AUBIERE (AV. D');M;4574339.0;316753.0;630
28798;201300031941;13;9;3;1745;1;2;1;1.0;3;124;23, JOFFRE (AVENUE MAREC;M;4573242.0;318926.0;630
28799;201300031942;13;9;6;1840;1;1;1;1.0;7;193;COURNON (RUE DE);;;;630
28800;201300031943;13;9;12;1450;1;1;1;1.0;3;124;SARLIEVES (RUE DE);;;;630
28801;201300031944;13;9;23;845;1;2;1;1.0;3;69;AUZON (AVENUE DE L');;;;630
28802;201300031945;13;9;27;1600;1;2;1;1.0;7;124;MIDI (AVENUE DU);;;;630
28803;201300031946;13;9;28;1455;1;2;2;1.0;3;124;DOMES (AVENUE DES);M;4573372.0;320674.0;630
28804;201300031948;13;10;15;725;2;2;3;2.0;5;124;CENDRE (ROUTE DU);;;;630
28805;201300031949;13;10;15;1810;1;1;6;2.0;2;193;RD 766;M;4578415.0;321330.0;630
28806;201300031950;13;10;18;2145;5;1;1;1.0;6;193;RD 52;;;;630
28807;201300031951;13;11;13;920;1;2;1;2.0;7;193;MILAN (RUE DE);;;;630
28808;201300031952;13;11;25;1925;5;2;3;1.0;3;193;SAINT-VERNY (RUE);M;4576833.0;319666.0;630
28809;201300031953;13;11;29;530;3;1;1;1.0;6;124;LEMPDES (AVENUE DE);;;;630
28810;201300031954;13;11;29;1145;1;2;1;8.0;3;69;CLERMONT-FERRAND (ROUTE;;;;630
28811;201300031955;13;12;1;1400;1;1;1;1.0;3;193;RD 769;;;;630
28812;201300031956;13;12;4;1830;5;2;1;1.0;6;124;52, DOMES (AVENUE DES);M;4573109.0;320238.0;630
28813;201300031958;13;12;6;1730;5;2;2;1.0;6;272;REPUBLIQUE (AVENUE DE);M;4574000.0;314035.0;630
28814;201300031959;13;12;17;1225;1;2;1;1.0;2;193;RD 769;;;;630
28815;201300031961;13;3;30;2050;5;2;3;2.0;3;164;MARTYRS (RUE DES);M;4581911.0;315009.0;630
28816;201300031962;13;5;12;840;1;2;2;1.0;6;164;., CHARMES (CARREFOUR DE;;;;630
28817;201300031963;13;6;6;1510;1;2;1;1.0;6;164;., SOUS LES ORS (RUE);;;;630
28818;201300031964;13;6;8;1140;1;2;1;1.0;6;63;face 8 bis, PERCHES (COU;M;4583020.0;309987.0;630
28819;201300031965;13;6;16;915;1;2;1;1.0;6;63;20, CHATEAUGAY (RUE DE);M;4583383.0;309650.0;630
28820;201300031967;13;8;5;1130;1;2;1;1.0;6;63;., ORANGE (RUE);;;;630
28821;201300031968;13;8;7;1715;1;2;6;1.0;3;164;Rond point de COURLANDE;;;;630
28822;201300031969;13;8;10;1700;1;2;2;1.0;6;63;3, HUIT MAI (AVENUE DU);M;4583037.0;310232.0;630
28823;201300031970;13;8;12;2030;1;2;6;1.0;6;164;., CHARRIER (RUE FRANCOI;M;4582712.0;315085.0;630
28824;201300031971;13;10;17;1010;1;2;1;2.0;7;164;17, CURIE (RUE PIERRE ET;M;4581592.0;314680.0;630
28825;201300031972;13;10;22;1900;2;2;1;1.0;6;164;., CEBAZAT (ROUTE DE);;;;630
28826;201300031973;13;10;24;1215;1;2;3;1.0;3;164;FERRY (RUE JULES);M;4582004.0;314409.0;630
28827;201300031974;13;11;6;2135;4;2;1;1.0;6;63;RD 2009;;;;630
28828;201300031975;13;12;6;1945;3;2;1;1.0;6;19;., GERZAT (ROUTE DE);;;;630
28829;201300031977;13;3;20;1;5;2;3;1.0;6;300;RD 2029;M;4587935.0;311402.0;630
28830;201300031978;13;6;7;1815;1;2;1;1.0;3;300;CHATELGUYON-GUYON (AVENU;;;;630
28831;201300031979;13;6;22;1100;1;2;2;1.0;6;300;., CLERMONT (AVENUE DE);M;4553129.0;345699.0;630
28832;201300031980;13;7;6;1730;1;2;1;1.0;6;103;RD 227;M;4555225.0;345699.0;630
28833;201300031981;13;10;11;2040;3;1;1;8.0;5;103;RD 227;;;;630
28834;201300031982;13;11;5;1845;2;2;3;1.0;6;300;SERVET MICHEL (RUE);M;4588205.0;312218.0;630
28835;201300031984;13;1;5;1115;1;2;1;8.0;2;102;180 AV HENRI DE NAVARRE;M;4351210.0;-143997.0;640
28836;201300031985;13;1;10;1630;1;2;1;2.0;6;102;RUE ANTOINE LABARTHE;M;4348940.0;-148363.0;640
28837;201300031988;13;1;16;730;5;2;1;3.0;6;102;AV DU 8 MAI 1945;M;4347640.0;-148416.0;640
28838;201300031989;13;1;22;1735;2;2;1;2.0;1;24;7 ROUTE DE MAIGNON;M;4347890.0;-150480.0;640
28839;201300031990;13;1;23;1530;1;2;1;2.0;6;102;2 AV PAUL PRAS;M;4348520.0;-147633.0;640
28840;201300031992;13;1;29;750;2;2;6;1.0;3;24;ROND POINT DE BAHINOS;M;4349400.0;-151851.0;640
28841;201300031993;13;2;5;1015;1;2;3;8.0;2;24;AV DE BIARRITZ;M;4348110.0;-153457.0;640
28842;201300031994;13;2;7;750;1;2;1;8.0;1;24;14 RUE DE NUMA;M;4348670.0;-150365.0;640
28843;201300031995;13;2;10;930;1;1;1;8.0;7;102;BD D'ARITXAGUE;M;4347130.0;-149165.0;640
28844;201300031996;13;2;10;1520;1;2;3;1.0;3;24;RUE DE BITACHON;M;4349110.0;-151373.0;640
28845;201300031997;13;2;16;1050;1;2;3;1.0;3;24;RUE DES BARTHES;M;4348350.0;-150831.0;640
28846;201300031998;13;2;20;850;1;2;1;1.0;2;102;GIRATOIRE DE BEYRIS;M;4347900.0;-149848.0;640
28847;201300032000;13;2;27;1740;1;2;1;1.0;7;102;17 RUE RENE CUZACQ;M;4349370.0;-145927.0;640
28848;201300032001;13;3;5;1510;1;2;3;1.0;3;24;AV DE BAYONNE;M;4348120.0;-151064.0;640
28849;201300032002;13;3;13;2000;5;2;1;4.0;6;102;6 RUE D' ESPAGNE;M;4348860.0;-147792.0;640
28850;201300032003;13;3;15;1555;1;2;3;1.0;3;24;AV DE BAYONNE/MINERVA;M;4348120.0;-151064.0;640
28851;201300032004;13;3;15;1800;1;2;1;1.0;6;102;5 AV JOUANDIN;M;4350290.0;-145231.0;640
28852;201300032005;13;3;21;820;1;2;1;1.0;6;102;45 AV ALLEES MARINES;M;4349860.0;-148773.0;640
28853;201300032007;13;3;29;1610;1;2;1;8.0;6;102;PLACE DU REDUIT;M;4349250.0;-147355.0;640
28854;201300032008;13;3;29;1710;1;2;6;8.0;6;24;ROND POINT DU CADRAN;M;4348330.0;-150195.0;640
28855;201300032009;13;3;31;1610;1;2;1;1.0;3;24;AV DE BAYONNE;M;4348120.0;-151077.0;640
28856;201300032011;13;4;4;1310;1;2;1;2.0;2;24;20 AVENUE D' ESPAGNE;M;4347980.0;-151679.0;640
28857;201300032012;13;4;7;1720;1;2;1;1.0;7;24;RUE DU BOIS BELIN;M;4349250.0;-152100.0;640
28858;201300032013;13;4;13;1920;1;2;6;1.0;3;102;AV AQUITAINE;M;4348670.0;-146903.0;640
28859;201300032014;13;4;13;2015;1;2;1;1.0;3;102;RUE DE LACHEPAILLET;M;4348990.0;-147919.0;640
28860;201300032016;13;4;15;1840;1;2;1;1.0;3;102;168 AV HENRI DE NAVARRE;M;4351120.0;-144216.0;640
28861;201300032017;13;4;17;1615;1;2;3;1.0;3;24;AV DE BAYONNE;M;4348250.0;-150532.0;640
28862;201300032019;13;4;20;2150;5;2;6;1.0;7;24;GIRATOIRE DE LABORDOTTE;M;4346500.0;-149961.0;640
28863;201300032020;13;4;21;2045;2;2;1;1.0;2;24;GIRATOIRE DE MAIGNON;M;4346080.0;-149611.0;640
28864;201300032021;13;4;23;1925;1;2;1;1.0;7;24;37 AV DE BIARRITZ;M;4348030.0;-152021.0;640
28865;201300032022;13;4;25;1718;1;2;1;1.0;3;24;RUE DU BOIS BELIN;M;4349330.0;-151497.0;640
28866;201300032023;13;4;25;1920;1;2;1;1.0;4;140;QUAI DE LA DOUANE;M;4352270.0;-149023.0;640
28867;201300032024;13;4;30;930;1;2;3;2.0;3;102;AV FAURIE;M;4348260.0;-148342.0;640
28868;201300032025;13;5;4;1440;1;2;1;1.0;7;102;86 DUVERGIER DE HAURANNE;M;4348080.0;-146301.0;640
28869;201300032026;13;5;4;1725;1;2;1;1.0;7;102;31 AV DOCTEUR DELVAILLE;M;4350710.0;-148593.0;640
28870;201300032027;13;5;7;955;1;2;1;8.0;3;102;45 AV LOUIS DE FOIX;M;4350820.0;-146761.0;640
28871;201300032028;13;5;10;1525;1;2;1;1.0;6;24;PLACE DE GAULLE;M;4348220.0;-151462.0;640
28872;201300032029;13;5;11;1845;1;2;1;1.0;5;102;ALLEES MARINES/NARBAITZ;M;4349780.0;-148591.0;640
28873;201300032030;13;5;21;1830;1;2;1;2.0;7;24;65 AV D'ESPAGNE;M;4347740.0;-152438.0;640
28874;201300032031;13;5;22;1430;1;2;3;2.0;6;102;RUE ALFRED BOULAND;M;4349520.0;-148783.0;640
28875;201300032032;13;5;22;1345;1;2;1;3.0;7;102;BD D'ARITXAGUE;M;4347400.0;-148984.0;640
28876;201300032033;13;6;10;1455;1;2;6;1.0;3;102;ROND POINT AMADE;M;4350230.0;-147832.0;640
28877;201300032034;13;6;10;2150;2;2;1;1.0;7;102;BD DU BAB;M;4349710.0;-148774.0;640
28878;201300032036;13;6;17;2045;1;2;1;1.0;3;102;1 AV MARECHAL SOULT;M;4348760.0;-148383.0;640
28879;201300032038;13;6;18;2255;5;2;1;3.0;6;24;44 RUE DE CHASSIN;M;4348780.0;-153083.0;640
28880;201300032040;13;6;22;1530;1;2;1;1.0;7;102;AV  FERNAND FORGUES;M;4348660.0;-147934.0;640
28881;201300032041;13;6;27;838;1;2;6;1.0;7;102;AV SAINTE CROIX;M;4349990.0;-145419.0;640
28882;201300032042;13;6;27;1225;1;2;1;1.0;2;24;12-13 ROUTE DE MAIGNON;M;4347990.0;-150721.0;640
28883;201300032043;13;7;1;1556;1;2;2;1.0;3;140;AV CHARLES DE GAULLE;M;4352800.0;-147414.0;640
28884;201300032044;13;7;2;1735;1;2;1;1.0;3;24;AV DE MINERVA;M;4348030.0;-150942.0;640
28885;201300032045;13;7;5;1115;1;2;6;1.0;2;102;AV DU GRAND BASQUE;M;4349100.0;-145402.0;640
28886;201300032046;13;7;6;1830;1;2;1;1.0;3;24;67 RUE DU BOIS BELIN;M;4349330.0;-151536.0;640
28887;201300032047;13;7;7;1030;1;2;1;1.0;2;102;2 AV DU PRISSE;M;4348100.0;-146029.0;640
28888;201300032048;13;7;8;1350;1;2;1;1.0;1;102;AV DU ONZE NOVEMBRE;M;4349300.0;-147912.0;640
28889;201300032049;13;7;12;1305;1;2;1;1.0;3;24;RUE DES BARTHES;M;4348450.0;-150504.0;640
28890;201300032050;13;7;13;1515;1;2;6;1.0;6;102;RP DOCTEUR DELAY;M;4350010.0;-146681.0;640
28891;201300032051;13;7;15;35;5;2;1;1.0;3;24;RUE DE HAUSQUETTE;M;4349060.0;-151172.0;640
28892;201300032052;13;7;15;1500;1;2;1;1.0;2;102;PONT DU LABOURD;M;4351410.0;-146707.0;640
28893;201300032053;13;7;17;535;5;2;1;1.0;7;102;AV HENRI GRENET;M;4350300.0;-147546.0;640
28894;201300032054;13;7;17;1330;1;2;1;1.0;7;102;CHEMIN DE HAYET;M;4349230.0;-145306.0;640
28895;201300032055;13;7;23;455;5;2;1;2.0;7;102;BD D'ARITXAGUE;M;4347120.0;-149137.0;640
28896;201300032057;13;7;27;225;3;2;1;2.0;1;102;46 RUE CAMILLE DELAVAILL;M;4350970.0;-148693.0;640
28897;201300032060;13;7;29;2255;5;2;1;1.0;1;24;92BIS PROMENADE BARRE;M;4350400.0;-152636.0;640
28898;201300032061;13;7;31;1200;1;2;6;1.0;3;102;BD DU BAB;M;4349580.0;-148423.0;640
28899;201300032062;13;7;31;2345;5;2;2;1.0;3;24;BD DU BAB;M;4348800.0;-153596.0;640
28900;201300032063;13;8;1;1355;1;2;1;1.0;6;102;ALLEES BOUFFLERS;M;4349270.0;-147168.0;640
28901;201300032064;13;8;1;1358;1;2;3;1.0;3;102;BD DU BAB;M;4349530.0;-148239.0;640
28902;201300032065;13;8;5;2340;5;2;1;2.0;6;24;BD DU BAB;M;4349390.0;-152012.0;640
28903;201300032066;13;8;10;2125;2;2;1;1.0;7;24;20 RUE BERNARD GAUDEL;M;4348190.0;-149775.0;640
28904;201300032067;13;8;14;2245;2;2;1;1.0;7;140;249 AV DE L' ADOUR;M;4352490.0;-150794.0;640
28905;201300032068;13;8;18;925;1;2;6;1.0;6;102;AV DUVERGIER DE HAURANNE;M;4349050.0;-146763.0;640
28906;201300032069;13;8;19;600;5;2;1;1.0;1;24;BD DU BAB;M;4349020.0;-153409.0;640
28907;201300032070;13;8;20;754;1;2;1;1.0;3;140;RUE PAUL BIREMONT;M;4352740.0;-149206.0;640
28908;201300032072;13;8;21;1155;1;2;1;1.0;1;102;RUE JULES BALASQUE;M;4349790.0;-146294.0;640
28909;201300032073;13;8;25;1735;1;2;1;2.0;3;102;17 AV LOUIS DE FOIX;M;4350480.0;-146730.0;640
28910;201300032074;13;8;26;1700;1;2;3;8.0;3;24;26 AV DE BAYONNE;M;4348080.0;-151284.0;640
28911;201300032075;13;8;27;1837;1;2;6;1.0;3;24;GIRATOIRE DE MAIGNON;M;4346560.0;-149529.0;640
28912;201300032076;13;8;28;735;1;2;3;1.0;3;24;ROUTE D' ARITXAGUE;M;4347370.0;-149631.0;640
28913;201300032077;13;8;28;1550;1;2;1;1.0;3;102;RUE MAUBEC;M;4349650.0;-146978.0;640
28914;201300032078;13;9;1;1100;1;2;1;1.0;6;24;59 AV ALLEES MARINES;M;4350010.0;-149068.0;640
28915;201300032080;13;9;3;1205;1;2;1;1.0;6;102;AV DUBROCQ /FOCH;M;4349460.0;-148575.0;640
28916;201300032081;13;9;4;1030;1;2;1;1.0;1;140;Z.A. DU BAZE;M;4352660.0;-149495.0;640
28917;201300032082;13;9;4;2300;5;2;1;1.0;3;24;15 AV DU POLO;M;4347950.0;-149833.0;640
28918;201300032084;13;9;5;1245;1;2;1;1.0;3;102;AV ALLEES PAULMY;M;4349070.0;-148165.0;640
28919;201300032085;13;9;5;1450;1;2;1;1.0;7;24;66 RUE DES CINQ CANTONS;M;4349050.0;-152447.0;640
28920;201300032086;13;9;7;1330;1;2;1;2.0;3;102;48 RUE MAUBEC;M;4349830.0;-146749.0;640
28921;201300032087;13;9;9;1610;1;2;1;1.0;2;102;5 AV RAOUL FOLLEREAU;M;4348040.0;-147516.0;640
28922;201300032088;13;9;10;1406;1;2;1;1.0;2;140;QUAI DE LA DOUANE;M;4352000.0;-148871.0;640
28923;201300032089;13;9;11;2155;5;2;3;1.0;3;24;AV DE L' ADOUR/MONTBRUN;M;4350400.0;-149516.0;640
28924;201300032090;13;9;13;745;2;2;1;2.0;2;24;23 ROUTE DE CAMBO;M;4345890.0;-149581.0;640
28925;201300032091;13;9;13;905;1;2;3;2.0;7;102;2 AV DU CAPT RESPLANDY;M;4349030.0;-146746.0;640
28926;201300032093;13;9;18;920;1;2;3;2.0;3;24;AV DE BIARRITZ;M;4348020.0;-152110.0;640
28927;201300032094;13;9;20;1810;1;2;6;8.0;6;24;GIR DE JORLIS/BARTHES;M;4349820.0;-149363.0;640
28928;201300032096;13;9;28;1750;1;1;1;8.0;6;24;1 AV JL LAPORTE;M;4348370.0;-150360.0;640
28929;201300032097;13;9;29;120;5;2;1;1.0;7;102;50 RUE JULES LABAT;M;4349300.0;-147821.0;640
28930;201300032098;13;10;1;1640;1;2;2;1.0;3;102;AV MAL SOULT/AV BEYRIS;M;4348520.0;-149408.0;640
28931;201300032099;13;10;1;1715;1;2;1;1.0;7;24;0,BD DU BAB;M;4349730.0;-150193.0;640
28932;201300032100;13;10;6;600;5;2;1;8.0;7;102;AV D' AQUITAINE;M;4348600.0;-147211.0;640
28933;201300032101;13;10;7;1635;1;2;1;1.0;6;24;CHEMIN DES BARTHES;M;4349930.0;-149310.0;640
28934;201300032102;13;10;10;2014;5;2;1;1.0;3;102;21 BD ALSACE LORRAINE;M;4349460.0;-146846.0;640
28935;201300032103;13;10;12;2110;5;2;3;1.0;6;140;RUE DE MATIGNON/DUCLOS;M;4353190.0;-146112.0;640
28936;201300032104;13;10;21;850;1;2;1;1.0;2;102;CHEMIN DE BERGERET;M;4349210.0;-145331.0;640
28937;201300032105;13;10;22;730;5;2;6;1.0;3;102;GIRATOIRE LES PONTOTS;M;4348860.0;-149127.0;640
28938;201300032106;13;10;27;1745;1;2;1;1.0;6;24;RUE DU BOIS BELIN;M;4349320.0;-151673.0;640
28939;201300032107;13;10;27;1740;1;2;6;1.0;3;24;AVENUE DES VAGUES;M;4349950.0;-154055.0;640
28940;201300032108;13;10;31;1925;5;1;3;1.0;3;102;CHEMIN DE SABALCE;M;4349590.0;-149121.0;640
28941;201300032109;13;11;7;825;1;2;2;1.0;3;102;AV ALLEES PAULMY;M;4349340.0;-148009.0;640
28942;201300032112;13;11;25;1845;5;2;1;8.0;6;102;42 AV MARECHAL SOULT;M;4348560.0;-149207.0;640
28943;201300032113;13;11;27;1815;5;2;1;8.0;4;102;2 AV DU GRAND BASQUE;M;4350460.0;-146740.0;640
28944;201300032114;13;11;28;2100;5;2;2;8.0;3;102;RUE LORDMAND;M;4349380.0;-147684.0;640
28945;201300032115;13;11;29;1605;1;2;1;1.0;3;102;33 CHEMIN DE SABALCE;M;4349150.0;-149169.0;640
28946;201300032116;13;12;4;800;5;2;1;8.0;2;102;3 RUE BOURGNEUF;M;4349230.0;-147350.0;640
28947;201300032117;13;12;7;505;5;2;1;1.0;6;24;231 AV DE L' ADOUR;M;4352450.0;-150538.0;640
28948;201300032118;13;12;7;925;1;2;1;1.0;6;140;PLACE PIERRE SEMARD;M;4352370.0;-149024.0;640
28949;201300032119;13;12;8;1630;1;2;1;1.0;7;24;128 AV DE L' ADOUR;M;4352650.0;-151230.0;640
28950;201300032120;13;12;9;1900;5;1;6;1.0;3;24;ROND POINT BERNAIN;M;4348330.0;-150195.0;640
28951;201300032122;13;12;11;1645;1;2;1;1.0;3;102;AV DU 8 MAI 1945;M;4347020.0;-148833.0;640
28952;201300032123;13;12;13;1735;5;2;1;2.0;3;102;AV HENRI DE NAVARRE;M;4349660.0;-145054.0;640
28953;201300032124;13;12;14;1105;1;2;1;1.0;3;102;QUAI DE LESSEPS;M;4349890.0;-148143.0;640
28954;201300032125;13;12;17;1755;2;2;1;1.0;3;24;99 AV D' ESPAGNE;M;4347460.0;-153079.0;640
28955;201300032126;13;12;18;955;1;1;1;1.0;3;102;AV HENRI DE NAVARRE;M;4350370.0;-144663.0;640
28956;201300032127;13;12;19;1920;5;2;6;2.0;3;24;RP BUTTE AUX CAILLES;M;4349720.0;-150988.0;640
28957;201300032128;13;12;29;1615;1;2;1;2.0;7;24;BD DU BAB;M;4349400.0;-152538.0;640
28958;201300032129;13;1;7;2114;5;2;1;8.0;6;122;68 AV DE LA MILADY;M;4346710.0;-157120.0;640
28959;201300032130;13;1;11;1845;2;2;9;1.0;3;122;RUE ESTAGNAS/CLINIQUE;M;4348620.0;-153909.0;640
28960;201300032132;13;1;17;755;5;2;2;8.0;1;122;AV D' ETIENNE;M;4348730.0;-154718.0;640
28961;201300032133;13;1;24;1445;1;2;1;1.0;5;122;BD DU BAB;;;;640
28962;201300032134;13;1;26;413;5;2;1;8.0;6;125;AV D' ESPAGNE;M;4342690.0;-160366.0;640
28963;201300032135;13;2;18;1910;2;2;1;1.0;6;122;100 RUE D'ESPAGNE;M;4347420.0;-155933.0;640
28964;201300032137;13;3;7;2020;5;2;1;1.0;6;122;97 AV DE VERDUN;M;4348160.0;-154760.0;640
28965;201300032138;13;3;16;1420;1;2;1;1.0;3;38;RUE DE PITCHOT;M;4346670.0;-153800.0;640
28966;201300032139;13;4;1;1622;1;2;1;1.0;6;122;57 BIS AV MILADY;M;4346710.0;-157118.0;640
28967;201300032140;13;4;11;355;5;2;1;1.0;6;122;CHEMIN ENE MAITEA;M;4344900.0;-156454.0;640
28968;201300032141;13;4;17;1945;1;2;1;1.0;6;122;AV REINE VICTORIA;M;4348540.0;-154983.0;640
28969;201300032142;13;4;19;300;5;2;1;2.0;6;122;BD DE CASCAIS;M;4347390.0;-154531.0;640
28970;201300032143;13;5;16;800;1;2;1;2.0;6;122;24 RUE LAVIGERIE;M;4348820.0;-155252.0;640
28971;201300032144;13;6;9;2323;5;2;1;2.0;3;125;AV DE BAYONNE;;;;640
28972;201300032145;13;6;12;1730;1;2;1;1.0;2;125;AV DE BIARRITZ;;;;640
28973;201300032146;13;6;15;1305;1;2;6;1.0;1;24;AV LAROCHEFOUCAULD;M;4348740.0;-153692.0;640
28974;201300032148;13;7;11;230;5;2;1;1.0;7;122;52 AV DE IMPERATRICE;M;4349100.0;-155200.0;640
28975;201300032149;13;7;12;915;1;2;1;1.0;7;125;AV DE BAYONNE;;;;640
28976;201300032150;13;7;13;1910;1;2;1;1.0;6;125;RD 810;M;4344800.0;-157314.0;640
28977;201300032151;13;7;21;405;5;2;1;1.0;6;122;AV DU LAC MARION;;;;640
28978;201300032152;13;7;24;845;1;2;1;1.0;3;122;1 RUE D' ESPAGNE;M;4347730.0;-156521.0;640
28979;201300032153;13;7;24;1700;1;2;1;1.0;4;125;1127 AV DE BIARRITZ;M;4345100.0;-157458.0;640
28980;201300032154;13;7;26;1912;1;2;1;1.0;3;125;AV ATHERBEA;M;4343080.0;-159869.0;640
28981;201300032155;13;7;27;1220;1;2;1;1.0;3;122;ROND POINT DE L EUROPE;M;4348110.0;-154103.0;640
28982;201300032156;13;7;31;1900;1;2;1;1.0;3;122;BD MARCEL DASSAULT;M;4345110.0;-155638.0;640
28983;201300032157;13;8;3;1620;1;2;1;1.0;2;122;21 RUE DE SILHOUETTE;M;4345160.0;-155251.0;640
28984;201300032158;13;8;6;1330;1;2;1;1.0;6;122;R-P LA NEGRESSE;M;4345870.0;-154735.0;640
28985;201300032159;13;8;9;2010;1;2;1;1.0;3;122;11 AV MARECHAL FOCH;M;4348060.0;-155874.0;640
28986;201300032160;13;8;11;242;5;2;1;1.0;6;125;50 AV DU PLATEAU;M;4344370.0;-158499.0;640
28987;201300032161;13;8;24;510;5;2;1;1.0;6;125;RUE BURRUNTZ;;;;640
28988;201300032162;13;8;26;1605;1;2;1;1.0;6;125;AV DE BAYONNE;;;;640
28989;201300032163;13;9;4;2115;2;2;4;1.0;3;122;AV DE LA MARNE;M;4348450.0;-155485.0;640
28990;201300032164;13;10;2;1825;1;2;9;1.0;3;125;355 AV D'ESPAGNE;M;4343010.0;-159968.0;640
28991;201300032165;13;10;26;825;1;2;3;1.0;6;122;AV DE L' IMPERATRICE;M;4348540.0;-155625.0;640