;Num_Acc;an;mois;jour;hrmn;lum;agg;int;atm;col;com;adr;gps;lat;long;dep
28992;201300032166;13;10;27;1005;1;2;9;1.0;3;122;55 AV DU BRAOU;M;4347550.0;-154028.0;640
28993;201300032167;13;11;20;1810;5;2;1;3.0;6;122;28 AV VICTOR HUGO;M;4348010.0;-156192.0;640
28994;201300032168;13;12;5;1845;2;2;1;1.0;5;125;AV ATHERBEA;M;4343350.0;-159532.0;640
28995;201300032169;13;12;6;2255;5;2;1;1.0;6;122;23 AV-IMP DU GOLF;M;4348740.0;-154716.0;640
28996;201300032170;13;12;15;1040;1;2;1;1.0;6;125;273 AV DU PLATEAU;M;4344550.0;-158375.0;640
28997;201300032171;13;12;17;1315;1;2;1;1.0;3;122;9 RUE LOUIS BARTHOU;M;4348290.0;-155822.0;640
28998;201300032172;13;12;21;1510;1;2;1;1.0;2;122;RUE- ESPL PORT VIEUX;M;4348220.0;-156710.0;640
28999;201300032173;13;12;29;955;1;2;1;3.0;6;24;19 AV DU BRAOU;M;4347930.0;-153579.0;640
29000;201300032174;13;12;31;1715;1;2;1;1.0;6;125;64 AV DE BAYONNE;M;4344720.0;-157514.0;640
29001;201300032175;13;1;4;1703;1;2;3;1.0;3;445;9 RUE MARCA;M;4329440.0;-37722.0;640
29002;201300032177;13;1;7;1234;1;2;3;2.0;3;445;15 BIS RUE SERVIEZ;M;4329730.0;-36925.0;640
29003;201300032178;13;1;9;1458;1;2;1;1.0;6;445;11 RUE DE LA REPUBLIQUE;M;4329960.0;-36848.0;640
29004;201300032180;13;1;11;1113;1;2;3;1.0;3;445;AV BEZIOU/AV MONTILLEUIL;M;4330880.0;-38026.0;640
29005;201300032181;13;1;12;15;5;2;1;1.0;6;445;6 RUE EMILE GARET;M;4330190.0;-36091.0;640
29006;201300032182;13;1;14;1811;5;2;1;2.0;6;445;24 AV GASTON LACOSTE;M;4329230.0;-36902.0;640
29007;201300032183;13;1;14;1845;5;2;1;2.0;6;445;242 AV JEAN MERMOZ;M;4332270.0;-37937.0;640
29008;201300032184;13;1;15;1700;1;2;1;2.0;1;335;RUE SAINT-EXUPERY;M;4331620.0;-43629.0;640
29009;201300032185;13;1;17;1255;1;2;2;1.0;6;445;66 AV DIDIER DAURAT;M;4333110.0;-37969.0;640
29010;201300032187;13;1;18;1228;1;2;1;1.0;3;445;AV GAL POEYMIRAU;M;4329550.0;-35902.0;640
29011;201300032188;13;1;24;1230;1;2;1;2.0;4;335;125 BD DE L' EUROPE;M;4332540.0;-43881.0;640
29012;201300032189;13;1;25;1610;1;2;7;1.0;6;445;ALBERT 1ER/RUE DUPLAA;M;4329940.0;-37259.0;640
29013;201300032190;13;1;26;1140;1;2;6;3.0;3;445;RP  LA COMMUNE DE PARIS;M;4331120.0;-36237.0;640
29014;201300032191;13;1;26;1525;1;2;6;1.0;6;445;RP FRANCOIS MITTERAND;M;4333820.0;-37973.0;640
29015;201300032192;13;1;26;1640;1;2;6;1.0;3;445;RP LA COMMUNE DE PARIS;M;4331120.0;-36235.0;640
29016;201300032193;13;1;26;1820;5;2;1;1.0;1;445;99 AV DU LOUP;M;4331650.0;-35320.0;640
29017;201300032194;13;1;30;1345;1;2;3;1.0;3;445;AV DUFAU/RUE SCHUMAN;M;4330940.0;-36396.0;640
29018;201300032195;13;1;31;1205;1;2;3;1.0;3;348;4 BD CHARLES DE GAULLE;M;4330650.0;-40428.0;640
29019;201300032196;13;1;31;1802;1;2;3;1.0;2;445;RUE DE LIEGE/RUE CAMI;M;4330030.0;-37514.0;640
29020;201300032197;13;2;2;1115;1;2;1;2.0;3;445;36 ROUTE DE BAYONNE;M;4329940.0;-39124.0;640
29021;201300032198;13;2;2;1135;1;2;1;1.0;2;445;67 AV JEAN MERMOZ;M;4331080.0;-37708.0;640
29022;201300032199;13;2;2;1749;2;2;1;2.0;6;335;99 BD DE L'EUROPE;M;4332770.0;-44307.0;640
29023;201300032200;13;2;2;1932;5;2;1;1.0;3;129;61 ROUTE DE BAYONNE;M;4330480.0;-40125.0;640
29024;201300032201;13;2;3;955;1;2;1;1.0;2;445;58 RUE DU 14 JUILLET;M;4328850.0;-38010.0;640
29025;201300032202;13;2;3;1945;5;2;3;1.0;1;445;BD DE LA PAIX/PHILLIPON;M;4332140.0;-36039.0;640
29026;201300032203;13;2;6;1730;1;2;1;2.0;2;445;109 AV JEAN MERMOZ;M;4331490.0;-37787.0;640
29027;201300032204;13;2;6;1940;5;2;1;2.0;6;445;AV DE EUROPE;M;4332930.0;-34533.0;640
29028;201300032205;13;2;6;1950;5;2;1;2.0;4;445;369 BD DE LA PAIX;M;4332380.0;-37453.0;640
29029;201300032206;13;2;7;805;2;2;2;1.0;3;284;AV CORPS FRANC POMMIES;M;4329210.0;-40133.0;640
29030;201300032207;13;2;8;1545;1;2;1;2.0;3;445;70 AV ALLEES DE MORLAAS;M;4330280.0;-35282.0;640
29031;201300032208;13;2;11;1200;1;2;2;4.0;6;445;RUE CAMORS/AV SARRAILH;M;4331000.0;-36920.0;640
29032;201300032209;13;2;11;1905;5;2;1;2.0;6;445;72 RUE D'ETIGNY;M;4329610.0;-38234.0;640
29033;201300032211;13;2;13;1736;1;2;3;1.0;7;445;RUE FAISANS/CASTETNAU;M;4330120.0;-35934.0;640
29034;201300032212;13;2;19;1600;1;2;2;1.0;6;445;RUE SAMONZET/AV FOCH;M;4329720.0;-36648.0;640
29035;201300032213;13;2;19;1740;1;2;1;1.0;6;445;18 BD ALSACE LORRAINE;M;4330280.0;-36181.0;640
29036;201300032214;13;2;19;2350;5;2;2;1.0;2;445;AV EDOUARD VII/TRESPOEY;M;4329830.0;-35836.0;640
29037;201300032215;13;2;21;1925;4;2;1;1.0;6;284;1 AV RAUSKI;M;4327750.0;-38835.0;640
29038;201300032216;13;2;22;1420;1;2;3;1.0;3;399;MARTYRS DU PONT LONG DES;M;4334810.0;-37993.0;640
29039;201300032217;13;2;23;1817;1;2;1;1.0;3;315;AV ANDRE MARIE AMPERE;M;4331580.0;-43029.0;640
29040;201300032218;13;2;25;800;1;2;2;4.0;1;129;24 AV LALANNE;M;4330720.0;-39039.0;640
29041;201300032219;13;2;25;2220;5;2;2;4.0;3;445;RUE CARREROT/FAISANS;M;4329900.0;-36308.0;640
29042;201300032220;13;2;27;1450;1;2;6;1.0;2;445;RP ERIC TABARLY;M;4331860.0;-35982.0;640
29043;201300032221;13;2;28;1720;1;2;1;1.0;6;445;39 BD ALSACE LORRAINE;M;4330350.0;-36458.0;640
29044;201300032222;13;3;1;1615;1;2;1;1.0;2;445;AV CORPS FRANC POMMIES;M;4330380.0;-31608.0;640
29045;201300032223;13;3;2;245;5;2;1;1.0;6;445;AV RESISTANCE/SEGURE;M;4330250.0;-37557.0;640
29046;201300032224;13;3;2;2125;3;2;2;1.0;3;445;RUE ARSONVAL/BERTHELOT;M;4330740.0;-36391.0;640
29047;201300032225;13;3;4;1514;1;2;2;1.0;2;445;AV DE GAULLE/AV BEARN;M;4330180.0;-35621.0;640
29048;201300032226;13;3;4;2145;5;2;2;1.0;3;445;AV FOUCHET/AV MONTARDON;M;4331390.0;-37575.0;640
29049;201300032227;13;3;6;759;2;2;1;1.0;2;445;56 ROUTE DE BAYONNE;M;4330110.0;-39435.0;640
29050;201300032228;13;3;7;805;1;2;1;1.0;1;445;45 CLOS SAINT-BENOIT;M;4330210.0;-32314.0;640
29051;201300032229;13;3;7;1340;1;2;1;1.0;3;335;147 BD CHARLES DE GAULLE;M;4331680.0;-42318.0;640
29052;201300032230;13;3;7;1800;1;2;1;1.0;2;335;PONT SAINTE-CATHERINE;M;4332780.0;-43842.0;640
29053;201300032231;13;3;8;1010;1;2;1;1.0;4;335;BD DE L'EUROPE/TUCOO;M;4333840.0;-46290.0;640
29054;201300032232;13;3;11;1005;1;2;3;1.0;3;445;38 AV FOUCHET;M;4331390.0;-37666.0;640
29055;201300032233;13;3;15;2210;5;2;1;1.0;6;335;4 CHEMIN FOURCET;M;4332700.0;-43918.0;640
29056;201300032234;13;3;18;1338;1;2;1;2.0;2;445;48 BD JEAN SARRAIL;M;4330880.0;-37281.0;640
29057;201300032235;13;3;19;743;1;2;1;1.0;3;315;AV DU VERT GALANT;M;4331950.0;-45246.0;640
29058;201300032236;13;3;19;1753;1;2;1;1.0;3;445;45 BD ALSACE LORRAINE;M;4330400.0;-36621.0;640
29059;201300032237;13;3;20;1100;1;2;2;1.0;2;445;AV JEAN MERMOZ/MIRABELLE;M;4330600.0;-37656.0;640
29060;201300032239;13;3;21;1028;1;2;8;1.0;4;284;AV DU 8 MAI 1945;M;4328120.0;-38585.0;640
29061;201300032240;13;3;21;1220;1;2;1;1.0;3;445;30 AV CHATEAU D'ESTE;M;4330600.0;-38801.0;640
29062;201300032241;13;3;22;1100;1;2;2;1.0;3;445;AV PEBOUE/BD PAIX;M;4331240.0;-32688.0;640
29063;201300032242;13;3;23;631;2;2;1;1.0;6;335;92 BD CHARLES DE GAULLE;M;4331330.0;-41659.0;640
29064;201300032243;13;3;25;140;5;2;1;1.0;6;269;12 AV PIERRE DE BELSUNCE;M;4329530.0;-30707.0;640
29065;201300032244;13;3;27;2110;5;2;2;1.0;3;445;AV MERMOZ/AV MONTILLEUL;M;4330910.0;-37679.0;640
29066;201300032245;13;3;28;1731;1;2;1;1.0;6;129;47 BD CHARLES DE GAULLE;M;4330860.0;-40819.0;640
29067;201300032246;13;3;29;435;5;2;1;1.0;6;445;RUE SERVIEZ/7 CANTONS;M;4329850.0;-37049.0;640
29068;201300032247;13;3;29;1907;5;2;2;8.0;3;129;ROUTE BAYONNE/LACASSAGNE;M;4330430.0;-40027.0;640
29069;201300032248;13;4;3;1635;1;2;1;1.0;4;445;43 AV HENRI 4;M;4328480.0;-38451.0;640
29070;201300032250;13;4;9;2110;5;2;2;1.0;3;445;AV BEARN/AV DE GAULLE;M;4330180.0;-35624.0;640
29071;201300032251;13;4;10;1844;1;2;2;1.0;3;445;AV DUFAU/RUE SCHUMAN;M;4330940.0;-36397.0;640
29072;201300032252;13;4;11;15;5;2;2;1.0;3;445;MAQUIS BEARN/BORDELONGUE;M;4329870.0;-37690.0;640
29073;201300032255;13;4;13;300;5;2;2;1.0;3;445;RUE RESISTANCE/SEGURE;M;4330250.0;-37553.0;640
29074;201300032256;13;4;15;1720;1;2;1;1.0;6;445;87 BD DE LA PAIX;M;4331580.0;-33769.0;640
29075;201300032257;13;4;16;1220;1;2;1;1.0;2;399;MARTYRS DU PONT LONG;M;4334190.0;-37983.0;640
29076;201300032258;13;4;17;846;1;2;2;1.0;6;445;RUE MARCA/14 JUILLET;M;4329450.0;-37716.0;640
29077;201300032259;13;4;17;1540;1;2;1;1.0;2;335;148 BD DE L' EUROPE;M;4332780.0;-44362.0;640
29078;201300032260;13;4;18;1310;1;2;1;1.0;6;335;23 AV DE L'OUSSE;M;4333760.0;-43358.0;640
29079;201300032261;13;4;19;1210;1;2;1;1.0;3;445;RUE GENERAL LECLERC;M;4328800.0;-39023.0;640
29080;201300032262;13;4;19;1540;1;2;1;1.0;6;399;95 MARTYRS DU PONT LONG;M;4334510.0;-37990.0;640
29081;201300032263;13;4;20;1629;1;2;1;1.0;2;269;38 ROUTE DE TARBES;M;4329780.0;-30189.0;640
29082;201300032264;13;4;3;1715;1;2;1;1.0;6;445;27 RUE CARNOT;M;4330060.0;-36967.0;640
29083;201300032265;13;4;23;2032;5;2;2;1.0;3;445;RUE MICHELET/VICTOR HUGO;M;4330180.0;-37756.0;640
29084;201300032267;13;4;25;1330;1;2;2;1.0;3;445;BD DE LA PAIX/POUGUET;M;4332050.0;-35258.0;640
29085;201300032268;13;4;25;1620;1;2;2;1.0;3;445;RUE MARCA/RUE DES PONTS;M;4329460.0;-37711.0;640
29086;201300032269;13;4;26;1140;1;2;3;2.0;6;445;MARGUERITE LABORDE/SIMIA;M;4329990.0;-36846.0;640
29087;201300032270;13;4;27;1310;1;2;6;1.0;3;445;RP LA COMMUNE DE PARIS;M;4331100.0;-36286.0;640
29088;201300032271;13;4;30;1600;1;2;1;1.0;3;445;39 AV DU LOUP;M;4330770.0;-35651.0;640
29089;201300032272;13;5;3;1300;1;2;2;1.0;3;445;AV CORPS FRANC POMMIES;M;4330670.0;-32754.0;640
29090;201300032273;13;5;6;1000;1;2;2;1.0;2;445;BD DE LA PAIX/PHILLIPON;M;4332140.0;-36036.0;640
29091;201300032274;13;5;8;1800;1;2;1;2.0;4;269;40 ROUTE DE TARBES;M;4329790.0;-30209.0;640
29092;201300032275;13;5;9;1545;1;2;1;1.0;3;445;27 FEDERICO GARCIA LORCA;M;4330880.0;-35482.0;640
29093;201300032276;13;5;10;1440;1;2;1;1.0;4;348;51 BD CHARLES DE GAULLE;M;4330900.0;-40879.0;640
29094;201300032277;13;5;10;1640;1;2;3;1.0;3;445;AV LARRIBAU/RUE RAMADIER;M;4331800.0;-31836.0;640
29095;201300032278;13;5;11;1223;1;2;3;1.0;5;445;AV DE BOURBON/HAUTERIVE;M;4332480.0;-35732.0;640
29096;201300032279;13;5;12;1625;1;2;3;1.0;3;445;38 AV MONTARDON;M;4331180.0;-37548.0;640
29097;201300032280;13;5;13;1331;1;2;1;1.0;6;445;40 BD ALSACE LORRAINE;M;4330390.0;-36566.0;640
29098;201300032281;13;5;13;1558;1;2;1;1.0;6;129;64 ROUTE DE BAYONNE;M;4330260.0;-39689.0;640
29099;201300032282;13;5;16;815;1;2;6;2.0;3;132;CHEMIN HOURAT/BEAU SOLEI;M;4329890.0;-32203.0;640
29100;201300032283;13;5;16;912;1;2;1;2.0;4;445;AV JEAN BIRAY;M;4329340.0;-37568.0;640
29101;201300032284;13;5;17;758;2;2;1;1.0;6;445;BD BARBANEGRE;;;;640
29102;201300032285;13;5;19;1335;1;2;2;1.0;3;129;RUE MAIRIE/ROUTE BAYONNE;M;4330210.0;-39626.0;640
29103;201300032286;13;5;20;1647;1;1;2;1.0;3;445;15 AV DU LOUP;M;4330490.0;-35704.0;640
29104;201300032288;13;5;24;922;1;2;3;1.0;3;445;RUE BERNES CAMBOT/BREMON;M;4330570.0;-37034.0;640
29105;201300032289;13;5;27;1600;1;2;1;1.0;5;445;19 BD TOURASSE;M;4330940.0;-34444.0;640
29106;201300032290;13;5;28;1715;1;2;1;1.0;6;445;2 RUE HENRY RUSSEL;M;4329900.0;-35190.0;640
29107;201300032291;13;5;29;755;1;2;2;2.0;6;445;RUE ORLEANS/ALBERT 1ER;M;4329910.0;-37278.0;640
29108;201300032292;13;6;3;1910;1;2;6;1.0;2;445;RP COMBATTANTS AFRIQUE N;M;4333820.0;-37973.0;640
29109;201300032293;13;6;4;1150;1;2;1;1.0;3;445;PARKING UNIVERSITE;M;4331380.0;-36317.0;640
29110;201300032294;13;6;4;1710;1;2;1;1.0;3;445;23 ROUTE DE TARBES;M;4330050.0;-31132.0;640
29111;201300032295;13;6;4;1720;1;2;1;1.0;4;445;23 ROUTE DE TARBES;M;4330050.0;-31149.0;640
29112;201300032296;13;6;6;1523;1;2;1;1.0;3;445;49 AV DUFAU;M;4331090.0;-36315.0;640
29113;201300032297;13;6;10;1209;1;2;1;1.0;2;445;115 BD ALSACE LORRAINE;M;4330530.0;-37341.0;640
29114;201300032298;13;6;11;1347;1;2;3;1.0;3;445;AV GASTON LACOSTE/GARE;M;4329210.0;-36838.0;640
29115;201300032299;13;6;12;740;1;2;1;1.0;3;348;FRERES LUMIERE/MALIHONDA;M;4330650.0;-41002.0;640
29116;201300032300;13;6;12;915;1;2;1;1.0;3;129;20 AV DU TONKIN;M;4331520.0;-38588.0;640
29117;201300032301;13;6;12;1358;1;2;1;1.0;2;445;RP VICTOR SCHOELCHER;M;4332110.0;-35914.0;640
29118;201300032302;13;6;12;1750;1;2;3;1.0;3;335;JEAN PREVOST/BD EUROPE;M;4333210.0;-45135.0;640
29119;201300032304;13;6;16;1135;1;2;1;1.0;6;445;27 RUE DE VINCENNES;M;4332930.0;-37772.0;640
29120;201300032305;13;6;16;1600;1;2;1;1.0;3;284;0,CHEMIN DE LAROIN;M;4328590.0;-41293.0;640
29121;201300032306;13;6;19;1216;1;2;1;1.0;2;129;52 RUE DES MARNIERES;M;4330350.0;-38815.0;640
29122;201300032307;13;6;19;1530;1;2;3;2.0;1;445;RUE DESPOURRINS/GUICHENE;M;4329900.0;-36668.0;640
29123;201300032308;13;6;19;1524;1;2;3;2.0;3;348;43 BD CHARLES DE GAULLE;M;4330870.0;-40825.0;640
29124;201300032310;13;6;20;1122;1;2;1;1.0;4;445;AV GENERAL POEYMIRAU;M;4329570.0;-35913.0;640
29125;201300032311;13;6;20;1400;1;2;1;1.0;1;445;0,BD OLOF PALME;;;;640
29126;201300032312;13;6;20;1830;1;2;1;1.0;6;445;43 AV DU LOUP;M;4330890.0;-35577.0;640
29127;201300032313;13;6;20;2000;2;2;1;1.0;5;445;0,BD OLOF PALME;;;;640
29128;201300032314;13;6;21;825;2;2;2;2.0;2;445;AV DE BUROS/CAMIE SALIE;M;4332660.0;-34169.0;640
29129;201300032316;13;6;26;1216;1;2;1;1.0;2;284;31 RUE OLLE LAPRUNE;M;4328550.0;-38844.0;640
29130;201300032317;13;7;2;1500;1;2;1;1.0;2;445;AV MARECHAL LECLERC;M;4330570.0;-33712.0;640
29131;201300032318;13;7;2;1605;1;2;3;1.0;3;445;RUE RAUSKY/C DE RIBES;M;4330290.0;-37890.0;640
29132;201300032319;13;7;2;1740;1;2;1;1.0;4;348;0,AV DE SANTONA;;;;640
29133;201300032320;13;7;2;1900;1;2;1;1.0;2;269;0, D938;;;;640
29134;201300032321;13;7;5;900;1;2;1;1.0;6;445;148 AV ALFRED NOBEL;M;4332020.0;-30523.0;640
29135;201300032322;13;7;5;1200;1;2;1;1.0;3;335;AV SANTOS-DUMONT;M;4331940.0;-42425.0;640
29136;201300032323;13;7;5;2005;1;2;3;1.0;3;284;AV CORPS FRANC POMMIES;M;4329220.0;-40124.0;640
29137;201300032324;13;7;6;1118;1;2;1;1.0;4;445;68 AV GENERAL LECLERC;M;4330350.0;-34777.0;640
29138;201300032325;13;7;8;1730;1;2;1;1.0;6;445;10 AV MARECHAL LECLERC;M;4330600.0;-33579.0;640
29139;201300032326;13;7;8;1825;1;2;2;1.0;3;445;RUE DE PORTET;M;4332020.0;-34219.0;640
29140;201300032327;13;7;9;1136;1;2;6;1.0;3;445;RP VICTOR SCHOELCHER;M;4332150.0;-35919.0;640
29141;201300032328;13;7;10;1210;1;2;1;1.0;2;445;4 COURS LEON BERARD;M;4331370.0;-36977.0;640
29142;201300032329;13;7;10;1215;1;2;1;1.0;6;445;33 RUE MICHEL HOUNAU;M;4330210.0;-36560.0;640
29143;201300032330;13;7;12;1625;1;2;1;1.0;6;335;AV ANDRE MARIE AMPERE;M;4331560.0;-43026.0;640
29144;201300032331;13;7;12;2004;1;2;1;1.0;6;445;9 RUE PIERRE MASSE;M;4331270.0;-35819.0;640
29145;201300032332;13;7;13;1048;1;2;2;1.0;3;284;CORPS FRANC POMMIES/ARTI;M;4329210.0;-40125.0;640
29146;201300032334;13;7;17;2030;1;2;1;1.0;3;335;BD DE L' EUROPE/SNCF;M;4331790.0;-42716.0;640
29147;201300032336;13;7;18;2245;3;2;1;1.0;6;129;2 RUE SAINT EXUPERY;M;4331330.0;-38102.0;640
29148;201300032337;13;7;20;1630;1;2;3;1.0;3;445;AV LILAS/BD TOURASSE;M;4330930.0;-34416.0;640
29149;201300032339;13;7;26;833;1;2;1;1.0;3;348;BD DE L' EUROPE;M;4332620.0;-38713.0;640
29150;201300032341;13;8;1;652;1;2;1;1.0;6;445;100 BD ALSACE LORRAINE;M;4330530.0;-37316.0;640
29151;201300032342;13;8;6;1710;1;2;6;1.0;6;129;0, AV MARCEL DASSAULT;M;4330130.0;-40976.0;640
29152;201300032343;13;8;8;1815;1;2;1;1.0;3;445;4 AV GEN DE GAULLE;M;4330210.0;-35517.0;640
29153;201300032344;13;8;11;2055;1;2;3;1.0;3;445;RUE PANORAMA /MOUCHOTTE;M;4330260.0;-31924.0;640
29154;201300032345;13;8;13;1419;1;2;1;1.0;6;445;24 RUE CHANOINE LABORDE;M;4330520.0;-36100.0;640
29155;201300032346;13;8;13;1748;1;2;1;1.0;3;445;BD DE L' EUROPE/BYRON;M;4332650.0;-32938.0;640
29156;201300032347;13;8;14;1740;1;2;1;1.0;3;445;82 AV DIDIER DAURAT;M;4333370.0;-37972.0;640
29157;201300032348;13;8;15;1140;1;2;2;1.0;3;445;RUE DESPOURRINS/CASTETNA;M;4330020.0;-36698.0;640
29158;201300032349;13;8;20;1802;1;2;1;1.0;6;445;64 BD DE LA PAIX;M;4331420.0;-33324.0;640
29159;201300032350;13;8;21;800;1;2;6;1.0;3;129;ROUTE DE BAYONNE;M;4330580.0;-40008.0;640
29160;201300032351;13;8;21;1155;1;2;1;1.0;6;445;72 RUE D'ETIGNY;M;4329640.0;-38418.0;640
29161;201300032352;13;8;22;1820;1;2;1;1.0;6;129;0,VOIE NORD SUD;;;;640
29162;201300032353;13;8;29;1737;1;2;1;1.0;3;445;95 MARTYRS DU PONT LONG;M;4334180.0;-37983.0;640
29163;201300032354;13;8;31;1550;1;2;1;1.0;6;132;0,CHEMIN CAM MARTY;M;4329560.0;-32340.0;640
29164;201300032355;13;9;9;1830;1;2;1;1.0;2;329;34 ROUTE DE TARBES;M;4329800.0;-30263.0;640
29165;201300032356;13;9;10;1100;1;2;1;1.0;2;445;200 BD DE LA PAIX;M;4332050.0;-35223.0;640
29166;201300032357;13;9;11;720;1;2;1;1.0;1;445;1 BD OLOF PALME;M;4333380.0;-35899.0;640
29167;201300032358;13;9;11;849;1;2;1;1.0;6;445;41 RUE EMILE GINOT;M;4329450.0;-35489.0;640
29168;201300032359;13;9;12;1945;2;2;2;1.0;3;445;AV DE LONS/AV PIC OSSAU;M;4331230.0;-38636.0;640
29169;201300032360;13;9;13;1735;1;2;1;1.0;6;335;0,CHEMIN DE L' AVIATION;M;4334400.0;-43073.0;640
29170;201300032361;13;9;15;40;5;2;1;1.0;1;237;D100;M;4327890.0;-35960.0;640
29171;201300032362;13;9;16;1430;1;2;1;1.0;2;335;147 BD CHARLES DE GAULLE;M;4331660.0;-42283.0;640
29172;201300032363;13;9;17;830;1;2;2;2.0;3;445;RUE LAFFITTE/SANTONA;M;4331870.0;-38128.0;640
29173;201300032364;13;9;24;653;2;2;6;1.0;3;445;COURS LEON BERARD/MONTAR;M;4331650.0;-37483.0;640
29174;201300032365;13;9;24;1002;1;2;6;1.0;3;445;COURS LEON BERARD/MONTAR;;;;640
29175;201300032366;13;9;24;1512;1;2;3;1.0;3;445;BD TOURASSE/AV DU LOUP;M;4331130.0;-35640.0;640
29176;201300032367;13;9;24;2035;5;2;1;1.0;6;445;29-31 RUE CARNOT;M;4330150.0;-36930.0;640
29177;201300032369;13;9;27;1641;1;1;1;1.0;5;335;ROUTE SAULT DE NAVAILLES;M;4335740.0;-44227.0;640
29178;201300032370;13;9;30;1637;1;2;2;1.0;3;445;0,BD GENERAL DE GAULLE;M;4330180.0;-35621.0;640
29179;201300032371;13;9;30;2000;4;2;2;1.0;3;445;AV MONTARDON/LABOURDETT;M;4331180.0;-37545.0;640
29180;201300032372;13;10;2;1815;1;2;2;1.0;3;445;RUE MARCA/RUE DES PONTS;M;4329460.0;-37716.0;640
29181;201300032373;13;10;3;1617;1;2;1;1.0;3;445;21 AV DIDIER DAURAT;M;4332690.0;-37964.0;640
29182;201300032375;13;10;7;836;2;2;2;1.0;3;445;57 BD DE LA PAIX;M;4331420.0;-33325.0;640
29183;201300032376;13;10;8;900;1;2;1;1.0;2;445;271 BD DE LA PAIX;M;4332170.0;-36249.0;640
29184;201300032377;13;10;11;1807;1;2;1;1.0;2;445;35 RUE AMEDEE ROUSSILLE;M;4329330.0;-38331.0;640
29185;201300032378;13;10;14;1937;4;2;2;1.0;3;445;2 RUE HOO PARIS;M;4330350.0;-36238.0;640
29186;201300032379;13;10;17;735;5;2;2;1.0;3;129;39 AV LALANNE;M;4331020.0;-38912.0;640
29187;201300032380;13;10;17;1402;1;2;6;1.0;2;445;RP DE LA COMMUNE PARIS;M;4331160.0;-36306.0;640
29188;201300032381;13;10;20;40;5;2;2;1.0;5;445;38 AV DE MONTARDON;M;4331180.0;-37541.0;640
29189;201300032382;13;10;20;1040;1;2;1;1.0;2;445;0,AV DIDIER DAURAT;M;4332710.0;-37964.0;640
29190;201300032383;13;10;22;1105;1;2;1;1.0;6;445;177 AV JEAN MERMOZ;M;4332290.0;-37937.0;640
29191;201300032384;13;10;22;1648;1;2;2;1.0;3;445;RUE D' ETIGNY/MARCA;M;4329600.0;-37650.0;640
29192;201300032385;13;10;22;1810;2;2;1;2.0;3;445;36 COURS LYAUTEY;M;4330870.0;-36399.0;640
29193;201300032386;13;10;25;1405;1;2;1;1.0;2;348;3 AV DU GRAND PRIX;M;4332250.0;-38652.0;640
29194;201300032388;13;10;30;1122;1;2;1;1.0;3;348;0,AV DES FRERES WRIGHT;M;4334810.0;-38034.0;640
29195;201300032389;13;10;31;730;1;1;3;1.0;3;284;19 AV GASTON CAMBOT;M;4329110.0;-39489.0;640
29196;201300032390;13;10;31;1155;1;1;1;1.0;2;348;101 MARTYRS DU PONT LONG;M;4334520.0;-37990.0;640
29197;201300032391;13;11;2;1800;2;1;1;1.0;1;445;ALLEE BUFFON;M;4333530.0;-36815.0;640
29198;201300032392;13;11;4;1228;1;2;1;2.0;2;348;55 BD CHARLES DE GAULLE;M;4330980.0;-41030.0;640
29199;201300032393;13;11;5;1020;1;2;1;3.0;6;284;4 RUE CHARLES DE GAULLE;M;4328710.0;-39015.0;640
29200;201300032394;13;11;5;1914;3;2;1;2.0;6;445;13 AV BEZIOU;M;4330660.0;-38010.0;640
29201;201300032395;13;11;6;1220;1;2;1;1.0;6;373;23 AV GENERAL DE GAULLE;M;4327810.0;-35353.0;640
29202;201300032396;13;11;6;1500;1;2;6;1.0;3;335;AV VERT GALANT/EUROPE;M;4332630.0;-44064.0;640
29203;201300032397;13;11;6;1517;1;2;3;1.0;3;348;AV DE SANTONA/EUROPE;M;4332100.0;-39167.0;640
29204;201300032398;13;11;7;1925;3;2;3;1.0;3;445;AV RESISTANCE/NOLIVOS;M;4330400.0;-37580.0;640
29205;201300032399;13;11;8;825;1;2;1;1.0;6;335;AV SANTOS-DUMONT;M;4331950.0;-42412.0;640
29206;201300032400;13;11;9;550;5;2;1;1.0;6;445;20 BD DES PYRENEES;M;4329330.0;-36950.0;640
29207;201300032402;13;11;11;1810;5;2;2;1.0;6;445;RUE BIE MOULIE/PRINCE;M;4330600.0;-34406.0;640
29208;201300032404;13;11;13;145;5;2;1;1.0;7;445;RUE DES PONTS;M;4329560.0;-37869.0;640
29209;201300032405;13;11;13;838;1;2;1;1.0;3;445;8 RUE MARCA;;;;640
29210;201300032406;13;11;13;1215;1;2;1;1.0;2;348;0,AV ANDRE MARIE AMPERE;;;;640
29211;201300032407;13;11;14;1730;2;2;3;2.0;3;445;RUE HENRI FAISANS/LESPY;M;4329900.0;-36307.0;640
29212;201300032408;13;11;14;1730;2;2;1;2.0;3;445;BD OLOF PALME;M;4333150.0;-35866.0;640
29213;201300032409;13;11;14;1750;2;2;3;2.0;3;445;17 AV GASTON PHOEBUS;M;4330230.0;-37771.0;640
29214;201300032410;13;11;14;1845;5;2;1;2.0;2;445;0, CATHERINE DE BOURBON;;;;640
29215;201300032411;13;11;14;1849;2;2;3;2.0;3;445;MAQUIS BEARN/BORDELONGUE;M;4329860.0;-37685.0;640
29216;201300032412;13;11;14;2200;5;2;3;2.0;3;445;RUE GASSIOT/MOUROT;M;4329830.0;-37138.0;640
29217;201300032414;13;11;15;1845;5;2;1;3.0;3;348;0,BD DE L' EUROPE;M;4332870.0;-38600.0;640