;Num_Acc;an;mois;jour;hrmn;lum;agg;int;atm;col;com;adr;gps;lat;long;dep
29218;201300032416;13;11;18;1836;5;2;1;2.0;6;445;AV PIERRE MASSE;M;4331510.0;-35716.0;640
29219;201300032417;13;11;19;1050;1;2;1;2.0;4;445;4 COURS LEON BERARD;M;4331400.0;-37012.0;640
29220;201300032419;13;11;21;810;1;2;1;2.0;6;129;30 AV CHATEAU D'ESTE;M;4330610.0;-38790.0;640
29221;201300032420;13;11;21;1818;5;2;1;3.0;6;445;8 RUE HENRI FAISANS;M;4330060.0;-36033.0;640
29222;201300032422;13;11;22;1544;1;2;1;1.0;2;445;22 AV GASTON LACOSTE;M;4329220.0;-36483.0;640
29223;201300032423;13;11;26;1155;1;2;3;1.0;3;445;CATHERINE DE BOURBON;M;4332480.0;-35737.0;640
29224;201300032424;13;11;27;1515;1;2;1;1.0;3;445;20 BD RENE MOUCHOTTE;M;4330420.0;-32502.0;640
29225;201300032425;13;11;28;810;1;2;2;1.0;2;445;RP ERIC TABARLY;M;4331120.0;-36326.0;640
29226;201300032426;13;11;28;820;1;2;1;1.0;6;284;37 RUE GENERAL LECLERC;M;4328840.0;-38903.0;640
29227;201300032427;13;11;29;835;2;2;2;7.0;3;335;82 BD DE L' EUROPE;M;4333300.0;-45325.0;640
29228;201300032428;13;11;29;2100;5;2;1;1.0;6;445;30 RUE RONSARD;M;4331830.0;-35709.0;640
29229;201300032429;13;12;3;1100;1;2;2;1.0;3;129;ROUTE DE BAYONNE;M;4330050.0;-39321.0;640
29230;201300032430;13;12;4;755;2;2;1;1.0;2;129;70 ROUTE DE BAYONNE;M;4330320.0;-39828.0;640
29231;201300032431;13;12;4;800;1;2;3;1.0;3;445;AV JEAN MERMOZ;M;4332280.0;-37940.0;640
29232;201300032432;13;12;4;1745;5;2;2;1.0;1;445;AV BEAU SOLEIL/LARRIBAU;M;4329900.0;-33280.0;640
29233;201300032433;13;12;4;2315;3;2;1;1.0;6;335;4 BD DE L'EUROPE;M;4333950.0;-46508.0;640
29234;201300032434;13;12;6;804;1;2;3;1.0;3;445;BD OLOF PALME/BACARISSE;M;4333580.0;-36382.0;640
29235;201300032435;13;12;6;1930;5;2;1;1.0;7;335;14 AV DE TARBES;M;4333210.0;-42257.0;640
29236;201300032436;13;12;7;1915;5;2;3;1.0;3;129;ROUTE BAYONNE/RUE MAIRIE;M;4330210.0;-39627.0;640
29237;201300032437;13;12;8;15;5;2;1;1.0;2;445;12  RECTEUR JEAN SARRAIL;M;4331120.0;-36654.0;640
29238;201300032438;13;12;8;110;5;2;2;1.0;3;445;ALSACE LORRAINE/GARET;M;4330240.0;-36044.0;640
29239;201300032439;13;12;9;745;1;2;1;1.0;3;445;68 RUE DU 14 JUILLET;M;4328790.0;-38033.0;640
29240;201300032440;13;12;10;755;1;2;3;1.0;3;445;BD ALSACE LORRAIN/CARNOT;M;4330450.0;-36826.0;640
29241;201300032442;13;12;10;1322;1;2;1;1.0;6;445;33 AV JEAN MERMOZ;M;4330810.0;-37658.0;640
29242;201300032443;13;12;10;1749;5;2;1;1.0;2;445;33 RUE CLEMENCEAU;M;4328860.0;-35362.0;640
29243;201300032445;13;12;13;1732;5;2;1;1.0;2;445;30  RECTEUR JEAN SARRAIL;M;4331050.0;-36822.0;640
29244;201300032446;13;12;13;2000;5;2;6;1.0;3;335;BD EUROPE/BD DE GAULLE;M;4331820.0;-42467.0;640
29245;201300032448;13;12;15;2000;5;2;1;1.0;3;445;107 BD ALSACE LORRAINE;M;4330520.0;-37274.0;640
29246;201300032449;13;12;16;1328;1;2;1;1.0;6;348;BD DES FRERES FARMAN;M;4333350.0;-39057.0;640
29247;201300032450;13;12;16;1725;2;2;1;1.0;6;335;9 AV DE TARBES;M;4333220.0;-42369.0;640
29248;201300032451;13;12;17;655;1;2;3;1.0;3;445;BD CAMI SALIE/HAMEAU;M;4333340.0;-37082.0;640
29249;201300032452;13;12;17;1415;1;2;6;1.0;6;445;1 ALLEE CONDORCET;M;4331890.0;-36043.0;640
29250;201300032453;13;12;18;1636;1;2;1;1.0;6;445;AV SALLENAVE/LECLERC;M;4331700.0;-36034.0;640
29251;201300032454;13;12;18;1910;5;2;1;1.0;3;445;45 RUE DU 14 JUILLET;M;4329040.0;-37920.0;640
29252;201300032455;13;12;19;1553;1;2;1;1.0;3;335;AV VERT GALANT(PONT);M;4331890.0;-45318.0;640
29253;201300032456;13;12;19;1810;5;2;6;1.0;3;445;CATHERINE DE BOURBON;M;4331850.0;-36026.0;640
29254;201300032457;13;12;20;820;1;1;3;1.0;6;129;ROUTE DE BAYONNE/MAIRIE;M;4330210.0;-39626.0;640
29255;201300032458;13;12;20;1845;5;2;1;1.0;4;335;123 BD DE L'EUROPE;M;4332550.0;-43916.0;640
29256;201300032459;13;12;21;840;1;1;1;1.0;3;335;D509;M;4333560.0;-46191.0;640
29257;201300032460;13;12;21;1300;1;2;1;1.0;2;445;30 AV JEAN SARRAILH;M;4331040.0;-36835.0;640
29258;201300032461;13;12;23;1215;1;2;1;1.0;3;445;20 AV RENE MOUCHOTTE;M;4330420.0;-32494.0;640
29259;201300032462;13;12;23;1435;1;2;2;1.0;3;445;64 AV ALFRED NOBEL;M;4331510.0;-31563.0;640
29260;201300032464;13;1;17;740;2;2;1;1.0;3;483;1 RUE AXULAR;M;4338690.0;-165649.0;640
29261;201300032465;13;1;28;1730;1;2;3;1.0;3;483;VIEILLE ROUTE SAINT PEE;M;4338880.0;-164210.0;640
29262;201300032466;13;1;30;1650;1;1;1;8.0;5;483;VIEILLE ROUTE SAINT PEE;M;4338820.0;-162460.0;640
29263;201300032467;13;2;7;805;1;1;1;8.0;2;260;ROUTE DE LA CORNICHE;M;4337350.0;-175500.0;640
29264;201300032468;13;2;11;1730;1;2;1;3.0;2;483;RUE DE L'ICHACA;M;4338650.0;-165019.0;640
29265;201300032469;13;3;4;1435;1;1;1;1.0;4;483;RD810;M;4340250.0;-163529.0;640
29266;201300032470;13;3;6;1245;1;2;1;1.0;2;483;26 BD THIERS;M;4339140.0;-165940.0;640
29267;201300032471;13;3;24;200;5;1;1;1.0;3;483;RD810;M;4340920.0;-162372.0;640
29268;201300032472;13;3;26;1755;1;1;1;1.0;2;130;NATIONALE 10;M;4334550.0;-176247.0;640
29269;201300032473;13;3;27;1829;1;1;1;1.0;3;483;131 AV DE JALDAY;M;4340680.0;-162359.0;640
29270;201300032474;13;4;15;1915;1;2;1;1.0;2;483;1 AV LARREGUY;M;4339080.0;-165931.0;640
29271;201300032475;13;4;20;1450;1;2;1;1.0;3;260;ROUTE DE BEHOBIE;M;4334960.0;-177200.0;640
29272;201300032477;13;4;29;1115;1;2;1;9.0;6;483;AV DE CHANTACO;M;4337630.0;-163790.0;640
29273;201300032479;13;5;3;1150;1;2;1;1.0;6;483;AV  GREGORIO MARANON;M;4338530.0;-166211.0;640
29274;201300032480;13;6;5;1345;1;2;3;2.0;3;260;10 RUE DES EUCALYPTUS;M;4337210.0;-177575.0;640
29275;201300032481;13;6;10;1325;1;1;1;1.0;6;545;RD810;M;4336100.0;-169832.0;640
29276;201300032482;13;6;12;1225;1;2;1;1.0;3;483;23 RUE BIBAL;M;4338460.0;-165647.0;640
29277;201300032483;13;6;21;1220;1;2;1;1.0;3;189;RUE JEAN-BAPTISTE DUHAU;M;4337990.0;-166693.0;640
29278;201300032484;13;6;25;1255;1;2;1;1.0;3;125;RD810;M;4342570.0;-160406.0;640
29279;201300032485;13;6;27;1720;1;2;1;1.0;3;260;RUE LAURENT PARDO;M;4336730.0;-176010.0;640
29280;201300032486;13;7;1;1630;1;2;1;1.0;3;483;AV DE CHANTACO;M;4338260.0;-164912.0;640
29281;201300032487;13;7;2;1120;1;1;1;1.0;4;483;RD810;M;4340140.0;-163722.0;640
29282;201300032489;13;7;11;2015;1;1;1;1.0;6;483;1 CHEMIN D' ERROMARDIE;M;4339750.0;-164414.0;640
29283;201300032490;13;7;18;1210;1;2;1;1.0;3;260;AV BAIE DE CHINGUDY;M;4337060.0;-177588.0;640
29284;201300032492;13;7;21;1105;1;2;1;1.0;6;260;56 BAV BAIE DE CHINGUDY;M;4337050.0;-177428.0;640
29285;201300032493;13;7;22;1325;1;2;1;1.0;2;483;1, INFANTE MARIE THERESE;M;4338770.0;-166524.0;640
29286;201300032494;13;7;23;1455;1;2;1;1.0;6;483;1 BD VICTOR HUGO;M;4338690.0;-166311.0;640
29287;201300032497;13;8;3;1045;1;1;1;1.0;6;483;9 AV LAHANCHIPIA;M;4340010.0;-163098.0;640
29288;201300032498;13;8;8;1025;1;1;1;3.0;1;483;VIEILLE ROUTE SAINT PEE;M;4339240.0;-163448.0;640
29289;201300032499;13;8;10;1800;1;2;1;1.0;4;483;RD810;M;4339620.0;-164654.0;640
29290;201300032500;13;8;15;1220;1;2;1;1.0;2;545;RD810;M;4337610.0;-167647.0;640
29291;201300032501;13;8;16;1550;1;2;1;1.0;3;260;5 RUE DES CHEVREFEUILLES;M;4337320.0;-177164.0;640
29292;201300032502;13;8;17;725;1;2;1;1.0;3;483;15 AV ANDRE ITHURRALDE;M;4339220.0;-165375.0;640
29293;201300032503;13;8;19;1940;1;2;1;1.0;2;260;BD DE L' EMPEREUR;;;;640
29294;201300032504;13;8;21;1315;1;2;1;1.0;3;260;BD DE L' EMPEREUR;;;;640
29295;201300032505;13;8;22;1530;1;2;1;1.0;6;483;1 BD ADOLPHE THIERS;M;4338920.0;-165805.0;640
29296;201300032506;13;8;24;1050;1;1;1;1.0;3;545;ROUTE DE LA CORNICHE;M;4338530.0;-171868.0;640
29297;201300032507;13;8;27;1430;1;2;1;1.0;2;545;RD810;M;4337020.0;-168268.0;640
29298;201300032508;13;8;27;1530;1;2;1;1.0;3;260;95 BD GAL DE GAULLE;M;4335320.0;-178060.0;640
29299;201300032510;13;9;6;1140;1;1;1;1.0;3;545;1  RUE DE L'UNTXIN;M;4338910.0;-168619.0;640
29300;201300032511;13;9;9;1805;1;2;1;1.0;1;483;AV DE CHANTACO;M;4336960.0;-163727.0;640
29301;201300032512;13;9;14;1800;1;1;1;1.0;6;545;BRETELLE DE SOCOA RD 913;M;4337840.0;-168830.0;640
29302;201300032513;13;9;18;605;5;2;1;1.0;1;260;RUE DE BEHOBIE;M;4334230.0;-175395.0;640
29303;201300032514;13;9;20;1810;1;2;1;1.0;3;189;AV JAURES JEAN;M;4338240.0;-166768.0;640
29304;201300032516;13;9;23;1650;1;2;1;1.0;2;249;RD810;M;4342200.0;-160489.0;640
29305;201300032518;13;10;3;1530;1;2;1;1.0;2;483;RD810;M;4338570.0;-166273.0;640
29306;201300032519;13;10;8;1815;1;2;2;1.0;3;483;1 RUE MARCEL HIRIBARREN;M;4338620.0;-165556.0;640
29307;201300032520;13;10;11;2050;5;2;1;1.0;2;260;16 BD DE L' EMPEREUR;M;4337370.0;-175891.0;640
29308;201300032521;13;10;16;1945;2;2;1;1.0;6;189;5 AV DU GOLF;M;4338020.0;-166157.0;640
29309;201300032522;13;10;19;1155;1;2;1;1.0;3;483;AV DE VERDUN;M;4338590.0;-166227.0;640
29310;201300032523;13;10;19;1355;1;2;1;1.0;2;260;AV BAIE DE CHINGUDY;M;4336550.0;-176982.0;640
29311;201300032524;13;10;22;1847;1;2;1;1.0;2;260;RUE DE HAPETENIA;M;4334920.0;-176904.0;640
29312;201300032525;13;10;22;1847;1;1;1;1.0;3;483;VIEILLE ROUTE SAINT PEE;M;4338650.0;-161953.0;640
29313;201300032527;13;11;6;1846;5;2;1;1.0;3;260;AV DES ALLEES;M;4335460.0;-177484.0;640
29314;201300032528;13;11;8;720;3;2;1;1.0;6;545;RD810;M;4336140.0;-170254.0;640
29315;201300032529;13;11;12;1920;5;2;1;2.0;6;260;107 BD GAL DE GAULLE;M;4335290.0;-178099.0;640
29316;201300032530;13;11;28;1350;1;2;1;1.0;3;260;ROUTE DE BEHOBIE;M;4334730.0;-176654.0;640
29317;201300032531;13;11;29;1705;1;2;1;1.0;4;483;RD810;M;4339570.0;-164751.0;640
29318;201300032532;13;12;3;920;1;1;1;1.0;1;483;ROUTE D'AHETZE;M;4341230.0;-161263.0;640
29319;201300032533;13;12;3;1705;1;2;1;1.0;6;483;AV ANDRE ITHURRALDE;M;4339780.0;-164273.0;640
29320;201300032534;13;12;17;1930;5;2;1;1.0;4;483;AV ANDRE ITHURRALDE;M;4339680.0;-164557.0;640
29321;201300032535;13;1;20;615;5;1;1;3.0;7;483;AV LAHANCHIPIA;M;4340070.0;-162790.0;640
29322;201300032536;13;2;16;15;3;1;1;1.0;6;545;RD810;M;4336830.0;-168593.0;640
29323;201300032537;13;2;8;1805;2;2;1;3.0;3;483;RD810;M;4340150.0;-163700.0;640
29324;201300032538;13;3;7;250;3;1;1;1.0;7;189;1 AV DU CO PASSICOT;M;4339470.0;-168455.0;640
29325;201300032539;13;4;10;1640;1;1;1;1.0;7;189;CHEMIN DU HALAGE;M;4337960.0;-165219.0;640
29326;201300032541;13;5;1;1230;1;2;1;1.0;6;483;PLACE LOUIS XIV;M;4338790.0;-166399.0;640
29327;201300032542;13;5;8;955;1;2;1;1.0;2;189;1 AV MITTERRAND;M;4338350.0;-166738.0;640
29328;201300032543;13;5;8;915;1;1;3;1.0;3;545;RD810;M;4336200.0;-170513.0;640
29329;201300032544;13;5;30;300;5;2;1;3.0;6;483;AV DES PYRENEES;M;4338830.0;-165510.0;640
29330;201300032545;13;5;31;450;5;1;1;1.0;6;260;ROUTE DE BEHOBIE;M;4334190.0;-175329.0;640
29331;201300032546;13;6;5;1535;1;2;1;1.0;1;483;28 BD VICTOR HUGO;M;4338800.0;-165989.0;640
29332;201300032547;13;6;26;933;1;2;3;1.0;3;483;AV ANDRE ITHURRALDE;M;4339660.0;-164583.0;640
29333;201300032548;13;7;4;440;3;1;1;2.0;7;483;RD810;M;4341690.0;-160991.0;640
29334;201300032549;13;6;26;1830;1;2;1;1.0;6;483;44 BD VICTOR HUGO;M;4338840.0;-165903.0;640
29335;201300032550;13;7;6;1540;1;1;1;1.0;2;545;RD810;M;4336080.0;-170014.0;640
29336;201300032551;13;7;9;1815;1;1;1;1.0;2;260;CD 912;M;4337740.0;-173879.0;640
29337;201300032552;13;7;11;1510;1;1;1;1.0;1;545;ROUTE DE LA CORNICHE;M;4338220.0;-172727.0;640
29338;201300032553;13;7;14;355;5;2;1;1.0;2;483;RD810;M;4340170.0;-163660.0;640
29339;201300032554;13;7;11;1455;1;2;1;1.0;6;483;AV ANDRE ITHURRALDE;M;4339380.0;-165073.0;640
29340;201300032555;13;7;26;1150;1;1;1;1.0;2;545;RD810;M;4335000.0;-174718.0;640
29341;201300032556;13;7;29;920;1;2;1;1.0;3;483;AV ANDRE ITHURRALDE;M;4339460.0;-164941.0;640
29342;201300032557;13;7;22;1310;1;1;1;1.0;1;130;HERRI ALDE (ROUTE D258);M;4333470.0;-175005.0;640
29343;201300032558;13;8;4;915;1;1;1;1.0;2;545;ROUTE D'IBARDIN;M;4335510.0;-169086.0;640
29344;201300032559;13;8;8;1350;1;1;1;3.0;2;545;35 RUE CAPITAINE PELLOT;M;4334720.0;-176643.0;640
29345;201300032560;13;8;12;1800;1;1;1;1.0;5;260;ROUTE DE LA CORNICHE;M;4338690.0;-170933.0;640
29346;201300032561;13;8;30;315;3;1;1;1.0;6;483;ROUTE DE BALCOIN;M;4339640.0;-162571.0;640
29347;201300032562;13;9;7;510;5;2;1;8.0;3;483;RD810;M;4339290.0;-165234.0;640
29348;201300032564;13;9;23;1130;1;2;1;1.0;3;483;12 AV ANDRE ITHURRALDE;M;4339140.0;-165559.0;640
29349;201300032565;13;9;28;2040;5;2;1;1.0;3;260;BD DE LA MER;;;;640
29350;201300032566;13;9;28;1030;1;2;1;1.0;6;189;1 AV JEAN JAURES;M;4338460.0;-166638.0;640
29351;201300032567;13;10;3;620;5;1;1;1.0;6;249;AV GUETARIA/RUE DOCHENIA;M;4342390.0;-160494.0;640
29352;201300032568;13;10;18;1900;2;2;1;1.0;3;260;AV BAIE DE CHINGUDY;M;4336610.0;-177031.0;640
29353;201300032569;13;10;27;745;2;2;1;1.0;6;249;RD810;M;4342050.0;-160695.0;640
29354;201300032570;13;11;23;2130;3;1;1;1.0;6;545;CHEMIN D' ELBARREN;M;4336950.0;-167216.0;640
29355;201300032571;13;12;6;1940;5;1;1;1.0;1;483;17 AV LAHANCHIPIA;M;4340070.0;-162779.0;640
29356;201300032572;13;1;3;1430;1;2;3;1.0;6;286;5, SAINT-PIERRE (RUE);M;4309653.0;-4599.0;650
29357;201300032573;13;1;9;1710;1;2;6;1.0;3;286;1, LAPACCA (BOULEVARD DU;M;4309558.0;-3488.0;650
29358;201300032574;13;1;14;1415;1;2;1;2.0;2;286;5, MARANSIN (CHAUSSEE);M;4309874.0;-4542.0;650
29359;201300032575;13;1;22;900;1;2;1;9.0;6;286;1, JULOS (CHEMIN DE);M;4310454.0;-3364.0;650
29360;201300032576;13;1;30;920;1;2;1;1.0;6;286;94, MARQUI (AVENUE ALEXA;M;4310571.0;-4107.0;650
29361;201300032577;13;2;10;2125;5;2;1;1.0;6;286;1, LAURENCE (PLACE MONSE;M;4309670.0;-5434.0;650
29362;201300032578;13;2;13;1845;5;2;1;1.0;6;286;13, MARANSIN (CHAUSSEE);M;4309796.0;-4566.0;650
29363;201300032579;13;2;15;1845;5;2;1;1.0;7;286;30, MARQUI (AVENUE ALEXA;M;4310190.0;-4398.0;650
29364;201300032580;13;3;3;1055;1;1;1;1.0;6;286;JARRET (ROUTE DE);M;4309082.0;-1952.0;650
29365;201300032581;13;3;7;715;1;2;1;1.0;6;286;08, LAFITTE (RUE);M;4309440.0;-4613.0;650
29366;201300032582;13;3;9;1515;1;2;3;1.0;3;286;POURXET (RUE LUCIEN);M;4308789.0;-4607.0;650
29367;201300032583;13;3;11;830;1;2;1;1.0;2;286;4, ESPAGNE (BOULEVARD D';M;4308693.0;-4325.0;650
29368;201300032584;13;3;28;1510;1;2;1;1.0;2;286;80, MARQUI (AVENUE ALEXA;M;4310467.0;-4183.0;650
29369;201300032585;13;4;3;1845;1;2;1;1.0;2;286;8, ESPAGNE (BOULEVARD D';M;4309003.0;-4265.0;650
29370;201300032586;13;4;4;1710;2;2;1;3.0;6;286;2, CHAMP COMMUN (PLACE);M;4309425.0;-4629.0;650
29371;201300032587;13;4;30;1110;1;2;1;1.0;6;286;1, MARANSIN (CHAUSSEE);M;4309939.0;-4527.0;650
29372;201300032588;13;5;13;1815;1;2;1;2.0;6;286;1, SEMPE (BOULEVARD DU P;M;4309804.0;-5163.0;650
29373;201300032589;13;7;27;1750;1;2;3;2.0;3;286;ROUTE NATIONALE 21;M;4311288.0;-3541.0;650
29374;201300032590;13;8;5;1808;1;2;1;1.0;3;286;2A, CENTENAIRE (BOULEVAR;M;4309390.0;-3656.0;650
29375;201300032591;13;8;9;1045;1;2;6;1.0;3;286;1, ROND POINT CZESTOKOWA;M;4308325.0;-4463.0;650
29376;201300032592;13;8;11;1120;1;2;1;1.0;1;286;30, MARQUI (AVENUE ALEXA;M;4310200.0;-4389.0;650
29377;201300032593;13;8;11;950;1;2;1;1.0;6;286;1, ABADIE (Avenue Fran?o;M;4310834.0;-3902.0;650
29378;201300032594;13;9;3;1235;1;2;1;1.0;1;286;1, JULOS (CHEMIN DE);M;4311321.0;-2866.0;650
29379;201300032595;13;9;11;1530;1;2;3;1.0;2;286;1, MARQUI (AVENUE ALEXAN;M;4310454.0;-4190.0;650
29380;201300032597;13;9;18;1705;1;2;1;8.0;1;286;CENTENAIRE (BOULEVARD;M;4309450.0;-3268.0;650
29381;201300032598;13;9;19;1805;1;2;1;8.0;6;286;6, LAFITTE (RUE);M;4309460.0;-4601.0;650
29382;201300032599;13;9;18;1225;1;2;1;3.0;3;286;MOULIN (AVENUE JEAN);M;4310653.0;-2941.0;650
29383;201300032600;13;10;3;1430;1;2;1;1.0;3;286;14, ESPAGNE (BOULEVARD D;M;4309269.0;-4025.0;650
29384;201300032602;13;10;29;1545;1;2;1;2.0;2;286;23, BEGUERE (AVENUE ANTO;M;4310255.0;-5926.0;650
29385;201300032603;13;12;4;1500;1;2;1;1.0;1;286;52, CENTENAIRE (BOULEVAR;M;4310466.0;-3708.0;650
29386;201300032604;13;1;10;1400;1;2;1;1.0;4;440;12, JUIN (BOULEVARD DU M;M;4323703.0;5624.0;650
29387;201300032605;13;1;10;1810;5;2;1;1.0;3;100;13, BORDEAUX (ROUTE DE);M;4326646.0;7130.0;650
29388;201300032606;13;1;11;1150;1;2;2;1.0;3;100;ZOLA (RUE EMILE);M;4325458.0;4697.0;650
29389;201300032608;13;1;18;1345;1;2;2;2.0;3;440;., MAQUIS DE PAYOLLE (RU;M;4322377.0;8473.0;650
29390;201300032609;13;1;19;1030;1;2;1;1.0;2;440;., ALSACE LORRAINE (AVEN;M;4324539.0;7322.0;650
29391;201300032610;13;1;24;1335;1;2;1;1.0;2;440;., ALSACE LORRAINE (AVEN;M;4324114.0;7366.0;650
29392;201300032611;13;1;25;945;1;2;3;1.0;3;440;1, PLANETE (IMPASSE DE L;M;4324138.0;5741.0;650
29393;201300032612;13;1;28;1655;1;2;1;1.0;3;440;LATTRE DE TASSIGNY(BOULE;M;4322893.0;5609.0;650
29394;201300032613;13;1;29;1210;1;2;2;1.0;6;440;ESTEVENET (QUAI);M;4323167.0;8550.0;650
29395;201300032614;13;1;30;1105;1;2;5;1.0;2;440;VICTOIRE (RUE DE LA);M;4323415.0;7136.0;650
29396;201300032615;13;1;30;1330;1;2;6;1.0;6;440;., UNIVERSITE (ROND POIN;M;4322293.0;4599.0;650
29397;201300032616;13;1;31;915;1;2;1;1.0;3;440;32, MARNE (AVENUE DE LA);M;4323211.0;8709.0;650
29398;201300032617;13;1;31;1345;1;2;1;1.0;6;440;15, JOFFRE (AVENUE DU MA;M;4323960.0;7233.0;650
29399;201300032618;13;2;1;1900;5;2;1;1.0;6;440;1, MARCADIEU (PLACE);M;4323152.0;8236.0;650
29400;201300032619;13;2;3;115;5;2;1;1.0;6;440;3, RENAUDET (BOULEVARD P;M;4324444.0;7370.0;650
29401;201300032620;13;2;5;1220;1;2;2;2.0;3;440;., SEPTEMBRE (RUE DU IV);M;4322895.0;8124.0;650
29402;201300032621;13;2;6;1815;1;2;1;2.0;4;440;45, LACAUSSADE (BOULEVAR;M;4323257.0;5467.0;650
29403;201300032622;13;2;7;2055;5;2;1;1.0;3;440;10, JUBINAL (RUE ACHILLE;M;4323915.0;7787.0;650
29404;201300032623;13;2;11;725;1;1;1;4.0;1;331;TARBES (AVENUE DE);M;4321572.0;5937.0;650
29405;201300032624;13;2;11;1445;1;2;3;8.0;3;440;., ORMEAU (CHEMIN DE L');M;4322800.0;7565.0;650
29406;201300032625;13;2;11;1710;1;2;1;1.0;6;440;., PRADEAU (PROMENADE DU;M;4323244.0;6650.0;650
29407;201300032626;13;2;15;850;1;2;2;1.0;3;440;., LAMARTINE (RUE);M;4323135.0;7801.0;650
29408;201300032627;13;2;15;1255;1;2;1;1.0;2;433;., BARBUSSE (AVENUE HENR;M;4321558.0;9694.0;650
29409;201300032630;13;2;27;805;1;2;1;1.0;6;440;Parking ENIT, av Azereix;M;4322556.0;5329.0;650
29410;201300032631;13;3;5;2100;5;2;3;1.0;2;440;., PAU (ROUTE DE);M;4323719.0;4908.0;650
29411;201300032632;13;3;6;1540;1;2;1;1.0;6;440;73, FOCH (RUE DU MARECHA;M;4323212.0;7855.0;650
29412;201300032633;13;3;9;1835;1;2;1;7.0;4;440;MAI 1945 (BOULEVARD DU 0;M;4321895.0;7213.0;650
29413;201300032634;13;3;13;2000;5;2;1;4.0;1;417;D 817;M;4321655.0;11045.0;650
29414;201300032635;13;3;15;1940;5;2;1;1.0;3;440;41, CARNOT (RUE);M;4322036.0;7068.0;650
29415;201300032636;13;3;16;1130;1;2;1;1.0;3;100;8, URAC (CHEMIN D');M;4324695.0;4536.0;650
29416;201300032637;13;3;16;1640;1;2;1;1.0;6;440;40, HENRI IV (BOULEVARD);M;4323583.0;5592.0;650
29417;201300032638;13;3;17;1220;1;2;2;1.0;3;433;., LIBERATION (AVENUE DE;M;4320353.0;10114.0;650
29418;201300032639;13;3;18;1820;1;2;2;2.0;3;440;., LAFORGUE (AVENUE JULE;M;4322419.0;6836.0;650
29419;201300032640;13;3;20;1605;1;2;1;1.0;2;440;62, FOCH (RUE DU MARECHA;M;4323192.0;8067.0;650
29420;201300032641;13;3;21;1400;1;2;2;1.0;3;440;., LAFORGUE (AVENUE JULE;M;4322417.0;6837.0;650
29421;201300032642;13;3;21;1950;5;2;2;1.0;3;440;., MASSEY (RUE);M;4323573.0;7416.0;650
29422;201300032643;13;3;22;755;1;2;1;1.0;4;226;., GABIZOS (Rue du);M;4322095.0;3392.0;650
29423;201300032644;13;3;22;1000;1;2;2;1.0;6;440;., MONTAUT (PLACE);M;4323190.0;8157.0;650
29424;201300032645;13;3;25;2025;5;2;2;2.0;3;440;., ARLAUD (RUE DU DOCTEU;M;4322438.0;7548.0;650
29425;201300032646;13;3;27;1835;1;2;1;1.0;3;440;8, HENRI IV (BOULEVARD);M;4323285.0;6431.0;650
29426;201300032647;13;3;28;2335;5;2;1;2.0;2;440;., MASSEY (RUE);M;4323971.0;7380.0;650
29427;201300032648;13;3;29;1450;1;2;2;1.0;3;440;, COMMANDO HISPANO (RUE;M;4322298.0;8887.0;650
29428;201300032650;13;4;15;1220;1;2;1;1.0;2;417;97, MITTERRAND (AVENUE F;M;4322303.0;10293.0;650
29429;201300032651;13;4;18;1315;1;2;1;1.0;3;417;., MITTERRAND (AVENUE FR;M;4322522.0;10066.0;650
29430;201300032652;13;4;19;1355;1;2;3;1.0;1;440;P RENAUDET (BD);M;4324579.0;8020.0;650
29431;201300032653;13;4;20;155;5;2;2;1.0;1;440;., REGIMENT DE BIGORRE (;M;4322403.0;6980.0;650
29432;201300032654;13;4;20;1215;1;2;2;1.0;6;440;., LARREY (RUE);M;4323058.0;7346.0;650
29433;201300032655;13;4;22;2015;1;2;2;1.0;3;47;., JAURES (AVE JEAN);M;4324142.0;9502.0;650
29434;201300032656;13;4;26;15;5;2;1;1.0;6;440;59, MAQUIS DE SOMBRUN (R;M;4324544.0;5944.0;650
29435;201300032657;13;5;3;1430;1;2;1;1.0;3;226;., PAU (ROUTE DE);M;4323861.0;1350.0;650
29436;201300032658;13;5;6;1345;1;2;1;1.0;3;440;24, MONTAIGU (RUE DU);M;4323424.0;8919.0;650
29437;201300032659;13;5;13;1810;1;2;1;1.0;2;440;., LAGARDERE (RUE JEAN-L;M;4322092.0;4314.0;650
29438;201300032660;13;5;16;1940;1;2;5;7.0;3;440;., COMMANDO HISPANO (RUE;M;4322301.0;8880.0;650
29439;201300032661;13;5;17;1455;1;2;1;1.0;2;440;., ALSACE LORRAINE (AVEN;M;4324216.0;7357.0;650
29440;201300032662;13;5;20;13;5;2;3;1.0;1;440;., RENAUDET (BOULEVARD P;M;4324502.0;7846.0;650
29441;201300032663;13;5;23;1420;1;2;2;2.0;3;440;55, ALSACE LORRAINE (AVE;M;4324735.0;7309.0;650
29442;201300032665;13;5;31;1650;1;2;1;2.0;2;440;., LAFORGUE (AVENUE JULE;M;4322405.0;6960.0;650
29443;201300032666;13;6;6;1710;1;2;1;1.0;3;440;TARBES/PL.DE VERDUN;M;4323270.0;7373.0;650