;Num_Acc;an;mois;jour;hrmn;lum;agg;int;atm;col;com;adr;gps;lat;long;dep
29444;201300032667;13;6;11;1150;1;2;1;1.0;1;440;TARBES/CH. DE L'ORMEAU;M;4321790.0;7949.0;650
29445;201300032668;13;6;11;1400;1;2;2;1.0;3;440;TARBES/R.G.LASSALLE;M;4323560.0;6529.0;650
29446;201300032669;13;6;14;1335;1;2;2;1.0;3;440;TARBES/R. BRAUHAUBAN;M;4323270.0;7989.0;650
29447;201300032670;13;6;16;616;1;2;2;1.0;3;440;SAINT-JEAN (RUE);M;4323843.0;8192.0;650
29448;201300032671;13;6;17;1315;1;2;1;1.0;6;440;10, CULTIVATEURS (RUE DE;M;4323501.0;6526.0;650
29449;201300032672;13;6;17;1850;1;2;1;1.0;3;440;., PERRIN (RUE JEAN);M;4322061.0;7911.0;650
29450;201300032673;13;6;25;1540;1;1;3;1.0;2;440;EVADES DE FRANCE (RUE DE;M;4321487.0;8541.0;650
29451;201300032674;13;6;28;840;1;2;1;1.0;3;417;VILLON (RUE FRANCOIS);M;4323238.0;10541.0;650
29452;201300032675;13;6;29;2325;5;2;2;1.0;3;440;MARNE (AVENUE DE LA);M;4323224.0;8738.0;650
29453;201300032676;13;7;1;1630;1;2;1;1.0;3;440;TARBES/RUE DE GONNES;M;4323100.0;7569.0;650
29454;201300032678;13;7;12;1835;1;2;1;1.0;4;440;TARBES/12 ROUTE DE PAU;M;4323760.0;4552.0;650
29455;201300032679;13;7;17;2000;1;2;1;1.0;6;417;23, DALLAS (RUE EDOUARD);M;4322401.0;9888.0;650
29456;201300032680;13;7;18;305;5;2;6;1.0;3;440;., LOURDES (ROND-POINT R;M;4322112.0;6100.0;650
29457;201300032681;13;7;25;1205;1;2;1;1.0;3;440;125, ALSACE LORRAINE (AV;M;4325440.0;7229.0;650
29458;201300032683;13;7;25;755;1;1;1;1.0;1;226;., DEPARTEMENTALE 93 (RO;M;4324973.0;1708.0;650
29459;201300032684;13;7;26;1440;1;1;1;1.0;3;226;., PAU (ROUTE DE);M;4324325.0;-942.0;650
29460;201300032685;13;8;1;900;1;2;3;1.0;4;440;., CARNOT (RUE);M;4322303.0;7005.0;650
29461;201300032686;13;8;1;1425;1;2;2;1.0;3;440;., LAC BLEU (RUE DU);M;4324117.0;4887.0;650
29462;201300032687;13;8;11;1000;1;2;3;1.0;3;440;., ORMEAU (CHEMIN DE L');M;4322704.0;7629.0;650
29463;201300032688;13;8;14;945;1;2;6;1.0;6;440;., BAGNERES (ROND POINT;M;4321906.0;7068.0;650
29464;201300032689;13;8;25;1020;1;2;1;1.0;2;47;., TUILERIE (RUE DE LA);M;4323387.0;9036.0;650
29465;201300032691;13;9;1;1945;1;2;1;1.0;6;440;., SAINT-EXUPERY (AVENUE;M;4324388.0;6354.0;650
29466;201300032692;13;9;3;1040;1;2;1;1.0;2;417;MITTERRAND (27 AVENUE FR;M;4323081.0;9451.0;650
29467;201300032693;13;9;7;855;1;2;1;2.0;6;440;., SAINT-JEAN (RUE);M;4323337.0;8219.0;650
29468;201300032694;13;9;10;850;1;2;2;3.0;3;440;41, VIGNEMALE (RUE DU);M;4323628.0;8694.0;650
29469;201300032696;13;9;12;1610;1;2;1;1.0;3;440;., LACAUSSADE (BOULEVARD;M;4323574.0;5495.0;650
29470;201300032697;13;9;19;850;1;2;1;1.0;4;440;16, DEBUSSY (BOULEVARD C;M;4321945.0;6882.0;650
29471;201300032698;13;9;20;1720;1;2;1;1.0;6;440;12, CRONSTADT (RUE DE);M;4322883.0;7170.0;650
29472;201300032699;13;9;26;1405;1;2;1;1.0;4;440;77 AV.ARIS.BRIAND;M;4322090.0;6062.0;650
29473;201300032700;13;9;30;1935;5;2;1;1.0;1;440;., ALSTHOM (PONT);M;4322332.0;9228.0;650
29474;201300032701;13;10;4;1555;1;2;2;1.0;3;440;., SEPTEMBRE (RUE DU IV);M;4322898.0;8358.0;650
29475;201300032704;13;10;7;1100;1;2;4;1.0;3;440;., BROGLIE (RUE LOUIS DE;M;4322305.0;7966.0;650
29476;201300032705;13;10;7;1200;1;2;1;1.0;3;47;104 b, SPORTS (AVE DES);M;4323480.0;10135.0;650
29477;201300032706;13;10;7;1345;1;2;2;1.0;3;417;., LAMARQUE (RUE MARCEL);M;4323195.0;9969.0;650
29478;201300032707;13;10;7;1640;1;2;1;1.0;2;440;2, CULTIVATEURS (RUE DES;M;4323544.0;6522.0;650
29479;201300032708;13;10;10;1705;1;2;1;2.0;3;47;153, JAURES (AVE JEAN);M;4325525.0;10028.0;650
29480;201300032709;13;10;12;1855;1;2;1;1.0;6;440;., ADOUR (QUAI DE L');M;4322982.0;8801.0;650
29481;201300032710;13;10;15;1300;1;2;2;1.0;1;440;., LATTRE DE TASSIGNY(BO;M;4322808.0;5643.0;650
29482;201300032711;13;10;16;1625;1;2;1;1.0;3;440;42, JOFFRE (AVENUE DU MA;M;4323955.0;6915.0;650
29483;201300032712;13;10;23;1955;2;2;2;1.0;6;440;., MARTINET (BOULEVARD D;M;4323131.0;8769.0;650
29484;201300032713;13;10;25;1835;1;2;3;1.0;3;440;MENDES FRANCE (RUE PIERR;M;4322853.0;8657.0;650
29485;201300032715;13;10;28;1435;1;2;1;1.0;6;440;72, BRIAND (AVENUE ARIST;M;4322098.0;6073.0;650
29486;201300032716;13;11;1;2025;5;2;2;2.0;6;440;TARBES/2 AV.MCHAL JOFFRE;M;4323950.0;7375.0;650
29487;201300032717;13;11;5;1545;1;1;1;3.0;3;100;BORDERES/R.RENE CASSIN;M;4326780.0;6927.0;650
29488;201300032718;13;11;6;900;1;2;1;1.0;6;440;TARBES/20 AV. FOULD;M;4322520.0;7179.0;650
29489;201300032719;13;11;17;2230;5;2;2;2.0;3;440;., AZEREIX (AVENUE D');M;4322800.0;5642.0;650
29490;201300032720;13;11;18;745;2;2;6;2.0;3;417;., BRIAND (PLACE ARISTID;M;4322835.0;10564.0;650
29491;201300032722;13;11;26;2310;5;2;2;1.0;3;440;., BARERE (AVENUE BERTRA;M;4323574.0;7210.0;650
29492;201300032723;13;12;5;800;1;2;1;1.0;6;440;., JOFFRE (AVENUE DU MAR;M;4323950.0;6440.0;650
29493;201300032724;13;12;7;1435;1;2;2;1.0;1;440;AZEREIX (AVENUE D');M;4322807.0;5645.0;650
29494;201300032725;13;12;8;2030;3;1;1;1.0;2;100;BORDEAUX (ROUTE DE) CD 9;M;4326013.0;7180.0;650
29495;201300032726;13;12;9;810;1;2;3;1.0;3;47;00, NOVEMBRE (RUE DU XI);M;4325374.0;8936.0;650
29496;201300032727;13;12;9;905;1;2;2;1.0;3;440;55, ALSACE LORRAINE (AVE;M;4324732.0;7304.0;650
29497;201300032728;13;12;9;1505;1;1;2;1.0;3;100;0, DEPARTEMENTALE 64 (RO;M;4324716.0;3773.0;650
29498;201300032729;13;12;10;1220;1;2;9;1.0;6;440;72, LASSALLE (RUE GEORGE;M;4323530.0;6737.0;650
29499;201300032731;13;12;13;2005;5;2;1;2.0;5;226;., PAU (ROUTE DE);M;4324073.0;1582.0;650
29500;201300032732;13;12;17;1045;1;2;2;1.0;6;440;1, ARDENNES (BOULEVARD D;M;4324964.0;7276.0;650
29501;201300032733;13;1;1;1;5;2;2;1.0;3;136;, JULIEN PANCHOT (AVENU;M;4269281.0;288586.0;660
29502;201300032734;13;1;4;150;3;1;1;1.0;6;136;, FRANCE LIBRE (BOULEVA;M;4270709.0;290903.0;660
29503;201300032735;13;1;5;1915;5;2;2;1.0;7;136;PALAIS-DES-EXPO (AVENUE;M;4270691.0;290014.0;660
29504;201300032736;13;1;7;1900;5;2;1;1.0;3;136;, OISEAUX (DES);M;4271102.0;288619.0;660
29505;201300032737;13;1;11;700;1;1;1;1.0;3;136;, MAS-BRESSON (CHEMIN D;M;4266815.0;286294.0;660
29506;201300032738;13;1;9;1500;1;2;2;1.0;3;136;, MERMOZ (AVENUE JEAN);M;4269534.0;291040.0;660
29507;201300032739;13;1;13;1730;1;1;1;1.0;3;136;ESPAGNE (ROUTE D');M;4267022.0;288278.0;660
29508;201300032741;13;1;16;1850;5;2;1;2.0;2;136;12, ESCARGUEL (LAZARE);M;4269943.0;288678.0;660
29509;201300032742;13;1;19;1500;1;2;1;1.0;6;136;MERCADER (BOULEVARD FELI;M;4269254.0;289187.0;660
29510;201300032743;13;1;18;820;1;2;1;2.0;6;136;CLEMENCEAU (BOULEVARD);M;4269943.0;288678.0;660
29511;201300032744;13;1;21;1525;1;2;1;1.0;6;136;1270, ESPAGNE (ROUTE D');M;4267832.0;289135.0;660
29512;201300032745;13;1;23;2125;5;2;1;1.0;6;136;., CAMUS AVENUE ALBERT;M;4269186.0;290638.0;660
29513;201300032746;13;1;25;1835;5;2;1;1.0;3;136;43, CLEMENCEAU (BOULEVAR;M;4269961.0;288893.0;660
29514;201300032747;13;1;30;1715;1;2;1;1.0;3;136;., JULIEN PANCHOT (AVENU;M;4269071.0;288080.0;660
29515;201300032748;13;1;30;1830;1;2;1;1.0;6;136;DESNOYE (BOULEVARD DR. J;M;4271357.0;288583.0;660
29516;201300032749;13;1;31;1900;3;2;1;1.0;6;136;Departementale  617;;;;660
29517;201300032750;13;2;4;1730;1;1;1;1.0;3;136;., ESPAGNE (ROUTE D');M;4267030.0;288228.0;660
29518;201300032751;13;2;17;1940;5;2;1;1.0;3;136;1125, JULIEN PANCHOT (AV;M;4268828.0;287496.0;660
29519;201300032752;13;2;18;1845;3;2;1;1.0;6;136;115, GUYNEMER (AVENUE GE;M;4268793.0;290828.0;660
29520;201300032753;13;2;20;1630;1;1;1;1.0;2;136;., MICHELET (BOULEVARD E;M;4269922.0;287595.0;660
29521;201300032754;13;2;23;1230;1;1;1;1.0;6;136;., R D 900;M;4274658.0;289386.0;660
29522;201300032755;13;3;6;1115;1;2;1;3.0;6;136;129, JOFFRE (AVENUE DU M;M;4271138.0;288991.0;660
29523;201300032756;13;3;7;635;2;1;1;1.0;1;136;R D 900;M;4268725.0;285376.0;660
29524;201300032757;13;3;1;1520;1;2;1;1.0;6;136;0, DALBIEZ (AVENUE VICTO;M;4269184.0;288690.0;660
29525;201300032758;13;3;10;935;1;2;1;1.0;6;136;0, BLANC AVENUE ROSETTE;M;4269875.0;290546.0;660
29526;201300032759;13;3;10;1328;1;2;1;1.0;6;136;0, REICHEL (FRANTZ);M;4269244.0;286611.0;660
29527;201300032760;13;3;12;1840;1;2;1;1.0;6;136;., ALDUY (Paul);M;4267905.0;290442.0;660
29528;201300032761;13;3;10;1640;1;2;1;1.0;3;136;36, BOURRAT BOULEVARD JE;M;4270008.0;290305.0;660
29529;201300032762;13;3;11;930;1;2;1;1.0;2;136;0, DALBIEZ (AVENUE VICTO;M;4268724.0;288218.0;660
29530;201300032763;13;3;13;1020;1;2;1;1.0;4;136;0, PYRENEES (BOULEVARD D;M;4269594.0;288856.0;660
29531;201300032764;13;3;14;609;1;2;1;6.0;3;136;0, POINCARE (BOULEVARD H;M;4269133.0;289654.0;660
29532;201300032765;13;3;19;1000;1;2;1;1.0;6;136;., BARCELONE QUAI DE;M;4269724.0;288962.0;660
29533;201300032766;13;3;19;1405;1;2;1;1.0;6;136;., CASERNE SAINT MARTIN;M;4269546.0;288996.0;660
29534;201300032767;13;3;19;800;1;2;1;1.0;3;136;., LANGUEDOC (AVENUE DU;M;4272567.0;288749.0;660
29535;201300032768;13;3;21;900;1;1;1;1.0;3;136;., FAUCEILLE (CHEMIN DE;M;4267305.0;289170.0;660
29536;201300032769;13;3;20;1650;1;1;2;1.0;3;136;., FLACHAT (EUGENE);M;4273398.0;289684.0;660
29537;201300032770;13;3;21;1725;1;2;2;1.0;3;136;., VIDAL (PIERRE);M;4272243.0;288189.0;660
29538;201300032773;13;3;22;1135;1;2;3;1.0;3;136;DALBIEZ (AVENUE VICTOR);M;4269051.0;288549.0;660
29539;201300032774;13;3;25;1750;1;2;1;1.0;3;136;140, DALBIEZ (AVENUE VIC;M;4267933.0;288157.0;660
29540;201300032775;13;3;27;1245;1;2;1;1.0;1;136;0, JOFFRE (AVENUE DU MAR;M;4270397.0;289284.0;660
29541;201300032776;13;4;2;1350;1;2;1;1.0;6;136;0, JULIEN PANCHOT (AVENU;M;4268384.0;286440.0;660
29542;201300032779;13;4;10;1845;1;2;1;1.0;6;136;1, COQUELICOTS (DES);M;4270399.0;290260.0;660
29543;201300032780;13;4;16;655;1;2;1;1.0;6;136;6, JULIEN PANCHOT (AVENU;M;4269363.0;288733.0;660
29544;201300032781;13;4;16;1418;1;2;1;7.0;6;136;1, DIAZ (NARCISSE VIRGIL;M;4271623.0;288841.0;660
29545;201300032783;13;4;22;1820;1;2;1;1.0;6;136;42, CARSALADE-DU-PONT(AV;M;4268893.0;289986.0;660
29546;201300032784;13;4;23;1400;1;2;1;1.0;6;136;., ARGELES SUR MER AVENU;M;4268382.0;290926.0;660
29547;201300032785;13;4;27;500;5;2;1;2.0;6;136;100, NUNGESSER-ET-COLI (;M;4268308.0;288969.0;660
29548;201300032786;13;4;29;1930;1;2;1;2.0;6;136;2, SOUVENIRS (ALLEE DES);M;4268914.0;289317.0;660
29549;201300032787;13;5;2;1350;1;1;1;1.0;3;136;R D 900;;;;660
29550;201300032788;13;5;6;1300;1;2;1;7.0;6;136;0, CASALS Pau (Av);M;4271766.0;288595.0;660
29551;201300032789;13;5;6;823;1;1;1;1.0;1;136;POU-DE-LES-COULOBRES (CH;M;4266550.0;291984.0;660
29552;201300032790;13;5;7;705;1;2;1;1.0;3;136;JULIEN PANCHOT (AVENUE);M;4269282.0;288586.0;660
29553;201300032791;13;5;6;1755;1;2;2;1.0;3;136;0, RACINE (JEAN);M;4270096.0;290060.0;660
29554;201300032793;13;5;13;600;2;2;1;1.0;3;136;0, BRUXELLES (AVENUE DE;M;4268793.0;284965.0;660
29555;201300032794;13;5;13;1500;1;2;1;1.0;2;136;., ALDUY (Paul);M;4267936.0;290416.0;660
29556;201300032795;13;5;15;1500;1;2;1;1.0;2;136;., GUYNEMER (AVENUE GEOR;M;4269454.0;290415.0;660
29557;201300032796;13;5;19;700;2;1;1;1.0;6;136;16, POUDRIERE (CHEMIN DE;M;4270908.0;289546.0;660
29558;201300032798;13;5;28;1400;1;2;1;2.0;6;136;., KENNEDY (BD JOHN-FITZ;M;4268841.0;290439.0;660
29559;201300032799;13;5;13;1425;1;2;1;1.0;3;136;., DESNOYE (BOULEVARD DR;M;4270871.0;288593.0;660
29560;201300032800;13;6;1;1515;1;2;1;6.0;6;136;20, REMPARTS-LA-REAL (DE;M;4269733.0;289714.0;660
29561;201300032801;13;6;4;1700;1;2;1;1.0;6;136;., JOFFRE (AVENUE DU MAR;M;4270298.0;289324.0;660
29562;201300032803;13;6;7;1900;1;2;1;1.0;6;136;11, PAYRA (JEAN);M;4269827.0;289329.0;660
29563;201300032804;13;6;11;930;1;2;1;1.0;2;136;RD 900;;;;660
29564;201300032805;13;6;11;1830;1;2;1;1.0;6;136;., NUNGESSER-ET-COLI (BO;M;4268147.0;289340.0;660
29565;201300032806;13;6;12;1230;1;1;1;1.0;3;136;RD 914;;;;660
29566;201300032808;13;6;19;1308;1;2;1;1.0;6;136;0, ESCARGUEL (COURS LAZA;M;4269999.0;288662.0;660
29567;201300032809;13;6;19;750;1;2;1;1.0;1;136;0, DESNOYE (BOULEVARD DR;M;4270386.0;288279.0;660
29568;201300032810;13;6;20;1208;1;2;1;1.0;1;136;0, BIOT JEAN BAPTISTE;M;4273425.0;290029.0;660
29569;201300032812;13;6;29;21;5;2;1;1.0;3;136;., TORREILLES (AV DU DOC;M;4268695.0;287436.0;660
29570;201300032813;13;6;29;145;3;1;1;1.0;7;136;., R D 900;;;;660
29571;201300032814;13;7;8;900;1;2;1;1.0;2;136;13, AUGUSTINS DES;M;4269754.0;289463.0;660
29572;201300032815;13;7;15;1740;1;2;1;1.0;6;136;320, JOFFRE (AVENUE DU M;M;4272047.0;288637.0;660
29573;201300032816;13;7;18;53;5;2;1;1.0;3;136;0, LANCASTER (PLACE DE);M;4271594.0;288802.0;660
29574;201300032817;13;7;20;2115;1;2;2;1.0;3;136;, ESCARGUEL (COURS LAZAR;M;4269736.0;288777.0;660
29575;201300032818;13;7;22;1227;1;2;1;1.0;6;136;0, PALAIS-DES-EXPO (AVEN;M;4270882.0;290484.0;660
29576;201300032820;13;8;7;1350;1;2;1;1.0;6;136;., BLANC AVENUE ROSETTE;M;4269885.0;290571.0;660
29577;201300032821;13;8;8;1950;1;1;1;1.0;7;136;., JEAN JACQUES ROCADE;M;4270154.0;290925.0;660
29578;201300032822;13;8;9;230;3;1;1;1.0;7;136;Departementale  617;;;;660
29579;201300032823;13;8;12;600;1;2;1;1.0;3;136;0, FRANCE LIBRE (BOULEVA;M;4270509.0;290186.0;660
29580;201300032824;13;8;11;1510;1;2;1;1.0;2;136;0, SAINT-ROCH (CHEMIN DE;M;4268776.0;290857.0;660
29581;201300032826;13;8;16;1410;1;2;1;1.0;3;136;0, R D 900;;;;660
29582;201300032827;13;8;20;1850;2;2;1;1.0;3;136;0, CAMUS AVENUE ALBERT;M;4269115.0;290776.0;660
29583;201300032828;13;8;21;1805;1;2;1;1.0;6;136;CLEMENCEAU (BOULEVARD);M;4270030.0;288965.0;660
29584;201300032829;13;8;28;2215;5;2;1;1.0;2;136;BALEARES ROND POINT ET C;M;4268867.0;289504.0;660
29585;201300032832;13;9;9;1757;1;2;1;1.0;2;136;., BLANC AVENUE ROSETTE;M;4269942.0;291672.0;660
29586;201300032833;13;9;11;1731;1;2;1;1.0;6;136;7 b, AERODROME AVENUE DE;M;4272144.0;288552.0;660
29587;201300032835;13;9;6;1200;1;2;1;1.0;6;136;., ALBERT MARCELLIN;M;4269073.0;289110.0;660
29588;201300032836;13;9;18;2140;5;2;1;1.0;3;136;., JARDINS SAINT-JACQUES;M;4270301.0;290929.0;660
29589;201300032838;13;9;25;850;1;2;1;1.0;3;136;FAUCEILLE (CHEMIN DE LA);M;4267245.0;289107.0;660
29590;201300032839;13;9;26;2345;3;2;1;1.0;1;136;., FRANCE LIBRE (BOULEVA;M;4270249.0;289190.0;660
29591;201300032840;13;9;29;2029;2;2;1;1.0;3;136;., FRANCE LIBRE (BOULEVA;M;4270428.0;289739.0;660
29592;201300032841;13;10;3;2201;3;2;1;1.0;2;136;Departementale  617;M;4271026.0;291800.0;660
29593;201300032842;13;10;5;330;5;2;1;1.0;1;136;., JULIEN PANCHOT (AVENU;M;4268369.0;286410.0;660
29594;201300032843;13;10;7;1538;1;2;2;1.0;3;136;., BERGES ARISTIDE;M;4273116.0;289239.0;660
29595;201300032844;13;10;9;930;1;2;1;1.0;3;136;0, BIGORRE LA;M;4268763.0;289872.0;660
29596;201300032846;13;10;14;1605;1;2;1;1.0;6;136;., MASSOT (PAUL);M;4269585.0;288393.0;660
29597;201300032847;13;10;20;245;4;2;1;1.0;1;136;R D 900;M;4266497.0;288385.0;660
29598;201300032848;13;10;22;1027;1;2;1;1.0;6;136;60, REMPART-VILLENEUVE;M;4269932.0;288976.0;660
29599;201300032849;13;10;22;1847;3;2;6;1.0;3;136;., AMSTERDAM ( ROND POIN;M;4268172.0;285213.0;660
29600;201300032850;13;10;27;940;1;2;1;1.0;3;136;0, ARGELES SUR MER AVENU;M;4268114.0;291059.0;660
29601;201300032851;13;10;27;1823;1;2;1;1.0;3;136;WILSON (BOULEVARD THOMAS;M;4270186.0;289570.0;660
29602;201300032852;13;11;6;1030;1;2;1;1.0;6;136;31, MERCADER (BOULEVARD;M;4269261.0;289194.0;660
29603;201300032853;13;11;9;1750;2;2;1;1.0;6;136;34, TORCATIS (AVENUE LOU;M;4269261.0;289195.0;660
29604;201300032854;13;11;14;1215;1;2;1;1.0;3;136;LANGUEDOC (AVENUE DU CD;M;4273132.0;288917.0;660
29605;201300032855;13;11;18;1515;1;1;1;3.0;2;136;departementale 914;;;;660
29606;201300032856;13;11;11;1350;1;2;6;1.0;3;136;., LANCASTER (PLACE DE);M;4268136.0;289355.0;660
29607;201300032857;13;11;22;1000;1;2;1;1.0;6;136;., KENNEDY (BD JOHN-FITZ;M;4268702.0;290609.0;660
29608;201300032859;13;11;29;1957;5;2;1;1.0;3;136;DALBIEZ AVENUE VICTOr;M;4268714.0;288208.0;660
29609;201300032860;13;12;1;2300;5;2;1;1.0;2;136;., ESPAGNE (ROUTE D');M;4268724.0;289545.0;660
29610;201300032861;13;12;5;1300;1;2;2;1.0;3;136;PYRENEES (BOULEVARD DES);M;4269683.0;288824.0;660
29611;201300032863;13;12;5;1555;1;2;1;1.0;3;136;LANGUEDOC (AVENUE DU CD;M;4273785.0;289110.0;660
29612;201300032864;13;12;9;800;1;2;1;1.0;3;136;GUYNEMER (AVENUE GEORGES;M;4269322.0;290393.0;660
29613;201300032865;13;12;9;1000;1;2;1;1.0;3;136;ESCARGUEL (COURS LAZARE);M;4269905.0;288697.0;660
29614;201300032866;13;12;10;920;1;2;2;1.0;3;136;JULIEN PANCHOT (AVENUE);M;4268662.0;286950.0;660
29615;201300032867;13;12;14;1450;1;2;1;1.0;6;136;ROMARINS (DES);M;4268902.0;288825.0;660
29616;201300032868;13;12;15;1600;1;2;2;1.0;3;136;WALDECK-ROUSSEAU (RENE);M;4269400.0;290246.0;660
29617;201300032870;13;12;16;1000;1;2;1;1.0;6;136;., ESPAGNE (ROUTE D');M;4268724.0;289554.0;660
29618;201300032871;13;12;16;1600;1;2;1;1.0;6;136;27, LYCEE (AVENUE);M;4269438.0;288874.0;660
29619;201300032872;13;12;17;1235;1;2;1;1.0;6;136;SALANQUE (AVENUE DE);M;4272780.0;290555.0;660
29620;201300032873;13;12;19;1405;1;2;2;2.0;3;136;MERMOZ (AVENUE JEAN);M;4269422.0;291316.0;660
29621;201300032874;13;12;24;1600;1;2;1;1.0;6;136;7, KENNEDY (BD JOHN-FITZ;M;4268991.0;290250.0;660
29622;201300032875;13;1;5;1530;1;2;1;9.0;1;180;SPITZACKER (RUE);;;;670
29623;201300032877;13;1;13;220;5;2;9;1.0;1;180;72, BISCHWILLER (ROUTE D;;;;670
29624;201300032878;13;2;7;755;2;1;1;8.0;1;180;RD 1063;;;;670
29625;201300032879;13;2;16;700;2;1;1;5.0;1;180;RD 27;;;;670
29626;201300032880;13;3;28;1715;1;1;1;1.0;6;180;WEITBRUCH (ROUTE DE) (WE;;;;670
29627;201300032881;13;4;6;1512;1;2;1;1.0;6;180;DESIRE BRUMBT (PLACE);;;;670
29628;201300032882;13;4;19;930;1;2;2;8.0;3;180;BITCHE (ROUTE DE);;;;670
29629;201300032883;13;4;24;605;1;2;1;1.0;7;180;CHATEAU FIAT (RUE DU);;;;670
29630;201300032884;13;5;12;1845;1;1;2;1.0;3;180;RD263;;;;670
29631;201300032885;13;7;7;1540;1;2;2;1.0;1;180;BITCHE (ROUTE DE);;;;670
29632;201300032886;13;8;1;1950;1;2;2;1.0;1;180;PROFESSEUR RENE LERICHE;;;;670
29633;201300032887;13;8;14;1528;1;2;2;1.0;3;180;101, CHATEAU FIAT (RUE D;;;;670
29634;201300032888;13;9;7;30;5;2;1;1.0;3;180;48, MARIENTHAL (ROUTE DE;;;;670
29635;201300032889;13;10;21;700;3;1;1;1.0;1;180;RD 1062;;;;670
29636;201300032890;13;1;2;1600;1;2;1;1.0;6;462;01, GRENOUILLES (RUE DES;;;;670
29637;201300032892;13;5;5;1554;1;1;1;1.0;2;462;MARCKOLSHEIM (ROUTE DE);;;;670
29638;201300032893;13;5;16;1320;1;2;1;8.0;6;462;5, MOZART (RUE);;;;670
29639;201300032894;13;11;24;1655;2;2;2;1.0;1;462;01, GENERAL DE GAULLE (A;;;;670
29640;201300032895;13;11;27;750;1;2;2;1.0;6;462;01, SAINTE ODILE (RUE);;;;670
29641;201300032896;13;1;3;1355;1;2;1;1.0;6;482;0, PIERRE NUSS (RUE);;;;670
29642;201300032897;13;1;2;1700;5;2;2;1.0;1;482;RATHSAMHAUSEN (RUE DE);;;;670
29643;201300032898;13;1;3;1720;5;2;1;1.0;2;482;10, RICHARD WAGNER (RUE);;;;670
29644;201300032900;13;1;4;2015;5;2;1;1.0;2;365;0, GEISPOLSHEIM (RUE DE);;;;670
29645;201300032901;13;1;4;2220;5;2;3;1.0;3;482;RHIN (ROUTE DU);;;;670
29646;201300032902;13;1;5;135;5;2;2;1.0;3;482;0, RHIN (ROUTE DU);;;;670
29647;201300032904;13;1;8;1750;5;2;1;1.0;2;482;10, SAINTE MARGUERITE (R;;;;670
29648;201300032905;13;1;9;2200;5;2;2;2.0;2;447;0, GENERAL DE GAULLE (RO;;;;670
29649;201300032906;13;1;10;820;1;2;1;2.0;6;482;16, LAUTH (RUE);;;;670
29650;201300032907;13;1;10;1310;1;2;1;8.0;6;447;18, LAMARTINE (RUE);;;;670
29651;201300032908;13;1;12;235;5;2;1;2.0;6;482;7, PECHEURS (QUAI DES);;;;670
29652;201300032909;13;1;12;1850;5;2;1;2.0;3;482;8, RIBEAUVILLE (RUE DE);;;;670
29653;201300032910;13;1;14;805;1;2;3;4.0;4;447;GENERAL DE GAULLE (ROUTE;;;;670
29654;201300032911;13;1;14;1830;1;2;1;1.0;6;218;21, ROSEAUX (RUE DES);;;;670
29655;201300032912;13;1;15;1350;1;2;1;4.0;3;482;0, RENE CASSIN (ALLEE);;;;670
29656;201300032913;13;1;16;1730;5;2;2;1.0;6;482;0, PETITES FERMES (RUE D;;;;670
29657;201300032914;13;1;18;1625;1;2;1;1.0;3;482;34, HOPITAL (ROUTE DE L;;;;670
29658;201300032915;13;1;19;1025;1;2;2;4.0;3;482;0, PECHEURS (QUAI DES);;;;670
29659;201300032916;13;1;20;830;1;2;1;4.0;6;482;19, ROMAINS (PLACE DES);;;;670
29660;201300032917;13;1;23;925;1;2;2;8.0;3;482;0, LIBERTE (AVENUE DE LA;;;;670
29661;201300032918;13;1;23;1220;1;2;1;8.0;6;482;0, FEDERATION (ROUTE DE;;;;670
29662;201300032919;13;1;28;1140;1;2;1;1.0;3;482;86, JESUITES (RUE DES);;;;670
29663;201300032920;13;1;30;1125;1;2;1;2.0;6;482;0, COUBERTIN (RUE PIERRE;;;;670
29664;201300032921;13;1;31;1730;5;2;1;1.0;6;482;0, MOLSHEIM (RUE DE);;;;670
29665;201300032922;13;2;1;730;2;2;2;2.0;3;482;SCHUTZENBERGER (AVENUE);;;;670
29666;201300032923;13;2;1;900;1;2;1;2.0;3;482;3, CHARLES PEGUY (RUE);;;;670
29667;201300032924;13;2;1;1820;5;2;3;2.0;3;482;0, FUSTEL DE COULANGES (;;;;670
29668;201300032925;13;2;1;1910;5;2;1;3.0;6;447;14, EUROPE (AVENUE DE L;;;;670
29669;201300032926;13;2;1;2015;5;2;2;3.0;3;447;0, PIERRE MENDES FRANCE;;;;670
29670;201300032927;13;2;3;740;1;2;2;1.0;3;482;0, VOSGES (AVENUE DES);;;;670
29671;201300032928;13;2;5;2105;5;2;1;2.0;3;482;0, TRAVAIL (RUE DU);;;;670
29672;201300032929;13;2;7;1930;5;2;1;1.0;2;482;0, VICTOIRE (BOULEVARD D;;;;670
29673;201300032930;13;2;8;815;1;2;1;2.0;3;204;30, BRUMATH (ROUTE DE);;;;670
29674;201300032931;13;2;8;1720;2;2;1;1.0;6;482;0, MARAIS VERT (RUE DU);;;;670
29675;201300032932;13;2;8;1755;5;2;1;1.0;3;482;29, AMPERE (RUE);;;;670