;Num_Acc;an;mois;jour;hrmn;lum;agg;int;atm;col;com;adr;gps;lat;long;dep
29676;201300032935;13;2;11;1935;5;2;3;4.0;3;218;0, GOUNOD (RUE);;;;670
29677;201300032936;13;2;13;1700;5;2;2;1.0;6;482;0, LANDSBERG (RUE DU);;;;670
29678;201300032937;13;2;13;1755;5;2;1;1.0;6;482;0, SEBASTOPOL (RUE DE);;;;670
29679;201300032938;13;2;14;1935;5;2;1;1.0;3;482;51, SCHIRMECK (ROUTE DE);;;;670
29680;201300032939;13;2;15;745;1;2;1;4.0;3;482;317, LA WANTZENAU (ROUTE;;;;670
29681;201300032940;13;2;15;1150;1;2;1;1.0;6;43;78B, PERIGUEUX (AVENUE D;;;;670
29682;201300032941;13;2;15;1900;5;2;1;2.0;3;482;8, BEULENWOERTH (CHEMIN;;;;670
29683;201300032942;13;2;16;1845;5;2;3;1.0;6;482;0, ALPES (QUAI DES);;;;670
29684;201300032943;13;2;20;1000;1;2;3;1.0;3;482;0, RHIN (ROUTE DU);;;;670
29685;201300032944;13;2;21;1355;1;2;1;1.0;6;267;1, GENERAL DE GAULLE (RU;;;;670
29686;201300032945;13;2;23;2220;5;2;1;4.0;6;482;55, MITTELHAUSBERGEN (RO;;;;670
29687;201300032946;13;2;25;1345;1;2;1;1.0;4;218;0, ALFRED KASTLER (ROUTE;;;;670
29688;201300032947;13;3;1;1235;1;2;3;1.0;3;482;46, MEINAU (ROUTE DE LA);;;;670
29689;201300032949;13;3;4;745;1;1;1;1.0;3;204;0, TROIS MAIRES (RUE DES;;;;670
29690;201300032950;13;3;4;1840;5;2;1;1.0;3;482;0, SCHIRMECK (ROUTE DE);;;;670
29691;201300032951;13;3;4;2120;5;2;2;1.0;3;482;0, ZIEGELAU (RUE DE LA);;;;670
29692;201300032952;13;3;5;1700;1;2;1;1.0;6;482;0, WELSCH (RUE);;;;670
29693;201300032953;13;3;5;2135;5;2;2;1.0;3;43;0, BISCHWILLER (ROUTE DE;;;;670
29694;201300032954;13;3;6;1920;5;2;1;1.0;2;447;19, GLACIERE (RUE DE LA);;;;670
29695;201300032955;13;3;7;850;1;2;1;1.0;3;482;42, GEILER (RUE);;;;670
29696;201300032957;13;3;9;1500;1;2;1;2.0;3;482;0, BELGES (QUAI DES);;;;670
29697;201300032958;13;3;10;1840;5;2;2;2.0;3;482;0, FRAN?OIS MITTERRAND (;;;;670
29698;201300032959;13;3;11;805;1;2;3;8.0;2;447;0, GENERAL DE GAULLE (RO;;;;670
29699;201300032960;13;3;11;1625;1;2;1;2.0;4;482;46-48, HOPITAL (ROUTE DE;;;;670
29700;201300032961;13;3;11;1845;5;2;1;1.0;3;482;0, RENE CASSIN (ALLEE);;;;670
29701;201300032962;13;3;12;2340;5;2;2;8.0;6;482;14, WASSELONNE (RUE DE);;;;670
29702;201300032963;13;3;13;700;1;2;2;1.0;3;482;0, GENERAL OFFENSTEIN (R;;;;670
29703;201300032964;13;3;13;1515;1;2;2;4.0;3;218;0, STRASBOURG (ROUTE DE);;;;670
29704;201300032965;13;3;13;1620;1;2;5;8.0;5;482;0, VOSGES (AVENUE DES);;;;670
29705;201300032966;13;3;14;1625;1;2;1;8.0;6;43;59, BISCHWILLER (ROUTE D;;;;670
29706;201300032967;13;3;15;1900;2;2;1;1.0;2;482;36, MOLSHEIM (RUE DE);;;;670
29707;201300032968;13;3;16;1340;1;2;1;1.0;3;204;25, REPUBLIQUE (RUE DE L;;;;670
29708;201300032969;13;3;16;2000;5;2;3;1.0;3;482;0, BRIGADE ALSACE LORRAI;;;;670
29709;201300032970;13;3;17;1325;1;2;1;2.0;2;482;0, RHIN TORTU (RUE DU);;;;670
29710;201300032971;13;3;17;1430;1;2;2;3.0;6;482;7, DUNTZENHEIM (RUE DE);;;;670
29711;201300032972;13;3;17;2200;5;2;2;2.0;3;482;0, JEAN JAURES (AVENUE);;;;670
29712;201300032973;13;3;20;1415;1;2;1;1.0;3;447;0, PIERRE MENDES FRANCE;;;;670
29713;201300032974;13;3;22;1010;1;2;1;1.0;3;482;0, UNIVERSITE (RUE DE L;;;;670
29714;201300032975;13;3;22;1353;1;2;2;1.0;3;482;0, COMMANDANT FRANCOIS (;;;;670
29715;201300032976;13;3;22;2125;5;2;2;1.0;3;43;0, BRUMATH (ROUTE DE);;;;670
29716;201300032977;13;3;24;215;5;2;3;1.0;3;482;REPUBLIQUE (PLACE DE LA);;;;670
29717;201300032978;13;3;27;1455;1;2;1;1.0;2;482;0, KOENIGSHOFFEN (RUE DE;;;;670
29718;201300032979;13;3;27;1929;5;2;1;1.0;4;482;0, RHIN (ROUTE DU);;;;670
29719;201300032980;13;3;28;800;1;2;1;1.0;6;482;0, COLMAR (AVENUE DE);;;;670
29720;201300032981;13;3;28;1400;1;2;1;1.0;6;43;43, BRUMATH (ROUTE DE);;;;670
29721;201300032982;13;3;28;1545;1;2;1;1.0;6;482;9, GARE (PLACE DE LA);;;;670
29722;201300032983;13;3;28;1800;1;2;1;1.0;3;482;0, PREMIERE ARMEE (RUE D;;;;670
29723;201300032984;13;3;30;1518;1;2;1;1.0;7;482;190, UNTERELSAU (RUE DE;;;;670
29724;201300032985;13;3;30;1245;1;2;1;1.0;3;482;PAUL ELUARD (RUE);;;;670
29725;201300032986;13;3;31;350;4;2;1;1.0;2;482;0, HERRENSCHMIDT (AVENUE;;;;670
29726;201300032987;13;4;1;1630;1;2;1;1.0;3;482;81, LA ROCHELLE (RUE DE);;;;670
29727;201300032989;13;4;3;1645;1;2;2;1.0;3;482;0, CLEMENCEAU (BOULEVARD;;;;670
29728;201300032991;13;4;5;1342;1;2;1;1.0;6;447;0, 23 NOVEMBRE (AVENUE D;;;;670
29729;201300032992;13;4;5;1701;1;2;1;1.0;2;482;3, GENERAL KOENIG (QUAI;;;;670
29730;201300032994;13;4;6;2110;5;2;2;1.0;6;482;0, OBERHAUSBERGEN (ROUTE;;;;670
29731;201300032995;13;4;7;1600;1;2;1;1.0;6;482;40, MATHIAS GRUNEWALD (R;;;;670
29732;201300032996;13;4;8;1830;1;2;1;1.0;3;482;0, EGLISE ROUGE (RUE DE;;;;670
29733;201300032997;13;4;8;2315;5;2;1;1.0;6;482;0, PETIT BROGLIE (PLACE;;;;670
29734;201300032998;13;4;9;525;5;2;1;1.0;6;482;0, SCHLUTHFELD (ALLEE DU;;;;670
29735;201300032999;13;4;9;920;1;2;1;1.0;3;218;0, NIEDERBOURG (RUE DE L;;;;670
29736;201300033000;13;4;9;1635;1;2;1;1.0;3;482;0, ANDRE MALRAUX (RUE);;;;670
29737;201300033001;13;4;12;1455;1;2;1;1.0;3;482;2, KENTZINGER (RUE);;;;670
29738;201300033002;13;4;13;1800;1;2;1;1.0;3;447;0, LAUTER (RUE DE LA);;;;670
29739;201300033003;13;4;16;1030;1;2;2;1.0;3;482;0, GOLBERY (PLACE);;;;670
29740;201300033004;13;4;18;1850;1;2;2;1.0;3;218;0, VIGNES (RUE DES);;;;670
29741;201300033005;13;4;20;620;5;2;2;1.0;5;482;ROMAINS (ROUTE DES);;;;670
29742;201300033006;13;4;20;1005;1;2;1;2.0;3;482;25, PRESIDENT WILSON (BO;;;;670
29743;201300033008;13;4;21;1910;1;2;2;1.0;3;447;0, EUROPE (AVENUE DE L );;;;670
29744;201300033009;13;4;23;900;1;2;2;1.0;3;482;0, LEZAY MARNESIA (QUAI);;;;670
29745;201300033010;13;4;24;840;1;2;2;1.0;3;482;0, BISCHWILLER (ROUTE DE;;;;670
29746;201300033011;13;4;24;2008;5;2;1;1.0;3;482;13, MARNE (BOULEVARD DE;;;;670
29747;201300033012;13;4;25;1208;1;2;2;1.0;3;482;GEORGES WODLI (RUE);;;;670
29748;201300033013;13;4;25;1610;1;2;1;1.0;6;482;0, ALPES (QUAI DES);;;;670
29749;201300033014;13;4;27;1950;1;2;2;2.0;3;447;0, PIERRE MENDES FRANCE;;;;670
29750;201300033015;13;4;28;122;5;2;1;2.0;6;43;2, PERIGUEUX (AVENUE DE);;;;670
29751;201300033016;13;4;30;1430;1;2;2;2.0;3;482;0, VOSGES (AVENUE DES);;;;670
29752;201300033017;13;4;30;2020;2;2;1;8.0;6;482;0, MITTELHAUSBERGEN (ROU;;;;670
29753;201300033018;13;5;1;352;5;2;3;2.0;6;482;0, ETOILE (PLACE DE L );;;;670
29754;201300033019;13;5;3;1800;1;2;2;3.0;6;482;0, KOENIGSHOFFEN (RUE DE;;;;670
29755;201300033020;13;5;3;1905;2;2;1;2.0;4;482;4, OBERHAUSBERGEN (ROUTE;;;;670
29756;201300033021;13;5;6;822;1;2;3;1.0;6;482;0, GERLINDE (RUE);;;;670
29757;201300033022;13;5;6;2210;5;2;5;2.0;3;482;0, NANCY (BOULEVARD DE);;;;670
29758;201300033024;13;5;7;935;1;2;1;1.0;3;43;0, GEORGES BURGER (RUE);;;;670
29759;201300033025;13;5;7;1100;1;2;2;1.0;3;482;0, LA WANTZENAU (ROUTE D;;;;670
29760;201300033026;13;5;8;1650;1;2;1;1.0;7;43;19a, ROBERTSAU (RUE DE L;;;;670
29761;201300033028;13;5;12;200;5;2;2;2.0;3;482;0, OBERHAUSBERGEN (ROUTE;;;;670
29762;201300033029;13;5;13;2145;5;2;3;1.0;3;482;0, NORMANDIE (AVENUE DE);;;;670
29763;201300033030;13;5;14;1230;1;2;2;1.0;6;482;0, DIVISION LECLERC (RUE;;;;670
29764;201300033031;13;5;14;1440;1;2;3;1.0;3;482;0, DIVISION LECLERC (RUE;;;;670
29765;201300033032;13;5;14;1900;1;2;3;1.0;3;482;0, MINOTERIE (RUE DE LA);;;;670
29766;201300033033;13;5;15;753;1;2;1;1.0;5;267;190, MARECHAL FOCH (RUE;;;;670
29767;201300033034;13;5;15;1730;1;2;1;1.0;2;482;197, SCHIRMECK (ROUTE DE;;;;670
29768;201300033035;13;5;16;1300;1;2;3;8.0;6;482;0, CHARLES FREY (QUAI);;;;670
29769;201300033036;13;5;17;1849;1;2;1;1.0;1;204;90, REPUBLIQUE (RUE DE L;;;;670
29770;201300033037;13;5;20;1345;1;2;1;3.0;3;482;0, PAUL VERLAINE (RUE);;;;670
29771;201300033038;13;5;20;2055;5;2;1;2.0;4;482;7, PETIT MARAIS (RUE DU);;;;670
29772;201300033039;13;5;24;655;1;2;6;1.0;3;482;0, CHARLES PEGUY (RUE);;;;670
29773;201300033040;13;5;24;1200;1;2;1;1.0;3;218;11, INDUSTRIE (RUE DE L;;;;670
29774;201300033041;13;5;25;1455;1;2;1;1.0;6;482;9, ALBERT EINSTEIN (RUE);;;;670
29775;201300033042;13;5;25;1520;1;2;3;1.0;3;482;0, REPUBLIQUE (PLACE DE;;;;670
29776;201300033043;13;5;25;1800;1;2;1;1.0;1;43;4, ECOLE (RUE DE L );;;;670
29777;201300033044;13;5;27;1400;1;2;1;1.0;6;482;9, MARCEL PROUST (RUE);;;;670
29778;201300033045;13;5;28;2040;2;2;3;2.0;3;447;128, BISCHWILLER (ROUTE;;;;670
29779;201300033046;13;5;29;2135;5;2;2;2.0;6;204;0, REPUBLIQUE (RUE DE LA;;;;670
29780;201300033047;13;5;30;2300;5;2;2;1.0;6;482;0, ZELLENBERG (RUE DE);;;;670
29781;201300033048;13;5;31;1210;1;2;1;2.0;6;482;0, VICTOIRE (BOULEVARD D;;;;670
29782;201300033049;13;6;4;1820;1;2;3;1.0;3;447;0, CHARME (RUE DU);;;;670
29783;201300033050;13;6;4;1804;1;2;1;1.0;3;218;0, FORT UHRICH (ROUTE DU;;;;670
29784;201300033051;13;6;5;840;1;2;1;1.0;2;482;0, ARTHUR RIMBAUD (RUE);;;;670
29785;201300033052;13;6;5;2020;1;2;2;1.0;3;482;0, LOUIS PASTEUR (QUAI);;;;670
29786;201300033053;13;6;6;1210;1;2;1;1.0;3;482;0, HERRENSCHMIDT (AVENUE;;;;670
29787;201300033054;13;6;6;1425;1;2;3;1.0;3;482;244, OBERHAUSBERGEN (ROU;;;;670
29788;201300033056;13;6;7;320;5;2;1;1.0;6;482;24, HECHNER (RUE);;;;670
29789;201300033057;13;6;7;1750;1;2;3;1.0;2;482;0, LA WANTZENAU (ROUTE D;;;;670
29790;201300033058;13;6;7;2015;1;2;3;1.0;6;447;20, TRIBUNAL (RUE DU);;;;670
29791;201300033059;13;6;7;2330;5;2;1;1.0;3;482;208, ROMAINS (ROUTE DES);;;;670
29792;201300033060;13;6;11;1104;1;2;1;1.0;6;482;0, CHARLES PEGUY (RUE);;;;670
29793;201300033061;13;6;11;1343;1;2;1;1.0;6;447;69, BISCHWILLER (ROUTE D;;;;670
29794;201300033062;13;6;12;1600;1;2;1;1.0;3;482;208, ROMAINS (ROUTE DES);;;;670
29795;201300033063;13;6;12;1830;1;2;1;1.0;6;482;75, ZIEGELAU (RUE DE LA);;;;670
29796;201300033064;13;6;14;1345;1;1;3;1.0;3;482;GENERAL OFFENSTEIN (RUE;;;;670
29797;201300033066;13;6;16;1725;1;2;2;1.0;3;482;0, PONT DE L EUROPE (AVE;;;;670
29798;201300033067;13;6;19;1810;1;2;1;1.0;3;365;26, MARECHAL FOCH (RUE D;;;;670
29799;201300033068;13;6;20;1925;1;2;1;1.0;3;482;17, JACQUES PREISS (BOUL;;;;670
29800;201300033069;13;6;21;1645;1;2;1;1.0;3;482;0, HURTIGHEIM (RUE DE);;;;670
29801;201300033070;13;6;21;1730;1;2;3;1.0;3;447;0, GENERAL DE GAULLE (RO;;;;670
29802;201300033071;13;6;21;1810;1;2;3;1.0;6;482;0, RHIN (ROUTE DU);;;;670
29803;201300033072;13;6;24;1620;1;2;4;1.0;3;218;ESCHAU (ROUTE D );;;;670
29804;201300033073;13;6;24;1630;1;2;1;1.0;6;482;PETIT MARAIS (RUE DU);;;;670
29805;201300033074;13;6;25;2115;1;2;1;2.0;6;482;0, PIERRE CORNEILLE (AVE;;;;670
29806;201300033076;13;6;28;1730;1;2;1;1.0;6;365;13, ILLKIRCH (RUE D);;;;670
29807;201300033079;13;7;1;115;5;2;1;1.0;7;482;0, MOLSHEIM (RUE DE);;;;670
29808;201300033080;13;7;1;1250;1;2;1;1.0;6;482;0, BROGLIE (PLACE);;;;670
29809;201300033081;13;7;1;715;1;2;3;1.0;3;482;0, RHIN (ROUTE DU);;;;670
29810;201300033083;13;7;2;1810;1;2;1;1.0;3;482;0, ORBEY (RUE D );;;;670
29811;201300033084;13;7;2;2115;2;2;2;1.0;3;204;0, BRUMATH (ROUTE DE);;;;670
29812;201300033085;13;7;3;1855;1;2;3;1.0;3;204;43, MARECHAL LECLERC (RU;;;;670
29813;201300033086;13;7;4;835;1;2;1;1.0;3;482;0, OBERHAUSBERGEN (ROUTE;;;;670
29814;201300033087;13;7;4;1430;1;2;1;1.0;3;482;0, BORDEAUX (PLACE DE);;;;670
29815;201300033088;13;7;5;1000;1;2;1;1.0;3;218;6, STRASBOURG (ROUTE DE);;;;670
29816;201300033089;13;7;5;2010;1;1;2;1.0;3;218;0, FORT UHRICH (ROUTE DU;;;;670
29817;201300033090;13;7;5;2215;5;2;2;1.0;3;482;0, SELESTAT (RUE DE);;;;670
29818;201300033091;13;7;6;1330;1;2;1;1.0;3;447;3A, MARAIS (RUE DU);;;;670
29819;201300033092;13;7;7;2115;2;2;1;1.0;6;267;190, MARECHAL FOCH (RUE;;;;670
29820;201300033093;13;7;8;1350;1;2;1;1.0;6;482;56, SCHIRMECK (ROUTE DE);;;;670
29821;201300033094;13;7;9;945;1;2;3;1.0;6;482;22, PREMIERE ARMEE (RUE;;;;670
29822;201300033095;13;7;9;2220;5;2;2;1.0;3;43;BISCHWILLER (ROUTE DE);;;;670
29823;201300033096;13;7;10;800;1;2;1;1.0;6;482;16, STEINBOURG (RUE DE);;;;670
29824;201300033097;13;7;10;1110;1;2;3;1.0;6;482;0, LANDSBERG (RUE DU);;;;670
29825;201300033098;13;7;11;2010;1;2;1;1.0;3;218;0, RHIN (ROUTE DU);;;;670
29826;201300033099;13;7;12;2325;4;1;1;1.0;6;482;0, CHATELET DE LA FORET;;;;670
29827;201300033100;13;7;13;1015;1;2;2;1.0;3;482;0, SOULTZ (RUE DE);;;;670
29828;201300033101;13;7;13;1750;1;2;1;1.0;6;482;79, ROMAINS (ROUTE DES);;;;670
29829;201300033102;13;7;14;2330;5;2;2;1.0;3;482;0, MITTELHAUSBERGEN (ROU;;;;670
29830;201300033103;13;7;17;1615;1;2;2;1.0;6;482;0, GENERAL KOENIG (QUAI;;;;670
29831;201300033104;13;7;18;2034;1;2;1;1.0;6;447;1, ALPHONSE ADAM (RUE);;;;670
29832;201300033105;13;7;20;1150;1;2;1;1.0;1;482;0, BELGES (QUAI DES);;;;670
29833;201300033106;13;7;20;1330;1;2;1;1.0;1;482;0, ALFRED KASTLER (RUE);;;;670
29834;201300033107;13;7;23;1915;1;2;1;1.0;3;482;0, MARCEL PROUST (RUE);;;;670
29835;201300033108;13;7;21;1945;1;2;1;1.0;5;482;0, FEDERATION (ROUTE DE;;;;670
29836;201300033109;13;7;21;2225;5;2;1;1.0;6;482;0, HORACE (RUE);;;;670
29837;201300033110;13;7;24;750;1;2;2;1.0;6;482;0, CANONNIERS (RUE DES);;;;670
29838;201300033111;13;7;25;1948;1;2;2;1.0;3;218;0, RAISIN (RUE DU);;;;670
29839;201300033112;13;7;25;2115;2;2;1;1.0;3;482;146, ROMAINS (ROUTE DES);;;;670
29840;201300033113;13;7;26;1605;1;2;1;1.0;6;218;150, ILLKIRCH;;;;670
29841;201300033114;13;7;31;2050;2;2;2;1.0;6;43;0, ROBERT KIEFFER (RUE);;;;670
29842;201300033115;13;8;1;40;5;2;3;1.0;3;482;0, ROMAINS (ROUTE DES);;;;670
29843;201300033116;13;8;1;115;5;2;2;1.0;3;482;0, FORGET (RUE);;;;670
29844;201300033117;13;8;1;800;1;2;1;1.0;3;482;62, LAZARET (RUE DU);;;;670
29845;201300033118;13;8;2;1000;1;2;2;1.0;3;447;0, GENERAL DE GAULLE (RO;;;;670
29846;201300033119;13;8;2;1545;1;2;1;1.0;6;482;33, ALPES (QUAI DES);;;;670
29847;201300033120;13;8;3;900;1;2;1;1.0;3;482;6, OBERHAUSBERGEN (ROUTE;;;;670
29848;201300033121;13;8;4;10;5;1;1;1.0;6;218;1, LE CORBUSIER ( RUE );;;;670
29849;201300033122;13;8;4;1445;1;2;2;1.0;3;482;0, MOLSHEIM (RUE DE);;;;670
29850;201300033123;13;8;4;205;5;2;1;1.0;7;447;0, PIERRE MENDES FRANCE;;;;670
29851;201300033124;13;8;4;2200;5;2;1;1.0;3;482;0, VITRY LE FRANCOIS (AV;;;;670
29852;201300033125;13;8;7;1720;1;2;1;2.0;3;482;22, ORPHELINS (RUE DES);;;;670
29853;201300033126;13;8;8;1728;1;2;1;8.0;3;482;15, RHONE (RUE DU);;;;670
29854;201300033127;13;8;8;2300;5;2;1;1.0;6;482;0, ILL (RUE DE L );;;;670
29855;201300033129;13;8;10;400;5;2;2;1.0;6;482;0, GUTENBERG (PLACE);;;;670
29856;201300033130;13;8;10;1630;1;2;1;1.0;6;482;35, CHARLES PEGUY (RUE);;;;670
29857;201300033131;13;8;12;1335;1;2;1;1.0;1;482;12, OBERHAUSBERGEN (ROUT;;;;670
29858;201300033132;13;8;12;1735;1;2;1;1.0;3;482;0, RHIN NAPOLEON (RUE DU;;;;670
29859;201300033133;13;8;16;1640;1;2;1;1.0;2;482;40, PRESIDENT WILSON (BO;;;;670
29860;201300033134;13;8;17;1630;1;2;1;1.0;3;482;26, AUGUSTIN FRESNEL (RU;;;;670
29861;201300033135;13;8;17;2110;5;2;1;1.0;7;482;27, REUSS (ALLEE);;;;670
29862;201300033136;13;8;17;2310;5;2;3;1.0;1;482;0, RUNGIS (RUE DE);;;;670
29863;201300033137;13;8;19;1158;1;2;1;1.0;6;482;4, MAIRE KUSS (RUE DU);;;;670
29864;201300033138;13;8;19;1705;1;2;1;1.0;6;482;106, ZIEGELAU (RUE DE LA;;;;670
29865;201300033139;13;8;20;1415;1;2;3;1.0;3;43;1c, BRUMATH (ROUTE DE);;;;670
29866;201300033140;13;8;21;715;1;2;2;1.0;3;482;186, OBERHAUSBERGEN (ROU;;;;670
29867;201300033141;13;8;22;35;5;2;1;1.0;6;482;0, NUEE BLEUE (RUE DE LA;;;;670
29868;201300033142;13;8;22;2240;5;2;2;1.0;1;482;0, DUCS (RUE DES);;;;670
29869;201300033143;13;8;23;1710;1;2;2;1.0;3;204;0, STADE (RUE DU);;;;670
29870;201300033144;13;8;28;710;1;2;3;1.0;3;482;0, VIEUX MARCHE AUX VINS;;;;670
29871;201300033145;13;8;28;2240;5;2;2;1.0;3;482;0, SCHUTZENBERGER (AVENU;;;;670
29872;201300033146;13;8;29;320;5;2;1;1.0;6;482;8, RATHSAMHAUSEN (RUE DE;;;;670
29873;201300033147;13;8;29;1446;1;2;3;1.0;1;482;175, ROMAINS (ROUTE DES);;;;670
29874;201300033148;13;8;30;1445;1;2;1;1.0;6;482;249, SCHIRMECK (ROUTE DE;;;;670
29875;201300033149;13;9;2;838;1;2;3;1.0;3;482;0, FAUBOURG NATIONAL (RU;;;;670
29876;201300033150;13;9;2;1120;1;2;3;1.0;6;447;0, SAINT CHARLES (RUE);;;;670
29877;201300033151;13;9;2;1630;1;2;2;1.0;7;204;0, BRUMATH (ROUTE DE);;;;670
29878;201300033153;13;9;3;1825;1;2;3;1.0;3;482;0, AUBEPINE (SENTIER DE;;;;670
29879;201300033154;13;9;3;2110;5;2;3;1.0;6;482;0, POLYGONE (ROUTE DU);;;;670
29880;201300033155;13;9;5;1530;1;2;1;1.0;1;482;0, LA ROCHELLE (RUE DE);;;;670
29881;201300033156;13;9;5;1830;1;2;2;1.0;3;482;0, RHEINFELD (RUE DE);;;;670
29882;201300033157;13;9;6;1820;1;2;3;1.0;6;482;0, DETTWILLER (RUE DE);;;;670
29883;201300033158;13;9;8;250;5;2;1;3.0;6;482;3, DOUBS (RUE DU);;;;670
29884;201300033159;13;9;8;1740;1;2;1;1.0;6;365;0, 23 NOVEMBRE (RUE DU);;;;670
29885;201300033160;13;9;9;1130;1;2;2;2.0;3;482;0, HOPITAL (PORTE DE L );;;;670
29886;201300033161;13;9;10;1740;1;2;9;1.0;6;482;17, NORMANDIE (AVENUE DE;;;;670
29887;201300033162;13;9;11;1345;1;2;1;2.0;4;447;12, PIERRE MENDES FRANCE;;;;670
29888;201300033163;13;9;11;1600;1;2;4;3.0;3;482;0, PORTE DE L HOPITAL (R;;;;670
29889;201300033164;13;9;12;1745;1;2;2;1.0;3;447;0, VIENNE (RUE DE);;;;670
29890;201300033165;13;9;13;1318;1;2;1;1.0;6;482;64, FORET NOIRE (AVENUE;;;;670
29891;201300033166;13;9;13;1800;1;2;1;1.0;3;482;153/155, OBERHAUSBERGEN;;;;670
29892;201300033167;13;9;14;1716;1;2;2;3.0;6;482;0, PREMIERE ARMEE (RUE D;;;;670
29893;201300033168;13;9;16;1145;1;2;1;1.0;4;482;99, SCHIRMECK (ROUTE DE);;;;670
29894;201300033169;13;9;18;1815;2;2;2;1.0;3;482;4, FINKWILLER (RUE);;;;670
29895;201300033171;13;9;19;1350;1;2;1;1.0;6;267;0, GENERAL DE GAULLE (RU;;;;670
29896;201300033172;13;9;19;1840;1;2;2;1.0;3;482;0, PRESIDENT POINCARE (B;;;;670
29897;201300033173;13;9;19;2007;5;1;1;1.0;3;218;24, INDUSTRIE (RUE DE L;;;;670
29898;201300033174;13;9;19;2145;5;2;2;1.0;3;482;FUSTEL DE COULANGES (QUA;;;;670
29899;201300033175;13;9;19;2215;5;2;3;1.0;3;482;0, HUMANN (RUE);;;;670
29900;201300033176;13;9;24;1950;3;1;1;1.0;3;482;0, JACOUTOT (QUAI);;;;670
29901;201300033177;13;9;25;1755;1;2;1;1.0;6;267;8, CROIX (RUE DE LA);;;;670
29902;201300033178;13;9;25;2055;5;2;3;1.0;6;482;0, MOLSHEIM (RUE DE);;;;670
29903;201300033179;13;9;27;2145;5;2;1;1.0;6;482;RHIN (ROUTE DU);;;;670
29904;201300033180;13;9;28;1835;2;2;2;1.0;3;482;0, LOUIS PASTEUR (QUAI);;;;670
29905;201300033181;13;9;29;210;5;2;2;1.0;3;447;0, GENERAL DE GAULLE (RO;;;;670
29906;201300033182;13;10;1;900;1;2;1;1.0;6;482;5, SENGENWALD (RUE);;;;670
29907;201300033183;13;10;2;1543;1;2;1;1.0;6;43;7, REPUBLIQUE (PLACE DE;;;;670
29908;201300033184;13;10;3;830;1;2;3;1.0;3;482;9, PONT SCHUHANSEN (RUE;;;;670
29909;201300033185;13;10;3;1340;1;2;1;1.0;3;482;3, SEBASTIEN BRANT (PLAC;;;;670
29910;201300033186;13;10;3;1720;1;2;1;1.0;3;267;1, SCHUMANN (AVENUE);;;;670
29911;201300033187;13;10;5;445;3;2;1;2.0;7;218;0, ALFRED KASTLER (ROUTE;;;;670
29912;201300033188;13;10;5;1220;1;2;1;1.0;6;43;0, MARAIS (RUE DU);;;;670
29913;201300033189;13;10;6;1000;1;2;3;2.0;3;482;0, LEON DACHEUX (AVENUE);;;;670
29914;201300033190;13;10;6;1140;1;2;1;2.0;6;482;10, LYON (BOULEVARD DE);;;;670
29915;201300033191;13;10;7;1255;1;2;2;1.0;3;482;0, CANONNIERS (RUE DES);;;;670
29916;201300033192;13;10;8;1215;1;2;1;1.0;6;482;0, ETOILE (PLACE DE L );;;;670
29917;201300033193;13;10;9;1640;1;2;1;1.0;7;482;287, COLMAR (AVENUE DE);;;;670
29918;201300033194;13;10;9;2110;5;2;1;1.0;6;482;60-62, PAUL BATIMENT (ru;;;;670
29919;201300033195;13;10;9;2145;5;2;3;2.0;3;482;0, PRESIDENT POINCARE (B;;;;670
29920;201300033196;13;10;9;2040;2;2;2;1.0;3;482;0, ALPES (QUAI DES);;;;670
29921;201300033197;13;10;10;1900;5;2;2;1.0;2;482;0, CONSEIL DES QUINZE (R;;;;670
29922;201300033198;13;10;11;1345;1;2;2;1.0;6;482;0, DOSSENHEIM (RUE DE);;;;670
29923;201300033199;13;10;11;1745;1;2;3;1.0;3;482;0, ALFRED KASTLER (RUE);;;;670
29924;201300033200;13;10;12;1520;1;2;2;1.0;3;482;0, GEORGES WODLI (RUE);;;;670
29925;201300033201;13;10;15;1058;1;2;1;2.0;3;482;270, SCHIRMECK (ROUTE DE;;;;670
29926;201300033202;13;10;18;840;1;2;1;1.0;6;482;20, PORT DU RHIN (RUE DU;;;;670
29927;201300033203;13;10;18;2350;5;2;2;1.0;3;482;0, SAINT ETIENNE (QUAI);;;;670
29928;201300033204;13;10;19;2255;5;2;1;2.0;3;482;47, ZURICH (RUE DE);;;;670
29929;201300033205;13;10;20;1105;1;2;2;2.0;3;267;0, MARECHAL FOCH (RUE DU;;;;670
29930;201300033206;13;10;20;1740;2;2;1;1.0;6;482;15, JOSEPH WEYDMANN (RUE;;;;670
29931;201300033207;13;10;21;2045;3;2;1;1.0;7;267;0, HOLTZHEIM (RUE DE);;;;670
29932;201300033208;13;10;23;725;2;2;3;2.0;3;482;0, ALPHONSE ADAM (RUE);;;;670
29933;201300033209;13;10;24;1420;1;2;3;1.0;3;482;0, PAUL VALERY (RUE);;;;670
29934;201300033210;13;10;26;1315;1;2;3;1.0;3;447;0, BISCHWILLER (ROUTE DE;;;;670
29935;201300033211;13;10;26;1950;5;2;2;1.0;3;482;0, ARISTIDE BRIAND (AVEN;;;;670
29936;201300033212;13;10;30;945;1;2;1;1.0;6;204;0, HOHENBOURG (RUE);;;;670
29937;201300033213;13;10;31;1820;5;2;2;1.0;1;267;0, SCHUMANN (AVENUE);;;;670
29938;201300033214;13;10;31;1843;5;2;2;1.0;6;447;0, BRETAGNE (RUE DE);;;;670
29939;201300033215;13;11;2;1350;1;2;3;1.0;6;482;3, YSER (RUE DE L );;;;670
29940;201300033216;13;11;3;1045;1;2;1;1.0;6;482;0, RHIN NAPOLEON (RUE DU;;;;670
29941;201300033217;13;11;4;1015;1;2;2;2.0;3;482;0, PERIGUEUX (RUE DE);;;;670
29942;201300033218;13;11;5;930;1;2;2;1.0;3;482;0, RATHSAMHAUSEN (RUE DE;;;;670