;Num_Acc;an;mois;jour;hrmn;lum;agg;int;atm;col;com;adr;gps;lat;long;dep
29943;201300033219;13;11;5;1150;1;2;1;1.0;2;482;11, SILBERMANN (RUE);;;;670
29944;201300033221;13;11;5;1900;3;2;2;2.0;3;482;0, POLYGONE (ROUTE DU);;;;670
29945;201300033222;13;11;6;1523;1;2;2;8.0;3;482;1, TRAVAIL (RUE DU);;;;670
29946;201300033224;13;11;9;845;1;2;1;1.0;6;482;0, JACQUELINE AURIOL;;;;670
29947;201300033225;13;11;9;2120;5;2;1;1.0;6;218;0, STRASBOURG (ROUTE DE);;;;670
29948;201300033226;13;11;10;1;5;2;3;1.0;3;218;0, NEUHOF (ROUTE DE);;;;670
29949;201300033227;13;11;10;10;5;2;1;2.0;6;447;105, GENERAL DE GAULLE (;;;;670
29950;201300033228;13;11;12;1645;2;2;2;1.0;6;482;16, OBERLIN (RUE);;;;670
29951;201300033229;13;11;13;1630;2;2;1;1.0;6;482;23, SCHULMEISTER (RUE);;;;670
29952;201300033230;13;11;14;1515;1;2;6;1.0;5;482;1, PIERRE CORNEILLE (AVE;;;;670
29953;201300033232;13;11;14;1948;5;2;3;1.0;3;482;0, NUEE BLEUE (RUE DE LA;;;;670
29954;201300033233;13;11;15;2122;5;2;1;1.0;7;482;181, POLYGONE (ROUTE DU);;;;670
29955;201300033234;13;11;19;1756;5;2;1;3.0;6;482;77, FORET NOIRE (AVENUE;;;;670
29956;201300033236;13;11;20;555;5;2;1;2.0;2;482;197, COLMAR (AVENUE DE);;;;670
29957;201300033237;13;11;20;1240;1;2;3;2.0;2;482;0, VIENNE (ROUTE DE);;;;670
29958;201300033238;13;11;20;1855;5;2;1;2.0;3;482;0, SAINT NAZAIRE (RUE DE;;;;670
29959;201300033239;13;11;21;825;1;2;3;2.0;3;447;0, GENERAL DE GAULLE (RO;;;;670
29960;201300033240;13;11;21;845;1;2;3;2.0;5;482;0, ANGLE (RUE DE L );;;;670
29961;201300033241;13;11;21;1440;1;2;2;8.0;3;43;0, PERIGUEUX (AVENUE DE);;;;670
29962;201300033242;13;11;21;1800;5;2;1;2.0;6;482;0, LANGEVIN (RUE);;;;670
29963;201300033243;13;11;22;1830;5;2;2;1.0;3;482;0, NEUHOF (ROUTE);;;;670
29964;201300033244;13;11;23;1000;1;2;3;1.0;6;482;0, FRAN?OIS MITTERRAND (;;;;670
29965;201300033245;13;11;25;1245;1;2;1;1.0;1;482;3, BUCAREST (RUE DE);;;;670
29966;201300033246;13;11;26;1615;1;2;1;1.0;6;482;20, NEUHOF (ROUTE);;;;670
29967;201300033247;13;11;27;1415;1;2;1;1.0;6;267;6, MARECHAL FOCH (RUE DU;;;;670
29968;201300033248;13;11;27;1445;1;2;1;1.0;6;267;102, MARECHAL FOCH (RUE;;;;670
29969;201300033249;13;11;27;1855;5;2;3;1.0;6;447;0, BISCHWILLER (ROUTE DE;;;;670
29970;201300033250;13;11;27;2105;5;2;1;1.0;1;482;0, RHIN TORTU (RUE DU);;;;670
29971;201300033251;13;11;29;1150;1;2;3;1.0;6;43;0, BISCHWILLER (ROUTE DE;;;;670
29972;201300033252;13;11;30;1205;1;2;2;1.0;3;218;0, STRASBOURG (ROUTE DE);;;;670
29973;201300033253;13;11;30;1510;1;2;2;1.0;6;482;0, KENTZINGER (RUE);;;;670
29974;201300033254;13;12;1;43;5;2;2;2.0;3;482;0, NEUHOF (ROUTE);;;;670
29975;201300033255;13;12;2;845;1;2;2;1.0;3;482;0, GUSTAVE DORE (RUE);;;;670
29976;201300033256;13;12;4;1030;1;2;1;8.0;6;218;307, LYON (RTE DE);;;;670
29977;201300033257;13;12;4;1920;1;2;1;1.0;3;482;0, MARECHAL JUIN (RUE DU;;;;670
29978;201300033258;13;12;5;2200;5;2;1;1.0;1;482;2, BRIGADE ALSACE LORRAI;;;;670
29979;201300033259;13;12;6;640;5;2;1;1.0;4;482;0, MONTAGNE VERTE (RUE D;;;;670
29980;201300033261;13;12;7;5;5;2;1;1.0;7;482;0, FUSTEL DE COULANGES (;;;;670
29981;201300033262;13;12;7;2200;5;2;3;1.0;3;447;0, BISCHWILLER (ROUTE DE;;;;670
29982;201300033263;13;12;9;910;1;2;1;1.0;6;218;0, STRASBOURG (ROUTE DE);;;;670
29983;201300033264;13;12;9;1810;5;2;3;1.0;3;482;0, OSTWALD (RUE D );;;;670
29984;201300033265;13;12;10;1730;5;2;4;1.0;6;482;0, RHIN (ROUTE DU);;;;670
29985;201300033266;13;12;11;750;1;2;2;1.0;3;482;0, KLEBER (PLACE);;;;670
29986;201300033267;13;12;11;1310;1;2;2;8.0;1;482;0, JACOB (RUE);;;;670
29987;201300033268;13;12;11;1655;5;2;1;5.0;6;482;21, VAUBAN (RUE);;;;670
29988;201300033269;13;12;11;1745;5;2;3;5.0;5;218;0, INDUSTRIE (RUE DE L );;;;670
29989;201300033270;13;12;12;1700;5;2;1;1.0;3;482;76, PLAINE DES BOUCHERS;;;;670
29990;201300033271;13;12;12;1720;5;2;3;5.0;2;482;0, RHIN NAPOLEON (RUE DU;;;;670
29991;201300033272;13;12;12;1845;4;2;1;5.0;5;482;81, LA ROCHELLE (RUE DE);;;;670
29992;201300033273;13;12;13;810;1;2;2;1.0;6;447;0, PETITS CHAMPS (RUE DE;;;;670
29993;201300033274;13;12;13;1430;1;2;1;1.0;1;482;0, OSTENDE (RUE D );;;;670
29994;201300033275;13;12;13;2040;5;2;2;5.0;7;482;0, JEAN JAURES (AVENUE);;;;670
29995;201300033276;13;12;13;2345;5;2;2;5.0;6;482;0, NEUFELD (RUE DU);;;;670
29996;201300033277;13;12;16;1545;1;2;1;1.0;6;482;0, REPUBLIQUE (PLACE DE;;;;670
29997;201300033278;13;12;16;2200;5;2;1;1.0;6;218;80, STRASBOURG (ROUTE DE;;;;670
29998;201300033279;13;12;17;945;1;2;5;1.0;6;482;0, JACQUES KABLE (RUE);;;;670
29999;201300033280;13;12;17;1510;1;2;1;1.0;6;482;0, MARKSGARTEN (RUE DU);;;;670
30000;201300033281;13;12;18;1355;1;2;1;1.0;3;482;0, TRAVAIL (RUE DU);;;;670
30001;201300033282;13;12;20;1715;5;2;1;2.0;6;447;105, GENERAL DE GAULLE (;;;;670
30002;201300033283;13;12;20;1930;5;2;1;1.0;3;482;68, SCHIRMECK (ROUTE DE);;;;670
30003;201300033284;13;12;22;723;2;2;1;1.0;1;482;5, ROMAINS (ROUTE DES);;;;670
30004;201300033285;13;12;24;738;5;2;1;1.0;3;447;27, EUROPE (AVENUE DE L;;;;670
30005;201300033286;13;12;28;1705;5;2;1;3.0;3;482;280, SCHIRMECK (ROUTE DE;;;;670
30006;201300033287;13;12;31;1105;1;2;2;1.0;2;482;0, RHIN (ROUTE DU);;;;670
30007;201300033288;13;1;18;2230;5;2;2;4.0;3;66;INGERSHEIM (ROUTE D');M;4808654.0;733128.0;680
30008;201300033289;13;1;26;1505;1;1;1;1.0;4;66;110, STRASBOURG (ROUTE D;M;4810756.0;736358.0;680
30009;201300033290;13;1;28;1745;2;2;6;1.0;6;66;LADHOF (RUE DU);;;;680
30010;201300033291;13;1;28;730;5;2;2;1.0;3;66;LADHOF (RUE DU);M;4808348.0;736581.0;680
30011;201300033292;13;2;3;1600;1;2;2;1.0;2;66;CAVALERIE (RUE DE LA);M;4808207.0;736035.0;680
30012;201300033293;13;2;8;710;1;2;1;1.0;6;66;1, FLORIMONT (RUE DU);M;4807694.0;734866.0;680
30013;201300033294;13;2;5;1426;1;2;1;1.0;6;66;INGERSHEIM (ROUTE D');M;4808457.0;734234.0;680
30014;201300033295;13;2;14;830;1;2;1;1.0;6;66;4, 4?BATAILLON DU CHASSE;M;4808178.0;735816.0;680
30015;201300033296;13;2;14;800;1;2;6;1.0;6;66;18, LIBERTE (AVENUE DE L;M;4807490.0;734414.0;680
30016;201300033297;13;2;15;1608;1;2;3;1.0;6;66;ROUFFACH (ROUTE DE);M;4806704.0;734317.0;680
30017;201300033298;13;2;17;150;3;1;1;1.0;6;66;1, BIRG (RUE DE LA);M;4810724.0;739207.0;680
30018;201300033299;13;2;16;2050;5;2;1;1.0;6;66;30, 1ère Armée Fra (RUE);M;4808576.0;735767.0;680
30019;201300033300;13;2;23;1540;1;2;1;1.0;2;66;26, LIBERTE (AVENUE DE L;M;4807722.0;733716.0;680
30020;201300033301;13;3;4;208;5;2;6;1.0;6;66;14, LORRAINE (AVENUE DE);M;4809222.0;733346.0;680
30021;201300033303;13;3;17;1810;5;2;2;3.0;3;66;1, LATTRE DE TASSIGNY (A;M;4807659.0;735020.0;680
30022;201300033304;13;4;1;1720;1;2;3;1.0;3;66;ROME (AVENUE DE) 40;M;4807491.0;732892.0;680
30023;201300033305;13;4;16;600;5;1;1;1.0;1;66;120, LADHOF (RUE DU);M;4810757.0;738305.0;680
30024;201300033306;13;4;24;1424;1;2;2;1.0;3;66;15, ST ELOI (RUE);M;4807964.0;736243.0;680
30025;201300033307;13;4;25;1830;1;2;1;1.0;6;66;STANISLAS (RUE);M;4807799.0;735154.0;680
30026;201300033308;13;4;30;1721;1;2;2;1.0;3;66;ALSACE (RUE D');M;4807669.0;736606.0;680
30027;201300033309;13;5;1;2125;5;2;1;3.0;6;66;6, STRASBOURG (ROUTE DE);M;4808928.0;735979.0;680
30028;201300033310;13;5;3;2157;5;2;2;1.0;3;66;INGERSHEIM (ROUTE D');M;4808653.0;733136.0;680
30029;201300033311;13;5;4;59;5;2;6;2.0;6;66;110, STRASBOURG (ROUTE D;M;4810826.0;736338.0;680
30030;201300033312;13;5;6;1845;1;2;3;1.0;6;66;16, ROME (AVENUE DE);M;4807469.0;733303.0;680
30031;201300033313;13;5;10;1654;1;2;3;1.0;6;66;1, LAUSANNE (RUE DE);M;4807474.0;733172.0;680
30032;201300033314;13;5;16;1533;1;2;1;1.0;6;66;38, LIBERTE (AVENUE DE L;M;4807689.0;733481.0;680
30033;201300033315;13;5;24;1707;1;2;1;1.0;1;66;51, TROIS CHATEAUX (RUE;M;4807247.0;733283.0;680
30034;201300033316;13;5;25;1018;1;2;1;1.0;2;66;24, TIR (RUE DU);M;4807457.0;734700.0;680
30035;201300033318;13;6;17;1622;1;2;1;1.0;6;66;1, BERNE (RUE DE);M;4807106.0;733102.0;680
30036;201300033319;13;7;2;1345;1;1;1;1.0;4;66;1, LORRAINE (AVENUE DE);M;4809303.0;735347.0;680
30037;201300033320;13;7;3;836;1;2;2;2.0;3;66;46, SCHOENENWERD (CHEMIN;M;4807328.0;737819.0;680
30038;201300033321;13;7;5;1102;1;1;6;1.0;3;66;LORRAINE (AVENUE DE) 17;M;4809221.0;733350.0;680
30039;201300033322;13;7;12;1355;1;2;9;1.0;7;66;2, REPUBLIQUE (AVENUE DE;M;4807793.0;735366.0;680
30040;201300033323;13;7;14;1836;1;2;1;1.0;2;66;7, STANISLAS (RUE);M;4807861.0;735249.0;680
30041;201300033324;13;7;22;1930;1;2;2;7.0;3;66;REPUBLIQUE (AVENUE) 64;M;4807342.0;734932.0;680
30042;201300033325;13;8;3;1754;1;2;3;1.0;3;66;INGERSHEIM (ROUTE D');M;4808257.0;735190.0;680
30043;201300033326;13;8;10;1259;1;2;1;1.0;3;66;MARGUERITES (RUE DES) 8;M;4808594.0;732993.0;680
30044;201300033327;13;8;20;1750;1;2;1;1.0;6;66;6, INGERSHEIM (ROUTE D');M;4808292.0;735143.0;680
30045;201300033328;13;8;27;1015;1;2;2;1.0;3;66;20, POINCARE (AVENUE RAY;M;4807136.0;734983.0;680
30046;201300033329;13;8;30;1700;1;2;1;1.0;6;66;1. WILHELM (RUE HENRY);M;4808369.0;735381.0;680
30047;201300033331;13;9;26;755;1;2;8;1.0;6;66;1, SCHWEITZER (RUE DU DR;M;4808344.0;734067.0;680
30048;201300033332;13;9;26;1003;1;1;6;1.0;6;66;120, LADHOF (RUE DU);M;4810743.0;737970.0;680
30049;201300033333;13;9;27;754;1;2;3;1.0;6;66;01, TURCKHEIM (RUE DE);M;4807727.0;734785.0;680
30050;201300033334;13;10;3;1925;5;2;1;1.0;6;66;1, MARGUERITES (RUE DES);M;4808590.0;732992.0;680
30051;201300033335;13;10;17;1950;5;2;1;1.0;6;66;36, LOGELBACH ( RUE DU);M;4808099.0;734955.0;680
30052;201300033336;13;10;29;915;1;2;1;1.0;6;66;28, TROIS CHATEAUX (RUE;M;4807267.0;733288.0;680
30053;201300033337;13;11;2;2025;5;2;3;1.0;3;66;117A, ROUFFACH (ROUTE DE;M;4806206.0;733851.0;680
30054;201300033338;13;11;6;1215;1;2;2;1.0;6;66;27, INGERSHEIM (ROUTE D';M;4808462.0;734278.0;680
30055;201300033339;13;10;24;1550;1;2;2;1.0;6;66;21, NORD (RUE DU);M;4808024.0;736074.0;680
30056;201300033340;13;11;16;1430;1;1;1;1.0;3;66;SEMM (RUE DE LA);M;4806827.0;738241.0;680
30057;201300033342;13;11;29;1430;1;2;2;1.0;6;66;3, ALSACE (RUE D');M;4808026.0;736445.0;680
30058;201300033343;13;11;28;1620;2;1;3;1.0;6;66;1, SOIE (RUE DE LA);M;4808707.0;736810.0;680
30059;201300033344;13;11;28;1500;1;2;1;1.0;6;66;21, RAPP (RUE);M;4808102.0;736005.0;680
30060;201300033345;13;12;9;1417;1;2;1;1.0;6;66;0, LIBERTE (AVENUE DE LA;M;4807614.0;734025.0;680
30061;201300033346;13;12;10;1430;1;1;3;1.0;6;66;1, SCHWEITZER (RUE DU DR;M;4808303.0;734047.0;680
30062;201300033347;13;2;4;1905;5;2;9;2.0;6;112;10, DECK, Théodore (rue);M;4790134.0;721656.0;680
30063;201300033348;13;3;9;1954;5;2;1;2.0;5;112;, GENERAL DE GAULLE (RUE;M;4791443.0;720902.0;680
30064;201300033349;13;8;10;1840;1;2;1;1.0;7;112;DECK (RUE THEODORE) 69;M;4759940.0;721092.0;680
30065;201300033350;13;1;9;740;2;2;1;1.0;6;224;WALLACH (BOULEVARD A 22;M;4774197.0;734556.0;680
30066;201300033351;13;1;12;340;5;2;1;1.0;6;224;PUITS (RUE DU);M;4775187.0;735298.0;680
30067;201300033352;13;1;15;2010;5;2;2;1.0;3;224;11, TROIS-ROIS (RUE DES);M;4774495.0;733458.0;680
30068;201300033353;13;1;22;1645;1;2;3;2.0;6;224;64, FORST (QUAI DU);M;4775253.0;732794.0;680
30069;201300033354;13;1;30;850;1;2;2;1.0;6;224;PREISS (RUE JACQUES);M;4774563.0;733030.0;680
30070;201300033355;13;2;2;2000;5;2;1;4.0;6;224;14, DOLLFUS (RUE ENGEL);M;4775041.0;733208.0;680
30071;201300033356;13;2;9;1420;1;2;1;1.0;6;224;3, ARC (RUE JEANNE D');M;4777228.0;732073.0;680
30072;201300033357;13;3;4;1130;1;2;1;1.0;6;224;01, PORTE JEUNE;M;4774961.0;733903.0;680
30073;201300033358;13;3;6;1742;1;2;1;1.0;6;224;161, ROMAINS (RUE DES);M;4777739.0;732836.0;680
30074;201300033359;13;3;8;2000;5;2;1;1.0;6;224;1, JOUHAUX (RUE LEON);M;4774630.0;730895.0;680
30075;201300033362;13;3;21;1635;1;2;1;1.0;6;224;42, LAVOISIER (RUE);M;4775423.0;734235.0;680
30076;201300033363;13;3;22;1540;1;2;1;1.0;6;224;39, WALLACH (BOULEVARD A;M;4774077.0;734301.0;680
30077;201300033364;13;3;25;1620;1;2;1;1.0;6;271;28, CLEMENCEAU (RUE);M;4774482.0;736472.0;680
30078;201300033365;13;4;6;1410;1;2;1;1.0;6;224;02, DESCARTES (RUE);M;4774916.0;732982.0;680
30079;201300033366;13;4;23;900;1;2;3;1.0;6;224;85, COLMAR (AVENUE DE);M;4775944.0;732869.0;680
30080;201300033367;13;4;23;1110;1;2;1;1.0;6;224;21, THANN (RUE DE);M;4774816.0;730816.0;680
30081;201300033368;13;4;23;1630;1;1;1;1.0;3;256;146, RICHWILLER (RUE DE);M;4777545.0;729523.0;680
30082;201300033369;13;4;25;1928;1;2;1;1.0;6;224;48, LORIENT (RUE DE);M;4777512.0;731120.0;680
30083;201300033370;13;4;29;1620;1;2;1;2.0;3;224;UNIVERSITE (RUE DE L');M;4773391.0;731611.0;680
30084;201300033372;13;5;4;1505;1;2;1;1.0;6;224;9, NATIONS (BOULEVARD DE;M;4773615.0;730134.0;680
30085;201300033373;13;5;9;30;5;2;2;1.0;3;224;VOIE RAPIDE NORD SUD;M;4776251.0;735178.0;680
30086;201300033374;13;5;7;1700;1;2;2;1.0;6;224;51, ILLZACH (RUE D');M;4775364.0;734160.0;680
30087;201300033375;13;5;11;1344;1;2;1;1.0;3;224;COUBERTIN (RUE PIERRE DE;M;4773672.0;733026.0;680
30088;201300033376;13;5;17;1715;1;2;1;1.0;6;224;25, NATIONS (BOULEVARD D;M;4773663.0;730193.0;680
30089;201300033378;13;5;21;1402;1;2;2;1.0;6;224;2, BONHOMME (RUE DU);M;4773705.0;733401.0;680
30090;201300033379;13;5;24;1345;1;2;4;1.0;1;224;30, ILE NAPOLEON (RUE DE;M;4775281.0;735483.0;680
30091;201300033380;13;5;29;750;1;2;3;2.0;3;224;SOLEIL (RUE DU);M;4775554.0;731720.0;680
30092;201300033381;13;6;1;907;1;2;1;1.0;6;224;17, PORTE DU MIROIR;M;4774321.0;733431.0;680
30093;201300033382;13;6;1;1042;1;2;1;1.0;6;224;DAGUERRE (RUE);M;4774515.0;731883.0;680
30094;201300033383;13;6;2;2035;1;2;1;1.0;6;224;STOESSEL (BOULEVARD CHAR;M;4774398.0;732625.0;680
30095;201300033384;13;6;8;2045;1;2;1;1.0;6;224;CLOCHE (QUAI DE LA);M;4775114.0;732880.0;680
30096;201300033385;13;6;28;1305;1;2;3;1.0;3;224;, HUGUENIN (RUE);M;4774768.0;733180.0;680
30097;201300033386;13;7;1;2040;1;2;1;1.0;6;224;ARC (RUE DE L');M;4775137.0;733138.0;680
30098;201300033387;13;7;9;1930;1;2;1;1.0;6;224;BALE (RUE DE);M;4774852.0;734962.0;680
30099;201300033388;13;7;25;1655;1;2;1;1.0;2;224;13, CLOCHE (QUAI DE LA);M;4775141.0;732865.0;680
30100;201300033389;13;8;2;600;2;2;2;1.0;7;224;1, JUIN (AVENUE ALPHONSE;;;;680
30101;201300033390;13;8;16;1403;1;2;1;1.0;6;224;9A  WICKY (AVENUE AUGUST;M;4774362.0;734026.0;680
30102;201300033391;13;8;18;1415;1;2;3;1.0;6;224;15, ILLZACH (RUE D');M;4775214.0;733924.0;680
30103;201300033392;13;8;21;1345;1;2;2;1.0;3;224;SOULTZ (RUE DE);M;4777044.0;732094.0;680
30104;201300033393;13;8;24;1610;1;1;1;1.0;6;224;AUTOROUTE A 36;M;4777374.0;735106.0;680
30105;201300033394;13;8;27;1445;1;2;1;1.0;2;224;VOIE RAPIDE NORD SUD;M;4777010.0;734084.0;680
30106;201300033395;13;9;5;1345;1;2;9;1.0;6;224;MITTERRAND (AVENUE FRANC;M;4773953.0;730307.0;680
30107;201300033396;13;9;8;30;5;2;2;3.0;5;224;12, ALPES (RUE DES);M;4775305.0;733518.0;680
30108;201300033398;13;9;22;28;5;2;3;1.0;6;224;135, SOULTZ (RUE DE);M;4777626.0;731966.0;680
30109;201300033399;13;9;22;1525;1;2;6;1.0;6;224;46, ILE NAPOLEON (RUE DE;;;;680
30110;201300033400;13;9;25;555;5;2;6;1.0;3;271;ILE NAPOLEON (RUE DE L');M;4775874.0;736615.0;680
30111;201300033401;13;9;26;350;5;2;3;1.0;3;224;CHAUDRONNIERS (RUE DES);;;;680
30112;201300033402;13;10;9;1115;1;2;1;1.0;6;224;ALGER (QUAI D');M;4774508.0;734669.0;680
30113;201300033403;13;10;15;1510;1;2;3;1.0;6;224;40, EUROPE (BOULEVARD DE;M;4775239.0;734552.0;680
30114;201300033404;13;10;15;1950;5;2;1;2.0;6;224;184, BELFORT (RUE DE);M;4773953.0;730035.0;680
30115;201300033405;13;10;16;1215;1;2;1;1.0;6;256;DORNACH (RUE DE);;;;680
30116;201300033406;13;10;24;1125;1;2;6;1.0;6;224;125, KINGERSHEIM (RUE DE;M;4777602.0;732873.0;680
30117;201300033407;13;11;5;400;5;1;1;3.0;5;224;AUTOROUTE A 36;M;4776886.0;733911.0;680
30118;201300033409;13;11;28;1905;5;2;3;1.0;6;224;119, COLMAR (AVENUE DE);M;4775792.0;733289.0;680
30119;201300033410;13;11;30;940;1;2;1;1.0;6;224;SEGUIN (RUE MARC);M;4774605.0;729575.0;680
30120;201300033411;13;12;3;1454;1;2;1;1.0;3;224;11, KENNEDY (AVENUE DU P;;;;680
30121;201300033412;13;11;25;1755;4;2;1;1.0;6;224;44, ROOSEVELT (BOULEVARD;;;;680
30122;201300033413;13;12;3;1748;5;2;1;1.0;6;224;258, BELFORT (RUE DE);;;;680
30123;201300033414;13;12;4;820;1;2;1;1.0;6;224;70, BRIAND (AVENUE ARIST;;;;680
30124;201300033415;13;12;6;1720;5;2;1;2.0;6;224;1, SAINT-SAUVEUR (RUE);;;;680
30125;201300033416;13;12;10;743;2;2;1;1.0;6;224;22, BRIAND (AVENUE ARIST;;;;680
30126;201300033417;13;12;13;616;5;2;2;1.0;6;224;1, GALFINGUE (RUE DE);;;;680
30127;201300033418;13;12;16;1136;1;1;4;1.0;6;224;VOIE RAPIDE NORD SUD;;;;680
30128;201300033419;13;12;19;725;5;2;1;3.0;6;224;38, KINGERSHEIM (RUE DE);M;4777361.0;732759.0;680
30129;201300033421;13;12;27;1350;1;2;1;1.0;6;224;46, KENNEDY (AVENUE DU P;;;;680
30130;201300033422;13;12;27;1500;1;2;1;1.0;6;256;122, RICHWILLER (RUE DE);;;;680
30131;201300033423;13;12;30;1435;1;2;3;1.0;6;56;52, DAMBERG (RUE);;;;680
30132;201300033424;13;1;15;1230;1;2;1;8.0;6;297;116, MULHOUSE ( RUE DE)J;M;4759273.0;755616.0;680
30133;201300033425;13;12;30;1515;1;2;2;7.0;1;297;49, HURST ( RUE );;;;680
30134;201300033426;13;1;25;755;1;2;1;1.0;6;297;72, MULHOUSE ( RUE DE)JU;;;;680
30135;201300033428;13;8;21;750;2;2;1;1.0;1;149;31, ABBATUCCI ( RUE ET P;M;4759375.0;758106.0;680
30136;201300033429;13;8;21;2000;2;2;1;1.0;6;297;BALE ( AVE DE)WIRU JUSQU;M;4758315.0;756632.0;680
30137;201300033430;13;9;17;1745;1;2;3;8.0;3;149;ALSACE RHIN;M;4759812.0;758434.0;680
30138;201300033431;13;10;14;1750;2;2;1;2.0;6;297;31, DE GAULLE( AVE DU GL;M;4758439.0;756049.0;680
30139;201300033432;13;11;21;1800;5;2;1;4.0;6;149;8, MANGENEY ( RUE DU DR;;;;680
30140;201300033433;13;11;22;1720;5;2;2;2.0;1;297;HURST ( RUE );;;;680
30141;201300033434;13;1;5;1330;1;2;3;1.0;3;297;0, AEROPORT ( RUE DE );M;4761066.0;753340.0;680
30142;201300033435;13;6;18;1750;1;2;3;1.0;3;297;MARS (RUE DU 1ER);M;4757849.0;754735.0;680
30143;201300033436;13;6;4;1750;1;2;1;1.0;6;297;MULHOUSE;M;4761482.0;753504.0;680
30144;201300033438;13;2;25;1445;1;2;2;8.0;3;166;MULHOUSE (FAUBOURG DE);M;4779386.0;733564.0;680
30145;201300033439;13;2;22;2137;3;1;1;1.0;6;376;RD 430;M;4781449.0;729781.0;680
30146;201300033440;13;5;27;900;1;1;1;1.0;2;376;RD 430;M;4782297.0;728953.0;680
30147;201300033442;13;7;15;1500;1;2;1;1.0;1;166;155, RICHWILLER (RUE DE);M;4778959.0;731708.0;680
30148;201300033443;13;8;16;900;1;2;1;1.0;6;166;2, GUEBWILLER (RUE DE);M;4777690.0;731936.0;680
30149;201300033444;13;10;24;950;1;2;6;1.0;6;166;GUEBWILLER (RUE DE);M;4778920.0;731528.0;680
30150;201300033445;13;1;7;2115;5;2;2;1.0;3;29;0, RUE MICHEL LACROIX;;;;690
30151;201300033446;13;1;25;2325;5;2;2;1.0;2;29;0, AVENUE GENERAL DE GAU;;;;690
30152;201300033447;13;1;26;930;1;2;1;1.0;6;29;59, BOULEVARD PINEL;;;;690
30153;201300033448;13;1;31;1740;5;2;1;1.0;6;29;10, RUE DE LA PAGERE;;;;690
30154;201300033449;13;2;1;959;1;2;6;1.0;3;29;0, BOULEVARD DE L UNIVER;;;;690
30155;201300033452;13;4;5;1930;1;2;1;2.0;6;29;BOULEVARD DES DROITS DE;;;;690
30156;201300033453;13;4;21;2105;5;2;5;1.0;3;29;0, ROUTE DE GENAS;;;;690
30157;201300033454;13;5;6;1710;1;2;3;1.0;7;29;RUE LIONEL TERRAY;;;;690
30158;201300033455;13;4;17;1650;1;2;1;1.0;6;271;22, ROUTE DE GENAS;;;;690
30159;201300033456;13;6;6;1120;1;2;2;1.0;3;271;27, AVENUE DES FRERES MO;;;;690
30160;201300033457;13;6;17;1030;1;2;1;1.0;6;29;2, RUE MARYSE BASTIE;;;;690
30161;201300033458;13;7;19;700;1;2;1;1.0;4;29;RUE LIONEL TERRAY;;;;690
30162;201300033459;13;7;8;1403;1;2;2;1.0;3;29;0, BOULEVARD DE L UNIVER;;;;690
30163;201300033460;13;7;16;1720;1;2;2;1.0;6;29;., RUE COLONEL CHAMBONNE;;;;690
30164;201300033461;13;8;9;1745;1;2;3;1.0;6;29;45, AVENUE CAMILLE ROUSS;;;;690
30165;201300033462;13;8;10;2135;5;2;2;1.0;3;29;0, BOULEVARD DES DROITS;;;;690
30166;201300033463;13;8;20;2037;2;2;3;1.0;6;29;372, RTE DE GENAS;;;;690
30167;201300033464;13;9;3;2050;5;2;5;1.0;3;29;0, ROUTE DE GENAS;;;;690
30168;201300033465;13;9;18;1745;1;2;1;1.0;4;29;286, ROUTE DE GENAS;;;;690
30169;201300033466;13;9;23;720;1;2;2;1.0;6;29;167, BOULEVARD PINEL;;;;690
30170;201300033468;13;10;18;1238;1;2;3;1.0;3;29;0, AV. FRANKLIN ROOSE;;;;690
30171;201300033470;13;10;22;2040;5;2;3;1.0;6;29;0, RUE DE LA PAIX;;;;690
30172;201300033471;13;11;10;1010;1;2;2;2.0;1;29;324, ROUTE DE GENAS;;;;690
30173;201300033472;13;11;20;735;2;2;1;1.0;3;29;286, ROUTE DE GENAS;;;;690
30174;201300033473;13;11;29;1420;1;2;3;8.0;3;29;59, BOULEVARD PINEL;;;;690
30175;201300033474;13;12;11;715;5;2;4;5.0;6;29;0, RUE DU 35EME REGIMENT;;;;690
30176;201300033475;13;1;6;1515;1;2;1;1.0;4;34;67, QUAI CLEMENCEAU;;;;690
30177;201300033476;13;1;9;1530;1;2;6;1.0;3;34;1, PLACE MARECHAL FOCH;;;;690
30178;201300033477;13;1;10;1525;1;2;2;2.0;1;34;ANCIENNE MONTEE DES SOLD;;;;690
30179;201300033478;13;1;10;1110;1;2;1;2.0;1;34;MONTEE CASTELLANE;;;;690
30180;201300033479;13;1;11;1800;5;2;1;1.0;5;34;15, AVENUE GENERAL DE GA;;;;690
30181;201300033482;13;1;20;410;5;2;1;1.0;6;34;QUAI DE BELLEVUE;;;;690
30182;201300033483;13;1;26;1320;1;2;6;1.0;3;34;CHEMIN JEAN PETIT;;;;690
30183;201300033484;13;1;19;1130;1;2;1;2.0;4;34;15, AVENUE GENERAL LECLE;;;;690
30184;201300033486;13;2;15;630;5;2;1;1.0;6;34;PONT RAYMOND POINCARE;;;;690
30185;201300033487;13;2;20;1920;5;2;1;1.0;6;34;127, RUE PIERRE BRUNIER;;;;690