;Num_Acc;an;mois;jour;hrmn;lum;agg;int;atm;col;com;adr;gps;lat;long;dep
30186;201300033488;13;3;8;1445;1;2;1;1.0;4;34;48, COURS ARISTIDE BRIAN;;;;690
30187;201300033489;13;3;12;1730;1;2;4;1.0;6;34;17, RUE PIERRE BRUNIER;;;;690
30188;201300033490;13;3;15;730;1;2;1;1.0;2;34;84, ROUTE DE STRASBOURG;;;;690
30189;201300033491;13;4;4;15;5;2;6;1.0;3;34;1, PLACE MARECHAL FOCH;;;;690
30190;201300033492;13;3;28;1725;1;2;6;2.0;2;34;1, PLACE MARECHAL FOCH;;;;690
30191;201300033493;13;2;20;1815;5;2;1;1.0;4;34;131, CHEMIN DU BAC A TRA;;;;690
30192;201300033494;13;5;4;810;1;2;6;2.0;3;34;00, PLACE MARECHAL FOCH;;;;690
30193;201300033495;13;5;9;1645;1;2;1;1.0;6;34;2, RUE EDOUARD BRANLY;;;;690
30194;201300033496;13;5;14;1610;1;2;1;1.0;6;34;32, ROUTE DE STRASBOURG;;;;690
30195;201300033497;13;5;15;915;1;2;1;3.0;3;34;5, AVENUE GENERAL DE GAU;;;;690
30196;201300033498;13;7;1;2055;1;2;1;1.0;2;34;MONTEE DES SOLDATS;;;;690
30197;201300033499;13;5;31;1120;1;2;1;2.0;3;34;104, AVENUE GENERAL LECL;;;;690
30198;201300033500;13;6;6;635;1;2;3;1.0;3;34;00, PONT RAYMOND POINCAR;;;;690
30199;201300033501;13;6;6;1435;1;2;1;1.0;6;34;40, AVENUE GENERAL DE GA;;;;690
30200;201300033502;13;6;6;1640;1;2;1;1.0;4;34;00, MONTEE DES SOLDATS;;;;690
30201;201300033503;13;6;7;930;1;2;1;1.0;4;34;40, AVENUE GENERAL DE GA;;;;690
30202;201300033504;13;6;14;1450;1;2;1;1.0;6;34;face 140, RUE PASTEUR;;;;690
30203;201300033505;13;6;16;1905;1;2;1;1.0;2;34;109, QUAI CLEMENCEAU;;;;690
30204;201300033506;13;6;18;1425;1;2;3;7.0;6;34;00, MONTEE DES SOLDATS;;;;690
30205;201300033507;13;6;21;835;1;2;3;7.0;3;34;00, RUE PASTEUR;;;;690
30206;201300033508;13;6;28;1335;1;2;4;1.0;1;34;16, MONTEE DES FORTS;;;;690
30207;201300033509;13;6;29;1230;1;2;1;3.0;7;34;ROUTE DE STRASBOURG;;;;690
30208;201300033510;13;7;2;905;1;2;1;1.0;2;34;19, MONTEE DE LA BOUCLE;;;;690
30209;201300033511;13;7;2;1425;1;2;3;8.0;6;34;MONTEE DES FORTS;;;;690
30210;201300033512;13;7;3;810;1;2;1;2.0;7;34;ROUTE DE STRASBOURG;;;;690
30211;201300033513;13;7;15;1801;1;2;1;1.0;3;34;7, AVENUE BARTHELEMY THI;;;;690
30212;201300033514;13;7;17;1635;1;2;1;1.0;6;34;25, QUAI CHARLES SENARD;;;;690
30213;201300033515;13;7;18;1630;1;2;1;1.0;2;34;2, QUAI CHARLES SENARD;;;;690
30214;201300033516;13;7;16;455;5;2;3;1.0;7;34;QUAI CLEMENCEAU;;;;690
30215;201300033517;13;7;31;1105;1;2;1;1.0;6;34;1, RUE JEAN MOULIN;;;;690
30216;201300033518;13;7;17;1720;1;2;1;1.0;7;34;21, MONTEE DES SOLDATS;;;;690
30217;201300033520;13;8;2;445;5;2;3;1.0;2;34;CHEMIN DE WETTE FAYS;;;;690
30218;201300033521;13;8;27;2310;5;1;1;2.0;7;34;BRETELLE 2 PORTE DE SAIN;;;;690
30219;201300033522;13;9;24;959;1;2;1;7.0;2;34;95, QUAI CLEMENCEAU;;;;690
30220;201300033523;13;9;12;1740;1;2;1;1.0;6;34;10, AVENUE GENERAL LECLE;;;;690
30221;201300033524;13;9;13;1230;1;2;1;1.0;3;34;1, AVENUE GENERAL LECLER;;;;690
30222;201300033525;13;9;14;1930;4;2;1;2.0;6;34;CHEMIN DE PIED CHARDON;;;;690
30223;201300033526;13;9;27;1200;1;2;1;1.0;3;34;SANS, PONT RAYMOND POINC;;;;690
30224;201300033527;13;10;16;1620;1;2;1;8.0;6;34;1, Place de la Bascule;;;;690
30225;201300033528;13;10;18;855;1;2;1;1.0;2;34;PONT RAYMOND POINCARE;;;;690
30226;201300033529;13;10;23;1620;1;2;1;3.0;3;34;64, QUAI CLEMENCEAU;;;;690
30227;201300033531;13;11;25;1715;5;2;1;1.0;6;34;86, AVENUE GENERAL LECLE;;;;690
30228;201300033532;13;12;21;1310;1;2;1;1.0;4;34;42, MONTEE DES SOLDATS;;;;690
30229;201300033533;13;11;30;1120;1;2;1;1.0;2;34;BRETELLE BELLEVUE;;;;690
30230;201300033534;13;12;7;220;5;2;1;9.0;6;34;95, QUAI CLEMENCEAU;;;;690
30231;201300033535;13;12;11;1245;1;2;1;1.0;6;34;1, MONTEE DES FORTS;;;;690
30232;201300033536;13;12;14;1610;1;2;1;1.0;2;34;6, MONTEE DES SOLDATS;;;;690
30233;201300033537;13;12;15;510;5;2;1;5.0;7;34;CHEMIN NORBERTO GOMES MO;;;;690
30234;201300033538;13;12;18;640;5;2;1;2.0;3;34;PONT RAYMOND POINCARE;;;;690
30235;201300033539;13;12;21;1235;1;2;2;1.0;3;34;28, RUE DE MARGNOLLES;;;;690
30236;201300033540;13;1;18;1045;1;2;1;1.0;6;96;x, 19 MARS 1962  (AV);;;;690
30237;201300033541;13;1;21;950;1;2;1;1.0;1;91;37, HONORE PETETIN ( R );;;;690
30238;201300033542;13;1;28;1710;1;2;1;1.0;2;91;6, MARCEL CACHIN ( R );;;;690
30239;201300033543;13;1;31;1525;1;2;1;1.0;6;91;31, VICTOR HUGO ( R );;;;690
30240;201300033544;13;2;5;1805;5;2;1;3.0;6;91;x, VICTOR HUGO ( R );;;;690
30241;201300033545;13;2;8;1835;5;2;1;1.0;6;91;x, ROBESPIERRE ( R );;;;690
30242;201300033546;13;2;10;1205;1;2;2;4.0;6;91;x, EGALITE (DE L') ( R );;;;690
30243;201300033547;13;3;3;1620;1;2;1;1.0;3;91;1, DOBELN ( R );;;;690
30244;201300033548;13;3;15;1120;1;2;1;1.0;5;96;16, MAYER ( R );;;;690
30245;201300033549;13;3;20;1805;2;2;1;1.0;6;91;LENINE (AV);;;;690
30246;201300033550;13;4;14;1140;1;2;1;1.0;3;91;x, PAIX (DE LA) ( R );;;;690
30247;201300033552;13;4;19;1610;1;2;2;2.0;1;91;x, ROMAIN ROLLAND (RUE);;;;690
30248;201300033553;13;4;23;1855;1;2;1;1.0;3;91;31, VICTOR HUGO ( R );;;;690
30249;201300033554;13;4;24;1515;1;2;2;1.0;3;91;x, ANATOLE FRANCE (AV);;;;690
30250;201300033555;13;5;24;2000;1;2;9;1.0;3;91;x, PAIX (DE LA) ( R );;;;690
30251;201300033556;13;5;26;600;1;2;9;1.0;3;96;x, SEMARD (PIERRE) ( R );;;;690
30252;201300033557;13;5;26;2300;5;2;1;1.0;7;91;39, FLEURY NEUVESEL (RUE;;;;690
30253;201300033558;13;5;29;1145;1;2;1;1.0;6;91;x, MARTYRS DU 8 FEVRIER;;;;690
30254;201300033559;13;6;14;1600;1;2;1;1.0;6;91;x, SEMARD (PIERRE) ( R );;;;690
30255;201300033560;13;6;15;2200;5;2;1;1.0;7;96;3bis, BERTHELOT (MARCELI;;;;690
30256;201300033561;13;6;17;1820;1;2;1;1.0;2;91;42, ANATOLE FRANCE (AV);;;;690
30257;201300033562;13;6;29;1020;1;2;1;2.0;6;91;5, MARECHAL LECLERC  (AV;;;;690
30258;201300033564;13;7;18;1040;1;2;2;2.0;3;96;60, PASTEUR ( R );;;;690
30259;201300033565;13;8;1;1320;1;2;3;1.0;3;91;X, PAIX (DE LA) ( R );;;;690
30260;201300033566;13;8;7;1105;1;1;1;3.0;1;91;RIVE DE GIER (DE) (RTE);;;;690
30261;201300033567;13;8;8;1330;1;1;4;2.0;6;91;X, NEUVE (RTE);;;;690
30262;201300033568;13;8;8;1600;1;1;1;3.0;6;91;x, NEUVE (RTE);;;;690
30263;201300033569;13;8;17;2215;5;2;1;1.0;6;91;488, RIVE DE GIER (DE) (;;;;690
30264;201300033570;13;8;27;1625;1;2;1;2.0;6;91;96, MORNANT (DE) (RTE);;;;690
30265;201300033572;13;9;3;1705;1;1;1;1.0;7;91;X, NEUVE (RTE);;;;690
30266;201300033573;13;9;13;1640;1;2;1;1.0;3;96;8, BERTHELOT (MARCELIN);;;;690
30267;201300033574;13;9;16;5;5;2;1;1.0;6;91;1, TUILERIES (DES) ( R );;;;690
30268;201300033575;13;9;6;1600;1;2;1;1.0;6;91;RIVE DE GIER (DE) (RTE);;;;690
30269;201300033576;13;9;25;1427;1;2;1;1.0;6;91;X, VIEILLE DU BOURG  ( R;;;;690
30270;201300033577;13;10;1;1345;1;2;1;1.0;6;91;X, PAIX (DE LA) ( R );;;;690
30271;201300033578;13;10;5;1125;1;2;1;2.0;2;96;62, MOULIN (JEAN) (AV);;;;690
30272;201300033579;13;10;4;130;5;2;1;8.0;6;91;X, HONORE PETETIN ( R );;;;690
30273;201300033580;13;10;15;1650;1;2;1;2.0;3;91;3, GAGARINE (AV);;;;690
30274;201300033581;13;10;26;1030;1;1;1;1.0;6;91;NEUVE (RTE);;;;690
30275;201300033582;13;10;27;1320;1;2;1;1.0;6;91;X, JEAN MOULIN (AL);;;;690
30276;201300033583;13;10;29;1620;1;2;1;1.0;3;96;25, BOUTRAS (DE) ( R );;;;690
30277;201300033584;13;10;31;1020;1;2;1;1.0;6;91;1, LONE (DE LA) (CH);;;;690
30278;201300033585;13;11;9;1055;1;2;3;1.0;6;96;86, SABATIER (ANDRE) ( R;;;;690
30279;201300033586;13;11;12;2230;5;2;1;1.0;1;91;6, PORT DU BIEF (PL);;;;690
30280;201300033587;13;11;23;1350;1;1;1;1.0;6;91;114, RIVE DE GIER (DE) (;;;;690
30281;201300033588;13;12;3;755;2;2;3;9.0;2;91;MONTROND (DE) ( R );;;;690
30282;201300033589;13;12;9;920;1;2;1;1.0;6;91;37, DOCTEUR ROUX (DU) (;;;;690
30283;201300033590;13;12;13;1915;5;2;3;5.0;3;91;32, JEAN LIGONNET ( R );;;;690
30284;201300033591;13;1;11;1415;1;2;3;2.0;3;149;FRANCISQUE JOMARD;;;;690
30285;201300033592;13;1;21;650;4;2;5;2.0;6;142;STEPHANE DECHANT;;;;690
30286;201300033593;13;2;7;1125;1;2;1;8.0;1;149;face 112, EMILE ZOLA;;;;690
30287;201300033594;13;2;7;1000;1;2;1;4.0;6;149;NARCISSE BERTHOLEY;;;;690
30288;201300033595;13;2;8;1850;5;2;1;1.0;6;149;1, MARX DORMOY;;;;690
30289;201300033596;13;3;8;1330;1;2;1;2.0;6;202;91 bis, GEORGES CLEMENCE;;;;690
30290;201300033597;13;3;31;2015;2;2;2;1.0;1;149;67, EMILE ZOLA;;;;690
30291;201300033598;13;4;3;830;1;2;3;1.0;1;202;86 bis, COMMANDANT CHARC;;;;690
30292;201300033599;13;4;4;1445;1;2;1;1.0;6;149;1, DIDEROT;;;;690
30293;201300033600;13;4;10;2000;5;2;1;1.0;3;149;EMILE ZOLA;;;;690
30294;201300033601;13;4;12;1730;1;2;1;1.0;7;202;2, RAZES (DES);;;;690
30295;201300033603;13;4;17;1810;1;2;1;1.0;2;202;141, FONDS (DES);;;;690
30296;201300033604;13;4;18;814;1;2;2;1.0;3;149;REPUBLIQUE (DE LA);;;;690
30297;201300033605;13;4;25;1350;1;2;1;1.0;2;202;LIBERATION (DE LA);;;;690
30298;201300033606;13;4;26;1515;1;2;1;2.0;2;149;100, GRANDE RUE;;;;690
30299;201300033608;13;5;1;1645;1;2;1;1.0;1;142;4, GENERAL DE GAULLE;;;;690
30300;201300033609;13;5;2;1050;1;2;1;2.0;6;149;01, VOLTAIRE;;;;690
30301;201300033610;13;5;3;1350;1;2;1;2.0;3;149;141, EMILE ZOLA;;;;690
30302;201300033611;13;5;13;1450;1;2;3;1.0;3;149;179, GRANDE RUE;;;;690
30303;201300033612;13;5;10;615;2;2;1;2.0;3;149;9, COMMUNE DE PARIS (DE;;;;690
30304;201300033614;13;5;27;1820;1;2;1;1.0;2;202;70, PLAN LOUP (DU);;;;690
30305;201300033615;13;5;27;1510;1;2;1;1.0;7;142;GENERAL DE GAULLE;;;;690
30306;201300033616;13;6;5;1500;1;2;1;1.0;2;202;00, CHAPONOST (DE);;;;690
30307;201300033617;13;6;8;1530;1;2;1;1.0;6;152;115, EUROPE (DE L');;;;690
30308;201300033619;13;6;18;1007;1;2;3;1.0;6;202;00, PROVINCES (DES);;;;690
30309;201300033620;13;6;22;110;5;2;1;1.0;4;149;50, PIERRE SEMARD;;;;690
30310;201300033621;13;6;24;940;1;2;6;1.0;6;202;00, PRES (DES);;;;690
30311;201300033622;13;6;24;1845;1;2;4;1.0;6;149;00, SARRA (DE LA);;;;690
30312;201300033623;13;6;26;1000;1;2;1;1.0;6;202;face 05, LIMBURG (DE);;;;690
30313;201300033624;13;7;1;1415;1;2;2;1.0;3;149;JEAN JAURES;;;;690
30314;201300033625;13;7;10;1525;1;2;2;1.0;3;149;16, EMILE ZOLA;;;;690
30315;201300033626;13;7;12;2135;5;2;3;1.0;3;149;PIERRE SEMARD;;;;690
30316;201300033627;13;7;14;1250;1;2;1;1.0;2;142;4, JEAN JACQUES ROUSSEAU;;;;690
30317;201300033628;13;7;17;1225;1;2;1;1.0;7;202;47, VALIOUD;;;;690
30318;201300033629;13;7;19;1100;1;2;1;1.0;6;149;2-4, COMMUNE DE PARIS (D;;;;690
30319;201300033630;13;7;30;1210;1;2;1;1.0;7;202;LIBERATION (DE LA);;;;690
30320;201300033631;13;8;8;1800;1;1;1;3.0;5;152;HENRI MOISSAN;;;;690
30321;201300033632;13;8;14;1800;1;2;1;2.0;1;142;8, BASTERO (DE LA);;;;690
30322;201300033633;13;8;16;2220;5;2;1;1.0;6;202;PROVINCES (DES);;;;690
30323;201300033634;13;8;28;620;4;2;1;1.0;6;149;45, JEAN JAURES;;;;690
30324;201300033635;13;8;30;1300;1;2;1;1.0;6;149;4, EMILE ZOLA;;;;690
30325;201300033636;13;9;5;1800;1;2;2;1.0;3;149;GRANDE RUE;;;;690
30326;201300033637;13;9;12;710;1;2;1;1.0;6;149;37, PIERRE SEMARD;;;;690
30327;201300033638;13;9;16;750;1;2;1;1.0;6;149;91, GRANDE RUE;;;;690
30328;201300033639;13;10;9;1650;1;2;1;1.0;3;152;15, HAUTE ROCHE (DE);;;;690
30329;201300033640;13;9;25;540;1;2;1;1.0;6;149;106, GRANDE RUE;;;;690
30330;201300033642;13;9;27;1850;1;2;3;1.0;3;202;GENERAL DE GAULLE (DU);;;;690
30331;201300033643;13;10;12;1210;1;2;1;8.0;6;202;27, AQUEDUC DE BEAUNANT;;;;690
30332;201300033644;13;10;25;2320;5;2;2;1.0;6;149;BUISSET (DU);;;;690
30333;201300033645;13;10;29;1540;1;2;1;1.0;2;142;20, STEPHANE DECHANT;;;;690
30334;201300033646;13;11;4;1935;5;2;1;2.0;6;202;MARECHAL FOCH (DU);;;;690
30335;201300033647;13;11;5;840;1;2;1;1.0;2;149;58, EMILE ZOLA;;;;690
30336;201300033648;13;11;6;945;1;2;1;1.0;3;149;86, FRANCISQUE JOMARD;;;;690
30337;201300033649;13;11;14;1320;1;2;3;1.0;2;152;1, TERRASSE (DE LA);;;;690
30338;201300033650;13;11;14;1610;1;2;1;2.0;6;149;6, AUGUSTE BLANQUI;;;;690
30339;201300033651;13;12;29;300;5;2;1;1.0;6;149;44, GRANDE RUE;;;;690
30340;201300033652;13;11;22;2310;5;2;1;1.0;6;202;17, PRES (DES);;;;690
30341;201300033653;13;11;27;805;1;2;3;1.0;6;152;30, HENRI BROSSE;;;;690
30342;201300033654;13;11;30;1020;1;2;2;1.0;3;149;CLAUDE MICHEL;;;;690
30343;201300033655;13;11;30;1330;1;2;1;1.0;1;202;40, LIMBURG (DE);;;;690
30344;201300033656;13;11;27;1130;1;2;3;1.0;3;152;93, EUROPE (DE L');;;;690
30345;201300033657;13;12;3;1045;1;2;2;1.0;3;149;CHARLES FOURRIER;;;;690
30346;201300033658;13;12;11;900;1;2;1;1.0;2;202;AQUEDUC DE BEAUNANT (DE;;;;690
30347;201300033659;13;12;12;1750;5;2;1;1.0;6;202;13, NEYRARD (DU);;;;690
30348;201300033660;13;12;19;1850;5;2;2;3.0;6;149;VICTOR HUGO;;;;690
30349;201300033661;13;12;24;1225;1;2;1;6.0;2;152;EUROPE (DE L');;;;690
30350;201300033662;13;1;8;1340;1;2;1;1.0;6;256;0, FRERES BERTRAND (DES);;;;690
30351;201300033663;13;1;20;1210;1;2;3;1.0;3;256;0, GEORGES DIMITROV;;;;690
30352;201300033664;13;1;29;1630;1;2;1;2.0;6;256;174, GABRIEL PERI;;;;690
30353;201300033665;13;2;1;1637;1;2;1;1.0;6;256;., GILBERT BOISSIER;;;;690
30354;201300033666;13;2;19;1520;1;2;1;1.0;4;256;12, CUZIN;;;;690
30355;201300033667;13;2;28;655;1;2;3;1.0;6;256;0, MARIUS GROSSO;;;;690
30356;201300033668;13;3;25;1650;1;2;1;1.0;6;256;0, GABRIEL PERI;;;;690
30357;201300033669;13;3;31;1520;1;2;1;1.0;1;256;0, ANDRE WERTH;;;;690
30358;201300033670;13;4;9;1530;1;2;3;1.0;6;256;., 8 MAI 1945 (DU);;;;690
30359;201300033671;13;4;5;2010;4;2;3;2.0;3;256;0, MARCEL CACHIN;;;;690
30360;201300033672;13;3;7;1450;1;2;1;1.0;6;256;17, VICTOR HUGO;;;;690
30361;201300033673;13;4;7;1310;1;2;2;1.0;3;256;0, MARIUS GROSSO;;;;690
30362;201300033674;13;4;15;2000;1;2;3;1.0;3;256;0, LAMARTINE;;;;690
30363;201300033675;13;4;16;1130;1;2;3;1.0;6;256;0, GRANDCLEMENT;;;;690
30364;201300033676;13;4;19;1615;1;2;6;1.0;3;256;90, REPUBLIQUE (DE LA);;;;690
30365;201300033677;13;4;24;1740;1;2;1;1.0;6;256;0, JEAN LESIRE;;;;690
30366;201300033678;13;4;25;1710;1;2;2;9.0;1;256;0, GENAS (DE);;;;690
30367;201300033679;13;5;4;1810;1;2;2;1.0;3;256;0, FRANKLIN ROOSEVELT;;;;690
30368;201300033680;13;5;17;1900;1;2;3;2.0;6;256;0, 8 MAI 1945 (DU);;;;690
30369;201300033681;13;6;1;1954;1;2;2;1.0;6;256;0, BATAILLON CARMAGNOLE;;;;690
30370;201300033682;13;6;2;1335;1;2;3;1.0;6;256;GASTON MONMOUSSEAU;;;;690
30371;201300033683;13;6;7;950;1;2;2;1.0;3;256;0, JULES ROMAIN;;;;690
30372;201300033684;13;6;17;1955;1;2;1;1.0;1;256;LENINE - CENTRE;;;;690
30373;201300033685;13;6;20;2200;5;2;3;1.0;3;256;0, ERNEST RENAN;;;;690
30374;201300033687;13;7;8;1410;1;2;2;1.0;3;256;0, SALVADOR ALLENDE;;;;690
30375;201300033688;13;7;20;1530;1;2;1;1.0;3;256;24, 8 MAI 1945 (DU);;;;690
30376;201300033689;13;8;10;300;5;2;3;1.0;2;256;GABRIEL PERI;;;;690
30377;201300033690;13;8;25;1245;1;2;2;1.0;3;256;LEFEVRE;;;;690
30378;201300033692;13;8;28;200;5;2;6;1.0;6;256;0, CANAL (DU);;;;690
30379;201300033693;13;9;9;44;5;2;1;1.0;6;256;17, GENAS (DE);;;;690
30380;201300033695;13;9;17;1718;1;2;1;1.0;3;256;140, PAUL MARCELLIN;;;;690
30381;201300033696;13;9;25;2000;5;2;1;1.0;6;256;2, BOELHEN (DE);;;;690
30382;201300033698;13;10;10;705;2;2;1;1.0;3;256;31, LOUIS SAILLANT;;;;690
30383;201300033699;13;10;17;1530;1;2;1;2.0;1;256;1, CHARLES DE GAULLE;;;;690
30384;201300033700;13;10;26;1625;1;2;1;1.0;5;256;11, EUGENE HENAFF;;;;690
30385;201300033701;13;11;18;1600;1;2;3;1.0;6;256;., FRANKLIN ROOSEVELT;;;;690
30386;201300033702;13;12;5;1645;1;2;2;8.0;6;256;0, HENRI BARBUSSE;;;;690
30387;201300033703;13;12;14;2110;5;2;3;1.0;3;256;0, FRANKLIN ROOSEVELT;;;;690
30388;201300033704;13;6;5;1500;1;2;1;1.0;6;256;47, EGALITE (DE L');;;;690
30389;201300033705;13;1;2;1630;1;2;1;1.0;6;199;55, CARNOT;;;;690
30390;201300033706;13;1;5;1915;4;2;1;1.0;3;199;0, AVENUE ARISTIDE BRIAN;;;;690
30391;201300033707;13;1;7;1530;1;2;2;1.0;3;259;0, BOULEVARD AMBROISE CR;;;;690
30392;201300033708;13;1;8;1535;1;2;1;1.0;2;259;0, BOULEVARD AMBROISE CR;;;;690
30393;201300033709;13;1;10;1151;1;2;2;1.0;3;259;0, AVENUE JULES GUESDE;;;;690
30394;201300033710;13;1;11;1615;1;2;3;1.0;3;259;IGNORE, RUE EUGENE PELOU;;;;690
30395;201300033711;13;1;16;705;5;2;2;1.0;6;259;0, ROUTE DE VIENNE;;;;690
30396;201300033712;13;1;12;1635;1;2;1;1.0;6;259;BOULEVARD YVES FARGE;;;;690
30397;201300033713;13;1;13;1830;4;2;3;1.0;3;259;RUE PAUL BERT;;;;690
30398;201300033714;13;1;17;2205;5;2;4;1.0;3;199;CH FAURE;;;;690
30399;201300033715;13;1;21;655;5;2;2;8.0;6;259;0, RUE ALBERT EINSTEIN;;;;690
30400;201300033716;13;1;23;1140;1;2;2;1.0;3;259;0, BOULEVARD AMBROISE CR;;;;690
30401;201300033717;13;1;23;1300;1;2;2;1.0;3;259;0, AVENUE VIVIANI;;;;690
30402;201300033718;13;1;25;1840;5;2;2;1.0;3;259;ignore, RUE ETHEL ET JUL;;;;690
30403;201300033721;13;1;30;815;1;2;1;1.0;1;199;68, AVENUE JEAN JAURES;;;;690
30404;201300033722;13;2;6;1515;1;2;1;2.0;6;276;4, RUE DE LA MAIRIE;;;;690
30405;201300033723;13;2;12;2305;5;2;2;1.0;3;259;20, AVENUE MAURICE THORE;;;;690
30406;201300033724;13;2;13;2220;5;2;1;1.0;6;259;44, BOULEVARD MARCEL SEM;;;;690
30407;201300033725;13;2;19;815;1;2;1;1.0;6;259;40, CLOS VERGER (DU);;;;690
30408;201300033726;13;2;21;1455;1;2;2;1.0;3;259;0, RUE DES MARTYRS DE LA;;;;690
30409;201300033728;13;3;12;1155;1;2;1;1.0;1;259;0, BOULEVARD PINEL;;;;690
30410;201300033729;13;3;18;1625;1;2;1;1.0;6;259;105, AVENUE JULES GUESDE;;;;690
30411;201300033731;13;3;20;915;1;2;1;2.0;6;259;45, BOULEVARD AMBROISE C;;;;690
30412;201300033732;13;3;22;1445;1;2;1;1.0;6;259;180, AVENUE FRANCIS DE P;;;;690
30413;201300033733;13;3;31;1340;1;2;1;1.0;3;259;0, ALLEE DES CERISIERS;;;;690
30414;201300033734;13;4;1;2000;5;2;3;1.0;3;199;0, CARNOT;;;;690
30415;201300033735;13;4;2;1625;1;2;1;1.0;6;199;36, CARNOT;;;;690
30416;201300033736;13;4;9;1200;1;2;2;1.0;2;199;0, RUE LOUIS BLANC;;;;690
30417;201300033737;13;4;11;820;1;2;1;1.0;6;259;16, RUE BEETHOVEN;;;;690
30418;201300033738;13;4;15;1640;1;2;1;1.0;5;259;48, BOULEVARD MARCEL SEM;;;;690
30419;201300033739;13;4;15;2135;5;2;2;1.0;3;259;0, AVENUE JEAN JAURES;;;;690
30420;201300033740;13;4;18;1715;1;2;1;1.0;7;199;24, RUE DE FOS SUR MER;;;;690
30421;201300033741;13;4;19;1715;1;2;1;2.0;2;259;00, BOULEVARD AMBROISE C;;;;690
30422;201300033742;13;4;19;1825;1;2;1;8.0;5;259;402, AVENUE CHARLES DE G;;;;690
30423;201300033743;13;4;21;840;1;2;3;1.0;2;199;ignore, BOULEVARD YVES F;;;;690
30424;201300033744;13;4;26;405;5;2;1;2.0;6;259;26, BOULEVARD IRENE JOLI;;;;690
30425;201300033745;13;4;27;1310;1;2;1;3.0;6;259;80, BOULEVARD IRENE JOLI;;;;690
30426;201300033746;13;5;6;745;1;2;3;1.0;3;259;BOULEVARD PINEL;;;;690
30427;201300033747;13;5;7;655;1;2;1;1.0;1;259;0, BOULEVARD PINEL;;;;690
30428;201300033748;13;5;14;1350;1;2;1;1.0;6;259;136, BOULEVARD IRENE JOL;;;;690
30429;201300033749;13;5;15;1750;1;2;2;3.0;3;199;0, AVENUE ANTOINE GRAVAL;;;;690
30430;201300033752;13;5;23;1010;1;2;1;1.0;6;259;17, RUE PRESIDENT EDOUAR;;;;690
30431;201300033753;13;6;4;940;1;2;3;1.0;1;259;0, FRANCIS DE PRESSENSE;;;;690
30432;201300033754;13;6;9;435;5;1;1;1.0;1;259;19, RUE DE LA COMMUNE DE;;;;690
30433;201300033755;13;6;6;1635;1;2;1;1.0;3;199;JEAN JAURES;;;;690
30434;201300033756;13;6;11;1935;1;2;3;1.0;5;259;0, AVENUE JULES GUESDE;;;;690
30435;201300033757;13;6;15;1140;1;2;3;1.0;3;199;00, BOULEVARD YVES FARGE;;;;690
30436;201300033758;13;6;18;1945;1;2;1;1.0;2;199;12, JEAN JAURES;;;;690
30437;201300033759;13;6;18;1820;1;2;1;1.0;6;276;46, ROUTE DE VIENNE;;;;690
30438;201300033760;13;6;20;1710;1;2;1;1.0;6;259;27, BOULEVARD LENINE;;;;690
30439;201300033761;13;6;27;820;1;2;2;1.0;3;276;00, ROUTE DE LYON;;;;690
30440;201300033762;13;7;2;1310;1;2;2;1.0;3;259;0, BOULEVARD YVES FARGE;;;;690
30441;201300033763;13;7;13;1930;1;2;1;1.0;6;259;19, AVENUE MAURICE THORE;;;;690
30442;201300033764;13;7;8;1705;1;2;9;1.0;3;259;5, AVENUE PIERRE SEMARD;;;;690
30443;201300033765;13;7;8;1350;1;2;1;1.0;6;259;0, RUE CHENE VELIN;;;;690
30444;201300033766;13;7;13;950;1;2;1;1.0;6;259;5, CHEMIN DU CHARBONNIER;;;;690
30445;201300033768;13;7;16;1840;1;2;1;1.0;3;259;BOULEVARD YVES FARGE;;;;690
30446;201300033769;13;7;19;755;1;2;1;1.0;6;259;136, BOULEVARD IRENE JOL;;;;690
30447;201300033770;13;7;20;145;5;2;1;1.0;2;259;AVENUE MAURICE THOREZ;;;;690
30448;201300033771;13;7;22;615;2;2;2;1.0;3;199;0, RUE MARCEL SEMBAT;;;;690
30449;201300033772;13;7;11;2230;5;2;1;1.0;3;199;15, AVENUE GABRIEL PERI;;;;690
30450;201300033773;13;7;14;2050;1;2;1;1.0;6;259;17, BOULEVARD LENINE;;;;690
30451;201300033774;13;7;24;1315;1;2;1;1.0;6;259;136, BOULEVARD IRENE JOL;;;;690
30452;201300033775;13;7;26;740;1;2;1;1.0;3;276;0, CHEMIN DEPARTEMENTAL;;;;690
30453;201300033776;13;7;28;800;1;2;1;1.0;6;259;AVENUE CHARLES DE GAULLE;;;;690
30454;201300033777;13;8;1;2015;1;2;2;1.0;3;259;27, AVENUE MAURICE THORE;;;;690
30455;201300033778;13;8;2;1250;1;2;1;1.0;3;259;12, RUE EUGENE HENAFF;;;;690
30456;201300033780;13;8;13;939;1;2;1;1.0;6;276;CHEMIN CHAMP PERRIER;;;;690
30457;201300033781;13;8;14;1700;1;2;5;1.0;3;259;AV. CHARLES DE GAULLE;;;;690
30458;201300033782;13;8;24;225;5;2;2;1.0;7;199;0, CARNOT;;;;690
30459;201300033783;13;8;25;930;5;2;3;1.0;3;199;00, CARNOT;;;;690
30460;201300033784;13;8;26;1745;1;2;1;1.0;3;259;30, AVENUE JEAN CAGNE;;;;690
30461;201300033785;13;9;2;1445;1;2;1;1.0;6;259;136, BOULEVARD IRENE JOL;;;;690
30462;201300033786;13;9;5;2245;5;2;1;1.0;3;259;287, ROUTE DE VIENNE;;;;690
30463;201300033787;13;9;7;1231;1;2;1;1.0;6;259;136, BOULEVARD IRENE JOL;;;;690