;Num_Acc;an;mois;jour;hrmn;lum;agg;int;atm;col;com;adr;gps;lat;long;dep
30464;201300033788;13;9;3;1835;1;2;1;1.0;2;199;02, AVENUE JEAN JAURES;;;;690
30465;201300033789;13;9;10;1715;1;2;3;1.0;3;199;RUE JEAN MACE;;;;690
30466;201300033790;13;9;14;1200;1;2;1;1.0;6;259;4, AVENUE DU 8 MAI 1945;;;;690
30467;201300033791;13;9;15;1140;1;2;1;1.0;3;259;AVENUE CHARLES DE GAULLE;;;;690
30468;201300033792;13;9;17;630;5;2;3;1.0;3;199;0, CARNOT;;;;690
30469;201300033793;13;9;17;1855;1;2;2;1.0;6;259;00, RUE VICTOR HUGO;;;;690
30470;201300033794;13;9;18;1405;1;2;1;1.0;6;259;01, BOULEVARD AMBROISE C;;;;690
30471;201300033795;13;9;16;620;2;2;2;1.0;1;199;CARNOT;;;;690
30472;201300033796;13;9;19;951;1;2;1;1.0;3;259;RUE JULES FERRY;;;;690
30473;201300033797;13;9;21;1510;1;2;1;1.0;3;259;1, BOULEVARD DE LA JEUNE;;;;690
30474;201300033798;13;9;23;915;1;2;1;1.0;3;199;47, RUE CHARLES PLASSE;;;;690
30475;201300033799;13;9;23;1310;1;2;2;1.0;3;259;RUE ETHEL ET JULIUS ROSE;;;;690
30476;201300033802;13;9;30;1740;1;2;1;1.0;2;259;13, AVENUE MAURICE THORE;;;;690
30477;201300033803;13;10;4;200;5;2;1;8.0;7;259;0, BOULEVARD IRENE JOLIO;;;;690
30478;201300033804;13;10;4;2210;5;2;3;2.0;3;199;0, AVENUE ARISTIDE BRIAN;;;;690
30479;201300033805;13;10;8;2320;4;2;1;1.0;3;259;AVENUE JEAN CAGNE;;;;690
30480;201300033806;13;10;16;2220;5;2;1;2.0;6;199;43, RUE EMILE ZOLA;;;;690
30481;201300033807;13;10;23;1540;1;2;1;1.0;4;259;0, RUE DES MARTYRS DE LA;;;;690
30482;201300033808;13;10;29;2235;5;2;1;1.0;6;276;24, AVENUE DE L EUROPE;;;;690
30483;201300033809;13;10;24;1630;1;2;1;1.0;6;259;56, RUE VAILLANT COUTURI;;;;690
30484;201300033810;13;10;26;1810;1;2;1;1.0;6;276;19, RUE DU 11 NOVEMBRE 1;;;;690
30485;201300033811;13;11;2;1510;1;2;1;1.0;3;199;BOULEVARD YVES FARGE;;;;690
30486;201300033812;13;11;5;2245;5;2;2;2.0;3;259;0, RUE DES MARTYRS DE LA;;;;690
30487;201300033813;13;11;7;900;1;2;1;1.0;3;276;AVENUE ALBERT RAMBOZ;;;;690
30488;201300033814;13;11;9;1204;1;2;2;1.0;6;199;1, RUE PIERRE DUPONT;;;;690
30489;201300033815;13;11;9;2100;5;2;1;1.0;2;199;0, RUE JULES GUESDE;;;;690
30490;201300033816;13;11;12;840;1;2;1;1.0;2;259;83, BOULEVARD AMBROISE C;;;;690
30491;201300033817;13;11;12;1217;1;2;2;1.0;3;259;0, BOULEVARD IRENE JOLIO;;;;690
30492;201300033818;13;11;25;2115;5;2;2;1.0;3;259;0, AVENUE JEAN CAGNE;;;;690
30493;201300033819;13;11;14;2000;5;2;3;2.0;4;199;RUE MARCEL SEMBAT;;;;690
30494;201300033821;13;11;20;1500;1;2;3;8.0;1;199;CHEMIN FAURE;;;;690
30495;201300033822;13;11;23;1737;4;2;1;1.0;4;199;1, AVENUE JEAN JAURES;;;;690
30496;201300033823;13;11;25;850;1;2;1;1.0;3;199;0, RUE MARCEL SEMBAT;;;;690
30497;201300033824;13;11;25;945;1;2;1;1.0;6;259;136, BOULEVARD IRENE JOL;;;;690
30498;201300033825;13;12;4;600;5;2;2;1.0;3;259;RUE CARNOT;;;;690
30499;201300033826;13;12;3;1540;1;2;1;1.0;2;259;3, RUE VICTOR HUGO;;;;690
30500;201300033827;13;12;10;905;2;2;1;5.0;6;259;0, RUE JEAN SEBASTIEN BA;;;;690
30501;201300033828;13;12;11;1825;5;2;1;1.0;5;259;66, BOULEVARD AMBROISE C;;;;690
30502;201300033829;13;12;10;1240;1;2;3;1.0;2;259;0, BOULEVARD LAURENT BON;;;;690
30503;201300033830;13;12;14;1815;5;2;3;1.0;1;259;1, AVENUE JEAN CAGNE;;;;690
30504;201300033831;13;12;16;1240;1;2;1;1.0;6;259;27, RUE JULES FERRY;;;;690
30505;201300033832;13;12;16;2030;5;2;1;1.0;3;259;26 bis, CHEMIN DU LAQUAY;;;;690
30506;201300033833;13;12;23;945;1;2;1;1.0;3;259;387, ROUTE DE VIENNE;;;;690
30507;201300033834;13;12;17;1325;1;2;1;1.0;6;259;AVENUE FRANCIS DE PRESSE;;;;690
30508;201300033835;13;12;28;1545;1;2;1;2.0;4;259;164, AVENUE FRANCIS DE P;;;;690
30509;201300033836;13;12;30;1715;2;2;1;1.0;6;259;51, RUE LEO LAGRANGE;;;;690
30510;201300033837;13;2;1;1705;2;2;2;1.0;6;264;SALENGRO ROGER  BD;;;;690
30511;201300033838;13;2;20;2110;5;2;1;1.0;2;264;BRAUN THEODORE  AV;;;;690
30512;201300033839;13;3;30;1530;1;1;1;1.0;6;264;PASCAL BLAISE  R;;;;690
30513;201300033840;13;4;17;1655;1;2;1;1.0;6;264;242, PAIX RUE DE LA;;;;690
30514;201300033841;13;4;10;1625;1;1;1;8.0;4;13;3142, LONGSARD (ROUTE DE;;;;690
30515;201300033842;13;3;29;1355;1;1;1;2.0;5;115;906, CORNICHE (RUE DE LA;;;;690
30516;201300033845;13;5;20;50;5;2;2;1.0;6;92;SALENGRO (BOULEVARD ROGE;;;;690
30517;201300033847;13;7;18;1250;1;1;1;1.0;1;13;LONGSARD (ROUTE DE);;;;690
30518;201300033848;13;8;20;820;1;2;6;1.0;6;92;SAINT ROCH (ROND POINT);;;;690
30519;201300033849;13;8;27;2000;5;1;1;2.0;1;92;577, GRANDS MOULINS (CHE;;;;690
30520;201300033850;13;9;23;1945;2;2;1;1.0;6;264;127, BALLOFFET JOSEPH;;;;690
30521;201300033851;13;9;27;1245;1;2;1;1.0;6;264;GAMBETTA  BD;;;;690
30522;201300033852;13;10;6;1540;1;2;1;2.0;6;264;HERON  PHILIPPE   R;;;;690
30523;201300033853;13;9;4;1825;1;2;3;1.0;6;264;0, PASQUIER PIERRE  BD;;;;690
30524;201300033854;13;10;18;1820;2;2;1;1.0;6;264;112, GRANGE BLAZET;;;;690
30525;201300033855;13;11;13;720;2;2;1;1.0;6;115;15 bis, HERRIOT (RUE EDO;;;;690
30526;201300033856;13;10;30;1710;1;2;1;1.0;3;264;862, FRANS ROUTE DE;;;;690
30527;201300033857;13;11;8;2020;5;2;1;1.0;6;264;GODART JUSTIN  R;;;;690
30528;201300033858;13;11;25;1700;5;1;1;1.0;3;264;1, JOUX  AV DE;;;;690
30529;201300033859;13;12;8;1;5;2;1;1.0;6;264;34, VERMOREL VICTOR BD;;;;690
30530;201300033860;13;12;2;1750;1;2;9;1.0;6;264;32, RONCEVAUX R;;;;690
30531;201300033861;13;12;11;1835;5;1;1;5.0;3;264;BEAUREGARD DE ROUTE;;;;690
30532;201300033862;13;12;26;1415;1;2;3;1.0;6;264;HERRIOT EDOUARD  AV;;;;690
30533;201300033863;13;12;16;1520;1;2;2;1.0;6;264;1, AUCOUR AUGUSTE  R;;;;690
30534;201300033865;13;1;5;610;5;2;2;1.0;1;266;1, COURS EMILE ZOLA;;;;690
30535;201300033866;13;1;9;1450;1;2;2;1.0;3;266;1, RUE LEON BLUM;;;;690
30536;201300033867;13;1;10;1910;5;2;1;2.0;6;266;352, COURS EMILE ZOLA;;;;690
30537;201300033868;13;1;15;30;5;2;2;1.0;3;266;0, RUE DU 4 AOUT 1789;;;;690
30538;201300033869;13;1;18;835;1;2;2;1.0;6;266;0, RUE VALENTIN HAUY;;;;690
30539;201300033870;13;1;18;2220;5;2;3;4.0;3;266;0, RUE DU 8 MAI 1945;;;;690
30540;201300033871;13;1;24;1828;5;2;1;1.0;6;266;9, AVENUE MARC SANGNIER;;;;690
30541;201300033873;13;2;2;1500;1;2;1;1.0;6;266;247, COURS EMILE ZOLA;;;;690
30542;201300033874;13;2;11;730;5;2;3;2.0;6;266;0, RUE DE LA SOIE;;;;690
30543;201300033875;13;2;11;830;1;2;1;2.0;3;266;42, RUE ALEXANDRE BOUTIN;;;;690
30544;201300033876;13;2;24;1615;1;2;1;4.0;6;266;0, RUE DE LA SOIE;;;;690
30545;201300033877;13;2;28;1550;1;2;3;1.0;5;266;0, RUE JEAN JAURES;;;;690
30546;201300033879;13;3;20;800;1;2;1;1.0;3;266;RUE LEON BLUM;;;;690
30547;201300033880;13;3;22;2310;5;2;1;1.0;5;266;146, AVENUE ROGER SALENG;;;;690
30548;201300033881;13;3;26;1240;1;2;1;1.0;6;266;0, BOULEVARD LAURENT BON;;;;690
30549;201300033882;13;4;1;2110;5;2;1;1.0;6;266;196, RUE DU 4 AOUT 1789;;;;690
30550;201300033883;13;4;3;35;4;2;3;1.0;3;266;0, BOULEVARD LAURENT BON;;;;690
30551;201300033884;13;4;8;55;5;2;1;1.0;4;266;40, BOULEVARD DU 11 NOVE;;;;690
30552;201300033885;13;4;11;1515;1;2;2;1.0;6;266;ROUTE DE GENAS;;;;690
30553;201300033886;13;4;10;2330;5;2;3;2.0;3;266;0, AVENUE DU COMMANDANT;;;;690
30554;201300033887;13;4;17;1920;1;2;2;1.0;3;266;19, RUE EDOUARD VAILLANT;;;;690
30555;201300033888;13;4;20;2347;5;2;3;1.0;3;266;0, BOULEVARD DE LA BATAI;;;;690
30556;201300033889;13;5;8;1330;1;2;2;1.0;6;266;0, COURS TOLSTOI;;;;690
30557;201300033890;13;5;10;2140;2;2;3;1.0;3;266;0, COURS EMILE ZOLA;;;;690
30558;201300033891;13;5;15;1200;1;2;1;2.0;6;266;256, ROUTE DE GENAS;;;;690
30559;201300033892;13;5;19;1130;1;2;1;2.0;6;266;58, PLACE JULES GRANDCLE;;;;690
30560;201300033894;13;6;6;400;5;2;2;1.0;3;266;0, RUE LEON BLUM;;;;690
30561;201300033895;13;6;7;1955;1;2;1;1.0;6;266;113, AVENUE ROGER SALENG;;;;690
30562;201300033896;13;6;11;1600;1;2;2;1.0;6;266;., RUE DE FONTANIERES;;;;690
30563;201300033897;13;6;27;1710;1;2;1;1.0;6;266;2/4, RUE JEAN OTTAVI;;;;690
30564;201300033898;13;6;26;1555;1;2;1;1.0;6;266;16, RUE DU NORD;;;;690
30565;201300033899;13;7;3;1555;1;2;2;1.0;3;266;RUE DE L EPI DE BLE;;;;690
30566;201300033900;13;7;2;905;1;2;2;1.0;3;266;0, BOULEVARD EUGENE REGU;;;;690
30567;201300033901;13;7;17;1921;1;2;1;1.0;2;266;161, COURS EMILE ZOLA;;;;690
30568;201300033902;13;7;17;2345;3;2;1;1.0;3;266;0, RUE DU SOUVENIR FRANC;;;;690
30569;201300033903;13;7;27;20;5;2;1;1.0;1;266;75, RUE LUCETTE ET RENE;;;;690
30570;201300033904;13;8;7;1815;1;2;2;2.0;3;266;RUE LAFONTAINE;;;;690
30571;201300033905;13;8;17;40;5;2;2;1.0;3;266;0, RUE LEON BLUM;;;;690
30572;201300033906;13;8;17;850;1;2;5;1.0;3;266;269 BIS, ROUTE DE GENAS;;;;690
30573;201300033907;13;8;17;1159;1;2;2;1.0;3;266;0, RUE HENRI ROLLAND;;;;690
30574;201300033908;13;8;19;2315;5;2;2;1.0;6;266;132, RUE DEDIEU;;;;690
30575;201300033909;13;8;26;2330;5;2;1;1.0;6;266;173, RUE LEON BLUM;;;;690
30576;201300033910;13;8;31;1835;1;2;3;1.0;6;266;0, COURS EMILE ZOLA;;;;690
30577;201300033911;13;9;2;755;1;2;1;1.0;3;266;129, COURS EMILE ZOLA;;;;690
30578;201300033912;13;9;3;820;1;2;1;1.0;6;266;119, RUE DEDIEU;;;;690
30579;201300033913;13;9;7;1500;1;2;3;1.0;6;266;0, RUE PAUL LAFARGUE;;;;690
30580;201300033915;13;9;17;735;1;2;1;1.0;2;266;161, COURS EMILE ZOLA;;;;690
30581;201300033916;13;9;12;1740;1;2;6;1.0;6;266;3, RUE LOUISE MICHEL;;;;690
30582;201300033918;13;9;14;1200;1;2;2;1.0;2;266;259 BIS, ROUTE DE GENAS;;;;690
30583;201300033919;13;9;20;1955;1;2;1;2.0;6;266;2, RUE DE LA BOUBE;;;;690
30584;201300033920;13;9;23;825;1;2;1;1.0;6;266;8, RUE ANTONIN PERRIN;;;;690
30585;201300033921;13;9;24;1640;1;2;3;1.0;6;266;RUE DU 4 AOUT 1789;;;;690
30586;201300033922;13;9;30;1310;1;2;3;1.0;6;266;COURS TOLSTOI;;;;690
30587;201300033923;13;9;30;1935;5;2;3;1.0;3;266;0, AVENUE GENERAL LECLER;;;;690
30588;201300033924;13;10;3;1335;1;2;6;1.0;6;266;0, PLACE JULES GRANDCLEM;;;;690
30589;201300033925;13;10;6;2110;5;2;1;1.0;1;266;0, RUE EUGENE POTTIER;;;;690
30590;201300033926;13;10;7;1900;2;2;3;1.0;3;266;0, RUE LAFONTAINE;;;;690
30591;201300033927;13;10;8;1730;1;2;2;1.0;6;266;0, RUE LEON BLUM;;;;690
30592;201300033928;13;10;8;1950;5;2;2;1.0;3;266;165 BIS, RUE LEON BLUM;;;;690
30593;201300033929;13;10;2;1320;1;2;1;1.0;3;266;118, RUE ALEXIS PERRONCE;;;;690
30594;201300033930;13;10;15;1905;5;2;2;3.0;6;266;0, RUE ANTONIN PERRIN;;;;690
30595;201300033931;13;10;18;2115;5;2;1;1.0;3;266;26, COURS EMILE ZOLA;;;;690
30596;201300033932;13;10;20;1450;1;2;2;1.0;3;266;0, COURS EMILE ZOLA;;;;690
30597;201300033933;13;10;23;2040;5;2;2;1.0;3;266;0, RUE DU 8 MAI 1945;;;;690
30598;201300033934;13;10;15;1750;2;2;3;2.0;6;266;67, RUE PAUL VERLAINE;;;;690
30599;201300033935;13;10;24;2000;5;2;1;1.0;6;266;55, RUE LOUIS BECKER;;;;690
30600;201300033936;13;10;24;745;2;2;6;1.0;3;266;0, AVENUE ANTOINE DE SAI;;;;690
30601;201300033937;13;10;27;1950;5;2;2;1.0;1;266;0, COURS EMILE ZOLA;;;;690
30602;201300033938;13;10;30;1000;1;2;1;1.0;6;266;14, RUE BAUDELAIRE;;;;690
30603;201300033939;13;11;2;1720;4;2;6;1.0;3;266;0, AVENUE ANTOINE DE SAI;;;;690
30604;201300033940;13;11;4;1205;1;2;2;1.0;6;266;0, COURS TOLSTOI;;;;690
30605;201300033941;13;11;7;1550;1;2;1;1.0;6;266;4, PETITE RUE PASTEUR;;;;690
30606;201300033942;13;11;9;200;5;2;3;2.0;3;266;0, AVENUE ROGER SALENGRO;;;;690
30607;201300033943;13;11;14;1910;3;2;1;2.0;6;266;5, AVENUE DU COMMANDANT;;;;690
30608;201300033945;13;11;18;1835;1;2;2;1.0;3;266;0, COURS ANDRE PHILIP;;;;690
30609;201300033946;13;11;16;1825;5;2;3;1.0;3;266;01, AVENUE ALBERT EINSTE;;;;690
30610;201300033947;13;11;19;2050;5;2;2;2.0;5;266;0, RUE RACINE;;;;690
30611;201300033948;13;11;28;940;1;2;3;1.0;6;266;0, AVENUE PAUL KRUGER;;;;690
30612;201300033950;13;11;29;2250;5;2;3;2.0;2;266;0, BOULEVARD LAURENT BON;;;;690
30613;201300033952;13;12;5;1400;1;2;3;1.0;6;266;37 B, RUE DU 8 MAI 1945;;;;690
30614;201300033953;13;12;6;350;5;2;2;1.0;6;266;0, RUE DU 4 AOUT 1789;;;;690
30615;201300033954;13;12;6;1230;1;2;3;2.0;3;266;0, RUE DU 8 MAI 1945;;;;690
30616;201300033955;13;12;7;1700;1;2;1;1.0;3;266;27, RUE GABRIEL PERI;;;;690
30617;201300033956;13;12;14;2015;5;2;1;1.0;6;266;., RUE DU PONT DES PLANC;;;;690
30618;201300033957;13;12;14;2020;5;2;3;1.0;1;266;0, RUE ANATOLE FRANCE;;;;690
30619;201300033958;13;12;18;1040;1;2;1;1.0;6;266;170, COURS TOLSTOI;;;;690
30620;201300033959;13;12;29;1445;1;2;4;1.0;6;266;0, PONT DE CUSSET;;;;690
30621;201300033960;13;12;30;2100;5;2;6;1.0;6;266;0, QUAI CHARLES DE GAULL;;;;690
30622;201300033961;13;1;20;1920;5;2;1;4.0;6;275;0, CHEMIN DE LA RIZE;;;;690
30623;201300033962;13;1;24;955;1;2;1;8.0;6;275;24, ROUTE DE JONAGE;;;;690
30624;201300033963;13;2;12;1630;1;2;1;8.0;3;275;0, RUE MICHEL SERVET;;;;690
30625;201300033964;13;2;21;925;1;2;1;1.0;6;275;287, AVENUE JEAN JAURES;;;;690
30626;201300033965;13;3;2;430;5;2;2;1.0;6;275;0, AVENUE JEAN JAURES;;;;690
30627;201300033967;13;4;25;1735;1;2;6;1.0;3;275;RUE DE LA REPUBLIQUE;;;;690
30628;201300033968;13;5;9;1755;1;2;1;2.0;6;275;79, CHEMIN DE LA RIZE;;;;690
30629;201300033970;13;7;8;1135;1;2;2;1.0;3;275;0, ROUTE DE VAULX;;;;690
30630;201300033971;13;8;1;2134;5;2;1;1.0;6;275;RUE CLAUDE MONET;;;;690
30631;201300033972;13;8;19;2305;5;2;3;1.0;3;275;0, AVENUE JEAN JAURES;;;;690
30632;201300033973;13;9;18;2110;5;2;3;1.0;6;275;54, AVENUE JEAN JAURES;;;;690
30633;201300033975;13;10;3;745;1;2;1;1.0;6;275;156, RUE EMILE ZOLA;;;;690
30634;201300033976;13;10;7;930;1;2;1;1.0;3;275;27 TER, AVENUE JEAN JAUR;;;;690
30635;201300033977;13;10;11;1700;1;2;1;1.0;6;275;., RUE EMILE BERTRAND;;;;690
30636;201300033978;13;10;18;2100;5;1;1;1.0;7;275;60, AVENUE EDOUARD HERRI;;;;690
30637;201300033979;13;11;2;1730;2;2;2;1.0;2;275;114, RUE EMILE ZOLA;;;;690
30638;201300033980;13;11;16;245;5;2;3;1.0;6;275;81-88, RUE PAUL BERT;;;;690
30639;201300033981;13;12;4;645;2;2;1;5.0;6;275;397, AVENUE JEAN JAURES;;;;690
30640;201300033982;13;12;4;820;1;2;3;1.0;3;275;0, AVENUE DES JONQUILLES;;;;690
30641;201300033983;13;12;5;1505;1;2;1;1.0;6;275;19, AVENUE DES BRUYERES;;;;690
30642;201300033984;13;12;16;1400;1;2;2;1.0;6;275;AVENUE JEAN JAURES;;;;690
30643;201300033985;13;4;7;1725;1;2;1;1.0;6;282;4, RUE DU RAMBION;;;;690
30644;201300033986;13;6;13;2125;5;2;6;2.0;2;282;0, RUE DE LA REPUBLIQUE;;;;690
30645;201300033987;13;7;8;2250;5;2;2;1.0;3;282;0, RUE DE LA REPUBLIQUE;;;;690
30646;201300033988;13;8;1;1735;1;2;2;1.0;6;282;., RUE DE LA REPUBLIQUE;;;;690
30647;201300033989;13;8;16;800;1;2;1;1.0;3;282;30, AVENUE HECTOR BERLIO;;;;690
30648;201300033990;13;9;6;700;1;2;6;1.0;6;282;0, AVENUE HECTOR BERLIOZ;;;;690
30649;201300033991;13;9;5;745;1;2;1;1.0;6;282;0, RUE DE LA GARE;;;;690
30650;201300033992;13;9;17;1910;1;2;6;1.0;6;282;0, ROUTE DEPARTEMENTALE;;;;690
30651;201300033993;13;9;7;1900;2;2;1;3.0;6;282;0, ROUTE DEPARTEMENTALE;;;;690
30652;201300033995;13;10;25;2315;5;2;1;1.0;1;282;0, RUE JEAN JAURES;;;;690
30653;201300033996;13;11;4;945;1;2;1;2.0;6;282;77, RUE DE LA REPUBLIQUE;;;;690
30654;201300033997;13;11;29;1729;2;2;3;1.0;3;282;0, AVENUE DE LA LIBERATI;;;;690
30655;201300034000;13;1;4;1740;3;2;1;1.0;6;286;28, AVENUE DE L EUROPE;;;;690
30656;201300034001;13;1;9;1250;1;2;1;1.0;4;286;16, AVENUE DE L EUROPE;;;;690
30657;201300034002;13;1;8;1940;3;2;1;1.0;6;286;7, CHEMIN DE LA PELLETIE;;;;690
30658;201300034003;13;1;14;1715;2;2;1;9.0;4;286;600, AVENUE DE L INDUSTR;;;;690
30659;201300034004;13;1;24;655;2;2;1;1.0;7;286;295, ROUTE DE STRASBOURG;;;;690
30660;201300034005;13;1;29;1825;5;2;1;2.0;6;286;2489, ROUTE DE STRASBOUR;;;;690
30661;201300034006;13;2;17;1540;1;2;2;1.0;3;286;RUE FLEURY SALIGNAT;;;;690
30662;201300034007;13;4;4;1620;1;2;1;1.0;3;286;ROUTE DE STRASBOURG;;;;690
30663;201300034008;13;6;16;1835;2;2;3;1.0;3;286;00, ROUTE DE GENEVE;;;;690
30664;201300034009;13;6;22;1540;1;2;6;1.0;6;286;00, ROUTE DE STRASBOURG;;;;690
30665;201300034010;13;7;19;1330;1;1;2;1.0;3;286;CHEMIN DE SATHONAY VILLA;;;;690
30666;201300034011;13;7;23;1845;1;2;1;1.0;2;286;ROUTE DE GENEVE;;;;690
30667;201300034012;13;7;25;2330;3;1;1;1.0;1;286;ROUTE DE STRASBOURG;;;;690
30668;201300034013;13;7;26;1110;1;2;1;7.0;3;286;3380, ROUTE DE STRASBOUR;;;;690
30669;201300034014;13;8;26;1530;1;2;1;7.0;7;286;chemin des Persevodes;;;;690
30670;201300034015;13;9;2;1203;1;2;1;1.0;6;286;30, AVENUE DE L EUROPE;;;;690
30671;201300034017;13;9;16;1355;1;2;1;1.0;2;286;3 bis, AVENUE GENERAL LE;;;;690
30672;201300034018;13;9;23;1740;1;2;1;1.0;6;286;39, ROUTE DE GENEVE;;;;690
30673;201300034019;13;1;10;1030;1;2;3;2.0;2;290;0, RUE ARISTIDE BRIAND;;;;690
30674;201300034020;13;1;10;1620;1;2;2;2.0;6;290;0, AVENUE JEAN JAURES;;;;690
30675;201300034021;13;1;28;1820;5;2;2;1.0;3;290;0, ROUTE DE LYON;;;;690
30676;201300034022;13;2;18;715;1;2;2;1.0;2;290;0, ROUTE DE LYON;;;;690
30677;201300034023;13;3;6;905;1;2;2;2.0;3;290;0, RUE GARIBALDI;;;;690
30678;201300034024;13;3;9;1545;1;2;1;1.0;6;290;0, BOULEVARD ANDRE BOULL;;;;690
30679;201300034025;13;3;8;1930;5;2;1;1.0;4;290;34, RUE ARISTIDE BRIAND;;;;690
30680;201300034026;13;3;14;1949;5;2;1;1.0;6;290;47-49, RUE ARISTIDE BRIA;;;;690
30681;201300034027;13;3;18;1315;1;2;2;2.0;3;290;0, RUE ARISTIDE BRIAND;;;;690
30682;201300034028;13;4;3;1228;1;2;1;1.0;6;290;11, RUE ARISTIDE BRIAND;;;;690
30683;201300034030;13;4;25;1915;1;2;2;1.0;6;290;0, Boulevard Cit? Berlie;;;;690
30684;201300034032;13;5;8;1310;1;2;2;1.0;2;290;., AVENUE JEAN JAURES;;;;690
30685;201300034034;13;5;13;815;1;2;2;1.0;3;290;0, Boulevard Cit? Berlie;;;;690
30686;201300034035;13;5;13;2300;5;2;2;1.0;3;290;., AVENUE JEAN JAURES;;;;690
30687;201300034036;13;5;16;1100;1;2;1;2.0;2;290;14, RUE ARISTIDE BRIAND;;;;690
30688;201300034038;13;6;3;1528;1;2;1;1.0;1;290;0, CHEMIN DE SAINT MARTI;;;;690
30689;201300034039;13;6;3;1810;1;2;1;1.0;3;290;86 TER, AVENUE JEAN JAUR;;;;690
30690;201300034040;13;6;14;1500;1;2;1;1.0;3;290;0, RUE DE LA CORDIERE;;;;690
30691;201300034041;13;6;20;1340;1;2;3;1.0;3;290;45, RUE ALFRED DE VIGNY;;;;690
30692;201300034042;13;6;21;2100;1;2;1;1.0;6;290;35, RUE LOUIS BRAILLE;;;;690
30693;201300034043;13;6;25;1605;1;2;2;1.0;3;290;0, BOULEVARD DE LA PORTE;;;;690
30694;201300034044;13;6;27;1825;1;2;2;1.0;3;290;0, BOULEVARD DE LA PORTE;;;;690
30695;201300034045;13;7;2;1600;1;2;2;1.0;3;290;0, BOULEVARD ANDRE BOULL;;;;690
30696;201300034046;13;7;8;1515;1;2;2;1.0;3;290;0, RUE DE L AGRICULTURE;;;;690
30697;201300034047;13;8;12;1945;1;2;2;1.0;3;290;0, AVENUE CHARLES DE GAU;;;;690
30698;201300034048;13;8;13;800;1;2;1;1.0;2;290;0, RUE DU LYONNAIS;;;;690
30699;201300034049;13;8;20;1100;1;2;1;1.0;2;290;6, BOULEVARD EDOUARD HER;;;;690
30700;201300034050;13;9;2;1120;1;2;1;1.0;6;290;10, ROUTE DE LYON;;;;690
30701;201300034051;13;9;5;2030;5;2;6;1.0;3;290;0, BOULEVARD EDOUARD HER;;;;690
30702;201300034052;13;9;13;845;1;2;2;1.0;6;290;0, BOULEVARD PASTEUR;;;;690
30703;201300034053;13;9;27;1730;1;2;1;1.0;6;290;40, RUE LOUIS BRAILLE;;;;690
30704;201300034054;13;9;29;1645;1;2;1;3.0;6;290;0, RUE DU LYONNAIS;;;;690
30705;201300034055;13;9;30;1155;1;2;1;1.0;1;290;222, ROUTE DE GRENOBLE;;;;690
30706;201300034056;13;10;17;1820;1;2;1;9.0;6;290;., CHEMIN DE LA FOUILLOU;;;;690
30707;201300034057;13;10;15;2050;5;2;6;2.0;3;290;ROND-POINT DES DROITS DE;;;;690
30708;201300034058;13;10;16;1850;5;2;1;2.0;5;290;16, RUE ARISTIDE BRIAND;;;;690
30709;201300034059;13;10;17;2047;5;2;1;1.0;6;290;119, ROUTE D HEYRIEUX;;;;690
30710;201300034060;13;10;22;1610;1;2;1;6.0;2;290;ROUTE DE GRENOBLE;;;;690
30711;201300034061;13;10;24;1330;1;2;1;1.0;4;290;145, ROUTE DE GRENOBLE;;;;690
30712;201300034062;13;10;25;1240;1;2;2;1.0;1;290;AVENUE B CITE BERLIET;;;;690
30713;201300034063;13;10;31;815;1;2;1;1.0;2;290;146, ROUTE DE GRENOBLE;;;;690
30714;201300034064;13;11;1;1430;1;2;1;1.0;2;290;99, ROUTE DE LYON;;;;690
30715;201300034065;13;11;8;1215;1;2;4;8.0;2;290;0, RUE DE L AVIATION;;;;690
30716;201300034066;13;11;9;1900;5;2;9;3.0;3;290;0, RUE COMMANDANT CHARCO;;;;690
30717;201300034067;13;11;16;1430;1;2;1;8.0;2;290;211, ROUTE DE GRENOBLE;;;;690
30718;201300034068;13;11;23;305;5;2;2;1.0;3;290;0, RUE JULES FERRY;;;;690
30719;201300034069;13;12;3;1855;5;2;1;1.0;3;290;14, BOULEVARD DES ROSES;;;;690
30720;201300034070;13;12;10;800;1;2;1;5.0;6;290;24, RUE DU GRISARD;;;;690
30721;201300034072;13;12;9;1010;1;2;1;5.0;1;290;0, RUE DU LYONNAIS;;;;690
30722;201300034073;13;12;11;1845;5;2;1;1.0;4;290;96 BIS, ROUTE DE GRENOBL;;;;690
30723;201300034074;13;12;17;1440;1;2;2;1.0;2;290;50, ROUTE DE LYON;;;;690
30724;201300034075;13;12;31;1240;1;2;2;1.0;3;290;0, ROUTE DE GRENOBLE;;;;690
30725;201300034076;13;2;28;100;3;2;1;9.0;7;299;RD 517 E;;;;690
30726;201300034077;13;7;10;1005;1;1;1;1.0;2;285;RD 438H;;;;700
30727;201300034078;13;7;19;1900;1;2;1;1.0;3;285;MONT VAUDOIS (RUE DU);;;;700
30728;201300034079;13;12;10;1450;1;1;1;7.0;2;285;CD 438;;;;700
30729;201300034080;13;2;5;1705;1;2;6;2.0;3;550;RUE LUCIE ET RAYMOND AUB;;;;700
30730;201300034081;13;4;12;1620;1;2;1;2.0;6;550;2, GERLINGEN (RUE DE);;;;700
30731;201300034082;13;4;14;1110;1;1;3;1.0;3;513;PUSEY (ROUTE DE);;;;700
30732;201300034083;13;4;23;1730;1;1;1;1.0;2;261;RN19;;;;700
30733;201300034084;13;4;28;130;5;1;1;2.0;6;550;ROCADE OUEST - RD 457;;;;700
30734;201300034086;13;5;16;1030;1;2;1;2.0;6;550;MOREL (RUE PAUL);;;;700
30735;201300034087;13;6;6;1655;1;2;3;1.0;3;261;;;;;700
30736;201300034088;13;6;15;1045;1;2;1;1.0;7;550;2 COUBERTIN (RUE PIERRE);;;;700