;Num_Acc;an;mois;jour;hrmn;lum;agg;int;atm;col;com;adr;gps;lat;long;dep
30737;201300034089;13;7;7;350;5;2;1;1.0;7;378;4, LECLERC (RUE GENERAL);;;;700
30738;201300034090;13;7;21;1315;1;2;1;1.0;3;550;21, BARON BOUVIER (RUE);;;;700
30739;201300034092;13;8;14;1925;1;2;1;1.0;6;550;BELIN (RUE EDOUARD);;;;700
30740;201300034093;13;8;29;1640;1;2;1;1.0;3;550;ROCADE OUEST - RD 457;;;;700
30741;201300034094;13;9;3;1450;1;2;3;1.0;3;550;JAURES (RUE JEAN);M;0.0;0.0;700
30742;201300034095;13;9;6;2200;3;1;1;1.0;7;261;RN 57;;;;700
30743;201300034096;13;9;7;535;5;2;1;1.0;1;550;MAGINOT (RUE ANDRE);;;;700
30744;201300034097;13;10;10;1650;1;2;1;1.0;6;550;95, BRIAND (RUE ARISTIDE;;;;700
30745;201300034098;13;10;16;30;5;2;1;3.0;6;388;RUE DE LA VAIVRE;;;;700
30746;201300034100;13;10;27;35;5;2;6;1.0;3;550;LIBERATION (ROND POINT D;;;;700
30747;201300034101;13;12;19;2120;5;1;1;1.0;7;388;RD457;;;;700
30748;201300034102;13;12;23;840;2;2;1;2.0;6;550;GARE (AVENUE DE LA);;;;700
30749;201300034103;13;12;23;1520;1;2;3;1.0;2;550;KENNEDY (BOULEVARD);;;;700
30750;201300034104;13;1;3;1035;1;2;3;1.0;3;76;15 avenue deL AUBEPIN;M;4679487.0;484708.0;710
30751;201300034106;13;1;16;945;1;2;3;1.0;6;76;rue de l'asile;M;4678172.0;484699.0;710
30752;201300034107;13;1;26;1125;1;2;1;1.0;6;445;1 RUE PHILIPPE FLATOT;M;4677592.0;489111.0;710
30753;201300034109;13;2;8;755;1;2;1;4.0;1;81;104 RUE DE PARIS;M;4682224.0;483492.0;710
30754;201300034110;13;2;8;1910;5;2;2;1.0;3;475;67 ROUTE DE GIVRY;M;4677389.0;482105.0;710
30755;201300034111;13;3;2;1145;1;2;1;1.0;6;445;ROUTE D OSLON;M;4678280.0;491104.0;710
30756;201300034112;13;3;11;825;1;2;2;1.0;6;76;AVENUE MONNOT;M;4678694.0;485821.0;710
30757;201300034113;13;3;15;1;5;1;1;1.0;1;445;RD673;;;;710
30758;201300034114;13;3;16;1115;1;2;9;1.0;1;475;RUE AUGUSTE MARTIN;M;4676601.0;483725.0;710
30759;201300034115;13;3;23;1700;1;2;1;1.0;1;445;33 rue de la VILLENEUVE;M;4676718.0;489349.0;710
30760;201300034116;13;4;3;1755;1;2;3;1.0;2;475;DEPARTEMENTALE 977;M;4675119.0;481949.0;710
30761;201300034117;13;4;8;1130;1;2;1;2.0;2;76;rue des POILUS D'ORIENT;M;4679437.0;483537.0;710
30762;201300034118;13;4;9;945;1;2;1;2.0;3;76;avenue  KENNEDY;M;4679651.0;486271.0;710
30763;201300034119;13;4;12;1000;1;2;1;1.0;6;76;74 GRANDE RUE;M;4678307.0;485599.0;710
30764;201300034120;13;4;23;1435;1;2;1;1.0;6;76;avenue NIEPCE;M;4678279.0;484740.0;710
30765;201300034121;13;4;28;1640;1;2;3;1.0;3;76;rue de  THIARD;M;4678210.0;485278.0;710
30766;201300034122;13;5;2;1100;1;2;3;1.0;3;76;1 avenue KENNEDY;;;;710
30767;201300034123;13;5;2;1500;1;1;9;1.0;3;475;ROUTE NATIONALE 80;;;;710
30768;201300034124;13;5;16;1755;1;2;1;1.0;6;118;34 avenue DE GAULLE;M;4679519.0;481574.0;710
30769;201300034125;13;6;3;1325;1;2;1;1.0;3;76;1RUE  ROSTAND;M;4677801.0;483946.0;710
30770;201300034126;13;6;6;730;1;2;9;1.0;6;76;rue 56 EME RI;M;4679174.0;484968.0;710
30771;201300034127;13;6;12;1255;1;2;3;1.0;3;76;rue du 134 EME RI;M;4678931.0;484198.0;710
30772;201300034128;13;6;18;810;1;2;1;1.0;6;76;avenue  KENNEDY;;;;710
30773;201300034129;13;7;23;845;1;2;9;1.0;6;76;rue 56 EME RI;M;4679174.0;484967.0;710
30774;201300034130;13;8;22;1010;1;2;1;1.0;6;76;avenue  KENNEDY;M;4679650.0;486294.0;710
30775;201300034131;13;8;30;1545;1;2;2;1.0;3;76;13rue de NOVARA;M;4679626.0;486079.0;710
30776;201300034132;13;9;3;1740;1;1;1;1.0;5;445;avenue de CHALON;;;;710
30777;201300034133;13;9;10;1825;1;2;1;1.0;3;76;23 rue de BELFORT;M;4678594.0;485687.0;710
30778;201300034134;13;9;12;1720;1;2;1;1.0;6;118;32 rue de la LIBERTE;M;4680131.0;481387.0;710
30779;201300034136;13;10;8;720;5;2;1;1.0;3;81;1rue de PARIS;M;4682029.0;483688.0;710
30780;201300034137;13;10;11;1210;1;2;3;1.0;3;76;64 rue BOIS DE MENUSE;M;4680417.0;485345.0;710
30781;201300034139;13;10;31;1640;1;2;1;1.0;6;76;rue PALAIS DE JUSTICE;M;4678436.0;485389.0;710
30782;201300034141;13;11;5;820;2;2;2;1.0;3;76;1rue LEDRU ROLLIN;M;4678756.0;483886.0;710
30783;201300034142;13;11;27;1820;5;2;1;1.0;6;76;pierre DELIRY;M;4679337.0;485315.0;710
30784;201300034143;13;1;6;2015;3;2;3;8.0;3;309;MARECHAL JOFFRE PROLONGE;M;4678970.0;440361.0;710
30785;201300034144;13;1;29;1200;1;2;3;1.0;3;153;AVENUE MONTVALTIN;M;4679588.0;445332.0;710
30786;201300034145;13;2;1;1445;1;2;9;8.0;6;153;rue ETANG DE LA FORGE;M;4679766.0;443322.0;710
30787;201300034146;13;2;8;1730;1;2;3;1.0;3;59;rue des GRANDES RAIES;M;4680613.0;446962.0;710
30788;201300034147;13;3;29;2315;3;2;9;2.0;1;153;rue STADE JEAN GARNIER;;;;710
30789;201300034149;13;6;16;950;1;2;2;1.0;3;153;rue edith CAVELL;M;4679500.0;442508.0;710
30790;201300034151;13;6;28;1640;1;2;1;1.0;5;153;bd des ABATTOIRS;;;;710
30791;201300034152;13;7;24;900;1;2;9;1.0;3;153;rue de LONGWY;;;;710
30792;201300034153;13;8;13;735;1;2;1;1.0;1;540;route bois morey;;;;710
30793;201300034154;13;8;15;210;5;2;1;1.0;6;153;AVENUE DE VERDUN;M;4679964.0;443916.0;710
30794;201300034155;13;8;31;1545;1;1;9;1.0;6;540;le VIEUX SAULE;;;;710
30795;201300034156;13;9;2;1335;1;2;9;1.0;6;540;Rond-Point du Vieux Saul;;;;710
30796;201300034157;13;9;16;1035;1;2;1;3.0;1;309;route COMBE AUX BEAUTES;M;4679728.0;439093.0;710
30797;201300034159;13;11;5;1755;5;2;2;2.0;3;540;carrefour HUIT MAI;M;4678663.0;443256.0;710
30798;201300034160;13;11;9;1300;1;1;1;1.0;6;153;rue de POLOGNE;M;4679170.0;444659.0;710
30799;201300034161;13;11;9;1730;2;2;3;3.0;6;153;rue MARECHAL FOCH;M;4680515.0;445742.0;710
30800;201300034162;13;11;22;1110;1;2;3;4.0;3;153;avenue de MONTALVIN;M;4680478.0;445951.0;710
30801;201300034163;13;12;2;910;1;1;1;1.0;1;540;route CENTRE A CENTRE;M;4676661.0;444271.0;710
30802;201300034164;13;12;4;2025;5;2;1;1.0;6;153;124 rue EDITH CAVELL;M;4679611.0;442446.0;710
30803;201300034165;13;1;11;2240;5;2;3;1.0;3;270;place poissonniere;M;4630438.0;483466.0;710
30804;201300034166;13;2;6;1440;1;2;1;2.0;6;105;1 rue du VIEUX TEMPLE;;;;710
30805;201300034167;13;2;15;2010;5;2;1;1.0;2;270;QUAI LAMARTINE;;;;710
30806;201300034168;13;2;12;1550;1;2;1;1.0;6;497;BD GENERAL DE GAULLE;;;;710
30807;201300034169;13;3;18;2015;5;2;3;2.0;4;270;RUE CHARLES PILLET;M;4629591.0;481428.0;710
30808;201300034170;13;3;21;2115;5;2;1;1.0;6;270;45 BD des  NEUF CLES;M;4631413.0;482074.0;710
30809;201300034171;13;3;26;1400;1;1;1;1.0;1;105;ROUTE NATIONALE 79;;;;710
30810;201300034172;13;5;19;2045;2;2;1;9.0;6;270;quai JAURES;;;;710
30811;201300034173;13;6;1;20;5;2;6;1.0;7;270;1BD SCHOELCHER;M;4631951.0;482558.0;710
30812;201300034174;13;6;7;1340;1;2;1;1.0;6;270;1rue BIGONNET;M;4630320.0;482664.0;710
30813;201300034175;13;7;11;1825;1;2;2;1.0;3;270;avenue DE GAULLE;M;4631389.0;483597.0;710
30814;201300034177;13;9;1;815;1;2;2;1.0;3;270;quai LAMARTINE;M;4630535.0;483571.0;710
30815;201300034178;13;9;5;800;1;2;1;1.0;6;270;1 rue gustave EIFFEL;M;4628693.0;480990.0;710
30816;201300034179;13;10;4;1555;1;2;1;3.0;6;270;rue du 28 JUIN 1944;M;4630979.0;483637.0;710
30817;201300034180;13;10;9;2010;3;1;1;1.0;6;105;1 route  ALLOGNERAIES;M;4630181.0;479470.0;710
30818;201300034181;13;10;15;30;3;1;1;1.0;6;105;route de CLUNY;;;;710
30819;201300034182;13;10;16;2040;5;2;1;2.0;6;270;1rue de la  LIBERATION;M;4630790.0;482998.0;710
30820;201300034183;13;10;29;1155;1;2;1;1.0;6;270;quai dLATTRE DE TASSIGNY;;;;710
30821;201300034184;13;11;3;1800;4;2;1;1.0;1;105;route des ALLEMANDS;;;;710
30822;201300034185;13;11;14;1730;5;2;1;3.0;6;270;1avenue CASSIN;M;4632823.0;482361.0;710
30823;201300034186;13;11;25;1605;1;2;2;1.0;3;270;1 Rue de l'Europe;M;4629824.0;482878.0;710
30824;201300034187;13;11;19;945;1;2;1;2.0;6;270;1rue gabriel JEANTON;M;4630400.0;482968.0;710
30825;201300034190;13;2;12;2125;5;2;2;2.0;3;486;1 BOULEVARD DE VERDUN;M;4664393.0;431989.0;710
30826;201300034191;13;3;9;1745;1;2;2;1.0;3;486;45 avenue  JEAN JAURES;M;4664364.0;435881.0;710
30827;201300034193;13;5;11;135;5;2;1;1.0;7;486;84 FRANKLIN ROOSEVELT;M;4664888.0;435749.0;710
30828;201300034194;13;6;22;1136;1;2;1;1.0;2;306;1quai GENERAL DE GAULLE;;;;710
30829;201300034195;13;6;29;610;1;2;1;1.0;7;306;2 quai JULES CHAGOT;M;4667814.0;436628.0;710
30830;201300034196;13;8;10;1205;1;2;1;1.0;3;306;1avenue des ALOUETTES;M;4667844.0;436635.0;710
30831;201300034197;13;9;3;900;1;2;3;1.0;3;486;rue ANATOLE FRANCE;;;;710
30832;201300034198;13;1;7;1845;5;2;1;1.0;6;181;WAGRAM (RUE);;;;720
30833;201300034199;13;1;11;800;2;2;6;2.0;3;181;TIRONNEAU ADRIEN (PL);;;;720
30834;201300034200;13;1;24;2350;5;2;1;1.0;6;181;BOLLEE (AV) N? IMP 347 E;;;;720
30835;201300034201;13;1;26;730;5;2;1;4.0;6;181;241, BOLLEE (AV) N? IMP;;;;720
30836;201300034202;13;2;4;750;5;1;1;2.0;6;181;LYAUTEY MARECHAL (AV) N?;;;;720
30837;201300034203;13;2;9;1905;5;2;1;2.0;6;181;161, LIBERATION (AV DE L;;;;720
30838;201300034204;13;2;19;1510;1;2;3;1.0;3;181;MESSIAEN OLIVIER (AV) IM;;;;720
30839;201300034205;13;3;1;2300;5;2;1;1.0;6;181;155, LIBERATION (AV DE L;;;;720
30840;201300034206;13;3;5;1030;1;2;1;1.0;3;181;SANS, GAULLE GENERAL DE;;;;720
30841;201300034208;13;3;28;1310;1;1;1;1.0;6;181;WASHINGTON GEORGES (PL);;;;720
30842;201300034209;13;4;16;1635;1;2;2;1.0;3;181;GENESLAY FELIX (AV) N? I;;;;720
30843;201300034210;13;4;18;1157;1;2;3;1.0;3;181;sans, PASTEUR (RUE);;;;720
30844;201300034211;13;5;1;1043;1;2;1;1.0;6;181;BRETAGNE (AV DE);;;;720
30845;201300034213;13;5;4;2245;5;2;1;1.0;6;181;28 Bis, IENA (RUE D');;;;720
30846;201300034214;13;5;8;120;5;2;2;1.0;3;181;MAC JEAN (AV) N? IMP 107;;;;720
30847;201300034215;13;5;29;1650;1;2;1;1.0;6;181;140, GENESLAY FELIX (AV);;;;720
30848;201300034216;13;6;7;1045;1;2;1;1.0;3;181;MONTOISE (RUE);;;;720
30849;201300034217;13;6;14;2232;3;1;1;1.0;1;181;autre, TOURS (RTE) LIGNE;;;;720
30850;201300034218;13;7;4;1530;1;1;1;1.0;2;181;LATTRE DE TASSIGNY MAREC;;;;720
30851;201300034219;13;7;18;1545;1;1;1;1.0;4;181;PATTON GENERAL RTE BAUGE;;;;720
30852;201300034220;13;7;26;2125;1;2;1;1.0;1;181;36, HUGO VICTOR (RUE) HO;;;;720
30853;201300034221;13;8;9;2320;5;2;1;1.0;6;181;358, GENESLAY FELIX (AV);;;;720
30854;201300034223;13;9;1;540;5;2;1;1.0;6;181;ROUSSEAU JJ  BD N? IMP 1;;;;720
30855;201300034224;13;9;21;1450;1;1;1;1.0;6;181;ITALIENS (BD DES);;;;720
30856;201300034225;13;9;20;2028;3;1;1;1.0;5;181;ITALIENS (BD DES);;;;720
30857;201300034226;13;10;7;1948;5;2;1;1.0;6;95;SAINT MICHEL (BD);;;;720
30858;201300034227;13;11;16;2015;5;2;1;1.0;6;181;CUGNOT NICOLAS (BD);;;;720
30859;201300034228;13;11;20;410;3;1;1;1.0;1;181;Boulevard Henri FRENAY;;;;720
30860;201300034229;13;11;25;910;1;2;1;1.0;6;181;BOLLEE (AV) N PAIRS 2 A;;;;720
30861;201300034231;13;1;27;1940;5;2;1;3.0;6;8;CHARCOT  BOULEVARD JEAN;M;4569261.0;589617.0;730
30862;201300034232;13;1;29;710;2;2;3;2.0;2;8;18, SIMOND ST AVENUE;M;4569729.0;591206.0;730
30863;201300034233;13;4;3;1645;1;2;1;1.0;2;8;WILSON BOULEVARD;M;4568857.0;590965.0;730
30864;201300034234;13;5;20;205;5;2;2;2.0;3;8;SIMOND ST AVENUE;M;;;730
30865;201300034235;13;7;15;1530;1;2;9;1.0;3;8;GRAND PORT (RONDEAU) AVE;M;4570502.0;588707.0;730
30866;201300034237;13;7;27;1300;1;2;1;1.0;2;8;4, CLEMENCEAU GEORGES PL;M;4569385.0;591040.0;730
30867;201300034238;13;8;17;1030;1;2;2;1.0;3;8;2, GRAND PORT (JUSQU'A L;M;4569458.0;591027.0;730
30868;201300034239;13;2;5;730;2;2;1;3.0;2;11;DE GAULLE (AV.) HUGO A J;M;4566847.0;637418.0;730
30869;201300034240;13;2;14;1420;1;2;1;1.0;6;11;27, DE GAULLE (AV.) HUGO;M;4567164.0;638119.0;730
30870;201300034241;13;4;17;1645;1;1;1;1.0;7;11;CHASSEURS ALPINS (AV.) P;M;4566299.0;638699.0;730
30871;201300034242;13;7;16;1750;1;2;3;1.0;3;11;21, CHAMP DE MARS (AVENU;M;4566471.0;638694.0;730
30872;201300034243;13;9;23;1500;1;2;1;1.0;3;11;104, REPUBLIQUE (RUE DE;M;4567509.0;638866.0;730
30873;201300034244;13;1;18;1100;1;2;1;1.0;6;65;47, JAURES JEAN (AVENUE);M;4557105.0;591123.0;730
30874;201300034245;13;2;17;1855;5;2;2;;6;65;11, chemin du Biollay;M;4556294.0;590823.0;730
30875;201300034246;13;1;1;1800;5;2;1;2.0;6;65;1455, LYON (AVENUE DE);M;4556305.0;590164.0;730
30876;201300034247;13;3;21;850;1;1;1;1.0;2;65;VOIE RAPIDE URBAINE;M;4557560.0;591980.0;730
30877;201300034248;13;3;26;900;1;2;1;1.0;6;65;MARTIN CLAUDE (RUE);M;4556690.0;592370.0;730
30878;201300034249;13;3;29;1330;1;2;2;2.0;3;65;346, SIRE (RUE DU);M;4557950.0;589150.0;730
30879;201300034250;13;5;6;1700;1;2;1;1.0;6;65;Place du Forum;M;4559200.0;591930.0;730
30880;201300034252;13;5;13;2000;1;2;1;1.0;3;65;TURIN (AVENUE);M;4556893.0;593050.0;730
30881;201300034253;13;7;24;1155;1;2;3;1.0;3;65;Bd Gambetta-Quai Verdun;M;4557343.0;591591.0;730
30882;201300034254;13;7;28;1935;1;1;3;1.0;3;65;Mendes France-Ch Primeve;M;4558737.0;590832.0;730
30883;201300034255;13;8;12;1810;1;2;2;1.0;3;65;Girard Madoux, Bon Paste;M;4556964.0;591116.0;730
30884;201300034256;13;8;22;945;1;1;6;1.0;6;65;;M;4557390.0;593720.0;730
30885;201300034257;13;10;21;650;2;2;2;1.0;3;65;MOTTE SERVOLEX (AVENUE D;M;4558110.0;588970.0;730
30886;201300034258;13;9;26;851;1;2;1;1.0;3;65;GRAND ARIETAZ (AVENUE DU;M;4558500.0;590120.0;730
30887;201300034259;13;9;27;1635;1;2;1;1.0;5;87;CORINTHE (AVENUE DE);M;4555970.0;589550.0;730
30888;201300034260;13;10;8;1610;1;2;1;1.0;6;65;MOTTE SERVOLEX (AVENUE D;M;4558010.0;589200.0;730
30889;201300034261;13;11;8;825;1;1;1;1.0;3;65;MENDES FRANCE PIERRE(AVE;M;4559250.0;591410.0;730
30890;201300034262;13;11;5;1745;5;2;1;2.0;6;65;REPUBLIQUE (RUE DE LA);M;4556380.0;592640.0;730
30891;201300034263;13;12;5;1100;1;1;1;1.0;6;65;Rue Belle-Eau;M;4560880.0;588920.0;730
30892;201300034264;13;1;4;1830;3;2;1;1.0;6;10;QUAI  EUSTACHE CHAPUIS;;;;740
30893;201300034265;13;1;4;1900;5;2;1;1.0;6;10;AVENUE ALBIGNY;;;;740
30894;201300034266;13;1;5;1240;1;2;1;1.0;6;10;1, AVENUE DU RHONE;;;;740
30895;201300034267;13;2;10;40;5;2;3;1.0;6;10;9 BOULEVARD DU  FIER;;;;740
30896;201300034268;13;3;6;1440;1;2;1;1.0;6;10;4 RUE DU TRAVAIL;;;;740
30897;201300034269;13;3;8;1730;1;2;1;1.0;7;10;17 BIS AV  CHAMBERY;;;;740
30898;201300034270;13;3;28;1700;1;2;6;2.0;6;10;AV DU STADE / BEL AIR;;;;740
30899;201300034271;13;4;1;2052;5;2;3;1.0;6;10;AV ALERY/CHEVESNE;;;;740
30900;201300034272;13;4;6;100;5;2;3;1.0;6;10;AV D'ALBIGNY/ REVON;;;;740
30901;201300034273;13;5;6;830;1;2;3;2.0;6;10;AVENUE DE FRANCE;;;;740
30902;201300034274;13;5;16;1255;1;2;6;2.0;6;10;67, AVENUE DE LA PLAINE;;;;740
30903;201300034275;13;6;6;1940;1;2;1;1.0;6;93;ROUTE DES CREUSES;;;;740
30904;201300034276;13;6;10;1600;1;2;1;1.0;6;10;6, HENRY BORDEAUX;;;;740
30905;201300034277;13;6;10;1958;1;2;1;2.0;6;10;QUAI EUSTACHE CHAPPUIS;;;;740
30906;201300034278;13;6;11;1915;1;2;1;1.0;2;10;AVENUE DE BROGNY;;;;740
30907;201300034279;13;6;13;640;1;2;4;1.0;6;10;76, AVENUE DE  BROGNY;;;;740
30908;201300034280;13;6;18;2102;1;2;2;1.0;6;10;AV GAMBETTA/ NOVEL;;;;740
30909;201300034281;13;6;20;1642;1;2;1;1.0;6;10;AVENUE DU RHONE;;;;740
30910;201300034282;13;6;19;1255;1;2;2;1.0;6;10;13, JEAN JAURES;;;;740
30911;201300034283;13;6;28;515;1;2;1;1.0;6;10;90, AVENUE DE BROGNY;;;;740
30912;201300034284;13;6;29;1200;1;2;3;3.0;6;10;RUE LEO LAGRANGE;;;;740
30913;201300034285;13;7;10;2015;1;2;2;1.0;3;10;BD ROCADE / AV STADE;;;;740
30914;201300034286;13;7;12;725;1;2;2;1.0;3;10;AV BARATTES/ THEURIET;;;;740
30915;201300034287;13;7;16;1735;1;2;3;1.0;6;93;AV DE PRELEVET/ PEROLLES;;;;740
30916;201300034290;13;8;10;2325;5;2;2;1.0;6;10;BEL AIR;;;;740
30917;201300034291;13;9;3;615;5;2;3;1.0;3;10;AV DE BROGNY/ PLAINE;;;;740
30918;201300034292;13;10;12;2045;5;2;1;2.0;6;10;34, AVENUE DE  CHAMBERY;;;;740
30919;201300034293;13;10;17;1610;1;2;1;1.0;5;10;AVENUE DES MARQUISATS;;;;740
30920;201300034294;13;10;19;1730;1;2;6;1.0;6;10;BROGNY/FRANCS TIREURS;;;;740
30921;201300034295;13;10;28;1325;1;2;1;1.0;3;10;07, LOUIS REVON;;;;740
30922;201300034296;13;11;18;755;1;2;1;1.0;6;10;AVENUE DES MARQUISATS;;;;740
30923;201300034297;13;11;27;1705;1;2;3;1.0;6;10;AVENUE D'ALBIGNY;;;;740
30924;201300034298;13;11;29;1415;1;2;4;1.0;6;10;AVENUE DE GENEVE;;;;740
30925;201300034299;13;12;2;2218;5;2;3;1.0;3;10;AV  BERTHOLLET;;;;740
30926;201300034300;13;12;6;1255;1;2;3;1.0;6;10;33,AVENUE DE LA  PLAINE;;;;740
30927;201300034301;13;12;9;630;5;2;3;1.0;6;10;AVENUE DE GENEVE;;;;740
30928;201300034302;13;12;9;1332;1;2;6;1.0;6;10;AVENUE DE BROGNY;;;;740
30929;201300034303;13;12;12;1005;1;2;3;1.0;6;93;ROUTE DES CREUSES;;;;740
30930;201300034304;13;12;14;310;5;2;1;1.0;6;10;2 AVENUE DES MARQUISATS;;;;740
30931;201300034305;13;12;13;1550;1;2;1;2.0;6;10;39, RUE SOMMEILLER;;;;740
30932;201300034306;13;12;17;920;1;2;1;1.0;4;10;AVENUE DU RHONE;;;;740
30933;201300034307;13;12;20;1745;5;2;1;1.0;1;10;36, AVNUE DE BROGNY;;;;740
30934;201300034308;13;1;8;1805;2;2;1;1.0;6;133;7, COURS REPUBLIQUE;;;;740
30935;201300034309;13;1;10;1700;2;2;9;2.0;6;133;98, RUE DE GENEVE;;;;740
30936;201300034310;13;1;22;1300;1;2;1;1.0;6;12;18, RUE LEANDRE VAILLAT;;;;740
30937;201300034311;13;1;26;1130;1;2;9;1.0;6;305;16, RUE FAVRE;;;;740
30938;201300034312;13;2;4;2145;5;2;1;2.0;6;12;QUAI D'ARVE;;;;740
30939;201300034313;13;2;5;730;2;2;1;2.0;6;12;50, RUE DE ROMAGNY;;;;740
30940;201300034314;13;2;7;910;1;2;1;1.0;6;305;RUE CHABLAIS PROLONGEE;;;;740
30941;201300034315;13;2;19;2330;5;2;3;9.0;3;118;ROUTE DU SALEVE;;;;740
30942;201300034316;13;2;28;1310;1;2;3;1.0;6;12;QUAI D'ARVE;;;;740
30943;201300034317;13;3;25;955;1;2;1;2.0;7;133;13, RUE DE  VALLARD;;;;740
30944;201300034318;13;4;13;930;1;2;1;1.0;3;12;RUE DU BARON DE LOE;;;;740
30945;201300034320;13;6;12;700;1;2;4;1.0;3;12;50 QUAI ARVE / JARDINS;;;;740
30946;201300034322;13;6;28;1730;1;2;1;1.0;6;133;19, RUES DES VIGNES;;;;740
30947;201300034323;13;7;5;1700;1;2;3;1.0;3;12;4, ESSERTS (RUE DES);;;;740
30948;201300034325;13;7;9;1115;1;2;1;1.0;2;118;RUE MARECHAL LECLERC;;;;740
30949;201300034326;13;7;12;930;1;1;1;1.0;3;12;ROUTE DE BONNEVILLE;;;;740
30950;201300034327;13;7;13;1500;1;2;1;1.0;2;12;RUE DE L'INDUSTRIE;;;;740
30951;201300034328;13;7;19;1700;1;2;1;3.0;6;12;2, RUE D'ETREMBIERES;;;;740
30952;201300034329;13;7;25;1940;1;2;1;1.0;6;12;PLACE DE LA GARE;;;;740
30953;201300034330;13;7;22;1805;1;2;1;1.0;6;12;RUE DE LA RESISTANCE;;;;740
30954;201300034331;13;7;29;1400;1;2;1;2.0;6;12;RUE DES ARAVIS;;;;740
30955;201300034332;13;8;12;1025;1;1;4;1.0;3;12;ROUTE DE THONON;;;;740
30956;201300034334;13;9;17;835;1;1;1;2.0;1;298;ROUTE DE BONNEVILLE;;;;740
30957;201300034335;13;9;17;1620;1;2;2;1.0;3;12;AV FLORISSANT/ LEVANT;;;;740
30958;201300034337;13;9;30;1220;1;2;1;1.0;7;12;3, RUE DUSONCHET;;;;740
30959;201300034338;13;9;10;1115;1;2;2;1.0;6;12;BEULET/ ALSCACE LORRAINE;;;;740
30960;201300034339;13;10;3;1745;1;2;6;1.0;3;118;ROUTE DES DEPORTES;;;;740
30961;201300034340;13;10;6;1840;1;2;6;1.0;3;133;29 RUE DU CHATEAU D'EAU;;;;740
30962;201300034341;13;10;16;900;1;2;2;1.0;3;12;RUE DU PARC;;;;740
30963;201300034342;13;10;27;1010;1;2;4;1.0;3;305;1TER RUE ROGER SALENGRO;;;;740
30964;201300034343;13;10;28;930;1;2;1;1.0;6;133;27,RUE RENE CASSIN;;;;740
30965;201300034344;13;11;5;840;1;2;2;1.0;6;12;16,AVENUE DU  GIFFRE;;;;740
30966;201300034345;13;11;8;730;5;2;1;1.0;6;118;ROUTE DE SAINT-JULIEN;;;;740
30967;201300034346;13;12;4;540;5;2;3;5.0;6;8;1RUE DE GENEVE/LACHENAL;;;;740
30968;201300034347;13;12;9;2030;3;2;1;1.0;6;12;43 RUE DU CHABLAIS;;;;740
30969;201300034348;13;12;7;1000;1;2;6;1.0;6;12;PLACE MARECHAL TASSIGNY;;;;740
30970;201300034349;13;12;11;850;1;2;3;1.0;6;133;LIBERATION;;;;740
30971;201300034350;13;12;12;800;2;2;3;1.0;6;12;ROUTE DU LIVRON;;;;740
30972;201300034351;13;12;12;2130;3;2;3;1.0;6;12;ROUTE DE BONNEVILLE;;;;740
30973;201300034352;13;12;24;1155;1;2;1;1.0;2;12;AV CHARLES DE GAULLE;;;;740
30974;201300034354;13;1;14;1600;1;2;1;1.0;3;218;70, RUE DE CARTHERAY;;;;740
30975;201300034355;13;2;1;1815;5;2;3;3.0;3;281;AV DES ALLINGES;;;;740
30976;201300034356;13;3;18;1410;1;1;1;8.0;1;281;ROUTE D'ARMOY;;;;740
30977;201300034357;13;4;8;1214;1;2;4;8.0;5;281;42, ROUTE DE VONGY;;;;740
30978;201300034359;13;5;18;400;5;2;1;2.0;6;281;32 AVENUE DE L'ERMITAGE;;;;740
30979;201300034360;13;5;8;1940;2;2;2;2.0;3;119;AVENUE DE LARRINGES;;;;740
30980;201300034362;13;6;25;900;1;2;1;1.0;3;281;49, AVENUE DE GENEVE;;;;740
30981;201300034363;13;6;26;930;1;2;1;1.0;6;281;8, AV GENERAL DE GAULLE;;;;740
30982;201300034364;13;6;26;1715;1;2;3;1.0;3;281;ROUTE DE TULLY;;;;740
30983;201300034365;13;6;26;1955;1;1;4;1.0;3;281;AVENUE DE LA  DRANSE;;;;740
30984;201300034366;13;7;12;1930;1;2;1;1.0;6;119;AVENUE DES MEMISES;;;;740
30985;201300034367;13;8;5;1245;1;2;1;1.0;6;119;QUAI BARON DE BLONAY;;;;740
30986;201300034368;13;8;1;1910;1;2;2;1.0;3;218;RUE LA GARENNE/ MIROIR;;;;740
30987;201300034369;13;8;30;2110;5;2;1;1.0;6;281;84,AV GENERAL DE GAULLE;;;;740
30988;201300034370;13;9;6;200;5;2;1;1.0;6;281;14, AVENUE DE LA DAME;;;;740
30989;201300034371;13;9;24;1602;1;2;2;1.0;6;281;CHEMIN DE RONDE;;;;740
30990;201300034372;13;9;13;535;2;1;1;1.0;7;218;ROUTE DE CHAMPANGES;;;;740
30991;201300034373;13;9;27;1625;1;2;2;1.0;6;119;BD DE LA DETANCHE;;;;740
30992;201300034374;13;9;18;1555;1;2;2;2.0;6;281;36 RUE DU  VALLON;;;;740
30993;201300034376;13;10;12;2130;5;2;1;2.0;2;200;64, LAC (RUE DU);;;;740
30994;201300034379;13;10;30;700;2;2;1;1.0;5;281;AVENUE DE GENEVE;;;;740
30995;201300034380;13;10;26;920;1;2;3;1.0;3;218;PAYS DE GAVOT / BD GOLF;;;;740