;Num_Acc;an;mois;jour;hrmn;lum;agg;int;atm;col;com;adr;gps;lat;long;dep
30996;201300034381;13;11;5;1745;5;2;3;2.0;6;281;53, ROUTE DE TULLY;;;;740
30997;201300034382;13;11;4;1145;1;2;4;9.0;6;281;ROUTE D'EVIAN;;;;740
30998;201300034383;13;10;25;1920;5;2;1;1.0;1;281;AVENUE DE LA GRANGETTE;;;;740
30999;201300034384;13;11;17;1640;1;2;2;1.0;3;200;AVENUE DE MILLY;;;;740
31000;201300034385;13;11;14;1055;1;2;3;1.0;3;281;AV DU GENERAL DE GAULLE;;;;740
31001;201300034386;13;11;26;1940;5;2;1;6.0;6;281;AVENUE DU LEMAN;;;;740
31002;201300034387;13;11;29;1750;5;2;1;1.0;1;281;RUE DES VIGNES ROUGES;;;;740
31003;201300034388;13;12;2;1600;1;2;1;1.0;6;281;PLACE DES ARTS;;;;740
31004;201300034389;13;12;19;750;2;2;1;3.0;6;281;AVENUE JULES FERRY;;;;740
31005;201300034390;13;3;23;655;1;2;1;2.0;7;384;AV RENE COTY;M;4952166.0;54898.0;760
31006;201300034391;13;7;6;830;1;2;1;1.0;2;384;11, RTE DU MONT;M;4952817.0;54340.0;760
31007;201300034392;13;9;29;234;5;2;1;1.0;6;384;6, AV COTY RENE;M;4952351.0;55107.0;760
31008;201300034393;13;10;9;1145;1;1;1;8.0;3;114;D6015;M;4957188.0;49302.0;760
31009;201300034395;13;11;27;1200;1;1;3;1.0;5;329;R DE L ABBAYE;M;4953836.0;50895.0;760
31010;201300034396;13;12;12;1430;1;1;1;1.0;3;476;AV DU GENERAL DE  GAULLE;M;4949619.0;54892.0;760
31011;201300034397;13;1;2;1110;1;1;1;1.0;7;545;RD 154E;M;4989844.0;112048.0;760
31012;201300034398;13;1;2;1745;5;2;1;2.0;6;217;1, PL HENRI DUNANT;M;4992890.0;110163.0;760
31013;201300034399;13;1;7;945;1;2;3;2.0;3;565;RTE DE ROUEN;M;4987228.0;106892.0;760
31014;201300034402;13;1;27;420;5;2;1;1.0;6;217;87, R MONTIGNY;M;4991169.0;106881.0;760
31015;201300034403;13;2;2;2040;5;2;1;8.0;7;217;PL DU  PUITS SALE;M;4992481.0;107498.0;760
31016;201300034404;13;2;6;1210;1;2;3;1.0;3;217;CRS BOURBON;M;4991582.0;109659.0;760
31017;201300034406;13;2;11;2140;3;1;1;1.0;7;707;;M;4985769.0;108633.0;760
31018;201300034407;13;2;19;525;3;1;1;1.0;6;414;RD  925;M;4992944.0;113301.0;760
31019;201300034408;13;3;3;1635;1;1;1;1.0;5;565;RD 915;M;4988682.0;108612.0;760
31020;201300034409;13;3;5;1410;1;2;1;1.0;4;217;70, AV LEON GAMBETTA;M;4991840.0;107405.0;760
31021;201300034410;13;3;13;1650;1;1;2;8.0;3;26;RD 54;M;4987405.0;111148.0;760
31022;201300034411;13;3;14;1150;1;2;1;1.0;6;217;5, AV JEAN JAURES;M;4991385.0;107278.0;760
31023;201300034412;13;3;17;235;5;2;1;1.0;6;217;RTE DE PETIT APPEVILLE;M;4990919.0;106185.0;760
31024;201300034413;13;3;30;1400;1;1;1;1.0;2;565;RD 915;M;4988681.0;108608.0;760
31025;201300034414;13;4;3;1515;1;2;6;1.0;3;217;ROND POINT INTERMARCHE;M;4991419.0;109242.0;760
31026;201300034415;13;4;14;1905;1;2;5;1.0;6;217;AV JEAN JAURES;M;4991336.0;107203.0;760
31027;201300034417;13;4;14;405;5;2;1;2.0;6;217;32, AV DE LA REPUBLIQUE;M;4992750.0;109251.0;760
31028;201300034418;13;4;16;850;1;1;1;1.0;7;565;RD 915;M;4987850.0;109453.0;760
31029;201300034419;13;4;18;1450;1;2;1;1.0;6;565;;M;4989682.0;107748.0;760
31030;201300034420;13;4;25;1215;1;2;1;1.0;3;217;42, BD DE VERDUN;M;4992922.0;107974.0;760
31031;201300034421;13;5;6;1335;1;2;1;1.0;6;217;95, RTE DE BONNE NOUVELL;M;4991912.0;109552.0;760
31032;201300034422;13;5;7;840;1;2;1;1.0;5;565;RN 27;M;4989150.0;107302.0;760
31033;201300034423;13;5;12;1720;1;2;1;1.0;6;324;44 BIS, GRANDE RUE;M;4992137.0;114872.0;760
31034;201300034424;13;5;20;2210;5;1;1;3.0;7;26;RD 154;M;4989198.0;111660.0;760
31035;201300034425;13;5;21;2130;2;2;3;1.0;3;565;RN 27;M;4987229.0;106893.0;760
31036;201300034426;13;5;22;1715;1;2;1;1.0;1;217;REPUBLIQUE (AVENUE DE LA;M;4992435.0;110440.0;760
31037;201300034427;13;5;23;1010;1;2;6;7.0;2;217;AV DES CANADIENS;M;4991066.0;107573.0;760
31038;201300034428;13;5;25;110;5;2;6;8.0;6;414;RD  154E;M;4990677.0;110728.0;760
31039;201300034429;13;5;30;1120;1;2;4;2.0;6;217;R DE L ORANGER;M;4992546.0;107765.0;760
31040;201300034430;13;5;30;1235;1;2;1;2.0;7;217;10, AV CHARLES-NICOLLE;M;4992838.0;110364.0;760
31041;201300034432;13;6;15;2000;1;2;1;1.0;3;217;AV DES CANADIENS;M;4991568.0;107462.0;760
31042;201300034433;13;6;18;1530;1;2;6;1.0;6;217;127, AV DE LA REPUBLIQU;M;4992524.0;110104.0;760
31043;201300034434;13;6;20;935;1;2;2;2.0;6;217;AV DE LA LIBERATION;M;4992466.0;110914.0;760
31044;201300034435;13;6;21;1700;1;2;1;1.0;1;217;CRS DE DAKAR;M;4991787.0;109069.0;760
31045;201300034436;13;6;24;1545;1;2;1;1.0;6;565;RN 27;M;4987064.0;107006.0;760
31046;201300034437;13;6;28;1220;1;1;1;1.0;7;545;RD 154E;M;4991305.0;109538.0;760
31047;201300034438;13;7;7;1925;1;1;3;1.0;3;565;RD 54;M;4987136.0;108053.0;760
31048;201300034439;13;7;8;1450;1;1;6;1.0;3;707;;M;4987294.0;110014.0;760
31049;201300034440;13;7;12;1910;1;2;1;1.0;6;217;6, R DE LA VICTOIRE;M;4992604.0;109880.0;760
31050;201300034441;13;7;13;2005;1;1;1;1.0;2;545;RD 154E;M;4991154.0;109759.0;760
31051;201300034442;13;7;15;915;1;1;1;1.0;7;349;RTE D OUVILLE;M;4989242.0;104010.0;760
31052;201300034447;13;7;29;1625;1;1;1;1.0;1;349;CD 75;M;4990883.0;102576.0;760
31053;201300034448;13;8;27;1610;1;2;1;1.0;6;217;R DE LA VIELLE GRANGE;M;4990420.0;107753.0;760
31054;201300034449;13;9;3;1200;1;1;1;1.0;4;565;;M;4988990.0;106959.0;760
31055;201300034450;13;9;18;1600;1;2;2;1.0;2;217;AV NORMANDIE SUSSEX;M;4991691.0;108894.0;760
31056;201300034451;13;9;23;1900;1;2;1;1.0;6;217;38, GRANDE RUE DU POLLET;M;4992748.0;108765.0;760
31057;201300034452;13;9;28;1110;1;2;3;1.0;6;217;QU DE L  YSER;M;4992723.0;108461.0;760
31058;201300034453;13;10;6;1850;2;2;1;1.0;1;545;RD 154;M;4989279.0;111627.0;760
31059;201300034454;13;10;12;1550;1;2;1;1.0;3;217;22, AV GAMBETTA;M;4992135.0;107340.0;760
31060;201300034455;13;11;8;655;3;1;3;8.0;3;324;RD920;M;4991897.0;113626.0;760
31061;201300034456;13;11;21;1805;3;2;3;1.0;6;217;BD DU GENERAL DE GAULLE;M;4992373.0;108124.0;760
31062;201300034457;13;11;27;1830;5;2;1;1.0;6;217;2, R  GUY DE MAUPASSANT;M;4992943.0;110110.0;760
31063;201300034458;13;11;29;1930;5;2;3;6.0;3;217;QU DU CARENAGE;M;4992678.0;108253.0;760
31064;201300034459;13;11;30;50;5;2;1;8.0;6;217;PONT COLBERT;M;4992726.0;108525.0;760
31065;201300034460;13;12;3;1050;1;1;1;8.0;2;324;RD920;M;4991915.0;113521.0;760
31066;201300034461;13;12;5;1830;5;2;1;2.0;2;217;19, R DE LA VICTOIRE;M;4992730.0;109666.0;760
31067;201300034462;13;12;6;1540;1;2;1;1.0;2;707;RTE D ANNEVILLE;M;4985196.0;110102.0;760
31068;201300034463;13;12;7;2330;5;2;1;2.0;7;217;123, QU HENRI IV;M;4992930.0;108400.0;760
31069;201300034464;13;12;8;1745;5;2;1;1.0;6;26;8, R DE LA CHAUSSEE;M;4988065.0;113106.0;760
31070;201300034465;13;12;10;1050;1;1;1;1.0;7;217;ROC DES GRAVES DE LA MER;M;4993362.0;110678.0;760
31071;201300034466;13;12;13;1715;3;1;1;2.0;2;565;RD 915;M;4987900.0;109401.0;760
31072;201300034467;13;12;13;2300;3;1;1;8.0;7;349;;M;4991753.0;103729.0;760
31073;201300034468;13;12;18;1445;1;2;1;1.0;7;217;18, R CLAUDE GROULARD;M;4992341.0;107394.0;760
31074;201300034469;13;12;22;1800;5;2;3;2.0;3;217;R DES MARTYRS DE LA RESI;M;4992629.0;110676.0;760
31075;201300034471;13;3;15;1345;1;1;1;1.0;6;391;;M;4930364.0;97596.0;760
31076;201300034472;13;3;14;1130;1;2;4;1.0;6;231;1, R DE  STALINGRAD;M;4929025.0;101221.0;760
31077;201300034473;13;4;12;1;5;2;1;8.0;5;486;1387, RTE DES ROCHES;M;4932237.0;101497.0;760
31078;201300034475;13;4;30;1705;1;2;1;1.0;3;561;AV WINSTON CHURCHILL;M;4929451.0;101060.0;760
31079;201300034476;13;8;18;1055;1;2;2;9.0;6;231;R DU PRESIDENT ROOSEV;M;4928851.0;100677.0;760
31080;201300034477;13;10;18;729;5;2;2;5.0;3;561;29, R DES CANADIENS;M;4929757.0;100680.0;760
31081;201300034478;13;8;6;1955;1;1;1;1.0;3;486;CD 132;M;4932610.0;100085.0;760
31082;201300034479;13;12;14;1729;5;2;3;1.0;6;231;VOI  DE LA  DECLARATION;M;4929215.0;102156.0;760
31083;201300034480;13;12;29;643;5;2;1;2.0;6;178;RTE DE TOURVILLE;M;4931286.0;105566.0;760
31084;201300034481;13;1;13;130;5;2;1;1.0;6;259;158, R GUSTAVE COUTURIER;M;4975160.0;39899.0;760
31085;201300034482;13;5;23;1705;1;1;1;8.0;1;259;BD NELSON MANDELA;M;4974601.0;39584.0;760
31086;201300034483;13;6;7;1205;1;2;5;1.0;3;259;R CHARLES LEBORGNE;M;4975248.0;37109.0;760
31087;201300034485;13;8;10;1815;1;2;3;1.0;2;259;R ROBERT LILLY;M;4974629.0;36833.0;760
31088;201300034486;13;11;9;550;3;1;1;8.0;6;600;;M;4972205.0;34437.0;760
31089;201300034487;13;12;28;1150;1;2;2;1.0;3;600;46, R DU 8 MAI 1945;M;4974180.0;36805.0;760
31090;201300034488;13;1;3;1740;5;2;3;2.0;6;351;BD FRANCOIS 1ER;M;4949174.0;9929.0;760
31091;201300034489;13;1;4;1000;1;1;1;1.0;5;305;;M;4949887.0;21237.0;760
31092;201300034490;13;1;6;140;5;2;1;2.0;6;351;AV D  APLEMONT;M;4950315.0;18047.0;760
31093;201300034491;13;1;9;745;5;2;2;5.0;6;351;244, BD DE GRAVILLE;M;4949226.0;14852.0;760
31094;201300034492;13;1;10;1240;1;2;1;2.0;3;351;189, R STENDHAL;M;4952034.0;8285.0;760
31095;201300034493;13;1;10;1520;1;1;4;1.0;6;305;;M;4949856.0;19827.0;760
31096;201300034495;13;1;11;1000;1;2;3;1.0;6;351;CHILLOU;M;4949222.0;11015.0;760
31097;201300034496;13;1;16;1720;1;1;1;1.0;5;341;RD 489;M;4952503.0;18747.0;760
31098;201300034497;13;1;17;750;1;2;2;4.0;6;351;373, BD DE GRAVILLE;M;4950088.0;14538.0;760
31099;201300034498;13;1;17;840;2;2;3;1.0;6;351;127, BD FRANCOIS 1ER;M;4948916.0;10100.0;760
31100;201300034499;13;1;19;2030;5;2;2;1.0;3;351;316, R ARISTIDE BRIAND;M;4950054.0;13918.0;760
31101;201300034500;13;1;22;1430;1;2;3;1.0;3;351;AV DU  BOIS AU COQ;M;4951527.0;12172.0;760
31102;201300034501;13;1;23;800;1;2;2;1.0;3;351;70, CRS DE LA REPUBLIQU;M;4949587.0;12683.0;760
31103;201300034502;13;1;23;1840;2;2;1;2.0;6;351;176, R JEAN BART;M;4949976.0;13028.0;760
31104;201300034503;13;1;24;800;1;2;3;1.0;6;341;AV DE LA RESISTANCE;M;4950478.0;19742.0;760
31105;201300034504;13;1;24;1910;5;2;2;1.0;2;351;19, R ALBERT ANDRE HUET;M;4949487.0;11105.0;760
31106;201300034505;13;1;29;1830;5;2;1;1.0;3;351;QU  FRISSARD;M;4949025.0;12700.0;760
31107;201300034506;13;1;30;830;2;2;3;3.0;3;351;QU DE LA  REUNION;M;4948725.0;12593.0;760
31108;201300034508;13;2;1;2105;5;2;2;1.0;6;351;110, R IRENE JOLIOT CURI;M;4951057.0;10255.0;760
31109;201300034509;13;2;5;1415;1;2;2;1.0;6;351;R LOUIS PHILIPPE;M;4949538.0;9957.0;760
31110;201300034510;13;2;5;1520;1;1;6;1.0;6;447;GIRATOIRE GHH JACQUES MO;M;4952787.0;18365.0;760
31111;201300034511;13;2;8;155;5;2;2;2.0;6;351;AV LUCIEN CORBEAUX;M;4948155.0;11641.0;760
31112;201300034512;13;2;8;755;1;1;1;1.0;5;270;RD 6382;M;4953061.0;12152.0;760
31113;201300034513;13;2;10;1200;1;2;3;2.0;3;351;91, R DE LA CAVEE VERTE;M;4950346.0;10717.0;760
31114;201300034514;13;2;11;1915;5;2;1;1.0;3;351;124, R DE LA CAVEE VERT;M;4950673.0;11968.0;760
31115;201300034515;13;2;12;1900;5;2;1;1.0;6;351;59, AV JEAN JAURES;M;4949878.0;15108.0;760
31116;201300034516;13;2;13;1510;1;2;2;1.0;3;351;36, R CASIMIR DELAVIGNE;M;4949427.0;11965.0;760
31117;201300034517;13;2;16;505;5;2;3;1.0;6;351;239, BD DE GRAVILLE;M;4949389.0;14773.0;760
31118;201300034518;13;2;19;2110;5;1;1;1.0;6;351;112, BD JULES DURAND;M;4949024.0;15833.0;760
31119;201300034519;13;2;21;1435;1;2;1;1.0;6;305;9, R ARTHUR FLEURY;M;4951111.0;23439.0;760
31120;201300034520;13;2;21;2015;5;2;1;1.0;3;351;QU DES  ANTILLES;M;4948896.0;12825.0;760
31121;201300034521;13;2;23;810;1;2;2;1.0;6;351;R PIERRE CURIE;M;4950966.0;12763.0;760
31122;201300034522;13;2;24;2025;3;1;1;1.0;1;351;AV DU GRAND HAMEAU;M;4952424.0;9349.0;760
31123;201300034523;13;2;25;1910;5;1;1;2.0;3;351;RTE DE L ESTUAIRE;M;4946527.0;18273.0;760
31124;201300034524;13;2;27;430;5;2;6;1.0;6;351;118, R MARCEAU;M;4949149.0;13295.0;760
31125;201300034525;13;2;27;1450;1;2;1;1.0;6;351;69, AV RENE COTY;M;4949763.0;11388.0;760
31126;201300034526;13;2;28;1210;1;2;1;1.0;6;351;157, R DE VERDUN;M;4950227.0;16001.0;760
31127;201300034527;13;3;2;2145;5;2;3;1.0;3;351;17, R D EPREMESNIL;M;4949649.0;10194.0;760
31128;201300034529;13;3;5;900;1;2;2;1.0;6;341;14, AV DE LA RESISTANCE;M;4950475.0;20025.0;760
31129;201300034530;13;3;6;1050;1;2;6;1.0;3;351;15, R GEORGES BRAQUE;M;4949508.0;10522.0;760
31130;201300034531;13;3;7;1550;1;1;4;2.0;2;305;;M;4951249.0;22279.0;760
31131;201300034532;13;3;10;200;5;1;2;1.0;6;351;AV CHRISTOPHE COLOMB;M;4947693.0;14192.0;760
31132;201300034533;13;3;17;1545;1;2;3;1.0;6;351;AV CHRISTOPHE COLOMB;M;4947833.0;14595.0;760
31133;201300034535;13;3;18;2145;5;2;3;1.0;3;351;1, R DE LA VIVANDIERE;M;4951868.0;12121.0;760
31134;201300034536;13;3;19;1700;1;2;1;1.0;6;552;8, R DU ROI ALBERT;M;4950265.0;8556.0;760
31135;201300034538;13;3;23;2240;3;1;1;1.0;7;351;CH RURAL 15;M;4952475.0;7591.0;760
31136;201300034539;13;3;24;940;1;2;3;1.0;3;351;263, R DE VERDUN;M;4950245.0;16802.0;760
31137;201300034540;13;3;24;1235;1;2;1;1.0;7;351;BOIS DE BLEVILLE;M;4952418.0;13247.0;760
31138;201300034541;13;3;29;1645;1;2;3;1.0;2;351;396, R PIERRE MENDES FRA;M;4951652.0;15598.0;760
31139;201300034542;13;3;30;445;5;1;1;1.0;6;341;D6015;M;4951458.0;20112.0;760
31140;201300034543;13;4;1;1245;1;1;1;1.0;7;351;0, RD 6382;M;4952426.0;18285.0;760
31141;201300034544;13;4;4;1535;1;2;1;1.0;2;351;BD DE  LENINGRAD;M;4950003.0;17113.0;760
31142;201300034545;13;4;5;1145;1;2;1;1.0;7;447;;M;4952795.0;18316.0;760
31143;201300034546;13;4;6;1930;1;2;3;1.0;3;351;ALL  JEAN VILAR;M;4950612.0;18179.0;760
31144;201300034547;13;4;6;1900;1;1;1;1.0;6;305;;M;4951227.0;21692.0;760
31145;201300034548;13;4;7;1555;1;2;2;1.0;3;351;81, R GUSTAVE BRINDEAU;M;4949247.0;13960.0;760
31146;201300034549;13;4;10;1700;1;2;1;2.0;6;351;81, AV DU HUIT MAI 1945;M;4951638.0;16907.0;760
31147;201300034550;13;4;11;2005;1;2;3;2.0;3;351;R HENRI DESGRANGES;M;4952416.0;12842.0;760
31148;201300034551;13;4;13;500;5;2;1;1.0;6;351;35, R DUMARECHAL JOFFRE;M;4949908.0;12041.0;760
31149;201300034552;13;4;14;1815;1;2;6;1.0;6;305;51, AV MARCEL LE MIGNOT;M;4949788.0;23112.0;760
31150;201300034553;13;4;18;1655;1;2;2;1.0;3;351;20,R CASIMIR DELAVIGNE;M;4949387.0;11837.0;760
31151;201300034554;13;4;19;850;1;2;3;1.0;2;351;QU DE  SOUTHAMPTON;M;4948538.0;10766.0;760
31152;201300034555;13;4;19;1515;1;2;4;1.0;7;351;10,R LESUEUR;M;4949298.0;12319.0;760
31153;201300034556;13;4;19;1745;1;2;3;1.0;6;351;261, R ARISTIDE BRIAND;M;4950024.0;13505.0;760
31154;201300034557;13;4;23;1520;1;2;1;1.0;6;351;209, R MARECHAL JOFFRE;M;4950005.0;13121.0;760
31155;201300034558;13;4;25;1925;1;2;2;1.0;3;351;38, R DE LA MAILLERAYE;M;4948779.0;10174.0;760
31156;201300034559;13;5;6;1315;1;2;1;1.0;2;351;9, R HENRY GENESTAL;M;4949528.0;10566.0;760
31157;201300034560;13;5;10;1740;1;2;1;1.0;7;351;114, R ERNEST RENAN;M;4949818.0;12160.0;760
31158;201300034562;13;5;14;1300;1;2;2;1.0;3;351;78, R FERDINAND DE LESSE;M;4951271.0;11069.0;760
31159;201300034563;13;5;15;910;1;2;1;1.0;3;351;R  LOUIS SIEFRIDT;M;4951080.0;10144.0;760
31160;201300034564;13;5;15;1120;1;2;2;1.0;6;351;R DE LA BIGNE A FOSSE;M;4952096.0;11442.0;760
31161;201300034565;13;5;15;1320;1;2;1;1.0;6;351;89, AV DU MONT GAILLARD;M;4952420.0;11322.0;760
31162;201300034566;13;5;15;1615;1;2;3;1.0;6;351;165, CRS DE LA REPUBLIQ;M;4949986.0;12968.0;760
31163;201300034567;13;5;15;1920;1;2;3;1.0;3;351;151, R HENRI BARBUSSE;M;4950828.0;9872.0;760
31164;201300034568;13;5;16;1355;1;1;1;1.0;1;481;22, RTE DEPARTEMENTALE;M;4958097.0;12429.0;760
31165;201300034570;13;5;20;1550;1;1;1;3.0;7;341;RD 6382;M;4949857.0;19831.0;760
31166;201300034571;13;5;27;1500;1;2;2;1.0;6;351;22, R FONTENELLE;M;4949228.0;11096.0;760
31167;201300034572;13;5;27;1805;1;2;1;1.0;3;351;458, R DE VERDUN;M;4950227.0;18116.0;760
31168;201300034573;13;5;28;1345;1;2;1;2.0;6;351;108, R JULES LECESNE;M;4949306.0;12097.0;760
31169;201300034574;13;5;29;1805;1;1;1;1.0;2;305;AV MARCEL LE MIGNOT;M;4949587.0;25078.0;760
31170;201300034575;13;5;31;1450;1;1;1;1.0;6;351;BD DE LENINGRAD;M;4950054.0;18167.0;760
31171;201300034576;13;6;1;125;5;2;3;1.0;6;341;R DE LA GAITE;M;4950544.0;19435.0;760
31172;201300034577;13;6;3;1320;1;2;1;1.0;6;481;7, CH DES QUATRE FERMES;M;4954609.0;11122.0;760
31173;201300034578;13;6;5;1420;1;2;1;1.0;3;552;105, R D IGNAUVAL;M;4951484.0;7696.0;760
31174;201300034579;13;6;4;1735;1;2;1;1.0;2;351;R D APLEMONT;M;4950577.0;16988.0;760
31175;201300034580;13;6;7;1725;1;2;1;1.0;6;296;6, RTE DE ROGERVILLE;M;4951773.0;26405.0;760
31176;201300034581;13;6;9;1645;1;2;3;1.0;6;351;CHS JOHN KENNEDY;M;4948446.0;10355.0;760
31177;201300034582;13;6;10;750;1;1;1;1.0;3;305;RTE DE LA BREQUE;M;4949496.0;19723.0;760
31178;201300034583;13;6;11;915;1;2;1;1.0;6;351;143, R DE VERDUN;M;4950215.0;15849.0;760
31179;201300034584;13;6;11;1115;1;2;3;2.0;6;351;42, R FERNAND CHATEL;M;4951959.0;11001.0;760
31180;201300034585;13;6;12;845;1;2;6;1.0;2;447;AV PIERRE MENDES FRANCE;M;4953433.0;17900.0;760
31181;201300034588;13;6;21;1325;1;2;1;1.0;2;351;42, R AUGUSTE RISPAL;M;4949272.0;14121.0;760
31182;201300034589;13;6;21;1600;1;1;1;1.0;2;351;;M;4952447.0;17141.0;760
31183;201300034590;13;6;21;1815;1;2;3;1.0;3;351;CRS DE LA REPUBLIQUE;M;4950091.0;13057.0;760
31184;201300034591;13;6;22;1430;1;2;3;2.0;1;447;RTE DE LA PAYENNIERE;M;4955177.0;21072.0;760
31185;201300034592;13;6;23;2230;5;1;1;1.0;6;351;RD 6382;M;4952520.0;15943.0;760
31186;201300034593;13;6;27;1350;1;2;3;1.0;3;351;113, CRS DE LA REPUBLIQ;M;4949722.0;12780.0;760
31187;201300034594;13;7;2;2005;1;2;2;1.0;3;351;PL DE L HOTEL DE VILLE;M;4949458.0;10938.0;760
31188;201300034595;13;7;3;1615;1;2;2;1.0;6;351;PONT DENIS PAPIN;M;4949428.0;13824.0;760
31189;201300034596;13;7;3;1915;1;2;1;1.0;7;447;AV MARECHAL FOCH;M;4953258.0;18997.0;760
31190;201300034597;13;7;5;1445;1;2;1;1.0;1;351;6, R MARCEL CACHIN;M;4950756.0;18207.0;760
31191;201300034598;13;7;5;2200;1;2;3;1.0;2;351;29, AV DU GENERAL LECLER;M;4949461.0;10843.0;760
31192;201300034600;13;7;9;410;5;2;1;1.0;7;305;R PIERRE GLENISSON;M;4950511.0;23023.0;760
31193;201300034602;13;7;10;930;1;2;1;1.0;6;351;22, R DU VORNIER;M;4950870.0;12194.0;760
31194;201300034603;13;7;10;1630;1;2;2;1.0;3;351;59, BD FRANCOIS 1ER;M;4948720.0;10341.0;760
31195;201300034606;13;7;15;1645;1;1;1;1.0;2;447;RTE D OCTEVILLE;M;4954853.0;16019.0;760
31196;201300034607;13;7;16;910;1;2;2;1.0;3;351;R DES DRAPIERS;M;4948745.0;10942.0;760
31197;201300034608;13;7;17;1800;1;2;2;1.0;6;351;58, R JULES TELLIER;M;4949840.0;12683.0;760
31198;201300034609;13;7;19;1945;1;2;1;1.0;3;305;AV JACQUES  EBERHARD;M;4950827.0;23139.0;760
31199;201300034610;13;7;21;1830;1;2;3;1.0;3;552;5, R REINE ELISABETH;M;4950354.0;8665.0;760
31200;201300034611;13;7;26;2020;1;2;1;1.0;1;351;;M;4952791.0;12158.0;760
31201;201300034612;13;8;1;2000;1;2;1;1.0;3;351;17, QU DE SOUTHAMPTON;M;4948560.0;10845.0;760
31202;201300034613;13;8;2;1630;1;2;1;1.0;5;351;47, R DE LABOUTEILLERIE;M;4952104.0;16899.0;760
31203;201300034614;13;8;4;1740;1;2;1;1.0;3;351;113, CRS DE LA REPUBLIQ;M;4949731.0;12793.0;760
31204;201300034615;13;8;6;1235;1;2;1;1.0;7;351;AV AMIRAL DU CHILLOU;M;4947559.0;17571.0;760
31205;201300034617;13;8;8;900;1;2;2;1.0;6;351;27, R DES  IRIS;M;4950801.0;16331.0;760
31206;201300034618;13;8;10;2130;2;2;2;1.0;7;351;R ANDRE VIMBERT;M;4952133.0;16020.0;760
31207;201300034619;13;8;15;630;5;2;3;1.0;6;351;307, R ARISTIDE BRIAND;M;4950047.0;13841.0;760
31208;201300034620;13;8;21;1330;1;1;1;1.0;6;341;D6015;M;4951689.0;20696.0;760
31209;201300034621;13;8;22;1720;1;2;3;1.0;3;351;R PIERRE MENDES FRANCE;M;4950974.0;14204.0;760
31210;201300034622;13;8;22;2005;1;2;2;1.0;6;351;CRS COMMANDANT FRATACCI;M;4949088.0;12282.0;760
31211;201300034623;13;8;30;1700;1;2;3;1.0;1;351;1, R ANDRE VIMBERT;M;4952229.0;15729.0;760
31212;201300034624;13;8;31;1545;1;2;2;1.0;3;351;1, R DES IRIS;M;4950793.0;15889.0;760
31213;201300034625;13;9;2;1210;1;2;1;1.0;6;447;2, R DES CASTORS;M;4953222.0;18076.0;760
31214;201300034626;13;9;2;1310;1;2;3;1.0;3;351;95, R LOUIS BLANC;M;4950781.0;13324.0;760
31215;201300034627;13;9;3;435;5;2;1;1.0;7;351;287, R ARISTIDE BRIAND;M;4950039.0;13686.0;760
31216;201300034628;13;9;4;1835;1;2;2;1.0;3;351;62, AV PAUL VERLAINE;M;4950932.0;15890.0;760
31217;201300034629;13;9;5;1410;1;1;1;1.0;2;341;;M;4951370.0;19426.0;760
31218;201300034630;13;9;5;1630;1;2;3;1.0;3;351;CRS DE LA REPUBLIQUE;M;4950115.0;13054.0;760
31219;201300034631;13;9;6;1650;1;2;2;1.0;3;351;162, R JULES GUESDE;M;4950599.0;11501.0;760
31220;201300034632;13;9;6;2130;5;2;1;1.0;7;351;TUNNEL  JENNER;M;4950309.0;13220.0;760
31221;201300034635;13;9;9;710;2;2;3;1.0;3;351;107, QU DE SOUTHAMPTON;M;4948652.0;11153.0;760
31222;201300034636;13;9;11;1425;1;2;1;1.0;6;351;CRS  LAFAYETTE;M;4949171.0;12543.0;760
31223;201300034637;13;9;13;1620;1;1;1;1.0;3;305;RTE DE LA BREQUE;M;4948995.0;19622.0;760
31224;201300034638;13;9;14;1350;1;2;3;1.0;7;351;28, BD CLEMENCEAU;M;4948967.0;9773.0;760
31225;201300034639;13;9;20;1710;1;2;2;1.0;6;351;9, R PIERRE LOTI;M;4950490.0;14837.0;760
31226;201300034640;13;9;22;220;5;2;1;1.0;2;351;94, R GEORGES LAFAURIE;M;4950095.0;11289.0;760
31227;201300034641;13;9;23;1705;1;2;1;1.0;6;351;119, AV RENE COTY;M;4949839.0;11735.0;760
31228;201300034642;13;9;23;1850;1;2;2;1.0;3;351;127, R DEMIDOFF;M;4949771.0;13743.0;760
31229;201300034643;13;9;24;1020;1;2;1;1.0;7;552;BD PRESIDENT FELIX FAURE;M;4950095.0;7919.0;760
31230;201300034644;13;9;29;1755;1;1;6;1.0;7;351;490, BD JULES DURAND;M;4949780.0;18420.0;760