;Num_Acc;an;mois;jour;hrmn;lum;agg;int;atm;col;com;adr;gps;lat;long;dep
31231;201300034645;13;10;2;1750;1;2;2;1.0;3;351;76, R DE SAINT QUENTIN;M;4951254.0;11705.0;760
31232;201300034646;13;10;5;2005;5;2;2;1.0;3;447;2, R MEDERIC DESCHAMPS;M;4954562.0;18823.0;760
31233;201300034647;13;10;10;845;1;2;4;1.0;6;351;CRS LAFAYETTE;M;4949171.0;12567.0;760
31234;201300034648;13;10;11;645;2;1;1;3.0;6;341;RD 6382;M;4952409.0;18258.0;760
31235;201300034649;13;10;11;1805;1;2;3;2.0;6;351;R JEAN ZAY;M;4950274.0;10485.0;760
31236;201300034650;13;10;17;2330;5;2;1;1.0;7;351;28, AV RENE COTY;M;4949609.0;11007.0;760
31237;201300034651;13;10;18;1645;1;2;1;1.0;6;351;456, R DE VERDUN;M;4950230.0;18086.0;760
31238;201300034652;13;10;18;2010;5;2;1;1.0;6;351;139, AV DUHUIT MAI 1945;M;4951470.0;17433.0;760
31239;201300034653;13;10;20;1945;5;2;1;1.0;6;351;78, R JOSEPH MADEC;M;4950754.0;13925.0;760
31240;201300034655;13;10;24;1730;1;2;2;1.0;3;305;R DE LA  VERRERIE;M;4950192.0;20567.0;760
31241;201300034656;13;10;25;240;5;2;1;1.0;7;351;BD DE LENINGRAD;M;4950002.0;17172.0;760
31242;201300034657;13;10;25;735;2;1;1;1.0;3;341;RD 6015;M;4950783.0;19599.0;760
31243;201300034658;13;10;25;1605;1;2;1;1.0;6;305;R PABLO PICASSO;M;4950515.0;20461.0;760
31244;201300034659;13;10;26;1530;1;1;1;1.0;7;447;CH DE LA  PIERRE GRISE;M;4953105.0;20565.0;760
31245;201300034660;13;10;26;1700;1;2;2;1.0;3;351;BD FRANCOIS 1ER;M;4949354.0;9772.0;760
31246;201300034661;13;10;30;1420;1;2;2;1.0;3;351;R LUDOVIC HALEVY;M;4950779.0;15235.0;760
31247;201300034662;13;10;31;825;1;2;1;1.0;6;351;128, R LOUIS BLANC;M;4950868.0;13500.0;760
31248;201300034663;13;11;1;2320;5;2;2;2.0;6;351;R  TOURVILLE;M;4949828.0;12298.0;760
31249;201300034665;13;11;5;2205;5;2;6;2.0;3;351;428, BD JULES DURAND;M;4949595.0;17883.0;760
31250;201300034666;13;11;5;1445;1;1;1;6.0;6;351;AV AMIRAL DU CHILLOU;M;4946868.0;18063.0;760
31251;201300034668;13;11;6;1350;1;1;4;2.0;7;341;;M;4949855.0;19808.0;760
31252;201300034669;13;11;7;1215;1;2;1;2.0;6;305;AV DU CAMP DOLENT;M;4950792.0;22423.0;760
31253;201300034671;13;11;8;2330;5;2;1;2.0;6;351;121, CRS DE LA REPUBLIQ;M;4949789.0;12819.0;760
31254;201300034672;13;11;12;1350;1;2;4;2.0;3;351;77, R GEORGES LAFAURIE;M;4949874.0;10698.0;760
31255;201300034673;13;11;12;1400;1;1;4;2.0;7;341;;M;4949859.0;19825.0;760
31256;201300034674;13;11;16;1500;1;2;2;1.0;6;351;28, R DE CALIGNY;M;4949259.0;10076.0;760
31257;201300034675;13;11;19;1000;1;2;3;1.0;6;351;239, BD DE GRAVILLE;M;4949408.0;14773.0;760
31258;201300034676;13;11;19;815;1;1;1;1.0;2;305;RTE DE LA CHIMIE;M;4948328.0;22382.0;760
31259;201300034677;13;11;20;1755;5;1;1;3.0;2;351;RD 6382;M;4952463.0;18162.0;760
31260;201300034678;13;11;21;1855;5;2;2;1.0;6;351;164, CRS DE LA REPUBLIQ;M;4949955.0;12960.0;760
31261;201300034679;13;11;22;830;2;2;2;1.0;6;351;0, GEORGES BRAQUE (RUE);M;4949521.0;10388.0;760
31262;201300034680;13;11;22;1500;1;2;3;1.0;6;351;2 bis, R DE CONTI;M;4950129.0;14826.0;760
31263;201300034681;13;11;22;1745;5;1;3;2.0;3;341;;M;4951380.0;19323.0;760
31264;201300034682;13;11;25;800;3;2;1;1.0;6;305;R JACQUES BREL;M;4952090.0;22609.0;760
31265;201300034683;13;11;25;1830;5;2;2;2.0;6;270;31, AV JEAN JAURES;M;4953552.0;14648.0;760
31266;201300034684;13;11;26;805;2;1;1;1.0;4;351;;M;4952438.0;17164.0;760
31267;201300034685;13;11;26;1400;1;2;2;1.0;6;351;173, BD AMIRAL MOUCHEZ;M;4948738.0;14562.0;760
31268;201300034686;13;11;26;1810;3;2;3;1.0;3;305;RTE DU PONT VIII;M;4949726.0;21120.0;760
31269;201300034688;13;12;1;1410;1;2;4;1.0;6;552;6, R DU ROI ALBERT;M;4950264.0;8553.0;760
31270;201300034689;13;12;3;1830;5;2;1;1.0;6;351;203, R DEMIDOFF;M;4949819.0;14538.0;760
31271;201300034690;13;12;5;1135;1;2;3;1.0;6;341;RTE D OUDALLE;M;4950474.0;20025.0;760
31272;201300034691;13;12;7;15;5;1;4;2.0;6;351;BD DE LENINGRAD;M;4950264.0;19415.0;760
31273;201300034692;13;12;10;1230;1;2;2;1.0;6;351;R CASIMIR PERIER;M;4949399.0;11170.0;760
31274;201300034693;13;12;12;1445;1;2;2;1.0;3;351;R DE LA CONCORDE;M;4950658.0;15894.0;760
31275;201300034695;13;12;13;800;2;2;1;1.0;6;351;10,R IRENE JOLIOT CURIE;M;4950610.0;10052.0;760
31276;201300034696;13;12;13;1252;1;1;4;2.0;2;341;;M;4950794.0;19643.0;760
31277;201300034697;13;12;13;1605;1;2;2;1.0;3;351;185, R ROMAIN ROLLAND;M;4950599.0;11499.0;760
31278;201300034698;13;12;19;1500;1;2;3;1.0;6;351;189, R DE VERDUN;M;4950235.0;16251.0;760
31279;201300034699;13;12;20;1500;1;2;1;1.0;1;305;RTE DE GOURNAY;M;4951916.0;22383.0;760
31280;201300034700;13;12;21;515;5;1;1;1.0;6;305;D6015;M;4951278.0;22466.0;760
31281;201300034701;13;12;24;850;1;2;2;3.0;3;351;43, R BEAULIEU;M;4951117.0;11038.0;760
31282;201300034702;13;12;24;1830;5;2;3;1.0;3;447;n?ant, SAINTE CROIX (COU;M;4954335.0;19249.0;760
31283;201300034704;13;12;27;1130;1;2;9;3.0;6;351;PL DU CHILLOU;M;4949162.0;11062.0;760
31284;201300034705;13;12;30;1020;1;2;1;1.0;6;351;1, CRS LAFAYETTE;M;4949183.0;12513.0;760
31285;201300034706;13;12;31;1120;1;2;1;1.0;6;351;32, R IRENE JOLIOT CURIE;M;4950702.0;9998.0;760
31286;201300034708;13;12;26;918;1;2;3;1.0;2;540;AV JEAN RONDEAUX;M;4943578.0;107725.0;760
31287;201300034709;13;12;2;1555;1;1;1;1.0;3;322;01, VOIE RAPIDE SUD 3 (R;M;4940032.0;103238.0;760
31288;201300034710;13;12;9;1620;1;2;1;1.0;6;216;87, RTE DE DIEPPE;M;4946181.0;105389.0;760
31289;201300034711;13;12;10;1500;1;2;2;1.0;6;540;BD FERDINAND DE LESSEPS;M;4944513.0;106420.0;760
31290;201300034712;13;12;13;825;2;2;1;1.0;6;498;AV JACQUES PREVERT;M;4942928.0;106215.0;760
31291;201300034713;13;12;19;1900;5;2;1;1.0;6;540;AV CHAMPLAIN;M;4943392.0;109180.0;760
31292;201300034714;13;12;20;810;2;2;4;2.0;6;540;R HENRI RIVIERE;M;4943622.0;111214.0;760
31293;201300034715;13;12;17;1705;1;2;3;1.0;3;540;12, R BRISOUT DE BARNE;M;4943426.0;108143.0;760
31294;201300034716;13;12;13;845;1;2;4;3.0;6;540;52, RTE DE BONSECOURS;M;4943286.0;110808.0;760
31295;201300034717;13;1;7;945;1;2;2;8.0;1;319;R DE L A COMMUNE DE PARI;M;4934738.0;99386.0;760
31296;201300034718;13;12;15;2040;5;2;4;1.0;6;540;R DU VAL D EAUPLET;M;4943285.0;110777.0;760
31297;201300034719;13;12;24;1300;1;2;1;9.0;5;540;AV DE LA GRAND MARE;M;4944327.0;113041.0;760
31298;201300034721;13;1;15;1405;1;2;3;1.0;3;540;RTE DU HAVRE;M;4945042.0;105922.0;760
31299;201300034722;13;1;2;1820;5;2;2;1.0;3;319;01, MATHILDE. AVENUE DE;M;4935599.0;100912.0;760
31300;201300034723;13;1;9;505;5;2;1;1.0;6;540;84, RTE DE BONSECOURS;M;4943422.0;110669.0;760
31301;201300034724;13;1;9;2010;5;2;2;1.0;6;540;QU JEAN MOULIN;M;4943583.0;109056.0;760
31302;201300034725;13;1;15;1520;1;2;6;1.0;6;322;BD DE VERDUN;M;4941429.0;104468.0;760
31303;201300034726;13;1;16;2120;3;1;1;1.0;1;410;D 1043;M;4947346.0;102582.0;760
31304;201300034727;13;1;17;1345;1;2;1;1.0;3;540;QU D ELBEUF;M;4943122.0;109831.0;760
31305;201300034729;13;1;23;725;5;2;1;5.0;6;319;AV DES POIRIERS;M;4933966.0;102297.0;760
31306;201300034730;13;2;2;200;5;2;1;2.0;6;498;Voie rapide SUD III;M;4943299.0;106089.0;760
31307;201300034731;13;1;17;1545;1;2;2;1.0;6;540;25, R DE LA REPUBLIQUE;M;4943907.0;109690.0;760
31308;201300034732;13;1;25;1820;5;2;1;1.0;4;497;671, R ARISTIDE BRIAND;M;4939265.0;102343.0;760
31309;201300034733;13;1;26;615;5;2;1;1.0;6;540;140, RTE DE NEUFCHATEL;M;4945450.0;110561.0;760
31310;201300034735;13;1;30;1215;1;2;1;9.0;3;540;21, R MALOUET;M;4943149.0;108989.0;760
31311;201300034736;13;2;1;350;5;1;6;9.0;7;484;CD18 E;M;4934612.0;107713.0;760
31312;201300034738;13;2;9;1750;1;2;1;9.0;6;157;2,AV DU PRESIDENT  ALLEN;M;4945074.0;103464.0;760
31313;201300034739;13;1;25;750;1;2;5;1.0;3;681;R DES  ABEILLES;M;4940632.0;109014.0;760
31314;201300034740;13;1;17;1800;5;2;3;1.0;6;157;BD CLAUDE MONET;M;4945218.0;103429.0;760
31315;201300034741;13;1;28;600;5;2;1;2.0;3;410;19, R DE LA REPUBLIQUE;M;4947809.0;104281.0;760
31316;201300034742;13;1;22;1227;1;1;2;2.0;3;575;BD LENINE;M;4938122.0;110992.0;760
31317;201300034743;13;2;10;1900;5;2;5;2.0;6;540;AV DE LA  LIBERATION;M;4942831.0;107067.0;760
31318;201300034744;13;2;1;1450;1;2;2;1.0;7;540;40, R DU GRAND PONT;M;4943939.0;109271.0;760
31319;201300034745;13;2;6;1530;1;2;1;1.0;2;429;RTE DE  DARNETAL;M;4941356.0;115198.0;760
31320;201300034746;13;2;12;1240;1;2;3;1.0;6;575;R ERNEST RENAN;M;4939851.0;106977.0;760
31321;201300034748;13;2;20;1545;1;2;2;1.0;3;540;R DE LA CROIX D YONVIL;M;4945086.0;106631.0;760
31322;201300034749;13;1;16;1250;1;2;6;1.0;3;451;R DU TRONQUET;M;4946916.0;107691.0;760
31323;201300034750;13;2;20;1140;1;1;1;1.0;3;540;RN 28;M;4943725.0;111056.0;760
31324;201300034751;13;2;28;2030;5;2;1;9.0;6;540;104, BD DES BELGES;M;4944519.0;108607.0;760
31325;201300034752;13;2;22;1110;1;2;1;1.0;6;540;118, R MARTAINVILLE;M;4943926.0;110117.0;760
31326;201300034755;13;2;28;1130;1;1;1;9.0;6;319;;M;4935309.0;102803.0;760
31327;201300034756;13;2;28;1830;2;2;1;1.0;3;319;AV DU GENERAL  LECLERC.;M;4936652.0;101433.0;760
31328;201300034757;13;3;16;640;5;2;1;1.0;2;540;268, BD JEAN JAURES;M;4945175.0;106001.0;760
31329;201300034758;13;3;7;740;1;2;3;1.0;3;681;BD INDUSTRIEL;M;4942286.0;110629.0;760
31330;201300034759;13;3;16;2010;5;2;1;2.0;3;575;69, AV AMBROISE CROIZAT;M;4936972.0;110574.0;760
31331;201300034760;13;3;31;1815;1;2;2;1.0;3;540;117, RTE DU HAVRE;M;4945278.0;105659.0;760
31332;201300034761;13;3;29;1545;1;2;3;1.0;3;484;AV DU GENERAL DE GAULLE;M;4935282.0;109754.0;760
31333;201300034762;13;4;3;1420;1;2;2;1.0;2;540;117, RTE DU HAVRE;M;4945277.0;105664.0;760
31334;201300034764;13;4;5;1320;1;2;2;2.0;6;540;AV JEAN RONDEAUX;M;4943879.0;108013.0;760
31335;201300034765;13;4;4;1225;1;2;3;1.0;3;540;AV JACQUES CHASTELLAIN;M;4943443.0;109890.0;760
31336;201300034766;13;4;2;1255;1;2;2;1.0;3;322;R GAY LUSSAC;M;4941740.0;104695.0;760
31337;201300034767;13;4;8;1140;1;2;1;1.0;6;681;67, R RASPAIL;M;4941550.0;109400.0;760
31338;201300034769;13;2;8;730;2;2;1;2.0;3;540;2, BD DE LA MARNE;M;4944735.0;109468.0;760
31339;201300034770;13;4;15;1840;1;2;2;1.0;5;681;GR DE QUATRE-MARES;M;4940490.0;110312.0;760
31340;201300034772;13;4;13;550;5;2;1;1.0;6;540;QU DE LA  BOURSE;M;4943818.0;109135.0;760
31341;201300034773;13;4;15;1350;1;2;1;1.0;2;540;110, R JEANNE D'ARC;M;4944777.0;109392.0;760
31342;201300034774;13;4;16;1155;1;2;3;1.0;3;540;79, RTE DE DARNETAL;M;4944000.0;112993.0;760
31343;201300034775;13;4;3;35;5;2;4;1.0;3;540;01, BONSECOURS. ROUTE DE;M;4943316.0;110764.0;760
31344;201300034776;13;4;17;1730;1;2;2;1.0;3;410;47, RTE DE DIEPPE;M;4947547.0;104820.0;760
31345;201300034777;13;2;8;1135;1;2;3;2.0;6;540;17, R FRANCOIS COUPERIN;M;4944792.0;113873.0;760
31346;201300034778;13;4;19;1640;1;2;2;1.0;6;540;R DU GENERAL GIRAUD;M;4944029.0;108936.0;760
31347;201300034779;13;4;28;640;2;2;2;1.0;2;540;AV ARISTIDE BRIAND;M;4943469.0;110572.0;760
31348;201300034780;13;3;7;1840;1;2;2;2.0;3;575;R ROMAIN ROLLAND;M;4939745.0;106457.0;760
31349;201300034781;13;4;29;1235;1;2;2;1.0;3;681;441, R DE PARIS;M;4941287.0;109856.0;760
31350;201300034782;13;5;3;145;5;2;2;1.0;6;540;R GRAND PONT;M;4943882.0;109228.0;760
31351;201300034783;13;4;18;1700;1;2;1;1.0;6;540;R JEAN TEXIER;M;4946144.0;113118.0;760
31352;201300034784;13;4;30;1640;1;2;1;1.0;6;157;30, AV DU PRESIDENT  ALL;M;4944955.0;103521.0;760
31353;201300034785;13;5;3;1530;1;2;1;9.0;6;599;;M;4942883.0;115524.0;760
31354;201300034786;13;5;8;150;5;2;3;1.0;3;540;QU DE PARIS;M;4943653.0;109989.0;760
31355;201300034787;13;5;2;1940;1;2;1;1.0;6;540;13, R HENRY II PLANTAGEN;M;4942431.0;109752.0;760
31356;201300034788;13;5;7;2050;1;2;3;1.0;3;402;21, RTE DE MONTVILLE;M;4952838.0;104766.0;760
31357;201300034789;13;5;12;1945;1;2;2;2.0;7;540;RTE DE LYONS LA FORET;M;4943653.0;113385.0;760
31358;201300034790;13;5;15;1810;1;1;2;1.0;4;575;BD LENINE;M;4936842.0;111216.0;760
31359;201300034791;13;4;13;1805;1;2;1;1.0;6;319;R VICTOR HUGO;M;4935544.0;100807.0;760
31360;201300034793;13;5;15;1755;1;2;1;1.0;3;540;QU DE PARIS;M;4943672.0;109824.0;760
31361;201300034794;13;5;17;1650;1;2;1;1.0;6;540;9, R D ERNEMONT;M;4944946.0;110138.0;760
31362;201300034795;13;5;22;900;1;2;2;1.0;7;540;R DES ARSINS;M;4944272.0;109667.0;760
31363;201300034796;13;4;21;1520;1;2;3;1.0;6;681;15, R PIERRE CORNEILLE;M;4942290.0;109050.0;760
31364;201300034797;13;4;11;1240;1;2;1;1.0;6;451;R ROBERT  LEHMANN;M;4946979.0;107919.0;760
31365;201300034798;13;5;25;608;1;2;2;2.0;3;540;QU DE PARIS;M;4943712.0;109609.0;760
31366;201300034799;13;5;26;2030;1;2;1;1.0;3;474;38, R FREDERIC CHOPIN;M;4947794.0;105889.0;760
31367;201300034800;13;5;17;1240;1;2;1;1.0;6;540;22, R SAINT GERVAIS;M;4944686.0;108546.0;760
31368;201300034801;13;5;30;1825;1;2;1;1.0;6;575;AV DE LA MARE AUX DAIMS;M;4938697.0;107103.0;760
31369;201300034802;13;6;3;1930;1;2;1;1.0;4;540;17, R JEANNE D ARC;M;4944113.0;109005.0;760
31370;201300034804;13;6;2;225;5;2;2;1.0;6;540;R BOUVREUIL;M;4944712.0;109518.0;760
31371;201300034806;13;6;5;2010;1;2;3;1.0;6;681;BD INDUSTRIEL;M;4941508.0;110711.0;760
31372;201300034807;13;6;1;1537;1;2;3;1.0;2;212;BD DE LA  PAIX.;M;4943763.0;114387.0;760
31373;201300034808;13;6;1;1600;1;2;3;1.0;2;540;136, AV DES CANADIENS;M;4941786.0;107680.0;760
31374;201300034809;13;6;5;1410;1;2;2;1.0;4;322;BD PIERRE BROSSOLETTE;M;4941661.0;103767.0;760
31375;201300034810;13;6;7;1305;1;1;1;1.0;4;540;RTE DE LYONS LA FORET;M;4943610.0;113529.0;760
31376;201300034811;13;6;8;1430;1;2;1;1.0;6;575;CH DU  PETIT BOIS;M;4938022.0;109839.0;760
31377;201300034813;13;6;10;115;5;2;2;1.0;3;681;1, GAULLE. PLACE CHARLES;M;4941103.0;109314.0;760
31378;201300034814;13;4;28;1550;1;2;2;1.0;3;540;01, GAMBETTA. BOULEVARD;M;4943955.0;111063.0;760
31379;201300034815;13;4;7;900;1;2;1;1.0;6;451;4, AV GALLIENI;M;4945337.0;108837.0;760
31380;201300034816;13;6;8;2140;2;2;4;1.0;3;540;BD JEAN DE BETHENCOURT;M;4943952.0;107628.0;760
31381;201300034817;13;6;14;1420;1;1;1;1.0;6;474;R DE L ABBAYE;M;4949878.0;104095.0;760
31382;201300034818;13;6;15;200;3;1;1;1.0;2;157;;M;4946365.0;103978.0;760
31383;201300034819;13;6;16;1615;1;1;1;1.0;3;497;;M;4939390.0;103621.0;760
31384;201300034820;13;6;16;2100;1;2;1;1.0;6;498;15, R CLAUDINE GUERIN;M;4942743.0;106378.0;760
31385;201300034821;13;6;18;845;1;2;2;2.0;3;319;BD DU GRAND AULNAY;M;4934519.0;97900.0;760
31386;201300034822;13;6;12;1535;1;2;2;1.0;3;540;QU JEAN  MOULIN;M;4943503.0;109340.0;760
31387;201300034823;13;6;6;1715;1;2;1;1.0;3;575;20, AV DE FELLING.;M;4939493.0;106446.0;760
31388;201300034826;13;6;7;1650;1;1;1;1.0;2;410;;M;4946920.0;103520.0;760
31389;201300034827;13;6;20;1715;1;1;1;1.0;2;540;RN 28;M;4943881.0;111579.0;760
31390;201300034828;13;6;24;1520;1;1;2;1.0;3;498;83 B, BD DU 11 NOVEMBRE;M;4941666.0;107043.0;760
31391;201300034829;13;6;25;2030;1;2;2;1.0;3;540;55, AV GUSTAVE FLAUBERT;M;4944491.0;108363.0;760
31392;201300034830;13;6;23;1700;1;2;1;1.0;6;216;47, R RENE COTY;M;4946994.0;105363.0;760
31393;201300034832;13;6;29;2315;5;2;1;1.0;6;540;106, R LA FAYETTE;M;4943150.0;108755.0;760
31394;201300034833;13;7;2;1510;1;2;1;1.0;6;540;104, BD D ORLEANS;M;4943670.0;108023.0;760
31395;201300034834;13;6;1;2045;1;2;2;1.0;3;575;01, CARNOT. RUE LAZARE;M;4937964.0;110767.0;760
31396;201300034835;13;6;14;1905;1;2;1;1.0;3;322;17, AV FRANKLIN ROOSEVEL;M;4939891.0;105792.0;760
31397;201300034836;13;5;31;1305;1;2;3;1.0;3;216;R JEAN RICHARD;M;4946648.0;104623.0;760
31398;201300034837;13;5;13;740;2;2;3;9.0;3;319;39, AV JEAN JAURES;M;4935341.0;100208.0;760
31399;201300034838;13;7;4;1800;1;2;1;1.0;5;540;PONT GUSTAVE FLAUBERT;M;4944355.0;106393.0;760
31400;201300034839;13;7;5;1000;1;1;4;1.0;3;410;D86;M;4947307.0;102880.0;760
31401;201300034840;13;7;9;1020;1;2;2;1.0;6;216;55, R LAVEISSIERE;M;4946905.0;104440.0;760
31402;201300034841;13;5;2;1750;1;2;1;1.0;6;540;81, PL JEAN BAPTISTE DE;M;4944840.0;108359.0;760
31403;201300034842;13;5;9;1400;1;2;2;1.0;2;540;R DU MAIL;M;4943120.0;108935.0;760
31404;201300034843;13;7;13;1645;1;2;3;1.0;3;322;AV DES  PROVINCES;M;4941149.0;105290.0;760
31405;201300034844;13;7;16;1450;1;2;2;1.0;3;451;R DU TRONQUET;M;4947101.0;107645.0;760
31406;201300034845;13;7;18;1755;1;2;2;1.0;3;540;15, BD DE LA  MARNE;M;4944704.0;109258.0;760
31407;201300034846;13;7;20;2140;1;2;1;1.0;3;540;13, R HENRY II PLANTAGEN;M;4942429.0;109755.0;760
31408;201300034847;13;7;5;1645;1;2;1;1.0;4;540;35, RTE DE NEUFCHATEL;M;4945087.0;109860.0;760
31409;201300034848;13;7;9;2340;3;1;3;1.0;7;157;;M;4944475.0;104174.0;760
31410;201300034849;13;7;6;620;5;2;1;1.0;7;540;53, QU DU  HAVRE;M;4943978.0;108515.0;760
31411;201300034850;13;7;9;2250;4;2;3;1.0;3;681;22, AV DES CANADIENS;M;4941438.0;107431.0;760
31412;201300034853;13;7;24;1908;1;2;1;1.0;2;498;RN 338;M;4943448.0;106865.0;760
31413;201300034854;13;6;13;915;1;2;1;1.0;6;451;BD ANDRE SIEGFRIED;M;4945701.0;106586.0;760
31414;201300034855;13;6;23;615;1;2;1;2.0;7;540;R NANSEN;M;4945011.0;105841.0;760
31415;201300034856;13;8;2;710;1;2;2;1.0;3;212;R LOUIS PASTEUR;M;4944239.0;114700.0;760
31416;201300034857;13;8;3;1605;1;1;1;1.0;2;322;;M;4940925.0;103874.0;760
31417;201300034858;13;8;2;1345;1;2;2;1.0;1;575;BD LENINE;M;4938118.0;110995.0;760
31418;201300034859;13;8;10;1710;1;2;3;1.0;1;575;R DES CATELIERS;M;4939009.0;107411.0;760
31419;201300034860;13;8;10;1420;1;2;1;1.0;5;108;1763, RTE DE NEUFCHATEL;M;4945866.0;110864.0;760
31420;201300034861;13;6;14;130;5;1;1;1.0;6;540;;M;4943806.0;112899.0;760
31421;201300034862;13;8;22;200;5;2;1;1.0;7;540;21, QU DE FRANCE;M;4943895.0;106155.0;760
31422;201300034863;13;6;3;820;1;2;1;1.0;3;474;342, RTE DE DIEPPE;M;4949666.0;104854.0;760
31423;201300034864;13;8;12;1250;1;2;1;1.0;7;402;04, RTE DE MONTVILLE;M;4952731.0;104362.0;760
31424;201300034865;13;8;14;1820;1;2;2;1.0;4;498;BD CHARLES DE  GAULLE;M;4941946.0;106027.0;760
31425;201300034866;13;8;23;1850;1;2;1;1.0;3;540;52, R GALILEE;M;4945743.0;113868.0;760
31426;201300034867;13;7;26;1940;1;2;1;1.0;1;681;16, R DES TISSERANDS;M;4940960.0;109538.0;760
31427;201300034868;13;9;3;1807;1;2;1;1.0;6;540;33, R GIUSEPPE VERDI;M;4944994.0;113767.0;760
31428;201300034869;13;8;17;1930;1;1;1;1.0;6;540;RN 28;M;4945916.0;114369.0;760
31429;201300034870;13;8;23;1948;1;2;2;1.0;3;540;R DE LA CROIX D'YONVILLE;M;4945086.0;106635.0;760
31430;201300034871;13;8;30;1030;1;2;2;1.0;3;540;16, R DU CONTRAT SOCIAL;M;4944423.0;108302.0;760
31431;201300034872;13;8;31;1840;1;2;1;1.0;6;212;90, RTE DE GOURNAY;M;4944264.0;116252.0;760
31432;201300034873;13;9;6;1145;1;1;1;1.0;3;540;A 150;M;4945303.0;105443.0;760
31433;201300034874;13;9;10;1830;1;2;3;1.0;6;681;369, R VICTOR HUGO;M;4940859.0;109794.0;760
31434;201300034875;13;8;7;2110;1;2;2;1.0;6;322;78,R ALFRED DE  MUSSET;M;4940783.0;106079.0;760
31435;201300034876;13;9;11;1735;1;2;1;1.0;3;575;R DU VELAY;M;4937190.0;109796.0;760
31436;201300034877;13;9;13;400;5;2;1;1.0;6;540;PONT PIERRE  CORNEILLE;M;4943611.0;109575.0;760
31437;201300034878;13;9;13;1725;1;2;1;1.0;3;540;30, CRS CLEMENCEAU;M;4943473.0;108818.0;760
31438;201300034879;13;8;13;1320;1;2;2;1.0;3;681;R LEON SALVA;M;4941065.0;107886.0;760
31439;201300034880;13;8;30;1410;1;2;4;1.0;3;540;RN 28;M;4943723.0;111039.0;760
31440;201300034881;13;9;13;1100;1;2;2;2.0;6;540;53, AV DE BRETAGNE;M;4943321.0;108529.0;760
31441;201300034882;13;9;17;1645;1;2;2;2.0;3;498;PL DES  CHARTREUX;M;4942389.0;106730.0;760
31442;201300034885;13;8;31;1935;1;2;1;1.0;1;410;2, AV DU VAL AUX DAMES;M;4947343.0;103491.0;760
31443;201300034886;13;9;29;140;3;1;1;1.0;5;157;;M;4946088.0;104242.0;760
31444;201300034887;13;9;30;730;2;2;3;2.0;3;108;2555, RTE DE  NEUFCHATEL;M;4946459.0;111451.0;760
31445;201300034888;13;9;25;1530;1;2;1;1.0;3;540;50, CAVELIER DE LA SALLE;M;4943781.0;108381.0;760
31446;201300034889;13;10;3;910;1;2;3;1.0;3;497;BD MARITIME;M;4938387.0;101585.0;760
31447;201300034890;13;10;6;1400;1;1;1;1.0;6;484;;M;4935804.0;103553.0;760
31448;201300034891;13;10;4;1600;1;2;2;1.0;5;322;BD PIERRE BROSSOLETTE;M;4941865.0;103157.0;760
31449;201300034892;13;10;5;1700;1;2;1;1.0;6;474;1169, R DESLONGS VALLONS;M;4948586.0;106172.0;760
31450;201300034893;13;10;4;1200;1;2;1;9.0;3;540;106, R LA FAYETTE;M;4943150.0;108754.0;760
31451;201300034894;13;10;9;1930;5;2;3;1.0;7;540;57, R  D AMIENS;M;4944068.0;110097.0;760
31452;201300034895;13;10;14;2130;5;2;1;2.0;6;540;AV DE  BRETAGNE;M;4943102.0;108043.0;760
31453;201300034896;13;10;14;1700;1;2;2;2.0;6;540;56, R DE LA REPUBLIQUE;M;4944009.0;109737.0;760
31454;201300034897;13;10;5;1300;1;2;1;1.0;3;540;QU JACQUES ANQUETIL;M;4943337.0;109546.0;760
31455;201300034898;13;10;16;800;1;2;2;2.0;3;497;356, R PIERRE CORNEILLE;M;4939071.0;102169.0;760
31456;201300034900;13;10;19;1140;1;1;1;2.0;3;484;;M;4934330.0;106905.0;760
31457;201300034901;13;10;18;1945;5;2;2;2.0;3;319;108, R PASTEUR;M;4935900.0;100722.0;760
31458;201300034902;13;10;21;1240;1;2;1;1.0;3;498;BD STANISLAS GIRARDIN;M;4941458.0;106223.0;760
31459;201300034903;13;10;24;945;1;2;1;1.0;3;319;56, AV DU GENERALLECLERC;M;4936234.0;101262.0;760
31460;201300034904;13;11;1;115;3;2;1;1.0;1;540;;M;4943783.0;111333.0;760
31461;201300034906;13;10;29;845;1;2;1;1.0;6;410;96, R DES MARTYRS DE LA;M;4948245.0;104434.0;760
31462;201300034907;13;11;12;1525;1;1;3;2.0;3;157;COTE DE CANTELEU;M;4944438.0;104095.0;760