;Num_Acc;an;mois;jour;hrmn;lum;agg;int;atm;col;com;adr;gps;lat;long;dep
31463;201300034908;13;10;15;740;3;2;3;9.0;1;498;R ROUGET DE LISLE;M;4942486.0;104954.0;760
31464;201300034909;13;11;7;1850;5;2;1;2.0;3;540;43D, BD DE VERDUN;M;4944534.0;110934.0;760
31465;201300034910;13;11;8;1815;5;2;5;2.0;5;540;129, BD DE L YSER;M;4944838.0;109946.0;760
31466;201300034911;13;11;7;2055;5;2;1;2.0;2;540;QU JEAN DE BETHENCOURT;M;4943949.0;107861.0;760
31467;201300034912;13;11;8;1430;1;2;1;2.0;2;575;AV DU VAL L ABBE;M;4938250.0;110007.0;760
31468;201300034913;13;11;6;1300;1;2;1;1.0;6;540;45 Bis, R JEANNE D'ARC;M;4944319.0;109124.0;760
31469;201300034915;13;11;17;615;5;2;1;1.0;6;540;169, BD DE L EUROPE;M;4943292.0;107845.0;760
31470;201300034916;13;11;15;2000;5;2;1;1.0;1;474;11, RTE D HOUPPEVILLE;M;4949075.0;105112.0;760
31471;201300034917;13;10;15;2022;5;2;1;2.0;6;451;CENTRE CIAL VATINE;M;4947119.0;109488.0;760
31472;201300034918;13;10;31;2120;5;2;1;1.0;3;402;125, RTE DE DIEPPE;M;4952202.0;103991.0;760
31473;201300034919;13;11;20;1730;5;2;2;3.0;6;681;AV DE LA LIBERATION;M;4941392.0;108429.0;760
31474;201300034920;13;11;19;1210;1;2;4;1.0;3;108;1171, RTE DE NEUFCHATEL;M;4945399.0;110496.0;760
31475;201300034922;13;11;18;1850;5;2;3;1.0;3;681;07bis, AV DES CANADIENS;M;4941863.0;107741.0;760
31476;201300034923;13;11;25;2130;5;2;2;2.0;3;498;;M;4943300.0;106030.0;760
31477;201300034924;13;11;7;1740;5;2;1;2.0;6;540;24, BD D ORLEANS;M;4943573.0;108514.0;760
31478;201300034925;13;11;16;1630;1;2;1;1.0;2;212;75, R DE PREAUX;M;4945333.0;115859.0;760
31479;201300034926;13;11;25;1740;5;2;3;2.0;6;319;1, AV DE LA REINE MATHIL;M;4935695.0;100797.0;760
31480;201300034927;13;11;22;850;1;2;2;1.0;3;540;53, AV DE BRETAGNE;M;4943323.0;108531.0;760
31481;201300034928;13;11;20;1730;5;2;1;3.0;6;429;74, RTE DE PARIS;M;4941068.0;114122.0;760
31482;201300034929;13;11;21;750;5;2;1;9.0;6;216;44, R DE LA REPUBLIQUE;M;4947172.0;104288.0;760
31483;201300034930;13;11;22;1900;3;1;6;1.0;1;319;;M;4934038.0;101434.0;760
31484;201300034931;13;11;29;2210;5;2;1;2.0;6;474;334, RTE DE DIEPPE;M;4949631.0;104858.0;760
31485;201300034932;13;12;1;520;5;2;4;1.0;1;540;66, RTE DE BONSECOURS;M;4943315.0;110767.0;760
31486;201300034933;13;11;28;1745;5;2;1;2.0;2;216;1, GAILLARD. RUE GUSTAVE;M;4947621.0;104884.0;760
31487;201300034934;13;12;2;820;1;2;1;1.0;6;366;110, R DU GENERAL DE GAU;M;4950766.0;103992.0;760
31488;201300034935;13;11;28;1125;1;2;2;1.0;6;540;R RACINE;M;4944190.0;108609.0;760
31489;201300034936;13;12;5;955;1;2;2;1.0;6;366;1, R DE LA REPUBLIQUE;M;4950847.0;103921.0;760
31490;201300034937;13;11;30;1705;2;2;2;1.0;6;540;36, R JEANNE D ARC;M;4944087.0;108987.0;760
31491;201300034939;13;12;7;1355;1;1;1;1.0;4;498;Voie rapide SUD III;M;4943474.0;107093.0;760
31492;201300034940;13;12;4;1745;5;2;4;1.0;6;540;188, AV DU MONT RIBOUDET;M;4944893.0;106552.0;760
31493;201300034941;13;11;16;1845;5;2;1;1.0;6;540;120, R DU GENERALLECLERC;M;4944011.0;108970.0;760
31494;201300034942;13;12;9;1550;1;2;2;1.0;3;410;RTE DE DIEPPE;M;4948065.0;104788.0;760
31495;201300034943;13;12;13;1740;3;2;2;9.0;6;498;BD DU 11 NOVEMBRE;M;4942375.0;106711.0;760
31496;201300034944;13;12;25;430;5;2;1;2.0;6;540;PONT GUSTAVE FLAUBERT;M;4943905.0;106598.0;760
31497;201300034945;13;12;20;1700;1;2;3;1.0;3;108;147, AV DU MARECHAL JUIN;M;4946392.0;111621.0;760
31498;201300034946;13;12;5;1335;1;2;2;1.0;6;540;15, BD DE LA MARNE;M;4944710.0;109271.0;760
31499;201300034947;13;12;9;1545;1;2;1;1.0;3;540;41, RTE DE NEUFCHATEL;M;4945160.0;109816.0;760
31500;201300034948;13;12;10;740;5;2;2;9.0;3;540;R DU MESNIL GREMICHON;M;4945219.0;111975.0;760
31501;201300034949;13;12;22;923;5;2;1;1.0;6;540;25, BD DE VERDUN;M;4944430.0;111224.0;760
31502;201300034950;13;12;27;1510;1;2;6;2.0;1;410;40, R DES BELGES;M;4947605.0;104008.0;760
31503;201300034951;13;1;21;1900;5;2;1;4.0;6;108;34, NAST (RUE GUSTAVE);M;4888153.0;258496.0;770
31504;201300034953;13;2;18;903;1;2;1;1.0;2;108;MONTFERMEIL (ROUTE DE);;;;770
31505;201300034954;13;4;3;1615;1;2;3;1.0;3;55;CARNOT (RUE);;;;770
31506;201300034955;13;4;15;1940;1;2;1;1.0;2;108;MONTFERMEIL (ROUTE DE);;;;770
31507;201300034956;13;5;1;2105;5;1;3;2.0;3;108;PARC (RUE  DU);M;4887710.0;259950.0;770
31508;201300034958;13;6;28;1525;1;2;1;2.0;6;108;MARINIERS (QUAI DES);M;4886695.0;259339.0;770
31509;201300034959;13;7;7;1145;1;2;2;1.0;3;479;26, COLONEL MOLL (RUE DU;M;4887148.0;263737.0;770
31510;201300034960;13;8;14;1850;1;2;1;1.0;1;108;111, BICKART (RUE ALEXAN;;;;770
31511;201300034961;13;8;31;1845;1;2;2;1.0;3;479;PARC (RUE DU);M;4886749.0;264193.0;770
31512;201300034962;13;9;19;800;1;2;1;1.0;6;479;ALGIS (RUE PAUL);M;4886978.0;262639.0;770
31513;201300034963;13;9;21;1835;1;2;2;1.0;3;108;MARECHAL FOCH (AVENUE DU;;;;770
31514;201300034964;13;9;25;1600;1;2;1;1.0;3;108;50, SYLVIE (AVENUE DE);;;;770
31515;201300034965;13;11;18;830;1;2;2;1.0;3;108;DIGOY (AVENUE GEORGES);;;;770
31516;201300034966;13;12;10;848;1;2;1;1.0;6;108;0, MENDES FRANCE (BLD PI;;;;770
31517;201300034967;13;12;16;1610;1;1;1;1.0;7;118;CD34;;;;770
31518;201300034968;13;12;4;1830;2;1;2;1.0;3;517;CD 404;;;;770
31519;201300034969;13;12;16;1530;1;2;1;7.0;6;108;46, MARECHAL FOCH (AVENU;M;4871175.0;257700.0;770
31520;201300034970;13;12;13;1030;1;2;1;1.0;2;108;149, CLAYE (AVENUE DE);;;;770
31521;201300034971;13;12;25;30;3;1;2;3.0;6;517;LAGNY (RUE DE);;;;770
31522;201300034972;13;2;26;1350;1;2;3;1.0;3;268;EUROPE ( BOULEVARD DE L';;;;770
31523;201300034973;13;2;28;1140;1;2;1;1.0;6;307;ROME ( RUE DE );M;4885917.0;275883.0;770
31524;201300034974;13;6;9;1015;1;1;1;8.0;6;268;EUROPE ( BOULEVARD DE L';;;;770
31525;201300034975;13;7;5;1740;1;2;3;1.0;3;111;HERGE ( AVENUE);M;4885900.0;277370.0;770
31526;201300034976;13;12;13;1937;4;1;1;2.0;3;449;RD 345  (PENETRANTE VAL;;;;770
31527;201300034977;13;12;21;1040;1;2;9;1.0;1;111;GRAND FOSSE ( BOULEVARD;;;;770
31528;201300034978;13;1;14;905;1;2;1;1.0;1;131;1, BRISEBECHE (RUE DE LA;M;4882218.0;310317.0;770
31529;201300034979;13;4;8;1815;1;2;1;1.0;6;371;VION (PLACE);M;4881352.0;299261.0;770
31530;201300034980;13;4;12;55;5;1;1;1.0;6;131;PETITS AULNOYS (RUE DES);M;4880879.0;310830.0;770
31531;201300034981;13;5;20;1345;1;2;1;2.0;3;131;39, GENERAL LECLERC (RUE;;;;770
31532;201300034982;13;6;2;1510;1;2;1;7.0;6;131;1, GAMBETTA (COUR);;;;770
31533;201300034983;13;7;15;1;5;2;6;1.0;7;131;1, ROND POINT DE LA GARE;;;;770
31534;201300034984;13;8;24;1750;1;2;1;1.0;6;131;29, DANIEL TOURNEUR (RUE;M;4880390.0;308225.0;770
31535;201300034985;13;9;23;1500;1;1;1;7.0;7;42;FERTE GAUCHER (RUE DE LA;;;;770
31536;201300034986;13;9;30;1810;1;2;1;1.0;1;131;15, ELVERT ROBERT (AVENU;M;4880467.0;307925.0;770
31537;201300034988;13;10;7;1145;1;1;1;1.0;7;28;D 15;;;;770
31538;201300034989;13;10;11;1625;1;2;1;8.0;4;131;1, BLUM LEON (AVENUE);;;;770
31539;201300034990;13;10;16;950;1;2;1;1.0;7;131;3, BEAUREPAIRE (RUE);;;;770
31540;201300034991;13;10;23;1705;1;2;1;1.0;6;131;1, BRISEBECHE (RUE DE LA;;;;770
31541;201300034992;13;11;2;910;1;2;1;2.0;2;131;126, GENERAL LECLERC (RU;;;;770
31542;201300034993;13;12;5;1735;5;2;1;1.0;4;320;1135, GENERAL DE GAULLE;;;;770
31543;201300034994;13;12;12;2215;3;1;1;9.0;7;400;MOUROUX (ROUTE DE);;;;770
31544;201300034995;13;12;21;2330;3;2;1;2.0;7;281;D402;;;;770
31545;201300034996;13;12;27;2120;3;1;1;2.0;6;42;97, FERTE GAUCHER (RUE D;;;;770
31546;201300034997;13;12;13;1040;1;2;1;7.0;6;131;3, VICTOR HUGO (AVENUE);;;;770
31547;201300034998;13;2;14;550;3;1;1;8.0;1;281;MONTESQUIOU (RUE);;;;770
31548;201300034999;13;2;17;40;3;1;1;5.0;2;433;D 402;;;;770
31549;201300035000;13;2;19;2020;3;1;1;1.0;6;13;D402;;;;770
31550;201300035001;13;3;2;145;5;1;9;1.0;7;42;MORIN (RUE DU);;;;770
31551;201300035002;13;4;7;2036;2;2;3;1.0;5;42;CHARLES DE GAULLE (AVENU;;;;770
31552;201300035003;13;4;18;1755;1;2;1;1.0;1;131;1, GRAND MORIN (RUE DU);;;;770
31553;201300035004;13;5;11;500;2;2;9;1.0;2;320;MARECHAL LECLERC (AVENUE;;;;770
31554;201300035005;13;5;21;1445;1;1;1;2.0;7;371;HUERNE (AVENUE DU GENERA;;;;770
31555;201300035006;13;8;23;1710;1;2;3;1.0;3;131;1, VICTOR HUGO (AVENUE);;;;770
31556;201300035007;13;10;8;1610;1;2;3;1.0;3;131;MARNE (BOULEVARD DE LA);;;;770
31557;201300035008;13;10;21;2000;5;2;1;2.0;2;320;1468, GENERAL DE GAULLE;;;;770
31558;201300035009;13;2;1;1920;3;1;1;2.0;1;186;RD607 de Barbizon ? pav?;;;;770
31559;201300035012;13;3;8;1640;1;2;2;2.0;6;186;23, FRANCE (RUE DE);M;4840466.0;269815.0;770
31560;201300035013;13;3;19;1755;1;1;1;4.0;3;186;RD148 carrefour DIANE;;;;770
31561;201300035014;13;4;2;1550;1;1;1;1.0;5;186;RD142 Glandé au grand Ve;;;;770
31562;201300035015;13;4;5;1725;1;2;1;1.0;6;186;15, REPUBLIQUE (PLACE DE;M;4840634.0;270085.0;770
31563;201300035016;13;4;11;850;1;2;1;8.0;6;14;34, VIADUC (RUE DU);M;4841217.0;272554.0;770
31564;201300035017;13;4;24;800;1;2;2;1.0;3;37;DOUMER ( AVENUE PAUL);;;;770
31565;201300035018;13;5;3;620;1;1;1;5.0;6;186;RD 11 Panneau ONF  RD 4;;;;770
31566;201300035019;13;5;17;1750;1;1;1;1.0;2;186;RD606. de la rochette;;;;770
31567;201300035020;13;5;19;2035;3;1;1;8.0;7;186;RD148 carrefour DIANE;;;;770
31568;201300035021;13;6;4;1715;1;1;1;1.0;1;186;RD148 carrefour DIANE;;;;770
31569;201300035022;13;6;28;2015;1;1;2;1.0;3;186;RD148 carrefour DIANE ?;;;;770
31570;201300035024;13;7;31;1905;1;1;1;1.0;5;186;RD148 carrefour DIANE;;;;770
31571;201300035028;13;8;24;2140;3;1;1;1.0;6;186;RD58, Obélisque panneau;;;;770
31572;201300035030;13;10;11;1635;2;1;1;3.0;2;442;D210.carre mar?chaux apr;;;;770
31573;201300035031;13;10;15;1000;1;1;1;2.0;6;186;RD148 carrefour DIANE ?;;;;770
31574;201300035032;13;12;24;1715;3;1;1;3.0;1;186;d301 de chantoiseau /gra;;;;770
31575;201300035033;13;12;25;1830;5;1;5;2.0;1;186;RD606. de la rochette ?;;;;770
31576;201300035034;13;12;28;350;5;2;1;2.0;7;186;GENERAL LECLERC (BOULEVA;;;;770
31577;201300035035;13;12;30;1015;1;1;1;9.0;1;186;RD607 de Barbizon ? pav?;;;;770
31578;201300035036;13;12;31;1425;1;1;2;1.0;5;186;RD148 carrefour DIANE ?;;;;770
31579;201300035037;13;1;12;1110;1;1;1;8.0;6;58;MARIE CURIE  (AVENUE);;;;770
31580;201300035038;13;4;5;1235;1;2;6;1.0;3;58;29-38, GENERAL DE GAULLE;;;;770
31581;201300035039;13;5;8;1650;1;2;2;1.0;3;243;METZ  (RUE DE  );M;4887400.0;271348.0;770
31582;201300035040;13;6;21;2050;1;2;2;1.0;3;438;SAINT GERMAIN DES NOYERS;;;;770
31583;201300035041;13;7;5;1330;1;2;3;1.0;3;155;20, FER  (CHEMIN DE);M;4888408.0;273342.0;770
31584;201300035042;13;7;11;1100;1;2;1;7.0;3;237;LAGNY  (RUE DE  );;;;770
31585;201300035043;13;7;8;2310;3;1;1;1.0;7;58;TOURNAN (ROUTE DE );;;;770
31586;201300035044;13;8;31;1235;1;1;9;8.0;3;243;25, GEORGES CLEMENCEAU;;;;770
31587;201300035045;13;10;16;1225;1;2;1;2.0;1;464;PAUL DOUMER  (RUE   );;;;770
31588;201300035047;13;10;30;1825;5;2;1;1.0;6;464;49, RAYMOND POINCARE  (R;;;;770
31589;201300035048;13;12;5;1725;3;2;1;1.0;1;59;GUERMANTES  (RUE DE  );;;;770
31590;201300035049;13;12;4;1110;1;2;1;1.0;1;464;49, RAYMOND POINCARE  (R;;;;770
31591;201300035050;13;12;20;805;5;2;1;9.0;6;243;ALFRED BREBION (RUE);;;;770
31592;201300035051;13;7;29;820;1;1;1;1.0;3;474;RN3 (ROUTE NATIONALE);;;;770
31593;201300035052;13;8;5;1515;1;1;1;1.0;6;335;RN3 (ROUTE NATIONALE);;;;770
31594;201300035053;13;9;20;1335;1;2;1;1.0;6;475;23, SAINT FIACRE (RUE);;;;770
31595;201300035054;13;10;16;1645;1;1;1;2.0;1;335;RN3 (ROUTE NATIONALE);;;;770
31596;201300035055;13;10;18;1140;1;2;1;1.0;3;276;513, CHARLES DE GAULLE (;;;;770
31597;201300035056;13;10;2;1020;1;1;1;1.0;3;284;1, SENLIS (RUE DE);;;;770
31598;201300035057;13;11;21;1730;5;2;1;2.0;6;284;11B, APPEL DU 18 JUIN 19;;;;770
31599;201300035058;13;11;29;1320;1;2;1;8.0;7;284;8, BUNUEL (RUE LOUIS);;;;770
31600;201300035059;13;12;4;1855;3;1;1;2.0;1;475;RN 3;;;;770
31601;201300035060;13;12;6;840;1;2;1;1.0;6;143;49, EMILE ZOLA (RUE);;;;770
31602;201300035061;13;3;31;1805;1;1;1;1.0;1;335;RN3 (ROUTE NATIONALE);;;;770
31603;201300035062;13;1;29;925;1;1;1;2.0;6;288;R.N 105;M;0.0;0.0;770
31604;201300035063;13;3;30;1610;1;2;3;1.0;3;378;75, FONTAINEBLEAU(AVENUE;;;;770
31605;201300035064;13;4;11;645;2;2;1;1.0;6;152;68, ZOLA(AVENUE EMILE);;;;770
31606;201300035065;13;3;5;1355;1;2;2;7.0;6;288;GENERAL LECLERC (RUE);;;;770
31607;201300035066;13;5;2;1850;1;2;1;1.0;2;394;471,;;;;770
31608;201300035067;13;5;12;50;5;2;1;2.0;2;288;PENETRANTE (RN6);;;;770
31609;201300035068;13;6;2;1600;1;2;1;1.0;1;288;11/13, ANTOINE DE SAINT;M;4855118.0;265181.0;770
31610;201300035070;13;5;11;1722;1;2;2;1.0;3;288;COURTILLE  (Quai DE LA );M;4853636.0;266029.0;770
31611;201300035071;13;6;4;1815;1;2;4;1.0;3;407;FONTAINEBLEAU(AVENUE DE);;;;770
31612;201300035072;13;5;18;1935;1;1;1;8.0;6;410;R.N 36;;;;770
31613;201300035073;13;7;7;620;2;1;1;1.0;7;487;MAINCY(rue);;;;770
31614;201300035074;13;7;16;1002;1;2;1;1.0;7;285;BIR-HAKEIM (AVENUE DE);M;4854548.0;264255.0;770
31615;201300035075;13;8;22;1430;1;1;3;1.0;3;407;VILANOVA DE FAMALICAO(AV;;;;770
31616;201300035076;13;7;27;1610;1;2;1;1.0;2;288;51, TROIS MOULINS  (RUE;M;4852818.0;269247.0;770
31617;201300035077;13;10;21;540;5;2;2;1.0;3;288;46, DAJOT (RUE);M;4852996.0;265781.0;770
31618;201300035078;13;11;11;1640;1;2;4;1.0;6;389;1, DIAZ(RUE);M;4852259.0;266006.0;770
31619;201300035079;13;12;13;1330;1;2;1;1.0;2;288;52, HIPPOLYTE ROSSIGNOL;;;;770
31620;201300035080;13;12;24;1025;1;2;1;2.0;6;288;ALMONT (BOULEVARD DE L');;;;770
31621;201300035081;13;12;2;745;2;2;1;8.0;6;288;24 bis, HIPPOLYTE ROSSIG;;;;770
31622;201300035082;13;2;27;1615;1;2;1;8.0;3;389;870, GENERAL LECLERC(AVE;;;;770
31623;201300035083;13;7;12;700;1;2;1;1.0;6;152;816, MONTAIGNE(AVENUE DE;;;;770
31624;201300035084;13;7;17;810;1;2;6;1.0;3;288;ROND POINT DE L'EUROPE;;;;770
31625;201300035085;13;9;18;630;3;1;1;2.0;1;447;00, C.D 50;;;;770
31626;201300035086;13;9;20;1735;1;2;1;1.0;6;152;BRIAND(RUE ARISTIDE);M;4851570.0;263522.0;770
31627;201300035087;13;6;12;1215;1;2;1;1.0;6;288;1, ARISTIDE BRIAND  (BOU;M;4853893.0;265359.0;770
31628;201300035089;13;1;28;1230;1;1;1;1.0;1;114;RD 216;;;;770
31629;201300035090;13;1;30;1910;3;2;6;2.0;7;445;8 MAI 1945 (AVENUE DU);;;;770
31630;201300035091;13;2;1;1905;5;2;1;3.0;4;495;neant, D.306;;;;770
31631;201300035092;13;1;16;2105;5;2;1;1.0;6;445;159, INDUSTRIE (RUE DE L;M;4859555.0;259181.0;770
31632;201300035093;13;2;3;1000;1;2;1;1.0;6;326;neant, D.346;;;;770
31633;201300035094;13;2;9;1915;3;1;1;1.0;4;67;D306;;;;770
31634;201300035095;13;2;28;1655;1;2;1;1.0;3;122;PABLO PICASSO(RUE);M;4865772.0;256304.0;770
31635;201300035096;13;3;3;1420;1;1;1;1.0;3;495;D.306;;;;770
31636;201300035097;13;3;10;600;5;2;6;1.0;6;122;REPUBLIQUE(AVENUE DE LA);M;4866578.0;255022.0;770
31637;201300035098;13;2;28;1120;1;2;2;1.0;7;384;D.306;;;;770
31638;201300035099;13;3;7;2105;5;2;1;1.0;6;53;11, GAMBETTA (RUE);M;4869140.0;261090.0;770
31639;201300035100;13;4;9;1;5;2;1;2.0;6;114;62, BEAUDERIE (RUE DE LA;M;4872332.0;265921.0;770
31640;201300035101;13;4;11;1715;1;2;1;2.0;7;122;38, SERMONOISE(RUE);;;;770
31641;201300035102;13;4;21;1545;1;1;1;1.0;3;114;D471;;;;770
31642;201300035103;13;5;5;1720;1;2;2;7.0;2;326;D.346;;;;770
31643;201300035104;13;5;12;1150;1;1;1;1.0;7;251;ROYALE (ALLEE);M;4862211.0;252852.0;770
31644;201300035105;13;5;27;1650;1;2;1;1.0;6;53;BEAU (AVENUE);;;;770
31645;201300035106;13;6;6;845;1;1;1;1.0;7;445;8 MAI 1945 (AVENUE DU);;;;770
31646;201300035107;13;6;11;1605;1;2;1;1.0;6;445;10, VALLES (AVENUE JULES;M;4859432.0;258114.0;770
31647;201300035108;13;6;21;1020;1;1;2;1.0;3;384;neant, D.57;;;;770
31648;201300035109;13;7;2;1205;1;2;6;1.0;6;122;ESPLANADE DE LA PAIX;;;;770
31649;201300035110;13;6;16;1310;1;1;2;1.0;3;445;D.346;;;;770
31650;201300035111;13;6;30;826;1;2;6;1.0;2;445;REGALLES (AVENUE DES);M;4860339.0;255950.0;770
31651;201300035113;13;7;26;615;3;1;1;3.0;3;296;D402;;;;770
31652;201300035114;13;8;5;1745;1;1;3;1.0;7;296;PIERRE AUBERGE(AVENUE);;;;770
31653;201300035115;13;8;6;1855;1;1;1;1.0;7;53;GUSTAVE EIFFEL (RUE);M;4870277.0;260080.0;770
31654;201300035116;13;8;9;1651;1;1;1;1.0;5;495;D.306;;;;770
31655;201300035117;13;8;14;2230;3;1;2;1.0;2;114;D.471;;;;770
31656;201300035118;13;8;25;2255;5;1;1;2.0;3;445;D.50E;;;;770
31657;201300035119;13;10;6;1;5;2;6;1.0;7;53;00, THIERS (AVENUE);;;;770
31658;201300035120;13;10;7;1750;1;2;1;1.0;6;445;VALLES (AVENUE JULES);;;;770
31659;201300035122;13;10;27;610;5;2;2;3.0;2;450;RD 319;;;;770
31660;201300035123;13;10;27;1900;3;2;2;2.0;3;251;PARIS (RUE DE);;;;770
31661;201300035124;13;10;28;1525;1;2;6;1.0;2;122;EUROPE ( Boulevard de l';;;;770
31662;201300035125;13;11;3;50;5;2;1;1.0;7;450;ECOLE (RUE DE L');;;;770
31663;201300035126;13;11;4;2325;3;1;1;1.0;6;445;PALME (AVENUE OLOF);;;;770
31664;201300035128;13;11;19;1745;5;2;1;1.0;6;296;MAILLETTES(RUE DES);;;;770
31665;201300035129;13;11;22;2005;5;2;3;1.0;3;445;MENDES-FRANCE (AVENUE PI;;;;770
31666;201300035130;13;11;24;1550;1;1;6;1.0;2;450;RD 319;;;;770
31667;201300035131;13;11;25;820;1;2;1;8.0;6;296;JATTEAU(AVENUE DE);;;;770
31668;201300035132;13;11;26;835;1;1;1;8.0;6;53;RD 319;;;;770
31669;201300035133;13;11;22;1310;1;2;3;8.0;3;296;NOYER PERROT (RUE DU);;;;770
31670;201300035134;13;12;1;1950;5;2;1;1.0;4;296;1, D402;;;;770
31671;201300035135;13;12;7;705;3;1;1;2.0;1;114;RD 216;;;;770
31672;201300035136;13;12;11;700;5;2;1;1.0;2;445;n?ant, BOIS DES SAINT PE;;;;770
31673;201300035137;13;12;15;1110;1;2;3;7.0;3;445;GAULLE  (AVENUE CHARLES;;;;770
31674;201300035141;13;1;6;1950;3;1;9;8.0;3;210;RN 6 (SECTEUR GRANDE PAR;;;;770
31675;201300035142;13;2;28;1730;1;1;1;1.0;3;210;RN 6 (SECTEUR GRANDE PAR;;;;770
31676;201300035143;13;4;16;925;1;1;1;1.0;2;172;D606;;;;770
31677;201300035144;13;6;12;1715;1;2;1;1.0;6;305;24, CHESNOIS (RUE DES);M;4839464.0;295645.0;770
31678;201300035145;13;8;7;1405;1;1;1;2.0;3;210;RN 6 (SECTEUR GRANDE PAR;;;;770
31679;201300035146;13;11;4;40;5;2;3;3.0;3;305;12, GENERAL DELORT (PLAC;;;;770
31680;201300035147;13;1;17;1755;3;1;1;8.0;1;494;CD 210;;;;770
31681;201300035148;13;2;27;725;2;1;1;8.0;1;501;CD 403;;;;770
31682;201300035149;13;4;15;1805;1;2;3;1.0;3;491;38, FONTAINEBLEAU (AVENU;;;;770
31683;201300035151;13;4;12;35;4;1;1;2.0;3;305;D 605;;;;770
31684;201300035152;13;8;4;1035;1;2;3;1.0;3;501;LORREZ-LE-BOCAGE (ROUTE;;;;770
31685;201300035153;13;12;15;1520;1;2;4;1.0;3;79;GENERAL DE GAULLE (RUE D;;;;770
31686;201300035154;13;12;20;815;1;2;3;9.0;6;491;BOURGOGNE (ROUTE DE);;;;770
31687;201300035155;13;1;6;2010;5;2;2;1.0;3;333;PARIS (RUE DE)RD 607;;;;770
31688;201300035157;13;4;15;1730;1;2;1;1.0;6;458;78, CHAINTREAUX (RUE DE);;;;770
31689;201300035158;13;7;25;1800;1;2;1;1.0;7;431;ORMESSON (AVENUE D') RD;;;;770
31690;201300035159;13;8;11;1630;1;2;1;1.0;6;333;21, DE GAULLE (AVENUE DU;;;;770
31691;201300035161;13;11;14;720;3;1;1;1.0;3;431;DEPARTEMENTALE 607;;;;770
31692;201300035162;13;12;5;1720;2;2;1;1.0;1;458;6, MARECHAL LECLERC (AVE;;;;770
31693;201300035163;13;1;3;15;5;2;1;2.0;6;468;GEORGES BRASSENS (AVENUE;;;;770
31694;201300035164;13;1;7;1750;2;2;6;2.0;6;83;2, NESLE (BOULEVARD DE);M;4884875.0;258335.0;770
31695;201300035165;13;1;17;1910;5;2;2;1.0;4;83;CHELLES (AVENUE DE);;;;770
31696;201300035166;13;1;16;1015;1;2;1;1.0;6;468;7, CHARLIE CHAPLIN (RUE);M;4884174.0;265421.0;770
31697;201300035167;13;1;25;805;1;2;6;1.0;2;146;VIEILLES VIGNES (ROND-PO;;;;770
31698;201300035168;13;1;27;725;5;2;6;1.0;3;83;PYRAMIDES (AVENUE DES);;;;770
31699;201300035169;13;3;1;1735;1;2;3;1.0;3;258;COURCERIN (BOULEVARD DE);;;;770
31700;201300035170;13;3;15;1305;1;2;1;1.0;6;169;OLOF PALME (BOULEVARD);;;;770
31701;201300035171;13;3;19;1315;1;2;1;1.0;6;146;SOUBRIARDE (AVENUE DE LA;;;;770
31702;201300035174;13;5;25;1325;1;1;1;1.0;2;258;BRIE VPO (ROUTE DE LA);;;;770
31703;201300035176;13;6;5;1255;1;2;1;1.0;7;468;1, JEAN MOULIN (AVENUE);M;4883906.0;265642.0;770
31704;201300035177;13;6;17;1450;1;1;9;1.0;3;121;CENTRE COMMERCIAL REGION;M;4883769.0;266175.0;770
31705;201300035179;13;6;28;1700;1;2;1;1.0;6;337;SALVADOR ALLENDE (BOULEV;;;;770
31706;201300035180;13;7;4;1525;1;2;3;1.0;3;258;MANDINET (BOULEVARD DU);;;;770
31707;201300035182;13;7;8;1940;1;2;1;1.0;6;468;MITTERAND (AVENUE FRANCO;M;4885528.0;264989.0;770
31708;201300035183;13;7;22;1700;1;1;1;9.0;6;121;NATIONALE 471 (ROUTE);;;;770
31709;201300035184;13;8;2;520;3;1;1;1.0;1;121;NATIONALE 471 (ROUTE);;;;770
31710;201300035185;13;8;2;1535;1;2;1;1.0;3;468;GEORGES BRASSENS (AVENUE;;;;770
31711;201300035186;13;8;9;1733;1;2;1;1.0;7;258;2, FERME (RUE DE LA);M;4883483.0;262972.0;770
31712;201300035187;13;8;26;1420;1;2;3;1.0;6;468;GEORGES BRASSENS (AVENUE;;;;770
31713;201300035188;13;9;4;745;2;1;3;1.0;3;121;1, MELUN (RUE DE);M;4883960.0;266902.0;770
31714;201300035189;13;9;14;2010;3;2;3;2.0;6;169;1, BEAUBOURG (BOULEVARD;M;4881519.0;262111.0;770
31715;201300035190;13;9;17;850;1;2;1;1.0;5;83;02, LUZARD (COURS DU);M;4884708.0;261170.0;770
31716;201300035191;13;10;2;1505;1;2;1;1.0;6;83;89, JEAN JAURES (AVENUE);;;;770
31717;201300035192;13;10;6;1640;1;2;1;1.0;6;468;2, MOGOTTE (RUE DE LA);;;;770
31718;201300035193;13;10;12;1615;1;2;1;1.0;6;337;BRIE VPO (ROUTE DE LA);;;;770
31719;201300035194;13;10;14;1610;1;1;1;1.0;5;121;DEPARTEMENTALE 371 (ROUT;;;;770