;Num_Acc;an;mois;jour;hrmn;lum;agg;int;atm;col;com;adr;gps;lat;long;dep
31720;201300035196;13;10;22;1425;1;2;3;1.0;6;258;02, SEGRAIS (BOULEVARD D;;;;770
31721;201300035197;13;10;30;1755;2;2;1;2.0;6;83;CHAMPY-NESLE (BOULEVARD;;;;770
31722;201300035198;13;12;4;1915;5;2;1;1.0;6;468;76, PARIS (RUE DE);;;;770
31723;201300035200;13;12;17;825;2;2;1;1.0;7;169;EMERY (RUE D');;;;770
31724;201300035201;13;10;15;710;2;2;1;1.0;6;215;VICTOR HUGO (BOULEVARD);;;;770
31725;201300035202;13;1;22;130;5;2;3;4.0;6;350;08 MAI 1945 (AVENUE DU);M;4876076.0;268029.0;770
31726;201300035204;13;2;19;1635;1;2;2;1.0;3;350;25, MAURICE CHEVALIER (A;M;4876768.0;268603.0;770
31727;201300035205;13;2;19;1615;1;1;1;1.0;5;215;RN4 HORS AGGLOMERATION;;;;770
31728;201300035206;13;2;18;1940;5;2;2;1.0;3;350;0, ALPHONSE COMBE (RUE);M;4876781.0;267113.0;770
31729;201300035207;13;3;8;1545;1;2;9;1.0;2;373;127, REPUBLIQUE (AV. DE;M;4879963.0;260697.0;770
31730;201300035208;13;4;3;1655;1;1;6;1.0;3;350;VERRERIE (RUE DE LA);;;;770
31731;201300035209;13;2;18;1400;1;2;1;1.0;4;373;PARIS (RUE DE- RN 4 );;;;770
31732;201300035210;13;3;30;2120;5;2;3;1.0;3;373;CHARLES ROUXEL (AVENUE);M;4879321.0;260430.0;770
31733;201300035211;13;3;15;1430;1;2;3;1.0;3;373;74, PRES ST MARTIN (RUE;M;4879367.0;261148.0;770
31734;201300035212;13;4;1;1910;1;1;1;1.0;7;373;RN4 HORS AGGLOMERATION;;;;770
31735;201300035213;13;4;13;300;3;1;1;1.0;6;215;RN4 HORS AGGLOMERATION;;;;770
31736;201300035214;13;5;5;1915;1;2;1;1.0;3;350;0, GENERAL LECLERC (AVEN;;;;770
31737;201300035215;13;5;20;1340;1;2;1;3.0;3;390;1, PONTAULT (ROUTE DE );;;;770
31738;201300035216;13;4;30;1655;1;2;1;2.0;3;373;1, CHARLES ROUXEL (AVENU;M;4879652.0;261457.0;770
31739;201300035217;13;5;3;1135;1;1;7;1.0;6;373;1, TILLEULS (RUE DES);M;;;770
31740;201300035218;13;6;13;750;1;1;1;1.0;2;390;CD 21;;;;770
31741;201300035219;13;7;4;1950;1;2;1;1.0;6;373;09-11, CHARLES ROUXEL (A;M;4879786.0;260500.0;770
31742;201300035220;13;6;27;155;3;1;1;1.0;6;215;RN4 HORS AGGLOMERATION;;;;770
31743;201300035221;13;7;24;1150;1;1;1;1.0;3;350;CD 351;;;;770
31744;201300035222;13;7;1;1830;1;1;1;1.0;2;350;RN4 HORS AGGLOMERATION;;;;770
31745;201300035224;13;6;28;815;1;1;1;1.0;4;350;RN4 HORS AGGLOMERATION;;;;770
31746;201300035226;13;9;4;2035;3;1;4;1.0;3;350;CD 471;;;;770
31747;201300035227;13;9;10;2030;3;1;1;8.0;5;350;RN4 HORS AGGLOMERATION;;;;770
31748;201300035228;13;10;2;1630;1;2;6;1.0;6;249;HYVERNEAUX  (AVENUE DES);;;;770
31749;201300035229;13;9;24;840;1;2;2;1.0;7;373;102, CHARLES ROUXEL (AVE;M;4879568.0;260450.0;770
31750;201300035231;13;10;26;525;2;2;1;1.0;2;373;5, PARIS (RUE DE- RN 4 );;;;770
31751;201300035232;13;10;23;2105;3;1;5;2.0;3;350;D471, CD 471;;;;770
31752;201300035233;13;11;3;1125;1;1;6;1.0;3;374;CD 471;;;;770
31753;201300035235;13;9;14;2220;3;1;1;3.0;2;350;RN4 HORS AGGLOMERATION;;;;770
31754;201300035236;13;11;11;540;5;2;1;1.0;7;249;VILLARCEAU  (RUE DE);;;;770
31755;201300035237;13;1;23;1730;1;1;3;8.0;3;459;Route Départementale 619;;;;770
31756;201300035238;13;5;2;1045;1;2;6;1.0;6;379;VOULZIE (AVENUE DE LA);;;;770
31757;201300035239;13;5;18;1200;1;1;1;1.0;5;379;Route Départementale 619;;;;770
31758;201300035240;13;7;8;1945;1;1;3;1.0;3;459;Route Départementale 619;;;;770
31759;201300035241;13;7;9;1435;1;2;1;1.0;6;379;1, SABLONS (RUE DES);;;;770
31760;201300035242;13;7;14;2225;5;2;1;1.0;2;260;6, PROVINS (ROUTE DE);;;;770
31761;201300035243;13;11;22;1124;1;1;1;8.0;3;459;Route Départementale 619;;;;770
31762;201300035244;13;12;6;800;1;2;2;1.0;3;379;1, BORDES (RUE DES BORDE;;;;770
31763;201300035245;13;12;30;645;3;1;1;8.0;1;379;Route D?partementale 619;;;;770
31764;201300035246;13;1;3;746;3;1;1;2.0;1;123;CD 212;;;;770
31765;201300035247;13;1;10;1818;5;1;1;2.0;4;118;ROUTE NATIONALE 3;;;;770
31766;201300035248;13;1;22;1115;1;1;1;4.0;2;118;ROUTE NATIONALE 3;;;;770
31767;201300035249;13;2;1;1520;1;2;3;2.0;5;294;JEAN BAPTISTE CLEMENT (A;;;;770
31768;201300035250;13;2;8;845;1;2;7;1.0;6;514;MARCHE (PLACE DU);M;4895137.0;260211.0;770
31769;201300035251;13;2;18;1720;1;2;1;1.0;6;514;SANS, FRANCOIS MAURIAC (;M;4895268.0;261322.0;770
31770;201300035253;13;4;14;2040;2;2;2;1.0;3;294;ROGER SALENGRO (RUE);;;;770
31771;201300035254;13;4;18;1845;1;1;1;1.0;5;123;CD 212;;;;770
31772;201300035255;13;6;4;1230;1;2;4;1.0;3;514;DEPARTEMENTAL 84 (ROUTE);;;;770
31773;201300035256;13;6;24;1845;1;2;4;1.0;6;294;10, JEAN BAPTISTE CLEMEN;M;4895352.0;260202.0;770
31774;201300035257;13;6;30;915;1;1;1;1.0;1;462;RN 2;;;;770
31775;201300035258;13;7;6;1550;1;1;5;7.0;3;241;CD 404;;;;770
31776;201300035259;13;7;26;1830;1;1;1;1.0;3;462;RN 2;;;;770
31777;201300035260;13;8;3;2125;1;2;3;1.0;3;514;140, JEAN JAURES (AVENUE;;;;770
31778;201300035261;13;8;9;1355;1;2;6;1.0;3;514;ROGER SALENGRO (AVENUE);;;;770
31779;201300035262;13;11;23;30;3;1;1;1.0;6;294;RN 2;;;;770
31780;201300035263;13;11;30;945;1;1;1;1.0;2;462;RN 2;;;;770
31781;201300035264;13;11;22;150;4;1;1;2.0;2;118;ROUTE NATIONALE 3;;;;770
31782;201300035265;13;12;18;1620;1;2;2;1.0;6;514;ARISTIDE BRIAND (AVENUE);;;;770
31783;201300035266;13;2;5;715;2;2;7;3.0;6;126;AV A RENE GUIBERT/ETANGS;M;4884530.0;213261.0;780
31784;201300035267;13;4;17;1930;1;2;2;1.0;3;76;BD REPUBLIQUE/RTE PUITS;;;;780
31785;201300035268;13;5;22;2255;5;2;1;1.0;3;92;BOISSY D'ANGLAS (QUAI);;;;780
31786;201300035269;13;9;10;915;1;2;1;1.0;3;92;DE LATTRE DE TASSIGNY (P;;;;780
31787;201300035270;13;11;8;2000;5;2;3;1.0;5;126;DE GAULLE CHARLES (AVENU;;;;780
31788;201300035271;13;12;25;1000;1;2;1;1.0;3;172;223 bis, AMBASSADEUR;;;;780
31789;201300035272;13;4;19;950;1;2;1;1.0;7;172;RN 184;;;;780
31790;201300035273;13;1;5;1915;5;2;2;2.0;3;172;FOCH (AVENUE DU MARECHAL;;;;780
31791;201300035274;13;2;14;1645;1;2;1;8.0;6;5;35-37, ILE PEYGRAND;M;4897638.0;206115.0;780
31792;201300035275;13;1;8;745;4;1;6;8.0;6;5;RD 30;;;;780
31793;201300035276;13;4;16;2010;1;2;1;1.0;1;382;17, OISE (RUE DE L');;;;780
31794;201300035277;13;5;10;1700;1;1;1;1.0;6;15;RD 55;;;;780
31795;201300035278;13;5;6;1500;1;2;4;1.0;3;172;0, PASTEUR (RUE);;;;780
31796;201300035279;13;7;1;1925;1;1;1;1.0;6;172;RN 184;;;;780
31797;201300035280;13;10;23;2025;3;1;1;2.0;6;15;RD 55;;;;780
31798;201300035281;13;10;23;1015;1;2;2;7.0;3;172;BRETELLE SORTIE RN 184;;;;780
31799;201300035282;13;10;13;1715;1;1;1;1.0;1;5;RD 31;;;;780
31800;201300035283;13;11;23;255;5;2;1;1.0;6;5;20, ST GERMAIN (RUE DE);;;;780
31801;201300035284;13;11;13;930;1;2;9;1.0;7;172;VIARD (RUE GEORGES);;;;780
31802;201300035285;13;1;5;1625;2;2;1;2.0;7;208;DEPARTEMENTALE 58 (ROUTE;;;;780
31803;201300035286;13;10;29;1230;1;2;1;1.0;6;208;indeterm, HUIT MAI 1945;;;;780
31804;201300035287;13;9;28;1720;1;2;1;2.0;2;383;LIMAGNE (AVENUE DE);;;;780
31805;201300035288;13;12;6;1540;1;2;1;1.0;3;383;INDETERM, GUTENBERG (AVE;;;;780
31806;201300035289;13;9;23;800;1;2;1;1.0;6;208;indeter, HAIE A SOREL (R;;;;780
31807;201300035290;13;10;10;1800;5;2;1;1.0;4;208;INDETRM, HUIT MAI 1945 (;;;;780
31808;201300035291;13;12;6;1230;1;1;1;1.0;2;168;indeterm, ARPENTS (BOULE;;;;780
31809;201300035292;13;9;29;445;5;2;1;1.0;7;208;MALRAUX (BOULEVARD ANDRE;;;;780
31810;201300035294;13;3;6;1155;1;2;6;1.0;3;208;DEPARTEMENTALE 912 (ROUT;;;;780
31811;201300035295;13;3;9;1530;1;2;1;1.0;5;168;VOIE LATERALE SUD;;;;780
31812;201300035296;13;4;2;415;5;2;1;1.0;7;168;indetermin, VOIE LATERAL;;;;780
31813;201300035297;13;5;4;1735;1;2;1;1.0;6;168;INDETERM, ARPENTS (BOULE;;;;780
31814;201300035298;13;5;9;1630;1;2;1;1.0;2;168;FONTAINES (CARREFOUR DES;;;;780
31815;201300035299;13;4;30;1940;1;2;1;2.0;3;208;indeter., HOTEL DE VILLE;;;;780
31816;201300035301;13;4;24;1350;1;2;2;1.0;3;208;indeter, PETITE VILLEDIE;;;;780
31817;201300035302;13;5;31;1820;1;2;1;1.0;2;168;PONT D'AULNEAU (RUE DU);;;;780
31818;201300035303;13;6;26;1345;1;2;1;1.0;3;383;indeter, GUTENBERG (AVEN;;;;780
31819;201300035304;13;6;3;1030;1;1;1;1.0;3;168;FONTAINES (CARREFOUR DES;;;;780
31820;201300035305;13;6;24;1600;1;2;2;1.0;3;208;bd du 19 mars 1962;;;;780
31821;201300035306;13;7;9;1735;1;2;1;1.0;3;644;DEPARTEMENTALE 58 (ROUTE;;;;780
31822;201300035307;13;7;24;910;1;2;4;1.0;3;383;inconnu, GUY SCHULLER (B;;;;780
31823;201300035308;13;6;22;1113;1;2;1;1.0;2;383;LIMAGNE (AVENUE DE);;;;780
31824;201300035309;13;6;7;1540;1;1;1;1.0;2;644;NATIONALE 10 (ROUTE);;;;780
31825;201300035310;13;7;20;1030;1;2;3;1.0;7;383;0, MACONNAIS (SQUARE DU);;;;780
31826;201300035311;13;7;5;1655;1;2;6;1.0;7;208;TEMPLIERS (ROND POINT DE;;;;780
31827;201300035312;13;8;31;1548;1;2;1;1.0;5;383;CHEVREUSE (RUE DE);;;;780
31828;201300035313;13;9;7;420;3;2;1;1.0;6;644;INDETERM, SCHULLER  (AVE;;;;780
31829;201300035314;13;4;27;1015;1;2;1;1.0;6;383;AUXOIS (PLACE D');;;;780
31830;201300035315;13;9;5;1850;1;2;1;1.0;6;208;HUIT MAI 1945 (AVENUE DU;;;;780
31831;201300035316;13;9;10;1740;1;2;1;1.0;7;383;INDETERM, BEAUCE (RUE DE;;;;780
31832;201300035317;13;8;27;1825;1;2;1;1.0;3;168;ARPENTS (BOULEVARD DES);;;;780
31833;201300035318;13;8;27;1940;1;2;1;1.0;3;208;INDETERM, DIX NEUF MARS;;;;780
31834;201300035319;13;10;8;1025;1;2;1;1.0;6;397;INDETRM, Raymond BERRURI;;;;780
31835;201300035320;13;10;15;815;1;2;1;1.0;6;208;indeterm, FOND DES ROCHE;;;;780
31836;201300035321;13;10;15;1330;1;2;1;3.0;4;168;indeterm, GUTEMBERG (AVE;;;;780
31837;201300035322;13;7;24;1930;1;2;6;1.0;2;383;GUY SCHULLER (BOULEVARD);;;;780
31838;201300035323;13;6;27;1340;1;2;6;1.0;6;168;indeterm, ARPENTS (BOULE;;;;780
31839;201300035324;13;9;17;815;1;2;1;1.0;2;397;36, CONCORDE (AVENUE);;;;780
31840;201300035326;13;10;24;1600;1;2;6;1.0;3;383;indeterm, GUTENBERG (AVE;;;;780
31841;201300035328;13;11;24;1030;1;2;4;1.0;2;168;indeterrm, GARE (AVENUE;;;;780
31842;201300035329;13;11;8;1610;1;1;1;2.0;2;397;indeter, DEPARTEMENTALE;;;;780
31843;201300035330;13;11;1;145;5;2;2;1.0;5;168;;;;;780
31844;201300035331;13;10;27;1430;1;2;6;1.0;3;383;Laurent SCHWARTZ ( Rond;;;;780
31845;201300035332;13;10;6;1800;1;2;1;1.0;2;383;INDETERM, RHIN (BOULEVAR;;;;780
31846;201300035333;13;12;18;1820;5;2;1;1.0;3;168;GARE (AVENUE DE LA);;;;780
31847;201300035334;13;1;14;1830;5;2;3;4.0;3;423;AV DU CENTRE/DE LA GARE;M;4878588.0;204708.0;780
31848;201300035335;13;1;9;1900;5;2;2;2.0;6;423;FRERES LUMIERES/NEWTON;M;4879093.0;204558.0;780
31849;201300035336;13;10;25;1930;5;2;1;1.0;7;297;CD 91;;;;780
31850;201300035337;13;11;20;715;2;2;2;9.0;3;297;DELORME (RUE PHILIBERT);;;;780
31851;201300035338;13;1;31;1550;1;2;3;2.0;3;423;AV DES PRES/AV DU PARC;M;4877834.0;202083.0;780
31852;201300035339;13;10;25;1920;5;2;3;2.0;7;688;RACINE (RUE JEAN);;;;780
31853;201300035340;13;11;18;1420;1;2;1;1.0;6;423;QUATRE PAVES DU ROY (AVE;;;;780
31854;201300035341;13;2;12;1000;1;2;1;1.0;6;297;RD 91;M;4876106.0;207019.0;780
31855;201300035344;13;3;21;1500;1;2;2;1.0;3;423;ABOUT (AVENUE NICOLAS);;;;780
31856;201300035345;13;4;2;1900;1;2;1;1.0;3;297;ALEMBERT (BOULEVARD D');;;;780
31857;201300035346;13;4;5;1300;1;2;1;1.0;6;297;MARE DE TROUX (RUE DE LA;;;;780
31858;201300035347;13;5;6;1530;1;2;1;1.0;6;423;KESSEL (AVENUE JOSEPH);;;;780
31859;201300035348;13;4;8;1900;2;2;1;1.0;6;297;YVELINES (PLACE DES);;;;780
31860;201300035349;13;5;10;930;1;2;1;1.0;3;423;PRES (AVENUE DES);;;;780
31861;201300035350;13;3;5;1435;1;2;6;1.0;6;297;BESSE (PLACE GEORGES);;;;780
31862;201300035351;13;6;21;1550;1;2;3;1.0;7;688;-----, RACINE (RUE JEAN);;;;780
31863;201300035352;13;6;19;1230;1;2;2;1.0;3;688;AV KESSEL;;;;780
31864;201300035353;13;6;4;925;1;1;1;1.0;6;297;SOURCES DE LA BIEVRES (R;;;;780
31865;201300035354;13;7;9;2300;5;1;1;1.0;3;423;VOLTA (AVENUE);;;;780
31866;201300035355;13;7;12;1230;1;1;1;1.0;6;297;BLUM (AVENUE LEON);;;;780
31867;201300035356;13;7;12;1835;1;2;1;1.0;6;297;AV DES GARENNES;;;;780
31868;201300035357;13;7;14;1530;1;1;1;1.0;2;297;BLUM (AVENUE LEON);;;;780
31869;201300035358;13;7;17;1800;1;2;1;1.0;6;423;PRES (AVENUE DES);;;;780
31870;201300035359;13;7;18;928;1;2;1;1.0;1;423;10, ALEMBERT (BOULEVARD;;;;780
31871;201300035361;13;4;18;1640;1;2;1;1.0;6;688;DIVISION LECLERC (PLACE;;;;780
31872;201300035362;13;8;4;1200;1;2;2;1.0;3;688;GRANDE ILE (AV);;;;780
31873;201300035363;13;8;21;1535;1;2;1;1.0;2;423;KIERSPE (AVENUE DE);;;;780
31874;201300035364;13;9;2;905;1;2;1;1.0;3;297;----------, BESSE (PLACE;;;;780
31875;201300035365;13;9;23;1702;1;2;3;1.0;6;688;, AV DE LA PYRAMIDE;;;;780
31876;201300035366;13;9;6;1155;1;2;1;2.0;6;688;CARTIER (RUE JACQUES);;;;780
31877;201300035367;13;10;23;2000;5;2;1;1.0;6;297;HUIT MAI 1945 (AVENUE DU;;;;780
31878;201300035368;13;9;2;1735;1;2;3;1.0;6;297;-----, AVENUE DU CENTRE;;;;780
31879;201300035369;13;8;24;30;5;2;1;1.0;6;297;0, MOZART (BOULEVARD);;;;780
31880;201300035370;13;11;12;1810;5;2;1;2.0;2;297;AV DES GARENNES;;;;780
31881;201300035371;13;11;19;805;2;2;1;2.0;3;297;AVENUE DE L'EUROPE;;;;780
31882;201300035372;13;11;14;955;1;2;1;1.0;6;297;AVENUE DU CENTRE;;;;780
31883;201300035373;13;10;9;845;1;2;1;1.0;3;423;40, NOBEL (RUE ALFRED);;;;780
31884;201300035374;13;12;21;2355;5;2;6;1.0;6;297;DELOUVRIER (PLACE PAUL);;;;780
31885;201300035375;13;1;28;1035;1;2;1;1.0;6;311;1bis, CARNOT (AVENUE);;;;780
31886;201300035376;13;2;2;1855;5;2;4;2.0;3;311;BD EMILE ZOLA/G PERI;M;4892516.0;219544.0;780
31887;201300035377;13;3;1;1310;1;2;6;1.0;3;124;RTE MONTESSON/ST GERMAIN;M;4890933.0;216048.0;780
31888;201300035378;13;3;22;1545;1;2;3;1.0;3;311;R BLAISE PASCAL;;;;780
31889;201300035379;13;6;29;1345;1;2;2;1.0;1;311;25, EDOUARD BRANLY (RUE);;;;780
31890;201300035380;13;7;5;830;1;2;1;1.0;1;311;32, PAIX (RUE DE LA);;;;780
31891;201300035381;13;9;19;1740;1;2;1;1.0;3;124;324, SAINT GERMAIN (ROUT;;;;780
31892;201300035382;13;9;14;2130;5;2;2;2.0;3;311;40, HENRI BARBUSSE (BOUL;;;;780
31893;201300035383;13;9;27;1905;1;2;3;1.0;6;311;65, STALINGRAD (RUE DE);;;;780
31894;201300035384;13;10;10;1825;1;2;1;1.0;6;311;96, ANDRE MALRAUX (PLACE;;;;780
31895;201300035386;13;11;7;2045;5;2;2;8.0;4;124;SAINT GERMAIN (ROUTE DE);;;;780
31896;201300035387;13;11;21;752;1;2;1;8.0;7;311;45, HENRI BARBUSSE (BOUL;;;;780
31897;201300035388;13;11;28;2000;4;2;2;1.0;3;311;EGALITE (RUE DE L');;;;780
31898;201300035390;13;12;12;1925;5;2;1;1.0;3;311;3, REVEIL MATIN (RUE DU);;;;780
31899;201300035391;13;12;29;1845;5;2;3;1.0;6;311;27, REPUBLIQUE (AVENUE D;;;;780
31900;201300035392;13;11;30;1305;1;2;1;8.0;1;311;15, DALVERNY (RUE);;;;780
31901;201300035393;13;2;23;1215;1;2;1;1.0;6;358;AV EGLE;M;4894799.0;214808.0;780
31902;201300035395;13;5;15;1705;1;2;1;1.0;6;358;1, GENERAL DE GAULLE (AV;;;;780
31903;201300035396;13;10;11;1930;5;2;9;9.0;3;358;PARIS (RUE DE);;;;780
31904;201300035397;13;10;25;1450;1;2;1;1.0;6;358;1, MUGNIER (RUE);;;;780
31905;201300035398;13;10;27;235;5;2;6;1.0;7;358;, REIN (RUE JULES);;;;780
31906;201300035399;13;11;28;1330;1;2;1;8.0;2;358;20, LONGUEIL (AVENUE DE);;;;780
31907;201300035400;13;12;5;1637;1;2;1;1.0;6;358;LA FONTAINE (AVENUE);;;;780
31908;201300035401;13;12;6;2258;5;2;1;1.0;1;358;42, MUETTE ( RUE DE LA);;;;780
31909;201300035402;13;1;22;1335;1;2;3;8.0;6;361;R MARTRAITS/DURAND;M;4898672.0;171746.0;780
31910;201300035403;13;1;31;820;1;2;2;1.0;3;335;R DE LA CHASSE/WILSON;M;4898957.0;173887.0;780
31911;201300035404;13;2;4;925;1;2;1;2.0;5;335;RD983;M;4898514.0;172831.0;780
31912;201300035405;13;2;5;1620;1;2;1;1.0;6;361;45 R DE VERDUN;M;4898620.0;171388.0;780
31913;201300035406;13;2;13;1500;1;2;1;8.0;6;335;10 R GEORGES CLEMENCEAU;M;4899336.0;173394.0;780
31914;201300035407;13;2;14;1140;1;2;1;2.0;6;361;251, Boulevard Marechal;;;;780
31915;201300035408;13;3;5;1050;1;2;1;1.0;3;335;129 AV PRESIDENT WILSON;M;4898667.0;174311.0;780
31916;201300035409;13;3;7;805;1;2;6;2.0;6;335;D190/D983;M;4899156.0;174883.0;780
31917;201300035410;13;4;14;1100;1;2;3;1.0;3;335;0, R.D 146;;;;780
31918;201300035411;13;4;14;2130;5;2;1;1.0;1;217;00, R.D 130;;;;780
31919;201300035412;13;4;17;950;1;2;2;1.0;3;362;00, RUE JEAN MOULIN;;;;780
31920;201300035413;13;5;3;2240;5;2;1;1.0;6;362;00, RUE DES MERISIERS;;;;780
31921;201300035415;13;5;12;1840;1;2;2;1.0;3;501;00, RUE DES CLOSEAUX;;;;780
31922;201300035416;13;5;21;1455;1;2;3;1.0;3;361;00, QUAI DES CORDELIERS;;;;780
31923;201300035417;13;6;7;1745;1;2;3;1.0;3;362;00, ROUTE DE HOUDAN;;;;780
31924;201300035418;13;6;21;2220;3;1;1;2.0;1;361;R.N  13  (BUTTE VERTE);;;;780
31925;201300035419;13;6;24;2120;1;2;1;1.0;6;362;00, RUE DU 8 MAI 1945;;;;780
31926;201300035420;13;6;25;1755;1;2;1;1.0;6;361;00, BD GEORGES CLEMENCEA;;;;780
31927;201300035421;13;6;27;1835;1;2;1;1.0;6;501;Bd de la Republique;;;;780
31928;201300035422;13;7;8;2235;1;2;1;1.0;6;361;10, RUE BOILEAU;;;;780
31929;201300035423;13;7;12;1420;1;1;1;1.0;6;267;00, RD 130;;;;780
31930;201300035424;13;7;24;1625;1;2;1;1.0;6;267;AVENUE DE PARIS;;;;780
31931;201300035425;13;7;28;1745;1;1;1;1.0;1;335;RD983;;;;780
31932;201300035426;13;7;31;1215;1;2;1;1.0;3;361;05, AVENUE  GEO ANDRE;;;;780
31933;201300035427;13;9;16;2150;5;2;1;2.0;2;362;00, BOULEVARD ROGER SALE;;;;780
31934;201300035429;13;9;23;1315;1;2;9;1.0;6;362;00, ROUTE DE SAINT GERMA;;;;780
31935;201300035430;13;10;19;2150;5;2;1;8.0;7;501;38, boulevard de la rep;;;;780
31936;201300035431;13;10;27;535;5;2;2;2.0;1;217;PROFESSEUR SERGENT;;;;780
31937;201300035432;13;11;5;810;1;2;1;2.0;6;335;7 BIS, RUE NATIONALE;;;;780
31938;201300035434;13;11;14;1755;2;2;2;2.0;1;267;00, RD 190;;;;780
31939;201300035435;13;11;15;1145;1;2;1;1.0;6;361;33, RUE MAUREPAS;;;;780
31940;201300035436;13;11;15;1655;5;2;3;1.0;3;217;CD 113;;;;780
31941;201300035437;13;11;25;1605;1;2;1;1.0;1;531;00, RUE NATIONALE;;;;780
31942;201300035438;13;11;29;1500;1;1;1;1.0;1;531;24, AVENUE DE MANTES;;;;780
31943;201300035439;13;12;5;655;2;2;1;8.0;6;217;R.D 130;;;;780
31944;201300035440;13;1;19;840;1;2;1;4.0;6;502;PRKG LES PYRAMIDES;M;4888742.0;210575.0;780
31945;201300035442;13;4;16;1815;1;2;3;1.0;3;372;R FONTENELLE/H BEQUE;M;4887174.0;209768.0;780
31946;201300035443;13;4;27;1050;1;2;1;1.0;6;372;07, AMIRAL LEMONNIER (AV;;;;780
31947;201300035444;13;11;27;1615;1;2;3;1.0;3;372;PAUL LEPLAT (RUE);;;;780
31948;201300035445;13;5;31;1915;1;2;4;1.0;3;372;01, CLOS COURCHE (CHEMIN;;;;780
31949;201300035446;13;5;20;850;1;2;1;8.0;2;372;30, ABREUVOIR (AVENUE DE;;;;780
31950;201300035447;13;7;15;1640;1;2;1;1.0;6;502;SIMON VOUET (AVENUE);;;;780
31951;201300035449;13;3;7;1600;1;2;2;1.0;1;372;40, SAINT GERMAIN (AVENU;;;;780
31952;201300035450;13;11;11;615;5;2;1;9.0;6;224;28-30, SAINT GEMAIN (ROU;;;;780
31953;201300035451;13;12;2;755;1;2;1;1.0;6;350;01, VERSAILLES (ROUTE DE;;;;780
31954;201300035452;13;12;8;515;4;2;1;1.0;6;502;SAINT GERMAIN (AVENUE DE;;;;780
31955;201300035454;13;1;3;1700;5;2;1;2.0;3;29;R DE LA COOPERATION;M;4895956.0;185816.0;780
31956;201300035455;13;1;8;915;1;2;6;1.0;5;440;R DE SEINE/P RAOULT;M;4899773.0;190896.0;780
31957;201300035456;13;1;9;1530;1;2;1;2.0;3;238;RTE DE RENAULT (PRKG);M;4896733.0;186437.0;780
31958;201300035457;13;1;11;1035;1;2;3;1.0;5;609;RD 28/FERME AUBETTE;M;4901565.0;191050.0;780
31959;201300035458;13;1;10;1320;1;2;3;2.0;3;440;RTE VERNEUIL/P LEROY;M;4899894.0;191631.0;780
31960;201300035459;13;1;24;1720;1;2;1;1.0;4;440;R DESCARTES;M;4898276.0;189303.0;780
31961;201300035460;13;1;17;2210;5;2;2;2.0;2;238;RD 14;M;4896326.0;186185.0;780
31962;201300035461;13;1;28;900;1;2;1;5.0;1;261;R DU POINT DU JOUR;M;4901828.0;190019.0;780
31963;201300035462;13;1;28;1830;5;2;1;1.0;6;440;EUROPE (AVENUE DE L');;;;780
31964;201300035463;13;2;3;1330;1;2;1;1.0;1;401;ALL MARCHANDE;M;4901200.0;191699.0;780
31965;201300035465;13;1;30;1240;1;2;6;2.0;2;440;AV PAUL RAOULT/AMPERE;M;4899689.0;191355.0;780
31966;201300035466;13;2;5;1820;5;2;1;4.0;3;440;32 RTE DE VERNEUIL;M;4899898.0;191977.0;780
31967;201300035467;13;2;8;720;5;2;2;1.0;6;440;R M ROCH/P RAOULT;M;4899495.0;191368.0;780
31968;201300035468;13;2;16;1430;1;2;2;1.0;6;238;RD 14/BOIS BODIN;M;4896334.0;186222.0;780
31969;201300035470;13;12;26;2230;5;2;1;1.0;7;638;144, GENERAL DE GAULLE (;;;;780
31970;201300035471;13;12;15;650;3;1;3;2.0;3;238;CD 113;;;;780
31971;201300035472;13;3;10;510;5;2;6;1.0;6;440;AMPERE (RUE);;;;780
31972;201300035474;13;3;1;2000;5;1;2;1.0;5;440;VERNEUIL (ROUTE DE);;;;780
31973;201300035475;13;3;4;1700;1;2;2;1.0;3;29;FRANCO BELGE (COUR);;;;780
31974;201300035476;13;3;2;1755;1;2;1;1.0;6;440;SEINE (RUE DE);;;;780
31975;201300035477;13;3;21;1730;1;2;9;1.0;3;609;CD 28;;;;780
31976;201300035478;13;4;12;1310;1;2;1;1.0;4;29;PIERRE LEFAUCHEUX (RUE);;;;780
31977;201300035480;13;4;5;1525;1;2;1;1.0;6;440;PAUL RAOULT;;;;780
31978;201300035481;13;4;17;1510;1;1;1;1.0;3;29;CLOS DE REINE (RUE DU);;;;780
31979;201300035482;13;4;24;1850;1;2;1;1.0;6;440;JEAN-JACQUES ROUSSEAU (R;;;;780
31980;201300035483;13;4;23;1450;1;2;1;1.0;6;440;1, av Republique;;;;780
31981;201300035484;13;4;30;2310;5;2;1;1.0;6;440;EUROPE (AVENUE DE L');;;;780
31982;201300035485;13;5;4;120;5;2;1;1.0;6;638;88, PARIS (AVENUE DE);;;;780
31983;201300035486;13;5;11;1530;1;2;1;1.0;2;440;EUROPE (AVENUE DE L');;;;780
31984;201300035488;13;5;28;1250;1;2;1;2.0;1;299;VEXIN (ROUTE DU);;;;780
31985;201300035490;13;6;1;1900;1;2;1;1.0;6;440;TULIPES (ALLEE DES);;;;780
31986;201300035491;13;5;20;1538;1;2;1;2.0;2;440;SEINE (RUE DE);;;;780
31987;201300035492;13;6;6;2005;1;2;1;1.0;2;238;CD 113;;;;780