;Num_Acc;an;mois;jour;hrmn;lum;agg;int;atm;col;com;adr;gps;lat;long;dep
31988;201300035493;13;6;7;1110;1;1;9;1.0;3;401;D 922;;;;780
31989;201300035494;13;6;8;1730;1;2;2;1.0;3;440;GYMNASE PIERRE DE COUBER;;;;780
31990;201300035495;13;6;13;830;1;2;1;1.0;6;29;03, MARRONNIERS (ALLEE D;;;;780
31991;201300035496;13;6;17;1700;1;2;1;1.0;6;440;15, BOUGIMONTS (RUE DES);;;;780
31992;201300035499;13;6;28;820;1;2;1;2.0;4;299;MICHELET (BOULEVARD);;;;780
31993;201300035500;13;6;29;1140;1;2;1;1.0;4;440;PAUL RAOULT (AVENUE);;;;780
31994;201300035501;13;7;3;930;1;2;6;2.0;3;29;CHARLES DE GAULLE (AVENU;;;;780
31995;201300035502;13;7;3;2100;1;2;1;2.0;6;440;JEAN DE LA FONTAINE (RUE;;;;780
31996;201300035504;13;7;6;1830;1;2;1;1.0;7;238;122, GENERAL DE GAULLE (;;;;780
31997;201300035505;13;7;10;1605;1;2;1;1.0;6;440;GIROFLES (ALLEE DES);;;;780
31998;201300035506;13;7;11;1712;1;1;1;1.0;6;238;CD 14;;;;780
31999;201300035507;13;7;12;1940;1;2;1;1.0;7;238;RENAULT (ROUTE DE);;;;780
32000;201300035508;13;7;13;1120;1;2;1;1.0;6;440;PAUL DOUMER (RUE);;;;780
32001;201300035509;13;7;16;515;5;2;2;1.0;6;238;MARECHAL FOCH (RUE DU);;;;780
32002;201300035511;13;7;16;40;5;2;1;1.0;1;440;VERNEUIL (ROUTE DE);;;;780
32003;201300035512;13;8;8;1130;1;2;1;1.0;6;299;VEXIN (ROUTE DU);;;;780
32004;201300035514;13;8;18;2050;2;2;1;2.0;3;440;SEINE (RUE DE);;;;780
32005;201300035515;13;8;6;2250;5;2;1;1.0;5;440;24, STENDHAL (RUE);;;;780
32006;201300035516;13;8;22;1540;1;2;1;1.0;5;638;GENERAL DE GAULLE (RUE D;;;;780
32007;201300035517;13;9;4;410;3;1;1;1.0;6;227;CD 922;;;;780
32008;201300035518;13;9;2;1900;1;2;1;1.0;6;440;PAUL RAOULT (AVENUE);;;;780
32009;201300035519;13;9;4;1335;1;2;1;1.0;6;440;EUROPE (AVENUE DE L');;;;780
32010;201300035520;13;9;16;744;1;2;1;8.0;2;299;VEXIN (ROUTE DU);;;;780
32011;201300035521;13;9;4;1530;1;2;9;1.0;1;440;0000000000, PAUL RAOULT;;;;780
32012;201300035522;13;9;13;1320;1;2;1;2.0;3;29;COOPERATION (RUE DE LA);;;;780
32013;201300035524;13;9;27;810;1;2;1;1.0;7;29;GARE (BOULEVARD DE LA);;;;780
32014;201300035525;13;9;28;1930;5;2;1;2.0;6;638;CHATEAU (RUE DU);;;;780
32015;201300035528;13;10;7;1900;1;2;1;1.0;3;440;POISSY (RUE DE);;;;780
32016;201300035529;13;10;15;1920;5;2;1;1.0;6;401;PONTOISE (ROUTE DE );;;;780
32017;201300035530;13;10;22;1045;1;2;3;1.0;2;440;EUROPE (AVENUE DE L');;;;780
32018;201300035531;13;10;30;624;2;2;1;1.0;6;440;49, PAUL RAOULT (AVENUE);;;;780
32019;201300035532;13;10;18;1645;1;2;1;1.0;6;440;HENRI DUNANT (RUE);;;;780
32020;201300035533;13;12;5;850;1;2;3;1.0;5;440;RD 44;;;;780
32021;201300035534;13;11;6;1115;1;2;1;8.0;1;29;6, BAZEMONT (RUE DE);;;;780
32022;201300035536;13;4;5;1500;1;2;1;1.0;6;29;PLAGE (BOULEVARD DE LA);;;;780
32023;201300035537;13;4;9;1415;1;2;1;2.0;3;29;GARE (RUE DE LA);;;;780
32024;201300035538;13;10;24;1015;1;2;1;8.0;4;440;PAUL RAOULT (AVENUE);;;;780
32025;201300035539;13;9;5;1940;1;2;1;1.0;2;299;CHATEAUBRIAND (AVENUE);;;;780
32026;201300035540;13;1;8;820;1;2;1;2.0;6;165;AV JEAN JAURES;M;4882770.0;198252.0;780
32027;201300035542;13;1;16;1620;1;2;6;1.0;6;165;AV DE LA STATION/DUNANT;M;4882506.0;199727.0;780
32028;201300035544;13;1;16;1930;5;2;6;1.0;6;490;AV 19 MARS 1962/GUYET;M;4883115.0;194485.0;780
32029;201300035545;13;2;12;925;1;2;6;2.0;3;490;AV ST GERMAIN/LEON BLUM;M;4882700.0;196397.0;780
32030;201300035546;13;2;24;2320;5;2;9;4.0;6;490;AQUEDUC/PRAIRIE FORESTIE;M;4882416.0;196792.0;780
32031;201300035547;13;2;27;1930;4;2;1;2.0;6;165;0, VIGNES (CHEMIN DES);;;;780
32032;201300035548;13;3;3;2025;3;1;1;1.0;7;674;CD 11;;;;780
32033;201300035549;13;12;24;1025;1;2;1;2.0;6;165;1, PROU (AVENUE HENRI);;;;780
32034;201300035550;13;3;19;1010;1;2;6;1.0;6;165;PROU (AVENUE HENRI);;;;780
32035;201300035551;13;4;29;2010;1;2;2;1.0;3;490;Gal de Gaulle;;;;780
32036;201300035552;13;5;2;1520;1;2;2;1.0;3;490;EBISOIRES (RUE DES);;;;780
32037;201300035553;13;6;15;2330;5;2;1;1.0;6;490;DEUX PLATEAUX (ROUTE DES;;;;780
32038;201300035554;13;7;9;1220;1;2;1;1.0;3;165;BARBUSSE (AVENUE HENRY);;;;780
32039;201300035556;13;8;16;1010;1;2;3;1.0;3;165;0, VIGNES (CHEMIN DES);;;;780
32040;201300035557;13;9;16;730;1;2;1;1.0;5;490;0, DEUX PLATEAUX (ROUTE;;;;780
32041;201300035558;13;8;22;1210;1;2;6;1.0;2;165;BARBUSSE (AVENUE HENR;;;;780
32042;201300035559;13;9;26;1705;1;2;1;1.0;6;490;SABLONS (AVENUE DES);;;;780
32043;201300035560;13;9;19;900;2;2;1;1.0;3;490;PETIT ST CLOUD (ROND POI;;;;780
32044;201300035561;13;10;17;2005;5;2;3;1.0;3;490;BOISSIERE (RUE DE LA);;;;780
32045;201300035562;13;7;14;1235;1;2;1;1.0;3;674;CD 11;;;;780
32046;201300035563;13;11;22;1410;1;2;1;1.0;2;490;PETIT ST CLOUD (ROND POI;;;;780
32047;201300035565;13;1;14;825;1;2;2;1.0;3;498;AV F LEFEBVRE/PRIMASENS;M;4892623.0;204839.0;780
32048;201300035567;13;3;23;1650;1;2;1;1.0;7;643;1, EUROPE BD DE L';;;;780
32049;201300035568;13;3;25;1805;1;1;6;1.0;6;498;RTE DE 40 SOUS/MALADRERI;M;4891387.0;202213.0;780
32050;201300035569;13;3;23;1030;1;1;3;1.0;3;672;VERNOUILLET ROUTE DE (CD;;;;780
32051;201300035570;13;4;3;1535;1;2;1;1.0;2;498;1, URSULINES AV DES;;;;780
32052;201300035571;13;4;15;1855;1;1;1;1.0;7;624;RD1;;;;780
32053;201300035572;13;4;21;1800;1;2;2;1.0;3;498;GAMBETTA BD;;;;780
32054;201300035573;13;6;4;1930;1;2;2;1.0;3;498;GAMBETTA BD;;;;780
32055;201300035574;13;6;8;1310;1;2;3;1.0;3;498;1, BEAUREGARD RUE DE;;;;780
32056;201300035575;13;6;17;620;1;2;1;1.0;7;498;45, TIMBAUD RUE JEAN PIE;;;;780
32057;201300035576;13;6;14;1725;1;2;2;1.0;7;498;1, CASTILLE AV BLANCHE D;;;;780
32058;201300035577;13;6;11;1450;1;2;1;1.0;6;498;74, LEFEBVRE AV FERNAND;;;;780
32059;201300035578;13;7;6;130;5;2;1;1.0;7;624;DOUMER RUE PAUL;;;;780
32060;201300035580;13;8;2;1600;1;2;3;1.0;3;498;1, MEISSONIER AV;;;;780
32061;201300035581;13;8;6;1010;1;2;2;1.0;2;672;VERNOUILLET ROUTE DE (CD;;;;780
32062;201300035582;13;9;4;1915;1;2;4;1.0;7;672;GALLIENI RUE;;;;780
32063;201300035583;13;9;17;850;1;1;1;1.0;6;498;QUARANTE SOUS ROUTE DE;;;;780
32064;201300035584;13;9;28;1155;1;2;3;1.0;3;643;1, GROSSE PIERRE RUE DE;;;;780
32065;201300035585;13;9;29;1830;1;2;1;2.0;2;498;SAINT SEBASTIEN RUE;;;;780
32066;201300035586;13;9;18;835;1;2;1;1.0;3;642;11, MALRAUX BD ANDRE;;;;780
32067;201300035587;13;10;15;1250;1;2;2;1.0;3;123;212, PELLETIER BD;;;;780
32068;201300035588;13;10;11;1935;2;2;6;1.0;3;643;EUROPE ROND POINT DE L';;;;780
32069;201300035589;13;11;20;1240;1;1;1;1.0;6;643;37, CHAPET ROUTE DE;;;;780
32070;201300035590;13;11;26;910;1;2;1;1.0;6;498;SAINT SEBASTIEN RUE;;;;780
32071;201300035591;13;12;12;1850;3;1;2;1.0;7;672;CD 154;;;;780
32072;201300035592;13;12;28;1220;1;2;1;1.0;3;642;63, MALRAUX BD ANDRE;;;;780
32073;201300035593;13;12;26;1050;1;1;1;1.0;6;498;2 EIFFEL RUE GUSTAVE;;;;780
32074;201300035594;13;12;30;2035;1;2;1;1.0;6;498;DEVAUX BD;;;;780
32075;201300035595;13;12;19;1145;1;2;2;2.0;3;498;CASTILLE AV BLANCHE DE;;;;780
32076;201300035596;13;1;24;850;1;2;4;1.0;1;498;R DE LA TOURNELLE/ABBAYE;M;4892848.0;203813.0;780
32077;201300035597;13;1;25;1428;1;1;1;1.0;6;672;191 AV D'ACQUEVILLE;M;4892797.0;200229.0;780
32078;201300035598;13;2;3;210;5;1;3;1.0;3;624;SENET RUE EUGENE;;;;780
32079;201300035599;13;2;5;1830;1;2;1;1.0;6;123;CC ST LOUIS;M;4894734.0;202516.0;780
32080;201300035600;13;2;15;2325;3;2;4;1.0;7;672;1, R DE LA CROIX;;;;780
32081;201300035601;13;3;9;1815;1;2;4;1.0;2;498;AV LEFEBVRE/EISENHOWER;M;4892410.0;205355.0;780
32082;201300035602;13;4;1;1230;1;2;1;1.0;6;498;10, CHAMP GAILLARD RUE D;;;;780
32083;201300035603;13;4;24;1700;1;1;1;1.0;7;624;POISSY AVENUE DE;;;;780
32084;201300035604;13;5;1;1935;1;2;1;2.0;1;498;BEAUREGARD RUE DE;;;;780
32085;201300035605;13;5;5;510;5;2;1;1.0;2;498;BIDONNIERE RUE DE LA;;;;780
32086;201300035606;13;5;26;1845;1;1;1;1.0;2;643;RD1;;;;780
32087;201300035607;13;5;22;2350;5;2;1;1.0;7;624;1, RD1;;;;780
32088;201300035608;13;6;2;1845;1;1;1;1.0;6;624;RD1;;;;780
32089;201300035609;13;6;15;2130;2;1;1;1.0;6;384;1, BOIS DE MEDAN (ROUTE;;;;780
32090;201300035610;13;6;16;450;5;2;2;1.0;5;123;AV EUROPE;;;;780
32091;201300035611;13;6;27;1655;1;2;1;1.0;6;123;45, SAINT LOUIS RUE;;;;780
32092;201300035613;13;8;11;1110;1;2;2;1.0;3;123;EUROPE (RN 190) AVENUE D;;;;780
32093;201300035614;13;8;11;2020;1;2;1;1.0;2;123;HAUTIL AV DE L';;;;780
32094;201300035615;13;8;25;8;5;2;1;3.0;1;498;RD30;;;;780
32095;201300035616;13;9;21;40;5;2;1;1.0;1;123;1, DAVID RUE;;;;780
32096;201300035617;13;9;22;204;3;1;1;1.0;3;642;ROUILLARD CHEMIN DU;;;;780
32097;201300035618;13;9;28;2235;5;2;2;1.0;3;123;EUROPE (RN 190) AVENUE D;;;;780
32098;201300035619;13;10;1;1510;1;2;1;1.0;7;123;1, EUROPE (RN 190) AVENU;;;;780
32099;201300035620;13;10;12;1520;1;2;1;1.0;6;642;CLOS DES VIGNES AVENUE;;;;780
32100;201300035621;13;10;17;1845;5;2;2;1.0;5;498;LYAUTEY AV DU MARECHAL;;;;780
32101;201300035622;13;11;9;1440;1;2;2;9.0;6;498;12, SAINT SEBASTIEN RUE;;;;780
32102;201300035623;13;11;7;2020;5;2;2;2.0;6;498;141, FOCH AV;;;;780
32103;201300035624;13;11;17;1920;3;2;1;1.0;6;624;17, SOBAUX RUE DU DOCTEU;;;;780
32104;201300035625;13;12;6;1030;1;1;1;1.0;3;672;136, DE VOISINS AVENUE D;;;;780
32105;201300035626;13;12;9;1510;1;2;2;1.0;6;498;SAINT SEBASTIEN RUE;;;;780
32106;201300035627;13;1;5;1935;5;1;2;8.0;2;220;RN 10/RD 34;M;4872306.0;188940.0;780
32107;201300035628;13;1;18;1355;1;2;1;4.0;3;517;60 R SADI CARNOT;M;4864960.0;183082.0;780
32108;201300035629;13;2;15;810;1;2;3;8.0;3;517;R LOUVIERE/PRAIRIE;M;4864351.0;183717.0;780
32109;201300035630;13;2;25;1345;1;2;6;4.0;3;517;AV G POMPIDOU/HERRIOT;M;4863691.0;183241.0;780
32110;201300035631;13;3;1;1600;1;1;1;1.0;1;220;RD 191;M;4871604.0;185090.0;780
32111;201300035632;13;3;12;1015;1;1;1;4.0;1;220;RD 202;M;4869602.0;193681.0;780
32112;201300035633;13;3;30;1735;1;2;3;1.0;5;517;R D'ORPHIN/DROUETTE;M;4862940.0;182687.0;780
32113;201300035634;13;4;2;1805;1;2;2;1.0;2;220;RD 202/R DES MOLIERES;M;4872030.0;189675.0;780
32114;201300035635;13;4;7;1725;1;1;1;1.0;7;269;R BERNARD BATAILLE;M;4863512.0;177580.0;780
32115;201300035636;13;4;7;1850;1;1;1;1.0;7;486;RN 10;;;;780
32116;201300035637;13;4;21;2015;1;1;1;1.0;6;220;RN 10;;;;780
32117;201300035639;13;4;24;1455;1;2;1;7.0;3;517;46 R GEORGES LENOTRE;M;4863691.0;182756.0;780
32118;201300035640;13;4;29;1230;1;2;4;1.0;3;220;R DE BRETAGNE/LANGUEDOC;M;4871842.0;189202.0;780
32119;201300035641;13;5;5;2220;3;1;1;1.0;7;486;RN 10;;;;780
32120;201300035642;13;6;4;1605;1;1;1;1.0;7;486;RN 10;;;;780
32121;201300035643;13;6;11;1215;1;2;1;1.0;6;517;01, MOUTIE (RUE AUGUSTE);;;;780
32122;201300035644;13;6;19;1800;1;2;7;3.0;6;220;MAIRIE (PLACE DE LA);;;;780
32123;201300035645;13;7;13;1000;1;2;1;1.0;6;517;1, CHASLES (RUE);;;;780
32124;201300035646;13;7;26;1930;1;2;3;1.0;3;220;5, Jean Ferrat (rue);;;;780
32125;201300035649;13;9;14;2050;5;2;6;2.0;6;517;ANGIVILLER (RUE D');;;;780
32126;201300035650;13;9;23;825;1;1;1;1.0;5;486;SAINT HUBERT (ROUTE);;;;780
32127;201300035651;13;10;2;1725;1;1;1;1.0;4;517;D 936;;;;780
32128;201300035652;13;10;5;2135;3;1;1;1.0;7;269;POIGNY;;;;780
32129;201300035653;13;10;17;1820;1;2;6;1.0;3;517;CLAIRIERE (AVENUE DE LA);;;;780
32130;201300035654;13;10;20;935;1;1;1;2.0;6;517;RN 10;;;;780
32131;201300035655;13;10;20;1620;1;1;1;8.0;7;517;POTEAU DES 3 SEIGNEURS (;;;;780
32132;201300035656;13;10;26;2000;5;2;1;1.0;3;517;18, PARIS (AVENUE DE);;;;780
32133;201300035657;13;11;13;1615;1;2;1;1.0;6;517;00, ROUGET DE L'ISLE (RU;;;;780
32134;201300035658;13;11;27;930;1;2;3;1.0;3;486;77, CHARTRES (RUE DE;;;;780
32135;201300035660;13;12;26;745;3;1;1;1.0;6;486;RN 10;;;;780
32136;201300035662;13;2;14;900;1;1;1;1.0;3;73;50bis, VAILLANT COUTURIE;;;;780
32137;201300035663;13;3;5;1550;1;2;1;1.0;6;545;101, CURIE (AVENUE PIERR;;;;780
32138;201300035664;13;3;8;930;1;2;3;1.0;7;242;1, RAVEL (RUE MAURICE);;;;780
32139;201300035665;13;5;3;1050;1;2;9;1.0;1;545;10, BARBUSSE (BOULEVARD;;;;780
32140;201300035666;13;6;25;1630;1;2;1;1.0;1;73;ROBESPIERRE (RUE);;;;780
32141;201300035667;13;7;13;2130;1;2;3;1.0;3;545;75, CURIE (AVENUE PIERRE;;;;780
32142;201300035668;13;9;16;1055;1;2;3;1.0;3;545;ZOLA (RUE EMILE);;;;780
32143;201300035669;13;10;10;900;1;2;1;7.0;6;73;70, JAURES (AVENUE JEAN);;;;780
32144;201300035670;13;10;8;905;1;2;2;1.0;3;242;GRAVIERS (CHEMIN DE );;;;780
32145;201300035671;13;11;20;855;1;2;2;7.0;6;545;FABIEN (AVENUE COLONEL);;;;780
32146;201300035672;13;11;23;1810;4;2;1;1.0;4;545;RD 10;;;;780
32147;201300035673;13;1;4;130;3;1;1;1.0;6;551;RD 308;;;;780
32148;201300035674;13;1;11;750;5;2;1;1.0;6;551;R SAINT LEGER;M;4889737.0;206872.0;780
32149;201300035675;13;1;14;855;2;2;1;1.0;6;481;AV MAL DE LATTRE DE TASS;M;4889788.0;210676.0;780
32150;201300035678;13;2;16;1145;1;2;3;1.0;3;551;R REPUBLIQUE/F BONVIN;M;4889939.0;208956.0;780
32151;201300035679;13;4;7;1730;1;2;1;1.0;6;551;RN 184;;;;780
32152;201300035680;13;4;18;230;5;2;2;1.0;3;133;RD 113;;;;780
32153;201300035681;13;5;31;1215;1;1;1;1.0;6;551;RN 184;;;;780
32154;201300035682;13;6;13;810;1;1;1;1.0;4;551;RD 308;;;;780
32155;201300035683;13;6;22;45;4;1;1;3.0;2;551;RN 184;;;;780
32156;201300035684;13;6;24;2155;1;1;1;1.0;6;551;RTE CENTRALE;;;;780
32157;201300035685;13;7;7;1930;1;1;1;1.0;3;551;RD 308;;;;780
32158;201300035686;13;7;20;1015;1;2;1;1.0;6;551;15 bis, VIEILLE BUTTE (D;;;;780
32159;201300035687;13;7;20;2300;3;1;1;1.0;6;551;RN 184;;;;780
32160;201300035688;13;8;24;255;3;2;3;1.0;3;551;RN 184;;;;780
32161;201300035689;13;7;1;1935;1;1;3;1.0;3;133;MANTES (RTE DE);;;;780
32162;201300035690;13;11;21;1745;3;2;8;2.0;6;481;1, TOUS SECTEURS LE PECQ;;;;780
32163;201300035691;13;1;14;1320;1;2;3;1.0;6;586;BD DE BEZONS/BAUDIN;M;4894307.0;218088.0;780
32164;201300035692;13;1;11;1910;5;2;2;2.0;6;586;AV CLEMENCEAU/ST EXUPERY;M;4894254.0;219416.0;780
32165;201300035694;13;1;18;915;1;2;1;1.0;3;586;77 AV DE LA REPUBLIQUE;M;4893510.0;215334.0;780
32166;201300035695;13;2;6;730;5;2;4;2.0;6;586;R CHAMPS DE MARS/MERMOZ;M;4894469.0;217256.0;780
32167;201300035696;13;2;18;845;1;2;3;7.0;3;586;R VERDUN/FRANCKLIN;M;4893085.0;215581.0;780
32168;201300035697;13;4;16;1720;1;2;1;1.0;6;586;42, STALINGRAD;;;;780
32169;201300035698;13;2;25;1145;1;2;1;2.0;6;586;RUELLE REINE;M;4894617.0;217174.0;780
32170;201300035701;13;5;17;2155;5;2;2;1.0;3;586;M BERTEAUX;;;;780
32171;201300035702;13;4;13;1445;1;2;2;1.0;3;586;Gal de Gaulle / Bezons;;;;780
32172;201300035703;13;6;23;710;1;2;2;1.0;7;586;n?ant, ROOSEVELT (PRESID;;;;780
32173;201300035706;13;6;26;1850;1;2;1;1.0;3;586;BEZONS;;;;780
32174;201300035707;13;9;10;1715;1;2;1;1.0;6;586;22-24, STALINGRAD;;;;780
32175;201300035708;13;9;12;445;5;2;1;2.0;2;586;BERTEAUX (MAURICE) N1 A;;;;780
32176;201300035709;13;9;16;1145;1;2;1;2.0;7;586;4 ter, BARIAN;;;;780
32177;201300035711;13;10;17;1725;1;2;1;1.0;6;586;BOURQUELOT (ROBE;;;;780
32178;201300035712;13;10;18;1035;1;2;2;1.0;3;586;CONVENTION (AVENUE);;;;780
32179;201300035713;13;7;10;1530;1;2;6;1.0;3;586;CLEMENCEAU (G.);;;;780
32180;201300035714;13;11;23;1400;1;2;1;1.0;3;586;55, REPUBLIQUE (AVENUE);;;;780
32181;201300035716;13;12;21;1410;1;2;1;9.0;6;586;11, BARBUSSE (HENRI);;;;780
32182;201300035717;13;1;17;900;1;2;1;2.0;4;621;RD 912;M;4878475.0;198919.0;780
32183;201300035718;13;1;31;700;2;2;1;2.0;6;621;BERLIOZ (RUE HECTOR);;;;780
32184;201300035719;13;2;8;1945;5;2;1;1.0;6;621;1, PASTEUR MARTIN LUTHER;;;;780
32185;201300035720;13;2;6;740;2;2;2;2.0;6;621;AV S ALLENDE/L LAGRANGE;M;4877756.0;197688.0;780
32186;201300035721;13;5;4;2045;1;2;1;1.0;1;621;CASTIGLIONE DEL LAGO (RU;;;;780
32187;201300035723;13;6;21;755;1;2;3;1.0;2;621;POLITZER (AVENUE GEORGES;;;;780
32188;201300035724;13;9;27;1646;1;2;1;1.0;4;621;NATIONALE 10   (ROUTE);;;;780
32189;201300035725;13;10;15;730;5;2;1;1.0;3;621;NATIONALE 10   (ROUTE);;;;780
32190;201300035726;13;12;15;1230;1;2;3;1.0;6;621;36, VAILLANT COUTURIER;;;;780
32191;201300035727;13;1;15;1620;1;2;1;8.0;6;640;R LOUVOIS;M;4878167.0;219732.0;780
32192;201300035728;13;2;20;745;2;2;3;1.0;3;322;AV J JAURES/THABOT;M;4876462.0;217079.0;780
32193;201300035729;13;3;24;1710;1;2;2;1.0;3;640;R LECLERC/BRETAGNE;M;4878481.0;216913.0;780
32194;201300035730;13;10;23;1615;1;2;1;1.0;6;686;37, JEAN REY (RUE);;;;780
32195;201300035731;13;11;13;925;1;2;1;1.0;3;686;129 BIS, GENERAL LECLERC;;;;780
32196;201300035732;13;11;22;1455;1;2;1;1.0;6;640;EUROPE (AV);;;;780
32197;201300035734;13;12;29;1215;1;2;3;1.0;6;686;GASTON BOISSIER;;;;780
32198;201300035735;13;3;28;1730;1;2;1;1.0;6;640;36, GENERAL EXELMANS (RU;;;;780
32199;201300035736;13;4;6;2010;1;2;1;1.0;6;640;2, EUROPE (AVENUE DE L');;;;780
32200;201300035737;13;4;11;1300;1;2;1;8.0;6;640;29bis, LOUIS BREGUET (AV;;;;780
32201;201300035738;13;4;17;705;2;2;1;8.0;2;640;1, PETIT CLAMART (RUE DU;;;;780
32202;201300035739;13;4;23;1615;1;2;1;1.0;6;640;1, SAVOIE (AVENUE DE);;;;780
32203;201300035740;13;4;25;955;1;2;1;1.0;6;640;1, PAULHAN (RUE);;;;780
32204;201300035741;13;5;16;150;3;1;1;1.0;7;640;ROBERT WAGNER (AVENUE);;;;780
32205;201300035743;13;6;28;1445;1;2;1;1.0;6;640;2, EUROPE (AVENUE DE L');;;;780
32206;201300035744;13;8;12;2245;5;2;4;1.0;7;640;EUROPE (AV DE L');;;;780
32207;201300035745;13;8;17;2235;5;2;1;1.0;7;686;JOSEPH CHALEIL;;;;780
32208;201300035746;13;8;18;240;5;2;3;1.0;7;640;ARISTIDE BRIAND;;;;780
32209;201300035747;13;10;3;900;1;2;3;1.0;3;686;179, GENERAL LECLERC (AV;;;;780
32210;201300035748;13;7;23;2015;1;2;1;1.0;7;640;38, GENERAL EXELMANS (RU;;;;780
32211;201300035749;13;12;16;1105;1;1;1;1.0;7;640;DIETZENBACH (RUE DE);;;;780
32212;201300035750;13;12;11;1405;1;1;1;1.0;1;322;PARC DE DIANE;;;;780
32213;201300035751;13;12;20;950;1;2;3;7.0;6;686;RIEUSSEC (RUE);;;;780
32214;201300035753;13;1;14;1830;5;2;6;4.0;6;646;R ST NICOLAS/CEINTURE;M;4880876.0;215555.0;780
32215;201300035754;13;10;10;1410;1;2;1;2.0;6;646;69, PAROISSE (RUE DE LA);;;;780
32216;201300035755;13;1;30;910;1;2;3;2.0;6;646;R HOCHE/PAROISSE;M;4880634.0;212806.0;780
32217;201300035756;13;1;30;835;1;2;1;2.0;6;646;13 R JEAN DE LA BRUYERE;M;4881326.0;214488.0;780
32218;201300035757;13;2;8;740;2;2;1;1.0;3;646;49 R DES CHANTIERS;M;4879432.0;214154.0;780
32219;201300035758;13;3;1;1630;1;2;6;1.0;3;646;BD DU ROI/BD DE LA REINE;M;4880954.0;212555.0;780
32220;201300035759;13;3;5;925;1;2;2;1.0;6;646;REPUBLIQUE/BONNE AVENTUR;M;4880647.0;214916.0;780
32221;201300035760;13;4;7;1045;1;1;1;1.0;5;524;RN 307;;;;780
32222;201300035761;13;4;17;1420;1;2;1;1.0;6;646;55 R D'ANJOU;M;4879619.0;212889.0;780
32223;201300035762;13;6;2;1425;1;2;1;1.0;6;646;NEPVEU NORD;;;;780
32224;201300035763;13;6;27;1000;1;2;1;1.0;6;646;R EXELMANS;;;;780
32225;201300035764;13;7;15;1840;1;2;1;1.0;6;646;DIVISION LECLERC (RUE DE;;;;780
32226;201300035765;13;9;26;1717;1;2;1;1.0;3;646;86, PARIS (AVENUE DE);;;;780
32227;201300035766;13;10;12;2345;5;2;2;1.0;3;646;MARECHAL FOCH (RUE DU);;;;780
32228;201300035767;13;10;16;1600;1;2;1;2.0;7;158;32, ROCQUENCOURT (AVENUE;;;;780
32229;201300035768;13;9;16;1615;1;2;1;2.0;6;158;109, VERSAILLES (RUE DE);;;;780
32230;201300035769;13;8;31;1020;1;2;2;1.0;6;646;ROYALE (RUE);;;;780
32231;201300035771;13;9;21;1840;1;2;1;9.0;2;158;26, VERSAILLES (RUE DE);;;;780
32232;201300035772;13;9;13;1905;1;2;1;1.0;6;646;13, ETATS GENERAUX;;;;780
32233;201300035774;13;9;30;1915;1;2;1;1.0;6;646;RUEIL (ROUTE DE);;;;780
32234;201300035775;13;11;11;1840;5;2;2;9.0;3;646;ECOLE DES POSTES;;;;780
32235;201300035776;13;11;19;1750;5;2;1;1.0;6;646;20, EUROPE (AVENUE DE L';;;;780
32236;201300035777;13;10;12;1215;1;2;1;1.0;6;646;7, COSTE (RUE);;;;780
32237;201300035778;13;10;18;1920;5;2;6;1.0;3;158;CHARLES DE GAULLE (AVENU;;;;780
32238;201300035779;13;10;24;735;5;2;3;1.0;6;646;PARC DE CLAGNY;;;;780
32239;201300035780;13;9;18;1330;1;2;6;1.0;6;646;2, LOI (PLACE DE LA);;;;780
32240;201300035781;13;11;4;1950;5;2;1;1.0;6;646;PARIS (AVENUE DE);;;;780
32241;201300035782;13;11;17;15;5;2;2;9.0;3;646;PARIS (AVENUE DE);;;;780
32242;201300035784;13;12;12;1005;1;2;1;9.0;6;646;16, ALBERT JOLY (RUE);;;;780
32243;201300035785;13;12;8;1455;1;2;1;1.0;6;158;DUTARTRE (AVENUE);;;;780
32244;201300035786;13;10;8;1820;1;2;2;1.0;6;418;227, GABRIEL PERI (AVENU;;;;780
32245;201300035787;13;6;19;1700;1;2;9;1.0;3;146;78, CARRIERES (ROUTE DE);;;;780
32246;201300035788;13;9;1;1740;1;2;1;1.0;3;650;20 bis, MONTESSON (ROUTE;;;;780
32247;201300035789;13;9;21;1755;1;2;2;1.0;6;146;MARECHAL FOCH (AVENUE DU;;;;780
32248;201300035790;13;6;1;1940;1;2;6;1.0;6;146;0, CLAUDE MONET (AVENUE);;;;780
32249;201300035791;13;6;19;1355;1;2;1;1.0;1;146;1, SABLONS (RUE DES);;;;780
32250;201300035792;13;1;19;30;5;2;6;8.0;6;191;114 AV. DE LA ROCHELLE;;;;790
32251;201300035794;13;1;16;750;5;2;6;4.0;7;191;RUE DU FIEF;;;;790
32252;201300035795;13;1;15;1825;5;2;1;1.0;7;191;6 RUE DU 24 FEVRIER;;;;790
32253;201300035796;13;2;20;1720;1;2;6;1.0;3;191;PLACE DU ROULAGE;;;;790
32254;201300035798;13;2;19;2150;5;2;2;1.0;3;191;82 RUE DE LA GARE;;;;790
32255;201300035800;13;1;28;750;2;2;2;1.0;3;191;RUE DU MARECHAL LECLERC;;;;790
32256;201300035801;13;1;28;1935;5;2;2;1.0;3;191;44 RUE DE LA GARE;;;;790
32257;201300035803;13;4;14;1850;1;2;2;1.0;2;191;49 RUE FIEF D'AMOURETTES;;;;790
32258;201300035805;13;4;21;1955;2;2;2;1.0;3;191;102 RUE DE CHOLETTE;;;;790