;Num_Acc;an;mois;jour;hrmn;lum;agg;int;atm;col;com;adr;gps;lat;long;dep
32259;201300035806;13;2;8;1235;1;2;1;2.0;6;191;8 RUE DE LA GARE;;;;790
32260;201300035808;13;6;5;1825;1;2;3;8.0;2;191;BD DE L'ATLANTIQUE;;;;790
32261;201300035809;13;6;15;1605;1;2;1;1.0;7;81;RUE DU PUITS DE LA VILLE;;;;790
32262;201300035810;13;2;23;1750;2;2;1;1.0;7;191;26 RUE MAZAGRAN;;;;790
32263;201300035811;13;2;25;1010;1;2;9;1.0;6;191;BOULEVARD MENDES FRANCE;;;;790
32264;201300035812;13;8;22;1355;1;2;3;1.0;3;191;158 ROUTE DE COULONGES;;;;790
32265;201300035813;13;9;20;720;3;2;1;2.0;5;191;ROUTE DE COULONGES;;;;790
32266;201300035814;13;9;28;2155;5;2;1;1.0;3;191;27 RUE DE FLEURELLE;;;;790
32267;201300035815;13;3;24;1720;1;2;1;1.0;7;191;19 QUAI DE BELLE ILE;;;;790
32268;201300035816;13;4;17;1720;1;2;2;1.0;3;191;226 RUE DU MCHAL LECLERC;;;;790
32269;201300035817;13;11;19;955;1;2;1;1.0;7;191;27 RUE DU 24 FEVRIER;;;;790
32270;201300035818;13;11;26;1715;2;2;3;8.0;3;191;302 ROUTE D'AIFFRES;;;;790
32271;201300035819;13;12;4;25;3;1;1;1.0;7;191;ROUTE DE PARIS;;;;790
32272;201300035820;13;4;30;1730;1;2;1;1.0;7;191;12 RUE DES HERBILLAUX;;;;790
32273;201300035821;13;12;26;2300;5;2;2;1.0;3;191;AV DE LA VENISE VERTE;;;;790
32274;201300035822;13;12;29;1540;1;2;1;7.0;7;81;57 RUE DU TEMPLE;;;;790
32275;201300035824;13;6;7;1540;1;2;1;8.0;4;191;118 AVENUE DE PARIS;;;;790
32276;201300035825;13;6;15;1035;1;2;1;8.0;5;191;BD GEORGES POMPIDOU;;;;790
32277;201300035826;13;6;24;1250;1;2;3;1.0;7;191;73 RUE DES SABLIERES;;;;790
32278;201300035827;13;6;26;1640;1;2;1;1.0;7;191;389 AVENUE DE PARIS;;;;790
32279;201300035828;13;8;10;1715;1;2;1;1.0;6;191;12 QUAI DE REGRATTERIE;;;;790
32280;201300035830;13;9;14;1210;1;2;1;2.0;7;191;35 RUE DE LA VERRERIE;;;;790
32281;201300035831;13;9;23;950;1;2;1;1.0;7;191;27 AVENUE NANTES;;;;790
32282;201300035832;13;10;25;1900;5;2;1;2.0;2;191;430 AVENUE DE LIMOGES;;;;790
32283;201300035833;13;1;1;925;1;2;1;8.0;6;300;5 RUE DES SOURCES;;;;790
32284;201300035834;13;1;8;750;5;2;1;8.0;3;300;EMILE ZOLA (AVENUE);;;;790
32285;201300035835;13;1;10;1800;5;2;1;2.0;2;329;43 AVENUE VICTOR HUGO;;;;790
32286;201300035836;13;1;18;810;5;2;1;4.0;7;329;158 AVENUE EMILE ZOLA;;;;790
32287;201300035837;13;2;2;250;5;2;3;8.0;6;329;01 PLACE DES MALIGRETTES;;;;790
32288;201300035839;13;3;1;1750;1;2;3;1.0;3;329;42 RUE JULES MICHELET;;;;790
32289;201300035840;13;3;6;1655;1;2;6;2.0;3;329;1 BD JACQUES MENARD;;;;790
32290;201300035841;13;3;21;1747;1;1;1;2.0;6;329;51 RUE MAISON SECHE;;;;790
32291;201300035843;13;5;18;1810;1;2;3;3.0;6;329;83 AVENUE EMILE ZOLA;;;;790
32292;201300035844;13;5;25;1620;1;2;1;1.0;2;329;37 AVENUE EMILE ZOLA;;;;790
32293;201300035845;13;6;5;1035;1;2;1;1.0;3;329;11 RUE ERNEST PEROCHON;;;;790
32294;201300035846;13;6;13;1035;1;2;1;3.0;3;329;110 AVENUE EMILE ZOLA;;;;790
32295;201300035847;13;6;27;2020;1;2;1;1.0;6;329;1 AV DES MARTYRS ...;;;;790
32296;201300035848;13;6;30;820;1;2;1;1.0;7;329;55 AV. VICTOR LECLERC;;;;790
32297;201300035849;13;7;12;1005;1;2;1;1.0;2;329;3 AVENUE EMILE ZOLA;;;;790
32298;201300035850;13;8;4;1815;1;2;1;1.0;7;329;23 RUE SAINT MEDARD;;;;790
32299;201300035851;13;8;20;1430;1;1;1;1.0;7;259;RUE DU PETITS BOURNAIS;;;;790
32300;201300035852;13;8;30;1215;1;2;1;1.0;6;329;RUE DU GRENIER A SEL;;;;790
32301;201300035853;13;9;2;2010;2;2;2;1.0;3;329;11 BD PIERRE CURIE;;;;790
32302;201300035854;13;9;5;1210;1;2;3;1.0;5;300;156 AVENUE EMILE ZOLA;;;;790
32303;201300035855;13;9;9;1130;1;2;1;1.0;2;329;85 RUE JULES GUESDE;;;;790
32304;201300035856;13;9;11;2307;3;1;6;8.0;7;259;ROUTE DE PARTHENAY;;;;790
32305;201300035857;13;10;3;1155;1;2;2;2.0;3;329;74 RUE JULES GUESDE;;;;790
32306;201300035858;13;10;10;750;2;2;2;2.0;7;329;1 RUE DU PINEAU;;;;790
32307;201300035859;13;11;5;1202;2;2;6;2.0;3;329;;;;;790
32308;201300035860;13;11;6;1335;1;2;2;1.0;3;329;RP DU 19 MARS 1962;;;;790
32309;201300035861;13;11;28;1010;1;2;1;1.0;6;329;27 AVENUE EMILE ZOLA;;;;790
32310;201300035862;13;11;30;1415;1;1;2;1.0;3;259;;;;;790
32311;201300035863;13;12;10;1810;5;2;1;1.0;3;329;15 BOULEVARD BERGEON;;;;790
32312;201300035864;13;12;28;1715;3;2;1;8.0;6;329;10 RUE DE BRUXELLES;;;;790
32313;201300035865;13;12;18;1335;1;2;6;1.0;3;1;RUE JEAN JAURES;M;5010406.0;182794.0;800
32314;201300035866;13;2;12;1830;5;2;1;1.0;6;1;124,BD DE LA REPUBLIQUE;;;;800
32315;201300035867;13;6;5;2010;1;2;1;1.0;3;1;231,COTE DE LA JUSTICE;;;;800
32316;201300035868;13;2;25;1445;1;2;5;1.0;3;1;124,A DU GENERAL LECLERC;;;;800
32317;201300035869;13;6;12;1225;1;2;1;1.0;6;1;8, PRESIDENT VINCENT AUR;;;;800
32318;201300035870;13;7;7;2130;1;2;1;1.0;3;1;180,BD DE LA REPUBLIQUE;;;;800
32319;201300035871;13;9;5;915;1;2;1;7.0;6;1;110,CHAUSSEE DE ROUVROY;;;;800
32320;201300035872;13;9;20;855;1;2;2;7.0;3;1;52,RUE VENTOSE;M;5010264.0;186439.0;800
32321;201300035874;13;9;18;1645;1;2;3;1.0;3;1;24, JEAN JAURES;M;5010350.0;182620.0;800
32322;201300035875;13;10;22;1325;1;2;2;1.0;3;1;AVENUE ROBERT SCHUMAN;M;5010207.0;185809.0;800
32323;201300035876;13;10;27;1805;5;2;1;1.0;6;1;28, SAINT-GILLES;M;5010272.0;183801.0;800
32324;201300035877;13;1;4;1940;5;2;3;1.0;1;21;RUE ROBERT LE COQ;M;4990064.0;226945.0;800
32325;201300035878;13;1;3;1450;1;1;1;1.0;5;379;ROUTE DE ST QUENTIN;;;;800
32326;201300035879;13;1;1;1220;1;1;1;1.0;7;21;ROCADE NORD RN 1;;;;800
32327;201300035881;13;1;10;820;2;2;1;1.0;2;21;480,RUE SAINT MAURICE;M;4991350.0;228117.0;800
32328;201300035882;13;1;9;1340;1;2;1;2.0;6;131;MONTDIDIER (RUE DE);;;;800
32329;201300035883;13;1;11;815;2;2;2;1.0;3;674;RUE THUILLIER DELAMBRE;M;4990243.0;232268.0;800
32330;201300035884;13;1;14;1645;1;2;3;2.0;6;21;BD DE SAINT QUENTIN;M;4987929.0;229655.0;800
32331;201300035885;13;1;16;1250;1;2;1;1.0;3;21;114, QUAI DE LA SOMME;M;4990159.0;228793.0;800
32332;201300035886;13;1;16;1330;1;2;2;1.0;3;21;AVENUE DE LA PAIX;M;4991162.0;230975.0;800
32333;201300035887;13;1;16;1630;1;2;3;1.0;3;21;AVENUE GENERAL FOY;M;4989242.0;228442.0;800
32334;201300035888;13;1;20;1850;5;2;1;4.0;6;21;4,RUE BALZAC;M;4990979.0;231764.0;800
32335;201300035889;13;1;17;1320;1;2;2;1.0;3;21;RUE ROGER ONFRAY;M;4990317.0;231568.0;800
32336;201300035890;13;1;25;1340;1;2;1;1.0;2;21;AVENUE ROGER DUMOULIN;;;;800
32337;201300035891;13;1;28;1130;1;2;1;1.0;2;21;55,CHAUSSE JULES FERRY;M;4988376.0;232400.0;800
32338;201300035892;13;1;29;1755;5;2;1;2.0;3;21;85,RUE VULFRAN WARME;M;4988653.0;230704.0;800
32339;201300035893;13;2;2;1000;1;2;1;1.0;6;261;ROUTE D' AMIENS;M;4986586.0;227795.0;800
32340;201300035894;13;2;4;1850;5;2;2;1.0;3;21;RUE FLATTERS;M;4989618.0;230007.0;800
32341;201300035895;13;2;5;1710;1;2;1;1.0;4;21;149,RUE DE ROUEN;M;4988780.0;228522.0;800
32342;201300035896;13;2;4;1855;5;2;1;1.0;3;21;196,RUE FAUBOURG DE HEM;M;4990251.0;227689.0;800
32343;201300035897;13;2;6;2040;5;2;1;2.0;1;21;BOULEVARD DU PORT;M;4989721.0;228950.0;800
32344;201300035898;13;2;6;753;1;2;3;1.0;3;21;RUE DU MOULIN;M;4988586.0;228634.0;800
32345;201300035899;13;2;8;745;2;2;1;1.0;6;21;18,RUE DE PRAGUE;M;4987250.0;231909.0;800
32346;201300035900;13;2;7;1820;5;2;4;1.0;3;632;ROUTE DE ROUEN;M;4988036.0;225675.0;800
32347;201300035901;13;2;12;1340;1;2;1;1.0;6;21;RUE ROGER MARTIN DU GARD;M;4991552.0;230256.0;800
32348;201300035902;13;2;15;1930;5;2;4;1.0;3;21;BOULEVARD FAIDHERBE;M;4989651.0;228887.0;800
32349;201300035903;13;2;15;750;1;1;1;1.0;2;164;ROCADE NORD EST RN 25;;;;800
32350;201300035904;13;2;20;1220;1;2;6;1.0;3;21;227,RUE D' ABBEVILLE;;;;800
32351;201300035905;13;2;20;1310;1;2;1;1.0;3;21;356,RUE D' ABBEVILLE;;;;800
32352;201300035906;13;2;27;1630;1;2;2;1.0;3;21;RUE LUCIEN LECOINTE;M;4991050.0;231518.0;800
32353;201300035907;13;2;27;1300;1;2;2;1.0;3;21;RUE ROHAUT;M;4988502.0;230947.0;800
32354;201300035908;13;2;28;1310;1;2;1;1.0;3;489;189, PHARE DU BOUT DU MO;M;4986747.0;236277.0;800
32355;201300035909;13;3;2;1625;1;2;1;1.0;4;21;131,RUE SAINT FUSCIEN;M;4988032.0;230493.0;800
32356;201300035911;13;3;4;1735;1;2;6;1.0;6;21;RUE SAINT FUSCIEN;M;4987083.0;230707.0;800
32357;201300035912;13;3;4;1805;1;2;2;1.0;3;21;RUE ANDRE CHENIER;M;4987761.0;228637.0;800
32358;201300035913;13;3;5;1950;5;2;1;1.0;6;21;30,ROUTE DE PARIS;M;4988600.0;228793.0;800
32359;201300035914;13;3;6;920;1;1;1;1.0;7;164;ROCADE NORD EST RN 25;;;;800
32360;201300035915;13;3;4;1450;1;2;1;1.0;6;21;10,RUE DES SERGENTS;M;4989417.0;229919.0;800
32361;201300035916;13;3;9;30;5;2;2;1.0;6;21;BD ALSACE LORRAINE;M;4989229.0;230771.0;800
32362;201300035917;13;3;9;2320;5;2;1;1.0;6;21;13,RUE DU GRAND MARAIS;M;4991966.0;226897.0;800
32363;201300035919;13;3;11;1705;1;2;1;1.0;4;21;189,BD SAINT QUENTIN;M;4987910.0;229999.0;800
32364;201300035921;13;3;17;2050;5;2;2;1.0;3;21;AV PIERRE MENDES FRANCE;M;4990161.0;228413.0;800
32365;201300035922;13;3;19;950;1;2;2;1.0;3;21;36,PLACE PARMENTIER;M;4989536.0;230619.0;800
32366;201300035923;13;3;24;1655;1;2;1;1.0;3;21;216,RUE SAINT FUSCIEN;M;4987807.0;230543.0;800
32367;201300035924;13;3;26;835;1;2;1;1.0;6;21;37,BOULEVARD DE FEDERES;M;4989549.0;228335.0;800
32368;201300035925;13;3;28;1705;1;2;1;1.0;6;160;60,RUE HENRI BARBUSSE;M;4985869.0;234690.0;800
32369;201300035926;13;3;28;1545;1;2;2;1.0;3;21;RUE DUFOUR;M;4988537.0;229705.0;800
32370;201300035927;13;4;2;1555;1;2;1;1.0;3;21;BOULEVARD DE ROUBAIX;M;4991324.0;231264.0;800
32371;201300035928;13;4;3;1120;1;2;1;1.0;3;21;AV GEORGES QUARANTE;M;4991704.0;225730.0;800
32372;201300035929;13;4;4;1818;1;2;2;1.0;6;21;RUE DES OTAGES;M;4988970.0;230271.0;800
32373;201300035930;13;4;7;820;1;1;1;1.0;6;131;RD 934;;;;800
32374;201300035932;13;4;8;1730;1;2;1;1.0;6;21;22,RUE MONTESQUIEU;M;4990332.0;229538.0;800
32375;201300035933;13;4;11;2205;5;2;1;1.0;6;21;3,RUE LA BRUYERE;M;4990928.0;231639.0;800
32376;201300035934;13;4;12;1555;1;2;3;1.0;3;21;225,RUE LUCIEN LECOINTE;M;4990827.0;231223.0;800
32377;201300035935;13;4;12;1425;1;2;1;1.0;3;21;36,BOULEVARD DE BELFORT;M;4988857.0;230399.0;800
32378;201300035936;13;4;12;1215;1;2;1;1.0;3;21;360,CHAUSSEE JULES FERRY;M;4987914.0;233520.0;800
32379;201300035937;13;4;15;830;1;2;6;1.0;3;725;AVENUE LAENNEC;;;;800
32380;201300035938;13;4;16;1420;1;2;1;1.0;6;261;ROUTE D' AMIENS;M;4986585.0;227795.0;800
32381;201300035939;13;4;17;430;5;2;1;2.0;3;21;179,BD BEAUVILLE;M;4989988.0;231320.0;800
32382;201300035940;13;4;19;19;5;2;6;1.0;6;21;BOULEVARD CARNOT;M;4989316.0;228609.0;800
32383;201300035941;13;4;17;1815;1;2;1;1.0;3;21;248,CHAUSSEE JULES FERRY;M;4988061.0;233175.0;800
32384;201300035942;13;4;17;1600;1;1;2;1.0;3;21;RUE LUCIEN LECOINTE;M;4991086.0;231575.0;800
32385;201300035943;13;4;29;2300;5;2;1;1.0;1;725;AVENUE DES FACULTES;M;4987306.0;226400.0;800
32386;201300035944;13;4;25;1850;1;2;2;1.0;3;489;16,RUE GERARD PHILIPE;M;4987077.0;236310.0;800
32387;201300035945;13;4;22;1710;1;2;3;1.0;3;21;98,RUE DU VIVIER;M;4989432.0;230990.0;800
32388;201300035947;13;4;24;2230;5;1;3;1.0;3;131;RD935;;;;800
32389;201300035948;13;5;2;1505;1;2;1;1.0;6;164;CAR AMBROISE CROIZAT;M;4989972.0;234071.0;800
32390;201300035949;13;5;4;1545;1;2;1;1.0;3;489;RUE PIERRE SEMART;M;4986992.0;234855.0;800
32391;201300035950;13;5;3;1850;1;2;1;1.0;4;21;144, RUE JEAN MOULIN;M;4987977.0;227544.0;800
32392;201300035951;13;5;3;845;1;2;3;1.0;3;21;AVENUE D' IRLANDE;M;4987083.0;229512.0;800
32393;201300035952;13;5;6;1700;1;2;1;1.0;2;21;515, AV 14 JUILLET 1789;M;4987344.0;228112.0;800
32394;201300035953;13;5;12;1200;1;2;3;1.0;3;21;RUE CESAR FRANCK;M;4991239.0;230983.0;800
32395;201300035954;13;5;10;1130;1;2;3;1.0;3;21;RUE DES BONNARDS;M;4990149.0;230649.0;800
32396;201300035955;13;5;10;1200;1;1;1;2.0;1;21;;;;;800
32397;201300035956;13;5;14;1650;1;2;1;1.0;6;21;2,PORT D' AMONT;M;4989535.0;230632.0;800
32398;201300035957;13;5;20;1436;1;2;6;2.0;3;489;AV DE LA VILLE IDEALE;M;4986799.0;237336.0;800
32399;201300035958;13;5;16;1635;1;2;3;3.0;3;164;RUE AMBROISE CROIZAT;;;;800
32400;201300035959;13;5;17;1340;1;2;1;1.0;7;674;121, THUILLIER DELAMBRE;M;4990190.0;232698.0;800
32401;201300035960;13;5;22;1655;1;2;1;1.0;6;21;30,RUE VANMARCKE;M;4989623.0;230293.0;800
32402;201300035961;13;5;22;1836;1;2;1;1.0;6;21;57,BLD DE PONT NOYELLES;M;4988462.0;232132.0;800
32403;201300035962;13;5;24;1125;1;2;1;2.0;2;21;3,CHAUSSEE SAINT PIERRE;M;4990210.0;230029.0;800
32404;201300035963;13;5;24;1650;1;2;1;1.0;3;21;380,RUE D' ABBEVILLE;;;;800
32405;201300035964;13;5;27;1630;1;2;3;1.0;3;489;115,RUE JEAN JAURES;M;4986802.0;235539.0;800
32406;201300035965;13;6;2;2002;1;1;1;1.0;6;21;ROCADE NORD RN 1;;;;800
32407;201300035966;13;5;31;800;1;2;2;1.0;6;21;161,BOULEVARD DE BAPAUME;M;4988086.0;231340.0;800
32408;201300035968;13;6;4;1235;1;2;1;1.0;3;21;4,AVENUE JULES VALLES;M;4991576.0;224808.0;800
32409;201300035969;13;6;6;1950;1;2;1;2.0;6;21;1,BOULEVARD DE BELFORT;M;4988920.0;230528.0;800
32410;201300035970;13;6;6;740;1;2;1;1.0;2;21;4,RUE DE ILE DE FRANCE;M;4991236.0;224547.0;800
32411;201300035971;13;6;8;2225;1;1;1;1.0;7;21;ROCADE NORD RN 1;;;;800
32412;201300035972;13;6;8;1;5;2;1;1.0;5;379;AVENUE ETOILE DU SUD;M;4986543.0;239119.0;800
32413;201300035973;13;6;7;1700;1;2;1;1.0;4;261;RD 1001;;;;800
32414;201300035974;13;6;10;1640;1;2;3;1.0;6;21;RUE ELSA TRIOLET;M;4987029.0;232731.0;800
32415;201300035975;13;6;10;850;1;2;3;1.0;3;21;RUE SAINT LEU;M;4989620.0;230008.0;800
32416;201300035976;13;6;11;1635;1;2;1;1.0;6;21;BOULEVARD DE BAPAUME;M;4988026.0;231111.0;800
32417;201300035977;13;6;11;930;1;2;1;1.0;2;21;ESPL EDOUARD BRANLY;M;4989015.0;229018.0;800
32418;201300035978;13;6;14;1025;1;2;3;1.0;3;21;RUE FLORIMONT  LEROUX;M;4989644.0;229287.0;800
32419;201300035979;13;6;14;1345;1;1;1;1.0;2;21;00, BRETELLE ACCES ROCAD;;;;800
32420;201300035980;13;6;17;1025;1;1;2;2.0;2;131;RD 934;;;;800
32421;201300035981;13;6;19;1825;1;1;2;1.0;3;131;RD 934;;;;800
32422;201300035982;13;6;20;2225;3;1;1;1.0;1;164;ROUTE CORBIE;M;4990127.0;235249.0;800
32423;201300035984;13;6;22;845;1;2;1;1.0;1;21;RUE GENERAL LECLERC;M;4989504.0;229340.0;800
32424;201300035985;13;6;23;40;5;2;1;1.0;3;21;20,PLACE PARMENTIER;M;4989549.0;230556.0;800
32425;201300035986;13;6;25;2015;1;2;6;1.0;2;21;CAR GEORGES CLEMENCEAU;M;4990737.0;230212.0;800
32426;201300035987;13;6;25;1330;1;2;1;1.0;6;21;151,CHAUSSE SAINT PIERRE;M;4990360.0;230688.0;800
32427;201300035990;13;7;4;945;1;2;1;1.0;2;21;81,BOULEVARD DU CANGE;M;4989822.0;230569.0;800
32428;201300035991;13;7;4;1140;1;1;2;1.0;3;724;RD 210;;;;800
32429;201300035992;13;7;5;1040;1;2;1;1.0;4;21;342,RUE SAINT MAURICE;M;4990859.0;228466.0;800
32430;201300035993;13;7;8;1655;1;2;1;1.0;3;256;314,AV.  LOUIS PASTEUR;;;;800
32431;201300035994;13;7;8;1715;1;2;1;7.0;3;489;14 BIS, AV PAUL BAROUX;M;4987484.0;235407.0;800
32432;201300035995;13;7;12;2135;5;2;1;1.0;6;21;189,RUE JEAN MOULIN;M;4987845.0;227253.0;800
32433;201300035996;13;7;10;1420;1;2;6;1.0;3;21;417,RUE D' ABBEVILLE;;;;800
32434;201300035997;13;7;11;545;1;2;1;1.0;6;21;RUE FRANKLIN ROOSEVELT;M;4990984.0;229778.0;800
32435;201300035998;13;7;11;1905;1;2;1;1.0;3;21;80,AV. DEFENSE PASSIVE;M;4990838.0;232392.0;800
32436;201300035999;13;7;12;1200;1;2;1;1.0;3;21;25, VOGEL (PLACE);M;4989763.0;229649.0;800
32437;201300036000;13;7;14;1915;1;2;6;1.0;3;21;RUE FAUBOURG DE HEM;;;;800
32438;201300036001;13;7;17;1200;1;2;1;1.0;2;21;PORT D' AVAL;M;4989845.0;229273.0;800
32439;201300036002;13;7;20;1130;1;2;3;1.0;3;21;RUE FRANKLIN ROOSEVELT;M;4991042.0;229687.0;800
32440;201300036003;13;7;20;1610;1;2;1;1.0;2;261;ZONE COMMERCIALE AUCHAN;M;4986191.0;227785.0;800
32441;201300036004;13;7;20;2030;1;2;1;1.0;6;21;130,RUE DE PARIS;M;4988679.0;228847.0;800
32442;201300036005;13;7;20;1725;1;2;2;1.0;3;21;BD BEAUVILLE;M;4990318.0;231550.0;800
32443;201300036006;13;7;22;1833;1;2;1;1.0;6;21;10,PLACE MARECHAL JOFFRE;M;4988740.0;230310.0;800
32444;201300036007;13;7;22;1725;1;2;1;1.0;2;21;28,RUE EMILE FRANCFORT;M;4989695.0;226380.0;800
32445;201300036008;13;8;1;145;5;2;1;1.0;6;21;14,RUE SAGEBIEN;M;4987932.0;229075.0;800
32446;201300036009;13;7;29;1340;1;2;1;1.0;3;261;ZONE COMMERCIALE AUCHAN;M;4986191.0;227785.0;800
32447;201300036011;13;8;8;1900;1;2;1;1.0;6;489;07, LEO FERRE;M;4987142.0;236472.0;800
32448;201300036012;13;8;13;1220;1;1;1;1.0;6;164;ROUTE CORBIE;;;;800
32449;201300036013;13;8;10;140;5;2;1;1.0;6;21;55,RUE VANMARCKE;M;4989603.0;230366.0;800
32450;201300036014;13;8;9;1400;1;2;2;1.0;3;21;PLACE VOGEL;M;4989792.0;229537.0;800
32451;201300036015;13;8;14;2010;1;2;1;1.0;6;21;626,RUE D' ABBEVILLE;;;;800
32452;201300036016;13;8;20;1818;1;2;1;1.0;3;21;RUE POINTIN;M;4988551.0;231168.0;800
32453;201300036017;13;8;19;900;1;1;1;1.0;6;21;ROCADE NORD RN 1;;;;800
32454;201300036018;13;8;22;855;1;2;1;1.0;2;21;BD SAINT QUENTIN;M;4987908.0;230072.0;800
32455;201300036019;13;8;23;2130;3;1;2;1.0;3;724;00, RD 210;;;;800
32456;201300036020;13;8;25;1515;1;2;2;2.0;3;21;R RICHARD DE FOURNIVAL;M;4988316.0;231521.0;800
32457;201300036021;13;8;28;1045;1;2;1;1.0;2;164;ROCADE NORD EST RN 25;;;;800
32458;201300036022;13;8;27;1420;1;2;3;1.0;3;21;BD MAIGNAN LARIVIERE;M;4989032.0;229089.0;800
32459;201300036023;13;8;31;1915;1;2;3;1.0;3;21;PLACE LEON DEBOUVERIE;M;4989452.0;229573.0;800
32460;201300036024;13;8;29;1715;1;2;1;1.0;3;21;ROCADE NORD RN 1;;;;800
32461;201300036026;13;9;3;830;1;2;1;1.0;2;21;661,RUE D' ABBEVILLE;;;;800
32462;201300036027;13;9;3;1940;2;2;1;1.0;2;21;BD ALSACE LORRAINE;M;4989449.0;230938.0;800
32463;201300036028;13;9;2;1420;1;2;1;1.0;2;21;RUE PIERRE ROLLIN;M;4987745.0;231256.0;800
32464;201300036029;13;9;2;845;1;2;1;1.0;3;21;RUE FRANKLIN ROOSEVELT;M;4991545.0;229434.0;800
32465;201300036030;13;9;5;1345;1;2;1;1.0;3;21;502, AV. 14 JUILLET 1789;M;4987939.0;228345.0;800
32466;201300036031;13;9;4;1903;1;2;1;1.0;3;489;RUE DE CAMON;M;4987653.0;235148.0;800
32467;201300036032;13;9;6;1510;1;2;1;3.0;3;21;AV DE LA DEFENSE PASSIVE;M;4990708.0;231923.0;800
32468;201300036033;13;9;8;1240;1;2;1;1.0;1;21;CHAUSSEE SAINT PIERRE;M;4990257.0;230270.0;800
32469;201300036034;13;9;10;1725;1;1;1;1.0;7;21;ROUTE DE RAINNEVILLE;;;;800
32470;201300036035;13;9;9;1410;1;2;1;1.0;6;489;69,RUE VICTOR CAMELINAT;M;4986999.0;235535.0;800
32471;201300036036;13;9;11;1825;1;2;1;1.0;3;21;131,RUE ALEXANDRE DUMAS;M;4987480.0;228576.0;800
32472;201300036037;13;9;14;530;5;2;1;2.0;6;21;1,AVENUE PAUL CLAUDEL;M;4987526.0;227866.0;800
32473;201300036038;13;9;13;1645;1;2;1;1.0;6;21;1, RUE CHAUVELIN;M;4989687.0;228229.0;800
32474;201300036039;13;9;15;1355;1;2;1;1.0;1;21;43,ALLEE DELPHINIUM;M;4987608.0;227572.0;800
32475;201300036040;13;9;19;2110;5;2;1;1.0;6;21;1,RUE PRESIDENT KENNEDY;M;4990655.0;230295.0;800
32476;201300036041;13;9;18;1405;1;2;6;1.0;2;21;478,RUE D' ABBEVILLE;;;;800
32477;201300036042;13;9;17;1430;1;2;6;1.0;3;379;ROUTE DE ST QUENTIN;;;;800
32478;201300036043;13;9;19;750;1;2;1;1.0;3;21;BOULEVARD DE BELFORT;M;4988859.0;230306.0;800
32479;201300036044;13;9;20;2030;3;1;1;1.0;2;21;RAINNEVILLE CD11  (ROUTE;;;;800
32480;201300036045;13;9;20;755;1;2;1;1.0;3;21;7, BD DE BEAUVILLE;M;4989573.0;230999.0;800
32481;201300036046;13;9;20;910;1;2;6;1.0;3;21;RUE VANMARCKE;M;4989672.0;230042.0;800
32482;201300036048;13;9;27;1400;1;2;1;1.0;6;21;39,RUE DE QUEBEC;M;4987042.0;233162.0;800
32483;201300036049;13;9;29;1715;1;1;1;1.0;7;21;ROUTE DE RAINNEVILLE;;;;800
32484;201300036050;13;9;30;1615;1;2;3;1.0;3;21;RUE WINSTON CHURCHILL;M;4990851.0;230446.0;800
32485;201300036051;13;9;30;2210;5;2;1;1.0;6;21;50,RUE ELOI MOREL;M;4990183.0;230478.0;800
32486;201300036052;13;9;26;1450;1;2;1;1.0;3;21;449,RUE DE  VERDUN;M;4989092.0;232468.0;800
32487;201300036053;13;9;27;2000;2;2;1;1.0;6;21;RUE D' AUSTRALIE;M;4990484.0;227346.0;800
32488;201300036054;13;10;2;1530;1;2;1;1.0;3;21;81,AV. DEFENSE PASSIVE;M;4990810.0;232281.0;800
32489;201300036055;13;10;7;1735;1;2;6;1.0;2;21;10,RUE DE PRAGUE;M;4987259.0;231901.0;800
32490;201300036056;13;10;7;810;2;2;1;5.0;3;21;7,RUE DE PARIS;M;4988883.0;228991.0;800
32491;201300036057;13;10;10;1850;2;2;2;1.0;3;21;RUE VATABLE;M;4988467.0;231953.0;800
32492;201300036058;13;10;8;800;1;2;1;5.0;4;21;168,RUE ROBERT LE COQ;M;4990046.0;226915.0;800
32493;201300036059;13;10;8;950;1;2;5;1.0;3;21;BD CHATEAUDUN;M;4988387.0;228245.0;800
32494;201300036060;13;10;8;1650;1;2;1;1.0;6;21;PLACE RENE GOBLET;M;4989153.0;230264.0;800
32495;201300036061;13;10;9;810;1;2;1;1.0;2;21;RUE ALEXANDRE DUMAS;M;4987076.0;230862.0;800
32496;201300036062;13;10;9;748;2;2;1;1.0;6;21;3,RUE D' ABBEVILLE;;;;800
32497;201300036063;13;10;8;905;1;2;1;5.0;6;21;10,RUE MARIVAUX;M;4991401.0;232428.0;800
32498;201300036064;13;10;14;1845;5;2;1;2.0;2;21;RUE DE LA RESISTANCE;M;4989794.0;229549.0;800
32499;201300036065;13;10;22;1905;5;2;1;2.0;6;21;BD ALSACE LORRAINE;M;4989451.0;230929.0;800
32500;201300036066;13;10;22;1215;1;2;1;1.0;2;21;43,RUE ALEXANDRE DUMAS;M;4987119.0;230099.0;800
32501;201300036067;13;10;24;1800;1;2;1;1.0;6;21;41,ALLEE DU DELPHINIUM;M;4987578.0;227526.0;800
32502;201300036068;13;10;25;1125;1;2;1;1.0;2;21;5,PLACE MARECHAL FOCH;M;4989371.0;228434.0;800
32503;201300036069;13;11;5;1140;1;2;1;1.0;6;21;57,BD PONT NOYELLES;M;4988337.0;231996.0;800
32504;201300036070;13;10;25;1855;5;2;5;2.0;6;21;BOULEVARD CHATEAUDUN;M;4988171.0;228493.0;800
32505;201300036071;13;11;2;1130;1;1;1;1.0;6;379;;;;;800