;Num_Acc;an;mois;jour;hrmn;lum;agg;int;atm;col;com;adr;gps;lat;long;dep
32506;201300036072;13;11;4;1200;1;2;1;2.0;2;21;RUE GEORGES BEAUVAIS;M;4987776.0;228775.0;800
32507;201300036074;13;11;8;2200;3;1;1;2.0;6;21;RUE DE SAVEUSE;;;;800
32508;201300036075;13;11;7;1735;5;2;1;3.0;6;21;437,RUE DE CAGNY;M;4987688.0;232696.0;800
32509;201300036076;13;11;12;1740;5;2;1;2.0;3;21;76,AV DU GENERAL FOY;M;4989128.0;228327.0;800
32510;201300036078;13;11;7;1213;1;2;1;2.0;6;21;4,ALLEE PIERRE ROLLIN;M;4987603.0;231307.0;800
32511;201300036079;13;11;6;1900;5;2;1;1.0;6;21;23,BD MAIGNAN LARIVIERE;M;4988926.0;229390.0;800
32512;201300036080;13;11;12;1900;1;2;1;1.0;6;21;7,BD ALSACE LORRAINE;M;4989170.0;230703.0;800
32513;201300036082;13;11;13;2015;5;2;1;1.0;6;21;7,RUE FENELON;M;4991441.0;232074.0;800
32514;201300036083;13;11;20;743;1;2;1;1.0;6;21;60,AVENUE LOUIS BLANC;M;4990206.0;227256.0;800
32515;201300036084;13;11;13;1645;1;2;1;1.0;6;21;3, BD DE BELFORT;M;4988930.0;230546.0;800
32516;201300036085;13;11;15;930;1;2;1;1.0;4;21;146,RUE JEAN MOULIN;M;4987971.0;227532.0;800
32517;201300036086;13;11;21;1725;5;2;1;1.0;6;21;360,RUE D' ABBEVILLE;;;;800
32518;201300036087;13;11;15;1510;1;2;1;1.0;6;21;PLACE DE GORLITZ;M;4987163.0;231925.0;800
32519;201300036088;13;11;18;1555;1;2;1;1.0;2;21;101,AV. ROGER DUMOULIN;;;;800
32520;201300036089;13;11;22;905;1;2;1;1.0;4;21;518, QUATORZE JUILLET 17;M;4987771.0;228278.0;800
32521;201300036090;13;11;23;2100;5;2;1;1.0;3;21;AV QUATORZE JUILLET 1789;M;4987730.0;228273.0;800
32522;201300036091;13;11;26;1620;1;2;1;8.0;6;21;384,RUE SAINT FUSCIEN;M;4987406.0;230653.0;800
32523;201300036093;13;12;1;1;4;1;1;2.0;6;21;RN 1;;;;800
32524;201300036094;13;12;2;815;2;2;1;1.0;6;21;6,BOULEVARD CARNOT;M;4989061.0;229028.0;800
32525;201300036095;13;11;30;1540;1;2;1;1.0;2;379;ROUTE DE ST QUENTIN;;;;800
32526;201300036096;13;11;30;1735;5;2;1;1.0;3;21;63 AVENUE ROGER DUMOULIN;;;;800
32527;201300036097;13;12;4;1900;5;2;6;2.0;3;21;AV. 14 JUILLET 1789;M;4987548.0;228212.0;800
32528;201300036098;13;12;7;1050;1;2;1;1.0;3;21;RUE LE GRECO;M;4992403.0;230313.0;800
32529;201300036099;13;12;7;1425;1;2;2;1.0;3;725;AVENUE DES FACULTES;M;4987068.0;226216.0;800
32530;201300036100;13;12;10;1200;1;2;1;1.0;2;21;RUE CHARLES DE FOUCAULD;M;4988922.0;230566.0;800
32531;201300036101;13;12;11;1615;1;2;1;1.0;1;21;75,RUE ROBERT LE COQ;M;4990046.0;226913.0;800
32532;201300036102;13;12;11;1340;1;2;1;1.0;3;21;RUE D' AUSTRALIE;M;4990492.0;227347.0;800
32533;201300036103;13;12;11;1500;1;2;1;1.0;2;21;RUE PIERRE ROLLIN;M;4987665.0;231308.0;800
32534;201300036104;13;12;9;1730;3;2;1;1.0;6;21;199,CHAUSSEE JULES FERRY;M;4988154.0;232953.0;800
32535;201300036105;13;12;12;1745;3;2;1;1.0;6;21;1,RUE CONDORCET;M;4987660.0;232614.0;800
32536;201300036106;13;12;13;800;5;2;2;1.0;6;21;AV. PIERRE MENDES FRANCE;M;4990160.0;228416.0;800
32537;201300036107;13;12;16;1040;1;2;1;1.0;3;21;BOULEVARD DE FEDERES;M;4989695.0;228272.0;800
32538;201300036108;13;12;16;1430;1;2;1;1.0;2;256;592,AVENUE LOUIS PASTEUR;;;;800
32539;201300036109;13;12;16;1840;5;2;1;1.0;3;725;14,AVENUE JEAN JAURES;M;4986845.0;224121.0;800
32540;201300036111;13;12;18;1640;2;2;1;1.0;1;21;69,RUE DE VIGNACOURT;M;4990567.0;228953.0;800
32541;201300036112;13;12;23;2330;5;2;1;1.0;3;21;2, RUE DU GRAND MARAIS;M;4991965.0;226897.0;800
32542;201300036113;13;12;21;1815;5;2;1;1.0;6;489;RUE PASTEUR;M;4986766.0;235240.0;800
32543;201300036115;13;12;25;345;5;2;1;1.0;6;21;72,RUE JULES BARNI;M;4988737.0;231503.0;800
32544;201300036116;13;12;24;1830;5;2;1;2.0;6;21;PLACE VOGEL;M;4989790.0;229544.0;800
32545;201300036117;13;12;29;1735;5;2;1;1.0;2;21;AVENUE DE L' EUROPE;M;4991593.0;230307.0;800
32546;201300036118;13;12;27;1940;5;2;1;2.0;6;21;1,RUE WATTEAU;M;4991362.0;230162.0;800
32547;201300036119;13;12;27;1545;1;2;1;2.0;6;21;89,RUE SAINT MAURICE;M;4990444.0;228790.0;800
32548;201300036120;13;3;9;1325;1;2;1;1.0;3;4;THOMAS (AV ALBERT);M;4395040.0;215345.0;810
32549;201300036121;13;5;30;1120;1;2;1;8.0;1;4;THOMAS (AV ALBERT);;;;810
32550;201300036122;13;6;7;1050;1;2;1;1.0;3;4;CORDES (RTE DE);;;;810
32551;201300036123;13;6;23;1730;1;2;1;1.0;7;18;30 route de la Longagne;;;;810
32552;201300036125;13;7;24;1010;1;1;1;1.0;1;18;FOUN DEL BAYLE ( ROUTE D;;;;810
32553;201300036126;13;10;11;1158;1;2;9;1.0;6;4;BRUS (ET IMP DES);;;;810
32554;201300036127;13;11;22;1505;1;1;1;2.0;6;4;CORDES (RTE DE);;;;810
32555;201300036128;13;11;29;836;1;2;1;1.0;6;4;RINALDI;;;;810
32556;201300036129;13;8;20;930;1;2;1;1.0;6;60;, GAMBETTA  ( PLACE );;;;810
32557;201300036130;13;10;30;1655;1;2;1;1.0;7;60;5, NECKARSULM (AV. DE);;;;810
32558;201300036131;13;12;2;1830;1;2;2;1.0;3;60;VENTE ( CHEMIN DE LA );;;;810
32559;201300036133;13;1;23;2100;3;1;3;2.0;3;65;LAVAUR RD 112 (RTE DE);M;4361540.0;218202.0;810
32560;201300036134;13;1;23;2215;5;2;1;2.0;7;65;12, LACGER (RUE CHANOINE;;;;810
32561;201300036135;13;2;17;900;1;2;3;1.0;2;65;67, SICARDENS BAS (CR 63;M;4362120.0;222305.0;810
32562;201300036136;13;3;28;1715;1;1;3;1.0;3;65;ALBI (RD612 - RTE D');M;4365920.0;222102.0;810
32563;201300036137;13;6;1;210;5;2;1;1.0;7;65;34, GIRAUD (BD GENERAL);;;;810
32564;201300036139;13;8;3;1630;1;2;3;1.0;3;65;LAVAUR RD 112 (AVENUE DE;;;;810
32565;201300036140;13;9;8;745;2;2;2;1.0;3;65;ALSACE LORRAINE (PLACE);;;;810
32566;201300036141;13;2;5;1745;2;2;2;2.0;3;21;RUE DE LA FR?GATE;M;4350260.0;236581.0;810
32567;201300036142;13;2;18;850;1;2;3;1.0;6;163;RUE PAUL BRENAC;M;4349020.0;237546.0;810
32568;201300036143;13;2;21;1900;5;2;1;1.0;6;163;XXX, FOCH;;;;810
32569;201300036144;13;5;12;1730;1;2;1;1.0;6;163;JUIN (MARECHAL);;;;810
32570;201300036145;13;6;15;1815;1;2;1;1.0;7;21;THORE;;;;810
32571;201300036146;13;7;17;2025;1;1;1;1.0;7;163;XXX, MONTAGNES (LAC DES);;;;810
32572;201300036147;13;7;1;1900;1;2;1;1.0;2;21;XXX, CD 612;;;;810
32573;201300036148;13;8;4;1750;1;2;2;1.0;3;163;xxx, GUYNEMER (GEORGES);;;;810
32574;201300036149;13;10;1;1245;1;2;1;1.0;6;163;06, FOCH;;;;810
32575;201300036150;13;10;27;1055;1;2;1;1.0;6;21;xxx, PREMIERE ARMEE FRAN;;;;810
32576;201300036151;13;10;30;1825;5;2;1;1.0;2;163;10, MERMOZ (JEAN);;;;810
32577;201300036152;13;11;22;1750;5;2;1;3.0;6;163;xxx, GALIBERT-FERRET;;;;810
32578;201300036153;13;12;6;1815;2;2;1;2.0;6;163;RICHARDE;;;;810
32579;201300036155;13;2;1;115;3;2;1;1.0;6;33;2955, RN 113;;;;820
32580;201300036156;13;2;22;1740;1;1;1;1.0;1;33;0, CD 72;M;4408690.0;113560.0;820
32581;201300036157;13;4;20;1915;1;2;1;1.0;2;33;COURBIEU NORD OUEST;;;;820
32582;201300036159;13;6;13;109;3;1;1;1.0;2;33;RN 113;;;;820
32583;201300036160;13;7;3;110;5;2;1;1.0;6;33;RIOU TORD (le);;;;820
32584;201300036161;13;8;5;1645;1;2;3;1.0;5;33;LECLERC (du Mar?chal);;;;820
32585;201300036162;13;8;7;1720;1;1;4;1.0;3;33;CARREL;;;;820
32586;201300036163;13;10;17;1335;1;1;1;1.0;1;33;CD 12;;;;820
32587;201300036164;13;10;30;1500;1;1;1;1.0;3;33;POMMES;;;;820
32588;201300036165;13;11;12;1845;3;1;1;8.0;4;33;3731, CD 958;;;;820
32589;201300036166;13;1;14;1104;1;2;6;1.0;3;121;NC, giratoire Dompeyre;M;4402720.0;134443.0;820
32590;201300036167;13;1;9;905;1;1;1;1.0;5;121;1051, ROUTE DE CASTELSAR;M;4401630.0;130895.0;820
32591;201300036168;13;1;18;1950;5;2;6;2.0;3;121;NC, GIRATOIRE CAF;M;4401900.0;135964.0;820
32592;201300036169;13;1;22;1434;1;2;1;1.0;3;121;17, GAMBETTA (AVENUE);;;;820
32593;201300036170;13;1;20;205;4;2;2;1.0;3;121;NC, CLADEL (RUE LEON);M;4402230.0;135558.0;820
32594;201300036171;13;1;1;1600;1;1;1;1.0;7;121;NC, SAINT-NAUPHARY D 999;M;4399800.0;138102.0;820
32595;201300036172;13;1;18;800;2;2;2;1.0;6;121;570, RAMIEROU (RUE DU);M;4399050.0;139155.0;820
32596;201300036173;13;1;30;1910;3;1;1;1.0;5;121;A 20 ECHANGEUR 61 Z.I. N;;;;820
32597;201300036174;13;2;5;1820;2;2;6;2.0;3;121;NC, BICENTENAIRE ( carre;;;;820
32598;201300036175;13;2;6;1554;1;2;2;1.0;3;121;NC, LAMOTHE (CHEMIN DE);;;;820
32599;201300036176;13;2;6;2120;5;2;3;1.0;3;121;NC, ARDUS (AVENUE D');;;;820
32600;201300036177;13;2;18;1015;1;1;1;1.0;1;121;1350, SAINT-ETIENNE DE T;;;;820
32601;201300036178;13;2;19;1925;5;2;2;1.0;3;121;NC, ABBAYE (RUE DE L');;;;820
32602;201300036179;13;3;11;1250;1;1;3;7.0;3;121;NC, VIGNARNAUD (ROUTE DE;;;;820
32603;201300036181;13;3;20;2135;5;2;1;1.0;3;121;nc, ABBAYE (RUE DE L');;;;820
32604;201300036182;13;3;25;2230;5;2;1;1.0;2;121;VIEUX (PONT);;;;820
32605;201300036183;13;3;30;1710;1;1;1;7.0;6;121;614, ROUTE DE CASTELSARR;M;4401550.0;131343.0;820
32606;201300036184;13;3;31;2005;1;1;1;1.0;6;121;1365, ALBEFEUILLE D 72 (;M;4402730.0;131479.0;820
32607;201300036185;13;3;28;1310;1;2;3;2.0;7;121;nc, ALLENDE (RUE DU PRES;M;4402360.0;136189.0;820
32608;201300036186;13;5;19;1730;1;2;2;1.0;3;121;NC, FONNEUVE (AVENUE DE);;;;820
32609;201300036187;13;6;25;1635;1;1;1;7.0;1;121;1435, VITARELLE (ROUTE D;;;;820
32610;201300036189;13;7;9;1530;1;1;1;1.0;1;121;NC, FAU (ROUTE DU);;;;820
32611;201300036190;13;7;17;835;1;1;1;1.0;2;121;485, SAINT-NAUPHARY D 99;;;;820
32612;201300036191;13;7;17;1010;1;2;1;1.0;6;121;, 11EME REGIMENT D'INFAN;;;;820
32613;201300036192;13;8;11;340;3;1;1;1.0;7;121;NC, VITARELLE (ROUTE DE;;;;820
32614;201300036193;13;8;13;940;1;2;2;1.0;6;121;14, all?e de l'empereur;;;;820
32615;201300036194;13;8;14;1820;1;1;9;1.0;2;121;AUTOROUTE A 20;;;;820
32616;201300036195;13;8;14;2035;1;2;1;7.0;6;121;42, 10EME DRAGONS (AVENU;;;;820
32617;201300036196;13;8;16;1115;1;2;1;1.0;6;121;46, 11EME REGIMENT D'INF;;;;820
32618;201300036197;13;8;23;955;1;2;1;1.0;3;121;15, ALLENDE (RUE DU PRES;;;;820
32619;201300036198;13;8;27;1753;1;2;2;1.0;3;121;NC, FONNEUVE (AVENUE DE);;;;820
32620;201300036199;13;8;28;1810;1;2;1;1.0;3;121;970, TOULOUSE (AVENUE DE;;;;820
32621;201300036200;13;9;3;802;1;2;2;1.0;6;121;26, VOLTAIRE (RUE);;;;820
32622;201300036201;13;9;3;1930;1;2;1;1.0;6;121;84, LAFON (RUE DU PASTEU;;;;820
32623;201300036202;13;9;4;1441;1;2;4;1.0;1;121;NC, SAPIAC (PONT);;;;820
32624;201300036203;13;9;11;1535;1;2;1;1.0;6;121;750, DOUMERC (BOULEVARD;;;;820
32625;201300036204;13;9;25;1030;1;2;2;7.0;3;121;NC, GUIBERT (PLACE);;;;820
32626;201300036205;13;9;26;945;1;2;3;1.0;3;121;NC, ALLENDE (RUE DU PRES;;;;820
32627;201300036206;13;9;30;1710;1;2;7;1.0;3;121;1, MONTMURAT (QUAI DE);;;;820
32628;201300036207;13;10;2;1400;1;2;3;1.0;3;121;NC, NEGREPELISSE (AVENUE;;;;820
32629;201300036208;13;10;2;1708;1;2;1;1.0;1;121;267, MONTECH (AVENUE DE);;;;820
32630;201300036209;13;10;4;955;1;2;6;3.0;7;121;nc, TASSIGNY ( rond poin;;;;820
32631;201300036210;13;10;5;1350;1;1;1;1.0;1;121;1650, FAU (ROUTE DU);;;;820
32632;201300036212;13;10;13;1700;1;2;1;1.0;3;121;NC, CHANTILLY (BOULEVARD;;;;820
32633;201300036213;13;10;14;1730;1;1;1;1.0;6;121;1522, CHAUBART (CHEMIN D;;;;820
32634;201300036214;13;10;19;500;5;2;1;1.0;6;121;8, MONTMURAT (QUAI DE);;;;820
32635;201300036215;13;10;17;1835;1;1;3;1.0;7;121;CHAMPFLEURY (CHEMIN DE);;;;820
32636;201300036216;13;10;26;1500;1;2;1;1.0;6;121;74, GAMBETTA (AVENUE);;;;820
32637;201300036217;13;10;30;1820;5;2;1;1.0;3;121;970, DUNANT (AVENUE HENR;;;;820
32638;201300036218;13;11;12;1330;1;1;1;1.0;1;121;1500, LEOJAC D 70 (ROUTE;;;;820
32639;201300036219;13;11;18;2210;4;2;2;1.0;3;121;ROUTE DE CASTELSARRASIN;;;;820
32640;201300036220;13;10;31;1745;2;2;1;1.0;6;121;10, GARRISSON (BOULEVARD;;;;820
32641;201300036221;13;11;20;750;5;2;1;1.0;3;121;0, CHAMIER (AVENUE);;;;820
32642;201300036222;13;11;27;2210;5;2;1;1.0;3;121;nc, TOULOUSE (AVENUE DE);;;;820
32643;201300036223;13;11;28;2315;3;1;1;1.0;6;121;4370, AUCH (ROUTE D');;;;820
32644;201300036224;13;11;28;900;1;1;3;1.0;3;121;NC, MARGUE (CHEMIN DE LA;;;;820
32645;201300036225;13;12;6;1345;1;2;1;1.0;6;121;40, CHARLES DE GAULLE (a;;;;820
32646;201300036226;13;12;23;1015;1;2;1;7.0;6;121;NC, parking leclerc sapi;;;;820
32647;201300036227;13;1;12;1500;1;2;3;1.0;3;50;75, QUATRE SEPTEMBRE( AV;;;;830
32648;201300036228;13;1;14;1055;1;1;1;1.0;1;50;2185, GRASSE(AVENUE DE);;;;830
32649;201300036229;13;1;14;1810;5;2;1;1.0;6;50;JUIN( AVENUE DU MARECHAL;;;;830
32650;201300036230;13;1;31;835;1;2;1;1.0;6;50;PREMIERE ARMEE(AVENUE DE;M;4353198.0;647265.0;830
32651;201300036231;13;2;2;1340;1;2;1;1.0;3;50;FREINET(PLACE CELESTIN);;;;830
32652;201300036232;13;2;14;855;1;1;1;7.0;2;50;890, ALLENDE (avenue Sal;;;;830
32653;201300036233;13;3;29;2350;5;2;1;1.0;6;50;SALAMANDRIER(BOULEVARD);M;4352656.0;645512.0;830
32654;201300036234;13;5;7;725;1;1;3;1.0;3;50;1, RD 54;;;;830
32655;201300036235;13;5;13;1145;1;2;3;1.0;3;50;TUTTLINGEN(AVENUE DE);;;;830
32656;201300036236;13;6;28;1655;1;1;1;1.0;1;50;912, SCAMARONI(AVENUE FR;;;;830
32657;201300036237;13;7;4;700;1;1;1;1.0;2;50;279, ALLENDE (avenue Sal;;;;830
32658;201300036238;13;7;13;1740;1;2;6;1.0;3;50;GRANDE ARMEE(AVENUE DE L;;;;830
32659;201300036239;13;7;21;955;1;2;1;7.0;6;50;BROSSOLETTE(AVENUE  PIER;;;;830
32660;201300036240;13;7;26;2025;1;2;1;1.0;3;50;602, GALLIENI( AVENUE DU;;;;830
32661;201300036241;13;8;12;2300;5;2;9;1.0;6;141;RD 1555 (DRAGUIGNAN/ LE;;;;830
32662;201300036242;13;8;12;1620;1;1;1;1.0;2;141;RD 1555 (DRAGUIGNAN/ LE;;;;830
32663;201300036244;13;8;22;1630;1;1;2;1.0;3;50;GAMBETTA(AVENUE  LEON);;;;830
32664;201300036245;13;9;6;740;1;2;1;1.0;7;50;BLUM(BOULEVARD LEON);M;4352815.0;604809.0;830
32665;201300036246;13;9;1;2050;5;2;1;1.0;3;50;12, CARNOT(AVENUE LAZARE;M;4353197.0;647071.0;830
32666;201300036247;13;10;7;1910;5;2;1;2.0;6;50;236, JUIN( AVENUE DU MAR;;;;830
32667;201300036248;13;10;19;1425;1;2;3;1.0;3;50;AV QUATRE SEPTEMBRE;M;4353562.0;645829.0;830
32668;201300036249;13;10;23;1805;1;2;1;1.0;4;50;DE GAULLE(AVENUE CHARLES;;;;830
32669;201300036250;13;10;24;1805;1;2;1;1.0;6;50;11, ENDRONNES(RUE DES);M;4353675.0;646416.0;830
32670;201300036251;13;10;26;1415;1;2;1;1.0;6;50;16, CLEMENCEAU(BOULEVARD;M;4353679.0;646357.0;830
32671;201300036252;13;10;28;920;1;2;3;1.0;1;50;BLUM(BOULEVARD LEON);M;4352841.0;647938.0;830
32672;201300036253;13;11;2;2115;5;2;1;1.0;2;50;DE GAULLE(AVENUE CHARLES;;;;830
32673;201300036254;13;11;9;1440;1;2;1;1.0;3;50;358, MONTFERRAT(AVENUE D;M;4354195.0;646056.0;830
32674;201300036255;13;10;30;1755;1;2;1;1.0;4;50;MERMOZ(BOULEVARD JEAN);M;4352070.0;646870.0;830
32675;201300036256;13;12;21;1525;1;2;4;2.0;7;118;RUE MARIUS ALLONGUE;;;;830
32676;201300036257;13;12;19;1655;2;2;6;2.0;6;61;178, RUE GALLIENI;M;4342619.0;676278.0;830
32677;201300036258;13;1;22;935;1;2;1;7.0;6;118;53, AVENUE GAL LECLERC;M;4342660.0;676833.0;830
32678;201300036259;13;1;23;2220;5;2;1;8.0;2;61;AV DU MARECHAL LECLERC;M;4342912.0;676199.0;830
32679;201300036260;13;2;1;1725;1;1;1;1.0;3;61;0, D37;;;;830
32680;201300036261;13;2;15;1723;1;2;1;1.0;6;61;RUE JEAN JAURES;M;4343360.0;673606.0;830
32681;201300036262;13;2;21;1150;1;2;1;1.0;6;118;0, PROMENADE R.COTY;;;;830
32682;201300036263;13;3;28;1050;1;2;1;2.0;6;118;AVENUE DU GRATADIS;;;;830
32683;201300036264;13;3;9;125;3;1;1;2.0;7;118;0, ROUTE DES GOLFS;M;4345138.0;681538.0;830
32684;201300036265;13;4;13;1300;1;2;1;1.0;2;61;93, BD  DE SEVERIN;;;;830
32685;201300036266;13;4;20;1440;1;1;1;1.0;1;61;RN7;;;;830
32686;201300036267;13;5;8;1000;1;2;6;1.0;2;61;RUE JEAN CARRARA;M;4342413.0;673090.0;830
32687;201300036268;13;5;15;830;1;1;1;1.0;7;61;CD 4;;;;830
32688;201300036269;13;5;23;1415;1;2;1;1.0;6;118;366, AVENUE DE VALESCURE;M;4343977.0;676745.0;830
32689;201300036270;13;5;25;2020;5;2;1;1.0;6;61;693, RUE DU MALBOUSQUET;M;4345726.0;672016.0;830
32690;201300036271;13;5;3;1500;1;2;1;1.0;3;61;RUE JOSEPH AUBENAS;M;4343413.0;673395.0;830
32691;201300036272;13;5;27;1900;1;1;1;1.0;5;61;0, RN98 ST AYGULF;;;;830
32692;201300036273;13;5;31;720;1;2;1;1.0;6;61;111, RUE VAUVENARGUES;M;4338727.0;672241.0;830
32693;201300036275;13;6;2;135;5;2;1;1.0;6;61;79, Bd de la Liberation;M;4342468.0;676041.0;830
32694;201300036277;13;6;4;1915;1;1;1;1.0;1;61;2705, AV DE LA CORNICHE;M;0.0;0.0;830
32695;201300036278;13;5;31;1740;1;2;1;1.0;6;118;92, AVENUE DES ARENES;M;4342808.0;676736.0;830
32696;201300036279;13;6;15;20;5;2;1;1.0;6;118;0, BOULEVARD DE LA TRENT;;;;830
32697;201300036280;13;6;23;1150;1;2;1;1.0;3;118;0, BOULEVARD DE LA PLAGE;;;;830
32698;201300036282;13;7;1;1700;1;2;1;1.0;3;61;0, CD 4;;;;830
32699;201300036283;13;6;9;1240;1;2;1;1.0;3;61;ROND-POINT DE L'EUROPE;;;;830
32700;201300036284;13;7;18;1145;1;2;2;1.0;3;118;350, AVENUE GENERAL LECL;M;4342835.0;676534.0;830
32701;201300036285;13;7;26;1640;1;1;1;1.0;6;61;0, RN98 ST AYGULF;;;;830
32702;201300036286;13;8;1;1050;1;2;1;1.0;3;61;301, AVENUE DU HUIT MAI;M;4343261.0;672514.0;830
32703;201300036287;13;8;2;825;1;1;1;1.0;1;61;D7;;;;830
32704;201300036288;13;8;8;900;1;2;1;2.0;6;118;0, AVENUE DU GRATADIS;;;;830
32705;201300036289;13;8;16;1410;1;1;1;1.0;1;61;RN7;;;;830
32706;201300036290;13;8;24;1300;1;2;4;1.0;3;61;2275, RUE DES COMBATTANT;M;4346621.0;672371.0;830
32707;201300036291;13;7;29;1422;1;2;9;1.0;6;118;0, PROMENADE RENE COTY;;;;830
32708;201300036292;13;8;28;1047;1;2;1;1.0;3;61;ROND-POINT DE L'AERON;;;;830
32709;201300036293;13;8;7;1945;1;2;1;1.0;6;118;AVENUE DES GOLFS;M;4345392.0;680569.0;830
32710;201300036294;13;8;28;1440;1;2;1;1.0;6;118;AVENUE DE VALESCURE;M;4345091.0;680880.0;830
32711;201300036295;13;9;24;1300;1;2;1;1.0;2;118;BOULEVARD JEAN MOULIN;M;4342783.0;677903.0;830
32712;201300036297;13;9;28;1310;1;1;1;1.0;2;61;D4;;;;830
32713;201300036300;13;10;20;120;5;2;1;1.0;1;118;0, BOULEVARD JEAN MOULIN;M;4342740.0;678291.0;830
32714;201300036301;13;10;17;955;1;2;3;1.0;5;61;BOULEVARD DE LA MER;;;;830
32715;201300036303;13;11;15;2225;3;2;1;1.0;4;61;0, RN7;;;;830
32716;201300036304;13;11;13;1620;1;2;1;1.0;6;118;173, QUAI ALBERT 1ER;M;4342256.0;676595.0;830
32717;201300036305;13;11;6;1515;1;2;6;1.0;3;61;RN98 ST AYGULF;;;;830
32718;201300036306;13;11;22;1740;3;1;3;2.0;6;61;XXX, CD8;;;;830
32719;201300036307;13;11;25;1725;3;1;1;1.0;3;61;RN7;;;;830
32720;201300036309;13;10;10;1245;1;1;2;1.0;3;61;0, RN7;;;;830
32721;201300036310;13;10;26;1330;1;1;1;1.0;6;118;1, BD EUGENE BRIEUX;;;;830
32722;201300036311;13;11;12;1800;5;2;3;1.0;3;61;PLACE VERNET;M;4343430.0;673806.0;830
32723;201300036312;13;11;29;855;1;2;1;1.0;6;118;97, AVENUE GENERAL LECLE;M;4342737.0;676701.0;830
32724;201300036313;13;1;6;530;5;2;6;1.0;6;69;GODILLOT  ( AVENUE ALEXI;;;;830
32725;201300036314;13;1;6;1750;2;1;3;1.0;3;69;FRONT DE MER (BOULEVARD);;;;830
32726;201300036315;13;1;16;2115;5;2;6;1.0;3;69;BEAUREGARD (AV ANDREE-DA;M;4311763.0;612630.0;830
32727;201300036317;13;1;19;1315;1;2;6;2.0;3;69;FERRARI (RUE SOLDAT);M;4311701.0;613462.0;830
32728;201300036318;13;2;6;1910;5;2;6;1.0;7;69;GODILLOT  ( AVENUE ALEXI;;;;830
32729;201300036319;13;2;4;735;2;1;3;1.0;3;69;NICE (ROUTE DE);;;;830
32730;201300036320;13;3;26;1800;1;1;1;1.0;3;69;PIERREFEU (ROUTE DE) RD;;;;830
32731;201300036321;13;4;1;1700;2;2;3;2.0;3;69;PEUPLIERS ( RUE DES );M;4312395.0;611184.0;830
32732;201300036322;13;4;9;2100;3;1;3;1.0;3;69;1100, TOULON RD 46 ( ROU;M;4312598.0;609325.0;830
32733;201300036323;13;4;12;215;5;2;1;2.0;2;69;AEROPORT (AVENUE DE L');;;;830
32734;201300036324;13;4;21;1015;1;2;1;1.0;3;69;GODILLOT  ( AVENUE ALEXI;;;;830
32735;201300036325;13;4;28;1050;1;1;1;2.0;1;69;PIERREFEU (ROUTE DE) RD;;;;830
32736;201300036326;13;4;29;250;5;2;6;2.0;7;69;ARROMANCHES ( ROND POINT;;;;830
32737;201300036327;13;5;8;2110;5;2;2;1.0;3;69;OLBIA  (VOIE);;;;830
32738;201300036328;13;5;12;1450;1;2;1;1.0;6;69;CRAU (ROUTE DE LA );;;;830
32739;201300036329;13;5;17;750;1;1;1;1.0;3;69;1300, LOUBES (ROUTE DES);M;0.0;0.0;830
32740;201300036330;13;5;26;223;3;1;1;1.0;6;69;601,  MARAIS (ROUTE DES);M;4307998.0;612790.0;830
32741;201300036331;13;5;31;142;5;1;1;1.0;6;69;833, GIENS (ROUTE DE );M;0.0;0.0;830
32742;201300036332;13;6;15;2355;5;2;1;1.0;1;69;1, GIENS (ROUTE DE );;;;830
32743;201300036333;13;6;22;115;3;1;1;1.0;2;69;FRONT DE MER (BOULEVARD);;;;830
32744;201300036334;13;6;23;1605;1;1;1;1.0;1;69;ALMANARRE (ROUTE DE L');;;;830
32745;201300036335;13;6;23;1400;1;1;3;1.0;3;69;FRONT DE MER (BOULEVARD);;;;830
32746;201300036336;13;6;29;2303;3;1;1;1.0;7;69;1209, SAINT LAZARE ( CHE;M;4311776.0;616593.0;830
32747;201300036337;13;7;14;8;3;2;1;1.0;6;69;AEROPORT (AVENUE DE L');;;;830
32748;201300036338;13;7;14;1540;1;1;3;1.0;3;69;NICE (ROUTE DE);;;;830
32749;201300036339;13;7;14;2220;5;2;1;1.0;7;69;29, CLOTIS (AVENUE JOSEP;M;4312025.0;613118.0;830
32750;201300036340;13;7;28;145;5;2;1;1.0;2;69;01, Av L Ritondale;M;4311353.0;612706.0;830
32751;201300036341;13;7;28;1605;1;1;1;1.0;1;34;1050, CD559;;;;830
32752;201300036342;13;7;30;1900;1;2;1;1.0;3;69;AEROPORT (AVENUE DE L');;;;830
32753;201300036343;13;8;17;1800;1;1;1;1.0;1;69;1, SEL (ROUTE DU);M;4306740.0;613052.0;830
32754;201300036344;13;8;23;1830;1;1;3;1.0;3;69;FRONT DE MER (BOULEVARD);;;;830
32755;201300036345;13;8;26;450;3;1;1;1.0;7;69;1, NICE (ROUTE DE);;;;830
32756;201300036346;13;9;1;615;5;2;9;1.0;6;34;RUE DES 3 PINS;;;;830
32757;201300036348;13;9;20;2015;5;2;1;1.0;3;69;26, GEOFFROY ST HILAIRE;;;;830
32758;201300036349;13;10;1;1215;1;2;6;1.0;3;69;PETIT (RD PT HENRI);;;;830
32759;201300036350;13;10;25;725;3;1;1;1.0;2;69;NICE (ROUTE DE);;;;830
32760;201300036351;13;11;9;530;5;2;1;1.0;6;69;, GIENS (ROUTE DE );;;;830