;Num_Acc;an;mois;jour;hrmn;lum;agg;int;atm;col;com;adr;gps;lat;long;dep
32761;201300036352;13;11;24;850;1;2;3;1.0;3;69;GIENS (ROUTE DE );;;;830
32762;201300036353;13;12;26;1600;1;2;1;1.0;6;69;ALMANARRE (ROUTE DE L');;;;830
32763;201300036354;13;1;16;1420;1;2;1;1.0;6;123;322, JOSEPH LAUTIER (AVE;M;4311940.0;580554.0;830
32764;201300036355;13;1;24;735;2;1;1;8.0;7;9;ROCADE NORD;;;;830
32765;201300036356;13;1;25;1620;1;1;1;1.0;3;123;GARE (ROUTE);;;;830
32766;201300036357;13;3;3;1650;1;2;1;1.0;2;9;0, CAPELAN (BOULEVARD DU;M;4313776.0;573881.0;830
32767;201300036358;13;3;13;1845;2;2;3;1.0;3;9;CD559 N PAIR;;;;830
32768;201300036359;13;4;9;1750;1;1;1;1.0;6;123;194, TOULON (ANCIEN CHEM;M;4312657.0;582132.0;830
32769;201300036360;13;4;13;1750;1;2;1;7.0;6;123;68, GARE (ROUTE);;;;830
32770;201300036361;13;4;14;940;1;2;6;1.0;7;123;SAINT ROCH (CHEMIN);;;;830
32771;201300036362;13;4;24;1025;1;2;1;7.0;6;123;ignor?, HUIDE (CHEMIN DE;M;4312244.0;580386.0;830
32772;201300036363;13;4;25;900;1;2;1;8.0;2;129;751, ECOLES (BD DES);M;4311435.0;581124.0;830
32773;201300036364;13;5;17;850;1;2;3;1.0;3;123;238, BANDOL (ROUTE DE);;;;830
32774;201300036365;13;6;5;1450;1;2;1;1.0;3;129;LERY (BOULEVARD DE);M;4311320.0;584787.0;830
32775;201300036366;13;6;11;1950;1;2;2;1.0;3;129;GABOIS (RUE DE);M;4309484.0;583002.0;830
32776;201300036367;13;6;17;1815;1;2;1;1.0;7;129;1208, LAENNEC (AVENUE DE;;;;830
32777;201300036368;13;6;17;1540;1;2;1;1.0;6;123;CHARLES DE GAULLE (QUAI);;;;830
32778;201300036369;13;6;13;835;1;2;1;1.0;3;123;357, GARE (ROUTE);;;;830
32779;201300036370;13;6;17;1800;1;2;1;1.0;3;123;BANDOL (ROUTE DE);;;;830
32780;201300036371;13;7;11;1010;1;2;1;1.0;6;123;21, BUGE (CHEMIN DE LA);;;;830
32781;201300036372;13;7;19;830;1;2;3;1.0;3;129;1, CAPITAINERIE DU PORT;;;;830
32782;201300036373;13;7;20;1800;1;2;1;1.0;1;129;601, DE LATTRE DE TASSIG;;;;830
32783;201300036374;13;7;29;1740;1;2;3;1.0;3;123;194, TOULON (ANCIEN CHEM;M;4312643.0;582173.0;830
32784;201300036375;13;7;30;1130;1;2;9;1.0;3;123;TOULON (ANCIEN CHEMIN DE;M;4312620.0;582317.0;830
32785;201300036376;13;8;3;1050;1;2;9;1.0;3;129;CROS (CORNICHE DU);;;;830
32786;201300036377;13;8;6;1045;1;2;1;1.0;3;123;431, GARE (ROUTE);;;;830
32787;201300036378;13;8;10;435;5;2;1;1.0;1;129;MER (AVENUE DE LA);;;;830
32788;201300036379;13;8;19;145;5;2;1;1.0;6;129;2, CITADELLES (MO ET RUE;;;;830
32789;201300036380;13;7;23;405;5;2;1;1.0;3;129;JUIN MARECHAL (AV DU);;;;830
32790;201300036381;13;9;14;1600;1;2;6;1.0;3;129;14, MASCOTTE (AVENUE DE;M;4309101.0;584401.0;830
32791;201300036382;13;9;18;1450;1;2;1;1.0;6;129;11, FARAUD LOUIS (BD ET;M;4309461.0;583649.0;830
32792;201300036383;13;9;24;1545;1;2;1;1.0;1;9;120, BEAUSSET (ROUTE DU);;;;830
32793;201300036384;13;10;2;855;1;2;1;1.0;3;129;394, MER (AVENUE DE LA);;;;830
32794;201300036385;13;10;6;1815;1;2;1;1.0;3;129;1742, MER (AVENUE DE LA);;;;830
32795;201300036386;13;10;12;1320;1;2;6;1.0;7;123;DEUXIEME SPAHIS (AVENUE;M;4312098.0;580456.0;830
32796;201300036387;13;10;13;1435;1;2;1;1.0;6;129;1492, GUILLEMARD (AV ROB;;;;830
32797;201300036388;13;10;20;1530;1;2;1;1.0;6;123;638, GENETS D'OR (CHEMIN;M;4313101.0;578535.0;830
32798;201300036389;13;10;24;2100;5;2;1;1.0;3;129;52, REPUBLIQUE (AVENUE D;M;4309245.0;584041.0;830
32799;201300036391;13;11;13;1855;5;2;3;1.0;2;123;GARE (ROUTE);;;;830
32800;201300036392;13;11;26;1015;1;2;1;1.0;1;129;COUDOULIERE (LA);;;;830
32801;201300036393;13;12;3;1205;1;2;1;1.0;6;129;FONT DE FILLOL (RC ET T);M;4309646.0;582705.0;830
32802;201300036394;13;12;7;1115;1;2;1;1.0;6;129;155, JUIN MARECHAL (AV D;;;;830
32803;201300036395;13;12;11;1510;1;2;3;7.0;6;129;BONDIL MARIUS (RUE);M;4307555.0;580193.0;830
32804;201300036396;13;12;18;1725;3;2;1;2.0;1;123;2793, TOULON (ANCIEN CHE;M;4313223.0;579161.0;830
32805;201300036397;13;12;20;815;1;2;1;3.0;6;129;50, LAENNEC (AVENUE DE);;;;830
32806;201300036398;13;12;26;1755;5;2;6;6.0;3;129;TRAITE DE L'ELYSEE (ROND;;;;830
32807;201300036399;13;12;29;255;5;2;1;1.0;6;129;376, ECOLES (BD DES);M;4311102.0;581347.0;830
32808;201300036401;13;1;9;1810;5;2;1;1.0;6;126;inconnu, ANCIENS COMBATA;;;;830
32809;201300036402;13;1;16;750;2;2;1;9.0;7;126;inconnu, VIEUX REYNIER (;M;4310545.0;585776.0;830
32810;201300036403;13;1;26;640;5;2;1;1.0;6;126;120, AV DE LA 1ERE ARMEE;;;;830
32811;201300036404;13;3;2;1030;1;2;1;1.0;3;126;451, LA SEYNE A BASTIAN;M;4309624.0;587670.0;830
32812;201300036405;13;3;4;1140;1;2;1;1.0;6;126;1, LAMARQUE (AV JEAN ALB;;;;830
32813;201300036406;13;3;6;1720;1;2;1;3.0;2;126;2, GAMBETTA (AV);M;4310400.0;587906.0;830
32814;201300036407;13;3;4;1610;1;2;1;1.0;6;126;10, LAMARQUE (AV JEAN AL;;;;830
32815;201300036408;13;4;18;730;1;2;3;1.0;3;126;0, COMMUNE DE PARIS (AV;M;4310558.0;586636.0;830
32816;201300036409;13;4;20;2050;5;2;1;1.0;3;126;10, BARTOLINI (AV JEAN);M;4311442.0;586264.0;830
32817;201300036411;13;4;24;2035;5;2;1;1.0;6;126;127, ALLENDE (AV. SALVAD;;;;830
32818;201300036413;13;5;2;1615;1;2;1;7.0;3;126;LAGOUBRAN AUX PLAYES (CH;;;;830
32819;201300036414;13;5;3;1205;1;2;1;1.0;3;126;10, EUROPE (BD DE L');;;;830
32820;201300036415;13;5;13;835;1;2;1;1.0;2;126;783, DE GAULLE (AV);;;;830
32821;201300036416;13;4;30;1650;1;2;2;1.0;7;126;GAMBETTA (RUE);M;4310214.0;587998.0;830
32822;201300036417;13;5;13;2050;1;2;1;1.0;7;126;410, Ytzhak RABIN - D63;;;;830
32823;201300036418;13;5;29;1715;1;2;1;1.0;1;126;Ytzhak Rabin - D18;;;;830
32824;201300036419;13;5;31;1900;1;2;1;1.0;2;126;114, MOULINS (CHEMIN DES;M;4309633.0;587541.0;830
32825;201300036420;13;6;1;1820;1;2;1;1.0;7;126;LONDRES (AV DE);;;;830
32826;201300036421;13;6;1;1210;1;2;1;1.0;3;126;ALLENDE (AV. SALVADOR);;;;830
32827;201300036423;13;7;11;1315;1;2;1;1.0;1;126;800, RENOIR (AV AUGUSTE);;;;830
32828;201300036424;13;7;15;15;4;2;1;1.0;3;126;503, VIEUX REYNIER (CHEM;M;4310568.0;586079.0;830
32829;201300036426;13;8;2;1225;1;2;1;1.0;3;126;229, FARLEDE (CHEMIN DE;M;4311584.0;588521.0;830
32830;201300036427;13;8;9;1720;1;2;1;1.0;3;153;MARECHAL LECLERC (AV DU);;;;830
32831;201300036428;13;8;12;2020;1;1;1;1.0;6;126;5, ALBRAND (RUE C. LOUIS;;;;830
32832;201300036429;13;8;16;1440;1;2;3;1.0;1;126;ISNARDS (CHEMIN DES);M;4309674.0;586835.0;830
32833;201300036431;13;8;30;1820;1;2;1;1.0;3;126;Pablo Neruda;;;;830
32834;201300036432;13;9;4;1250;1;2;1;1.0;1;126;BRUN (AV ROBERT);M;4311632.0;587277.0;830
32835;201300036433;13;9;7;1557;1;2;2;1.0;6;126;LAGOUBRAN AUX PLAYES (CH;;;;830
32836;201300036434;13;9;20;817;1;2;2;1.0;6;126;24, QUATRE SEPTEMBRE (BD;M;4310283.0;587425.0;830
32837;201300036435;13;9;20;1215;1;2;3;1.0;6;126;DANIEL (CHEMIN DE);M;4310069.0;587098.0;830
32838;201300036436;13;9;21;2200;5;2;1;1.0;1;126;PICARD (RUE PROFESSEUR);M;4311213.0;586607.0;830
32839;201300036437;13;9;28;2220;5;2;1;1.0;6;126;D18;;;;830
32840;201300036438;13;9;27;1936;1;2;3;1.0;5;126;0, FABREGAS (CHEMIN DE);M;4307508.0;587604.0;830
32841;201300036439;13;10;26;942;1;2;1;1.0;6;126;MERLE (BD TOUSSAINT);M;4310080.0;589028.0;830
32842;201300036440;13;11;3;1235;1;2;2;1.0;3;126;ROSTAND (BD JEAN);M;4310987.0;587064.0;830
32843;201300036441;13;11;6;2245;5;2;1;1.0;3;126;2379, RENOIR (AV AUGUSTE;;;;830
32844;201300036443;13;11;18;1628;1;2;1;2.0;3;126;432, AV DE LA 1ERE ARMEE;;;;830
32845;201300036444;13;11;25;1640;1;2;1;1.0;6;126;BARTOLINI (AV JEAN);M;4311443.0;586255.0;830
32846;201300036445;13;11;28;1920;2;1;1;1.0;2;126;LA SEYNE A OLLIOULES (CH;;;;830
32847;201300036446;13;12;4;1310;1;2;2;1.0;3;126;GHIBAUDO (CHEMIN JEAN );M;4309239.0;587743.0;830
32848;201300036447;13;12;7;2355;5;1;1;1.0;6;126;694, JANAS (ROUTE DE);M;4307990.0;585895.0;830
32849;201300036448;13;12;16;1400;1;2;3;7.0;2;126;1911, POMPIDOU (CORNICHE;M;4308340.0;589556.0;830
32850;201300036449;13;1;4;1500;1;2;1;1.0;3;144;0, TERRES ROUGES (CHEMIN;;;;830
32851;201300036450;13;1;6;2350;3;2;1;1.0;1;90;179, TOURELLE (CHEMIN DE;M;4313405.0;583218.0;830
32852;201300036451;13;1;9;830;1;2;1;1.0;7;62;DRAGUIGNAN (AVENUE DE);;;;830
32853;201300036452;13;1;10;1505;1;2;6;1.0;3;137;ESCARTEFIGUE (CORNICHE D;M;4313542.0;593230.0;830
32854;201300036453;13;1;5;1545;1;1;1;1.0;6;144;0, UNIVERSITE (AVE DE L';M;4313730.0;600737.0;830
32855;201300036456;13;1;21;910;1;2;3;1.0;3;137;LECLERC (AVE GENERAL);;;;830
32856;201300036457;13;1;25;825;1;2;1;1.0;6;137;0, LOTI (AVE PIERRE);M;4311383.0;594710.0;830
32857;201300036458;13;1;28;1625;1;2;1;1.0;3;137;PICOT (AVE DU COLONEL);;;;830
32858;201300036459;13;1;29;2015;5;1;6;1.0;3;90;0, SCHUMAN (ROND POINT);M;4351353.0;544604.0;830
32859;201300036460;13;1;30;745;1;2;1;1.0;3;62;HOUOT (AVENUE CDT);;;;830
32860;201300036461;13;2;2;2030;5;2;1;1.0;3;137;160, INFANTERIE DE MARIN;M;4311590.0;593535.0;830
32861;201300036462;13;1;11;1550;1;2;3;1.0;6;137;FILS MARESCOT (AVE DES);;;;830
32862;201300036464;13;2;3;1448;1;1;1;1.0;1;90;d62, GORGES (ROUTE DES);;;;830
32863;201300036466;13;2;5;1118;1;2;1;1.0;6;137;LECLERC (AVE GENERAL);;;;830
32864;201300036467;13;2;7;830;1;2;1;6.0;7;62;73, DAUPHINE (IMPASSE DU;M;4313000.0;602592.0;830
32865;201300036468;13;1;9;900;1;2;1;1.0;3;137;BROSSET (BD GENERAL);;;;830
32866;201300036470;13;2;9;850;1;2;1;1.0;6;144;UNIVERSITE (AVE DE L');M;4313762.0;601063.0;830
32867;201300036471;13;2;10;615;5;2;1;1.0;6;144;BIGUE (CAR);;;;830
32868;201300036472;13;1;29;1820;5;2;1;1.0;1;137;239, BRIAND (AVE ARISTID;;;;830
32869;201300036473;13;2;1;1315;1;2;1;1.0;6;137;190, OLLIVIER (RUE EMILE;;;;830
32870;201300036474;13;2;7;1725;2;2;1;1.0;3;137;VALETTE ( ANCIEN chemin);M;4313553.0;597410.0;830
32871;201300036475;13;2;23;525;5;2;1;1.0;4;137;0, STRASBOURG (BD DE );;;;830
32872;201300036477;13;2;8;2010;3;2;2;1.0;3;62;1E BAT INF DU PACIFIQUE;;;;830
32873;201300036478;13;2;11;715;1;2;1;3.0;2;137;PEZOUS (RUE / AVE JEAN);M;4313369.0;592641.0;830
32874;201300036479;13;2;20;1220;1;2;1;1.0;6;62;83, PERI (AVENUE GABRIEL;M;4312476.0;600960.0;830
32875;201300036480;13;2;24;2215;5;2;6;1.0;3;137;0, BON RENCONTRE (ROND P;M;4312806.0;590708.0;830
32876;201300036481;13;2;4;1045;1;2;3;1.0;3;103;17, SALVATTE (IMPASSE DE;M;4316747.0;592347.0;830
32877;201300036482;13;2;26;905;1;2;3;1.0;3;98;DE LATTRE (BD DE TASSIGN;;;;830
32878;201300036483;13;3;1;1735;1;2;1;1.0;3;137;PRUNEAU (AVE GENERAL);M;4312032.0;595418.0;830
32879;201300036484;13;3;2;1045;1;2;1;1.0;6;144;0, LECLERC (BD MARECHAL);M;4313616.0;598589.0;830
32880;201300036485;13;3;3;1210;1;2;1;1.0;3;62;640, RABASSON (CHEMIN DE;M;4312782.0;602281.0;830
32881;201300036486;13;3;5;1738;1;1;1;1.0;5;90;MONNET (AVE JEAN);;;;830
32882;201300036487;13;3;2;1720;1;2;1;1.0;6;137;0, VAUBAN (AVE);M;4312618.0;592875.0;830
32883;201300036488;13;3;3;1305;1;2;1;1.0;3;137;57, CAMUS (AVE ALBERT);M;4313448.0;588237.0;830
32884;201300036489;13;3;5;1130;1;2;1;2.0;2;137;0, DARDANELLES (AVE DES);M;4312840.0;592421.0;830
32885;201300036490;13;3;9;1150;1;2;1;1.0;3;137;60, CUZIN (AVE FRANCOIS);M;4312169.0;594203.0;830
32886;201300036491;13;3;15;1525;1;2;1;1.0;6;137;23, TESSE (BD DE);M;4312782.0;592987.0;830
32887;201300036492;13;3;14;930;1;2;1;1.0;1;90;0, GARE (ROUTE DE LA);M;4312349.0;583041.0;830
32888;201300036493;13;3;15;1000;1;2;1;1.0;6;137;LACORDAIRE (RUE / TRAV);M;4313186.0;591712.0;830
32889;201300036494;13;3;16;1630;1;2;2;1.0;3;137;0, SAINTE GERMAINE (RUE);M;4312420.0;594810.0;830
32890;201300036495;13;3;22;1600;1;2;1;1.0;6;137;220, MICHELETC (BD JULES;M;4311504.0;594536.0;830
32891;201300036496;13;3;23;2130;5;2;1;2.0;6;144;1, LAVOISIER (AVE);M;4313890.0;599940.0;830
32892;201300036497;13;3;28;1030;1;2;1;2.0;2;137;242, CHARLEUX (AVE JULES;;;;830
32893;201300036498;13;4;3;740;1;2;1;1.0;3;137;PICOT (AVE DU COLONEL);;;;830
32894;201300036499;13;3;10;1635;1;1;1;1.0;5;90;SANARY (ROUTE DE);;;;830
32895;201300036500;13;4;9;1615;1;1;9;1.0;5;90;0, FAVEYROLLES (ROUTE DE;;;;830
32896;201300036501;13;4;6;2200;5;2;3;2.0;3;137;167, BROSSET (BD GENERAL;;;;830
32897;201300036502;13;4;9;1630;1;2;1;1.0;3;137;0, CAMUS (AVE ALBERT);M;4313387.0;588204.0;830
32898;201300036503;13;4;11;1530;1;2;6;1.0;3;137;BIR-HAKEIM (ROND POINT);M;4312135.0;594041.0;830
32899;201300036504;13;3;25;1440;1;2;1;1.0;6;137;DARDANELLES (AVE DES);M;4312844.0;592437.0;830
32900;201300036505;13;4;9;905;1;2;1;1.0;2;62;0, PREMIER (BAT.INF.DU P;;;;830
32901;201300036506;13;4;16;1640;1;2;1;1.0;6;137;FABRE (PROMENADE HENRI);M;4310770.0;595005.0;830
32902;201300036507;13;4;18;830;1;2;6;1.0;3;137;SCARONNE (ROND POINT G.J;M;4313557.0;597751.0;830
32903;201300036508;13;4;18;1640;1;2;6;1.0;3;62;0, L'HERMINIER (AVENUE J;M;4312853.0;602000.0;830
32904;201300036509;13;4;9;1635;1;2;2;1.0;3;137;MALON (AVE BENOIT);M;4312284.0;595534.0;830
32905;201300036510;13;4;16;1555;1;2;3;1.0;3;62;ROUTE NATIONALE 98;;;;830
32906;201300036512;13;4;23;1015;1;2;1;1.0;6;98;350, PREMIERE (D.F.L);M;4310690.0;601862.0;830
32907;201300036513;13;4;19;1655;1;2;1;2.0;6;144;240, VALERY (AVE PAUL);M;4312846.0;598846.0;830
32908;201300036514;13;4;20;1820;1;2;1;2.0;2;137;430, GOURAUD (AVE GENERA;;;;830
32909;201300036515;13;4;22;1130;1;2;2;1.0;3;62;DRAGUIGNAN (AVENUE DE);;;;830
32910;201300036516;13;5;2;1600;1;2;1;1.0;6;137;0, REVEL (RUE);M;4312656.0;592706.0;830
32911;201300036517;13;4;28;1515;1;2;1;1.0;7;62;21, MANDELA (AVENUE NELS;M;4312813.0;601937.0;830
32912;201300036518;13;5;6;1400;1;2;1;1.0;6;62;PREM BAT.INF.DU PACIF;M;4313179.0;601576.0;830
32913;201300036521;13;5;10;1650;1;2;3;1.0;6;137;57, Bd BAZEILLES;M;4311282.0;593922.0;830
32914;201300036523;13;5;11;1315;1;2;1;1.0;6;62;298, GANCE (AVENUE ABEL);;;;830
32915;201300036524;13;5;2;800;1;2;3;1.0;6;137;ROUTES (AVE DES);;;;830
32916;201300036525;13;5;3;1045;1;2;1;1.0;5;90;SEYNE (ROUTE DE LA);;;;830
32917;201300036526;13;5;6;1745;1;2;1;1.0;2;137;65, AVE FOCH;M;4312641.0;592479.0;830
32918;201300036527;13;5;9;1115;1;2;1;1.0;6;137;15EME CORPS (AVE DU);M;4312304.0;614433.0;830
32919;201300036528;13;5;12;1610;1;1;1;1.0;2;90;SANARY (ROUTE DE);;;;830
32920;201300036530;13;4;26;1610;1;2;2;1.0;3;137;PERI  (PLACE GABRIEL);M;4312618.0;592583.0;830
32921;201300036531;13;4;16;1030;1;1;1;1.0;3;90;0, SANARY (ROUTE DE);;;;830
32922;201300036532;13;5;21;1835;1;2;1;1.0;6;144;GIRAUD (AVE);M;4313496.0;598141.0;830
32923;201300036533;13;5;10;1830;1;2;1;1.0;6;137;1167, RESISTANCE (AVE /;M;4311376.0;595785.0;830
32924;201300036534;13;5;22;1645;1;2;1;1.0;3;137;PICOT (AVE DU COLONEL);;;;830
32925;201300036535;13;5;23;1630;1;2;3;1.0;3;137;51, PONT DE BOIS (CHEMIN;M;4313135.0;590509.0;830
32926;201300036536;13;5;25;400;5;2;1;1.0;6;137;827, MISTRAL (ALLEE / LI;;;;830
32927;201300036537;13;5;24;1710;1;2;1;1.0;6;137;363, PICOT (AVE DU COLON;;;;830
32928;201300036538;13;5;27;1320;1;2;1;1.0;6;137;CLEMENCEAU (BD GEORGES);;;;830
32929;201300036539;13;5;28;745;1;2;2;8.0;3;137;LAINDET LALONDE (RUE);M;4312104.0;593524.0;830
32930;201300036540;13;5;25;1110;1;2;2;1.0;3;62;DUCLOS (AVENUE JACQUES);M;4312046.0;601121.0;830
32931;201300036541;13;5;29;1250;1;2;1;1.0;1;137;ARMARIS (BD DES);M;4312794.0;598170.0;830
32932;201300036542;13;5;30;1545;1;2;1;1.0;3;62;121, DELAGE (RUE MARC);M;4312493.0;600753.0;830
32933;201300036543;13;6;2;1515;1;2;2;1.0;2;144;LIBERATION (AVE DE LA);;;;830
32934;201300036544;13;5;31;1900;1;2;1;1.0;6;137;256, 15EME CORPS (AVE DU;M;4312851.0;591443.0;830
32935;201300036545;13;6;2;1908;1;2;1;1.0;3;137;HERRIOT (AVE EDOUARD);;;;830
32936;201300036546;13;6;6;1330;1;2;1;1.0;6;137;48, STRASBOURG (BD DE );;;;830
32937;201300036548;13;6;7;900;1;2;2;1.0;3;137;VERT COTEAU (AVE DU);M;4312565.0;594588.0;830
32938;201300036549;13;6;5;2230;4;2;2;1.0;3;137;1, IMPASSE HONORE;M;4312441.0;595446.0;830
32939;201300036550;13;5;29;1810;1;1;9;7.0;5;90;0, MONNET (AVE JEAN);;;;830
32940;201300036551;13;6;8;2050;5;2;3;1.0;2;98;BROSSET (AVENUE DU GEN);;;;830
32941;201300036554;13;6;17;855;1;2;1;1.0;6;62;HOUOT (AVENUE CDT);;;;830
32942;201300036555;13;6;14;2340;5;2;2;1.0;3;137;RESISTANCE (AVE / IMP DE;M;4311836.0;594593.0;830
32943;201300036556;13;6;13;1045;1;2;1;1.0;2;137;FONTAN (AVE DU DOCTEUR);;;;830
32944;201300036557;13;6;13;1300;1;2;1;1.0;6;137;MISSIESSY (HLM);M;4312645.0;590769.0;830
32945;201300036559;13;6;17;1700;1;2;2;1.0;6;137;GROIGNARD (AVE);;;;830
32946;201300036560;13;6;18;1350;1;2;1;1.0;6;137;DE LATTRE DE TASS. (Av);M;4311532.0;593843.0;830
32947;201300036561;13;6;18;1840;1;2;1;1.0;2;137;785, FORGENTIER (CHEMIN;M;4313706.0;589736.0;830
32948;201300036562;13;6;30;625;1;2;1;1.0;6;137;0, FOCH (AVE DU MARECHAL;M;4312652.0;592423.0;830
32949;201300036564;13;6;30;2300;5;2;2;1.0;3;137;RESISTANCE (AVE / IMP DE;;;;830
32950;201300036565;13;6;24;750;1;2;1;1.0;3;137;298, FABRE (BD HENRI);M;4311865.0;594487.0;830
32951;201300036567;13;6;28;2203;5;2;1;1.0;3;137;SAINT ROCH (AVE);;;;830
32952;201300036568;13;7;4;1855;1;1;1;1.0;6;137;RESISTANCE (AVE / IMP DE;M;4311375.0;595811.0;830
32953;201300036570;13;7;8;840;1;2;6;1.0;3;62;INDOCHINE (rond point);M;4313084.0;602308.0;830
32954;201300036571;13;6;28;1110;1;2;1;1.0;1;137;VAL D'ARDENE (ROUTE DU);;;;830
32955;201300036572;13;7;8;1055;1;2;1;1.0;6;137;DE LATTRE DE TASSIGNY (A;M;4311419.0;593934.0;830
32956;201300036573;13;7;1;1145;1;2;1;1.0;6;137;273, HERRIOT (AVE EDOUAR;;;;830
32957;201300036574;13;7;4;1220;1;2;1;1.0;6;137;485, BRIAND (AVE ARISTID;M;0.0;0.0;830
32958;201300036575;13;7;14;430;5;2;1;1.0;5;137;343, VICTOIRE 8 MAI 45;M;4313146.0;593056.0;830
32959;201300036577;13;7;5;255;5;2;2;1.0;3;137;MALON (AVE BENOIT);M;4312187.0;595560.0;830
32960;201300036578;13;7;11;815;1;2;1;1.0;3;144;LECLERC (BD MARECHAL);;;;830
32961;201300036579;13;7;12;2000;1;2;3;1.0;3;137;PICOT (AVE DU COLONEL);;;;830
32962;201300036580;13;7;19;1145;1;2;3;1.0;3;144;0, NEEL (Rue Louis);M;4314035.0;600967.0;830
32963;201300036581;13;7;18;221;5;2;1;1.0;7;137;171, VERT COTEAU (AVE DU;M;4312528.0;594300.0;830
32964;201300036582;13;7;24;2000;1;2;1;1.0;3;144;PASTEUR (AVE);M;4313482.0;598309.0;830
32965;201300036583;13;7;25;2330;3;2;1;1.0;6;137;MER (CHEMIN DE LA);M;4310821.0;597983.0;830
32966;201300036584;13;7;20;1000;1;2;1;1.0;4;137;0, NICOLAS (BD COMMANDAN;M;4312670.0;593539.0;830
32967;201300036585;13;7;28;1305;1;2;1;1.0;3;137;HERRIOT (AVE EDOUARD);;;;830
32968;201300036586;13;7;28;1840;1;2;3;1.0;3;137;DE LATTRE DE TASSIGNY (A;M;4311686.0;593697.0;830
32969;201300036587;13;7;30;1140;1;2;1;1.0;4;144;NATIONALE 97 (ROUTE);;;;830
32970;201300036588;13;7;29;2030;5;2;3;1.0;5;137;207, GOURAUD (AVE GENERA;;;;830
32971;201300036589;13;8;1;1205;1;2;1;1.0;3;98;MONET (RUE JEAN);M;4310919.0;603103.0;830
32972;201300036590;13;8;2;1300;1;1;1;1.0;1;137;CD 46 DE 1930 A FIN (VAL;;;;830
32973;201300036591;13;8;6;1610;1;2;1;1.0;6;137;377, REPUBLIQUE (AVE DE;M;4311974.0;593335.0;830
32974;201300036592;13;8;2;1830;1;2;9;1.0;3;137;DE LATTRE DE TASSIGNY (A;M;4311590.0;593787.0;830
32975;201300036593;13;8;7;1815;1;2;1;1.0;1;137;FOURS A CHAUX (CHEMIN /;M;4314979.0;590649.0;830
32976;201300036594;13;8;2;1200;1;2;1;1.0;2;137;INFANTERIE DE MARINE (AV;M;4311588.0;593538.0;830
32977;201300036595;13;8;12;1415;1;2;1;1.0;3;137;JUIN (AVE ALPHONSE);M;4312100.0;594346.0;830
32978;201300036596;13;8;10;1020;1;2;1;1.0;6;90;RESISTANCE (AVE DE LA);;;;830
32979;201300036597;13;8;5;114;5;2;1;1.0;6;90;970, NATIONALE 8 (ROUTE);;;;830
32980;201300036598;13;7;28;1350;1;1;1;1.0;1;103;DE GAULLE (ROUTE GENERAL;;;;830
32981;201300036599;13;8;9;1230;1;2;1;1.0;4;98;883, GANZIN (AVENUE DE);;;;830
32982;201300036600;13;8;18;700;2;2;1;1.0;6;137;321, DEMOCRATIE (BD DE L;M;4312663.0;594069.0;830
32983;201300036602;13;8;22;1500;1;1;1;1.0;1;103;795, BARRAGE (ROUTE DU);;;;830
32984;201300036604;13;8;15;1800;1;2;3;1.0;3;137;BRIAND (AVE ARISTIDE DE;;;;830
32985;201300036605;13;8;21;715;1;2;9;1.0;3;137;PRUNEAU (AVE GENERAL);M;4311993.0;595285.0;830
32986;201300036606;13;8;22;1829;1;2;1;1.0;6;137;89, RAMEAU (RUE JP);M;4311866.0;594171.0;830
32987;201300036607;13;8;22;900;1;2;1;1.0;6;137;BERNARD (RUE  LT COLONEL;M;4312831.0;591428.0;830
32988;201300036609;13;8;27;1820;1;2;1;1.0;1;98;1227, GANZIN (AVENUE DE);;;;830
32989;201300036610;13;8;23;1850;1;2;1;1.0;5;62;ROUTE NATIONALE 98;;;;830
32990;201300036611;13;8;27;1145;1;1;1;1.0;3;90;2128, MONNET (AVE JEAN);;;;830
32991;201300036612;13;9;2;5;5;2;9;1.0;2;62;HOUOT (AVENUE CDT);;;;830
32992;201300036613;13;9;4;548;3;1;1;1.0;3;90;1114, GORGES (ROUTE DES);;;;830
32993;201300036614;13;9;6;1805;1;2;1;1.0;6;137;17, MISTRAL (ALLEE / LIT;M;4310686.0;593556.0;830
32994;201300036615;13;8;23;1650;1;2;2;1.0;3;137;JUIN (AVE ALPHONSE);M;4312025.0;594727.0;830
32995;201300036616;13;8;25;1847;1;2;1;1.0;2;137;2371, RESISTANCE (AVE /;;;;830
32996;201300036618;13;8;30;1745;1;1;1;1.0;6;137;CD 46 (DEBUT TLN A ARTHE;;;;830
32997;201300036619;13;9;3;2100;5;2;1;1.0;6;137;968, ARMARIS (BD DES);M;4312624.0;598131.0;830
32998;201300036620;13;9;4;920;1;2;1;1.0;2;137;SAINTE CLAIRE DEVILLE (R;M;4312682.0;597677.0;830
32999;201300036621;13;9;5;1040;1;2;1;1.0;6;62;RABASSON (CHEMIN DE);M;4312749.0;602100.0;830
33000;201300036622;13;9;5;1800;1;2;1;1.0;3;137;890, GASQUET (AVE JOSEPH;;;;830
33001;201300036623;13;9;10;1825;1;1;1;1.0;2;90;1428, NATIONALE 8 (ROUTE;;;;830
33002;201300036624;13;8;2;900;1;2;1;1.0;7;137;FOCH (AVE DU MARECHAL);;;;830