;Num_Acc;an;mois;jour;hrmn;lum;agg;int;atm;col;com;adr;gps;lat;long;dep
33003;201300036625;13;8;23;1010;1;2;1;1.0;6;137;LECLERC (AVE GENERAL);;;;830
33004;201300036626;13;9;4;830;1;2;1;1.0;4;137;561, GOURAUD (AVE GENERA;;;;830
33005;201300036627;13;9;5;1730;1;2;1;1.0;3;137;GARDE (ROUTE DE LA);;;;830
33006;201300036630;13;9;11;1050;1;2;1;1.0;3;90;0, MONNET (AVE JEAN);;;;830
33007;201300036631;13;9;13;840;1;2;1;1.0;2;137;GOURAUD (AVE GENERAL);;;;830
33008;201300036632;13;9;17;1830;1;2;1;1.0;6;137;807, CD 46 (DEBUT TLN A;M;4316066.0;592455.0;830
33009;201300036633;13;9;18;2335;5;2;1;1.0;6;137;ESCARTEFIGUE (CORNICHE D;M;4313595.0;594004.0;830
33010;201300036634;13;9;21;1930;2;2;1;1.0;3;137;0, ORTOLAN (AVE DE 512 A;M;4313019.0;595976.0;830
33011;201300036635;13;9;6;1630;1;2;1;1.0;2;137;0, GASQUET (AVE JOSEPH D;;;;830
33012;201300036636;13;9;22;1500;1;2;4;1.0;6;137;Avenue  Barbusse;M;4312782.0;592090.0;830
33013;201300036638;13;9;20;1125;1;2;1;1.0;6;137;INFANTERIE DE MARINE (AV;M;4311440.0;593521.0;830
33014;201300036639;13;9;24;1720;1;2;1;1.0;6;103;BARRAGE (ROUTE DU);;;;830
33015;201300036640;13;9;23;1740;1;1;1;1.0;2;137;1146, CD 46;;;;830
33016;201300036641;13;9;27;1510;1;2;3;1.0;3;137;0, REPUBLIQUE (AVE DE LA;M;4312118.0;593042.0;830
33017;201300036643;13;9;29;100;5;2;1;1.0;6;137;0, VERANE (SQUARE LEON);M;4312119.0;593039.0;830
33018;201300036644;13;9;23;1220;1;1;3;1.0;3;90;Route de MARSEILLE;;;;830
33019;201300036645;13;9;24;800;1;2;3;1.0;3;137;MARMORA (QUAI);;;;830
33020;201300036646;13;9;30;1625;1;2;1;1.0;6;137;BOURGEOIS (BD LEON);M;4312211.0;594807.0;830
33021;201300036647;13;10;1;1540;1;2;3;1.0;6;137;15EME CORPS (AVE DU);M;4312853.0;591248.0;830
33022;201300036649;13;10;5;1915;5;2;1;1.0;3;137;SAINTE CLAIRE DEVILLE (R;M;4312741.0;597766.0;830
33023;201300036650;13;10;6;2245;3;1;1;3.0;6;98;0, FOUX (CHEMIN DE LA);M;4311127.0;603247.0;830
33024;201300036651;13;10;3;920;1;2;1;1.0;6;137;REPUBLIQUE (AVE DE LA);M;4311917.0;593427.0;830
33025;201300036652;13;10;1;1745;1;1;1;1.0;6;90;0, NATIONALE 8 (ROUTE);;;;830
33026;201300036653;13;10;8;1640;1;2;1;1.0;3;137;865, MOULINS (AVE DES DE;;;;830
33027;201300036654;13;10;9;1600;1;1;1;1.0;1;103;1690, d'ARDENE (CHEMIN D;M;4316595.0;592840.0;830
33028;201300036655;13;10;11;1515;1;1;1;1.0;3;62;0, ST JUST (AVENUE LT AN;M;4314324.0;601735.0;830
33029;201300036656;13;10;15;1800;1;2;1;2.0;2;137;CAMUS (AVE ALBERT);M;4313052.0;588185.0;830
33030;201300036657;13;10;15;1350;1;2;1;8.0;2;144;01, BLANC (BD DR EUGENE);;;;830
33031;201300036658;13;10;15;1140;1;2;1;1.0;6;137;DUMONT D'URVILLE (RUE);M;4312690.0;593023.0;830
33032;201300036659;13;10;16;1820;1;2;1;1.0;3;137;239, BRIAND (AVE ARISTID;;;;830
33033;201300036660;13;10;18;1430;1;1;1;1.0;3;62;UNIVERSITE (avenue);M;4313717.0;600596.0;830
33034;201300036661;13;10;19;1255;1;1;1;1.0;6;137;JUIN (AVE ALPHONSE);M;4312089.0;594340.0;830
33035;201300036662;13;10;20;1420;1;2;1;8.0;6;137;LECLERC (AVE GENERAL);M;4312571.0;592835.0;830
33036;201300036663;13;10;23;830;2;2;1;2.0;7;62;MANDELA (AVENUE NELSON);M;4312832.0;601936.0;830
33037;201300036664;13;10;24;900;1;2;1;1.0;6;137;NICOLAS (BD COMMANDANT);M;4312945.0;592813.0;830
33038;201300036665;13;10;26;2000;4;2;1;1.0;6;137;1080, FLORENT (CHEMIN);M;4315623.0;591808.0;830
33039;201300036666;13;11;3;1745;5;2;1;1.0;1;62;FERRY (RUE ET AVENUE JUL;M;4312708.0;601511.0;830
33040;201300036667;13;11;1;1830;5;2;9;1.0;6;137;0, DARDANELLES (AVE DES);M;4312812.0;592309.0;830
33041;201300036668;13;11;4;1050;1;2;1;2.0;6;62;0, DIGNE (AVENUE DE );M;4314547.0;603356.0;830
33042;201300036669;13;11;4;1315;1;2;1;2.0;6;137;DE LATTRE DE TASSIGNY (A;M;4311348.0;593994.0;830
33043;201300036670;13;10;25;1255;1;1;1;1.0;2;90;LAGOUBRAN (CHEMIN DE);M;4312437.0;587873.0;830
33044;201300036671;13;10;10;1245;1;2;1;1.0;6;137;TIRAILLEURS ALGERIENS (A;M;4311802.0;594491.0;830
33045;201300036672;13;11;11;1435;1;2;3;1.0;3;137;0, PABAN (BD);M;4313456.0;590929.0;830
33046;201300036673;13;11;7;1715;2;2;1;1.0;3;137;116, BRIAND (AVE ARISTID;;;;830
33047;201300036674;13;11;9;1255;1;1;9;1.0;3;62;208, FABRI DE PEIR;M;4314106.0;603015.0;830
33048;201300036676;13;11;12;925;1;2;1;1.0;1;62;805, DE LATTRE DE TASSIG;;;;830
33049;201300036677;13;11;12;940;1;2;1;1.0;3;103;0, POILUS (AVENUE DES);;;;830
33050;201300036678;13;11;13;910;1;2;1;1.0;6;137;0, REPUBLIQUE (AVE DE LA;M;4311937.0;593390.0;830
33051;201300036679;13;11;16;1825;5;2;3;1.0;3;62;964, PLANTADES (CHEMIN D;M;4314202.0;602010.0;830
33052;201300036680;13;11;3;1800;5;2;1;1.0;6;137;JUIN (AVE ALPHONSE);;;;830
33053;201300036681;13;11;12;1550;1;2;1;1.0;6;137;POINCARE (RUE HENRI);M;4312003.0;594084.0;830
33054;201300036682;13;11;14;1945;5;2;6;1.0;3;137;0, MIRASOULEOU (AVE / RO;M;4313531.0;597755.0;830
33055;201300036683;13;11;20;1000;1;2;1;1.0;5;137;0, FABIE (RUE / AVE FRAN;M;4312507.0;593593.0;830
33056;201300036684;13;11;20;1315;1;2;1;1.0;6;137;204, NICE (ROUTE DE);;;;830
33057;201300036685;13;10;24;1740;1;2;1;1.0;3;137;319, BRIAND (AVE ARISTID;;;;830
33058;201300036686;13;11;14;1200;1;2;2;1.0;3;90;CLEMENCEAU (AVE GEORGES);;;;830
33059;201300036687;13;11;23;1515;1;2;1;1.0;6;137;COLLET (AVE AMIRAL);M;4312918.0;592433.0;830
33060;201300036688;13;11;25;2020;5;2;1;1.0;3;90;NATIONALE 8 (ROUTE);;;;830
33061;201300036690;13;12;5;1830;5;2;1;1.0;6;137;2287, GASQUET (AVE JOSEP;;;;830
33062;201300036691;13;12;10;745;2;2;1;1.0;6;137;212, JAUJARD (RUE AMIRAL;M;4311799.0;593861.0;830
33063;201300036692;13;11;7;1110;1;2;1;1.0;6;90;20, CLEMENCEAU (AVE GEOR;;;;830
33064;201300036693;13;11;12;1500;1;2;1;1.0;6;137;GASQUET (AVE JOSEPH DE 1;M;4312460.0;595616.0;830
33065;201300036694;13;11;20;810;1;1;1;1.0;6;90;NATIONALE 8 (ROUTE);;;;830
33066;201300036695;13;11;23;1115;1;1;1;1.0;2;137;MARSEILLE (ROUTE DE);M;0.0;0.0;830
33067;201300036696;13;11;30;1605;2;2;1;2.0;6;137;22, CLAPIER (RUE VICTOR);M;4312607.0;593210.0;830
33068;201300036697;13;12;3;1700;2;1;1;1.0;3;137;BRIAND (AVE ARISTIDE DE;;;;830
33069;201300036698;13;12;6;850;1;2;1;1.0;6;137;0, DEVOUCOUX (AVE ROGER);M;4312128.0;594051.0;830
33070;201300036699;13;12;8;1220;1;2;2;1.0;3;137;JUIN (AVE ALPHONSE);M;4312027.0;594738.0;830
33071;201300036700;13;12;9;1730;5;2;1;1.0;2;62;368, NATIONALE 97 (ROUTE;;;;830
33072;201300036701;13;12;10;825;1;2;1;1.0;3;62;DUCLOS (AVENUE JACQUES);M;4312033.0;601152.0;830
33073;201300036702;13;12;5;1610;1;2;6;1.0;3;137;CLOVIS (AVE HUGUES);;;;830
33074;201300036703;13;11;29;1740;5;2;1;1.0;4;137;GASQUET (AVE JOSEPH DE 1;;;;830
33075;201300036705;13;11;7;1700;2;2;1;1.0;6;90;DE HAUTECLOCQUE (RUE PHI;M;4313791.0;584840.0;830
33076;201300036706;13;12;21;1900;5;2;1;1.0;2;137;113, LECLERC (AVE GENERA;;;;830
33077;201300036708;13;12;5;1345;1;2;1;1.0;6;137;77, CLEMENCEAU (BD GEORG;M;4312368.0;593732.0;830
33078;201300036709;13;12;14;1455;1;2;1;1.0;6;137;MAYOL (RUE FELIX);M;4312837.0;590934.0;830
33079;201300036710;13;12;17;1530;1;2;1;1.0;6;144;UNIVERSITE (AVE DE L');M;4313709.0;600334.0;830
33080;201300036711;13;12;19;1845;4;2;1;3.0;5;62;805, DE LATTRE DE TASSIG;;;;830
33081;201300036712;13;12;20;1705;5;2;1;1.0;3;90;CAGNARDE (ROND POINT DE;;;;830
33082;201300036713;13;12;23;1815;5;2;2;2.0;3;137;JOFFRE (BD MARECHAL);;;;830
33083;201300036714;13;12;25;1150;1;2;2;2.0;3;137;PASSY (AVE FREDERIC);M;4312098.0;594763.0;830
33084;201300036715;13;12;16;1605;1;1;1;1.0;6;137;ROOSEVELT (AVE FRANKLIN);M;4311957.0;593867.0;830
33085;201300036716;13;12;5;2235;5;2;1;1.0;5;137;BROSSET (BD GENERAL);M;4312833.0;590494.0;830
33086;201300036717;13;12;28;9;5;2;4;1.0;1;137;CUZIN (AVE FRANCOIS);;;;830
33087;201300036718;13;1;23;1345;1;2;1;1.0;6;7;MENDES FRANCE (Rue Pierr;;;;840
33088;201300036719;13;1;18;2300;5;1;1;9.0;2;7;LEO   (RN1007);;;;840
33089;201300036720;13;1;17;1635;1;2;1;1.0;6;7;124, TRILLADE (avenue de;;;;840
33090;201300036721;13;2;2;420;5;2;1;1.0;6;7;14, SAINT ROCH (Boulevar;;;;840
33091;201300036722;13;1;9;1730;5;2;1;1.0;5;7;C.De GAULLE (Rocade);;;;840
33092;201300036723;13;2;6;1600;1;2;3;1.0;3;7;TRILLADE (avenue de la );;;;840
33093;201300036724;13;5;10;1540;1;2;2;1.0;6;7;106, TRILLADE (avenue de;;;;840
33094;201300036725;13;12;27;1450;1;2;1;1.0;6;7;3, avenue de la SYNAGOGU;;;;840
33095;201300036726;13;2;6;2010;5;2;1;1.0;6;7;LIMBERT (Boulevard);;;;840
33096;201300036727;13;2;6;1550;1;2;2;1.0;3;7;SOURCES (Avenue des);;;;840
33097;201300036728;13;1;21;1330;1;2;1;1.0;6;7;45, MONTAIGNE (RUE MICHE;;;;840
33098;201300036729;13;2;28;1115;1;2;1;1.0;4;7;103, PIERRE SEMARD (aven;;;;840
33099;201300036730;13;3;23;645;5;2;4;1.0;3;7;MORIERES (Route de );;;;840
33100;201300036731;13;3;31;1630;1;1;1;1.0;6;7;CONFLUENT (ROUTE);;;;840
33101;201300036732;13;4;7;1220;1;1;1;1.0;5;7;4021, MORIERES (ROUTE DE;;;;840
33102;201300036733;13;4;1;2359;5;2;1;1.0;6;7;LYON (route de );;;;840
33103;201300036734;13;4;15;1650;1;2;1;1.0;6;7;27, SOULIER (BD Denis);;;;840
33104;201300036735;13;3;29;1700;1;2;6;8.0;3;7;00, TJIBAOU Jean-Marie (;;;;840
33105;201300036736;13;4;14;605;5;2;2;1.0;5;7;CARDINAL BERTRAND (Cours;;;;840
33106;201300036737;13;5;4;39;5;2;1;1.0;2;7;LIMBERT (Boulevard);;;;840
33107;201300036738;13;5;19;310;5;2;2;1.0;3;7;PIERRE SEMARD (avenue);;;;840
33108;201300036739;13;6;7;1425;1;2;1;1.0;2;7;JAURES (Cours Jean);;;;840
33109;201300036740;13;5;29;950;1;2;6;1.0;3;7;000, EISENHOWER (Avenue);;;;840
33110;201300036741;13;6;27;1845;1;2;2;1.0;5;7;PIERRE SEMARD (avenue);;;;840
33111;201300036742;13;6;17;1002;1;2;1;1.0;3;7;C.De GAULLE (Rocade).;;;;840
33112;201300036744;13;7;9;930;1;1;1;1.0;3;7;DOCTEUR PONS (Route tour;;;;840
33113;201300036745;13;7;5;605;2;2;1;1.0;3;7;QUAI DE LA LIGNE (Boulev;;;;840
33114;201300036746;13;7;12;1203;1;2;1;1.0;3;7;ISLON (Chemin de l');;;;840
33115;201300036747;13;7;12;730;1;2;1;1.0;6;7;SAINT MICHEL (Boulevard);;;;840
33116;201300036748;13;7;16;1710;1;2;3;1.0;3;7;MOULIN NOTRE DAME (Rue);;;;840
33117;201300036749;13;7;22;1945;1;2;1;1.0;2;351;57, EDMOND DUCROS BOULEV;M;4396545.0;477545.0;300
33118;201300036750;13;7;22;1745;1;2;1;1.0;6;7;AMANDIER (Avenue de l');;;;840
33119;201300036752;13;8;1;2140;1;1;1;1.0;6;7;1208, SOUSPIROUS (Avenue;;;;840
33120;201300036753;13;8;4;505;5;2;2;1.0;3;7;PLACE SAINT LAZARE;;;;840
33121;201300036754;13;8;24;2140;5;2;1;1.0;6;7;C.De GAULLE (Rocade);;;;840
33122;201300036755;13;8;29;1430;1;2;2;1.0;3;7;TARASCON;;;;840
33123;201300036756;13;8;21;955;1;2;1;1.0;6;7;CRILLON ( Place);;;;840
33124;201300036758;13;9;8;601;5;2;2;1.0;3;7;SAINT RUF (Avenue);;;;840
33125;201300036759;13;9;14;1842;1;2;6;1.0;5;7;REALPANIER (Rond point d;;;;840
33126;201300036760;13;7;4;1940;1;2;1;1.0;2;7;PIERRE BEREGOVOY AVENUE;;;;840
33127;201300036761;13;10;1;840;1;2;9;1.0;6;7;LAVARIN (Chemin du );;;;840
33128;201300036762;13;9;24;1100;1;2;1;1.0;6;7;SIXTE ISNARD (Boulevard);;;;840
33129;201300036763;13;9;24;1210;1;2;1;1.0;3;7;CARDINAL BERTRAND (Cours;;;;840
33130;201300036764;13;10;17;700;3;1;1;1.0;1;7;PALIERE (ALLEE);;;;840
33131;201300036765;13;10;22;1530;1;2;1;1.0;6;7;RENOIR (Rue P.Auguste);;;;840
33132;201300036766;13;9;23;1750;1;2;2;1.0;1;7;TARASCON ( Avenue de);;;;840
33133;201300036767;13;10;16;825;1;2;1;1.0;5;7;100, MONTFAVET (Route);;;;840
33134;201300036768;13;10;27;1530;1;2;1;1.0;6;7;CATHERINE STE;;;;840
33135;201300036770;13;11;9;1621;1;2;1;1.0;2;7;AERODROME  (ROUTE DE L');;;;840
33136;201300036771;13;11;10;620;2;2;1;1.0;1;7;MARSEILLE (Route de );;;;840
33137;201300036772;13;12;5;1030;1;2;1;1.0;6;7;42, JAURES (Cours Jean);;;;840
33138;201300036773;13;3;10;245;5;2;1;8.0;6;31;SAINT ROCH AVENUE;;;;840
33139;201300036774;13;3;18;1845;1;2;1;1.0;5;31;786, FABRE AVENUE JEAN H;;;;840
33140;201300036775;13;3;25;110;3;1;1;1.0;2;80;CD 942 RTE SARRIANS A RO;;;;840
33141;201300036776;13;4;12;1420;1;2;1;2.0;6;31;, CHALON MARIE THERESE;;;;840
33142;201300036777;13;4;29;1505;1;1;1;1.0;7;31;D235;;;;840
33143;201300036778;13;5;10;5;3;1;1;8.0;1;80;1446, LORIOL ROUTE DE;;;;840
33144;201300036779;13;6;5;1005;1;1;9;1.0;3;31;MAZAN ROUTE DE;;;;840
33145;201300036780;13;6;25;1755;1;1;1;1.0;6;31;185, CANNET CHEMIN DU;;;;840
33146;201300036781;13;7;4;1006;1;1;1;1.0;6;31;1535, MAZAN ROUTE DE;;;;840
33147;201300036782;13;7;4;1820;1;1;1;1.0;3;31;MIRABEAU AVENUE;;;;840
33148;201300036783;13;8;17;1002;1;2;1;1.0;6;80;49, AVIGNON BOULEVARD D';;;;840
33149;201300036784;13;8;15;1700;1;1;1;1.0;2;31;CD 942;;;;840
33150;201300036785;13;9;22;2150;3;1;1;1.0;6;80;1230, LORIOL ROUTE DE;;;;840
33151;201300036786;13;11;11;1448;1;2;9;1.0;3;80;SAINT HILAIRE CHEMIN DE;;;;840
33152;201300036787;13;12;20;1352;1;1;1;2.0;6;31;738, LEGUE CHEMIN DE LA;;;;840
33153;201300036788;13;1;23;1615;1;1;1;1.0;6;35;ISLE/SORGUE-RD 938 (ROUT;;;;840
33154;201300036789;13;3;14;1645;1;2;1;1.0;6;35;TEMPS PERDUS (ALLEE DES);;;;840
33155;201300036790;13;5;15;1745;1;1;1;1.0;5;35;BREL (BOULEVARD JACQUES);;;;840
33156;201300036791;13;5;19;831;4;1;1;1.0;6;35;RD.973;;;;840
33157;201300036792;13;5;31;1635;1;1;3;1.0;3;35;ROBION-RD2 (ROUTE DE);;;;840
33158;201300036793;13;6;20;305;5;1;1;1.0;1;35;MARSEILLE-RD938 (ROUTE D;;;;840
33159;201300036794;13;7;8;2240;3;1;2;1.0;5;35;ROMIEU (CHEMIN);;;;840
33160;201300036795;13;9;12;800;2;1;2;1.0;4;35;BANON (ROUTE DE);;;;840
33161;201300036796;13;9;18;710;2;1;1;1.0;2;35;LAGNES-RD24 (ROUTE DE);;;;840
33162;201300036797;13;10;6;1750;1;1;2;1.0;3;35;BANON (ROUTE DE);;;;840
33163;201300036798;13;10;9;2015;3;1;2;1.0;3;35;ROBION-RD2 (ROUTE DE);;;;840
33164;201300036799;13;11;6;1320;1;2;6;1.0;1;35;DE LATTRE DE TASSIGNY (C;;;;840
33165;201300036800;13;11;11;1415;1;2;1;1.0;1;35;CHEVAL BLANC (AVENUE DE);;;;840
33166;201300036801;13;1;12;1820;3;1;1;1.0;1;87;2506, ROUTE DE ROQUEMAUR;;;;840
33167;201300036802;13;4;12;1750;1;2;1;1.0;3;87;705, VERDUN (AVENUE DE);;;;840
33168;201300036803;13;5;14;1835;1;1;1;1.0;3;87;1358, CHATEAUNEUF DU PAP;;;;840
33169;201300036804;13;6;4;1210;1;2;1;1.0;6;87;36, VERDUN (AVENUE DE);;;;840
33170;201300036805;13;4;24;1015;1;2;1;1.0;6;87;144, GAULLE (AVENUE CHAR;;;;840
33171;201300036806;13;9;12;845;1;2;1;7.0;6;87;393, GAULLE (AVENUE CHAR;;;;840
33172;201300036807;13;9;13;840;1;2;1;7.0;6;87;286, GAULLE (AVENUE CHAR;;;;840
33173;201300036808;13;10;1;1120;1;1;1;1.0;1;87;3045, CAMARET (ROUTE DE);;;;840
33174;201300036809;13;11;15;2030;5;2;1;2.0;3;87;81, VIOLETTE (RUE DE LA);;;;840
33175;201300036811;13;1;14;1826;5;2;6;3.0;6;191;RD-POINT BERNARD PALISSY;;;;850
33176;201300036812;13;1;16;430;3;1;1;3.0;6;191;ROUTE DE LA TRANCHE;;;;850
33177;201300036813;13;1;30;1015;1;2;6;3.0;6;191;ROND-POINT DE L'HOPITAL;;;;850
33178;201300036814;13;2;5;1810;1;2;1;2.0;6;191;RUE DE FRIEDLAND;M;4667887.0;-142442.0;850
33179;201300036815;13;2;14;1635;1;2;1;1.0;6;191;RUE DE L'ANNEXE;;;;850
33180;201300036816;13;3;20;1140;1;2;2;1.0;6;191;RUE HENRI AUCHER;M;4665846.0;-144118.0;850
33181;201300036817;13;4;14;2015;1;1;1;1.0;6;191;10 RUE J. JAMES AUBUDON;M;4664365.0;-143838.0;850
33182;201300036818;13;4;23;1653;1;1;1;1.0;3;191;;;;;850
33183;201300036819;13;5;14;1210;1;2;3;1.0;3;191;BOULEVARD D'ANGLETERRE;;;;850
33184;201300036820;13;6;6;1050;1;2;1;1.0;6;191;94 RUE DU GENERAL GUERIN;;;;850
33185;201300036821;13;6;8;1730;1;2;1;1.0;6;191;3 RUE VEGA;M;4665452.0;-139598.0;850
33186;201300036823;13;6;18;1630;1;2;1;2.0;6;191;187 RUE ROGER SALENGRO;;;;850
33187;201300036824;13;7;9;1725;1;1;1;1.0;1;191;LA MORELIERE;M;4671132.0;-141921.0;850
33188;201300036825;13;7;10;1855;1;2;1;1.0;1;191;RUE ROGER S. SALENGRO;;;;850
33189;201300036826;13;7;18;1645;1;2;1;1.0;6;191;RUE PHILIPPE LEBON;M;4669985.0;-143085.0;850
33190;201300036827;13;8;23;1520;1;2;3;1.0;3;191;RUE DU PRES. DE GAULLE;M;4667129.0;-142040.0;850
33191;201300036828;13;8;24;2130;5;2;2;1.0;3;191;RUE DU MARECHAL FOCH;M;4667204.0;-142748.0;850
33192;201300036829;13;9;17;1800;1;2;1;2.0;3;191;50 RUE D' AIZENAY;;;;850
33193;201300036830;13;9;18;1750;1;1;1;1.0;3;191;BOULEVARD JOSEPH CUGNOT;M;4664273.0;-141229.0;850
33194;201300036831;13;9;30;1205;1;1;1;1.0;2;191;D 948;;;;850
33195;201300036832;13;10;9;1455;1;2;3;1.0;3;191;47 RUE D'ARCOLE;;;;850
33196;201300036833;13;11;5;740;1;2;2;3.0;6;191;BOULEVARD DES BELGES;;;;850
33197;201300036835;13;11;29;900;1;2;3;1.0;3;191;BOULEVARD LAVOISIER;M;4666003.0;-144064.0;850
33198;201300036836;13;11;28;1318;1;2;1;1.0;6;191;13 RUE ROGER SALENGRO;;;;850
33199;201300036837;13;12;18;1225;1;2;1;8.0;3;191;70 BOULEVARD D' ITALIE;;;;850
33200;201300036838;13;12;31;2045;5;2;1;2.0;6;191;32 RUE GEORGES POMPIDOU;;;;850
33201;201300036839;13;8;15;1200;1;1;1;1.0;4;166;RT PT BURGUINIERE;;;;850
33202;201300036840;13;1;2;2045;5;2;1;1.0;7;194;41 AVENUE D'AQUITAINE;;;;850
33203;201300036842;13;2;6;1600;1;2;6;1.0;6;166;GIRATOIRE F. MITTERRAND;;;;850
33204;201300036843;13;2;20;1350;1;2;1;1.0;6;60;106 AVENUE RENE COTY;;;;850
33205;201300036844;13;3;5;1330;1;2;1;1.0;6;194;23 RUE MAXIME BUDAIL;M;4650184.0;-177447.0;850
33206;201300036845;13;4;20;1815;1;1;2;1.0;3;60;RUE DU PETIT VERSAILLES;;;;850
33207;201300036846;13;5;4;1430;1;1;1;1.0;6;60;CHEMIN POISSONNIER;;;;850
33208;201300036847;13;5;4;1210;1;2;1;1.0;6;194;14 RUE OCTAVE VOYER;M;4649917.0;-178425.0;850
33209;201300036848;13;5;12;130;3;1;1;1.0;1;166;ROUTE DE LA FORET;;;;850
33210;201300036849;13;5;25;305;5;2;2;1.0;6;194;RUE DE LA BAUDUERE;M;4650179.0;-178288.0;850
33211;201300036850;13;6;7;230;5;2;1;1.0;7;166;ROND POINT LA VANNERIE;;;;850
33212;201300036851;13;6;7;40;5;2;1;1.0;6;194;BD DU PRESIDENT KENNEDY;;;;850
33213;201300036852;13;6;4;2355;5;2;1;1.0;6;166;150 RUE G. CLEMENCEAU;;;;850
33214;201300036853;13;6;26;2315;5;2;1;1.0;6;194;17 RUE MARECHAL LECLERC;M;4649759.0;-178513.0;850
33215;201300036854;13;6;16;2355;5;2;2;1.0;3;60;AVENUE RENE COTY;;;;850
33216;201300036855;13;7;11;1005;1;2;2;1.0;6;166;AV FRANCOIS MITTERAND;;;;850
33217;201300036856;13;7;13;1230;1;2;2;1.0;3;194;RUE DES BRANCHES;M;4650795.0;-180658.0;850
33218;201300036857;13;7;26;200;5;2;1;1.0;6;194;64 RUE NATIONALE;M;4649575.0;-178099.0;850
33219;201300036858;13;7;28;1930;1;1;1;1.0;1;60;RUE DU PETIT VERSAILLES;;;;850
33220;201300036859;13;8;1;1046;1;2;1;1.0;6;194;68 RUE JOSEPH BENATIER;M;4650318.0;-179906.0;850
33221;201300036860;13;8;4;945;1;2;2;1.0;3;194;QUAI JULES DINGLER;M;4649589.0;-179476.0;850
33222;201300036861;13;8;13;1400;1;2;1;1.0;6;194;18 RUE FELIX FAURE;M;4648984.0;-176945.0;850
33223;201300036862;13;8;22;230;5;2;2;1.0;3;194;RUE DU DC SCHWEITZER;M;4649602.0;-176379.0;850
33224;201300036863;13;8;22;1320;1;2;1;1.0;1;166;85 ROUTE DES PINS;;;;850
33225;201300036864;13;9;7;1820;1;2;1;1.0;7;194;BD DE L'ILE VERTIME;M;4650406.0;-178841.0;850
33226;201300036865;13;9;15;1615;1;2;1;1.0;6;194;RUE GUY MIGNONNEAU;M;4649445.0;-177280.0;850
33227;201300036866;13;9;22;1310;1;2;1;1.0;2;194;BOULEVARD D'ILE VERTIME;M;4650363.0;-178792.0;850
33228;201300036867;13;10;4;1600;1;2;6;1.0;3;194;ROND POINT DU D CHARCOT;;;;850
33229;201300036868;13;10;12;1255;1;1;6;2.0;7;166;BOULEVARD VENDEE GLOBE;M;4651174.0;-175748.0;850
33230;201300036869;13;10;21;1830;1;2;1;1.0;6;194;RUE JOSEPH BENATIER;;;;850
33231;201300036871;13;10;31;1345;1;1;1;1.0;6;166;ROUTE DE LA MER;;;;850
33232;201300036872;13;10;31;1930;5;2;1;1.0;2;194;BOULEVARD D'ILE VERTIME;M;4650508.0;-178941.0;850
33233;201300036873;13;10;31;1855;5;2;1;1.0;2;166;BOULEVARD VENDEE GLOBE;;;;850
33234;201300036874;13;11;4;850;1;2;3;1.0;6;60;ANGLE DOCTEUR LAENNEC;;;;850
33235;201300036875;13;11;13;1725;2;2;2;1.0;3;194;AVENUE DE BRETAGNE;;;;850
33236;201300036876;13;11;17;1810;5;2;1;1.0;6;194;RUE BARILLON;;;;850
33237;201300036877;13;11;22;1400;1;2;1;1.0;6;194;37 AVENUE JEAN JAURES;;;;850
33238;201300036878;13;12;16;2320;5;2;1;1.0;6;166;RUE GEORGES CLEMENCEAU;;;;850
33239;201300036879;13;12;10;750;2;1;1;1.0;3;166;AVENUE CHARLES GAULLE;;;;850
33240;201300036880;13;12;6;1510;1;2;1;1.0;2;194;16 AVENUE D'ANJOU;;;;850
33241;201300036881;13;12;18;1610;1;2;1;1.0;6;194;90 AVENUE D'AQUITAINE;;;;850
33242;201300036882;13;11;22;730;5;2;1;1.0;3;166;59 RUE DU 8 MAI 1945;;;;850
33243;201300036883;13;11;6;1200;1;2;1;1.0;1;194;RUE NATIONALE;M;4649594.0;-177768.0;850
33244;201300036884;13;12;6;1700;1;2;1;1.0;6;194;51 COURS DUPONT;M;4649802.0;-177851.0;850
33245;201300036885;13;12;7;1850;5;2;2;1.0;3;166;RUE DU 8 MAI 1945;;;;850
33246;201300036886;13;12;11;1905;5;2;1;1.0;6;166;BOULEVARD VENDEE GLOBE;;;;850
33247;201300036887;13;1;24;900;1;2;1;1.0;2;66;5, BRANLY (RUE);;;;860
33248;201300036888;13;1;28;1015;1;1;1;1.0;6;66;RD 725 - ROUTE DE LA ROC;;;;860
33249;201300036889;13;2;21;1625;1;2;1;1.0;3;66;107, DE LATTRE DE TASSIG;;;;860
33250;201300036890;13;3;6;2010;5;2;6;1.0;3;66;BRANLY (RUE);;;;860
33251;201300036891;13;4;19;904;1;2;1;1.0;6;66;30, LAGRANGE (RUE LEO);;;;860
33252;201300036892;13;6;1;1600;1;1;3;1.0;3;66;RD 14 RTE DE PLEUMARTIN;;;;860
33253;201300036893;13;6;4;2040;1;1;6;1.0;6;66;POUTHUME (RUE DE);;;;860
33254;201300036894;13;6;20;1610;1;2;1;8.0;2;66;57, RIPAULT AVENUE LOUIS;;;;860
33255;201300036895;13;7;10;1100;1;2;1;1.0;6;66;1, RD 9;;;;860
33256;201300036896;13;7;29;1325;1;2;2;1.0;6;66;1, RASSETEAU (RUE AIME);;;;860
33257;201300036897;13;9;9;1405;1;2;1;1.0;6;66;Avenue Jean MOULIN;;;;860