;Num_Acc;an;mois;jour;hrmn;lum;agg;int;atm;col;com;adr;gps;lat;long;dep
33258;201300036898;13;9;12;1230;1;2;3;1.0;3;66;3, HUGO (BOULEVARD VICTO;;;;860
33259;201300036900;13;9;16;1155;1;2;3;1.0;3;66;PALISSY (RUE BERNARD);;;;860
33260;201300036901;13;9;20;750;1;2;3;1.0;2;66;COLOMBIERS (RUE DE);;;;860
33261;201300036902;13;11;10;924;1;2;3;1.0;6;66;17, BLOSSAC (BOULEVARD D;;;;860
33262;201300036903;13;11;15;1945;5;2;1;1.0;6;66;KENNEDY (AVENUE JOHN);;;;860
33263;201300036904;13;11;21;840;1;2;1;1.0;6;66;121, BLOSSAC (BOULEVARD;;;;860
33264;201300036907;13;1;2;1205;1;2;1;1.0;6;194;177, FAUBOURG PONT NEUF;;;;860
33265;201300036908;13;1;4;1240;1;2;3;1.0;3;194;9, LIBERATION (AVENUE DE;;;;860
33266;201300036909;13;1;10;755;2;1;1;2.0;4;158;RD 910;;;;860
33267;201300036910;13;1;15;1830;5;2;1;1.0;1;194;., SAULAIE (ROUTE DE LA);;;;860
33268;201300036911;13;1;15;1920;3;1;3;8.0;5;157;NOUAILLE (ROUTE DE);;;;860
33269;201300036912;13;1;16;1545;1;2;2;1.0;2;194;QUATRE CYPRES (RUE DES);;;;860
33270;201300036913;13;1;20;549;3;1;1;4.0;6;133;RN.10;;;;860
33271;201300036914;13;1;24;755;5;2;1;1.0;6;194;389, NANTES (AVENUE DE);;;;860
33272;201300036915;13;1;25;800;2;1;3;1.0;3;158;RD 30;;;;860
33273;201300036916;13;1;25;1735;1;2;3;1.0;3;194;EUROPE (AVENUE DE L');;;;860
33274;201300036917;13;1;26;1210;1;2;1;1.0;7;194;49, CHARLES DE GAULLE (P;;;;860
33275;201300036918;13;1;28;1834;5;2;1;2.0;6;194;ROCADE EST (RD 162);;;;860
33276;201300036919;13;1;29;1230;1;2;1;2.0;2;157;RN 147;;;;860
33277;201300036920;13;1;30;2000;5;2;1;1.0;6;158;LOGE (AVENUE DE LA);;;;860
33278;201300036921;13;1;31;1705;1;2;1;1.0;1;194;65, HAUT DES SABLES (RUE;;;;860
33279;201300036923;13;2;1;1250;1;2;1;3.0;4;194;84, ROCHE (RUE DE LA);;;;860
33280;201300036924;13;2;5;750;2;2;2;1.0;3;194;JOHN KENNEDY (AVENUE);;;;860
33281;201300036925;13;2;7;1400;1;2;1;1.0;7;194;35, BONNEUIL MATOURS (RO;;;;860
33282;201300036926;13;2;6;1500;1;2;1;1.0;6;194;73, GRAND RUE (RUE);;;;860
33283;201300036927;13;2;13;2110;5;2;2;2.0;3;194;0, ANATOLE FRANCE (BOULE;;;;860
33284;201300036928;13;2;25;2140;5;2;2;4.0;3;194;STADE (ROND POINT DU);;;;860
33285;201300036929;13;3;2;235;5;2;1;1.0;7;194;LAFAYETTE (AVENUE DE);;;;860
33286;201300036930;13;3;4;1530;1;2;1;1.0;2;194;67, GRAND CERF (BOULEVAR;;;;860
33287;201300036931;13;3;6;1955;5;2;3;1.0;3;214;HAUTS DE LA CHAUME (AVEN;;;;860
33288;201300036932;13;3;8;2100;3;2;3;1.0;4;157;NOUAILLE (ROUTE DE);;;;860
33289;201300036933;13;3;11;1100;1;2;6;1.0;3;194;RUE JEAN CARBONNIER;;;;860
33290;201300036936;13;3;19;1310;1;2;6;2.0;3;158;., LOGE (AVENUE DE LA);;;;860
33291;201300036937;13;3;26;1725;1;2;2;1.0;3;194;., TRAMWAYS DEPARTEMENTA;;;;860
33292;201300036938;13;3;26;2105;5;2;1;1.0;6;194;9, NORTHAMPTON (AVENUE D;;;;860
33293;201300036940;13;3;27;1705;1;2;1;1.0;6;41;37, PLANTY (RUE DU);;;;860
33294;201300036941;13;3;28;2315;5;2;1;1.0;6;158;51, CENTRE (RUE DU);;;;860
33295;201300036942;13;3;29;1555;1;2;2;2.0;5;194;Route D?partementale 910;;;;860
33296;201300036943;13;3;29;2030;5;2;2;1.0;3;194;LIBERATION (AVENUE DE LA;;;;860
33297;201300036944;13;4;4;2045;5;2;6;2.0;6;194;MILETRIE (RUE DE LA);;;;860
33298;201300036945;13;4;6;1;5;2;3;1.0;3;194;TISON (BOULEVARD);;;;860
33299;201300036947;13;4;8;2320;5;2;1;1.0;5;194;11 NOVEMBRE (AVENUE DU);;;;860
33300;201300036948;13;4;10;1750;1;2;3;1.0;3;194;LIBERATION (AVENUE DE LA;;;;860
33301;201300036949;13;4;12;1155;1;2;1;2.0;7;214;253, GENCAY (ROUTE DE);;;;860
33302;201300036950;13;4;14;540;5;2;2;1.0;3;194;JOHN KENNEDY (AVENUE);;;;860
33303;201300036951;13;4;15;1220;1;2;6;1.0;3;157;RN 147;;;;860
33304;201300036952;13;4;18;1720;1;2;1;1.0;6;194;6, BAJON (BOULEVARD);;;;860
33305;201300036953;13;4;20;410;5;2;1;1.0;1;194;ANDRE MALRAUX (VOIE);;;;860
33306;201300036955;13;4;29;855;1;1;1;1.0;2;41;RN 147 Pont sur le Clain;;;;860
33307;201300036956;13;5;2;830;1;2;2;1.0;6;194;GENCAY (ROUTE DE);;;;860
33308;201300036957;13;5;9;250;5;2;1;2.0;6;158;21, POITIERS (RUE DE);;;;860
33309;201300036958;13;5;11;1505;1;2;2;1.0;3;194;., KLEBER (RUE);;;;860
33310;201300036959;13;5;15;900;1;2;8;1.0;6;194;3 RUE VOLTAIRE;;;;860
33311;201300036960;13;5;16;745;1;2;1;1.0;3;194;169, QUATRE ROUES (RUE D;;;;860
33312;201300036961;13;5;16;1400;1;2;1;1.0;2;194;6 RUE GEORGES LECLANCHE;;;;860
33313;201300036962;13;5;17;1715;1;2;1;1.0;4;194;49, GENCAY (ROUTE DE);;;;860
33314;201300036964;13;5;23;115;3;1;1;1.0;2;157;RN 147;;;;860
33315;201300036965;13;5;23;1330;1;2;6;1.0;3;194;., NORTHAMPTON (AVENUE D;;;;860
33316;201300036966;13;5;24;2325;5;2;2;1.0;3;194;EUROPE (AVENUE DE L');;;;860
33317;201300036967;13;6;1;615;2;2;7;1.0;6;194;CHARLES MARTEL (PLACE);;;;860
33318;201300036968;13;6;3;910;1;2;1;1.0;5;157;14, CHAUVIGNY (ROUTE DE);;;;860
33319;201300036969;13;6;5;1435;1;1;1;1.0;2;41;RN 147 BUXEROLLES;;;;860
33320;201300036970;13;6;5;1830;1;2;3;1.0;3;194;., NIMEGUE (RUE DE);;;;860
33321;201300036971;13;6;7;1100;1;2;2;7.0;6;194;0, JEAN JAURES (RUE);;;;860
33322;201300036972;13;6;10;1645;1;1;1;1.0;6;157;LIMOGES (ROUTE DE);;;;860
33323;201300036973;13;6;11;1610;1;2;1;1.0;1;194;1, PIQUETTERIE (RUE DE L;;;;860
33324;201300036974;13;6;17;125;5;2;1;1.0;6;194;162, BONNES (ROUTE DE);;;;860
33325;201300036975;13;6;17;1350;1;2;6;1.0;3;194;GIBAUDERIE (RUE DE LA);;;;860
33326;201300036976;13;6;18;925;1;2;1;3.0;6;214;6, CHANTEJEAU (RUE DE);;;;860
33327;201300036977;13;6;18;1200;1;2;1;3.0;7;194;54, NANTES (AVENUE DE);;;;860
33328;201300036978;13;6;24;735;1;2;2;1.0;3;214;., HAUTS DE LA CHAUME (A;;;;860
33329;201300036979;13;6;26;910;1;2;2;1.0;2;194;EUROPE (AVENUE DE L');;;;860
33330;201300036980;13;7;2;1915;1;2;6;1.0;3;194;8 MAI 1945 (AVENUE DU);;;;860
33331;201300036981;13;7;3;900;1;1;1;1.0;2;157;LIMOGES (ROUTE DE);;;;860
33332;201300036982;13;7;3;1510;1;2;1;1.0;4;194;221, FAUBOURG PONT NEUF;;;;860
33333;201300036983;13;7;3;2015;2;2;1;1.0;2;214;ROCADE SUD EST (RD 162);;;;860
33334;201300036984;13;7;5;930;1;1;2;1.0;3;158;RICHELIEU (RUE DE);;;;860
33335;201300036985;13;7;9;1730;1;2;1;1.0;7;194;GRAND RUE (RUE);;;;860
33336;201300036986;13;7;12;1225;1;2;1;1.0;2;157;RN 147;;;;860
33337;201300036987;13;7;18;1055;1;2;1;7.0;6;194;25, QUINCAY (RUE DE);;;;860
33338;201300036988;13;7;18;1940;1;1;2;1.0;3;27;FORET (ROUTE DE LA);;;;860
33339;201300036989;13;7;19;1025;1;2;2;1.0;3;194;0, DEUX COMMUNES (RUE DE;;;;860
33340;201300036990;13;7;22;150;5;2;1;1.0;6;194;FRANCOIS ALBERT (BOULEVA;;;;860
33341;201300036991;13;7;22;1045;1;2;2;1.0;3;194;PAILLERIE (RUE DE LA);;;;860
33342;201300036992;13;7;23;1232;1;2;3;2.0;3;194;IASSY (AVENUE DE);;;;860
33343;201300036993;13;7;25;2205;5;2;2;1.0;3;194;JACQUES COEUR (AVENUE);;;;860
33344;201300036994;13;7;28;1825;1;2;6;1.0;3;194;., FAUBOURG SAINT CYPRIE;;;;860
33345;201300036995;13;7;30;1000;1;1;2;1.0;3;157;LIMOGES (ROUTE DE);;;;860
33346;201300036997;13;7;30;1715;1;1;1;1.0;6;158;LIMBRE (RUE DE);;;;860
33347;201300036998;13;8;1;2155;3;2;3;1.0;3;194;PARTHENAY (Rte de) (RD 3;;;;860
33348;201300036999;13;8;2;1255;1;2;1;1.0;6;194;28, COURONNERIES (RUE DE;;;;860
33349;201300037000;13;8;2;1640;1;2;1;1.0;5;214;ROCADE SUD EST (RD 162);;;;860
33350;201300037001;13;8;4;1300;1;1;3;1.0;7;157;NOUAILLE (ROUTE DE);;;;860
33351;201300037003;13;8;7;1925;1;2;1;1.0;2;194;JOHN KENNEDY (AVENUE);;;;860
33352;201300037004;13;8;17;2030;2;2;1;1.0;3;194;250, 8 MAI 1945 (AVENUE;;;;860
33353;201300037005;13;8;21;805;1;2;3;1.0;3;41;39, DEUX COMMUNES (RUE D;;;;860
33354;201300037006;13;8;21;1605;1;2;2;1.0;6;194;2, INTENDANT LE NAIN (RU;;;;860
33355;201300037008;13;8;22;830;1;2;6;1.0;4;214;208, GENCAY (ROUTE DE);;;;860
33356;201300037009;13;8;24;330;3;2;1;1.0;7;194;PARTHENAY (Rte de) (RD 3;;;;860
33357;201300037010;13;8;31;1935;1;2;1;1.0;6;194;42, CHASSEIGNE (BOULEVAR;;;;860
33358;201300037011;13;9;1;2110;5;2;1;1.0;6;194;1, MONTAIGNE (RUE);;;;860
33359;201300037012;13;9;3;1725;1;2;1;1.0;3;194;85, LIBERATION (AVENUE D;;;;860
33360;201300037013;13;9;3;2115;5;2;4;1.0;6;214;., POITIERS (ROUTE DE);;;;860
33361;201300037015;13;9;10;1850;1;2;1;1.0;3;194;147 bis, NOUAILLE (ROUTE;;;;860
33362;201300037016;13;9;10;1920;1;2;2;1.0;6;194;., RECTEUR PINEAU (AVENU;;;;860
33363;201300037017;13;9;12;1115;1;1;1;1.0;2;158;147 (ROUTE NATIONALE);;;;860
33364;201300037018;13;9;14;1740;1;2;2;3.0;4;194;11 NOVEMBRE (AVENUE DU);;;;860
33365;201300037019;13;9;15;2130;5;2;3;1.0;3;194;., GENCAY (ROUTE DE);;;;860
33366;201300037020;13;9;15;2030;5;2;1;1.0;6;194;NORTHAMPTON (AVENUE DE);;;;860
33367;201300037021;13;9;14;1440;1;2;1;2.0;6;214;GENCAY (ROUTE DE);;;;860
33368;201300037022;13;9;16;1820;1;2;3;1.0;3;194;., SANS CULOTTES (RUE DE;;;;860
33369;201300037023;13;9;18;735;4;2;3;2.0;3;194;SAINT JUST (BOULEVARD);;;;860
33370;201300037024;13;9;19;1730;1;2;1;1.0;4;194;9, NORTHAMPTON (AVENUE D;;;;860
33371;201300037025;13;9;24;845;1;2;3;1.0;3;214;11 NOVEMBRE (AVENUE DU);;;;860
33372;201300037026;13;9;25;1710;1;2;2;1.0;5;194;PAILLERIE (RUE DE LA);;;;860
33373;201300037027;13;9;26;1800;1;2;2;1.0;3;194;RAOUL FOLLEREAU (RUE);;;;860
33374;201300037028;13;9;27;810;1;2;2;1.0;3;194;PAILLERIE (RUE DE LA);;;;860
33375;201300037029;13;9;27;905;1;2;1;1.0;3;194;126, BUGELLERIE (RUE DE;;;;860
33376;201300037030;13;9;27;1750;1;2;1;1.0;3;194;16, PONT SAINT CYPRIEN (;;;;860
33377;201300037031;13;9;29;1930;3;1;1;3.0;2;194;BRETELLE SORTIE N147/D3;;;;860
33378;201300037032;13;9;30;2125;5;2;3;1.0;3;194;0, NANTES (AVENUE DE);;;;860
33379;201300037033;13;10;1;1920;2;2;1;1.0;6;194;57, GANTERIE (RUE DE LA);;;;860
33380;201300037034;13;10;4;725;5;2;1;1.0;3;158;., LOGE (AVENUE DE LA);;;;860
33381;201300037036;13;10;7;1330;1;1;6;1.0;2;158;RN.149;;;;860
33382;201300037037;13;10;9;2030;5;2;1;1.0;1;194;18, MONTMIDI (RUE DE);;;;860
33383;201300037038;13;10;10;1725;1;1;1;1.0;5;157;0, SAVIGNY (ROUTE DE );;;;860
33384;201300037039;13;10;13;1000;1;1;1;5.0;6;158;RD 347;;;;860
33385;201300037040;13;10;16;1710;1;2;2;1.0;3;194;BOULEVARD  PONT JOUBERT;;;;860
33386;201300037041;13;10;20;1355;1;2;2;1.0;3;194;ROCADE OUEST (RD 910);;;;860
33387;201300037042;13;10;21;1845;1;2;2;1.0;3;194;CHARLES VII (PLACE);;;;860
33388;201300037043;13;10;24;1530;1;2;3;1.0;3;41;RUE DE LA VINCENDERIE;;;;860
33389;201300037044;13;10;24;2020;5;2;2;1.0;3;194;ROCADE OUEST (RD 910);;;;860
33390;201300037045;13;10;26;1725;1;2;2;1.0;3;194;ROCADE EST (RD 162);;;;860
33391;201300037047;13;10;28;945;1;2;1;1.0;2;194;JOHN KENNEDY (AVENUE);;;;860
33392;201300037048;13;10;30;1215;1;2;1;1.0;4;214;11 NOVEMBRE (AVENUE DU);;;;860
33393;201300037049;13;11;2;2125;5;2;1;2.0;6;194;ANDRE MALRAUX (VOIE);;;;860
33394;201300037050;13;11;3;55;5;2;2;2.0;3;194;ROCADE EST (RD 162);;;;860
33395;201300037051;13;11;5;1910;5;2;3;1.0;3;194;., SAVARI (BOULEVARD);;;;860
33396;201300037052;13;11;6;515;5;2;2;2.0;6;194;JOHN KENNEDY (AVENUE);;;;860
33397;201300037053;13;11;8;1040;1;1;1;2.0;6;194;ROCADE OUEST (RD 910);;;;860
33398;201300037054;13;11;11;1640;1;2;3;1.0;3;194;PONT ACHARD (BOULEVARD);;;;860
33399;201300037055;13;11;12;1555;1;2;2;1.0;3;194;MARECHAL FOCH (RUE DU);;;;860
33400;201300037056;13;11;12;1815;5;2;1;2.0;6;194;191, FAUBOURG PONT NEUF;;;;860
33401;201300037057;13;11;14;940;1;2;1;1.0;7;194;24, BAJON (BOULEVARD);;;;860
33402;201300037058;13;11;15;1125;1;2;1;2.0;6;27;5, CHARLES DE GAULLE (AV;;;;860
33403;201300037059;13;11;18;1415;1;1;1;1.0;6;157;227, NOUAILLE (ROUTE DE);;;;860
33404;201300037060;13;11;19;1510;1;2;2;1.0;3;194;NANTES (AVENUE DE);;;;860
33405;201300037061;13;11;20;230;5;2;3;1.0;6;194;., LATTRE DE TASSIGNY (B;;;;860
33406;201300037062;13;11;20;1100;1;2;1;1.0;7;194;1, CARMES (RUE DES);;;;860
33407;201300037063;13;11;20;2235;3;1;1;2.0;7;158;RICHELIEU (RUE DE);;;;860
33408;201300037064;13;11;21;755;2;2;6;2.0;6;194;., RUE JEAN CARBONNIER;;;;860
33409;201300037065;13;11;21;1740;5;2;1;2.0;3;194;0, NANTES (AVENUE DE);;;;860
33410;201300037066;13;11;21;1810;5;2;1;2.0;6;194;28, JEANNE D'ARC (BOULEV;;;;860
33411;201300037067;13;11;29;810;2;2;6;1.0;3;194;ROCADE OUEST (RD 910);;;;860
33412;201300037068;13;11;28;1715;5;2;3;1.0;3;194;0, NORTHAMPTON (AVENUE D;;;;860
33413;201300037069;13;11;30;2155;5;2;1;1.0;6;41;76, VALLEE (ROUTE DE LA);;;;860
33414;201300037070;13;12;3;1830;5;2;6;1.0;6;194;2, GENCAY (ROUTE DE);;;;860
33415;201300037071;13;12;4;1635;2;1;1;1.0;2;158;RICHELIEU (RUE DE);;;;860
33416;201300037072;13;12;5;1610;1;2;1;1.0;6;194;20, AVIATION (RUE DE L');;;;860
33417;201300037073;13;12;6;2100;5;2;2;1.0;1;214;RTE DE GENCAY/D162;;;;860
33418;201300037074;13;12;7;2340;5;2;1;1.0;6;194;94, PLATEAU DES GLIERES;;;;860
33419;201300037075;13;12;9;1820;5;2;3;1.0;3;194;LIBERATION (AVENUE DE LA;;;;860
33420;201300037076;13;12;11;722;2;2;1;1.0;7;194;RECTEUR PINEAU (AVENUE);;;;860
33421;201300037077;13;12;12;1320;1;2;1;1.0;6;194;ANDRE MALRAUX (VOIE);;;;860
33422;201300037078;13;12;13;810;2;1;1;9.0;6;41;RN 147 BUXEROLLES;;;;860
33423;201300037079;13;12;13;800;2;1;1;5.0;2;41;RN 147 BUXEROLLES;;;;860
33424;201300037080;13;12;14;1040;1;2;2;5.0;3;157;RN 147;;;;860
33425;201300037081;13;12;15;120;4;1;1;1.0;6;158;RD 910;;;;860
33426;201300037082;13;12;16;1910;5;2;2;1.0;6;214;11 NOVEMBRE (AVENUE DU);;;;860
33427;201300037083;13;12;19;1645;1;2;4;1.0;3;194;0, PORTEAU (RUE DU);;;;860
33428;201300037084;13;12;20;1155;1;2;1;1.0;2;158;34BIS, POITIERS (RUE DE);;;;860
33429;201300037085;13;12;21;1445;1;1;1;1.0;6;214;0, GENCAY (ROUTE DE);;;;860
33430;201300037086;13;12;23;1045;1;2;2;1.0;4;214;ROCADE SUD EST (RD 162);;;;860
33431;201300037087;13;12;28;2235;5;2;3;2.0;7;158;POITIERS (RUE DE);;;;860
33432;201300037088;13;12;29;1005;1;1;1;1.0;1;133;POITIERS (AVENUE DE);;;;860
33433;201300037089;13;12;31;1215;1;2;2;1.0;3;194;EUROPE (AVENUE DE L');;;;860
33434;201300037090;13;12;31;1810;5;2;3;3.0;3;194;PONT JOUBERT (BOULEVARD);;;;860
33435;201300037091;13;1;1;1510;1;1;1;1.0;6;85;0, AUTOROUTE A20;;;;870
33436;201300037092;13;1;2;1236;1;2;3;1.0;3;85;0, VIGENAL (BOULEVARD DU;;;;870
33437;201300037093;13;1;5;1446;1;2;1;1.0;6;85;0, CURIE  (RUE PIERRE ET;;;;870
33438;201300037094;13;1;5;1301;1;2;1;1.0;6;85;88 BIS, BRIAND (RUE ARIS;;;;870
33439;201300037095;13;1;5;1651;1;2;1;1.0;2;85;8, Georges GUINGOUIN(rue;;;;870
33440;201300037096;13;1;7;450;3;1;1;5.0;6;50;78, GARDE (RUE DE LA);;;;870
33441;201300037097;13;1;7;1833;5;2;1;5.0;6;50;15, VIGNES (RUE DES);;;;870
33442;201300037099;13;1;10;214;5;2;1;1.0;2;85;2, BAUDIN ( AVENUE) (VC);;;;870
33443;201300037100;13;1;10;829;1;2;1;2.0;6;85;11, CHURCHILL WINSTON (P;;;;870
33444;201300037101;13;1;10;2354;5;1;1;1.0;6;85;BAUDIN (AVENUE) ( RN21);;;;870
33445;201300037102;13;1;11;1906;5;2;3;1.0;3;85;0, CAMBUSES (Avenue des);;;;870
33446;201300037105;13;1;17;1100;1;2;1;1.0;2;85;0, BASTIAT (RUE FREDERIC;;;;870
33447;201300037106;13;1;17;1143;1;2;1;1.0;6;85;23, PUY LAS RODAS (RUE D;;;;870
33448;201300037107;13;1;19;1959;5;2;1;2.0;3;65;0, LEGRAND (RUE FREDERIC;;;;870
33449;201300037108;13;1;22;750;5;2;3;1.0;3;85;0, ESSARTS (RUE DES);;;;870
33450;201300037109;13;1;22;1005;1;2;1;2.0;6;85;221, PERRIN (RUE FRANCOI;;;;870
33451;201300037110;13;1;22;853;1;2;1;1.0;6;85;D20;;;;870
33452;201300037111;13;1;27;1641;1;2;3;2.0;3;85;0, VIGENAL (BOULEVARD DU;;;;870
33453;201300037112;13;1;28;753;5;2;1;2.0;3;85;81, KENNEDY (AVENUE DU P;;;;870
33454;201300037113;13;1;29;1002;1;2;1;1.0;2;85;0, FEYTIAT (RUE DE);;;;870
33455;201300037114;13;1;30;1804;5;2;1;2.0;6;85;0, JOFFRE (RUE DU MARECH;;;;870
33456;201300037115;13;1;31;813;1;2;1;2.0;2;85;0, FRACHON ( ave Benoit);;;;870
33457;201300037116;13;2;1;1210;1;2;1;3.0;2;50;GARE (AVENUE DE LA) RD12;;;;870
33458;201300037117;13;2;4;851;1;1;1;2.0;6;85;0, AUTOROUTE A20;;;;870
33459;201300037118;13;2;4;958;1;2;2;2.0;6;85;70, DUMONT (RUE HENRI);;;;870
33460;201300037119;13;2;4;1701;1;1;2;2.0;6;85;AUTOROUTE A20;;;;870
33461;201300037121;13;2;8;1817;5;2;3;1.0;3;113;35, MOULIN (AVENUE JEAN);;;;870
33462;201300037122;13;2;9;2010;5;2;1;4.0;6;85;58, BEAUBREUIL (AVENUE D;;;;870
33463;201300037123;13;2;15;1257;1;2;2;1.0;3;85;54, MONTJOVIS (AVENUE);;;;870
33464;201300037125;13;2;22;2002;5;2;3;1.0;1;85;113, DUTREIX (RUE ARMAND;;;;870
33465;201300037126;13;2;23;1816;1;2;3;4.0;3;85;28, VIGENAL (BOULEVARD D;;;;870
33466;201300037127;13;2;24;2215;5;2;1;4.0;6;85;0, SCHUMAN (BOULEVARD RO;;;;870
33467;201300037128;13;2;25;1154;1;2;1;4.0;6;85;2, CARNOT (BOULEVARD);;;;870
33468;201300037129;13;2;26;844;1;1;1;1.0;2;85;0, AUTOROUTE A20;;;;870
33469;201300037130;13;2;26;1859;5;1;1;1.0;2;85;AUTOROUTE A20;;;;870
33470;201300037131;13;2;27;1605;1;2;1;1.0;6;85;11, LANSECOT (RUE);;;;870
33471;201300037132;13;2;27;1510;1;1;1;1.0;6;75;0, VC18 (rte de THIAS);;;;870
33472;201300037133;13;2;28;1950;5;2;1;1.0;6;85;68, LEGENDRE (RUE CHARLE;;;;870
33473;201300037134;13;3;2;2234;5;2;2;1.0;3;85;FRACHON ( ave Benoit);;;;870
33474;201300037135;13;3;3;2041;3;1;1;1.0;2;85;RD941 (OUEST);;;;870
33475;201300037136;13;3;4;1821;1;2;1;1.0;3;65;5, VIEUX CREZIN (RUE DU);;;;870
33476;201300037137;13;3;6;1353;1;2;1;2.0;6;85;79, PERRIN (RUE FRANCOIS;;;;870
33477;201300037138;13;3;8;1750;5;2;1;2.0;6;85;0, SCHUMAN (BOULEVARD RO;;;;870
33478;201300037140;13;3;9;1733;1;2;3;1.0;3;85;0, KING (AVENUE MARTIN L;;;;870
33479;201300037141;13;3;12;826;1;2;1;2.0;2;85;0, BEAUBLANC (BOULEVARD;;;;870
33480;201300037142;13;3;13;1401;1;2;3;1.0;3;85;0, LEOBARDY (AVE DU PROF;;;;870
33481;201300037143;13;3;15;1410;1;2;1;1.0;6;85;167, PERRIN (RUE FRANCOI;;;;870
33482;201300037144;13;3;22;2300;5;2;1;1.0;3;85;MAS-BOUYOL  (CITE ET BOU;;;;870
33483;201300037146;13;3;26;1219;1;2;1;1.0;3;85;07, LIBERATION (AVENUE D;;;;870
33484;201300037147;13;4;2;1041;1;2;1;1.0;6;85;6, MENIEUX (RUE DU LIEUT;;;;870
33485;201300037148;13;4;3;1350;1;1;3;1.0;3;48;0, NEXON (ROUTE DE);;;;870
33486;201300037149;13;4;3;1715;1;2;2;1.0;3;85;0, MONTARAUDS (RUE DES);;;;870
33487;201300037150;13;4;3;1926;1;2;1;1.0;6;75;0, CHATEAU (AVENUE DU);;;;870
33488;201300037151;13;4;4;1716;1;2;1;2.0;6;85;PORT DU NAVEIX (RUE DU);;;;870
33489;201300037152;13;4;4;1918;1;1;1;2.0;6;85;AUTOROUTE A20;;;;870
33490;201300037153;13;4;5;1426;1;2;1;1.0;2;85;14, LECLERC (AVENUE DU G;;;;870
33491;201300037154;13;4;5;1541;1;2;1;1.0;6;85;40, PERRIN (RUE FRANCOIS;;;;870
33492;201300037155;13;4;5;1712;1;2;1;1.0;3;85;53, REVOLUTION (AVENUE D;;;;870
33493;201300037156;13;4;6;2126;5;2;1;1.0;3;85;49, GARIBALDI (AVENUE);;;;870
33494;201300037157;13;4;7;2319;5;2;1;1.0;6;85;MAS-BOUYOL  (CITE ET BOU;;;;870
33495;201300037158;13;4;11;1720;1;2;1;3.0;6;85;0, BROGLIE (AVENUE LOUIS;;;;870
33496;201300037159;13;4;12;1305;1;2;2;2.0;3;85;93, LABUSSIERE (AVENUE E;;;;870
33497;201300037160;13;4;12;1850;1;2;2;1.0;3;85;79, VARLIN (RUE EUGENE);;;;870
33498;201300037161;13;4;13;1735;1;2;2;1.0;5;85;30, SILVESTRE (RUE CHARL;;;;870
33499;201300037162;13;4;18;1044;1;2;1;1.0;6;85;155, PERRIN (RUE FRANCOI;;;;870
33500;201300037163;13;4;19;1716;1;2;1;1.0;6;85;10, JOURDAN (PLACE);;;;870
33501;201300037164;13;4;22;850;1;2;1;1.0;6;65;33, VALIN (AVENUE MARTIA;;;;870
33502;201300037165;13;4;22;1717;1;2;1;1.0;6;85;46, PISSARO (RUE CAMILLE;;;;870
33503;201300037166;13;4;25;1639;1;2;1;1.0;1;85;22, VERDUN (RUE DE);;;;870
33504;201300037167;13;4;29;1226;1;2;9;1.0;6;85;0, FOCH (RUE DU MARECHAL;;;;870
33505;201300037168;13;4;30;808;1;2;1;2.0;3;50;0, LIMOGES (AVENUE DE);;;;870
33506;201300037169;13;5;2;750;1;1;1;3.0;6;85;AUTOROUTE A20;;;;870
33507;201300037171;13;5;6;1156;1;2;1;1.0;2;85;0, MAS-BOUYOL  (CITE ET;;;;870
33508;201300037172;13;5;8;1600;1;2;2;1.0;3;85;02, DONZELOT (RUE);;;;870
33509;201300037174;13;5;11;744;2;1;1;1.0;6;113;8, MITTERRAND (AVENUE FR;;;;870
33510;201300037175;13;5;11;1504;1;1;1;1.0;1;85;RN520;;;;870
33511;201300037176;13;5;12;816;1;1;1;2.0;6;48;0, RD 32;;;;870
33512;201300037177;13;5;13;1808;1;2;1;1.0;3;85;ORADOUR SUR GLANE (CARRE;;;;870
33513;201300037178;13;5;15;1032;1;2;2;1.0;3;114;72, BLUM (AVENUE LEON-);;;;870
33514;201300037179;13;5;15;1353;1;2;9;1.0;6;85;0, LARREY (AVENUE DOMINI;;;;870
33515;201300037181;13;5;16;815;1;2;1;1.0;6;85;1, SOUCIS (RUE DES);;;;870
33516;201300037183;13;5;17;1805;1;2;1;1.0;6;85;24, BEL AIR (BOULEVARD D;;;;870
33517;201300037184;13;5;18;945;1;1;1;2.0;6;48;04, CHAMBON (LIEU DIT LE;;;;870
33518;201300037185;13;5;18;1049;1;1;1;3.0;6;85;AUTOROUTE A20;;;;870
33519;201300037186;13;5;18;1315;1;2;1;2.0;2;85;0, BROGLIE (AVENUE LOUIS;;;;870
33520;201300037187;13;5;20;1229;1;1;1;2.0;6;85;AUTOROUTE A20;;;;870
33521;201300037188;13;5;20;1429;1;2;1;3.0;6;50;0, LIMOGES (AVENUE DE);;;;870
33522;201300037189;13;5;21;1702;1;2;9;2.0;2;85;0, ARMAND (AVE Z.A.C;;;;870
33523;201300037191;13;5;23;959;1;2;1;1.0;6;85;BEL AIR (BOULEVARD DE);;;;870
33524;201300037192;13;5;24;830;1;2;1;1.0;4;85;319, BAUDIN ( AVENUE) (V;;;;870
33525;201300037194;13;5;27;1315;1;2;1;2.0;6;85;196, BELLAC (RUE DE);;;;870
33526;201300037195;13;5;27;1951;1;2;1;1.0;6;85;0, CARNOT (PLACE SADI);;;;870
33527;201300037196;13;5;28;839;1;1;1;1.0;4;48;0, NEXON (ROUTE DE);;;;870
33528;201300037197;13;5;28;1350;1;2;1;2.0;6;85;SCHUMAN (BOULEVARD ROBER;;;;870
33529;201300037198;13;5;28;1552;1;2;1;3.0;6;85;79, LATTRE-DE-TASSIGNY (;;;;870
33530;201300037199;13;5;29;1228;1;2;1;2.0;6;85;53, PECHIERAS (RUE RENE);;;;870