;Num_Acc;an;mois;jour;hrmn;lum;agg;int;atm;col;com;adr;gps;lat;long;dep
33531;201300037200;13;5;29;1756;2;2;3;2.0;3;85;0, JOURDAN (PLACE);;;;870
33532;201300037201;13;5;30;906;1;2;2;1.0;6;114;68, BLUM (AVENUE LEON-);;;;870
33533;201300037202;13;5;30;1235;1;2;1;2.0;6;85;0, ORADOUR SUR GLANE (CA;;;;870
33534;201300037203;13;5;31;1755;1;1;3;1.0;6;75;06, COUERASSAS (RUE DE);;;;870
33535;201300037204;13;5;31;2158;5;1;1;1.0;6;65;MOISSAGUET (LIEU-DIT);;;;870
33536;201300037205;13;6;3;1025;1;2;1;1.0;6;85;28, MAS-LOUBIER (RUE DU);;;;870
33537;201300037206;13;6;3;1706;1;2;1;1.0;4;114;50, CARNOT (AVENUE PRESI;;;;870
33538;201300037207;13;6;4;1136;1;2;2;1.0;6;85;26, GARIBALDI (AVENUE);;;;870
33539;201300037208;13;6;5;1047;1;1;1;1.0;5;85;AUTOROUTE A20;;;;870
33540;201300037209;13;6;7;1543;1;2;3;1.0;6;85;184, CASSEAUX (AVE DES);;;;870
33541;201300037210;13;6;8;1348;1;1;1;2.0;1;85;ESSARTS (RUE DES);;;;870
33542;201300037211;13;6;8;1537;1;2;1;2.0;3;85;4, AMPHITHEATRE (RUE DE);;;;870
33543;201300037213;13;6;9;1237;1;2;2;1.0;3;85;71, CHINCHAUVAUD (RUE DU;;;;870
33544;201300037214;13;6;12;1517;1;2;1;1.0;6;85;6, CARMES (PLACE DES);;;;870
33545;201300037215;13;6;12;1706;1;2;1;1.0;2;85;07, GARIBALDI (AVENUE);;;;870
33546;201300037216;13;6;13;1322;1;2;1;3.0;6;65;LEGRAND (RUE FREDERIC-);;;;870
33547;201300037217;13;6;13;1658;1;1;1;3.0;2;85;AUTOROUTE A20;;;;870
33548;201300037218;13;6;14;1359;1;2;1;1.0;2;85;0, MAS-GIGOU (RUE DU);;;;870
33549;201300037219;13;6;15;500;1;1;1;1.0;6;75;0, BALEZY (ROUTE DE);;;;870
33550;201300037220;13;6;16;1205;1;2;1;1.0;6;85;12, GUILLEMOT (RUE JOSEP;;;;870
33551;201300037221;13;6;17;1942;1;2;3;1.0;3;85;93, LEGENDRE (RUE CHARLE;;;;870
33552;201300037222;13;6;19;751;1;2;1;2.0;2;85;BAUDIN (AVENUE) ( RN21);;;;870
33553;201300037223;13;6;20;1723;1;2;2;2.0;3;85;0, BEAUBREUIL (AVENUE DE;;;;870
33554;201300037224;13;6;20;1704;1;2;1;2.0;6;85;11, WAGNER (RUE);;;;870
33555;201300037225;13;6;23;1032;1;2;1;1.0;6;85;14, MAS-BOUYOL  (CITE ET;;;;870
33556;201300037226;13;6;26;1421;1;1;1;1.0;3;85;MAS-BOUYOL  (CITE ET BOU;;;;870
33557;201300037227;13;6;27;1449;1;1;1;1.0;2;65;AUTOROUTE A20;;;;870
33558;201300037228;13;6;28;1812;1;2;1;1.0;6;85;34, BARBES (RUE ARMAND);;;;870
33559;201300037229;13;6;29;133;3;1;1;1.0;6;114;0, LAVAUD - LIEU DIT;;;;870
33560;201300037232;13;6;30;1742;1;2;2;1.0;2;85;01, GALLIENI (RUE);;;;870
33561;201300037233;13;6;30;1854;1;2;1;1.0;6;85;43, PISSARO (RUE CAMILLE;;;;870
33562;201300037234;13;6;30;1905;1;2;1;1.0;6;50;LIMOGES (AVENUE DE);;;;870
33563;201300037235;13;7;2;910;1;1;1;1.0;6;113;0, MITTERRAND (AVENUE FR;;;;870
33564;201300037236;13;7;3;833;1;2;1;2.0;7;85;182, SAINT GENCE (RUE DE;;;;870
33565;201300037237;13;7;3;1802;1;2;1;2.0;6;85;167, LATTRE-DE-TASSIGNY;;;;870
33566;201300037238;13;7;3;1853;1;1;1;1.0;2;75;RD79;;;;870
33567;201300037240;13;7;6;1142;1;2;1;1.0;2;85;38, BOTREL (RUE THEODORE;;;;870
33568;201300037241;13;7;6;1620;1;2;3;1.0;7;85;51, GAMBETTA (BOULEVARD);;;;870
33569;201300037242;13;7;6;2119;1;2;1;1.0;6;113;12, POMPIDOU (AVENUE GEO;;;;870
33570;201300037243;13;7;7;1828;1;2;2;1.0;3;85;11, MONTJOVIS (AVENUE);;;;870
33571;201300037245;13;7;9;1334;1;2;2;1.0;3;85;130, RUBEN (AVENUE ERNES;;;;870
33572;201300037246;13;7;9;1707;1;2;3;1.0;6;85;52, COUTURES (AVENUE DES;;;;870
33573;201300037247;13;7;10;1727;1;2;2;1.0;3;85;34, NADAUD (RUE GUSTAVE);;;;870
33574;201300037248;13;7;11;1613;1;2;3;1.0;1;85;0, REVOLUTION (PONT DE L;;;;870
33575;201300037249;13;7;11;1804;1;2;1;1.0;2;65;VALIN (AVENUE MARTIAL);;;;870
33576;201300037250;13;7;12;2025;1;1;1;1.0;6;48;0, SOLIGNAC (Rue de);;;;870
33577;201300037252;13;7;13;1929;1;2;3;1.0;4;85;0, BEL AIR (BOULEVARD DE;;;;870
33578;201300037253;13;7;17;1927;1;2;3;1.0;3;85;01, CHARENTES (PLACE DES;;;;870
33579;201300037254;13;7;18;810;1;1;1;1.0;6;85;AUTOROUTE A20;;;;870
33580;201300037256;13;7;19;436;3;1;1;1.0;1;50;RN520 (COUZEIX);;;;870
33581;201300037257;13;7;19;2057;2;2;1;1.0;6;85;54, ENCOMBE-VINEUSE (IMP;;;;870
33582;201300037258;13;7;20;2014;1;1;1;2.0;6;85;GROSSEREIX (ROND POINT D;;;;870
33583;201300037259;13;7;21;1820;1;2;3;1.0;3;75;0, ARAGON (AVENUE LOUIS);;;;870
33584;201300037260;13;7;22;2108;2;1;1;1.0;6;85;AUTOROUTE A20;;;;870
33585;201300037261;13;7;23;1220;1;2;3;1.0;3;85;0, CATROUX (RUE DU GENER;;;;870
33586;201300037262;13;7;23;1058;1;2;2;1.0;3;85;33, BUGEAUD (COURS);;;;870
33587;201300037263;13;7;23;1447;1;1;1;1.0;2;85;AUTOROUTE A20;;;;870
33588;201300037264;13;7;23;1700;1;2;1;2.0;6;85;03, AINE (PLACE D');;;;870
33589;201300037265;13;7;24;1552;1;2;1;1.0;2;85;18, LEGENDRE (RUE CHARLE;;;;870
33590;201300037267;13;7;25;1527;1;2;3;1.0;3;85;0, ALLENDE (QUAI SALVADO;;;;870
33591;201300037268;13;7;28;1900;1;2;2;1.0;3;85;01, CARNOT (PLACE SADI);;;;870
33592;201300037269;13;7;29;1252;1;2;3;1.0;3;85;0, KING (AVENUE MARTIN L;;;;870
33593;201300037270;13;8;2;2146;5;2;2;1.0;3;85;0, DUMAS (AVENUE GEORGES;;;;870
33594;201300037271;13;8;6;819;1;2;2;1.0;3;85;MAS-BOUYOL  (CITE ET BOU;;;;870
33595;201300037272;13;8;7;933;1;2;1;1.0;4;85;SCHUMAN (BOULEVARD ROBER;;;;870
33596;201300037273;13;8;8;1330;1;1;1;2.0;6;85;0, MOCQUET(RUE GUY);;;;870
33597;201300037275;13;8;13;1213;1;2;1;1.0;2;85;SCHUMAN (BOULEVARD ROBER;;;;870
33598;201300037276;13;8;14;1327;1;2;1;1.0;6;85;214, BRIAND (RUE ARISTID;;;;870
33599;201300037277;13;8;16;1525;1;2;2;1.0;3;85;0, RESISTANCE LIMOUSINE;;;;870
33600;201300037278;13;8;18;1847;1;2;2;1.0;3;85;34, BAC (RUE THEODORE);;;;870
33601;201300037279;13;8;18;1550;1;1;2;1.0;3;50;D35;;;;870
33602;201300037280;13;8;19;736;1;2;1;1.0;6;85;POMPIDOU (AVENUE GEORGES;;;;870
33603;201300037283;13;8;22;1227;1;2;1;1.0;6;85;11, LEBON (RUE PHILIPPE);;;;870
33604;201300037284;13;8;24;1022;1;1;1;1.0;2;85;AUTOROUTE A20;;;;870
33605;201300037286;13;8;25;1943;1;1;1;1.0;5;85;AUTOROUTE A20;;;;870
33606;201300037287;13;8;27;1653;1;1;1;2.0;2;85;AUTOROUTE A20;;;;870
33607;201300037288;13;8;29;1451;1;2;1;1.0;2;85;120, VANTEAUX (BOULEVARD;;;;870
33608;201300037289;13;8;31;2230;5;2;1;1.0;2;113;25, CARNOT (AVENUE SADI);;;;870
33609;201300037290;13;9;1;548;5;1;1;1.0;6;75;RN 21;;;;870
33610;201300037291;13;9;2;652;3;1;1;1.0;4;85;RD941 (OUEST);;;;870
33611;201300037292;13;9;2;1838;1;2;1;1.0;6;85;89, BAC (RUE THEODORE);;;;870
33612;201300037293;13;9;3;1842;1;1;1;1.0;2;65;0, BOISSEUIL (RUE DE);;;;870
33613;201300037294;13;9;4;827;1;2;2;1.0;3;85;0, GAGNANT (AVENUE JEAN);;;;870
33614;201300037295;13;9;4;941;1;2;3;1.0;2;85;45, ROCHILLOUX (RUE DES);;;;870
33615;201300037296;13;9;5;1153;1;2;1;1.0;6;85;71, GARIBALDI (AVENUE);;;;870
33616;201300037297;13;9;5;1750;1;2;3;1.0;3;85;0, VANTEAUX (BOULEVARD D;;;;870
33617;201300037299;13;9;7;1750;1;1;1;2.0;6;85;AUTOROUTE A20;;;;870
33618;201300037300;13;9;7;2108;2;1;1;2.0;7;85;0, VALOINE (BOULEVARD DE;;;;870
33619;201300037301;13;9;9;1725;1;2;1;1.0;6;85;SAINT MARTIAL (QUAI);;;;870
33620;201300037302;13;9;13;1220;1;1;1;2.0;4;85;AUTOROUTE A20;;;;870
33621;201300037303;13;9;13;2231;5;2;3;1.0;3;85;11, LEBON (RUE PHILIPPE);;;;870
33622;201300037304;13;9;14;115;5;1;1;1.0;2;85;AUTOROUTE A20;;;;870
33623;201300037305;13;9;14;1227;1;2;1;1.0;1;50;RD947;;;;870
33624;201300037306;13;9;14;1408;1;1;1;1.0;1;50;RD947;;;;870
33625;201300037307;13;9;14;1640;1;2;3;2.0;3;85;47, ISLE (RUE D');;;;870
33626;201300037309;13;9;16;733;2;1;1;2.0;6;85;RN520;;;;870
33627;201300037310;13;9;16;849;1;2;3;2.0;3;85;48, BRIAND (RUE ARISTIDE;;;;870
33628;201300037311;13;9;16;1159;1;2;1;2.0;6;85;46, VIALOUBE (RUE DE LA);;;;870
33629;201300037313;13;9;17;1632;1;2;1;2.0;1;85;0, RHIN ET DANUBE (RUE);;;;870
33630;201300037314;13;9;23;1050;1;2;3;1.0;3;85;22, ARC (RUE JEANNE D');;;;870
33631;201300037315;13;9;23;2005;5;2;1;1.0;6;85;2BIS, FLEURUS (BOULEVARD;;;;870
33632;201300037316;13;9;24;1400;1;2;1;1.0;6;85;12, LE SUEUR (RUE);;;;870
33633;201300037317;13;9;24;1610;1;2;1;1.0;6;85;119Bis, LECLERC (AVENUE;;;;870
33634;201300037318;13;9;24;1719;1;2;1;1.0;6;85;103, BELLAC (RUE DE);;;;870
33635;201300037319;13;9;24;1847;1;1;1;1.0;4;50;RN520 (COUZEIX);;;;870
33636;201300037320;13;9;25;950;1;2;1;1.0;2;85;37, COTY (AVENUE DU PRES;;;;870
33637;201300037321;13;9;25;1523;1;2;3;1.0;3;85;84, PERRIN (RUE FRANCOIS;;;;870
33638;201300037322;13;9;25;1949;2;2;3;1.0;6;85;24, PISSARO (RUE CAMILLE;;;;870
33639;201300037323;13;9;25;2214;5;2;3;1.0;6;85;0, BUISSON (AVENUE DU);;;;870
33640;201300037324;13;9;26;1717;1;1;1;1.0;4;85;AUTOROUTE A20;;;;870
33641;201300037325;13;9;27;1231;1;2;1;1.0;3;50;22, ARTHUGERAS ( rue);;;;870
33642;201300037326;13;9;28;1450;1;2;1;1.0;4;113;03, REPUBLIQUE (PLACE DE;;;;870
33643;201300037327;13;9;29;1639;1;2;1;2.0;6;85;28, VIGENAL (BOULEVARD D;;;;870
33644;201300037328;13;10;1;2124;5;2;2;1.0;3;85;99, RUBEN (AVENUE ERNEST;;;;870
33645;201300037329;13;10;1;2231;5;2;3;1.0;1;113;25, CARNOT (AVENUE SADI);;;;870
33646;201300037331;13;10;2;1549;1;2;1;1.0;3;85;45, THOMAS (AVENUE ALBER;;;;870
33647;201300037332;13;10;3;1533;1;2;3;1.0;3;85;53, GAMBETTA (BOULEVARD);;;;870
33648;201300037333;13;10;4;753;5;2;2;2.0;3;85;95, BELLAC (RUE DE);;;;870
33649;201300037334;13;10;4;1530;1;2;1;1.0;6;85;87, BAC (RUE THEODORE);;;;870
33650;201300037335;13;10;4;1933;5;2;1;3.0;6;85;14, BRIQUET (RUE GEORGES;;;;870
33651;201300037336;13;10;5;2316;5;2;1;1.0;2;85;29, BLANC LOUIS (BOULEVA;;;;870
33652;201300037337;13;10;6;532;3;1;3;1.0;6;48;NEXON (ROUTE DE);;;;870
33653;201300037338;13;10;6;2003;5;2;2;1.0;3;85;47, CLEMENCEAU  (BOULEVA;;;;870
33654;201300037339;13;10;15;1029;1;2;3;1.0;3;85;15, MONTALAT  (RUE JEAN);;;;870
33655;201300037341;13;10;16;1208;1;1;1;1.0;1;50;0, BUXEROLLES (ROUTE DE);;;;870
33656;201300037342;13;10;17;737;1;2;1;1.0;2;85;PALAIS (ROUTE DU);;;;870
33657;201300037343;13;10;18;833;1;2;1;1.0;6;85;0, ARMAND (AVE Z.A.C;;;;870
33658;201300037344;13;10;19;2108;5;2;1;1.0;6;85;19, HUGO (BOULEVARD VICT;;;;870
33659;201300037345;13;10;21;1825;1;2;3;1.0;3;85;79, SAINT GENCE (RUE DE);;;;870
33660;201300037347;13;10;23;2147;5;2;1;1.0;6;85;17, POMPIDOU (AVENUE GEO;;;;870
33661;201300037348;13;10;24;1155;1;2;1;1.0;6;85;193, DUTREIX (RUE ARMAND;;;;870
33662;201300037349;13;10;24;1233;1;2;3;1.0;3;85;96, BELLAC (RUE DE);;;;870
33663;201300037350;13;10;29;1022;1;2;1;1.0;6;85;06, VERONESE (ALLEE);;;;870
33664;201300037351;13;10;31;100;5;2;1;1.0;6;85;5, COMBES (RUE DES);;;;870
33665;201300037352;13;10;31;704;2;2;3;1.0;2;113;03, JAURES (RUE JEAN);;;;870
33666;201300037353;13;10;31;1404;1;2;2;1.0;3;85;51, TRESAGUET (RUE DE);;;;870
33667;201300037354;13;11;6;1822;5;2;1;1.0;6;85;2, CARNOT (BOULEVARD);;;;870
33668;201300037355;13;11;7;1357;1;2;2;1.0;2;85;NEXON (RUE DE);;;;870
33669;201300037356;13;11;9;1624;1;1;1;2.0;6;85;AUTOROUTE A20;;;;870
33670;201300037358;13;11;11;1109;1;2;3;1.0;3;85;0, VEYRAC (RUE DE);;;;870
33671;201300037359;13;11;14;1250;1;2;1;1.0;6;85;15, AINE (PLACE D');;;;870
33672;201300037361;13;11;15;1356;1;2;1;2.0;1;113;7, CURIE (RUE PIERRE);;;;870
33673;201300037362;13;11;16;526;5;2;1;1.0;6;85;05, AINE (PLACE D');;;;870
33674;201300037363;13;11;18;737;5;2;1;1.0;6;85;04, AMPHITHEATRE (RUE DE;;;;870
33675;201300037364;13;11;19;1330;1;2;1;2.0;2;85;2, MOCQUET(RUE GUY);;;;870
33676;201300037365;13;11;19;1305;1;2;1;1.0;2;85;86, PALAIS (ROUTE DU);;;;870
33677;201300037366;13;11;19;1750;5;2;1;2.0;6;85;117, ISLE (RUE D');;;;870
33678;201300037367;13;11;21;1804;5;2;1;3.0;3;114;08, SCHOELCHER (RUE VICT;;;;870
33679;201300037368;13;11;23;1427;1;2;1;1.0;6;85;68, MONTJOVIS (AVENUE);;;;870
33680;201300037369;13;11;26;1229;1;2;1;1.0;6;85;13, CHURCHILL WINSTON (P;;;;870
33681;201300037371;13;11;26;1709;1;2;1;1.0;3;85;21, COLEMAN (RUE BILL);;;;870
33682;201300037372;13;11;27;1235;1;2;1;1.0;4;113;29, BRIAND (AVENUE ARIST;;;;870
33683;201300037373;13;11;27;2038;5;2;1;1.0;6;85;53, BARBES (RUE ARMAND);;;;870
33684;201300037374;13;11;27;2147;5;2;3;1.0;3;85;342, PERRIN (RUE FRANCOI;;;;870
33685;201300037375;13;11;28;1108;1;1;1;1.0;6;85;AUTOROUTE A20;;;;870
33686;201300037376;13;11;29;1751;5;2;1;1.0;2;85;ESSARTS (RUE DES);;;;870
33687;201300037377;13;11;30;1252;1;2;3;1.0;3;85;52, HOCHE (RUE);;;;870
33688;201300037379;13;12;2;734;5;1;1;1.0;2;85;AUTOROUTE A20;;;;870
33689;201300037380;13;12;2;1751;5;2;3;1.0;1;85;31, CURIE  (RUE PIERRE E;;;;870
33690;201300037381;13;12;2;1725;1;2;1;1.0;3;75;RD79;;;;870
33691;201300037382;13;12;4;930;1;2;3;1.0;6;85;142, SAINTE CLAIRE (RUE);;;;870
33692;201300037384;13;12;5;1750;5;2;3;1.0;2;85;87, BRIAND (RUE ARISTIDE;;;;870
33693;201300037385;13;12;6;1458;1;1;1;1.0;6;85;GROSSEREIX (ROND POINT D;;;;870
33694;201300037388;13;12;11;1528;1;2;3;1.0;3;85;61, AQUITAINE (RUE D');;;;870
33695;201300037390;13;12;12;1815;5;2;1;1.0;2;85;BEAUBLANC (BOULEVARD DE);;;;870
33696;201300037391;13;12;12;1755;5;2;1;1.0;6;85;103, FEYTIAT (RUE DE);;;;870
33697;201300037392;13;12;13;1404;1;2;1;1.0;6;85;0, TIMBAUD (RUE PIERRE);;;;870
33698;201300037393;13;12;16;752;5;2;2;1.0;3;85;0, VAUCANSON (RUE DE);;;;870
33699;201300037394;13;12;19;1452;1;2;1;1.0;6;75;14, CORNUE (RUE DE LA);;;;870
33700;201300037395;13;12;20;751;5;2;3;1.0;3;85;83, MONTJOVIS (AVENUE);;;;870
33701;201300037396;13;12;20;1134;1;2;1;1.0;2;85;86 Bis, MAS-BOUYOL  (CIT;;;;870
33702;201300037397;13;12;23;1325;1;2;1;1.0;3;85;236, LECLERC (AVENUE DU;;;;870
33703;201300037398;13;12;23;1649;1;2;2;1.0;2;85;155, SAINT GENCE (RUE DE;;;;870
33704;201300037399;13;12;24;1445;1;2;1;1.0;2;85;16, LECLERC (AVENUE DU G;;;;870
33705;201300037401;13;12;28;1316;1;1;1;2.0;4;85;AUTOROUTE A20;;;;870
33706;201300037402;13;12;28;1815;5;2;1;1.0;6;85;8, FRESNAY (RUE PIERRE);;;;870
33707;201300037403;13;12;31;2236;5;2;1;3.0;2;85;82, BAC (RUE THEODORE);;;;870
33708;201300037404;13;3;22;915;1;2;3;1.0;6;160;0, LOGE-BLANCHE (AV. DE;M;4816508.0;644995.0;880
33709;201300037406;13;6;13;2050;5;2;2;3.0;3;87;47, LECLERC (RUE GENERAL;M;4817070.0;643502.0;880
33710;201300037407;13;1;26;410;5;2;2;1.0;1;160;JEUXEY (RTE DE);M;4819399.0;645417.0;880
33711;201300037408;13;2;11;1719;1;2;2;4.0;5;209;LOUIS BLERIOT (RUE);M;4818805.0;642688.0;880
33712;201300037409;13;2;9;540;5;1;1;8.0;6;87;341, DE GAULLE (RUE GENE;M;4815109.0;641088.0;880
33713;201300037410;13;4;18;1755;1;2;1;1.0;4;160;SAINT-DIE (AV. DE);M;4818705.0;647540.0;880
33714;201300037411;13;4;14;25;5;2;3;1.0;3;87;92, DE GAULLE (RUE GENER;M;4816754.0;643475.0;880
33715;201300037412;13;5;5;1100;1;2;1;1.0;6;87;104, FORGES (RUE DES);M;4817659.0;641739.0;880
33716;201300037413;13;5;3;2050;5;2;1;2.0;6;160;29, FORGES (RUE DES);M;;;880
33717;201300037414;13;4;23;1405;1;2;1;1.0;6;209;5, HOTEL DE VILLE (RUE D;M;4819751.0;644065.0;880
33718;201300037415;13;5;21;1630;1;1;1;2.0;6;160;0, VITU (RUE ANDRE-);M;4818168.0;649675.0;880
33719;201300037416;13;5;26;50;5;2;1;1.0;7;160;0, REPUBLIQUE (AV. ETPT;M;4818432.0;644457.0;880
33720;201300037417;13;6;11;1705;1;2;2;1.0;3;160;JEUXEY (RTE DE);M;4819541.0;646081.0;880
33721;201300037418;13;6;28;1020;1;2;1;1.0;6;160;17, REMIREMONT (RUE DE);M;4815754.0;645208.0;880
33722;201300037419;13;6;9;208;5;2;1;2.0;7;160;39, ROSAYE (RUE PAUL-);M;4819535.0;645263.0;880
33723;201300037420;13;6;26;1633;1;2;6;1.0;6;209;EPINAL (RUE D');M;4819284.0;643827.0;880
33724;201300037421;13;6;29;1250;1;2;1;2.0;1;160;9, BARTHOU (RUE LOUIS-);M;4819169.0;644945.0;880
33725;201300037422;13;6;17;1735;1;2;1;1.0;6;160;CHAUFFOURD (RUE DU);M;4819474.0;645465.0;880
33726;201300037423;13;6;30;1005;1;2;1;1.0;6;160;1048.17849, GAULLE (AV.;M;4817849.0;644188.0;880
33727;201300037424;13;7;1;1315;1;2;6;1.0;7;209;0, BALLASTIERE (RUE DE L;M;4819372.0;643414.0;880
33728;201300037425;13;8;1;1805;1;2;2;1.0;5;160;JEUXEY (RTE DE);M;4819559.0;646078.0;880
33729;201300037426;13;9;10;905;1;2;1;2.0;6;160;1, LOGE-BLANCHE (AV. DE;M;4816575.0;645067.0;880
33730;201300037427;13;8;16;1315;1;1;1;1.0;7;160;52, ARCHETTES (RTE D');M;4814529.0;648990.0;880
33731;201300037428;13;8;21;805;1;2;9;1.0;6;160;71, REMIREMONT (RUE DE);M;4816238.0;645004.0;880
33732;201300037429;13;8;7;1647;1;2;4;1.0;3;160;0, ROUX (RUE DU PROFESSE;M;4818359.0;643801.0;880
33733;201300037430;13;10;13;1729;1;2;1;1.0;7;209;35, FORGES (RTE. DES);M;4818869.0;642059.0;880
33734;201300037432;13;10;17;935;1;2;1;1.0;6;160;0, FERRY (Q. JULES-);M;4817493.0;644924.0;880
33735;201300037433;13;10;30;820;1;2;1;1.0;6;160;2, SEROT (Q. COLONEL-);M;4817588.0;644985.0;880
33736;201300037435;13;10;30;1452;1;2;1;1.0;7;160;REPUBLIQUE (AV. ETPT DE;M;4818333.0;644235.0;880
33737;201300037436;13;11;8;1645;2;2;1;2.0;6;160;0, PROVENCE (AV. DE);M;4818397.0;646727.0;880
33738;201300037439;13;11;21;1835;5;2;1;4.0;6;160;0, RENAN (RUE ERNEST-);M;4818779.0;646471.0;880
33739;201300037440;13;12;20;1650;5;2;2;1.0;6;160;23, HURAULT (RUE ANTOINE;M;4817307.0;644365.0;880
33740;201300037441;13;12;28;845;1;2;1;2.0;6;160;65, REMIREMONT (RUE DE);M;;;880
33741;201300037442;13;1;28;730;2;2;6;1.0;6;383;20, rue du G?n?ral LECLE;M;4801228.0;660114.0;880
33742;201300037446;13;7;15;1205;1;2;3;1.0;3;462;1, Route de Gérardmer;M;4825574.0;643486.0;880
33743;201300037447;13;7;15;1430;1;1;1;1.0;3;462;, Route de G?rardmer;M;4802836.0;651508.0;880
33744;201300037448;13;8;21;1400;1;2;1;1.0;6;415;8060, Route de Seux;M;4804150.0;659361.0;880
33745;201300037449;13;8;20;1600;1;2;1;1.0;6;383;16, rue Charles de Gaull;M;4801725.0;659024.0;880
33746;201300037450;13;8;17;1115;1;2;1;1.0;3;383;26, Route de Bussang;M;4800429.0;661274.0;880
33747;201300037451;13;9;29;1032;1;1;1;1.0;1;429;Route de Fallières;M;4800803.0;651508.0;880
33748;201300037452;13;11;7;830;1;2;1;1.0;6;409;42, Grande Rue;M;4802501.0;666994.0;880
33749;201300037453;13;11;6;1505;1;1;1;8.0;7;429;RN 57;M;4807758.0;659408.0;880
33750;201300037455;13;12;21;1545;1;1;1;1.0;2;429;RN 57;M;4803769.0;658201.0;880
33751;201300037456;13;2;2;2253;5;2;1;1.0;7;413;31, AVENUE DE ROBACHE;M;4829823.0;695018.0;880
33752;201300037457;13;2;27;2300;5;2;1;1.0;6;424;696, Alsace ( Rue d ' );M;4826689.0;698564.0;880
33753;201300037458;13;5;1;1710;1;1;1;1.0;1;413;27, Route de ROBACHE;M;4829722.0;695034.0;880
33754;201300037459;13;5;4;2305;5;2;1;5.0;6;413;18, Rue des Castors;M;4829297.0;696122.0;880
33755;201300037460;13;5;15;1645;1;2;1;2.0;1;413;Rue du Nouvel H?pital;M;4829020.0;696677.0;880
33756;201300037461;13;5;16;1642;1;2;3;2.0;3;424;Rue des Déportés;M;4826461.0;696167.0;880
33757;201300037462;13;5;18;1433;1;2;1;1.0;7;413;50, Rue Marie Curie;M;4828266.0;697787.0;880
33758;201300037463;13;5;25;200;4;2;1;1.0;7;424;652, Alsace ( Rue d ' );M;4826701.0;698523.0;880
33759;201300037464;13;5;27;1840;1;1;1;1.0;3;463;RD 420;M;4827542.0;686515.0;880
33760;201300037465;13;6;26;925;1;1;1;1.0;3;463;Col du Haut-Jacques;M;4827138.0;688562.0;880
33761;201300037466;13;6;23;1520;1;1;1;1.0;7;413;RN 59;M;4826724.0;694130.0;880
33762;201300037467;13;7;12;1700;1;2;3;1.0;6;413;11, rue d'hellieule;M;4828008.0;695190.0;880
33763;201300037468;13;7;21;1720;1;1;1;1.0;7;413;RN 59;M;4826417.0;694416.0;880
33764;201300037469;13;9;13;1711;1;2;3;1.0;3;413;16, Route des 2 Hameaux;M;4831367.0;691974.0;880
33765;201300037470;13;9;25;1125;1;2;3;1.0;6;413;35, Rue SAINT CHARLES;M;4828795.0;695390.0;880
33766;201300037471;13;10;5;1910;4;2;1;3.0;6;413;15, Foucharupt ( Rue de;M;4828008.0;695190.0;880
33767;201300037472;13;11;8;1750;5;2;3;1.0;3;413;37, Avenue de VERDUN;M;4829688.0;693530.0;880
33768;201300037473;13;1;4;1750;3;2;1;1.0;6;24;Bd DU 11 NOVEMBRE;M;4779269.0;356682.0;890
33769;201300037474;13;1;8;1020;1;2;1;1.0;6;24;Bd de VERDUN;M;4780795.0;355757.0;890
33770;201300037475;13;2;7;640;2;2;1;1.0;1;24;65 Av JEAN JAURES;M;4780273.0;358186.0;890
33771;201300037477;13;3;19;750;1;2;2;1.0;3;24;HAUSSMANN (AVENUE);M;4781491.0;357315.0;890
33772;201300037478;13;3;30;2125;5;2;2;1.0;3;24;JOUBERT (RUE);M;4779547.0;357312.0;890
33773;201300037479;13;4;19;750;1;2;2;1.0;3;24;0, VALLAN (ROUTE DE) N?;M;4778657.0;356604.0;890
33774;201300037480;13;5;7;2335;5;2;2;1.0;1;24;BOURNEIL (RUE DE) N? PAI;M;4778733.0;356654.0;890
33775;201300037481;13;6;1;1700;1;2;1;1.0;2;24;R.N.6;M;4781967.0;357265.0;890
33776;201300037482;13;6;15;420;5;2;1;1.0;1;24;CHABLIS (ROUTE DE);M;4779050.0;360511.0;890
33777;201300037483;13;7;13;1220;1;2;1;1.0;6;24;11, BRAZZA (RUE DE);;;;890
33778;201300037484;13;7;13;1520;1;2;1;1.0;6;24;33, JEAN MERMOZ AVENUE;M;4780786.0;358383.0;890
33779;201300037485;13;9;24;1550;1;2;3;1.0;3;24;LOUIS RICHARD (RUE);M;4779083.0;357305.0;890
33780;201300037486;13;11;6;635;3;1;1;2.0;1;24;R.N 77;M;4783563.0;359417.0;890
33781;201300037487;13;11;8;1935;5;2;5;1.0;1;24;0, JEAN JAURES (AVENUE);M;4779990.0;358074.0;890
33782;201300037488;13;11;9;1828;5;2;1;2.0;6;24;26, VERDUN (BOULEVARD DE;;;;890
33783;201300037489;13;12;21;1425;1;2;1;1.0;6;24;7, DOCTEUR SCHWEITZER (R;M;4779231.0;359064.0;890
33784;201300037490;13;1;10;1120;1;2;1;3.0;6;387;Rue du GENERAL LECLERC;M;4820059.0;328227.0;890
33785;201300037491;13;1;12;2145;5;2;1;1.0;6;387;Av de la MARNE;M;4819810.0;330686.0;890
33786;201300037492;13;2;10;1100;1;2;1;1.0;6;387;Rue du GENERAL DE GAULLE;M;4819295.0;328381.0;890
33787;201300037493;13;3;5;1650;1;2;1;1.0;6;387;CHESTER (ROND POINT);M;4820834.0;327671.0;890
33788;201300037494;13;3;19;1620;1;2;1;1.0;6;387;0, VERDUN (BOULEVARD DE);;;;890