;Num_Acc;an;mois;jour;hrmn;lum;agg;int;atm;col;com;adr;gps;lat;long;dep
33789;201300037495;13;4;14;1645;1;2;1;1.0;6;387;52, Bd du 14 JUILLET;M;4819650.0;328984.0;890
33790;201300037498;13;7;22;715;1;1;1;1.0;2;387;D606;;;;890
33791;201300037500;13;7;27;1905;1;2;1;1.0;6;387;29, JOSSEY (RUE);;;;890
33792;201300037502;13;8;21;1445;1;2;1;1.0;3;387;0, CHESTER (ROND POINT);M;4820830.0;327678.0;890
33793;201300037503;13;9;11;1615;1;1;1;1.0;6;387;0, D606;;;;890
33794;201300037504;13;9;25;1645;1;2;3;1.0;6;387;0, GENERAL LECLERC (RUE;M;4820494.0;327793.0;890
33795;201300037505;13;9;28;2053;5;2;1;1.0;6;387;0, DOCTEUR JEAN DE LA RE;M;4820384.0;329932.0;890
33796;201300037506;13;10;6;2125;5;2;2;1.0;3;387;0, SAINT PIERRE LE VIF (;;;;890
33797;201300037507;13;10;15;955;1;2;1;2.0;1;387;0, BOUTOURS (CHEMIN DES);;;;890
33798;201300037508;13;10;29;1420;1;2;2;1.0;2;338;9, REPUBLIQUE (RUE DE LA;;;;890
33799;201300037509;13;11;13;2110;5;2;1;1.0;6;338;16, GENERAL LECLERC (RUE;;;;890
33800;201300037510;13;12;2;1215;1;2;1;1.0;3;387;0, ARISTIDE BRIAND (BOUL;M;4820529.0;328110.0;890
33801;201300037511;13;12;4;1130;1;2;1;1.0;7;387;0, VOULX (ROUTE DE);M;4819723.0;326536.0;890
33802;201300037512;13;12;6;2230;5;2;1;1.0;6;387;18, GRANDE JOLIVOTTE (RU;M;4818902.0;328989.0;890
33803;201300037513;13;1;1;230;5;2;1;1.0;2;10;FRANCE BOULEVARD ANATOLE;;;;900
33804;201300037514;13;1;1;2230;5;2;2;1.0;3;10;KENNEDY (BOULEVARD);;;;900
33805;201300037515;13;1;10;1745;5;2;2;4.0;3;10;VERLAINE (RUE PAUL);;;;900
33806;201300037516;13;1;11;2147;3;2;1;2.0;6;39;01, DE GAULLE (RUE DU GE;;;;900
33807;201300037517;13;1;12;1119;1;2;2;1.0;6;10;LUXEMBOURG (RUE DE);;;;900
33808;201300037518;13;1;12;1350;1;2;1;1.0;4;8;GRAND'RUE;;;;900
33809;201300037519;13;1;12;1800;2;2;1;9.0;3;39;26, DE GAULLE (RUE DU GE;;;;900
33810;201300037520;13;1;13;1237;2;2;2;1.0;3;10;2, MOLIERE (RUE);;;;900
33811;201300037521;13;1;15;830;1;2;1;4.0;2;10;3, MONTBELIARD (FAUBOURG;;;;900
33812;201300037522;13;1;15;915;1;2;1;4.0;2;10;VAUBAN (QUAI);;;;900
33813;201300037523;13;1;17;1350;1;2;1;1.0;4;99;CARNOT (RUE);;;;900
33814;201300037524;13;1;19;1708;3;2;1;4.0;2;1;1, MONTBELIARD (ROUTE DE;;;;900
33815;201300037525;13;1;27;1320;1;2;2;8.0;3;10;KENNEDY (BOULEVARD);;;;900
33816;201300037526;13;1;28;815;1;2;1;9.0;6;75;2, ETANG (RUE DE L');;;;900
33817;201300037527;13;1;28;1115;1;2;1;1.0;2;10;KENNEDY (BOULEVARD);;;;900
33818;201300037528;13;1;31;1120;1;2;1;1.0;6;99;ZOLA (RUE EMILE);;;;900
33819;201300037529;13;2;2;1818;5;2;1;2.0;6;99;10, TURENNE (RUE DE);;;;900
33820;201300037530;13;2;5;1628;1;2;1;4.0;4;99;TURENNE (RUE DE);;;;900
33821;201300037531;13;2;6;1227;1;1;1;4.0;1;29;R.D.16;;;;900
33822;201300037532;13;2;9;1916;5;2;1;1.0;3;10;KENNEDY (BOULEVARD);;;;900
33823;201300037534;13;2;17;830;1;2;3;1.0;1;10;ALTKIRCH (AVENUE);;;;900
33824;201300037535;13;2;19;700;2;2;3;1.0;6;99;VIEIL ARMAND (RUE DU);;;;900
33825;201300037536;13;2;19;1845;5;2;1;1.0;1;10;DEFERRE (RUE GASTON);;;;900
33826;201300037537;13;2;21;1130;1;2;1;1.0;7;10;2, STOCKHOLM (RUE DE);;;;900
33827;201300037538;13;2;23;1438;1;2;1;1.0;6;10;KENNEDY (BOULEVARD);;;;900
33828;201300037539;13;2;24;1753;2;2;3;1.0;3;8;GRAND'RUE;;;;900
33829;201300037540;13;2;27;1627;1;2;1;1.0;2;32;CHARMEUSE (RUE DE LA);;;;900
33830;201300037541;13;3;6;1650;1;2;1;1.0;2;10;LAURENCIE (AVENUE CAPITA;;;;900
33831;201300037542;13;3;10;1355;1;2;1;1.0;3;10;LAURENCIE (AVENUE CAPITA;;;;900
33832;201300037543;13;3;20;2150;4;2;1;1.0;6;10;KENNEDY (BOULEVARD);;;;900
33833;201300037544;13;3;23;1740;1;2;1;1.0;2;76;GRAND'RUE;;;;900
33834;201300037545;13;3;29;1355;1;2;2;1.0;3;10;KENNEDY (BOULEVARD);;;;900
33835;201300037546;13;3;29;1535;1;2;1;2.0;6;32;DE GAULLE (RUE DU GENERA;;;;900
33836;201300037547;13;4;5;1710;1;2;1;1.0;6;10;2, ANCETRES (FAUBOURG DE;;;;900
33837;201300037548;13;4;10;1225;1;1;1;1.0;3;39;2, DE GAULLE (RUE DU GEN;;;;900
33838;201300037549;13;4;12;1445;1;2;1;2.0;2;39;42, DE GAULLE (RUE DU GE;;;;900
33839;201300037550;13;4;13;240;5;2;1;1.0;7;10;FRANCE BOULEVARD ANATOLE;;;;900
33840;201300037551;13;4;13;1415;1;2;1;1.0;2;8;BELFORT (RUE DE);;;;900
33841;201300037552;13;4;15;758;1;2;7;1.0;3;10;TROIS CHENES (AVENUE DES;;;;900
33842;201300037553;13;4;15;929;1;2;9;1.0;6;10;RICHELIEU (PONT);;;;900
33843;201300037554;13;4;18;2205;5;2;1;1.0;6;99;BLUMBERG (RUE);;;;900
33844;201300037555;13;4;22;1846;1;2;1;1.0;6;10;LAURENCIE (AVENUE CAPITA;;;;900
33845;201300037556;13;4;23;1735;1;2;1;1.0;3;10;1, DUNANT (BOULEVARD HEN;;;;900
33846;201300037557;13;4;25;1820;1;2;2;1.0;3;10;MUSSET (RUE ALFRED DE);;;;900
33847;201300037558;13;4;30;1750;1;2;3;1.0;2;99;DE GAULLE (RUE DU GENERA;;;;900
33848;201300037559;13;4;30;1854;1;2;1;1.0;3;10;JAURES (AVENUE JEAN) DE;;;;900
33849;201300037560;13;5;1;1533;1;2;1;1.0;6;10;EINSTEIN (RUE);;;;900
33850;201300037561;13;5;2;715;1;2;1;1.0;7;10;DUBAIL (BOULEVARD);;;;900
33851;201300037562;13;5;2;1325;1;2;1;1.0;3;10;2, MANSARD (RUE);;;;900
33852;201300037563;13;5;2;1825;1;1;1;2.0;7;8;LIBERATION (RUE DE LA);;;;900
33853;201300037564;13;5;3;1529;1;2;1;2.0;6;10;153, JAURES (AVENUE JEAN;;;;900
33854;201300037566;13;5;8;1633;1;2;1;1.0;7;99;8, TURENNE (RUE DE);;;;900
33855;201300037567;13;5;9;1910;1;2;1;1.0;7;32;VINGT ET UN NOVEMBRE (RU;;;;900
33856;201300037568;13;5;13;1520;1;2;9;1.0;2;99;TURENNE (RUE DE);;;;900
33857;201300037569;13;5;14;906;1;2;3;1.0;3;10;1, OLYMPE DE GOUGES (RUE;;;;900
33858;201300037570;13;5;14;2145;5;2;3;1.0;1;10;BONNEFF (RUE MARCEL);;;;900
33859;201300037571;13;5;17;920;1;2;9;2.0;1;8;1, BELFORT (RUE DE);;;;900
33860;201300037572;13;5;17;1536;1;2;1;1.0;6;99;8, TURENNE (RUE DE);;;;900
33861;201300037573;13;5;18;1537;1;2;3;1.0;3;32;REPUBLIQUE (RUE DE LA);;;;900
33862;201300037574;13;5;20;1400;1;2;1;2.0;7;8;12, LIBERATION (RUE DE L;;;;900
33863;201300037575;13;5;21;1225;1;2;1;1.0;7;10;RICHELIEU (PONT);;;;900
33864;201300037576;13;5;27;1320;1;2;1;1.0;3;99;ZOLA (RUE EMILE);;;;900
33865;201300037577;13;5;31;1915;1;2;2;2.0;3;10;FONTAINE (RUE JEAN DE LA;;;;900
33866;201300037578;13;6;2;1940;2;2;1;1.0;7;8;BUC (RUE DE);;;;900
33867;201300037579;13;6;3;1350;1;2;2;1.0;3;10;KENNEDY (BOULEVARD);;;;900
33868;201300037580;13;6;6;1752;1;2;2;1.0;1;10;2, CROIX DU TILLEUL (RUE;;;;900
33869;201300037581;13;6;12;1534;1;2;1;1.0;3;10;KENNEDY (BOULEVARD);;;;900
33870;201300037582;13;6;12;1600;1;2;1;1.0;6;10;21, MULHOUSE (RUE DE);;;;900
33871;201300037583;13;6;13;1620;1;2;1;1.0;3;10;BUSSIERE (RUE);;;;900
33872;201300037584;13;6;14;840;1;2;1;1.0;1;10;121, JAURES (AVENUE JEAN;;;;900
33873;201300037585;13;6;14;1120;1;2;1;1.0;2;99;2, ZOLA (RUE EMILE);;;;900
33874;201300037586;13;6;15;2040;2;2;1;1.0;6;75;14, COMMANDOS D'AFRIQUE;;;;900
33875;201300037590;13;6;20;1034;1;2;1;1.0;3;10;2, DE GAULLE (AVENUE DU;;;;900
33876;201300037591;13;6;22;947;1;2;1;1.0;7;10;113, JAURES (AVENUE JEAN;;;;900
33877;201300037592;13;6;22;1855;2;2;1;1.0;7;10;ESPERANCE (CARREFOUR DE;;;;900
33878;201300037593;13;6;25;1225;1;2;1;1.0;2;1;22, MONTBELIARD (ROUTE D;;;;900
33879;201300037594;13;6;28;2305;5;2;1;1.0;6;10;6, DE GAULLE ET DE LA RE;;;;900
33880;201300037595;13;6;29;1713;1;2;1;1.0;6;10;2, ALTKIRCH (AVENUE);;;;900
33881;201300037597;13;7;5;705;1;2;1;1.0;3;10;LYON (FAUBOURG DE);;;;900
33882;201300037598;13;7;6;754;1;2;1;1.0;3;99;9, CARNOT (RUE);;;;900
33883;201300037599;13;7;11;1900;1;2;4;1.0;6;29;COMMANDOS D'AFRIQUE (RUE;;;;900
33884;201300037600;13;7;12;2225;5;2;1;1.0;5;10;141, JAURES (AVENUE JEAN;;;;900
33885;201300037601;13;7;13;640;1;2;1;1.0;6;75;BRIAND (RUE ARISTIDE);;;;900
33886;201300037602;13;7;15;1220;1;2;2;1.0;3;32;1, TROIS RESEAUX (RUE DE;;;;900
33887;201300037603;13;7;15;1535;1;2;1;1.0;7;10;ALTKIRCH (AVENUE);;;;900
33888;201300037604;13;7;15;1801;1;2;3;1.0;3;10;12, USINES (AVENUE DES);;;;900
33889;201300037605;13;7;15;2000;1;2;1;2.0;6;10;19, KENNEDY (BOULEVARD);;;;900
33890;201300037606;13;7;16;1420;1;1;2;1.0;3;10;ZAPOROJIE (RUE DE);;;;900
33891;201300037607;13;7;22;1604;1;2;3;1.0;5;32;DE GAULLE (RUE DU GENERA;;;;900
33892;201300037608;13;7;23;813;1;2;1;1.0;2;39;1, DE GAULLE (RUE DU GEN;;;;900
33893;201300037609;13;7;24;2020;1;2;1;1.0;2;39;PORT (RUE DU);;;;900
33894;201300037610;13;7;25;1040;1;2;1;2.0;2;10;MONTBELIARD (FAUBOURG DE;;;;900
33895;201300037611;13;7;27;1200;1;2;1;2.0;2;10;COPENHAGUE (RUE DE);;;;900
33896;201300037612;13;8;1;2008;1;2;1;1.0;3;10;KENNEDY (BOULEVARD);;;;900
33897;201300037613;13;8;4;1605;1;2;2;1.0;2;10;LAURENCIE (AVENUE CAPITA;;;;900
33898;201300037614;13;8;4;1915;1;2;1;1.0;6;99;1, MONCEAU (RUE DU);;;;900
33899;201300037615;13;8;12;2154;5;2;1;1.0;1;75;8, BRIAND (RUE ARISTIDE);;;;900
33900;201300037616;13;8;13;750;1;2;1;1.0;4;10;ESPERANCE (CARREFOUR DE;;;;900
33901;201300037618;13;8;26;1630;1;1;2;1.0;2;32;1, TROIS RESEAUX (RUE DE;;;;900
33902;201300037619;13;8;30;1145;1;2;1;1.0;6;10;16, MARSEILLAISE (RUE DE;;;;900
33903;201300037620;13;9;5;1615;1;2;1;1.0;6;10;5, STROLZ (RUE);;;;900
33904;201300037621;13;9;9;1720;1;2;1;1.0;6;10;2, ELUARD (RUE PAUL);;;;900
33905;201300037623;13;9;11;1705;1;2;1;2.0;1;10;bld kennedy;;;;900
33906;201300037624;13;9;13;1357;1;2;1;1.0;2;10;KENNEDY (BOULEVARD);;;;900
33907;201300037626;13;9;19;825;1;2;1;1.0;3;10;1, SARRAIL (AVENUE);;;;900
33908;201300037627;13;9;19;1653;1;2;1;1.0;6;32;2, ANDELNANS (RUE D');;;;900
33909;201300037628;13;9;19;1955;2;2;2;2.0;3;10;ALTKIRCH (AVENUE);;;;900
33910;201300037629;13;9;20;1455;1;2;1;1.0;6;10;24-26, MONTBELIARD (FAUB;;;;900
33911;201300037633;13;9;29;450;5;2;3;1.0;3;10;16, JUIN (AVENUE DU MARE;;;;900
33912;201300037634;13;9;30;1200;1;2;1;1.0;3;10;KENNEDY (BOULEVARD);;;;900
33913;201300037636;13;10;7;727;2;2;3;1.0;3;10;112, JAURES (AVENUE JEAN;;;;900
33914;201300037638;13;10;10;757;2;2;1;3.0;6;10;12, HANOI (RUE D');;;;900
33915;201300037639;13;10;10;1439;1;2;3;1.0;1;10;1, CARRIERES (RUE DES);;;;900
33916;201300037640;13;10;14;831;1;2;1;2.0;3;10;2, MOULIN (AVENUE JEAN);;;;900
33917;201300037641;13;10;14;1710;1;2;1;1.0;6;10;LECLERC (AVENUE);;;;900
33918;201300037642;13;10;20;1610;1;2;6;2.0;6;32;CHARMEUSE (RUE DE LA);;;;900
33919;201300037643;13;10;31;1550;1;2;1;1.0;4;8;40, GRAND'RUE;;;;900
33920;201300037645;13;11;7;1336;1;2;2;1.0;6;10;NOTRE DAME (IMPASSE);;;;900
33921;201300037646;13;11;7;1825;5;2;1;1.0;7;29;20, COMMANDOS D'AFRIQUE;;;;900
33922;201300037647;13;11;8;1630;1;2;3;2.0;3;99;1, ZOLA (RUE EMILE);;;;900
33923;201300037648;13;11;9;1810;5;2;6;1.0;3;39;2, DE GAULLE (RUE DU GEN;;;;900
33924;201300037649;13;11;13;1828;5;2;1;1.0;6;10;, MOULIN (AVENUE JEAN);;;;900
33925;201300037650;13;11;19;1740;5;2;1;3.0;6;10;204, JAURES (AVENUE JEAN;;;;900
33926;201300037651;13;11;19;1753;4;2;1;4.0;6;10;1, QUAI (RUE DU);;;;900
33927;201300037652;13;11;27;1225;1;2;1;1.0;6;10;12, AS DE CARREAU (RUE D;;;;900
33928;201300037653;13;11;29;1835;5;2;1;1.0;6;10;148, JAURES (AVENUE JEAN;;;;900
33929;201300037654;13;12;2;2006;5;2;4;1.0;3;10;18, VOLTAIRE (RUE );;;;900
33930;201300037655;13;12;4;740;1;1;1;9.0;7;32;1, BOSMONT (RUE DU);;;;900
33931;201300037656;13;12;6;1830;4;2;1;1.0;6;39;57, DE GAULLE (RUE DU GE;;;;900
33932;201300037657;13;12;9;1200;1;2;1;1.0;6;10;BRAILLE (RUE);;;;900
33933;201300037658;13;12;10;729;5;2;1;9.0;6;39;56, DE GAULLE (RUE DU GE;;;;900
33934;201300037659;13;12;12;1856;5;2;1;8.0;5;10;1, BESANCON (FAUBOURG DE;;;;900
33935;201300037660;13;12;13;1721;5;2;1;1.0;1;10;2, CHOPIN (RUE);;;;900
33936;201300037661;13;12;18;1310;1;2;3;1.0;6;10;FRANCE BOULEVARD ANATOLE;;;;900
33937;201300037662;13;12;25;345;5;2;1;2.0;3;99;42, TURENNE (RUE DE);;;;900
33938;201300037663;13;12;26;1156;1;2;6;2.0;7;32;JACQUOT (RUE DU DOCTEUR);;;;900
33939;201300037664;13;12;26;1958;5;2;1;1.0;4;10;2, JUIN (AVENUE DU MAREC;;;;900
33940;201300037665;13;12;27;1820;5;2;1;1.0;3;10;2, TROIS CHENES (AVENUE;;;;900
33941;201300037666;13;12;31;1655;2;2;1;1.0;3;10;30, ANCETRES (FAUBOURG D;;;;900
33942;201300037667;13;1;8;820;2;2;1;1.0;6;457;17, PEUPLE LA LANCE  (RU;;;;910
33943;201300037668;13;1;8;1900;5;2;1;1.0;4;339;RN 20;;;;910
33944;201300037669;13;1;15;745;5;2;2;2.0;3;333;HUIT MAI 1945 (RUE DU);;;;910
33945;201300037670;13;1;15;1825;5;2;1;1.0;6;103;MERMOZ JEAN (ALLEE);;;;910
33946;201300037671;13;1;16;1105;1;2;1;1.0;2;21;LIMOURS (ROUTE DE);;;;910
33947;201300037672;13;1;26;1755;2;2;1;1.0;2;339;RN 20;;;;910
33948;201300037673;13;1;28;1100;1;2;6;1.0;3;21;DIVISION LECLERC (AVENUE;;;;910
33949;201300037674;13;2;1;845;1;2;1;2.0;6;21;11, CORNATON ABEL (BVD;;;;910
33950;201300037676;13;2;8;1040;1;2;1;1.0;6;21;4, VOLTAIRE (BOULEVARD);;;;910
33951;201300037678;13;2;12;1455;1;2;1;1.0;6;103;REPUBLIQUE (BOULEVARD;;;;910
33952;201300037679;13;2;15;1235;1;2;1;1.0;3;552;6, CHEMINS GRANDS JARDIN;;;;910
33953;201300037680;13;2;15;1145;1;2;1;1.0;2;425;MARCOUSSIS (ROUTE DE);;;;910
33954;201300037681;13;2;22;1920;5;2;1;1.0;6;103;CAMUS ALBERT (RUE);;;;910
33955;201300037682;13;3;5;1045;1;2;1;1.0;3;21;JAURES JEAN (BOULEVARD);;;;910
33956;201300037683;13;3;7;1610;1;2;1;1.0;3;103;CD 19;;;;910
33957;201300037684;13;3;16;1200;1;2;1;1.0;6;21;78, GRANDE (RUE);;;;910
33958;201300037685;13;3;18;1115;1;2;1;1.0;2;339;18, TABOR (CHEMIN DE);;;;910
33959;201300037686;13;3;18;1350;1;2;1;2.0;1;425;TEMPLIERS (ROUTE DES);;;;910
33960;201300037687;13;3;21;1015;1;2;1;1.0;1;103;ZA DES DAUMONES;;;;910
33961;201300037688;13;4;1;220;3;2;1;4.0;2;339;RN 20;;;;910
33962;201300037689;13;4;5;1105;1;2;1;1.0;2;21;RN 20;;;;910
33963;201300037690;13;4;5;940;1;2;1;1.0;2;339;RN 20;;;;910
33964;201300037691;13;4;7;1200;1;2;1;1.0;2;347;MONTLHERY (ROUTE DE);;;;910
33965;201300037692;13;4;9;2000;1;2;1;1.0;2;347;01, MONTLHERY (ROUTE DE);;;;910
33966;201300037693;13;4;16;715;1;1;1;1.0;4;339;RN 20;;;;910
33967;201300037694;13;4;18;1800;1;2;3;1.0;1;339;ROYAL (CHEMIN);;;;910
33968;201300037696;13;4;24;1400;1;1;1;1.0;6;425;NATIONALE 20 (ROUTE);;;;910
33969;201300037697;13;5;2;1200;1;2;1;1.0;6;21;15, JAURES JEAN (BOULEVA;;;;910
33970;201300037698;13;5;4;1500;1;2;1;1.0;1;425;70, MARCOUSSIS (ROUTE DE;;;;910
33971;201300037699;13;5;15;645;1;2;1;2.0;4;339;RN 20;;;;910
33972;201300037700;13;5;18;1600;1;2;1;2.0;2;21;22, HOCHE (AVENUE);;;;910
33973;201300037701;13;5;30;940;1;2;1;1.0;2;339;RN 20;;;;910
33974;201300037702;13;5;31;2125;5;2;1;1.0;2;425;RN 20;;;;910
33975;201300037703;13;6;1;1250;1;2;1;1.0;3;103;ORVES ESTIENNES (RUE D');;;;910
33976;201300037704;13;6;7;1225;1;2;1;1.0;3;339;DIVISION LECLERC (RUE DE;;;;910
33977;201300037705;13;6;7;1615;1;2;1;1.0;2;425;TEMPLIERS (ROUTE DES);;;;910
33978;201300037706;13;6;8;1800;1;2;1;1.0;6;339;51, BOILOT GEORGES (AVEN;;;;910
33979;201300037707;13;6;12;1125;1;2;1;2.0;3;103;DANAUX EDOUARD (RUE);;;;910
33980;201300037709;13;6;17;1900;1;1;1;2.0;5;339;RN 20;;;;910
33981;201300037710;13;6;26;710;1;2;3;1.0;3;103;LEUVILLE (RUE DE);;;;910
33982;201300037711;13;6;28;1300;1;2;1;2.0;6;21;JAURES JEAN (BOULEVARD);;;;910
33983;201300037712;13;7;4;1850;1;2;1;1.0;3;103;MAISON NEUVE (AVENUE DE;;;;910
33984;201300037713;13;7;10;1025;1;1;1;1.0;3;347;RN 20;;;;910
33985;201300037715;13;7;14;1800;1;1;1;1.0;3;339;FACE AU 8, RN 20;;;;910
33986;201300037716;13;7;20;1530;1;2;1;1.0;2;21;GRANDE (RUE);;;;910
33987;201300037717;13;7;20;1630;1;2;1;1.0;4;21;DIVISION LECLERC (AVENUE;;;;910
33988;201300037719;13;8;6;1050;1;2;1;1.0;2;103;CD 19;;;;910
33989;201300037720;13;8;8;1230;1;2;1;1.0;3;103;CD 19;;;;910
33990;201300037721;13;9;3;1200;1;1;3;1.0;3;347;RN 20;;;;910
33991;201300037722;13;9;5;1820;1;2;1;1.0;3;457;FERTE ALAIS (ROUTE DE LA;;;;910
33992;201300037726;13;9;13;1145;1;2;6;2.0;3;103;DE GAULLE   (AVENUE DU G;;;;910
33993;201300037727;13;9;14;1040;1;1;2;2.0;3;339;RN 20;;;;910
33994;201300037728;13;9;14;1730;1;2;1;2.0;1;347;06, LINAS (RUE DE);;;;910
33995;201300037729;13;9;15;1640;1;1;1;1.0;4;552;RN 20;;;;910
33996;201300037730;13;9;23;1520;1;2;1;1.0;3;552;AULNAY (ROUTE D');;;;910
33997;201300037731;13;9;24;1435;1;2;1;1.0;5;425;N20;;;;910
33998;201300037732;13;9;27;2015;5;2;1;1.0;1;21;2 ter, EGLY (ROUTE D');;;;910
33999;201300037733;13;9;30;1720;1;2;1;1.0;6;103;1, PINS (RUE DES);;;;910
34000;201300037734;13;10;2;2050;5;2;1;1.0;6;21;8, GRANDE (RUE);;;;910
34001;201300037735;13;10;9;730;2;1;1;1.0;4;339;RN 20;;;;910
34002;201300037736;13;10;11;945;1;2;1;1.0;4;425;TEMPLIERS (ROUTE DES);;;;910
34003;201300037737;13;10;16;1710;1;1;1;3.0;2;339;RN 20;;;;910
34004;201300037738;13;10;29;1240;1;2;1;1.0;3;103;CENTRE D'ESSAI EN VOL;;;;910
34005;201300037739;13;10;31;1410;1;2;1;1.0;2;552;RN 20;;;;910
34006;201300037740;13;11;2;1400;1;1;1;1.0;2;103;POITOU (RUE DU);;;;910
34007;201300037741;13;11;6;1000;1;2;2;2.0;3;103;BREGUET LOUIS (RUE);;;;910
34008;201300037743;13;11;19;1305;1;1;9;1.0;5;339;RN 20;;;;910
34009;201300037744;13;11;21;600;5;2;1;2.0;2;425;TEMPLIERS (ROUTE DES);;;;910
34010;201300037745;13;11;23;1735;5;2;1;1.0;6;103;BRANLY EDOUARD (AVENUE);;;;910
34011;201300037746;13;11;26;1745;3;2;1;1.0;3;457;FERTE ALAIS (ROUTE DE LA;;;;910
34012;201300037747;13;11;26;1950;5;2;1;1.0;2;347;RN 20;;;;910
34013;201300037748;13;12;2;1755;5;2;1;1.0;1;103;4, COMMUNE DE PARIS (RUE;;;;910
34014;201300037749;13;12;3;1410;1;2;1;1.0;6;552;70 BIS, CORBEIL (ROUTE D;;;;910
34015;201300037750;13;12;4;1245;1;2;1;1.0;3;103;98, BABIN (RUE DU DOCTEU;;;;910
34016;201300037751;13;12;6;900;1;2;1;1.0;3;347;MOULIN A VENT (IMPASSE D;;;;910
34017;201300037752;13;12;20;2330;5;2;1;1.0;6;552;RN 20;;;;910
34018;201300037753;13;1;24;1250;1;2;1;1.0;6;27;VAILLANT-COUTURIER (R;;;;910
34019;201300037754;13;1;30;525;5;2;1;2.0;6;27;MORANGIS (AVENUE DE);;;;910
34020;201300037755;13;2;15;100;5;2;1;1.0;2;27;MITTERAND (AVENUE FRANCO;;;;910
34021;201300037756;13;3;4;2340;5;2;2;1.0;3;479;GAULLE (AVENUE DU GEN;;;;910
34022;201300037757;13;3;7;1730;1;2;1;1.0;4;27;VAILLANT-COUTURIER (R;;;;910
34023;201300037758;13;5;24;1200;1;2;1;2.0;4;27;184, MITTERAND (AVENUE F;;;;910
34024;201300037759;13;5;26;2057;1;2;2;1.0;3;27;BENARD (AVENUE JEAN-P;;;;910
34025;201300037760;13;7;5;1635;1;2;1;1.0;3;27;DIX HUIT AVRIL (AVENUE D;;;;910
34026;201300037761;13;7;15;1400;1;2;2;1.0;3;27;MITTERAND (AVENUE FRA;;;;910
34027;201300037762;13;8;9;1600;1;1;1;1.0;3;27;MITTERAND (AVENUE FRANCO;;;;910
34028;201300037763;13;8;30;925;1;1;2;1.0;6;27;BENARD (AVENUE JEAN-P;;;;910
34029;201300037764;13;9;11;1240;1;2;1;1.0;6;479;VERDUN (AVENUE DE);;;;910
34030;201300037765;13;7;25;1835;1;1;1;1.0;3;479;FONTAINEBLEAU (AV;;;;910
34031;201300037766;13;10;4;940;1;2;2;1.0;3;27;BARBUSSE (RUE HENRI);;;;910
34032;201300037767;13;10;17;840;1;2;1;8.0;4;27;MORANGIS (AVENUE DE);;;;910
34033;201300037768;13;10;23;1620;1;2;7;1.0;2;479;BARBUSSE (PLACE HENRI);;;;910
34034;201300037769;13;10;19;1720;1;2;1;1.0;3;27;MITTERAND (AVENUE FRANCO;;;;910
34035;201300037770;13;11;7;2120;5;1;1;8.0;2;479;FONTAINEBLEAU (BOULEV;;;;910
34036;201300037771;13;11;8;555;5;1;1;3.0;3;479;FONTAINEBLEAU (BOULEV;;;;910
34037;201300037772;13;11;7;845;1;2;1;8.0;1;27;SEINE (QUAI DE);;;;910
34038;201300037773;13;11;22;1835;5;2;1;1.0;6;27;FRUGIER (RUE JEAN-JACQUE;;;;910
34039;201300037774;13;12;3;1950;5;2;2;1.0;5;27;MITTERAND (AVENUE FRA;;;;910
34040;201300037775;13;12;5;1245;1;2;3;1.0;3;479;GAULLE (AVENUE DU GENERA;;;;910
34041;201300037776;13;12;14;1500;1;2;1;1.0;3;27;MITTERAND (AVENUE FRANCO;;;;910
34042;201300037777;13;1;4;1000;1;2;1;1.0;3;97;ROCHOPT (RUE);;;;910
34043;201300037778;13;1;9;1545;1;1;1;1.0;2;514;CROIX DE VILLEROY (CARRE;;;;910
34044;201300037779;13;1;16;1537;1;2;1;1.0;4;514;MOULIN DE JARCY (RUE DU);;;;910
34045;201300037780;13;1;30;1430;1;2;1;1.0;6;215;1, PETIT PONT (RUE DU);;;;910
34046;201300037781;13;2;4;750;2;2;1;2.0;4;114;ROUTE NATIONALE 6;;;;910
34047;201300037782;13;2;4;1830;2;2;1;1.0;1;514;CD 33;;;;910
34048;201300037784;13;2;7;1335;1;2;2;1.0;3;114;GENERAL GOUTTIERE (AVENU;;;;910
34049;201300037785;13;2;15;1900;5;2;1;1.0;3;514;FRERES MOREAU (L.E.P. DE;;;;910
34050;201300037786;13;3;4;1100;1;2;1;1.0;4;114;ROUTE NATIONALE 6;;;;910
34051;201300037787;13;3;13;1302;1;2;1;1.0;6;114;2, PETIT CHATEAU (AVENUE;;;;910
34052;201300037788;13;3;28;1910;1;2;1;1.0;1;114;MARECHAL DAVOUT (AVENUE;;;;910
34053;201300037789;13;3;29;1400;1;2;1;1.0;3;215;FORET (RUE DE LA);;;;910
34054;201300037790;13;4;2;1900;1;2;1;1.0;6;114;CERCAY (RUE DE);;;;910
34055;201300037792;13;4;12;1400;1;2;1;1.0;2;114;VILLECRESNES (RUE);;;;910
34056;201300037793;13;4;13;1450;1;2;1;1.0;2;114;ROUTE NATIONALE 6;;;;910
34057;201300037795;13;5;2;1515;1;2;1;1.0;6;114;VILLECRESNES (RUE);;;;910
34058;201300037796;13;5;4;2255;5;2;1;1.0;3;114;RN6;;;;910
34059;201300037797;13;5;14;1400;1;2;1;1.0;1;114;TALMA (RUE);;;;910
34060;201300037799;13;5;26;140;5;2;1;1.0;4;114;ROUTE NATIONALE 6;;;;910
34061;201300037800;13;5;26;1625;1;2;1;1.0;6;114;ROUTE NATIONALE 6;;;;910
34062;201300037803;13;6;3;1835;1;2;3;1.0;5;114;CHARLES DE GAULLE (BOULE;;;;910
34063;201300037804;13;6;8;1735;1;2;1;1.0;3;114;ROUTE NATIONALE 6;;;;910
34064;201300037805;13;6;18;1000;1;2;9;1.0;2;114;ROUTE NATIONALE 6;;;;910
34065;201300037806;13;7;9;1610;1;2;1;1.0;2;114;ROUTE NATIONALE 6;;;;910
34066;201300037807;13;7;15;1015;1;2;6;1.0;6;514;BOUSSY ST ANTOINE (Rte;;;;910
34067;201300037808;13;7;19;1620;1;2;1;1.0;2;114;ROUTE NATIONALE 6;;;;910