;Num_Acc;an;mois;jour;hrmn;lum;agg;int;atm;col;com;adr;gps;lat;long;dep
34068;201300037809;13;8;2;1855;1;2;3;1.0;6;114;REPUBLIQUE (RUE DE LA);;;;910
34069;201300037810;13;8;29;625;5;2;1;1.0;2;114;RN 6;;;;910
34070;201300037811;13;8;29;2000;1;2;1;1.0;6;114;GENERAL GOUTTIERE (AVENU;;;;910
34071;201300037812;13;8;30;1000;1;2;1;1.0;4;114;RN 6;;;;910
34072;201300037813;13;9;6;1300;1;2;1;1.0;3;114;CHATAIGNERAIE (AVENUE DE;;;;910
34073;201300037814;13;9;18;935;1;2;1;1.0;3;514;CD 33;;;;910
34074;201300037815;13;9;19;1144;1;2;1;1.0;6;514;CORA ET SON PARKING;;;;910
34075;201300037816;13;9;24;1725;1;2;1;1.0;6;97;JEAN MOULIN (AVENUE);;;;910
34076;201300037817;13;9;30;635;2;2;1;1.0;3;114;RN 6;;;;910
34077;201300037818;13;9;30;1550;1;2;1;1.0;2;114;RN 6;;;;910
34078;201300037819;13;10;1;1650;1;2;1;1.0;5;114;RN 6;;;;910
34079;201300037820;13;10;2;540;5;2;6;1.0;3;514;CD 33;;;;910
34080;201300037821;13;10;3;640;5;2;2;1.0;3;114;ERMITAGE (AVENUE DE L');;;;910
34081;201300037822;13;10;4;730;2;2;1;1.0;2;114;RN 6;;;;910
34082;201300037823;13;10;2;1735;1;2;1;1.0;1;114;VICTOR HUGO (Av);;;;910
34083;201300037825;13;10;13;1420;1;2;6;1.0;2;114;WITTLICH (ROND POINT);;;;910
34084;201300037826;13;11;10;1610;1;2;1;1.0;6;114;CORBEIL (AVENUE DE);;;;910
34085;201300037827;13;11;11;1210;1;2;1;1.0;4;114;83, GENERAL LECLERC (AVE;;;;910
34086;201300037828;13;11;12;1700;1;2;9;1.0;6;97;CHARLES DE GAULLE (AV;;;;910
34087;201300037829;13;11;18;710;1;2;1;1.0;2;114;ROUTE NATIONALE 6;;;;910
34088;201300037830;13;11;20;1835;5;2;1;3.0;6;97;JEAN MOULIN (AVENUE);;;;910
34089;201300037831;13;11;20;1905;3;2;1;2.0;6;97;CEDRES (ALLEE DES);;;;910
34090;201300037832;13;11;22;1910;5;2;1;1.0;6;114;BRIE (ROUTE DE);;;;910
34091;201300037833;13;11;27;1040;1;2;1;1.0;2;514;GARE (AV DE LA);;;;910
34092;201300037835;13;12;7;1010;1;2;1;1.0;2;114;RN 6;;;;910
34093;201300037836;13;12;9;1850;5;2;1;1.0;7;114;GARE (PLACE DE LA);;;;910
34094;201300037837;13;12;10;1130;1;2;1;1.0;6;215;01, VICTOR HUGO (AVENUE);;;;910
34095;201300037838;13;12;13;1520;1;2;2;1.0;3;114;ERMITAGE (AVENUE DE L');;;;910
34096;201300037839;13;12;13;1830;5;2;1;1.0;6;215;VICTOR HUGO (AVENUE);;;;910
34097;201300037840;13;12;17;810;2;2;1;1.0;4;114;ROUTE NATIONALE 6;;;;910
34098;201300037841;13;12;24;1700;5;2;6;1.0;3;114;WITTLICH (ROND POINT);;;;910
34099;201300037842;13;12;20;1050;1;2;1;1.0;2;174;59 TER, DUNANT ( BD HENR;;;;910
34100;201300037843;13;10;17;2000;5;2;6;1.0;6;174;1, BLUM(AVENUE LEON);;;;910
34101;201300037844;13;10;12;1600;1;2;3;1.0;3;174;51, JOHN KENNEDY (BOULEV;;;;910
34102;201300037845;13;10;16;1130;1;2;1;1.0;6;174;strathkelvin (avenue de;;;;910
34103;201300037846;13;11;20;1040;1;2;3;1.0;3;174;104, FONTAINEBLEAU (BD);;;;910
34104;201300037847;13;11;20;1315;1;2;1;1.0;6;174;59 T, DUNANT ( BD HENRI);;;;910
34105;201300037848;13;1;8;1730;5;2;4;2.0;1;174;245, JOHN KENNEDY (BOULE;;;;910
34106;201300037849;13;1;8;1800;5;2;1;1.0;3;174;3-13, 08 MAI 1945 (AVENU;;;;910
34107;201300037850;13;11;22;1400;1;2;1;1.0;3;174;41, CGB (chemin du);;;;910
34108;201300037853;13;1;11;1900;4;2;2;2.0;6;174;1, PARIS (RUE);;;;910
34109;201300037855;13;4;6;100;5;2;6;1.0;1;174;08 MAI 1945 (AVENUE);;;;910
34110;201300037856;13;1;28;2245;5;2;3;1.0;3;174;01, JEAN JAURES (BOULEVA;;;;910
34111;201300037857;13;3;9;2025;2;2;6;1.0;3;174;01, Emile ZOLA (rue);;;;910
34112;201300037858;13;4;12;1430;1;2;1;1.0;5;174;1, WALDECK ROUSSEAU(RUE);;;;910
34113;201300037859;13;4;12;930;1;2;1;1.0;2;174;1, JOHN KENNEDY (BOULEVA;;;;910
34114;201300037860;13;4;2;1900;3;2;1;1.0;6;174;15, JEAN JAURES (BOULEVA;;;;910
34115;201300037861;13;3;14;1005;1;2;1;1.0;2;174;01, LECOUILLARD (bouleva;;;;910
34116;201300037862;13;3;12;1700;1;2;1;1.0;4;174;1, WALDECK ROUSSEAU(RUE);;;;910
34117;201300037863;13;5;17;1130;1;1;1;1.0;6;174;3, strathkelvin (avenue;;;;910
34118;201300037864;13;5;23;1945;2;2;2;1.0;3;174;1, JEAN JAURES (BOULEVAR;;;;910
34119;201300037868;13;3;19;1825;1;2;1;1.0;2;174;CARNOT(AVENUE);;;;910
34120;201300037869;13;6;4;1405;1;2;1;1.0;6;174;champlouis;;;;910
34121;201300037870;13;7;4;1405;1;2;1;1.0;6;174;champlouis;;;;910
34122;201300037871;13;7;2;835;1;2;9;1.0;2;174;28, WALDECK ROUSSEAU(RUE;;;;910
34123;201300037872;13;7;13;1910;1;2;1;1.0;6;174;61, MARECHAL DE LATTRE D;;;;910
34124;201300037873;13;8;8;1820;1;2;1;1.0;2;174;2, LEON CASSE(PLACE);;;;910
34125;201300037874;13;8;8;950;1;2;1;1.0;3;174;65, PARIS (RUE);;;;910
34126;201300037876;13;9;7;1440;1;2;3;1.0;3;174;Emile ZOLA (rue);;;;910
34127;201300037877;13;8;29;830;1;2;1;1.0;2;174;01, JEAN JAURES (BOULEVA;;;;910
34128;201300037878;13;5;6;2045;1;2;3;1.0;3;174;LA NACELLE (rue);;;;910
34129;201300037880;13;9;16;1855;1;2;1;3.0;7;174;07, BERT(RUE PAUL);;;;910
34130;201300037881;13;5;28;1900;1;2;3;1.0;3;174;PAPETERIE(RUE);;;;910
34131;201300037882;13;10;5;1900;1;2;1;1.0;4;174;JEAN JAURES (BOULEVARD;;;;910
34132;201300037884;13;7;11;1310;1;2;1;1.0;2;174;17, COMBES MARNES(BOULEV;;;;910
34133;201300037885;13;10;9;2109;2;2;3;2.0;6;174;Emile ZOLA (rue);;;;910
34134;201300037886;13;6;25;1015;1;2;1;1.0;6;174;FERAY ( rue );;;;910
34135;201300037887;13;8;20;1720;1;2;1;1.0;3;174;25, JOHN KENNEDY (BOULEV;;;;910
34136;201300037888;13;8;30;2035;1;2;1;1.0;6;174;30, strathkelvin (avenue;;;;910
34137;201300037890;13;11;6;1700;1;2;1;8.0;6;174;73, PRESIDENT ALLENDE (A;;;;910
34138;201300037891;13;9;4;1140;1;2;3;1.0;6;174;1, CRETE ( Boulevard);;;;910
34139;201300037893;13;9;2;2000;1;2;3;1.0;2;174;RUE GEORGES LE DU;;;;910
34140;201300037894;13;11;27;1610;1;2;9;1.0;6;174;40, APPORT PARIS (QUAI);;;;910
34141;201300037895;13;11;21;830;1;2;1;1.0;2;174;84, BOURGOIN(QUAI);;;;910
34142;201300037896;13;12;17;1125;1;2;1;1.0;2;174;52, PARIS (RUE);;;;910
34143;201300037897;13;11;30;1810;5;2;1;1.0;6;174;43, PARIS (RUE);;;;910
34144;201300037898;13;1;6;1230;1;2;1;8.0;2;201;HENRI BARBUSSE (AVENUE);;;;910
34145;201300037899;13;1;9;740;2;2;3;8.0;5;657;TOURELLE (AVENUE DE LA );;;;910
34146;201300037900;13;1;9;1940;5;2;2;1.0;6;201;HENRI BARBUSSE(AVENUE;;;;910
34147;201300037901;13;1;11;745;2;2;2;1.0;3;201;HENRI BARBUSSE(AVENUE;;;;910
34148;201300037902;13;2;1;1400;1;2;1;2.0;3;657;COTE D'OR (RUE DE LA);;;;910
34149;201300037903;13;1;28;1825;5;2;1;1.0;2;201;HENRI BARBUSSE(BOULEVARD;;;;910
34150;201300037904;13;2;5;730;3;2;2;2.0;3;657;PASTEUR (RUE);;;;910
34151;201300037905;13;12;31;1220;1;2;2;1.0;2;201;PIERRE BROSSOLETTE (RUE);;;;910
34152;201300037906;13;2;9;1445;1;2;1;2.0;6;201;HENRI BARBUSSE(BOULEVARD;;;;910
34153;201300037907;13;2;13;1730;1;2;2;2.0;3;201;HENRI BARBUSSE(BOULEVARD;;;;910
34154;201300037908;13;2;16;1330;1;2;1;1.0;6;201;GENERAL DE GAULLE(BOULEV;;;;910
34155;201300037909;13;2;17;1255;1;2;3;1.0;3;201;GENERAL DE GAULLE(BOULEV;;;;910
34156;201300037910;13;1;12;1310;1;2;1;1.0;2;657;TOURELLE (AVENUE DE LA );;;;910
34157;201300037911;13;1;14;1640;1;2;1;1.0;5;201;HENRI BARBUSSE(AVENUE;;;;910
34158;201300037912;13;1;15;2240;3;2;1;1.0;6;201;HENRI BARBUSSE(AVENUE;;;;910
34159;201300037913;13;1;23;1710;1;2;1;1.0;3;657;HENRI BARBUSSE (AVENUE);;;;910
34160;201300037914;13;3;6;1820;1;2;1;1.0;6;657;FREDERIC JOLIOT CURIE (A;;;;910
34161;201300037916;13;2;23;1430;1;2;1;1.0;1;657;GAULOIS (RUE DES );;;;910
34162;201300037917;13;2;28;840;1;2;1;2.0;2;201;GENERAL DE GAULLE(BOULEV;;;;910
34163;201300037918;13;4;5;1125;1;2;3;1.0;3;657;TOURELLE (AVENUE DE LA );;;;910
34164;201300037919;13;4;6;1630;1;2;1;1.0;3;657;EDELWEISS (RUE DES);;;;910
34165;201300037920;13;4;23;1740;1;2;1;1.0;6;657;CONCORDE (AVENUE);;;;910
34166;201300037921;13;4;5;1805;1;2;1;1.0;3;201;149ter, HENRI BARBUSSE(A;;;;910
34167;201300037923;13;4;12;830;1;2;1;8.0;6;201;POIREE (RUE DE LA );;;;910
34168;201300037924;13;4;16;1450;1;2;1;1.0;3;657;HENRI CHARON (AVENUE);;;;910
34169;201300037925;13;4;21;1105;1;2;1;1.0;3;657;HENRI BARBUSSE (AVENUE);;;;910
34170;201300037926;13;4;21;1440;1;2;1;1.0;6;657;ANEMONES (RUE DES );;;;910
34171;201300037927;13;3;22;1850;1;2;3;1.0;3;201;HENRI BARBUSSE(AV;;;;910
34172;201300037928;13;3;27;1340;1;2;2;1.0;2;201;GENERAL DE GAULLE(BOULEV;;;;910
34173;201300037929;13;4;26;725;5;2;1;1.0;1;201;FERDINAND BUISSON(RUE);;;;910
34174;201300037930;13;4;25;125;3;2;1;1.0;6;657;ARBRE DE LA LIBERTE (PLA;;;;910
34175;201300037931;13;4;27;1930;1;2;1;9.0;1;657;CONCORDE (AVENUE);;;;910
34176;201300037932;13;4;27;230;5;2;1;9.0;6;201;EUROPE(AVENUE DE L');;;;910
34177;201300037934;13;5;16;107;3;2;1;2.0;6;657;MAX D'ORMOY (RUE);;;;910
34178;201300037935;13;5;16;1945;1;2;2;1.0;1;201;CHATILLON(RUE DE );;;;910
34179;201300037937;13;6;6;800;1;2;2;1.0;6;201;ALPHONSE DAUDET(RUE);;;;910
34180;201300037938;13;6;6;1735;1;2;1;1.0;2;657;TOURELLE (AVENUE DE LA );;;;910
34181;201300037939;13;6;9;1955;2;2;2;1.0;3;201;PIERRE BROSSOLETTE (RUE);;;;910
34182;201300037940;13;5;5;1925;2;2;3;1.0;3;657;HENRI BARBUSSE (AVENUE);;;;910
34183;201300037941;13;6;16;1750;1;2;1;1.0;3;201;BAC DE RIS(CHEMIN DU);;;;910
34184;201300037942;13;6;25;2300;5;2;2;1.0;3;657;EUGENE VARLIN (RUE);;;;910
34185;201300037943;13;5;25;1620;1;2;1;1.0;1;201;HENRI BARBUSSE(BOULEVARD;;;;910
34186;201300037944;13;5;25;1910;1;2;3;1.0;3;657;HENRI BARBUSSE (AVENUE);;;;910
34187;201300037945;13;5;27;1815;1;2;1;1.0;6;201;RIS (RUE DE);;;;910
34188;201300037946;13;7;8;2110;1;2;3;1.0;6;657;HENRI BARBUSSE (AVENUE);;;;910
34189;201300037947;13;6;18;1200;1;2;3;1.0;3;657;MARECHAL LECLERC (RUE) C;;;;910
34190;201300037948;13;7;17;1630;1;2;3;1.0;3;657;FREDERIC JOLIOT CURIE (A;;;;910
34191;201300037949;13;7;21;930;1;2;1;1.0;6;201;HENRI BARBUSSE(AV;;;;910
34192;201300037950;13;7;21;2000;1;2;1;1.0;2;201;HENRI BARBUSSE(BOULEVARD;;;;910
34193;201300037951;13;8;8;1620;1;2;1;1.0;6;201;EUGENE DELACROIX(AVENUE);;;;910
34194;201300037952;13;8;9;1725;1;2;2;1.0;3;657;HENRI BARBUSSE(AV);;;;910
34195;201300037953;13;8;16;1400;1;2;1;1.0;6;201;EUGENE DELACROIX(AVENUE);;;;910
34196;201300037954;13;8;28;35;5;2;1;1.0;6;657;JULES VERNE (RUE);;;;910
34197;201300037956;13;9;18;1450;1;2;2;2.0;1;657;HENRI DUVERNOIS (RUE);;;;910
34198;201300037957;13;9;24;1645;1;2;1;1.0;6;201;DOCTEUR FRANCOIS(RUE DU);;;;910
34199;201300037958;13;9;24;1935;1;2;2;1.0;3;201;CHEMIN(RUE DU);;;;910
34200;201300037959;13;9;25;800;1;2;1;1.0;2;201;PONT 1ER ARMEE FRANCAISE;;;;910
34201;201300037960;13;9;27;1210;1;2;1;1.0;3;201;HENRI BARBUSSE(av;;;;910
34202;201300037961;13;10;3;130;5;2;1;1.0;3;657;HENRI BARBUSSE (AVENUE);;;;910
34203;201300037962;13;10;2;1830;1;2;2;1.0;5;657;PAUL VAILLANT COUTURIER;;;;910
34204;201300037963;13;10;10;650;5;2;2;1.0;6;201;PIERRE BROSSOLETTE (RUE);;;;910
34205;201300037964;13;10;14;907;1;2;1;2.0;6;657;CHATEAU (RUE DU);;;;910
34206;201300037965;13;10;16;2305;3;2;1;2.0;6;657;LONGUERAIE (RUE DE LA );;;;910
34207;201300037966;13;10;25;1640;1;2;2;1.0;6;201;EUROPE(AVENUE DE L');;;;910
34208;201300037967;13;10;31;1145;1;2;2;1.0;4;657;HENRI BARBUSSE (AVENUE);;;;910
34209;201300037968;13;11;1;1120;1;2;2;1.0;6;657;FREDERIC JOLIOT CURIE (A;;;;910
34210;201300037969;13;11;4;1915;5;2;9;9.0;1;201;REPUBLIQUE (PLACE DE LA);;;;910
34211;201300037970;13;11;13;1145;1;2;1;2.0;6;201;HENRI BARBUSSE(BOULEVARD;;;;910
34212;201300037971;13;11;13;1900;5;2;1;1.0;6;657;HENRI BARBUSSE (AVENUE);;;;910
34213;201300037973;13;12;5;1645;1;2;1;1.0;2;201;HENRI BARBUSSE(AV;;;;910
34214;201300037974;13;12;19;1028;1;2;1;9.0;6;201;HENRI BARBUSSE(AVENUE;;;;910
34215;201300037975;13;12;27;2230;5;2;2;2.0;6;657;HENRI BARBUSSE(BOULEVARD;;;;910
34216;201300037976;13;1;1;720;5;1;1;1.0;1;433;BLANCHE (ROUTE);;;;910
34217;201300037977;13;1;1;2230;5;2;1;1.0;6;469;R BOIS DES ROCHES;;;;910
34218;201300037979;13;1;5;1520;1;2;1;1.0;6;223;LECLERC (PARKING);;;;910
34219;201300037980;13;1;10;1;5;1;1;1.0;7;223;117-119, SAINT MICHEL (B;;;;910
34220;201300037981;13;1;15;910;1;2;1;8.0;7;223;ROMAINE (VOIE);;;;910
34221;201300037982;13;1;16;1232;1;2;1;1.0;3;223;BRIERES LES SCELLES (;;;;910
34222;201300037983;13;1;23;1445;1;2;1;1.0;7;223;1, BONNEVAUX (AVENUE DE);;;;910
34223;201300037984;13;1;28;740;3;1;1;1.0;1;223;C.D. 21;;;;910
34224;201300037985;13;2;7;735;5;2;1;1.0;6;223;21, MAI 1945 (AVENUE DU;;;;910
34225;201300037986;13;2;8;750;2;1;1;1.0;6;223;R.N.20;;;;910
34226;201300037987;13;2;11;809;1;2;1;2.0;6;223;MAI 1945 (AVENUE;;;;910
34227;201300037988;13;2;11;1625;1;2;3;1.0;3;433;GENERAL DE GAULLE (AVENU;;;;910
34228;201300037989;13;2;15;810;1;2;1;1.0;2;223;97, REPUBLIQUE (RUE DE L;;;;910
34229;201300037990;13;2;18;820;1;2;1;1.0;6;223;FARMAN (AVENUE HE;;;;910
34230;201300037991;13;2;18;1800;1;1;3;1.0;3;223;CD63;;;;910
34231;201300037992;13;2;20;1630;1;2;1;1.0;6;223;5, GRANDE SENTE DE LA JU;;;;910
34232;201300037993;13;2;25;755;2;2;1;4.0;6;433;1, TILLEULS (RUE DES);;;;910
34233;201300037994;13;2;26;1820;2;2;1;1.0;7;223;15, MAI 1945 (AVENUE DU;;;;910
34234;201300037995;13;3;3;1530;1;2;1;1.0;7;223;1, BERCHERE (BOULEVARD);;;;910
34235;201300037996;13;3;4;45;5;1;1;1.0;3;223;R.N.20;;;;910
34236;201300037997;13;3;6;1810;5;2;1;2.0;2;223;RD 191;;;;910
34237;201300037999;13;3;17;1345;1;2;1;1.0;6;223;1, MAI 1945 (AVENUE DU 8;;;;910
34238;201300038000;13;3;20;1149;1;2;1;1.0;2;223;11, PONT SAINT JEAN (RUE;;;;910
34239;201300038001;13;3;22;835;1;2;1;1.0;6;223;1, REMPART (RUE DU);;;;910
34240;201300038002;13;3;27;1415;1;2;1;1.0;7;433;AUVERS (RUE D');;;;910
34241;201300038003;13;3;28;910;1;2;1;1.0;6;223;1, VICTOIRE (ALLEE DE LA;;;;910
34242;201300038004;13;4;3;1840;1;1;6;1.0;7;433;PITHIVIERS (ROND;;;;910
34243;201300038005;13;4;23;730;1;2;1;1.0;6;223;1, ALLENDE (RUE SALVADOR;;;;910
34244;201300038006;13;4;23;1730;1;2;1;1.0;7;223;BAS CANAL (CHEMIN DU);;;;910
34245;201300038007;13;4;27;1020;1;2;1;1.0;3;223;SAINT JACQUES (RUE;;;;910
34246;201300038008;13;5;2;1130;1;1;1;1.0;6;223;C.D.836;;;;910
34247;201300038009;13;6;3;1945;1;2;1;1.0;2;223;GENERAL ROMANET (PLACE;;;;910
34248;201300038010;13;6;6;1750;1;2;1;1.0;2;223;SAINT MICHEL (BOULEVARD);;;;910
34249;201300038011;13;6;7;1130;1;2;1;1.0;6;223;2, BONNEVAUX (AVENUE DE);;;;910
34250;201300038012;13;6;12;815;1;1;1;1.0;2;223;MAI 1945 (AVENUE DU 8);;;;910
34251;201300038013;13;6;14;1600;1;1;1;1.0;7;433;RD 191;;;;910
34252;201300038014;13;6;14;1610;1;1;2;1.0;1;223;R.D.721;;;;910
34253;201300038015;13;6;16;745;1;1;1;2.0;2;223;R.N.20;;;;910
34254;201300038016;13;6;21;315;3;1;1;2.0;6;223;R.N.20;;;;910
34255;201300038018;13;7;15;1220;1;2;1;1.0;3;223;97, REPUBLIQUE (RUE DE L;;;;910
34256;201300038019;13;7;15;1740;1;2;6;1.0;5;223;SABLIERE (RUE)   Z I;;;;910
34257;201300038021;13;7;20;1750;1;2;3;1.0;3;223;DE GAULLE (AVENUE;;;;910
34258;201300038022;13;7;21;2040;1;1;6;1.0;6;433;RD 191;;;;910
34259;201300038023;13;7;25;915;1;2;1;1.0;7;223;CHARPENTIER (AVEN;;;;910
34260;201300038024;13;7;25;1315;1;1;1;1.0;2;223;R.N.20;;;;910
34261;201300038025;13;7;28;1740;1;2;1;1.0;7;223;SAINT MARTIN (RUE;;;;910
34262;201300038026;13;7;29;820;1;1;1;1.0;2;433;RN.20;;;;910
34263;201300038027;13;8;6;2000;1;2;1;1.0;7;223;8 MAI 1945 (AV);;;;910
34264;201300038028;13;8;8;1900;1;2;1;1.0;7;223;112, SAINT MICHEL (BOULE;;;;910
34265;201300038029;13;8;25;1610;1;2;1;2.0;4;223;COQUERIVE (AVENUE;;;;910
34266;201300038030;13;8;25;1855;1;2;3;2.0;3;223;RELIGIEUSES (CARR;;;;910
34267;201300038032;13;8;30;1135;1;2;1;1.0;1;223;1, BRIERES LES SCELLES (;;;;910
34268;201300038034;13;9;7;1700;1;1;1;2.0;6;433;RN.20;;;;910
34269;201300038036;13;9;14;1630;1;2;2;2.0;7;223;RD.721;;;;910
34270;201300038038;13;9;22;935;1;2;1;1.0;7;433;SAINT GERMAIN (RUE;;;;910
34271;201300038039;13;9;23;1422;1;2;3;1.0;3;223;1, BONNEVAUX (AVENUE DE);;;;910
34272;201300038040;13;9;25;1648;1;1;1;1.0;7;433;3, AUVERS (RUE D');;;;910
34273;201300038041;13;9;25;2315;3;1;1;1.0;6;433;RN. 20;;;;910
34274;201300038042;13;10;6;1815;1;1;2;1.0;3;223;RD 721;;;;910
34275;201300038043;13;10;13;1655;1;2;6;1.0;3;223;8, PARIS (AVENUE DE);;;;910
34276;201300038044;13;10;15;1315;1;1;1;2.0;2;223;RN 20;;;;910
34277;201300038045;13;10;15;1830;1;1;1;1.0;6;433;RD 837;;;;910
34278;201300038046;13;10;19;1920;3;2;1;2.0;7;223;CORDELIERS (RUE DES);;;;910
34279;201300038047;13;10;22;847;1;1;9;1.0;3;433;CD 63;;;;910
34280;201300038048;13;10;27;1835;5;1;2;2.0;3;223;RD 721;;;;910
34281;201300038049;13;11;5;1724;2;2;3;2.0;5;433;1, SAINT GERMAIN (RUE);;;;910
34282;201300038050;13;11;11;1500;1;2;1;1.0;6;223;52, PARIS (AVENUE DE);;;;910
34283;201300038051;13;11;15;2025;1;2;1;1.0;2;223;MAI 1945 (AVENUE;;;;910
34284;201300038052;13;11;18;1800;5;2;1;1.0;6;223;85, SAINT MARTIN (RUE);;;;910
34285;201300038053;13;11;19;1625;1;2;1;1.0;7;223;RUE DES DEUX MARES;;;;910
34286;201300038054;13;11;28;1730;1;2;3;1.0;3;223;BONNEVAUX (AVENUE;;;;910
34287;201300038055;13;12;1;1848;3;1;1;1.0;6;223;RD 191;;;;910
34288;201300038056;13;12;2;825;2;2;1;1.0;6;223;AV GEOFFROY ST HILAI;;;;910
34289;201300038057;13;12;2;2335;3;1;1;1.0;2;223;RN 20;;;;910
34290;201300038058;13;12;8;1445;1;2;1;1.0;7;433;MOULINS (RUE DES);;;;910
34291;201300038060;13;12;12;1515;1;2;1;1.0;6;223;CARNOT (RUE SADI);;;;910
34292;201300038061;13;12;16;250;3;1;1;9.0;7;109;COCHET (RUE DU)        R;;;;910
34293;201300038062;13;12;18;828;1;1;1;1.0;6;223;DES MEUNIERS (AVENUE);;;;910
34294;201300038064;13;12;24;1213;1;2;1;3.0;1;223;1, GUETTARD (RUE J.E.);;;;910
34295;201300038065;13;12;30;1740;5;2;6;2.0;6;223;BONNEVAUX (AVENUE;;;;910
34296;201300038066;13;12;31;1445;1;2;1;1.0;6;223;06-08, GUETTARD (RUE J.E;;;;910
34297;201300038067;13;1;15;1140;1;2;1;8.0;6;182;MARQUIS DE RAIES (RUE);;;;910
34298;201300038068;13;1;30;1325;1;2;1;2.0;6;228;MARECHAL JUIN (AVENUE DU;;;;910
34299;201300038069;13;2;14;655;2;2;1;2.0;5;521;AMITIE (PONT DE L');;;;910
34300;201300038070;13;2;15;1330;1;2;1;1.0;6;228;DECAUVILLE (BOULEVARD);;;;910
34301;201300038071;13;3;6;950;1;2;1;1.0;2;228;LIBERTE (AVENUE DE LA);;;;910
34302;201300038072;13;3;16;1305;1;2;1;1.0;2;521;LIBERATION (AVENUE DE LA;;;;910
34303;201300038073;13;5;3;1755;1;2;1;1.0;6;228;VOIE TU;;;;910
34304;201300038074;13;5;21;1700;1;2;1;2.0;6;521;PLAT (RUE AUGUSTE);;;;910
34305;201300038075;13;6;27;1800;1;2;6;1.0;1;521;BONTE (RUE);;;;910
34306;201300038077;13;10;3;720;1;2;1;1.0;5;182;AMANDIER (AVENUE DE L');;;;910
34307;201300038079;13;10;7;1540;1;2;1;1.0;6;228;LIBERTE (AVENUE DE LA);;;;910
34308;201300038080;13;10;15;2040;3;2;1;2.0;6;521;JOLIOT CURIE (AVENUE;;;;910
34309;201300038082;13;11;4;2030;5;2;1;1.0;3;228;CHAMPS ELYSEES (BD)N°;;;;910
34310;201300038083;13;1;7;945;1;2;1;1.0;4;687;MARMONT (AVENUE);;;;910
34311;201300038084;13;1;3;1030;1;2;1;1.0;6;687;NUNGESSER ET COLI (RUE);;;;910
34312;201300038085;13;1;9;1210;1;2;1;1.0;1;687;DE FLEURY (ROUTE );;;;910
34313;201300038086;13;1;12;2330;5;2;1;1.0;6;687;88, FORET (AVENUE DE LA);;;;910
34314;201300038087;13;1;27;1955;2;2;1;1.0;2;687;106, GENERAL DE GAULLE (;;;;910
34315;201300038088;13;1;28;835;2;2;1;1.0;6;434;SAVIGNY (RUE DE);;;;910
34316;201300038089;13;2;4;2100;5;2;1;1.0;6;687;MARMONT (AVENUE);;;;910
34317;201300038090;13;2;9;1430;1;2;1;1.0;6;687;RD 445;;;;910
34318;201300038091;13;2;12;1950;2;2;1;1.0;6;687;RD 445;;;;910
34319;201300038094;13;2;20;805;2;2;1;1.0;6;434;MARCEAU (RUE);;;;910
34320;201300038095;13;2;26;1845;2;2;3;1.0;3;326;GABRIEL PERI (AVENUE);;;;910
34321;201300038096;13;2;28;745;2;2;2;1.0;3;687;RD 445;;;;910
34322;201300038097;13;3;5;1430;1;2;1;1.0;6;286;QUINCONCE (PLACE DU);;;;910
34323;201300038098;13;3;1;1200;1;2;1;1.0;6;286;SABLONS (AVENUE DES);;;;910
34324;201300038099;13;3;3;1825;1;2;1;1.0;6;326;MARECHAL JOFFRE (PLACE D;;;;910
34325;201300038100;13;3;7;2145;5;2;1;1.0;6;286;40, CORBEIL (ROUTE DE);;;;910
34326;201300038101;13;3;25;1715;1;2;1;1.0;6;687;NUNGESSER ET COLI (RUE);;;;910
34327;201300038102;13;4;10;2135;5;2;2;3.0;3;687;GENERAL DE GAULLE (AVENU;;;;910
34328;201300038103;13;4;22;1240;1;2;1;1.0;6;326;GARE SNCF;;;;910
34329;201300038104;13;4;22;1830;1;2;1;1.0;6;286;8, DEDALE (RUE);;;;910
34330;201300038105;13;4;24;1330;1;2;1;1.0;6;286;CORBEIL (ROUTE DE);;;;910
34331;201300038106;13;5;16;740;2;2;1;2.0;2;687;RD 445;;;;910
34332;201300038107;13;5;14;840;1;2;1;1.0;6;286;PREMIERE ARMEE (AVENUE);;;;910
34333;201300038108;13;4;28;1545;1;2;1;1.0;6;434;JEAN MORLET (SQUARE);;;;910
34334;201300038109;13;6;10;1840;1;2;1;1.0;6;687;VANNE (RUE DE LA);;;;910
34335;201300038110;13;5;3;2015;2;2;1;1.0;6;326;PIERRE SEMARD (RUE);;;;910
34336;201300038111;13;5;6;1200;1;2;1;1.0;6;687;HENRI BARBUSSE (RUE);;;;910
34337;201300038113;13;6;13;2045;2;2;1;1.0;6;286;FERME NEUVE (RUE DE LA);;;;910
34338;201300038114;13;6;6;1145;1;2;1;1.0;6;687;RENE COTY (PLACE);;;;910
34339;201300038115;13;6;21;1220;1;2;1;1.0;3;286;TREILLE (PLACE DE LA);;;;910
34340;201300038116;13;7;16;935;1;2;1;1.0;6;326;47, ALBERT SARRAULT (AVE;;;;910
34341;201300038117;13;7;15;1810;1;2;1;1.0;1;286;24, CORBEIL (ROUTE DE);;;;910
34342;201300038118;13;8;8;1805;1;2;1;1.0;6;434;19, JEAN LURCAT (SQUARE);;;;910
34343;201300038119;13;8;13;1155;1;2;1;1.0;6;687;FLANDRE (AVENUE DE);;;;910
34344;201300038121;13;10;14;715;2;2;1;1.0;3;326;36, COUR DE FRANCE (AVEN;;;;910
34345;201300038122;13;10;18;850;1;2;1;1.0;6;434;21, FERDINAND BUISSON (P;;;;910
34346;201300038123;13;10;7;830;2;2;1;1.0;6;326;9, PETIT (RUE);;;;910