;Num_Acc;an;mois;jour;hrmn;lum;agg;int;atm;col;com;adr;gps;lat;long;dep
34347;201300038124;13;11;14;1900;5;2;1;2.0;6;687;GRIBELETTE (AVENUE DE LA;;;;910
34348;201300038125;13;11;18;1525;1;2;1;1.0;3;687;RD 445;;;;910
34349;201300038126;13;11;20;1835;2;2;1;3.0;2;326;COUR DE FRANCE (AVENUE D;;;;910
34350;201300038127;13;10;19;1130;1;2;1;1.0;6;326;74, ESTIENNE D'ORVES (AV;;;;910
34351;201300038128;13;10;30;1620;1;2;1;1.0;6;687;JEAN MOULIN (AVENUE);;;;910
34352;201300038129;13;11;12;1855;5;2;1;2.0;6;286;HENRI BARBUSSE (PLACE);;;;910
34353;201300038130;13;11;29;1720;2;2;1;1.0;3;434;9, PAIX (RUE DE LA);;;;910
34354;201300038131;13;12;2;1700;2;2;1;1.0;6;687;5, PROVENCE (AVENUE DE);;;;910
34355;201300038132;13;12;12;1415;1;2;1;1.0;5;687;RD 445;;;;910
34356;201300038133;13;11;22;355;5;2;1;1.0;6;286;HENRI BARBUSSE (PLACE);;;;910
34357;201300038134;13;12;10;950;1;2;1;1.0;7;434;CORBEIL (ROUTE DE);;;;910
34358;201300038135;13;12;6;1940;5;2;1;1.0;6;326;GAULOIS (RUE DES);;;;910
34359;201300038136;13;12;25;300;3;2;1;2.0;6;286;PREMIERE ARMEE (AVENUE);;;;910
34360;201300038137;13;1;11;2100;5;2;2;2.0;3;161;20, MAZARIN (AVENUE);;;;910
34361;201300038138;13;1;17;1850;3;2;1;1.0;6;345;165, PRESIDENT F. MITTER;;;;910
34362;201300038139;13;1;28;650;5;1;1;2.0;6;161;28, LONGJUMEAU (route de;;;;910
34363;201300038141;13;2;8;759;1;2;3;1.0;3;345;126, CORBEIL (ROUTE DE);;;;910
34364;201300038142;13;2;20;740;2;2;2;8.0;6;161;22, MAZARIN (AVENUE);;;;910
34365;201300038143;13;2;20;1530;1;2;1;1.0;3;161;LONGJUMEAU (route de);;;;910
34366;201300038144;13;3;14;2045;5;2;1;1.0;3;345;52, PRESIDENT FRANCOIS M;;;;910
34367;201300038145;13;4;25;1540;1;1;4;7.0;2;161;1, PIERRE BROSSOLETTE (A;;;;910
34368;201300038146;13;5;4;800;2;2;1;1.0;1;345;53, RAMEAU (RUE);;;;910
34369;201300038147;13;6;19;445;3;1;1;8.0;2;161;1, WISSOUS (ROUTE DE);;;;910
34370;201300038149;13;7;1;1200;1;2;3;1.0;3;345;17, COQUELICOTS (RUE DES;;;;910
34371;201300038150;13;7;18;1640;1;2;1;1.0;2;161;1, MARES JULIENNES (RUE;;;;910
34372;201300038151;13;8;16;1945;1;2;3;1.0;3;161;CHARLES DE GAULLE (AVENU;;;;910
34373;201300038152;13;8;30;1210;1;2;1;1.0;6;345;PRESIDENT FRANCOIS MITTE;;;;910
34374;201300038153;13;9;9;1725;1;1;1;2.0;3;161;RD 118;;;;910
34375;201300038154;13;9;11;205;5;1;1;1.0;6;161;57, LONGJUMEAU (route de;;;;910
34376;201300038155;13;9;12;810;1;2;1;2.0;3;345;160, PRESIDENT FRANCOIS;;;;910
34377;201300038156;13;9;16;1815;1;2;1;2.0;4;345;27, ROUX DR (RUE DU);;;;910
34378;201300038157;13;9;23;730;1;2;1;1.0;1;161;1, BUTTE AUX BERGERS (Z.;;;;910
34379;201300038159;13;10;11;2150;5;2;1;1.0;3;161;40, PIERRE BROSSOLETTE (;;;;910
34380;201300038160;13;10;16;1900;1;1;1;7.0;4;161;1, CD 118;;;;910
34381;201300038161;13;10;20;630;5;2;1;2.0;3;161;2, LONGJUMEAU (route de);;;;910
34382;201300038162;13;11;5;1630;1;2;1;1.0;2;161;125, MASSY (ROUTE DE);;;;910
34383;201300038163;13;11;7;450;5;1;3;2.0;5;161;20, LONGJUMEAU (route de;;;;910
34384;201300038164;13;11;7;1936;5;2;2;2.0;6;345;1, PEUPLERAIE (RUE;;;;910
34385;201300038165;13;11;8;805;2;2;1;2.0;1;161;1, MASSY (ROUTE DE);;;;910
34386;201300038166;13;11;12;1355;1;2;1;2.0;6;345;26, CORBEIL (ROUTE DE);;;;910
34387;201300038167;13;11;12;2020;5;2;1;2.0;2;161;1, MAZARIN (AVENUE);;;;910
34388;201300038168;13;11;17;150;5;2;2;1.0;3;345;52, PRESIDENT FRANCOIS M;;;;910
34389;201300038169;13;12;10;1500;1;2;1;1.0;2;345;150, CORBEIL (ROUTE DE);;;;910
34390;201300038171;13;12;20;2330;5;2;4;1.0;6;345;22, BERTILLON GABRIEL (R;;;;910
34391;201300038172;13;7;10;600;1;2;1;1.0;2;161;53, LONGJUMEAU (route de;;;;910
34392;201300038173;13;7;19;2135;1;2;1;1.0;3;345;36, CHILLY (RUE DE);;;;910
34393;201300038174;13;7;31;2010;1;2;1;1.0;6;161;1, CHEMIN DE FER (RUE DU;;;;910
34394;201300038175;13;10;8;1230;1;2;1;1.0;3;345;159, PRESIDENT FRANCOIS;;;;910
34395;201300038176;13;10;16;830;1;2;1;1.0;6;161;MONTAGNE (RUE DE LA);;;;910
34396;201300038177;13;10;21;1945;3;2;3;1.0;6;345;82, PRESIDENT FRANCOIS M;;;;910
34397;201300038178;13;10;23;2010;5;2;1;1.0;4;345;CHILLY (RUE DE);;;;910
34398;201300038179;13;10;26;1955;5;2;3;1.0;6;345;5, ROUX DR (RUE DU);;;;910
34399;201300038180;13;12;21;604;5;2;1;1.0;3;345;84, PRESIDENT FRANCOIS M;;;;910
34400;201300038181;13;8;17;1255;1;1;1;1.0;3;377;sans, PARIS (RUE DE);;;;910
34401;201300038182;13;7;23;1215;1;2;1;1.0;6;377;PREMIER MAI (BOULE;;;;910
34402;201300038183;13;3;25;2200;3;2;1;1.0;7;377;NORMANDIE-NIEMEN (RUE);;;;910
34403;201300038184;13;5;4;315;3;2;1;1.0;7;689;ANTONY (ROUTE D');;;;910
34404;201300038185;13;6;30;105;4;2;1;1.0;6;377;EUROPE (AVENUE DE;;;;910
34405;201300038186;13;7;12;1730;1;2;1;1.0;3;377;sans, JUIN (AVENUE DU MA;;;;910
34406;201300038187;13;8;26;900;1;2;1;1.0;6;377;100, KENNEDY (AVENUE DU;;;;910
34407;201300038188;13;10;25;750;4;2;1;1.0;6;377;EUROPE (AVENUE DE;;;;910
34408;201300038189;13;11;14;1300;1;2;1;1.0;3;377;CHAMPARTS (RUE DES);;;;910
34409;201300038190;13;12;4;1925;2;2;1;1.0;6;377;CARNOT (AVENUE);;;;910
34410;201300038191;13;1;21;1815;2;2;4;2.0;6;691;CONCY(RUE);;;;910
34411;201300038192;13;2;1;1620;1;1;1;2.0;6;421;NATIONALE 6 (PARTIE FORE;;;;910
34412;201300038193;13;2;5;2200;5;2;3;1.0;3;421;REPUBLIQUE (AVENUE DE LA;;;;910
34413;201300038194;13;2;8;45;5;1;1;2.0;2;691;Rond-point du Maréchal d;;;;910
34414;201300038195;13;1;29;1805;1;2;1;1.0;5;421;CHARLES DE GAULLE (AVENU;;;;910
34415;201300038196;13;2;25;1330;1;1;1;1.0;3;421;NATIONALE 6 (PARTIE FORE;;;;910
34416;201300038197;13;3;7;1030;1;1;1;1.0;2;421;NATIONALE 6 (GLACIERE);;;;910
34417;201300038198;13;3;8;1505;1;2;1;2.0;3;421;86, REPUBLIQUE (AVENUE D;;;;910
34418;201300038199;13;3;14;1215;1;2;1;1.0;2;691;GABRIEL PERI(RUE) DU N?4;;;;910
34419;201300038200;13;2;17;100;5;1;1;1.0;5;421;NATIONALE 6 (PARTIE FORE;;;;910
34420;201300038201;13;3;8;1955;5;2;1;2.0;2;691;45, ABBE MARCEAU (AVENUE;;;;910
34421;201300038203;13;2;8;1945;2;1;1;3.0;4;421;NATIONALE 6 (GLACIERE);;;;910
34422;201300038204;13;2;9;1920;2;1;1;1.0;3;421;NATIONALE 6 (CES POMPIDO;;;;910
34423;201300038205;13;2;10;1710;1;1;1;1.0;2;421;NATIONALE 6 (CES POMPIDO;;;;910
34424;201300038206;13;2;13;1520;1;2;1;1.0;1;691;CD 94;;;;910
34425;201300038207;13;4;11;1150;1;2;1;1.0;6;691;67, CHARLE DE GAULLE(RUE;;;;910
34426;201300038209;13;4;20;1700;1;2;6;1.0;4;691;MARECHAL JUIN (RUE);;;;910
34427;201300038211;13;4;21;1240;1;2;6;1.0;2;691;HUIT MAI 1945 (PLACE DU);;;;910
34428;201300038212;13;4;29;1620;1;2;3;1.0;3;421;VICTOR HUGO (RUE);;;;910
34429;201300038213;13;5;14;1905;1;1;1;1.0;1;421;BAC D'ABLON (RUE DU);;;;910
34430;201300038214;13;5;25;1855;1;2;1;1.0;2;421;52, YERRES (RUE D');;;;910
34431;201300038215;13;5;16;840;1;2;1;2.0;2;421;114, REPUBLIQUE (AVENUE;;;;910
34432;201300038216;13;5;30;1900;1;2;1;1.0;1;421;CENTRE DE LA FORET;;;;910
34433;201300038217;13;6;4;1830;1;2;1;1.0;2;691;51, PAUL DOUMER(RUE);;;;910
34434;201300038218;13;6;5;940;1;1;1;1.0;6;421;NATIONALE 6 (REVEIL MATI;;;;910
34435;201300038219;13;6;6;945;1;2;4;1.0;6;421;95, REPUBLIQUE (AVENUE D;;;;910
34436;201300038220;13;6;12;1700;1;2;1;2.0;6;691;GRANGE(AVENUE);;;;910
34437;201300038221;13;6;11;1450;1;2;1;1.0;3;421;80, REPUBLIQUE (AVENUE D;;;;910
34438;201300038222;13;6;25;1630;1;2;1;1.0;6;691;GARE (RUE DE LA);;;;910
34439;201300038223;13;6;25;1700;1;2;1;1.0;2;691;52, JEAN JAURES (AVENUE);;;;910
34440;201300038224;13;6;26;1735;1;1;1;1.0;5;421;CENTRE DE LA FORET;;;;910
34441;201300038225;13;6;29;1645;1;2;1;1.0;2;691;PAUL DOUMER(RUE);;;;910
34442;201300038226;13;6;30;1035;1;1;1;1.0;2;691;GOURGAUD(AVENUE);;;;910
34443;201300038227;13;7;1;1900;1;2;1;1.0;2;421;RAYMOND POMIER (RUE);;;;910
34444;201300038228;13;7;6;1515;1;2;1;1.0;5;421;JEAN JAURES (AVENUE);;;;910
34445;201300038229;13;7;8;1120;1;1;1;1.0;2;421;N 6 (GLACIERE);;;;910
34446;201300038231;13;7;10;2330;4;1;1;1.0;6;421;NATIONALE 6 (REVEIL MATI;;;;910
34447;201300038232;13;7;19;1130;1;2;6;1.0;6;691;PASTEUR(ROND POINT);;;;910
34448;201300038233;13;7;19;1520;1;2;1;1.0;2;691;JEAN JAURES (AVENUE);;;;910
34449;201300038234;13;7;19;1815;1;2;1;1.0;6;691;31, ABBAYE(RUE);;;;910
34450;201300038235;13;7;24;1740;1;1;1;1.0;2;421;N 6 (CES POMPIDOU);;;;910
34451;201300038236;13;7;26;1215;1;2;1;1.0;2;421;CHARLES DE GAULLE (AVENU;;;;910
34452;201300038237;13;7;27;1730;1;2;2;1.0;3;421;CHARLES DE GAULLE (AVENU;;;;910
34453;201300038238;13;8;26;1905;1;2;2;1.0;3;691;CARNOT (RUE);;;;910
34454;201300038239;13;8;20;750;1;1;1;1.0;4;421;N 6 (PARTIE FORET);;;;910
34455;201300038240;13;8;20;2050;5;2;3;1.0;3;421;10, ALSACE-LORRAINE (RUE;;;;910
34456;201300038241;13;6;15;2115;5;2;2;1.0;3;691;GABRIEL PERI(RUE) N°1;;;;910
34457;201300038242;13;10;1;1045;1;2;6;1.0;1;691;GABRIEL PERI(RUE) DU N 4;;;;910
34458;201300038243;13;10;2;1408;1;2;1;1.0;3;421;N6 (GLACIERE);;;;910
34459;201300038245;13;9;7;1815;1;2;1;1.0;7;421;NARCISSES (ALLEE DES);;;;910
34460;201300038246;13;10;4;1915;1;2;1;1.0;6;691;GARE S.N.C.F ET SON PARK;;;;910
34461;201300038247;13;10;10;120;5;2;1;1.0;6;691;95, RESISTANCE(AVENUE);;;;910
34462;201300038248;13;10;10;700;5;2;1;1.0;2;691;GEORGES BIZET(RUE);;;;910
34463;201300038249;13;10;11;1345;1;2;1;1.0;6;421;REPUBLIQUE (AVENUE DE LA;;;;910
34464;201300038250;13;10;11;1525;1;2;2;1.0;3;691;GABRIEL PERI(RUE) DU N?1;;;;910
34465;201300038252;13;10;15;1225;1;2;1;1.0;6;691;CHARLE DE GAULLE(RUE);;;;910
34466;201300038253;13;10;15;2015;5;2;1;1.0;6;421;CORBEIL (ROUTE DE);;;;910
34467;201300038254;13;10;18;910;1;2;6;1.0;3;691;GENERAL DE GAULLE (AVENU;;;;910
34468;201300038255;13;10;28;420;5;2;1;3.0;6;691;8, DOCTEUR CHARCOT(RUE);;;;910
34469;201300038256;13;11;8;1645;1;2;1;2.0;2;691;MARC SANGNIER (RUE);;;;910
34470;201300038257;13;11;8;2240;5;1;1;2.0;2;421;N 6 (PARTIE FORE;;;;910
34471;201300038258;13;11;12;1300;1;2;1;1.0;6;691;ANDREI SAKHAROV (RUE);;;;910
34472;201300038259;13;11;14;910;1;2;2;2.0;3;421;CHARLES DE GAULLE (AVENU;;;;910
34473;201300038260;13;11;15;1245;1;2;1;1.0;6;421;BOIS (RUE DES);;;;910
34474;201300038261;13;11;15;1520;1;2;1;1.0;3;691;RESISTANCE(AVENUE);;;;910
34475;201300038262;13;11;20;845;1;2;3;1.0;3;691;RAYMOND POINCARE(RUE);;;;910
34476;201300038263;13;11;20;1725;5;2;1;3.0;6;691;HENRI BARBUSSE(RUE);;;;910
34477;201300038265;13;11;28;720;2;2;1;1.0;1;421;78, JEAN JAURES (AVENUE);;;;910
34478;201300038266;13;12;9;1600;1;2;1;1.0;3;421;MARECHAL FOCH (AVENUE DU;;;;910
34479;201300038267;13;12;10;1100;1;2;1;1.0;6;421;120, REPUBLIQUE (AVENUE;;;;910
34480;201300038268;13;12;14;1020;1;1;1;1.0;2;421;NATIONALE 6 (CES POMPIDO;;;;910
34481;201300038269;13;12;15;140;3;1;1;1.0;2;421;NATIONALE 6 (REVEIL MATI;;;;910
34482;201300038270;13;12;17;805;5;2;1;1.0;2;421;GRANGE (RUE DE LA);;;;910
34483;201300038271;13;12;18;1650;1;2;1;1.0;3;421;CORBEIL (ROUTE DE);;;;910
34484;201300038272;13;12;19;1850;5;2;1;1.0;6;691;PIERRE LOTI(RUE);;;;910
34485;201300038273;13;12;27;1735;5;2;1;2.0;6;691;CONCY(RUE);;;;910
34486;201300038274;13;12;30;1820;5;2;1;2.0;6;421;DOCTEUR LEON DEGLAIRE (R;;;;910
34487;201300038275;13;1;8;1900;2;2;1;2.0;6;691;RENE COTY(RUE);;;;910
34488;201300038276;13;1;5;905;1;2;1;1.0;1;645;123, ESTIENNES D ORVES (;;;;910
34489;201300038277;13;1;8;845;2;2;3;8.0;6;645;138, ESTIENNES D ORVES (;;;;910
34490;201300038278;13;1;8;1230;1;2;1;1.0;6;692;1, DORDOGNE (AVENUE DE);;;;910
34491;201300038279;13;1;16;820;2;2;3;1.0;6;692;13, BERRY (AVENUE DU);;;;910
34492;201300038280;13;1;28;1820;5;2;1;1.0;6;312;VAUHALLAN (ROUTE);;;;910
34493;201300038283;13;2;6;1155;1;2;4;1.0;2;477;GEORGE SAND (RUE);;;;910
34494;201300038284;13;2;13;1820;5;2;1;1.0;6;645;9, HUE (RUE MARIUS);;;;910
34495;201300038285;13;11;5;1755;4;2;1;2.0;6;692;1, SAINTONGE(AVENUE DE);;;;910
34496;201300038286;13;11;30;1140;1;2;1;1.0;3;471;MONDETOUR (BOULEVARD;;;;910
34497;201300038287;13;2;13;2220;5;2;3;1.0;1;477;CHARLES PEGUY (RUE);;;;910
34498;201300038288;13;2;18;720;1;2;4;1.0;3;477;BOURGEOIS (RUE LEON);;;;910
34499;201300038289;13;1;16;1325;1;2;1;1.0;2;471;13, MONTHLERY (ROUTE DE);;;;910
34500;201300038290;13;2;22;1030;1;2;2;1.0;3;312;FERME (RUE);;;;910
34501;201300038291;13;2;16;1330;1;1;1;1.0;5;477;CD 36;;;;910
34502;201300038292;13;2;13;745;1;2;3;1.0;6;122;HACQUINIERE (ALLEE DE;;;;910
34503;201300038293;13;2;28;1915;5;2;3;1.0;6;477;GUTENBERG (RUE);;;;910
34504;201300038294;13;1;26;55;5;2;1;1.0;6;477;17, GUTEMBERG (RUE);;;;910
34505;201300038295;13;1;23;1430;1;2;1;1.0;4;692;MORVAN (RUE DU);;;;910
34506;201300038296;13;3;1;1800;2;2;3;1.0;1;471;14, CHARLES DE GAULLE (R;;;;910
34507;201300038297;13;3;19;805;1;1;1;1.0;3;477;VAUVE (AV DE LA);;;;910
34508;201300038298;13;3;15;1720;1;2;1;1.0;6;471;DOCTEUR ERNEST LAURIAT (;;;;910
34509;201300038299;13;3;22;830;1;2;1;1.0;6;477;36, HUIT MAI 1945 (AVENU;;;;910
34510;201300038300;13;3;26;1740;1;2;1;1.0;3;692;TROPIQUES (AVENUE DES);;;;910
34511;201300038302;13;4;8;900;1;2;1;1.0;3;122;GUYONNERIE (rue de la;;;;910
34512;201300038303;13;4;16;1545;1;2;1;1.0;1;645;GEORGES POMPIDOU (AVE;;;;910
34513;201300038304;13;4;19;1650;1;2;2;8.0;3;477;HUGO (RUE VICTOR);;;;910
34514;201300038306;13;4;26;1845;1;2;3;2.0;3;64;PARIS (RUE DE);;;;910
34515;201300038307;13;4;29;1115;1;2;1;1.0;2;477;1, GENERAL DE GAULLE (AV;;;;910
34516;201300038308;13;4;17;925;1;2;9;1.0;3;471;CHEVREUSE (RUE DE);;;;910
34517;201300038309;13;5;12;1140;1;1;1;1.0;3;64;VERSAILLES (ROUTE DE);;;;910
34518;201300038310;13;5;22;1555;1;2;1;1.0;6;477;ALLIES (AVENUE DES);;;;910
34519;201300038311;13;5;28;1755;1;2;1;1.0;6;477;BERTEAUX (RUE MAURICE;;;;910
34520;201300038312;13;6;8;1655;1;2;1;1.0;2;64;Léon MIGNOTTE (rue);;;;910
34521;201300038313;13;6;9;730;1;2;1;2.0;6;645;FOCH (BOULEVARD DU MA;;;;910
34522;201300038314;13;6;2;220;5;2;1;1.0;6;312;BRULIS (RUE);;;;910
34523;201300038315;13;6;11;1530;1;2;1;1.0;4;477;38, HUIT MAI 1945 (AVENU;;;;910
34524;201300038316;13;5;27;2130;5;2;9;1.0;6;64;76, PARIS (RUE DE);;;;910
34525;201300038317;13;6;15;1740;1;2;1;1.0;3;64;PETIT BIEVRES (RUE DU);;;;910
34526;201300038318;13;6;18;2055;1;2;1;1.0;6;122;40, HACQUINIERE (RUE DE;;;;910
34527;201300038319;13;5;27;1858;1;2;1;1.0;1;692;GUYENNE (AVENUE);;;;910
34528;201300038320;13;6;23;200;3;1;1;8.0;3;64;CD 117 (ROUTE DE JOUY;;;;910
34529;201300038321;13;5;27;1620;1;2;1;1.0;2;477;GUTEMBERG (RUE);;;;910
34530;201300038322;13;5;17;1115;1;2;1;1.0;6;692;CENTRE COMMERCIAL ULI;;;;910
34531;201300038324;13;7;11;905;1;2;1;1.0;2;122;CHARLES DE GAULLE(RUE;;;;910
34532;201300038325;13;7;12;2045;1;1;4;1.0;6;692;RD35;;;;910
34533;201300038326;13;5;29;900;1;2;1;1.0;1;64;21, PARIS (RUE DE);;;;910
34534;201300038327;13;6;9;1055;1;2;1;1.0;2;64;GISY (ROUTE, JUSQU'A BUR;;;;910
34535;201300038328;13;6;7;1620;1;2;1;1.0;3;692;8, ANDES (AVENUE DES);;;;910
34536;201300038329;13;7;15;1220;1;2;6;1.0;4;692;RD 446;;;;910
34537;201300038331;13;8;21;2329;5;1;1;1.0;6;692;OCEANIE (AVENUE DE L';;;;910
34538;201300038332;13;8;28;1730;1;2;1;1.0;1;645;20, BLIN (RUE);;;;910
34539;201300038333;13;9;3;800;1;2;6;1.0;2;692;OCEANIE (AVENUE DE L';;;;910
34540;201300038334;13;7;13;1020;1;2;1;1.0;6;64;PARIS (RUE DE);;;;910
34541;201300038335;13;9;5;1815;1;2;3;1.0;3;122;9, VIERGE (RUE DE LA);;;;910
34542;201300038336;13;9;6;1305;1;2;1;1.0;6;692;2, SAINTONGE(AVENUE DE);;;;910
34543;201300038338;13;9;9;1520;1;2;3;2.0;3;477;VIALA (BOULEVARD);;;;910
34544;201300038339;13;9;10;1025;1;2;1;1.0;6;312;DIVISION LECLERC (AVE;;;;910
34545;201300038340;13;9;26;755;1;2;9;1.0;3;471;TROCHE (RUE DE LA);;;;910
34546;201300038341;13;9;28;2110;5;2;7;8.0;7;312;RHIN ET DANUBE (PLACE;;;;910
34547;201300038342;13;9;30;2100;5;2;1;1.0;5;64;7, Léon MIGNOTTE (rue);;;;910
34548;201300038343;13;10;1;805;1;2;1;1.0;6;477;63, ALLIES (AVENUE DES);;;;910
34549;201300038344;13;10;1;1605;1;2;1;1.0;6;477;136BIS, PARIS (RUE DE);;;;910
34550;201300038345;13;10;10;110;4;1;1;2.0;6;692;RD 446;;;;910
34551;201300038346;13;10;12;1100;1;2;1;8.0;6;477;ALLIES (AVENUE DES);;;;910
34552;201300038347;13;10;12;1355;1;2;1;1.0;6;692;5, BOURGOGNE (AVENUE DE);;;;910
34553;201300038348;13;10;15;930;1;2;1;7.0;6;645;PARON (RUE DE);;;;910
34554;201300038349;13;10;18;1745;1;2;3;1.0;6;477;ALLIES (AVENUE DES);;;;910
34555;201300038350;13;10;24;1540;1;2;1;1.0;3;477;HUNIERE (CHEMIN DE LA;;;;910
34556;201300038351;13;10;29;1315;1;2;3;1.0;6;477;PARIS (RUE DE);;;;910
34557;201300038353;13;11;9;1230;1;2;1;2.0;6;645;MARECHAL FOCH (BOULEV;;;;910
34558;201300038354;13;11;11;2130;5;2;1;1.0;6;471;23, LOUIS SCOCARD (RUE);;;;910
34559;201300038355;13;11;29;845;1;2;1;1.0;2;692;25, ANJOU (AVENUE D');;;;910
34560;201300038356;13;12;3;1625;1;1;1;1.0;2;477;VAUVE (RUE DE LA);;;;910
34561;201300038357;13;12;11;1050;1;1;1;4.0;1;471;MONTHLERY (ROUTE DE);;;;910
34562;201300038358;13;12;23;1905;5;2;1;1.0;2;477;CD 128;;;;910
34563;201300038359;13;12;12;1310;1;2;1;1.0;2;692;SAINTONGE(AVENUE DE);;;;910
34564;201300038360;13;12;29;115;5;2;1;1.0;6;122;144, CHARTRES (ROUTE DE);;;;910
34565;201300038362;13;12;3;825;1;2;2;1.0;3;471;EPI D OR (AVENUE DE L;;;;910
34566;201300038363;13;10;4;1555;1;2;1;1.0;3;477;HUIT MAI 1945 (AVENUE;;;;910
34567;201300038364;13;1;3;2350;5;2;1;2.0;6;570;5, SAINTE GENEVIEVE (RUE;;;;910
34568;201300038365;13;1;8;2045;3;1;6;1.0;2;685;CHASSE (ROUTE);;;;910
34569;201300038366;13;2;6;1630;1;2;1;1.0;3;216;04, GRANDE RUE;;;;910
34570;201300038367;13;2;6;1815;5;2;2;1.0;3;549;134, REPUBLIQUE (AVENUE;;;;910
34571;201300038368;13;2;14;1130;1;2;1;3.0;6;570;MONTLHERY (RUE);;;;910
34572;201300038369;13;3;28;1555;1;2;1;1.0;2;549;LONGPONT (ROUTE DE);;;;910
34573;201300038370;13;4;6;110;5;2;1;1.0;6;549;CORBEIL (ROUTE DE);;;;910
34574;201300038371;13;4;11;1505;1;2;1;1.0;3;216;chemin des tourelles;;;;910
34575;201300038372;13;3;29;1640;1;2;1;1.0;6;549;9, REGIMENT NORMANDIE-NI;;;;910
34576;201300038373;13;4;20;1200;1;2;1;1.0;6;216;chemin des tourelles;;;;910
34577;201300038376;13;6;2;915;1;2;2;1.0;3;549;REGIMENT NORMANDIE-NIEME;;;;910
34578;201300038377;13;6;3;1020;1;2;2;1.0;3;216;2, PETIT VAUX (RUE);;;;910
34579;201300038378;13;6;25;1950;1;2;2;1.0;3;549;VICTOR BASCH (RUE);;;;910
34580;201300038379;13;6;27;825;1;2;1;1.0;6;570;01, LIERS (RUE);;;;910
34581;201300038380;13;7;2;2000;1;2;1;1.0;6;549;4, LIBERTE (AVENUE DE LA;;;;910
34582;201300038381;13;7;5;1810;1;2;1;1.0;6;216;CD 257;;;;910
34583;201300038382;13;8;16;1130;1;2;1;1.0;6;549;170, GABRIEL PERI (AVENU;;;;910
34584;201300038384;13;9;5;2010;5;2;2;1.0;3;549;VICTOR HUGO (AVENUE);;;;910
34585;201300038385;13;9;6;800;1;2;1;1.0;6;549;22, MARECHAL FOCH (RUE D;;;;910
34586;201300038386;13;9;27;1310;1;2;1;1.0;3;549;262, RD 117;;;;910
34587;201300038388;13;10;7;1950;5;2;1;1.0;1;549;1, ANNE FRANCK (RUE);;;;910
34588;201300038390;13;10;23;1545;1;2;1;1.0;6;570;18, SAINT SAENS (RUE);;;;910
34589;201300038392;13;11;22;1730;5;2;7;1.0;1;216;MONSEAUX (PLACE);;;;910
34590;201300038393;13;11;29;1645;2;2;1;2.0;6;549;JACQUES DUCLOS (AVENUE);;;;910
34591;201300038395;13;12;9;1700;5;2;2;1.0;6;549;EPERON (AVENUE DE L');;;;910
34592;201300038396;13;12;18;1825;5;2;1;1.0;2;216;RD 257;;;;910
34593;201300038397;13;12;20;1555;1;2;7;1.0;6;216;MONSEAUX (PLACE);;;;910
34594;201300038398;13;1;21;800;2;2;6;4.0;6;432;FONTAINE (PLACE GABRIEL);;;;910
34595;201300038399;13;12;17;800;2;2;2;1.0;6;432;BRIAND (AVENUE ARISTIDE);;;;910
34596;201300038400;13;1;1;500;4;2;1;2.0;6;589;CD 25;;;;910
34597;201300038401;13;1;16;1130;1;2;1;4.0;6;432;FANOST (AVENUE CHARLE;;;;910
34598;201300038403;13;2;14;1325;1;2;1;1.0;3;589;DAVOUT (PLACE);;;;910
34599;201300038404;13;2;16;2200;5;2;1;1.0;2;432;PERI (AVENUE GABRIEL);;;;910
34600;201300038405;13;2;1;750;5;2;1;9.0;6;589;VIRY (RUE DE);;;;910
34601;201300038406;13;1;5;2040;5;2;2;2.0;3;589;41, BRIAND (BOULEVARD AR;;;;910
34602;201300038407;13;1;12;110;5;2;1;8.0;1;589;CHAMBERLIN (RUE);;;;910
34603;201300038408;13;2;10;1611;1;2;1;2.0;6;432;33, ZOLA (RUE EMILE);;;;910
34604;201300038409;13;2;18;830;1;2;3;1.0;3;589;., CHRYSANTHEMES (AV DE;;;;910
34605;201300038410;13;2;18;715;5;2;3;1.0;6;589;16, BRIAND (BOULEVARD AR;;;;910
34606;201300038411;13;2;28;1710;2;2;1;1.0;6;589;MAIL (RUE DU);;;;910
34607;201300038413;13;3;8;1745;1;2;2;1.0;1;589;BELLES FONTAINES (AVE;;;;910
34608;201300038414;13;3;9;1440;1;2;2;1.0;3;432;COUR DE FRANCE (AVENU;;;;910
34609;201300038415;13;3;22;1820;2;2;2;1.0;3;589;118, BRIAND (BOULEVARD A;;;;910
34610;201300038416;13;3;27;1015;1;2;4;1.0;6;589;CARNOT (AVENUE);;;;910
34611;201300038417;13;4;3;2200;5;2;1;1.0;6;589;10, GAMBETTA (AVENUE);;;;910
34612;201300038419;13;3;30;1850;1;2;3;1.0;3;589;10, CAPUCINES (AV DES);;;;910
34613;201300038420;13;4;2;1100;1;2;1;1.0;6;589;5, GRAND VAL (RESIDENCE);;;;910
34614;201300038421;13;4;30;1759;1;2;3;1.0;3;432;44, JAURES (AVENUE JEAN);;;;910
34615;201300038423;13;5;5;1855;1;2;1;1.0;3;432;GENERAL WARABIOT (AVE;;;;910
34616;201300038424;13;7;2;2110;2;2;3;1.0;3;589;ALLEMANE (AV JEAN);;;;910
34617;201300038425;13;6;26;1930;1;2;1;1.0;6;432;DE GAULLE  (AVENUE CH;;;;910
34618;201300038426;13;7;9;1520;1;2;1;1.0;3;589;159, BRIAND (BOULEVARD A;;;;910
34619;201300038427;13;7;9;1600;1;2;1;1.0;3;589;CD 25;;;;910
34620;201300038428;13;7;12;1615;1;2;2;1.0;3;589;BRIAND (BLD ARISTIDE);;;;910
34621;201300038429;13;8;20;1000;1;2;1;1.0;2;589;BRIAND (BOULEVARD ARISTI;;;;910