;Num_Acc;an;mois;jour;hrmn;lum;agg;int;atm;col;com;adr;gps;lat;long;dep
34622;201300038431;13;9;5;828;1;2;2;1.0;2;589;223, BRIAND (BOULEVARD A;;;;910
34623;201300038432;13;9;11;1133;1;2;2;1.0;3;589;TILLEULS (AVENUE DES);;;;910
34624;201300038433;13;9;5;1545;1;2;3;1.0;3;589;HUGO (RUE VICTOR);;;;910
34625;201300038434;13;8;30;2105;2;2;1;1.0;7;589;10, ECOLES (AVENUE DES);;;;910
34626;201300038435;13;9;25;2050;5;2;1;1.0;6;589;DUNANT (RUE HENRI);;;;910
34627;201300038436;13;9;26;1455;1;2;1;1.0;2;589;RD 25;;;;910
34628;201300038437;13;9;12;2315;5;2;1;1.0;2;432;ferdinand de Lesseps (av;;;;910
34629;201300038438;13;9;13;2325;4;2;3;1.0;2;589;DUNANT (RUE HENRI);;;;910
34630;201300038439;13;9;11;2040;1;2;7;1.0;3;432;FONTAINE (PLACE GABRIEL);;;;910
34631;201300038440;13;9;22;1700;1;2;1;1.0;3;589;78, BRIAND (BOULEVARD AR;;;;910
34632;201300038442;13;10;14;810;2;2;3;1.0;6;589;BRIAND (BOULEVARD ARISTI;;;;910
34633;201300038443;13;10;10;1800;2;2;3;2.0;1;589;34, DE GAULLE (AVENUE CH;;;;910
34634;201300038444;13;12;16;1800;5;2;3;1.0;1;432;DE GAULLE  (AVENUE CH;;;;910
34635;201300038445;13;11;11;2150;5;2;2;1.0;3;589;REPUBLIQUE (AVENUE DE LA;;;;910
34636;201300038446;13;12;5;1600;1;2;2;1.0;1;589;BELGES (BOULEVARD DES;;;;910
34637;201300038447;13;12;19;1915;1;2;1;1.0;6;589;BRIAND (BOULEVARD ARISTI;;;;910
34638;201300038448;13;12;23;655;5;2;1;1.0;6;589;BRIAND (BOULEVARD ARISTI;;;;910
34639;201300038449;13;1;7;1835;5;2;9;1.0;6;2;259, ADOLPHE PAJEAUD (RU;;;;920
34640;201300038450;13;1;14;2035;5;2;2;2.0;3;14;GENERAL LECLERC (AV.) (1;;;;920
34641;201300038451;13;1;16;1840;5;2;3;8.0;6;2;FONTAINE MOUTON (AVENUE;;;;920
34642;201300038452;13;1;17;1823;5;2;3;1.0;6;2;ARMAND GUILLEBAUD (AVENU;;;;920
34643;201300038453;13;1;20;1010;1;2;2;4.0;6;2;FERNAND FENZY (AVENUE);;;;920
34644;201300038454;13;1;23;1240;1;2;2;1.0;6;14;HUIT MAI 1945 (RUE DU);;;;920
34645;201300038455;13;1;31;735;1;2;3;1.0;3;2;148, BOIS DE VERRIERES (;;;;920
34646;201300038456;13;2;21;800;2;2;6;1.0;7;2;GENERAL DE GAULLE (AVENU;;;;920
34647;201300038458;13;3;25;1600;1;2;1;7.0;6;14;36, CARNOT (BOULEVARD);;;;920
34648;201300038459;13;3;26;1220;1;2;1;1.0;6;2;17/19, DIVISION LECLERC;;;;920
34649;201300038461;13;3;27;1229;1;2;3;1.0;3;14;FONTENAY (RUE);;;;920
34650;201300038462;13;3;28;920;1;2;1;1.0;6;2;227, DIVISION LECLERC (5;;;;920
34651;201300038463;13;3;30;15;5;2;3;1.0;3;2;20, ADOLPHE PAJEAUD (RUE;;;;920
34652;201300038464;13;3;30;1230;1;2;1;1.0;3;2;60/62, VELPEAU (RUE);;;;920
34653;201300038465;13;4;3;1125;1;2;3;1.0;6;2;BOURGNEUF (RUE);;;;920
34654;201300038466;13;4;6;1250;1;2;3;1.0;3;14;17, MONTROUGE (AVENUE DE;;;;920
34655;201300038467;13;4;25;840;1;2;1;1.0;6;2;GENERAL DE GAULLE (AVENU;;;;920
34656;201300038468;13;4;30;1955;1;2;1;2.0;6;2;MAURICE LABROUSSE (RUE);;;;920
34657;201300038469;13;5;11;900;1;2;2;1.0;6;14;BIEVRE (RUE DE LA);;;;920
34658;201300038470;13;5;21;445;5;2;2;1.0;3;14;19, GENERAL LECLERC (AV.;;;;920
34659;201300038471;13;5;24;2350;5;2;1;1.0;7;2;GENERAL DE GAULLE (AVENU;;;;920
34660;201300038472;13;5;27;1800;1;2;5;1.0;6;14;66, GALOIS (AVENUE);;;;920
34661;201300038473;13;5;29;1350;1;2;3;1.0;3;2;LEON JOUHAUX (AVENUE);;;;920
34662;201300038474;13;6;1;1000;1;2;1;1.0;6;14;116, MARECHAL JOFFRE (BD;;;;920
34663;201300038475;13;6;3;1415;1;2;2;1.0;3;2;., DIVISION LECLERC (31;;;;920
34664;201300038476;13;7;8;1730;1;2;3;1.0;3;2;ARISTIDE BRIAND (AVENUE);;;;920
34665;201300038478;13;7;23;415;5;2;2;1.0;6;2;55, ARISTIDE BRIAND (AVE;;;;920
34666;201300038479;13;7;24;735;1;2;2;1.0;3;2;70 bis, DIVISION LECLERC;;;;920
34667;201300038482;13;9;4;930;1;2;3;1.0;3;2;DOCTEUR TENINE (AVENUE D;;;;920
34668;201300038483;13;9;4;1400;1;2;1;1.0;3;14;2, MONTROUGE (AVENUE DE);;;;920
34669;201300038484;13;9;23;1500;1;2;1;1.0;6;2;53, LEON BLUM (AVENUE);;;;920
34670;201300038485;13;9;24;830;1;2;1;1.0;2;2;ADOLPHE PAJEAUD (RUE);;;;920
34671;201300038486;13;10;31;2100;5;2;1;1.0;6;14;MARECHAL JOFFRE (BD DU);;;;920
34672;201300038487;13;11;7;835;1;2;1;2.0;6;2;DIVISION LECLERC (53 A 2;;;;920
34673;201300038488;13;12;18;1050;1;2;1;1.0;6;14;62, GENERAL LECLERC (AV.;;;;920
34674;201300038489;13;12;27;2100;5;2;3;2.0;6;2;134, ARISTIDE BRIAND (AV;;;;920
34675;201300038490;13;1;8;920;1;2;2;1.0;2;9;NS, BOIS COLOMBES ( RUE;;;;920
34676;201300038491;13;1;13;2215;5;2;2;1.0;3;9;NS, ESTIENNE D'ORVES ( R;;;;920
34677;201300038492;13;1;17;1930;5;2;2;1.0;3;4;280, ARGENTEUIL N? 176 A;;;;920
34678;201300038493;13;1;19;425;5;2;2;4.0;3;4;NS, AULAGNIER ( QUAI );;;;920
34679;201300038494;13;1;19;1900;5;2;1;4.0;6;4;21, REDOUTE ( AVENUE DE;;;;920
34680;201300038495;13;1;21;1720;2;2;1;4.0;4;4;51, MARNE   ( AVENUE DE;;;;920
34681;201300038497;13;1;29;2035;5;2;1;1.0;6;9;56, RASPAIL ( AVENUE );;;;920
34682;201300038498;13;2;1;810;2;2;1;2.0;7;4;01, REDOUTE ( AVENUE DE;;;;920
34683;201300038499;13;2;1;1715;1;2;2;1.0;6;4;224, ARGENTEUIL N? 176 A;;;;920
34684;201300038500;13;2;4;1215;1;2;2;1.0;4;4;NS, PONT D'ASNIERES;;;;920
34685;201300038502;13;2;6;1820;1;2;1;1.0;3;4;2, BERNARD PALISSY ( RUE;;;;920
34686;201300038503;13;2;12;1320;1;2;1;1.0;7;4;368, ARGENTEUIL N? 176 A;;;;920
34687;201300038504;13;2;13;800;1;2;2;1.0;3;4;70, GRESILLONS ( AVENUE;;;;920
34688;201300038505;13;2;20;840;1;2;2;1.0;3;4;NS, BRETAGNE ( RUE DE );;;;920
34689;201300038506;13;2;20;1140;1;2;2;1.0;3;4;58, VOLTAIRE ( BD );;;;920
34690;201300038507;13;2;20;1600;1;2;2;1.0;3;4;NS, DIX HUIT JUIN 40 ( R;;;;920
34691;201300038509;13;2;27;1010;1;2;1;2.0;3;4;FACE 19, COLOMBES (RUE D;;;;920
34692;201300038510;13;2;28;1640;1;2;3;1.0;7;4;56, NANTERRE ( DE 46 A );;;;920
34693;201300038511;13;3;1;2230;5;2;3;1.0;7;9;ns, VICTOR HUGO ( RUE );;;;920
34694;201300038512;13;3;9;945;1;2;1;1.0;3;4;48, ARGENTEUIL AV D';;;;920
34695;201300038513;13;3;11;1915;5;1;7;4.0;7;4;1, JEAN JACQUES ROUSSEAU;;;;920
34696;201300038514;13;3;14;800;1;2;1;1.0;7;4;NS, REDOUTE ( AVENUE DE;;;;920
34697;201300038515;13;3;20;20;5;2;3;2.0;7;9;NS, ESTIENNE D'ORVES ( R;;;;920
34698;201300038517;13;3;21;1345;1;2;3;1.0;5;4;2, AULAGNIER ( QUAI );;;;920
34699;201300038518;13;4;1;700;1;2;2;1.0;3;4;NS, PONT DE CLICHY;;;;920
34700;201300038520;13;4;5;905;1;2;2;1.0;3;4;NS, ARGENTEUIL N? 176 A;;;;920
34701;201300038521;13;4;9;1605;1;2;1;2.0;7;4;NS, DOCTEUR DERVAUX  ( Q;;;;920
34702;201300038522;13;4;12;2030;2;2;1;1.0;7;9;315, ARGENTEUIL ( AVENUE;;;;920
34703;201300038523;13;4;13;45;5;2;1;1.0;2;4;65, DOCTEUR DERVAUX  ( Q;;;;920
34704;201300038525;13;4;18;1845;1;2;1;1.0;2;4;NS, DOCTEUR DERVAUX  ( Q;;;;920
34705;201300038526;13;4;19;820;1;2;2;1.0;3;4;NS, PIERRE BROSSOLETTE;;;;920
34706;201300038527;13;4;19;1050;1;2;2;1.0;6;4;NS, VOLTAIRE ( BD );;;;920
34707;201300038528;13;4;25;835;1;2;1;1.0;6;4;NS, JULES DURAND ( AVENU;;;;920
34708;201300038529;13;4;25;1400;1;2;1;1.0;6;4;34, BOURGUIGNONS (RUE 2;;;;920
34709;201300038530;13;4;26;1625;1;2;2;1.0;6;4;NS, GRESILLONS ( AVENUE;;;;920
34710;201300038531;13;5;5;1700;1;1;2;1.0;3;9;123, BOURGUIGNONS ( RUE;;;;920
34711;201300038532;13;5;13;1630;1;2;1;1.0;6;4;60, COMETE  ( RUE DE LA;;;;920
34712;201300038533;13;5;19;2105;5;2;2;3.0;3;4;NS, BOURGUIGNONS ( RUE D;;;;920
34713;201300038534;13;5;20;1430;1;2;2;2.0;3;4;NS, AULAGNIER ( QUAI );;;;920
34714;201300038535;13;5;21;1000;1;2;1;2.0;6;4;25, REDOUTE ( AVENUE DE;;;;920
34715;201300038536;13;5;21;1215;1;2;1;2.0;7;4;93, ARGENTEUIL AV D';;;;920
34716;201300038537;13;5;21;1810;1;2;1;1.0;6;4;162, MENIL;;;;920
34717;201300038538;13;5;22;1715;1;2;1;1.0;2;4;61, DOCTEUR DERVAUX  ( Q;;;;920
34718;201300038539;13;5;23;1145;1;2;1;1.0;6;4;99, ARGENTEUIL AV D';;;;920
34719;201300038540;13;5;25;1220;1;2;1;1.0;2;4;186, AULAGNIER ( QUAI );;;;920
34720;201300038541;13;5;30;910;1;2;1;2.0;6;4;NS, REDOUTE ( AVENUE DE;;;;920
34721;201300038542;13;6;4;1550;1;2;2;1.0;3;4;104, ARGENTEUIL AV D';;;;920
34722;201300038543;13;6;6;815;1;2;1;1.0;1;9;30, BOURGUIGNONS ( RUE 0;;;;920
34723;201300038544;13;6;8;2325;5;2;1;1.0;6;4;70, GRESILLONS ( AVENUE;;;;920
34724;201300038546;13;6;13;1245;1;2;1;2.0;3;4;96, BOURGUIGNONS (RUE 2;;;;920
34725;201300038548;13;6;14;1835;1;2;2;1.0;3;4;NS, VOLTAIRE ( BD );;;;920
34726;201300038549;13;5;31;1910;1;2;1;1.0;6;4;62, VOLTAIRE ( BD );;;;920
34727;201300038550;13;6;20;810;1;2;1;2.0;1;4;37 bis, MARNE   ( AVENUE;;;;920
34728;201300038551;13;6;21;2120;1;2;1;1.0;3;4;65, MARNE   ( AVENUE DE;;;;920
34729;201300038552;13;6;22;1130;1;2;1;1.0;6;4;22, HENRI POINCARE;;;;920
34730;201300038553;13;6;27;2000;1;2;2;1.0;3;4;216, ARGENTEUIL N? 176 A;;;;920
34731;201300038554;13;7;2;1225;1;2;2;1.0;3;4;ns, ARGENTEUIL AV D';;;;920
34732;201300038555;13;7;2;1300;1;2;1;1.0;3;4;186, AULAGNIER ( QUAI );;;;920
34733;201300038556;13;7;2;1330;1;2;1;1.0;6;4;270, GRESILLONS ( AVENUE;;;;920
34734;201300038557;13;7;9;1005;1;2;1;1.0;1;4;NS, ROBERT DUPONT;;;;920
34735;201300038558;13;7;10;840;1;2;1;1.0;6;4;67, ARGENTEUIL AV D';;;;920
34736;201300038560;13;7;13;1355;1;2;1;1.0;3;4;ns, ROBERT DUPONT;;;;920
34737;201300038562;13;7;18;1950;1;2;1;1.0;3;4;40, ARGENTEUIL AV D';;;;920
34738;201300038563;13;7;23;1730;1;2;1;1.0;2;4;NS, DOCTEUR DERVAUX  ( Q;;;;920
34739;201300038564;13;7;25;830;1;2;1;1.0;3;4;NS, INTERCOMMUNAL (B);;;;920
34740;201300038565;13;7;29;1145;1;2;1;1.0;6;4;145, BOURGUIGNONS ( RUE;;;;920
34741;201300038566;13;8;7;1055;1;2;2;3.0;3;4;NS, ROBERT DUPONT;;;;920
34742;201300038568;13;8;10;300;5;2;1;1.0;6;4;57, REDOUTE ( AVENUE DE;;;;920
34743;201300038569;13;8;13;40;5;2;1;1.0;6;4;NS, PIERRE DE COUBERTIN;;;;920
34744;201300038570;13;8;17;1515;1;2;3;1.0;3;36;FACE 116, AVENUE DES GRE;;;;920
34745;201300038572;13;8;26;705;1;2;1;1.0;7;9;91 BIS, BOURGUIGNONS ( R;;;;920
34746;201300038573;13;8;29;1630;1;2;1;1.0;2;4;126, ARGENTEUIL AV D';;;;920
34747;201300038574;13;8;28;1130;1;2;1;1.0;2;9;297, ARGENTEUIL ( AVENUE;;;;920
34748;201300038575;13;9;4;950;1;2;1;1.0;5;4;63, DOCTEUR DERVAUX  ( Q;;;;920
34749;201300038576;13;9;10;1320;1;2;1;1.0;2;9;15, ESTIENNE D'ORVES ( R;;;;920
34750;201300038577;13;9;12;2345;3;2;2;1.0;7;9;104, CHARLES-DE-GAULLE (;;;;920
34751;201300038578;13;9;13;25;5;2;1;1.0;3;4;ns, BAS ( RUE DES );;;;920
34752;201300038579;13;9;15;1620;1;2;2;1.0;3;4;NS, MARNE   ( AVENUE DE;;;;920
34753;201300038580;13;9;20;2255;5;2;3;1.0;3;4;NS, COLOMBES ( RUE DE 31;;;;920
34754;201300038581;13;9;21;1500;1;2;1;1.0;3;4;22, ARGENTEUIL AV D';;;;920
34755;201300038582;13;9;22;745;1;2;1;1.0;6;4;NS, GRESILLONS ( AVENUE;;;;920
34756;201300038583;13;9;22;1820;1;1;1;1.0;6;4;17, REDOUTE ( AVENUE DE;;;;920
34757;201300038584;13;9;20;1320;1;2;1;1.0;6;4;41, ROBERT DUPONT;;;;920
34758;201300038585;13;9;24;543;3;2;1;1.0;7;4;56, FLACHAT (AVENUE);;;;920
34759;201300038586;13;9;24;2035;5;2;9;1.0;3;4;NS, PIERRE DE COUBERTIN;;;;920
34760;201300038587;13;9;26;930;1;2;1;1.0;4;4;NS, DOCTEUR DERVAUX  ( Q;;;;920
34761;201300038588;13;9;30;800;1;2;2;1.0;6;9;361, ARGENTEUIL ( AVENUE;;;;920
34762;201300038589;13;10;1;855;1;2;1;1.0;6;4;NS, GRANDE RUE CHARLES D;;;;920
34763;201300038590;13;10;3;1550;1;2;2;1.0;3;4;NS, PONT DE CLICHY;;;;920
34764;201300038592;13;10;5;1110;1;2;3;1.0;2;4;NS, AULAGNIER ( QUAI );;;;920
34765;201300038594;13;10;7;1645;1;2;3;1.0;6;4;NS, MARNE   ( AVENUE DE;;;;920
34766;201300038595;13;10;8;1755;1;2;1;1.0;6;4;22, REPUBLIQUE ( PLACE D;;;;920
34767;201300038596;13;10;17;1105;1;2;1;1.0;3;4;24, COLOMBES (RUE DE 1 A;;;;920
34768;201300038597;13;10;17;1755;2;2;1;1.0;6;4;NS, HOTEL DE VILLE   ( P;;;;920
34769;201300038598;13;10;21;1100;1;2;1;1.0;6;4;2, COMETE  ( RUE DE LA );;;;920
34770;201300038599;13;10;25;2100;5;2;2;2.0;7;4;124, ARGENTEUIL AV D';;;;920
34771;201300038600;13;10;26;1510;1;2;3;1.0;6;4;42, PIERRE BROSSOLETTE;;;;920
34772;201300038601;13;10;28;1420;1;2;1;1.0;7;4;12, LA LAUZIERE (VILLA);;;;920
34773;201300038602;13;10;30;900;1;2;1;1.0;2;9;FACE 182, ARGENTEUIL ( A;;;;920
34774;201300038603;13;11;1;1235;1;2;2;2.0;7;4;NS, GRESILLONS ( AVENUE;;;;920
34775;201300038604;13;11;2;108;5;2;1;2.0;6;4;ns, BRETAGNE ( RUE DE );;;;920
34776;201300038605;13;11;2;2230;5;2;1;1.0;2;4;NS, AULAGNIER ( QUAI );;;;920
34777;201300038606;13;11;4;1345;1;2;1;2.0;7;4;34, PAUL BERT;;;;920
34778;201300038607;13;11;5;2100;3;2;1;1.0;6;4;NS, INTERCOMMUNAL (B);;;;920
34779;201300038608;13;11;6;930;1;2;1;1.0;6;4;225, AULAGNIER ( QUAI );;;;920
34780;201300038609;13;11;10;1335;1;2;2;1.0;3;9;345, ARGENTEUIL ( AVENUE;;;;920
34781;201300038610;13;11;14;2200;5;2;1;2.0;3;4;144, VOLTAIRE ( BD );;;;920
34782;201300038611;13;11;13;1025;1;2;1;1.0;6;4;354, ARGENTEUIL AV D';;;;920
34783;201300038612;13;11;13;1240;1;2;3;1.0;3;9;NS, EUROPE (AVENUE);;;;920
34784;201300038613;13;11;14;800;1;2;2;2.0;3;4;NS, VOLTAIRE ( BD );;;;920
34785;201300038614;13;11;17;1540;1;2;1;1.0;2;4;NS, DIX HUIT JUIN 40 ( R;;;;920
34786;201300038615;13;11;21;815;1;2;1;2.0;3;4;NS, DOCTEUR DERVAUX  ( Q;;;;920
34787;201300038616;13;11;21;1340;1;2;1;1.0;6;4;79, MOURINOUX ( RUE DES;;;;920
34788;201300038617;13;11;21;1615;1;2;2;2.0;6;4;128, ARGENTEUIL AV D';;;;920
34789;201300038618;13;11;8;1730;1;2;1;1.0;6;9;131, PIERRE JOIGNEAU ( R;;;;920
34790;201300038619;13;12;4;1340;1;2;1;1.0;6;4;01, AUGUSTE MAYET;;;;920
34791;201300038620;13;12;3;1910;5;2;1;2.0;2;4;66, ARGENTEUIL AV D';;;;920
34792;201300038622;13;12;10;745;5;2;3;1.0;3;9;NS, CHEVREUL ( AVENUE );;;;920
34793;201300038623;13;12;10;930;1;2;1;1.0;6;4;08, RETROU ( RUE );;;;920
34794;201300038624;13;12;13;813;1;2;1;1.0;6;4;14, ALMA DE L';;;;920
34795;201300038625;13;12;13;820;1;2;1;1.0;3;9;167, VICTOR HUGO ( RUE );;;;920
34796;201300038626;13;12;14;1840;5;2;2;1.0;3;9;NS, CHARLES-DE-GAULLE (;;;;920
34797;201300038627;13;12;15;1155;1;2;1;1.0;6;9;345, ARGENTEUIL ( AVENUE;;;;920
34798;201300038628;13;12;15;2130;5;2;1;1.0;7;4;62, ARGENTEUIL AV D';;;;920
34799;201300038629;13;12;17;1308;1;2;1;1.0;3;4;30, BRETAGNE ( RUE DE );;;;920
34800;201300038630;13;12;19;2210;5;2;2;1.0;3;4;NS, DOCTEUR DERVAUX  ( Q;;;;920
34801;201300038631;13;12;30;2345;5;2;2;1.0;3;4;NS, INTERCOMMUNAL (B);;;;920
34802;201300038632;13;1;7;1350;1;2;1;1.0;6;7;144, RAVERA (AVENUE HENR;;;;920
34803;201300038633;13;1;24;1205;1;2;3;1.0;3;7;FONTENAY (RUE DE);;;;920
34804;201300038634;13;2;6;735;5;2;1;3.0;3;7;53, RAVERA (AVENUE HENRI;;;;920
34805;201300038637;13;2;27;1920;5;2;1;2.0;6;7;67bis, PETIT (AVENUE ALB;;;;920
34806;201300038638;13;3;8;1225;1;2;3;2.0;3;7;RAVERA (AVENUE HENRI) N?;;;;920
34807;201300038639;13;3;18;840;1;2;2;1.0;7;7;300, BRIAND (AVENUE ARIS;;;;920
34808;201300038640;13;4;9;1330;1;2;1;3.0;3;7;45, DORMOY (AVENUE MARX);;;;920
34809;201300038641;13;4;12;1630;1;2;2;2.0;3;7;BRIAND (AVENUE ARISTIDE);;;;920
34810;201300038642;13;4;24;1740;1;2;3;1.0;6;7;BARBUSSE (AVENUE HENRI);;;;920
34811;201300038644;13;5;14;1530;1;2;6;1.0;6;7;MARTYRS DE CHATEAUBRIANT;;;;920
34812;201300038645;13;5;15;530;5;2;2;2.0;6;7;JAURES (AVENUE JEAN) N?;;;;920
34813;201300038646;13;5;17;1410;1;2;3;1.0;3;7;PETIT (AVENUE ALBERT) N?;;;;920
34814;201300038647;13;5;24;755;1;2;1;1.0;2;7;25, FORTIN (AVENUE JEAN-;;;;920
34815;201300038648;13;5;27;1400;1;2;1;1.0;2;7;33, BARBUSSE (AVENUE HEN;;;;920
34816;201300038649;13;6;10;835;1;2;2;1.0;3;7;VAILLANT-COUTURIER (AVEN;;;;920
34817;201300038650;13;6;14;1715;1;2;1;1.0;4;7;13, PERI (AVENUE GABRIEL;;;;920
34818;201300038651;13;6;14;1730;1;2;2;1.0;3;7;BRIAND (AVENUE ARISTIDE);;;;920
34819;201300038652;13;6;18;615;1;2;2;1.0;3;7;PETIT (AVENUE ALBERT) N?;;;;920
34820;201300038653;13;6;22;1530;1;2;6;1.0;6;7;PORT GALAND (RUE DU);;;;920
34821;201300038654;13;7;10;1535;1;2;3;1.0;6;7;55, PLUCHET (RUE ALPHONS;;;;920
34822;201300038655;13;7;10;2320;5;2;2;1.0;3;7;PETIT (AVENUE ALBERT) N?;;;;920
34823;201300038657;13;7;12;2110;1;2;1;1.0;3;7;57, BARBUSSE (AVENUE HEN;;;;920
34824;201300038658;13;7;17;1745;1;2;3;1.0;3;7;BRIAND (AVENUE ARISTIDE);;;;920
34825;201300038660;13;8;29;1810;1;2;4;1.0;2;7;RAVERA (AVENUE HENRI) N?;;;;920
34826;201300038661;13;9;3;1020;1;2;2;1.0;3;7;DORMOY (AVENUE MARX);;;;920
34827;201300038662;13;9;7;1600;1;2;1;1.0;3;7;BARBUSSE (AVENUE HENRI);;;;920
34828;201300038663;13;9;11;1800;1;2;3;1.0;3;7;PETIT (AVENUE ALBERT) N?;;;;920
34829;201300038664;13;9;30;1200;1;2;2;1.0;3;7;FORTIN (AVENUE JEAN-BAPT;;;;920
34830;201300038665;13;10;8;835;1;2;2;1.0;3;7;BRIAND (AVENUE ARISTIDE);;;;920
34831;201300038666;13;10;18;1515;1;2;1;1.0;3;7;123, RAVERA (AVENUE HENR;;;;920
34832;201300038667;13;10;18;1700;1;2;3;1.0;2;7;BRIAND (AVENUE ARISTIDE);;;;920
34833;201300038669;13;10;24;1415;1;2;1;1.0;2;7;PASTEUR (AVENUE LOUIS) N;;;;920
34834;201300038670;13;10;30;1645;1;2;1;1.0;7;7;BRIAND (AVENUE ARISTIDE);;;;920
34835;201300038671;13;10;31;1145;1;2;3;1.0;3;7;RAVERA (AVENUE HENRI) N?;;;;920
34836;201300038672;13;11;5;1145;1;2;2;2.0;3;7;BLANCHARD (RUE);;;;920
34837;201300038673;13;11;8;1315;1;2;3;2.0;1;7;FROIDE (RUE);;;;920
34838;201300038674;13;11;20;840;1;2;3;1.0;7;7;DE GAULLE (AVENUE CHARLE;;;;920
34839;201300038675;13;11;25;1715;1;2;1;1.0;6;7;5, ALLENDE (RUE SALVATOR;;;;920
34840;201300038676;13;12;7;1115;1;2;2;2.0;6;7;VAILLANT-COUTURIER (AVEN;;;;920
34841;201300038677;13;12;9;1035;1;2;2;1.0;3;7;BRIAND (AVENUE ARISTIDE);;;;920
34842;201300038678;13;12;9;1325;1;2;2;1.0;6;7;86, ABBE-GREGOIRE (ALLEE;;;;920
34843;201300038679;13;12;12;1815;2;2;1;1.0;6;7;PASTEUR (AVENUE LOUIS) N;;;;920
34844;201300038680;13;12;16;1735;2;2;1;1.0;6;7;212, BRIAND (AVENUE ARIS;;;;920
34845;201300038681;13;12;17;1315;1;2;2;1.0;6;7;162, BRIAND (AVENUE ARIS;;;;920
34846;201300038682;13;12;18;1430;1;2;2;1.0;6;7;ALLENDE (RUE SALVATOR);;;;920
34847;201300038683;13;1;8;810;5;2;1;1.0;6;12;22, ANDRE MORIZET (AVENU;;;;920
34848;201300038684;13;1;9;1640;2;2;1;2.0;6;12;69, GENERAL LECLERC (AVE;;;;920
34849;201300038685;13;1;15;1150;1;2;1;2.0;6;12;83, GALLIENI (RUE) 55/15;;;;920
34850;201300038686;13;1;16;740;2;2;1;4.0;7;12;POINT DU JOUR (QUAI DU);;;;920
34851;201300038687;13;1;26;2030;5;2;1;1.0;6;12;240, JEAN JAURES (BOULEV;;;;920
34852;201300038688;13;1;27;1845;5;2;1;2.0;3;12;138, REINE (ROUTE DE LA);;;;920
34853;201300038689;13;1;30;1340;1;2;1;2.0;7;12;8, ANDRE MORIZET (AVENUE;;;;920
34854;201300038690;13;2;3;1200;1;2;4;1.0;3;12;12BIS, REINE (ROUTE DE L;;;;920
34855;201300038693;13;2;7;625;5;2;1;1.0;6;12;3, ANDRE MORIZET (AVENUE;;;;920
34856;201300038694;13;2;9;1815;5;2;1;1.0;3;12;83, EDOUARD VAILLANT (AV;;;;920
34857;201300038695;13;2;10;2210;5;2;3;2.0;3;12;BILLANCOURT (RUE DE) 106;;;;920
34858;201300038696;13;2;11;1530;1;2;1;1.0;3;12;108, EDOUARD VAILLANT (A;;;;920
34859;201300038698;13;2;12;1830;4;2;1;1.0;3;12;ALPHONSE LE GALLO (QUAI);;;;920
34860;201300038699;13;2;14;730;2;2;1;2.0;2;12;33, EDOUARD VAILLANT (AV;;;;920
34861;201300038701;13;2;16;1730;1;2;2;1.0;3;12;JEAN BAPTISTE CLEMENT (A;;;;920
34862;201300038702;13;2;16;2345;5;2;2;1.0;7;12;ANDRE MORIZET (AVENUE) -;;;;920
34863;201300038703;13;2;17;2346;5;2;6;1.0;3;12;JEAN JAURES (BOULEVARD);;;;920
34864;201300038704;13;2;19;1015;1;2;1;1.0;3;12;71, EDOUARD VAILLANT (AV;;;;920
34865;201300038705;13;2;27;1130;1;2;2;1.0;7;12;JEAN JAURES (BOULEVARD);;;;920
34866;201300038706;13;2;27;1807;2;2;7;1.0;6;12;JULES GUESDE/NATIONALE (;;;;920
34867;201300038707;13;2;27;2055;5;2;1;2.0;7;12;68, REPUBLIQUE (BOULEVAR;;;;920
34868;201300038709;13;3;1;900;1;2;1;1.0;3;12;72BIS, DOME (RUE DU);;;;920
34869;201300038710;13;3;1;1430;1;2;3;1.0;6;12;FOSSES SAINT DENIS (RUE;;;;920
34870;201300038711;13;3;4;1520;1;2;1;1.0;3;12;27, QUATRE SEPTEMBRE (QU;;;;920
34871;201300038712;13;3;6;1900;5;2;2;2.0;3;12;GALLIENI (RUE) 55/157 -;;;;920
34872;201300038713;13;3;7;1450;1;2;1;1.0;6;12;36, EDOUARD VAILLANT (AV;;;;920
34873;201300038714;13;3;12;1535;1;2;1;4.0;6;12;35, GENERAL LECLERC (AVE;;;;920
34874;201300038715;13;3;14;1815;1;2;1;1.0;3;12;71, JEAN BAPTISTE CLEMEN;;;;920
34875;201300038716;13;3;17;1415;1;2;1;8.0;4;12;54Bis, EDOUARD VAILLANT;;;;920
34876;201300038717;13;3;21;2240;5;2;6;2.0;3;12;PONT DE BILLANCOURT (PLA;;;;920
34877;201300038718;13;3;22;1415;1;2;1;1.0;3;12;18, POINT DU JOUR (QUAI;;;;920
34878;201300038719;13;3;26;800;1;2;1;1.0;6;12;3, LIOT (RUE);;;;920
34879;201300038720;13;3;28;1605;1;2;1;8.0;2;12;14, CLAMART (RUE DE);;;;920
34880;201300038721;13;4;1;1035;1;2;1;1.0;6;12;21, ESNAULT PELTERIE (RU;;;;920
34881;201300038722;13;4;8;1530;1;2;1;1.0;6;12;130, SILLY (RUE DE) 89/F;;;;920
34882;201300038724;13;4;11;945;1;2;1;1.0;4;12;86, REINE (ROUTE DE LA);;;;920
34883;201300038725;13;4;11;1235;1;2;2;1.0;6;12;PIERRE GRENIER (AVENUE);;;;920
34884;201300038726;13;4;12;725;1;2;2;1.0;3;12;JEAN JAURES (BOULEVARD);;;;920
34885;201300038727;13;4;13;2020;5;2;1;2.0;6;12;80, JEAN BAPTISTE CLEMEN;;;;920
34886;201300038728;13;4;14;1755;1;2;1;1.0;6;12;220, JEAN JAURES (BOULEV;;;;920
34887;201300038730;13;4;10;1510;1;2;1;2.0;3;12;103, ANDRE MORIZET (AVEN;;;;920
34888;201300038731;13;4;17;1205;1;2;2;1.0;6;12;DANJOU (RUE) 17/FIN - 20;;;;920
34889;201300038732;13;4;18;1003;1;2;2;1.0;6;12;CHARLES DE GAULLE (AVENU;;;;920
34890;201300038733;13;4;18;1410;1;2;2;1.0;3;12;ANDRE MORIZET (AVENUE) -;;;;920
34891;201300038734;13;4;19;1040;1;2;1;1.0;3;12;6, JEAN BAPTISTE CLEMENT;;;;920
34892;201300038735;13;4;19;1650;1;2;1;2.0;4;12;34, ALPHONSE LE GALLO (Q;;;;920