;Num_Acc;an;mois;jour;hrmn;lum;agg;int;atm;col;com;adr;gps;lat;long;dep
34893;201300038736;13;4;26;1130;1;2;2;1.0;6;12;AGUESSEAU (RUE D') 1/89;;;;920
34894;201300038737;13;4;26;1010;1;2;2;1.0;3;12;EDOUARD VAILLANT (AVENUE;;;;920
34895;201300038738;13;4;29;2016;1;2;1;1.0;2;12;11, VICTOR GRIFFUELHES (;;;;920
34896;201300038739;13;4;29;1845;1;2;1;1.0;6;12;217, JEAN JAURES (BOULEV;;;;920
34897;201300038740;13;5;5;1420;1;2;2;1.0;3;12;REPUBLIQUE (BOULEVARD DE;;;;920
34898;201300038741;13;5;5;2100;2;2;2;1.0;3;12;DARCEL (RUE);;;;920
34899;201300038742;13;5;8;2125;5;2;1;1.0;3;12;34, ALPHONSE LE GALLO (Q;;;;920
34900;201300038743;13;5;10;1508;1;2;1;1.0;7;12;21, ALPHONSE LE GALLO (Q;;;;920
34901;201300038744;13;5;13;1725;1;2;1;1.0;6;12;45, EDOUARD VAILLANT (AV;;;;920
34902;201300038745;13;5;16;30;5;2;1;1.0;7;12;44, TOURELLE (RUE DE LA);;;;920
34903;201300038746;13;5;19;2210;5;2;1;2.0;6;12;93, EDOUARD VAILLANT (AV;;;;920
34904;201300038747;13;5;20;1145;1;2;1;3.0;7;12;22, GENERAL LECLERC (AVE;;;;920
34905;201300038748;13;5;20;1920;1;2;1;2.0;3;12;145, JEAN JAURES (BOULEV;;;;920
34906;201300038749;13;5;21;935;1;2;1;2.0;6;12;60, GENERAL LECLERC (AVE;;;;920
34907;201300038750;13;5;21;950;1;2;1;3.0;2;12;PONT DE SEVRES (ROND POI;;;;920
34908;201300038751;13;5;23;2000;2;2;1;1.0;2;12;ALPHONSE LE GALLO (QUAI);;;;920
34909;201300038752;13;5;24;1645;1;2;1;2.0;2;12;49, GEORGES GORSE (QUAI);;;;920
34910;201300038753;13;5;25;1550;1;2;1;1.0;3;12;860, GEORGES GORSE (QUAI;;;;920
34911;201300038754;13;5;26;1705;1;2;1;1.0;3;12;46, POINT DU JOUR (QUAI;;;;920
34912;201300038755;13;5;27;1310;1;2;1;1.0;6;12;17, SAINT DENIS (RUE);;;;920
34913;201300038757;13;5;31;900;1;2;3;1.0;3;12;GENERAL LECLERC (AVENUE;;;;920
34914;201300038758;13;5;31;1715;1;2;1;1.0;6;12;32, CHATEAU (RUE DU) 1/1;;;;920
34915;201300038759;13;6;1;500;2;2;1;1.0;7;12;116, CHATEAU (RUE DU) 1/;;;;920
34916;201300038760;13;6;1;810;1;2;3;1.0;5;12;STALINGRAD (QUAI DE) 28/;;;;920
34917;201300038761;13;6;2;1520;1;2;1;1.0;6;12;PORT (RUE DU);;;;920
34918;201300038762;13;5;30;1300;1;2;3;3.0;3;12;MAILLASSON (ALLEE);;;;920
34919;201300038763;13;5;30;1710;1;2;2;1.0;6;12;ANATOLE FRANCE (BOULEVAR;;;;920
34920;201300038764;13;6;3;1025;1;2;1;1.0;3;12;20, ROBERT SCHUMAN (AVEN;;;;920
34921;201300038765;13;6;4;1900;1;2;1;1.0;2;12;PONT DE SEVRES (SQUARE D;;;;920
34922;201300038766;13;6;5;1125;1;2;2;1.0;6;12;TILLEULS (RUE DES) 69BIS;;;;920
34923;201300038767;13;6;6;15;5;2;1;1.0;3;12;32, REINE (ROUTE DE LA);;;;920
34924;201300038768;13;6;7;1157;1;2;6;1.0;3;12;PONT DE BILLANCOURT (PLA;;;;920
34925;201300038769;13;6;7;840;1;2;2;1.0;6;12;SILLY (RUE DE) 89/FIN -;;;;920
34926;201300038770;13;6;7;1615;1;2;1;7.0;2;12;44, EDOUARD VAILLANT (AV;;;;920
34927;201300038771;13;6;8;1745;1;2;6;1.0;3;12;RHIN ET DANUBE (ROND POI;;;;920
34928;201300038772;13;6;10;1440;1;2;3;1.0;6;12;GENERAL LECLERC (AVENUE;;;;920
34929;201300038773;13;6;11;925;1;2;1;1.0;5;12;70, JEAN BAPTISTE CLEMEN;;;;920
34930;201300038774;13;6;13;1250;1;2;1;2.0;3;12;ANATOLE FRANCE (BOULEVAR;;;;920
34931;201300038775;13;6;14;1410;1;2;2;1.0;3;12;JEAN JAURES (BOULEVARD);;;;920
34932;201300038776;13;6;20;1410;1;2;1;1.0;4;12;44, GEORGES GORSE (QUAI);;;;920
34933;201300038777;13;6;20;1830;1;2;2;1.0;3;12;MARECHAL DE LATTRE DE TA;;;;920
34934;201300038778;13;6;20;1855;1;2;1;1.0;3;12;6, PAVILLON (RUE DU);;;;920
34935;201300038779;13;6;19;1035;1;2;6;1.0;3;12;PONT DE BILLANCOURT (PLA;;;;920
34936;201300038780;13;6;24;2035;1;2;2;1.0;3;12;JEAN JAURES (BOULEVARD);;;;920
34937;201300038781;13;6;24;914;1;2;1;1.0;3;12;69, REINE (ROUTE DE LA);;;;920
34938;201300038782;13;6;24;1055;1;2;4;8.0;6;12;YVES KERMEN (RUE) 3/49 -;;;;920
34939;201300038783;13;6;26;45;5;2;2;1.0;3;12;JEAN BAPTISTE CLEMENT (A;;;;920
34940;201300038784;13;6;27;850;1;2;1;2.0;6;12;197, JEAN JAURES (BOULEV;;;;920
34941;201300038786;13;6;30;15;5;2;1;1.0;7;12;7, COMMANDANT GUILBAUD (;;;;920
34942;201300038787;13;7;1;1416;1;2;1;1.0;3;12;ROBERT SCHUMAN (AVENUE);;;;920
34943;201300038788;13;7;2;1635;1;2;1;1.0;3;12;263, JEAN JAURES (BOULEV;;;;920
34944;201300038789;13;7;3;750;1;2;1;2.0;6;12;38BIS, REPUBLIQUE (BOULE;;;;920
34945;201300038790;13;7;4;1140;1;2;1;1.0;3;12;88, REINE (ROUTE DE LA);;;;920
34946;201300038791;13;7;5;1900;1;2;2;1.0;3;12;REPUBLIQUE (BOULEVARD DE;;;;920
34947;201300038792;13;7;12;1805;1;2;2;1.0;3;12;REINE (ROUTE DE LA) 82/F;;;;920
34948;201300038793;13;7;15;930;1;2;1;1.0;3;12;72, EDOUARD VAILLANT (AV;;;;920
34949;201300038795;13;7;17;1310;1;2;1;1.0;7;12;43, ANDRE MORIZET (AVENU;;;;920
34950;201300038796;13;7;18;2000;1;2;2;1.0;6;12;REINE (ROUTE DE LA) 82/F;;;;920
34951;201300038797;13;7;22;1830;1;2;1;1.0;3;12;GEORGES GORSE (QUAI);;;;920
34952;201300038798;13;7;23;1150;1;2;4;1.0;3;12;PONT DE SEVRES (ROND POI;;;;920
34953;201300038799;13;7;23;1915;1;2;1;1.0;5;12;65, GEORGES GORSE (QUAI);;;;920
34954;201300038800;13;7;24;1155;1;2;1;1.0;3;12;88 TER, GENERAL LECLERC;;;;920
34955;201300038801;13;7;29;1030;1;2;1;1.0;3;12;263, JEAN JAURES (BOULEV;;;;920
34956;201300038802;13;7;30;2125;2;2;1;1.0;6;12;8, GENERAL LECLERC (AVEN;;;;920
34957;201300038803;13;7;31;2110;2;2;2;1.0;3;12;GENERAL LECLERC (AVENUE;;;;920
34958;201300038804;13;8;7;1000;1;2;3;2.0;7;12;EDOUARD VAILLANT (AVENUE;;;;920
34959;201300038805;13;8;9;1005;1;2;1;1.0;6;12;58, SEVRES (RUE DE) 55BI;;;;920
34960;201300038806;13;8;9;1130;1;2;2;1.0;6;12;angle, SILLY (RUE DE) 1/;;;;920
34961;201300038807;13;8;9;1330;1;2;2;1.0;3;12;GALLIENI (RUE) 55/157 -;;;;920
34962;201300038809;13;8;10;2140;2;2;1;1.0;7;12;02, PYRAMIDE (RUE DE LA);;;;920
34963;201300038810;13;8;12;1500;1;2;1;1.0;2;12;195, GALLIENI (RUE) 159/;;;;920
34964;201300038811;13;8;14;1835;1;2;1;1.0;6;12;128, GALLIENI (RUE) 55/1;;;;920
34965;201300038812;13;8;20;1645;1;2;1;1.0;6;12;122, GENERAL LECLERC (AV;;;;920
34966;201300038813;13;8;21;1750;1;2;1;1.0;7;12;ALPHONSE LE GALLO (QUAI);;;;920
34967;201300038814;13;8;25;2320;5;2;3;2.0;3;12;GEORGES GORSE (QUAI);;;;920
34968;201300038815;13;8;27;1020;1;2;4;1.0;2;12;1, POINT DU JOUR (RUE DU;;;;920
34969;201300038816;13;9;2;1315;1;2;1;1.0;1;12;53, POINT DU JOUR (QUAI;;;;920
34970;201300038817;13;9;8;1900;1;2;1;1.0;3;12;46, GEORGES GORSE (QUAI);;;;920
34971;201300038818;13;9;9;1330;1;2;5;3.0;6;12;ANDRE MORIZET (AVENUE) 1;;;;920
34972;201300038819;13;9;10;920;1;2;1;1.0;2;12;42, ALPHONSE LE GALLO (Q;;;;920
34973;201300038820;13;9;10;1605;1;2;2;1.0;3;12;REINE (ROUTE DE LA) 82/F;;;;920
34974;201300038821;13;9;13;2100;5;2;1;2.0;6;12;12 BIS, REINE (ROUTE DE;;;;920
34975;201300038822;13;9;14;1435;1;2;1;2.0;6;12;79, REPUBLIQUE (BOULEVAR;;;;920
34976;201300038823;13;9;17;941;1;2;6;2.0;2;12;PONT DE BILLANCOURT (PLA;;;;920
34977;201300038824;13;9;20;1850;1;2;2;1.0;5;12;ANDRE MORIZET (AVENUE) -;;;;920
34978;201300038826;13;9;23;745;1;2;2;1.0;3;12;110, GENERAL LECLERC (AV;;;;920
34979;201300038827;13;9;24;720;1;2;1;1.0;6;12;41, PIERRE GRENIER (AVEN;;;;920
34980;201300038828;13;9;23;1050;1;2;6;1.0;6;12;MARCEL SEMBAT (PLACE);;;;920
34981;201300038829;13;9;24;640;2;2;1;1.0;7;12;ALPHONSE LE GALLO (QUAI);;;;920
34982;201300038830;13;9;25;840;1;2;1;1.0;3;12;44, EDOUARD VAILLANT (AV;;;;920
34983;201300038832;13;9;29;1340;1;2;1;1.0;6;12;32, JEAN BAPTISTE CLEMEN;;;;920
34984;201300038834;13;10;1;910;1;2;2;1.0;3;12;angle, JEAN BAPTISTE CLE;;;;920
34985;201300038835;13;10;7;2;5;2;1;1.0;6;12;97, EDOUARD VAILLANT (AV;;;;920
34986;201300038836;13;10;7;935;1;2;1;1.0;6;12;55, PIERRE GRENIER (AVEN;;;;920
34987;201300038837;13;10;7;1335;1;2;1;1.0;6;12;71, SEVRES (RUE DE) 55BI;;;;920
34988;201300038839;13;10;4;930;1;2;2;1.0;6;12;SILLY (RUE DE) 89/FIN -;;;;920
34989;201300038840;13;10;8;1950;5;2;1;1.0;3;12;130, REINE (ROUTE DE LA);;;;920
34990;201300038842;13;10;10;1350;1;2;3;2.0;3;12;PIERRE GRENIER (AVENUE);;;;920
34991;201300038843;13;10;10;1400;1;2;1;2.0;2;12;56, EDOUARD VAILLANT (AV;;;;920
34992;201300038844;13;10;10;1900;5;2;1;1.0;4;12;1, QUATRE SEPTEMBRE (QUA;;;;920
34993;201300038845;13;10;12;2135;5;2;2;1.0;3;12;VICTOR HUGO (AVENUE) DEB;;;;920
34994;201300038846;13;10;14;1125;1;2;1;1.0;6;12;16, ALPHONSE LE GALLO (Q;;;;920
34995;201300038847;13;10;19;150;5;2;1;1.0;6;12;GEORGES GORSE (QUAI);;;;920
34996;201300038848;13;10;11;1800;1;2;7;8.0;2;12;EDOUARD VAILLANT (AVENUE;;;;920
34997;201300038849;13;10;14;830;1;2;2;1.0;2;12;MARECHAL DE LATTRE DE TA;;;;920
34998;201300038850;13;10;18;1930;5;2;2;1.0;3;12;QUATRE SEPTEMBRE (QUAI D;;;;920
34999;201300038851;13;10;19;1250;1;2;1;1.0;2;12;EDOUARD VAILLANT (AVENUE;;;;920
35000;201300038852;13;10;19;1830;1;2;2;1.0;3;12;ANDRE MORIZET (AVENUE) 1;;;;920
35001;201300038853;13;10;20;2145;5;2;2;1.0;7;12;GALLIENI (RUE) 55/157 -;;;;920
35002;201300038854;13;10;22;920;1;2;1;1.0;7;12;angle, ISSY (PONT D');;;;920
35003;201300038855;13;10;26;2100;5;2;1;1.0;2;12;31, PIERRE GRENIER (AVEN;;;;920
35004;201300038856;13;10;25;1830;5;2;3;2.0;6;12;FERDINAND BUISSON (AVENU;;;;920
35005;201300038857;13;10;28;1420;1;2;2;1.0;6;12;VICTOR HUGO (AVENUE) DEB;;;;920
35006;201300038858;13;10;31;930;1;2;2;1.0;6;12;VICTOR HUGO (AVENUE) 49/;;;;920
35007;201300038859;13;11;2;1515;1;2;1;2.0;3;12;3, GALLIENI (RUE) 1/53 -;;;;920
35008;201300038860;13;11;4;1300;1;2;2;1.0;3;12;REPUBLIQUE (BOULEVARD DE;;;;920
35009;201300038861;13;11;4;1320;1;2;2;2.0;6;12;60-64, GENERAL LECLERC (;;;;920
35010;201300038862;13;11;5;1105;1;2;1;2.0;6;12;10, FERNAND PELLOUTIER (;;;;920
35011;201300038863;13;11;7;1330;1;2;1;8.0;3;12;122, PONT DE SEVRES (RON;;;;920
35012;201300038864;13;11;10;440;4;2;1;3.0;6;12;7, ANATOLE FRANCE (BOULE;;;;920
35013;201300038865;13;11;13;2015;5;2;1;1.0;7;12;29, PAUL BERT (RUE);;;;920
35014;201300038866;13;11;16;2320;5;2;2;1.0;6;12;PONT DE SEVRES (ROND POI;;;;920
35015;201300038867;13;11;17;2135;5;2;1;1.0;3;12;120, GENERAL LECLERC (AV;;;;920
35016;201300038868;13;11;18;2010;5;2;1;1.0;2;12;5, PARIS (RUE DE) 1/97 -;;;;920
35017;201300038869;13;11;19;1835;5;2;2;1.0;6;12;REPUBLIQUE (BOULEVARD DE;;;;920
35018;201300038871;13;11;20;1040;1;2;1;1.0;7;12;58, SEVRES (RUE DE) 55BI;;;;920
35019;201300038872;13;11;22;1425;1;2;1;8.0;6;12;45, VICTOR HUGO (AVENUE);;;;920
35020;201300038874;13;11;28;2030;5;2;1;1.0;3;12;140, JEAN JAURES (BOULEV;;;;920
35021;201300038875;13;11;29;1930;5;2;1;8.0;7;12;3, ANATOLE FRANCE (BOULE;;;;920
35022;201300038876;13;12;6;2115;5;2;1;1.0;3;12;13/15, JEAN JAURES (BOUL;;;;920
35023;201300038877;13;12;10;1800;5;2;2;1.0;6;12;CHATEAU (RUE DU) 1/125 -;;;;920
35024;201300038879;13;12;12;1315;1;2;1;1.0;3;12;2, DESFEUX (AVENUE);;;;920
35025;201300038880;13;12;12;1450;1;2;1;1.0;6;12;4, QUATRE SEPTEMBRE (QUA;;;;920
35026;201300038882;13;12;15;1715;2;2;1;1.0;7;12;46, POINT DU JOUR (QUAI;;;;920
35027;201300038883;13;12;15;1840;5;2;1;1.0;7;12;20, POINT DU JOUR (QUAI;;;;920
35028;201300038884;13;12;19;1435;1;2;2;1.0;3;12;96, ANDRE MORIZET (AVENU;;;;920
35029;201300038885;13;12;11;1025;1;2;1;1.0;6;12;24 bis, THIERS (RUE) 1/6;;;;920
35030;201300038886;13;12;18;320;5;2;1;1.0;6;12;ignore, QUATRE SEPTEMBRE;;;;920
35031;201300038887;13;12;19;1030;1;2;1;2.0;2;12;93, JEAN JAURES (BOULEVA;;;;920
35032;201300038888;13;12;19;1415;1;2;1;1.0;5;12;39, GENERAL LECLERC (AVE;;;;920
35033;201300038889;13;12;19;2150;5;2;2;1.0;3;12;GUTENBERG (RUE);;;;920
35034;201300038891;13;12;24;1020;1;2;1;3.0;7;12;48, ALPHONSE LE GALLO (Q;;;;920
35035;201300038892;13;12;27;1440;1;2;3;1.0;3;12;GEORGES GORSE (QUAI);;;;920
35036;201300038893;13;12;30;845;1;2;1;1.0;6;12;76, REPUBLIQUE (BOULEVAR;;;;920
35037;201300038894;13;12;31;940;1;2;1;1.0;2;12;46, ALPHONSE LE GALLO (Q;;;;920
35038;201300038895;13;1;29;1850;5;2;1;2.0;6;19;04, LONGUET JEAN (RUE);;;;920
35039;201300038896;13;1;30;1055;1;2;3;3.0;2;19;440, DIVISION LECLERC (A;;;;920
35040;201300038899;13;3;1;805;1;2;1;1.0;6;19;CLEMENT JEAN BAPTISTE (R;;;;920
35041;201300038900;13;3;7;2150;5;2;1;1.0;3;19;281, DIVISION LECLERC (A;;;;920
35042;201300038901;13;3;16;1220;1;2;1;1.0;3;19;281, DIVISION LECLERC (A;;;;920
35043;201300038902;13;3;21;1120;1;2;2;1.0;6;19;254/359, DIVISION LECLER;;;;920
35044;201300038903;13;3;25;1530;1;2;1;1.0;6;19;436, DIVISION LECLERC (A;;;;920
35045;201300038904;13;4;3;2115;5;2;3;1.0;2;32;FOCH MARECHAL (AVENUE DU;;;;920
35046;201300038905;13;4;10;1145;1;2;1;1.0;6;19;57, LONGUET CHARLES (RUE;;;;920
35047;201300038906;13;4;13;1045;1;2;1;4.0;6;19;5, FRERES MONTGOLFIERS (;;;;920
35048;201300038907;13;4;15;1500;1;2;1;1.0;6;71;158, GENERAL LECLERC (AV;;;;920
35049;201300038908;13;5;15;900;1;2;5;1.0;6;32;CARNOT (PLACE);;;;920
35050;201300038909;13;5;28;825;1;2;1;2.0;6;19;128, SALENGRO ROGER (RUE;;;;920
35051;201300038910;13;6;1;1215;1;2;3;1.0;3;71;AVENUE JEAN PERRIN;;;;920
35052;201300038911;13;6;2;555;2;2;1;1.0;7;19;10, LONGUET CHARLES (RUE;;;;920
35053;201300038912;13;6;8;1705;1;2;1;7.0;6;19;440, DIVISION LECLERC (A;;;;920
35054;201300038913;13;6;17;1350;1;2;1;1.0;7;19;, LECLERC DIVISION (AVEN;;;;920
35055;201300038914;13;7;3;2135;2;2;1;1.0;4;71;86, BOUR5G LA REINE (AVE;;;;920
35056;201300038915;13;7;11;830;1;2;1;1.0;7;19;, 11 NOVEMBRE 1918 (CARR;;;;920
35057;201300038916;13;7;14;2030;2;2;1;1.0;2;32;7, DOLIVET J ET M (AVENU;;;;920
35058;201300038917;13;8;18;545;5;2;2;1.0;3;19;404, DIVISION LECLERC (A;;;;920
35059;201300038918;13;8;19;825;1;2;3;1.0;6;19;01, BREGUET (ALLEE);;;;920
35060;201300038919;13;8;24;235;5;2;1;1.0;6;32;9, LAURENT REMI (RUE);;;;920
35061;201300038920;13;9;14;1640;1;2;1;2.0;7;19;BOURSIDIERE (ROUTE DE LA;;;;920
35062;201300038921;13;9;24;1630;1;2;1;1.0;6;19;299, LECLERC DIVISION (A;;;;920
35063;201300038922;13;9;30;1125;1;2;3;1.0;6;71;HUGO VICTOR (RUE);;;;920
35064;201300038924;13;10;8;1130;1;2;6;1.0;3;19;ALLENDE SALVATOR (CARREF;;;;920
35065;201300038925;13;10;10;1710;1;2;1;1.0;3;71;1, CAUCHY (AVENUE);;;;920
35066;201300038927;13;11;3;220;5;2;1;1.0;6;71;46, LYCEE (RUE DU);;;;920
35067;201300038928;13;11;14;740;1;2;9;1.0;6;19;59, LONGUET JEAN (RUE);;;;920
35068;201300038929;13;11;22;750;1;2;1;1.0;6;32;2, PETIT ANTOINE (RUE);;;;920
35069;201300038930;13;11;23;1225;1;2;1;1.0;6;19;20, JUSTICE (CHEMIN);;;;920
35070;201300038931;13;11;26;1945;5;2;1;1.0;7;71;138, HOUDAN (RUE);;;;920
35071;201300038932;13;12;10;915;1;2;1;1.0;3;19;17, DIVISION LECLERC (AV;;;;920
35072;201300038933;13;12;10;1045;1;2;1;1.0;6;19;137, DIVISION LECLERC (A;;;;920
35073;201300038935;13;12;14;1500;1;2;1;1.0;6;19;DIVISION LECLERC (AVENUE;;;;920
35074;201300038936;13;1;4;1215;1;2;1;1.0;3;60;148, RESISTANCE (AVENUE;;;;920
35075;201300038937;13;12;20;1048;1;2;1;9.0;6;60;133, RESISTANCE (AVENUE;;;;920
35076;201300038938;13;12;31;840;2;2;1;2.0;6;60;73, RESISTANCE (AVENUE D;;;;920
35077;201300038939;13;12;31;1920;5;2;2;2.0;6;23;., VICTOR HUGO (AVENUE);;;;920
35078;201300038940;13;12;23;1630;1;2;1;1.0;6;23;27, PAUL VAILLANT COUTUR;;;;920
35079;201300038941;13;1;16;1415;1;2;1;1.0;6;23;05, PIERRE ET MARIE CURI;;;;920
35080;201300038942;13;1;17;1000;1;2;3;1.0;7;60;., ARISTIDE BRIAND (AVEN;;;;920
35081;201300038943;13;1;18;1530;1;2;2;1.0;3;23;., CHEMIN VERT (RUE DU);;;;920
35082;201300038944;13;1;22;1850;5;2;1;1.0;6;23;., DENIS GOGUE (RUE);;;;920
35083;201300038945;13;1;22;1650;1;2;1;4.0;6;23;159, JEAN JAURES (AVENUE;;;;920
35084;201300038947;13;1;25;845;1;2;1;1.0;6;23;1, PETIT CLAMART (ROND P;;;;920
35085;201300038948;13;1;26;2050;5;2;2;1.0;3;23;., JEAN JAURES (AVENUE);;;;920
35086;201300038949;13;1;30;1945;5;2;3;1.0;3;23;., SCHNEIDER (AVENUE);;;;920
35087;201300038950;13;2;1;1220;1;2;3;3.0;2;23;., PORTE DE TRIVAUX (RUE;;;;920
35088;201300038951;13;2;1;2100;5;2;1;1.0;3;60;20, LEON BLUM (AVENUE) (;;;;920
35089;201300038952;13;2;2;705;5;2;2;2.0;3;23;., JEAN BAPTISTE CLEMENT;;;;920
35090;201300038953;13;2;6;1825;5;2;1;2.0;3;60;138, RESISTANCE (AVENUE;;;;920
35091;201300038954;13;2;6;1315;1;2;1;1.0;7;23;38, PORTE DE TRIVAUX (RU;;;;920
35092;201300038955;13;2;11;950;1;2;2;1.0;3;23;., HENRI BARBUSSE (AVENU;;;;920
35093;201300038956;13;2;14;820;1;2;1;2.0;4;60;48, LOUP PENDU (RUE DU);;;;920
35094;201300038957;13;2;15;1515;1;2;1;1.0;6;23;186, GENERAL DE GAULLE (;;;;920
35095;201300038958;13;2;15;945;5;2;1;1.0;7;23;41, PORTE DE TRIVAUX (RU;;;;920
35096;201300038959;13;2;25;1050;1;2;1;4.0;7;23;364, GENERAL DE GAULLE (;;;;920
35097;201300038960;13;2;26;1132;1;2;1;1.0;2;23;2, MARQUIS (PLACE) N?1 E;;;;920
35098;201300038961;13;2;27;750;1;2;2;2.0;3;60;., CHARLES DE GAULLE (AV;;;;920
35099;201300038962;13;3;4;200;5;2;1;1.0;6;23;., CLAUDE TREBIGNAUD (AV;;;;920
35100;201300038963;13;3;4;1745;1;2;6;1.0;3;23;0, GARDE (PLACE DU) S101;;;;920
35101;201300038964;13;3;5;1705;1;2;1;1.0;3;23;., PORTE DE TRIVAUX (RUE;;;;920
35102;201300038965;13;3;19;1900;5;2;3;3.0;3;23;PORTE DE TRIVAUX (RUE DE;;;;920
35103;201300038966;13;3;22;1420;1;2;1;1.0;3;60;134, RESISTANCE (AVENUE;;;;920
35104;201300038967;13;3;25;905;1;2;1;1.0;6;23;., HENRI BARBUSSE (AVENU;;;;920
35105;201300038968;13;4;1;1635;1;2;1;1.0;6;23;333, GENERAL DE GAULLE (;;;;920
35106;201300038969;13;4;1;1400;1;2;1;1.0;3;23;., PETIT CLAMART (ROND P;;;;920
35107;201300038970;13;3;30;2240;5;2;1;1.0;1;23;., CLAUDE TREBIGNAUD (AV;;;;920
35108;201300038971;13;4;17;2200;5;2;3;1.0;6;60;., PAUL LANGEVIN (AVENUE;;;;920
35109;201300038972;13;4;20;2000;1;2;1;2.0;3;23;GENERAL DE GAULLE (AVENU;;;;920
35110;201300038973;13;4;19;1950;1;2;1;1.0;6;23;PAVE BLANC (ROUTE DU) N?;;;;920
35111;201300038974;13;4;25;1555;1;2;1;1.0;3;23;177, PORTE DE TRIVAUX (R;;;;920
35112;201300038975;13;5;11;55;5;2;1;1.0;7;23;1, BIEVRES (RUE DE);;;;920
35113;201300038976;13;5;7;930;1;2;2;1.0;3;60;., CHARLES DE GAULLE (AV;;;;920
35114;201300038977;13;5;31;1715;1;2;2;1.0;2;23;., PORTE DE TRIVAUX (RUE;;;;920
35115;201300038978;13;6;3;1747;1;2;1;1.0;6;23;12, VANVES (RUE DE);;;;920
35116;201300038979;13;6;5;2120;2;2;1;1.0;6;60;0, ARISTIDE BRIAND (AVEN;;;;920
35117;201300038980;13;6;7;1145;1;2;1;1.0;4;23;0, HENRI BARBUSSE (AVENU;;;;920
35118;201300038981;13;6;7;1240;1;2;3;1.0;3;23;0, PRESIDENT ROOSEVELT (;;;;920
35119;201300038982;13;6;8;1325;1;2;3;1.0;3;23;., GENERAL DE GAULLE (AV;;;;920
35120;201300038983;13;6;7;1950;1;2;1;1.0;2;60;., CHARLES DE GAULLE (AV;;;;920
35121;201300038984;13;6;17;1000;1;2;2;3.0;3;60;., PAUL LANGEVIN (AVENUE;;;;920
35122;201300038985;13;6;19;1020;1;2;1;2.0;4;23;126, PORTE DE TRIVAUX (R;;;;920
35123;201300038986;13;6;23;2220;1;2;1;1.0;6;23;0, VERSAILLES (RUE DE) N;;;;920
35124;201300038987;13;6;21;1945;1;2;1;1.0;6;60;2, RESISTANCE (AVENUE DE;;;;920
35125;201300038988;13;6;25;1440;1;2;6;1.0;3;60;0, PAUL LANGEVIN (AVENUE;;;;920
35126;201300038989;13;6;26;1855;1;2;2;1.0;3;60;0, PAUL LANGEVIN (AVENUE;;;;920
35127;201300038991;13;7;5;1930;1;2;1;1.0;6;23;0, JEAN JAURES (AVENUE);;;;920
35128;201300038992;13;7;8;200;5;2;1;1.0;6;23;204, HENRI BARBUSSE (AVE;;;;920
35129;201300038994;13;7;16;1940;1;2;3;1.0;5;23;., PORTE DE TRIVAUX (RUE;;;;920
35130;201300038996;13;7;19;900;1;2;3;1.0;3;23;., PAUL ANDRILLON (RUE);;;;920
35131;201300038997;13;7;21;1750;1;2;1;1.0;3;23;49, GENERAL DE GAULLE (A;;;;920
35132;201300038998;13;7;23;810;1;2;1;1.0;3;23;540, GENERAL DE GAULLE (;;;;920
35133;201300038999;13;7;18;655;1;2;1;1.0;2;23;471, GENERAL DE GAULLE (;;;;920
35134;201300039000;13;8;6;705;1;2;2;7.0;3;23;287, GENERAL DE GAULLE (;;;;920
35135;201300039001;13;7;30;1155;1;2;1;1.0;3;23;166, GENERAL DE GAULLE (;;;;920
35136;201300039002;13;8;10;1230;1;2;1;1.0;6;60;., PAUL RIVET (RUE) COTE;;;;920
35137;201300039003;13;8;16;925;1;2;1;1.0;6;60;67, PLESSIS (AVENUE DU);;;;920
35138;201300039004;13;9;2;2120;2;2;2;1.0;3;23;FLEURY (RUE DE);;;;920
35139;201300039005;13;9;3;1708;1;2;1;1.0;1;23;0, PORTE DE TRIVAUX (RUE;;;;920
35140;201300039006;13;9;3;1400;1;2;1;1.0;6;23;50, PIERRE BROSSOLETTE (;;;;920
35141;201300039007;13;9;8;2055;5;2;1;1.0;6;23;., GENERAL DE GAULLE (AV;;;;920
35142;201300039008;13;9;7;1715;1;2;6;1.0;3;60;., RESISTANCE (PLACE DE;;;;920
35143;201300039010;13;9;7;2340;5;2;3;1.0;3;23;., CLOS MONTHODON (RUE D;;;;920
35144;201300039011;13;9;8;1230;1;2;1;1.0;2;23;426, GENERAL DE GAULLE (;;;;920
35145;201300039012;13;9;9;735;1;2;1;1.0;3;23;., PETIT CLAMART (ROND P;;;;920
35146;201300039013;13;9;13;1622;1;2;1;8.0;6;23;135, GENERAL DE GAULLE (;;;;920
35147;201300039014;13;9;13;1220;1;2;1;2.0;6;23;., PORTE DE TRIVAUX (RUE;;;;920
35148;201300039015;13;9;22;2030;3;2;1;1.0;7;23;0, BIEVRES (RUE DE);;;;920
35149;201300039016;13;9;26;1835;1;2;1;1.0;2;23;197, VICTOR HUGO (AVENUE;;;;920
35150;201300039017;13;9;19;1845;1;2;2;1.0;2;23;0, HENRI BARBUSSE (AVENU;;;;920
35151;201300039018;13;9;27;1710;1;2;2;1.0;3;60;PAUL LANGEVIN (AVENUE) (;;;;920
35152;201300039019;13;9;27;1950;5;2;9;1.0;5;23;., PETIT CLAMART (ROND P;;;;920
35153;201300039020;13;10;2;1750;1;2;1;1.0;3;23;329, GENERAL DE GAULLE (;;;;920
35154;201300039021;13;10;4;2000;5;2;1;1.0;5;23;., CLAUDE TREBIGNAUD (AV;;;;920
35155;201300039022;13;10;17;1040;1;2;3;1.0;3;23;GROUX (IMPASSE DES);;;;920
35156;201300039023;13;10;18;1800;1;2;2;1.0;3;23;FLEURY (RUE DE);;;;920
35157;201300039024;13;10;18;1900;1;2;1;1.0;6;60;0, RESISTANCE (PLACE DE;;;;920
35158;201300039025;13;10;30;1045;1;2;1;1.0;6;60;26, EDOUARD HERRIOT (AVE;;;;920
35159;201300039026;13;11;3;1630;1;2;1;1.0;2;60;., PAUL RIVET (RUE) COTE;;;;920