;Num_Acc;an;mois;jour;hrmn;lum;agg;int;atm;col;com;adr;gps;lat;long;dep
35160;201300039027;13;11;6;1745;5;2;1;1.0;3;23;191, JEAN JAURES (AVENUE;;;;920
35161;201300039029;13;11;9;1205;1;2;1;1.0;5;23;78, GENERAL EISENHOWER (;;;;920
35162;201300039030;13;11;12;1900;3;2;1;2.0;3;23;GENERAL DE GAULLE (AV DU;;;;920
35163;201300039031;13;11;14;1810;5;2;2;2.0;3;23;GENERAL DE GAULLE (AV DU;;;;920
35164;201300039032;13;11;14;1940;5;2;2;2.0;3;23;GENERAL DE GAULLE (AV DU;;;;920
35165;201300039033;13;11;19;1650;2;2;3;1.0;6;23;., CHATEAU (RUE DU);;;;920
35166;201300039034;13;11;20;955;1;2;1;1.0;3;23;504, GENERAL DE GAULLE (;;;;920
35167;201300039035;13;11;20;1540;1;2;3;1.0;6;60;46, CHARLES DE GAULLE (A;;;;920
35168;201300039036;13;11;26;810;1;2;1;1.0;4;23;58, HENRI BARBUSSE (AVEN;;;;920
35169;201300039037;13;11;27;1425;1;2;1;1.0;6;60;CHARLES DE GAULLE (AVENU;;;;920
35170;201300039038;13;11;29;1640;1;2;1;2.0;7;23;SAVOIE (RUE DE);;;;920
35171;201300039040;13;12;4;2305;5;2;1;2.0;7;23;11, CHEMIN VERT (RUE DU);;;;920
35172;201300039041;13;12;6;1830;3;2;1;1.0;4;23;., PETIT CLAMART (ROND P;;;;920
35173;201300039043;13;12;10;650;5;2;1;1.0;5;23;PETIT CLAMART (ROND POIN;;;;920
35174;201300039044;13;12;10;645;5;2;1;1.0;7;23;., PETIT CLAMART (ROND P;;;;920
35175;201300039046;13;12;11;1015;1;2;3;1.0;7;23;93, LAZARE CARNOT (RUE);;;;920
35176;201300039047;13;12;11;925;2;2;1;1.0;7;23;72, CHATILLON (RUE DE);;;;920
35177;201300039048;13;12;13;1820;5;2;1;1.0;6;23;541, GENERAL DE GAULLE (;;;;920
35178;201300039049;13;12;18;1455;1;2;1;1.0;6;23;CLAUDE TREBIGNAUD (AVENU;;;;920
35179;201300039050;13;12;16;1746;2;2;1;1.0;3;23;CLAUDE TREBIGNAUD (AVENU;;;;920
35180;201300039051;13;11;26;1820;2;2;1;1.0;6;24;37, VICTOR HUGO (BD);;;;920
35181;201300039052;13;1;1;435;5;2;6;2.0;6;24;1, PORT (RUE DU);;;;920
35182;201300039053;13;1;17;830;2;2;1;1.0;3;24;52, PIERRE BEREGOVOY (RU;;;;920
35183;201300039054;13;1;25;2355;5;2;2;9.0;6;24;15, JEAN JAURES (BD) DE;;;;920
35184;201300039055;13;1;30;900;1;2;3;1.0;3;24;22, GENERAL ROGUET (RUE;;;;920
35185;201300039057;13;12;24;915;1;2;1;1.0;7;24;54, CLICHY (QUAI DE) DE;;;;920
35186;201300039058;13;2;4;1655;1;2;1;1.0;7;24;65, MARTRE (RUE) DE (59;;;;920
35187;201300039059;13;2;5;740;2;2;1;1.0;6;24;17, ANATOLE FRANCE (RUE);;;;920
35188;201300039060;13;2;5;1715;1;2;3;1.0;3;24;71, VICTOR HUGO (BD);;;;920
35189;201300039062;13;2;6;1430;1;2;3;1.0;3;24;100, GENERAL LECLERC (RU;;;;920
35190;201300039063;13;2;11;1900;5;2;1;1.0;7;24;18, JEAN JAURES (BD) DE;;;;920
35191;201300039064;13;1;11;800;2;2;3;1.0;3;24;116, GENERAL LECLERC (RU;;;;920
35192;201300039065;13;1;11;1350;1;2;1;1.0;6;24;80, MARTRE (RUE) DE (59;;;;920
35193;201300039066;13;1;12;1430;1;2;6;1.0;7;24;1, REPUBLIQUE (PLACE DE;;;;920
35194;201300039067;13;2;22;1200;1;2;3;1.0;6;24;9, GENERAL LECLERC (BD D;;;;920
35195;201300039068;13;2;22;1400;1;2;3;1.0;1;24;200, CLICHY (QUAI DE) DE;;;;920
35196;201300039069;13;2;25;1225;1;2;1;9.0;5;24;90, GENERAL ROGUET (RUE;;;;920
35197;201300039070;13;2;28;1810;1;2;1;1.0;7;24;83, JEAN JAURES (BD) DE;;;;920
35198;201300039072;13;2;28;1940;5;2;1;1.0;3;24;112, VICTOR HUGO (BD);;;;920
35199;201300039073;13;3;5;1815;1;2;1;1.0;6;24;82, PARIS (RUE DE) DE (5;;;;920
35200;201300039074;13;1;31;920;1;2;1;9.0;1;24;83, VICTOR HUGO (BD);;;;920
35201;201300039075;13;3;14;2000;2;2;2;1.0;3;24;62, GENERAL ROGUET (RUE;;;;920
35202;201300039076;13;3;6;1730;1;2;3;1.0;3;24;83, VICTOR HUGO (BD);;;;920
35203;201300039077;13;3;4;1705;1;2;1;1.0;3;24;57-86, GENERAL ROGUET (R;;;;920
35204;201300039078;13;3;19;1615;1;2;3;1.0;6;24;13, BELFORT (RUE DE);;;;920
35205;201300039079;13;3;20;2130;5;2;1;1.0;3;24;21/41, MARTRE DE (4 A 54;;;;920
35206;201300039080;13;3;26;1750;1;2;1;1.0;3;24;34, PARIS (RUE DE) DE (1;;;;920
35207;201300039081;13;3;17;222;5;2;2;1.0;3;24;7, GEORGES BOISSEAU (RUE;;;;920
35208;201300039082;13;3;25;1430;1;2;1;1.0;2;24;5, HUIT MAI 1945 (RUE DU;;;;920
35209;201300039083;13;4;3;1410;1;2;1;1.0;3;24;90, GENERAL ROGUET (RUE;;;;920
35210;201300039084;13;4;6;1040;1;2;1;1.0;4;24;52, JEAN JAURES (BD) DE;;;;920
35211;201300039085;13;4;10;1510;1;2;3;1.0;6;24;103, JEAN JAURES (BD) DE;;;;920
35212;201300039086;13;3;24;1340;1;2;1;1.0;2;24;58, CLICHY (QUAI DE) DE;;;;920
35213;201300039087;13;4;24;2030;2;2;1;1.0;2;24;140, MARTRE (RUE) DE (11;;;;920
35214;201300039088;13;4;19;930;1;2;1;1.0;2;24;76, VICTOR HUGO (BD);;;;920
35215;201300039089;13;4;19;1155;1;2;3;1.0;1;24;200, CLICHY (QUAI DE) DE;;;;920
35216;201300039090;13;4;22;940;1;2;1;1.0;6;24;42, VICTOR HUGO (BD);;;;920
35217;201300039091;13;4;28;1910;1;2;1;1.0;3;24;36, JEAN JAURES (BD) DE;;;;920
35218;201300039093;13;4;23;2345;5;2;1;1.0;2;24;8 - 60, CLICHY (QUAI DE);;;;920
35219;201300039095;13;5;3;2200;1;1;1;1.0;6;24;134, JEAN JAURES (BD) DE;;;;920
35220;201300039097;13;5;14;2320;5;2;2;1.0;7;24;120, MARTRE (RUE) DE (59;;;;920
35221;201300039098;13;5;21;930;1;2;3;1.0;6;24;1, MOZART (RUE);;;;920
35222;201300039099;13;5;24;1540;1;2;3;2.0;3;24;57, VICTOR HUGO (BD);;;;920
35223;201300039100;13;6;9;145;5;2;1;1.0;6;24;138, JEAN JAURES (BD) DE;;;;920
35224;201300039101;13;6;17;115;5;2;1;1.0;7;24;37, JEAN JAURES (BD) DE;;;;920
35225;201300039102;13;6;9;2140;1;2;1;1.0;7;24;1, HUIT MAI 1945 (RUE DU;;;;920
35226;201300039103;13;6;16;1735;1;2;3;1.0;6;24;22, GENERAL ROGUET (RUE;;;;920
35227;201300039104;13;6;20;900;1;2;3;1.0;4;24;200, CLICHY (QUAI DE) DE;;;;920
35228;201300039105;13;6;20;850;1;2;1;1.0;6;24;90, GENERAL ROGUET (RUE;;;;920
35229;201300039106;13;6;20;1530;1;2;3;1.0;3;24;87, VICTOR HUGO (BD);;;;920
35230;201300039107;13;7;2;1857;1;2;3;1.0;2;24;200, CLICHY (QUAI DE) DE;;;;920
35231;201300039108;13;7;1;1330;1;2;2;1.0;3;24;5, HUIT MAI 1945 (RUE DU;;;;920
35232;201300039109;13;7;9;1505;1;2;2;1.0;6;24;62, JEAN JAURES (BD) DE;;;;920
35233;201300039110;13;7;12;710;1;2;2;1.0;3;24;40, GENERAL LECLERC (BD;;;;920
35234;201300039111;13;7;14;1140;1;2;1;1.0;6;24;6, DOCTEUR EMILE ROUX (R;;;;920
35235;201300039112;13;7;16;1455;1;2;2;1.0;3;24;57, GEORGES BOISSEAU (RU;;;;920
35236;201300039114;13;7;25;1955;1;2;3;1.0;3;24;112, VICTOR HUGO (BD);;;;920
35237;201300039115;13;7;28;1105;1;2;2;1.0;6;24;JEAN JAURES (BD) DE (1 A;;;;920
35238;201300039116;13;7;31;1000;1;2;2;1.0;3;24;96, MARTRE (RUE) DE (111;;;;920
35239;201300039117;13;8;2;1730;1;2;1;1.0;6;24;JEAN JAURES (BD) DE (1 A;;;;920
35240;201300039118;13;8;4;625;2;2;2;1.0;2;24;42, GENERAL ROGUET (RUE;;;;920
35241;201300039119;13;8;1;1840;1;2;1;1.0;6;24;86, MARTRE (RUE) DE (59;;;;920
35242;201300039120;13;8;10;1845;1;2;4;1.0;3;24;169, VICTOR HUGO (BD);;;;920
35243;201300039121;13;8;14;1315;1;2;9;1.0;2;24;60, MARTRE (RUE) DE (59;;;;920
35244;201300039123;13;8;23;915;1;2;1;7.0;6;24;92, VICTOR HUGO (BD);;;;920
35245;201300039124;13;9;3;1900;5;2;3;1.0;3;24;6, FOURNIER (RUE);;;;920
35246;201300039125;13;9;4;1520;1;2;2;1.0;3;24;95, VICTOR HUGO (BD);;;;920
35247;201300039126;13;9;24;1930;1;2;4;1.0;3;24;2, ASNIERES (ROUTE D');;;;920
35248;201300039127;13;9;26;2230;5;2;2;1.0;2;24;54, MARTRE DE (4 A 54);;;;920
35249;201300039128;13;10;3;1300;1;2;2;1.0;6;24;80, GENERAL LECLERC (RUE;;;;920
35250;201300039129;13;10;8;1200;1;2;2;1.0;3;24;1, CLICHY (QUAI DE) DE (;;;;920
35251;201300039130;13;10;11;1605;1;2;1;1.0;2;24;5, GENNEVILLIERS (PONT D;;;;920
35252;201300039131;13;9;18;1800;2;2;1;1.0;7;24;9, GENERAL LECLERC (BD D;;;;920
35253;201300039132;13;10;9;1745;2;2;1;1.0;3;24;61, HENRI BARBUSSE (RUE);;;;920
35254;201300039134;13;10;16;1345;1;2;2;1.0;1;24;7, VICTOR HUGO (BD);;;;920
35255;201300039135;13;10;17;1240;1;2;1;1.0;3;24;40, MARTRE DE (4 A 54);;;;920
35256;201300039136;13;9;18;935;1;2;2;1.0;1;24;39, LEON GAMBETTA (ALLEE;;;;920
35257;201300039137;13;9;30;913;2;2;1;1.0;3;24;43, JEAN JAURES (BD) DE;;;;920
35258;201300039138;13;10;29;1130;1;2;1;1.0;6;24;101, VICTOR HUGO (BD);;;;920
35259;201300039139;13;10;19;2200;5;2;3;1.0;3;24;73, VICTOR HUGO (BD);;;;920
35260;201300039140;13;10;28;950;1;1;2;1.0;6;24;46, HENRI BARBUSSE (RUE);;;;920
35261;201300039142;13;10;31;1735;2;2;2;1.0;7;24;46, GENERAL ROGUET (RUE;;;;920
35262;201300039143;13;11;6;1820;5;2;1;1.0;5;24;32, VICTOR HUGO (BD);;;;920
35263;201300039144;13;11;10;630;2;2;2;1.0;6;24;62, MARTRE (RUE) DE (59;;;;920
35264;201300039145;13;11;13;2230;5;2;6;1.0;6;24;2, GENERAL ROGUET (RUE D;;;;920
35265;201300039146;13;11;14;1940;5;2;2;1.0;3;24;64, VICTOR HUGO (BD);;;;920
35266;201300039148;13;11;7;920;1;2;2;1.0;1;24;135, HENRI BARBUSSE (RUE;;;;920
35267;201300039149;13;11;27;1826;1;2;1;1.0;6;24;117, GENERAL LECLERC (RU;;;;920
35268;201300039150;13;12;4;940;1;2;3;1.0;6;24;10, LANDY (RUE DU) DE (1;;;;920
35269;201300039152;13;12;4;1750;1;2;3;1.0;6;24;53, MADAME DE SANZILLON;;;;920
35270;201300039153;13;10;31;1300;1;2;1;1.0;6;24;CLICHY (QUAI DE) DE (8 A;;;;920
35271;201300039154;13;12;9;835;2;2;2;1.0;3;24;46, HENRI BARBUSSE (RUE);;;;920
35272;201300039155;13;12;19;1100;1;2;2;1.0;1;24;44, HENRI BARBUSSE (RUE);;;;920
35273;201300039156;13;12;22;515;5;2;2;1.0;1;24;135, HENRI BARBUSSE (RUE;;;;920
35274;201300039157;13;1;4;1230;1;2;2;1.0;3;25;112, C.DE G.<> 64 A 128;;;;920
35275;201300039158;13;1;6;205;5;2;1;2.0;7;25;71, AGENT SARRE (AV DE L;;;;920
35276;201300039159;13;1;30;2000;5;2;1;1.0;3;25;00, GAMBETTA (BD);;;;920
35277;201300039160;13;2;1;2115;5;2;2;1.0;1;25;10, AGENT SARRE (AV DE L;;;;920
35278;201300039161;13;2;11;810;1;2;1;2.0;3;25;VALMY<> 1 A 53 & 2 A 66;;;;920
35279;201300039162;13;2;13;1305;1;2;1;1.0;6;25;41, BOURNARD (RUE DU);;;;920
35280;201300039163;13;2;19;1650;1;2;1;1.0;6;25;38, GODON (RUE);;;;920
35281;201300039164;13;2;25;1615;1;2;1;4.0;6;25;29, EUROPE (AV DE L');;;;920
35282;201300039165;13;2;26;1305;1;2;1;1.0;7;25;CHARLES DE GAULLE (BD);;;;920
35283;201300039166;13;3;5;610;5;2;1;1.0;7;25;24, PAUL BERT (RUE);;;;920
35284;201300039167;13;3;13;1830;1;2;1;1.0;6;25;78, STALINGRAD (AV DE);;;;920
35285;201300039169;13;3;22;1625;1;2;1;1.0;6;25;220, ESTIENNE D'ORVES (R;;;;920
35286;201300039170;13;3;24;1255;1;2;1;1.0;6;25;21, VICTOR HUGO (AV.VILL;;;;920
35287;201300039171;13;4;4;830;1;2;2;9.0;3;25;0, VALMY (BD DE);;;;920
35288;201300039172;13;4;14;325;5;2;2;1.0;7;25;00, VALMY (BD DE);;;;920
35289;201300039173;13;4;16;1230;1;2;1;1.0;3;25;00, GENERAL LECLERC (PLA;;;;920
35290;201300039174;13;4;19;1010;1;2;2;1.0;6;25;PAUL BERT (RUE);;;;920
35291;201300039175;13;4;20;2215;5;2;1;1.0;3;25;CHARLES DE GAULLE (BD);;;;920
35292;201300039176;13;4;22;1600;1;2;1;1.0;2;25;224, C.DE G.> 130 & 1103;;;;920
35293;201300039177;13;4;22;1625;1;2;1;1.0;2;25;00, PAUL BERT (RUE);;;;920
35294;201300039178;13;4;24;710;1;2;1;1.0;3;25;00, STALINGRAD (AV DE);;;;920
35295;201300039179;13;4;24;1420;1;2;1;1.0;6;25;GABRIEL PERI (RUE);;;;920
35296;201300039180;13;4;25;1435;1;2;1;1.0;6;25;43, CHARLES DE GAULLE (B;;;;920
35297;201300039181;13;4;29;1900;1;2;1;1.0;3;25;CHARLES DE GAULLE (BD);;;;920
35298;201300039182;13;4;30;1700;1;2;1;1.0;6;25;200, C.DE G.> 130 & 1103;;;;920
35299;201300039183;13;4;30;2000;2;2;9;2.0;7;25;E.D'ORVES > 330 & 281 (R;;;;920
35300;201300039184;13;5;5;1700;1;2;9;1.0;3;25;GABRIEL PERI (RUE);;;;920
35301;201300039185;13;5;9;1200;1;2;1;1.0;2;25;CHARLES DE GAULLE (BD);;;;920
35302;201300039186;13;5;25;1920;1;2;1;1.0;6;25;05, VERDUN (RUE DE);;;;920
35303;201300039187;13;5;29;1250;1;2;1;1.0;2;25;30, HENRI BARBUSSE (AV);;;;920
35304;201300039188;13;6;2;1730;1;2;2;1.0;3;25;103, C.DE G.<> 64 A 128;;;;920
35305;201300039189;13;6;7;750;1;2;1;1.0;2;25;00, KLEBER (AV);;;;920
35306;201300039191;13;6;16;500;5;2;2;1.0;3;25;1, GABRIEL PERI (RUE);;;;920
35307;201300039192;13;6;18;1900;1;2;1;1.0;2;25;29-31, STALINGRAD (AV DE;;;;920
35308;201300039194;13;6;23;1443;1;2;1;1.0;1;25;VALMY (BD DE);;;;920
35309;201300039195;13;6;23;2020;1;2;1;1.0;2;25;A86;;;;920
35310;201300039196;13;6;16;1630;1;2;1;1.0;6;25;MARRONNIERS (VILLA DES);;;;920
35311;201300039197;13;6;25;2045;1;2;1;1.0;6;25;40, HENRI LITTOLFF N? PA;;;;920
35312;201300039198;13;6;30;100;5;2;2;1.0;7;25;00, HENRI BARBUSSE (AV);;;;920
35313;201300039199;13;7;5;945;1;2;3;1.0;3;25;102, HENRI BARBUSSE (AV);;;;920
35314;201300039200;13;7;12;800;1;2;1;1.0;3;25;1-3, C.DE G.> 130 & 1103;;;;920
35315;201300039201;13;7;12;1815;1;2;1;1.0;2;25;00, TILLEULS (RUE DES);;;;920
35316;201300039202;13;7;13;1850;1;2;2;1.0;6;25;G.PERI<>2 A 192 & 1 A 24;;;;920
35317;201300039203;13;7;20;2040;1;2;3;1.0;3;25;01, STALINGRAD (AV DE);;;;920
35318;201300039204;13;7;25;2020;1;2;1;1.0;3;25;78, HENRI BARBUSSE (AV);;;;920
35319;201300039206;13;8;7;645;2;2;1;2.0;6;25;200, C.DE G.<> 64 A 128;;;;920
35320;201300039207;13;8;7;2100;1;2;1;1.0;3;25;C.DE G.> 130 & 1103;;;;920
35321;201300039208;13;8;27;715;2;2;1;1.0;6;25;200, CHARLES DE GAULLE (;;;;920
35322;201300039209;13;8;28;1140;1;2;1;1.0;3;25;STALINGRAD (AV DE);;;;920
35323;201300039210;13;8;31;125;5;2;1;1.0;1;25;76, GABRIEL PERI (RUE);;;;920
35324;201300039211;13;9;2;1105;1;2;3;9.0;6;25;V.DU BOIS> 169 & 196 (RU;;;;920
35325;201300039213;13;9;5;1200;1;2;1;1.0;6;25;21, PAUL BERT (RUE);;;;920
35326;201300039214;13;9;11;1920;1;2;1;1.0;6;25;10, ILE MARANTE(PARC LAG;;;;920
35327;201300039215;13;9;14;625;5;2;1;1.0;6;25;1, HENRI BARBUSSE (AV);;;;920
35328;201300039216;13;9;14;1240;1;2;1;1.0;6;25;JULES MICHELET (RUE);;;;920
35329;201300039217;13;9;24;1810;1;2;1;1.0;6;25;20, EUROPE (AV DE L');;;;920
35330;201300039218;13;9;26;1440;1;2;1;1.0;2;25;102, VALMY (BD DE);;;;920
35331;201300039219;13;10;2;2250;5;1;1;1.0;6;25;43, EDGARD QUINET (BD);;;;920
35332;201300039220;13;10;10;655;2;2;1;1.0;6;25;0, VALMY (BD DE);;;;920
35333;201300039221;13;10;10;1515;1;2;1;1.0;2;25;05, PAUL BERT (RUE);;;;920
35334;201300039222;13;10;11;840;1;2;1;1.0;3;25;55, BOURNARD (RUE DU);;;;920
35335;201300039224;13;10;16;1405;1;2;1;2.0;4;25;240, GABRIEL PERI (RUE);;;;920
35336;201300039226;13;10;21;1515;1;2;1;1.0;3;25;177, STALINGRAD (AV DE);;;;920
35337;201300039227;13;10;22;1600;1;2;1;1.0;3;25;177, STALINGRAD (AV DE);;;;920
35338;201300039228;13;10;25;1110;1;2;1;1.0;3;25;ESTIENNE D'ORVES (RUE);;;;920
35339;201300039229;13;10;29;1300;1;2;1;1.0;2;25;137, STALINGRAD (AV DE);;;;920
35340;201300039230;13;10;29;1315;1;2;1;1.0;6;25;90, INDUSTRIE (RUE DE L';;;;920
35341;201300039231;13;11;7;1925;5;2;1;1.0;6;25;508, GABRIEL PERI (RUE);;;;920
35342;201300039233;13;11;12;1130;1;2;1;1.0;7;25;55, GABRIEL PERI (RUE);;;;920
35343;201300039234;13;11;14;1040;1;2;1;2.0;6;25;0, BOURNARD (RUE DU);;;;920
35344;201300039235;13;11;14;1350;1;2;1;1.0;6;25;438, GABRIEL PERI (RUE);;;;920
35345;201300039236;13;11;14;1810;5;2;1;1.0;3;25;82, STALINGRAD (AV DE);;;;920
35346;201300039237;13;11;19;855;1;2;1;1.0;3;25;118, STALINGRAD (AV DE);;;;920
35347;201300039238;13;11;19;1540;1;2;1;1.0;6;25;HENRI BARBUSSE (AV);;;;920
35348;201300039239;13;11;20;910;1;2;1;1.0;6;25;20, EUROPE (AV DE L');;;;920
35349;201300039240;13;11;20;1720;5;2;1;2.0;7;25;44, BOURNARD (RUE DU);;;;920
35350;201300039241;13;11;22;1350;1;2;2;1.0;7;25;MARCEAU (BD);;;;920
35351;201300039242;13;11;22;1600;1;2;1;1.0;6;25;17, G.PERI<>2 A 192 & 1;;;;920
35352;201300039243;13;11;24;1740;5;2;1;1.0;7;25;117, HENRI BARBUSSE (AV);;;;920
35353;201300039244;13;11;25;2020;5;2;2;1.0;5;25;0, CHARLES DE GAULLE (BD;;;;920
35354;201300039245;13;11;27;1630;1;2;3;1.0;3;25;GAMBETTA (BD);;;;920
35355;201300039246;13;11;29;1100;1;2;1;1.0;3;25;14, PAUL BERT (RUE);;;;920
35356;201300039247;13;12;1;1845;5;2;2;1.0;3;25;0, STALINGRAD (AV DE);;;;920
35357;201300039248;13;11;29;1808;5;2;1;1.0;6;25;70, SAINT DENIS (RUE);;;;920
35358;201300039249;13;12;3;737;5;2;7;1.0;2;25;CHARLES DE GAULLE (BD);;;;920
35359;201300039250;13;12;2;740;5;2;1;1.0;6;25;FACE 141, CHARLES DE GAU;;;;920
35360;201300039251;13;12;3;1734;5;2;1;1.0;6;25;9, STRASBOURG (RUE DE );;;;920
35361;201300039252;13;12;4;2225;4;2;3;1.0;3;25;0, AGENT SARRE (AV DE L';;;;920
35362;201300039253;13;12;5;815;5;2;1;1.0;3;25;CHAMPAR<> 1 A 139 & 2 A;;;;920
35363;201300039254;13;12;10;915;1;2;2;1.0;6;25;0, CHARLES DE GAULLE (BD;;;;920
35364;201300039255;13;12;10;1725;5;2;1;1.0;6;25;83, STALINGRAD (AV DE);;;;920
35365;201300039256;13;12;14;120;5;2;1;2.0;4;25;0, CHARLES DE GAULLE (BD;;;;920
35366;201300039257;13;12;14;1815;5;2;2;1.0;3;25;0, MARCEAU (BD);;;;920
35367;201300039258;13;12;16;1500;1;2;1;1.0;6;25;14, MANTES (RUE DE);;;;920
35368;201300039259;13;12;16;1615;1;2;1;1.0;3;25;14bis, MONTS CLAIRS (AV;;;;920
35369;201300039260;13;12;16;1730;5;2;1;1.0;6;25;1, EUROPE (AV DE L');;;;920
35370;201300039261;13;12;17;820;1;2;1;1.0;3;25;114, HENRI BARBUSSE (AV);;;;920
35371;201300039262;13;12;19;1710;2;2;3;1.0;3;25;00, ESTIENNE D'ORVES (RU;;;;920
35372;201300039263;13;12;20;823;1;2;2;1.0;3;25;0, VALMY (BD DE);;;;920
35373;201300039264;13;12;23;1830;5;2;1;1.0;6;25;50, HENRI BARBUSSE (AV);;;;920
35374;201300039265;13;12;30;1040;1;2;1;1.0;3;25;, MOSLARD > 97 & 102 (RU;;;;920
35375;201300039266;13;1;4;1940;5;2;1;1.0;7;26;12, ADOLPHE LALYRE;;;;920
35376;201300039267;13;1;9;1910;5;2;1;2.0;7;26;69, ARCHE (AVENUE);;;;920
35377;201300039268;13;1;22;20;5;2;1;1.0;7;26;46-48, ALMA;;;;920
35378;201300039269;13;1;28;1145;1;2;3;1.0;7;26;BEZONS (DE 23 A FIN);;;;920
35379;201300039270;13;1;30;1705;1;2;1;1.0;7;26;8, ABREUVOIR;;;;920
35380;201300039271;13;1;30;1555;1;2;1;1.0;7;26;CHEMIN VERT;;;;920
35381;201300039272;13;1;30;1915;5;1;1;1.0;5;26;46, MARECHAL JOFFRE (QUA;;;;920
35382;201300039273;13;2;6;2010;5;2;1;1.0;3;26;42, ALMA;;;;920
35383;201300039274;13;2;8;905;1;2;1;1.0;7;26;29, PAIX;;;;920
35384;201300039275;13;2;17;1230;1;2;1;1.0;7;26;15, MARECHAL JOFFRE (QUA;;;;920
35385;201300039276;13;2;15;2100;5;2;3;1.0;7;26;ARMAND SILVESTRE ( DE 01;;;;920
35386;201300039277;13;2;19;2155;5;2;3;1.0;3;26;GEORGES CLEMENCEAU;;;;920
35387;201300039278;13;2;25;1200;1;2;1;1.0;6;26;21, SAINT DENIS BD (120;;;;920
35388;201300039279;13;3;5;1925;2;2;1;1.0;3;26;37 BIS, PAIX;;;;920
35389;201300039280;13;3;6;2005;5;2;1;1.0;3;26;59, MARECHAL JOFFRE (QUA;;;;920
35390;201300039281;13;3;6;2015;5;2;3;2.0;2;26;274, SAINT DENIS BD (120;;;;920
35391;201300039282;13;3;7;1220;1;2;2;1.0;3;26;61, VERDUN (DE 01 A 61);;;;920
35392;201300039283;13;3;8;2030;5;2;2;2.0;3;26;PRESIDENT KRUGER;;;;920
35393;201300039284;13;2;22;1850;2;2;1;8.0;3;26;86, EUROPE ( AVENUE DE L;;;;920
35394;201300039285;13;3;20;1050;1;2;2;1.0;3;26;VERDUN (DE 01 A 61);;;;920
35395;201300039286;13;3;23;1510;1;2;2;1.0;2;26;AUGUSTE BAILLY;;;;920
35396;201300039287;13;4;9;1150;1;2;1;2.0;2;26;212, SAINT DENIS BD (120;;;;920
35397;201300039288;13;4;9;1445;1;2;3;3.0;3;26;AJOUX;;;;920
35398;201300039289;13;4;15;10;5;2;1;1.0;7;26;44, VERDUN (DE 01 A 61);;;;920
35399;201300039290;13;4;13;1540;1;2;2;1.0;3;26;38, MISSION MARCHAND (CO;;;;920
35400;201300039291;13;4;12;1000;1;2;1;2.0;2;26;44, VICTOR HUGO (DE 01 A;;;;920
35401;201300039293;13;4;25;1135;1;2;1;1.0;3;26;66, VERDUN (DE 62 A FIN);;;;920
35402;201300039295;13;4;26;1800;1;2;1;8.0;7;26;41, PR?SIDENT PAUL DOUME;;;;920
35403;201300039297;13;5;14;1820;1;2;1;1.0;5;26;36, GAULTIER;;;;920
35404;201300039298;13;5;14;1230;1;2;3;1.0;6;26;58, COLOMBES;;;;920
35405;201300039299;13;5;16;1830;1;2;1;1.0;5;26;26, COLOMBES;;;;920
35406;201300039300;13;5;17;850;1;2;1;1.0;6;26;45, GEORGES CLEMENCEAU;;;;920
35407;201300039301;13;5;18;1745;1;2;1;1.0;6;26;55, GEORGES CLEMENCEAU;;;;920
35408;201300039302;13;5;21;800;1;2;1;2.0;3;26;N6, ARISTIDE BRIAND;;;;920
35409;201300039303;13;5;23;1745;1;2;1;3.0;7;26;VERDUN (DE 62 A FIN);;;;920
35410;201300039305;13;6;5;130;5;2;1;1.0;6;26;LE TINTORET (ALLEE);;;;920
35411;201300039306;13;6;7;750;1;2;1;1.0;2;26;81, VERDUN (DE 62 A FIN);;;;920
35412;201300039307;13;6;7;1930;1;2;2;1.0;7;26;JEAN-PIERRE TIMBAUD;;;;920
35413;201300039308;13;6;12;805;1;2;6;1.0;3;26;JEAN MERMOZ (SQUARE ET P;;;;920
35414;201300039310;13;6;14;1800;1;2;1;1.0;2;26;PR?SIDENT PAUL DOUMER (Q;;;;920
35415;201300039311;13;6;15;1115;1;2;1;1.0;2;26;65, MARCEAU;;;;920
35416;201300039312;13;6;19;1315;1;2;6;1.0;3;26;JEAN MERMOZ (SQUARE ET P;;;;920
35417;201300039313;13;5;28;845;1;2;1;1.0;2;26;34, COLOMBES;;;;920
35418;201300039314;13;7;1;2355;3;2;3;1.0;3;26;VERDUN (DE 62 A FIN);;;;920
35419;201300039316;13;7;9;1755;1;2;3;1.0;3;26;--------, GAULTIER;;;;920
35420;201300039317;13;7;13;1640;1;2;3;1.0;3;26;---------, MARCEAU;;;;920
35421;201300039318;13;7;12;940;1;2;1;1.0;4;26;10, PAIX;;;;920
35422;201300039319;13;6;23;30;5;2;3;1.0;3;26;MISSION MARCHAND (COTE I;;;;920
35423;201300039320;13;7;15;1225;1;2;3;1.0;5;26;14, PR?SIDENT PAUL DOUME;;;;920
35424;201300039321;13;7;5;1730;1;2;1;1.0;3;26;88, MARECHAL JOFFRE (QUA;;;;920
35425;201300039322;13;7;17;2155;5;2;2;1.0;7;26;GAULTIER;;;;920
35426;201300039323;13;7;19;1020;1;2;1;1.0;6;26;38, BAUDIN;;;;920
35427;201300039324;13;7;30;1430;1;2;1;1.0;7;26;1, H?TEL DE VILLE (RUE);;;;920
35428;201300039327;13;8;22;1035;1;2;3;1.0;2;26;COLOMBES;;;;920
35429;201300039328;13;8;27;915;1;2;2;1.0;3;26;-----, MISSION MARCHAND;;;;920
35430;201300039329;13;8;30;405;5;2;1;1.0;2;26;46, VERDUN (DE 01 A 61);;;;920
35431;201300039330;13;8;29;1510;1;2;1;1.0;6;26;47, ALMA;;;;920
35432;201300039331;13;9;3;1700;1;2;9;1.0;6;26;10, SAINT DENIS BD (120;;;;920