;Num_Acc;an;mois;jour;hrmn;lum;agg;int;atm;col;com;adr;gps;lat;long;dep
35433;201300039333;13;9;4;1740;1;2;1;1.0;3;26;14, VERDUN (DE 01 A 61);;;;920
35434;201300039334;13;9;6;925;1;2;1;2.0;6;26;12, VERDUN (DE 01 A 61);;;;920
35435;201300039335;13;9;7;1255;1;2;9;1.0;6;26;61, ALMA;;;;920
35436;201300039336;13;9;7;1845;1;2;2;1.0;3;26;PAIX;;;;920
35437;201300039337;13;9;5;1750;1;2;2;1.0;2;26;PAIX;;;;920
35438;201300039338;13;9;10;1550;1;2;3;2.0;2;26;199, SAINT DENIS BD (120;;;;920
35439;201300039339;13;9;18;900;1;2;2;1.0;6;26;JEAN-PIERRE TIMBAUD;;;;920
35440;201300039340;13;9;17;1920;1;2;1;2.0;7;26;147, ARMAND SILVESTRE (D;;;;920
35441;201300039341;13;9;18;1310;1;2;1;1.0;6;26;165, SAINT DENIS BD (120;;;;920
35442;201300039342;13;9;20;1325;1;2;1;8.0;3;26;77, CAPITAINE GUYNEMER;;;;920
35443;201300039343;13;9;23;930;1;2;1;1.0;3;26;8, BEZONS  (DE 01 A 22);;;;920
35444;201300039344;13;9;28;310;5;2;2;8.0;2;26;34 BIS, MARCEAU;;;;920
35445;201300039345;13;9;28;920;1;2;3;2.0;3;26;VERDUN (DE 62 A FIN);;;;920
35446;201300039347;13;10;1;1050;1;2;2;8.0;6;26;107, VERDUN (DE 62 A FIN;;;;920
35447;201300039348;13;10;2;1500;1;2;3;1.0;2;26;66, JOFFRE ( DE 52 A FIN;;;;920
35448;201300039349;13;10;3;1730;1;2;1;1.0;6;26;8, ABREUVOIR;;;;920
35449;201300039351;13;10;17;835;1;2;1;1.0;6;26;71 BIS, NORMANDIE;;;;920
35450;201300039352;13;10;18;1500;1;2;1;8.0;6;26;2, SEBASTOPOL;;;;920
35451;201300039353;13;10;21;920;1;2;3;1.0;3;26;SAINT DENIS BD (120 A 17;;;;920
35452;201300039354;13;10;28;1210;1;2;3;6.0;4;26;MARECHAL JOFFRE (QUAI DU;;;;920
35453;201300039355;13;10;30;2040;5;2;4;1.0;6;26;PR?SIDENT PAUL DOUMER (Q;;;;920
35454;201300039356;13;10;31;1015;1;2;1;1.0;7;26;8, BEZONS  (DE 01 A 22);;;;920
35455;201300039357;13;11;12;1700;1;2;1;8.0;6;26;29, ARISTIDE BRIAND;;;;920
35456;201300039360;13;11;19;2030;5;2;3;1.0;3;26;VERDUN (DE 62 A FIN);;;;920
35457;201300039362;13;11;27;1620;1;2;1;1.0;6;26;252, SAINT DENIS BD (120;;;;920
35458;201300039363;13;12;4;950;1;2;1;1.0;6;26;08 BIS, PAIX;;;;920
35459;201300039364;13;12;4;1745;2;2;1;1.0;2;26;6, VERDUN (DE 01 A 61);;;;920
35460;201300039365;13;12;6;630;5;2;2;1.0;3;26;VERDUN (DE 62 A FIN);;;;920
35461;201300039366;13;12;8;1400;1;2;2;1.0;3;26;----------, VERDUN (DE 6;;;;920
35462;201300039367;13;12;9;1850;5;2;1;1.0;4;26;41, PR?SIDENT PAUL DOUME;;;;920
35463;201300039368;13;12;13;200;5;2;3;1.0;5;26;PR?SIDENT PAUL DOUMER (Q;;;;920
35464;201300039369;13;12;18;1025;1;2;4;1.0;3;26;COLOMBES;;;;920
35465;201300039370;13;12;19;1855;2;2;1;2.0;7;26;25, PR?SIDENT PAUL DOUME;;;;920
35466;201300039371;13;12;27;1650;1;2;1;1.0;3;26;38, ETUDIANTS;;;;920
35467;201300039372;13;12;24;935;1;2;1;6.0;7;26;NEPTUNE;;;;920
35468;201300039373;13;1;8;1840;5;2;1;1.0;3;35;49-51, R?publique ( boul;;;;920
35469;201300039374;13;1;17;940;1;2;1;1.0;2;35;3, R?publique ( boulevar;;;;920
35470;201300039375;13;1;25;1500;1;2;6;1.0;6;35;9, Souvenir Fran?ais ( r;;;;920
35471;201300039376;13;1;26;1530;1;2;3;1.0;6;35;25, Arriv?e ( rue de l';;;;920
35472;201300039377;13;1;28;915;1;2;5;1.0;7;35;face 33, G?n?ral de Gaul;;;;920
35473;201300039379;13;1;18;1110;1;2;5;1.0;2;35;87, National ( boulevard;;;;920
35474;201300039380;13;2;28;1915;5;2;3;1.0;1;35;22 bis, L?on Maurice Nor;;;;920
35475;201300039381;13;3;13;1415;1;2;1;1.0;6;35;7-9, National ( boulevar;;;;920
35476;201300039383;13;3;22;2145;5;2;1;1.0;7;35;19, Verdun 1916 ( avenue;;;;920
35477;201300039384;13;3;26;1225;1;2;6;1.0;7;35;120, G?n?ral de Gaulle;;;;920
35478;201300039385;13;3;29;950;1;2;5;1.0;4;35;G?n?ral de Gaulle  ( ave;;;;920
35479;201300039386;13;4;14;1926;1;2;3;1.0;2;35;103, G?n?ral de Gaulle;;;;920
35480;201300039387;13;4;30;1635;1;2;1;1.0;5;35;41 bis, R?publique ( bou;;;;920
35481;201300039388;13;5;11;1330;1;2;2;1.0;3;35;13, Verdun 1916 ( avenue;;;;920
35482;201300039389;13;6;12;2305;5;2;2;1.0;3;35;42, R?publique ( bouleva;;;;920
35483;201300039390;13;6;3;845;1;2;1;1.0;6;35;181, Pierre Joigneaux (;;;;920
35484;201300039391;13;6;11;1750;1;2;4;1.0;1;35;70, R?publique ( bouleva;;;;920
35485;201300039392;13;7;24;1445;1;2;5;1.0;3;35;39, G?n?ral de Gaulle  (;;;;920
35486;201300039393;13;8;28;1035;1;2;1;1.0;6;35;90, Europe ( avenue de l;;;;920
35487;201300039394;13;8;30;840;1;2;1;1.0;2;35;86, G?n?ral de Gaulle  (;;;;920
35488;201300039395;13;10;28;1655;1;2;6;1.0;6;35;52 bis, R?publique ( bou;;;;920
35489;201300039396;13;11;8;720;2;2;2;2.0;6;35;13, Verdun 1916 ( avenue;;;;920
35490;201300039397;13;11;12;905;1;2;5;2.0;3;35;78, R?publique ( bouleva;;;;920
35491;201300039399;13;11;25;845;1;2;1;1.0;2;35;91, National ( boulevard;;;;920
35492;201300039400;13;12;14;105;5;2;4;2.0;7;35;91, National ( boulevard;;;;920
35493;201300039401;13;12;14;2105;3;2;1;1.0;6;35;41, R?publique ( bouleva;;;;920
35494;201300039402;13;12;24;725;5;2;1;2.0;6;35;91, National ( boulevard;;;;920
35495;201300039404;13;1;2;2310;5;2;2;2.0;6;36;0, LOUIS ROCHE (AVENUE);;;;920
35496;201300039405;13;1;8;1540;1;2;1;1.0;7;36;34, PIERRE TIMBAUD (RUE);;;;920
35497;201300039406;13;1;9;1230;1;2;1;1.0;4;36;0, DEQUEVAUVILLIERS (BOU;;;;920
35498;201300039407;13;1;10;725;1;2;2;2.0;6;36;0, CAMELINAT (BOULEVARD);;;;920
35499;201300039408;13;1;14;1915;5;2;2;1.0;3;36;0, MARCEL PAUL (AVENUE);;;;920
35500;201300039409;13;1;15;1325;1;1;1;4.0;7;36;0, bretelle de sortie A8;;;;920
35501;201300039410;13;1;15;1430;1;2;6;1.0;6;36;0, PIERRE TIMBAUD (ROND;;;;920
35502;201300039411;13;1;16;755;2;2;1;1.0;6;36;0, LAURENT CELY (AVENUE);;;;920
35503;201300039412;13;1;18;1255;1;2;2;1.0;3;36;0, CABOEUFS (RUE DES) (1;;;;920
35504;201300039413;13;1;21;1830;5;1;1;4.0;4;36;21/23, LOUIS CALMEL (RUE;;;;920
35505;201300039414;13;2;4;1920;5;1;2;1.0;2;36;0, BOULEVARD INTERCOMMUN;;;;920
35506;201300039415;13;2;5;1630;1;2;1;1.0;6;36;41, GRESILLONS (AVENUE D;;;;920
35507;201300039416;13;2;8;1315;1;2;1;1.0;6;36;0, LOUIS ROCHE (AVENUE);;;;920
35508;201300039417;13;2;18;1630;1;2;3;1.0;6;36;0, DEQUEVAUVILLIERS (BOU;;;;920
35509;201300039418;13;2;19;1750;1;2;6;1.0;6;36;0, PIERRE DE COUBERTIN (;;;;920
35510;201300039419;13;2;21;930;1;2;3;1.0;1;36;0, GRESILLONS (AVENUE DE;;;;920
35511;201300039420;13;2;26;830;1;2;1;1.0;7;36;19, DESLANDES (2);;;;920
35512;201300039421;13;2;26;2120;5;2;1;1.0;2;36;0, BOULEVARD INTERCOMMUN;;;;920
35513;201300039422;13;3;1;835;1;2;1;1.0;2;36;1, JEAN JAURES (RUE) (2);;;;920
35514;201300039423;13;3;5;1940;1;2;1;1.0;6;36;0, GRESILLONS (AVENUE DE;;;;920
35515;201300039424;13;3;8;1025;1;2;3;1.0;6;36;0, FELICIE (RUE);;;;920
35516;201300039426;13;3;27;920;1;2;1;1.0;7;36;18, REPUBLIQUE (AVENUE D;;;;920
35517;201300039428;13;3;29;150;5;2;3;1.0;7;36;0, MARCEL PAUL (AVENUE);;;;920
35518;201300039429;13;4;8;1615;1;2;1;1.0;3;36;133, LOUIS ROCHE (AVENUE;;;;920
35519;201300039430;13;4;13;830;1;1;1;1.0;6;36;0, MARCEL PAUL (AVENUE);;;;920
35520;201300039431;13;4;13;2130;1;2;3;1.0;7;36;0, LOUIS ROCHE (AVENUE);;;;920
35521;201300039432;13;4;19;1710;1;2;1;2.0;7;36;171, GRESILLONS (AVENUE;;;;920
35522;201300039433;13;4;22;1910;1;2;1;1.0;6;36;54, PAUL VAILLANT COUTUR;;;;920
35523;201300039434;13;4;23;1320;1;2;1;1.0;3;36;0, GRESILLONS (AVENUE DE;;;;920
35524;201300039435;13;5;2;1430;1;2;1;1.0;2;36;0, ADRIENNE (RUE);;;;920
35525;201300039436;13;5;5;720;1;2;1;1.0;6;36;38, LOUIS CASTEL (RUE) (;;;;920
35526;201300039437;13;5;13;1710;1;2;1;1.0;6;36;75, CHANDON (AVENUE) (65;;;;920
35527;201300039439;13;5;27;1430;1;2;1;1.0;6;36;28, PIERRE TIMBAUD (RUE);;;;920
35528;201300039440;13;5;30;1325;1;2;1;1.0;3;36;16, CAMELINAT (BOULEVARD;;;;920
35529;201300039441;13;6;3;1715;1;2;1;1.0;2;36;0, BOULEVARD INTERCOMMUN;;;;920
35530;201300039442;13;6;4;1335;1;2;1;1.0;6;36;12, GABRIEL PERI (AVENUE;;;;920
35531;201300039443;13;6;8;1805;1;2;1;1.0;7;36;0, MARCEL PAUL (AVENUE);;;;920
35532;201300039444;13;6;9;830;1;2;3;1.0;3;36;BAS (RUE DES) (78 & +);;;;920
35533;201300039445;13;6;12;1525;1;2;1;1.0;4;36;15, GRESILLONS (QUAI DES;;;;920
35534;201300039446;13;6;13;1550;1;2;2;2.0;3;36;0, GRESILLONS (AVENUE DE;;;;920
35535;201300039449;13;6;22;1655;1;2;1;1.0;6;36;24, GABRIEL PERI (AVENUE;;;;920
35536;201300039450;13;6;24;510;2;2;1;2.0;6;36;171/189, GRESILLONS (AVE;;;;920
35537;201300039451;13;7;5;1015;1;2;1;1.0;6;36;54, LOUIS ROCHE (AVENUE);;;;920
35538;201300039452;13;7;9;1645;1;2;1;1.0;6;36;177, GABRIEL PERI (AVENU;;;;920
35539;201300039453;13;7;10;1625;1;1;2;1.0;3;36;0, BOULEVARD INTERCOMMUN;;;;920
35540;201300039454;13;7;10;1855;1;1;2;1.0;3;36;0, BOULEVARD INTERCOMMUN;;;;920
35541;201300039455;13;7;15;1850;1;2;1;1.0;3;36;27-41, LOUISE MICHEL (IM;;;;920
35542;201300039456;13;7;16;1610;1;2;1;1.0;6;36;0, GENERAL DE GAULLE (AV;;;;920
35543;201300039457;13;7;17;1820;1;2;1;1.0;3;36;159, GABRIEL PERI (AVENU;;;;920
35544;201300039458;13;7;26;2230;4;1;2;1.0;1;36;0, HENRI BARBUSSE (RUE);;;;920
35545;201300039459;13;7;27;1120;1;1;2;1.0;3;36;0, BOULEVARD INTERCOMMUN;;;;920
35546;201300039460;13;7;29;1935;1;2;1;1.0;6;36;163, LOUIS ROCHE (AVENUE;;;;920
35547;201300039462;13;8;13;630;1;2;1;1.0;6;36;137, GABRIEL PERI (AVENU;;;;920
35548;201300039463;13;8;6;1410;1;2;1;1.0;6;36;88, LOUIS CALMEL (RUE) (;;;;920
35549;201300039464;13;8;14;1555;1;2;4;1.0;2;36;0, LOUIS ROCHE (AVENUE);;;;920
35550;201300039465;13;8;19;1045;1;2;2;1.0;3;36;0, LOUIS ROCHE (AVENUE);;;;920
35551;201300039466;13;8;23;2015;1;2;1;1.0;6;36;0, GENEAL DE GAULLE (AVE;;;;920
35552;201300039467;13;9;3;1935;1;2;1;7.0;3;36;10, LOUVRESSES (AVENUE);;;;920
35553;201300039468;13;9;6;1857;1;2;1;1.0;6;36;69, GABRIEL PERI (AVENUE;;;;920
35554;201300039470;13;9;8;1840;1;2;1;1.0;7;36;0, GABRIEL PERI (AVENUE);;;;920
35555;201300039471;13;9;11;635;3;2;1;2.0;6;36;33-35, VICTOR HUGO (RUE);;;;920
35556;201300039472;13;9;15;420;5;2;1;1.0;7;36;24, HENRI BARBUSSE (RUE);;;;920
35557;201300039473;13;9;20;850;1;2;2;1.0;6;36;44, LOUIS ROCHE (AVENUE);;;;920
35558;201300039474;13;9;20;2200;5;2;1;1.0;6;36;30, GENERAL DE GAULLE (A;;;;920
35559;201300039475;13;9;22;1207;1;2;1;1.0;2;36;0, ARGENTEUIL (AVENUE D';;;;920
35560;201300039476;13;9;25;900;1;2;1;1.0;3;36;0, MOULIN DE CAGE (QUAI;;;;920
35561;201300039477;13;9;27;800;1;2;1;1.0;7;36;0, MOLE N?1 (ROUTE OUEST;;;;920
35562;201300039478;13;9;28;805;1;2;1;2.0;6;36;99, LAURENT CELY (AVENUE;;;;920
35563;201300039479;13;9;28;1220;1;2;1;1.0;6;36;55, COUTURE D'AUXERRE (R;;;;920
35564;201300039481;13;10;4;1810;1;2;1;1.0;6;36;10, HENRI BARBUSSE (RUE);;;;920
35565;201300039482;13;10;5;1505;1;2;1;1.0;3;36;123, HENRI BARBUSSE (RUE;;;;920
35566;201300039483;13;10;14;2230;5;2;1;1.0;1;36;12, GENERAL DE GAULLE (A;;;;920
35567;201300039484;13;10;15;1245;1;2;1;1.0;6;36;60, MARCEL PAUL (AVENUE);;;;920
35568;201300039485;13;10;17;1650;1;2;1;1.0;6;36;0, GRESILLONS (AVENUE DE;;;;920
35569;201300039486;13;10;21;2020;1;2;2;2.0;7;36;0, LOUIS ROCHE (AVENUE);;;;920
35570;201300039487;13;10;25;1740;1;2;1;2.0;6;36;0, MERCIERES (ROUTE DES);;;;920
35571;201300039488;13;10;25;2315;5;2;2;1.0;3;36;0, LOUIS ROCHE (AVENUE);;;;920
35572;201300039489;13;11;4;1300;1;2;1;1.0;6;36;0, PIERRE TIMBAUD (RUE);;;;920
35573;201300039490;13;11;5;1215;1;2;1;1.0;6;36;0, LAURENT CELY (AVENUE);;;;920
35574;201300039491;13;11;6;1000;1;2;1;1.0;6;36;14, FOSSE BLANC (RUE DU);;;;920
35575;201300039492;13;11;8;915;1;2;1;1.0;2;36;31, LOUIS ROCHE (AVENUE);;;;920
35576;201300039493;13;11;9;1000;1;2;3;1.0;6;36;0, RETROU (RUE);;;;920
35577;201300039494;13;11;12;710;2;2;1;1.0;6;36;0, BASSIN N?6 (ROUTE DU);;;;920
35578;201300039495;13;11;12;1500;1;2;1;2.0;6;36;56, PIERRE TIMBAUD (RUE);;;;920
35579;201300039496;13;11;12;1810;4;2;1;2.0;6;36;0, GENEAL DE GAULLE (AVE;;;;920
35580;201300039497;13;11;14;745;1;2;1;1.0;6;36;0, MARCEL PAUL (AVENUE);;;;920
35581;201300039498;13;11;20;1800;5;2;2;2.0;6;36;0, LUCIEN LANTERNIER (AV;;;;920
35582;201300039499;13;11;27;820;1;2;3;1.0;6;36;0, MARCEL PAUL (AVENUE);;;;920
35583;201300039500;13;11;27;1645;1;2;1;1.0;6;36;12, GENERAL DE GAULLE (A;;;;920
35584;201300039501;13;11;28;1605;1;2;1;1.0;6;36;10-12, LOUISE MICHEL (IM;;;;920
35585;201300039502;13;11;29;1705;5;2;1;1.0;6;36;2, CAMELINAT (BOULEVARD);;;;920
35586;201300039503;13;12;1;530;5;2;2;1.0;3;36;0, BOULEVARD INTERCOMMUN;;;;920
35587;201300039504;13;12;4;1845;5;2;1;1.0;6;36;19, DESLANES (RUE) (1);;;;920
35588;201300039505;13;12;5;550;5;2;1;1.0;6;36;22, PETITS MARAIS (CHEMI;;;;920
35589;201300039506;13;12;9;1820;5;2;2;1.0;3;36;0, MARCEL PAUL (AVENUE);;;;920
35590;201300039507;13;12;13;1815;5;2;1;1.0;6;36;112, GENERAL DE GAULLE (;;;;920
35591;201300039508;13;12;14;1310;1;2;3;1.0;6;36;0, LOUIS ROCHE (AVENUE);;;;920
35592;201300039509;13;12;14;1925;5;2;1;1.0;2;36;9, FELICIE (RUE);;;;920
35593;201300039511;13;12;23;1830;5;2;1;1.0;6;36;10, COUTURE D'AUXERRE (R;;;;920
35594;201300039512;13;1;2;1920;5;2;1;1.0;3;40;14 bis, RODIN (BOULEVARD;;;;920
35595;201300039513;13;1;7;1705;1;2;1;1.0;7;40;37, PDT ROOSEVELT (QUAI;;;;920
35596;201300039514;13;3;22;1630;1;2;2;1.0;6;40;12, REPUBLIQUE (AVENUE D;;;;920
35597;201300039515;13;1;10;1045;1;2;1;2.0;3;40;10, ERNEST RENAN;;;;920
35598;201300039516;13;1;14;1100;1;2;1;1.0;7;40;319, STALINGRAD (QUAI DE;;;;920
35599;201300039517;13;1;23;1420;1;2;1;2.0;3;40;xxx, 8 MAI 1945 (PLACE D;;;;920
35600;201300039518;13;1;15;750;2;2;4;8.0;6;40;66, PAIX (AVENUE DE LA);;;;920
35601;201300039519;13;1;31;845;1;2;3;8.0;3;40;xxx, ERNEST RENAN;;;;920
35602;201300039520;13;1;31;915;1;2;1;1.0;6;40;15, VOLTAIRE (BOULEVARD);;;;920
35603;201300039521;13;2;2;831;1;2;1;2.0;3;40;245, STALINGRAD (QUAI DE;;;;920
35604;201300039522;13;2;4;826;1;2;1;1.0;6;40;xxx, LEON BLUM (PLACE);;;;920
35605;201300039523;13;2;12;851;1;2;3;8.0;2;40;xx, EGALITE ( DE L');;;;920
35606;201300039524;13;2;19;1300;1;2;1;1.0;3;40;75, GALLIENI (BOULEVARD);;;;920
35607;201300039525;13;2;20;830;1;2;1;1.0;3;40;1, ETIENNE DOLET;;;;920
35608;201300039526;13;3;3;1835;2;2;3;1.0;3;40;XXX, VICTOR CRESSON (AVE;;;;920
35609;201300039527;13;3;6;1945;5;2;2;2.0;3;40;22, ERNEST RENAN;;;;920
35610;201300039528;13;4;10;905;1;2;1;2.0;6;40;107, RODIN (BOULEVARD);;;;920
35611;201300039529;13;4;10;925;1;2;1;2.0;6;40;82, RODIN (BOULEVARD);;;;920
35612;201300039530;13;4;16;845;1;2;1;1.0;2;40;289, STALINGRAD (QUAI DE;;;;920
35613;201300039531;13;4;16;1525;1;2;3;1.0;6;40;XXX, GAMBETTA (BOULEVARD;;;;920
35614;201300039532;13;4;18;1230;1;2;1;1.0;3;40;2, GAMBETTA (BOULEVARD);;;;920
35615;201300039533;13;4;18;2015;2;2;1;1.0;2;40;41, GENERAL DE GAULLE (A;;;;920
35616;201300039535;13;4;24;1925;1;2;1;1.0;3;40;99, PDT ROOSEVELT (QUAI;;;;920
35617;201300039536;13;5;24;850;1;2;1;1.0;6;40;103/105, GENERAL DE GAUL;;;;920
35618;201300039537;13;6;3;1605;1;2;2;1.0;2;40;xx, DIDEROT;;;;920
35619;201300039538;13;6;8;2210;5;2;2;3.0;3;40;xx, MARCEL SEMBAT;;;;920
35620;201300039539;13;6;12;1030;1;2;1;1.0;6;40;xx, VICTOR CRESSON (AVEN;;;;920
35621;201300039540;13;6;16;1815;1;1;1;1.0;2;40;11, GENERAL LECLERC (DU);;;;920
35622;201300039541;13;6;14;1900;1;2;1;1.0;3;40;3, ROUGET DE L'ISLE;;;;920
35623;201300039542;13;6;19;1630;1;2;1;1.0;3;40;33, JEAN-PIERRE TIMBAUD;;;;920
35624;201300039543;13;6;25;950;1;2;1;9.0;6;40;3, SAINTE LUCIE (ALLEE);;;;920
35625;201300039544;13;7;2;1930;2;2;1;8.0;2;40;18 TER, RODIN (BOULEVARD;;;;920
35626;201300039545;13;7;8;825;1;2;1;1.0;6;40;63, VICTOR CRESSON (AVEN;;;;920
35627;201300039546;13;7;15;2005;1;2;1;1.0;3;40;58, EGALITE ( DE L');;;;920
35628;201300039547;13;7;23;1740;1;2;1;1.0;3;40;50, GALLIENI (BOULEVARD);;;;920
35629;201300039548;13;7;26;700;2;2;1;3.0;6;40;32, GALLIENI (BOULEVARD);;;;920
35630;201300039549;13;7;31;1820;1;2;1;1.0;4;40;33, ARISTIDE BRIAND;;;;920
35631;201300039550;13;8;1;1230;1;2;1;1.0;2;40;161, JEAN JACQUES ROUSSE;;;;920
35632;201300039551;13;9;2;850;1;2;3;1.0;3;40;XX, GENERAL LECLERC;;;;920
35633;201300039552;13;9;4;1005;1;2;1;1.0;3;40;10, JEAN JAURES (AVENUE);;;;920
35634;201300039553;13;9;5;1245;1;2;2;1.0;3;40;XX, CAMILLE DESMOULINS;;;;920
35635;201300039554;13;9;4;1520;1;2;3;1.0;7;40;XX, TELLES DE LA POTERIE;;;;920
35636;201300039555;13;9;5;1530;1;2;1;1.0;6;40;28, VICTOR CRESSON (AVEN;;;;920
35637;201300039556;13;9;9;2030;5;2;2;8.0;3;40;xx, GENERAL LECLERC;;;;920
35638;201300039557;13;9;13;750;1;2;1;2.0;6;40;75, GALLIENI (BOULEVARD);;;;920
35639;201300039558;13;9;13;925;1;2;1;2.0;6;40;21, GAMBETTA (BOULEVARD);;;;920
35640;201300039560;13;9;22;1945;5;2;2;1.0;3;40;XX, GALLIENI (BOULEVARD);;;;920
35641;201300039561;13;9;17;1840;1;2;1;2.0;6;40;6, LEON BLUM (PLACE);;;;920
35642;201300039562;13;9;19;820;1;2;1;1.0;3;40;68/70, RODIN (BOULEVARD);;;;920
35643;201300039563;13;9;20;2015;5;2;1;1.0;4;40;39, PDT ROOSEVELT (QUAI;;;;920
35644;201300039564;13;9;25;930;1;2;1;1.0;2;40;172, STALINGRAD (QUAI DE;;;;920
35645;201300039565;13;9;25;1600;1;2;2;1.0;6;40;XX, VICTOR CRESSON (AVEN;;;;920
35646;201300039566;13;9;25;1620;1;2;1;1.0;6;40;ILES (BOULEVARD DES);;;;920
35647;201300039567;13;9;28;710;2;2;3;2.0;3;40;FRERES VOISIN (BOULEVARD;;;;920
35648;201300039568;13;9;28;1130;1;2;2;1.0;1;40;XX, PAIX (AVENUE DE LA);;;;920
35649;201300039569;13;10;7;2100;5;2;1;1.0;3;40;65, GENERAL LECLERC (DU);;;;920
35650;201300039570;13;10;15;720;5;2;2;1.0;7;40;XX, GARIBALDI (BOULEVARD;;;;920
35651;201300039572;13;10;17;1240;1;2;2;1.0;6;40;VAUDETARD;;;;920
35652;201300039573;13;10;24;810;2;2;1;1.0;7;40;2, DOCTEUR LOMBARD (DU);;;;920
35653;201300039574;13;10;22;1700;1;2;2;2.0;3;40;XX, PAIX (AVENUE DE LA);;;;920
35654;201300039575;13;10;31;1;5;2;1;1.0;6;40;115, RODIN (BOULEVARD);;;;920
35655;201300039576;13;11;4;840;1;2;1;1.0;6;40;113, VERDUN (AVENUE DE);;;;920
35656;201300039577;13;11;8;1055;1;2;1;2.0;2;40;18, BOURGAIN (AVENE);;;;920
35657;201300039578;13;12;31;855;1;2;1;1.0;6;40;02, PAUL-VAILLANT COUTUR;;;;920
35658;201300039579;13;11;20;1800;5;2;1;2.0;6;40;28, GAMBETTA (BOULEVARD);;;;920
35659;201300039580;13;11;18;1730;5;2;1;1.0;3;40;35, VICTOR CRESSON (AVEN;;;;920
35660;201300039581;13;11;27;720;2;2;1;1.0;5;40;XX, GAMBETTA (BOULEVARD);;;;920
35661;201300039582;13;12;2;1900;5;2;1;1.0;6;40;6 bis, QUATRE SEPTEMBRE;;;;920
35662;201300039583;13;12;2;1405;1;2;6;1.0;6;40;xx, VICTOR HUGO (ROND-PO;;;;920
35663;201300039585;13;12;16;2025;5;2;1;1.0;6;40;190, STALINGRAD (QUAI DE;;;;920
35664;201300039586;13;12;10;900;1;2;3;1.0;2;40;xx, LEON BLUM (PLACE);;;;920
35665;201300039587;13;12;12;1820;5;2;2;1.0;3;40;xx, GOUVERNEUR GAL EBOUE;;;;920
35666;201300039588;13;12;9;2030;5;2;2;1.0;3;40;xx, GALLIENI (BOULEVARD);;;;920
35667;201300039589;13;12;20;815;1;2;2;1.0;6;40;xx, CAMILLE DESMOULINS;;;;920
35668;201300039590;13;12;22;540;5;2;1;2.0;6;40;141, RODIN (BOULEVARD);;;;920
35669;201300039591;13;1;3;1130;1;2;5;1.0;2;44;54, VILLIERS(RUE DE)  54;;;;920
35670;201300039592;13;11;20;1345;1;2;1;1.0;7;44;99, DANTON(RUE)75A123 ET;;;;920
35671;201300039593;13;1;7;1225;1;2;3;1.0;3;44;16, MATHILDE GIRAULT (RU;;;;920
35672;201300039594;13;1;14;650;5;2;1;1.0;6;44;02, MICHELET(QUAI) 2 A 3;;;;920
35673;201300039595;13;1;16;1025;1;2;1;1.0;6;44;140, ARISTIDE BRIAND(RUE;;;;920
35674;201300039596;13;1;15;1240;1;2;1;4.0;6;44;56, VILLIERS(RUE DE)  54;;;;920
35675;201300039597;13;1;18;1400;1;2;2;1.0;3;44;78, J. GUESDES(RUE)103A1;;;;920
35676;201300039598;13;1;19;1845;2;2;1;2.0;7;44;23, ALSACE (RUE) N?19 +;;;;920
35677;201300039599;13;1;24;1345;1;2;1;1.0;7;44;32, MICHELET (QUAI) 32 A;;;;920
35678;201300039600;13;2;1;1445;1;2;1;1.0;6;44;105, LOUIS ROUQUIER (RUE;;;;920
35679;201300039601;13;2;5;1240;1;2;2;1.0;3;44;113, JEAN JAURES(RUE)101;;;;920
35680;201300039602;13;2;6;1652;1;2;1;1.0;6;44;3, GABRIEL PERI(RUE) 1A2;;;;920
35681;201300039603;13;2;10;1400;1;2;2;2.0;3;44;54, ARISTIDE BRIAND(RUE);;;;920
35682;201300039604;13;2;15;1025;1;2;4;2.0;3;44;105, P.V.COUTURIER(RUE)8;;;;920
35683;201300039605;13;2;16;1155;1;2;1;1.0;6;44;2, ANTONIN RAYNAUD(RUE);;;;920
35684;201300039606;13;2;27;1225;1;2;1;1.0;7;44;97, JEAN JAURES(RUE) 57A;;;;920
35685;201300039607;13;3;4;1400;1;2;1;1.0;3;44;18, VILLIERS(RUE DE)  2A;;;;920
35686;201300039608;13;3;4;1450;1;2;2;1.0;6;44;81, LOUIS ROUQUIER(RUE)4;;;;920
35687;201300039609;13;3;14;1750;2;2;1;1.0;6;44;69, VIC. HUGO(RUE)069A07;;;;920
35688;201300039610;13;3;5;835;1;2;2;1.0;6;44;VIC. HUGO(RUE)077A089 ET;;;;920
35689;201300039612;13;3;10;1900;1;2;2;1.0;6;44;28, GEO.POMPIDOU(AVE) 21;;;;920
35690;201300039613;13;3;19;1200;1;2;1;1.0;6;44;93, ARISTIDE BRIAND(RUE);;;;920
35691;201300039614;13;3;22;2315;4;2;2;1.0;3;44;38, GABRIEL PERI(RUE) 25;;;;920
35692;201300039615;13;3;24;1200;1;2;4;1.0;3;44;117, VIC. HUGO(RUE)091A1;;;;920
35693;201300039616;13;4;3;1800;1;2;1;1.0;2;44;154, DANTON(RUE)75A123 E;;;;920
35694;201300039617;13;4;8;740;1;2;3;1.0;7;44;49, KLEBER (RUE);;;;920
35695;201300039618;13;4;10;900;1;2;1;1.0;2;44;13, ALSACE (RUE) N?1 A 1;;;;920
35696;201300039619;13;4;25;915;1;2;2;1.0;6;44;25, DANTON(RUE)125+ ET 1;;;;920
35697;201300039620;13;4;13;915;1;2;2;1.0;6;44;132, PDTWILSOO(RUE)151A1;;;;920
35698;201300039621;13;4;28;1200;1;2;1;1.0;6;44;77, VOLTAIRE(RUE)53A81 E;;;;920
35699;201300039623;13;5;27;1650;1;2;1;1.0;6;44;18, ANA. FRANCE(RUE)1A75;;;;920
35700;201300039624;13;4;30;1310;1;2;1;1.0;3;44;56, VOLTAIRE(RUE)53A81 E;;;;920