;Num_Acc;an;mois;jour;hrmn;lum;agg;int;atm;col;com;adr;gps;lat;long;dep
35701;201300039625;13;5;23;1730;1;2;2;1.0;6;44;18, ALSACE (RUE) N?1 A 1;;;;920
35702;201300039626;13;6;3;1855;2;2;2;1.0;3;44;7, KLEBER (RUE);;;;920
35703;201300039627;13;6;6;10;5;2;1;1.0;6;44;1, HENRI BARBUSSE (PLACE;;;;920
35704;201300039628;13;6;10;1420;1;2;1;1.0;2;44;120, VIC. HUGO(RUE)091A1;;;;920
35705;201300039629;13;6;20;1000;1;2;1;1.0;6;44;7, GEO.POMPIDOU(AVE) 1A1;;;;920
35706;201300039630;13;6;20;1435;1;2;2;1.0;3;44;78, MARIUS AUFAN(RUE) 1A;;;;920
35707;201300039631;13;6;8;1340;1;2;2;1.0;3;44;34, ARISTIDE BRIAND(RUE);;;;920
35708;201300039632;13;6;29;336;5;2;1;1.0;3;44;18, BINEAU (BOULEVARD);;;;920
35709;201300039633;13;7;1;1530;1;2;1;1.0;6;44;58, VIC. HUGO(RUE)001A06;;;;920
35710;201300039634;13;7;2;1900;1;2;1;1.0;6;44;9, LORRAINE (RUE DE);;;;920
35711;201300039635;13;7;7;40;5;2;1;1.0;6;44;26, P.V.COUTURIER(RUE)1A;;;;920
35712;201300039636;13;7;8;925;1;2;3;1.0;6;44;39, DEGUINGAND(RUE);;;;920
35713;201300039637;13;7;15;1310;1;2;1;1.0;3;44;78, VIC. HUGO(RUE)077A08;;;;920
35714;201300039638;13;6;8;200;5;2;1;1.0;2;44;25, VOLTAIRE(RUE)1A51 ET;;;;920
35715;201300039639;13;6;5;2000;1;2;2;1.0;3;44;MARIUS AUFAN(RUE) 1A67 E;;;;920
35716;201300039640;13;7;20;1815;1;2;1;1.0;6;44;40, PDT WILSON(RUE)23A49;;;;920
35717;201300039641;13;7;30;1945;1;2;1;1.0;6;44;46, GABRIEL PERI(RUE) 25;;;;920
35718;201300039642;13;8;3;440;5;2;1;1.0;7;44;160, VIC. HUGO(RUE)115A1;;;;920
35719;201300039644;13;9;4;920;1;2;1;1.0;6;44;126, ARISTIDE BRIAND(RUE;;;;920
35720;201300039645;13;9;9;1740;1;2;2;2.0;3;44;86, PDT WILSON(RUE) 2A24;;;;920
35721;201300039646;13;9;12;1400;1;2;1;1.0;7;44;55, VOLTAIRE(RUE)53A81 E;;;;920
35722;201300039647;13;9;11;1335;1;1;9;9.0;6;44;36, ALSACE (RUE) N?19 +;;;;920
35723;201300039648;13;8;26;2310;5;2;1;1.0;6;44;160, VIC. HUGO(RUE)115A1;;;;920
35724;201300039650;13;9;25;1105;1;2;1;1.0;6;44;29, CARNOT(RUE) 43A71 ET;;;;920
35725;201300039651;13;10;1;1240;1;2;2;1.0;6;44;147, ANA.FRANCE(RUE) 141;;;;920
35726;201300039652;13;10;11;1240;1;2;2;1.0;6;44;147, ANA.FRANCE(RUE) 141;;;;920
35727;201300039653;13;10;10;1715;1;2;1;2.0;6;44;42, LOUIS ROUQUIER(RUE);;;;920
35728;201300039654;13;10;11;2000;2;2;5;1.0;1;44;90, VIC. HUGO(RUE)077A08;;;;920
35729;201300039655;13;10;12;1245;1;2;2;1.0;2;44;34, TREBOIS(RUE);;;;920
35730;201300039656;13;11;3;1425;1;2;2;1.0;1;44;143, ANA.FRANCE(RUE) 141;;;;920
35731;201300039657;13;11;5;900;1;2;6;1.0;3;44;90, MICHELET (QUAI) 58 A;;;;920
35732;201300039658;13;11;5;1505;1;2;1;2.0;7;44;93, ANA.FRANCE(RUE)77A13;;;;920
35733;201300039659;13;10;19;1600;1;2;3;1.0;6;44;JEAN JAURES(RUE) 57A99 E;;;;920
35734;201300039660;13;10;24;1515;1;2;2;1.0;6;44;107, PDT WILSON(RUE)77A1;;;;920
35735;201300039661;13;11;20;1710;2;2;1;1.0;6;44;15, P.V.COUTURIER(RUE)1A;;;;920
35736;201300039662;13;12;4;2230;5;2;2;1.0;3;44;41, LOUISE MICHEL(RUE) 4;;;;920
35737;201300039663;13;12;9;2015;5;2;2;1.0;3;44;34, RIVAY(RUE)25A39 ET 2;;;;920
35738;201300039664;13;12;9;2300;5;2;2;1.0;7;44;84, BAUDIN (RUE) 27A83 E;;;;920
35739;201300039665;13;12;11;2200;2;2;1;1.0;6;44;31, ERNEST COGNACQ(RUE);;;;920
35740;201300039666;13;12;16;1945;5;2;2;1.0;6;44;52, ARISTIDE BRIAND(RUE);;;;920
35741;201300039667;13;11;25;1440;1;2;1;1.0;6;44;27, ARISTIDE BRIAND(RUE);;;;920
35742;201300039668;13;12;3;1750;1;2;2;1.0;3;44;79, VIC. HUGO(RUE)069A07;;;;920
35743;201300039670;13;1;8;820;1;2;3;1.0;6;48;08, BEL AIR (RUE DU);;;;920
35744;201300039671;13;1;26;1640;1;2;3;1.0;6;48;11, PARIS (RUE DE) N? 1;;;;920
35745;201300039673;13;1;29;2240;5;2;1;2.0;6;48;., TRIVAUX (AVENUE DE) N;;;;920
35746;201300039674;13;2;10;1000;1;1;1;2.0;6;48;., ETANG DE TRIVAUX (ROU;;;;920
35747;201300039675;13;2;18;2000;5;2;2;1.0;3;48;02, ONZE NOVEMBRE 1918 (;;;;920
35748;201300039676;13;1;17;800;1;2;3;1.0;3;48;05, PARIS (RUE DE) N? 1;;;;920
35749;201300039677;13;2;27;935;1;2;1;1.0;6;48;37, GENERAL GALLIENI (AV;;;;920
35750;201300039678;13;3;19;900;1;2;2;1.0;6;48;36bis, GARDES (ROUTE DES;;;;920
35751;201300039679;13;3;18;550;5;2;7;1.0;6;48;., GENERAL DE GAULLE (AV;;;;920
35752;201300039680;13;4;3;1145;1;2;1;1.0;6;48;05, VAUGIRARD (ROUTE DE);;;;920
35753;201300039681;13;4;18;1800;1;2;2;1.0;1;48;., REPUBLIQUE (RUE DE LA;;;;920
35754;201300039682;13;4;12;835;1;2;6;1.0;6;48;., JEAN JAURES (AVENUE);;;;920
35755;201300039683;13;5;3;910;1;2;1;1.0;6;48;12, PEPINIERE (RUE DE LA;;;;920
35756;201300039684;13;5;13;1400;1;2;1;1.0;6;48;05, ROBERT SCHUMAN (AVEN;;;;920
35757;201300039685;13;5;25;1940;1;2;2;1.0;2;48;., COLONEL MORAINE (ROUT;;;;920
35758;201300039686;13;5;29;1920;2;2;1;1.0;2;48;05, PEPINIERE (RUE DE LA;;;;920
35759;201300039687;13;6;3;1030;1;2;1;1.0;6;48;12, PEPINIERE (RUE DE LA;;;;920
35760;201300039688;13;6;8;1225;1;2;3;1.0;6;48;18, REPUBLIQUE (RUE DE L;;;;920
35761;201300039689;13;6;4;1635;1;2;2;1.0;6;48;TERRE NEUVE (RUE);;;;920
35762;201300039690;13;6;24;1945;1;2;1;1.0;6;48;43, GENERAL DE GAULLE (A;;;;920
35763;201300039691;13;7;5;1945;1;2;2;1.0;1;48;JACQUEMINOT (AVENUE) N?1;;;;920
35764;201300039692;13;12;11;1310;1;1;1;1.0;7;48;11, PIERRES (RUE DES);;;;920
35765;201300039693;13;7;24;1905;1;2;2;1.0;3;48;., LE CORBEILLER (AVENUE;;;;920
35766;201300039694;13;7;27;1605;1;2;1;1.0;6;48;08, TRIVAUX (AVENUE DE);;;;920
35767;201300039695;13;8;23;1245;1;1;2;1.0;3;48;., SIX FRERES (CARREFOUR;;;;920
35768;201300039696;13;8;31;2055;2;2;1;1.0;6;48;01, rue du P?re BROTTIER;;;;920
35769;201300039697;13;8;30;40;5;2;3;1.0;6;48;., MORANE SAULNIER (AVEN;;;;920
35770;201300039698;13;9;17;1030;1;2;3;1.0;3;48;., TERRE NEUVE (RUE);;;;920
35771;201300039699;13;9;20;1215;1;2;3;1.0;3;48;., GENERAL DE GAULLE (AV;;;;920
35772;201300039700;13;8;1;1800;1;1;1;1.0;7;48;., TRIVAUX (AVENUE DE) N;;;;920
35773;201300039701;13;10;16;1645;1;1;1;1.0;6;48;., VAUGIRARD (ROUTE DE);;;;920
35774;201300039703;13;10;18;1740;1;2;2;1.0;2;48;., LE CORBEILLER (AVENUE;;;;920
35775;201300039705;13;10;28;1245;1;1;1;1.0;6;48;., TRIVAUX (AVENUE DE) N;;;;920
35776;201300039706;13;10;30;2030;5;2;3;1.0;3;48;., MAL DE LATTRE DE TASS;;;;920
35777;201300039707;13;11;7;1645;1;2;3;2.0;6;48;., CHARLES DESVERGNES (R;;;;920
35778;201300039708;13;11;7;2030;5;2;3;2.0;2;48;., MARECHAL LECLERC (AVE;;;;920
35779;201300039709;13;11;13;1735;2;2;2;1.0;6;48;., GENERAL GALLIENI (AVE;;;;920
35780;201300039710;13;11;16;1930;5;2;1;1.0;3;48;89, GARDES (ROUTE DES) N;;;;920
35781;201300039711;13;12;28;1830;1;2;6;1.0;6;48;., GENERAL DE GAULLE (AV;;;;920
35782;201300039712;13;12;16;1940;5;2;1;1.0;7;48;02, VERRERIE (RUE DE LA);;;;920
35783;201300039713;13;12;3;1530;1;1;3;1.0;2;48;., TERRE NEUVE (RUE);;;;920
35784;201300039714;13;12;24;930;1;1;1;1.0;7;48;., ROUTE DES BOIS BLANCS;;;;920
35785;201300039715;13;1;2;1030;1;2;1;1.0;6;20;FRANCE RUE ANATOLE;;;;920
35786;201300039717;13;1;8;1315;1;2;1;1.0;6;49;15, PERI RUE GABRIEL N?1;;;;920
35787;201300039718;13;1;10;800;1;2;1;2.0;3;20;9, LIBERTE BOULEVARD DE;;;;920
35788;201300039719;13;1;11;810;2;2;1;8.0;6;49;53, GAMBETTA AVENUE LEON;;;;920
35789;201300039721;13;1;11;1950;5;2;1;2.0;7;20;53, PERRIERE AVENUE CLEM;;;;920
35790;201300039722;13;1;12;642;5;2;2;2.0;6;49;SALENGRO RUE ROGER AUTRE;;;;920
35791;201300039723;13;1;16;930;1;2;1;4.0;6;49;103, PERI RUE GABRIEL AU;;;;920
35792;201300039724;13;1;17;2020;5;2;3;1.0;3;20;115, VERDUN AVENUE DE AU;;;;920
35793;201300039725;13;1;23;2140;5;2;3;1.0;3;49;BROSSOLETTE AVENUE PIERR;;;;920
35794;201300039726;13;1;27;1530;1;2;1;1.0;6;20;77, PARIS AVENUE DE N?2;;;;920
35795;201300039727;13;1;28;750;2;2;2;8.0;6;20;PARIS AVENUE DE N? IMPAI;;;;920
35796;201300039728;13;1;29;700;5;2;2;3.0;3;20;REPUBLIQUE AV. N?1 A 25;;;;920
35797;201300039729;13;1;31;820;1;2;1;1.0;6;20;200, PARIS AVENUE DE N?8;;;;920
35798;201300039730;13;2;5;820;1;2;3;2.0;6;49;56, ARNOUX AVENUE MAURIC;;;;920
35799;201300039731;13;2;6;1730;1;2;9;1.0;3;20;25, PARIS AVENUE DE N? I;;;;920
35800;201300039732;13;2;6;2340;5;2;6;2.0;1;20;REPUBLIQUE AV. AUTRES N?;;;;920
35801;201300039733;13;2;7;1105;1;2;2;1.0;6;49;VERDIER AVENUE AUTRES N?;;;;920
35802;201300039734;13;2;7;1655;1;2;1;8.0;3;20;32, REPUBLIQUE AV. N?1 A;;;;920
35803;201300039735;13;2;8;825;1;2;1;2.0;3;20;38, FONTENAY RUE DE AUTR;;;;920
35804;201300039736;13;2;11;1840;4;2;1;1.0;6;49;250, DORMOY AVENUE MARX;;;;920
35805;201300039737;13;2;11;835;1;1;1;2.0;3;20;94, LIBERTE BOULEVARD DE;;;;920
35806;201300039738;13;2;14;750;1;2;1;9.0;7;20;MARCEAU RUE;;;;920
35807;201300039739;13;2;15;1400;1;2;1;4.0;6;49;119, BRIAND AVENUE ARIST;;;;920
35808;201300039740;13;2;21;1335;1;2;1;1.0;6;20;184, PARIS AVENUE DE N?8;;;;920
35809;201300039741;13;2;25;1500;1;2;1;4.0;6;49;64, BROSSOLETTE AVENUE P;;;;920
35810;201300039742;13;2;26;2045;5;2;3;1.0;2;20;44, VANVES BOULEVARD DE;;;;920
35811;201300039743;13;3;2;1650;1;2;1;1.0;7;20;REPUBLIQUE AV. AUTRES N?;;;;920
35812;201300039744;13;3;4;1455;1;2;1;1.0;7;20;67, BROSSOLETTE RUE PIER;;;;920
35813;201300039745;13;3;5;722;1;2;2;1.0;3;20;151, PARIS AVENUE DE N?;;;;920
35814;201300039746;13;3;5;1200;1;2;1;1.0;6;20;36, PERROTIN RUE;;;;920
35815;201300039747;13;3;5;1535;1;2;3;1.0;3;49;ARNOUX AVENUE MAURICE AU;;;;920
35816;201300039748;13;3;14;1655;1;2;5;1.0;6;49;43, REPUBLIQUE AVENUE DE;;;;920
35817;201300039749;13;3;9;1720;1;2;2;1.0;6;20;VEDRINES RUE JULES;;;;920
35818;201300039750;13;3;20;1430;1;2;3;1.0;3;49;43, REPUBLIQUE AVENUE DE;;;;920
35819;201300039751;13;3;22;855;1;2;1;1.0;7;20;28, GAY-LUSSAC RUE N? PA;;;;920
35820;201300039752;13;3;22;2030;5;2;1;1.0;6;49;79, BROSSOLETTE AVENUE P;;;;920
35821;201300039753;13;3;25;1145;1;2;1;1.0;3;49;BROSSOLETTE AVENUE PIERR;;;;920
35822;201300039755;13;3;26;1420;1;2;2;1.0;3;49;BARBES RUE;;;;920
35823;201300039756;13;3;28;1800;1;2;1;1.0;6;49;58, PERI RUE GABRIEL N?3;;;;920
35824;201300039757;13;3;28;1800;1;2;1;1.0;3;49;56, BRIAND AVENUE ARISTI;;;;920
35825;201300039758;13;3;29;1625;1;2;7;1.0;3;20;8 MAI 45 CARREFOUR DU;;;;920
35826;201300039759;13;3;30;2000;5;2;2;1.0;3;49;BROSSOLETTE AVENUE PIERR;;;;920
35827;201300039760;13;3;31;335;5;2;1;1.0;7;20;15, PIERRELAIS RUE DES;;;;920
35828;201300039761;13;4;3;1625;1;2;1;1.0;6;20;12, VANVES BOULEVARD DE;;;;920
35829;201300039762;13;4;3;1652;1;2;1;1.0;6;49;112, JAURES AVENUE JEAN;;;;920
35830;201300039763;13;4;9;1140;1;2;1;1.0;7;49;48, CARVES RUE;;;;920
35831;201300039764;13;4;9;1545;1;2;9;2.0;3;49;56, BRIAND AVENUE ARISTI;;;;920
35832;201300039765;13;4;10;1925;1;2;2;2.0;6;20;53, LIBERTE BOULEVARD DE;;;;920
35833;201300039767;13;4;10;920;1;2;1;2.0;6;49;205, BROSSOLETTE AVENUE;;;;920
35834;201300039768;13;4;24;1135;1;2;1;1.0;6;20;6, PERI RUE GABRIEL;;;;920
35835;201300039769;13;4;26;835;1;2;1;1.0;1;20;105, VERDUN AVENUE DE AU;;;;920
35836;201300039770;13;4;29;1730;1;2;2;1.0;1;20;LIBERTE BOULEVARD DE LA;;;;920
35837;201300039771;13;4;30;1915;1;2;1;2.0;2;49;BRIAND AVENUE ARISTIDE N;;;;920
35838;201300039772;13;5;5;1230;1;2;2;1.0;3;49;53, BRIAND AVENUE ARISTI;;;;920
35839;201300039773;13;5;13;846;1;2;2;1.0;3;49;BROSSOLETTE AVENUE PIERR;;;;920
35840;201300039774;13;5;13;1800;1;2;1;1.0;6;20;GATINOT RUE HENRI;;;;920
35841;201300039775;13;5;16;815;1;2;1;2.0;6;20;13, CHARTRES RUE DE;;;;920
35842;201300039776;13;5;24;750;1;2;3;1.0;3;49;DORMOY AVENUE MARX N?2 A;;;;920
35843;201300039777;13;5;24;2250;5;2;1;2.0;6;49;BRIAND AVENUE ARISTIDE N;;;;920
35844;201300039778;13;5;25;410;5;2;1;2.0;6;20;92, LIBERTE BOULEVARD DE;;;;920
35845;201300039779;13;6;6;2008;2;2;1;1.0;6;20;47, PIERRELAIS RUE DES;;;;920
35846;201300039780;13;6;12;1715;1;2;2;1.0;3;20;PARIS AVENUE DE N? IMPAI;;;;920
35847;201300039781;13;6;14;1005;1;2;2;1.0;3;20;PARIS AVENUE DE N? IMPAI;;;;920
35848;201300039782;13;6;16;1300;1;2;1;1.0;1;49;62, LECLERC PLACE DU GEN;;;;920
35849;201300039783;13;6;20;115;5;2;1;3.0;6;20;167, PARIS AVENUE DE N?;;;;920
35850;201300039784;13;6;20;915;1;2;1;1.0;3;20;14, SEMARD RUE P. N?1 A;;;;920
35851;201300039785;13;6;23;1150;1;2;1;1.0;6;49;82, BRIAND AVENUE ARISTI;;;;920
35852;201300039786;13;6;21;1920;1;2;1;1.0;2;49;JAURES AVENUE JEAN N?52;;;;920
35853;201300039787;13;6;25;1115;1;2;2;1.0;3;20;58, DEFORGES RUE ETIENNE;;;;920
35854;201300039788;13;6;26;1005;1;2;1;1.0;2;49;BRIAND AVENUE ARISTIDE A;;;;920
35855;201300039789;13;7;3;1240;1;2;1;1.0;6;49;58, PERI RUE GABRIEL AUT;;;;920
35856;201300039790;13;7;6;1350;1;2;2;1.0;3;20;VERDUN AVENUE DE AUTRES;;;;920
35857;201300039791;13;7;10;1035;1;2;3;1.0;3;20;83, PAIX AVENUE DE LA  A;;;;920
35858;201300039792;13;7;15;1215;1;2;1;1.0;6;49;97, BRIAND AVENUE ARISTI;;;;920
35859;201300039793;13;7;15;1555;1;2;1;1.0;5;20;PERROTIN RUE;;;;920
35860;201300039795;13;7;20;15;5;2;1;1.0;6;20;169, PARIS AVENUE DE N?;;;;920
35861;201300039796;13;7;21;1015;1;2;1;1.0;6;49;33, VERDUN AVENUE DE;;;;920
35862;201300039797;13;7;21;1900;1;2;1;1.0;6;20;57, BOIN RUE JEAN;;;;920
35863;201300039799;13;7;25;1025;1;2;2;1.0;7;20;LIBERTE BOULEVARD DE LA;;;;920
35864;201300039800;13;7;26;838;1;2;1;1.0;2;20;5, LIBERTE BOULEVARD DE;;;;920
35865;201300039801;13;7;27;835;1;2;1;1.0;6;20;164, REPUBLIQUE AV. AUTR;;;;920
35866;201300039802;13;6;27;900;1;2;1;1.0;6;49;67, BRIAND AVENUE ARISTI;;;;920
35867;201300039803;13;8;16;1125;1;2;1;1.0;2;20;223, PARIS AVENUE DE N?;;;;920
35868;201300039805;13;8;27;950;1;2;1;1.0;3;49;5bis, PERI RUE GABRIEL N;;;;920
35869;201300039806;13;8;27;1715;1;2;3;2.0;2;49;123, BRIAND AVENUE ARIST;;;;920
35870;201300039808;13;9;6;1130;1;2;1;2.0;4;49;91, BRIAND AVENUE ARISTI;;;;920
35871;201300039810;13;9;10;1550;1;2;1;1.0;4;49;127, BRIAND AVENUE ARIST;;;;920
35872;201300039811;13;9;7;1325;1;2;3;1.0;3;20;EXUPERY AVENUE SAINT;;;;920
35873;201300039812;13;9;16;1017;1;2;1;1.0;6;49;72, DORMOY AVENUE MARX N;;;;920
35874;201300039813;13;9;17;650;2;2;1;1.0;6;49;97, BROSSOLETTE AVENUE P;;;;920
35875;201300039814;13;9;21;1920;1;2;1;1.0;6;49;5, DORMOY AVENUE MARX N?;;;;920
35876;201300039815;13;9;21;1115;1;2;1;1.0;1;20;BROSSOLETTE RUE PIERRE A;;;;920
35877;201300039817;13;9;24;1600;1;2;2;1.0;6;49;BARBES RUE;;;;920
35878;201300039818;13;9;26;1305;1;2;1;1.0;6;20;123, PARIS AVENUE DE N?;;;;920
35879;201300039819;13;9;27;700;2;2;1;1.0;6;20;2, MALAKOFF RUE DE;;;;920
35880;201300039820;13;9;28;525;5;2;1;3.0;6;20;184, PARIS AVENUE DE N?8;;;;920
35881;201300039821;13;10;4;910;1;2;1;1.0;6;20;29, DIVISION LECLERC AVE;;;;920
35882;201300039822;13;10;9;1110;1;2;2;1.0;6;49;BRIAND AVENUE ARISTIDE A;;;;920
35883;201300039824;13;10;29;950;1;2;1;1.0;7;49;PERIER RUE N?1 A 33 ET 2;;;;920
35884;201300039825;13;10;30;625;5;2;1;2.0;3;49;150, REPUBLIQUE AVENUE D;;;;920
35885;201300039826;13;11;5;1745;5;2;1;6.0;6;49;113, JAURES AVENUE JEAN;;;;920
35886;201300039827;13;11;8;740;1;2;3;2.0;6;49;DORMOY AVENUE MARX N?102;;;;920
35887;201300039828;13;11;12;1730;5;2;3;2.0;6;49;LEJEUNE RUE LOUIS;;;;920
35888;201300039829;13;11;13;1215;1;2;3;1.0;6;20;FONTENAY RUE DE AUTRES N;;;;920
35889;201300039830;13;11;13;1600;1;2;1;1.0;6;20;3, MACE RUE JEAN;;;;920
35890;201300039831;13;11;14;2015;5;2;1;1.0;2;49;JAURES AVENUE JEAN N?53;;;;920
35891;201300039832;13;11;19;850;1;2;4;2.0;6;49;JAURES AVENUE JEAN N?53;;;;920
35892;201300039833;13;11;20;650;5;2;6;1.0;2;49;92, ARNOUX AVENUE MAURIC;;;;920
35893;201300039834;13;11;20;750;1;2;1;1.0;6;20;21, REPUBLIQUE AV. N?1 A;;;;920
35894;201300039835;13;11;25;1045;1;2;2;1.0;6;49;62, BRIAND AVENUE ARISTI;;;;920
35895;201300039836;13;11;24;2315;5;2;1;1.0;1;49;40, BARBES RUE;;;;920
35896;201300039837;13;11;23;850;1;2;1;1.0;6;49;4, JAURES AV. JEAN N?1 A;;;;920
35897;201300039838;13;11;23;915;1;2;1;1.0;6;20;60, BERTHELOT AVENUE MAR;;;;920
35898;201300039839;13;11;28;2045;5;2;1;1.0;6;20;PARIS AVENUE DE N? IMPAI;;;;920
35899;201300039840;13;11;29;1120;1;2;9;1.0;7;20;58, DEFORGES RUE ETIENNE;;;;920
35900;201300039841;13;11;29;1955;5;2;1;1.0;3;20;22, VERDUN AVENUE DE N?2;;;;920
35901;201300039842;13;12;2;1735;2;2;2;1.0;3;49;BRIAND AVENUE ARISTIDE A;;;;920
35902;201300039843;13;12;10;940;1;2;3;1.0;3;49;BRIAND AVENUE ARISTIDE A;;;;920
35903;201300039844;13;12;11;1750;5;2;1;1.0;6;49;PERI RUE GABRIEL AUTRES;;;;920
35904;201300039845;13;12;18;805;2;2;2;1.0;3;49;JAURES AVENUE JEAN N?53;;;;920
35905;201300039846;13;12;19;1845;5;2;2;1.0;6;20;VANVES BOULEVARD DE N? P;;;;920
35906;201300039847;13;12;19;1845;5;2;2;1.0;6;20;PARIS AVENUE DE N?84 A F;;;;920
35907;201300039848;13;12;20;1723;5;2;1;1.0;6;49;250, DORMOY AVENUE MARX;;;;920
35908;201300039849;13;12;26;2025;5;2;3;1.0;6;20;21/25, PIERRELAIS RUE DE;;;;920
35909;201300039850;13;12;28;1200;1;2;6;8.0;7;20;DE GAULLE CARREFOUR CHAR;;;;920
35910;201300039851;13;1;4;745;1;2;1;8.0;2;50;SOUFFLOT J-GERMAIN BOULE;;;;920
35911;201300039852;13;1;1;305;5;2;1;1.0;5;50;neant, VAILLANT COUTURIE;;;;920
35912;201300039853;13;1;3;1205;1;2;1;2.0;4;50;43, VAILLANT COUTURIER P;;;;920
35913;201300039854;13;1;3;1315;1;2;1;2.0;7;50;SOURCE RUE DE LA;;;;920
35914;201300039855;13;1;11;835;1;2;3;9.0;3;50;VAILLANT COUTURIER PAUL;;;;920
35915;201300039856;13;1;16;1115;1;2;2;1.0;6;50;SARTROUVILLE RUE DE;;;;920
35916;201300039857;13;1;18;755;5;2;1;9.0;6;50;ROSIERS RUE DES;;;;920
35917;201300039858;13;1;29;905;1;2;2;2.0;7;50;ARAGO FRANCOIS AVENUE;;;;920
35918;201300039859;13;1;30;1610;1;2;1;1.0;3;50;12/14, SURESNES RUE DE;;;;920
35919;201300039860;13;2;8;2200;5;2;1;8.0;2;50;CLEMENCEAU GEORGES AVENU;;;;920
35920;201300039862;13;2;7;1800;1;2;1;1.0;3;50;173, JOILIOT CURIE F. ET;;;;920
35921;201300039863;13;2;8;1320;1;2;1;1.0;6;50;MARCHE RUE DU;;;;920
35922;201300039864;13;2;14;2115;4;2;1;1.0;2;50;PONS NOEL RUE;;;;920
35923;201300039865;13;2;14;2220;5;2;1;2.0;7;50;278, GARENNE RUE DE LA;;;;920
35924;201300039866;13;2;18;1425;1;2;1;9.0;6;50;200, REPUBLIQUE AVENUE D;;;;920
35925;201300039867;13;2;28;1700;1;2;1;8.0;7;50;85, LENINE VLADIMIR ILIT;;;;920
35926;201300039868;13;3;5;1910;5;2;1;9.0;7;50;LENINE VLADIMIR ILITCH A;;;;920
35927;201300039869;13;3;9;1930;1;2;1;9.0;7;50;121, CLEMENCEAU GEORGES;;;;920
35928;201300039870;13;3;11;1845;5;2;1;3.0;1;50;CLEMENCEAU GEORGES AVENU;;;;920
35929;201300039871;13;3;11;1915;5;2;1;3.0;3;50;LENINE VLADIMIR ILITCH A;;;;920
35930;201300039872;13;3;14;1755;1;2;1;1.0;7;50;ILE AVENUE DU PARC DE L';;;;920
35931;201300039873;13;3;18;1250;1;2;3;2.0;3;50;CLEMENCEAU GEORGES AVENU;;;;920
35932;201300039874;13;3;19;1840;2;2;1;2.0;6;50;GUILLERAIES AVENUE DES;;;;920
35933;201300039875;13;3;26;1900;2;2;1;1.0;1;50;neant, ARAGO FRANCOIS PA;;;;920
35934;201300039876;13;3;30;2200;3;2;3;1.0;3;50;JOLIOT CURIE;;;;920
35935;201300039877;13;4;9;830;1;2;1;2.0;4;50;10, LEVANT BOULEVARD DU;;;;920
35936;201300039878;13;4;6;1140;1;2;1;1.0;7;50;LEGER FERNAND ALLEE;;;;920
35937;201300039879;13;4;11;1950;1;2;1;8.0;2;50;138, FAURE FELIX AVENUE;;;;920
35938;201300039880;13;4;11;2000;2;2;2;2.0;1;50;6, JOLIOT CURIE F. ET IR;;;;920
35939;201300039881;13;4;14;635;1;2;2;9.0;3;50;SEINE BOULEVARD DE;;;;920
35940;201300039882;13;4;18;935;1;2;1;1.0;3;50;47, HAVRE BOULEVARD DU;;;;920
35941;201300039883;13;4;16;950;1;2;1;8.0;7;50;JOILIOT CURIE F. ET IREN;;;;920
35942;201300039884;13;4;18;1445;1;2;1;1.0;3;50;PESARO BOULEVARD DE;;;;920
35943;201300039885;13;4;24;1230;1;2;2;1.0;3;50;CALVAIRE RUE DU;;;;920
35944;201300039887;13;5;1;1735;1;2;1;3.0;6;50;7, PRES RUE DES;;;;920
35945;201300039888;13;5;5;1020;1;2;2;7.0;7;50;SUISSES RUE DES;;;;920
35946;201300039890;13;5;8;1800;1;2;7;9.0;3;50;FOCH MARECHAL PLACE DU;;;;920
35947;201300039891;13;5;9;2005;1;2;6;1.0;6;50;COLOMBE PLACE DE LA;;;;920
35948;201300039892;13;5;17;1800;1;2;3;1.0;1;50;CLEMENCEAU GEORGES AVENU;;;;920
35949;201300039893;13;5;21;2119;2;2;1;8.0;6;50;15, BOILEAU RUE;;;;920
35950;201300039894;13;5;19;1315;1;2;1;8.0;3;50;56, LIBERTE AVENUE DE LA;;;;920
35951;201300039895;13;5;29;1010;1;2;1;8.0;7;50;PICASSO PABLO AVENUE;;;;920
35952;201300039896;13;5;27;1800;1;2;1;9.0;6;50;75, SADI CARNOT RUE;;;;920
35953;201300039897;13;6;2;1030;1;2;1;1.0;1;50;10, HAUTES PATURES RUE D;;;;920
35954;201300039898;13;6;1;1030;1;2;1;9.0;1;50;153, VAILLANT COUTURIER;;;;920
35955;201300039899;13;6;4;920;1;2;1;1.0;4;50;46, BOUVETS BOULEVARD DE;;;;920
35956;201300039900;13;6;3;1740;1;2;3;1.0;3;50;QUENTIN JULES AVENUE;;;;920
35957;201300039901;13;6;6;1725;1;2;1;2.0;2;50;28, ZOLA EMILE BOULEVARD;;;;920
35958;201300039902;13;6;4;1710;1;2;1;9.0;5;50;SAULES RUE DES;;;;920
35959;201300039903;13;6;6;1610;1;2;1;1.0;6;50;30, CROIX RUE DE LA;;;;920
35960;201300039904;13;6;11;850;1;2;2;8.0;6;50;CLEMENCEAU GEORGES AVENU;;;;920
35961;201300039905;13;6;13;200;5;2;1;1.0;7;50;109, PICASSO PABLO AVENU;;;;920
35962;201300039906;13;6;13;1600;1;2;5;2.0;1;50;FUSILLES DE LA RESISTANC;;;;920
35963;201300039907;13;6;16;2120;2;2;1;1.0;7;50;65, LENINE VLADIMIR ILIT;;;;920
35964;201300039908;13;6;20;1113;1;2;1;2.0;6;50;neant, EGLISE RUE DE L';;;;920
35965;201300039909;13;6;20;1030;1;2;2;1.0;3;50;CHATOU ROUTE DE;;;;920
35966;201300039910;13;6;21;1100;1;2;5;8.0;2;50;120, CLEMENCEAU GEORGES;;;;920
35967;201300039912;13;6;20;2140;5;2;3;3.0;7;50;REPUBLIQUE AVENUE DE LA;;;;920
35968;201300039913;13;6;30;1530;1;2;3;7.0;1;50;REPUBLIQUE AVENUE DE LA;;;;920
35969;201300039916;13;7;7;857;1;2;3;1.0;3;50;177, CLEMENCEAU GEORGES;;;;920
35970;201300039917;13;7;8;1221;1;2;3;1.0;6;50;PAUL MARCEL PLACE;;;;920