;Num_Acc;an;mois;jour;hrmn;lum;agg;int;atm;col;com;adr;gps;lat;long;dep
35971;201300039918;13;7;10;425;5;2;1;9.0;2;50;108, CLEMENCEAU GEORGES;;;;920
35972;201300039919;13;7;11;1430;1;2;2;1.0;3;50;REPUBLIQUE AVENUE DE LA;;;;920
35973;201300039920;13;7;15;1720;1;1;1;1.0;3;50;Route Nationale  314;;;;920
35974;201300039921;13;7;18;1750;1;2;2;9.0;3;50;PONS NOEL RUE;;;;920
35975;201300039922;13;7;19;1735;1;2;1;1.0;6;50;45, PROVINCES FRANCAISES;;;;920
35976;201300039923;13;7;24;235;5;2;5;9.0;3;50;FUSILLES DE LA RESISTANC;;;;920
35977;201300039924;13;7;26;615;2;2;2;1.0;3;50;CHATOU ROUTE DE;;;;920
35978;201300039925;13;7;26;1700;1;2;2;1.0;3;50;JOLIOT CURIE F. ET IRENE;;;;920
35979;201300039927;13;7;31;1750;1;2;2;1.0;3;50;PONS NOEL RUE;;;;920
35980;201300039928;13;8;6;1750;1;2;1;1.0;7;50;171, CLEMENCEAU GEORGES;;;;920
35981;201300039929;13;8;6;2315;5;2;2;9.0;3;50;HAVRE BOULEVARD DU;;;;920
35982;201300039931;13;8;14;740;1;2;1;7.0;7;50;RD 914;;;;920
35983;201300039932;13;8;14;1230;1;2;6;9.0;6;50;BOULE PLACE DE LA;;;;920
35984;201300039933;13;8;24;1;5;2;4;2.0;3;50;neant, REPUBLIQUE AVENUE;;;;920
35985;201300039934;13;8;21;1230;1;2;1;1.0;6;50;79, PICASSO PABLO AVENUE;;;;920
35986;201300039935;13;8;22;1750;1;2;1;1.0;6;50;141, COURBEVOIE RUE DE;;;;920
35987;201300039936;13;8;24;1830;1;2;2;9.0;7;50;RENAN ERNEST RUE;;;;920
35988;201300039937;13;8;28;1545;1;2;1;1.0;7;50;305, GARENNE RUE DE LA;;;;920
35989;201300039938;13;8;27;1840;1;2;4;1.0;6;50;DEFENSE BOULEVARD DE LA;;;;920
35990;201300039939;13;8;29;1530;1;2;1;9.0;6;50;25, BOUVETS BOULEVARD DE;;;;920
35991;201300039940;13;9;4;655;1;2;2;9.0;3;50;REPUBLIQUE AVENUE DE LA;;;;920
35992;201300039941;13;8;31;1535;1;2;1;1.0;6;50;33, PROVINCES FRANCAISES;;;;920
35993;201300039942;13;9;4;815;1;2;1;7.0;6;50;403, REPUBLIQUE AVENUE D;;;;920
35994;201300039944;13;9;4;1810;1;2;2;9.0;2;50;COURBEVOIE RUE DE;;;;920
35995;201300039945;13;9;5;845;1;2;2;9.0;1;50;GARCHES RUE DE;;;;920
35996;201300039947;13;9;12;735;1;2;1;2.0;6;50;169, VAILLANT COUTURIER;;;;920
35997;201300039948;13;9;15;630;5;2;3;2.0;3;50;ARAGO FRANCOIS AVENUE;;;;920
35998;201300039950;13;9;16;1510;1;2;1;8.0;6;50;97, ARAGO FRANCOIS AVENU;;;;920
35999;201300039951;13;9;17;1000;1;2;2;9.0;3;50;BEZONS RUE DE;;;;920
36000;201300039952;13;9;19;750;1;2;1;8.0;3;50;7b, ROCHET WALDECK RUE;;;;920
36001;201300039953;13;9;19;1630;1;2;2;9.0;3;50;PONS NOEL RUE;;;;920
36002;201300039954;13;9;24;845;1;2;1;1.0;6;50;PESARO BOULEVARD DE;;;;920
36003;201300039955;13;9;23;1000;1;2;3;1.0;3;50;REPUBLIQUE AVENUE DE LA;;;;920
36004;201300039956;13;9;24;2235;5;2;1;9.0;6;50;133, CLEMENCEAU GEORGES;;;;920
36005;201300039957;13;9;27;900;1;1;1;9.0;7;50;NEANT,  Route Nationale;;;;920
36006;201300039958;13;10;2;1840;1;2;1;9.0;6;50;22, LEVANT BOULEVARD DU;;;;920
36007;201300039959;13;10;3;1705;1;2;1;9.0;6;50;STALINGRAD RUE DE;;;;920
36008;201300039960;13;10;4;835;1;2;3;2.0;3;50;VAILLANT COUTURIER PAUL;;;;920
36009;201300039961;13;10;9;205;5;2;1;9.0;6;50;MARTIN HENRI AVENUE;;;;920
36010;201300039962;13;10;7;940;1;2;2;9.0;3;50;CLEMENCEAU GEORGES AVENU;;;;920
36011;201300039963;13;10;15;700;2;1;1;9.0;6;50;PONT DE BEZONS;;;;920
36012;201300039964;13;10;16;1025;1;2;1;9.0;6;50;22, JOFFRE MARECHAL AVEN;;;;920
36013;201300039965;13;10;19;1220;1;2;2;8.0;3;50;PONS NOEL RUE;;;;920
36014;201300039967;13;10;23;1735;1;2;1;2.0;3;50;205, CLEMENCEAU GEORGES;;;;920
36015;201300039970;13;11;2;920;1;2;1;2.0;6;50;JOILIOT CURIE F. ET IREN;;;;920
36016;201300039971;13;11;4;1350;1;2;3;8.0;7;50;PICASSO PABLO AVENUE;;;;920
36017;201300039972;13;11;7;1030;1;2;1;2.0;7;50;FOCH MARECHAL PLACE DU;;;;920
36018;201300039973;13;11;7;2030;1;2;1;3.0;3;50;REPUBLIQUE AVENUE DE LA;;;;920
36019;201300039974;13;11;8;1605;1;2;1;1.0;6;50;JOLIOT CURIE F. ET IRENE;;;;920
36020;201300039975;13;11;10;1200;1;2;1;8.0;6;50;14, THOREZ MAURICE RUE;;;;920
36021;201300039976;13;11;13;840;1;2;1;7.0;6;50;PICASSO PABLO AVENUE;;;;920
36022;201300039977;13;11;14;1910;5;2;2;8.0;3;50;VAILLANT COUTURIER PAUL;;;;920
36023;201300039978;13;11;15;2020;5;2;2;9.0;3;50;CLEMENCEAU GEORGES AVENU;;;;920
36024;201300039979;13;11;20;1115;1;2;2;2.0;7;50;71, SURESNES RUE DE;;;;920
36025;201300039980;13;11;23;930;1;2;2;8.0;3;50;JOFFRE MARECHAL AVENUE D;;;;920
36026;201300039981;13;11;25;35;5;2;1;1.0;7;50;0000000000, FRACHON BENO;;;;920
36027;201300039983;13;11;7;1120;1;2;3;9.0;7;50;JOILIOT CURIE F. ET IREN;;;;920
36028;201300039985;13;11;29;1805;1;2;1;2.0;5;50;neant, VAILLANT COUTURIE;;;;920
36029;201300039986;13;11;29;1830;5;2;1;2.0;6;50;, ALOUETTES RUE DES;;;;920
36030;201300039987;13;12;1;1810;5;2;1;9.0;6;50;34, BOUVETS BOULEVARD DE;;;;920
36031;201300039988;13;12;3;1820;5;2;1;1.0;2;50;26, VAILLANT COUTURIER P;;;;920
36032;201300039989;13;12;5;1505;1;2;1;1.0;6;50;11, CHANZY RUE DE;;;;920
36033;201300039990;13;12;3;1240;1;2;1;1.0;7;50;177, CLEMENCEAU GEORGES;;;;920
36034;201300039992;13;12;11;905;1;2;3;1.0;7;50;LENINE VLADIMIR ILITCH A;;;;920
36035;201300039993;13;12;12;2010;5;2;2;9.0;3;50;BALZAC HONORE DE BOULEVA;;;;920
36036;201300039994;13;12;13;910;1;2;1;9.0;2;50;02, NERUDA PABLO RUE;;;;920
36037;201300039995;13;12;8;2120;5;2;1;1.0;6;50;94, BARBET RAYMOND RUE;;;;920
36038;201300039996;13;12;17;745;2;2;3;1.0;6;50;LEMAITRE THOMAS RUE;;;;920
36039;201300039997;13;12;20;1610;1;2;1;9.0;3;50;12, STALINGRAD RUE DE;;;;920
36040;201300040000;13;1;10;2335;5;2;1;2.0;3;51;109, CHARLES DE GAULLE (;;;;920
36041;201300040001;13;11;18;1440;1;2;1;1.0;2;51;188BIS, CHARLES DE GAULL;;;;920
36042;201300040002;13;1;11;1800;5;2;1;8.0;7;51;2 bis, CHATEAU (RUE DU);;;;920
36043;201300040003;13;12;14;1305;1;2;1;1.0;6;51;174, CHARLES DE GAULLE (;;;;920
36044;201300040004;13;12;14;1304;1;2;1;1.0;3;51;04, SAUSSAYE (BOULEVARD;;;;920
36045;201300040005;13;1;16;1330;1;2;1;1.0;3;51;CHEZY (RUE DE, N? 21 A 9;;;;920
36046;201300040006;13;12;18;1745;5;2;1;1.0;2;51;84, CHARLES DE GAULLE (A;;;;920
36047;201300040007;13;1;23;1530;1;2;1;1.0;6;51;39, INKERMANN (BOULEVARD;;;;920
36048;201300040008;13;2;6;1045;1;2;1;1.0;7;51;3, CHATEAU (RUE DU);;;;920
36049;201300040009;13;2;5;1905;5;2;1;1.0;6;51;22, MADELEINE MICHELIS (;;;;920
36050;201300040010;13;2;5;1320;1;2;1;1.0;3;51;DEVES (RUE);;;;920
36051;201300040011;13;1;16;1500;1;2;1;1.0;2;51;123, CHARLES DE GAULLE (;;;;920
36052;201300040012;13;1;23;1720;2;2;1;1.0;7;51;1, INKERMANN (BOULEVARD;;;;920
36053;201300040013;13;1;27;1340;1;2;1;2.0;7;51;61, CHARLES DE GAULLE (A;;;;920
36054;201300040014;13;1;28;1430;1;2;1;1.0;7;51;15, JACQUES DULUD (RUE);;;;920
36055;201300040015;13;2;1;1440;1;2;2;2.0;3;51;48 ? 50, CHARLES LAFFITT;;;;920
36056;201300040016;13;2;2;405;5;2;2;1.0;3;51;15, INKERMANN (BOULEVARD;;;;920
36057;201300040017;13;1;26;1440;1;2;1;1.0;3;51;109, CHARLES DE GAULLE (;;;;920
36058;201300040018;13;2;10;15;5;2;1;1.0;5;51;135, BINEAU (BOULEVARD,;;;;920
36059;201300040019;13;2;21;1308;1;2;2;1.0;6;51;164, BINEAU (BOULEVARD,;;;;920
36060;201300040020;13;2;25;1945;5;2;1;2.0;7;51;69, VILLIERS (RUE DE, N?;;;;920
36061;201300040021;13;2;16;900;1;2;1;1.0;3;51;VICTOR HUGO (BOULEVARD,;;;;920
36062;201300040022;13;3;10;320;5;2;2;1.0;3;51;59, LONGCHAMP (RUE DE);;;;920
36063;201300040023;13;2;18;905;1;2;1;1.0;7;51;163, CHARLES DE GAULLE (;;;;920
36064;201300040024;13;3;1;610;5;2;1;1.0;7;51;30, MAURICE BARRES (BOUL;;;;920
36065;201300040025;13;3;8;1905;5;2;1;2.0;7;51;16, GENERAL LECLERC (BOU;;;;920
36066;201300040026;13;3;25;820;1;2;1;1.0;7;51;20, CHATEAU (BOULEVARD D;;;;920
36067;201300040028;13;3;25;1930;5;2;1;1.0;2;51;1, RICHARD WALLACE (BOUL;;;;920
36068;201300040029;13;2;8;1855;5;2;1;2.0;7;51;BINEAU (BOULEVARD, N?133;;;;920
36069;201300040030;13;4;5;805;1;2;1;8.0;6;51;145, ACHILLE PERETTI (AV;;;;920
36070;201300040031;13;3;29;1930;5;2;1;1.0;1;51;96, GENERAL KOENIG (BOUL;;;;920
36071;201300040032;13;4;5;1115;1;2;1;1.0;3;51;100, MAURICE BARRES (BOU;;;;920
36072;201300040033;13;3;12;635;2;2;1;4.0;7;51;PUVIS DE CHAVANNE (RUE);;;;920
36073;201300040034;13;4;18;1500;1;2;1;1.0;7;51;71, CHARLES DE GAULLE (A;;;;920
36074;201300040035;13;4;13;1115;1;2;3;1.0;2;51;180, BINEAU (BOULEVARD,;;;;920
36075;201300040036;13;4;9;1410;1;2;1;2.0;7;51;24, LONGCHAMP (RUE DE);;;;920
36076;201300040037;13;4;17;2225;5;2;1;1.0;7;51;CHATEAU (BOULEVARD DU);;;;920
36077;201300040038;13;4;24;1315;1;2;1;1.0;3;51;81, BINEAU (BOULEVARD, N;;;;920
36078;201300040039;13;3;25;1000;1;2;1;1.0;7;51;5, RICHARD WALLACE (BOUL;;;;920
36079;201300040040;13;3;27;915;1;2;1;1.0;3;51;27, RICHARD WALLACE (BOU;;;;920
36080;201300040041;13;4;29;1100;1;2;1;1.0;3;51;62, SABLONS (BOULEVARD D;;;;920
36081;201300040042;13;4;30;705;2;2;1;1.0;3;51;93, ROULE (AVENUE DU, N?;;;;920
36082;201300040044;13;4;12;1240;1;2;1;1.0;3;51;22, INKERMANN (BOULEVARD;;;;920
36083;201300040046;13;5;23;1830;1;2;1;3.0;4;51;97, GENERAL KOENIG (BOUL;;;;920
36084;201300040047;13;4;23;1905;1;2;1;1.0;7;51;143, CHARLES DE GAULLE (;;;;920
36085;201300040048;13;5;30;355;5;2;1;2.0;7;51;44 ? 46, CHARLES DE GAUL;;;;920
36086;201300040049;13;4;16;1525;1;2;1;1.0;3;51;20, VICTOR HUGO (BOULEVA;;;;920
36087;201300040050;13;4;18;1500;1;2;1;1.0;3;51;105, CHARLES DE GAULLE (;;;;920
36088;201300040051;13;4;24;1845;1;2;2;1.0;6;51;136, ACHILLE PERETTI (AV;;;;920
36089;201300040052;13;4;25;1720;1;2;1;1.0;3;51;03, INKERMANN (BOULEVARD;;;;920
36090;201300040053;13;6;9;155;5;2;1;1.0;6;51;33, CHARLES DE GAULLE (A;;;;920
36091;201300040054;13;5;5;610;2;2;1;1.0;3;51;9B, RICHARD WALLACE (BOU;;;;920
36092;201300040055;13;5;21;2030;1;1;1;8.0;3;51;11, CHATEAU (BOULEVARD D;;;;920
36093;201300040056;13;5;26;1505;1;2;1;1.0;3;51;68bis, MAURICE BARRES (B;;;;920
36094;201300040057;13;5;27;845;1;2;1;1.0;2;51;165, BINEAU (BOULEVARD,;;;;920
36095;201300040058;13;5;30;2200;5;2;1;3.0;6;51;54, BINEAU (BOULEVARD, N;;;;920
36096;201300040059;13;5;31;1850;1;2;1;1.0;3;51;35, CHEZY (RUE DE, N? 21;;;;920
36097;201300040061;13;6;9;1145;1;2;1;1.0;6;51;11, PAUL DEROULEDE (RUE);;;;920
36098;201300040062;13;6;9;1840;1;2;1;2.0;2;51;71, CHARLES DE GAULLE (A;;;;920
36099;201300040063;13;6;10;2105;2;2;1;1.0;6;51;199, CHARLES DE GAULLE (;;;;920
36100;201300040064;13;6;10;1440;1;2;1;1.0;2;51;71, CHARLES DE GAULLE (A;;;;920
36101;201300040065;13;6;14;1420;1;2;1;1.0;2;51;132, CHARLES DE GAULLE (;;;;920
36102;201300040066;13;6;26;1040;1;2;1;1.0;6;51;90, VICTOR HUGO (BOULEVA;;;;920
36103;201300040067;13;5;27;1550;1;2;1;1.0;2;51;64, BINEAU (BOULEVARD, N;;;;920
36104;201300040068;13;7;8;1205;1;2;1;1.0;2;51;62, CHARLES DE GAULLE (A;;;;920
36105;201300040069;13;6;22;320;5;2;1;1.0;6;51;113, GENERAL KOENIG (BOU;;;;920
36106;201300040070;13;6;4;925;1;2;1;1.0;6;51;20, PAUL CHATROUSSE (RUE;;;;920
36107;201300040071;13;6;6;945;1;2;1;1.0;5;51;115, CHARLES DE GAULLE (;;;;920
36108;201300040073;13;6;11;1700;1;2;1;1.0;6;51;90, CHARLES DE GAULLE (A;;;;920
36109;201300040074;13;6;12;750;1;2;1;1.0;6;51;195, BINEAU (BOULEVARD,;;;;920
36110;201300040075;13;7;24;500;5;2;1;8.0;6;51;120, MAURICE BARRES (BOU;;;;920
36111;201300040076;13;7;22;1650;1;2;1;1.0;6;51;13, RICHARD WALLACE (BOU;;;;920
36112;201300040077;13;8;3;930;1;2;1;1.0;6;51;162, BINEAU (BOULEVARD,;;;;920
36113;201300040078;13;6;21;740;1;2;1;1.0;6;51;3, PARMENTIER (PLACE);;;;920
36114;201300040081;13;7;11;1630;1;2;1;1.0;6;51;29, VILLIERS (RUE DE, N?;;;;920
36115;201300040082;13;7;12;1221;1;2;1;1.0;6;51;36, CHARLES DE GAULLE (A;;;;920
36116;201300040084;13;7;11;2015;1;2;1;1.0;3;51;26, CHATEAU (BOULEVARD D;;;;920
36117;201300040085;13;7;15;2005;1;2;1;1.0;6;51;06, MAILLOT (BOULEVARD);;;;920
36118;201300040086;13;8;21;1800;1;2;1;1.0;3;51;122, CHARLES DE GAULLE (;;;;920
36119;201300040087;13;10;7;1545;1;2;1;1.0;2;51;67, GEORGES SEURAT (BOUL;;;;920
36120;201300040088;13;8;20;1230;2;2;1;1.0;3;51;201, CHARLES DE GAULLE (;;;;920
36121;201300040089;13;10;13;1320;1;2;1;1.0;2;51;41, CHARLES DE GAULLE (A;;;;920
36122;201300040090;13;7;17;750;1;2;1;1.0;2;51;199, CHARLES DE GAULLE (;;;;920
36123;201300040091;13;7;17;2230;5;2;1;1.0;6;51;68, MAURICE BARRES (BOUL;;;;920
36124;201300040092;13;7;16;830;1;2;1;1.0;3;51;18, CHARLES DE GAULLE (A;;;;920
36125;201300040093;13;7;28;1725;1;2;1;1.0;3;51;60, MAURICE BARRES (BOUL;;;;920
36126;201300040095;13;7;16;930;1;2;1;1.0;6;51;04, MADRID (AVENUE DE);;;;920
36127;201300040096;13;8;2;2030;1;2;1;1.0;7;51;204, BINEAU (BOULEVARD,;;;;920
36128;201300040097;13;8;12;1930;1;2;1;7.0;6;51;92, BINEAU (BOULEVARD, N;;;;920
36129;201300040098;13;8;7;1045;1;2;2;2.0;3;51;79?81, BINEAU (BOULEVARD;;;;920
36130;201300040099;13;11;14;1945;5;2;4;1.0;6;51;02, JACQUES DULUD (RUE);;;;920
36131;201300040100;13;9;20;250;5;2;1;1.0;7;51;23, GENERAL KOENIG (BOUL;;;;920
36132;201300040101;13;10;2;1655;1;2;1;1.0;6;51;146, CHARLES DE GAULLE (;;;;920
36133;201300040102;13;9;4;1938;1;2;1;1.0;6;51;28, YBRY (RUE);;;;920
36134;201300040103;13;10;11;155;5;2;1;1.0;3;51;105, CHARLES DE GAULLE (;;;;920
36135;201300040104;13;9;10;2210;5;2;2;1.0;6;51;79, BINEAU (BOULEVARD, N;;;;920
36136;201300040105;13;9;2;1310;1;2;2;1.0;6;51;36, INKERMANN (BOULEVARD;;;;920
36137;201300040106;13;10;19;745;2;2;1;1.0;4;51;182, BINEAU (BOULEVARD,;;;;920
36138;201300040108;13;10;24;1745;1;2;1;1.0;4;51;76, ROULE (AVENUE DU, N?;;;;920
36139;201300040109;13;9;12;300;5;2;1;1.0;6;51;25, MONTROSIER (RUE);;;;920
36140;201300040110;13;9;10;1905;1;2;1;1.0;7;51;83, LONGCHAMP (RUE DE);;;;920
36141;201300040111;13;10;29;1058;1;2;1;1.0;6;51;43, CHARTRES (RUE DE );;;;920
36142;201300040112;13;11;6;1900;5;2;1;1.0;3;51;182, BINEAU (BOULEVARD,;;;;920
36143;201300040113;13;11;6;820;1;2;1;2.0;3;51;72?80, CHARLES DE GAULLE;;;;920
36144;201300040114;13;9;17;1900;2;2;1;3.0;6;51;97, ROULE (AVENUE DU, N?;;;;920
36145;201300040115;13;9;24;1300;1;2;1;1.0;6;51;89, BINEAU (BOULEVARD, N;;;;920
36146;201300040116;13;11;6;1200;1;2;2;1.0;3;51;2, SABLONS (BOULEVARD DE;;;;920
36147;201300040117;13;10;7;1745;1;2;1;1.0;6;51;23, VILLIERS (RUE DE, N?;;;;920
36148;201300040118;13;10;9;1620;1;2;1;8.0;2;51;37, GENERAL LECLERC (BOU;;;;920
36149;201300040119;13;11;27;1845;5;2;2;1.0;6;51;19, ANCELLE (RUE);;;;920
36150;201300040120;13;10;4;2000;5;2;1;1.0;2;51;125, GENERAL KOENIG (BOU;;;;920
36151;201300040121;13;10;15;1910;2;2;1;1.0;6;51;145, ROULE (AVENUE DU, N;;;;920
36152;201300040122;13;11;30;1340;1;2;1;1.0;2;51;195, BINEAU (BOULEVARD,;;;;920
36153;201300040123;13;10;16;1230;1;2;1;1.0;6;51;35, SAUSSAYE (BOULEVARD;;;;920
36154;201300040124;13;10;16;1940;5;2;2;2.0;3;51;18, CHATEAU (BOULEVARD D;;;;920
36155;201300040125;13;10;23;2105;5;2;1;1.0;6;51;31, GENERAL KOENIG (BOUL;;;;920
36156;201300040126;13;10;25;1905;5;2;2;2.0;3;51;135, ACHILLE PERETTI (AV;;;;920
36157;201300040127;13;10;29;2315;5;2;1;8.0;3;51;10, MADRID (AVENUE DE);;;;920
36158;201300040128;13;10;21;1250;1;2;1;1.0;2;51;68, GENERAL KOENIG (BOUL;;;;920
36159;201300040129;13;11;19;1250;1;2;1;1.0;2;51;68, GENERAL KOENIG (BOUL;;;;920
36160;201300040132;13;12;6;840;1;2;1;1.0;7;51;15, HOTEL DE VILLE (RUE;;;;920
36161;201300040133;13;11;6;1010;1;2;2;8.0;7;51;217, BINEAU (BOULEVARD,;;;;920
36162;201300040134;13;11;8;1350;1;2;1;2.0;2;51;6, SABLONS (BOULEVARD DE;;;;920
36163;201300040135;13;11;15;835;1;2;1;1.0;4;51;face au 25, RICHARD WALL;;;;920
36164;201300040136;13;12;16;1515;1;2;1;1.0;6;51;36, GENERAL LECLERC (BOU;;;;920
36165;201300040138;13;1;3;2110;5;2;3;2.0;3;62;, WALLACE (BD RICHARD) D;;;;920
36166;201300040139;13;1;5;2225;5;2;3;1.0;1;51;rue Victor Hugo;;;;920
36167;201300040140;13;1;9;1800;5;2;1;2.0;7;62;34, DE DION BOUTON (QUAI;;;;920
36168;201300040141;13;1;16;920;1;2;3;7.0;7;62;WALLACE (BD RICHARD) DU;;;;920
36169;201300040142;13;2;11;713;2;2;3;2.0;1;62;76, WALLACE (BD RICHARD);;;;920
36170;201300040143;13;2;21;1050;1;2;1;1.0;6;62;30, DE DION BOUTON (QUAI;;;;920
36171;201300040144;13;2;24;1218;1;2;3;8.0;3;62;28, WALLACE (BD RICHARD);;;;920
36172;201300040145;13;2;27;910;1;2;1;8.0;7;62;, GENERAL DE GAULLE (AV);;;;920
36173;201300040146;13;2;27;1210;1;2;1;8.0;7;62;69, CONTRE ALLEE GENERAL;;;;920
36174;201300040147;13;3;1;1305;1;2;3;1.0;7;62;47, JACOTOT (RUE MARIUS);;;;920
36175;201300040148;13;3;8;1900;5;2;1;2.0;2;62;69, GENERAL DE GAULLE (A;;;;920
36176;201300040149;13;3;22;1630;1;2;1;1.0;7;62;86, GENERAL DE GAULLE (A;;;;920
36177;201300040150;13;3;25;915;1;2;1;1.0;3;62;2, WALLACE (BD RICHARD);;;;920
36178;201300040151;13;3;26;1150;1;2;3;1.0;3;62;MALON (RUE  BENOIT) DU 3;;;;920
36179;201300040153;13;3;28;840;2;2;3;1.0;2;62;71, GENERAL DE GAULLE (A;;;;920
36180;201300040154;13;4;2;1100;1;2;3;1.0;1;62;DE DION BOUTON (QUAI) DU;;;;920
36181;201300040155;13;4;3;1240;1;2;1;1.0;2;62;12, FUSILLES DE LA RESIS;;;;920
36182;201300040156;13;4;12;1730;1;2;1;1.0;3;62;58, DE DION BOUTON (QUAI;;;;920
36183;201300040157;13;4;17;850;1;2;1;1.0;3;62;26/30, FRANCE (RUE ANATO;;;;920
36184;201300040158;13;4;19;150;5;2;1;1.0;7;62;39bis, ROUSSELLE (RUE);;;;920
36185;201300040160;13;4;22;1830;1;2;3;1.0;2;62;BERGERES (RD-PT DES) DU;;;;920
36186;201300040161;13;4;26;1910;1;2;1;1.0;7;62;50, WALLACE (BD RICHARD);;;;920
36187;201300040162;13;5;18;1600;1;2;1;8.0;6;62;49, WALLACE (BD RICHARD);;;;920
36188;201300040163;13;5;30;820;1;2;1;2.0;6;62;95, ROSIERS (RUE DES) N?;;;;920
36189;201300040164;13;6;6;1425;1;2;3;1.0;6;62;109, JAURES (RUE JEAN) D;;;;920
36190;201300040165;13;6;17;1830;1;2;1;1.0;5;62;58, DE DION BOUTON (QUAI;;;;920
36191;201300040166;13;6;25;1805;1;2;3;1.0;6;62;114, JAURES (RUE JEAN) D;;;;920
36192;201300040167;13;6;25;1745;1;2;3;1.0;3;62;1bis, WALLACE (BD RICHAR;;;;920
36193;201300040168;13;7;4;840;1;2;1;1.0;6;62;5bis, FUSILLES DE LA RES;;;;920
36194;201300040169;13;7;8;1250;1;2;3;1.0;7;62;DE DION BOUTON (QUAI) DU;;;;920
36195;201300040171;13;7;12;1800;1;2;1;1.0;1;62;CONTRE ALLEE GENERAL DE;;;;920
36196;201300040172;13;7;17;2020;1;2;3;1.0;3;62;WALLACE (BD RICHARD) DU;;;;920
36197;201300040173;13;9;5;350;5;2;1;1.0;6;62;03, PARMENTIER (RUE);;;;920
36198;201300040174;13;9;7;1225;1;2;1;1.0;6;62;35, GODEFROY (RUE) DU 19;;;;920
36199;201300040175;13;9;12;2215;3;2;1;1.0;6;62;146, REPUBLIQUE (RUE DE;;;;920
36200;201300040176;13;9;13;1505;1;2;1;1.0;7;62;13, DE DION BOUTON (QUAI;;;;920
36201;201300040177;13;9;18;2005;5;2;1;1.0;5;62;34, DE DION BOUTON (QUAI;;;;920
36202;201300040178;13;8;16;1905;1;2;1;1.0;7;62;101, GENERAL DE GAULLE (;;;;920
36203;201300040179;13;10;7;1735;2;2;3;1.0;6;62;SOLJENITSYNE  (BD ALEXAN;;;;920
36204;201300040180;13;10;10;1500;1;2;3;1.0;3;62;63, DE DION BOUTON (QUAI;;;;920
36205;201300040181;13;10;23;1405;1;2;3;1.0;6;62;79, REPUBLIQUE (RUE DE L;;;;920
36206;201300040182;13;10;26;45;5;2;1;1.0;2;62;55, DE DION BOUTON (QUAI;;;;920
36207;201300040183;13;10;28;1920;5;2;1;1.0;2;62;135, JAURES (RUE JEAN) D;;;;920
36208;201300040184;13;10;31;1650;1;2;3;8.0;3;62;28, DE DION BOUTON (QUAI;;;;920
36209;201300040185;13;11;1;1920;2;2;3;3.0;6;62;129, REPUBLIQUE (RUE DE;;;;920
36210;201300040186;13;11;6;910;1;2;3;8.0;6;62;34, JAURES (RUE JEAN) DU;;;;920
36211;201300040187;13;11;16;1730;2;2;3;1.0;6;62;17, WALLACE (BD RICHARD);;;;920
36212;201300040188;13;11;21;753;5;2;3;2.0;3;62;23, WALLACE (BD RICHARD);;;;920
36213;201300040189;13;11;25;1330;1;2;6;8.0;1;62;1, ROND POINT DE LA LIBE;;;;920
36214;201300040190;13;11;27;1240;1;2;3;8.0;5;62;106, GENERAL DE GAULLE (;;;;920
36215;201300040191;13;11;28;1930;5;2;3;8.0;3;62;113, REPUBLIQUE (RUE DE;;;;920
36216;201300040192;13;12;2;1115;1;2;1;1.0;2;62;3, DE DION BOUTON (QUAI);;;;920
36217;201300040193;13;12;4;1720;5;2;1;8.0;3;62;3, DE DION BOUTON (QUAI);;;;920
36218;201300040194;13;12;13;915;1;2;3;8.0;7;62;11, DE DION BOUTON (QUAI;;;;920
36219;201300040195;13;12;14;930;1;2;3;8.0;3;62;15, LAFARGUES (RUE PAUL);;;;920
36220;201300040196;13;12;22;2025;5;2;1;2.0;6;62;122, JAURES(RUE JEAN) DU;;;;920
36221;201300040197;13;12;26;1930;5;2;1;8.0;6;62;35/37/39, EICHENBERGER (;;;;920
36222;201300040198;13;1;5;2015;5;2;1;2.0;3;63;69, DIX-HUIT JUIN 1940 (;;;;920
36223;201300040199;13;1;9;2000;2;2;6;2.0;3;63;n?ant, MAUPASSANT (RUE G;;;;920
36224;201300040200;13;1;11;850;1;2;1;1.0;2;63;80, DOUMER (AVENUE PAUL);;;;920
36225;201300040202;13;1;15;950;1;2;1;2.0;6;63;n?ant, HUGO (AVENUE VICT;;;;920
36226;201300040203;13;1;16;2015;5;2;3;1.0;2;63;1, ROOSEVELT (BOULEVARD;;;;920
36227;201300040204;13;1;24;1110;1;2;2;1.0;7;63;COLMAR (AVENUE DE);;;;920
36228;201300040206;13;2;2;2010;5;2;1;1.0;2;63;HOPITAL STELL (BOULEVARD;;;;920
36229;201300040207;13;2;6;1750;2;2;1;1.0;6;63;n?ant, COLMAR (AVENUE DE;;;;920
36230;201300040208;13;2;10;2250;2;2;1;2.0;7;63;DOUMER (AVENUE PAUL) EST;;;;920
36231;201300040209;13;2;15;845;1;2;1;2.0;7;63;n?ant, CHATOU (PONT DE);;;;920
36232;201300040210;13;2;20;2050;5;2;1;1.0;6;63;86, DOUMER (AVENUE PAUL);;;;920
36233;201300040211;13;2;24;1950;5;2;1;4.0;7;63;2, CHATEAU (RUE DU);;;;920
36234;201300040212;13;3;4;745;1;2;6;1.0;3;63;**********, BRU (PLACE D;;;;920
36235;201300040213;13;3;7;1835;1;2;1;1.0;7;63;4, FOCH (BOULEVARD DU MA;;;;920
36236;201300040215;13;3;14;955;1;2;3;1.0;1;63;MOLIERE (RUE);;;;920
36237;201300040216;13;3;12;800;1;2;1;1.0;7;63;25, GALLIENI (RUE);;;;920
36238;201300040217;13;3;26;1345;1;2;3;1.0;6;63;N?ant, DANTON (RUE);;;;920