;Num_Acc;an;mois;jour;hrmn;lum;agg;int;atm;col;com;adr;gps;lat;long;dep
36239;201300040218;13;3;26;1715;1;2;1;1.0;3;63;06, SUE (RUE EUGENE);;;;920
36240;201300040219;13;4;11;820;1;2;3;1.0;3;63;n?ant, COLMAR (AVENUE DE;;;;920
36241;201300040220;13;4;11;1830;1;2;1;2.0;7;63;N?ant, BONS RAISINS (RUE;;;;920
36242;201300040221;13;4;15;900;1;2;9;2.0;3;63;40, DOUMER (AVENUE PAUL);;;;920
36243;201300040222;13;4;18;1610;1;2;1;1.0;7;63;N?ant, DUFAURE (RUE AMED;;;;920
36244;201300040224;13;4;19;1910;1;2;3;1.0;4;63;2, HABY SOMMER (RUE);;;;920
36245;201300040225;13;4;22;1715;1;2;9;1.0;3;63;n?ant, JONCHERE (CHEMIN;;;;920
36246;201300040226;13;4;24;1440;1;2;1;1.0;6;63;17/19, FOUILLEUSE (AVENU;;;;920
36247;201300040227;13;4;26;1730;1;2;1;1.0;3;63;109, NATIONAL (BOULEVARD;;;;920
36248;201300040228;13;4;27;1225;1;2;1;1.0;6;63;18, MASSENA (RUE);;;;920
36249;201300040229;13;5;11;1550;1;2;3;1.0;3;63;N?ant, GALLIENI (RUE);;;;920
36250;201300040230;13;5;20;1840;1;1;1;3.0;6;63;24, PERVENCHES (RUE DES);;;;920
36251;201300040231;13;5;21;1700;1;2;1;1.0;6;63;40, EMPEREUR (ROUTE DE L;;;;920
36252;201300040232;13;5;21;1710;1;2;1;1.0;7;63;4, CHAPELLE (RUE DE LA);;;;920
36253;201300040233;13;5;28;815;1;2;1;2.0;7;63;19, PERRET (RUE AUGUSTE);;;;920
36254;201300040234;13;5;30;750;1;2;1;2.0;7;63;14, SOLFERINO (BOULEVARD;;;;920
36255;201300040235;13;5;31;1615;1;2;1;1.0;7;63;10, DIX-HUIT JUIN 1940 (;;;;920
36256;201300040236;13;6;11;2240;5;2;3;1.0;6;63;n?ant, HOPITAL STELL (BO;;;;920
36257;201300040237;13;6;17;900;1;2;3;2.0;6;63;1, QUATRE SEPTEMBRE (RUE;;;;920
36258;201300040239;13;6;22;2025;1;2;3;1.0;6;63;n?ant, DIX-HUIT JUIN 194;;;;920
36259;201300040240;13;6;25;1830;1;2;1;1.0;2;63;N?ant, EMPEREUR (ROUTE D;;;;920
36260;201300040241;13;6;30;1700;1;2;1;1.0;6;63;17, GLYCINES (ALLEE DES);;;;920
36261;201300040243;13;7;6;1445;1;2;1;1.0;3;63;74, DOUMER (AVENUE PAUL);;;;920
36262;201300040244;13;7;9;1619;1;2;1;1.0;2;63;N?ant, COLMAR (AVENUE DE;;;;920
36263;201300040245;13;7;10;715;1;2;1;1.0;7;63;8, SOLFERINO (BOULEVARD);;;;920
36264;201300040246;13;7;5;1545;1;2;1;1.0;2;63;56, FOUILLEUSE (AVENUE D;;;;920
36265;201300040247;13;7;11;905;1;2;1;1.0;3;63;N?ant, TERRAY (RUE LIONE;;;;920
36266;201300040248;13;7;11;935;1;2;6;1.0;6;63;****, EMPEREUR (ROUTE DE;;;;920
36267;201300040249;13;7;14;355;5;2;1;1.0;6;63;17-19, JUIN (AVENUE DU M;;;;920
36268;201300040250;13;7;18;1515;1;2;1;1.0;3;63;24, ALBERT 1ER (AVENUE);;;;920
36269;201300040251;13;7;19;845;1;2;1;1.0;7;63;112, EMPEREUR (ROUTE DE;;;;920
36270;201300040253;13;7;31;2255;5;2;3;1.0;7;63;****, HOPITAL STELL (BOU;;;;920
36271;201300040254;13;8;2;1430;1;2;1;1.0;6;63;16 BIS, REPUBLIQUE (AVEN;;;;920
36272;201300040255;13;8;5;1245;1;2;1;1.0;6;63;n?ant, CHATOU (AVENUE DE;;;;920
36273;201300040256;13;8;5;1420;1;2;1;1.0;7;63;372, BONAPARTE (AVENUE N;;;;920
36274;201300040257;13;8;7;1320;1;2;1;1.0;2;63;NEANT, COLMAR (AVENUE DE;;;;920
36275;201300040258;13;8;18;1905;1;2;1;1.0;2;63;40, DIX-HUIT JUIN 1940 (;;;;920
36276;201300040259;13;8;19;1715;1;2;3;1.0;3;63;18, HOPITAL STELL (BOULE;;;;920
36277;201300040260;13;8;22;1215;1;2;1;1.0;6;63;15 BIS, ALBERT 1ER (AVEN;;;;920
36278;201300040261;13;8;28;1730;1;2;1;1.0;6;63;105, DANTON (RUE);;;;920
36279;201300040262;13;8;30;935;1;2;3;1.0;2;63;188, DIX-HUIT JUIN 1940;;;;920
36280;201300040263;13;9;7;1300;1;2;1;1.0;6;63;19, BLERIOT (RUE LOUIS);;;;920
36281;201300040264;13;9;7;1440;1;2;1;1.0;6;63;1, QUATRE SEPTEMBRE (RUE;;;;920
36282;201300040265;13;9;9;940;1;2;3;1.0;3;63;****, GALLIENI (RUE);;;;920
36283;201300040266;13;9;9;1700;1;2;1;2.0;6;63;17, NATIONAL (BOULEVARD);;;;920
36284;201300040267;13;9;3;1255;1;2;1;1.0;3;63;266, BONAPARTE (AVENUE N;;;;920
36285;201300040268;13;9;12;840;1;2;1;2.0;3;63;66, HABY SOMMER (RUE);;;;920
36286;201300040269;13;9;15;955;1;2;1;1.0;6;63;40, GALLIENI (RUE);;;;920
36287;201300040270;13;9;16;1135;1;2;1;1.0;6;63;54, GALLIENI (RUE);;;;920
36288;201300040271;13;9;19;1900;1;2;1;1.0;7;63;196, DOUMER (AVENUE PAUL;;;;920
36289;201300040272;13;9;21;605;5;2;1;1.0;6;63;NEANT, BUZENVAL (AVENUE;;;;920
36290;201300040273;13;9;22;815;1;2;1;1.0;6;63;****, COLMAR (AVENUE DE);;;;920
36291;201300040274;13;9;23;850;1;2;2;1.0;3;63;****, NATIONAL (BOULEVAR;;;;920
36292;201300040275;13;9;26;845;1;2;1;1.0;4;63;****, CHATOU (PONT DE);;;;920
36293;201300040276;13;9;27;1940;5;2;4;1.0;3;63;****, GALLIENI (RUE);;;;920
36294;201300040277;13;10;5;1655;1;2;1;1.0;3;63;35, DIX-HUIT JUIN 1940 (;;;;920
36295;201300040278;13;10;7;1830;1;2;4;1.0;3;63;89, GALLIENI (RUE);;;;920
36296;201300040279;13;10;8;1015;1;2;1;1.0;3;63;101, POMPIDOU (AVENUE DU;;;;920
36297;201300040280;13;10;16;1555;1;2;1;2.0;7;63;60, ESTIENNE D'ORVES (RU;;;;920
36298;201300040281;13;10;21;1430;1;2;1;1.0;6;63;02, ALBERT 1ER (AVENUE);;;;920
36299;201300040282;13;10;23;1750;1;2;1;2.0;2;63;95, DOUMER (AVENUE PAUL);;;;920
36300;201300040283;13;10;12;1445;1;2;1;1.0;6;63;18, DE GAULLE (BOULEVARD;;;;920
36301;201300040284;13;10;26;1530;1;2;1;2.0;3;63;55, POMPIDOU (AVENUE DU;;;;920
36302;201300040285;13;10;29;915;1;2;1;1.0;3;63;****, LANDES (RUE DES);;;;920
36303;201300040286;13;10;30;2215;5;2;3;1.0;2;63;****, SUE (RUE EUGENE);;;;920
36304;201300040287;13;11;3;1;5;2;1;8.0;7;63;58, HABY SOMMER (RUE);;;;920
36305;201300040289;13;11;8;815;1;2;6;1.0;6;63;****, BOURGUIGNON (RUE J;;;;920
36306;201300040290;13;11;9;1030;1;2;2;1.0;6;63;DANTON (RUE);;;;920
36307;201300040291;13;11;10;1230;1;2;3;1.0;2;63;322, BONAPARTE (AVENUE N;;;;920
36308;201300040292;13;11;12;2030;3;2;1;2.0;2;63;14, RICHELIEU (BOULEVARD;;;;920
36309;201300040293;13;11;11;900;1;2;1;1.0;6;63;382, BONAPARTE (AVENUE N;;;;920
36310;201300040294;13;11;14;710;2;2;1;1.0;2;63;18, DOUMER (AVENUE PAUL);;;;920
36311;201300040296;13;11;22;815;1;2;3;1.0;7;63;27, MASSENA (RUE);;;;920
36312;201300040297;13;11;22;1240;1;2;1;1.0;6;63;64, SAND (RUE GEORGE);;;;920
36313;201300040298;13;11;22;1540;1;2;6;1.0;6;63;40, RICHELIEU (BOULEVARD;;;;920
36314;201300040299;13;12;2;1410;1;2;3;1.0;2;63;N?ant, ROSIERS (RUE DES);;;;920
36315;201300040300;13;12;5;1035;1;1;1;1.0;2;63;0, Bretelle A86;;;;920
36316;201300040301;13;12;6;850;1;2;1;1.0;3;63;67, DIX-HUIT JUIN 1940 (;;;;920
36317;201300040303;13;12;17;1350;1;2;1;1.0;6;63;55, COLMAR (AVENUE DE);;;;920
36318;201300040304;13;12;18;1830;2;2;6;1.0;6;63;N?ant, FOUILLEUSE (AVENU;;;;920
36319;201300040305;13;12;27;1900;2;2;1;2.0;6;63;25, DOUMER (AVENUE PAUL);;;;920
36320;201300040306;13;1;3;1005;1;2;1;1.0;7;64;20-21, CARNOT;;;;920
36321;201300040307;13;1;13;1130;1;2;9;1.0;3;64;65, MARCEL DASSAULT;;;;920
36322;201300040308;13;1;14;1500;1;2;1;2.0;7;64;272, REPUBLIQUE;;;;920
36323;201300040309;13;1;16;1955;5;2;1;1.0;3;64;REPUBLIQUE;;;;920
36324;201300040310;13;1;17;730;2;2;1;1.0;7;64;02, FEUDON;;;;920
36325;201300040311;13;1;25;935;1;2;1;1.0;3;64;100, REPUBLIQUE;;;;920
36326;201300040312;13;1;26;2150;1;2;6;1.0;3;64;30, PASTEUR;;;;920
36327;201300040313;13;1;28;1650;1;2;1;1.0;6;64;35, DAILLY;;;;920
36328;201300040314;13;2;11;846;1;2;2;3.0;3;33;PORTE JAUNE;;;;920
36329;201300040315;13;2;12;856;1;2;1;1.0;7;64;60 BIS, REPUBLIQUE;;;;920
36330;201300040316;13;2;13;951;1;2;1;1.0;3;64;CARNOT;;;;920
36331;201300040317;13;2;27;725;2;2;1;9.0;7;64;02, GOUNOD;;;;920
36332;201300040318;13;3;7;1330;1;2;1;2.0;3;64;30, PASTEUR;;;;920
36333;201300040319;13;3;10;1800;1;2;1;1.0;6;76;CHASSE ROYALE;;;;920
36334;201300040320;13;3;15;1535;1;2;7;1.0;6;33;SAINT LOUIS;;;;920
36335;201300040321;13;3;24;1245;1;2;9;1.0;6;47;01 BIS, REPUBLIQUE;;;;920
36336;201300040322;13;3;8;1630;1;2;1;1.0;3;33;157, BUZENVAL;;;;920
36337;201300040323;13;3;30;100;5;2;9;1.0;3;64;REPUBLIQUE;;;;920
36338;201300040324;13;4;2;910;1;2;7;1.0;3;64;PLACE CLEMENCEAU;;;;920
36339;201300040325;13;4;2;1820;1;2;9;1.0;3;33;DOCTEUR DEBAT;;;;920
36340;201300040326;13;4;2;2015;1;2;1;1.0;7;64;PLACE CLEMENCEAU;;;;920
36341;201300040327;13;4;3;955;1;2;7;1.0;3;64;ST CLOUD;;;;920
36342;201300040328;13;4;8;1950;2;2;1;1.0;6;64;ALEXANDRE COUTUREAU;;;;920
36343;201300040329;13;4;11;1800;1;2;1;1.0;7;64;17, MONT VALERIEN;;;;920
36344;201300040330;13;4;17;1750;1;2;1;1.0;5;47;JARDY;;;;920
36345;201300040331;13;4;18;940;1;2;9;1.0;3;64;65, MARCEL DASSAULT;;;;920
36346;201300040332;13;4;18;1905;1;2;3;1.0;2;64;PORTE JAUNE;;;;920
36347;201300040333;13;4;21;1740;1;2;1;1.0;3;64;MARECHAL JUIN;;;;920
36348;201300040334;13;4;23;2000;1;2;1;1.0;3;76;CHASSE ROYALE;;;;920
36349;201300040335;13;4;29;1000;1;2;1;1.0;3;64;05, LOUIS LOUCHEUR;;;;920
36350;201300040336;13;5;2;130;3;2;1;2.0;6;64;MARECHAL JUIN;;;;920
36351;201300040337;13;5;7;1625;1;2;3;1.0;3;64;MARCEL DASSAULT;;;;920
36352;201300040338;13;5;10;1650;1;2;1;1.0;2;33;GENERAL DE GAULLE;;;;920
36353;201300040339;13;5;15;1515;1;2;1;1.0;7;64;18bis, CARNOT;;;;920
36354;201300040340;13;5;20;2115;5;2;6;3.0;3;64;MAGENTA PLACE;;;;920
36355;201300040341;13;5;21;1920;1;2;1;8.0;2;47;JARDY;;;;920
36356;201300040342;13;5;24;1455;1;2;1;1.0;7;64;PLACE CLEMENCEAU;;;;920
36357;201300040344;13;5;27;1250;1;2;4;1.0;3;76;PUITS;;;;920
36358;201300040345;13;6;1;115;5;2;1;1.0;7;33;132 BIS, PORTE JAUNE;;;;920
36359;201300040346;13;6;5;1150;1;2;1;1.0;6;64;PASTEUR;;;;920
36360;201300040347;13;6;10;840;1;2;1;1.0;6;64;13, SENARD;;;;920
36361;201300040348;13;6;12;1455;1;2;3;1.0;6;47;JARDY;;;;920
36362;201300040349;13;6;13;1605;1;2;1;2.0;7;64;1200, MARCEL DASSAULT;;;;920
36363;201300040350;13;6;11;1830;1;2;1;1.0;2;64;42, DAILLY;;;;920
36364;201300040351;13;6;16;1810;1;1;1;1.0;1;64;PARC SAINT CLOUD;;;;920
36365;201300040352;13;6;18;1640;1;2;3;1.0;7;33;SYLVAIN VIGNERAS;;;;920
36366;201300040353;13;6;19;1445;1;2;9;1.0;6;64;SENARD;;;;920
36367;201300040354;13;6;20;1220;1;2;4;2.0;3;33;71, SURESNES;;;;920
36368;201300040355;13;6;21;1520;1;2;1;1.0;6;47;JARDY;;;;920
36369;201300040356;13;6;21;2150;2;2;3;1.0;3;64;PERSCHEZ;;;;920
36370;201300040357;13;6;24;1420;1;2;2;1.0;1;64;DAILLY;;;;920
36371;201300040358;13;6;25;918;1;2;1;1.0;2;64;34, GOUNOD;;;;920
36372;201300040359;13;7;4;1720;1;2;1;1.0;6;64;CARNOT;;;;920
36373;201300040360;13;7;9;1545;1;2;1;1.0;3;64;119, REPUBLIQUE;;;;920
36374;201300040361;13;7;10;1850;1;2;1;1.0;6;33;153, GRANDE RUE;;;;920
36375;201300040362;13;7;12;40;5;2;1;1.0;3;64;DAILLY;;;;920
36376;201300040363;13;7;12;1520;1;2;1;1.0;3;64;21, GOUNOD;;;;920
36377;201300040364;13;7;21;1940;1;2;1;1.0;7;64;27, DAILLY;;;;920
36378;201300040365;13;7;24;550;2;2;1;2.0;4;64;62, MARCEL DASSAULT;;;;920
36379;201300040366;13;7;25;1700;1;2;1;1.0;4;64;0, MARCEL DASSAULT;;;;920
36380;201300040367;13;7;30;1700;1;1;1;8.0;6;64;0, PARC SAINT CLOUD;;;;920
36381;201300040368;13;8;6;55;3;2;1;1.0;7;64;0, MARECHAL JUIN;;;;920
36382;201300040369;13;8;21;1125;1;2;3;1.0;7;76;84, REPUBLIQUE;;;;920
36383;201300040370;13;8;23;1825;1;2;1;1.0;3;64;44, MARCEL DASSAULT;;;;920
36384;201300040371;13;8;30;1825;1;2;2;1.0;3;33;RAYMOND POINCARE;;;;920
36385;201300040372;13;8;30;1815;1;2;1;1.0;2;64;0, MARECHAL JUIN;;;;920
36386;201300040373;13;9;6;45;5;2;1;1.0;6;64;FACE 31, CALVAIRE;;;;920
36387;201300040374;13;9;9;2010;3;1;1;2.0;7;47;03, RAYMOND POINCARE;;;;920
36388;201300040375;13;9;10;825;1;2;1;1.0;3;76;FACE 43, REPUBLIQUE;;;;920
36389;201300040376;13;9;10;1920;1;2;3;1.0;3;64;PASTEUR;;;;920
36390;201300040377;13;9;12;830;1;2;1;1.0;6;33;161, PORTE JAUNE;;;;920
36391;201300040378;13;9;12;1840;2;2;2;2.0;2;64;0, REPUBLIQUE;;;;920
36392;201300040379;13;9;17;925;1;2;3;1.0;2;64;47, MARCEL DASSAULT;;;;920
36393;201300040380;13;9;24;820;1;2;1;1.0;3;64;MARECHAL FOCH;;;;920
36394;201300040382;13;9;27;40;5;2;1;1.0;3;64;7, DAILLY;;;;920
36395;201300040383;13;9;27;1345;1;2;9;1.0;1;47;JARDY;;;;920
36396;201300040384;13;9;27;1655;1;2;1;1.0;3;64;DAILLY;;;;920
36397;201300040385;13;9;27;1840;1;2;1;1.0;7;64;33, REPUBLIQUE;;;;920
36398;201300040386;13;10;1;1600;1;2;1;1.0;6;64;09, DAILLY;;;;920
36399;201300040387;13;10;4;1015;1;2;1;1.0;3;64;39, SENARD;;;;920
36400;201300040388;13;10;4;1050;1;2;1;1.0;4;64;CARNOT;;;;920
36401;201300040389;13;10;5;1645;1;2;1;1.0;6;33;109, BUZENVAL;;;;920
36402;201300040390;13;10;7;1755;1;2;3;1.0;2;64;CAMP CANADIEN;;;;920
36403;201300040391;13;10;8;1630;1;2;3;1.0;3;33;GENERAL DE GAULLE;;;;920
36404;201300040392;13;10;8;1840;2;2;1;1.0;7;76;CHASSE ROYALE;;;;920
36405;201300040393;13;10;9;850;1;2;2;1.0;3;47;0, JARDY;;;;920
36406;201300040394;13;10;10;1750;1;2;1;8.0;6;33;33, PORTE JAUNE;;;;920
36407;201300040395;13;10;13;545;5;2;1;1.0;6;33;163 BIS, PORTE JAUNE;;;;920
36408;201300040396;13;10;18;1755;1;2;1;1.0;6;64;42, REPUBLIQUE;;;;920
36409;201300040397;13;10;21;840;1;2;9;2.0;6;76;105, REPUBLIQUE;;;;920
36410;201300040398;13;10;27;1255;1;2;1;1.0;4;64;1363, MARCEL DASSAULT;;;;920
36411;201300040399;13;10;30;630;5;2;1;1.0;3;47;JARDY;;;;920
36412;201300040400;13;11;7;825;1;2;1;1.0;3;64;MARCEL DASSAULT;;;;920
36413;201300040401;13;11;7;900;1;2;1;1.0;3;76;, NAPOLEON III;;;;920
36414;201300040402;13;11;11;740;1;2;1;1.0;3;33;155, BUZENVAL;;;;920
36415;201300040403;13;11;12;1440;1;2;1;1.0;6;64;113, MARECHAL FOCH;;;;920
36416;201300040404;13;11;13;1430;1;2;1;2.0;4;64;73, MARCEL DASSAULT;;;;920
36417;201300040405;13;11;12;1810;5;2;1;2.0;6;33;12, ATHIME RUE;;;;920
36418;201300040406;13;11;13;1650;1;2;1;1.0;2;64;MONT VALERIEN;;;;920
36419;201300040407;13;11;13;1920;5;2;1;1.0;7;64;PALAIS;;;;920
36420;201300040408;13;11;17;125;5;2;1;1.0;1;47;JARDY;;;;920
36421;201300040409;13;11;18;900;1;2;1;1.0;6;64;05, DAILLY;;;;920
36422;201300040410;13;11;19;1905;5;2;1;1.0;3;64;30, PASTEUR;;;;920
36423;201300040411;13;11;19;1940;5;2;1;1.0;7;64;1, pont de saint-cloud;;;;920
36424;201300040412;13;11;20;820;1;2;1;1.0;7;33;VV 101-111, BUZENVAL;;;;920
36425;201300040413;13;11;20;1505;1;2;1;2.0;3;33;BREZIN;;;;920
36426;201300040414;13;11;23;2000;5;2;1;1.0;7;64;110, MARECHAL FOCH;;;;920
36427;201300040416;13;11;28;1305;1;2;2;1.0;3;64;REPUBLIQUE;;;;920
36428;201300040417;13;12;4;1750;5;2;1;1.0;3;64;22, DAILLY;;;;920
36429;201300040418;13;12;6;750;2;2;1;1.0;3;64;07/18, PASTEUR;;;;920
36430;201300040419;13;12;8;1550;1;2;4;1.0;6;64;FRANCIS CHAVETON;;;;920
36431;201300040420;13;12;19;820;1;2;3;1.0;7;64;134 BIS, PORTE JAUNE;;;;920
36432;201300040421;13;12;29;1540;1;2;9;1.0;2;64;MARECHAL JUIN;;;;920
36433;201300040423;13;12;31;1200;1;2;1;2.0;2;64;MARECHAL JUIN;;;;920
36434;201300040424;13;1;1;1000;1;2;1;2.0;6;72;., SEVRES (PONT DE);;;;920
36435;201300040425;13;1;1;1130;1;2;1;2.0;6;72;., SEVRES (PONT DE);;;;920
36436;201300040426;13;1;3;2150;4;2;1;2.0;2;72;., SEVRES (PONT DE);;;;920
36437;201300040427;13;1;2;1210;1;2;3;1.0;3;22;2133, SALENGRO (AVENUE R;;;;920
36438;201300040429;13;1;11;650;2;2;1;2.0;3;72;., SEVRES (PONT DE);;;;920
36439;201300040430;13;1;14;1150;1;2;1;1.0;2;72;., MANUFACTURE NATIONALE;;;;920
36440;201300040431;13;1;17;730;2;2;1;1.0;6;77;01, MARNES (RUE DE);;;;920
36441;201300040432;13;1;18;800;2;2;3;1.0;6;77;., MARNES (RUE DE);;;;920
36442;201300040434;13;2;12;1351;1;2;1;1.0;6;77;48-50, VERSAILLES (RUE D;;;;920
36443;201300040435;13;2;13;755;1;2;2;1.0;3;72;., GRANDE RUE;;;;920
36444;201300040436;13;2;18;20;5;2;3;1.0;3;22;., PAVE DES GARDES (ROUT;;;;920
36445;201300040437;13;2;19;817;1;2;6;1.0;7;72;8 MAI 1945 (RUE DU);;;;920
36446;201300040438;13;2;28;2040;5;2;2;1.0;3;22;., PAVE DES GARDES (ROUT;;;;920
36447;201300040440;13;3;9;2250;5;2;1;1.0;2;72;02, TROYON (RUE);;;;920
36448;201300040441;13;3;15;815;1;2;1;1.0;7;77;14, SEVRES (RUE DE);;;;920
36449;201300040442;13;3;21;740;1;2;1;1.0;6;72;77, BRANCAS (RUE);;;;920
36450;201300040443;13;3;27;1030;1;2;1;1.0;2;72;27, EUROPE (AVENUE DE L';;;;920
36451;201300040444;13;4;12;1845;1;2;2;2.0;3;22;., BOISSIER (AVENUE GAST;;;;920
36452;201300040445;13;4;18;1310;1;2;1;1.0;2;72;19, VILLE D'AVRAY (RUE D;;;;920
36453;201300040446;13;4;23;1730;1;2;1;1.0;6;77;01, MARNES (RUE DE);;;;920
36454;201300040447;13;4;25;1400;1;2;3;1.0;6;72;., CHEVIRON (RUE DU PARC;;;;920
36455;201300040448;13;4;26;1620;1;2;1;2.0;2;72;., VILLE D'AVRAY (RUE DE;;;;920
36456;201300040450;13;5;14;1730;1;2;1;1.0;3;77;59, ST CLOUD (RUE DE);;;;920
36457;201300040451;13;5;17;210;5;2;1;1.0;7;72;15-17, GRANDE RUE;;;;920
36458;201300040452;13;5;21;905;1;2;1;3.0;7;77;41, SEVRES (RUE DE);;;;920
36459;201300040453;13;5;29;1010;1;2;1;1.0;6;22;SALENGRO (AVENUE ROGER);;;;920
36460;201300040454;13;5;30;2235;5;2;1;2.0;6;22;23, REPUBLIQUE (BOULEVAR;;;;920
36461;201300040455;13;6;4;1155;1;2;1;1.0;6;22;144, SALENGRO (AVENUE RO;;;;920
36462;201300040456;13;6;8;1435;1;2;1;1.0;6;77;119, VERSAILLES (RUE DE);;;;920
36463;201300040457;13;6;12;1410;1;2;1;1.0;6;72;., SEE (AVENUE CAMILLE);;;;920
36464;201300040458;13;6;14;2035;1;2;1;1.0;3;22;1467, SALENGRO (AVENUE R;;;;920
36465;201300040459;13;6;15;1350;1;2;1;1.0;7;72;109, VILLE D'AVRAY (RUE;;;;920
36466;201300040460;13;6;16;1230;1;2;1;1.0;3;72;3, GRANDE RUE;;;;920
36467;201300040462;13;6;22;1115;1;2;1;1.0;6;72;., LECOINTRE (RUE);;;;920
36468;201300040463;13;6;22;2120;1;2;1;1.0;2;22;990, SALENGRO (AVENUE RO;;;;920
36469;201300040464;13;7;6;1630;1;2;1;1.0;7;72;02, TROYON (RUE);;;;920
36470;201300040465;13;7;9;1935;1;2;6;1.0;3;72;., LECLERC (AVENUE DE LA;;;;920
36471;201300040466;13;7;11;1740;1;2;1;1.0;6;77;9, SEVRES (RUE DE);;;;920
36472;201300040467;13;7;24;555;1;2;1;1.0;7;72;., FONTAINES (RUE DES);;;;920
36473;201300040468;13;7;25;1430;1;2;1;1.0;2;72;., SAINT CLOUD (RUE DE);;;;920
36474;201300040469;13;7;31;2209;2;2;1;1.0;3;22;996, SALENGRO (AVENUE RO;;;;920
36475;201300040470;13;8;1;1010;1;2;1;1.0;2;22;1737, SALENGRO (AVENUE R;;;;920
36476;201300040471;13;8;3;1650;1;2;1;1.0;6;72;., PAVE DES GARDES (ROUT;;;;920
36477;201300040472;13;8;7;740;2;2;1;3.0;6;77;3, DESVALLIERES (CHEMIN);;;;920
36478;201300040473;13;8;12;1150;1;2;1;1.0;4;72;., TROYON (RUE);;;;920
36479;201300040474;13;8;30;1045;1;2;2;1.0;6;77;., SEVRES (RUE DE);;;;920
36480;201300040475;13;9;5;840;1;2;1;1.0;6;72;10, EUROPE (AVENUE DE L';;;;920
36481;201300040476;13;9;9;825;1;2;1;1.0;6;77;199, VERSAILLES (RUE DE);;;;920
36482;201300040478;13;9;25;2120;1;2;2;1.0;7;77;., SEVRES (RUE DE);;;;920
36483;201300040479;13;9;29;105;5;2;1;2.0;7;72;01, GRANDE RUE;;;;920
36484;201300040480;13;10;1;845;1;2;1;1.0;6;72;., PAVE DES GARDES (ROUT;;;;920
36485;201300040481;13;10;7;945;1;2;1;1.0;3;72;34, RENAN (RUE ERNEST);;;;920
36486;201300040482;13;10;13;2105;5;2;1;1.0;7;22;7, SALENGRO (AVENUE ROGE;;;;920
36487;201300040483;13;10;20;1805;1;2;3;3.0;3;77;., SEVRES (RUE DE);;;;920
36488;201300040484;13;11;5;1645;1;2;1;2.0;6;22;21, FRANCE (RUE ANATOLE);;;;920
36489;201300040485;13;10;30;1925;5;2;1;1.0;2;72;., SAINT CLOUD (RUE DE);;;;920
36490;201300040486;13;11;10;1530;1;2;3;1.0;6;77;13, DESVALLIERES (CHEMIN;;;;920
36491;201300040489;13;11;20;1720;5;2;1;3.0;3;22;2237, SALENGRO (AVENUE R;;;;920
36492;201300040490;13;11;20;1910;5;2;1;3.0;2;22;., CARNOT (RUE);;;;920
36493;201300040491;13;11;20;1920;5;2;1;2.0;2;77;02, BALZAC (AVENUE DE);;;;920
36494;201300040492;13;11;26;800;1;2;1;1.0;6;22;22, FRANCE (RUE ANATOLE);;;;920
36495;201300040493;13;12;7;1305;1;2;2;1.0;3;77;., LAROCHE (PLACE CHARLE;;;;920
36496;201300040494;13;12;8;1615;1;2;1;1.0;7;22;SALENGRO (AVENUE ROGER);;;;920
36497;201300040495;13;12;11;1800;5;2;1;1.0;3;22;706, SALENGRO (AVENUE RO;;;;920
36498;201300040497;13;12;22;1950;3;2;1;1.0;2;72;., MANUFACTURE NATIONALE;;;;920
36499;201300040498;13;1;3;1350;1;2;3;2.0;6;73;04, VAL D'OR (RUE DU);;;;920
36500;201300040499;13;1;5;1940;5;2;1;2.0;6;64;272, REPUBLIQUE (Bouleva;;;;920
36501;201300040500;13;1;8;1800;5;2;3;1.0;3;73;7, DASSAULT (QUAI MARCEL;;;;920
36502;201300040501;13;1;13;1425;1;2;1;1.0;6;73;1, JAURES (AVENUE JEAN);;;;920
36503;201300040502;13;1;17;940;1;2;2;1.0;2;73;17, SELLIER (BOULEVARD H;;;;920
36504;201300040503;13;1;22;2130;5;2;1;2.0;7;73;10, MONGE (RUE MARCEL);;;;920
36505;201300040504;13;1;23;2305;5;2;3;1.0;3;73;32, SELLIER (BOULEVARD H;;;;920
36506;201300040505;13;1;28;2315;5;2;1;1.0;7;73;72, CHERCHEVETS (RUE DES;;;;920
36507;201300040506;13;2;1;1410;1;2;1;2.0;4;73;53, SELLIER (BOULEVARD H;;;;920
36508;201300040507;13;2;7;755;1;2;3;1.0;6;73;35, JAURES (AVENUE JEAN);;;;920
36509;201300040508;13;2;16;2155;5;2;2;1.0;3;73;42, CHENES (RUE DES);;;;920
36510;201300040509;13;2;22;1045;1;2;1;6.0;3;73;24, GALLIENI (QUAI);;;;920
36511;201300040510;13;2;25;2050;5;2;2;4.0;7;73;37, DANTON (RUE);;;;920
36512;201300040511;13;3;16;1650;1;2;1;1.0;7;73;83, VERDUN (RUE DE);;;;920
36513;201300040512;13;3;18;610;2;2;1;1.0;2;73;10, BLUM (QUAI LEON);;;;920
36514;201300040513;13;3;18;1820;1;2;1;2.0;1;73;15, GARIBALDI (RUE);;;;920
36515;201300040514;13;3;21;920;1;2;3;1.0;3;73;2, GALLIENI (QUAI);;;;920
36516;201300040515;13;3;23;1520;1;2;1;1.0;2;73;60, DE LATTRE DE TASSIGN;;;;920
36517;201300040516;13;3;26;1115;1;2;1;1.0;6;73;4, MALON (RUE BENOIT);;;;920
36518;201300040517;13;4;3;1330;1;2;1;1.0;6;73;34, ROUSSEAU (RUE JEAN-J;;;;920
36519;201300040518;13;4;27;1935;1;2;1;1.0;6;73;1, MAZARYK (PLACE JEAN);;;;920
36520;201300040519;13;4;29;1330;1;2;1;1.0;4;73;57, SELLIER (BOULEVARD H;;;;920
36521;201300040520;13;5;5;1425;1;2;3;1.0;3;73;33, GALLIENI (QUAI);;;;920
36522;201300040521;13;5;16;2015;1;2;2;1.0;3;73;39, DE LATTRE DE TASSIGN;;;;920