;Num_Acc;an;mois;jour;hrmn;lum;agg;int;atm;col;com;adr;gps;lat;long;dep
36523;201300040523;13;5;30;2000;1;2;1;3.0;7;73;03, ROTHSCHILD (RUE SALO;;;;920
36524;201300040524;13;6;1;1805;1;2;3;1.0;6;73;17, SELLIER (BOULEVARD H;;;;920
36525;201300040525;13;6;5;1220;1;2;3;1.0;3;73;12, BRIAND (BOULEVARD AR;;;;920
36526;201300040527;13;6;11;1010;1;2;1;1.0;5;73;31, GALLIENI (QUAI);;;;920
36527;201300040528;13;6;14;1210;1;2;1;1.0;6;73;9, SELLIER (BOULEVARD HE;;;;920
36528;201300040529;13;6;15;1955;1;2;1;1.0;7;73;27, MOULINEAUX (RUE DES);;;;920
36529;201300040530;13;6;20;1815;1;2;1;1.0;3;73;120, CARNOT (RUE);;;;920
36530;201300040531;13;6;21;1625;1;2;1;1.0;7;73;143, SELLIER (BOULEVARD;;;;920
36531;201300040532;13;7;4;1250;1;2;1;1.0;6;73;138, SELLIER (BOULEVARD;;;;920
36532;201300040533;13;7;6;645;1;2;1;1.0;6;73;100, SELLIER (BOULEVARD;;;;920
36533;201300040534;13;7;12;2145;5;2;1;1.0;2;73;25, GAMBETTA (RUE);;;;920
36534;201300040535;13;7;17;915;1;2;1;1.0;3;73;69, BAS ROGERS (RUE DES);;;;920
36535;201300040536;13;7;26;800;1;2;3;2.0;2;73;35, VOLTAIRE (RUE);;;;920
36536;201300040537;13;8;4;110;5;2;3;1.0;3;73;174, SELLIER (BOULEVARD;;;;920
36537;201300040538;13;8;23;900;1;2;1;1.0;3;73;6, JAURES (AVENUE JEAN);;;;920
36538;201300040539;13;9;12;1200;1;2;1;1.0;6;73;19, PROCESSION (RUE DE L;;;;920
36539;201300040540;13;9;17;845;1;2;1;2.0;7;73;69, SELLIER (BOULEVARD H;;;;920
36540;201300040541;13;9;19;1755;1;2;1;1.0;6;73;21, JAURES (AVENUE JEAN);;;;920
36541;201300040542;13;9;26;1905;1;2;3;1.0;3;73;19, SELLIER (BOULEVARD H;;;;920
36542;201300040543;13;10;2;745;2;2;1;1.0;2;73;12, LOUCHEUR (BOULEVARD;;;;920
36543;201300040544;13;10;4;1245;1;2;1;1.0;3;73;12, SELLIER (BOULEVARD H;;;;920
36544;201300040545;13;10;5;2040;5;2;3;1.0;3;73;MALON (RUE BENOIT);;;;920
36545;201300040546;13;10;8;1715;1;2;1;1.0;5;73;22, GALLIENI (QUAI);;;;920
36546;201300040547;13;10;9;1655;1;2;3;2.0;3;73;49, CARON (RUE ALBERT);;;;920
36547;201300040548;13;10;9;1750;1;2;3;3.0;7;73;40, SELLIER (BOULEVARD H;;;;920
36548;201300040549;13;10;15;945;1;2;3;1.0;3;73;13, GALLIENI (QUAI);;;;920
36549;201300040550;13;10;22;855;1;2;1;1.0;3;73;19, FUSILLES DE LA RESIS;;;;920
36550;201300040551;13;10;23;1650;1;2;3;1.0;3;73;132, SELLIER (BOULEVARD;;;;920
36551;201300040552;13;11;3;235;5;2;1;1.0;6;73;132, SELLIER (BOULEVARD;;;;920
36552;201300040553;13;11;5;1805;2;2;1;2.0;7;73;SELLIER (BOULEVARD HENRI;;;;920
36553;201300040554;13;11;8;740;2;2;3;2.0;3;73;FECHERAY (RUE DU);;;;920
36554;201300040556;13;11;10;2145;5;2;1;1.0;3;73;75, DE LATTRE DE TASSIGN;;;;920
36555;201300040557;13;11;13;855;1;2;2;1.0;6;73;70, PROCESSION (RUE DE L;;;;920
36556;201300040558;13;11;30;1300;1;2;1;1.0;2;73;12, VERDUN (RUE DE);;;;920
36557;201300040559;13;12;3;1805;3;2;1;1.0;1;73;0, PROCESSION (RUE DE LA;;;;920
36558;201300040560;13;12;4;910;1;2;1;1.0;6;73;18, RATRAIT (RUE DU);;;;920
36559;201300040563;13;12;19;1840;5;2;1;1.0;3;73;22, ROTHSCHILD (RUE SALO;;;;920
36560;201300040564;13;1;13;2030;5;2;2;2.0;3;46;., GABRIEL PERI;;;;920
36561;201300040565;13;1;16;1325;1;2;3;1.0;6;75;JULLIEN (RUE);;;;920
36562;201300040567;13;2;9;1530;1;2;3;1.0;6;46;29, GABRIEL CRIE (RUE);;;;920
36563;201300040568;13;2;11;1400;1;2;1;1.0;3;75;10, LARMEROUX (RUE);;;;920
36564;201300040569;13;2;12;1530;1;2;6;1.0;3;75;., CARREFOUR DE L'INSURR;;;;920
36565;201300040570;13;2;20;925;1;2;3;1.0;3;46;21, DE STALINGRAD;;;;920
36566;201300040571;13;3;5;750;1;2;7;1.0;7;75;., ALBERT CULOT (PLACE);;;;920
36567;201300040572;13;3;8;500;5;2;1;2.0;7;46;46, AVAULEE (RUE);;;;920
36568;201300040573;13;3;29;830;1;2;1;1.0;2;46;., CLOS MONTHOLON (PLACE;;;;920
36569;201300040574;13;3;30;1720;1;2;6;1.0;6;46;., youri GAGARINE (rond;;;;920
36570;201300040575;13;4;12;1500;1;2;1;1.0;6;46;34, Paul vaillant coutur;;;;920
36571;201300040576;13;4;17;1645;1;2;1;1.0;6;46;50, PAUL BERT (RUE);;;;920
36572;201300040577;13;4;21;1250;1;2;1;1.0;6;46;143, GABRIEL PERI (BOULE;;;;920
36573;201300040578;13;4;21;10;5;2;1;1.0;3;46;84, CAMELINAT;;;;920
36574;201300040579;13;4;24;2015;5;2;1;1.0;2;46;28, DE STALINGRAD;;;;920
36575;201300040580;13;4;26;1645;1;2;2;2.0;3;46;., EUGENE VARLIN;;;;920
36576;201300040581;13;5;15;940;1;2;1;1.0;6;75;18, LARMEROUX (RUE);;;;920
36577;201300040582;13;5;16;1535;1;2;3;2.0;6;46;., ETIENNE DOLET (RUE);;;;920
36578;201300040584;13;6;4;1405;1;2;2;1.0;7;75;., EUGENE VARLIN (RUE);;;;920
36579;201300040585;13;5;29;2000;2;2;1;1.0;3;75;108, VICTOR HUGO (AVENUE;;;;920
36580;201300040586;13;6;12;1950;1;2;1;1.0;6;46;25, DE STALINGRAD;;;;920
36581;201300040587;13;6;13;1600;1;2;1;1.0;6;75;26, Antoine Fratacci;;;;920
36582;201300040588;13;6;14;1005;1;2;1;1.0;3;46;38, PIERRE BROSSOLETTE;;;;920
36583;201300040590;13;6;21;1350;1;2;2;8.0;3;46;., CAMELINAT;;;;920
36584;201300040591;13;6;19;1410;1;1;6;1.0;6;75;55, RAYMOND MARCHERON (R;;;;920
36585;201300040592;13;7;3;1540;1;2;5;1.0;6;75;., LARMEROUX (RUE);;;;920
36586;201300040593;13;7;17;2210;5;2;7;1.0;3;46;., CLOS MONTHOLON (PLACE;;;;920
36587;201300040594;13;7;24;1920;1;2;1;1.0;7;46;2, PIERRE BROSSOLETTE;;;;920
36588;201300040595;13;7;28;1600;1;2;6;1.0;6;75;., CARREFOUR DE L'INSURR;;;;920
36589;201300040596;13;7;29;1910;2;2;2;2.0;6;46;., CAMELINAT;;;;920
36590;201300040597;13;7;31;1505;1;2;1;1.0;6;46;136, GABRIEL PERI (BOULE;;;;920
36591;201300040598;13;8;6;1555;1;2;3;1.0;6;46;., SALVADOR ALLENDE (RUE;;;;920
36592;201300040599;13;8;6;1910;1;2;1;1.0;6;46;2-4, PIERRE BROSSOLETTE;;;;920
36593;201300040600;13;8;18;1945;2;2;1;1.0;6;75;04, SADI CARNOT (RUE);;;;920
36594;201300040601;13;8;31;1105;1;2;2;1.0;3;75;., DE GAULLE (AVENUE DU;;;;920
36595;201300040602;13;9;7;1555;1;2;2;1.0;6;46;75, PIERRE LAROUSSE (AVE;;;;920
36596;201300040603;13;9;13;900;1;2;1;2.0;3;75;51, LYCEE (BOULEVARD DU);;;;920
36597;201300040604;13;9;19;1710;1;2;3;1.0;7;46;., PIERRE BROSSOLETTE;;;;920
36598;201300040605;13;9;21;625;5;2;6;1.0;7;46;., HENRI BARBUSSE (ROND;;;;920
36599;201300040606;13;9;24;1200;1;2;2;1.0;2;46;112, CAMELINAT;;;;920
36600;201300040607;13;9;24;1925;2;2;1;1.0;3;75;18, Antoine Fratacci;;;;920
36601;201300040608;13;9;25;1625;1;2;2;1.0;3;46;., PIERRE BROSSOLETTE;;;;920
36602;201300040609;13;9;28;1920;5;2;2;1.0;6;46;130, PIERRE BROSSOLETTE;;;;920
36603;201300040610;13;9;30;1700;1;2;1;1.0;6;46;40, PIERRE VALETTE (RUE);;;;920
36604;201300040611;13;10;1;910;1;2;2;1.0;3;46;., FRERES VIGOUROUX (RUE;;;;920
36605;201300040612;13;10;3;820;1;2;2;1.0;2;46;., GABRIEL PERI (BOULEVA;;;;920
36606;201300040613;13;10;8;1450;1;2;1;1.0;5;75;40, JEAN BLEUZEN (RUE);;;;920
36607;201300040614;13;10;10;1900;5;2;2;2.0;6;46;., DOUZE FEVRIER 1934 (A;;;;920
36608;201300040615;13;10;10;1715;1;2;1;1.0;2;46;9, FABIEN (BOULEVARD DU;;;;920
36609;201300040616;13;10;12;1645;1;2;2;1.0;3;46;19, ETIENNE DOLET (RUE);;;;920
36610;201300040617;13;10;19;2300;5;2;1;1.0;2;46;164, CAMELINAT;;;;920
36611;201300040618;13;10;22;1930;5;2;2;2.0;6;75;38, RAYMOND MARCHERON (R;;;;920
36612;201300040619;13;11;1;1410;1;2;3;2.0;7;46;., GABRIEL PERI (BOULEVA;;;;920
36613;201300040620;13;11;2;1815;5;2;1;1.0;4;46;11, FABIEN (BOULEVARD DU;;;;920
36614;201300040621;13;11;3;1900;5;2;2;1.0;6;46;, AVAULEE (RUE);;;;920
36615;201300040622;13;11;4;830;1;2;6;3.0;3;75;., CARREFOUR DE L'INSURR;;;;920
36616;201300040623;13;11;5;720;5;2;1;2.0;3;75;3, JEAN JAURES (RUE);;;;920
36617;201300040624;13;11;8;925;1;2;3;3.0;6;75;22, RAYMOND MARCHERON (R;;;;920
36618;201300040625;13;11;10;1630;1;2;5;1.0;3;75;., DE GAULLE (AVENUE DU;;;;920
36619;201300040626;13;11;18;1810;2;2;2;1.0;7;75;., GAUDRAY (RUE);;;;920
36620;201300040627;13;11;18;1505;1;2;2;1.0;6;46;., GABRIEL PERI;;;;920
36621;201300040628;13;11;19;1005;1;2;2;2.0;6;46;., GABRIEL PERI (BOULEVA;;;;920
36622;201300040629;13;11;20;1130;1;2;1;1.0;6;46;53, DE STALINGRAD;;;;920
36623;201300040630;13;11;29;2100;5;2;1;1.0;6;75;108, SADI CARNOT (RUE);;;;920
36624;201300040631;13;12;4;1935;5;2;3;1.0;3;75;., JEAN BLEUZEN (RUE);;;;920
36625;201300040632;13;12;6;1700;2;2;5;1.0;3;75;., EUGENE BAUDOIN (RUE);;;;920
36626;201300040633;13;12;19;1320;1;2;1;2.0;6;46;40, Paul vaillant coutur;;;;920
36627;201300040635;13;1;3;2000;5;2;1;2.0;2;78;CHARLES DE GAULLE (BD)(7;;;;920
36628;201300040636;13;1;4;2200;5;2;1;1.0;7;78;17/33, JEAN JAURES (RUE);;;;920
36629;201300040637;13;1;14;1720;5;2;1;1.0;6;78;270, CHARLES DE GAULLE (;;;;920
36630;201300040638;13;1;24;1815;5;2;3;1.0;3;78;VIEUX CHEMIN DE ST DENIS;;;;920
36631;201300040639;13;2;8;850;1;2;1;1.0;6;78;0, VERDUN (AVENUE) (PAIR;;;;920
36632;201300040640;13;2;11;1325;1;2;1;1.0;6;78;06, PHILIPPE LEBON (AVEN;;;;920
36633;201300040641;13;2;12;1123;1;2;9;2.0;6;78;0, FOND DE LA NOUE (RUE);;;;920
36634;201300040642;13;3;1;2200;5;2;1;4.0;6;78;8, BONGARDE (RUE);;;;920
36635;201300040643;13;3;11;1310;1;2;1;9.0;3;78;GALLIENI (BD) (1 A 79 ET;;;;920
36636;201300040644;13;4;5;1410;1;1;3;1.0;7;78;VERDUN (AVENUE) (IMPAIRS;;;;920
36637;201300040645;13;5;26;600;2;2;2;1.0;7;78;1, VERDUN (AVENUE) (IMPA;;;;920
36638;201300040646;13;6;22;1825;1;2;1;1.0;6;78;NR, MARECHAL DELATTRE DE;;;;920
36639;201300040647;13;7;21;2135;1;2;3;1.0;7;78;0, ACACIAS (ALLEE);;;;920
36640;201300040648;13;7;25;1210;1;2;1;1.0;3;78;0, JEAN MERMOZ (AVENUE);;;;920
36641;201300040649;13;7;29;2140;5;2;3;2.0;1;78;154, GALLIENI (BD) (154;;;;920
36642;201300040650;13;7;31;1945;1;2;1;1.0;6;78;44, LONGUE BERTRANE (RUE;;;;920
36643;201300040651;13;9;3;1900;1;2;2;1.0;3;78;1, VERDUN (AVENUE) (IMPA;;;;920
36644;201300040652;13;9;3;1935;1;2;1;1.0;3;78;LONGUE BERTRANE (RUE);;;;920
36645;201300040653;13;9;7;1245;1;2;2;1.0;3;78;0, CHARLES DE GAULLE (BD;;;;920
36646;201300040654;13;9;10;930;1;2;1;1.0;6;78;54, JEAN MOULIN (AVENUE);;;;920
36647;201300040655;13;9;19;320;5;2;1;1.0;6;78;16, JEAN JAURES (RUE) (N;;;;920
36648;201300040656;13;9;28;2220;5;2;3;1.0;1;78;154, GALLIENI (BD) (154;;;;920
36649;201300040657;13;10;5;1850;5;2;3;1.0;4;78;0, MARECHAL LECLERC (AVE;;;;920
36650;201300040658;13;10;21;1520;1;2;1;1.0;4;78;68, VERDUN (AVENUE) (N?;;;;920
36651;201300040659;13;11;8;2140;5;2;1;1.0;3;78;42, LONGUE BERTRANE (RUE;;;;920
36652;201300040661;13;11;17;410;5;2;1;1.0;7;78;0, ALBERT CAMUS (SQUARE);;;;920
36653;201300040663;13;12;7;1130;1;2;3;1.0;5;78;0, VERDUN (AVENUE) (PAIR;;;;920
36654;201300040664;13;12;8;2100;5;2;1;1.0;6;78;12, VERDUN (AVENUE) (PAI;;;;920
36655;201300040666;13;1;11;1750;5;2;1;1.0;7;62;01, RUE PIERRE GAUDIN;;;;920
36656;201300040668;13;1;29;1545;1;2;1;1.0;7;26;1, COUPOLE-REGNAULT (PAR;;;;920
36657;201300040669;13;2;7;755;5;2;1;2.0;6;62;1, PERRONET NORD ET SUD;;;;920
36658;201300040670;13;2;8;2100;3;2;1;2.0;7;26;1, DIVISION LECLERC (AVE;;;;920
36659;201300040671;13;2;14;510;5;2;1;4.0;7;26;2, BOULEVARD DE NEUILLY;;;;920
36660;201300040673;13;3;31;635;5;2;2;1.0;2;26;1, BOULEVARD CIRCULAIRE;;;;920
36661;201300040674;13;4;12;1540;1;2;1;1.0;2;26;1, DEFENSE (ROND POINT D;;;;920
36662;201300040675;13;4;20;910;1;2;1;1.0;7;62;20, JEAN MOULIN (AVENUE);;;;920
36663;201300040676;13;4;29;1655;1;2;2;1.0;2;62;1, GENERAL DE GAULLE (AV;;;;920
36664;201300040677;13;4;29;1600;1;2;1;1.0;2;26;1, BOULEVARD CIRCULAIRE;;;;920
36665;201300040678;13;5;7;720;5;2;1;1.0;6;26;2, BOULEVARD DE NEUILLY;;;;920
36666;201300040679;13;5;15;635;1;2;2;1.0;3;26;1, BOULEVARD CIRCULAIRE;;;;920
36667;201300040680;13;5;16;1748;1;2;1;1.0;6;62;12, GENERAL DE GAULLE (A;;;;920
36668;201300040681;13;5;25;1522;1;2;1;1.0;6;62;30, GENERAL DE GAULLE (A;;;;920
36669;201300040682;13;4;30;1050;1;2;1;1.0;6;62;DOUCES (VOIE DES);;;;920
36670;201300040683;13;7;1;1750;1;2;1;1.0;3;62;1, BOULEVARD CIRCULAIRE;;;;920
36671;201300040685;13;9;10;1730;1;2;2;1.0;6;26;1, DIVISION LECLERC (AVE;;;;920
36672;201300040687;13;9;25;1207;1;2;9;1.0;3;62;BOULEVARD CIRCULAIRE;;;;920
36673;201300040688;13;10;14;2030;5;2;2;2.0;4;26;12, BOULEVARD CIRCULAIRE;;;;920
36674;201300040689;13;11;13;1655;1;2;3;1.0;6;26;1, BOULEVARD CIRCULAIRE;;;;920
36675;201300040690;13;11;13;1745;2;2;3;1.0;2;26;1, BOULEVARD CIRCULAIRE;;;;920
36676;201300040691;13;12;11;1450;1;2;1;1.0;4;26;BOULEVARD CIRCULAIRE;;;;920
36677;201300040692;13;12;17;1735;5;2;1;1.0;7;62;1, VALMY (COURS);;;;920
36678;201300040693;13;12;24;1910;5;2;1;6.0;7;26;1, DIVISION LECLERC (AVE;;;;920
36679;201300040694;13;12;22;1200;1;2;1;2.0;7;26;09, ANDRE PROTHIN (AVENU;;;;920
36680;201300040695;13;1;1;945;1;2;2;1.0;2;1;174, ANATOLE FRANCE (BLD;;;;930
36681;201300040697;13;1;9;1;5;2;2;1.0;3;1;VICTOR HUGO (AVE)  => 12;;;;930
36682;201300040698;13;1;11;945;1;2;1;1.0;7;1;105, SAINT DENIS (RUE DE;;;;930
36683;201300040700;13;1;18;2145;5;2;1;4.0;2;1;62 BIS, HEURTAULT (RUE);;;;930
36684;201300040701;13;1;21;1625;1;2;1;4.0;6;1;104, VICTOR HUGO (AVE);;;;930
36685;201300040702;13;1;29;800;1;2;1;3.0;3;1;VICTOR HUGO (AVE)  N? 16;;;;930
36686;201300040703;13;2;1;1555;1;2;1;8.0;6;1;88, FELIX FAURE (BLD)  =;;;;930
36687;201300040704;13;2;4;810;1;2;1;2.0;6;1;03, FORT (METRO);;;;930
36688;201300040705;13;2;4;1445;1;2;2;1.0;6;1;2, PORT (RUE DU)  (PAIR);;;;930
36689;201300040706;13;2;6;840;2;2;1;2.0;6;1;213, JEAN JAURES  (AVE);;;;930
36690;201300040708;13;2;11;1615;1;2;1;1.0;6;1;192, ANDRE KARMAN (RUE);;;;930
36691;201300040709;13;2;12;730;2;2;1;2.0;2;1;59, JEAN JAURES (AVE) 55;;;;930
36692;201300040710;13;2;13;740;2;2;1;1.0;6;1;DANIELLE CASANOVA (RUE);;;;930
36693;201300040711;13;2;13;1340;1;2;4;1.0;7;1;01, HAUT DE SAINT DENIS;;;;930
36694;201300040712;13;2;15;1210;1;2;1;1.0;6;1;82-84, SADI CARNOT (RUE);;;;930
36695;201300040713;13;2;15;1300;1;2;2;1.0;6;1;213TER, JEAN JAURES  (AV;;;;930
36696;201300040716;13;2;20;1145;1;2;1;1.0;6;1;51, PRESLES (RUE DE);;;;930
36697;201300040719;13;3;1;900;1;2;1;1.0;7;1;60, PRESIDENT ROOSEVELT;;;;930
36698;201300040720;13;3;5;2020;5;2;3;1.0;3;1;118, VICTOR HUGO (AVE);;;;930
36699;201300040721;13;3;7;1730;1;2;1;1.0;6;1;54, PRESIDENT ROOSEVELT;;;;930
36700;201300040722;13;3;8;1630;1;2;2;8.0;3;1;1 REPUBLIQUE (AVE DE LA;;;;930
36701;201300040723;13;3;10;1320;1;2;3;1.0;3;1;57, HAIE COQ (RUE DE LA;;;;930
36702;201300040724;13;3;11;850;1;2;1;2.0;6;1;59, SAINT DENIS (RUE DE);;;;930
36703;201300040725;13;3;11;1440;1;2;1;1.0;3;1;75, FELIX FAURE (BLD)  =;;;;930
36704;201300040727;13;3;14;1905;3;2;1;8.0;6;1;10, LONG-SENTIER (RUE DU;;;;930
36705;201300040728;13;3;16;2230;5;2;2;2.0;3;1;57, ANATOLE FRANCE  (BLD;;;;930
36706;201300040729;13;3;19;40;5;2;2;2.0;2;1;60, ANATOLE FRANCE (BLD);;;;930
36707;201300040730;13;3;21;2210;5;2;1;2.0;2;1;95, JEAN JAURES (AVE) 55;;;;930
36708;201300040731;13;3;21;1635;1;2;3;1.0;6;1;88-90, PRESIDENT ROOSEVE;;;;930
36709;201300040732;13;3;24;1120;1;2;1;1.0;2;1;66, LANDY (RUE DU) 34/29;;;;930
36710;201300040733;13;3;27;800;1;2;2;1.0;1;1;46, FELIX FAURE (BLD) =>;;;;930
36711;201300040734;13;4;3;1240;1;2;1;1.0;6;1;49, PRESIDENT ROOSEVELT;;;;930
36712;201300040735;13;4;4;1140;1;2;1;1.0;6;1;15, ANATOLE FRANCE  (BLD;;;;930
36713;201300040736;13;4;4;1330;1;2;2;1.0;6;1;02, ANATOLE FRANCE (BLD);;;;930
36714;201300040737;13;4;5;1315;1;2;1;1.0;6;1;33, PONT BLANC.CHARLES T;;;;930
36715;201300040739;13;4;13;28;5;2;1;2.0;2;1;29, PONT BLANC.CHARLES T;;;;930
36716;201300040740;13;4;15;1330;1;2;1;1.0;6;1;10, LANDY (RUE DU) => 16;;;;930
36717;201300040741;13;4;17;1650;1;2;1;1.0;3;1;193, JEAN JAURES  (AVE);;;;930
36718;201300040742;13;4;18;2115;2;2;1;1.0;6;1;1, REPUBLIQUE (AVE DE LA;;;;930
36719;201300040743;13;4;19;1904;1;2;1;1.0;6;1;27, HAUT DE SAINT DENIS;;;;930
36720;201300040744;13;5;2;800;1;2;1;1.0;6;1;148, LEOPOLD RECHOSSIERE;;;;930
36721;201300040746;13;5;11;1555;1;2;1;1.0;6;1;134, HENRI BARBUSSE (RUE;;;;930
36722;201300040747;13;5;11;2035;2;2;1;1.0;7;1;1, FONTAINEBLEAU (ALLEE;;;;930
36723;201300040748;13;5;4;1230;1;2;1;1.0;3;1;59, VICTOR HUGO (AVE)  =;;;;930
36724;201300040749;13;6;6;820;1;2;2;1.0;3;1;NOYERS (RUE DES)  => 17/;;;;930
36725;201300040750;13;6;11;1000;1;2;3;1.0;3;1;2, FERRAGUS (RUE)  => 5/;;;;930
36726;201300040751;13;6;11;1715;1;2;1;1.0;6;1;25 BIS, ANATOLE FRANCE;;;;930
36727;201300040752;13;6;12;1220;1;2;1;1.0;6;1;197, VICTOR HUGO (AVE);;;;930
36728;201300040753;13;6;14;755;1;2;1;1.0;6;1;95, JEAN JAURES (AVE) 55;;;;930
36729;201300040754;13;6;15;2245;5;2;1;1.0;6;1;LECUYER (RUE);;;;930
36730;201300040755;13;6;16;1633;1;2;1;1.0;6;1;31, DANIELLE CASANOVA (R;;;;930
36731;201300040756;13;6;18;1950;1;2;3;1.0;3;1;130, LEOPOLD RECHOSSIERE;;;;930
36732;201300040757;13;6;19;820;1;2;1;2.0;6;1;27, REPUBLIQUE (AVE DE L;;;;930
36733;201300040758;13;6;19;1730;1;2;3;3.0;3;1;185, JEAN JAURES  (AVE);;;;930
36734;201300040759;13;6;20;1100;1;2;1;1.0;6;1;01, PRESIDENT ROOSEVELT;;;;930
36735;201300040760;13;6;21;850;1;2;1;2.0;3;1;47, REPUBLIQUE (AVE DE L;;;;930
36736;201300040762;13;6;25;1610;1;2;1;1.0;3;1;82, FELIX FAURE (BLD)  =;;;;930
36737;201300040763;13;6;25;1745;1;2;1;1.0;6;1;10, ALFRED JARRY (RUE);;;;930
36738;201300040764;13;6;28;1805;1;2;1;1.0;5;1;62, SAINT DENIS (RUE DE);;;;930
36739;201300040765;13;6;29;2045;1;2;1;1.0;1;1;22, MOTTE (RUE DE LA);;;;930
36740;201300040767;13;7;8;1340;1;2;3;1.0;6;1;ANDRE KARMAN (RUE)  138/;;;;930
36741;201300040768;13;7;8;1458;1;2;1;1.0;6;1;106, REPUBLIQUE (AVE DE;;;;930
36742;201300040769;13;7;9;1210;1;2;1;1.0;6;1;VICTOR HUGO (AVE)  131 A;;;;930
36743;201300040770;13;7;9;1220;1;2;3;1.0;3;1;20, PRESIDENT ROOSEVELT;;;;930
36744;201300040771;13;7;11;725;1;2;1;1.0;2;1;01 BERNARD ET MAZOYER (;;;;930
36745;201300040772;13;7;11;1835;1;2;1;1.0;6;1;45-47, VICTOR HUGO (AVE);;;;930
36746;201300040773;13;7;15;1540;1;2;1;1.0;6;1;80, PONT BLANC.CHARLES T;;;;930
36747;201300040775;13;7;17;1905;1;2;1;1.0;6;1;68, HEMET (RUE) (PAIR);;;;930
36748;201300040776;13;7;19;655;1;2;1;1.0;3;1;MAIRIE (PLACE DE LA);;;;930
36749;201300040777;13;7;22;1220;1;2;2;1.0;6;1;, GARDINOUX (RUE DES);;;;930
36750;201300040778;13;7;22;1640;1;2;1;1.0;6;1;1, EMILE DUBOIS (RUE);;;;930
36751;201300040779;13;7;24;1030;1;2;3;1.0;3;1;JEAN JAURES (AVE) 55 A 1;;;;930
36752;201300040780;13;7;31;1750;1;2;2;1.0;2;1;LUCIEN LEFRANC (QUAI);;;;930
36753;201300040781;13;7;31;2155;5;2;3;1.0;2;1;ADRIEN AGNES (QUAI);;;;930
36754;201300040782;13;8;2;1530;1;2;2;1.0;3;1;45, VICTOR HUGO (AVE)  =;;;;930
36755;201300040783;13;8;3;1950;1;2;1;1.0;3;1;88, REPUBLIQUE (AVE DE L;;;;930
36756;201300040784;13;8;5;1820;1;2;6;1.0;2;1;BERGERIES (RUE DES);;;;930
36757;201300040785;13;8;6;1100;1;2;1;1.0;3;1;156, VICTOR HUGO (AVE);;;;930
36758;201300040786;13;8;13;1835;1;2;1;1.0;6;1;93, REPUBLIQUE (AVE DE L;;;;930
36759;201300040787;13;8;17;1410;1;2;2;1.0;3;1;28, CITES (RUE DES)  =>;;;;930
36760;201300040788;13;8;17;1810;1;2;1;1.0;7;1;136, REPUBLIQUE (AVE DE;;;;930
36761;201300040789;13;8;20;615;1;2;1;1.0;3;1;77 JEAN JAURES (AVE) 55;;;;930
36762;201300040790;13;8;26;1430;1;2;1;1.0;6;1;11, PILIER (RUE DU);;;;930
36763;201300040791;13;9;2;730;1;2;2;1.0;3;1;166, DANIELLE CASANOVA (;;;;930
36764;201300040792;13;9;5;2120;5;2;1;1.0;6;1;87, EDOUARD VAILLANT (BL;;;;930
36765;201300040793;13;9;9;1200;1;2;1;3.0;6;1;36 ANATOLE FRANCE (BLD);;;;930
36766;201300040794;13;9;10;1000;1;2;1;1.0;6;1;1, PRESIDENT ROOSEVELT (;;;;930
36767;201300040795;13;9;20;830;1;2;1;1.0;6;1;184, CITES (RUE DES)  12;;;;930
36768;201300040796;13;9;20;750;1;2;3;1.0;3;1;120, FELIX FAURE (BLD) 1;;;;930
36769;201300040797;13;9;22;1100;1;2;1;1.0;6;1;28, SAINT DENIS (RUE DE);;;;930
36770;201300040798;13;9;23;915;1;2;1;1.0;6;1;REPUBLIQUE (AVE DE LA );;;;930
36771;201300040799;13;9;24;1915;2;2;1;1.0;3;1;3, LANDY (RUE DU) => 16/;;;;930
36772;201300040800;13;9;25;1310;1;2;1;1.0;3;1;76, REPUBLIQUE (AVE DE L;;;;930
36773;201300040801;13;9;25;1630;1;2;1;1.0;6;1;26 HENRI BARBUSSE (RUE);;;;930
36774;201300040802;13;10;1;1720;1;2;1;1.0;3;1;100, VICTOR HUGO (AVE);;;;930
36775;201300040803;13;10;2;1130;1;2;1;1.0;2;1;, FELIX FAURE (BLD)  =>;;;;930
36776;201300040804;13;10;3;1035;1;2;1;1.0;5;1;60, PRESIDENT ROOSEVELT;;;;930
36777;201300040806;13;10;6;1410;1;2;2;1.0;3;1;ANDRE KARMAN (RUE)  => 1;;;;930
36778;201300040807;13;10;9;2340;5;2;1;1.0;6;1;REPUBLIQUE (AVE DE LA );;;;930
36779;201300040808;13;10;12;915;1;2;2;1.0;3;1;57, ANATOLE FRANCE  (BLD;;;;930
36780;201300040809;13;10;23;1740;1;2;1;1.0;6;1;98, VICTOR HUGO (AVE)  =;;;;930
36781;201300040810;13;10;24;1700;1;2;1;1.0;6;1;1, VALMY (RUE DE);;;;930
36782;201300040811;13;10;24;1825;1;2;2;1.0;2;1;x, VICTOR HUGO (AVE)  =>;;;;930
36783;201300040812;13;10;24;2220;5;2;3;1.0;3;1;122, VICTOR HUGO (AVE);;;;930
36784;201300040813;13;10;25;945;1;2;1;1.0;6;1;50, HEURTAULT (RUE);;;;930
36785;201300040814;13;10;29;1750;1;2;2;1.0;3;1;1 PORT (RUE DU)  (IMPAI;;;;930
36786;201300040815;13;10;31;250;5;2;3;1.0;2;1;, JEAN JAURES  (AVE)  15;;;;930
36787;201300040818;13;11;6;1710;2;2;1;2.0;6;1;120, HELENE COCHENNEC (R;;;;930
36788;201300040820;13;11;14;1020;1;2;1;2.0;6;1;55 FELIX FAURE (BLD) =>;;;;930
36789;201300040821;13;11;18;1210;1;2;1;1.0;6;1;75 REPUBLIQUE (AVE DE L;;;;930
36790;201300040822;13;11;20;1955;5;2;1;2.0;2;1;73, JEAN JAURES (AVE) 55;;;;930
36791;201300040824;13;11;25;1130;1;2;5;1.0;1;1;GARDINOUX (RUE DES);;;;930
36792;201300040825;13;11;26;1505;1;2;4;1.0;3;1;10, REPUBLIQUE (AVE DE L;;;;930