;Num_Acc;an;mois;jour;hrmn;lum;agg;int;atm;col;com;adr;gps;lat;long;dep
36793;201300040826;13;11;29;555;5;2;2;1.0;3;1;CITES (RUE DES)  93/100;;;;930
36794;201300040827;13;11;29;1115;1;2;1;1.0;6;1;239, JEAN JAURES (AVE);;;;930
36795;201300040829;13;12;3;1545;1;2;1;1.0;6;1;6 HENRI MANIGART (RUE);;;;930
36796;201300040830;13;12;11;1915;5;2;1;1.0;3;1;8, GARDINOUX (RUE DES);;;;930
36797;201300040831;13;12;18;1440;1;2;1;1.0;6;1;47 REPUBLIQUE (AVE DE L;;;;930
36798;201300040832;13;12;21;550;5;2;3;1.0;6;1;EDOUARD POISSON  (RUE) (;;;;930
36799;201300040833;13;12;21;1340;1;2;3;1.0;3;1;REPUBLIQUE (AVE DE LA );;;;930
36800;201300040834;13;12;23;1420;1;2;1;1.0;6;1;DANIELLE CASANOVA (RUE);;;;930
36801;201300040836;13;12;27;2300;5;2;1;2.0;6;1;38, HEMET (RUE) (PAIR);;;;930
36802;201300040837;13;1;1;730;5;2;6;1.0;5;5;EUROPE (CARREFOUR DE L');;;;930
36803;201300040838;13;1;17;1710;1;2;1;1.0;3;71;33, LEON JOUHAUX (AVENU;;;;930
36804;201300040839;13;1;2;1350;1;1;1;1.0;3;5;ROBERT BREMOND (RUE);;;;930
36805;201300040840;13;2;20;1810;2;2;1;1.0;2;71;100, AULNAY (RUE D');;;;930
36806;201300040843;13;1;3;2330;5;2;3;1.0;3;5;FRANCOIS MASSE (RUE);;;;930
36807;201300040845;13;3;25;1720;1;2;1;1.0;6;71;GENERAL LECLERC (AVENUE;;;;930
36808;201300040846;13;1;6;2235;5;2;1;2.0;6;5;16, JEAN CHARCOT [CD115];;;;930
36809;201300040847;13;3;29;1150;1;2;1;1.0;6;71;GARE (RUE DE LA);;;;930
36810;201300040848;13;1;12;1245;1;2;3;2.0;3;5;MARC CHAGALL (BOULEVARD);;;;930
36811;201300040849;13;4;1;1615;1;2;1;1.0;6;71;0 PETITS PONTS (ROUTE D;;;;930
36812;201300040850;13;1;12;1400;1;2;1;2.0;2;5;GEORGES BRAQUE (BOULEVAR;;;;930
36813;201300040851;13;4;5;1600;1;2;1;1.0;6;71;18, AULNAY (BOULEVARD D';;;;930
36814;201300040852;13;1;14;1600;5;2;1;1.0;2;5;RAOUL DUFY (AVENUE);;;;930
36815;201300040853;13;1;17;2100;5;2;3;1.0;6;5;BERTEAUX (RUE);;;;930
36816;201300040854;13;4;15;1100;1;2;3;2.0;6;71;1 GABRIEL PERI (RUE);;;;930
36817;201300040855;13;1;21;1845;5;2;1;4.0;6;5;PAUL CEZANNE (RUE);;;;930
36818;201300040856;13;4;16;1800;1;2;1;1.0;4;71;13, CHARLES CONRAD (RUE);;;;930
36819;201300040857;13;4;23;1845;1;2;1;1.0;2;71;PEUPLIERS (ALLEE DES);;;;930
36820;201300040858;13;1;24;1320;1;2;1;1.0;6;5;AMBOURGET (RUE);;;;930
36821;201300040859;13;1;25;1730;5;2;1;1.0;6;5;CHARLES DE GAULLE [CD115;;;;930
36822;201300040860;13;4;27;945;1;2;1;1.0;3;71;1, GUY CAM (RUE);;;;930
36823;201300040861;13;5;2;1930;1;2;1;1.0;3;71;8, SAVIGNY (CHEMIN DE);;;;930
36824;201300040862;13;1;31;2134;5;2;2;1.0;2;5;JACQUES DUCLOS [CD44] (R;;;;930
36825;201300040863;13;5;5;1840;1;2;2;1.0;3;71;26, GAMBETTA (AVENUE);;;;930
36826;201300040864;13;5;9;1310;1;2;3;1.0;6;71;1, BALLANGER ROBERT (AVE;;;;930
36827;201300040865;13;2;4;104;5;2;2;2.0;3;5;WALDECK ROUSSEAU (RUE);;;;930
36828;201300040866;13;5;14;1430;1;2;1;1.0;2;71;GENERAL LECLERC (AVENUE;;;;930
36829;201300040867;13;2;5;830;1;2;2;2.0;6;5;PREFET CHALEIL (CD44) (R;;;;930
36830;201300040868;13;5;17;1630;1;2;2;1.0;6;71;PIERRE BROSSOLETTE (RUE);;;;930
36831;201300040869;13;2;5;1600;1;2;6;1.0;3;5;CLEMENT ADER (RUE);;;;930
36832;201300040870;13;2;6;1740;1;2;1;1.0;1;5;LELIEVRE (AVENUE);;;;930
36833;201300040871;13;5;16;1610;1;2;1;8.0;6;71;SALVADOR ALLENDE (AVENUE;;;;930
36834;201300040872;13;5;31;1700;1;2;1;1.0;3;71;33, LUCIEN SAMPAIX (RUE);;;;930
36835;201300040873;13;6;5;1310;1;2;3;1.0;3;71;1, GABRIEL PERI (RUE);;;;930
36836;201300040874;13;2;18;825;1;2;3;1.0;3;5;HOTEL DE VILLE (BOULEVAR;;;;930
36837;201300040875;13;2;20;1800;2;2;1;1.0;6;5;1, AULNES (RUE DES);;;;930
36838;201300040876;13;6;12;1900;1;2;1;1.0;3;71;BOUGAINVILLE (ALLEE);;;;930
36839;201300040877;13;2;21;1900;5;2;3;1.0;3;5;PASCAL LECOINTRE (RUE);;;;930
36840;201300040878;13;6;15;1820;1;2;1;1.0;6;71;VICTOR HUGO (AVENUE);;;;930
36841;201300040879;13;2;25;925;1;2;2;4.0;6;5;97, JACQUES DUCLOS [CD44;;;;930
36842;201300040880;13;2;25;1140;1;2;2;1.0;6;5;CHARLES FLOQUET (BOULEVA;;;;930
36843;201300040881;13;6;20;1340;1;2;2;1.0;3;71;PEUPLIERS (ALLEE DES);;;;930
36844;201300040882;13;3;17;615;2;2;2;2.0;6;5;ORLEANS (RUE D');;;;930
36845;201300040883;13;7;5;1550;1;2;1;1.0;3;71;RAOUL DAUTRY (AVENUE);;;;930
36846;201300040884;13;3;27;2050;3;2;2;1.0;3;5;AMBROISE PARE (RUE);;;;930
36847;201300040885;13;3;28;1040;1;2;2;1.0;3;5;ROISSY EN FRANCE [CR N9];;;;930
36848;201300040888;13;4;7;2010;1;2;1;1.0;2;5;MITRY [CD115] (ROUTE DE);;;;930
36849;201300040889;13;7;16;2050;1;2;1;1.0;6;71;06, EST (RUE DE L');;;;930
36850;201300040890;13;4;11;1805;1;2;2;1.0;3;5;MUN (AVENUE DE);;;;930
36851;201300040891;13;4;14;1430;1;2;1;1.0;7;5;EDGAR DEGAS (RUE);;;;930
36852;201300040892;13;4;14;1720;1;2;1;1.0;7;5;RAOUL DUFY (AVENUE);;;;930
36853;201300040893;13;4;18;1635;1;2;1;1.0;6;5;36, JACQUES DUCLOS [CD44;;;;930
36854;201300040895;13;8;18;2045;2;2;1;2.0;6;71;ALFRED NOBEL (AVENUE);;;;930
36855;201300040896;13;4;23;1820;1;2;1;1.0;2;5;RAOUL DUFY (AVENUE);;;;930
36856;201300040898;13;4;24;1300;1;2;1;1.0;6;5;BLAISE PASCAL (RUE);;;;930
36857;201300040899;13;10;1;1500;1;2;1;1.0;2;71;0 HENRI BECQUEREL (RUE);;;;930
36858;201300040900;13;4;27;920;1;2;1;1.0;7;5;72 MITRY [CD115] (ROUTE;;;;930
36859;201300040901;13;10;4;2000;5;2;1;1.0;1;71;PEUPLIERS (ALLEE DES);;;;930
36860;201300040902;13;5;3;1605;1;2;1;1.0;2;5;LOUIS ARMAND (CARREFOUR);;;;930
36861;201300040903;13;5;6;930;1;2;1;2.0;6;5;23, ROMAIN ROLLAND (AVEN;;;;930
36862;201300040904;13;5;10;2200;5;2;1;1.0;6;5;, BLAISE PASCAL (RUE);;;;930
36863;201300040906;13;5;22;2000;1;2;1;1.0;1;5;SAVIGNY (AVENUE DE);;;;930
36864;201300040907;13;5;23;1135;1;2;2;1.0;3;5;PAUL CEZANNE (RUE);;;;930
36865;201300040908;13;11;8;1830;5;2;3;2.0;1;71;24, LIVRY (AVENUE DE);;;;930
36866;201300040910;13;11;13;650;5;2;1;1.0;6;71;JEAN MOULIN (CARREFOUR);;;;930
36867;201300040911;13;5;24;1930;1;2;7;1.0;3;5;CHARLES DE GAULLE [CD115;;;;930
36868;201300040912;13;11;27;1240;1;2;3;1.0;2;71;45 HENRI BARBUSSE (AVEN;;;;930
36869;201300040913;13;5;24;2140;5;2;1;8.0;2;5;, MARC CHAGALL (BOULEVAR;;;;930
36870;201300040915;13;5;28;1330;1;2;1;2.0;6;5;HOTEL DE VILLE (BOULEVAR;;;;930
36871;201300040916;13;12;20;1330;1;2;2;1.0;6;71;0, WESTINGHOUSE (BOULEVA;;;;930
36872;201300040919;13;6;5;2100;1;2;1;1.0;6;5;3, VIENNE (ALLEE DE);;;;930
36873;201300040920;13;6;10;1910;1;2;1;1.0;3;5;GEORGES BRAQUE (BOULEVAR;;;;930
36874;201300040921;13;6;11;1000;1;2;1;1.0;3;5;GENERAL GALLIENI (BOULEV;;;;930
36875;201300040922;13;6;16;1200;1;2;1;1.0;6;5;30, MOULIN DE LA VILLE (;;;;930
36876;201300040923;13;6;18;1345;1;2;2;1.0;5;5;OLIVIERS (RUE DES);;;;930
36877;201300040924;13;6;18;1440;1;2;2;1.0;3;5;MARCEL SEMBAT (RUE);;;;930
36878;201300040925;13;6;18;1730;1;2;1;1.0;6;5;01, MARECHAL JUIN (AVENU;;;;930
36879;201300040926;13;6;20;1030;1;2;6;8.0;3;5;CHARLES DE GAULLE [CD115;;;;930
36880;201300040927;13;6;21;1945;1;2;1;1.0;6;5;11, GENERAL LECLERC (PLA;;;;930
36881;201300040928;13;6;25;2100;5;2;1;1.0;1;5;EDGAR DEGAS (RUE);;;;930
36882;201300040929;13;6;27;1700;1;2;1;1.0;6;5;MARC CHAGALL (BOULEVARD);;;;930
36883;201300040930;13;6;28;1020;1;2;1;2.0;7;5;ANDRE CITROEN (BOULEVARD;;;;930
36884;201300040931;13;7;4;2336;5;2;1;1.0;3;5;24, JULES PRINCET [CD115;;;;930
36885;201300040932;13;7;6;1415;1;2;1;1.0;6;5;LOUIS ARMAND (CARREFOUR);;;;930
36886;201300040933;13;7;7;2250;5;2;2;9.0;3;5;JEAN JAURES (AVENUE);;;;930
36887;201300040934;13;7;11;2000;1;2;1;1.0;3;5;04, GROS PEUPLIER (AVENU;;;;930
36888;201300040935;13;7;12;1255;1;2;1;1.0;6;5;GASPARD MONGE (RUE);;;;930
36889;201300040936;13;7;12;2335;5;2;1;1.0;2;5;GEORGES BRAQUE (BOULEVAR;;;;930
36890;201300040937;13;7;18;1820;1;2;1;1.0;4;5;36, JULES PRINCET [CD115;;;;930
36891;201300040938;13;7;19;1850;1;2;1;1.0;2;5;JULES PRINCET [CD115] (R;;;;930
36892;201300040939;13;7;25;1200;1;2;3;1.0;3;5;PIMODAN (RUE DE);;;;930
36893;201300040940;13;7;29;1510;1;2;1;1.0;3;5;SUZANNE LENGLEN (AVENUE);;;;930
36894;201300040941;13;8;2;1745;1;2;1;1.0;6;5;SUZANNE LENGLEN (AVENUE);;;;930
36895;201300040942;13;8;4;725;1;2;1;1.0;3;5;JULES VALLES (RUE);;;;930
36896;201300040943;13;8;18;2015;1;2;3;1.0;2;5;CHARLES GOUPPY (RUE);;;;930
36897;201300040944;13;8;20;2135;5;2;3;1.0;2;5;NEANT, RAOUL DUFY (AVENU;;;;930
36898;201300040945;13;8;22;2000;1;2;1;1.0;3;5;6, JULES PRINCET [CD115];;;;930
36899;201300040946;13;8;25;125;5;2;1;3.0;3;5;OLIVIERS (RUE DES);;;;930
36900;201300040947;13;8;31;810;1;2;2;2.0;3;5;, JULES PRINCET [CD115];;;;930
36901;201300040948;13;8;31;1930;1;2;2;1.0;6;5;MADRID (RUE DE);;;;930
36902;201300040949;13;9;6;1315;1;2;2;1.0;3;5;ROISSY EN FRANCE [CR N9];;;;930
36903;201300040950;13;9;8;1810;1;2;3;1.0;3;5;JEAN CHARCOT [CD115] (RU;;;;930
36904;201300040951;13;9;10;800;1;2;1;1.0;1;5;MOULIN DE LA VILLE (CHEM;;;;930
36905;201300040952;13;9;10;1730;1;2;1;1.0;6;5;CLAUDE DEBUSSY (RUE);;;;930
36906;201300040953;13;9;11;1330;1;2;1;1.0;2;5;ROBERT SCHUMAN (CARREFOU;;;;930
36907;201300040954;13;9;12;1420;1;2;1;1.0;6;5;NEANT, MARC CHAGALL (BOU;;;;930
36908;201300040955;13;9;15;1345;1;2;1;1.0;3;5;MARC CHAGALL (BOULEVARD);;;;930
36909;201300040956;13;9;19;1230;1;2;1;1.0;6;5;SEVRAN (CD44) (RUE DE);;;;930
36910;201300040957;13;9;22;1315;1;2;1;2.0;6;5;RAOUL DUFY (AVENUE);;;;930
36911;201300040958;13;9;23;2030;5;2;3;1.0;3;5;COTTAGE (AVENUE DU);;;;930
36912;201300040959;13;9;26;730;1;2;3;1.0;6;5;1, JULES VALLES (RUE);;;;930
36913;201300040960;13;9;26;940;1;2;1;1.0;2;5;ANDRE CITROEN (BOULEVARD;;;;930
36914;201300040961;13;9;27;1145;1;2;9;1.0;3;5;MARC CHAGALL (BOULEVARD);;;;930
36915;201300040962;13;9;29;1600;1;2;1;1.0;6;5;WALDECK ROUSSEAU (RUE);;;;930
36916;201300040963;13;9;29;2140;5;2;1;2.0;6;5;MITRY [CD115] (ROUTE DE);;;;930
36917;201300040964;13;10;5;1540;1;2;1;1.0;6;5;DOCTEUR GARASSE (RUE DU);;;;930
36918;201300040965;13;10;5;2140;5;2;3;1.0;3;5;41, MOULIN DE LA VILLE (;;;;930
36919;201300040966;13;10;7;1755;1;2;1;1.0;6;5;7-9, MARCO POLO (RUE);;;;930
36920;201300040967;13;10;8;1615;1;2;1;1.0;4;5;ANDRE CITROEN (BOULEVARD;;;;930
36921;201300040968;13;10;9;936;1;2;2;1.0;3;5;LELIEVRE (AVENUE);;;;930
36922;201300040969;13;10;11;1600;1;2;9;8.0;3;5;GARONOR;;;;930
36923;201300040970;13;10;13;155;5;2;1;1.0;6;5;, BRUNETIERE (RUE);;;;930
36924;201300040972;13;10;16;2030;5;2;3;2.0;6;5;AMBROISE PARE (RUE);;;;930
36925;201300040973;13;10;17;1625;1;2;1;1.0;6;5;ANDRE CITROEN (BOULEVARD;;;;930
36926;201300040974;13;10;17;1635;1;2;1;1.0;6;5;JEAN BART (ALLEE);;;;930
36927;201300040975;13;10;17;1715;1;2;1;1.0;3;5;JEAN CHARCOT [CD115] (RU;;;;930
36928;201300040976;13;10;18;1015;1;2;1;1.0;3;5;JACQUES DUCLOS [CD44] (R;;;;930
36929;201300040977;13;10;19;1030;1;2;1;8.0;2;5;DEUX PONTS (RUE DES);;;;930
36930;201300040978;13;10;23;1945;5;2;6;1.0;3;5;RAOUL DUFY (AVENUE);;;;930
36931;201300040979;13;10;23;2005;5;2;1;1.0;6;5;CHARLES-GOUPPY (RUE);;;;930
36932;201300040980;13;10;25;1650;1;2;1;2.0;2;5;114, MITRY [CD115] (RUE;;;;930
36933;201300040981;13;10;28;730;1;2;1;2.0;6;5;ANATOLE FRANCE (AVENUE);;;;930
36934;201300040982;13;10;31;1935;5;2;1;2.0;6;5;44, PASCAL LECOINTRE (RU;;;;930
36935;201300040983;13;11;1;1740;5;2;1;2.0;2;5;01, STRASBOURG (BOULEVAR;;;;930
36936;201300040984;13;11;3;1715;2;2;1;1.0;6;5;16 JEAN CHARCOT [CD115];;;;930
36937;201300040985;13;11;5;2000;5;2;2;1.0;3;5;MUN (AVENUE DE);;;;930
36938;201300040986;13;11;7;739;1;2;3;1.0;3;5;neant, JEAN CHARCOT [CD1;;;;930
36939;201300040987;13;11;7;1750;5;2;1;2.0;6;5;SAVIGNY (AVENUE DE);;;;930
36940;201300040989;13;11;21;740;1;2;1;2.0;6;5;95, JACQUES DUCLOS [CD44;;;;930
36941;201300040990;13;11;27;1430;1;2;1;1.0;7;5;GEORGES BRAQUE (BOULEVAR;;;;930
36942;201300040991;13;11;29;1930;5;2;1;2.0;1;5;ANATOLE FRANCE (AVENUE);;;;930
36943;201300040992;13;12;6;1630;5;2;1;1.0;6;5;10, HENRI MATISSE (RUE);;;;930
36944;201300040993;13;12;6;1900;5;2;2;1.0;3;5;117, MITRY [CD115] (RUE;;;;930
36945;201300040994;13;12;14;1820;5;2;3;1.0;3;5;MOULIN DE LA VILLE (CHEM;;;;930
36946;201300040995;13;12;18;1103;1;2;1;1.0;6;5;MOULIN DE LA VILLE (CHEM;;;;930
36947;201300040996;13;12;19;710;5;2;1;2.0;7;5;ANDRE CITROEN (BOULEVARD;;;;930
36948;201300040997;13;12;19;1505;1;2;3;1.0;6;5;1, LOUIS COUTANT (RUE);;;;930
36949;201300040998;13;12;20;1900;5;2;2;1.0;3;5;SAVIGNY (AVENUE DE);;;;930
36950;201300040999;13;12;20;2145;5;1;9;1.0;3;5;MARC CHAGALL (BOULEVARD);;;;930
36951;201300041000;13;12;25;1810;5;2;3;1.0;2;5;GENERAL GALLIENI (BOULEV;;;;930
36952;201300041001;13;4;16;800;1;2;3;1.0;2;71;0, DUMONT D'URVILLE (AVE;;;;930
36953;201300041002;13;1;1;1930;2;2;1;1.0;3;7;8 MAI 45 (AVENUE DU 1 AU;;;;930
36954;201300041003;13;1;1;1630;1;2;2;2.0;3;7;JEAN CATELAS (AVENUE);;;;930
36955;201300041004;13;1;14;1715;3;2;1;1.0;3;7;67, DIVISION LECLERC (AV;;;;930
36956;201300041005;13;1;15;1913;5;2;9;1.0;1;7;CHARLES FLOQUET (AVENUE);;;;930
36957;201300041006;13;1;25;1055;1;2;2;1.0;6;7;VICTOR HUGO (RUE);;;;930
36958;201300041007;13;1;31;1405;1;2;1;2.0;6;7;"100, ""HENRI BARBUSSE (AV";;;;930
36959;201300041008;13;2;1;1355;1;2;1;2.0;2;7;ALBERT EINSTEIN (aVENUE);;;;930
36960;201300041009;13;2;7;1750;1;2;9;1.0;6;7;DESCARTES (AVENUE DU;;;;930
36961;201300041011;13;2;14;640;5;2;1;2.0;1;7;ARISTIDE BRIAND (AVENUE;;;;930
36962;201300041012;13;2;18;1505;1;2;3;1.0;3;7;104, HENRI BARBUSSE (AVE;;;;930
36963;201300041013;13;2;24;1750;1;2;1;2.0;6;7;DIVISION LECLERC (ROND-P;;;;930
36964;201300041014;13;3;31;2120;5;2;1;1.0;3;7;8 MAI 45 (AVENUE DU 184;;;;930
36965;201300041015;13;4;2;900;1;2;1;1.0;6;7;ABBE NIORT (RUE DE L');;;;930
36966;201300041016;13;4;6;1223;1;2;1;1.0;6;7;"""PAUL VAILLANT COUTURIER";;;;930
36967;201300041017;13;4;7;2030;1;2;1;1.0;6;7;GILBERT DRU (RUE);;;;930
36968;201300041019;13;4;18;1940;1;2;1;1.0;4;7;"""DESCARTES (AVENUE """"DU";;;;930
36969;201300041020;13;6;1;1415;1;2;1;1.0;3;7;131, DE LA REPUBLIQUE (A;;;;930
36970;201300041021;13;6;5;845;1;2;1;1.0;6;7;192 PAUL VAILLANT COUT;;;;930
36971;201300041022;13;6;6;1745;1;2;1;1.0;2;7;1, MARECHAL GALLIENI (AV;;;;930
36972;201300041023;13;6;7;905;1;2;6;7.0;7;7;HENRI DUQUENNE (PLACE);;;;930
36973;201300041024;13;6;8;1220;1;2;1;1.0;4;7;"42, ""PAUL VAILLANT COUTU";;;;930
36974;201300041025;13;6;12;945;1;2;2;1.0;3;7;00, MASCOTTES (RUE DES);;;;930
36975;201300041026;13;6;14;851;1;2;9;1.0;6;7;MARCEL CACHIN (ECOLE MAT;;;;930
36976;201300041027;13;6;14;905;1;2;1;1.0;1;7;GAMBETTA (AVENUE);;;;930
36977;201300041030;13;7;12;1345;1;2;1;1.0;6;7;JACQUES DECOUR (BOULEVAR;;;;930
36978;201300041031;13;7;15;2049;1;2;2;1.0;3;7;PAIX (AVENUE DE LA);;;;930
36979;201300041032;13;7;25;1435;1;2;3;1.0;6;7;"19, ""REPUBLIQUE (AVENUE";;;;930
36980;201300041033;13;7;26;1510;1;2;1;1.0;6;7;GAMBETTA (AVENUE);;;;930
36981;201300041034;13;8;10;1545;1;2;2;1.0;3;7;"79, ""HENRI BARBUSSE (AVE";;;;930
36982;201300041035;13;8;25;1700;1;2;1;2.0;7;7;"13, ""PIERRE SEMARD (RUE";;;;930
36983;201300041036;13;9;4;1700;1;2;9;1.0;7;7;10, ALFRED CHOQUET (RUE);;;;930
36984;201300041038;13;9;11;1755;1;2;2;1.0;3;7;PROFESSEUR FLEMING (AVEN;;;;930
36985;201300041039;13;9;12;1;5;2;2;1.0;1;7;SURCOUF (AVENUE);;;;930
36986;201300041040;13;9;17;1300;1;2;6;1.0;3;7;1, PABLO NERUDA (ROND-PO;;;;930
36987;201300041041;13;9;17;1500;1;2;6;1.0;3;7;PABLO NERUDA (ROND-POINT;;;;930
36988;201300041042;13;9;22;1110;1;2;2;1.0;6;7;"1, ""PAUL VAILLANT COUTUR";;;;930
36989;201300041044;13;10;2;2100;5;2;1;1.0;7;7;"""DESCARTES (AVENUE """"DU";;;;930
36990;201300041045;13;10;11;1320;1;2;1;2.0;6;7;58 VLADIMIR I. LENINE (;;;;930
36991;201300041046;13;10;11;1410;1;2;1;1.0;6;7;GARE SNCF;;;;930
36992;201300041047;13;10;18;30;5;2;2;1.0;3;7;PROFESSEUR LANGEVIN (R;;;;930
36993;201300041048;13;10;28;1;5;2;1;2.0;6;7;JACQUES DECOUR (BOULEVAR;;;;930
36994;201300041049;13;11;7;1240;1;2;1;1.0;5;7;"90, ""PAUL VAILLANT COUTU";;;;930
36995;201300041050;13;12;11;1137;1;2;1;1.0;6;7;131, CHARLES FLOQUET (AV;;;;930
36996;201300041051;13;12;14;1045;1;2;1;1.0;3;7;VEUVE BOUQUIN (AVENUE);;;;930
36997;201300041052;13;12;15;1110;1;2;1;1.0;6;7;192, PAUL VAILLANT COUT;;;;930
36998;201300041053;13;1;5;2200;5;2;1;2.0;2;8;VAILLANT COUTURIER (AVEN;;;;930
36999;201300041054;13;1;15;730;2;2;1;4.0;4;8;PARIS (RUE DE);;;;930
37000;201300041056;13;1;22;1715;1;2;1;8.0;7;8;STALINGRAD (RUE DE) A10;;;;930
37001;201300041057;13;1;24;25;5;2;1;9.0;6;8;MENDES DES CARMES (RUE);;;;930
37002;201300041058;13;1;24;815;1;2;1;8.0;6;8;19, ETOILE (RUE DE L');;;;930
37003;201300041059;13;1;26;1220;1;2;1;8.0;6;8;108, VAILLANT (AVENUE ED;;;;930
37004;201300041060;13;2;1;645;2;2;1;3.0;6;8;FOLIE (CARREFOUR DE LA);;;;930
37005;201300041061;13;2;1;1555;1;2;1;2.0;2;8;90 GAUTIER (RUE HENRI);;;;930
37006;201300041062;13;2;7;925;1;2;5;2.0;7;8;GREGOIRE (PLACE DE L'ABB;;;;930
37007;201300041063;13;2;13;1545;1;2;1;1.0;2;8;64, ARAGON (AVENUE LOUIS;;;;930
37008;201300041064;13;2;23;45;5;2;3;1.0;6;8;BARBUSSE (AVENUE HENRI);;;;930
37009;201300041065;13;2;25;1700;1;2;1;4.0;6;8;BARBUSSE (AVENUE HENRI);;;;930
37010;201300041066;13;3;10;1840;2;1;1;1.0;1;8;VAILLANT COUTURIER (AVEN;;;;930
37011;201300041067;13;3;11;940;1;2;3;2.0;1;8;24, GAUTIER (RUE HENRI);;;;930
37012;201300041068;13;3;14;1040;1;2;1;1.0;6;8;VAILLANT COUTURIER (AVEN;;;;930
37013;201300041069;13;3;18;1340;1;2;1;2.0;2;8;105, PARIS (RUE DE);;;;930
37014;201300041070;13;3;19;2020;5;2;1;3.0;6;8;2, CARENCY (RUE DE);;;;930
37015;201300041071;13;3;22;1630;1;2;2;1.0;6;8;44, CACHIN (RUE MARCEL);;;;930
37016;201300041072;13;4;11;1820;1;2;3;1.0;3;8;MICHEL (RUE);;;;930
37017;201300041073;13;4;12;1620;1;2;2;8.0;3;8;VAILLANT COUTURIER (AVEN;;;;930
37018;201300041074;13;4;14;642;1;2;1;1.0;2;8;47, PARIS (RUE DE);;;;930
37019;201300041075;13;4;15;1700;1;2;7;1.0;6;8;GREGOIRE (PLACE DE L'ABB;;;;930
37020;201300041076;13;4;17;830;1;2;3;1.0;6;8;IGNOREE, CAMIER (RUE REN;;;;930
37021;201300041077;13;4;23;1410;1;2;1;1.0;1;8;45 / 49, BABEUF (RUE);;;;930
37022;201300041078;13;4;25;2105;5;2;1;1.0;6;8;121, VAILLANT (AVENUE ED;;;;930
37023;201300041079;13;4;29;1930;1;2;1;1.0;4;8;VAILLANT COUTURIER (AVEN;;;;930
37024;201300041080;13;4;30;1720;1;2;3;2.0;3;8;28, VARLIN (RUE EUGENE);;;;930
37025;201300041081;13;6;1;1740;1;2;1;1.0;3;8;STALINGRAD (RUE DE) A10;;;;930
37026;201300041082;13;6;4;1750;1;2;1;1.0;6;8;43, CARENCY (RUE DE);;;;930
37027;201300041083;13;6;5;735;1;2;1;1.0;6;8;SEMARD (AVENUE PIERRE);;;;930
37028;201300041084;13;6;7;1640;1;2;1;1.0;7;8;LATERAL (CHEMIN);;;;930
37029;201300041085;13;6;16;1355;1;2;8;1.0;6;8;4-8, RENARD (RUE EDOUARD;;;;930
37030;201300041086;13;6;17;1915;2;2;6;2.0;2;8;JAURES (AVENUE JEAN);;;;930
37031;201300041087;13;6;19;25;5;2;1;1.0;4;8;VAILLANT COUTURIER (AVEN;;;;930
37032;201300041088;13;6;21;1720;1;2;1;1.0;6;8;CONVENTION (AVENUE DE LA;;;;930
37033;201300041089;13;6;27;1755;1;2;6;1.0;3;8;STALINGRAD (RUE DE) A10;;;;930
37034;201300041091;13;7;4;1721;1;2;1;1.0;6;8;27, LENINE (BOULEVARD);;;;930
37035;201300041092;13;7;10;1805;1;2;1;1.0;6;8;LEPETIT VERGEAT (RUE);;;;930
37036;201300041093;13;7;11;1725;1;2;1;1.0;3;8;34, DEVIATION (RUE DE LA;;;;930
37037;201300041095;13;7;19;1540;1;2;1;1.0;6;8;SEMARD (RUE PIERRE);;;;930
37038;201300041096;13;7;19;2215;4;2;3;1.0;3;8;111, BARBUSSE (AVENUE HE;;;;930
37039;201300041097;13;7;25;1200;1;2;6;1.0;3;8;PLACE SAINT JUSTE;;;;930
37040;201300041099;13;8;19;15;5;2;5;2.0;3;8;JAURES (AVENUE JEAN);;;;930
37041;201300041100;13;8;19;1050;1;2;1;1.0;2;8;PLACE SAINT JUSTE;;;;930
37042;201300041101;13;8;22;1415;1;2;8;1.0;6;8;SEMARD (AVENUE PIERRE);;;;930
37043;201300041102;13;8;23;930;1;2;9;1.0;1;8;90-92, RENARD (RUE EDOUA;;;;930
37044;201300041103;13;8;27;210;5;2;9;2.0;3;8;VAILLANT COUTURIER (AVEN;;;;930
37045;201300041104;13;9;2;1825;1;2;1;1.0;3;8;VAILLANT (AVENUE EDOUARD;;;;930
37046;201300041105;13;9;4;1635;1;2;1;1.0;6;8;1, JAURES (AVENUE JEAN);;;;930
37047;201300041106;13;9;9;2025;5;2;2;2.0;4;8;BARBUSSE (AVENUE HENRI);;;;930
37048;201300041107;13;9;13;1541;1;2;1;2.0;6;8;ROSTAND (PROMENADE JEAN);;;;930
37049;201300041108;13;9;14;1800;1;2;1;3.0;2;8;VAILLANT COUTURIER (AVEN;;;;930
37050;201300041109;13;9;19;2210;3;2;1;1.0;2;8;352, VAILLANT COUTURIER;;;;930
37051;201300041110;13;9;26;1716;1;2;3;1.0;3;8;75, BARBUSSE (AVENUE HEN;;;;930
37052;201300041111;13;9;27;1657;1;2;4;1.0;5;8;412, VAILLANT COUTURIER;;;;930
37053;201300041112;13;10;2;800;2;2;1;1.0;6;8;, ROSTAND (PROMENADE JEA;;;;930
37054;201300041114;13;10;2;1610;1;2;2;1.0;3;8;RACINE (RUE);;;;930
37055;201300041115;13;10;9;1200;1;2;1;2.0;6;8;ILLUSTRATION (AVENUE DE;;;;930
37056;201300041116;13;10;11;910;1;2;1;2.0;2;8;BARBUSSE (AVENUE HENRI);;;;930
37057;201300041117;13;10;16;2220;4;2;2;2.0;2;8;42, NOZIERES (RUE HENRI);;;;930
37058;201300041118;13;10;23;1610;1;2;1;1.0;3;8;39, GAUTIER (RUE HENRI);;;;930
37059;201300041119;13;10;24;1915;1;2;8;1.0;3;8;ALLENDE (AVE DU P. SALVA;;;;930
37060;201300041121;13;10;28;1640;1;2;1;7.0;6;8;PARIS (RUE DE);;;;930
37061;201300041122;13;11;1;2040;5;2;9;3.0;2;8;VAILLANT COUTURIER (AVEN;;;;930
37062;201300041123;13;11;4;1915;5;2;1;1.0;2;8;VAILLANT COUTURIER (AVEN;;;;930
37063;201300041124;13;11;8;1030;1;2;2;1.0;3;8;MOSCOU (RUE DE);;;;930
37064;201300041125;13;11;8;1830;5;2;3;2.0;3;8;SEMARD (RUE PIERRE);;;;930
37065;201300041126;13;11;13;1530;1;2;1;1.0;4;8;VAILLANT COUTURIER (AVEN;;;;930
37066;201300041127;13;11;14;1525;1;2;1;8.0;6;8;VAILLANT COUTURIER (AVEN;;;;930