;Num_Acc;an;mois;jour;hrmn;lum;agg;int;atm;col;com;adr;gps;lat;long;dep
37067;201300041128;13;12;10;2000;5;2;1;1.0;6;8;221, JAURES (AVENUE JEAN;;;;930
37068;201300041130;13;12;12;1315;1;2;6;1.0;6;8;VAILLANT COUTURIER (AVEN;;;;930
37069;201300041131;13;12;13;928;1;2;1;1.0;6;8;REPUBLIQUE (RUE DE LA);;;;930
37070;201300041132;13;12;17;1350;1;2;1;1.0;4;8;GAGARINE (AVENUE YOURI);;;;930
37071;201300041133;13;12;20;1730;5;2;8;1.0;6;8;ALLENDE (AVE DU P. SALVA;;;;930
37072;201300041134;13;12;30;520;5;2;6;1.0;6;8;26, ETOILE (RUE DE L');;;;930
37073;201300041135;13;12;30;850;1;2;1;1.0;3;8;PICASSO (RUE PABLO);;;;930
37074;201300041136;13;1;11;1230;1;2;1;1.0;7;10;54, BELFORT (AV. DE);;;;930
37075;201300041137;13;1;14;2010;5;2;1;4.0;3;57;2, MONTYON (AL.) 1 A 74;;;;930
37076;201300041138;13;1;13;1610;1;2;1;1.0;6;10;65, VAILLANT (RUE EDOUAR;;;;930
37077;201300041139;13;1;19;1125;1;2;1;4.0;3;10;PONT (CHEM. DU);;;;930
37078;201300041140;13;1;29;1100;1;2;3;3.0;3;57;ignore, BRIAND ( AV. ARI;;;;930
37079;201300041141;13;2;1;2020;5;2;1;8.0;6;57;06, BRIAND (AV. ARISTIDE;;;;930
37080;201300041142;13;2;8;1810;5;2;1;2.0;6;57;100, JAURES (AV. JEAN) 7;;;;930
37081;201300041144;13;2;13;1020;1;2;3;8.0;6;57;FABIEN ( AL. DU COLONEL);;;;930
37082;201300041145;13;2;14;2030;5;2;1;2.0;6;10;96, FRANCE (AV. ANATOLE);;;;930
37083;201300041146;13;2;21;1150;1;2;2;1.0;6;10;IGNORE, VAILLANT (RUE DU;;;;930
37084;201300041147;13;3;8;1650;1;2;3;1.0;1;10;CARNOT (AV) DE 1 A 57;;;;930
37085;201300041148;13;3;14;45;5;2;2;9.0;3;57;, BRIAND ( AV. ARISTIDE);;;;930
37086;201300041149;13;3;14;340;5;2;1;9.0;3;57;116 JAURES (AV. JEAN) 1;;;;930
37087;201300041150;13;3;15;905;1;2;1;1.0;3;57;1 BRIAND ( AV. ARISTIDE;;;;930
37088;201300041151;13;3;17;555;5;2;1;8.0;6;10;52 GALLIENI (AV.) DE 2;;;;930
37089;201300041153;13;3;22;835;1;2;3;1.0;6;10;DORMOY (AV. MARX) DE 2 A;;;;930
37090;201300041154;13;3;27;1030;1;2;1;1.0;5;10;GALLIENI (AV.) DE 98 A 1;;;;930
37091;201300041155;13;3;31;2330;5;2;2;1.0;3;10;GALLIENI (AV.) DE 177 A;;;;930
37092;201300041156;13;4;2;1650;1;2;1;1.0;6;57;144, JAURES (AV. JEAN) 1;;;;930
37093;201300041157;13;4;5;800;1;2;7;2.0;6;10;1, BARBUSSE (AV. HENRI);;;;930
37094;201300041158;13;4;7;635;2;2;3;1.0;5;10;230, VAILLANT (RUE EDOUA;;;;930
37095;201300041159;13;4;8;1605;1;2;3;1.0;2;57;BRIAND (AV. ARISTIDE) 2;;;;930
37096;201300041160;13;4;18;840;1;2;1;1.0;2;57;3, BRIAND ( AV. ARISTIDE;;;;930
37097;201300041161;13;4;18;1000;1;2;4;1.0;5;10;VARAGNAT (AVENUE HENRI);;;;930
37098;201300041162;13;4;21;155;5;2;3;1.0;3;57;BRIAND (AV. ARISTIDE) 2.;;;;930
37099;201300041163;13;4;21;1905;1;2;1;1.0;6;10;9, BLUM (AV. LEON);;;;930
37100;201300041164;13;4;22;2035;2;2;1;1.0;6;57;THOMAS (AV. ALBERT);;;;930
37101;201300041165;13;4;24;815;1;2;6;1.0;7;57;ZOLA (AL. EMILE);;;;930
37102;201300041166;13;4;24;1600;1;2;3;7.0;3;10;FERRY (RUE JULES);;;;930
37103;201300041167;13;4;25;1800;1;2;3;1.0;3;57;CLOCHER D' AULNAY (AL. D;;;;930
37104;201300041168;13;4;29;1020;1;2;2;1.0;3;10;RAOUL (RUE);;;;930
37105;201300041169;13;4;29;1100;1;2;1;1.0;6;10;PASTEUR (AV.);;;;930
37106;201300041170;13;5;3;1455;1;2;1;1.0;6;57;BRIAND (AV. ARISTIDE) 21;;;;930
37107;201300041171;13;5;3;1655;1;2;3;1.0;3;10;QUATORZE-JUILLET (AV. DU;;;;930
37108;201300041172;13;5;5;25;5;2;1;1.0;2;57;BRIAND ( AV.  ARISTIDE);;;;930
37109;201300041174;13;5;12;955;1;2;1;1.0;6;10;188, BLANQUI (R. LOUIS-A;;;;930
37110;201300041175;13;5;13;1840;1;2;1;1.0;6;10;62 bis, VILLEMOMBLE (RTE;;;;930
37111;201300041177;13;5;22;1330;1;2;1;2.0;6;10;PASTEUR (AV.);;;;930
37112;201300041178;13;5;24;1225;1;2;1;2.0;6;57;FABIEN ( AL. DU COLONEL);;;;930
37113;201300041179;13;5;27;1750;1;2;1;1.0;6;10;PASTEUR (AV.);;;;930
37114;201300041181;13;5;28;1446;1;2;4;2.0;3;10;, GALLIENI (AV.) DE 2 A;;;;930
37115;201300041182;13;5;29;2010;2;2;1;1.0;6;57;72, THOMAS (AV. ALBERT);;;;930
37116;201300041183;13;5;30;1730;1;1;3;3.0;6;10;GALLIENI (AV.) DE 1 A 10;;;;930
37117;201300041184;13;5;31;1835;1;2;1;1.0;3;10;GALLIENI (AV.) DE 98 A 1;;;;930
37118;201300041185;13;6;1;1200;1;2;2;1.0;3;57;MONTYON (AL.) 1 A 74;;;;930
37119;201300041186;13;6;2;1210;1;2;1;1.0;3;10;AULNAY (ROUTE) DE 47 A 1;;;;930
37120;201300041187;13;6;4;855;1;1;2;1.0;1;10;BAUDIN (RUE) DE 115 A FI;;;;930
37121;201300041188;13;6;4;1920;1;2;9;1.0;6;10;53, GALLIENI (AV.) CONFO;;;;930
37122;201300041189;13;6;6;1805;1;2;1;1.0;7;10;12, COURTS SILLONS (AL.;;;;930
37123;201300041190;13;6;10;2015;1;2;1;1.0;6;10;REPUBLIQUE (AV. DE LA) 5;;;;930
37124;201300041191;13;6;14;1814;1;2;9;1.0;6;57;, MONTYON (AL.) 1 A 74;;;;930
37125;201300041192;13;6;28;830;1;2;1;8.0;2;57;BRIAND (AV. ARISTIDE) 2A;;;;930
37126;201300041193;13;7;5;1030;1;2;9;1.0;3;57;ROBILLARD (AL.);;;;930
37127;201300041194;13;7;7;325;5;2;1;1.0;6;10;22, JARDINIERE (AL. DE L;;;;930
37128;201300041195;13;7;12;1600;1;2;3;1.0;3;10;VAILLANT (RUE EDOUARD) 1;;;;930
37129;201300041197;13;7;20;1415;1;2;1;1.0;6;10;27, SALENGRO (RUE ROGER);;;;930
37130;201300041198;13;7;22;1850;1;2;4;1.0;3;10;44 GROSLAY (CHEM. DE);;;;930
37131;201300041199;13;7;24;1900;1;2;1;7.0;3;10;BUISSON (AV. SUZANNE);;;;930
37132;201300041200;13;7;26;1015;1;2;2;8.0;6;57;, CHEVALIER DE LA BARRE;;;;930
37133;201300041201;13;7;26;2255;3;2;1;1.0;6;10;33, BLANQUI (R. LOUIS-AU;;;;930
37134;201300041202;13;8;2;1350;1;2;3;1.0;1;10;JAURES (RUE JEAN) DE 25;;;;930
37135;201300041203;13;8;16;1710;1;2;1;1.0;6;10;IGNORE, GALLIENI (AV.) D;;;;930
37136;201300041204;13;8;20;1130;1;2;1;1.0;2;57;106, BRIAND (AV. ARISTID;;;;930
37137;201300041205;13;8;21;2145;5;2;1;1.0;3;57;48 HUGO (AV. VICTOR);;;;930
37138;201300041206;13;8;24;145;5;2;1;1.0;6;57;44 C, ROBILLARD (AL.);;;;930
37139;201300041207;13;8;24;2005;1;2;1;8.0;2;10;120, GROSLAY (CHEM. DE);;;;930
37140;201300041208;13;8;28;1105;1;2;1;1.0;3;10;IGNORE, DOLET (RUE ETIEN;;;;930
37141;201300041209;13;9;1;1800;1;2;1;1.0;6;10;53 LATERAL (CHEM.);;;;930
37142;201300041210;13;9;9;845;1;2;1;1.0;3;10;52, GALLIENI (AV.) DE 2;;;;930
37143;201300041211;13;9;9;1955;2;2;1;1.0;2;10;SAKHAROV (RUE ANDREI);;;;930
37144;201300041212;13;9;13;2020;5;2;1;2.0;1;10;74, BLANQUI (R. LOUIS-AU;;;;930
37145;201300041213;13;9;19;1730;1;2;1;1.0;6;10;SAKHAROV (RUE ANDREI);;;;930
37146;201300041214;13;10;3;845;1;2;7;1.0;6;10;LYSSANDRE (PL. GEORGES);;;;930
37147;201300041215;13;10;6;1415;1;2;9;1.0;1;57;1 MONTYON (AL.) 1 A 74;;;;930
37148;201300041216;13;10;7;945;1;2;1;1.0;2;10;113 BARBUSSE (AV. HENRI;;;;930
37149;201300041217;13;10;6;2345;5;2;1;1.0;1;10;3 BLUM (AV. LEON);;;;930
37150;201300041219;13;11;3;1330;1;2;5;1.0;1;57;31 MONTYON (AL.) 1 A 74;;;;930
37151;201300041220;13;11;4;2007;5;2;1;1.0;1;10;25 POLISSARD (RUE AUGUS;;;;930
37152;201300041221;13;11;6;1430;1;2;2;8.0;3;10;SOLIDARITE-(RUE DE LA);;;;930
37153;201300041222;13;11;6;1915;5;2;2;8.0;3;57;BRIAND (AV. ARISTIDE) 2;;;;930
37154;201300041224;13;11;10;1720;5;2;1;1.0;6;57;34 CASANOVA (AL. DANIEL;;;;930
37155;201300041225;13;11;12;1710;5;2;2;2.0;1;57;JAURES (AV. JEAN) 125 A.;;;;930
37156;201300041227;13;11;19;859;1;2;1;2.0;2;57;244 BRIAND (AV. ARISTID;;;;930
37157;201300041228;13;11;19;1950;5;2;1;8.0;3;57;ROME (AV.);;;;930
37158;201300041229;13;11;21;1610;1;2;1;2.0;6;10;LUTHERKING (RUE MARTIN);;;;930
37159;201300041230;13;11;24;1330;1;1;5;1.0;1;10;JOUHAUX (AV. LEON).;;;;930
37160;201300041231;13;11;26;805;1;2;1;8.0;2;10;GALLIENI (AV.) DE 1A10;;;;930
37161;201300041232;13;11;27;1955;2;1;1;1.0;5;57;MONTYON (AL.) 1A74;;;;930
37162;201300041233;13;11;28;1740;3;2;1;2.0;6;10;ignore AULNAY (ROUTE) D;;;;930
37163;201300041234;13;11;29;818;1;2;9;8.0;6;57;ROME (AV.);;;;930
37164;201300041235;13;12;1;2245;5;2;3;9.0;2;10;ROSNY (AV. DE);;;;930
37165;201300041236;13;12;3;1915;5;2;3;1.0;3;10;CONCORDE (AL. DE LA);;;;930
37166;201300041237;13;12;5;1800;5;2;1;1.0;6;57;BRIAND ( AV. ARISTIDE)3;;;;930
37167;201300041238;13;12;6;2135;5;2;1;1.0;6;10;FORET (PONT DE LA);;;;930
37168;201300041239;13;12;9;920;1;2;1;1.0;2;10;GALLIENI (AV.)CONFORAMA;;;;930
37169;201300041240;13;12;9;1355;1;2;2;1.0;3;57;BRIAND (AV. ARISTIDE) 2;;;;930
37170;201300041241;13;12;12;1550;1;2;1;1.0;2;10;GALLIENI (AV.) DE 132 A;;;;930
37171;201300041242;13;12;16;1050;1;2;1;7.0;6;57;ignore, BRIAND ( AV. ARI;;;;930
37172;201300041243;13;12;18;1225;1;2;1;1.0;1;57;292, BRIAND ( AV. ARISTI;;;;930
37173;201300041244;13;12;18;1250;1;2;1;1.0;4;57;BRIAND ( AV. ARISTIDE)1;;;;930
37174;201300041245;13;12;31;2040;5;2;1;2.0;6;10;195, ROSNY (AV. DE);;;;930
37175;201300041247;13;1;9;1750;5;2;1;2.0;6;14;01, MAURICE AUDIN (ALLEE;;;;930
37176;201300041249;13;1;17;1345;1;2;1;1.0;6;14;FREDERIC LADRETTE (ALLEE;;;;930
37177;201300041250;13;1;18;2000;5;2;1;4.0;3;47;NOTRE DAMES DES ANGES  (;;;;930
37178;201300041251;13;1;21;740;2;2;1;4.0;6;14;33, TEMPLE (BOULEVARD DU;;;;930
37179;201300041252;13;1;31;1325;1;2;1;8.0;3;47;HARDY  (BOULEVARD);;;;930
37180;201300041253;13;1;31;1840;5;2;2;1.0;3;47;, CHARMILLES (AVENUE DES;;;;930
37181;201300041254;13;2;21;2045;5;2;9;1.0;1;14;MARCEL PAUL (ALLEE);;;;930
37182;201300041255;13;2;26;1900;5;2;2;1.0;3;47;89, ARTS  (AVENUE DES);;;;930
37183;201300041256;13;2;27;1630;1;2;6;1.0;3;47;NOTRE DAMES DES ANGES  (;;;;930
37184;201300041257;13;3;7;1605;1;2;2;1.0;3;47;255, DANIEL PERDRIGE  (A;;;;930
37185;201300041258;13;3;27;1035;1;2;3;1.0;1;47;EMILE COSSONEAU (AVENUE);;;;930
37186;201300041259;13;3;30;1345;1;2;3;1.0;3;14;CHAPELLE (ALLEE DE LA);;;;930
37187;201300041260;13;4;17;1610;1;2;1;1.0;1;47;JEAN JAURES (AVENUE);;;;930
37188;201300041261;13;4;20;1400;1;2;1;1.0;6;47;85, BLEUETS (AVENUE DES);;;;930
37189;201300041262;13;4;20;1650;1;2;1;1.0;1;14;1, ROMAIN ROLLAND (ALLEE;;;;930
37190;201300041263;13;5;16;1120;1;2;1;8.0;6;14;JEAN MOULIN (AVENUE);;;;930
37191;201300041264;13;5;30;840;1;2;2;3.0;3;14;1, EMILE ZOLA (BOULEVARD;;;;930
37192;201300041265;13;5;30;1510;1;2;1;2.0;3;47;HARDY  (BOULEVARD);;;;930
37193;201300041266;13;6;1;1545;1;2;1;1.0;3;14;151, MONTFERMEIL (ALLEE;;;;930
37194;201300041267;13;6;8;1315;1;2;2;1.0;3;47;ARTS  (AVENUE DES);;;;930
37195;201300041269;13;6;12;815;1;2;1;1.0;6;14;5, COUBRON (ALLEE DE);;;;930
37196;201300041271;13;6;22;1430;1;2;1;2.0;3;14;10, SEVIGNE (AVENUE DE);;;;930
37197;201300041272;13;6;25;1415;1;2;1;1.0;6;47;MESANGES  (AVENUE DES);;;;930
37198;201300041273;13;6;25;1750;1;2;1;1.0;7;14;STRATEGIQUE (ROUTE);;;;930
37199;201300041275;13;7;2;1235;1;2;2;1.0;3;47;DANIEL PERDRIGE  (AVENUE;;;;930
37200;201300041276;13;7;7;1450;1;2;1;1.0;6;14;MAURICE AUDIN (ALLEE);;;;930
37201;201300041278;13;8;4;310;5;2;3;1.0;3;47;HENRI BARBUSSE  (RUE);;;;930
37202;201300041279;13;8;2;1320;1;2;1;1.0;6;14;12, FOSSE MAUSSOIN (ALLE;;;;930
37203;201300041280;13;8;16;2025;1;2;4;1.0;3;47;JEAN JAURES (AVENUE);;;;930
37204;201300041282;13;9;5;1810;1;2;1;1.0;6;14;RONSARD (ALLEE);;;;930
37205;201300041283;13;9;7;1435;1;2;6;1.0;3;47;NOTRE DAMES DES ANGES  (;;;;930
37206;201300041284;13;9;18;55;3;2;1;2.0;6;14;IGNORE, MAURICE AUDIN (A;;;;930
37207;201300041285;13;10;3;805;1;2;3;1.0;3;47;JEAN JAURES (AVENUE);;;;930
37208;201300041286;13;10;8;1005;1;2;2;1.0;2;14;GAGNY (ALLEE DE);;;;930
37209;201300041287;13;10;8;1535;1;2;3;1.0;6;14;JEAN MOULIN (AVENUE);;;;930
37210;201300041288;13;10;12;1830;1;2;1;1.0;1;14;FOSSE MAUSSOIN (ALLEE DE;;;;930
37211;201300041289;13;10;13;1435;1;2;3;1.0;3;47;BARGUE  (BOULEVARD);;;;930
37212;201300041291;13;10;23;1200;1;2;1;1.0;2;14;0, MAURICE AUDIN (ALLEE);;;;930
37213;201300041292;13;10;3;1650;1;2;1;2.0;6;47;1, HARDY  (BOULEVARD);;;;930
37214;201300041293;13;10;12;100;5;2;1;2.0;6;14;PASTEUR (ALLEE);;;;930
37215;201300041296;13;10;26;1425;1;2;1;1.0;3;47;4, HARDY  (BOULEVARD);;;;930
37216;201300041297;13;10;31;1930;5;2;1;1.0;6;47;27, LEBON  (AVENUE);;;;930
37217;201300041299;13;11;11;1715;3;2;1;1.0;3;14;40, AUGUSTE GENEVIEVE (A;;;;930
37218;201300041300;13;11;14;1730;5;2;1;2.0;6;14;SEVIGNE (AVENUE DE);;;;930
37219;201300041301;13;11;21;840;1;2;1;2.0;6;47;LAVOIR (RUE DU);;;;930
37220;201300041302;13;12;8;1810;5;2;1;1.0;4;14;MONTFERMEIL (ALLEE DE);;;;930
37221;201300041303;13;12;19;1945;5;2;1;8.0;6;14;6, MAURICE AUDIN (ALLEE);;;;930
37222;201300041304;13;12;21;2115;5;2;1;1.0;6;14;FREDERIC LADRETTE (ALLEE;;;;930
37223;201300041305;13;12;22;1110;1;2;2;1.0;3;14;CHAPELLE (ALLEE DE LA);;;;930
37224;201300041306;13;1;12;120;5;2;1;1.0;6;13;24, VAILLANT (RUE EDOUAR;;;;930
37225;201300041307;13;1;27;700;5;2;1;2.0;6;27;100, HUIT-MAI-1945 (PLAC;;;;930
37226;201300041308;13;8;21;20;5;2;1;1.0;6;27;PASTEUR (BOULEVARD) DE 4;;;;930
37227;201300041309;13;8;29;1630;1;2;1;1.0;6;30;5 EGUILLER (CITE L');;;;930
37228;201300041311;13;1;1;720;2;2;1;3.0;4;27;ROCHET (RUE WALDECK);;;;930
37229;201300041313;13;1;14;857;1;2;2;9.0;2;27;GENEVE (RUE DE);;;;930
37230;201300041314;13;1;17;2015;5;2;1;1.0;6;27;ROCHET (RUE WALDECK);;;;930
37231;201300041315;13;1;18;1340;1;2;8;8.0;7;27;JAURES (AVENUE JEAN);;;;930
37232;201300041316;13;1;30;1135;1;2;1;3.0;3;27;178, VAILLANT-COUTURIER;;;;930
37233;201300041317;13;1;30;920;1;2;1;2.0;6;13;45, LECLERC (AVENU DE LA;;;;930
37234;201300041318;13;2;2;1300;1;2;2;1.0;6;27;22b, CURIE (RUE PIERRE);;;;930
37235;201300041319;13;2;7;1400;1;2;1;1.0;6;27;DOUMER (RUE PAUL);;;;930
37236;201300041321;13;2;12;1705;1;2;1;1.0;6;27;42, BARBUSSE (AVENUE HEN;;;;930
37237;201300041322;13;2;14;740;2;2;3;2.0;1;13;101, LECLERC (AVENU DE L;;;;930
37238;201300041323;13;2;15;1100;1;2;6;1.0;3;27;171-173, VAILLANT-COUTUR;;;;930
37239;201300041324;13;2;16;1845;5;2;1;1.0;7;27;MASSON (RUE SUZANNE);;;;930
37240;201300041325;13;3;16;1530;1;2;1;1.0;2;30;14, LARIVIERE (RUE LOUIS;;;;930
37241;201300041326;13;3;25;1047;1;2;1;1.0;4;27;105, BARBUSSE (AVENUE HE;;;;930
37242;201300041327;13;3;27;1615;1;2;1;1.0;2;27;5, PASTEUR (BOULEVARD) D;;;;930
37243;201300041328;13;3;28;1037;1;2;1;1.0;2;27;89, BARBUSSE (AVENUE HEN;;;;930
37244;201300041329;13;3;28;2315;5;2;1;1.0;6;13;LINDBERGH (CARREFOUR);;;;930
37245;201300041330;13;3;29;1920;2;2;1;1.0;6;27;89, REPUBLIQUE (AVENUE D;;;;930
37246;201300041331;13;4;1;1700;1;2;1;1.0;3;27;24, CONVENTION (RUE DE L;;;;930
37247;201300041332;13;4;4;1120;1;2;9;1.0;7;27;165, JAURES (AVENUE JEAN;;;;930
37248;201300041333;13;4;6;210;5;2;6;1.0;6;27;GENEVE (RUE DE);;;;930
37249;201300041334;13;4;7;1300;1;2;3;1.0;1;27;3, REPUBLIQUE (AVENUE DE;;;;930
37250;201300041335;13;4;8;1100;1;2;1;1.0;6;27;, PARMENTIER (RUE);;;;930
37251;201300041336;13;4;15;745;1;2;1;1.0;6;27;SAINT-DENIS (RUE DE);;;;930
37252;201300041337;13;5;6;2210;5;2;1;1.0;2;30;100, HUIT-MAI-1945 (AVEN;;;;930
37253;201300041338;13;5;16;805;1;2;1;1.0;6;27;PASTEUR (BOULEVARD) DE 4;;;;930
37254;201300041340;13;5;22;805;1;2;1;1.0;6;13;100, LECLERC (AVENU DE L;;;;930
37255;201300041341;13;8;29;1540;1;2;3;1.0;2;27;103 JAURES (AVENUE JEAN;;;;930
37256;201300041342;13;5;25;2210;5;2;3;1.0;3;13;JAURES (AVENUE JEAN) DE;;;;930
37257;201300041343;13;8;31;2100;5;2;3;1.0;6;27;29 LENINE (AVENUE);;;;930
37258;201300041344;13;5;28;2020;1;2;3;1.0;6;13;LECLERC (AVENU DE LA DIV;;;;930
37259;201300041345;13;5;31;736;1;2;1;1.0;6;27;HUGO (AVENUE VICTOR);;;;930
37260;201300041346;13;9;9;1610;1;2;2;2.0;3;13;LECLERC (AVENU DE LA DIV;;;;930
37261;201300041347;13;6;4;245;5;2;1;1.0;6;27;105 PASTEUR (BOULEVARD);;;;930
37262;201300041348;13;6;4;1900;1;2;1;1.0;6;13;31 DRAMARD (RUE CAMILLE;;;;930
37263;201300041349;13;9;15;5;5;2;1;8.0;6;27;CACHIN (AVENUE MARCEL);;;;930
37264;201300041351;13;9;17;1535;1;2;1;1.0;6;27;QUINET (RUE EDGAR);;;;930
37265;201300041352;13;6;14;725;1;2;6;1.0;3;13;0 LINDBERGH (CARREFOUR);;;;930
37266;201300041353;13;9;17;2000;5;2;3;2.0;2;13;JAURES (AVENUE JEAN) DE;;;;930
37267;201300041354;13;10;22;1145;1;2;2;1.0;3;27;PASTEUR (BOULEVARD) DE 4;;;;930
37268;201300041355;13;6;16;1310;1;2;4;1.0;3;13;KENNEDY (AVENUE JOHN FIT;;;;930
37269;201300041356;13;6;18;1930;1;2;3;1.0;3;27;LENINE (AVENUE);;;;930
37270;201300041357;13;6;18;2000;1;2;1;1.0;3;27;70, BARBUSSE (AVENUE HEN;;;;930
37271;201300041358;13;6;19;1430;1;2;1;1.0;4;27;19, BARBUSSE (AVENUE HEN;;;;930
37272;201300041359;13;6;21;1530;1;2;1;1.0;6;30;84/86, HUIT-MAI-1945 (AV;;;;930
37273;201300041360;13;6;22;420;5;2;1;1.0;2;27;SALENGRO (AVENUE ROGER);;;;930
37274;201300041361;13;7;3;1540;1;2;1;1.0;6;30;DE GAULLE (AVENUE DU GEN;;;;930
37275;201300041362;13;7;4;1715;1;2;2;1.0;6;13;65, LECLERC (AVENU DE LA;;;;930
37276;201300041363;13;7;4;1930;1;2;1;1.0;3;27;1, JAURES (AVENUE JEAN);;;;930
37277;201300041364;13;7;10;1950;1;2;1;7.0;2;27;LECLERC (AVENUE DU GENER;;;;930
37278;201300041365;13;7;11;1900;1;2;1;1.0;7;27;47, PASTEUR (BOULEVARD);;;;930
37279;201300041366;13;7;12;1620;1;2;2;1.0;6;27;JOLLOIS (RUE);;;;930
37280;201300041367;13;7;13;1600;1;2;2;1.0;3;27;CONVENTION (RUE DE LA);;;;930
37281;201300041368;13;7;16;1720;1;2;6;1.0;6;27;02, LECLERC (AVENUE DU G;;;;930
37282;201300041369;13;7;22;1345;1;2;1;1.0;6;27;56, CONVENTION (RUE DE L;;;;930
37283;201300041370;13;7;24;2300;5;2;1;1.0;6;27;7 MASSON (RUE SUZANNE);;;;930
37284;201300041371;13;7;28;1354;1;2;1;1.0;3;27;JAURES (AVENUE JEAN);;;;930
37285;201300041372;13;7;31;330;5;2;2;1.0;3;27;90, PASTEUR (BOULEVARD);;;;930
37286;201300041373;13;8;2;1200;1;2;1;1.0;6;30;98, HUIT-MAI-1945 (AVENU;;;;930
37287;201300041374;13;8;4;2150;5;2;1;1.0;3;27;89, BARBUSSE (AVENUE HEN;;;;930
37288;201300041376;13;8;11;2250;5;2;6;1.0;3;27;PASTEUR (BOULEVARD) DE 4;;;;930
37289;201300041377;13;8;12;1920;1;2;3;1.0;3;30;LARIVIERE (RUE LOUIS);;;;930
37290;201300041378;13;8;14;1715;1;2;1;1.0;3;13;96, LECLERC (AVENU DE LA;;;;930
37291;201300041379;13;8;22;2200;5;2;9;1.0;6;13;EUROPE (AVENUE DE L'?;;;;930
37292;201300041380;13;8;22;2245;3;2;1;1.0;3;27;SALENGRO (AVENUE ROGER);;;;930
37293;201300041381;13;8;27;710;2;2;1;1.0;6;27;14, MICHELET (AVENUE);;;;930
37294;201300041382;13;8;29;1515;1;2;1;1.0;1;27;62 PASTEUR (BOULEVARD);;;;930
37295;201300041383;13;8;30;100;5;2;3;1.0;6;27;JAURES (AVENUE JEAN);;;;930
37296;201300041384;13;8;31;950;1;2;2;1.0;3;27;PASTEUR (BOULEVARD) DE 4;;;;930
37297;201300041386;13;9;12;1335;1;2;2;1.0;3;27;PASTEUR (BOULEVARD) DE 1;;;;930
37298;201300041387;13;9;22;125;5;2;2;1.0;3;27;VAILLANT-COUTURIER (AVEN;;;;930
37299;201300041388;13;9;23;1845;1;2;1;1.0;6;13;05, RIGAUD (RUE);;;;930
37300;201300041389;13;9;24;957;1;2;2;1.0;3;27;2, VAILLANT-COUTURIER (A;;;;930
37301;201300041390;13;9;24;2151;5;1;1;1.0;6;27;JAURES (AVENUE JEAN);;;;930
37302;201300041391;13;10;2;630;5;2;1;1.0;7;27;132, VAILLANT-COUTURIER;;;;930
37303;201300041392;13;10;4;1315;1;2;4;1.0;6;13;16 ROLLAND (RUE DU CDT);;;;930
37304;201300041393;13;10;7;1455;1;2;3;1.0;3;27;113, JAURES (AVENUE JEAN;;;;930
37305;201300041394;13;10;11;625;5;2;1;2.0;6;27;3, VAILLANT-COUTURIER (A;;;;930
37306;201300041395;13;10;16;2105;5;2;2;2.0;6;13;JAURES (AVENUE JEAN) DE;;;;930
37307;201300041396;13;10;18;2005;5;2;1;1.0;6;13;LECLERC AVENU DE LA DIV;;;;930
37308;201300041397;13;10;26;1900;5;2;2;1.0;6;13;ROLLAND (RUE DU CDT);;;;930
37309;201300041398;13;10;29;1845;5;2;1;2.0;6;13;47 LECLERC (AVENU DE LA;;;;930
37310;201300041399;13;10;31;2130;5;2;1;2.0;3;30;100 HUIT-MAI-1945 (AVENU;;;;930
37311;201300041400;13;11;6;1525;1;2;1;8.0;3;13;2, LECLERC (AVENU DE LA.;;;;930
37312;201300041401;13;11;9;2030;5;2;1;1.0;6;27;41 JAURES (AVENUE JEAN);;;;930
37313;201300041402;13;11;10;2254;5;2;1;1.0;2;13;- LECLERC (AVENU DE LA D;;;;930
37314;201300041403;13;11;29;1745;5;2;1;2.0;6;27;16 LECLERC (AVENUE DU G;;;;930
37315;201300041404;13;12;1;1750;5;2;9;1.0;6;13;LECLERC (AVENU DE LA DIV;;;;930
37316;201300041405;13;12;3;1105;1;2;1;1.0;6;13;77 LECLERC (AVENU DE LA;;;;930
37317;201300041406;13;12;9;1515;1;2;1;1.0;2;27;JAURES (AVENUE JEAN);;;;930
37318;201300041407;13;12;2;1630;1;2;1;1.0;6;27;84 PASTEUR (BOULEVARD);;;;930
37319;201300041408;13;12;12;1835;5;2;1;1.0;3;30;212, HUIT-MAI-1945 (AVEN;;;;930
37320;201300041409;13;12;17;1840;5;2;1;1.0;6;27;7 LECLERC (AVENUE DU GE;;;;930
37321;201300041410;13;12;25;1304;1;2;7;2.0;3;27;CONVENTION (RUE DE LA);;;;930
37322;201300041411;13;12;27;2237;3;2;1;3.0;6;27;SALENGRO-(AVENUE ROGER);;;;930
37323;201300041412;13;1;3;830;1;2;3;2.0;3;29;EUGENE POTTIER;;;;930
37324;201300041413;13;1;5;2135;5;2;2;1.0;1;29;MARCELIN BERTHELOT;;;;930
37325;201300041414;13;1;6;155;5;2;2;2.0;3;29;, AMBROISE CROIZAT;;;;930
37326;201300041415;13;1;14;905;1;2;1;1.0;6;29;78, LIBERTE (DE LA);;;;930
37327;201300041416;13;1;17;830;1;2;7;1.0;6;29;02, ALSACE LORRAINE;;;;930
37328;201300041417;13;1;17;1930;5;2;1;1.0;6;29;104, HENRI BARBUSSE (AVE;;;;930
37329;201300041418;13;1;24;1830;5;2;1;1.0;6;29;28, PEGOUD;;;;930
37330;201300041419;13;2;6;955;1;2;1;2.0;6;29;ANATOLE FRANCE;;;;930
37331;201300041420;13;2;9;1650;1;2;3;1.0;6;29;133 SACCO ET VANZETTI;;;;930
37332;201300041422;13;2;15;1625;1;2;1;1.0;2;29;75, MARCEAU (AVENUE) N?;;;;930
37333;201300041423;13;2;17;1450;1;2;2;1.0;3;29;31, ANDRE SIGONNEY;;;;930
37334;201300041424;13;2;23;1335;1;2;1;1.0;6;29;SAINT-STENAY;;;;930
37335;201300041425;13;3;3;2100;5;2;9;1.0;6;29;STATION (DE LA);;;;930
37336;201300041426;13;3;6;1020;5;2;1;1.0;6;29;20, PAUL VAILLANT COUTUR;;;;930
37337;201300041427;13;3;9;1035;1;2;1;1.0;3;29;37, JEAN POMIER;;;;930
37338;201300041428;13;3;19;1030;1;2;3;1.0;2;29;110, HENRI BARBUSSE (AVE;;;;930