;Num_Acc;an;mois;jour;hrmn;lum;agg;int;atm;col;com;adr;gps;lat;long;dep
37339;201300041429;13;3;29;1705;1;2;3;1.0;1;29;190, ANATOLE FRANCE;;;;930
37340;201300041430;13;4;8;1015;1;2;1;1.0;4;29;120, STALINGRAD (DE);;;;930
37341;201300041431;13;4;15;1600;1;2;1;7.0;6;29;35, ADRIEN FROMENT;;;;930
37342;201300041433;13;4;27;1425;1;2;1;1.0;1;29;148, HENRI BARBUSSE (AVE;;;;930
37343;201300041434;13;4;28;1325;1;2;1;1.0;6;29;61, LIBERTE (DE LA);;;;930
37344;201300041435;13;4;30;1115;1;2;3;1.0;6;29;286, STALINGRAD (DE);;;;930
37345;201300041436;13;4;30;1250;1;2;2;1.0;3;29;, AUGUSTE BLANQUI;;;;930
37346;201300041437;13;5;1;10;5;2;1;1.0;3;29;HENRI BARBUSSE (AVE) N?2;;;;930
37347;201300041438;13;5;2;2225;5;2;6;2.0;6;29;FERNAND PENA;;;;930
37348;201300041439;13;5;5;400;5;2;1;1.0;6;29;24, PAUL VAILLANT COUTUR;;;;930
37349;201300041440;13;5;12;1055;1;2;1;1.0;2;29;04, HENRI BARBUSSE (AVE);;;;930
37350;201300041441;13;5;23;1710;1;2;1;2.0;6;29;91, ROGER SALENGRO N? 02;;;;930
37351;201300041442;13;5;25;1430;1;2;3;1.0;3;29;Charles de Gaulle ( rue);;;;930
37352;201300041443;13;5;27;1210;1;2;1;1.0;6;29;22, DAISY;;;;930
37353;201300041444;13;6;2;1945;1;2;1;1.0;6;29;36, PIERRE CURIE (AVENUE;;;;930
37354;201300041445;13;6;3;2010;2;2;1;1.0;2;29;242, ANATOLE FRANCE;;;;930
37355;201300041446;13;6;7;2230;5;2;1;1.0;3;29;R Abbée Pierre;;;;930
37356;201300041447;13;6;11;1520;1;2;1;1.0;1;29;45, PRADIER PROLONGEE;;;;930
37357;201300041448;13;7;3;840;1;2;2;2.0;3;29;133, SADI CARNOT;;;;930
37358;201300041449;13;7;5;2045;1;2;6;1.0;2;29;02, STALINGRAD (DE);;;;930
37359;201300041450;13;7;9;1110;1;2;1;1.0;6;29;SAINT-STENAY;;;;930
37360;201300041451;13;7;10;1750;1;2;2;1.0;3;29;55, EUGENE VARLIN;;;;930
37361;201300041452;13;7;17;1145;1;2;3;1.0;2;29;138 HENRI BARBUSSE (AVE;;;;930
37362;201300041453;13;7;21;1800;1;2;1;1.0;6;29;117, CHARLES GIDE;;;;930
37363;201300041454;13;7;23;640;1;2;1;1.0;6;29;226, HENRI BARBUSSE (AVE;;;;930
37364;201300041456;13;7;30;915;1;2;2;1.0;1;29;43, ANATOLE FRANCE;;;;930
37365;201300041457;13;8;3;1755;1;2;2;1.0;3;29;1, SADI CARNOT;;;;930
37366;201300041458;13;8;6;740;1;2;1;1.0;2;29;48, JULES GUESDE;;;;930
37367;201300041459;13;8;14;1115;1;2;1;1.0;6;29;77 JEAN JAURES (AVENUE);;;;930
37368;201300041460;13;8;15;50;5;2;1;1.0;3;29;HENRI BARBUSSE (AVE) N?1;;;;930
37369;201300041461;13;8;17;620;2;2;1;1.0;6;29;50, CHRISTINO GARCIA;;;;930
37370;201300041462;13;8;20;845;1;2;2;1.0;6;29;42, ANATOLE FRANCE;;;;930
37371;201300041463;13;9;1;300;5;2;1;1.0;6;29;44, HENRI BARBUSSE (AVE);;;;930
37372;201300041464;13;9;7;800;1;2;1;1.0;6;29;DOCTEUR ALBERT SCHWEITZE;;;;930
37373;201300041465;13;9;7;2237;5;2;2;1.0;3;29;JANE JOYE;;;;930
37374;201300041466;13;9;15;1000;1;2;2;1.0;6;29;126, HENRI BARBUSSE (AVE;;;;930
37375;201300041467;13;10;1;2000;5;2;1;1.0;6;29;6 BRONSZTEIN;;;;930
37376;201300041470;13;10;15;1515;1;2;1;1.0;6;29;27, ROGER PETIEU;;;;930
37377;201300041471;13;10;27;1450;1;2;1;1.0;6;29;80, SAINT-STENAY;;;;930
37378;201300041472;13;11;10;1550;1;2;1;1.0;6;29;63, BOIS DE GROSLAY (DES;;;;930
37379;201300041473;13;11;14;1530;1;2;1;2.0;2;29;99, JEAN JAURES (AVENUE);;;;930
37380;201300041474;13;11;18;1620;2;2;3;1.0;3;29;234, JEAN JAURES (AVENUE;;;;930
37381;201300041475;13;11;18;1850;5;2;3;1.0;3;29;45, ROGER SALENGRO N? 02;;;;930
37382;201300041477;13;11;24;1543;1;2;1;1.0;7;29;41, TRAVAILLEURS (DES);;;;930
37383;201300041478;13;11;25;1018;1;2;1;1.0;6;29;10, RENE DESCHAMPS;;;;930
37384;201300041479;13;11;26;1935;5;2;3;1.0;3;29;JEAN JAURES (AVENUE);;;;930
37385;201300041480;13;12;3;1045;1;2;1;1.0;6;29;127, HENRI BARBUSSE (AVE;;;;930
37386;201300041481;13;12;5;705;2;2;2;1.0;3;29;, JEAN JAURES (AVENUE) N;;;;930
37387;201300041482;13;12;7;2037;5;2;9;1.0;3;29;STALINGRAD (DE);;;;930
37388;201300041483;13;12;13;2215;5;2;1;2.0;1;29;83, STATION (DE LA);;;;930
37389;201300041484;13;12;15;1730;5;2;3;1.0;3;29;65 LIBERTE (DE LA);;;;930
37390;201300041486;13;12;24;1900;5;2;3;2.0;6;29;PAUL VAILLANT COUTURIER;;;;930
37391;201300041487;13;12;30;650;5;2;1;1.0;6;29;50, ANATOLE FRANCE;;;;930
37392;201300041489;13;1;9;1845;5;2;1;2.0;3;31;49bis, FOCH (BOULEVARD);;;;930
37393;201300041490;13;1;19;1250;1;2;1;4.0;6;79;30, GASTON NOREUX;;;;930
37394;201300041491;13;1;27;2215;5;2;1;1.0;3;31;00, DE LATTRE DE TASSIGN;;;;930
37395;201300041492;13;1;30;845;1;2;2;2.0;3;31;00, FELIX MERLIN;;;;930
37396;201300041493;13;2;5;1125;1;2;1;1.0;3;31;61, GALLIENI (AVENUE);;;;930
37397;201300041494;13;2;11;1805;2;2;1;1.0;6;31;57, FOCH (BOULEVARD);;;;930
37398;201300041495;13;2;18;920;1;2;1;1.0;3;31;00, FOCH (BOULEVARD);;;;930
37399;201300041496;13;2;19;1235;1;2;1;1.0;6;31;00, BEATUS (RUE DES);;;;930
37400;201300041497;13;2;26;1250;1;2;1;1.0;6;79;132, JEAN BAPTISTE CLEME;;;;930
37401;201300041498;13;2;26;2130;5;2;1;1.0;6;31;27, MARSEILLE (RUE DE);;;;930
37402;201300041499;13;2;28;1325;1;2;9;1.0;6;31;24, REPUBLIQUE (AVENUE);;;;930
37403;201300041500;13;3;16;1825;1;2;1;2.0;6;31;34, fELIX MERLIN;;;;930
37404;201300041501;13;3;18;700;1;2;6;1.0;6;79;00, CLAUDE DEBUSSY;;;;930
37405;201300041502;13;3;26;1915;4;2;1;1.0;6;31;00, MARNE (AVENUE DE LA);;;;930
37406;201300041503;13;3;31;1845;1;2;1;1.0;3;31;00 JOFFRE (AVENUE);;;;930
37407;201300041504;13;4;1;1510;1;2;1;1.0;3;79;46, RAYMOND BROSSE;;;;930
37408;201300041505;13;4;1;2300;5;2;9;1.0;6;31;00, LEON BLUM (AVENUE);;;;930
37409;201300041506;13;4;3;1620;1;2;1;1.0;6;31;70, ARGENTEUIL (ROUTE D';;;;930
37410;201300041507;13;4;5;725;2;2;1;2.0;6;31;FELIX MERLIN;;;;930
37411;201300041508;13;4;13;1205;1;2;1;1.0;3;79;EDOUARD VAILLANT;;;;930
37412;201300041509;13;4;14;1400;1;2;1;1.0;3;79;2/4, SAINT LEU (ROUTE);;;;930
37413;201300041510;13;4;17;925;1;2;3;1.0;3;31;44, JOFFRE (AVENUE);;;;930
37414;201300041511;13;4;19;1400;1;2;1;2.0;2;79;00, MAURICE PAILLARD;;;;930
37415;201300041512;13;4;19;2010;2;2;3;1.0;6;31;77, FELIX MERLINs;;;;930
37416;201300041513;13;5;6;1935;1;2;1;1.0;6;31;59, ARGENTEUIL (ROUTE D';;;;930
37417;201300041514;13;5;6;1920;1;2;3;1.0;6;31;00, MARNE (AVENUE DE LA);;;;930
37418;201300041515;13;5;9;1620;1;2;1;1.0;2;31;95, SAINT LEU (ROUTE DE);;;;930
37419;201300041516;13;5;16;1825;1;2;1;1.0;6;31;46, FOCH (BOULEVARD);;;;930
37420;201300041517;13;5;20;2150;5;2;1;3.0;2;79;00, SAINT LEU (ROUTE);;;;930
37421;201300041518;13;5;24;1100;1;2;1;3.0;3;31;00, MOBILES (CARREFOUR D;;;;930
37422;201300041519;13;6;1;645;1;2;1;1.0;6;79;107, DIVISION LECLERC (A;;;;930
37423;201300041520;13;6;6;730;1;2;3;1.0;3;31;48, JOFFRE (AVENUE);;;;930
37424;201300041521;13;6;6;1700;1;2;3;1.0;7;31;133, SAINT LEU (ROUTE DE;;;;930
37425;201300041522;13;6;12;920;1;2;1;1.0;1;79;14, MAURICE PAILLARD;;;;930
37426;201300041523;13;6;20;1900;1;2;1;1.0;7;79;00, JEAN BAPTISTE cLEMEN;;;;930
37427;201300041524;13;6;22;1130;1;2;3;2.0;3;31;00, FOCH (BOULEVARD);;;;930
37428;201300041525;13;6;24;310;5;2;2;1.0;3;31;00, ENGHIEN (AV D');;;;930
37429;201300041526;13;6;24;1105;1;2;1;1.0;6;31;00, JEAN JAURES (AVENUE);;;;930
37430;201300041527;13;6;27;820;1;2;1;2.0;3;79;32, SAINT LEU (ROUTE);;;;930
37431;201300041528;13;6;28;1100;1;2;3;2.0;3;31;00, SAINT LEU (ROUTE DE);;;;930
37432;201300041529;13;7;5;2030;1;2;2;1.0;3;31;44, JOFFRE (AVENUE);;;;930
37433;201300041530;13;7;9;1930;1;2;1;1.0;1;79;195, DIVISION LECLERC (A;;;;930
37434;201300041531;13;7;11;2030;1;2;1;1.0;6;31;5 BREST (DE);;;;930
37435;201300041532;13;7;13;1300;1;2;1;1.0;2;79;SAINT LEU (ROUTE);;;;930
37436;201300041533;13;7;13;2325;5;2;1;1.0;5;31;ENGHIEN (AV D');;;;930
37437;201300041534;13;7;16;1320;1;2;1;1.0;1;31;10, PIERRE CURIE (RUE);;;;930
37438;201300041535;13;7;22;1035;1;2;2;1.0;3;79;00, ROGER SALENGRO;;;;930
37439;201300041536;13;7;24;1630;1;2;1;1.0;3;31;215, SAINT LEU (ROUTE DE;;;;930
37440;201300041537;13;7;27;1135;1;2;3;1.0;7;31;PRESLES (RUE DES);;;;930
37441;201300041538;13;8;5;1950;1;2;3;1.0;3;31;JARROW (AVENUE DE);;;;930
37442;201300041540;13;8;27;1715;1;2;3;1.0;2;31;GALLIENI (AVENUE);;;;930
37443;201300041541;13;9;3;1520;1;2;4;1.0;2;31;CHEMIN VERT;;;;930
37444;201300041542;13;9;5;1930;1;2;1;1.0;2;31;74, MARNE (AVENUE DE LA);;;;930
37445;201300041543;13;9;17;2100;5;2;2;2.0;3;79;00, 19 mars 1962 (rue du;;;;930
37446;201300041544;13;9;26;810;1;2;1;1.0;6;31;241, SAINT LEU (ROUTE DE;;;;930
37447;201300041546;13;9;29;630;2;2;4;2.0;3;31;00, DE LATTRE DE TASSIGN;;;;930
37448;201300041547;13;9;29;1950;3;2;1;2.0;6;31;09-13, SOUPIRS (CHEMIN D;;;;930
37449;201300041548;13;10;6;220;5;2;3;1.0;1;31;00, ARGENTEUIL (ROUTE D';;;;930
37450;201300041549;13;10;9;620;5;2;3;1.0;6;31;65, MARNE (AVENUE DE LA);;;;930
37451;201300041550;13;10;9;825;2;2;3;8.0;3;79;58, SAINT LEU (ROUTE);;;;930
37452;201300041551;13;10;23;1955;5;2;3;1.0;5;31;103, REPUBLIQUE (AVENUE);;;;930
37453;201300041553;13;10;30;1720;2;2;1;1.0;5;31;00, SAINT LEU (ROUTE DE);;;;930
37454;201300041554;13;11;3;1745;5;2;1;1.0;3;31;07, SAINT LEU (ROUTE DE);;;;930
37455;201300041555;13;11;8;1925;5;2;3;1.0;3;31;00, SAINT LEU (ROUTE DE);;;;930
37456;201300041556;13;11;13;1905;5;2;1;1.0;6;79;00 JEAN BAPTISTE CLEMEN;;;;930
37457;201300041557;13;11;18;910;1;2;1;1.0;6;31;0, CLAUDE DEBUSSY;;;;930
37458;201300041558;13;11;18;1425;1;2;3;1.0;6;31;8, DE LATTRE DE TASSIGNY;;;;930
37459;201300041559;13;11;22;1225;1;2;1;1.0;6;31;124 JOFFRE (AVENUE);;;;930
37460;201300041560;13;11;27;1330;1;2;1;1.0;6;31;50, FELIX MERLIN;;;;930
37461;201300041562;13;11;29;1655;5;2;3;2.0;3;31;26, SAINT LEU (ROUTE DE);;;;930
37462;201300041563;13;12;3;1445;1;2;1;1.0;1;79;00, JEAN BAPTISTE CLEMEN;;;;930
37463;201300041564;13;12;6;1540;1;2;1;1.0;3;31;00, PARIS (RUE DE);;;;930
37464;201300041565;13;12;11;742;1;2;1;1.0;2;31;00, REPUBLIQUE (AVENUE);;;;930
37465;201300041566;13;12;19;1825;5;2;1;1.0;3;31;22, PARIS (RUE DE);;;;930
37466;201300041567;13;12;19;1830;2;2;1;1.0;6;31;34, CDT LOUIS BOUCHET (A;;;;930
37467;201300041568;13;12;24;1510;1;2;2;6.0;6;31;00, JEAN JAURES (AVENUE);;;;930
37468;201300041569;13;12;29;1815;5;2;3;1.0;3;31;00, SAINT LEU (ROUTE DE);;;;930
37469;201300041570;13;12;29;2005;5;2;1;1.0;2;31;04, FOCH (BOULEVARD);;;;930
37470;201300041571;13;1;25;1330;1;2;2;1.0;3;32;GAY     (ALLEE);;;;930
37471;201300041572;13;1;28;947;1;2;2;1.0;3;32;CHEVREFEUILLES    (AVENU;;;;930
37472;201300041573;13;1;28;1150;1;2;1;1.0;6;32;02, JULES GUESDES  (RUE,;;;;930
37473;201300041574;13;1;29;1845;5;2;3;2.0;6;32;MONTGUICHET  (CHEMIN DE);;;;930
37474;201300041576;13;2;24;1505;1;2;2;4.0;5;32;PAUL VAILLANT COUTURIER;;;;930
37475;201300041577;13;2;26;1700;1;2;1;1.0;6;32;SEPT ILES (DOMAINE DES);;;;930
37476;201300041578;13;3;5;1345;1;2;1;1.0;3;32;JEAN JAURES (AVENUE);;;;930
37477;201300041579;13;3;15;1110;1;2;2;1.0;3;32;EUGENIE    (ALLEE);;;;930
37478;201300041580;13;3;21;835;1;2;1;1.0;3;32;JULES GUESDES  (RUE, DU;;;;930
37479;201300041581;13;3;21;1940;5;2;2;1.0;3;32;ARISTIDE BRIAND (RUE);;;;930
37480;201300041582;13;3;23;1630;1;2;1;1.0;1;32;5, HORLOGE   (ALLEE DE L;;;;930
37481;201300041583;13;3;26;1730;1;2;2;1.0;3;32;06, REGLEY  (RUE);;;;930
37482;201300041584;13;3;28;1810;1;2;1;1.0;6;32;11, GEORGES GUYONNET  (A;;;;930
37483;201300041585;13;4;18;1515;1;2;1;1.0;6;32;13, HAUTE CARRIERE   (RU;;;;930
37484;201300041586;13;4;26;1800;1;2;6;2.0;6;32;HAUTE CARRIERE   (RUE DE;;;;930
37485;201300041587;13;4;26;1835;1;2;3;2.0;3;32;HENRI BARBUSSE   (AVENUE;;;;930
37486;201300041589;13;5;22;1615;1;2;1;1.0;6;32;30 bis, ROGER SALENGRO;;;;930
37487;201300041590;13;5;27;1600;1;2;2;1.0;5;32;JEAN JAURES (AVENUE);;;;930
37488;201300041591;13;6;7;1000;1;2;9;1.0;6;32;33, JEAN JAURES (AVENUE);;;;930
37489;201300041592;13;6;7;1240;1;2;1;7.0;1;32;MONTFERMEIL   (ALLEE DE);;;;930
37490;201300041593;13;6;7;1925;1;2;1;1.0;3;32;PEUPLIERS  (RUE DES);;;;930
37491;201300041594;13;6;15;2315;5;2;2;1.0;3;32;JEAN STEPHAN   (RUE);;;;930
37492;201300041595;13;6;27;1940;1;2;3;1.0;3;32;MONTGUICHET  (CHEMIN DE);;;;930
37493;201300041596;13;7;12;1500;1;2;1;1.0;6;32;171, PAUL VAILLANT COUTU;;;;930
37494;201300041597;13;7;21;1940;1;2;2;1.0;3;32;GEORGES POMPIDOU    (AVE;;;;930
37495;201300041598;13;8;3;1715;1;2;3;1.0;3;32;1, PAUL VAILLANT COUTURI;;;;930
37496;201300041599;13;8;5;925;1;2;1;1.0;2;32;22, JEAN JAURES (AVENUE);;;;930
37497;201300041600;13;8;13;1030;1;2;3;1.0;5;32;98, JULES GUESDES  (RUE,;;;;930
37498;201300041601;13;8;17;300;5;2;1;1.0;6;32;35, HENRI MAILLARD  (RUE;;;;930
37499;201300041602;13;8;19;1830;1;2;3;1.0;6;32;36, JEAN JAURES (AVENUE);;;;930
37500;201300041603;13;9;1;30;5;2;1;1.0;6;32;, ARISTIDE BRIAND (RUE);;;;930
37501;201300041604;13;9;14;1605;1;2;1;2.0;6;32;40, JEAN JAURES (AVENUE);;;;930
37502;201300041606;13;10;8;2008;5;2;3;1.0;3;32;136, JULES GUESDES  (RUE;;;;930
37503;201300041607;13;10;9;1600;1;2;3;2.0;3;32;55, JEAN JAURES (AVENUE);;;;930
37504;201300041609;13;11;5;1250;1;2;1;2.0;4;32;PAUL VAILLANT COUTURIER;;;;930
37505;201300041610;13;11;8;1630;1;2;1;2.0;3;32;52, MARRONNIERS   (AVENU;;;;930
37506;201300041612;13;11;24;2125;5;2;2;1.0;6;32;PAUL VAILLANT COUTURIER;;;;930
37507;201300041613;13;11;26;1335;1;2;3;1.0;6;32;2, VERSAILLES (AVENUE DE;;;;930
37508;201300041614;13;12;9;1340;1;2;1;1.0;6;32;2, ABBESSES  (CHEMIN D'A;;;;930
37509;201300041615;13;12;29;1850;5;2;3;1.0;3;32;PARIS  (RUE DE);;;;930
37510;201300041616;13;1;4;2250;4;2;2;1.0;6;63;94, BRANLY BD EDOUARD;;;;930
37511;201300041618;13;1;5;1850;5;2;1;1.0;2;63;85, BARBUSSE HENRI BOULE;;;;930
37512;201300041619;13;1;7;1830;5;2;1;1.0;6;63;49, JAURES RUE JEAN;;;;930
37513;201300041620;13;1;8;1930;5;2;1;1.0;3;63;BERLIOZ AVENUE;;;;930
37514;201300041621;13;1;11;1715;2;2;2;1.0;3;45;5, LIBERTE BD DE LA;;;;930
37515;201300041622;13;1;12;1110;1;2;1;2.0;7;45;PARIS RUE DE;;;;930
37516;201300041623;13;1;23;905;1;2;1;8.0;3;6;59, GAL DE GAULLE AV. DU;;;;930
37517;201300041625;13;1;24;755;2;2;1;1.0;6;6;64, VAILLANT EDOUARD RUE;;;;930
37518;201300041626;13;1;28;1110;1;2;1;1.0;6;61;20, AUDRY COLETTE RUE;;;;930
37519;201300041628;13;1;30;1645;1;2;1;1.0;3;45;PARIS RUE DE;;;;930
37520;201300041629;13;2;6;830;1;2;1;2.0;3;61;07, PERI GABRIEL RUE;;;;930
37521;201300041630;13;2;7;1440;1;2;1;1.0;6;45;114, PARIS RUE DE;;;;930
37522;201300041632;13;2;9;1530;1;2;2;1.0;3;6;77, GAMBETTA AV.;;;;930
37523;201300041633;13;2;13;1100;1;2;4;1.0;3;6;AVENIR IMP DE L';;;;930
37524;201300041634;13;2;14;2350;5;2;3;1.0;6;61;1, JOINEAU ANDRE RUE;;;;930
37525;201300041636;13;2;15;1420;1;2;1;1.0;3;45;141, PARIS RUE DE;;;;930
37526;201300041637;13;2;15;1900;5;2;1;1.0;6;63;1, METZ AVENUE DE;;;;930
37527;201300041638;13;2;19;2310;5;2;1;1.0;6;6;93, GIRARDOT RUE;;;;930
37528;201300041639;13;2;26;1920;5;2;1;1.0;3;63;1, LENINE AVENUE;;;;930
37529;201300041640;13;2;26;1950;5;2;1;1.0;6;45;1, LECLERC BOULEVARD DU;;;;930
37530;201300041641;13;2;28;1330;1;2;1;1.0;6;45;1, JAURES BD JEAN;;;;930
37531;201300041642;13;3;8;930;1;2;1;8.0;3;6;123, GAMBETTA AV.;;;;930
37532;201300041643;13;3;26;1150;1;2;1;1.0;3;6;44, REPUBLIQUE AVENUE DE;;;;930
37533;201300041644;13;4;1;1600;1;2;1;1.0;3;63;159, NOISY ROUTE DE;;;;930
37534;201300041645;13;4;4;1250;1;2;1;8.0;6;6;GAL LECLERC AV. DU;;;;930
37535;201300041646;13;4;7;40;5;2;2;1.0;6;6;LAHAYE ADELAIDE RUE;;;;930
37536;201300041647;13;4;7;2110;2;2;9;1.0;3;6;CAPSULERIE RUE DE LA;;;;930
37537;201300041648;13;4;10;1920;2;2;1;2.0;6;6;20, LAHAYE ADELAIDE RUE;;;;930
37538;201300041649;13;4;13;1125;1;1;2;1.0;6;6;GAL DE GAULLE AV. DU;;;;930
37539;201300041650;13;4;17;1510;1;2;2;1.0;3;6;REPUBLIQUE AVENUE DE LA;;;;930
37540;201300041651;13;4;25;2030;2;2;1;1.0;1;6;58, RASPAIL AVENUE;;;;930
37541;201300041652;13;5;2;1815;1;2;1;1.0;3;6;19, VAILLONT EDOUARD RUE;;;;930
37542;201300041653;13;5;3;1520;1;2;1;1.0;6;45;1, ONZE NOVEMBRE 1918 RU;;;;930
37543;201300041655;13;5;11;1900;2;2;3;1.0;3;63;VAILLANT-COUTURIER AV.P;;;;930
37544;201300041656;13;5;12;1140;1;2;1;1.0;2;45;42 JUIN AVENUE DU MAREC;;;;930
37545;201300041657;13;5;17;1700;1;2;3;1.0;6;63;JAURES RUE JEAN;;;;930
37546;201300041658;13;5;18;1845;1;2;1;2.0;6;63;GRAVIERS RUE DES;;;;930
37547;201300041659;13;5;23;1530;2;2;2;2.0;1;6;34, REPUBLIQUE AVENUE DE;;;;930
37548;201300041660;13;5;25;2215;2;2;1;1.0;4;63;74, MONTREUIL ROUTE DE;;;;930
37549;201300041661;13;5;28;915;1;2;1;1.0;6;61;14, PERI GABRIEL RUE;;;;930
37550;201300041662;13;6;6;55;5;2;2;1.0;1;63;BARBUSSE HENRI BOULEVARD;;;;930
37551;201300041663;13;6;21;345;5;2;3;2.0;7;6;DHUYS AV DE LA;;;;930
37552;201300041664;13;6;25;1900;1;2;2;1.0;7;63;173, NOISY ROUTE DE;;;;930
37553;201300041665;13;6;28;1635;1;2;1;2.0;2;63;71, BRANLY BD EDOUARD;;;;930
37554;201300041666;13;6;29;2130;1;2;1;1.0;3;63;, NOISY ROUTE DE;;;;930
37555;201300041667;13;6;30;2040;2;2;1;1.0;6;6;193, ROBESPIERRE RUE;;;;930
37556;201300041668;13;7;1;2100;1;2;9;1.0;3;6;109, STALINGRAD AV.;;;;930
37557;201300041669;13;7;3;1335;1;2;3;8.0;1;6;GALLIENI  AV.;;;;930
37558;201300041670;13;7;9;1730;1;2;1;1.0;6;63;1, MONTREUIL ROUTE DE;;;;930
37559;201300041671;13;7;14;2140;2;2;1;1.0;6;63;DOUMER AVENUE PAUL;;;;930
37560;201300041672;13;7;15;1905;1;2;1;1.0;6;6;50, LENINE RUE;;;;930
37561;201300041674;13;7;20;1340;1;2;1;1.0;3;6;161/163, GALLIENI  AV.;;;;930
37562;201300041675;13;7;27;2250;5;2;7;1.0;6;63;ALLENDE PLACE DU PDT SAL;;;;930
37563;201300041676;13;7;29;1740;1;2;1;1.0;6;63;CITE MARCEL CACHIN;;;;930
37564;201300041677;13;8;2;1520;1;2;1;1.0;6;61;02, BELVEDERE AVENUE DU;;;;930
37565;201300041678;13;8;4;1230;1;2;1;1.0;6;6;JAURES JEAN RUE;;;;930
37566;201300041679;13;8;11;1;5;2;7;1.0;3;63;01, KERAUTRET AVENUE PIE;;;;930
37567;201300041680;13;8;16;1355;1;2;3;1.0;2;6;VAILLANT EDOUARD RUE;;;;930
37568;201300041681;13;8;29;2040;2;2;9;1.0;7;45;PARIS RUE DE;;;;930
37569;201300041682;13;9;2;815;1;2;1;1.0;6;6;17, CAPSULERIE RUE DE LA;;;;930
37570;201300041683;13;9;5;1600;1;2;2;1.0;3;6;STALINGRAD AV.;;;;930
37571;201300041684;13;9;8;1235;1;2;2;1.0;3;6;GAMBETTA AV.;;;;930
37572;201300041685;13;9;10;1830;1;2;3;1.0;7;45;114, PARIS RUE DE;;;;930
37573;201300041686;13;9;24;830;1;2;1;1.0;6;6;28, GAL DE GAULLE AV. DU;;;;930
37574;201300041687;13;9;27;1010;1;2;2;1.0;3;6;35, REPUBLIQUE AVENUE DE;;;;930
37575;201300041688;13;10;4;1740;1;1;1;1.0;6;6;1, GALLIENI  AV.;;;;930
37576;201300041689;13;10;7;1810;1;2;1;1.0;2;63;68, JAURES RUE JEAN;;;;930
37577;201300041690;13;10;10;1000;1;2;1;1.0;6;6;1, LA NOUE ET PARC;;;;930
37578;201300041691;13;10;10;2040;5;2;1;2.0;6;45;23, LECLERC BOULEVARD DU;;;;930
37579;201300041692;13;10;11;1635;1;2;2;1.0;6;63;05, VAILLANT-COUTURIER A;;;;930
37580;201300041693;13;10;13;1904;5;2;1;1.0;6;6;38, RASPAIL AVENUE;;;;930
37581;201300041694;13;10;14;1025;1;2;2;1.0;3;45;1, BRUYERES RUE DES;;;;930
37582;201300041695;13;10;16;1650;1;2;1;2.0;1;6;63, GAMBETTA AV.;;;;930
37583;201300041696;13;10;25;1000;1;2;2;1.0;3;61;01, PERI GABRIEL RUE;;;;930
37584;201300041697;13;10;28;1330;1;2;1;1.0;6;6;01, GAL DE GAULLE AV. DU;;;;930
37585;201300041699;13;10;30;630;5;2;2;1.0;1;6;66, RASPAIL AVENUE;;;;930
37586;201300041700;13;10;30;1720;1;2;1;1.0;6;45;55/57, PARIS RUE DE;;;;930
37587;201300041701;13;10;30;2040;5;2;5;1.0;3;6;155, PASTEUR AV.;;;;930
37588;201300041702;13;11;3;1650;2;2;2;1.0;7;45;75, PARIS RUE DE;;;;930
37589;201300041703;13;11;8;1950;5;2;3;2.0;6;6;49 STALINGRAD AV.;;;;930
37590;201300041704;13;11;19;1915;3;2;4;1.0;6;6;GAMBETTA AV.;;;;930
37591;201300041705;13;11;20;355;5;2;1;1.0;6;6;GAL DE GAULLE AV. DU;;;;930
37592;201300041706;13;11;24;1905;5;2;3;1.0;6;63;8, MARCEL ETIENNE RUE;;;;930
37593;201300041707;13;12;2;920;1;2;1;1.0;6;6;45, GAL DE GAULLE AV. DU;;;;930
37594;201300041709;13;12;9;1500;1;2;2;1.0;1;63;111ter LENINE AVENUE;;;;930
37595;201300041712;13;12;11;1400;1;2;3;8.0;3;6;GAMBETTA AV.;;;;930
37596;201300041713;13;12;13;105;5;2;1;1.0;3;6;3, FIORENTINO RUE DE SES;;;;930
37597;201300041714;13;12;22;545;5;2;5;2.0;3;63;BARBUSSE HENRI BOULEVARD;;;;930
37598;201300041715;13;12;22;1350;1;2;1;8.0;2;63;METZ AVENUE DE;;;;930
37599;201300041716;13;10;27;250;5;2;4;1.0;6;6;REPUBLIQUE AVENUE DE LA;;;;930
37600;201300041717;13;9;6;855;1;2;1;1.0;6;6;MALMAISON RUE;;;;930
37601;201300041719;13;11;24;1400;1;2;1;8.0;3;6;HORNET JEANNE;;;;930
37602;201300041720;13;1;10;1200;1;2;1;8.0;1;46;25, GAMBETTA AVENUE;;;;930
37603;201300041721;13;1;11;20;5;2;2;2.0;3;74;BOUCHER RUE ALEXANDRE;;;;930
37604;201300041722;13;1;12;1740;5;2;1;1.0;2;46;CONSUL GENERAL NORDLING;;;;930
37605;201300041723;13;1;25;2330;5;2;2;9.0;3;46;75, CONSUL GENERAL NORDL;;;;930
37606;201300041724;13;1;28;1600;1;2;2;1.0;3;74;MEAUX RUE DE;;;;930
37607;201300041725;13;1;30;1555;1;2;1;1.0;7;46;EST ALLEE DE L';;;;930
37608;201300041726;13;2;12;415;5;2;2;8.0;6;46;EUROPE BOULEVARD DE L';;;;930
37609;201300041727;13;2;14;1950;3;2;2;1.0;3;46;32, JEAN MOULIN BOULEVAR;;;;930
37610;201300041728;13;2;21;910;1;2;1;1.0;6;46;41, LEON BLUM CITE;;;;930
37611;201300041729;13;2;23;1743;1;2;2;4.0;3;46;, REPUBLIQUE AVENUE DE L;;;;930
37612;201300041730;13;2;26;810;1;2;3;8.0;6;46;10, MARECHAL LECLERC AVE;;;;930
37613;201300041731;13;3;9;1740;1;1;1;1.0;3;74;Route Nationale 3;;;;930
37614;201300041732;13;3;13;615;1;2;1;4.0;2;74;DE GAULLE AVENUE DU GENE;;;;930
37615;201300041734;13;3;14;830;1;2;2;1.0;3;46;ARISTIDE BRIAND AVENUE;;;;930