;Num_Acc;an;mois;jour;hrmn;lum;agg;int;atm;col;com;adr;gps;lat;long;dep
37616;201300041735;13;3;17;1100;1;2;2;8.0;3;46;JEAN BAPTISTE CLEMENT RU;;;;930
37617;201300041736;13;3;18;1735;1;2;2;1.0;3;46;LEO LAGRANGE AVENUE;;;;930
37618;201300041737;13;3;23;1905;3;2;1;1.0;5;15;BOIS DE BERNOUILLE ROUTE;;;;930
37619;201300041738;13;4;17;945;1;2;1;1.0;2;46;ROGER SALENGRO BOULEVARD;;;;930
37620;201300041739;13;4;21;515;5;2;1;1.0;1;74;HENRI IV RUE;;;;930
37621;201300041740;13;4;27;1140;1;2;1;1.0;3;46;33, CUREL ALLEE;;;;930
37622;201300041741;13;5;1;1705;1;1;1;3.0;7;74;Route Nationale 3;;;;930
37623;201300041742;13;5;6;2040;2;2;2;1.0;3;46;ARISTIDE BRIAND AVENUE;;;;930
37624;201300041743;13;5;11;1530;1;2;1;1.0;6;46;14, FERNAND BAUDOT ALLEE;;;;930
37625;201300041745;13;5;17;845;1;2;3;1.0;3;46;JEAN JACQUES ROUSSEAU AV;;;;930
37626;201300041746;13;5;19;1315;1;2;1;8.0;7;46;60, REPUBLIQUE AVENUE DE;;;;930
37627;201300041747;13;5;23;1610;1;1;1;1.0;3;46;STRATEGIQUE ROUTE;;;;930
37628;201300041748;13;5;23;2110;5;2;1;2.0;2;46;83, ARISTIDE BRIAND AVEN;;;;930
37629;201300041749;13;5;24;1053;1;2;1;1.0;3;46;69, ARISTIDE BRIAND AVEN;;;;930
37630;201300041750;13;5;25;1955;1;2;1;1.0;5;74;139, MEAUX RUE DE;;;;930
37631;201300041752;13;6;3;1740;1;2;1;1.0;2;46;JOSEPH NOIZE ALLEE;;;;930
37632;201300041754;13;6;5;1715;1;2;1;1.0;6;46;21, ROBERT SCHUMANN BOUL;;;;930
37633;201300041755;13;6;11;730;1;2;2;1.0;2;46;ROGER SALENGRO BOULEVARD;;;;930
37634;201300041756;13;6;19;1120;1;2;3;1.0;3;46;EUROPE BOULEVARD DE L';;;;930
37635;201300041757;13;6;21;1110;1;2;1;2.0;7;46;175, ARISTIDE BRIAND AVE;;;;930
37636;201300041758;13;7;7;1920;1;2;9;1.0;6;46;3, QUESNAY AVENUE;;;;930
37637;201300041759;13;7;7;1425;1;2;2;1.0;3;46;87, ARISTIDE BRIAND AVEN;;;;930
37638;201300041760;13;6;23;1620;1;2;2;1.0;6;46;VOLTAIRE AVENUE;;;;930
37639;201300041761;13;6;28;1855;1;2;2;1.0;3;46;00, LIEGEARD AVENUE;;;;930
37640;201300041763;13;6;30;1100;1;2;1;1.0;2;74;72, MEAUX RUE DE;;;;930
37641;201300041764;13;7;10;1720;1;2;1;1.0;6;46;70, MARX DORMOY BOULEVAR;;;;930
37642;201300041765;13;7;5;1645;1;2;2;1.0;3;46;JEAN JACQUES ROUSSEAU AV;;;;930
37643;201300041766;13;7;20;1100;1;2;3;1.0;3;46;33, REPUBLIQUE AVENUE DE;;;;930
37644;201300041767;13;7;22;2230;5;2;2;1.0;1;46;ARISTIDE BRIAND AVENUE;;;;930
37645;201300041768;13;7;26;1615;1;2;2;1.0;7;46;04, MARECHAL LECLERC AVE;;;;930
37646;201300041769;13;7;27;1600;1;2;1;1.0;2;74;135, MEAUX RUE DE;;;;930
37647;201300041770;13;7;30;1350;1;1;1;1.0;3;46;MARECHAL LECLERC AVENUE;;;;930
37648;201300041771;13;8;3;1345;1;2;2;1.0;3;46;VAUBAN AVENUE;;;;930
37649;201300041772;13;8;7;2050;1;2;2;1.0;2;46;ARISTIDE BRIAND AVENUE;;;;930
37650;201300041773;13;8;19;1655;1;2;2;1.0;2;46;23, SCHACHER ALLEE;;;;930
37651;201300041774;13;8;29;1200;1;2;1;1.0;5;46;ARISTIDE BRIAND AVENUE;;;;930
37652;201300041775;13;8;31;2005;1;2;2;1.0;7;46;65, MARECHAL LECLERC AVE;;;;930
37653;201300041776;13;9;1;2030;1;2;2;1.0;7;46;MAURICE BERTHEAUX ALLEE;;;;930
37654;201300041778;13;9;7;1515;1;2;1;1.0;6;46;20, LEO LAGRANGE AVENUE;;;;930
37655;201300041779;13;9;7;2320;3;2;3;1.0;3;46;JEAN JACQUES ROUSSEAU AV;;;;930
37656;201300041780;13;9;12;1655;1;2;9;1.0;7;46;MARCEL SEMBAT AVENUE;;;;930
37657;201300041782;13;9;19;930;1;2;1;1.0;3;74;33, ILE DE FRANCE RUE DE;;;;930
37658;201300041783;13;9;19;945;1;2;1;1.0;2;46;LUCIE AUBRAC ALLEE;;;;930
37659;201300041784;13;9;23;1625;1;2;1;1.0;7;46;61-65, MARECHAL LECLERC;;;;930
37660;201300041785;13;10;1;900;1;2;3;8.0;6;74;BOUCHER RUE ALEXANDRE;;;;930
37661;201300041786;13;10;2;1315;1;2;1;1.0;3;74;49, AMYOT BOULEVARD JACQ;;;;930
37662;201300041787;13;10;3;1245;1;2;3;1.0;3;74;MONTAUBAN RUE DE;;;;930
37663;201300041788;13;10;13;1850;1;2;2;1.0;3;46;JEAN JAURES BOULEVARD;;;;930
37664;201300041789;13;10;15;2000;5;2;1;1.0;3;46;18, CONSUL GENERAL NORDL;;;;930
37665;201300041791;13;10;24;1335;1;2;3;1.0;3;46;CHATEAU RUE;;;;930
37666;201300041792;13;10;30;1850;3;1;1;8.0;6;74;Route Nationale 3;;;;930
37667;201300041793;13;11;3;2000;3;1;1;2.0;1;74;Route Nationale 3;;;;930
37668;201300041794;13;10;31;2220;3;2;2;1.0;3;46;REMOND ALLEE;;;;930
37669;201300041795;13;10;31;1530;1;2;1;1.0;6;46;MARX DORMOY BOULEVARD;;;;930
37670;201300041796;13;11;5;2245;5;2;2;2.0;3;46;PACHOT LAINE RUE;;;;930
37671;201300041797;13;11;8;1050;1;2;1;2.0;6;46;18, GUTEMBERG BOULEVARD;;;;930
37672;201300041798;13;11;11;600;2;2;1;1.0;6;46;140, FIRMIN DIDOT AVENUE;;;;930
37673;201300041799;13;11;13;1825;2;2;2;1.0;6;46;EUROPE BOULEVARD DE L';;;;930
37674;201300041800;13;11;20;1755;5;2;1;3.0;6;74;GIFFARD RUE;;;;930
37675;201300041801;13;11;28;725;5;2;3;1.0;3;74;, DE GAULLE AVENUE DU GE;;;;930
37676;201300041802;13;11;28;1130;1;2;6;1.0;3;15;37, JAURES RUE JEAN;;;;930
37677;201300041804;13;12;1;1110;1;1;1;1.0;7;74;COURTRY RUE DE;;;;930
37678;201300041805;13;12;1;1940;5;2;1;1.0;5;46;52, MARECHAL LECLERC AVE;;;;930
37679;201300041806;13;12;5;1150;1;2;2;1.0;6;46;CAMILLE DESMOULINS AVENU;;;;930
37680;201300041807;13;12;8;1710;2;2;1;1.0;2;46;DOCTEUR HERPIN RUE DU;;;;930
37681;201300041808;13;12;10;1650;5;2;2;1.0;3;46;, VOLTAIRE AVENUE;;;;930
37682;201300041809;13;12;10;1820;5;2;3;9.0;6;46;FURSTENFELDBRUCK RUE DE;;;;930
37683;201300041810;13;12;14;950;1;2;2;1.0;3;46;71, LIEGEARD AVENUE;;;;930
37684;201300041812;13;12;15;1055;1;2;2;1.0;6;46;49, ROGER SALENGRO BOULE;;;;930
37685;201300041813;13;12;16;1625;2;2;1;1.0;6;46;EMILE GERARD AVENUE;;;;930
37686;201300041814;13;12;18;1000;1;2;3;1.0;2;46;FONTAINE SENTE DE LA;;;;930
37687;201300041815;13;12;18;1940;2;2;2;1.0;3;46;CONVENTION AVENUE DE LA;;;;930
37688;201300041816;13;12;20;850;1;2;1;1.0;6;46;JEAN JACQUES ROUSSEAU AV;;;;930
37689;201300041818;13;12;29;1210;1;2;6;1.0;3;15;STRATEGIQUE ROUTE;;;;930
37690;201300041819;13;12;30;1720;3;1;1;2.0;6;74;Route Nationale 3;;;;930
37691;201300041820;13;1;2;1410;1;2;3;1.0;3;48;51, KLEBER (RUE);;;;930
37692;201300041821;13;1;10;1020;1;2;2;2.0;3;48;, KLEBER (RUE);;;;930
37693;201300041822;13;1;31;935;1;2;2;8.0;6;48;SERGENT GODEFROY (RUE DU;;;;930
37694;201300041823;13;2;5;1130;1;2;1;1.0;6;48;9, FRANKLIN (RUE);;;;930
37695;201300041824;13;2;6;820;1;2;3;2.0;3;48;344, BOISSIERE (BOULEVAR;;;;930
37696;201300041825;13;2;8;1030;1;2;3;1.0;3;48;PRESIDENT WILSON (AVENUE;;;;930
37697;201300041826;13;2;16;1440;1;2;2;1.0;3;48;ROMAINVILLE (RUE DE);;;;930
37698;201300041827;13;2;20;940;1;2;3;1.0;3;48;ROSNY (RUE DE);;;;930
37699;201300041828;13;2;25;845;1;2;3;4.0;6;48;56 ARISTIDE BRIAND (BOU;;;;930
37700;201300041829;13;2;26;1915;5;2;9;1.0;6;48;03, PAIX (RUE DE LA);;;;930
37701;201300041830;13;2;28;2002;1;2;1;1.0;3;48;234, PARIS (RUE DE);;;;930
37702;201300041831;13;3;1;1810;2;2;9;1.0;3;48;BELAIR (RUE DU);;;;930
37703;201300041832;13;3;1;2115;5;2;1;1.0;2;48;184, ROSNY (RUE DE);;;;930
37704;201300041833;13;3;9;1045;1;2;2;1.0;3;48;CHANZY (BOULEVARD);;;;930
37705;201300041834;13;3;13;2041;5;2;1;4.0;6;48;PETIT BOIS (RUE DU);;;;930
37706;201300041835;13;3;19;2010;5;2;1;3.0;1;48;187, PARIS (RUE DE);;;;930
37707;201300041836;13;4;2;1038;1;2;1;1.0;3;48;11, PIERRE DE MONTREUIL;;;;930
37708;201300041837;13;4;3;1715;1;2;1;1.0;6;48;110, JULES GUESDE (RUE);;;;930
37709;201300041838;13;4;3;1650;1;2;1;1.0;6;48;162, ROSNY (RUE DE);;;;930
37710;201300041839;13;4;5;1330;1;2;1;1.0;1;48;SAINT DENIS (RUE);;;;930
37711;201300041840;13;4;14;2115;5;2;2;1.0;3;48;DESIRE PREAUX (RUE);;;;930
37712;201300041842;13;4;16;1650;1;2;2;1.0;1;48;NAVOIZEAU (RUE);;;;930
37713;201300041843;13;4;17;1000;1;2;1;1.0;3;48;12, GENERAL DE GAULE (PL;;;;930
37714;201300041845;13;4;19;1904;1;2;9;2.0;6;48;RESISTANCE S3 (AVENUE DE;;;;930
37715;201300041846;13;4;21;1830;1;2;1;1.0;3;48;207, BOISSIERE (BOULEVAR;;;;930
37716;201300041847;13;4;24;1900;1;2;3;1.0;2;48;2, FRANKLIN (RUE);;;;930
37717;201300041849;13;5;2;1310;1;2;1;1.0;2;48;234, PARIS (rUE DE);;;;930
37718;201300041850;13;5;2;1850;1;2;1;1.0;4;48;80, BOISSIERE (BOULEVARD;;;;930
37719;201300041851;13;5;5;1830;1;2;1;1.0;2;48;46 GABRIEL PERI (AVENUE;;;;930
37720;201300041852;13;5;17;1355;1;2;1;8.0;6;48;21, PETIT BOIS (RUE DU);;;;930
37721;201300041853;13;5;17;1515;1;2;1;1.0;6;48;JACQUES DUCLOS (RUE);;;;930
37722;201300041854;13;5;20;1420;1;2;1;3.0;6;48;92, BOISSIERE (BOULEVARD;;;;930
37723;201300041855;13;5;21;1435;1;2;1;2.0;6;48;17, GENERAL DE GAULE (PL;;;;930
37724;201300041856;13;5;28;900;1;2;3;8.0;3;48;35, GAMBETTA (RUE);;;;930
37725;201300041857;13;5;29;1900;1;2;1;1.0;7;48;125, HENRI BARBUSSE (BOU;;;;930
37726;201300041859;13;5;31;1100;1;2;1;8.0;6;48;GRANDS PECHERS (RUE DES);;;;930
37727;201300041860;13;6;4;900;1;2;2;1.0;3;48;ROMAINVILLE (RUE DE);;;;930
37728;201300041861;13;6;4;1900;1;2;3;7.0;6;48;22, JEAN MOULIN (AVENUE);;;;930
37729;201300041862;13;6;8;1440;1;2;1;1.0;6;48;210, THEOPHILE SUEUR (BO;;;;930
37730;201300041863;13;6;8;1850;1;1;1;1.0;3;48;55, PARIS (RUE DE);;;;930
37731;201300041864;13;6;8;2045;2;2;1;2.0;3;48;25, PARMENTIER (RUE);;;;930
37732;201300041865;13;6;9;1730;1;2;1;2.0;6;48;3, GABRIEL PERI (AVENUE);;;;930
37733;201300041866;13;6;10;1540;1;2;2;7.0;3;48;WALWEIN (AVENUE).;;;;930
37734;201300041867;13;6;11;1615;1;2;8;1.0;6;48;107, CHANZY (BOULEVARD);;;;930
37735;201300041868;13;6;12;1940;1;2;1;1.0;6;48;23 STALINGRAD (RUE DE);;;;930
37736;201300041869;13;6;9;1815;1;2;1;1.0;6;48;84 SUZANNE MARTORELL (A;;;;930
37737;201300041870;13;6;25;1440;1;2;1;1.0;6;48;, MICHELET (RUE);;;;930
37738;201300041871;13;6;20;2050;1;2;3;1.0;2;48;127, HENRI BARBUSSE (BOU;;;;930
37739;201300041872;13;6;26;1455;1;2;1;1.0;6;48;03, JEAN MOULIN (AVENUE);;;;930
37740;201300041873;13;6;26;1937;1;2;2;1.0;6;48;10, FERDINAND (AVENUE);;;;930
37741;201300041874;13;6;27;25;5;2;1;1.0;3;48;67 REPUBLIQUE (RUE DE L;;;;930
37742;201300041875;13;6;28;1850;1;2;9;1.0;3;48;PAUL VAILLANT COUTURIER;;;;930
37743;201300041876;13;7;1;820;1;2;1;1.0;6;48;217, ETIENNE MARCEL (RUE;;;;930
37744;201300041877;13;7;3;815;1;2;1;2.0;6;48;04, WALWEIN (AVENUE);;;;930
37745;201300041879;13;7;8;1555;1;2;2;1.0;5;48;FERDINAND (AVENUE);;;;930
37746;201300041880;13;7;9;1030;1;2;2;1.0;6;48;, RUFFINS (RUE DES);;;;930
37747;201300041881;13;7;12;1000;1;2;1;1.0;6;48;273, VICTOR HUGO S5 (AVE;;;;930
37748;201300041882;13;7;22;2030;1;2;1;1.0;6;48;209, ROSNY (RUE DE);;;;930
37749;201300041883;13;7;30;1310;1;2;1;1.0;3;48;128, ARISTIDE BRIAND (BO;;;;930
37750;201300041885;13;8;19;1045;1;2;1;1.0;7;48;20, PRESIDENT WILSON (AV;;;;930
37751;201300041886;13;8;22;2207;5;2;9;1.0;7;48;THEOPHILE SUEUR (BOULEVA;;;;930
37752;201300041887;13;8;25;1545;1;2;2;3.0;3;48;PASTEUR S3 (AVENUE);;;;930
37753;201300041888;13;9;3;2130;5;2;1;1.0;3;48;116 R DE LAGNY;;;;930
37754;201300041889;13;9;4;815;1;2;1;1.0;2;48;149, ROSNY (RUE DE);;;;930
37755;201300041890;13;9;4;1900;1;2;2;1.0;6;48;GROSEILLERS (RUE DES);;;;930
37756;201300041891;13;9;10;1020;1;2;9;1.0;1;48;HENRI BARBUSSE (BOULEVAR;;;;930
37757;201300041892;13;9;11;1020;1;2;2;1.0;3;48;ARISTIDE BRIAND (BOULEVA;;;;930
37758;201300041894;13;9;14;2245;5;2;2;3.0;3;48;JACQUES DUCLOS (RUE);;;;930
37759;201300041895;13;9;21;1340;1;2;3;1.0;3;48;THEOPHILE SUEUR (BOULEVA;;;;930
37760;201300041896;13;9;22;405;5;2;3;1.0;1;48;50, CHANZY (BOULEVARD);;;;930
37761;201300041897;13;9;26;1255;1;2;7;1.0;6;48;48, PARIS (RUE DE);;;;930
37762;201300041899;13;9;30;940;1;2;2;8.0;1;48;GABRIEL PERI (AVENUE);;;;930
37763;201300041900;13;9;30;1440;1;2;9;1.0;2;48;62, FRANKLIN (RUE);;;;930
37764;201300041901;13;10;1;1600;1;2;1;1.0;5;48;97, PARIS (RUE DE);;;;930
37765;201300041904;13;10;5;120;5;2;1;1.0;3;48;273, ROSNY (RUE DE);;;;930
37766;201300041905;13;10;8;1300;1;2;1;1.0;3;48;PARIS (RUE DE);;;;930
37767;201300041908;13;10;24;1100;1;2;1;1.0;5;48;EUGENE VARLIN (RUE);;;;930
37768;201300041909;13;10;26;1050;1;2;2;2.0;3;48;LEO LAGRANGE (AVENUE);;;;930
37769;201300041910;13;10;31;1940;5;2;4;1.0;6;48;PARMENTIER (RUE);;;;930
37770;201300041911;13;11;4;1650;1;2;2;1.0;6;48;49, REPUBLIQUE (RUE DE L;;;;930
37771;201300041912;13;11;4;1838;5;2;7;1.0;4;48;GENERAL DE GAULE (PLACE;;;;930
37772;201300041913;13;11;9;930;1;2;2;1.0;1;48;RESISTANCE (AVENUE DE LA;;;;930
37773;201300041915;13;11;15;655;2;2;3;2.0;4;48;ROSIERS (RUE DES);;;;930
37774;201300041917;13;11;18;1815;5;2;3;1.0;6;48;31, THEOPHILE SUEUR (BOU;;;;930
37775;201300041918;13;11;21;845;1;2;2;2.0;3;48;PASTEUR S3 (AVENUE);;;;930
37776;201300041919;13;11;22;1500;1;2;1;1.0;6;48;116, HENRI BARBUSSE (BOU;;;;930
37777;201300041920;13;11;22;1915;2;2;2;1.0;6;48;ROSNY (RUE DE);;;;930
37778;201300041921;13;11;23;1545;1;2;2;1.0;3;48;51, DESIRE PREAUX (RUE);;;;930
37779;201300041922;13;12;1;1130;1;2;2;8.0;5;48;CUVIER (RUE);;;;930
37780;201300041923;13;12;4;1810;5;2;1;1.0;6;48;38, PAUL VAILLANT COUTUR;;;;930
37781;201300041924;13;12;5;1250;1;2;1;1.0;3;48;13, ARISTIDE BRIAND (BOU;;;;930
37782;201300041925;13;12;8;1825;5;2;1;8.0;6;48;14, EPERNONS (RUE DES);;;;930
37783;201300041926;13;12;9;1450;1;2;1;1.0;1;48;34, RESISTANCE (AVENUE D;;;;930
37784;201300041927;13;12;10;1510;1;2;2;1.0;6;48;THEOPHILE SUEUR (BOULEVA;;;;930
37785;201300041928;13;12;11;950;1;2;1;1.0;6;48;50, HENRI WALLON (RUE);;;;930
37786;201300041929;13;12;12;1645;2;2;2;1.0;3;48;PIERRE DE MONTREUIL (RUE;;;;930
37787;201300041930;13;12;13;1140;1;2;1;1.0;6;48;31, VINCENNES (RUE DE);;;;930
37788;201300041931;13;12;16;1000;1;2;1;1.0;3;48;THEOPHILE SUEUR (BOULEVA;;;;930
37789;201300041932;13;12;16;1455;1;2;1;1.0;6;48;01, PAUL DOUMER (RUE);;;;930
37790;201300041933;13;12;19;2010;5;2;1;1.0;4;48;JEAN MOULIN (AVENUE);;;;930
37791;201300041934;13;12;20;1000;1;2;1;1.0;6;48;54, PARIS (RUE DE);;;;930
37792;201300041935;13;12;21;1440;1;2;1;1.0;6;48;72, THEOPHILE SUEUR (BOU;;;;930
37793;201300041936;13;12;31;220;5;2;1;1.0;6;48;52, COLONEL FABIEN (AVEN;;;;930
37794;201300041937;13;1;7;810;4;2;2;1.0;1;50;LOUIS VANNINI (RUE);;;;930
37795;201300041938;13;1;28;1820;5;2;2;1.0;6;49;16, DANIEL PERDRIGE (AVE;;;;930
37796;201300041939;13;1;29;2030;5;2;3;2.0;3;50;PAUL DOUMER (RUE);;;;930
37797;201300041940;13;2;11;1740;1;2;1;1.0;3;50;PAUL ET CAMILLE THOMOUX;;;;930
37798;201300041941;13;2;12;1354;1;2;1;8.0;3;50;1-9, MARECHAL FOCH (AVEN;;;;930
37799;201300041942;13;2;15;2235;5;2;1;1.0;1;50;421, HUIT MAI 1945;;;;930
37800;201300041943;13;2;20;1230;1;2;1;1.0;4;50;JEAN JAURES (AVENUE) COT;;;;930
37801;201300041944;13;2;27;1020;1;2;1;1.0;2;50;230, PAUL ET CAMILLE THO;;;;930
37802;201300041945;13;2;28;2100;5;2;3;1.0;3;50;DESCARTES (AVENUE);;;;930
37803;201300041946;13;3;8;1400;1;2;3;2.0;2;50;MARECHAL FOCH (AVENUE) C;;;;930
37804;201300041947;13;3;9;2000;5;2;1;1.0;3;49;GENERAL DE GAULLE (RUE);;;;930
37805;201300041948;13;3;17;1150;1;2;1;1.0;6;50;26, PAUL DOUMER (RUE);;;;930
37806;201300041949;13;3;18;1415;1;2;1;1.0;6;49;STALINGRAD (PLACE);;;;930
37807;201300041950;13;3;18;1730;1;2;1;1.0;6;50;PAUL ET CAMILLE THOMOUX;;;;930
37808;201300041951;13;4;3;1245;1;2;1;1.0;2;50;29, MARECHAL FOCH (AVENU;;;;930
37809;201300041952;13;4;15;1200;1;2;1;2.0;6;50;108, PAUL VAILLANT COUTU;;;;930
37810;201300041954;13;4;21;115;5;2;2;1.0;3;50;PAUL DOUMER (RUE);;;;930
37811;201300041955;13;4;29;735;1;2;1;1.0;2;50;PAUL DOUMER (RUE);;;;930
37812;201300041956;13;5;4;1600;1;2;1;1.0;1;50;FERDINAND BUISSON (RUE);;;;930
37813;201300041957;13;5;22;1805;1;2;1;1.0;5;50;PAUL ET CAMILLE THOMOUX;;;;930
37814;201300041958;13;5;25;1035;1;2;1;1.0;2;50;1-9, MARECHAL FOCH (AVEN;;;;930
37815;201300041959;13;6;1;20;5;2;3;1.0;6;50;186, PAUL ET CAMILLE THO;;;;930
37816;201300041962;13;5;25;2340;5;2;2;1.0;3;50;ONZE NOVEMBRE (RUE);;;;930
37817;201300041963;13;6;8;2310;5;2;1;8.0;6;50;36, GENERAL DE GAULLE (A;;;;930
37818;201300041964;13;6;17;1530;1;2;1;1.0;6;50;37, CARNOT (BOULEVARD);;;;930
37819;201300041965;13;6;29;1630;1;2;3;1.0;3;49;POULET LANGLET (RUE);;;;930
37820;201300041966;13;7;3;730;1;2;3;2.0;3;50;FERDINAND BUISSON (RUE);;;;930
37821;201300041967;13;7;7;1900;1;2;1;1.0;2;50;ROUSSILLON (RUE);;;;930
37822;201300041968;13;7;9;1935;1;2;1;1.0;6;50;MAURICE BERTEAUX (BOULEV;;;;930
37823;201300041969;13;7;11;30;5;2;1;1.0;3;49;32 GALLIENI (BOULEVARD);;;;930
37824;201300041970;13;7;24;1940;1;2;1;1.0;6;49;22, GALLIENI (BOULEVARD);;;;930
37825;201300041971;13;7;25;1210;1;2;1;1.0;6;50;29, PAUL ET CAMILLE THOM;;;;930
37826;201300041972;13;8;1;1505;1;2;1;1.0;3;50;MARECHAL FOCH (AVENUE) C;;;;930
37827;201300041973;13;8;5;1930;1;2;1;1.0;1;49;34 BOIS D'AVRON (RUE);;;;930
37828;201300041975;13;8;9;1610;1;2;1;1.0;3;50;29, MARECHAL FOCH (AVENU;;;;930
37829;201300041976;13;8;10;2230;5;2;3;1.0;3;50;HUIT MAI 1945;;;;930
37830;201300041977;13;8;28;1900;2;2;1;1.0;6;49;GALLIENI (BOULEVARD);;;;930
37831;201300041978;13;9;17;1600;1;2;1;1.0;6;49;, GALLIENI (BOULEVARD);;;;930
37832;201300041979;13;9;29;30;5;2;3;3.0;6;49;FAIDHERBE (RUE);;;;930
37833;201300041980;13;8;26;1900;1;2;1;1.0;6;49;02, HERBIERS (RUE);;;;930
37834;201300041982;13;9;5;1610;1;2;1;1.0;6;49;PAUL LETOMBE (RUE);;;;930
37835;201300041983;13;9;7;2025;2;2;1;1.0;6;50;ROBERT SCHUMANN (AVENUE);;;;930
37836;201300041984;13;9;28;1540;1;2;9;1.0;3;50;MARECHAL FOCH (AVENUE) C;;;;930
37837;201300041985;13;10;8;855;1;2;1;1.0;3;50;LOUIS ARMAND (RUE);;;;930
37838;201300041986;13;10;15;1650;1;2;1;1.0;2;50;JEAN JAURES (AVENUE) COT;;;;930
37839;201300041987;13;10;16;1235;1;2;1;1.0;7;50;FERDINAND BUISSON (RUE);;;;930
37840;201300041988;13;10;17;1905;5;2;1;1.0;6;50;WINSTON CHURCHILL (AVENU;;;;930
37841;201300041989;13;10;26;630;5;2;1;1.0;3;50;PAUL ET CAMILLE THOMOUX;;;;930
37842;201300041992;13;11;11;450;5;1;1;8.0;1;50;FRERES LUMIERE (RUE);;;;930
37843;201300041993;13;11;24;1945;5;2;5;1.0;3;49;VICTOR HUGO (RUE) EGL ST;;;;930
37844;201300041994;13;12;8;1850;2;1;1;1.0;6;50;ALOUETTES (RUE);;;;930
37845;201300041995;13;12;14;1000;1;2;2;1.0;6;49;MARECHAL FOCH (AVENUE) P;;;;930
37846;201300041997;13;12;19;1850;5;2;2;8.0;2;50;LOUIS VANNINI (RUE);;;;930
37847;201300041998;13;12;24;2200;5;2;2;3.0;4;50;16, MARECHAL FOCH (AVENU;;;;930
37848;201300041999;13;12;4;820;1;2;1;1.0;3;50;1, MARECHAL FOCH (AVENUE;;;;930
37849;201300042000;13;1;2;800;1;2;2;1.0;3;33;NATIONALE NUMERO 34 (RAU;;;;930
37850;201300042001;13;1;2;2030;5;2;1;8.0;3;51;MONT D'EST (BD);;;;930
37851;201300042002;13;1;8;1620;1;1;1;2.0;6;51;JULES FERRY (NR PAIRS;;;;930
37852;201300042003;13;1;10;910;1;2;1;8.0;3;51;AUGUSTE RODIN (ALLEE);;;;930
37853;201300042004;13;1;16;1230;1;2;3;9.0;6;51;ARISTIDE BRIAND (AVENUE);;;;930
37854;201300042005;13;1;18;910;1;2;2;1.0;3;51;NEUILLY (ROUTE);;;;930
37855;201300042006;13;1;23;1420;1;2;1;1.0;7;51;MONT D'EST (BD);;;;930
37856;201300042007;13;1;24;750;1;2;1;1.0;7;51;11, VILLIERS (ROUTE);;;;930
37857;201300042008;13;1;28;245;5;2;1;2.0;6;51;PAVE NEUF (AVENUE);;;;930
37858;201300042010;13;2;17;1700;1;2;1;1.0;3;51;NEUILLY (ROUTE);;;;930
37859;201300042012;13;3;7;1200;1;2;6;2.0;2;51;PAVE NEUF (AVENUE);;;;930
37860;201300042013;13;3;12;100;3;2;3;2.0;3;33;REPUBLIQUE (BOULEVARD);;;;930
37861;201300042014;13;3;12;910;1;2;1;4.0;6;51;BALLON;;;;930
37862;201300042015;13;3;20;1215;1;2;1;1.0;6;51;146 MEDERIC (AVENUE);;;;930
37863;201300042016;13;3;20;1700;1;2;2;1.0;3;51;MEDERIC (AVENUE);;;;930
37864;201300042017;13;3;22;1630;1;2;1;1.0;6;51;40, GRAVIERS;;;;930
37865;201300042018;13;4;4;1045;1;2;2;1.0;2;51;LEVANT (BD);;;;930
37866;201300042019;13;4;5;1425;1;2;1;1.0;2;51;20, PAVE NEUF (AVENUE);;;;930
37867;201300042020;13;4;13;910;1;2;2;1.0;3;51;SOUCHET (BOULEVARD);;;;930
37868;201300042021;13;4;19;1120;1;2;1;1.0;2;51;0, MONT D'EST (BD);;;;930
37869;201300042022;13;4;22;1230;1;2;6;1.0;6;51;42, HENRI MATISSE (SQUAR;;;;930
37870;201300042023;13;5;24;1000;1;2;2;2.0;3;51;67, GABRIEL PERI (AVENUE;;;;930
37871;201300042024;13;5;29;1605;1;2;1;1.0;2;51;HAUTS ROSEAUX;;;;930
37872;201300042025;13;5;30;955;1;2;1;3.0;3;51;MEDERIC (AVENUE);;;;930
37873;201300042026;13;6;5;1;5;2;1;1.0;6;51;67, ASTRONAUTES (BD);;;;930
37874;201300042027;13;6;5;1615;1;2;3;1.0;6;51;MONT D'EST (BD);;;;930
37875;201300042028;13;6;16;2230;2;2;1;1.0;2;51;NEUILLY (ROUTE);;;;930
37876;201300042029;13;6;18;1030;1;2;3;1.0;6;51;05, BOIS SAINT MARTIN (A;;;;930
37877;201300042030;13;6;18;1250;1;2;1;1.0;3;33;JEAN MERMOZ (AVENUE);;;;930
37878;201300042031;13;6;25;1740;1;2;3;1.0;3;51;YVRIS (AVE);;;;930
37879;201300042033;13;7;5;1800;1;2;2;1.0;3;51;1, EMILE COSSONNEAU (AVE;;;;930
37880;201300042034;13;7;9;1635;1;2;1;1.0;6;51;156, PIERRE BROSSOLETTE;;;;930
37881;201300042035;13;7;10;810;1;2;2;1.0;7;51;GABRIEL PERI (AVENUE);;;;930
37882;201300042036;13;7;12;1750;1;2;1;1.0;2;51;GOURNAY (ROUTE);;;;930
37883;201300042037;13;8;19;5;5;2;6;2.0;7;33;ROuSEVELT (PLACE);;;;930
37884;201300042038;13;8;21;2105;2;2;1;1.0;6;33;80, NOISY LE GRAND (BOUL;;;;930
37885;201300042039;13;8;23;830;1;2;3;1.0;3;51;10, MEDERIC (AVENUE);;;;930
37886;201300042041;13;8;23;2030;2;2;1;1.0;7;51;MONT D'EST (BD);;;;930
37887;201300042043;13;9;7;1200;1;2;1;7.0;2;51;FORT (AVE);;;;930
37888;201300042044;13;9;8;1440;1;2;1;1.0;3;51;54, PAVE NEUF (AVENUE);;;;930
37889;201300042045;13;9;9;1745;1;2;1;2.0;6;51;135, GOURNAY (ROUTE);;;;930
37890;201300042046;13;9;10;2150;5;2;6;1.0;6;51;PAVE NEUF (AVENUE);;;;930
37891;201300042047;13;9;12;840;1;2;1;1.0;6;51;DOCTEUR SUREAU;;;;930