;Num_Acc;an;mois;jour;hrmn;lum;agg;int;atm;col;com;adr;gps;lat;long;dep
37892;201300042048;13;9;25;1915;5;2;2;2.0;3;51;BIENVENUE (ALLEE);;;;930
37893;201300042049;13;9;26;820;1;2;1;1.0;2;51;AUGUSTE RODIN (ALLEE);;;;930
37894;201300042051;13;12;2;710;5;2;1;1.0;6;33;AV CHAMPS-panneau Pub(17;;;;930
37895;201300042052;13;12;5;1915;5;2;3;1.0;5;51;16, MEDERIC (AVENUE);;;;930
37896;201300042053;13;12;7;945;1;2;3;9.0;1;33;ARISTIDE BRIAND;;;;930
37897;201300042054;13;12;10;1230;1;2;6;1.0;6;51;GRAHAM BELL;;;;930
37898;201300042055;13;12;12;1455;1;2;2;1.0;3;51;40, MALNOUE (NR 1 A 93);;;;930
37899;201300042056;13;12;19;725;2;2;2;2.0;3;51;41, FRERES HARBULOT;;;;930
37900;201300042057;13;12;19;800;2;2;3;2.0;6;51;CHAMPY RICHARDETS (BOULE;;;;930
37901;201300042058;13;12;22;1000;1;2;3;2.0;6;51;ARISTIDE BRIAND (AVENUE);;;;930
37902;201300042059;13;1;3;1530;1;2;1;2.0;3;53;PARIS (RUE DE);;;;930
37903;201300042060;13;1;28;1750;5;2;3;1.0;6;53;STRASBOURG (AVENUE DE);;;;930
37904;201300042061;13;2;16;745;2;2;4;1.0;1;53;3, PARC (RUE DU);;;;930
37905;201300042063;13;4;2;1725;1;2;1;1.0;6;53;MONTREUIL A CLAYE (RUE D;;;;930
37906;201300042064;13;4;13;1645;1;2;1;2.0;6;53;189, BREMENT (RUE DE) 10;;;;930
37907;201300042065;13;4;15;1715;1;2;6;8.0;3;53;ROGER SALENGRO (BLD);;;;930
37908;201300042066;13;4;20;20;5;2;1;1.0;6;53;48/52, FONTAINE (RUE DE;;;;930
37909;201300042067;13;4;20;1850;1;2;1;1.0;6;53;STAINS (ROUTE DE);;;;930
37910;201300042069;13;5;2;1015;1;2;9;1.0;3;53;83, PARIS (RUE DE);;;;930
37911;201300042070;13;5;13;2330;5;2;4;2.0;3;53;ANATOLE FRANCE (RUE);;;;930
37912;201300042071;13;5;23;730;1;2;2;8.0;2;53;ROSNY (AVENUE DE) N? 1 A;;;;930
37913;201300042072;13;5;30;1540;1;2;1;3.0;2;53;80, PARIS (RUE DE);;;;930
37914;201300042073;13;6;1;1930;1;2;1;1.0;6;53;02, VAILLANT COUTURIER (;;;;930
37915;201300042074;13;6;5;2025;1;2;7;1.0;3;53;JEANNE D'ARC (PLACE);;;;930
37916;201300042075;13;6;10;1110;1;2;1;1.0;1;53;22, BIR HAKEIM (AVENUE);;;;930
37917;201300042076;13;6;12;2000;1;2;1;1.0;6;53;07, AMPERE (RUE);;;;930
37918;201300042077;13;6;18;1215;1;2;3;1.0;6;53;46, BOBIGNY (AVENUE DE);;;;930
37919;201300042078;13;6;20;730;1;2;3;3.0;3;53;9, PARC (RUE DU);;;;930
37920;201300042079;13;6;27;1630;1;2;2;1.0;3;53;PARIS (RUE DE);;;;930
37921;201300042080;13;7;2;640;1;2;6;1.0;3;53;GENERAL DE GAULLE (ROND;;;;930
37922;201300042081;13;7;5;1730;1;2;1;1.0;3;53;122, VAILLANT COUTURIER;;;;930
37923;201300042082;13;7;8;1720;1;2;1;1.0;4;53;27, GENERAL LECLERC (AVE;;;;930
37924;201300042083;13;7;19;1130;1;2;1;1.0;3;53;30, PARIS (RUE DE);;;;930
37925;201300042084;13;7;24;1005;1;2;1;1.0;6;53;223 bis, BREMENT (RUE DE;;;;930
37926;201300042085;13;7;27;1950;1;2;1;1.0;6;53;ELSA TRIOLET (RUE);;;;930
37927;201300042086;13;8;8;2039;4;2;3;1.0;3;53;JULES AUFFRET (RUE);;;;930
37928;201300042087;13;8;12;1340;1;2;2;1.0;3;53;25, JULES AUFFRET (RUE);;;;930
37929;201300042088;13;9;1;1230;1;2;2;1.0;3;53;PARIS (RUE DE);;;;930
37930;201300042089;13;9;2;907;1;2;1;1.0;6;53;01, MANSART (ALLEE);;;;930
37931;201300042090;13;9;2;1715;1;2;1;1.0;6;53;PARIS (RUE DE);;;;930
37932;201300042091;13;9;2;1915;1;2;3;1.0;3;53;BREMENT (RUE DE) 109 A 2;;;;930
37933;201300042092;13;9;13;1350;1;2;1;2.0;2;53;111, ROSNY (AVENUE DE) N;;;;930
37934;201300042093;13;9;27;1625;1;2;2;1.0;7;53;ROSNY (AVENUE DE) N? 1 A;;;;930
37935;201300042095;13;10;10;1815;1;2;1;1.0;6;53;1, PARC (RUE DU);;;;930
37936;201300042096;13;10;26;2000;5;2;1;1.0;7;53;1, ROGER SALENGRO (BLD);;;;930
37937;201300042097;13;10;29;1435;1;2;1;1.0;7;53;1, JEAN JAURES (RUE);;;;930
37938;201300042098;13;11;17;1645;2;2;1;1.0;6;53;46, REPUBLIQUE (BLD DE L;;;;930
37939;201300042099;13;11;21;2325;5;2;1;2.0;7;53;140 BREMENT (RUE DE) 10;;;;930
37940;201300042100;13;11;30;700;2;2;2;1.0;3;53;0, GALLIENI (AVENUE);;;;930
37941;201300042101;13;12;12;1715;5;2;2;1.0;1;53;GAGNY (AVENUE DE);;;;930
37942;201300042102;13;12;23;730;5;2;3;1.0;6;53;17, JEAN JAURES (RUE);;;;930
37943;201300042103;13;12;27;1920;5;2;4;3.0;6;53;DOMBASLE (RUE);;;;930
37944;201300042104;13;1;19;800;1;2;1;4.0;7;55;166, GENERAL LECLERC(AVE;;;;930
37945;201300042105;13;1;20;210;5;2;1;4.0;2;55;JEAN LOLIVE (AVENUE)(1-5;;;;930
37946;201300042106;13;1;27;2045;5;2;1;1.0;6;55;53, JEAN LOLIVE (AVENUx);;;;930
37947;201300042108;13;2;4;1110;1;2;2;2.0;2;55;105, JEAN LOLIVE (AVENUE;;;;930
37948;201300042109;13;2;14;835;1;2;1;2.0;6;55;38, EDOUARD VAILLANT DU;;;;930
37949;201300042111;13;2;19;1545;1;2;1;1.0;6;55;62, JEAN LOLIVE (AVENUE);;;;930
37950;201300042112;13;2;21;2300;5;2;1;1.0;3;55;03, MAGENTA;;;;930
37951;201300042113;13;3;3;1520;1;2;1;1.0;6;55;10, GABRIELLE JOSSERAND;;;;930
37952;201300042114;13;3;12;1010;1;2;1;4.0;2;55;36 BIS JEAN LOLIVE (AVE;;;;930
37953;201300042115;13;3;12;1645;1;2;3;4.0;6;55;57 JEAN LOLIVE (AVENUE);;;;930
37954;201300042116;13;6;1;742;1;2;1;1.0;6;55;24, LATERAL AU CHEMIN DE;;;;930
37955;201300042117;13;6;13;2300;5;2;1;1.0;6;55;138, JEAN JAURES (AVENUE;;;;930
37956;201300042118;13;6;18;1500;1;2;1;1.0;3;55;170, JEAN JAURES (AVENUE;;;;930
37957;201300042119;13;6;20;1810;1;2;1;8.0;2;55;96, JEAN LOLIVE (AVENUE);;;;930
37958;201300042120;13;6;25;1740;1;2;2;1.0;6;55;60, JEAN LOLIVE (AVENUE);;;;930
37959;201300042121;13;6;26;1850;1;2;1;1.0;5;55;165 JEAN LOLIVE (AVENUE;;;;930
37960;201300042122;13;6;11;740;1;2;1;1.0;6;55;40, DELIZY (DU 23 A FIN;;;;930
37961;201300042123;13;8;2;1555;1;2;1;1.0;6;55;2, ANATOLE FRANCE (AVENU;;;;930
37962;201300042124;13;8;14;1640;1;2;1;1.0;2;55;128, JEAN JAURES (AVENUE;;;;930
37963;201300042125;13;10;3;1535;1;2;1;1.0;1;55;184, DIDEROT;;;;930
37964;201300042126;13;10;6;1400;1;2;1;1.0;7;55;80, GENERAL LECLERC(AVE;;;;930
37965;201300042127;13;10;9;715;2;2;1;1.0;3;55;176, JEAN LOLIVE (AVENUE;;;;930
37966;201300042128;13;10;16;1530;1;2;3;3.0;3;55;130 GENERAL LECLERC(AVE;;;;930
37967;201300042129;13;10;23;145;5;2;1;1.0;6;55;182, GENERAL LECLERC(AVE;;;;930
37968;201300042130;13;10;25;1615;1;2;1;2.0;6;55;EDOUARD VAILLANT DU 64/1;;;;930
37969;201300042132;13;10;31;1530;1;2;1;1.0;3;55;RACINE;;;;930
37970;201300042133;13;11;3;828;1;2;1;8.0;3;55;96, ANATOLE FRANCE (AVEN;;;;930
37971;201300042134;13;11;5;1920;5;2;2;2.0;3;55;105 JEAN LOLIVE (AVENUE;;;;930
37972;201300042135;13;11;11;1955;5;2;3;1.0;3;55;JEAN LOLIVE-(AVENUE)(75/;;;;930
37973;201300042136;13;1;7;1630;1;2;1;1.0;2;77;89, NEUILLY (RUE DE);;;;930
37974;201300042137;13;1;11;630;2;2;2;2.0;3;77;SANS OBJET, NOISY (ROUTE;;;;930
37975;201300042138;13;1;12;2050;4;2;2;2.0;2;77;SANS OBJET, POUSSIN (RUE;;;;930
37976;201300042139;13;1;16;1715;1;2;2;1.0;2;62;28, RESISTANCE (AVENUE D;;;;930
37977;201300042140;13;1;17;1625;1;2;9;8.0;6;77;158, GRANDE RUE;;;;930
37978;201300042141;13;1;22;1347;1;2;6;4.0;3;77;0, GRANDE RUE;;;;930
37979;201300042144;13;2;11;752;2;2;1;2.0;3;77;93, GRANDE RUE;;;;930
37980;201300042145;13;2;11;1820;2;2;7;1.0;6;62;GENERAL DE GAULLE (PLACE;;;;930
37981;201300042146;13;2;18;2330;5;2;2;1.0;3;77;0, RAINCY (AVENUE DU);;;;930
37982;201300042149;13;2;27;1900;5;2;1;1.0;2;77;FACE AU 48, NOISY (ROUTE;;;;930
37983;201300042150;13;3;2;1145;1;2;1;1.0;3;77;07, GRANDE RUE;;;;930
37984;201300042151;13;3;9;2245;5;2;2;1.0;3;77;0, LECLERC (AVENUE DU GE;;;;930
37985;201300042152;13;3;11;1030;1;2;1;2.0;2;62;23, SAPINS (ALLEE DES);;;;930
37986;201300042153;13;3;12;2230;5;2;1;4.0;1;77;0, BECKER (RUE NICOLAS);;;;930
37987;201300042154;13;3;15;1225;1;2;1;1.0;3;62;33, LIVRY (AVENUE DE);;;;930
37988;201300042155;13;3;29;2000;5;2;1;1.0;3;77;01, ROSNY (AVENUE DE);;;;930
37989;201300042156;13;4;1;2345;5;2;2;1.0;1;62;0, MIDI (BOULEVARD DU);;;;930
37990;201300042157;13;4;5;1210;1;2;1;1.0;3;62;115, RESISTANCE (AVENUE;;;;930
37991;201300042158;13;4;10;1200;1;2;1;1.0;6;62;96, RESISTANCE (AVENUE D;;;;930
37992;201300042159;13;4;10;1405;1;2;3;1.0;2;77;0, NOISY (ROUTE DE) JUSQ;;;;930
37993;201300042160;13;4;11;2320;5;2;3;2.0;6;77;0, GALLIENI (AVENUE DU G;;;;930
37994;201300042161;13;4;16;2215;5;2;1;1.0;7;77;0, PLATEAU (RUE DU);;;;930
37995;201300042162;13;4;18;1730;1;2;2;1.0;3;77;0, RAINCY (AVENUE DU);;;;930
37996;201300042163;13;4;27;700;1;2;1;1.0;6;77;113, GRANDE RUE;;;;930
37997;201300042164;13;4;29;1615;1;2;1;1.0;2;77;2, GRANDE RUE;;;;930
37998;201300042165;13;5;2;1315;1;2;6;1.0;3;62;0, RESISTANCE (AVENUE DE;;;;930
37999;201300042167;13;5;14;2210;5;2;1;2.0;1;62;12 bis, PLATEAU (ALLEE D;;;;930
38000;201300042168;13;5;23;2135;5;2;2;1.0;3;77;0, GALLIENI (AVENUE DU G;;;;930
38001;201300042169;13;5;30;905;1;2;5;3.0;3;77;LOUYS (AVENUE DU CAPITAI;;;;930
38002;201300042170;13;5;31;1330;1;2;4;1.0;3;62;0, NOTRE-DAME DES ANGES;;;;930
38003;201300042171;13;6;2;1515;1;2;2;1.0;3;77;155, GRANDE RUE;;;;930
38004;201300042172;13;6;7;1930;1;2;1;1.0;2;77;08 ROSNY (AVENUE DE);;;;930
38005;201300042173;13;6;12;1225;1;2;2;1.0;6;77;0, GRANDE RUE;;;;930
38006;201300042174;13;6;16;2250;5;2;1;1.0;6;77;CARNOT (BOULEVARD);;;;930
38007;201300042175;13;6;18;1705;1;2;1;1.0;2;77;63, RAINCY (AVENUE DU);;;;930
38008;201300042176;13;6;20;1;5;2;3;2.0;5;77;GRANDE RUE;;;;930
38009;201300042177;13;6;24;1700;1;2;2;1.0;6;77;01, ROSNY (AVENUE DE);;;;930
38010;201300042178;13;6;25;1100;1;2;2;1.0;3;77;9, PROCESSIONS (CHEMIN D;;;;930
38011;201300042179;13;6;26;1555;1;2;1;1.0;6;77;AULNAY (BOULEVARD D') 1-;;;;930
38012;201300042180;13;6;27;1355;1;2;1;1.0;6;77;10 GRANDE RUE;;;;930
38013;201300042181;13;6;28;1640;1;2;1;1.0;4;77;86 AULNAY (BOULEVARD D';;;;930
38014;201300042182;13;7;1;1020;1;2;1;1.0;6;77;10, GRANDE RUE;;;;930
38015;201300042184;13;7;6;1803;1;2;2;1.0;3;77;97, FOSSE AUX BERGERS (R;;;;930
38016;201300042185;13;7;7;1955;1;2;2;1.0;3;77;02, ROUSSELET (RUE);;;;930
38017;201300042186;13;7;12;950;1;2;2;1.0;3;62;SAPINS (ALLEE DES);;;;930
38018;201300042187;13;7;15;1920;1;2;1;1.0;3;77;0, BENONI (RUE EUSTACHE);;;;930
38019;201300042188;13;7;17;1647;1;2;1;1.0;6;77;83, RAINCY (AVENUE DU);;;;930
38020;201300042189;13;7;18;1100;1;2;3;1.0;6;62;LIVRY (AVENUE DE);;;;930
38021;201300042190;13;7;21;1025;1;2;3;1.0;6;77;0, PLATEAU (RUE DU);;;;930
38022;201300042191;13;7;21;2030;1;2;2;7.0;3;77;0, NOISY (ROUTE DE) JUSQ;;;;930
38023;201300042193;13;7;31;1730;1;2;2;1.0;3;77;17, ORANGERIE (RUE DE L';;;;930
38024;201300042194;13;8;1;1210;1;2;1;1.0;6;62;24, COTEAUX (ALLEE DES);;;;930
38025;201300042195;13;8;8;1610;1;2;1;1.0;6;62;33, RESISTANCE (AVENUE D;;;;930
38026;201300042196;13;8;13;2115;2;2;1;1.0;7;77;66, NEUILLY (RUE DE);;;;930
38027;201300042197;13;8;27;820;1;2;3;1.0;3;62;118, RESISTANCE (AVENUE;;;;930
38028;201300042198;13;9;5;1355;1;2;1;1.0;7;77;16, CARRIERE (RUE DE LA);;;;930
38029;201300042199;13;9;6;1225;1;2;1;2.0;2;77;123, GRANDE RUE;;;;930
38030;201300042200;13;9;10;1000;1;2;3;1.0;3;77;60, GALLIENI (AVENUE DU;;;;930
38031;201300042201;13;9;13;1130;1;2;2;2.0;3;77;ORANGERIE (RUE DE L');;;;930
38032;201300042202;13;9;20;1450;1;2;1;1.0;6;62;118, RESISTANCE (AVENUE;;;;930
38033;201300042203;13;9;24;820;1;2;1;1.0;6;77;105, GRANDE RUE;;;;930
38034;201300042204;13;10;1;625;5;2;3;1.0;1;62;25, THIERS (AVENUE);;;;930
38035;201300042205;13;10;3;620;5;2;1;1.0;1;62;26TER, EGLISE (ALLEE DE;;;;930
38036;201300042206;13;10;8;900;1;2;3;1.0;3;77;SANS OBJET, ROSNY (AVENU;;;;930
38037;201300042207;13;10;9;655;1;2;2;1.0;6;77;SANS OBJET, GRANDE RUE;;;;930
38038;201300042208;13;10;9;2109;5;2;1;1.0;6;77;12, OUTREBON (AVENUE);;;;930
38039;201300042209;13;10;11;1137;1;2;1;8.0;5;77;, FOSSE AUX BERGERS (RUE;;;;930
38040;201300042210;13;10;24;50;5;2;1;1.0;6;77;., SAULCE (RUE);;;;930
38041;201300042211;13;10;25;1345;1;2;1;1.0;1;77;ROSNY (AVENUE DE);;;;930
38042;201300042212;13;10;28;930;1;2;2;2.0;3;77;25, ROSES (AVENUE DES);;;;930
38043;201300042213;13;11;2;1037;1;2;1;8.0;6;77;SANS OBJET, FOSSE AUX BE;;;;930
38044;201300042214;13;11;5;2215;5;2;3;2.0;3;77;NOISY (ROUTE DE) JUSQU'A;;;;930
38045;201300042215;13;11;7;1720;2;2;3;1.0;3;62;., ESPALIERS (ALLEE DES);;;;930
38046;201300042216;13;11;13;820;1;2;2;1.0;3;77;SANS OBJET, MONTAGNE SAV;;;;930
38047;201300042217;13;11;13;1143;1;2;1;9.0;6;77;2, ANDRE (BOULEVARD);;;;930
38048;201300042218;13;11;19;840;1;2;2;2.0;3;77;97, FOSSE AUX BERGERS (R;;;;930
38049;201300042219;13;11;20;1107;1;2;1;1.0;6;77;GRANDE RUE;;;;930
38050;201300042221;13;12;5;1640;1;2;2;1.0;6;77;96, GRANDE RUE;;;;930
38051;201300042222;13;12;10;940;1;2;2;1.0;3;62;00, OUEST (BOULEVARD DE;;;;930
38052;201300042223;13;12;10;1643;5;2;3;1.0;3;77;36, MARCEL (AVENUE);;;;930
38053;201300042224;13;12;17;1525;1;2;3;1.0;3;77;130 T, NEUILLY (RUE DE);;;;930
38054;201300042225;13;12;19;935;1;2;1;1.0;6;77;113, NEUILLY (RUE DE);;;;930
38055;201300042226;13;12;21;1110;1;2;6;1.0;6;62;., GENERAL DE GAULLE (PL;;;;930
38056;201300042227;13;12;22;1100;1;1;3;1.0;3;77;21, BONDY (AVENUE DE) JU;;;;930
38057;201300042228;13;12;25;2305;5;2;2;1.0;3;77;SANS OBJET, JUMEL (RUE R;;;;930
38058;201300042230;13;1;24;1115;1;2;1;1.0;2;64;00, WALESA (AVENUE LECH);;;;930
38059;201300042231;13;1;28;2150;5;2;1;1.0;6;64;210, ALSACE-LORRAINE (BO;;;;930
38060;201300042233;13;2;6;745;1;2;1;2.0;6;64;00, JAURES (AVENUE JEAN);;;;930
38061;201300042234;13;2;10;1230;1;2;1;1.0;6;64;7, HOFFMANN (RUE PHILIBE;;;;930
38062;201300042235;13;2;14;1530;1;2;1;1.0;6;64;23, JAURES (AVENUE JEAN);;;;930
38063;201300042236;13;3;5;2310;5;2;1;1.0;6;64;7, KENNEDY (AVENUE DU PR;;;;930
38064;201300042237;13;3;19;1940;2;2;1;3.0;6;64;00, ALSACE-LORRAINE (BOU;;;;930
38065;201300042238;13;3;25;740;1;2;1;1.0;6;64;11, LECLERC (RUE DU GENE;;;;930
38066;201300042239;13;3;30;1545;1;2;1;1.0;6;64;317, BOISSIERE (BOULEVAR;;;;930
38067;201300042240;13;3;27;1415;1;2;1;1.0;6;64;9, DE GAULLE (AV DU GENE;;;;930
38068;201300042241;13;4;16;1820;1;2;1;1.0;6;64;00, PERI (BOULEVARD GABR;;;;930
38069;201300042242;13;4;19;1300;1;2;3;1.0;3;64;KENNEDY (AVENUE DU PRESI;;;;930
38070;201300042243;13;4;26;1945;5;2;1;2.0;7;64;2, JAURES (AVENUE JEAN);;;;930
38071;201300042244;13;4;28;1400;1;1;1;1.0;6;64;1, NUNGESSER ET COLI (RU;;;;930
38072;201300042246;13;6;8;1040;1;2;1;1.0;6;64;00, WALESA (AVENUE LECH);;;;930
38073;201300042247;13;6;11;1815;1;2;1;1.0;6;64;25, BERTHAUDS (RUE DES);;;;930
38074;201300042248;13;6;24;1730;1;2;1;1.0;6;64;00, ALSACE-LORRAINE (BOU;;;;930
38075;201300042249;13;7;1;1400;1;2;1;1.0;6;64;00, ALSACE-LORRAINE (BOU;;;;930
38076;201300042251;13;7;10;1720;1;2;1;1.0;6;64;12, PERI (BOULEVARD GABR;;;;930
38077;201300042252;13;7;18;1600;1;2;1;1.0;7;64;00, PERI (BOULEVARD GABR;;;;930
38078;201300042253;13;7;24;1110;1;2;1;1.0;6;64;4, LISBONNE (RUE DE);;;;930
38079;201300042254;13;7;26;615;2;2;1;1.0;6;64;117, ALSACE-LORRAINE (BO;;;;930
38080;201300042256;13;8;18;1240;1;2;1;1.0;7;64;00, BLUM (RUE LEON);;;;930
38081;201300042257;13;8;18;1600;1;2;1;1.0;6;64;00, LECRIVAIN (PLACE EMI;;;;930
38082;201300042258;13;9;4;1700;1;2;1;1.0;6;64;56, HOFFMANN (RUE PHILIB;;;;930
38083;201300042259;13;9;8;2000;5;2;2;1.0;6;64;00, BEAULIEU (RUE EDOUAR;;;;930
38084;201300042260;13;9;9;1700;1;2;1;2.0;6;64;00, PERI (BOULEVARD GABR;;;;930
38085;201300042261;13;9;11;1800;1;2;1;1.0;6;64;51, DE GAULLE (AV DU GEN;;;;930
38086;201300042262;13;9;17;2235;5;2;1;1.0;6;64;00, KENNEDY (AVENUE DU P;;;;930
38087;201300042263;13;9;20;1415;1;1;1;1.0;6;64;00, BLUM (RUE LEON);;;;930
38088;201300042264;13;9;28;1020;1;2;2;1.0;6;64;00, KENNEDY (AVENUE DU P;;;;930
38089;201300042265;13;11;24;100;5;2;1;1.0;3;64;JAURES (AVENUE JEAN);;;;930
38090;201300042266;13;10;10;1920;5;2;1;2.0;6;64;00, ALSACE-LORRAINE (BOU;;;;930
38091;201300042267;13;12;3;2325;5;2;1;1.0;3;64;78, DE GAULLE (AV DU GEN;;;;930
38092;201300042269;13;10;11;1420;1;2;2;1.0;6;64;00, ALSACE-LORRAINE (BOU;;;;930
38093;201300042270;13;12;8;1800;5;2;3;1.0;6;64;00, BLUM (RUE LEON);;;;930
38094;201300042271;13;12;16;430;5;2;2;1.0;6;64;00, CAVARE (RUE PAUL);;;;930
38095;201300042272;13;12;16;1220;1;2;1;1.0;1;64;31, LAVOISIER (RUE);;;;930
38096;201300042273;13;10;12;1900;3;2;1;1.0;6;64;118, KENNEDY (AVENUE DU;;;;930
38097;201300042274;13;10;17;1925;5;2;1;1.0;6;64;00, BLUM (RUE LEON);;;;930
38098;201300042275;13;10;19;1450;1;2;1;1.0;6;64;5, LAENNEC (RUE);;;;930
38099;201300042276;13;10;24;1545;1;2;1;1.0;6;64;00, DE GAULLE (AV DU GEN;;;;930
38100;201300042277;13;10;21;1815;5;2;1;2.0;6;64;98, DE GAULLE (AV DU GEN;;;;930
38101;201300042278;13;12;22;1315;1;1;1;2.0;2;64;00, DE GAULLE (AV DU GEN;;;;930
38102;201300042279;13;11;29;1;5;2;7;1.0;6;64;00, GALLIENI (RUE DU GEN;;;;930
38103;201300042280;13;12;27;940;1;2;1;2.0;2;64;00, FERRY (RUE JULES);;;;930
38104;201300042281;13;12;30;1245;1;2;3;1.0;6;64;84, KENNEDY (AVENUE DU P;;;;930
38105;201300042282;13;1;1;515;5;2;3;2.0;3;66;102, CROISAT AMBROISE RD;;;;930
38106;201300042283;13;1;1;1255;1;2;3;1.0;3;66;RIMET JULES;;;;930
38107;201300042285;13;1;11;1845;4;2;9;2.0;6;66;FRUITIERS (CHEMIN);;;;930
38108;201300042286;13;1;18;1920;5;2;1;4.0;7;66;DROITS DE L'HOMME;;;;930
38109;201300042287;13;1;19;2230;5;2;1;4.0;1;66;110, CROIZAT AMBROISE RD;;;;930
38110;201300042288;13;1;24;1000;1;2;1;1.0;3;66;CROIZAT AMBROISE RD 29 B;;;;930
38111;201300042289;13;1;29;15;5;2;1;1.0;3;66;COURNEUVE (ROUTE);;;;930
38112;201300042290;13;2;1;915;1;2;1;2.0;6;66;PLEYEL;;;;930
38113;201300042291;13;2;3;745;2;2;1;1.0;3;66;"""BARBUSSE HENRI, NR 2 A";;;;930
38114;201300042293;13;2;6;850;1;2;1;2.0;3;66;234, WILSON (AVENUE DU P;;;;930
38115;201300042294;13;2;10;1640;1;2;2;4.0;3;66;MARECHAL LYAUTEY;;;;930
38116;201300042296;13;2;19;1310;1;2;1;7.0;6;66;4, STADE DE FRANCE (AVEN;;;;930
38117;201300042298;13;3;2;2000;5;1;2;1.0;2;39;EPINAY (AVENUE DU PONT D;;;;930
38118;201300042299;13;3;2;2012;5;2;6;1.0;2;66;MOULIN JEAN (AVE) NR 10;;;;930
38119;201300042300;13;3;4;1030;1;2;1;1.0;2;66;FRANCE ANATOLE (BOULEVAR;;;;930
38120;201300042302;13;3;9;1845;5;2;3;1.0;6;66;"18, ""PERI GABRIEL, NR 2";;;;930
38121;201300042303;13;3;15;1850;2;2;2;1.0;3;66;JOLIOT CURIE IRENE ET FR;;;;930
38122;201300042304;13;3;15;2000;5;2;3;1.0;3;66;LIBERATION RD14 (BOULEVA;;;;930
38123;201300042305;13;3;23;1610;1;2;1;1.0;3;66;"67, ""STRASBOURG, NR 1 A";;;;930
38124;201300042306;13;3;25;1230;1;2;1;1.0;1;66;CROISAT AMBROISE RD 29 B;;;;930
38125;201300042307;13;3;28;1155;1;2;2;1.0;7;66;1, COKERIE;;;;930
38126;201300042308;13;3;28;2230;5;1;1;1.0;4;66;44, LENINE (AVENUE) NR 2;;;;930
38127;201300042309;13;3;29;1030;1;2;1;1.0;3;66;LIBERATION RD14 (BOULEVA;;;;930
38128;201300042310;13;3;29;2000;5;2;2;1.0;3;66;PORT;;;;930
38129;201300042311;13;3;29;2130;5;2;3;1.0;3;66;EL OUAFI HAMED BOUGERA;;;;930
38130;201300042312;13;3;31;1520;1;2;1;1.0;6;66;11, ELUARD PAUL NR 2 A 3;;;;930
38131;201300042313;13;3;28;2130;5;2;1;1.0;6;66;PLOUICH;;;;930
38132;201300042314;13;4;1;1505;1;2;1;1.0;6;66;26, COLONEL FABIEN (AVEN;;;;930
38133;201300042315;13;4;1;2340;5;2;1;1.0;7;39;MECHIN;;;;930
38134;201300042316;13;4;2;820;1;2;1;1.0;2;66;25, LIBERATION RD14 (BOU;;;;930
38135;201300042317;13;3;30;730;1;2;1;8.0;2;66;41, WILSON (AVENUE DU PR;;;;930
38136;201300042318;13;4;6;2205;5;2;1;1.0;3;66;380, WILSON (AVENUE DU P;;;;930
38137;201300042319;13;4;7;1800;1;2;8;1.0;3;66;7, RU DE MONTFORT (CHEMI;;;;930
38138;201300042320;13;4;8;845;1;2;1;1.0;3;66;19 BIS, AUBERVILLIERS (C;;;;930
38139;201300042321;13;4;8;1100;1;2;1;1.0;7;66;108 AV DU PRESIDENT WIL;;;;930
38140;201300042322;13;4;8;1440;1;2;1;1.0;2;66;CACHIN MARCEL (AVENUE);;;;930
38141;201300042323;13;4;8;1745;1;2;6;1.0;6;66;DELAUNAY JULES;;;;930
38142;201300042324;13;4;9;1905;2;2;1;1.0;6;66;69 LENINE (AVENUE) NR 2;;;;930
38143;201300042325;13;4;12;820;1;2;1;1.0;6;66;173, WILSON (AVENUE DU P;;;;930
38144;201300042326;13;4;12;2100;5;2;1;2.0;3;66;33, FRANCE ANATOLE ENTRE;;;;930
38145;201300042327;13;4;14;1025;1;2;1;1.0;6;66;86 WILSON (AVENUE DU PR;;;;930
38146;201300042328;13;4;17;1300;1;2;1;1.0;1;66;6, SEMAT ROGER;;;;930
38147;201300042329;13;4;20;2030;2;2;1;1.0;3;66;41, FRANCE ANATOLE (BOUL;;;;930
38148;201300042330;13;4;22;1904;1;2;1;1.0;6;66;41, GUYNEMER;;;;930
38149;201300042331;13;4;26;800;1;2;1;1.0;6;66;"10, ""STALINGRAND (AV), N";;;;930
38150;201300042332;13;4;26;1750;1;2;1;2.0;6;66;FAURE FELIX (BOULEVARD);;;;930
38151;201300042333;13;4;27;2050;1;2;3;1.0;3;66;METALLURGIE (AVENUE);;;;930
38152;201300042335;13;5;7;1115;1;2;1;1.0;2;66;LIBERATION RD14 (BOULEVA;;;;930
38153;201300042336;13;5;9;1500;1;2;1;1.0;1;66;"39, ""STALINGRAD (AVENUE)";;;;930
38154;201300042337;13;5;11;900;1;2;1;2.0;5;66;LENINE (AVENUE) NR 2 A 2;;;;930
38155;201300042338;13;5;13;1115;1;2;1;1.0;3;66;33, FRANCE ANATOLE (BOUL;;;;930
38156;201300042339;13;5;13;1950;1;2;2;1.0;3;66;MITERRAND FRANCOIS (AVEN;;;;930
38157;201300042340;13;5;15;850;1;2;2;1.0;6;66;"86, ""LANDY RD 20, NR PAI";;;;930
38158;201300042341;13;5;15;2235;5;2;2;1.0;3;66;GORKI MAXIME;;;;930
38159;201300042342;13;5;16;1610;1;2;3;2.0;3;66;WILSON (AVENUE DU PRESID;;;;930
38160;201300042343;13;5;17;1500;1;2;1;1.0;6;66;133, WILSON (AVENUE DU P;;;;930
38161;201300042344;13;5;18;1740;1;1;9;8.0;6;66;99, CASANOVA DANIELLE NR;;;;930
38162;201300042345;13;5;19;1850;1;2;3;1.0;3;66;MONTMORENCY;;;;930
38163;201300042346;13;5;21;812;1;2;2;3.0;3;66;POULBOT FRANCISQUE;;;;930
38164;201300042347;13;5;22;1530;1;2;2;1.0;3;66;WILSON (AVENUE DU PRESID;;;;930
38165;201300042348;13;5;22;1830;1;2;3;1.0;6;66;BARBUSSE HENRI, NR 2 A;;;;930