;Num_Acc;an;mois;jour;hrmn;lum;agg;int;atm;col;com;adr;gps;lat;long;dep
38166;201300042349;13;5;24;1130;1;2;3;2.0;2;66;CROIZAT AMBROISE RD 29 B;;;;930
38167;201300042350;13;5;24;1820;1;2;1;2.0;2;66;BRICHE NR 2 A 38;;;;930
38168;201300042351;13;5;25;730;1;2;1;2.0;7;66;FRANCE ANATOLE ENTREE A8;;;;930
38169;201300042352;13;5;28;2145;2;2;3;1.0;6;66;FRANCE ANATOLE ENTREE A1;;;;930
38170;201300042353;13;5;29;1045;1;2;2;1.0;3;66;"""PERI GABRIEL, NR 2  A 1";;;;930
38171;201300042354;13;5;30;1315;1;2;1;2.0;2;66;CACHIN MARCEL (AVENUE);;;;930
38172;201300042355;13;5;30;1715;1;2;1;2.0;1;66;70, FRANCE ANATOLE (BOUL;;;;930
38173;201300042356;13;6;4;900;1;2;1;1.0;6;39;04, CHATELIER (QUAI DU );;;;930
38174;201300042357;13;6;5;2015;1;2;1;1.0;6;66;THOREZ MAURICE NR 2 A 10;;;;930
38175;201300042358;13;6;8;1710;1;2;1;1.0;3;66;38, BRICHE NR 2 A 38;;;;930
38176;201300042359;13;6;8;1705;1;2;1;1.0;6;66;GENERAL DE GAULLE;;;;930
38177;201300042360;13;6;8;2100;2;2;1;1.0;3;66;FORT DE LA BRICHE;;;;930
38178;201300042361;13;6;10;1920;1;2;1;1.0;5;66;LIBERATION RD14 (BOULEVA;;;;930
38179;201300042363;13;6;17;1630;1;2;1;1.0;3;66;"40, ""STALINGRAND (AV), N";;;;930
38180;201300042364;13;6;17;1730;1;2;2;2.0;3;66;FARADAY MICHAEL;;;;930
38181;201300042365;13;6;18;1615;1;2;1;1.0;3;66;60, LENINE (AVENUE) NR 2;;;;930
38182;201300042366;13;6;18;1640;1;2;7;1.0;6;66;BEL AIR (PLACE);;;;930
38183;201300042367;13;6;19;845;1;2;3;2.0;3;66;LIBERATION RD14 (BOULEVA;;;;930
38184;201300042368;13;6;19;2110;1;2;3;8.0;3;66;6, GUYNEMER;;;;930
38185;201300042369;13;6;20;1740;1;2;3;1.0;6;66;8, MICHELS CHARLES;;;;930
38186;201300042370;13;6;21;1920;2;2;1;1.0;2;66;POULBOT FRANCISQUE;;;;930
38187;201300042371;13;6;23;1205;1;2;2;2.0;1;66;LENINE (AVENUE) NR 28 A;;;;930
38188;201300042372;13;6;23;1610;1;2;1;2.0;6;66;"2, ""STALINGRAD (AVENUE),";;;;930
38189;201300042373;13;6;24;1745;1;2;1;1.0;6;66;"62, ""BARBUSSE HENRI, NR";;;;930
38190;201300042374;13;6;24;2100;1;2;1;1.0;6;39;6/8, MECHIN;;;;930
38191;201300042375;13;7;1;824;1;2;1;1.0;6;66;"109, ""LIBERATION RD14, N";;;;930
38192;201300042377;13;7;5;810;1;2;1;1.0;1;39;CHATELIER (QUAI DU );;;;930
38193;201300042378;13;7;5;1730;1;2;2;1.0;3;66;"""LIBERATION RD14, NR 105";;;;930
38194;201300042380;13;7;10;415;5;2;9;1.0;3;66;LAS CASAS (ALLEE);;;;930
38195;201300042381;13;7;11;1635;1;2;1;1.0;6;66;96, FRANCE ANATOLE (BOUL;;;;930
38196;201300042382;13;7;11;1900;1;2;2;1.0;3;66;PASTEUR;;;;930
38197;201300042383;13;7;12;1315;1;2;3;1.0;3;66;COKERIE;;;;930
38198;201300042384;13;7;18;1440;1;2;1;1.0;2;66;FRANCE ANATOLE ENTREE A8;;;;930
38199;201300042385;13;7;18;1755;1;2;1;1.0;3;66;35, FRANCE ANATOLE (BOUL;;;;930
38200;201300042386;13;7;18;2000;1;2;1;1.0;1;39;PAUL MARCEL (BOULEVARD);;;;930
38201;201300042387;13;7;19;1625;1;2;1;1.0;5;66;BRICHE NR 2 A 38;;;;930
38202;201300042388;13;7;19;1800;1;2;1;1.0;3;66;FRANCE ANATOLE (BOULEVAR;;;;930
38203;201300042389;13;7;20;1820;1;2;1;1.0;6;66;4, RESISTANCE (PLACE);;;;930
38204;201300042391;13;7;24;2015;1;2;2;1.0;3;66;JOLIOT CURIE IRENE ET FR;;;;930
38205;201300042392;13;7;25;1620;1;2;1;1.0;7;39;QU DE LA MARINE (Parc);;;;930
38206;201300042393;13;7;26;2040;2;2;1;1.0;1;66;"""SEMBAT MARCEL (BD), NR";;;;930
38207;201300042394;13;7;27;300;5;2;1;1.0;3;66;ANDILLY;;;;930
38208;201300042395;13;7;27;1310;1;2;1;1.0;6;66;"32, ""LANDY RD 20, NR PAI";;;;930
38209;201300042396;13;7;31;900;1;2;1;9.0;3;66;POULBOT FRANCISQUE;;;;930
38210;201300042397;13;7;31;1645;1;2;1;1.0;7;39;CHATELIER (QUAI DU );;;;930
38211;201300042398;13;8;1;930;1;2;4;1.0;3;66;, AMPERE;;;;930
38212;201300042399;13;8;4;835;1;2;3;1.0;6;66;EL OUAFI HAMED BOUGERA;;;;930
38213;201300042400;13;8;4;2050;1;2;2;1.0;3;72;01, STALINGRAD (Avenue);;;;930
38214;201300042402;13;8;13;2030;2;2;1;1.0;1;66;20, JAMIN;;;;930
38215;201300042403;13;8;15;1320;1;2;1;1.0;3;66;WILSON (AVENUE DU PRESID;;;;930
38216;201300042404;13;8;16;1430;1;2;1;1.0;6;66;47 STRASBOURG, NR 36 E;;;;930
38217;201300042405;13;8;24;1345;1;2;1;1.0;3;66;33, FRANCE ANATOLE ENTRE;;;;930
38218;201300042406;13;8;25;200;5;2;1;3.0;1;66;6, CACHIN MARCEL (AVENUE;;;;930
38219;201300042407;13;8;26;1945;1;2;9;1.0;2;66;150, WILSON (AVENUE DU P;;;;930
38220;201300042408;13;9;4;1345;1;2;1;1.0;6;66;05, JAURES JEAN;;;;930
38221;201300042409;13;9;5;1100;1;2;1;1.0;2;66;193, WILSON (AVENUE DU P;;;;930
38222;201300042410;13;9;5;1355;1;2;1;1.0;7;66;70, FRANCE ANATOLE (BOUL;;;;930
38223;201300042411;13;9;5;2100;2;2;1;1.0;5;66;7, JOLIOT CURIE IRENE ET;;;;930
38224;201300042412;13;9;9;1230;1;2;1;3.0;2;66;30, PHILIPPE GASTON;;;;930
38225;201300042413;13;9;10;1330;1;2;1;1.0;1;66;"74, ""STALINGRAND (AV), N";;;;930
38226;201300042415;13;9;17;1900;1;2;1;2.0;6;39;MARINE (QUAI DE LA );;;;930
38227;201300042416;13;9;17;2315;5;2;1;2.0;2;66;"58, ""STALINGRAND (AV), N";;;;930
38228;201300042417;13;9;18;2045;5;2;1;2.0;5;66;WILSON (AVENUE DU PRESID;;;;930
38229;201300042419;13;9;20;1430;1;2;1;1.0;3;66;226, FRANCE ANATOLE (BOU;;;;930
38230;201300042420;13;9;20;1745;1;2;2;1.0;3;66;23, ANDILLY;;;;930
38231;201300042421;13;9;22;1415;1;2;1;1.0;3;66;MARECHAL LYAUTEY;;;;930
38232;201300042422;13;9;22;1345;1;1;1;1.0;6;66;94, VAILLANT COUTURIER P;;;;930
38233;201300042423;13;9;24;1430;1;2;1;1.0;6;66;"10, ""BARBUSSE HENRI, NR";;;;930
38234;201300042424;13;9;25;1900;2;2;1;1.0;3;66;11, COLONEL FABIEN (AVEN;;;;930
38235;201300042425;13;9;26;1900;1;2;1;1.0;3;66;PERI GABRIEL, NR 116 A;;;;930
38236;201300042426;13;9;27;1930;5;2;1;1.0;6;66;PASTEUR;;;;930
38237;201300042427;13;9;28;850;1;2;3;1.0;3;66;88 VAILLANT COUTURIER P;;;;930
38238;201300042428;13;9;28;1930;5;1;1;1.0;5;66;LAMAZE DOCTEUR;;;;930
38239;201300042429;13;10;2;910;1;2;1;1.0;6;66;STADE DE FRANCE (AVENUE;;;;930
38240;201300042430;13;10;2;1415;1;2;1;1.0;3;66;101, CASANOVA DANIELLE N;;;;930
38241;201300042431;13;10;2;1330;1;2;2;1.0;3;66;POULBOT FRANCISQUE;;;;930
38242;201300042432;13;10;4;1900;1;2;1;1.0;3;66;10 MOULIN JEAN (AVE) NR;;;;930
38243;201300042433;13;10;7;1930;5;2;1;1.0;3;66;"""STALINGRAND (AV), NR 2-";;;;930
38244;201300042434;13;10;8;1215;1;2;1;1.0;3;66;2, CHARLES CHRISTOFLE;;;;930
38245;201300042435;13;10;8;2240;5;2;1;1.0;6;66;37, PLEYEL;;;;930
38246;201300042436;13;10;10;1015;1;2;1;1.0;2;66;10, COLONEL FABIEN (AVEN;;;;930
38247;201300042437;13;10;11;920;1;2;1;2.0;6;66;03, PRESSENCE FRANCIS (A;;;;930
38248;201300042438;13;10;14;800;1;2;2;1.0;1;66;CASANOVA DANIELLE NR 2 A;;;;930
38249;201300042439;13;10;15;1615;1;2;3;1.0;7;66;SEVRAN;;;;930
38250;201300042440;13;10;16;1900;1;2;1;2.0;6;66;FRUITIERS (CHEMIN);;;;930
38251;201300042441;13;10;17;1530;1;2;1;1.0;3;66;"100, ""BARBUSSE HENRI, NR";;;;930
38252;201300042442;13;10;17;1755;1;2;1;1.0;3;66;COURNEUVE (ROUTE);;;;930
38253;201300042443;13;10;21;1645;1;2;4;1.0;6;66;17, CASANOVA DANIELLE NR;;;;930
38254;201300042444;13;10;24;2155;5;2;1;1.0;3;66;CROIZAT AMBROISE RD 29 B;;;;930
38255;201300042446;13;10;27;1555;1;2;1;1.0;3;66;CITE PAUL ELUARD;;;;930
38256;201300042447;13;10;25;1730;1;2;1;3.0;2;66;CROISAT AMBROISE RD 29 B;;;;930
38257;201300042449;13;10;29;1800;2;2;1;2.0;3;66;JAURES JEAN;;;;930
38258;201300042450;13;10;29;1840;3;2;1;1.0;1;66;ELUARD PAUL NR 2 A 36 ET;;;;930
38259;201300042451;13;10;30;915;1;2;2;1.0;3;66;70/92, FRANCE ANATOLE (B;;;;930
38260;201300042452;13;10;31;1945;5;2;1;2.0;6;66;2, CACHIN MARCEL (AVENUE;;;;930
38261;201300042454;13;11;2;1405;1;2;1;1.0;2;66;2, ELUARD PAUL NR 2 A 36;;;;930
38262;201300042455;13;11;4;930;1;2;1;2.0;6;66;"""STALINGRAND (AV), NR 2-";;;;930
38263;201300042456;13;11;4;2220;5;2;2;1.0;3;66;VILLIERS;;;;930
38264;201300042457;13;11;6;2130;5;2;1;1.0;2;66;WILSON (AVENUE DU PRESID;;;;930
38265;201300042458;13;11;8;1530;1;2;1;2.0;6;66;BLOCK JEAN RICHARD;;;;930
38266;201300042459;13;11;9;2105;5;2;1;2.0;3;66;VAILLANT COUTURIER PAUL;;;;930
38267;201300042461;13;11;12;1100;1;2;1;1.0;1;39;MARINE (QUAI DE LA );;;;930
38268;201300042462;13;11;13;2110;3;2;1;1.0;6;66;BRICHE NR 69 A 77;;;;930
38269;201300042464;13;11;27;1230;1;2;1;1.0;3;66;11, CASANOVA DANIELLE NR;;;;930
38270;201300042465;13;11;29;635;2;2;3;1.0;6;66;FRANCE ANATOLE (BOULEVAR;;;;930
38271;201300042467;13;12;4;1440;1;2;1;1.0;6;66;123, WILSON (AVENUE DU P;;;;930
38272;201300042468;13;12;4;1620;2;2;1;1.0;3;66;ELUARD PAUL NR 2 A 36 ET;;;;930
38273;201300042469;13;12;4;1705;2;2;2;1.0;6;66;"2, ""POULLAIN AUGUSTE, NR";;;;930
38274;201300042470;13;12;5;805;1;1;4;1.0;1;66;FRANCE ANATOLE (BOULEVAR;;;;930
38275;201300042471;13;12;6;2015;5;2;1;1.0;6;66;WILSON (AVENUE DU PRESID;;;;930
38276;201300042472;13;11;16;330;5;2;1;8.0;6;66;5, SEMAT ROGER;;;;930
38277;201300042473;13;12;10;1720;2;2;3;1.0;6;66;1, HAYDN;;;;930
38278;201300042474;13;12;10;2030;5;2;1;1.0;6;66;25, LANDY RD 20, NR IMP;;;;930
38279;201300042475;13;12;11;1535;1;2;3;1.0;6;66;GENERAL DE GAULLE;;;;930
38280;201300042476;13;12;15;1900;5;2;1;1.0;6;66;165, FRANCE ANATOLE (BOU;;;;930
38281;201300042477;13;12;16;1230;1;2;1;1.0;6;66;62, HUGUES CLOVIS;;;;930
38282;201300042478;13;12;17;905;1;2;3;1.0;3;39;CHATELIER (QUAI DU );;;;930
38283;201300042479;13;12;17;1815;5;2;1;1.0;3;66;78/80, WILSON (AVENUE DU;;;;930
38284;201300042480;13;12;18;1230;1;2;1;1.0;6;66;"01, ""STRASBOURG, NR 1 A";;;;930
38285;201300042481;13;12;21;1725;5;2;2;1.0;6;66;BERNE;;;;930
38286;201300042482;13;12;21;2000;3;2;9;1.0;3;66;COURNEUVE (ROUTE);;;;930
38287;201300042483;13;12;22;1905;5;2;4;1.0;6;66;"3, ""PERI GABRIEL, NR 2";;;;930
38288;201300042484;13;12;23;1735;4;2;1;2.0;6;39;9, CHATELIER (QUAI DU );;;;930
38289;201300042485;13;12;24;1908;5;2;1;2.0;6;66;STADE DE FRANCE (AVENUE;;;;930
38290;201300042486;13;12;24;1940;3;2;1;3.0;6;66;POULBOT FRANCISQUE;;;;930
38291;201300042487;13;1;3;910;1;2;1;2.0;6;70;1, MICHELET (AVE) : DU 1;;;;930
38292;201300042488;13;1;8;1645;1;2;3;1.0;6;70;FRAYCE (AV);;;;930
38293;201300042489;13;1;10;1220;1;2;1;2.0;3;70;VICTOR-HUGO (BD);;;;930
38294;201300042490;13;1;12;2220;5;2;1;2.0;6;70;122, VICTOR-HUGO (BD);;;;930
38295;201300042491;13;1;16;1430;1;2;1;1.0;6;70;73, GABRIEL-PERI (AV);;;;930
38296;201300042492;13;1;17;745;5;2;1;1.0;6;70;DORA MAAR (RUE);;;;930
38297;201300042493;13;1;19;2030;3;2;1;4.0;6;70;64, CAPITAINE-GLARNER (A;;;;930
38298;201300042494;13;1;25;2010;5;2;1;1.0;6;70;ALBERT-DHALENNE (RUE);;;;930
38299;201300042495;13;1;31;2025;5;2;1;1.0;4;70;89, MICHELET (AVE) : DU;;;;930
38300;201300042496;13;2;2;1545;1;2;3;2.0;3;70;04, MICHELET (AVE) : DU;;;;930
38301;201300042497;13;2;4;1100;1;2;1;2.0;3;70;05, GABRIEL-PERI (AV);;;;930
38302;201300042498;13;2;6;705;2;2;1;3.0;1;70;SEINE (QUAI DE);;;;930
38303;201300042499;13;2;7;1300;1;2;1;1.0;6;70;96, ROSIERS(DES) : APRES;;;;930
38304;201300042502;13;2;19;1600;1;2;1;1.0;2;70;SEINE (QUAI DE);;;;930
38305;201300042503;13;2;20;1845;2;2;1;1.0;2;70;8 bis, JEAN-JAURES (BD);;;;930
38306;201300042504;13;2;21;1845;5;2;1;1.0;6;70;86, GABRIEL-PERI (AV);;;;930
38307;201300042506;13;3;15;1100;1;2;1;1.0;3;70;98, ARDOIN(RUE);;;;930
38308;201300042507;13;3;16;1410;1;2;2;8.0;6;70;GABRIEL-PERI (AV);;;;930
38309;201300042508;13;3;16;1500;1;2;1;1.0;6;70;103, ACHILLE (RUE);;;;930
38310;201300042509;13;3;20;2130;5;2;2;8.0;3;70;76, DOCTEUR BAUER(RUE DU;;;;930
38311;201300042510;13;3;22;1640;1;2;1;1.0;3;70;64, CAPITAINE-GLARNER (A;;;;930
38312;201300042511;13;3;24;2115;3;2;1;1.0;6;70;158, ROSIERS(DES) : APRE;;;;930
38313;201300042513;13;4;15;1200;1;2;1;1.0;6;70;2, REPUBLIQUE (PL DE LA);;;;930
38314;201300042515;13;4;18;1635;1;2;7;1.0;7;70;REPUBLIQUE (PL DE LA);;;;930
38315;201300042516;13;4;18;2220;5;2;9;1.0;6;70;30, DOCTEUR BAUER(RUE DU;;;;930
38316;201300042517;13;4;28;1140;1;2;1;1.0;3;70;124, MICHELET(AV):N?1AU;;;;930
38317;201300042519;13;3;21;2345;5;2;1;1.0;6;70;25, ENTREPOTS (RUE DES);;;;930
38318;201300042520;13;5;5;1500;1;2;9;1.0;3;70;100, VICTOR-HUGO (BD);;;;930
38319;201300042521;13;5;25;1750;1;2;1;1.0;1;70;86 GABRIEL-PERI (AV);;;;930
38320;201300042522;13;5;26;855;1;2;2;1.0;3;70;ROSIERS(DES) :N? 1 AU 59;;;;930
38321;201300042523;13;6;14;1545;1;2;1;1.0;6;70;DOCTEUR BAUER(RUE DU) :N;;;;930
38322;201300042524;13;6;7;10;5;2;3;1.0;3;70;59, ALBERT-DHALENNE (RUE;;;;930
38323;201300042525;13;6;8;2015;1;2;1;1.0;3;70;46, MATHIEU(RUE);;;;930
38324;201300042526;13;6;10;1920;1;2;3;1.0;7;70;PIERRE(RUE);;;;930
38325;201300042527;13;6;16;1240;1;2;1;1.0;3;70;2, CAPITAINE GLARNER (PL;;;;930
38326;201300042528;13;6;17;1920;1;2;1;1.0;6;70;06, JEAN-JAURES (BD);;;;930
38327;201300042529;13;6;18;2015;1;2;1;1.0;3;70;61, MICHELET (AVE) : DU;;;;930
38328;201300042530;13;6;19;1935;1;2;2;8.0;3;70;27, PAUL-BERT(RUE);;;;930
38329;201300042531;13;6;1;130;5;2;1;1.0;2;70;GABRIEL-PERI (AV);;;;930
38330;201300042532;13;6;22;1715;1;2;1;8.0;3;70;17 bis, BACHELET (RUE AL;;;;930
38331;201300042533;13;6;26;2120;1;2;7;1.0;3;70;REPUBLIQUE (PL DE LA);;;;930
38332;201300042534;13;7;3;800;1;2;4;2.0;7;70;139, MICHELET (AVE) : DU;;;;930
38333;201300042536;13;7;6;1340;1;2;1;1.0;6;70;1 PROFESSEUR-GOSSET;;;;930
38334;201300042537;13;7;10;200;4;2;1;1.0;6;70;1, SEINE (QUAI DE);;;;930
38335;201300042538;13;7;12;930;1;2;1;1.0;3;70;70, GABRIEL-PERI (AV);;;;930
38336;201300042539;13;7;15;1910;1;2;1;1.0;3;70;10, CAPITAINE-GLARNER (A;;;;930
38337;201300042540;13;7;24;520;2;2;1;8.0;1;70;36, SEINE (QUAI DE);;;;930
38338;201300042541;13;7;26;1005;1;2;1;2.0;6;70;57, GABRIEL-PERI (AV);;;;930
38339;201300042542;13;8;1;1700;1;2;4;1.0;2;70;6, REPUBLIQUE (PL DE LA);;;;930
38340;201300042543;13;8;8;840;1;2;1;1.0;7;70;7 SAINT-DENIS(RUE);;;;930
38341;201300042544;13;7;25;5;3;2;4;1.0;6;70;GABRIEL-PERI (AV);;;;930
38342;201300042545;13;8;16;1505;1;2;3;1.0;3;70;61, ADRIEN-LESESNE (RUE);;;;930
38343;201300042546;13;8;19;2255;3;2;1;1.0;7;70;SEINE (QUAI DE);;;;930
38344;201300042547;13;9;2;1600;1;2;1;1.0;3;70;01, ALBERT-DHALENNE (RUE;;;;930
38345;201300042548;13;9;3;2030;1;2;1;1.0;6;70;92, DOCTEUR BAUER(RUE DU;;;;930
38346;201300042549;13;9;4;900;1;2;1;1.0;7;70;75 GABRIEL-PERI (AV);;;;930
38347;201300042550;13;9;10;2235;5;2;1;1.0;3;70;144, GABRIEL-PERI (AV);;;;930
38348;201300042551;13;9;12;1725;1;2;3;2.0;2;70;GABRIEL-PERI (AV);;;;930
38349;201300042552;13;9;15;2300;5;2;2;2.0;6;70;DULCIE SEPTEMBER (RUE);;;;930
38350;201300042553;13;9;16;1530;1;2;1;2.0;3;70;81, ALBERT-DHALENNE (RUE;;;;930
38351;201300042554;13;9;17;1230;1;2;2;1.0;3;70;89, VICTOR-HUGO (BD);;;;930
38352;201300042555;13;9;20;1650;1;2;1;1.0;6;70;15, GABRIEL-PERI (AV);;;;930
38353;201300042556;13;10;2;1510;1;2;1;1.0;3;70;VICTOR-HUGO (BD);;;;930
38354;201300042557;13;10;3;1220;1;2;1;1.0;6;70;80, ROSIERS(DES) : APRES;;;;930
38355;201300042558;13;10;3;1550;1;2;1;1.0;6;70;VICTOR-HUGO (BD);;;;930
38356;201300042559;13;10;10;755;2;2;1;1.0;5;70;CAPITAINE-GLARNER (AV);;;;930
38357;201300042560;13;10;15;1800;1;2;2;1.0;1;70;ALBERT-DHALENNE (RUE);;;;930
38358;201300042561;13;10;3;2230;5;2;2;2.0;1;70;SAINT-DENIS(RUE);;;;930
38359;201300042562;13;10;15;1633;1;2;1;1.0;6;70;42, KLEBER(RUE);;;;930
38360;201300042564;13;11;5;1020;1;2;1;2.0;3;70;9, MICHELET (AVE) : DU 1;;;;930
38361;201300042565;13;11;5;1650;2;2;2;2.0;6;70;BERT (RUE PAUL);;;;930
38362;201300042566;13;11;8;1135;1;2;1;2.0;3;70;10, FRUCTIDOR(RUE);;;;930
38363;201300042567;13;11;13;1935;4;2;1;1.0;6;70;JEAN-JAURES (BD);;;;930
38364;201300042568;13;11;14;1140;1;2;1;2.0;2;70;94, VICTOR-HUGO (BD);;;;930
38365;201300042569;13;11;20;1800;5;2;1;3.0;6;70;16, GABRIEL-PERI (AV);;;;930
38366;201300042570;13;11;20;1800;5;2;1;2.0;7;70;1, SAINT-DENIS(RUE);;;;930
38367;201300042571;13;11;20;1810;4;2;1;3.0;6;70;136, GABRIEL-PERI (AV);;;;930
38368;201300042572;13;11;20;2115;5;2;4;2.0;6;70;116, GABRIEL-PERI (AV);;;;930
38369;201300042573;13;11;22;2230;5;2;2;1.0;3;70;1, MICHELET (AVE) : DU 1;;;;930
38370;201300042574;13;11;24;1930;5;2;1;1.0;3;70;127, VICTOR-HUGO (BD);;;;930
38371;201300042575;13;11;28;850;1;2;1;1.0;3;70;89, ARDOIN(RUE);;;;930
38372;201300042576;13;11;29;1825;5;2;1;2.0;6;70;66, JEAN-JAURES (BD);;;;930
38373;201300042577;13;12;15;1545;1;2;1;7.0;3;70;VICTOR-HUGO (BD);;;;930
38374;201300042578;13;12;17;1850;2;2;1;1.0;6;70;32 GODILLOT(RUE);;;;930
38375;201300042579;13;12;18;1345;1;2;1;1.0;3;70;SEINE (QUAI DE);;;;930
38376;201300042581;13;12;19;910;1;2;1;1.0;6;70;SAINT-DENIS(RUE);;;;930
38377;201300042582;13;12;19;1300;1;2;3;2.0;3;70;1, VICTOR-HUGO (BD);;;;930
38378;201300042583;13;12;19;1930;5;2;1;1.0;3;70;45, MICHELET (AVE) : DU;;;;930
38379;201300042584;13;12;29;2015;5;2;1;1.0;6;70;45, DEBAIN(RUE);;;;930
38380;201300042585;13;12;30;2025;5;2;2;2.0;3;70;JEAN-JAURES (BD);;;;930
38381;201300042586;13;4;6;1720;1;2;1;1.0;3;71;68 AULNAY (RUE D');;;;930
38382;201300042587;13;4;26;1505;1;2;1;1.0;7;71;JEAN MOULIN (AVENUE);;;;930
38383;201300042588;13;1;27;1700;1;2;1;2.0;4;5;RAOUL DUFY (AVENUE);;;;930
38384;201300042589;13;2;9;2215;5;2;1;1.0;6;5;GENERAL DE GAULLE (PLACE;;;;930
38385;201300042590;13;2;15;1430;1;2;1;1.0;6;5;04, JULIEN MIRA (RUE);;;;930
38386;201300042591;13;2;17;1730;1;2;1;1.0;3;5;GENERAL GALLIENI (BOULEV;;;;930
38387;201300042592;13;6;16;1630;1;2;1;1.0;6;71;2, LEON JOUHAUX (AVENUE);;;;930
38388;201300042593;13;6;21;1800;1;2;3;1.0;3;71;86 LIVRY (AVENUE DE);;;;930
38389;201300042595;13;7;17;2150;1;2;3;1.0;6;71;1 SALVADOR ALLENDE (AVE;;;;930
38390;201300042596;13;7;26;255;5;2;2;1.0;3;71;19 MARS 1962 (CARREFOUR;;;;930
38391;201300042597;13;7;27;1300;1;2;1;1.0;6;71;MARCHE (AVENUE DU);;;;930
38392;201300042598;13;5;18;2100;5;2;1;2.0;6;5;CHARLES GOUPPY (RUE);;;;930
38393;201300042599;13;11;8;1720;2;2;1;2.0;3;71;0, AULNAY (RUE D');;;;930
38394;201300042600;13;11;17;2215;5;2;1;1.0;6;71;0 HOCHE (AVENUE);;;;930
38395;201300042601;13;12;24;1110;1;2;3;3.0;3;71;0, LIVRY (AVENUE DE);;;;930
38396;201300042602;13;6;1;1635;1;2;2;1.0;3;5;AUGUSTE RENOIR (RUE);;;;930
38397;201300042604;13;6;22;1450;1;2;2;1.0;3;5;16, STRASBOURG (BOULEVAR;;;;930
38398;201300042605;13;6;25;825;1;2;2;1.0;3;5;DIDEROT (RUE);;;;930
38399;201300042606;13;7;1;835;1;2;1;1.0;3;5;SUZANNE LENGLEN (AVENUE);;;;930
38400;201300042607;13;7;1;1830;1;2;1;1.0;7;5;, BLAISE PASCAL (RUE);;;;930
38401;201300042608;13;7;8;1500;1;2;1;1.0;3;5;EUROPE (CARREFOUR DE L');;;;930
38402;201300042609;13;7;10;1928;1;2;2;1.0;3;5;CHARLES DE GAULLE [CD115;;;;930
38403;201300042611;13;7;20;525;2;2;2;1.0;3;5;EDGAR DEGAS (MAIRIE);;;;930
38404;201300042612;13;7;26;100;5;2;1;1.0;7;5;ANDRE CITROEN (BOULEVARD;;;;930
38405;201300042613;13;7;29;2235;5;2;6;9.0;4;5;PAUL CEZANNE (RUE);;;;930
38406;201300042614;13;8;1;1655;1;2;6;1.0;3;5;ROBERT SCHUMAN (CARREFOU;;;;930
38407;201300042615;13;8;8;1040;1;2;3;1.0;6;5;JEAN MARIE ROUS (ALLEE);;;;930
38408;201300042616;13;8;19;1804;1;1;2;1.0;1;5;PAUL CEZANNE (RUE);;;;930
38409;201300042617;13;8;20;1315;1;2;1;1.0;1;5;PAUL CEZANNE (RUE);;;;930
38410;201300042618;13;5;29;1000;1;2;1;;6;71;Che de savigny;;;;930
38411;201300042619;13;1;9;1940;5;2;1;3.0;6;72;1, PAUL VAILLANT COUTURI;;;;930
38412;201300042621;13;1;11;1715;1;2;1;1.0;6;59;00, JULES CHATENAY (RUE);;;;930
38413;201300042622;13;12;1;2000;5;2;1;1.0;2;72;00, MARCEL CACHIN (AVENU;;;;930
38414;201300042623;13;1;28;1200;1;2;3;1.0;6;59;00, NUNGESSER ET COLI (A;;;;930
38415;201300042624;13;1;14;1505;1;2;1;1.0;4;72;47, MARCEL CACHIN (AVENU;;;;930
38416;201300042625;13;5;6;55;5;2;1;1.0;7;72;00, JEAN JAURES (iMPASSE;;;;930
38417;201300042626;13;5;3;1945;1;2;1;1.0;6;59;24, PARIS (RUE DE);;;;930
38418;201300042628;13;6;21;850;1;2;2;2.0;3;59;41, CHARLES DE GAULLE (B;;;;930
38419;201300042629;13;6;22;1800;1;2;2;1.0;6;72;0, LOUIS BORDES (RUE);;;;930
38420;201300042630;13;5;24;1710;1;2;1;8.0;6;59;0, LEDRU ROLLIN (AVENUE);;;;930
38421;201300042631;13;6;19;1700;1;2;1;1.0;7;72;0, CHARLES PEGUY (RUE);;;;930
38422;201300042632;13;7;22;2050;5;2;1;1.0;6;72;0, FRANCOIS BEGUE (AVENU;;;;930
38423;201300042634;13;9;11;1800;1;2;1;1.0;6;72;0, STALINGRAD (AVENUE DE;;;;930
38424;201300042635;13;10;4;755;1;2;1;1.0;6;72;80, MAXIME GORKI (BOULEV;;;;930
38425;201300042636;13;10;23;2050;5;2;1;1.0;6;72;33, MARCEL CACHIN (AVENU;;;;930
38426;201300042637;13;10;18;1630;1;2;1;1.0;6;72;0, LOUIS BORDES (RUE);;;;930
38427;201300042638;13;11;8;1120;1;2;1;2.0;2;72;0, STALINGRAD (AVENUE DE;;;;930
38428;201300042639;13;11;8;1805;5;2;1;8.0;3;59;00, LENINE (AVENUE) N?36;;;;930
38429;201300042640;13;11;29;800;1;2;4;8.0;3;59;00, LAENNEC (AVENUE);;;;930
38430;201300042641;13;12;25;700;5;2;1;1.0;2;72;00, ARISTIDE BRIAND (AVE;;;;930
38431;201300042642;13;12;29;1330;1;2;1;1.0;6;72;7, STALINGRAD (AVENUE DE;;;;930
38432;201300042643;13;2;21;1510;1;2;1;1.0;6;59;0, MARRONNIERS (ALLEE);;;;930
38433;201300042644;13;3;29;1020;1;2;1;1.0;3;72;00, MAXIME GORKI (BOULEV;;;;930
38434;201300042645;13;4;15;1500;1;2;8;1.0;3;72;80, MAXIME GORKI (BOULEV;;;;930
38435;201300042646;13;4;19;1020;1;2;3;1.0;3;72;15, ARISTIDE BRIAND (AVE;;;;930
38436;201300042647;13;11;19;1310;1;2;1;1.0;6;59;0, NUNGESSER ET COLI (AV;;;;930
38437;201300042648;13;5;5;1745;1;2;1;1.0;6;72;1, LOUIS BORDES (RUE);;;;930
38438;201300042649;13;7;24;1555;1;2;1;1.0;3;59;0, CHARLES DE GAULLE (BO;;;;930
38439;201300042650;13;7;4;1730;1;2;1;1.0;6;72;0, LOUIS BORDES (RUE);;;;930
38440;201300042651;13;7;13;2040;1;2;2;1.0;3;72;0, NELSON MANDELA (AVENU;;;;930