;Num_Acc;an;mois;jour;hrmn;lum;agg;int;atm;col;com;adr;gps;lat;long;dep
38441;201300042652;13;10;23;2230;5;2;2;1.0;3;72;26, PIERRE DE GEYTER (RU;;;;930
38442;201300042653;13;7;28;1520;1;2;3;1.0;3;59;0, ALBERT FRANCON (RUE);;;;930
38443;201300042654;13;10;24;1505;1;2;1;1.0;3;72;0, MAXIME GORKI (BOULEVA;;;;930
38444;201300042655;13;11;11;1620;1;2;2;1.0;6;72;0, MAXIME GORKI (BOULEVA;;;;930
38445;201300042656;13;10;22;2245;3;2;2;1.0;3;59;0, LENINE (AVENUE) N?2A3;;;;930
38446;201300042657;13;11;21;1900;2;2;4;8.0;2;72;0, MARCEL CACHIN (AVENUE;;;;930
38447;201300042658;13;1;31;1440;1;2;1;1.0;3;78;CLEMENCEAU (AVENUE GEORG;;;;930
38448;201300042659;13;2;1;930;1;2;3;2.0;3;73;SARRAULT (AVENUE ALBERT);;;;930
38449;201300042660;13;2;4;715;3;2;1;1.0;6;73;RESISTANCE (RUE DE LA);;;;930
38450;201300042661;13;2;6;940;1;2;6;2.0;6;78;CLEMENCEAU (AVENUE GEORG;;;;930
38451;201300042662;13;2;6;1250;1;2;2;1.0;3;78;BEREGOVOY (AVENUE);;;;930
38452;201300042663;13;2;14;710;2;2;1;2.0;2;78;VAUBAN (AVENUE);;;;930
38453;201300042666;13;2;21;750;1;2;3;1.0;3;78;DE GAULLE (AVENUE CHARLE;;;;930
38454;201300042667;13;4;5;830;1;2;3;2.0;6;78;PONT DES MARAIS (CHEMIN;;;;930
38455;201300042668;13;4;5;1010;1;2;1;1.0;6;73;BERGER (RUE GILBERT);;;;930
38456;201300042670;13;4;7;1825;1;2;2;1.0;3;73;PETITS PONTS (ROUTE DES);;;;930
38457;201300042671;13;4;14;1755;1;2;2;1.0;3;73;ARGONNE (RUE D');;;;930
38458;201300042672;13;5;3;1320;1;2;1;1.0;1;73;23, ROISSY (ROUTE DE);;;;930
38459;201300042673;13;5;5;1930;1;2;1;1.0;6;73;84, ALSACE (RUE D');;;;930
38460;201300042674;13;5;9;1300;1;2;1;1.0;6;78;REPUBLIQUE (aVENUE DE-LA;;;;930
38461;201300042675;13;5;10;135;5;2;1;1.0;1;78;DELATTRE DE TASSIGNY (AV;;;;930
38462;201300042676;13;5;13;1805;1;2;1;1.0;3;78;CHEMIN DEPARTEMENTAL;;;;930
38463;201300042677;13;5;15;700;1;2;1;2.0;4;78;CHEMIN DEPARTEMENTAL;;;;930
38464;201300042678;13;6;4;1300;1;2;1;1.0;6;78;239, BALLANGER (BD ROBER;;;;930
38465;201300042679;13;6;14;1850;1;2;1;1.0;7;78;EUROPE (AVENUE DE L');;;;930
38466;201300042680;13;6;15;1530;1;2;3;1.0;6;78;DE GAULLE (AVENUE CHARLE;;;;930
38467;201300042681;13;6;20;1545;1;2;1;1.0;1;73;PAIX (AVENUE DE LA);;;;930
38468;201300042682;13;6;22;1430;1;1;1;2.0;6;78;, PARC EXPO;;;;930
38469;201300042683;13;6;27;1805;1;2;1;1.0;6;73;BERGER (RUE GILBERT);;;;930
38470;201300042684;13;6;21;1755;1;2;3;1.0;3;78;PREVERT (RUE JACQUES);;;;930
38471;201300042685;13;6;30;2000;1;2;6;1.0;3;78;BALLANGER (BD ROBERT);;;;930
38472;201300042686;13;7;6;1530;1;2;1;1.0;1;78;VAUBAN (AVENUE);;;;930
38473;201300042687;13;7;6;1525;1;1;6;1.0;3;78;NATIONS (AVENUE DES);;;;930
38474;201300042688;13;7;8;800;1;2;1;1.0;3;73;62, FARMAN (RUE HENRI);;;;930
38475;201300042689;13;7;15;1730;1;2;1;1.0;3;73;RESISTANCE (RUE DE LA);;;;930
38476;201300042690;13;7;20;1500;1;2;2;1.0;3;78;REVE (AVENUE DU);;;;930
38477;201300042691;13;7;23;1600;1;2;1;1.0;6;73;VAILLANT (BOULEVARD CHAR;;;;930
38478;201300042692;13;7;24;1615;1;2;2;1.0;3;73;RESISTANCE (RUE DE LA);;;;930
38479;201300042693;13;7;24;1900;1;2;1;1.0;5;73;46, MOZART (AVENUE);;;;930
38480;201300042694;13;8;1;2035;1;2;6;1.0;2;78;CLEMENCEAU (AVENUE GEORG;;;;930
38481;201300042695;13;8;4;2005;1;2;2;1.0;3;78;CLEMENCEAU (AVENUE GEORG;;;;930
38482;201300042697;13;8;6;620;1;2;1;1.0;6;73;LENINE (BOULEVARD);;;;930
38483;201300042699;13;8;8;1715;1;2;1;1.0;4;78;CHEMIN DEPARTEMENTAL;;;;930
38484;201300042700;13;8;23;1240;1;2;2;1.0;3;78;BEREGOVOY (AVENUE);;;;930
38485;201300042701;13;9;1;1335;1;2;6;1.0;7;73;00, RESISTANCE (RUE DE L;;;;930
38486;201300042702;13;9;2;1807;1;2;1;1.0;6;78;GARE (AVENUE DE LA);;;;930
38487;201300042703;13;9;3;1910;1;2;1;1.0;1;78;28, EGLISE (RUE DE L');;;;930
38488;201300042704;13;9;4;1850;1;2;1;1.0;3;78;58, ALLENDE (AVENUE SALV;;;;930
38489;201300042705;13;9;5;1445;1;2;1;1.0;4;73;ROISSY (ROUTE DE);;;;930
38490;201300042706;13;9;5;1800;1;2;1;1.0;4;73;4 bis, ROISSY (ROUTE DE);;;;930
38491;201300042707;13;9;9;1145;1;2;1;3.0;3;78;EGLISE (RUE DE L');;;;930
38492;201300042708;13;9;12;2025;2;2;6;1.0;2;78;VAUBAN (AVENUE);;;;930
38493;201300042709;13;9;14;2030;5;2;2;2.0;5;78;CLEMENCEAU (AVENUE GEORG;;;;930
38494;201300042710;13;9;15;1320;1;2;1;1.0;2;78;CLEMENCEAU (AVENUE GEORG;;;;930
38495;201300042711;13;9;15;1345;1;2;1;1.0;3;78;KLEE (RUE PAUL);;;;930
38496;201300042713;13;9;18;1550;1;2;1;2.0;3;78;BALLANGER (BD ROBERT);;;;930
38497;201300042714;13;9;19;1535;1;2;2;1.0;6;78;CLEMENCEAU (AVENUE GEORG;;;;930
38498;201300042715;13;9;21;420;5;2;2;8.0;2;78;CLEMENCEAU (AVENUE GEORG;;;;930
38499;201300042717;13;9;22;1730;1;2;1;1.0;4;78;PLAINE (AVENUE DE LA);;;;930
38500;201300042718;13;9;24;1000;1;2;1;1.0;2;78;, PLAINE DE FRANCE (AVEN;;;;930
38501;201300042719;13;10;2;1940;5;2;1;1.0;6;78;04, LECLERC (AVENUE DU G;;;;930
38502;201300042720;13;10;5;2015;5;2;1;1.0;6;78;SAUSSET (AVENUE DU);;;;930
38503;201300042721;13;10;7;1710;1;2;1;1.0;3;78;CLEMENCEAU (AVENUE GEORG;;;;930
38504;201300042722;13;10;8;930;1;2;3;1.0;3;78;MONTCALM (AVENUE);;;;930
38505;201300042723;13;10;9;1455;1;1;1;2.0;2;78;CHEMIN DEPARTEMENTAL;;;;930
38506;201300042724;13;10;12;1820;1;1;1;1.0;3;78;CHEMIN DEPARTEMENTAL;;;;930
38507;201300042725;13;10;14;1440;1;2;5;1.0;3;78;CLEMENCEAU (AVENUE GEORG;;;;930
38508;201300042726;13;10;15;1730;1;2;5;1.0;1;78;CLEMENCEAU (AVENUE GEORG;;;;930
38509;201300042727;13;10;25;1830;5;2;3;2.0;3;73;FRANCE (RUE ANATOLE);;;;930
38510;201300042728;13;10;31;910;1;2;6;1.0;3;73;BERGER (RUE GILBERT);;;;930
38511;201300042729;13;11;2;1048;1;2;1;1.0;6;78;00 DE GAULLE (AVENUE CH;;;;930
38512;201300042730;13;11;7;2325;5;2;2;2.0;3;78;BALLANGER (BD ROBERT);;;;930
38513;201300042731;13;11;4;1150;1;2;2;3.0;3;78;VILLENEUVE (AVENUE DE;;;;930
38514;201300042732;13;11;10;615;3;2;1;2.0;6;78;VAUBAN (AVENUE);;;;930
38515;201300042733;13;11;10;1630;1;2;3;1.0;3;73;PARC (AVENUE DU);;;;930
38516;201300042734;13;11;13;330;3;2;1;1.0;6;78;TREMBLAY (ROUTE DE);;;;930
38517;201300042735;13;11;13;330;5;2;1;2.0;6;78;CLEMENCEAU (AVENUE GEORG;;;;930
38518;201300042736;13;11;14;650;5;2;2;1.0;3;78;BALLANGER (BD ROBERT);;;;930
38519;201300042737;13;11;20;830;1;2;2;1.0;3;78;139, BALLANGER (BD ROBER;;;;930
38520;201300042738;13;11;22;1210;1;2;1;1.0;7;73;, ROISSY (ROUTE DE);;;;930
38521;201300042739;13;11;26;1355;1;2;1;1.0;2;78;BANCS PUBLICS (RUE DES);;;;930
38522;201300042740;13;11;27;2045;3;2;5;1.0;3;73;ROISSY (ROUTE DE);;;;930
38523;201300042741;13;11;28;910;1;2;1;1.0;2;78;1, CLEMENCEAU (AVENUE GE;;;;930
38524;201300042742;13;11;28;1000;1;2;2;1.0;6;73;PASTEUR (AVENUE);;;;930
38525;201300042743;13;11;28;1535;1;1;1;2.0;2;78;CHEMIN DEPARTEMENTAL;;;;930
38526;201300042744;13;11;30;1600;1;2;1;1.0;4;78;BALLANGER (BD ROBERT);;;;930
38527;201300042745;13;12;7;1550;1;2;2;1.0;3;78;GUYNEMER (AVENUE);;;;930
38528;201300042746;13;12;10;1730;5;2;2;1.0;3;78;CLEMENCEAU (AVENUE GEORG;;;;930
38529;201300042747;13;12;11;1610;1;2;1;1.0;6;78;CHEMIN DEPARTEMENTAL;;;;930
38530;201300042748;13;12;11;1735;2;2;1;9.0;6;78;GARE (PLACE DE LA);;;;930
38531;201300042750;13;12;12;1150;1;2;6;1.0;6;78;CLEMENCEAU (AVENUE GEORG;;;;930
38532;201300042751;13;12;12;1610;1;2;8;1.0;6;73;RESISTANCE (RUE DE LA);;;;930
38533;201300042753;13;5;29;1840;1;2;1;1.0;6;2;4, VILLIERS (SEN DE);;;;940
38534;201300042754;13;6;4;820;1;2;1;1.0;2;2;, PORT A L ANGLAIS (R DU;;;;940
38535;201300042755;13;1;8;955;1;2;2;1.0;3;2;VICTOR HUGO (R);;;;940
38536;201300042756;13;6;6;1405;1;2;2;1.0;6;2;DE GAULLE/VERON;;;;940
38537;201300042757;13;6;6;1900;1;2;3;1.0;3;2;EMILE ZOLA (R);;;;940
38538;201300042758;13;1;11;755;5;2;3;1.0;6;2;16, GENERAL CHARLES DE G;;;;940
38539;201300042759;13;1;14;2220;5;2;1;4.0;3;2;108 TER, VERON (R);;;;940
38540;201300042760;13;6;14;1040;1;2;3;1.0;3;2;JEAN BAPTISTE CLEMENT (Q;;;;940
38541;201300042762;13;7;4;2330;5;2;2;1.0;3;2;RASPAIL (R);;;;940
38542;201300042763;13;7;9;2205;1;2;1;1.0;6;2;EMILE ZOLA (R);;;;940
38543;201300042764;13;7;18;725;1;2;3;1.0;3;2;CARNOT (BD);;;;940
38544;201300042765;13;2;11;1130;1;2;1;8.0;3;2;02, BLANQUI (QU);;;;940
38545;201300042766;13;2;13;1600;1;2;1;1.0;6;2;2, REVOLUTION (QU DE LA);;;;940
38546;201300042767;13;2;20;1840;5;2;1;1.0;6;2;44, VICTOR HUGO (R);;;;940
38547;201300042769;13;2;22;725;5;2;2;8.0;1;2;EMILE ZOLA (R);;;;940
38548;201300042770;13;8;24;1750;1;2;2;8.0;3;2;1, BLANQUI (QU);;;;940
38549;201300042771;13;3;8;1305;1;2;1;2.0;3;2;195, GENERAL LECLERC (AV;;;;940
38550;201300042773;13;3;20;1610;1;2;2;1.0;6;2;CARNOT (BD);;;;940
38551;201300042774;13;9;11;715;2;2;1;1.0;6;2;16, LATERAL (CHE);;;;940
38552;201300042775;13;3;30;1300;1;2;2;1.0;3;2;LATERAL (CHE);;;;940
38553;201300042776;13;9;27;1805;1;2;3;1.0;3;2;97, ETIENNE DOLET/CARPE;;;;940
38554;201300042777;13;4;12;2000;2;2;3;1.0;2;2;J B CLEMENT/PERCHE;;;;940
38555;201300042778;13;4;26;945;1;2;1;1.0;6;2;92, VERON (R);;;;940
38556;201300042779;13;4;29;1035;1;2;1;1.0;1;2;LATERAL (CHE);;;;940
38557;201300042781;13;5;5;2010;1;2;2;1.0;3;2;BLANQUI (QU);;;;940
38558;201300042782;13;5;8;1840;1;2;2;1.0;6;2;37, EMILE ZOLA (R);;;;940
38559;201300042783;13;10;30;1025;1;2;9;1.0;3;2;BLANQUI (QU);;;;940
38560;201300042784;13;5;12;2210;5;2;1;2.0;3;2;85, VERON (R);;;;940
38561;201300042785;13;11;5;1350;1;2;3;2.0;3;2;EMILE ZOLA (R);;;;940
38562;201300042786;13;5;20;1745;1;2;2;2.0;3;2;CAMELIAS (R DES);;;;940
38563;201300042787;13;11;10;2235;5;2;2;1.0;3;2;105, VAILLANT COUTURIER;;;;940
38564;201300042788;13;11;12;955;1;2;2;2.0;3;2;VAILLANT COUTURIER (R);;;;940
38565;201300042789;13;11;13;700;5;2;2;2.0;3;2;JEAN BAPTISTE CLEMENT (Q;;;;940
38566;201300042790;13;11;18;1140;1;2;1;8.0;1;2;61, SEINE (R DE);;;;940
38567;201300042791;13;11;22;1615;1;2;3;1.0;3;2;37, MARGUERITES (R DES);;;;940
38568;201300042792;13;11;29;1630;1;2;2;2.0;6;2;SEINE (R DE);;;;940
38569;201300042793;13;10;1;1045;1;2;3;1.0;3;2;BLANQUI (QU);;;;940
38570;201300042794;13;10;2;845;1;2;2;1.0;5;2;BLANQUI (QU);;;;940
38571;201300042795;13;12;2;40;5;2;1;1.0;6;2;26, BLANQUI (QU);;;;940
38572;201300042796;13;12;3;755;1;2;1;1.0;2;2;1, PORT A L ANGLAIS (R D;;;;940
38573;201300042797;13;12;24;1640;2;2;1;2.0;6;2;153, VAILLANT COUTURIER;;;;940
38574;201300042798;13;12;28;2155;5;2;2;1.0;1;2;ETIENNE DOLET (R);;;;940
38575;201300042799;13;2;10;500;5;2;9;9.0;6;71;75, GENERAL LECLERC (R D;;;;940
38576;201300042800;13;10;2;1820;1;2;1;1.0;7;4;GEORGES BRASSENS (AV);;;;940
38577;201300042801;13;10;5;203;3;2;1;1.0;7;4;AV DU GENERAL LECLERC;M;4875480.0;250557.0;940
38578;201300042802;13;10;8;1835;1;2;9;1.0;6;75;LIEUTENANT DAGORNO (R DU;;;;940
38579;201300042803;13;9;30;810;1;2;3;1.0;1;47;66, PAUL DOUMER (R);;;;940
38580;201300042804;13;10;15;1055;1;2;4;8.0;3;4;0, SUCY (R DE);;;;940
38581;201300042805;13;1;25;655;4;2;1;1.0;6;71;PIERRE SEMARD (R);;;;940
38582;201300042806;13;1;4;1720;5;2;3;1.0;1;4;LECLERC/ALLEE DES FFI;M;4875440.0;250600.0;940
38583;201300042807;13;11;4;930;1;2;2;2.0;2;4;LECLERC/BREVANNES;M;4874940.0;250840.0;940
38584;201300042808;13;11;5;1510;1;2;1;2.0;6;71;BOISSY (R DE);;;;940
38585;201300042809;13;1;7;1912;5;2;3;1.0;2;4;04, LACHARRIERE.(RUE DU;;;;940
38586;201300042810;13;11;8;805;2;2;1;2.0;7;4;AV DU GENERAL LECLERC;M;4875060.0;250750.0;940
38587;201300042811;13;11;9;945;1;2;1;1.0;1;71;MARECHAL DE LATTRE DE TA;;;;940
38588;201300042812;13;11;10;620;5;2;1;2.0;3;75;00, ETOILE (R DE L);;;;940
38589;201300042813;13;11;21;1755;2;2;1;2.0;3;44;00, VERDUN (AV DE);;;;940
38590;201300042815;13;1;14;725;2;1;1;1.0;7;4;DE LATTRE DE TASSIGNY;M;4873840.0;251714.0;940
38591;201300042816;13;1;14;830;1;2;1;1.0;3;71;04, BERGES (ALL DES);;;;940
38592;201300042817;13;1;17;1750;5;2;1;1.0;6;71;1 et 3, CHAMPIGNY (R DE);;;;940
38593;201300042818;13;1;19;1200;1;2;1;4.0;1;71;MARAIS (CHE DES);;;;940
38594;201300042819;13;11;19;940;1;2;1;2.0;6;71;8, MAURICE BERTEAUX (R);;;;940
38595;201300042820;13;1;20;2020;5;2;1;4.0;1;75;16, MANDRES (R DE);;;;940
38596;201300042821;13;1;24;835;1;2;1;8.0;5;44;AV DU GENERAL LECLERC;M;4874530.0;251129.0;940
38597;201300042822;13;1;24;1320;1;2;1;1.0;7;71;17, HENRI HOUPIED (R);;;;940
38598;201300042823;13;1;25;1640;1;2;1;1.0;6;4;25, SUCY (R DE);;;;940
38599;201300042824;13;1;26;1800;1;2;1;1.0;1;44;PASTEUR (R);;;;940
38600;201300042825;13;11;26;1630;1;2;1;1.0;6;4;CHARLES DE GAULLE (AV);;;;940
38601;201300042826;13;11;26;1800;3;2;1;1.0;2;4;AV DU GENERAL LECLERC;M;4875960.0;249965.0;940
38602;201300042827;13;1;27;2050;5;2;1;1.0;6;47;46, BRIE (R DE);;;;940
38603;201300042828;13;11;29;910;1;2;1;1.0;6;71;5, GARE (PL DE LA);;;;940
38604;201300042829;13;2;1;1000;1;2;3;2.0;6;71;35 bis, GENERAL LECLERC;;;;940
38605;201300042830;13;2;2;1940;5;2;1;9.0;1;75;19, RTE DE LA GRANGE;M;4873390.0;251826.0;940
38606;201300042831;13;2;4;900;1;2;3;1.0;3;71;GENERAL LECLERC (R DU);;;;940
38607;201300042833;13;12;7;1400;1;2;1;1.0;6;4;AV DU GENERAL LECLERC;M;4875690.0;250450.0;940
38608;201300042834;13;2;8;800;2;2;1;8.0;7;4;170, ROYALE (R);;;;940
38609;201300042835;13;2;8;1520;1;2;1;1.0;3;44;55, VALENTON (AV DE);;;;940
38610;201300042836;13;2;9;2015;5;2;3;1.0;3;75;MANDRES (R DE);;;;940
38611;201300042838;13;2;9;1815;5;2;2;1.0;6;4;0.000, PROCESSION (R DE;;;;940
38612;201300042840;13;12;13;1130;1;2;1;1.0;6;71;13, MAURICE BERTEAUX (R);;;;940
38613;201300042842;13;2;16;1800;2;2;1;1.0;2;4;10, AV CHARLES DE GAULLE;M;4875390.0;249835.0;940
38614;201300042843;13;2;16;1220;1;2;1;1.0;2;75;DE LATTRE DE TASSIGNY;M;4873610.0;251887.0;940
38615;201300042844;13;7;14;600;1;2;1;1.0;6;75;69, MANDRES (R DE);;;;940
38616;201300042846;13;2;17;730;2;2;3;5.0;2;75;TASSIGNY/CAVAILLES;M;4873130.0;252392.0;940
38617;201300042847;13;2;18;1840;5;2;3;1.0;3;44;20, DESCARTES (AV);;;;940
38618;201300042848;13;2;18;1355;1;2;2;1.0;3;71;QUEUE EN BRIE (RTE DE LA;;;;940
38619;201300042850;13;12;19;1940;3;1;1;1.0;1;48;RTE DE PARIS;M;4872710.0;255345.0;940
38620;201300042851;13;12;20;930;1;2;3;7.0;6;75;MANDRES (R DE);;;;940
38621;201300042852;13;12;20;1200;1;2;1;1.0;1;4;50, GEORGES PICOT (R);;;;940
38622;201300042853;13;12;21;1135;1;2;1;1.0;4;44;16, GABRIEL PERI (AV);;;;940
38623;201300042854;13;12;22;2245;5;2;1;8.0;6;75;AV DU MARECHAL DE LATTRE;M;4873430.0;252052.0;940
38624;201300042855;13;2;27;1005;1;2;1;1.0;3;71;0.000, PARIS (R DE);;;;940
38625;201300042856;13;2;27;1640;1;2;9;1.0;6;4;VALENTON (R DE);;;;940
38626;201300042857;13;2;28;850;1;2;6;1.0;7;71;MAROLLES (RTE DE);;;;940
38627;201300042858;13;4;16;1750;1;2;1;1.0;6;44;55, VALENTON (AV DE);;;;940
38628;201300042859;13;3;1;1020;1;2;4;1.0;6;71;CHAMPS SAINT DENIS (R DE;;;;940
38629;201300042860;13;3;3;2350;5;2;2;1.0;3;4;34, GENERAL LECLERC (AV;;;;940
38630;201300042861;13;3;7;2110;5;1;3;1.0;6;75;MARECHAL DELATTRE DE TAS;;;;940
38631;201300042862;13;3;9;847;1;2;1;1.0;6;71;00, MAURICE BERTEAUX (R);;;;940
38632;201300042865;13;3;16;710;2;2;1;1.0;6;71;36, PONT DE CHENNEVIERES;;;;940
38633;201300042867;13;3;25;700;2;2;1;1.0;5;4;GENERAL LECLERC (AV DU);;;;940
38634;201300042868;13;3;25;1635;1;2;1;1.0;2;56;BRIE COMTE ROBERT (RTE D;;;;940
38635;201300042869;13;4;3;2100;5;2;1;1.0;5;71;1ter, PARIS (R DE);;;;940
38636;201300042870;13;4;4;815;1;2;1;1.0;3;71;GEORGES POMPIDOU (AV);;;;940
38637;201300042871;13;4;4;2010;5;2;3;1.0;2;4;LECLERC/DE GAULLE;M;4875910.0;250051.0;940
38638;201300042872;13;11;4;1015;1;1;1;2.0;1;44;DESCARTES (AV);;;;940
38639;201300042873;13;4;12;830;1;2;1;8.0;1;71;PARIS (R DE);;;;940
38640;201300042874;13;4;14;1000;1;2;1;1.0;3;75;82, LIEUTENANT DAGORNO (;;;;940
38641;201300042875;13;4;17;800;1;2;1;1.0;6;71;WINSTON CHURCHILL (R);;;;940
38642;201300042876;13;4;17;2155;5;2;3;1.0;2;4;2, 8 MAI 1945 (AV DU);;;;940
38643;201300042877;13;4;21;1100;1;2;3;1.0;2;75;TASSIGNY/DAGORNO;M;4872750.0;253101.0;940
38644;201300042878;13;4;23;940;1;2;6;1.0;7;71;QUEUE EN BRIE (RTE DE LA;;;;940
38645;201300042879;13;4;25;750;1;2;1;1.0;2;71;GENERAL LECLERC (R DU);;;;940
38646;201300042880;13;4;25;955;1;2;6;1.0;3;71;GENERAL LECLERC (R DU);;;;940
38647;201300042883;13;1;25;1630;1;2;1;1.0;6;71;GEORGES POMPIDOU (AV);;;;940
38648;201300042884;13;5;4;1715;1;2;3;1.0;1;4;LECLERC/DE GAULLE;M;4875510.0;250528.0;940
38649;201300042885;13;5;4;1900;1;2;1;1.0;6;44;9, AUVERGNE (R D);;;;940
38650;201300042886;13;5;7;2000;2;1;1;1.0;4;44;18, JEAN MONNET (R);;;;940
38651;201300042888;13;5;10;1445;1;2;1;1.0;1;4;10, HUIT MAI 1945 (R DU);;;;940
38652;201300042889;13;5;10;2100;1;2;3;1.0;3;71;103, BOISSY (R DE);;;;940
38653;201300042890;13;11;25;740;2;2;1;1.0;5;71;PARIS (R DE);;;;940
38654;201300042891;13;5;14;1755;1;2;1;1.0;7;71;00, PARIS (R DE);;;;940
38655;201300042892;13;5;14;1920;1;2;2;1.0;6;4;LECLERC/PRESSOIRS;M;4875150.0;250692.0;940
38656;201300042895;13;5;22;1240;1;2;6;1.0;3;71;QUEUE EN BRIE (RTE DE LA;;;;940
38657;201300042896;13;5;23;1615;1;2;1;1.0;6;44;ALBERT GARRY (R);;;;940
38658;201300042897;13;5;24;1710;1;2;1;2.0;7;44;ALBERT GARRY (R);;;;940
38659;201300042898;13;5;26;315;5;2;3;1.0;3;4;LECLERC/FFI;M;4875440.0;250600.0;940
38660;201300042899;13;5;26;2015;1;2;1;1.0;6;75;4, LIEUTENANT DAGORNO (R;;;;940
38661;201300042900;13;5;6;2140;5;2;1;1.0;6;44;27, PRESIDENT WILSON (AV;;;;940
38662;201300042902;13;6;7;1000;1;2;2;1.0;3;71;PIERRE SEMARD (R);;;;940
38663;201300042903;13;6;8;1300;1;2;1;1.0;7;44;16, DESCARTES (AV);;;;940
38664;201300042904;13;6;8;1855;1;2;1;1.0;6;44;4, DIVISION LECLERC (AV;;;;940
38665;201300042905;13;6;8;1715;1;2;1;1.0;7;71;4, MARAIS (CHE DES);;;;940
38666;201300042906;13;6;8;1755;1;2;3;1.0;3;4;SABLONS (R DES);;;;940
38667;201300042907;13;6;9;2110;2;1;1;1.0;6;4;AV DU GENERAL LECLERC;M;4876030.0;249835.0;940
38668;201300042908;13;6;14;1420;1;2;1;2.0;4;71;68, GENERAL LECLERC (R D;;;;940
38669;201300042909;13;6;20;740;1;2;1;2.0;7;44;14, GABRIEL PERI (AV);;;;940
38670;201300042910;13;6;22;440;2;2;1;1.0;6;44;38, GABRIEL PERI (AV);;;;940
38671;201300042911;13;6;22;1539;1;2;1;2.0;2;71;00, PARIS (R DE);;;;940
38672;201300042912;13;6;24;1950;1;2;1;1.0;2;4;ORMES (R DES);;;;940
38673;201300042913;13;6;27;745;1;2;1;2.0;3;44;1 BIS, GABRIEL PERI (AV);;;;940
38674;201300042914;13;6;28;1310;1;2;6;2.0;6;70;GENERAL LECLERC (AV DU);;;;940
38675;201300042915;13;6;30;2115;2;2;1;1.0;3;4;CHARLES DE GAULLE (AV);;;;940
38676;201300042916;13;7;3;1315;1;2;1;1.0;3;71;BREVANNES (R DE);;;;940
38677;201300042917;13;7;3;1330;1;2;1;1.0;2;44;16, GABRIEL PERI (AV);;;;940
38678;201300042918;13;4;17;1515;1;2;3;1.0;3;4;LECLERC/FFI;M;4875440.0;250600.0;940
38679;201300042919;13;7;5;1745;1;1;1;1.0;4;48;RTE DE PARIS;M;4872780.0;254955.0;940
38680;201300042920;13;6;17;1710;1;1;3;1.0;3;56;0, BRIE COMTE ROBERT (RT;;;;940
38681;201300042921;13;7;8;2020;1;2;6;1.0;7;70;PARIS/CHATEAU D'EAU;M;4871560.0;257386.0;940
38682;201300042922;13;7;11;930;1;2;7;1.0;3;75;TILLEULS (ALL DES);;;;940
38683;201300042923;13;7;18;1900;1;2;9;1.0;6;44;., PENTE (R DE LA);;;;940
38684;201300042924;13;7;20;1100;1;2;1;1.0;6;56;BRIE COMTE ROBERT (RTE D;;;;940
38685;201300042925;13;7;23;1030;1;2;3;1.0;3;71;., MARAIS (CHE DES);;;;940
38686;201300042926;13;7;24;715;1;2;1;1.0;7;4;AV DU GENERAL LECLERC;M;4875410.0;250632.0;940
38687;201300042927;13;7;25;840;1;2;1;7.0;3;71;85BIS, GENERAL LECLERC (;;;;940
38688;201300042928;13;7;30;1015;1;2;1;1.0;2;71;GENERAL LECLERC (R DU);;;;940
38689;201300042929;13;8;4;530;5;2;1;1.0;7;44;AV DE VALENTON;M;4874190.0;248514.0;940
38690;201300042930;13;8;6;1950;1;2;3;1.0;3;71;VILLENEUVE (R DE);;;;940
38691;201300042931;13;8;8;1115;1;2;1;1.0;1;75;MAI (R DU);;;;940
38692;201300042932;13;8;8;1845;1;2;3;1.0;1;71;MAURICE BERTEAUX (R);;;;940
38693;201300042933;13;11;18;1040;1;2;2;1.0;3;71;VILLENEUVE (R DE);;;;940
38694;201300042934;13;8;13;1220;1;1;3;1.0;2;75;TASSIGNY/GRANGE;M;4873440.0;252044.0;940
38695;201300042935;13;8;13;2010;1;2;1;1.0;6;71;PROCESSION (R DE LA);;;;940
38696;201300042936;13;8;14;1650;1;2;1;1.0;6;4;AV DU GENERAL LECLERC;M;4875610.0;250473.0;940
38697;201300042937;13;8;15;1500;1;1;9;1.0;6;70;., GENERAL LECLERC (AV D;;;;940
38698;201300042938;13;8;18;1210;1;2;1;1.0;6;75;CHEMIN DE FER (R DU);;;;940
38699;201300042939;13;8;27;2100;5;2;6;1.0;7;71;WINSTON CHURCHILL (R);;;;940
38700;201300042940;13;8;28;1210;1;2;3;1.0;3;71;1, GEORGES POMPIDOU (AV);;;;940
38701;201300042941;13;8;30;1915;1;2;1;1.0;2;71;26, GABRIEL PERI (AV);;;;940
38702;201300042942;13;9;2;1520;1;2;1;1.0;6;44;02, R EUGENE VARLIN;;;;940
38703;201300042943;13;4;29;1730;1;2;1;1.0;6;75;TILLEULS (ALL DES);;;;940
38704;201300042944;13;9;4;1000;1;2;3;1.0;2;75;TASSIGNY/CAVAILLES;M;4873130.0;252392.0;940
38705;201300042945;13;9;5;1710;1;2;4;1.0;3;4;MERCIERE (R);;;;940
38706;201300042946;13;5;29;825;1;1;1;1.0;7;48;NATIONALE 19;;;;940
38707;201300042947;13;9;6;920;1;2;1;3.0;2;44;0, MOULIN (CHE DU);;;;940
38708;201300042948;13;9;14;1630;1;2;1;2.0;3;71;13, OLIVIER D ORMESSON (;;;;940
38709;201300042949;13;9;16;1625;1;2;2;8.0;3;71;00, GEORGES POMPIDOU (AV;;;;940
38710;201300042951;13;1;1;300;5;2;1;2.0;6;17;MARIE (AV);;;;940
38711;201300042953;13;1;3;2120;5;2;1;1.0;2;17;139, GENERAL LECLERC (AV;;;;940
38712;201300042954;13;1;4;1830;5;2;1;1.0;2;17;ALEXANDRE FOURNY (R);;;;940
38713;201300042955;13;1;5;1810;5;2;1;1.0;3;17;ROITELETS (R DES);;;;940
38714;201300042956;13;1;10;910;1;2;1;2.0;6;17;36, R LOUIS TALAMONI;;;;940