;Num_Acc;an;mois;jour;hrmn;lum;agg;int;atm;col;com;adr;gps;lat;long;dep
38715;201300042957;13;1;10;1015;1;2;1;1.0;6;17;GENERAL DE GAULLE (AV DU;;;;940
38716;201300042958;13;1;10;1730;2;2;1;2.0;1;17;GABRIEL PERI (BD);;;;940
38717;201300042959;13;1;11;920;1;2;3;1.0;3;17;786, MAURICE THOREZ (AV);;;;940
38718;201300042961;13;1;11;2330;5;2;1;1.0;6;17;1, HUIT MAI 1945 (AV DU);;;;940
38719;201300042962;13;1;12;1300;1;2;2;1.0;3;17;ARSENE (AV);;;;940
38720;201300042963;13;1;12;2010;5;2;4;1.0;1;17;SALENGRO/DE GAULLE;;;;940
38721;201300042964;13;1;17;1830;5;2;1;1.0;4;17;GENERAL DE GAULLE (AV DU;;;;940
38722;201300042965;13;1;27;1500;1;2;1;1.0;6;17;LENINE (PL);;;;940
38723;201300042966;13;1;29;800;1;2;1;2.0;1;17;POLANGIS (BD DE);;;;940
38724;201300042967;13;2;3;1855;2;2;1;1.0;6;17;ROGER SALENGRO (AV);;;;940
38725;201300042968;13;2;5;1815;5;2;1;1.0;6;17;JACQUES SOLOMON (R);;;;940
38726;201300042969;13;2;6;730;5;2;1;3.0;3;17;114, GENERAL DE GAULLE (;;;;940
38727;201300042970;13;2;20;1920;5;2;1;1.0;6;17;ALBERT THOMAS (R);;;;940
38728;201300042971;13;2;26;1810;1;2;1;1.0;6;17;DIX NEUF MARS 1962 (R DU;;;;940
38729;201300042972;13;3;6;2030;5;2;1;2.0;1;17;EUGENE VARLIN (R);;;;940
38730;201300042973;13;3;16;1030;1;2;1;1.0;6;17;MAURICE THOREZ (AV);;;;940
38731;201300042974;13;3;21;10;5;2;3;1.0;1;17;R EUGENE VARLIN;M;4882610.0;252115.0;940
38732;201300042975;13;3;20;10;5;2;2;2.0;3;17;JEAN SAVU (R);;;;940
38733;201300042976;13;3;17;2010;5;2;1;1.0;3;17;MARX DORMOY (AV);;;;940
38734;201300042977;13;3;2;1050;1;2;1;1.0;3;17;MARX DORMOY (AV);;;;940
38735;201300042978;13;3;28;2215;5;2;2;1.0;3;17;PAUL VENZAC (AV);;;;940
38736;201300042979;13;4;1;1850;1;2;1;1.0;2;17;GENERAL DE GAULLE (AV DU;;;;940
38737;201300042980;13;3;29;1815;1;2;1;1.0;2;17;PLESSIS TREVISE (R DU);;;;940
38738;201300042982;13;4;4;1541;1;2;1;1.0;6;17;LOUIS TALAMONI (R);;;;940
38739;201300042984;13;4;13;2150;5;2;1;1.0;2;17;98, REPUBLIQUE (AV DE LA;;;;940
38740;201300042985;13;4;16;835;1;2;2;1.0;3;17;1, CHARLES BAUDIN (AV);;;;940
38741;201300042986;13;4;24;1300;1;2;1;1.0;3;17;AMBROISE CROIZAT (AV);;;;940
38742;201300042987;13;4;22;1830;1;2;1;1.0;3;17;164, STALINGRAD (BD DE);;;;940
38743;201300042988;13;4;19;1935;1;2;2;1.0;3;17;REPUBLIQUE (AV DE LA);;;;940
38744;201300042989;13;4;24;1510;1;2;1;1.0;6;17;REPUBLIQUE (AV DE LA);;;;940
38745;201300042991;13;4;30;1210;1;2;1;1.0;2;17;EUGENE VARLIN (R);;;;940
38746;201300042992;13;4;30;1640;1;2;1;1.0;3;17;1 bis, CIMETIERE (R DU);;;;940
38747;201300042993;13;5;1;1600;1;2;1;1.0;6;17;146, ROGER SALENGRO (AV);;;;940
38748;201300042994;13;5;3;1600;1;2;1;1.0;2;17;ANDREA PALLADIO (ALL);;;;940
38749;201300042995;13;5;6;1840;1;2;3;1.0;6;17;10, ONZE NOVEMBRE 1918 (;;;;940
38750;201300042997;13;5;25;1500;1;2;1;2.0;6;17;1056, BERNAU (R DE);;;;940
38751;201300042998;13;5;27;1820;1;2;1;1.0;6;17;24, JULES GUESDE (BD);;;;940
38752;201300042999;13;5;31;1100;1;2;1;1.0;3;17;10, JEAN JAURES (R);;;;940
38753;201300043000;13;5;31;1900;1;2;1;1.0;6;17;LOUIS TALAMONI (R);;;;940
38754;201300043001;13;6;8;1247;1;2;1;1.0;3;17;GENERAL DE GAULLE (AV DU;;;;940
38755;201300043002;13;6;9;740;1;2;1;1.0;1;17;30, STALINGRAD (BD DE);;;;940
38756;201300043003;13;6;14;1900;1;2;1;1.0;3;17;124, MARX DORMOY (AV);;;;940
38757;201300043004;13;6;18;900;1;2;1;1.0;6;17;LOUIS TALAMONI (R);;;;940
38758;201300043005;13;6;18;1115;1;2;1;1.0;2;17;89, GENERAL LECLERC (AV;;;;940
38759;201300043006;13;6;19;1230;1;2;2;1.0;3;17;GENERAL DE GAULLE (AV DU;;;;940
38760;201300043007;13;6;20;715;1;2;1;1.0;2;17;MARX DORMOY (AV);;;;940
38761;201300043008;13;6;20;1700;1;2;3;1.0;3;17;2, ALEXANDRE FOURNY (R);;;;940
38762;201300043009;13;6;21;855;1;2;6;1.0;6;17;20, ALFRED GREVIN (R);;;;940
38763;201300043010;13;6;21;1130;1;2;1;1.0;3;17;GENERAL DE GAULLE (AV DU;;;;940
38764;201300043011;13;6;21;1930;1;2;1;1.0;6;17;9, GEORGES DIMITROV (R);;;;940
38765;201300043012;13;6;26;1650;1;2;3;1.0;6;17;19, COLOMBE HARDELET (AV;;;;940
38766;201300043013;13;6;27;1815;1;2;1;1.0;6;17;RODIN (PL);;;;940
38767;201300043014;13;6;30;930;1;2;1;1.0;6;17;149, GENERAL DE GAULLE (;;;;940
38768;201300043015;13;7;4;1700;1;2;6;1.0;2;17;00, HENRI-MARIE LE BOURS;;;;940
38769;201300043016;13;7;8;720;1;2;2;1.0;3;17;GENERAL DE GAULLE (AV DU;;;;940
38770;201300043017;13;7;11;1050;1;2;1;1.0;4;17;11, ROGER SALENGRO (AV);;;;940
38771;201300043018;13;7;12;1920;1;2;1;1.0;4;17;ALEXANDRE FOURNY (R);;;;940
38772;201300043019;13;7;13;210;5;2;1;1.0;2;17;STALINGRAD (BD DE);;;;940
38773;201300043020;13;7;18;1145;1;2;6;1.0;1;17;MAURICE THOREZ (AV);;;;940
38774;201300043021;13;7;19;720;1;2;1;1.0;2;17;57, LOUIS TALAMONI (R);;;;940
38775;201300043022;13;7;20;1700;1;2;2;1.0;3;17;CARNOT (AV);;;;940
38776;201300043023;13;8;1;1620;1;2;2;1.0;3;17;CHATEAU (BD DU);;;;940
38777;201300043024;13;8;6;1200;1;2;1;1.0;2;17;186, STALINGRAD (BD DE);;;;940
38778;201300043025;13;8;11;1725;1;1;1;1.0;3;17;30, MUSSELBURGH (R DE);;;;940
38779;201300043027;13;8;14;1010;1;2;1;1.0;2;17;JEAN MONNET (BD);;;;940
38780;201300043028;13;8;20;1450;1;2;1;1.0;3;17;JEAN JAURES (R);;;;940
38781;201300043029;13;8;29;2320;5;2;1;1.0;6;17;66, REPUBLIQUE (AV DE LA;;;;940
38782;201300043030;13;9;3;2000;1;2;2;1.0;3;17;GENERAL LECLERC (AV DU);;;;940
38783;201300043031;13;9;5;845;1;2;1;1.0;1;17;130, EUGENE VARLIN (R);;;;940
38784;201300043032;13;9;10;1740;1;2;1;1.0;3;17;1, EUGENE VARLIN (R);;;;940
38785;201300043033;13;9;13;1320;1;2;1;1.0;6;17;99, GENERAL DE GAULLE (A;;;;940
38786;201300043034;13;9;14;2345;5;2;1;3.0;6;17;148, MAURICE THOREZ (AV);;;;940
38787;201300043035;13;9;16;1640;1;2;1;1.0;6;17;LOUIS TALAMONI (R);;;;940
38788;201300043036;13;9;18;1345;1;2;1;1.0;5;17;GENERAL DE GAULLE (AV DU;;;;940
38789;201300043037;13;9;22;1620;1;2;1;1.0;2;17;BERNAU (R DE);;;;940
38790;201300043038;13;9;23;2240;5;2;2;1.0;3;17;HENRI BARBUSSE (R);;;;940
38791;201300043039;13;9;24;1700;1;2;1;1.0;3;17;STALINGRAD (BD DE);;;;940
38792;201300043040;13;9;24;1820;1;2;1;1.0;6;17;89, SALVADOR ALLENDE (AV;;;;940
38793;201300043041;13;9;27;2015;5;2;3;1.0;3;17;STALINGRAD (BD DE);;;;940
38794;201300043042;13;9;28;2250;5;2;1;1.0;6;17;GAITE (R DE LA);;;;940
38795;201300043043;13;10;6;1200;1;2;1;1.0;3;17;MARX DORMOY (AV);;;;940
38796;201300043045;13;10;12;1730;1;2;1;1.0;3;17;315, GENERAL DE GAULLE (;;;;940
38797;201300043046;13;10;26;1200;1;2;1;2.0;6;17;ALBERT THOMAS (R);;;;940
38798;201300043047;13;10;26;1250;1;2;2;2.0;3;17;HENRI BARBUSSE (R);;;;940
38799;201300043048;13;11;6;1830;5;2;1;1.0;3;17;272, MAURICE THOREZ (AV);;;;940
38800;201300043049;13;11;7;1650;1;2;2;1.0;6;17;LOUIS TALAMONI (R);;;;940
38801;201300043050;13;11;20;710;1;2;1;1.0;3;17;MUSSELBURGH (R DE);;;;940
38802;201300043051;13;11;25;1330;1;2;2;1.0;3;17;GENERAL DE GAULLE (AV DU;;;;940
38803;201300043052;13;11;28;1550;1;2;1;1.0;2;17;192, MAURICE THOREZ (AV);;;;940
38804;201300043053;13;12;2;1445;1;2;1;1.0;2;17;JACK GOUREVITCH (AV);;;;940
38805;201300043054;13;12;14;1845;5;2;1;1.0;6;17;, REPUBLIQUE (AV DE LA);;;;940
38806;201300043055;13;12;19;800;5;2;2;2.0;1;17;JEAN JAURES (R);;;;940
38807;201300043056;13;12;21;1800;3;2;1;1.0;6;17;26, LOUIS TALAMONI (R);;;;940
38808;201300043057;13;1;3;2100;5;2;3;8.0;3;18;PARIS (R DE);;;;940
38809;201300043058;13;6;4;1000;1;2;1;1.0;2;18;VICTOR HUGO (R);;;;940
38810;201300043059;13;6;5;1900;1;2;1;1.0;7;18;7, BERCY (QU DE);;;;940
38811;201300043060;13;1;12;1425;1;2;1;2.0;6;18;10, ALFRED SAVOURE (R);;;;940
38812;201300043061;13;6;7;1445;1;2;1;1.0;6;18;ILE MARTINET;;;;940
38813;201300043062;13;1;22;1340;1;2;1;2.0;2;18;26, R VICTOR HUGO;;;;940
38814;201300043063;13;6;16;1045;1;2;1;1.0;6;18;133 bis, PARIS (R DE);;;;940
38815;201300043064;13;6;19;1745;1;2;1;3.0;3;18;63, GRAVELLE (AV DE);;;;940
38816;201300043065;13;2;2;1955;3;2;1;1.0;2;18;BERCY (QU DE);;;;940
38817;201300043066;13;6;25;830;1;2;3;1.0;1;18;CARRIERES (QU DES);;;;940
38818;201300043067;13;2;5;1545;1;2;1;1.0;6;69;34 bis, MARECHAL LECLERC;;;;940
38819;201300043068;13;2;8;715;2;2;2;8.0;3;18;PONT (R DU);;;;940
38820;201300043069;13;6;30;1043;1;2;3;1.0;3;18;GRAVELLE (AV DE);;;;940
38821;201300043070;13;7;1;1220;1;2;1;1.0;6;18;145 bis, R DE PARIS;;;;940
38822;201300043071;13;7;7;130;5;2;1;1.0;7;18;R ARTHUR CROQUETTE;;;;940
38823;201300043072;13;2;18;1705;1;2;2;1.0;7;18;CAMILLE MOUQUET (R);;;;940
38824;201300043073;13;7;12;1540;1;2;1;1.0;6;18;85, PARIS (R DE);;;;940
38825;201300043075;13;7;14;1835;1;2;1;1.0;2;69;2, SAINT MAURICE DU VALA;;;;940
38826;201300043076;13;2;28;940;1;2;6;1.0;7;18;CARRIERES (QU DES);;;;940
38827;201300043077;13;3;4;2125;5;2;1;1.0;6;69;51, VAL D OSNE (R DU);;;;940
38828;201300043078;13;3;6;2115;5;2;1;1.0;2;69;MARECHAL DE LATTRE DE TA;;;;940
38829;201300043079;13;3;7;1755;1;2;1;1.0;2;69;145, MARECHAL LECLERC (R;;;;940
38830;201300043080;13;3;16;810;1;2;1;1.0;5;69;176, MARECHAL LECLERC (R;;;;940
38831;201300043081;13;3;16;1300;1;2;1;1.0;6;18;2/4, L'EUROPE (PL DE);;;;940
38832;201300043082;13;8;5;1845;1;2;1;1.0;3;69;178, MARECHAL LECLERC (R;;;;940
38833;201300043083;13;3;19;750;1;2;1;1.0;1;69;128, MARECHAL LECLERC (R;;;;940
38834;201300043084;13;3;19;2335;5;2;2;2.0;3;18;150, PARIS (R DE);;;;940
38835;201300043086;13;3;23;1810;1;2;1;1.0;6;69;5bis, REPUBLIQUE (QU DE;;;;940
38836;201300043088;13;3;30;350;5;2;1;1.0;7;18;43/45, PARIS (R DE);;;;940
38837;201300043090;13;8;21;1305;1;2;1;1.0;3;18;CARRIERES (QU DES);;;;940
38838;201300043091;13;4;3;915;1;2;2;1.0;3;69;GRAVELLE (AV DE);;;;940
38839;201300043093;13;4;27;1120;1;2;3;8.0;5;18;1, REPUBLIQUE (R DE LA);;;;940
38840;201300043094;13;4;27;1620;1;2;2;1.0;3;18;GABRIELLE (R);;;;940
38841;201300043095;13;5;3;1200;1;2;1;1.0;6;18;14, GRAVELLE (AV DE);;;;940
38842;201300043096;13;9;14;1445;1;2;1;2.0;6;69;REPUBLIQUE (QU DE LA);;;;940
38843;201300043097;13;5;17;1530;1;2;3;1.0;6;18;BERCY (QU DE);;;;940
38844;201300043098;13;5;22;35;5;2;1;2.0;7;18;58, PARIS (R DE);;;;940
38845;201300043099;13;5;22;1350;1;2;1;1.0;4;18;20 bis, CARRIERES (QU DE;;;;940
38846;201300043100;13;5;28;835;1;2;1;2.0;1;69;5bis, REPUBLIQUE (QU DE;;;;940
38847;201300043101;13;10;8;1400;1;2;1;1.0;6;18;14, ARCHEVECHE (R DE L);;;;940
38848;201300043102;13;10;8;1900;1;2;2;1.0;2;18;24, CARRIERES (QU DES);;;;940
38849;201300043103;13;10;12;1040;1;2;1;1.0;6;69;133, MARECHAL LECLERC (R;;;;940
38850;201300043104;13;10;22;1000;1;2;1;1.0;6;69;32, MARECHAL DE LATTRE D;;;;940
38851;201300043106;13;11;8;1940;5;1;1;2.0;3;69;SAINT MAURICE DU VALAIS;;;;940
38852;201300043107;13;11;10;1750;5;2;3;1.0;3;69;14, CANADIENS (AV DES);;;;940
38853;201300043108;13;11;17;1855;5;2;1;1.0;3;18;18, GRAVELLE (AV DE);;;;940
38854;201300043109;13;12;13;45;5;2;2;1.0;3;18;16, VERDUN (R DE);;;;940
38855;201300043110;13;12;24;1022;1;2;3;2.0;6;69;EPINETTES (R DES);;;;940
38856;201300043111;13;6;25;25;5;2;9;1.0;1;18;PARIS (R DE);;;;940
38857;201300043113;13;1;3;815;2;2;2;2.0;3;79;BISHOP'S STORDFORD (BD D;;;;940
38858;201300043114;13;1;9;1755;3;2;1;2.0;3;19;27, SUCY (R DE);;;;940
38859;201300043115;13;1;14;1230;1;2;2;1.0;6;19;L'HIPPODROME (AV DE);;;;940
38860;201300043116;13;1;14;1815;5;2;1;8.0;6;55;11, GENERAL DE GAULLE (A;;;;940
38861;201300043118;13;2;11;1715;1;2;1;1.0;6;59;54, ARDOUIN (AV);;;;940
38862;201300043119;13;2;14;820;1;1;1;2.0;6;79;BRY (RTE DE);;;;940
38863;201300043120;13;2;16;1055;1;2;1;1.0;6;79;40, GENERAL DE GAULLE (R;;;;940
38864;201300043121;13;2;17;225;5;2;1;1.0;3;55;21, ANATOLE FRANCE (R);;;;940
38865;201300043122;13;2;21;835;1;2;1;1.0;3;19;69, ARISTIDE BRIAND (R);;;;940
38866;201300043123;13;2;21;1745;1;2;1;1.0;3;55;PROVINS (RTE DE);;;;940
38867;201300043124;13;2;21;1700;1;2;2;1.0;1;79;NOISY/MONTRICHARD;;;;940
38868;201300043125;13;2;28;1645;1;2;1;1.0;6;55;GEORGES GUYNEMER (R);;;;940
38869;201300043126;13;3;1;2220;5;1;1;1.0;7;59;LEFEBVRE (AV);;;;940
38870;201300043127;13;3;9;25;3;1;1;2.0;6;60;CHAMPLAIN (CUVETTE DE);;;;940
38871;201300043128;13;3;19;1040;1;2;1;1.0;3;79;JEAN JAURES (R);;;;940
38872;201300043129;13;3;20;950;1;2;1;1.0;6;79;07, GENERAL DE GAULLE (R;;;;940
38873;201300043130;13;3;21;2215;5;2;2;2.0;2;60;GEORGES POMPIDOU (AV);;;;940
38874;201300043131;13;3;22;1210;1;2;1;1.0;6;55;OLIVIER D ORMESSON (AV);;;;940
38875;201300043133;13;3;29;1540;1;2;7;1.0;6;55;PINCE VENT (AV DE);;;;940
38876;201300043134;13;3;30;1156;1;2;1;1.0;6;60;15, MARECHAL HORTIER (AV;;;;940
38877;201300043135;13;4;2;1515;1;2;1;1.0;2;79;119, GENERAL DE GAULLE (;;;;940
38878;201300043136;13;4;2;1550;1;2;2;1.0;3;19;LIBERATION (RTE DE LA);;;;940
38879;201300043138;13;4;7;1035;1;2;1;1.0;6;59;GENERAL DE GAULLE (AV DU;;;;940
38880;201300043139;13;4;9;1950;1;2;6;2.0;3;19;LIBERATION (RTE DE LA);;;;940
38881;201300043140;13;4;10;1145;1;2;1;1.0;6;19;RABELAIS (R);;;;940
38882;201300043141;13;4;16;2215;5;2;1;1.0;6;19;82 bis, CHAMPIGNY (R DE);;;;940
38883;201300043142;13;4;18;1903;1;2;4;1.0;3;19;CHIROL (R);;;;940
38884;201300043143;13;4;25;1145;1;2;2;1.0;6;79;39, FRIEDBERG (BD DE);;;;940
38885;201300043144;13;5;1;15;5;2;2;2.0;3;59;DAME BLANCHE (AV DE LA);;;;940
38886;201300043145;13;5;2;1715;1;2;1;1.0;6;55;97, GENERAL DE GAULLE (A;;;;940
38887;201300043146;13;5;6;745;1;2;1;1.0;3;55;PROVINS (RTE DE);;;;940
38888;201300043147;13;5;7;520;5;2;3;1.0;3;60;28, JEAN JAURES (R);;;;940
38889;201300043148;13;5;11;1850;1;2;5;1.0;3;19;MARECHAL LECLERC (AV DU);;;;940
38890;201300043149;13;5;18;1120;1;2;2;1.0;3;55;CANTOUX (R DES);;;;940
38891;201300043150;13;5;20;800;1;2;1;2.0;1;53;17, GENERAL DE GAULLE (R;;;;940
38892;201300043151;13;5;24;1200;1;2;1;3.0;1;19;20, FUSILLES DE CHATEAUB;;;;940
38893;201300043152;13;5;24;1630;1;2;1;3.0;5;19;LIBERATION - CAR DE PINC;;;;940
38894;201300043153;13;5;27;1240;1;2;2;1.0;2;19;LIBERATION (RTE DE LA);;;;940
38895;201300043154;13;5;27;1840;1;2;1;1.0;2;79;JEAN JAURES (R);;;;940
38896;201300043155;13;5;30;830;1;2;5;2.0;3;55;BELVEDERE (R DU);;;;940
38897;201300043156;13;5;31;1500;1;2;1;8.0;6;79;72, FRIEDBERG (BD DE);;;;940
38898;201300043157;13;6;3;2155;5;2;1;1.0;6;79;13 BIS, GENERAL LECLERC;;;;940
38899;201300043158;13;6;4;1215;1;2;1;1.0;3;19;15, HENRI PEUTEUIL (R);;;;940
38900;201300043159;13;6;7;1725;1;2;9;1.0;6;79;2, FRIEDBERG (BD DE);;;;940
38901;201300043161;13;6;10;1845;1;2;2;1.0;2;79;MONNET/BELL;;;;940
38902;201300043162;13;6;11;440;5;2;9;1.0;3;55;47, OLIVIER D ORMESSON (;;;;940
38903;201300043163;13;6;13;2115;2;2;1;8.0;3;59;32, ARDOUIN (AV);;;;940
38904;201300043164;13;6;18;2000;1;2;3;1.0;3;19;SUCY (R DE);;;;940
38905;201300043165;13;6;20;1030;1;2;1;2.0;6;79;HENRI DUNANT (AV);;;;940
38906;201300043166;13;6;21;700;1;2;3;8.0;3;59;153, MARECHALE (AV DE LA;;;;940
38907;201300043167;13;6;21;750;1;2;2;1.0;3;55;OLIVIER D ORMESSON (AV);;;;940
38908;201300043168;13;6;21;1210;1;1;1;1.0;5;60;NOISEAU (RTE DE);;;;940
38909;201300043169;13;6;25;1610;1;2;2;1.0;3;55;CANTOUX (R DES);;;;940
38910;201300043170;13;6;4;1500;1;2;6;1.0;2;19;L'HIPPODROME (AV DE);;;;940
38911;201300043171;13;6;28;1220;1;2;1;2.0;3;19;48, ARISTIDE BRIAND (R);;;;940
38912;201300043172;13;6;29;1306;1;2;1;1.0;4;59;123, MAURICE BERTEAUX (A;;;;940
38913;201300043173;13;7;8;1900;1;2;1;1.0;2;19;57, ARISTIDE BRIAND (R);;;;940
38914;201300043174;13;7;9;1650;1;2;2;1.0;3;79;JEAN MONNET (BD);;;;940
38915;201300043175;13;7;11;2010;1;2;4;1.0;3;19;SUCY (R DE);;;;940
38916;201300043176;13;7;13;1320;1;2;1;1.0;2;60;46, GENERAL DE GAULLE (R;;;;940
38917;201300043177;13;7;17;800;1;2;6;1.0;3;59;JEAN CLAUDE DELUBAC (AV);;;;940
38918;201300043178;13;7;19;2005;1;2;1;1.0;3;60;COMBAULT (RTE DE);;;;940
38919;201300043179;13;7;20;1450;1;2;2;1.0;1;19;ALEXANDRE FOURNY (R);;;;940
38920;201300043180;13;7;28;340;5;2;2;1.0;3;59;DAME BLANCHE (AV DE LA);;;;940
38921;201300043181;13;8;14;2320;5;2;3;1.0;3;79;GENERAL LECLERC (R DU);;;;940
38922;201300043182;13;6;27;1725;1;2;1;1.0;6;60;FRERES LUMIERES (R DES);;;;940
38923;201300043183;13;8;27;840;1;2;2;1.0;3;79;HAUTE FUTAIE (AV DE LA);;;;940
38924;201300043184;13;8;27;1240;1;2;1;1.0;3;55;85, PROVINS (RTE DE);;;;940
38925;201300043185;13;9;4;805;1;2;3;1.0;5;59;37, MAURICE BERTEAUX (AV;;;;940
38926;201300043186;13;9;4;2015;1;2;1;1.0;1;79;17, GENERAL DE GAULLE (R;;;;940
38927;201300043187;13;9;5;620;5;2;1;1.0;6;55;19, ONZE NOVEMBRE (R DU);;;;940
38928;201300043188;13;9;7;1650;1;2;1;1.0;2;79;PIERRE SEMARD (PL);;;;940
38929;201300043189;13;9;12;1620;1;2;1;1.0;2;19;PLESSIS (RTE DU);;;;940
38930;201300043190;13;9;13;2135;4;2;1;2.0;3;55;14, PROVINS (RTE DE);;;;940
38931;201300043191;13;9;14;1830;1;2;2;2.0;3;79;GENERAL DE GAULLE (R DU);;;;940
38932;201300043192;13;9;19;1620;1;2;1;1.0;3;19;PINCE VENT (AV DE);;;;940
38933;201300043193;13;9;24;1615;1;2;1;1.0;6;19;31, CHAMPIGNY (R DE);;;;940
38934;201300043194;13;9;26;1715;1;2;1;1.0;3;19;100, ARISTIDE BRIAND (R);;;;940
38935;201300043195;13;10;1;1220;1;2;2;1.0;7;59;MAURICE BERTEAUX (AV);;;;940
38936;201300043196;13;10;4;2018;5;2;3;1.0;3;79;JEAN JAURES (R);;;;940
38937;201300043198;13;10;6;1845;1;2;1;8.0;7;60;GENERAL DE GAULLE (R DU);;;;940
38938;201300043199;13;10;11;910;1;2;1;2.0;3;79;COMBAULT (RTE DE);;;;940
38939;201300043200;13;10;14;750;1;2;2;1.0;6;60;LOUIS ARAGON (R);;;;940
38940;201300043201;13;10;16;930;1;2;2;8.0;3;59;HUGUENOTS (AV DES);;;;940
38941;201300043202;13;10;22;1140;1;2;1;1.0;5;60;34, GENERAL DE GAULLE (R;;;;940
38942;201300043203;13;10;26;1120;1;2;3;2.0;3;19;LIBERATION (RTE DE LA);;;;940
38943;201300043204;13;10;28;1620;1;2;1;1.0;6;79;SANCHO PANCA (IMP);;;;940
38944;201300043205;13;10;29;1725;1;2;2;1.0;3;59;57, MAURICE BERTEAUX (AV;;;;940
38945;201300043207;13;10;31;1650;1;2;1;1.0;6;59;18, COEUILLY (AV DE);;;;940
38946;201300043208;13;11;2;925;1;2;3;2.0;3;79;GENERAL DE GAULLE (R DU);;;;940
38947;201300043209;13;11;5;855;1;2;2;3.0;7;59;MAURICE BERTEAUX (AV);;;;940
38948;201300043210;13;11;8;810;1;2;3;2.0;3;55;PINCE VENT (AV DE);;;;940
38949;201300043211;13;11;14;1300;1;2;2;3.0;3;19;37, LIBERATION (RTE DE L;;;;940
38950;201300043212;13;11;18;1150;1;2;1;1.0;6;59;08, GENERAL LECLERC (AV;;;;940
38951;201300043213;13;11;27;1315;1;2;2;1.0;3;19;LIBERATION (RTE DE LA);;;;940
38952;201300043214;13;12;2;1455;1;2;3;1.0;3;19;FUSILLES DE CHATEAUBRIAN;;;;940
38953;201300043215;13;12;2;2255;3;2;1;1.0;3;53;40, GRANDE RUE PIERRE ME;;;;940
38954;201300043216;13;12;9;910;1;2;2;1.0;3;59;MARBEAU (AV);;;;940
38955;201300043217;13;12;13;1422;1;2;1;1.0;3;19;2, LIBERATION (RTE DE LA;;;;940
38956;201300043218;13;12;18;800;5;2;1;1.0;6;60;JEAN RACINE (R);;;;940
38957;201300043219;13;12;20;815;1;2;1;1.0;6;55;85, JULES GUESDE (R);;;;940
38958;201300043220;13;12;20;1750;5;2;2;1.0;4;55;NON DENOMMEE (VOI);;;;940
38959;201300043221;13;12;22;930;1;2;2;2.0;3;53;GRANDE RUE PIERRE MENDES;;;;940
38960;201300043222;13;12;24;1935;5;2;3;2.0;3;79;JEAN JAURES (R);;;;940
38961;201300043223;13;12;27;915;1;2;6;2.0;3;55;PINCE VENT - CAR DE PINC;;;;940
38962;201300043224;13;12;27;1557;1;2;1;8.0;6;59;GONZALVE (AV);;;;940
38963;201300043225;13;12;27;1940;5;2;1;2.0;6;79;JEAN JAURES (R);;;;940
38964;201300043226;13;8;17;640;2;2;2;1.0;6;22;LUGO (AV DE);;;;940
38965;201300043227;13;12;16;2355;5;2;1;1.0;6;22;3, PRESIDENT ROOSEVELT (;;;;940
38966;201300043228;13;8;18;1950;2;2;2;1.0;3;22;STALINGRAD (BD DE);;;;940
38967;201300043229;13;1;25;755;1;2;3;1.0;3;22;STALINGRAD (BD DE);;;;940
38968;201300043230;13;8;20;905;1;2;1;1.0;6;22;A J GABRIEL (ALL);;;;940
38969;201300043231;13;4;28;1515;1;2;3;1.0;6;54;COMMERCE (R DU);;;;940
38970;201300043234;13;8;24;1850;1;2;9;1.0;6;22;25, GAMBETTA (AV);;;;940
38971;201300043235;13;5;5;430;5;1;1;1.0;2;81;A86;M;4877340.0;240314.0;940
38972;201300043236;13;3;31;2215;5;2;1;1.0;6;22;04, JEAN JAURES (R);;;;940
38973;201300043237;13;8;28;1625;1;2;2;1.0;3;54;BAS MARIN (R DU);;;;940
38974;201300043238;13;5;6;1330;1;2;2;1.0;3;22;STALINGRAD (BD DE);;;;940
38975;201300043239;13;12;28;1030;1;2;1;1.0;7;22;FOUR (R DU);;;;940
38976;201300043240;13;8;29;1900;1;2;1;1.0;2;22;VILLENEUVE ST GEORGES (A;;;;940
38977;201300043241;13;5;9;1325;1;2;1;1.0;6;22;ANATOLE FRANCE (AV);;;;940
38978;201300043242;13;5;11;505;5;2;2;1.0;3;22;LUGO (AV DE);;;;940
38979;201300043243;13;12;31;1620;1;2;1;1.0;6;54;22, JEAN MERMOZ (R);;;;940
38980;201300043244;13;5;13;1650;1;2;1;1.0;7;54;VICTOIRE (AV DE LA);;;;940
38981;201300043245;13;9;5;1000;1;2;1;1.0;6;22;WALDECK ROUSSEAU (R);;;;940
38982;201300043247;13;1;18;2120;5;2;1;4.0;2;22;VICTOR HUGO (AV);;;;940
38983;201300043248;13;9;9;1235;1;2;1;2.0;3;22;LEON GOURDAULT (AV);;;;940
38984;201300043249;13;8;31;440;5;2;1;1.0;2;54;MARCEL CACHIN (AV);;;;940
38985;201300043250;13;10;14;1235;1;2;1;1.0;2;22;10, ALFORTVILLE (AV D);;;;940
38986;201300043251;13;8;28;1905;1;2;2;1.0;3;54;VICTOIRE/COUTURIER;;;;940
38987;201300043252;13;9;20;1645;1;2;1;1.0;6;54;MARCEL CACHIN (AV);;;;940
38988;201300043253;13;11;18;850;1;2;1;1.0;6;22;ALFORTVILLE (AV D);;;;940
38989;201300043254;13;12;3;825;1;2;1;1.0;5;22;12, LEON GOURDAULT (AV);;;;940
38990;201300043256;13;2;5;1115;1;1;1;8.0;4;22;LUGO (AV DE);;;;940
38991;201300043257;13;6;1;1045;1;2;1;1.0;6;22;34, AUGUSTE BLANQUI (R);;;;940
38992;201300043258;13;2;7;1830;5;2;2;1.0;3;22;YOURI GAGARINE (AV);;;;940