;Num_Acc;an;mois;jour;hrmn;lum;agg;int;atm;col;com;adr;gps;lat;long;dep
38993;201300043259;13;5;10;1130;1;2;1;1.0;6;22;LOUISE MICHEL (R);;;;940
38994;201300043260;13;9;27;1435;1;2;1;1.0;6;22;30, EPARGNE (R DE L);;;;940
38995;201300043264;13;2;12;1625;1;2;1;8.0;6;22;YVES LEGER (R);;;;940
38996;201300043265;13;10;4;730;2;2;9;1.0;2;54;BAS MARIN (R DU);;;;940
38997;201300043266;13;10;4;1900;5;2;1;1.0;2;22;28, VICTOR HUGO (AV);;;;940
38998;201300043267;13;6;10;820;1;2;2;1.0;3;54;VICTOIRE (AV DE LA);;;;940
38999;201300043269;13;6;12;1140;1;2;9;8.0;3;22;60, VICTOR HUGO (AV);;;;940
39000;201300043270;13;10;9;2000;3;1;1;2.0;2;81;A86;M;4877340.0;240309.0;940
39001;201300043271;13;6;16;1510;1;2;1;1.0;6;22;43, TRAVERSIERE (R);;;;940
39002;201300043272;13;10;12;1550;1;2;1;1.0;5;54;SAULES (VOI DES);;;;940
39003;201300043273;13;6;18;1710;1;2;2;1.0;3;54;VICTOIRE (AV DE LA);;;;940
39004;201300043274;13;10;17;525;5;2;2;2.0;3;22;GAMBETTA (AV);;;;940
39005;201300043275;13;10;20;1205;1;2;1;2.0;3;22;VICTOR HUGO (AV);;;;940
39006;201300043276;13;10;20;2200;5;2;2;8.0;4;22;VICTOR HUGO (AV);;;;940
39007;201300043277;13;10;21;1245;1;2;1;1.0;6;22;20, FOUR (R DU);;;;940
39008;201300043278;13;3;4;1750;1;2;1;1.0;3;22;CHOISY (RTE DE);;;;940
39009;201300043279;13;3;6;1735;1;2;3;1.0;3;54;ADRIEN RAYNAL (AV);;;;940
39010;201300043280;13;7;1;1740;1;2;1;1.0;6;22;59, DOCTEUR ROUX (R DU);;;;940
39011;201300043281;13;7;2;1140;1;2;1;1.0;3;54;93, VICTOIRE (AV DE LA);;;;940
39012;201300043282;13;7;2;1525;1;2;1;1.0;6;22;2, GAMBETTA (AV);;;;940
39013;201300043284;13;7;6;1905;1;2;1;1.0;7;54;20, ADRIEN RAYNAL (AV);;;;940
39014;201300043285;13;11;6;910;1;2;1;8.0;2;22;115, ALFORTVILLE (AV D);;;;940
39015;201300043286;13;3;22;913;1;2;1;1.0;3;22;ANATOLE FRANCE (AV);;;;940
39016;201300043287;13;11;8;2000;5;2;1;2.0;7;22;JEAN JAURES (R);;;;940
39017;201300043288;13;11;9;1730;5;2;1;2.0;6;54;MARTYRS DE CHATEAUBRIANT;;;;940
39018;201300043289;13;3;24;1845;2;2;1;1.0;6;22;GAMBETTA (AV);;;;940
39019;201300043290;13;3;25;1649;1;2;1;1.0;3;22;30, LEON GOURDAULT (AV);;;;940
39020;201300043291;13;11;14;635;5;2;7;1.0;6;54;MARTYRS DE CHATEAUBRIANT;;;;940
39021;201300043292;13;7;18;1430;1;2;2;1.0;6;22;CHRISTOPHE COLOMB (R);;;;940
39022;201300043293;13;3;31;1120;1;2;1;1.0;3;22;54, STALINGRAD (BD DE);;;;940
39023;201300043294;13;3;31;1615;1;2;1;1.0;3;22;VICTOR HUGO (AV);;;;940
39024;201300043295;13;11;18;1550;1;2;1;1.0;6;54;68, ADRIEN RAYNAL (AV);;;;940
39025;201300043296;13;3;31;2050;5;2;1;1.0;3;22;VICTOR HUGO (AV);;;;940
39026;201300043297;13;7;20;2145;5;2;1;1.0;3;22;126, STALINGRAD (BD DE);;;;940
39027;201300043298;13;4;2;1340;1;2;1;1.0;6;22;ROBERT PEARY (R);;;;940
39028;201300043299;13;7;23;1345;1;2;3;2.0;3;22;ALFORTVILLE (AV D);;;;940
39029;201300043301;13;11;21;1850;5;2;1;2.0;6;22;147, MARECHAL DE LATTRE;;;;940
39030;201300043302;13;11;22;1500;1;2;3;8.0;2;22;20, REPUBLIQUE (AV DE LA;;;;940
39031;201300043304;13;7;26;1100;1;2;1;1.0;6;22;01, AV ANATOLE FRANCE;M;4876520.0;240948.0;940
39032;201300043305;13;4;6;1600;1;2;3;1.0;3;54;BAS MARIN (R DU);;;;940
39033;201300043306;13;7;26;2035;1;2;1;1.0;6;22;ROUGET DE LISLE (R);;;;940
39034;201300043307;13;11;25;2230;5;2;2;1.0;3;22;ROUGET DE LISLE (R);;;;940
39035;201300043308;13;11;27;1215;1;2;1;1.0;6;22;43, LUGO (AV DE);;;;940
39036;201300043309;13;4;12;1810;1;2;1;2.0;2;54;MARCEL CACHIN (AV);;;;940
39037;201300043310;13;8;1;1845;1;2;3;7.0;6;22;LUGO (AV DE);;;;940
39038;201300043311;13;12;2;1000;1;2;9;1.0;3;22;JEAN JAURES (R);;;;940
39039;201300043312;13;12;4;1150;1;2;3;1.0;2;22;206 BIS, PARIS (R DE);;;;940
39040;201300043313;13;4;18;1840;1;2;7;1.0;6;22;VICTOR HUGO (AV);;;;940
39041;201300043314;13;12;8;1320;1;2;1;1.0;6;22;02, LEON GOURDAULT (AV);;;;940
39042;201300043315;13;12;9;800;1;2;1;1.0;3;22;21, ANATOLE FRANCE (AV);;;;940
39043;201300043316;13;8;9;1200;1;2;1;1.0;2;54;BAS MARIN (R DU);;;;940
39044;201300043317;13;8;12;1750;1;2;3;1.0;2;22;HUIT MAI 1945 (AV DU);;;;940
39045;201300043318;13;4;25;720;1;2;1;1.0;6;73;130, LATTRE DE TASSIGNY;M;4875330.0;240552.0;940
39046;201300043319;13;1;3;1100;1;2;1;2.0;2;28;AV DU MARECHAL FOCH;M;4878110.0;243754.0;940
39047;201300043320;13;1;7;1900;3;2;1;1.0;6;11;0, CHOISY.(AVENUE DE);;;;940
39048;201300043321;13;1;8;1235;1;2;1;1.0;6;28;40, PORTE DINER.(RUE DU);;;;940
39049;201300043322;13;1;14;500;5;2;1;9.0;6;28;NC, HALPERN.(AVENUE BERN;;;;940
39050;201300043323;13;1;9;2000;3;2;6;1.0;6;28;CAR POMPADOUR;M;4877460.0;243934.0;940
39051;201300043324;13;1;16;1405;1;2;3;1.0;3;28;0, GAULLE(AVENUE DU GENE;;;;940
39052;201300043325;13;1;15;800;2;2;1;2.0;3;28;0, GAULLE(AVENUE DU GENE;;;;940
39053;201300043326;13;1;14;1910;1;2;1;1.0;6;28;0, PARIS.(RUE DE);;;;940
39054;201300043327;13;1;22;1650;1;2;2;1.0;6;28;0, ARCOS.(RUE RENE);;;;940
39055;201300043328;13;1;26;1800;5;2;1;1.0;2;11;40, COLONEL FABIEN(RUE D;;;;940
39056;201300043329;13;1;26;1910;5;2;1;1.0;2;11;02, STAINS(ROUTE DE);;;;940
39057;201300043331;13;1;30;843;1;2;1;2.0;6;28;0, CASALIS.(AVE DU DR PA;;;;940
39058;201300043332;13;2;1;1710;2;2;3;1.0;3;28;0, CHAMPEVAL(AVE JEAN-BA;;;;940
39059;201300043333;13;2;3;1630;1;2;1;1.0;6;28;0, SATIE.(RUE ERIK);;;;940
39060;201300043334;13;2;2;5;5;2;1;1.0;4;28;0, CHOISY(ROUTE DE);;;;940
39061;201300043335;13;1;31;1525;1;2;1;1.0;2;28;0, CHOISY(ROUTE DE);;;;940
39062;201300043336;13;2;5;1110;1;2;1;1.0;2;11;49, MOULIN BATEAU.(RUE D;;;;940
39063;201300043338;13;2;9;1630;1;2;1;2.0;6;11;NC, COLONEL FABIEN(RUE D;;;;940
39064;201300043339;13;2;11;1715;1;2;1;1.0;3;28;0, VERDUN.(AVENUE DE);;;;940
39065;201300043340;13;2;11;1810;1;2;1;1.0;2;28;66, MECHES.(RUE DES);;;;940
39066;201300043341;13;2;13;945;1;2;1;1.0;6;28;NC, LAFERRIERE(AVENUE);;;;940
39067;201300043342;13;2;13;1245;1;2;1;1.0;3;28;NC, ARCOS.(RUE RENE);;;;940
39068;201300043343;13;2;16;340;3;2;1;1.0;6;28;0, LECLERC.(RUE DU GENER;;;;940
39069;201300043344;13;2;16;1410;1;2;1;1.0;6;28;0, BOEUFS(CHEMIN DES);;;;940
39070;201300043345;13;2;16;1825;2;2;1;1.0;6;28;NC, FRANCE LIBRE(AVENUE;;;;940
39071;201300043346;13;2;17;1530;1;2;1;1.0;2;28;0, SAVAR.(RUE JULIETTE);;;;940
39072;201300043347;13;2;18;1730;1;2;1;1.0;6;28;0, LAFERRIERE(AVENUE);;;;940
39073;201300043348;13;2;22;1120;1;2;1;1.0;2;28;0, CHOISY(ROUTE DE);;;;940
39074;201300043349;13;2;24;150;5;2;1;4.0;7;28;0, BROSSOLETTE(AVENUE PI;;;;940
39075;201300043350;13;3;1;110;5;1;1;1.0;6;28;0, GAULLE(AVENUE DU GENE;;;;940
39076;201300043351;13;3;1;1830;1;2;1;1.0;2;28;NC, COMPAGNONS DE LA LIB;;;;940
39077;201300043352;13;3;2;1950;5;2;1;1.0;4;11;0, RHIN ET DANUBE(RUE DU;;;;940
39078;201300043354;13;3;5;1450;1;2;1;1.0;3;28;0, CHOISY(ROUTE DE);;;;940
39079;201300043355;13;3;7;2230;5;2;1;1.0;3;11;0, BOISSY.(AVENUE DE);;;;940
39080;201300043356;13;3;15;1815;1;2;1;1.0;6;28;0, CLOS DE VOUGEOT.(RUE;;;;940
39081;201300043358;13;3;22;1110;1;2;1;1.0;6;28;2BIS, TASSIGNY(AVE DU MA;;;;940
39082;201300043359;13;4;3;1715;1;2;1;1.0;6;28;32, LACHARRIERE.(RUE DU;;;;940
39083;201300043360;13;4;6;1545;1;2;3;1.0;6;28;0, MESLY.(RUE DE);;;;940
39084;201300043361;13;4;8;15;3;2;1;1.0;6;28;0, SAVAR.(RUE JULIETTE);;;;940
39085;201300043362;13;4;6;1350;1;2;3;1.0;3;28;0, OUDRY.(BOULVARD JEAN;;;;940
39086;201300043363;13;4;10;845;1;2;1;1.0;3;11;120, PARIS(AVENUE DE);;;;940
39087;201300043364;13;4;10;1715;1;2;1;1.0;2;28;8, SARRAIL.(RUE DU GENER;;;;940
39088;201300043365;13;4;11;1545;1;2;1;1.0;2;28;NR, MATISSE(RUE HENRI);;;;940
39089;201300043366;13;4;17;845;1;2;1;1.0;6;11;0, ROSTAND.(RUE JEAN);;;;940
39090;201300043367;13;4;17;1026;1;2;1;1.0;6;28;0, SAINT-ELOI.(RUE);;;;940
39091;201300043368;13;4;18;2150;3;2;1;1.0;3;28;0, CHOISY(ROUTE DE);;;;940
39092;201300043369;13;4;18;1430;1;2;1;1.0;3;28;HALPERN.(AVENUE BERNARD);;;;940
39093;201300043370;13;4;18;1735;1;2;6;1.0;3;28;CHOISY/FOCH;M;4877460.0;243934.0;940
39094;201300043372;13;4;22;1330;1;2;1;1.0;2;28;100, SAVAR.(RUE JULIETTE;;;;940
39095;201300043373;13;4;22;1520;1;2;1;1.0;2;11;116, PARIS(AVENUE DE);;;;940
39096;201300043374;13;4;23;1410;1;2;1;1.0;2;28;0, POMPADOUR(ROUTE DE LA;;;;940
39097;201300043375;13;4;25;1215;1;2;1;1.0;2;28;0, CHOISY(ROUTE DE);;;;940
39098;201300043376;13;4;29;900;1;2;1;1.0;3;28;NC, MOULIN(RUE DU);;;;940
39099;201300043377;13;4;28;2030;1;2;1;1.0;3;28;46, TASSIGNY(AVE DU MARE;;;;940
39100;201300043379;13;5;9;125;3;2;1;1.0;7;28;4, SCHOELCHER(RUE VICTOR;;;;940
39101;201300043380;13;5;10;1345;1;2;6;1.0;6;11;0, PARIS(AVENUE DE);;;;940
39102;201300043381;13;5;12;1355;1;2;1;1.0;6;28;0, TASSIGNY(AVE DU MAREC;;;;940
39103;201300043382;13;5;12;2250;5;2;1;2.0;6;11;0, PARIS(AVENUE DE);;;;940
39104;201300043383;13;5;12;2200;5;2;9;2.0;3;28;0, VERDUN.(AVENUE DE);;;;940
39105;201300043384;13;5;15;1200;1;2;1;1.0;2;11;NC, ROSTAND.(RUE JEAN);;;;940
39106;201300043385;13;5;17;822;1;2;1;1.0;2;28;nc, CHOISY(ROUTE DE);;;;940
39107;201300043386;13;5;20;1750;1;2;1;1.0;6;28;96, TASSIGNY(AVE DU MARE;;;;940
39108;201300043387;13;5;21;1635;1;2;6;1.0;3;28;CHOISY/FOCH;M;4877460.0;243934.0;940
39109;201300043389;13;5;21;1030;1;2;1;2.0;2;28;0, CHOISY(ROUTE DE);;;;940
39110;201300043390;13;5;22;1810;1;2;1;1.0;6;28;0, TASSIGNY(AVE DU MAREC;;;;940
39111;201300043391;13;5;18;315;5;2;1;1.0;4;28;NC, FOCH(AVENUE DU MAREC;;;;940
39112;201300043392;13;5;28;1045;1;2;1;1.0;6;28;59, CASALIS.(AVE DU DR P;;;;940
39113;201300043393;13;5;28;1640;1;2;1;1.0;6;28;0, SAVAR.(RUE JULIETTE);;;;940
39114;201300043394;13;5;29;1350;1;2;1;1.0;6;28;0, ECHAT(RUE DE L');;;;940
39115;201300043395;13;5;30;800;1;2;1;2.0;6;28;0, MITTERAND (Rue Fran?o;;;;940
39116;201300043396;13;5;31;1315;1;2;1;1.0;6;11;0, MARRONNIERS.(AVENUE D;;;;940
39117;201300043398;13;6;5;1700;1;2;1;1.0;2;11;0, SEMARD(RUE PIERRE);;;;940
39118;201300043399;13;6;8;940;1;2;1;1.0;2;28;NC, LECLERC.(RUE DU GENE;;;;940
39119;201300043400;13;6;8;735;1;2;1;1.0;3;28;AV DU MARECHAL FOCH;M;4877280.0;243967.0;940
39120;201300043401;13;6;9;405;5;2;1;2.0;6;28;65, R SAINT-SIMON;M;4879460.0;244543.0;940
39121;201300043402;13;6;7;910;1;2;1;1.0;6;11;09, CHOISY.(AVENUE DE);;;;940
39122;201300043403;13;6;13;1620;1;2;3;2.0;3;28;0, BROSSOLETTE(AVENUE PI;;;;940
39123;201300043404;13;6;16;430;2;1;6;1.0;3;28;CHOISY/FOCH;M;4877400.0;243915.0;940
39124;201300043405;13;6;17;840;1;2;1;1.0;6;28;0, SULLY(RUE MAXILIEN DE;;;;940
39125;201300043406;13;6;17;1930;1;2;6;2.0;2;28;FOCH/SEGUIN;;;;940
39126;201300043407;13;6;16;225;3;1;6;1.0;2;28;CHOISY/FOCH;M;4877460.0;243934.0;940
39127;201300043408;13;6;18;1630;1;2;2;1.0;5;28;FOCH/FONTAINE ST CHRISTO;M;4878020.0;243777.0;940
39128;201300043409;13;6;18;1850;1;2;1;1.0;2;28;NC, VERDUN.(AVENUE DE);;;;940
39129;201300043410;13;6;19;830;1;2;1;3.0;4;28;77, PARIS.(RUE DE);;;;940
39130;201300043411;13;6;21;2230;5;2;1;1.0;3;28;0, CHOISY(ROUTE DE);;;;940
39131;201300043412;13;6;23;1200;1;2;1;1.0;6;28;0, CHOISY(ROUTE DE);;;;940
39132;201300043413;13;6;22;650;1;2;1;1.0;6;28;0, VASCO DE GAMA (R);;;;940
39133;201300043414;13;6;23;1900;1;2;1;1.0;6;11;0, OUEST(ROUTE DE L');;;;940
39134;201300043415;13;6;23;1800;1;2;1;1.0;6;28;0, GAULLE(AVENUE DU GENE;;;;940
39135;201300043416;13;6;25;310;5;2;1;1.0;3;28;0, ARCOS.(RUE RENE);;;;940
39136;201300043417;13;6;25;1930;1;2;1;1.0;3;11;0, ROSTAND.(RUE JEAN);;;;940
39137;201300043418;13;6;26;1150;1;2;6;1.0;6;28;CHOISY/CHOISY;;;;940
39138;201300043419;13;6;26;2050;1;2;1;1.0;6;28;0, FRANCE LIBRE(AVENUE D;;;;940
39139;201300043420;13;6;28;1030;1;2;1;1.0;6;28;97, LAFERRIERE(AVENUE);;;;940
39140;201300043421;13;6;28;1120;1;2;1;1.0;2;28;30, FRANCE LIBRE(AVENUE;;;;940
39141;201300043422;13;6;28;1130;1;2;1;1.0;6;28;NR, CASALIS.(AVE DU DR P;;;;940
39142;201300043423;13;6;30;55;5;2;1;1.0;2;28;NC, COMPAGNONS DE LA LIB;;;;940
39143;201300043424;13;6;30;1545;1;2;1;1.0;3;11;NC, GROSS(RUE AUGUSTE);;;;940
39144;201300043425;13;7;1;1905;1;2;1;1.0;2;28;33, MECHES.(RUE DES);;;;940
39145;201300043426;13;7;2;1025;1;2;1;1.0;6;28;62, LECLERC.(RUE DU GENE;;;;940
39146;201300043427;13;7;2;1655;1;2;1;1.0;6;28;3, GALLIENI.(AVENUE DU G;;;;940
39147;201300043428;13;7;2;2125;2;2;1;1.0;3;28;NC, CASALIS.(AVE DU DR P;;;;940
39148;201300043429;13;7;9;1320;1;2;1;1.0;2;28;0, COMPAGNONS DE LA LIBE;;;;940
39149;201300043430;13;7;10;1930;1;2;1;1.0;2;28;7, GAULLE(AVENUE DU GENE;;;;940
39150;201300043432;13;7;11;1640;1;1;1;1.0;6;28;0, HALPERN.(AVENUE BERNA;;;;940
39151;201300043433;13;7;12;1345;1;2;1;1.0;6;28;33, TASSIGNY(AVE DU MARE;;;;940
39152;201300043434;13;7;14;1115;1;2;1;1.0;6;11;0, CHOISY.(AVENUE DE);;;;940
39153;201300043435;13;7;14;1520;1;2;3;1.0;3;28;0, VERDUN.(AVENUE DE);;;;940
39154;201300043436;13;7;17;2025;1;2;1;1.0;6;28;0, Duvauchelle (rue Domi;;;;940
39155;201300043437;13;7;19;1501;1;2;1;1.0;3;28;0, FRANCE LIBRE(AVENUE D;;;;940
39156;201300043438;13;7;22;830;1;2;1;1.0;6;28;0, VERDUN.(AVENUE DE);;;;940
39157;201300043439;13;7;24;2250;5;2;1;1.0;3;28;96, R JULIETTE SAVAR;M;4878120.0;246496.0;940
39158;201300043440;13;7;25;1610;1;2;3;1.0;6;28;0, MECHES.(RUE DES);;;;940
39159;201300043441;13;8;5;2015;1;2;1;1.0;6;28;0, CHERET(RUE ET IMPASSE;;;;940
39160;201300043442;13;8;6;1640;1;2;1;1.0;6;28;25, MECHES.(RUE DES);;;;940
39161;201300043443;13;8;20;1550;1;2;1;1.0;2;28;33, VERDUN.(AVENUE DE);;;;940
39162;201300043444;13;8;25;155;5;2;1;2.0;7;28;AV DE LATTRE DE TASSIGNY;;;;940
39163;201300043445;13;8;26;1150;1;2;6;1.0;3;28;CHOISY/FOCH;M;4877460.0;243934.0;940
39164;201300043446;13;8;27;1555;1;2;1;2.0;6;28;0, FRANCE LIBRE(AVENUE D;;;;940
39165;201300043448;13;9;3;1610;1;2;1;1.0;2;28;NC, CHOISY(ROUTE DE);;;;940
39166;201300043449;13;9;4;1240;1;2;1;1.0;6;28;0, SAINT SIMON (rue);;;;940
39167;201300043450;13;9;12;1000;1;2;1;1.0;6;28;26, SARRASINS(RUE DES);;;;940
39168;201300043451;13;9;12;1355;1;2;1;1.0;3;28;NC, CORBIERES(RUE DES);;;;940
39169;201300043454;13;9;18;1700;1;1;1;2.0;2;28;A86;M;4877600.0;243825.0;940
39170;201300043455;13;9;21;650;2;2;1;1.0;6;28;141, LECLERC.(RUE DU GEN;;;;940
39171;201300043456;13;9;22;1550;1;2;1;1.0;3;11;NC, COLONEL FABIEN(RUE D;;;;940
39172;201300043457;13;9;22;1630;1;2;1;1.0;3;28;NC, POMPADOUR(ROUTE DE L;;;;940
39173;201300043458;13;9;18;1219;1;2;1;1.0;7;28;0, HALPERN.(AVENUE BERNA;;;;940
39174;201300043459;13;9;25;1650;1;2;1;1.0;6;28;15, MECHES.(RUE DES);;;;940
39175;201300043460;13;9;26;1355;1;2;1;1.0;6;28;0, ARCOS.(RUE RENE);;;;940
39176;201300043461;13;9;26;2250;5;2;2;1.0;2;28;FOCH/FONTAINE ST CHRISTO;M;4878020.0;243777.0;940
39177;201300043462;13;9;23;1920;1;2;1;1.0;2;11;0, RHIN ET DANUBE(RUE DU;;;;940
39178;201300043464;13;10;4;2120;5;2;1;1.0;6;28;18, MECHES.(RUE DES);;;;940
39179;201300043465;13;10;6;1010;1;2;1;1.0;6;28;NC, HALPERN.(AVENUE BERN;;;;940
39180;201300043466;13;10;7;1450;1;2;1;1.0;3;11;NC, CLAVIZIS.(RUE DES);;;;940
39181;201300043467;13;10;9;1715;1;2;1;1.0;2;28;0, LAFERRIERE(AVENUE);;;;940
39182;201300043468;13;10;11;1730;1;2;1;1.0;2;28;0, PASTEUR VALERY RADOT(;;;;940
39183;201300043469;13;10;13;1400;1;2;2;1.0;3;28;0, POMPADOUR(ROUTE DE LA;;;;940
39184;201300043470;13;10;16;1420;1;2;1;2.0;7;11;39, PARIS(AVENUE DE);;;;940
39185;201300043471;13;10;16;1630;1;2;1;2.0;6;11;0, BICENTENAIRE.(AVENUE;;;;940
39186;201300043472;13;10;18;1846;1;2;1;1.0;6;11;27, PARIS(AVENUE DE);;;;940
39187;201300043473;13;10;19;1625;1;2;1;1.0;6;28;47, HALAGE.(QUAI DE ET P;;;;940
39188;201300043474;13;10;22;815;1;2;1;1.0;6;28;0, BLEUETS(RUE DES);;;;940
39189;201300043475;13;10;23;1210;1;2;1;1.0;6;11;01, BICENTENAIRE.(AVENUE;;;;940
39190;201300043476;13;10;23;1730;1;2;1;1.0;6;11;15, COLONEL FABIEN(RUE D;;;;940
39191;201300043477;13;10;26;1810;2;2;1;1.0;2;11;0, PARIS(AVENUE DE);;;;940
39192;201300043478;13;10;28;1035;1;2;1;1.0;6;28;0, 0;;;;940
39193;201300043479;13;10;29;1210;1;2;1;1.0;4;28;30, TASSIGNY(AVE DU MARE;;;;940
39194;201300043480;13;10;29;1040;1;2;1;1.0;3;28;97, AV DU MARECHAL FOCH;M;4878120.0;243745.0;940
39195;201300043481;13;10;29;845;1;2;1;1.0;6;11;0, FOSSE AUX MOINES.(RUE;;;;940
39196;201300043482;13;11;1;1200;1;2;1;2.0;3;11;0, CONVENTIONS.(AVENUE D;;;;940
39197;201300043483;13;11;12;1930;3;2;1;1.0;3;28;5, CHABRIER.(RUE ET PLAC;;;;940
39198;201300043485;13;11;13;615;5;2;2;1.0;2;28;FOCH/FONTAINESTCHRISTOPH;M;4878020.0;243777.0;940
39199;201300043486;13;11;13;735;5;2;1;1.0;3;28;NC, POMPADOUR(ROUTE DE L;;;;940
39200;201300043488;13;11;13;1230;1;2;1;1.0;6;28;NC, GAULLE(AVENUE DU GEN;;;;940
39201;201300043489;13;11;17;1910;5;2;1;1.0;2;28;0, CHOISY(ROUTE DE);;;;940
39202;201300043490;13;11;12;1620;1;1;1;2.0;3;28;0, GENERAL LECLERC (AV D;;;;940
39203;201300043491;13;11;18;820;1;2;1;1.0;6;11;16, GROSS(RUE AUGUSTE);;;;940
39204;201300043493;13;11;23;1630;5;2;1;1.0;4;11;0, GAULLE(CARREFOUR CHAR;;;;940
39205;201300043494;13;11;22;1715;3;2;1;1.0;6;11;24, LECLERC.(AVENUE DU M;;;;940
39206;201300043495;13;11;26;1245;1;2;1;1.0;6;28;NC, CHOISY(ROUTE DE);;;;940
39207;201300043496;13;11;26;1755;5;2;1;1.0;6;28;NC, JOLY(RUE DE);;;;940
39208;201300043497;13;11;27;1235;1;2;1;1.0;6;28;0, CHOISY(ROUTE DE);;;;940
39209;201300043498;13;11;27;1700;1;2;1;1.0;2;28;nc, ARCHIVES.(RUE DES);;;;940
39210;201300043499;13;11;26;1350;1;2;1;1.0;6;28;NC, MATISSE(RUE HENRI);;;;940
39211;201300043500;13;12;1;840;1;2;2;1.0;1;28;CHOISY/HALPERN;M;4878870.0;245139.0;940
39212;201300043501;13;12;2;1920;5;2;1;1.0;2;28;HALPERN.(AVENUE BERNARD);;;;940
39213;201300043502;13;12;3;1150;1;2;1;1.0;6;28;25, BROSSOLETTE(AVENUE P;;;;940
39214;201300043503;13;12;6;1545;1;2;1;1.0;6;11;34, COLONEL FABIEN(RUE D;;;;940
39215;201300043504;13;12;10;1500;1;2;1;1.0;2;11;NC, BOISSY.(AVENUE DE);;;;940
39216;201300043505;13;12;10;1530;2;2;1;1.0;3;28;NC, MESLY(AVENUE DU CHEM;;;;940
39217;201300043506;13;12;14;1145;1;2;1;1.0;2;28;00, CHOISY(ROUTE DE);;;;940
39218;201300043507;13;12;19;1150;1;2;1;1.0;2;28;0, CHOISY(ROUTE DE);;;;940
39219;201300043508;13;12;20;2115;5;2;1;1.0;1;28;0, HABETTE(AVENUE ET PLA;;;;940
39220;201300043509;13;12;21;2330;5;2;1;1.0;6;28;0, CHOISY(ROUTE DE);;;;940
39221;201300043511;13;12;23;2000;5;2;1;2.0;1;28;nc, LAFERRIERE(AVENUE);;;;940
39222;201300043512;13;12;24;1600;1;2;1;1.0;6;28;47, ECHAT(RUE DE L');;;;940
39223;201300043513;13;12;25;1535;1;2;1;1.0;1;28;NC, Saussaie du ban (rue;;;;940
39224;201300043514;13;12;31;930;1;2;1;1.0;3;28;AV DU MARECHAL FOCH;M;4877610.0;243879.0;940
39225;201300043515;13;12;31;2205;3;2;1;1.0;6;28;0, CHOISY(ROUTE DE);;;;940
39226;201300043516;13;1;18;1750;5;2;7;4.0;6;33;LOUISON BOBET (AV);;;;940
39227;201300043518;13;1;30;1210;1;2;1;3.0;2;33;D'ETTERBECK (PL);;;;940
39228;201300043519;13;1;30;1940;5;2;3;1.0;1;33;VERDUN (BD DE);;;;940
39229;201300043520;13;2;2;345;5;2;4;2.0;3;33;REPUBLIQUE/PRES LORETS;M;4885250.0;246093.0;940
39230;201300043521;13;2;23;815;1;2;1;1.0;6;33;8, MONTESQUIEU (R);;;;940
39231;201300043522;13;3;3;1145;1;2;3;1.0;6;33;16, NOTRE DAME (R);;;;940
39232;201300043523;13;3;10;1405;1;2;1;8.0;3;33;30, BOIS GALON (R DU);;;;940
39233;201300043524;13;3;27;655;1;2;1;1.0;6;33;45, VERDUN (BD DE);;;;940
39234;201300043525;13;4;17;1145;1;2;1;1.0;2;33;04, MARECHAL DE LATTRE D;;;;940
39235;201300043526;13;4;21;2150;5;2;2;1.0;3;33;DAME BLANCHE (AV DE LA);;;;940
39236;201300043527;13;4;29;1435;1;2;6;1.0;2;33;28, MARECHAL DE LATTRE D;;;;940
39237;201300043528;13;5;7;1055;1;2;2;1.0;3;33;DEUX COMMUNES (BD DES);;;;940
39238;201300043529;13;5;14;1105;1;2;1;8.0;1;33;2, REPUBLIQUE (AV DE LA);;;;940
39239;201300043530;13;5;22;855;1;2;2;1.0;6;33;LOUIS AUROUX (R);;;;940
39240;201300043531;13;5;28;755;1;2;1;2.0;1;33;5, JEAN MACE (R);;;;940
39241;201300043532;13;6;11;830;1;2;1;1.0;2;33;180, VICTOR HUGO (AV);;;;940
39242;201300043534;13;6;18;1300;1;2;2;2.0;1;33;177, VICTOR HUGO (AV);;;;940
39243;201300043535;13;6;23;2105;1;2;2;2.0;1;33;VERDUN (BD DE);;;;940
39244;201300043538;13;7;23;1700;1;2;1;1.0;3;33;116, MARECHAL JOFFRE (AV;;;;940
39245;201300043539;13;7;17;2220;2;2;2;1.0;3;33;PRES LORETS (R DES);;;;940
39246;201300043540;13;7;31;1725;1;2;1;1.0;6;33;2, FERNAND LEGER (R);;;;940
39247;201300043541;13;8;3;335;5;2;1;1.0;6;33;118DE LATTRE DE TASSIGNY;;;;940
39248;201300043542;13;8;2;1553;1;2;2;1.0;6;33;46, DAME BLANCHE (AV DE;;;;940
39249;201300043543;13;8;20;1850;1;2;1;7.0;7;33;115, PIERRE CURIE (R);;;;940
39250;201300043544;13;8;17;2315;5;2;6;1.0;3;33;GENERAL DE GAULLE (PL DU;;;;940
39251;201300043545;13;9;7;1350;1;2;2;1.0;3;33;REPUBLIQUE (AV DE LA);;;;940
39252;201300043547;13;9;14;2100;5;2;7;3.0;3;33;GENERAL DE GAULLE (PL DU;;;;940
39253;201300043548;13;9;16;1720;1;2;1;2.0;3;33;36, VINCENNES (BD DE);;;;940
39254;201300043549;13;9;21;1830;1;2;1;1.0;6;33;128, REPUBLIQUE (AV DE L;;;;940
39255;201300043550;13;9;23;825;1;2;2;1.0;3;33;MOULINS (R DES);;;;940
39256;201300043551;13;9;23;1735;1;2;2;1.0;1;33;75 STALINGRAD/4 RUELLES;;;;940
39257;201300043552;13;9;28;1520;1;2;6;1.0;2;33;CHARLES GARCIA (AV);;;;940
39258;201300043553;13;9;30;1515;1;2;1;1.0;6;33;REPUBLIQUE (AV DE LA);;;;940
39259;201300043554;13;10;5;1720;1;2;6;8.0;3;33;LOUISON BOBET (AV);;;;940
39260;201300043555;13;10;10;1530;1;2;1;1.0;2;33;94, VERDUN (BD DE);;;;940
39261;201300043556;13;10;13;1520;1;2;2;7.0;3;33;VICTOR HUGO (AV);;;;940
39262;201300043557;13;10;17;2135;5;2;2;1.0;6;33;RUISSEAU (R DU);;;;940
39263;201300043558;13;10;21;835;2;2;1;8.0;6;33;46, ROGER SALENGRO (R);;;;940