;Num_Acc;an;mois;jour;hrmn;lum;agg;int;atm;col;com;adr;gps;lat;long;dep
39539;201300043865;13;9;26;1745;1;2;1;1.0;7;34;OTAGES (CHE DES);;;;940
39540;201300043866;13;9;27;905;1;2;9;1.0;6;38;CHEVILLY (R DE);;;;940
39541;201300043867;13;9;29;345;3;2;1;2.0;1;73;STALINGRAD (BD DE);;;;940
39542;201300043868;13;9;29;1905;5;2;1;2.0;6;34;50, DIVISION LECLERC (AV;;;;940
39543;201300043869;13;9;30;2110;5;2;6;1.0;7;65;CHARLES LINDBERGH (AV);;;;940
39544;201300043870;13;10;2;1425;1;2;1;1.0;6;73;GEORGES HALGOULT (R);;;;940
39545;201300043871;13;10;3;1430;1;2;2;1.0;3;16;DESMOULINS/DORMOY;;;;940
39546;201300043872;13;10;3;1630;1;2;1;1.0;6;73;LUXEMBOURG (AV DU);;;;940
39547;201300043873;13;10;5;935;1;2;1;1.0;3;21;76, GENERAL DE GAULLE (A;;;;940
39548;201300043874;13;10;9;815;1;2;1;1.0;3;65;RN 186;M;4875380.0;235809.0;940
39549;201300043875;13;10;10;1045;1;1;2;1.0;3;65;., CHARLES LINDBERGH (AV;;;;940
39550;201300043876;13;10;11;650;5;2;2;2.0;6;21;D'AGEN (RUE);;;;940
39551;201300043878;13;10;14;1530;1;2;3;1.0;1;73;STALINGRAD - CAR DES TRO;;;;940
39552;201300043879;13;10;14;1615;1;2;2;1.0;6;34;., EMILE ZOLA (R);;;;940
39553;201300043880;13;10;15;2010;5;2;2;1.0;6;38;LALLIER (R DE);;;;940
39554;201300043882;13;10;16;1800;1;2;1;8.0;3;34;PARC MEDICIS (AV DU);;;;940
39555;201300043883;13;10;17;1000;1;2;2;1.0;3;21;., DES MARAICHERS (AVENU;;;;940
39556;201300043884;13;10;17;1900;2;2;1;1.0;6;73;11, REPUBLIQUE (AV DE LA;;;;940
39557;201300043885;13;10;18;830;2;2;1;5.0;7;73;9, REPUBLIQUE (AV DE LA);;;;940
39558;201300043886;13;10;22;1000;1;2;1;1.0;6;65;TOULOUSE (RUE? RUNGIS MI;;;;940
39559;201300043887;13;10;23;1845;5;1;1;1.0;3;73;ALOUETTES (R DES);;;;940
39560;201300043889;13;10;25;1530;1;2;1;2.0;6;34;20, STALINGRAD (AV DE);;;;940
39561;201300043890;13;10;25;2010;5;2;2;3.0;3;73;VERSAILLES (AV DE);;;;940
39562;201300043891;13;10;26;1210;1;1;2;8.0;3;34;PASTEUR (BD);;;;940
39563;201300043893;13;11;4;1200;1;2;6;2.0;2;73;VERSAILLES (AV DE);;;;940
39564;201300043894;13;11;6;525;5;1;1;2.0;6;65;PORTE DE PARAY MIN;;;;940
39565;201300043895;13;11;7;1825;3;1;1;1.0;4;73;VERSAILLES (AV DE);;;;940
39566;201300043896;13;11;9;1525;1;1;1;2.0;4;65;RN 186;M;4875350.0;236532.0;940
39567;201300043897;13;11;10;1115;1;2;1;3.0;2;34;DIVISION LECLERC (AV DE;;;;940
39568;201300043898;13;11;11;1050;1;2;1;1.0;6;73;11, MAUREPAS (R);;;;940
39569;201300043899;13;11;11;1920;5;2;2;1.0;2;34;DIVISION LECLERC (AV DE;;;;940
39570;201300043901;13;11;14;1250;1;2;1;2.0;7;34;PASTEUR (BD);;;;940
39571;201300043902;13;11;15;1740;5;2;6;1.0;6;34;DIVISION LECLERC (AV DE;;;;940
39572;201300043903;13;11;19;845;1;2;3;2.0;1;65;CHARLES LINDBERGH (AV);;;;940
39573;201300043904;13;11;19;1810;5;2;2;1.0;1;38;HENRI BARBUSSE (AV);;;;940
39574;201300043905;13;11;20;1015;1;2;1;1.0;2;38;PAUL VAILLANT COUTURIER;;;;940
39575;201300043906;13;11;25;1720;5;2;2;1.0;1;65;RUE DU VIADUC;;;;940
39576;201300043907;13;11;26;730;2;2;1;1.0;3;38;HENRI BARBUSSE (AV);;;;940
39577;201300043908;13;11;28;1255;1;2;2;1.0;3;73;VERSAILLES (AV DE);;;;940
39578;201300043909;13;11;29;650;5;2;2;1.0;3;21;., COTE D'AZUR (AVENUE);;;;940
39579;201300043912;13;12;2;1810;5;2;3;1.0;3;38;81, GENERAL DE GAULLE (A;;;;940
39580;201300043913;13;12;4;925;1;2;1;8.0;3;38;141, FLOUQUET (AV);;;;940
39581;201300043914;13;12;4;1800;5;1;3;1.0;6;65;., SAGITTAIRE (R DU);;;;940
39582;201300043915;13;12;5;1800;5;1;1;1.0;6;65;CHARLES LINDBERGH (AV);;;;940
39583;201300043916;13;12;9;2030;5;2;1;1.0;3;65;., CHARLES LINDBERGH (AV;;;;940
39584;201300043917;13;12;14;1515;1;2;2;1.0;6;73;., REGNAULT LEROY (R);;;;940
39585;201300043918;13;12;19;1440;1;1;1;1.0;2;73;273, FONTAINEBLEAU (AV D;;;;940
39586;201300043919;13;12;23;1605;1;2;1;1.0;6;73;PAUL VAILLANT COUTURIER;;;;940
39587;201300043920;13;12;25;1200;1;2;1;2.0;6;65;PONT DES HALLES (R DU);;;;940
39588;201300043921;13;12;30;105;5;2;2;8.0;3;65;., TROIS MARCHES (Av des;;;;940
39589;201300043922;13;12;30;115;5;2;1;1.0;6;21;AV DES 3 MARCHES;;;;940
39590;201300043923;13;12;31;1315;1;2;2;1.0;3;73;boulevard de l'europe;;;;940
39591;201300043924;13;1;4;1115;1;2;1;2.0;2;41;60, JEAN JAURES (AV);;;;940
39592;201300043925;13;1;10;1820;5;2;9;2.0;6;41;03, WESTERMEYER (R);;;;940
39593;201300043926;13;1;13;1805;5;2;1;3.0;6;41;87, MARAT;;;;940
39594;201300043927;13;1;16;1100;1;2;1;1.0;6;41;51, BRANDEBOURG (BD DE);;;;940
39595;201300043928;13;1;18;205;5;2;1;1.0;7;41;1, PIERRE RIGAUD (R);;;;940
39596;201300043930;13;1;25;1543;1;2;1;8.0;6;41;43, DENIS PAPIN (R);;;;940
39597;201300043931;13;1;26;2025;5;2;1;1.0;6;41;38, AV PIERRE SEMARD;;;;940
39598;201300043932;13;1;28;1040;1;2;1;7.0;1;41;36, PIERRE SEMARD (AV);;;;940
39599;201300043933;13;2;3;2215;3;2;1;2.0;6;41;2 - 12, LUCIEN NADAIRE (;;;;940
39600;201300043934;13;2;13;1510;1;2;1;1.0;6;41;97, GEORGES GOSNAT (AV);;;;940
39601;201300043935;13;2;21;1240;1;2;1;1.0;6;41;36, Fran?ois MITTERAND;;;;940
39602;201300043936;13;2;22;1610;1;2;1;8.0;1;41;5, CARNOT (R);;;;940
39603;201300043937;13;2;23;2130;5;2;1;1.0;2;41;58, JEAN JAURES (AV);;;;940
39604;201300043938;13;2;28;2230;5;2;1;1.0;6;41;9, HENRI POURCHASSE (QU);;;;940
39605;201300043939;13;3;4;905;1;2;1;1.0;6;41;14, HENRI BARBUSSE (AV);;;;940
39606;201300043941;13;3;21;1350;1;2;1;1.0;6;41;70, GEORGES GOSNAT (AV);;;;940
39607;201300043942;13;4;11;1750;1;2;1;8.0;6;41;58/64, BRANDEBOURG (BD D;;;;940
39608;201300043943;13;4;18;1740;1;2;1;1.0;6;41;77, PIERRE ET MARIE CURI;;;;940
39609;201300043945;13;5;1;1945;1;2;1;2.0;2;41;05, FRANCOIS MITTERAND;;;;940
39610;201300043946;13;5;4;2010;1;2;1;1.0;6;41;51, PAUL VAILLANT COUTUR;;;;940
39611;201300043947;13;6;8;1415;1;2;1;1.0;6;41;25 - 77, VERDUN (AV DE);;;;940
39612;201300043948;13;6;19;1200;1;2;1;1.0;3;41;R PAUL ANDRIEUX;M;4881260.0;236877.0;940
39613;201300043949;13;7;5;1105;1;2;3;1.0;2;41;59, AUGUSTE DESHAIES (QU;;;;940
39614;201300043950;13;7;9;805;1;2;1;1.0;6;41;1, BARBES (R);;;;940
39615;201300043951;13;7;10;1015;1;2;3;1.0;3;41;157, VERDUN (AV DE);;;;940
39616;201300043952;13;7;18;1705;1;2;1;1.0;6;41;1 bis, JULES FERRY (R);;;;940
39617;201300043953;13;7;23;645;1;2;1;1.0;6;41;120, DANIELLE CASANOVA (;;;;940
39618;201300043956;13;7;29;1500;1;2;1;1.0;6;41;13, JEAN LE GALLEU (R);;;;940
39619;201300043957;13;7;30;1630;1;2;1;1.0;6;41;8, LENINE (R);;;;940
39620;201300043958;13;7;29;1700;1;2;1;1.0;6;41;50, PAUL VAILLANT COUTUR;;;;940
39621;201300043959;13;8;7;600;2;2;3;2.0;3;41;84, JEAN LE GALLEU (R);;;;940
39622;201300043961;13;8;9;1205;1;2;1;1.0;6;41;1, NELSON MANDELA;;;;940
39623;201300043962;13;8;9;2030;1;2;1;1.0;6;41;30, VERDUN (AV DE);;;;940
39624;201300043964;13;8;15;45;5;2;2;1.0;3;41;54, GEORGES GOSNAT (AV);;;;940
39625;201300043965;13;8;27;1810;1;2;1;3.0;2;41;45 ter, JEAN COMPAGNON (;;;;940
39626;201300043966;13;8;31;2100;2;2;1;1.0;6;41;93, GEORGES GOSNAT (AV);;;;940
39627;201300043967;13;9;9;1345;1;2;1;3.0;2;41;26, MARCEL BOYER (QU);;;;940
39628;201300043968;13;9;10;1650;1;2;1;1.0;6;41;01, JEAN BONNEFOIX (R);;;;940
39629;201300043969;13;9;11;1720;1;2;2;1.0;2;41;11, PAUL VAILLANT COUTUR;;;;940
39630;201300043970;13;9;11;2000;5;2;3;1.0;3;41;22, SAINT JUST (R);;;;940
39631;201300043971;13;9;13;825;1;2;1;1.0;6;41;30, PAUL VAILLANT COUTUR;;;;940
39632;201300043972;13;11;7;1715;1;2;9;2.0;6;41;42, PIERRE ET MARIE CURI;;;;940
39633;201300043973;13;11;7;1855;3;2;9;2.0;6;41;2, REVOLUTION (R DE LA);;;;940
39634;201300043974;13;9;28;1415;1;2;1;1.0;6;41;35, HENRI MARTIN (R);;;;940
39635;201300043976;13;9;30;1020;1;2;1;1.0;6;41;03, PIERRE SEMARD (AV);;;;940
39636;201300043977;13;10;1;1755;1;2;1;1.0;6;41;72, GEORGES GOSNAT (AV);;;;940
39637;201300043978;13;11;18;730;1;2;2;1.0;3;41;1, CHATEAUDUN (R DE);;;;940
39638;201300043979;13;10;7;925;1;2;1;1.0;3;41;15, GARE (R DE LA);;;;940
39639;201300043981;13;10;16;1815;1;2;1;2.0;6;41;18, PIERRE ET MARIE CURI;;;;940
39640;201300043982;13;10;16;1755;1;2;1;2.0;6;41;50, PIERRE ET MARIE CURI;;;;940
39641;201300043983;13;10;24;240;5;2;1;1.0;7;41;2, PIERRE MOULIE (R);;;;940
39642;201300043984;13;10;28;1120;1;2;1;2.0;6;41;50, BRANDEBOURG (BD DE);;;;940
39643;201300043985;13;10;29;930;1;2;1;1.0;1;41;31, PAUL VAILLANT COUTUR;;;;940
39644;201300043986;13;11;2;1200;1;2;2;1.0;3;41;47B, JEAN COMPAGNON (QU);;;;940
39645;201300043988;13;5;7;1410;1;2;1;1.0;3;41;2, BAUDIN (R);;;;940
39646;201300043989;13;5;11;1850;1;2;1;1.0;6;41;140, STALINGRAD (BD DE);;;;940
39647;201300043990;13;11;17;1124;1;1;1;1.0;5;41;2-12, FRANCOIS MITTERAND;;;;940
39648;201300043993;13;5;15;1910;1;2;1;1.0;6;41;56, AUGUSTE DESHAIES (QU;;;;940
39649;201300043994;13;12;12;1710;5;2;1;1.0;6;41;99, GEORGES GOSNAT (AV);;;;940
39650;201300043995;13;11;26;1440;1;2;1;8.0;1;41;56-58, JEAN JAURES (AV);;;;940
39651;201300043996;13;11;28;745;4;2;1;1.0;6;41;44, ROBESPIERRE (R);;;;940
39652;201300043997;13;5;21;1725;1;2;1;8.0;6;41;88, VERDUN.(AVENUE DE);;;;940
39653;201300043998;13;11;28;1900;5;2;1;2.0;6;41;83, GEORGES GOSNAT (AV);;;;940
39654;201300043999;13;12;6;1915;5;2;1;1.0;6;41;65, GEORGES GOSNAT (AV);;;;940
39655;201300044000;13;5;25;1345;1;2;3;1.0;3;41;27, HOCHE (PAS);;;;940
39656;201300044001;13;12;16;955;1;2;1;1.0;6;41;5, LENINE (R);;;;940
39657;201300044002;13;5;27;2015;1;1;1;1.0;6;41;101, VICTOR HUGO (R);;;;940
39658;201300044003;13;5;28;1555;1;1;1;3.0;6;41;40, HENRI BARBUSSE (AV);;;;940
39659;201300044004;13;12;19;1200;1;2;1;2.0;6;41;37, MAURICE THOREZ (AV);;;;940
39660;201300044005;13;12;23;1100;1;2;9;2.0;3;41;14, VERDUN (AV DE);;;;940
39661;201300044006;13;6;3;1740;1;2;1;1.0;6;41;78, GABRIEL PERI (R);;;;940
39662;201300044007;13;6;5;1440;1;2;1;1.0;6;41;163, VERDUN (AV DE);;;;940
39663;201300044008;13;6;7;1600;1;2;1;1.0;2;41;07, MOLIERE (R);;;;940
39664;201300044009;13;6;12;1145;1;2;1;1.0;6;41;12, MAURICE THOREZ (AV);;;;940
39665;201300044010;13;6;12;1600;1;2;1;1.0;2;41;38, MOLIERE (R);;;;940
39666;201300044011;13;6;12;1855;1;1;1;1.0;2;41;PAUL ANDRIEUX (R);;;;940
39667;201300044012;13;6;25;655;1;2;9;1.0;1;41;14, VERDUN (AV DE);;;;940
39668;201300044013;13;6;27;1115;1;2;1;1.0;3;41;144, STALINGRAD (BD DE);;;;940
39669;201300044015;13;12;1;1850;5;2;1;1.0;6;41;70, GEORGES GOSNAT (AV);;;;940
39670;201300044016;13;12;10;225;5;2;1;1.0;6;41;65-71, GEORGES GOSNAT (A;;;;940
39671;201300044017;13;5;29;1420;1;2;1;1.0;2;46;08, GENERAL LECLERC (AV;;;;940
39672;201300044018;13;5;30;1915;1;2;9;1.0;1;46;160, JEAN JAURES (R);;;;940
39673;201300044019;13;6;4;900;1;2;2;1.0;3;46;., MICHELET (R);;;;940
39674;201300044020;13;9;4;1400;1;2;1;1.0;6;46;., GENERAL DE GAULLE (AV;;;;940
39675;201300044021;13;1;10;2105;5;2;1;2.0;3;46;210, JEAN JAURES (R);;;;940
39676;201300044022;13;1;14;1730;5;2;1;1.0;6;46;05, BELLE IMAGE (R DE LA;;;;940
39677;201300044023;13;6;10;735;1;2;1;1.0;6;46;161, JEAN JAURES (R);;;;940
39678;201300044024;13;1;15;1910;5;2;1;1.0;6;46;39, GENERAL LECLERC (AV;;;;940
39679;201300044025;13;1;17;805;2;2;1;4.0;7;46;112, MARC SANGNIER (R);;;;940
39680;201300044027;13;1;29;2010;5;2;1;9.0;6;46;., GENERAL DE GAULLE (AV;;;;940
39681;201300044028;13;12;24;1810;5;2;2;3.0;3;46;., GAMBETTA (AV);;;;940
39682;201300044029;13;10;29;810;1;2;3;1.0;3;46;GENERAL LECLERC (AV DU);;;;940
39683;201300044030;13;6;4;1415;1;2;3;1.0;3;46;GEORGES MEDERIC (R);;;;940
39684;201300044031;13;6;8;1130;1;2;1;1.0;3;46;., GAMBETTA (AV);;;;940
39685;201300044032;13;6;10;1655;1;2;1;1.0;3;46;211, REPUBLIQUE (AV DE L;;;;940
39686;201300044033;13;6;11;2030;1;2;1;1.0;2;46;17, GENERAL LECLERC (AV;;;;940
39687;201300044034;13;6;16;2200;5;2;1;1.0;6;46;., GENERAL LECLERC - CAR;;;;940
39688;201300044035;13;2;11;1900;5;2;1;1.0;3;46;70, GENERAL LECLERC (AV;;;;940
39689;201300044036;13;2;12;830;1;2;1;2.0;6;46;02, GEORGES GAUME (R);;;;940
39690;201300044037;13;2;14;1920;5;2;1;2.0;6;46;., JEAN JAURES (R);;;;940
39691;201300044038;13;2;15;1350;1;2;1;1.0;6;46;., PROFESSEUR RAMON (R D;;;;940
39692;201300044039;13;2;15;1155;1;2;2;1.0;3;46;., VINCENNES (R DE);;;;940
39693;201300044040;13;2;17;1105;1;2;2;1.0;3;46;., REPUBLIQUE (AV DE LA);;;;940
39694;201300044041;13;7;22;2200;5;2;2;1.0;3;46;JEAN JAURES (R);;;;940
39695;201300044042;13;2;21;1320;1;2;2;1.0;3;46;., VINCENNES (R DE);;;;940
39696;201300044043;13;2;28;1820;2;2;1;1.0;6;46;79, R GEORGES MEDERIC;;;;940
39697;201300044044;13;3;4;1820;2;2;1;1.0;2;46;.. GENERAL LECLERC (AV D;;;;940
39698;201300044045;13;3;5;1350;1;2;1;1.0;2;46;145, JEAN JAURES (R);;;;940
39699;201300044046;13;3;11;910;1;2;1;1.0;2;46;., JEAN JAURES (R);;;;940
39700;201300044047;13;3;14;835;1;2;2;1.0;6;46;., BOULEY (R);;;;940
39701;201300044048;13;8;15;1915;1;2;1;1.0;6;46;105ter, JEAN JAURES (R);;;;940
39702;201300044049;13;3;22;845;1;2;1;1.0;2;46;85, VICTOR HUGO (R);;;;940
39703;201300044050;13;3;28;945;1;2;9;1.0;3;46;7quater, GENERAL DE GAUL;;;;940
39704;201300044051;13;4;1;1645;1;2;2;1.0;3;46;., FERNET (R);;;;940
39705;201300044052;13;8;31;2115;1;2;1;1.0;3;46;22, MESLY (R DE);;;;940
39706;201300044053;13;11;15;1400;1;2;1;1.0;6;46;41, GENERAL DE GAULLE (A;;;;940
39707;201300044054;13;11;1;1505;1;2;1;1.0;6;46;15, EUGENE RENAULT (R);;;;940
39708;201300044055;13;4;4;1020;1;2;3;1.0;3;46;REPUBLIQUE (AV DE LA);;;;940
39709;201300044056;13;9;14;1900;2;2;1;9.0;2;46;45, GENERAL LECLERC (AV;;;;940
39710;201300044057;13;9;23;1320;1;2;1;1.0;6;46;68, GENERAL DE GAULLE (A;;;;940
39711;201300044058;13;11;5;1855;4;2;1;2.0;2;46;., GENERAL DE GAULLE (AV;;;;940
39712;201300044059;13;3;26;1920;2;2;1;1.0;6;46;., GENERAL LECLERC (AV D;;;;940
39713;201300044060;13;10;1;805;1;2;2;1.0;3;46;., REPUBLIQUE (AV DE LA);;;;940
39714;201300044062;13;10;20;1005;1;2;1;1.0;3;46;., GENERAL DE GAULLE (AV;;;;940
39715;201300044063;13;5;23;2010;1;2;1;2.0;6;46;17, GENERAL LECLERC (AV;;;;940
39716;201300044064;13;4;16;305;5;2;1;1.0;6;46;., REPUBLIQUE (AV DE LA);;;;940
39717;201300044065;13;8;5;2300;5;2;3;1.0;3;46;129, JEAN JAURES (R);;;;940
39718;201300044067;13;5;27;1820;1;2;1;1.0;6;46;., GENERAL LECLERC (AV D;;;;940
39719;201300044068;13;10;29;640;5;2;2;1.0;3;46;., GENERAL LECLERC (AV D;;;;940
39720;201300044069;13;10;31;1455;1;2;1;1.0;3;46;., GENERAL LECLERC (AV D;;;;940
39721;201300044070;13;6;25;1850;1;2;1;1.0;6;46;., REPUBLIQUE (AV DE LA);;;;940
39722;201300044071;13;9;24;1345;1;2;1;1.0;6;46;45, GENERAL DE GAULLE (A;;;;940
39723;201300044073;13;10;17;1030;1;2;1;1.0;6;46;02, GENERAL LECLERC (AV;;;;940
39724;201300044074;13;12;9;1230;1;2;1;1.0;6;46;6/8, DIX HUIT JUIN 1940;;;;940
39725;201300044075;13;8;24;2230;5;2;2;1.0;3;46;., BELFORT (R DE);;;;940
39726;201300044076;13;8;14;2220;5;2;1;1.0;3;46;., GENERAL LECLERC (AV D;;;;940
39727;201300044077;13;6;10;1900;1;2;1;8.0;6;46;., REPUBLIQUE (AV DE LA);;;;940
39728;201300044078;13;9;12;1445;1;2;1;1.0;6;46;105bis, JEAN JAURES (R);;;;940
39729;201300044079;13;12;17;1435;1;2;1;1.0;3;46;02, EUGENE RENAULT (R);;;;940
39730;201300044080;13;12;24;1335;1;2;1;1.0;6;46;., GEORGES CLEMENCEAU (A;;;;940
39731;201300044081;13;12;24;1710;5;2;1;2.0;6;46;33, REPUBLIQUE (AV DE LA;;;;940
39732;201300044082;13;12;28;1840;5;2;2;1.0;3;46;., REPUBLIQUE (AV DE LA);;;;940
39733;201300044084;13;1;8;830;1;2;1;1.0;3;52;STRASBOURG (BD DE);;;;940
39734;201300044085;13;1;11;815;2;2;1;1.0;6;15;FOUR (R DU);;;;940
39735;201300044086;13;1;12;1155;1;2;1;2.0;5;15;64, GENERAL LECLERC (AV);;;;940
39736;201300044087;13;6;29;2245;5;2;2;1.0;3;15;GEORGES CLEMENCEAU (AV);;;;940
39737;201300044088;13;1;17;2215;5;2;2;9.0;3;52;STRASBOURG (BD DE);;;;940
39738;201300044089;13;1;21;1220;1;2;1;4.0;6;52;ARMISTICE (R DE L);;;;940
39739;201300044090;13;1;26;1150;1;2;1;1.0;6;42;8, JAMIN (AV);;;;940
39740;201300044091;13;1;26;2145;5;2;1;1.0;3;58;112, GENERAL DE GAULLE (;;;;940
39741;201300044092;13;1;29;1045;1;2;3;2.0;2;52;STRASBOURG/ANQUETIL;;;;940
39742;201300044093;13;1;31;1230;1;2;2;1.0;3;15;GEORGES MELIES (BD);;;;940
39743;201300044094;13;11;25;700;2;2;1;1.0;3;58;189, ALSACE LORRAINE (BD;;;;940
39744;201300044095;13;11;25;1410;1;2;1;1.0;3;42;PARIS (R DE);;;;940
39745;201300044096;13;2;6;1150;1;2;1;1.0;6;58;2 bis, FONTENAY (BD DE);;;;940
39746;201300044097;13;2;11;1540;1;2;9;1.0;2;58;260, PIERRE BROSSOLETTE;;;;940
39747;201300044098;13;2;14;1950;5;1;3;9.0;2;58;106 bis, PIERRE BROSSOLE;;;;940
39748;201300044099;13;2;21;935;1;2;1;1.0;3;42;GENERAL GALLIENI - PONT;;;;940
39749;201300044100;13;3;2;1135;1;2;1;1.0;3;52;WATTEAU (AV);;;;940
39750;201300044102;13;3;9;1405;1;2;9;1.0;4;42;GENERAL GALLIENI - PONT;;;;940
39751;201300044103;13;3;12;655;1;1;1;4.0;1;15;FRERES LUMIERE (AV DES);;;;940
39752;201300044104;13;12;10;1430;1;2;2;7.0;6;52;JACQUES KABLE (R);;;;940
39753;201300044105;13;3;15;1200;1;2;1;1.0;2;52;107, CHARLES DE GAULLE (;;;;940
39754;201300044106;13;12;11;1250;1;2;1;1.0;6;52;CHARLES DE GAULLE (GRAND;;;;940
39755;201300044107;13;12;11;1630;2;1;1;1.0;6;52;JOINVILLE (AV DE);;;;940
39756;201300044108;13;3;18;1025;1;2;3;1.0;6;52;144, STRASBOURG (BD DE);;;;940
39757;201300044109;13;3;21;1540;1;2;3;1.0;6;58;ALSACE LORRAINE (BD D);;;;940
39758;201300044110;13;3;21;1700;1;2;1;1.0;6;52;158, CHARLES DE GAULLE (;;;;940
39759;201300044111;13;12;13;1540;1;2;2;1.0;3;42;EUROPE (BD DE L);;;;940
39760;201300044112;13;12;14;1230;1;2;1;1.0;3;52;30, CHARLES DE GAULLE (G;;;;940
39761;201300044113;13;12;14;1540;1;2;7;1.0;2;42;VERDUN (PL DE);;;;940
39762;201300044114;13;3;29;1700;1;2;1;1.0;6;15;27, MESANGES (R DES);;;;940
39763;201300044115;13;4;3;1650;1;2;1;1.0;6;42;PARIS (R DE);;;;940
39764;201300044116;13;12;18;1620;1;1;1;1.0;6;42;2, BARRAGE (QU DU);;;;940
39765;201300044117;13;4;5;1715;1;2;1;1.0;5;15;44, GENERAL LECLERC (AV);;;;940
39766;201300044118;13;4;5;1815;1;2;1;1.0;3;52;143, STRASBOURG (BD DE);;;;940
39767;201300044119;13;12;20;2005;5;2;1;1.0;6;42;CANADIENS (AV DES);;;;940
39768;201300044120;13;4;10;1615;1;2;2;1.0;3;58;LATERALE AU VIADUC (R);;;;940
39769;201300044122;13;4;12;2110;5;2;2;1.0;1;42;PRESIDENT JOHN KENNEDY (;;;;940
39770;201300044123;13;4;14;1820;1;2;2;1.0;3;15;FOUR (R DU);;;;940
39771;201300044124;13;12;23;1400;1;2;1;1.0;2;52;14, CHARLES DE GAULLE (G;;;;940
39772;201300044125;13;4;15;2030;1;2;1;1.0;1;42;BIR HAKEIM (QU DE);;;;940
39773;201300044127;13;4;20;320;5;2;1;1.0;3;1;BD ALBERT 1ER;;;;940
39774;201300044128;13;4;22;950;1;2;1;1.0;6;58;FOCH (BD);;;;940
39775;201300044129;13;12;27;1810;5;2;1;2.0;6;58;32, GENERAL DE GAULLE (A;;;;940
39776;201300044130;13;4;27;1830;1;2;9;8.0;3;58;MARECHAL JOFFRE (AV DU);;;;940
39777;201300044131;13;4;30;1645;1;1;1;2.0;5;52;PONT DE NOGENT;;;;940
39778;201300044132;13;12;31;1525;1;2;1;1.0;6;58;STATION (R DE LA);;;;940
39779;201300044134;13;5;19;1810;1;2;3;3.0;2;58;LEDRU ROLLIN (AV);;;;940
39780;201300044135;13;5;17;1440;1;2;1;1.0;6;52;101B, THEODORE HONORE (R;;;;940
39781;201300044136;13;5;21;945;1;2;1;2.0;6;58;NANCY (R DE);;;;940
39782;201300044137;13;6;4;900;1;2;1;1.0;2;42;28, GENERAL GALLIENI (AV;;;;940
39783;201300044138;13;6;5;830;1;2;3;1.0;3;58;GENERAL DE GAULLE (AV DU;;;;940
39784;201300044139;13;6;7;1720;1;2;1;1.0;6;58;29, JULES FERRY (R);;;;940
39785;201300044140;13;6;7;1830;1;2;1;1.0;2;42;GENERAL GALLIENI - PONT;;;;940
39786;201300044141;13;6;10;1940;1;2;5;1.0;6;42;GALLIENI/FOCH;;;;940
39787;201300044142;13;6;11;735;1;2;3;1.0;3;52;JACQUES KABLE (R);;;;940
39788;201300044143;13;6;13;1945;1;1;9;1.0;6;15;GEORGES MELIES (BD);;;;940
39789;201300044144;13;6;19;1540;1;2;2;1.0;3;58;LIBERTE (BD DE LA);;;;940
39790;201300044146;13;6;19;2015;1;2;1;3.0;2;52;STRASBOURG (BD DE);;;;940
39791;201300044147;13;6;21;1730;1;2;1;1.0;2;52;STRASBOURG (BD DE);;;;940
39792;201300044148;13;6;25;1550;1;2;1;1.0;2;42;21, MARECHAL LECLERC (BD;;;;940
39793;201300044149;13;7;2;1045;1;2;2;1.0;3;42;MARCEAU (AV);;;;940
39794;201300044150;13;7;5;1920;1;2;2;1.0;6;52;LIEUTENANT OHRESSER (R D;;;;940
39795;201300044151;13;7;8;1030;1;2;1;1.0;3;42;12, CANADIENS (AV DES);;;;940
39796;201300044152;13;7;10;1635;1;2;1;1.0;3;58;GENERAL LECLERC (PLACE);;;;940
39797;201300044153;13;7;10;2230;5;2;1;1.0;3;52;2, JACQUES KABLE (R);;;;940
39798;201300044154;13;7;12;800;1;2;2;1.0;3;58;ALSACE LORRAINE;;;;940
39799;201300044155;13;7;14;1600;1;2;1;1.0;1;15;54, AV DE RIGNY;;;;940
39800;201300044156;13;7;15;1730;1;2;2;1.0;6;52;95, STRASBOURG (BD DE);;;;940
39801;201300044157;13;7;16;1146;1;2;1;1.0;2;52;10, STRASBOURG (BD DE);;;;940
39802;201300044158;13;7;17;1835;1;2;2;1.0;5;52;ALBERT 1ER/DE GAULLE;;;;940
39803;201300044159;13;7;18;1300;1;2;2;1.0;1;42;CHARLES FLOQUET (AV);;;;940
39804;201300044162;13;8;1;2335;5;2;2;1.0;2;42;CANADIENS/VALAIS;;;;940
39805;201300044163;13;8;3;2240;5;2;2;1.0;3;58;106 bis, PIERRE BROSSOLE;;;;940
39806;201300044164;13;8;5;1000;1;2;6;1.0;3;58;DE GAULLE/POINCARE;;;;940
39807;201300044165;13;8;9;1800;1;2;2;1.0;3;42;KENNEDY/VALAIS;;;;940
39808;201300044166;13;8;13;1915;1;2;1;1.0;3;15;BD GEORGES MELIES;;;;940
39809;201300044167;13;8;22;1850;1;2;1;1.0;2;15;15, R DU 2 DECEMBRE 1870;;;;940
39810;201300044168;13;8;23;1745;1;2;1;1.0;1;42;19/21, QU DE MARNE;;;;940
39811;201300044169;13;8;28;930;1;2;1;1.0;1;52;AV DE LA BELLE GABRIELLE;;;;940
39812;201300044170;13;8;31;1840;1;2;3;1.0;2;52;STRASBOURG/MANESSIER;;;;940
39813;201300044171;13;9;3;1730;1;2;1;7.0;6;52;23, STRASBOURG (BD DE);;;;940
39814;201300044172;13;9;4;740;1;2;1;1.0;3;58;PIERRE BROSSOLETTE (AV);;;;940