;Num_Acc;an;mois;jour;hrmn;lum;agg;int;atm;col;com;adr;gps;lat;long;dep
39815;201300044174;13;9;7;905;1;2;3;1.0;6;52;PASTEUR (R);;;;940
39816;201300044175;13;9;9;1000;1;2;2;8.0;3;58;PIERRE BROSSOLETTE (AV);;;;940
39817;201300044176;13;9;11;1240;1;2;1;8.0;2;58;12, GENERAL DE GAULLE (A;;;;940
39818;201300044178;13;9;13;2100;5;2;3;8.0;6;52;COULMIERS (R DE);;;;940
39819;201300044179;13;9;14;1845;1;2;1;3.0;6;52;JACQUES KABLE (R);;;;940
39820;201300044180;13;9;16;1600;1;2;1;2.0;3;52;3, CHARLES DE GAULLE (GR;;;;940
39821;201300044181;13;9;17;1740;1;2;1;2.0;1;58;154 bis, PIERRE BROSSOLE;;;;940
39822;201300044182;13;9;19;1349;1;2;1;1.0;6;42;VERDUN (PL DE);;;;940
39823;201300044183;13;9;21;1010;1;2;1;1.0;6;58;38 T, STATION (R DE LA);;;;940
39824;201300044184;13;9;21;220;5;2;1;1.0;3;52;MARECHAL FRANCHET D ESPE;;;;940
39825;201300044185;13;9;20;100;5;2;1;1.0;4;52;ALBERT 1ER (BD);;;;940
39826;201300044186;13;9;24;1715;1;2;1;1.0;6;15;RIGNY (AV DE);;;;940
39827;201300044187;13;9;24;1845;1;2;1;1.0;1;52;BELLE GABRIELLE (AV DE L;;;;940
39828;201300044188;13;10;1;1700;1;2;6;1.0;3;58;ALSACE LORRAINE (BD D);;;;940
39829;201300044189;13;10;4;1645;1;2;1;1.0;6;15;11, 2 DECEMBRE 1870 (R D;;;;940
39830;201300044190;13;10;8;725;1;2;1;1.0;3;58;144, HUIT MAI 1945 (AV D;;;;940
39831;201300044191;13;10;11;750;2;2;1;2.0;6;52;JOINVILLE (AV DE);;;;940
39832;201300044192;13;10;13;1250;1;2;1;1.0;3;42;GENERAL GALLIENI - PONT;;;;940
39833;201300044193;13;10;15;815;1;2;1;1.0;2;52;80, STRASBOURG (BD DE);;;;940
39834;201300044194;13;10;16;1815;5;2;1;2.0;2;15;PASTEUR (BD);;;;940
39835;201300044195;13;10;27;1315;1;2;1;1.0;6;52;JOINVILLE (AV DE);;;;940
39836;201300044196;13;11;11;1230;1;2;1;1.0;6;15;16, RIGNY (AV DE);;;;940
39837;201300044197;13;11;12;1400;1;2;1;2.0;2;58;217, PIERRE BROSSOLETTE;;;;940
39838;201300044198;13;11;13;1125;1;2;2;1.0;6;58;LEDRU ROLLIN (AV);;;;940
39839;201300044199;13;10;29;2301;5;2;1;1.0;3;58;113, LEDRU ROLLIN (IMP);;;;940
39840;201300044200;13;6;3;1830;1;2;1;1.0;6;68;117, BAC (AV DU);;;;940
39841;201300044201;13;6;4;1145;1;2;1;1.0;3;68;MARNE (BD DE LA);;;;940
39842;201300044202;13;6;4;1710;1;2;1;1.0;2;68;39, GARIBALDI (R);;;;940
39843;201300044203;13;6;5;915;1;2;1;1.0;6;68;DIDEROT (AV);;;;940
39844;201300044204;13;6;6;1030;1;2;3;1.0;1;68;FOCH (AV);;;;940
39845;201300044205;13;6;12;930;1;2;1;1.0;3;68;FOCH (AV);;;;940
39846;201300044207;13;6;24;2010;1;2;1;1.0;3;68;GENERAL GIRAUD (BD DU);;;;940
39847;201300044208;13;6;30;640;1;2;1;1.0;6;68;121, FOCH (AV);;;;940
39848;201300044212;13;7;30;1415;1;2;1;1.0;6;68;CHEMIN VERT (R DU);;;;940
39849;201300044213;13;8;2;15;5;2;1;1.0;3;68;FOCH (AV);;;;940
39850;201300044214;13;8;11;1210;1;2;1;1.0;3;68;CRETEIL (BD DE);;;;940
39851;201300044215;13;8;13;1515;1;2;1;1.0;1;68;GREVIN (R);;;;940
39852;201300044216;13;8;25;2100;5;2;2;1.0;3;68;LAMY (R);;;;940
39853;201300044217;13;8;26;900;1;2;1;1.0;6;68;59bis, FOCH (AV);;;;940
39854;201300044218;13;9;3;1745;1;2;2;1.0;3;68;CRETEIL (BD DE);;;;940
39855;201300044219;13;9;9;1655;1;2;1;3.0;6;68;VARENNE (R DE LA);;;;940
39856;201300044220;13;9;10;1935;2;2;1;1.0;2;68;37, NORD (AV DU);;;;940
39857;201300044221;13;9;13;1655;1;2;1;2.0;6;68;21, MARNE (BD DE LA);;;;940
39858;201300044222;13;9;25;1625;1;2;1;2.0;6;68;63, RABELAIS (BD);;;;940
39859;201300044223;13;10;1;745;1;2;1;8.0;6;68;FOCH (AV);;;;940
39860;201300044224;13;10;4;730;1;2;2;8.0;3;68;LOUIS BLANC (AV);;;;940
39861;201300044225;13;10;4;1110;1;2;2;8.0;3;68;FALONNIERES (AV DES);;;;940
39862;201300044226;13;10;4;2005;5;2;1;1.0;6;68;50, ALMA (AV DE L);;;;940
39863;201300044227;13;10;10;935;1;2;2;1.0;3;68;BOIS GUIMIER (AV DU);;;;940
39864;201300044228;13;10;13;1940;5;2;2;1.0;5;68;CHAMPIGNY (BD DE);;;;940
39865;201300044229;13;10;16;1740;1;2;1;3.0;6;68;MAURICE BERTEAUX (BD);;;;940
39866;201300044230;13;10;18;1950;3;2;1;1.0;2;68;144, CRETEIL (BD DE);;;;940
39867;201300044231;13;10;22;1835;5;2;2;2.0;3;68;FOCH (AV);;;;940
39868;201300044232;13;10;24;1310;1;2;1;1.0;6;68;96, BAC (AV DU);;;;940
39869;201300044233;13;10;29;1050;1;2;1;1.0;6;68;18, FOCH (AV);;;;940
39870;201300044234;13;10;29;1215;1;2;1;1.0;6;68;22 bis, FOCH (AV);;;;940
39871;201300044235;13;10;30;915;1;2;1;1.0;3;68;SEBASTOPOL (AV DE);;;;940
39872;201300044236;13;11;4;1630;1;2;1;1.0;3;68;14 bis, VARENNE (R DE LA;;;;940
39873;201300044237;13;11;5;1900;5;2;2;2.0;3;68;42bis, RABELAIS (BD);;;;940
39874;201300044238;13;11;5;2100;5;2;1;2.0;3;68;JEAN MOULIN (PL);;;;940
39875;201300044239;13;11;6;905;1;2;1;2.0;5;68;12, CRETEIL (BD DE);;;;940
39876;201300044240;13;11;13;805;1;2;1;1.0;3;68;89, RABELAIS (BD);;;;940
39877;201300044241;13;11;14;1055;1;2;1;2.0;6;68;15, MARINVILLE (AV DE);;;;940
39878;201300044242;13;11;14;2005;5;2;1;1.0;3;68;LEDRU ROLLIN (IMP);;;;940
39879;201300044243;13;11;14;2230;5;2;1;2.0;1;68;95, FOCH (AV);;;;940
39880;201300044244;13;11;26;1055;1;2;1;1.0;6;68;05, MAURICE BERTEAUX (BD;;;;940
39881;201300044245;13;11;27;1430;1;2;1;1.0;6;68;RABELAIS (BD);;;;940
39882;201300044246;13;11;27;1610;1;2;1;1.0;6;68;SOLFERINO (R DE);;;;940
39883;201300044247;13;12;2;1335;1;2;2;1.0;3;68;,EST (AV DE L);;;;940
39884;201300044248;13;12;3;855;1;2;1;1.0;6;68;7577, GENERAL GIRAUD (B;;;;940
39885;201300044249;13;12;4;850;1;2;1;1.0;3;68;BOURDIGNON (R);;;;940
39886;201300044250;13;12;11;955;1;2;1;1.0;2;68;CHAMPIGNY (BD DE);;;;940
39887;201300044252;13;12;16;1745;2;2;1;1.0;6;68;BEAUBOURG (QU);;;;940
39888;201300044253;13;12;18;1350;1;2;1;1.0;3;68;GARNIER PAGES (R);;;;940
39889;201300044254;13;12;19;800;1;2;1;2.0;1;68;117, BAC (AV DU);;;;940
39890;201300044255;13;12;24;1120;1;2;1;2.0;6;68;80, GAMBETTA (AV);;;;940
39891;201300044256;13;1;4;1300;1;2;2;2.0;3;68;VASSAL (R);;;;940
39892;201300044258;13;1;14;1730;5;2;2;8.0;3;68;PERDRIX (AV DES);;;;940
39893;201300044259;13;1;14;1340;1;2;1;1.0;3;68;CURTI (AV);;;;940
39894;201300044261;13;2;2;1545;1;2;1;2.0;6;68;VOLTAIRE (BD);;;;940
39895;201300044262;13;2;6;900;1;2;1;1.0;6;68;MAURICE BERTEAUX (BD);;;;940
39896;201300044263;13;2;10;1715;1;2;1;4.0;6;68;97, GENERAL GIRAUD (BD D;;;;940
39897;201300044264;13;2;8;1945;5;2;1;2.0;2;68;2, FOCH (AV);;;;940
39898;201300044265;13;7;3;2220;5;2;1;1.0;3;68;AV GAMBETTA;M;4879590.0;249345.0;940
39899;201300044267;13;2;22;2215;5;2;1;1.0;2;68;CHAMPIGNY - PONT DE CHAM;;;;940
39900;201300044269;13;3;2;2025;5;2;2;1.0;3;68;LIBERATION (AV DE LA);;;;940
39901;201300044270;13;3;4;1750;2;2;1;1.0;6;68;GABRIEL PERI (AV);;;;940
39902;201300044271;13;3;9;1640;1;2;2;1.0;3;68;RAYMOND POINCARE (AV);;;;940
39903;201300044272;13;3;8;1605;1;2;1;1.0;6;68;ALSACE LORRAINE (R D);;;;940
39904;201300044274;13;8;1;1220;1;2;1;1.0;6;68;GARIBALDI (R);;;;940
39905;201300044275;13;3;15;1820;2;2;1;1.0;3;68;8 MAI 1945 (CARR DU);;;;940
39906;201300044276;13;3;16;1550;1;2;1;1.0;6;68;110, CRETEIL (BD DE);;;;940
39907;201300044278;13;3;24;2150;5;2;1;1.0;6;68;BAC (AV DU);;;;940
39908;201300044279;13;3;26;1900;5;2;1;1.0;3;68;108 bis, CRETEIL (BD DE);;;;940
39909;201300044280;13;3;28;2155;5;2;1;1.0;6;68;157, BONNEUIL (QU DE);;;;940
39910;201300044281;13;4;2;910;1;2;1;1.0;3;68;RABELAIS (BD);;;;940
39911;201300044283;13;4;9;1730;1;2;1;8.0;3;68;FOCH (AV);;;;940
39912;201300044284;13;4;17;800;1;2;1;1.0;6;68;TILLEULS (PL DES);;;;940
39913;201300044285;13;4;19;1315;1;2;1;1.0;3;68;14, MIDI (AV DU);;;;940
39914;201300044286;13;9;12;810;1;2;3;8.0;3;68;PONT DE CRETEIL (R DU);;;;940
39915;201300044287;13;4;25;1910;1;2;1;1.0;3;68;CHAMPIGNY (BD DE);;;;940
39916;201300044288;13;4;26;1350;1;2;1;1.0;2;68;105, CHAMPIGNY (BD DE);;;;940
39917;201300044289;13;4;29;2040;5;2;3;1.0;3;68;GEORGES CLEMENCEAU (R);;;;940
39918;201300044290;13;9;23;1945;1;2;2;1.0;6;68;BAC (AV DU);;;;940
39919;201300044291;13;5;6;2140;5;2;1;1.0;7;68;3, VARENNE (R DE LA);;;;940
39920;201300044292;13;9;29;1900;2;2;2;1.0;3;68;BEAUBOURG (QU);;;;940
39921;201300044293;13;5;16;1830;1;2;1;1.0;3;68;63, CRETEIL (BD DE);;;;940
39922;201300044294;13;10;6;2005;5;2;2;1.0;3;68;PONT DE CRETEIL (R DU);;;;940
39923;201300044295;13;5;22;1210;1;2;1;1.0;2;68;20, PONT DE CRETEIL (R D;;;;940
39924;201300044296;13;10;15;2320;4;2;2;1.0;3;68;DOCTEUR ROUX (R DU);;;;940
39925;201300044298;13;11;10;1120;1;2;1;8.0;3;68;CHAMPIGNY (BD DE);;;;940
39926;201300044299;13;11;12;1805;5;2;1;2.0;6;68;123, FOCH (AV);;;;940
39927;201300044300;13;11;17;645;5;2;1;1.0;6;68;ALBERT 1ER (AV);;;;940
39928;201300044302;13;10;3;845;1;2;1;1.0;3;68;98, CARNOT (AV);;;;940
39929;201300044303;13;1;1;455;3;2;1;3.0;6;78;AV DU 8 MAI 1945;M;4872620.0;244456.0;940
39930;201300044304;13;1;6;2240;5;2;1;1.0;3;78;R DE PARIS;M;4872950.0;244682.0;940
39931;201300044305;13;1;9;1635;1;2;1;2.0;2;77;77, PAUL BERT (R);;;;940
39932;201300044306;13;1;1;10;5;2;4;2.0;3;78;APPEL 18 JUIN/CHURCHILL;M;4875520.0;244426.0;940
39933;201300044307;13;1;12;1230;1;2;2;2.0;3;77;9, VICTOR HUGO (AV);;;;940
39934;201300044308;13;1;11;1630;1;2;1;8.0;6;74;28, JULIEN DURANTON (ave;;;;940
39935;201300044309;13;1;16;820;2;1;1;1.0;1;74;30, FONTAINE SAINT-MARTI;;;;940
39936;201300044310;13;1;16;840;1;2;1;4.0;2;74;1, SALVADOR ALLENDE (AV);;;;940
39937;201300044311;13;1;22;1920;5;1;1;1.0;7;78;1, ANATOLE FRANCE (AV);;;;940
39938;201300044312;13;1;24;830;1;2;1;1.0;6;78;111, ANATOLE FRANCE (AV);;;;940
39939;201300044313;13;1;28;1920;5;2;3;1.0;3;78;33, REPUBLIQUE (AV DE LA;;;;940
39940;201300044315;13;2;2;530;5;2;3;1.0;3;77;REPUBLIQUE (AV DE LA);;;;940
39941;201300044316;13;1;29;605;5;2;1;2.0;6;78;PL PIERRE SEMARD;M;4872960.0;244685.0;940
39942;201300044317;13;11;23;1515;1;2;1;1.0;6;78;85, PRESIDENT JOHN FITZG;;;;940
39943;201300044318;13;2;8;645;5;2;1;1.0;6;74;236, DIVISION GENERAL LE;;;;940
39944;201300044319;13;1;28;1200;1;1;1;1.0;6;78;PL PIERRE SEMARD;M;4872950.0;244682.0;940
39945;201300044320;13;2;7;1800;5;2;1;1.0;2;74;10, RU DE GIRONDE (AV DU;;;;940
39946;201300044321;13;2;11;625;5;2;1;2.0;6;78;5, AV CARNOT;M;4873300.0;244731.0;940
39947;201300044322;13;2;6;1405;1;2;1;1.0;6;77;26, ANATOLE FRANCE (R);;;;940
39948;201300044323;13;2;11;820;1;2;3;2.0;6;1;1, RUE DU BAC;;;;940
39949;201300044324;13;2;18;730;1;2;1;1.0;6;77;33, LE FOLL (AV);;;;940
39950;201300044325;13;3;5;1620;1;2;1;1.0;2;78;AV DE L'APPEL DU 18 JUIN;M;4875550.0;244402.0;940
39951;201300044326;13;3;6;1720;1;2;1;1.0;2;78;VILLENEUVE LE ROI (PONT;;;;940
39952;201300044327;13;3;7;2210;5;2;1;1.0;6;77;1, VERDUN (COUR DE);;;;940
39953;201300044328;13;3;11;815;1;2;1;2.0;3;74;RU DE GIRONDE (AV DU);;;;940
39954;201300044329;13;3;9;1020;1;2;1;1.0;2;78;213, ANATOLE FRANCE (AV);;;;940
39955;201300044330;13;2;21;1240;1;2;1;1.0;6;74;SALVADOR ALLENDE (AV);;;;940
39956;201300044331;13;3;12;1025;1;2;1;4.0;5;74;1, JULIEN DURANTON (aven;;;;940
39957;201300044332;13;3;17;1843;5;2;1;4.0;3;74;RU DE GIRONDE (AV DU);;;;940
39958;201300044333;13;3;20;800;1;2;1;1.0;6;77;21, PAUL PAINLEVE (AV);;;;940
39959;201300044334;13;3;26;725;1;2;1;1.0;6;78;PL PIERRE SEMARD;M;4873040.0;244686.0;940
39960;201300044335;13;3;28;1330;1;2;1;1.0;6;78;CHENES (R DES);;;;940
39961;201300044336;13;4;11;900;1;2;1;1.0;6;74;1, RU DE GIRONDE (AV DU);;;;940
39962;201300044337;13;4;5;1720;1;2;1;1.0;6;74;25, COLONEL FABIEN (R);;;;940
39963;201300044338;13;4;12;1535;1;2;1;2.0;6;74;173, DIVISION GENERAL LE;;;;940
39964;201300044339;13;4;16;1605;1;2;1;1.0;3;78;PRESIDENT JOHN FITZGERAL;;;;940
39965;201300044341;13;4;18;1720;1;2;3;1.0;3;74;1, GUY MOQUET (AV);;;;940
39966;201300044342;13;5;23;1100;1;2;4;1.0;3;78;8 MAI 1945/SEMARD;M;4872940.0;244678.0;940
39967;201300044344;13;4;16;1245;1;2;1;1.0;3;77;3, VOEUX SAINT GEORGES (;;;;940
39968;201300044345;13;4;20;1210;1;2;1;1.0;4;78;AV DE L'APPEL DU 18 JUIN;M;4875620.0;244397.0;940
39969;201300044347;13;4;19;2230;5;2;1;2.0;6;78;14, PL PIERRE SEMARD;M;4872940.0;244676.0;940
39970;201300044348;13;4;20;2046;4;2;3;1.0;3;78;8 MAI 45/PONT VILLENEUVE;M;4872760.0;244561.0;940
39971;201300044349;13;4;25;1500;1;2;1;1.0;5;78;47, CLEMENT ADER (R);;;;940
39972;201300044350;13;5;7;2100;5;2;1;1.0;6;78;1, AV DE CHOISY;M;4874490.0;243818.0;940
39973;201300044351;13;5;24;900;1;2;5;1.0;2;78;PARIS/BERLIOZ;M;4874590.0;244662.0;940
39974;201300044352;13;5;25;2215;5;2;2;1.0;3;78;PARIS/CHOISY;M;4873560.0;244665.0;940
39975;201300044353;13;5;28;1230;1;2;1;1.0;3;78;154, NON DENOMMEE (VOI);;;;940
39976;201300044354;13;5;13;2325;5;2;1;1.0;2;78;WINSTON CHURCHILL (AV);;;;940
39977;201300044356;13;6;2;1445;1;2;1;1.0;7;78;24, PETIT PRE (R DU);;;;940
39978;201300044357;13;6;5;740;1;2;1;1.0;5;78;AV DU 8 MAI 1945.;M;4872650.0;244475.0;940
39979;201300044358;13;6;14;1430;1;2;1;1.0;2;78;R DE PARIS;M;4873080.0;244685.0;940
39980;201300044359;13;6;18;1105;1;2;1;1.0;6;78;158, R DE PARIS;M;4873590.0;244682.0;940
39981;201300044360;13;6;20;1300;1;2;1;1.0;6;77;1, HUIT MAI 1945 (R DU);;;;940
39982;201300044361;13;5;18;925;1;2;1;1.0;4;78;8 MAI 1945;M;4873020.0;244687.0;940
39983;201300044362;13;6;17;1450;1;2;1;1.0;6;78;23, HENRI JANIN (R);;;;940
39984;201300044363;13;6;22;2110;2;2;1;1.0;6;78;174, R DE PARIS;M;4873770.0;244682.0;940
39985;201300044364;13;6;6;1605;1;2;2;7.0;1;78;8 MAI 1945/MELUN;M;4872450.0;244508.0;940
39986;201300044365;13;6;26;2030;1;2;1;1.0;1;78;10, BEAUREGARD (R DE);;;;940
39987;201300044366;13;5;24;1605;1;2;1;2.0;6;77;1, REPUBLIQUE (AV DE LA);;;;940
39988;201300044367;13;6;29;1030;1;2;1;1.0;4;74;34, JULIEN DURANTON (ave;;;;940
39989;201300044368;13;6;28;2230;5;2;3;1.0;6;78;100, PARIS/MARNE;M;4873110.0;244682.0;940
39990;201300044369;13;7;2;1045;1;2;2;1.0;2;78;158, PARIS/CHOISY;M;4873560.0;244665.0;940
39991;201300044370;13;5;16;1700;1;2;2;1.0;6;77;PASTEUR / NICOT;;;;940
39992;201300044371;13;5;13;2330;5;2;1;1.0;1;78;1, BRICQUEBEC (R DE);;;;940
39993;201300044372;13;7;6;1840;1;2;1;1.0;6;74;6, COLONEL FABIEN (R);;;;940
39994;201300044373;13;6;28;1120;1;2;1;1.0;2;74;116, RU DE GIRONDE (AV D;;;;940
39995;201300044374;13;7;8;1310;1;2;1;1.0;3;77;GENERAL DE GAULLE (R DU);;;;940
39996;201300044375;13;7;3;750;1;2;1;2.0;6;74;1, JULIEN DURANTON (aven;;;;940
39997;201300044376;13;6;13;1530;1;2;2;2.0;3;77;1, ALEXANDRE RIBOT (R);;;;940
39998;201300044379;13;7;3;1920;1;2;1;8.0;6;77;11, COLONEL FABIEN(RUE);;;;940
39999;201300044380;13;6;27;100;5;2;3;1.0;3;78;8 MAI 45/PONT VILLENEUVE;M;4872760.0;244561.0;940
40000;201300044381;13;7;18;2020;1;2;3;2.0;7;78;PONT VILLENEUVE/8 MAI 45;M;4872760.0;244561.0;940
40001;201300044382;13;7;19;1025;1;2;1;1.0;6;78;107, ANATOLE FRANCE (AV);;;;940
40002;201300044383;13;7;22;1800;1;2;2;1.0;3;1;01, VILLENEUVE (route de;;;;940
40003;201300044384;13;7;23;1420;1;2;1;2.0;6;78;140, CHOISY (AV DE);;;;940
40004;201300044385;13;8;28;1415;1;2;1;1.0;4;77;LE FOLL (AV);;;;940
40005;201300044386;13;6;28;1305;1;2;1;8.0;1;77;0,  FRONT DE SEINE;;;;940
40006;201300044388;13;7;27;1452;1;2;2;1.0;4;78;160, PARIS/CHOISY;M;4873560.0;244665.0;940
40007;201300044389;13;7;31;1340;1;2;3;1.0;4;78;MELUN/BELLE PLACE;M;4872410.0;244478.0;940
40008;201300044390;13;7;24;1810;1;2;1;1.0;6;78;R DE PARIS;M;4873040.0;244686.0;940
40009;201300044391;13;6;17;1500;1;2;1;1.0;6;74;45, RU DE GIRONDE (AV DU;;;;940
40010;201300044392;13;8;2;1710;1;2;1;1.0;3;78;WINSTON CHURCHILL (AV);;;;940
40011;201300044393;13;8;5;1230;1;2;1;1.0;6;74;46, COLONEL FABIEN (R);;;;940
40012;201300044394;13;7;8;810;1;2;1;1.0;3;74;., JULIEN DURANTON (aven;;;;940
40013;201300044395;13;8;9;740;1;2;1;1.0;3;78;AV DU 8 MAI 1945;M;4873030.0;244687.0;940
40014;201300044396;13;8;15;1415;1;2;3;7.0;3;78;PARIS/ORME SAINTE MARIE;M;4873900.0;244684.0;940
40015;201300044397;13;8;16;900;1;2;1;1.0;6;78;52, CHOISY (AV DE);;;;940
40016;201300044398;13;8;16;1955;1;2;4;1.0;4;78;PARIS/CHURCHILL;M;4875510.0;244413.0;940
40017;201300044399;13;8;27;1705;1;2;1;1.0;7;78;08, CHENES (R DES);;;;940
40018;201300044400;13;8;29;1515;1;2;1;1.0;6;78;AV DE L'APPEL DU 18 JUIN;M;4873030.0;244686.0;940
40019;201300044401;13;9;3;1130;1;2;1;1.0;6;77;13, HENRI GILBERT (AV);;;;940
40020;201300044403;13;9;6;1610;1;2;3;1.0;1;78;PONT VILLENEUVE/8 MAI 45;M;4872760.0;244561.0;940
40021;201300044404;13;9;8;1341;1;2;1;1.0;6;78;26, CARNOT (AV);;;;940
40022;201300044405;13;8;29;1415;1;2;1;1.0;3;74;9, SALVADOR ALLENDE (AV);;;;940
40023;201300044406;13;9;9;1635;1;2;1;2.0;6;77;24, MARECHAL FOCH (R DU);;;;940
40024;201300044407;13;9;10;1055;1;2;1;2.0;3;77;5, EUGENIE LE GUILLERMIC;;;;940
40025;201300044408;13;9;10;1850;1;2;3;8.0;3;78;PARIS/ORME SAINTE-MARIE;M;4873900.0;244684.0;940
40026;201300044409;13;9;14;1100;1;2;1;2.0;7;77;29, LE FOLL (AV);;;;940
40027;201300044410;13;9;17;1950;5;2;2;2.0;3;78;42, VOLTAIRE (R);;;;940
40028;201300044411;13;9;24;1350;1;2;1;1.0;3;78;22, HENRI LEDUC (R);;;;940
40029;201300044412;13;9;24;1610;1;2;1;1.0;7;1;25, PASTEUR( quai);;;;940
40030;201300044414;13;9;23;1920;2;2;1;1.0;7;78;40, PRESIDENT JOHN FITZG;;;;940
40031;201300044415;13;10;3;1635;1;2;1;2.0;3;78;43, EUROPE (AV DE L);;;;940
40032;201300044416;13;10;4;840;1;2;1;8.0;6;77;62, PAUL BERT (R);;;;940
40033;201300044417;13;10;5;1840;2;2;3;1.0;3;78;CHURCHILL/SAINT-EXUPERY;M;4875410.0;244868.0;940
40034;201300044418;13;10;6;705;5;2;1;1.0;6;74;CHAMP SAINT-JULIEN (AV D;;;;940
40035;201300044419;13;10;6;1510;1;2;3;1.0;2;78;PARIS/BERLIOZ;M;4874590.0;244662.0;940
40036;201300044420;13;10;10;725;2;2;1;8.0;6;1;3, DE GAULLE (rue du G?n;;;;940
40037;201300044421;13;9;29;2100;5;1;4;9.0;3;78;8 MAI 1945/PIERRE SEMARD;M;4872940.0;244678.0;940
40038;201300044422;13;10;12;2210;5;2;1;1.0;5;74;01, FERME (COUR DE LA);;;;940
40039;201300044423;13;10;15;2130;5;2;1;1.0;6;78;AV DU 8 MAI 1945;M;4873010.0;244688.0;940
40040;201300044424;13;9;11;445;5;2;1;2.0;3;74;34, LOUIS ARMAND (R);;;;940
40041;201300044425;13;10;18;720;2;2;1;1.0;3;78;09, CHOISY (AV DE);;;;940
40042;201300044426;13;10;23;1155;1;2;1;1.0;7;74;181, DIVISION GENERAL LE;;;;940
40043;201300044427;13;10;28;1115;1;2;1;2.0;3;74;10, COLONEL FABIEN (R);;;;940
40044;201300044428;13;10;30;2132;5;2;2;1.0;3;77;LE FOLL (AV);;;;940
40045;201300044429;13;11;5;830;1;2;6;2.0;3;77;REPUBLIQUE (AV DE LA);;;;940
40046;201300044430;13;11;6;825;1;2;3;1.0;3;78;85, PRESIDENT JOHN FITZG;;;;940
40047;201300044431;13;11;6;1400;1;2;1;1.0;2;78;7, GEORGES PICOT (R);;;;940
40048;201300044432;13;11;7;850;1;2;3;1.0;3;78;117 bis, CHOISY (AV DE);;;;940
40049;201300044433;13;11;7;1250;1;2;3;1.0;3;78;85, ANATOLE FRANCE (AV);;;;940
40050;201300044435;13;11;8;550;5;2;2;2.0;2;78;PARIS/CHOISY;M;4873560.0;244665.0;940
40051;201300044436;13;11;8;1805;5;2;2;1.0;6;77;29, PASTEUR (AV);;;;940
40052;201300044437;13;11;10;640;5;2;3;2.0;4;78;PARIS/MARNE;M;4873110.0;244682.0;940
40053;201300044438;13;11;11;1825;5;2;1;1.0;3;77;LAMARTINE (R);;;;940
40054;201300044439;13;11;28;800;1;2;3;1.0;6;78;PARIS/DUNANT;M;4873220.0;244684.0;940
40055;201300044440;13;12;1;220;5;2;1;1.0;6;1;1 bis, QUAI MAGNE;;;;940
40056;201300044441;13;11;28;830;5;2;1;1.0;7;78;29, ANATOLE FRANCE (AV);;;;940
40057;201300044442;13;12;2;1430;1;2;1;1.0;3;78;12, HENRI JANIN (R);;;;940
40058;201300044443;13;12;6;2330;5;2;3;1.0;6;78;PARIS/DUNANT;M;4873220.0;244684.0;940
40059;201300044444;13;12;8;1250;1;2;2;1.0;3;78;EASTLEIGH (AV DE);;;;940
40060;201300044445;13;12;9;450;5;2;6;1.0;2;74;CHAMP SAINT-JULIEN (AV D;;;;940
40061;201300044446;13;12;9;1240;1;2;2;1.0;2;78;04, R DE PARIS/GERVAIS;M;4872530.0;244583.0;940
40062;201300044447;13;12;10;800;1;2;3;1.0;3;74;FERME DE L HOPITAL (CHE;;;;940
40063;201300044448;13;12;13;1312;1;2;1;1.0;3;77;59, DOCTEUR CALMETTE (RU;;;;940
40064;201300044449;13;12;13;1920;5;2;1;2.0;6;78;17 bis, FRANCIS MARTIN (;;;;940
40065;201300044450;13;12;15;1215;1;2;1;1.0;6;74;1, SABLONNIERE (R DE LA);;;;940
40066;201300044451;13;12;15;1335;1;2;1;1.0;3;78;90, VALENTON (AV DE);;;;940
40067;201300044452;13;12;16;1609;1;2;2;1.0;6;78;100, PARIS/MARNE;M;4873110.0;244682.0;940
40068;201300044453;13;12;17;1705;2;2;1;1.0;7;77;5, JEAN MARIE POULMARCH;;;;940
40069;201300044454;13;12;30;1542;1;2;1;2.0;7;78;VILLENEUVE LE ROI (PONT;;;;940
40070;201300044455;13;12;18;1608;1;2;1;1.0;3;74;., JULIEN DURANTON (aven;;;;940
40071;201300044456;13;12;18;1755;5;2;1;1.0;4;74;JULIEN DURANTON (avenue);;;;940
40072;201300044457;13;12;20;2015;5;2;1;1.0;3;77;., VERDUN (COUR DE);;;;940
40073;201300044458;13;12;22;1135;1;2;1;2.0;5;78;AV DU 8 MAI 1945;M;4872650.0;244474.0;940
40074;201300044459;13;5;8;1500;1;2;1;8.0;6;77;57, LE FOLL (AV);;;;940
40075;201300044460;13;1;4;2140;5;2;1;1.0;3;80;.38-40, PARIS (AV DE);;;;940
40076;201300044461;13;1;7;1725;5;2;2;1.0;6;80;13, MONTREUIL (R DE);;;;940
40077;201300044462;13;1;7;1825;5;2;1;1.0;7;80;192, FONTENAY (R DE);;;;940
40078;201300044463;13;1;11;1845;5;2;1;1.0;6;67;93, GENERAL DE GAULLE (A;;;;940
40079;201300044464;13;1;14;700;5;2;1;1.0;3;80;35, PARIS (AV DE);;;;940
40080;201300044465;13;1;24;1900;5;2;3;1.0;6;80;213, DIDEROT (R);;;;940
40081;201300044466;13;2;1;810;2;2;8;2.0;6;80;., PARIS (AV DE);;;;940
40082;201300044467;13;2;7;920;1;2;2;1.0;3;67;GAMBETTA (AV);;;;940
40083;201300044468;13;2;12;1540;1;2;1;1.0;6;67;42, GENERAL DE GAULLE (A;;;;940
40084;201300044469;13;2;13;1645;1;2;1;1.0;6;67;12, GENERAL DE GAULLE (A;;;;940
40085;201300044470;13;2;22;1400;1;2;3;1.0;6;67;PASTEUR (AV);;;;940