;Num_Acc;an;mois;jour;hrmn;lum;agg;int;atm;col;com;adr;gps;lat;long;dep
40086;201300044473;13;4;6;1545;1;2;1;1.0;3;80;01, LAGNY (R DE);;;;940
40087;201300044474;13;4;8;1125;1;2;5;1.0;3;80;FELIX FAURE/POMMIERS;M;4884760.0;245272.0;940
40088;201300044475;13;4;11;1355;1;2;1;1.0;2;80;60, MINIMES (AV DES);;;;940
40089;201300044476;13;4;17;1555;1;2;1;1.0;3;80;12-14, ROBERT GIRAUDINEA;;;;940
40090;201300044477;13;4;22;1820;1;2;1;1.0;6;67;70-72, GENERAL DE GAULLE;;;;940
40091;201300044478;13;4;29;1300;1;2;1;1.0;3;80;99, FONTENAY (R DE);;;;940
40092;201300044479;13;4;30;800;1;2;1;1.0;2;80;117, PARIS (AV DE);;;;940
40093;201300044480;13;5;3;1035;1;2;5;1.0;6;80;144, R DEFRANCE/DIDEROT;M;4884960.0;245635.0;940
40094;201300044481;13;5;21;1055;1;2;4;1.0;1;80;42, REPUBLIQUE (AV DE LA;;;;940
40095;201300044482;13;5;22;1530;1;2;1;1.0;3;80;86, PARIS (AV DE);;;;940
40096;201300044484;13;5;26;1740;1;2;3;1.0;6;67;LIEGE (AV DE);;;;940
40097;201300044485;13;5;28;1500;1;2;3;2.0;7;80;46, FONTENAY (R DE);;;;940
40098;201300044487;13;5;30;1910;1;2;1;1.0;3;67;35, JOFFRE (AV);;;;940
40099;201300044489;13;6;15;840;1;2;3;1.0;3;80;30, PARIS (AV DE);;;;940
40100;201300044490;13;6;21;1850;1;2;1;1.0;6;80;., CONDE-SUR-NOIREAU (R;;;;940
40101;201300044491;13;7;11;1015;1;2;1;1.0;2;67;11, LAC (R DU);;;;940
40102;201300044492;13;7;13;1915;1;2;1;1.0;2;80;MINIMES (AV DES);;;;940
40103;201300044493;13;7;16;1205;1;2;3;1.0;3;80;GENERAL DE GAULLE (AV DU;;;;940
40104;201300044494;13;7;20;2035;2;2;1;1.0;1;80;111, FONTENAY (R DE);;;;940
40105;201300044495;13;7;22;1220;1;2;3;1.0;2;80;FONTENAY (R DE);;;;940
40106;201300044497;13;8;10;1550;1;2;2;1.0;2;80;150, PARIS (AV DE);;;;940
40107;201300044498;13;8;20;1230;1;2;1;1.0;6;80;25 bis, PETIT PARC (AV D;;;;940
40108;201300044499;13;8;25;1655;1;2;2;2.0;3;67;JOFFRE (AV);;;;940
40109;201300044500;13;8;29;1210;1;2;2;1.0;3;80;MARIGNY (COUR);;;;940
40110;201300044501;13;8;28;1915;1;2;2;1.0;3;80;02, PARIS (AV DE);;;;940
40111;201300044502;13;9;3;1845;1;2;1;1.0;6;80;67, FONTENAY (R DE);;;;940
40112;201300044503;13;9;9;1400;1;2;3;3.0;3;67;120, LAGNY (R DE);;;;940
40113;201300044504;13;9;22;1625;1;2;1;1.0;5;80;32, PARIS (AV DE);;;;940
40114;201300044505;13;9;23;1750;1;2;1;1.0;6;80;14, MINIMES (AV DES);;;;940
40115;201300044506;13;9;29;35;5;2;2;2.0;6;67;., GENERAL DE GAULLE (AV;;;;940
40116;201300044507;13;10;9;1530;1;2;1;2.0;6;80;106, FONTENAY (R DE);;;;940
40117;201300044509;13;10;20;1135;1;2;1;2.0;2;67;14, ETANG (CHS DE L);;;;940
40118;201300044510;13;10;23;2205;5;2;1;1.0;6;67;2, AMIRAL COURBET (R DE;;;;940
40119;201300044511;13;11;1;1840;5;2;3;2.0;6;67;03, GENERAL DE GAULLE (A;;;;940
40120;201300044512;13;11;13;710;2;2;9;1.0;1;80;., FONTENAY (R DE);;;;940
40121;201300044513;13;11;16;2155;5;2;3;1.0;6;80;80, FONTENAY (R DE);;;;940
40122;201300044514;13;11;19;920;1;2;1;2.0;6;67;1, GENERAL DE GAULLE (AV;;;;940
40123;201300044515;13;11;19;2110;5;2;2;1.0;3;80;PARIS (AV DE);;;;940
40124;201300044516;13;11;21;1245;1;2;1;1.0;1;80;., CARNOT (AV);;;;940
40125;201300044517;13;11;22;1020;1;2;1;1.0;3;67;24, GENERAL DE GAULLE (A;;;;940
40126;201300044518;13;12;13;910;1;2;1;1.0;6;80;98, AUBERT (AV);;;;940
40127;201300044519;13;12;18;1125;1;2;9;1.0;6;80;80, FONTENAY (R DE);;;;940
40128;201300044520;13;12;22;1540;1;2;2;2.0;2;80;., PARIS (AV DE);;;;940
40129;201300044521;13;12;31;1800;5;2;2;2.0;6;80;CHATEAU/FONTENAY;;;;940
40130;201300044522;13;1;1;1935;5;2;2;2.0;6;81;EDOUARD TREMBLAY (R);;;;940
40131;201300044523;13;1;3;905;1;2;1;2.0;2;81;30, GERMAIN DEFRESNE (R);;;;940
40132;201300044524;13;1;7;1135;1;2;2;1.0;3;81;HENRI BARBUSSE (AV);;;;940
40133;201300044525;13;1;10;840;1;2;2;8.0;3;81;GUESDE/ALLENDE;;;;940
40134;201300044526;13;1;10;855;1;2;2;1.0;3;81;HENRI BARBUSSE (AV);;;;940
40135;201300044527;13;1;15;805;2;2;1;2.0;6;81;103, JEAN JAURES (AV);;;;940
40136;201300044528;13;1;16;1420;1;1;3;1.0;3;81;AUBER (R);;;;940
40137;201300044529;13;1;18;1410;1;2;1;1.0;3;81;HUIT MAI 1945 (AV DU);;;;940
40138;201300044530;13;1;24;1800;5;2;2;1.0;3;81;PRESIDENT SALVADOR ALLEN;;;;940
40139;201300044531;13;1;25;1645;1;2;1;8.0;6;81;33, ANATOLE FRANCE (AV);;;;940
40140;201300044532;13;1;26;1715;1;2;1;1.0;7;81;123, JULES GUESDE (QU);;;;940
40141;201300044533;13;1;28;1305;1;2;3;1.0;6;81;MARNE (R DE LA);;;;940
40142;201300044535;13;1;30;1220;1;2;1;3.0;6;81;98, BERLIOZ (R);;;;940
40143;201300044536;13;1;30;1610;1;1;1;1.0;2;81;A86;M;4877340.0;240306.0;940
40144;201300044537;13;2;9;225;5;2;1;2.0;6;81;25, MAXIMILIEN ROBESPIER;;;;940
40145;201300044538;13;2;9;1155;1;2;1;8.0;6;81;STALINGRAD (BD DE);;;;940
40146;201300044539;13;2;9;2000;5;2;1;1.0;6;81;210, JULIAN GRIMAU (R);;;;940
40147;201300044540;13;2;10;2200;5;2;6;2.0;3;81;PRESIDENT SALVADOR ALLEN;;;;940
40148;201300044541;13;2;21;2315;5;1;6;1.0;3;81;JULES GUESDE (QU);;;;940
40149;201300044542;13;2;25;2115;5;2;1;2.0;6;81;57, ROUGET DE L ISLE (AV;;;;940
40150;201300044543;13;2;27;1755;2;2;9;1.0;6;81;52, STALINGRAD (BD DE);;;;940
40151;201300044544;13;2;27;2030;5;2;3;1.0;3;81;REPUBLIQUE (AV DE LA);;;;940
40152;201300044545;13;2;28;1730;1;2;9;1.0;3;81;25, STALINGRAD (BD DE);;;;940
40153;201300044546;13;3;5;1725;1;2;4;1.0;3;81;, STALINGRAD (BD DE);;;;940
40154;201300044547;13;3;5;1725;1;2;4;1.0;3;81;LOUISE AGLAE CRETTE (R);;;;940
40155;201300044548;13;3;7;1340;1;2;1;8.0;7;81;40-62, GENERAL MALLERET;;;;940
40156;201300044549;13;3;8;900;1;2;2;1.0;3;81;18, LA BRUYERE (AV);;;;940
40157;201300044550;13;3;11;940;1;2;1;8.0;2;81;ROUGET DE L ISLE (AV);;;;940
40158;201300044551;13;3;22;1525;1;1;1;1.0;2;81;BRETELLE A86;M;4877360.0;240396.0;940
40159;201300044552;13;3;22;2110;5;2;2;1.0;3;81;GABRIEL PERI (R);;;;940
40160;201300044554;13;4;5;1755;1;2;2;1.0;6;81;PAUL ARMANGOT (R);;;;940
40161;201300044555;13;4;9;1325;1;2;1;8.0;6;81;12, GROUPE MANOUCHIAN (A;;;;940
40162;201300044557;13;4;14;1950;1;2;1;1.0;6;81;07, MOULIN DE SAQUET (AV;;;;940
40163;201300044558;13;4;25;1210;1;2;2;1.0;6;81;Angle, EUGENE HENAFF (R);;;;940
40164;201300044559;13;4;25;2000;2;2;2;1.0;6;81;Angle, PRESIDENT SALVADO;;;;940
40165;201300044560;13;4;27;1815;1;1;1;1.0;2;81;ACCES A86, BRETELLE A86;M;4877340.0;240305.0;940
40166;201300044561;13;4;29;1145;1;2;3;1.0;3;81;Angle, ANSELME RONDENAY;;;;940
40167;201300044562;13;4;30;1800;1;2;1;3.0;7;81;2, EUGENE HENAFF (R);;;;940
40168;201300044563;13;5;5;155;5;2;1;1.0;6;81;122, LEON GEFFROY (R);;;;940
40169;201300044564;13;5;6;1200;1;1;1;1.0;4;81;ACCES BRETELLE A86;M;4877340.0;240313.0;940
40170;201300044565;13;5;7;1950;1;2;1;1.0;6;81;MARIO CAPRA (R);;;;940
40171;201300044566;13;5;14;1145;1;1;1;1.0;2;81;BRETELLE A86;M;4877340.0;240305.0;940
40172;201300044567;13;5;16;1540;1;2;9;2.0;6;81;135, STALINGRAD (BD DE);;;;940
40173;201300044568;13;5;16;1545;1;2;1;2.0;6;81;139, P V COUTURIER;M;4879270.0;239538.0;940
40174;201300044569;13;5;17;900;1;2;1;1.0;3;81;41, CONCORDE (R DE LA);;;;940
40175;201300044570;13;5;19;1325;1;2;1;1.0;2;81;LEON GEFFROY (R);;;;940
40176;201300044571;13;5;20;1300;1;2;1;2.0;6;81;01, ABBE ROGER DERRY (AV;;;;940
40177;201300044573;13;5;22;2205;5;2;9;9.0;2;81;248, GABRIEL PERI (R);;;;940
40178;201300044574;13;5;25;1915;1;2;9;1.0;6;81;3, ABBE ROGER DERRY (AV;;;;940
40179;201300044575;13;5;27;2000;1;2;1;1.0;6;81;6, ANATOLE FRANCE (AV);;;;940
40180;201300044576;13;5;28;1005;1;2;1;2.0;3;81;JULES GUESDE (QU);;;;940
40181;201300044578;13;6;5;1650;1;1;1;1.0;2;81;BRETELLE A86;M;4877350.0;240378.0;940
40182;201300044579;13;6;7;1700;1;2;5;1.0;6;81;LOUISE AGLAE CRETTE (R);;;;940
40183;201300044580;13;6;11;1910;1;2;1;1.0;3;81;26, ERNEST HAVET (AV);;;;940
40184;201300044581;13;6;13;1635;1;2;1;2.0;6;81;117, BALZAC (R);;;;940
40185;201300044582;13;6;14;815;1;2;9;1.0;6;81;CHAMPILLION (R);;;;940
40186;201300044583;13;6;17;845;2;2;1;2.0;4;81;PRESIDENT SALVADOR ALLEN;;;;940
40187;201300044584;13;6;25;935;1;2;1;1.0;6;81;23, MAXIMILIEN ROBESPIER;;;;940
40188;201300044585;13;6;27;1615;1;2;1;1.0;3;81;26, ANATOLE FRANCE (AV);;;;940
40189;201300044586;13;7;1;1710;1;2;2;1.0;3;81;LEMERLE VETTER (AV);;;;940
40190;201300044587;13;7;2;1440;1;2;3;1.0;3;81;, ABBE ROGER DERRY (AV D;;;;940
40191;201300044589;13;7;8;1520;1;2;1;1.0;2;81;13, YOURI GAGARINE (AV);;;;940
40192;201300044591;13;7;13;1220;1;2;1;1.0;2;81;PORT A L ANGLAIS (R DU);;;;940
40193;201300044592;13;7;15;1400;1;2;2;1.0;1;81;LEMERLE VETTER (AV);;;;940
40194;201300044593;13;7;17;2140;2;2;9;1.0;6;81;06, ALBERT THOMAS (AV);;;;940
40195;201300044594;13;7;18;1715;1;2;3;1.0;6;81;MOULIN DE SAQUET (AV DU);;;;940
40196;201300044595;13;7;21;2320;5;2;2;1.0;3;81;JEAN JAURES (AV);;;;940
40197;201300044596;13;7;21;2120;2;2;1;1.0;3;81;07, ABBE ROGER DERRY (AV;;;;940
40198;201300044597;13;7;22;830;1;2;1;1.0;6;81;PRESIDENT SALVADOR ALLEN;;;;940
40199;201300044598;13;7;25;808;1;2;3;1.0;6;81;AV DU 8 MAI 1945/CHOISY;M;4878490.0;240015.0;940
40200;201300044599;13;7;27;1715;1;2;1;1.0;4;81;99, STALINGRAD (BD DE);;;;940
40201;201300044600;13;7;27;2340;3;2;1;1.0;6;81;48, GERMAIN DEFRESNE (R);;;;940
40202;201300044601;13;7;30;1905;1;2;1;1.0;6;81;14, CAMILLE BLANC (R);;;;940
40203;201300044602;13;8;2;1930;1;2;3;1.0;3;81;43, REPUBLIQUE (AV DE LA;;;;940
40204;201300044603;13;8;2;2300;5;2;1;1.0;3;81;23, ANATOLE FRANCE (AV);;;;940
40205;201300044604;13;8;3;2115;5;2;1;1.0;6;81;03, ABBE ROGER DERRY (AV;;;;940
40206;201300044605;13;8;5;855;1;2;1;1.0;6;81;107, JULES GUESDE (QU);;;;940
40207;201300044606;13;8;5;2122;1;2;2;1.0;3;81;STALINGRAD (BD DE);;;;940
40208;201300044607;13;8;6;1235;1;2;1;1.0;6;81;62/64, PAUL VAILLANT COU;;;;940
40209;201300044610;13;8;18;1430;1;2;1;1.0;6;81;CAMILLE GROULT (R);;;;940
40210;201300044611;13;8;19;1755;1;2;3;1.0;3;81;9, ABBE ROGER DERRY (AV;;;;940
40211;201300044613;13;8;21;1040;1;2;1;1.0;6;81;230, GABRIEL PERI (R);;;;940
40212;201300044614;13;8;31;2135;5;2;2;1.0;3;81;GAGARINE/ABBE DERRY;;;;940
40213;201300044615;13;9;2;1350;1;2;1;1.0;6;81;21, GROUPE MANOUCHIAN (A;;;;940
40214;201300044616;13;9;8;950;1;2;3;1.0;6;81;Angle, CAMILLE BLANC (R);;;;940
40215;201300044617;13;9;9;1715;1;1;1;1.0;7;81;A86;M;4877440.0;240674.0;940
40216;201300044619;13;9;11;1545;1;2;1;1.0;6;81;40-62, GENERAL MALLERET;;;;940
40217;201300044620;13;9;15;2030;5;2;1;1.0;6;81;112, GROUPE MANOUCHIAN (;;;;940
40218;201300044621;13;9;16;1330;1;2;2;1.0;3;81;MARGUERITES (R DES);;;;940
40219;201300044622;13;9;19;920;1;2;2;1.0;3;81;JULES GUESDE (QU);;;;940
40220;201300044623;13;9;21;905;1;2;3;1.0;3;81;4, EDOUARD TIL (R);;;;940
40221;201300044624;13;9;24;1230;1;2;4;1.0;1;81;ANATOLE FRANCE (AV);;;;940
40222;201300044625;13;9;25;820;1;2;2;1.0;3;81;1, YOURI GAGARINE (AV);;;;940
40223;201300044626;13;9;27;2115;5;2;9;1.0;3;81;PAUL VAILLANT COUTURIER;;;;940
40224;201300044627;13;10;2;1255;1;2;1;1.0;5;81;99, ROUGET DE L ISLE (AV;;;;940
40225;201300044628;13;10;3;705;5;2;1;1.0;6;81;161, ROUGET DE L ISLE (A;;;;940
40226;201300044629;13;10;5;1145;1;2;1;1.0;6;81;4, PRESIDENT SALVADOR AL;;;;940
40227;201300044630;13;10;6;1345;1;2;2;1.0;6;81;PRESIDENT SALVADOR ALLEN;;;;940
40228;201300044632;13;10;10;1550;1;1;1;1.0;4;81;A86;M;4877340.0;240308.0;940
40229;201300044633;13;10;15;1305;1;2;3;1.0;3;81;GROUPE MANOUCHIAN (AV DU;;;;940
40230;201300044634;13;10;16;1750;1;2;2;8.0;3;81;Angle, GROUPE MANOUCHIAN;;;;940
40231;201300044635;13;10;18;1730;1;2;3;1.0;3;81;150, GABRIEL PERI (R);;;;940
40232;201300044636;13;10;23;1150;1;2;1;1.0;6;81;60, GUY MOQUET (AV);;;;940
40233;201300044637;13;10;31;1910;5;2;1;1.0;7;81;71, MOULIN DE SAQUET (AV;;;;940
40234;201300044638;13;11;1;1145;1;2;1;2.0;3;81;25, DALOU (R);;;;940
40235;201300044639;13;11;3;1005;1;2;6;1.0;6;81;ERNEST HAVET (AV);;;;940
40236;201300044640;13;11;5;840;1;2;1;3.0;6;81;60, PAUL VAILLANT COUTUR;;;;940
40237;201300044641;13;11;6;810;1;2;1;1.0;6;81;24, ABBE ROGER DERRY (AV;;;;940
40238;201300044642;13;11;7;1310;1;2;2;1.0;3;81;JEAN JAURES (AV);;;;940
40239;201300044643;13;11;12;1430;1;1;1;3.0;2;81;A86, BRETELLE A86;M;4877350.0;240380.0;940
40240;201300044644;13;11;17;2235;5;2;2;1.0;6;81;EDOUARD TREMBLAY (R);;;;940
40241;201300044646;13;11;19;605;5;2;2;1.0;3;81;JULES GUESDE (QU);;;;940
40242;201300044647;13;11;19;1410;1;2;1;1.0;3;81;STALINGRAD (BD DE);;;;940
40243;201300044648;13;11;19;1835;5;2;2;1.0;6;81;170, GABRIEL PERI (R);;;;940
40244;201300044649;13;11;20;1200;1;2;3;1.0;2;81;PRESIDENT SALVADOR ALLEN;;;;940
40245;201300044650;13;11;25;1315;1;2;1;1.0;6;81;97, PAUL VAILLANT COUTUR;;;;940
40246;201300044651;13;12;1;1745;4;2;2;1.0;3;81;JULES GUESDE (QU);;;;940
40247;201300044652;13;12;2;1800;5;2;1;1.0;6;81;Angle, CHAMPILLION (R);;;;940
40248;201300044654;13;12;6;1320;1;2;1;1.0;6;81;17, VOLTAIRE (R);;;;940
40249;201300044655;13;12;11;1115;1;2;2;1.0;2;81;Entr?e, HENRI BARBUSSE (;;;;940
40250;201300044656;13;12;18;1745;5;2;1;1.0;7;81;14, ABBE ROGER DERRY (AV;;;;940
40251;201300044657;13;12;19;810;3;2;1;2.0;6;81;Angle, JEAN JAURES (AV);;;;940
40252;201300044658;13;12;21;1830;5;2;6;1.0;7;81;Angle, EUGENE PELLETAN -;;;;940
40253;201300044659;13;12;22;1310;1;2;1;2.0;6;81;14,AV DU GENERAL LECLERC;;;;940
40254;201300044660;13;12;27;735;5;2;2;8.0;2;81;01, YOURI GAGARINE (AV);;;;940
40255;201300044661;13;12;29;540;5;2;3;2.0;2;81;COLONEL FABIEN (AV DU);;;;940
40256;201300044663;13;1;2;1600;1;2;2;1.0;3;176;BD JOFFRE;M;4896340.0;220090.0;950
40257;201300044664;13;1;8;1850;5;2;2;1.0;3;18;BD DU GENERAL LECLERC;M;4893990.0;222820.0;950
40258;201300044665;13;1;10;815;1;2;1;1.0;3;18;BD HELOISE;M;4893830.0;224660.0;950
40259;201300044666;13;1;15;1550;1;2;1;8.0;6;176;R EMY-LES-PRES;M;4897190.0;220390.0;950
40260;201300044667;13;1;18;700;2;2;1;4.0;7;18;R P.VAILLANT COUTURIER;M;4894310.0;224860.0;950
40261;201300044668;13;1;15;1700;5;2;2;1.0;6;18;R A.G BELIN;M;4894750.0;224420.0;950
40262;201300044669;13;1;18;1150;1;2;2;1.0;6;18;R DE ROCHEFORT;M;4893910.0;221640.0;950
40263;201300044671;13;1;28;920;1;2;3;1.0;3;582;BD MAURICE BERTEAUX;M;4896850.0;226660.0;950
40264;201300044672;13;1;28;915;1;2;1;2.0;3;18;AV DE STALINGRAD;M;4895490.0;227410.0;950
40265;201300044673;13;1;28;1420;1;2;1;1.0;4;18;RTE DE PONTOISE;M;4894690.0;220620.0;950
40266;201300044674;13;1;29;1935;3;2;1;2.0;3;18;R GAMBETTA;M;4895110.0;225770.0;950
40267;201300044675;13;1;30;1445;1;2;1;1.0;6;18;R HENRI BARBUSSE;M;4893830.0;224220.0;950
40268;201300044676;13;1;29;729;2;2;3;1.0;3;18;BD JEAN ALLEMANE;M;4895240.0;225390.0;950
40269;201300044677;13;1;30;1755;5;1;3;1.0;2;18;QU DE BEZONS;M;4893680.0;224560.0;950
40270;201300044678;13;2;4;956;1;2;1;2.0;2;582;BD GAMBETTA;M;4997480.0;224960.0;950
40271;201300044679;13;2;11;800;1;2;2;2.0;6;18;BD LEON FEIX;M;4894820.0;225190.0;950
40272;201300044680;13;2;14;740;5;2;2;2.0;6;18;R DE CALAIS;M;4894420.0;224510.0;950
40273;201300044681;13;2;15;1046;1;2;2;1.0;3;18;R MICHELET;M;4894820.0;225190.0;950
40274;201300044682;13;2;16;925;1;2;4;1.0;3;18;AV DE VERDUN;M;4895160.0;224370.0;950
40275;201300044684;13;2;20;5;5;2;1;1.0;6;18;BD DE LA RESISTANCE;M;4895020.0;222630.0;950
40276;201300044685;13;2;23;5;5;2;7;1.0;3;18;PL DU ONZE NOVEMBRE;M;4893540.0;223870.0;950
40277;201300044686;13;2;22;2030;5;2;1;1.0;3;18;BD JEAN ALLEMANE;M;4895590.0;225570.0;950
40278;201300044687;13;2;23;1100;1;2;1;1.0;6;18;AV JEAN JAURES;M;4894040.0;222490.0;950
40279;201300044688;13;2;22;705;5;2;3;1.0;3;18;BD MARCEAU GUILLOT;M;4895510.0;225270.0;950
40280;201300044689;13;2;26;2334;5;2;2;2.0;3;18;R MICHELET;M;4894820.0;225190.0;950
40281;201300044690;13;2;28;1445;1;2;1;8.0;3;582;BD CHARLES DE GAULLE;M;4897280.0;225460.0;950
40282;201300044691;13;3;1;1625;1;2;2;1.0;3;18;R DES BUCHETTES;M;4895030.0;226230.0;950
40283;201300044692;13;3;2;1400;1;2;1;1.0;4;176;AV GEORGES CLEMENCEAU;M;4895790.0;223940.0;950
40284;201300044693;13;3;5;1831;5;2;1;1.0;6;18;R D'ARRAS;M;4895840.0;228110.0;950
40285;201300044694;13;3;7;1110;1;2;1;1.0;3;18;R HENRI BARBUSSE;M;4893360.0;223370.0;950
40286;201300044695;13;3;13;1645;1;2;1;1.0;6;176;AV DE LA LIBERATION;M;4897340.0;219850.0;950
40287;201300044696;13;3;20;1615;1;2;3;1.0;3;18;RTE DE PONTOISE;M;4894650.0;220620.0;950
40288;201300044697;13;3;20;1830;1;2;1;1.0;3;18;R DANIELLE CASANOVA;M;4892960.0;222640.0;950
40289;201300044698;13;4;2;1925;1;2;2;1.0;6;18;AV JEAN JAURES;M;4894020.0;222580.0;950
40290;201300044699;13;4;8;930;1;2;1;1.0;2;18;BD MAURICE BERTEAUX;M;4894820.0;225480.0;950
40291;201300044700;13;4;9;1325;1;2;1;2.0;6;18;R DU PERREUX;M;4894450.0;222580.0;950
40292;201300044701;13;4;9;1400;1;2;1;2.0;2;18;AV JEAN JAURES;M;4894070.0;222020.0;950
40293;201300044702;13;4;6;1425;1;2;1;1.0;2;18;AV GABRIELPERI;M;4894290.0;225220.0;950
40294;201300044703;13;4;12;2135;5;2;2;2.0;3;18;BD GENERAL LECLERC;M;4894570.0;223340.0;950
40295;201300044704;13;4;8;1215;1;2;3;1.0;6;18;AV DU MARECHAL FOCH;M;4894660.0;225680.0;950
40296;201300044705;13;4;16;1430;1;2;2;1.0;6;18;PL DU ONZE NOVEMBRE;M;4893610.0;223820.0;950
40297;201300044706;13;4;20;2049;5;2;4;1.0;3;18;RTE D'ENGHIEN;M;4895750.0;228770.0;950
40298;201300044707;13;4;21;1240;1;2;2;1.0;2;18;AV GABRIEL PERI;M;4894210.0;225310.0;950
40299;201300044708;13;4;23;1330;1;2;1;1.0;6;18;R DE CHANCONNET;M;4893970.0;223650.0;950
40300;201300044709;13;4;26;800;1;2;3;1.0;6;18;R ALFRED COLLAS;M;4894160.0;225160.0;950
40301;201300044710;13;5;1;1445;1;2;1;1.0;2;18;AV GABRIEL PERI;M;4894380.0;225130.0;950
40302;201300044711;13;4;30;1615;1;2;2;1.0;3;176;BD GEORGES CLEMENCEAU;M;4897260.0;219040.0;950
40303;201300044712;13;5;3;1510;1;2;1;1.0;6;18;R FERDINAND BERTHOUD;M;4893710.0;223420.0;950
40304;201300044713;13;5;4;1225;1;2;2;1.0;3;176;BD JOFFRE;M;4896340.0;220080.0;950
40305;201300044714;13;5;5;1940;1;2;3;1.0;6;18;R JEAN LURCAT;M;4895140.0;222920.0;950
40306;201300044715;13;5;7;1645;1;2;2;1.0;3;18;R D'EPINAY;M;4895460.0;228450.0;950
40307;201300044716;13;5;11;1125;1;2;1;1.0;1;176;RTE STRATEGIQUE;M;4898410.0;219940.0;950
40308;201300044717;13;5;7;1045;1;2;1;8.0;6;18;R DE CALAIS;M;4894590.0;224270.0;950
40309;201300044718;13;5;13;1250;1;2;1;1.0;3;18;BD DE LA RESISTANCE;M;4895070.0;223120.0;950
40310;201300044719;13;5;17;1730;1;2;1;1.0;3;582;AV MAR DELATTRE DE TASSI;M;4898250.0;223830.0;950
40311;201300044720;13;5;17;1758;1;2;1;1.0;6;176;R GUY PATIN;M;4898310.0;220250.0;950
40312;201300044721;13;5;19;1340;1;2;3;1.0;4;18;R DES ALLOBROGES;M;4895430.0;221630.0;950
40313;201300044722;13;5;20;514;5;2;3;1.0;6;18;AV JEAN JAURES;M;4893990.0;222740.0;950
40314;201300044723;13;5;17;1200;1;2;1;1.0;7;18;R DU TROUPEAU;M;4894060.0;222370.0;950
40315;201300044724;13;5;22;1420;1;2;1;1.0;7;176;R DU CLOS GARNIER;M;4896760.0;220980.0;950
40316;201300044725;13;5;22;1940;1;2;3;1.0;2;18;RTE DE CORMEILLES;M;4895260.0;223490.0;950
40317;201300044726;13;5;25;1943;1;2;3;1.0;6;18;RTE D'ENGHIEN;M;4895670.0;228350.0;950
40318;201300044727;13;5;26;2020;1;2;1;1.0;3;582;BD CHARLES DE GAULLE;M;4897250.0;225510.0;950
40319;201300044728;13;5;27;1320;1;2;1;1.0;6;18;BD JEAN  ALLEMANE;M;4894920.0;225350.0;950
40320;201300044729;13;5;28;1640;1;2;1;1.0;6;18;R ANTONIN G.BELIN;M;4894640.0;224750.0;950
40321;201300044731;13;5;29;2105;2;2;1;2.0;4;18;AV GABRIEL PERI;M;4894340.0;225180.0;950
40322;201300044733;13;5;30;1610;1;2;2;1.0;6;18;R VICTOR PUISEUX;M;4895170.0;225020.0;950
40323;201300044734;13;6;2;1745;1;2;3;1.0;3;582;R DU POIRIER BARON;M;4897670.0;224620.0;950
40324;201300044735;13;6;2;1540;1;2;1;1.0;6;18;R DES RETHONDES;M;4894640.0;222970.0;950
40325;201300044736;13;6;6;1745;1;2;3;1.0;6;18;BD LEON FEIX;M;4894710.0;224990.0;950
40326;201300044737;13;6;10;30;5;2;1;1.0;6;176;R GUY PATIN;M;4898310.0;220250.0;950
40327;201300044738;13;6;12;1800;1;2;1;1.0;1;18;R DE LA SOMME;M;4896370.0;227120.0;950
40328;201300044739;13;6;6;2100;1;2;2;1.0;4;18;AV GABRIEL PERI;M;4894550.0;224960.0;950
40329;201300044740;13;6;14;825;1;2;3;1.0;3;18;QUAI DE BEZONS;M;4893680.0;224550.0;950
40330;201300044742;13;6;16;538;2;2;1;1.0;6;18;R JEAN LURCAT;M;4894990.0;223090.0;950
40331;201300044743;13;6;17;1710;1;2;1;1.0;6;18;BD DU GENERAL LECLERC;M;4894660.0;223740.0;950
40332;201300044744;13;6;18;2020;1;2;3;1.0;6;18;AV GEORGES CLEMENCEAU;M;4895630.0;223380.0;950
40333;201300044746;13;6;20;2020;5;2;2;2.0;3;18;AV GABRIEL PERI;M;4894420.0;225090.0;950
40334;201300044748;13;6;30;1905;1;2;1;1.0;6;18;BD DE LA RESISTANCE;M;4895040.0;222440.0;950
40335;201300044749;13;6;30;1015;1;2;3;1.0;3;18;R HOCHE;M;4894610.0;224410.0;950
40336;201300044750;13;7;2;725;1;2;3;1.0;5;176;RTE STRATEGIQUE;M;4898370.0;220090.0;950
40337;201300044752;13;7;4;1815;1;1;1;1.0;6;18;QU DE BEZONS;M;4893370.0;224070.0;950
40338;201300044754;13;7;5;1550;1;2;1;1.0;4;18;AV STALINGRAD;M;4895470.0;227360.0;950
40339;201300044755;13;7;9;110;5;2;1;1.0;7;176;BD CLEMENCEAU;M;4897290.0;218990.0;950
40340;201300044756;13;7;11;1625;1;2;1;1.0;6;18;BD JEAN ALLEMANE;M;4896270.0;226010.0;950
40341;201300044757;13;7;12;1135;1;2;2;1.0;7;18;R DE LA VOIE DES BANS;M;4894520.0;225990.0;950
40342;201300044759;13;7;22;1440;1;2;2;1.0;3;18;AV DU MARECHAL JOFFRE;M;4895790.0;223950.0;950
40343;201300044760;13;7;24;1922;1;2;3;1.0;6;18;R DU POIRIER FOURRIER;M;4894740.0;222530.0;950
40344;201300044761;13;7;25;1315;1;1;4;1.0;3;18;RTE D'ENGHIEN;M;4895590.0;227860.0;950