;Num_Acc;an;mois;jour;hrmn;lum;agg;int;atm;col;com;adr;gps;lat;long;dep
40345;201300044763;13;7;27;1625;1;2;1;1.0;6;582;BD CHARLES DE GAULLE;M;4897210.0;225650.0;950
40346;201300044764;13;7;29;2055;1;1;1;8.0;6;18;AV DE STALINGRAD;M;4895520.0;227480.0;950
40347;201300044765;13;7;29;1953;1;2;1;1.0;7;176;R RAOUL DAUTRY;M;4896380.0;218940.0;950
40348;201300044766;13;8;1;2035;1;2;1;1.0;7;18;R HENRI BARBUSSE;M;4893110.0;222910.0;950
40349;201300044768;13;8;13;1615;1;2;2;1.0;3;18;AV MAURICE UTRILLO;M;4894170.0;223450.0;950
40350;201300044769;13;8;16;1530;1;2;1;1.0;1;18;AV JEAN JAURES;M;4893970.0;222950.0;950
40351;201300044770;13;8;24;1715;1;2;1;1.0;3;18;BD HELOISE;M;4893920.0;224780.0;950
40352;201300044772;13;9;3;2100;5;2;1;1.0;4;18;AV JEAN JAURES;M;4894140.0;220770.0;950
40353;201300044773;13;9;4;1220;1;2;1;1.0;1;582;R JACQUES DESFORGES;M;4896960.0;223370.0;950
40354;201300044774;13;9;3;1915;1;2;3;1.0;3;18;R DU PERREUX;M;4894610.0;221670.0;950
40355;201300044775;13;9;6;910;1;2;1;1.0;6;18;BD GALLIENI;M;4894360.0;224420.0;950
40356;201300044776;13;9;6;745;1;2;2;1.0;2;582;R DU PUITS MI-VILLE;M;4896770.0;225620.0;950
40357;201300044777;13;9;6;2230;5;2;1;1.0;1;18;R DE LA NONAISE;M;4895310.0;223640.0;950
40358;201300044778;13;9;7;1415;1;2;1;1.0;3;582;BD GABRIEL PERI;M;4896860.0;226280.0;950
40359;201300044779;13;9;11;1840;1;2;1;2.0;3;18;BD DE LA RESISTANCE;M;4895470.0;221570.0;950
40360;201300044780;13;9;18;748;1;2;3;1.0;2;18;R DE LA VOIE DES BANS;M;4894780.0;226660.0;950
40361;201300044781;13;9;18;828;1;2;1;1.0;2;18;R DU LT COLONEL PRUDHON;M;4894250.0;224340.0;950
40362;201300044782;13;9;21;1015;1;2;2;1.0;3;18;R DE LA CAVEE;M;4896350.0;223320.0;950
40363;201300044783;13;9;22;2100;5;2;3;1.0;3;18;BD MARTYRS CHATEAUBRIANT;M;4895260.0;221520.0;950
40364;201300044785;13;9;20;1635;1;2;4;1.0;3;18;RTE D'ENGHIEN;M;4895750.0;228790.0;950
40365;201300044786;13;9;27;1720;1;2;3;1.0;6;18;AV JEAN JAURES;M;4894150.0;220810.0;950
40366;201300044787;13;9;23;835;1;2;1;1.0;6;18;PL DES VOSGES;M;4895410.0;228870.0;950
40367;201300044788;13;9;24;1350;1;2;1;1.0;1;18;BD KARL MARX;M;4894510.0;225790.0;950
40368;201300044789;13;9;27;1000;1;2;2;1.0;2;18;R DIX NEUF MARS 1962;M;4894840.0;223790.0;950
40369;201300044790;13;9;30;1154;1;2;1;1.0;6;18;BD LEON FEIX;M;4894870.0;225310.0;950
40370;201300044791;13;10;1;840;1;2;3;1.0;3;18;RTE DE CORMEILLES;M;4896010.0;222590.0;950
40371;201300044792;13;10;1;1720;1;2;1;1.0;6;18;R HENRI BARBUSSE;M;4893630.0;223860.0;950
40372;201300044794;13;10;7;1045;1;2;3;1.0;3;176;BD JOFFRE;M;4895260.0;220560.0;950
40373;201300044795;13;10;9;950;1;2;1;2.0;6;18;R ANTOINE GEORGES BELIN;M;4894630.0;224760.0;950
40374;201300044796;13;10;10;735;2;2;2;1.0;6;176;BD DES EAUX;M;4896450.0;220020.0;950
40375;201300044798;13;10;18;627;5;2;1;1.0;6;18;R ANTONIN GEORGES BELIN;M;4894720.0;224640.0;950
40376;201300044799;13;10;22;1505;1;2;1;1.0;6;18;R P. VAILLANT COUTURIER;M;4894610.0;225380.0;950
40377;201300044800;13;10;23;1819;1;2;2;1.0;3;18;R REICHSTEINER;M;4894640.0;224530.0;950
40378;201300044801;13;10;22;1650;1;2;3;1.0;6;18;BD DE LA RESISTANCE;M;4895160.0;223430.0;950
40379;201300044802;13;10;25;2135;5;2;2;2.0;3;18;R DE LA GRANDE VOIE;M;4896090.0;223560.0;950
40380;201300044803;13;10;28;1515;1;2;1;6.0;1;176;R DE SARTROUVILLE;M;4897020.0;219780.0;950
40381;201300044804;13;10;28;730;2;2;6;1.0;3;176;RTE D'ARGENTEUIL;M;4896720.0;220630.0;950
40382;201300044805;13;11;1;2130;5;2;1;3.0;6;18;R POIRIER FOURRIER;M;4894790.0;223120.0;950
40383;201300044806;13;10;21;955;1;1;1;1.0;2;18;RD 311;M;4895460.0;227610.0;950
40384;201300044807;13;11;4;800;1;2;2;1.0;6;18;R PAUL VAILLANT COUTURIE;M;4894420.0;225090.0;950
40385;201300044808;13;11;5;730;2;2;1;2.0;6;582;AV DAMIETTE;M;4897090.0;225570.0;950
40386;201300044809;13;11;6;755;2;2;1;2.0;1;18;RTE DE CORMEILLES;M;4895240.0;223520.0;950
40387;201300044810;13;11;5;1900;5;2;3;2.0;3;18;BLD DU GENERAL LECLERC;M;4894370.0;223030.0;950
40388;201300044812;13;11;15;1640;1;2;1;1.0;7;18;R DE RETHONDES;M;4894620.0;222910.0;950
40389;201300044813;13;11;13;1255;1;2;1;1.0;3;582;BD GAMBETTA;M;4897710.0;224340.0;950
40390;201300044814;13;11;16;745;2;2;1;1.0;3;18;AV JEAN JAURES;M;4893970.0;223320.0;950
40391;201300044815;13;11;8;1517;1;2;2;3.0;3;18;R DE CALAIS;M;4894930.0;223980.0;950
40392;201300044816;13;11;21;1805;5;2;7;1.0;7;18;PL DU ONZE NOVEMBRE;M;4893580.0;223840.0;950
40393;201300044818;13;11;26;1545;1;2;1;1.0;6;582;BD GAMBETTA;M;4897790.0;224120.0;950
40394;201300044819;13;11;25;940;1;2;2;1.0;3;582;R GEORGES RISLER;M;4897230.0;225320.0;950
40395;201300044820;13;11;26;1900;5;2;1;1.0;6;18;R DU LT COLONEL PRUDHON;M;4894410.0;224120.0;950
40396;201300044821;13;11;29;35;5;2;7;1.0;7;18;PL CAPITAINE CHAUVELOT;M;4895710.0;228760.0;950
40397;201300044822;13;11;28;1350;1;2;1;2.0;7;18;BD JEANNE D' ARC;M;4894560.0;224720.0;950
40398;201300044823;13;11;30;1600;1;2;1;1.0;2;18;R DES DESERTS;M;4895150.0;228090.0;950
40399;201300044825;13;12;11;710;4;2;2;1.0;6;18;R AMBROISE THOMAS;M;4893810.0;223610.0;950
40400;201300044826;13;11;25;1545;1;1;1;1.0;5;18;RTE DE PONTOISE;M;4895640.0;220530.0;950
40401;201300044827;13;12;12;1815;5;2;3;1.0;3;176;BD GEORGES CLEMENCEAU;M;4897390.0;218860.0;950
40402;201300044828;13;12;14;1425;1;2;2;1.0;3;582;R DE CERNAY;M;4897780.0;225010.0;950
40403;201300044829;13;12;16;840;1;2;1;1.0;4;582;R DU PUITS MI-VILLE;M;4896890.0;225650.0;950
40404;201300044830;13;12;18;2040;5;2;2;1.0;3;18;AV GABRIEL PERI;M;4894420.0;225090.0;950
40405;201300044831;13;12;20;1642;1;2;1;1.0;6;582;R DE L'ERMITAGE;M;4897850.0;223690.0;950
40406;201300044832;13;12;22;1725;5;2;2;2.0;3;176;R JULES FERRY;M;4896960.0;220090.0;950
40407;201300044833;13;12;28;1500;1;2;1;1.0;6;18;BD DU GENERAL LECLERC;M;4894340.0;223040.0;950
40408;201300044834;13;2;4;440;5;2;1;2.0;2;63;R EMILE ZOLA;M;4892360.0;220750.0;950
40409;201300044835;13;11;15;900;1;2;2;1.0;3;63;R DE  VILLENEUVE;M;4892610.0;221660.0;950
40410;201300044836;13;3;19;2206;5;2;1;2.0;6;63;R  EMILE ZOLA;M;4892320.0;221240.0;950
40411;201300044837;13;2;1;1745;2;2;3;1.0;3;63;R SALVADOR ALLENDE;M;4891520.0;220540.0;950
40412;201300044838;13;4;3;2300;5;2;2;1.0;3;63;AV GABRIEL PERI;M;4893420.0;220910.0;950
40413;201300044839;13;5;17;2250;5;2;2;1.0;3;63;AV GABRIEL PERI;M;4893420.0;220910.0;950
40414;201300044840;13;4;1;1400;1;2;1;1.0;6;63;R JULIUS ROSENBERG;M;4892360.0;221760.0;950
40415;201300044841;13;11;23;1740;5;2;1;1.0;3;63;AV GABRIEL PERI;M;4893340.0;220990.0;950
40416;201300044842;13;9;13;1745;1;2;1;2.0;6;127;BD DE L'OISE;M;4904550.0;206870.0;950
40417;201300044843;13;9;29;2330;5;2;2;2.0;6;572;R DU MAIL;M;4904890.0;210780.0;950
40418;201300044844;13;10;9;2150;5;1;2;1.0;3;218;BD JACQUES DUCLOS;M;4901330.0;208990.0;950
40419;201300044845;13;10;12;1630;1;2;2;1.0;3;127;BD DU PORT;M;4903740.0;207290.0;950
40420;201300044846;13;10;16;2200;3;2;1;2.0;2;218;BD JACQUES DUCLOS;M;4901640.0;209249.0;950
40421;201300044847;13;10;20;1215;1;2;1;1.0;2;572;R DE PARIS;M;4903080.0;212880.0;950
40422;201300044848;13;10;23;2055;5;2;1;2.0;3;127;BD DES EXPLORATEURS;M;4905290.0;201040.0;950
40423;201300044849;13;10;26;410;5;2;1;2.0;6;218;R DES PINSONS;M;4901940.0;209390.0;950
40424;201300044851;13;11;13;850;1;2;1;7.0;6;127;AV DU PARC;M;4903330.0;207290.0;950
40425;201300044853;13;12;4;1350;1;2;1;1.0;3;572;AV DU FOND DE VAUX;M;4905450.0;214620.0;950
40426;201300044856;13;12;19;430;3;1;1;2.0;7;476;RN 14;M;4905650.0;204720.0;950
40427;201300044857;13;1;17;845;1;2;1;1.0;6;476;CHE DES HAYETTES;M;4906760.0;208880.0;950
40428;201300044858;13;1;26;2325;4;2;1;1.0;1;127;R DE VAUREAL;M;4904170.0;204330.0;950
40429;201300044859;13;1;27;2125;3;1;1;2.0;6;500;BD JACQUES TETE;M;4906330.0;210240.0;950
40430;201300044860;13;1;26;1830;3;1;1;1.0;3;218;BD JACQUES DUCLOS;M;4901630.0;209269.0;950
40431;201300044861;13;2;23;1800;2;2;1;1.0;2;500;CHSEE JULES CESAR;M;4904580.0;208560.0;950
40432;201300044862;13;3;1;330;5;2;1;8.0;6;127;R DE VAUREAL;M;4904310.0;205419.0;950
40433;201300044863;13;3;7;2127;3;1;1;1.0;6;218;BD JACQUES DUCLOS;M;4902560.0;210350.0;950
40434;201300044864;13;3;17;19;5;2;1;2.0;1;500;QUAI DU POTHUIS;M;4904890.0;210190.0;950
40435;201300044865;13;4;11;1455;1;2;1;1.0;6;476;R DES PATIS;M;4905390.0;207390.0;950
40436;201300044866;13;5;19;1350;1;2;1;1.0;6;127;R DE LA JUSTICE MAUVE;M;4904590.0;206460.0;950
40437;201300044867;13;4;20;1230;1;2;1;1.0;1;476;AV DE BOISSY-L'AILLERIE;M;4906140.0;206510.0;950
40438;201300044868;13;4;21;1410;1;2;1;7.0;6;500;AV REDOUANE BOUGARA;M;4906130.0;209019.0;950
40439;201300044869;13;5;24;1140;1;2;6;2.0;6;476;AV DE BOISSY  L'AILLERIE;M;4906110.0;206610.0;950
40440;201300044870;13;5;26;245;3;1;1;1.0;4;127;RN 14;;;;950
40441;201300044871;13;6;22;2135;2;2;1;8.0;6;127;R DU CAPITAINE NEMO;M;4904890.0;200570.0;950
40442;201300044872;13;7;19;2255;5;1;1;1.0;6;476;RD 915;M;4906160.0;208530.0;950
40443;201300044873;13;7;19;2030;1;2;7;1.0;6;127;PL DU HAUT DE GENCY;M;4904620.0;204550.0;950
40444;201300044874;13;7;21;2327;5;2;1;1.0;6;127;AV DE LA CONSTELLATION;M;4904910.0;203129.0;950
40445;201300044875;13;7;12;1000;1;2;1;1.0;3;127;BD DU PORT;M;4903810.0;207450.0;950
40446;201300044876;13;8;10;2055;1;2;1;1.0;6;500;AV MARECHAL DE LATTRE;M;4904840.0;208230.0;950
40447;201300044878;13;1;8;845;2;2;1;1.0;6;427;AV MAURICE UTRILLO;M;4897390.0;234930.0;950
40448;201300044879;13;12;14;1900;5;2;1;1.0;4;288;RTE DE CALAIS;M;4898540.0;236140.0;950
40449;201300044880;13;2;11;920;1;2;1;1.0;3;427;AV  MAURICE UTRILLO;M;4897720.0;235590.0;950
40450;201300044882;13;2;5;1625;1;2;1;1.0;6;288;R DOCTEUR GOLDSTEIN;M;4898780.0;235410.0;950
40451;201300044883;13;3;8;2130;5;2;1;1.0;2;427;AV GENERAL DE GAULLE;M;4897410.0;234770.0;950
40452;201300044884;13;3;22;1915;2;2;1;2.0;6;427;RTE DE CALAIS;M;4897740.0;236460.0;950
40453;201300044885;13;4;24;850;1;2;1;1.0;6;197;BD DE MONTMORENCY;M;4897110.0;231660.0;950
40454;201300044886;13;5;20;2045;5;2;1;1.0;2;288;RTE DE CALAIS;M;4898480.0;236170.0;950
40455;201300044887;13;6;21;1700;1;2;1;1.0;6;288;PL DE LA LIBERATION;M;4898670.0;234450.0;950
40456;201300044888;13;6;9;1830;1;2;1;2.0;2;197;RTE DE SAINT DENIS;M;4895970.0;232750.0;950
40457;201300044889;13;6;8;1940;1;2;1;1.0;6;197;RTE DE SAINT DENIS;M;4895980.0;232730.0;950
40458;201300044890;13;8;5;1350;1;2;1;1.0;2;288;RTE PARIS à CALAIS;M;4898490.0;236170.0;950
40459;201300044891;13;8;26;1640;1;2;1;1.0;3;197;R BOURGEOIS;M;4897990.0;232770.0;950
40460;201300044892;13;8;29;2215;1;2;2;1.0;3;427;R ROBERT FOULON;M;4897240.0;234830.0;950
40461;201300044893;13;9;7;300;5;2;7;1.0;6;197;AV DIVISION LECLERC;M;4896720.0;231730.0;950
40462;201300044894;13;8;23;1005;1;2;1;1.0;6;197;R DU CHATEAU;M;4896690.0;231770.0;950
40463;201300044895;13;10;21;810;1;2;1;1.0;3;427;R D'EPINAY;M;4896920.0;234060.0;950
40464;201300044896;13;10;10;1610;1;2;1;1.0;6;197;R DE LA FONTAINE DU GUE;M;4897480.0;233290.0;950
40465;201300044897;13;10;19;810;1;2;1;1.0;6;197;AV  MARECHAL FOCH;M;4896530.0;231940.0;950
40466;201300044898;13;10;11;830;2;2;1;1.0;3;197;AV DE LDIVISION LECLERC;M;4896580.0;231890.0;950
40467;201300044899;13;11;21;2000;5;2;2;2.0;6;197;AV DE LA GARE;M;4897490.0;233910.0;950
40468;201300044900;13;11;26;1930;5;2;1;1.0;1;427;R JULES FERRY;M;4896780.0;234250.0;950
40469;201300044902;13;12;6;1620;1;2;1;1.0;1;288;R DE SARCELLES;M;4898410.0;236620.0;950
40470;201300044903;13;1;10;950;1;2;1;2.0;1;210;R DU GENERAL DE GAULLE;M;4897020.0;230640.0;950
40471;201300044904;13;1;28;1030;1;2;1;1.0;1;369;R EUGENE  LEGENDRE;M;4899830.0;229150.0;950
40472;201300044905;13;2;4;1210;1;2;1;1.0;6;555;R DU PICOLO;M;4896860.0;227910.0;950
40473;201300044906;13;7;2;2140;1;1;2;1.0;3;14;RTE DE BERCHERE;M;4901170.0;230490.0;950
40474;201300044907;13;9;8;1925;1;2;1;1.0;6;210;R DU MARCHE;M;4896950.0;231090.0;950
40475;201300044908;13;1;14;1150;1;2;1;1.0;5;219;R DU SYNDICAT;M;4899390.0;224970.0;950
40476;201300044909;13;1;16;1145;1;2;1;1.0;3;252;AV DES MARAIS;M;4899820.0;221870.0;950
40477;201300044910;13;1;17;5;3;1;1;1.0;7;252;CHE DE CORMEILLES;M;4897680.0;222460.0;950
40478;201300044911;13;1;25;1800;5;2;4;1.0;3;252;BD DU BEL-AIR;M;4898740.0;223340.0;950
40479;201300044912;13;1;29;1730;1;2;1;2.0;6;252;ALL JUDIC;M;4899540.0;222610.0;950
40480;201300044913;13;2;1;1200;1;2;1;2.0;6;252;BD MAURICE BERTEAUX;M;4898460.0;222690.0;950
40481;201300044914;13;2;1;1250;1;2;1;2.0;6;574;AV DU GENERAL LECLERC;M;4900830.0;225660.0;950
40482;201300044915;13;2;14;2015;5;2;6;2.0;3;219;R DU 18 JUIN;M;4899250.0;224860.0;950
40483;201300044916;13;2;16;1235;1;2;1;1.0;3;203;AV KELLERMANN;M;4897750.0;229150.0;950
40484;201300044917;13;2;18;1610;1;2;1;1.0;6;203;R JEAN JACQUES ROUSSEAU;M;4899470.0;228010.0;950
40485;201300044918;13;2;22;1210;1;2;1;1.0;6;252;R DE L'EPINE GUYON;M;4899410.0;222420.0;950
40486;201300044919;13;3;3;1830;2;2;1;1.0;6;219;R LOUIS SAVOIE;M;4899130.0;225860.0;950
40487;201300044920;13;3;12;1325;1;2;3;4.0;3;203;AV DE PARIS;M;4899270.0;228380.0;950
40488;201300044921;13;3;16;655;2;2;1;1.0;6;219;R DU GENERAL DECAEN;M;4898130.0;225110.0;950
40489;201300044922;13;4;2;1025;1;2;4;1.0;1;426;BD ARMAND HAYEM;M;4900710.0;228120.0;950
40490;201300044923;13;4;2;1840;1;2;1;1.0;6;252;R DU CHEMIN NEUF;M;4897990.0;223420.0;950
40491;201300044924;13;4;11;1125;1;2;3;1.0;6;574;R AUGUSTE REY;M;4901450.0;227060.0;950
40492;201300044925;13;4;17;1410;1;2;1;1.0;6;252;AV DES MARAIS;M;4899160.0;222250.0;950
40493;201300044926;13;4;17;1530;1;2;1;7.0;6;219;R DU 18 JUIN;M;4899210.0;224990.0;950
40494;201300044927;13;4;19;450;5;2;1;1.0;6;203;AV VOLTAIRE;M;4899350.0;228120.0;950
40495;201300044928;13;4;21;2020;1;2;1;1.0;1;491;R GABRIEL PERI;M;4900170.0;223840.0;950
40496;201300044929;13;4;23;1545;1;1;1;1.0;2;426;RTE DE PARIS;M;4901750.0;228940.0;950
40497;201300044930;13;4;24;1700;1;2;1;1.0;6;203;R DESIRE BERTRAND;M;4899010.0;228210.0;950
40498;201300044931;13;4;25;745;1;2;3;1.0;3;426;BD ARMAND HAYEM;M;4900670.0;228150.0;950
40499;201300044932;13;4;25;1320;1;2;1;7.0;6;252;AV DES MARAIS;M;4898870.0;222060.0;950
40500;201300044933;13;4;27;1420;1;2;1;1.0;3;203;AV DU GENERAL LECLERC;M;4898190.0;227120.0;950
40501;201300044935;13;4;30;1910;1;2;1;2.0;7;252;R DU GENERAL LECLERC;M;4898780.0;220950.0;950
40502;201300044936;13;5;4;35;5;2;1;1.0;6;203;AV KELLERMANN;M;4898190.0;229290.0;950
40503;201300044938;13;5;19;1700;1;1;1;2.0;6;426;R DE PARIS;M;4902150.0;229370.0;950
40504;201300044939;13;5;27;1715;1;1;1;1.0;1;252;R DU CHEMIN NEUF;M;4897750.0;222860.0;950
40505;201300044940;13;6;7;30;5;2;2;1.0;3;252;R DE PARIS;M;4898020.0;223510.0;950
40506;201300044941;13;6;7;1245;1;2;1;1.0;3;203;AV VOLTAIRE;M;4899340.0;228130.0;950
40507;201300044944;13;6;17;1238;1;2;3;1.0;6;219;R DE LA REPUBLIQUE;M;4898820.0;226160.0;950
40508;201300044945;13;6;27;2015;1;2;1;1.0;6;219;R DU STAND;M;4899610.0;225290.0;950
40509;201300044946;13;6;28;920;1;2;1;2.0;3;203;AV DU GENERAL LECLERC;M;4899120.0;227490.0;950
40510;201300044947;13;7;2;2000;1;2;3;1.0;3;252;BD TOUSSAINT LUCAS;M;4898850.0;222810.0;950
40511;201300044948;13;7;9;1455;1;2;6;1.0;6;203;AV MATLOCK;M;4899360.0;227440.0;950
40512;201300044949;13;7;21;135;5;2;6;1.0;7;203;AV DE PARIS;M;4899330.0;228190.0;950
40513;201300044950;13;7;21;1905;1;2;2;1.0;3;203;BD DE LA REPUBLIQUE;M;4898680.0;227940.0;950
40514;201300044951;13;7;31;749;1;2;2;1.0;1;574;AV DU GENERAL LECLERC;M;4900620.0;225850.0;950
40515;201300044952;13;8;1;1730;1;2;1;1.0;2;426;BD ARMAND HAYEM;M;4901650.0;228110.0;950
40516;201300044953;13;8;17;1920;1;2;3;1.0;3;219;R DU STAND;M;4899790.0;224750.0;950
40517;201300044954;13;8;19;1515;1;2;3;1.0;3;252;R DU GENERAL LECLERC;M;4898470.0;222560.0;950
40518;201300044956;13;8;27;1830;1;2;2;1.0;3;203;BD DE LA REPUBLIQUE;M;4898750.0;227870.0;950
40519;201300044957;13;8;27;2110;5;2;1;1.0;1;252;CHAUSSEE JULES CESAR;M;4900170.0;222020.0;950
40520;201300044958;13;8;30;1255;1;2;3;1.0;3;252;CHE DE LA MARE EPINEUSE;M;4899130.0;220640.0;950
40521;201300044959;13;9;2;1525;1;2;6;1.0;3;203;AV ALBERT 1er;M;4899180.0;228020.0;950
40522;201300044960;13;9;5;1230;1;2;1;1.0;6;574;R HECTOR CARLIN;M;4899990.0;226020.0;950
40523;201300044961;13;9;15;710;2;2;1;1.0;4;219;R DU STAND;M;4899470.0;225610.0;950
40524;201300044962;13;9;20;850;1;2;2;1.0;3;203;R DES ROBINETTES;M;4898870.0;226660.0;950
40525;201300044963;13;9;21;240;5;2;1;1.0;2;252;BD DU BEL-AIR;M;4898750.0;223330.0;950
40526;201300044964;13;9;21;1420;1;2;1;1.0;2;219;ALL MANON DES SOURCES;M;4898390.0;245450.0;950
40527;201300044965;13;9;24;830;1;2;1;1.0;6;252;BD DU BEL-AIR;M;4898670.0;223520.0;950
40528;201300044966;13;9;25;1850;1;2;1;1.0;3;574;RTE DE MONTMORENCY;M;4900690.0;227170.0;950
40529;201300044967;13;9;25;1733;1;2;1;1.0;7;219;AV DU GENERAL LECLERC;M;4898090.0;227050.0;950
40530;201300044968;13;9;26;1120;1;2;1;1.0;3;219;AV GEORGES POMPIDOU;M;4898640.0;224750.0;950
40531;201300044969;13;10;3;900;1;2;1;1.0;6;252;R CHARLES BURGER;M;4899380.0;223460.0;950
40532;201300044970;13;10;4;830;1;2;1;1.0;3;203;CARREFOUR CHARLES DE GAU;M;4899460.0;227550.0;950
40533;201300044971;13;10;7;1130;1;2;6;1.0;3;203;AV MATLOCK;M;4899460.0;227530.0;950
40534;201300044972;13;10;8;915;1;2;1;1.0;6;252;R HENRI BARBUSSE;M;4899390.0;223340.0;950
40535;201300044973;13;10;8;1655;1;2;1;1.0;3;491;R CHARLES DE GAULLE;M;4900090.0;223580.0;950
40536;201300044974;13;10;8;2220;5;2;6;1.0;3;203;RTE DE MARGENCY;M;4899340.0;228180.0;950
40537;201300044975;13;10;13;600;5;2;1;1.0;6;252;BD RHIN ET DANUBE;M;4899080.0;222690.0;950
40538;201300044976;13;10;15;816;1;1;1;8.0;7;426;RTE DE PARIS;M;4901790.0;228990.0;950
40539;201300044978;13;10;18;1615;1;2;1;1.0;6;203;R DE LA PLAINE;M;4900620.0;227270.0;950
40540;201300044979;13;10;22;1815;2;2;1;2.0;3;219;R DE STALINGRAD;M;4898650.0;225690.0;950
40541;201300044980;13;10;26;1000;1;1;1;8.0;6;574;R  MAIGNAN LARIVIERE;M;4901640.0;226410.0;950
40542;201300044981;13;10;26;1900;5;2;2;1.0;3;491;R CHARLES DE GAULLE;M;4900410.0;223980.0;950
40543;201300044982;13;10;29;1930;5;2;1;1.0;6;252;R LEONCE BOURLIAGUET;M;4898590.0;223870.0;950
40544;201300044983;13;10;31;945;1;2;1;1.0;6;252;R MARECHAL FOCH;M;4898450.0;222830.0;950
40545;201300044984;13;11;1;1220;1;2;6;2.0;6;203;RTE DE MARGENCY;M;4899350.0;228190.0;950
40546;201300044985;13;11;5;830;1;2;2;2.0;3;582;AV DE SABERNAUDE;M;4897960.0;224470.0;950
40547;201300044986;13;11;5;1140;1;2;1;2.0;6;252;R  ANDRE CITROEN;M;4899130.0;220650.0;950
40548;201300044987;13;11;7;734;1;2;1;1.0;2;491;R GABRIEL PERI;M;4900120.0;223990.0;950
40549;201300044988;13;11;11;1100;1;2;1;1.0;3;203;AV VOLTAIRE;M;4899490.0;227610.0;950
40550;201300044989;13;11;11;1828;5;2;3;1.0;1;203;AV DE PARIS;M;4899240.0;228440.0;950
40551;201300044990;13;11;11;2325;5;2;6;1.0;3;203;AV VOLTAIRE;M;4899490.0;227540.0;950
40552;201300044991;13;11;14;1425;1;2;1;2.0;6;203;R GABRIEL PERI;M;4899240.0;228040.0;950
40553;201300044992;13;11;14;1955;5;2;1;2.0;3;252;BD RHIN ET DANUBE;M;4899280.0;221990.0;950
40554;201300044993;13;11;23;1840;5;2;1;8.0;1;203;AV DU GENERAL LECLERC;M;4899050.0;227490.0;950
40555;201300044994;13;11;25;1815;5;2;1;1.0;6;219;R SAINT FLAIVE;M;4898860.0;225980.0;950
40556;201300044995;13;11;27;900;1;2;1;1.0;6;252;CH JULES CESAR;M;4899490.0;224120.0;950
40557;201300044996;13;11;27;1710;5;2;3;1.0;6;219;RTE DE SAINT LEU;M;4899620.0;225510.0;950
40558;201300044997;13;11;29;615;5;2;1;1.0;6;252;R GENERAL LECLERC;M;4898390.0;222790.0;950
40559;201300044998;13;12;1;1120;1;2;1;1.0;3;203;RTE DE MONTLIGNON;M;4899940.0;227760.0;950
40560;201300044999;13;12;4;820;1;2;6;1.0;3;203;PL ARISTIDE BRIAND;M;4899150.0;227470.0;950
40561;201300045000;13;12;9;915;1;2;1;1.0;6;491;R ANDRE ALEXOPOULOS;M;4900040.0;223410.0;950
40562;201300045001;13;12;11;1820;2;2;1;1.0;6;203;AV DE L'EUROPE;M;4899160.0;227530.0;950
40563;201300045002;13;12;14;1455;1;2;1;1.0;6;219;R DE SANNOIS;M;4898480.0;225640.0;950
40564;201300045003;13;12;19;1810;5;2;1;1.0;6;203;AV DU GENERAL LECLERC;M;4899120.0;227490.0;950
40565;201300045004;13;12;24;1851;3;2;1;2.0;6;203;RTE DE SAINT LEU;M;4899750.0;226870.0;950
40566;201300045005;13;1;16;1745;5;2;1;8.0;6;219;R DE LA PETITE BAPAUME;M;4899250.0;225560.0;950
40567;201300045006;13;3;7;1435;1;2;6;1.0;3;219;RTE DE SAINT LEU;M;4899760.0;225380.0;950
40568;201300045007;13;4;4;925;1;2;1;1.0;6;574;AV GENERAL LECLERC;M;4900840.0;225640.0;950
40569;201300045008;13;8;6;1145;1;1;1;1.0;3;219;R DU STAND;M;4899780.0;224830.0;950
40570;201300045009;13;8;14;1710;1;2;1;1.0;3;252;R DU GENERAL LECLERC;M;4898420.0;222680.0;950
40571;201300045010;13;2;1;1315;1;2;2;2.0;3;426;BD ARMAND HAYEM;M;4901140.0;228120.0;950
40572;201300045011;13;9;2;1945;1;2;1;1.0;6;203;AV DE L'EUROPE;M;4899150.0;227540.0;950
40573;201300045013;13;5;17;1020;1;2;2;1.0;6;268;AV GENERAL DE GAULLE;M;4897580.0;239570.0;950
40574;201300045014;13;3;1;1200;1;2;1;1.0;6;268;BD DE LA MUETTE;M;4897450.0;241660.0;950
40575;201300045015;13;4;7;1430;1;2;1;1.0;6;268;R PIERRE DE RONSARD;M;4897160.0;239450.0;950
40576;201300045017;13;1;31;1050;1;2;1;8.0;6;268;BD DE LA MUETTE;M;4897590.0;241520.0;950