;Num_Acc;an;mois;jour;hrmn;lum;agg;int;atm;col;com;adr;gps;lat;long;dep
40577;201300045018;13;2;11;1350;1;2;1;8.0;3;268;BD DE LA MUETTE;M;4897710.0;241280.0;950
40578;201300045019;13;2;27;1045;1;2;2;2.0;6;268;R ANDRE LE NOTRE;M;4897170.0;239910.0;950
40579;201300045020;13;3;21;1735;1;2;4;8.0;3;268;AV DU HUIT MAI 1945;M;4897440.0;240670.0;950
40580;201300045021;13;3;19;735;1;2;1;1.0;6;268;AV GENERAL DE GAULLE;M;4897670.0;239180.0;950
40581;201300045022;13;4;26;930;1;2;1;1.0;2;268;BD DE LA MUETTE;M;4897510.0;241580.0;950
40582;201300045024;13;8;12;1605;1;2;2;1.0;3;268;AV FRANCOIS MITTERRAND;M;4897310.0;239780.0;950
40583;201300045025;13;11;24;1450;1;2;1;1.0;3;268;BD DE LA MUETTE;M;4897420.0;241710.0;950
40584;201300045026;13;11;9;2015;5;2;2;2.0;3;268;AV GENERAL DE GAULLE;M;4896640.0;240930.0;950
40585;201300045027;13;12;19;550;5;2;2;2.0;3;268;R DANIELLE CASANOVA;M;4897050.0;238940.0;950
40586;201300045029;13;2;15;725;2;1;1;2.0;2;280;R AMBROISE CROIZAT;M;4902270.0;245130.0;950
40587;201300045030;13;3;9;1725;1;2;1;1.0;6;280;BD ROGER SALENGRO;M;4903860.0;246720.0;950
40588;201300045031;13;1;10;1900;5;2;1;2.0;6;277;AV GABRIEL PERI;M;4899190.0;242930.0;950
40589;201300045032;13;1;14;1330;1;2;1;1.0;2;277;NUNGESSER ET COLI;M;4898070.0;244720.0;950
40590;201300045033;13;2;4;840;1;2;1;2.0;6;280;AV ALBERT SARRAUT;M;4903120.0;245930.0;950
40591;201300045034;13;2;6;1820;5;2;6;2.0;6;280;AV DE LA GARE;M;4901940.0;246590.0;950
40592;201300045035;13;2;23;1135;1;2;2;1.0;3;277;R D'ARSONVAL;M;4898530.0;245940.0;950
40593;201300045036;13;3;23;2335;3;1;1;1.0;2;277;RTE PARIS à SENLIS;M;4898490.0;247070.0;950
40594;201300045037;13;8;29;1830;1;2;1;1.0;6;277;AV DES BLEUETS;M;4899750.0;242710.0;950
40595;201300045038;13;11;24;1600;1;2;2;2.0;3;280;AV ALBERT SARRAUT;M;4903210.0;245880.0;950
40596;201300045039;13;12;12;1449;1;2;1;1.0;3;19;R JEAN LAUGERE;M;4899560.0;241790.0;950
40597;201300045040;13;6;10;2146;5;2;2;1.0;3;280;R ROBERT PELTIER;M;4903560.0;246040.0;950
40598;201300045041;13;7;7;2141;1;2;1;1.0;6;277;AV ARISTIDE BRIAND;M;4900080.0;242480.0;950
40599;201300045042;13;11;13;1930;2;1;1;1.0;6;277;RTE DE L'EUROPE;M;4898480.0;247330.0;950
40600;201300045043;13;4;23;1725;1;2;1;1.0;6;277;R D'ARNOUVILLE;M;4898390.0;243830.0;950
40601;201300045044;13;4;23;1900;1;2;1;1.0;3;280;R ROMY SCHNEIDER;M;4902830.0;245270.0;950
40602;201300045045;13;7;12;2035;1;2;1;1.0;3;280;AV ALBERT SARRAUT;M;4903190.0;245890.0;950
40603;201300045046;13;5;13;1015;1;2;1;1.0;2;280;AV DES DEMOISELLES;M;4902590.0;245530.0;950
40604;201300045047;13;5;26;840;1;2;1;1.0;6;19;R DU MARCHE;M;4899310.0;241320.0;950
40605;201300045048;13;6;2;1425;1;2;1;1.0;3;280;AV ALBERT SARRAUT;M;4903250.0;245860.0;950
40606;201300045049;13;7;19;1910;1;2;1;1.0;6;280;R YVES FARGES;M;4903420.0;245280.0;950
40607;201300045051;13;7;29;1600;1;1;1;1.0;6;277;RD 317;M;4897290.0;245980.0;950
40608;201300045052;13;9;3;1900;1;2;1;1.0;3;277;AV GABRIEL PERI;M;4899310.0;242650.0;950
40609;201300045053;13;9;14;1500;1;2;1;1.0;6;277;R ALBERT DROUHOT;M;4898940.0;244640.0;950
40610;201300045054;13;9;20;1845;1;2;1;1.0;6;280;R RAYMOND LAPCHIN;M;4902940.0;247320.0;950
40611;201300045055;13;9;28;2259;5;1;1;3.0;6;88;RTE DES  FLANDRES;M;4895790.0;244660.0;950
40612;201300045056;13;10;15;2105;5;2;6;1.0;2;19;PL GABRIEL PERI;M;4898590.0;241940.0;950
40613;201300045057;13;10;16;1655;1;2;1;2.0;7;280;AV ALBERT SARRAUT;M;4903230.0;245860.0;950
40614;201300045058;13;10;16;2244;5;2;1;2.0;2;277;RTE DE L'EUROPE;M;4897890.0;246530.0;950
40615;201300045059;13;10;17;815;1;2;1;1.0;6;280;AV ALBERT SARRAUT;M;4903070.0;245960.0;950
40616;201300045060;13;11;23;1100;1;2;1;1.0;6;280;R SIMON BOLIVAR;M;4903410.0;247480.0;950
40617;201300045061;13;12;3;944;1;2;1;1.0;6;19;AV DU COTTAGE;M;4898620.0;241260.0;950
40618;201300045062;13;12;15;1640;2;2;1;1.0;1;280;R JULIAN GRIMAU;M;4903970.0;246030.0;950
40619;201300045063;13;12;31;1234;1;2;1;1.0;3;277;R ALBERT DROUHOT;M;4898950.0;244640.0;950
40620;201300045066;13;1;18;1410;1;2;3;1.0;3;424;R DU PANORAMA;M;4898220.0;218580.0;950
40621;201300045067;13;1;21;1910;2;2;2;1.0;2;306;R DU PORT AUX VINS;M;4898810.0;216710.0;950
40622;201300045068;13;2;14;835;1;2;1;2.0;6;306;R DE CONFLANS;M;4899890.0;215190.0;950
40623;201300045069;13;3;11;1630;1;2;1;1.0;6;424;R VINGT QUATRE ARPENTS;M;4899860.0;219910.0;950
40624;201300045070;13;3;20;1000;1;1;1;2.0;6;306;BD DU HAVRE;M;4900960.0;216550.0;950
40625;201300045071;13;3;23;1650;1;2;1;1.0;3;424;R ALFRED DE VIGNY;M;4899630.0;219710.0;950
40626;201300045072;13;4;6;1640;1;2;1;1.0;6;306;MAIL DES COPISTES;M;4899860.0;218790.0;950
40627;201300045073;13;5;3;1420;1;2;6;1.0;6;306;BD DU HAVRE;M;4900310.0;217750.0;950
40628;201300045074;13;5;6;650;1;2;1;1.0;6;257;BD DE PONTOISE;M;4897990.0;218280.0;950
40629;201300045075;13;6;8;1440;1;2;1;1.0;6;306;ALL DE L'ESCAPADE;M;4901430.0;212810.0;950
40630;201300045076;13;6;14;1834;1;2;1;1.0;3;306;AV DE LA LIBERATION;M;4900560.0;219340.0;950
40631;201300045077;13;6;18;1940;1;2;1;1.0;6;424;R PAUL CEZANNE;M;4899740.0;219720.0;950
40632;201300045078;13;6;24;1025;1;2;1;1.0;6;306;RTE DE CONFLANS;M;4900410.0;213030.0;950
40633;201300045079;13;7;16;1515;1;2;1;1.0;6;306;R EMILE ZOLA;M;4899610.0;215290.0;950
40634;201300045080;13;7;19;1820;1;2;1;1.0;3;424;GRANDE RUE;M;4898510.0;218840.0;950
40635;201300045081;13;7;21;1820;1;2;1;1.0;6;306;R DE PONTOISE;M;4899650.0;216310.0;950
40636;201300045082;13;9;13;1430;1;2;1;2.0;1;424;AV ARISTIDE MAILLOL;M;4899570.0;219870.0;950
40637;201300045083;13;9;20;1410;1;2;1;1.0;3;424;BD VICTOR BORDIER;M;4899520.0;219270.0;950
40638;201300045084;13;9;10;1410;1;2;1;1.0;2;424;BD VICTOR BORDIER;M;4899040.0;220290.0;950
40639;201300045086;13;9;28;1416;1;2;1;1.0;1;424;ALL WATTEAU;M;4900010.0;220040.0;950
40640;201300045087;13;10;2;1836;1;2;1;1.0;6;306;RTE DE PIERRELAYE;M;4900270.0;215790.0;950
40641;201300045088;13;10;6;1150;1;2;1;1.0;5;424;BD DE PONTOISE;M;4899110.0;218190.0;950
40642;201300045089;13;11;7;1840;5;2;1;2.0;6;306;BD OSCAR THEVENIN;M;4899050.0;216250.0;950
40643;201300045090;13;12;5;1625;1;2;1;1.0;6;306;R DE LA  MARNE;M;4899880.0;217830.0;950
40644;201300045091;13;12;27;1650;2;2;1;3.0;6;306;AV GENERAL LECLERC;M;4898910.0;215460.0;950
40645;201300045092;13;5;23;1620;1;2;1;1.0;6;424;AV DES FRANCES;M;4899420.0;219950.0;950
40646;201300045093;13;5;31;1200;1;1;1;1.0;3;306;AV DU GROS CHENE;M;4902330.0;212190.0;950
40647;201300045094;13;2;2;2100;5;2;1;1.0;6;52;R DE SENLIS;M;4914240.0;229090.0;950
40648;201300045095;13;2;4;925;1;1;1;2.0;6;504;RN 184;M;4910290.0;226790.0;950
40649;201300045097;13;1;30;1545;1;2;1;1.0;6;52;R EDOUARD BOURCHY;M;4914210.0;228790.0;950
40650;201300045098;13;2;9;1205;1;1;1;1.0;2;436;RD 301;M;4912890.0;225580.0;950
40651;201300045099;13;2;13;1430;1;2;2;1.0;5;313;AV DES BONSHOMMES;M;4910880.0;222240.0;950
40652;201300045100;13;2;28;1910;5;2;2;1.0;1;487;R JEAN CATELAS;M;4915480.0;227590.0;950
40653;201300045102;13;3;21;1948;5;2;1;2.0;3;313;R DE PONTOISE;M;4910950.0;222310.0;950
40654;201300045103;13;5;4;13;3;1;1;1.0;6;504;R DE L'ISLE ADAM;M;4911840.0;226750.0;950
40655;201300045104;13;5;29;1915;1;2;3;1.0;6;487;R AMBROISE CROIZAT;M;4915130.0;227260.0;950
40656;201300045105;13;6;7;1930;1;1;1;1.0;3;487;RD 301;M;4915180.0;224690.0;950
40657;201300045106;13;7;2;1815;1;1;1;1.0;4;487;RD 301;M;4915150.0;224710.0;950
40658;201300045107;13;6;21;1550;1;1;1;1.0;3;436;RD 922;M;4912910.0;225810.0;950
40659;201300045108;13;6;20;1230;1;1;3;3.0;3;13;EUROPE (AVENUE DE L');;;;930
40660;201300045109;13;3;7;1255;1;1;1;2.0;6;291;PARKING PJ;M;4901218.0;255890.0;770
40661;201300045110;13;4;1;34;5;1;1;1.0;6;294;LINEAIRE 2F;M;4900488.0;257714.0;770
40662;201300045111;13;4;4;1645;1;1;1;9.0;6;73;VIGNES (RUE DES);;;;930
40663;201300045112;13;6;22;1235;1;1;1;1.0;6;73;LINEAIRE 2E;;;;930
40664;201300045113;13;3;29;1830;1;1;1;1.0;6;294;LINEAIRE 2F;M;4901038.0;255349.0;770
40665;201300045114;13;10;21;2235;3;1;1;1.0;3;294;PERIPHERIQUE SUD/RD 84 A;;;;770
40666;201300045115;13;11;13;830;1;1;1;1.0;6;73;NEW-YORK (RUE DE);;;;930
40667;201300045116;13;7;26;1930;1;1;2;1.0;3;291;PERICHET (RUE);;;;770
40668;201300045117;13;12;13;1910;3;1;1;2.0;5;73;PERIHERIQUE SUD (ROUTE);;;;930
40669;201300045118;13;12;18;1245;1;2;1;1.0;6;585;R PIERRE BROSSOLETTE;M;4899190.0;237490.0;950
40670;201300045119;13;12;26;1535;1;2;1;1.0;4;585;AV DIVISION LECLERC;M;4898610.0;237180.0;950
40671;201300045120;13;1;9;1840;5;1;1;2.0;5;539;RD 301;M;4901170.0;235230.0;950
40672;201300045121;13;1;10;1020;1;2;1;1.0;2;585;R DU PERE HEUDE;M;4898490.0;238790.0;950
40673;201300045123;13;3;9;1745;1;2;1;1.0;6;585;R DE CHAMPAGNE;M;4898920.0;236840.0;950
40674;201300045124;13;3;20;1730;1;2;1;1.0;6;585;R PIERRE BROSSELETTE;M;4899180.0;237460.0;950
40675;201300045125;13;3;16;1425;1;2;1;8.0;6;585;AV DU HUIT MAI 1945;M;4897760.0;237110.0;950
40676;201300045126;13;1;30;1900;5;2;1;1.0;6;680;R NUNGESSER ET COLI;M;4899980.0;241810.0;950
40677;201300045127;13;2;1;1515;1;2;1;1.0;3;680;R DE PARIS;M;4900450.0;238210.0;950
40678;201300045129;13;1;7;1130;1;2;3;1.0;6;680;AV PIERRE DUPONT;M;4899560.0;241090.0;950
40679;201300045130;13;4;22;910;1;2;2;1.0;6;585;BD DU DR GALVANI;M;4899610.0;237110.0;950
40680;201300045131;13;7;24;1810;1;2;4;1.0;3;680;R GAMBETTA;M;4900640.0;239810.0;950
40681;201300045133;13;9;17;1545;1;1;1;3.0;6;539;R PASTEUR;M;4899960.0;235810.0;950
40682;201300045134;13;6;26;1340;1;2;1;1.0;6;585;BD HENRI BERGSON;M;4897440.0;237610.0;950
40683;201300045135;13;10;1;1015;1;1;1;1.0;1;205;RTE DE BOUQUEVAL;M;4902290.0;238670.0;950
40684;201300045136;13;10;2;1535;1;2;1;1.0;6;585;R DE LA REPUBLIQUE;M;4899880.0;238040.0;950
40685;201300045137;13;10;21;1900;5;2;1;2.0;6;539;BD DE LA GARE;M;4899490.0;236668.0;950
40686;201300045138;13;11;4;1920;3;1;1;2.0;4;539;AV  DIVISION LECLERC;M;4899490.0;234090.0;950
40687;201300045139;13;10;31;1425;1;2;1;1.0;6;680;R JULIEN  BOURSIER;M;4900930.0;238640.0;950
40688;201300045140;13;11;13;1030;1;2;1;1.0;6;680;AV DES ERABLES;M;4900070.0;239240.0;950
40689;201300045141;13;12;18;1815;5;2;1;8.0;2;585;RTE DE GROSLAY;M;4898360.0;236820.0;950
40690;201300045142;13;12;15;1615;2;2;1;7.0;6;539;R RENE CASSIN;M;4900670.0;234990.0;950
40691;201300045143;13;12;20;1900;5;2;1;1.0;6;539;R CHARLES PERRAULT;M;4899910.0;236770.0;950
40692;201300045144;13;12;1;2055;3;1;1;1.0;1;585;AV DIVISION LECLERC;M;4898010.0;236880.0;950
40693;201300045145;13;8;15;2015;1;2;1;1.0;6;585;RD 316;M;4898520.0;237480.0;950
40694;201300045146;13;1;4;1945;5;2;1;8.0;2;563;R DE PARIS;M;4901710.0;224710.0;950
40695;201300045147;13;1;10;1810;5;2;1;2.0;6;607;AV DE LA GARE;M;4902580.0;222130.0;950
40696;201300045148;13;1;13;2015;5;2;1;2.0;3;607;AV DIVISION-LECLERC;M;4901050.0;221370.0;950
40697;201300045149;13;4;9;800;1;2;2;2.0;6;60;AV DE PARIS;M;4903440.0;221440.0;950
40698;201300045150;13;4;13;1115;1;2;1;1.0;3;607;AV DIVISION-LECLERC;M;4901640.0;221860.0;950
40699;201300045151;13;6;3;1110;1;2;1;1.0;2;60;R DE LA GARE;M;4903680.0;221120.0;950
40700;201300045154;13;6;17;1545;1;2;1;1.0;6;563;R VOLTAIRE;M;4901550.0;223930.0;950
40701;201300045155;13;7;22;1435;1;2;1;1.0;2;60;AV DE PARIS;M;4903290.0;221560.0;950
40702;201300045156;13;8;31;2300;5;2;3;1.0;1;60;AV DE LA REPUBLIQUE;M;4903790.0;221150.0;950
40703;201300045157;13;10;1;835;1;2;1;1.0;3;563;BD  ANDRE BREMONT;M;4900150.0;225150.0;950
40704;201300045158;13;10;15;1710;1;2;1;1.0;6;607;R DES PRIMEVERES;M;4900630.0;220740.0;950
40705;201300045159;13;10;16;2055;5;2;3;1.0;3;607;R DU  MARECHAL FOCH;M;4902120.0;223430.0;950
40706;201300045160;13;10;19;2000;5;2;1;1.0;7;607;R DE  PARIS;M;4902670.0;222420.0;950
40707;201300045161;13;11;14;825;2;2;2;2.0;3;51;AV DE LA GARE;M;4900880.0;219880.0;950
40708;201300045162;13;11;19;1805;4;2;1;1.0;6;607;R FRANCOIS BROUSSAIS;M;4902160.0;221980.0;950
40709;201300045163;13;12;13;2005;5;2;3;2.0;3;607;R D' HERBLAY;M;4901590.0;220890.0;950
40710;201300045166;13;4;10;910;1;2;1;1.0;6;51;AV DES  PEUPLIERS;M;4901350.0;220060.0;950
40711;201300045167;13;4;5;1630;1;1;1;1.0;4;60;AV DES CHATAIGNIERS;M;4902970.0;218780.0;950
40712;201300045168;13;7;2;1800;1;2;2;1.0;6;563;AV JEAN ROSTAND;M;4901130.0;224530.0;950
40713;201300045169;13;1;8;1655;1;1;1;1.0;3;4;Rte Nationale 193;M;0.0;0.0;201
40714;201300045171;13;1;14;2225;4;1;1;2.0;7;4;Rte de  Saint Antoine;M;0.0;0.0;201
40715;201300045172;13;1;26;555;5;2;1;1.0;6;4;Rte du Stiletto;M;4194644.0;876748.0;201
40716;201300045173;13;1;27;2300;5;2;1;1.0;3;4;Rte Nationale 194;M;0.0;0.0;201
40717;201300045174;13;2;26;1345;1;2;1;1.0;6;4;R françois Pietri;M;4193517.0;874565.0;201
40718;201300045175;13;2;26;1205;1;2;1;1.0;3;4;Bd dominique Paoli;M;4193045.0;873732.0;201
40719;201300045177;13;3;8;1415;1;2;1;1.0;3;4;Rte d'Aspretto;M;4192999.0;875697.0;201
40720;201300045178;13;3;14;1755;2;1;1;2.0;6;4;Rte du Vittulo;M;4193102.0;871888.0;201
40721;201300045179;13;3;21;2020;5;2;1;9.0;2;4;R du sergent Casalonga;M;4191991.0;873686.0;201
40722;201300045180;13;3;21;1730;1;1;1;1.0;7;4;Rte des îles sanguinaire;M;0.0;0.0;201
40723;201300045181;13;4;9;825;1;2;1;1.0;6;4;Bd pascal Rossini;M;4191715.0;873372.0;201
40724;201300045182;13;4;10;1350;1;2;1;1.0;6;4;67 Cr Napoléon;M;0.0;0.0;201
40725;201300045183;13;4;16;735;1;1;6;1.0;1;4;Bd Tino Rossi;M;0.0;0.0;201
40726;201300045184;13;5;2;1215;1;2;1;1.0;3;4;20090;M;0.0;0.0;201
40727;201300045185;13;5;3;135;5;2;1;1.0;6;4;Bd madame mère;M;4191621.0;872318.0;201
40728;201300045186;13;5;17;620;2;2;1;8.0;1;4;chm de culetta;M;4195237.0;878051.0;201
40729;201300045188;13;5;26;1500;1;2;1;1.0;6;4;Rte du stiletto;M;4194584.0;876210.0;201
40730;201300045189;13;6;4;817;1;2;1;1.0;6;4;Bd abbé Recco;M;4193714.0;873714.0;201
40731;201300045190;13;6;18;1545;1;2;1;1.0;2;4;Bd louis Campi;M;4194461.0;875659.0;201
40732;201300045191;13;6;21;1425;1;2;9;1.0;6;4;Bd Maglioli hauteur esc.;M;4192781.0;873739.0;201
40733;201300045192;13;6;29;330;5;2;3;1.0;3;4;Cr Napoleon egl.St roch;M;4192242.0;873748.0;201
40734;201300045193;13;6;29;2239;5;2;1;1.0;5;4;Bd louis Campi;M;4194301.0;875274.0;201
40735;201300045194;13;7;6;1027;1;2;6;1.0;3;4;Giratoire Av Mt Thabor;M;0.0;0.0;201
40736;201300045197;13;7;23;1535;1;2;3;1.0;3;4;Bd Sampiero/R coubertin;M;4192422.0;873897.0;201
40737;201300045198;13;7;25;55;5;2;1;1.0;2;4;Cr JEAN NICOLI;M;4193368.0;874411.0;201
40738;201300045199;13;7;26;1510;1;2;1;1.0;3;4;Bd charles Bonaparte;M;4192761.0;873992.0;201
40739;201300045200;13;7;31;850;1;2;1;1.0;6;4;Cr NAPOLEON av Beverini;M;4192464.0;873799.0;201
40740;201300045201;13;8;1;855;1;2;1;1.0;5;4;RdPt Socordis;M;4192809.0;879927.0;201
40741;201300045202;13;8;2;2125;5;2;1;1.0;6;4;19 Bd Maglioli;M;4192827.0;873750.0;201
40742;201300045203;13;8;4;2325;5;2;1;1.0;6;4;Cit  EDF Vazzio;M;4193026.0;878366.0;201
40743;201300045204;13;8;7;1430;1;2;6;1.0;2;4;RdPt alzo di sole;M;4192994.0;876137.0;201
40744;201300045205;13;8;10;1805;1;2;1;1.0;4;4;N 194 Ranucchieto;M;4194950.0;876858.0;201
40745;201300045206;13;8;12;950;1;2;2;1.0;6;4;Av Marechal Juin;M;4193517.0;875071.0;201
40746;201300045207;13;8;14;2048;5;2;1;1.0;6;4;Bd STEPHANOPOLI;M;4190911.0;871905.0;201
40747;201300045208;13;8;17;29;5;2;1;1.0;3;4;Bd charles Bonaparte;M;4192843.0;874014.0;201
40748;201300045209;13;8;27;102;5;2;1;1.0;6;4;Quai l'herminier;M;4192180.0;873942.0;201
40749;201300045210;13;9;1;45;5;2;1;1.0;7;4;Bd Sampiero;M;4192662.0;873904.0;201
40750;201300045211;13;9;3;1229;1;2;1;1.0;2;4;feu Av N franchini;M;0.0;0.0;201
40751;201300045212;13;9;10;1925;5;2;1;2.0;3;4;Bd Sebastianu Costa;M;4194154.0;874732.0;201
40752;201300045213;13;9;29;235;5;2;3;1.0;3;4;Cr Prince IMPERIAL;M;4193347.0;875454.0;201
40753;201300045214;13;10;2;1840;1;2;6;1.0;3;4;Giratoire d'aspretto;M;4193021.0;875732.0;201
40754;201300045215;13;10;9;1220;1;2;1;1.0;3;4;Rte de Mezzavia;M;4194726.0;876263.0;201
40755;201300045216;13;10;10;1320;1;2;1;1.0;6;4;6 QUAI   NAPOLEON;M;4191816.0;873991.0;201
40756;201300045217;13;10;14;2315;5;2;3;1.0;1;4;Cr NAPOLEON  R FREDIANI;M;4192311.0;873766.0;201
40757;201300045218;13;10;17;1850;2;1;3;1.0;2;4;Rte de Mezzavia;M;4194758.0;876342.0;201
40758;201300045219;13;10;19;1550;1;2;1;1.0;3;4;Av de la Grande Armée;M;4192694.0;872989.0;201
40759;201300045220;13;10;21;130;5;2;1;1.0;7;4;Chm de CANDIA;M;4193621.0;874708.0;201
40760;201300045221;13;10;24;2035;5;2;1;1.0;6;4;20000;M;4192492.0;873897.0;201
40761;201300045222;13;10;25;1955;5;2;9;1.0;6;4;Cr NAPOLEON;M;4192499.0;873802.0;201
40762;201300045224;13;11;5;922;1;2;1;1.0;7;4;N 194;M;4194856.0;876602.0;201
40763;201300045225;13;11;11;520;5;2;6;1.0;6;4;Bd Sampiero;M;4192674.0;873884.0;201
40764;201300045226;13;11;15;1805;5;1;1;1.0;7;4;Chm d'APPIETO;M;4195751.0;877945.0;201
40765;201300045227;13;11;19;810;1;2;1;1.0;3;4;Bd louis Campi;M;4194331.0;875344.0;201
40766;201300045228;13;11;19;1945;5;2;3;1.0;3;4;Av Beverini Vico;M;4192644.0;873794.0;201
40767;201300045229;13;11;21;1930;5;2;1;1.0;2;4;97 Cr NAPOLEON;M;4193019.0;873926.0;201
40768;201300045231;13;12;11;1515;1;2;1;1.0;6;4;Cr Prince IMPERIAL;M;4193417.0;874881.0;201
40769;201300045232;13;12;22;5;5;2;9;1.0;3;4;Bd ALBERT 1ER;M;4191269.0;872368.0;201
40770;201300045233;13;12;27;2345;4;2;1;1.0;6;4;Cr NAPOLEON;M;4193183.0;874002.0;201
40771;201300045234;13;12;28;15;5;2;1;1.0;1;4;Cr Napoleon;M;4192329.0;873766.0;201
40772;201300045235;13;12;31;1302;1;2;1;1.0;4;4;Rte de Mezzavia;M;4195089.0;877273.0;201
40773;201300045236;13;12;31;1853;5;2;2;1.0;3;4;Av de PARIS;M;4191862.0;873692.0;201
40774;201300045237;13;1;19;255;5;2;1;2.0;6;381;1, PAIX (DE LA);;;;690
40775;201300045239;13;2;9;1555;1;2;2;4.0;3;381;00, ALGERIE (D');;;;690
40776;201300045240;13;2;9;320;5;2;1;1.0;2;381;00, ANDRE LASSAGNE;;;;690
40777;201300045241;13;3;9;1730;1;2;1;1.0;4;381;QUAI ANDRE LASSAGNE;;;;690
40778;201300045242;13;3;17;220;5;2;2;6.0;3;381;1, JEAN MOULIN;;;;690
40779;201300045243;13;3;25;900;1;2;1;1.0;3;381;ANDRE LASSAGNE;;;;690
40780;201300045244;13;4;16;1925;1;2;7;1.0;3;381;PLACE DE LA COMEDIE;;;;690
40781;201300045245;13;4;27;1000;1;2;2;2.0;3;381;ROYALE;;;;690
40782;201300045246;13;4;22;2205;5;2;2;1.0;3;381;JEAN MOULIN;;;;690
40783;201300045247;13;5;27;845;1;2;3;1.0;6;381;112, BOULEVARD DE LA CRO;;;;690
40784;201300045248;13;5;30;1005;1;2;1;2.0;2;381;13, RUE TERME;;;;690
40785;201300045249;13;6;5;1810;1;2;1;1.0;6;381;11, CROIX PAQUET;;;;690
40786;201300045250;13;6;7;910;1;2;2;1.0;3;381;10, PRESIDENT EDOUARD HE;;;;690
40787;201300045251;13;6;11;40;5;2;1;1.0;3;381;26, MARTINIERE (DE LA);;;;690
40788;201300045252;13;6;11;1750;1;2;1;1.0;6;381;21, TOURETTE (DE LA);;;;690
40789;201300045253;13;6;15;150;5;2;2;1.0;6;381;000000000, PLACE TOLOZAN;;;;690
40790;201300045254;13;8;5;1300;1;2;1;1.0;6;381;31, RENE LEYNAUD;;;;690
40791;201300045255;13;6;29;130;5;2;2;1.0;6;381;29, RUE DE LA MARTINIERE;;;;690
40792;201300045256;13;7;14;2320;5;2;1;1.0;2;381;30, MONTEE SAINT SEBASTI;;;;690
40793;201300045257;13;7;18;2100;1;2;1;2.0;6;381;61, QUAI SAINT VINCENT;;;;690
40794;201300045258;13;8;26;830;1;2;1;1.0;4;381;13 Bis, JEAN MOULIN;;;;690
40795;201300045259;13;9;13;1200;1;2;1;1.0;6;381;12, RUE DE CRIMEE;;;;690
40796;201300045260;13;9;19;1640;1;2;1;1.0;3;381;46, QUAI SAINT VINCENT;;;;690
40797;201300045261;13;9;23;1710;1;2;2;1.0;6;381;SANS, ROZIER;;;;690
40798;201300045262;13;10;2;1905;2;2;1;1.0;6;381;COURS GENERAL GIRAUD;;;;690
40799;201300045263;13;10;16;740;1;2;3;1.0;6;381;TOLOZAN;;;;690
40800;201300045264;13;10;20;155;5;2;2;1.0;3;381;9, PLATIERE (DE LA);;;;690
40801;201300045265;13;10;24;2235;5;2;1;1.0;1;381;33, COURS GENERAL GIRAUD;;;;690
40802;201300045266;13;10;27;856;1;2;1;7.0;7;381;60, QUAI SAINT VINCENT;;;;690
40803;201300045267;13;10;31;1540;1;2;1;1.0;6;381;14, PECHERIE (DE LA);;;;690
40804;201300045268;13;11;1;1730;5;2;1;1.0;6;381;13, RUE TERME;;;;690
40805;201300045269;13;11;12;1045;1;2;1;1.0;3;381;20, ANNONCIADE (DE L');;;;690
40806;201300045270;13;11;15;1110;1;2;1;2.0;6;381;8, ALGERIE (D');;;;690
40807;201300045272;13;11;23;1550;1;2;2;1.0;3;381;51, BON PASTEUR (DU);;;;690
40808;201300045273;13;11;29;2335;5;2;1;2.0;6;381;14, ANDRE LASSAGNE;;;;690
40809;201300045274;13;12;15;330;5;2;1;5.0;3;381;1, JEAN MOULIN;;;;690
40810;201300045275;13;12;28;1700;5;2;1;1.0;6;381;126, BOULEVARD DE LA CRO;;;;690
40811;201300045276;13;11;28;1220;1;2;1;1.0;7;381;12, GENERAL GIRAUD (DU);;;;690
40812;201300045277;13;1;1;20;3;1;1;2.0;6;294;A104;;;;770
40813;201300045278;13;1;1;220;5;1;1;2.0;6;46;A86 INT;M;4881580.0;245013.0;940
40814;201300045279;13;1;1;310;5;1;1;2.0;6;73;A86 INT;M;4876900.0;237920.0;940
40815;201300045280;13;1;1;910;2;1;1;1.0;2;73;A86 INT;M;4876250.0;238143.0;940
40816;201300045281;13;1;1;1030;1;1;1;8.0;7;373;RN104;;;;770
40817;201300045282;13;1;1;2005;5;1;1;1.0;6;69;A4;M;4881740.0;242482.0;940
40818;201300045283;13;1;2;800;2;1;1;1.0;5;18;A4;M;4881780.0;241389.0;940
40819;201300045284;13;1;3;945;1;1;1;1.0;3;17;A4;M;4882790.0;250451.0;940
40820;201300045285;13;1;3;1405;1;1;1;8.0;6;28;RN406.W;M;4877620.0;244220.0;940
40821;201300045286;13;1;3;1825;2;1;1;2.0;5;51;A4;M;4883560.0;256443.0;930
40822;201300045287;13;1;5;215;5;1;1;1.0;2;69;A4;M;4881650.0;245016.0;940