;Num_Acc;an;mois;jour;hrmn;lum;agg;int;atm;col;com;adr;gps;lat;long;dep
40823;201300045288;13;1;8;1750;3;1;1;1.0;2;294;A104;;;;770
40824;201300045289;13;1;8;1831;4;1;1;1.0;5;28;A86 EXT;M;4877610.0;243095.0;940
40825;201300045290;13;1;10;720;3;1;1;2.0;5;249;RN104;;;;770
40826;201300045292;13;1;10;1705;2;1;1;2.0;6;44;RN406.Y;M;4875770.0;247072.0;940
40827;201300045293;13;1;10;1910;3;1;1;2.0;2;514;A104;;;;770
40828;201300045294;13;1;10;2200;3;1;1;1.0;5;337;RN104;;;;770
40829;201300045295;13;1;11;455;4;1;1;2.0;6;79;A4;M;4883580.0;253972.0;940
40830;201300045296;13;1;14;840;1;1;1;1.0;7;53;RN104;;;;770
40831;201300045297;13;1;14;900;1;1;1;1.0;2;73;A86 INT;M;4875360.0;237899.0;940
40832;201300045298;13;1;16;750;1;1;1;1.0;4;514;A104;;;;770
40833;201300045299;13;1;18;1800;2;1;1;8.0;6;237;A4;;;;770
40834;201300045300;13;1;18;1945;5;1;1;4.0;7;146;A4.Y;;;;770
40835;201300045302;13;1;21;1930;4;1;1;4.0;5;28;A86 EXT;M;4878440.0;244057.0;940
40836;201300045303;13;1;22;810;1;1;1;9.0;5;17;A4;M;4882650.0;251831.0;940
40837;201300045304;13;1;24;830;1;1;1;2.0;3;69;A4;M;4881740.0;242930.0;940
40838;201300045307;13;1;29;740;2;1;1;2.0;3;363;A104;;;;770
40839;201300045308;13;1;30;1000;1;1;1;2.0;3;44;RN406.Y;M;4875770.0;247072.0;940
40840;201300045309;13;1;30;1000;1;1;1;1.0;2;121;A104;;;;770
40841;201300045310;13;1;31;735;2;1;1;1.0;6;294;A104;;;;770
40842;201300045311;13;1;31;1015;1;1;1;1.0;3;169;A4.Y;;;;770
40843;201300045312;13;1;31;1620;1;1;1;2.0;4;17;A4;M;4882680.0;252359.0;940
40844;201300045313;13;1;31;1930;3;1;1;1.0;7;112;A4;;;;750
40845;201300045314;13;2;1;1352;1;1;1;2.0;5;33;A86.INT;M;4885930.0;248616.0;940
40846;201300045315;13;2;2;540;5;1;1;1.0;2;69;A4;M;4881730.0;242928.0;940
40847;201300045316;13;2;2;550;5;1;1;1.0;2;69;A4;M;4881730.0;242928.0;940
40848;201300045317;13;2;2;640;5;1;1;1.0;2;69;A4;M;4881740.0;242930.0;940
40849;201300045318;13;2;2;650;5;1;1;1.0;4;18;A4;M;4881870.0;240833.0;940
40850;201300045319;13;2;4;1330;1;1;1;2.0;7;121;A104;;;;770
40851;201300045320;13;2;4;1430;1;1;1;2.0;2;52;A86 INT;M;4884540.0;249196.0;940
40852;201300045323;13;2;7;930;1;1;1;1.0;3;69;A4;M;4881660.0;245027.0;940
40853;201300045324;13;2;8;1015;5;1;1;1.0;5;52;A86 INT;M;4884270.0;249262.0;940
40854;201300045325;13;2;11;1545;1;1;1;1.0;6;122;A5b;;;;770
40855;201300045326;13;2;11;1830;3;1;1;8.0;5;372;A104;;;;770
40856;201300045327;13;2;12;1705;1;1;1;1.0;3;122;RN104;;;;770
40857;201300045328;13;2;13;730;2;1;1;1.0;7;53;RN104;;;;770
40858;201300045329;13;2;15;1705;1;1;1;1.0;2;42;A4;M;4882850.0;247660.0;940
40859;201300045330;13;2;18;930;1;1;1;1.0;2;294;A104;;;;770
40860;201300045331;13;2;19;710;1;1;1;1.0;4;249;RN104;;;;770
40861;201300045332;13;2;21;840;1;1;1;1.0;5;51;A4;;;;930
40862;201300045335;13;2;25;1300;1;1;1;2.0;2;33;A86.INT;M;4884890.0;249074.0;940
40863;201300045336;13;2;26;2115;3;1;1;1.0;3;373;RN104;;;;770
40864;201300045337;13;2;27;1020;1;1;1;1.0;7;73;A86 INT;M;4875920.0;238355.0;940
40865;201300045339;13;3;1;45;5;1;1;1.0;3;69;A4;M;4881730.0;243928.0;940
40866;201300045340;13;3;1;650;3;1;1;1.0;7;249;RN104;;;;770
40867;201300045341;13;3;2;1405;1;1;1;1.0;2;17;A4;M;4882970.0;249792.0;940
40868;201300045342;13;3;3;510;3;1;1;1.0;7;373;RN104;;;;770
40869;201300045343;13;3;3;550;5;1;1;1.0;2;28;A86 INT;M;4880110.0;244698.0;940
40870;201300045344;13;3;3;1310;1;1;1;1.0;6;337;RN104;;;;770
40871;201300045345;13;3;5;950;1;1;1;1.0;4;33;A86.EXT;M;4885550.0;248927.0;940
40872;201300045346;13;3;7;1610;1;1;1;1.0;4;52;A4;M;4882640.0;246625.0;940
40873;201300045347;13;3;8;945;1;1;1;1.0;5;65;A86 EXT;M;4875370.0;235009.0;940
40874;201300045348;13;3;9;1110;1;1;1;1.0;4;33;A86.INT;M;4885150.0;248977.0;940
40875;201300045349;13;3;9;2050;3;1;1;1.0;2;46;A86 EXT;M;4881160.0;244907.0;940
40876;201300045350;13;3;10;225;3;1;1;1.0;6;169;A4.Y;;;;770
40877;201300045351;13;3;11;935;1;1;1;2.0;3;17;A4;M;4882730.0;252468.0;940
40878;201300045352;13;3;11;1620;1;1;1;8.0;5;74;RN406.Y;M;4876630.0;245585.0;940
40879;201300045353;13;3;12;445;3;1;1;2.0;3;79;A4;M;4883580.0;253972.0;940
40880;201300045354;13;3;12;930;1;1;1;4.0;4;337;RN104;;;;770
40881;201300045355;13;3;13;1010;1;1;1;2.0;2;81;A86 EXT;M;4877340.0;240307.0;940
40882;201300045356;13;3;14;800;1;1;1;1.0;6;17;A4;M;4882960.0;249778.0;940
40883;201300045357;13;3;14;1315;1;1;1;1.0;7;372;A104;;;;770
40884;201300045358;13;3;14;1800;1;1;1;1.0;3;258;A4.Y;;;;770
40885;201300045359;13;3;15;1630;1;1;1;1.0;2;514;A104;;;;770
40886;201300045360;13;3;16;220;4;1;1;1.0;4;69;A4;M;4881740.0;243626.0;940
40887;201300045361;13;3;16;2100;3;1;1;2.0;2;17;A4;M;4882650.0;252071.0;940
40888;201300045363;13;3;17;2200;4;1;1;2.0;5;73;A86 INT;M;4876660.0;237881.0;940
40889;201300045364;13;3;18;810;1;1;1;1.0;3;51;A4;;;;930
40890;201300045365;13;3;21;1920;3;1;1;1.0;6;122;A5b;;;;770
40891;201300045366;13;3;22;830;1;1;1;1.0;5;438;A104;;;;770
40892;201300045368;13;3;26;730;1;1;1;1.0;3;141;A4;;;;770
40893;201300045369;13;3;26;855;1;1;1;1.0;3;51;A4;;;;930
40894;201300045370;13;3;26;1400;1;1;1;1.0;2;169;RN104;;;;770
40895;201300045371;13;3;27;800;1;1;1;1.0;5;73;A86 INT;M;4877000.0;238129.0;940
40896;201300045372;13;3;28;1400;1;1;1;1.0;2;42;A4;M;4882870.0;247661.0;940
40897;201300045373;13;3;28;1745;1;1;1;1.0;5;294;A104;;;;770
40898;201300045374;13;3;29;1315;1;1;1;1.0;3;169;RN104;;;;770
40899;201300045375;13;3;30;815;1;1;1;1.0;2;28;RN406.W;M;4877290.0;244579.0;940
40900;201300045376;13;3;31;510;3;1;1;1.0;6;468;A104;;;;770
40901;201300045377;13;3;31;700;1;1;1;1.0;6;69;A4;M;4881750.0;243877.0;940
40902;201300045378;13;3;31;1330;1;1;1;1.0;2;28;A86 EXT;M;4878480.0;244050.0;940
40903;201300045379;13;4;1;745;2;1;1;1.0;6;51;A4;;;;930
40904;201300045380;13;4;1;1610;1;1;1;1.0;2;249;RN104;;;;770
40905;201300045381;13;4;2;1800;1;1;1;1.0;2;146;A4.Y;;;;770
40906;201300045382;13;4;4;1835;1;1;1;1.0;7;18;A4;;;;770
40907;201300045383;13;4;5;700;1;1;1;1.0;2;17;A4;M;4882680.0;252381.0;940
40908;201300045384;13;4;6;1425;1;1;1;1.0;7;33;A86.EXT;M;4885910.0;249050.0;940
40909;201300045385;13;4;7;1600;1;1;1;1.0;5;175;RN104;;;;770
40910;201300045386;13;4;8;1030;1;1;1;1.0;5;181;A4;;;;770
40911;201300045388;13;4;9;1800;1;1;1;1.0;6;58;A4;;;;770
40912;201300045389;13;4;10;815;1;1;1;1.0;7;28;A86 EXT;M;4878440.0;244056.0;940
40913;201300045390;13;4;10;1640;1;1;1;2.0;5;294;A104;;;;770
40914;201300045391;13;4;11;740;1;1;1;1.0;2;81;A86 EXT;M;4877440.0;241032.0;940
40915;201300045392;13;4;18;755;1;1;1;1.0;2;79;A4;M;4882880.0;252742.0;940
40916;201300045393;13;4;13;1651;1;1;1;2.0;2;33;A86.INT;M;4885910.0;248677.0;940
40917;201300045394;13;4;14;1530;1;1;1;1.0;2;112;A4;;;;750
40918;201300045395;13;4;14;1725;1;1;1;1.0;5;69;A4;M;4881740.0;243626.0;940
40919;201300045396;13;4;14;1745;1;1;1;1.0;7;69;A4;M;4881650.0;245149.0;940
40920;201300045397;13;4;14;1820;1;1;1;1.0;2;18;A4;M;4882130.0;239954.0;940
40921;201300045398;13;4;15;1500;1;1;1;1.0;5;81;A86 INT;M;4877410.0;240501.0;940
40922;201300045399;13;4;15;2120;5;1;1;1.0;6;51;A4;;;;930
40923;201300045400;13;4;17;910;1;1;1;1.0;2;69;A4;M;4881720.0;244334.0;940
40924;201300045401;13;4;17;1340;1;1;1;1.0;3;17;A4;M;4882970.0;249791.0;940
40925;201300045402;13;4;18;810;1;1;1;1.0;4;17;A4;M;4882730.0;252477.0;940
40926;201300045403;13;4;21;1835;1;1;1;1.0;2;69;A4;M;4881740.0;243348.0;940
40927;201300045404;13;4;22;700;1;1;1;1.0;3;33;A86.INT;M;4885020.0;249025.0;940
40928;201300045405;13;4;22;1815;1;1;1;1.0;6;337;RN104;;;;770
40929;201300045406;13;4;23;1900;1;1;1;1.0;6;18;A4;M;4882480.0;239301.0;940
40930;201300045407;13;4;24;915;1;1;1;1.0;2;52;A86 INT;M;4884090.0;249283.0;940
40931;201300045408;13;4;23;1735;1;1;1;1.0;2;15;A4;M;4883050.0;253004.0;940
40932;201300045409;13;4;25;1940;1;1;1;1.0;7;69;A4;M;4881650.0;245015.0;940
40933;201300045410;13;4;26;1200;1;1;1;1.0;6;46;A86 INT;M;4879840.0;244473.0;940
40934;201300045411;13;4;30;1930;1;1;1;2.0;3;373;RN104;;;;770
40935;201300045413;13;5;3;820;1;1;1;1.0;7;69;A86 EXT;M;4881600.0;245161.0;940
40936;201300045414;13;5;4;1130;1;1;1;1.0;6;18;A4;M;4882130.0;239954.0;940
40937;201300045415;13;5;5;1915;1;1;1;1.0;7;438;A104;;;;770
40938;201300045416;13;5;7;2000;1;1;1;1.0;3;237;A4;;;;770
40939;201300045417;13;5;9;900;1;1;1;1.0;6;73;A86 EXT;M;4877000.0;238169.0;940
40940;201300045419;13;5;11;1720;1;1;1;1.0;3;28;A86 EXT;M;4879230.0;244128.0;940
40941;201300045420;13;5;14;1750;1;1;1;1.0;3;69;A4;M;4881710.0;244472.0;940
40942;201300045421;13;5;15;1850;1;1;1;1.0;3;69;A4;M;4881680.0;244600.0;940
40943;201300045422;13;5;16;1825;1;1;1;1.0;5;51;A4;;;;930
40944;201300045424;13;5;17;2000;2;1;1;1.0;2;337;RN104;;;;770
40945;201300045425;13;5;18;450;3;1;9;1.0;6;438;A104;;;;770
40946;201300045426;13;5;18;1145;1;1;1;1.0;5;69;A4;M;4881670.0;244957.0;940
40947;201300045427;13;5;19;2020;1;1;1;2.0;6;122;RN104;;;;770
40948;201300045428;13;5;20;335;4;1;1;3.0;6;73;A86 EXT;M;4876740.0;237871.0;940
40949;201300045429;13;5;20;1250;1;1;1;2.0;4;22;A86 EXT;M;4877340.0;240317.0;940
40950;201300045430;13;5;20;1850;1;1;1;2.0;6;58;A104;;;;770
40951;201300045431;13;5;21;800;1;1;1;2.0;3;52;A86.EXT;M;4883890.0;249376.0;940
40952;201300045432;13;5;21;830;1;1;1;3.0;4;372;A104;;;;770
40953;201300045433;13;5;21;910;1;1;1;2.0;5;28;A86 EXT;M;4877610.0;243095.0;940
40954;201300045434;13;5;21;940;1;1;1;2.0;3;121;A4;;;;770
40955;201300045435;13;5;22;1000;1;1;1;1.0;4;17;A4;M;4882780.0;250588.0;940
40956;201300045436;13;5;22;1410;1;1;1;1.0;2;450;RN104;;;;770
40957;201300045437;13;5;23;930;1;1;1;1.0;3;373;RN104;;;;770
40958;201300045438;13;5;23;2030;1;1;1;2.0;6;44;RN406.W;M;4875840.0;247039.0;940
40959;201300045439;13;5;30;2015;1;1;1;8.0;7;69;A4;M;4881690.0;244322.0;940
40960;201300045440;13;5;24;2246;3;1;1;1.0;6;44;RN406.W;M;4875880.0;247013.0;940
40961;201300045441;13;5;25;1920;1;1;1;1.0;7;18;A4;M;4881730.0;241742.0;940
40962;201300045442;13;5;27;420;5;1;1;1.0;2;18;A4;M;4881950.0;240596.0;940
40963;201300045443;13;5;28;1245;1;1;1;2.0;7;58;A86 INT;M;4884450.0;249228.0;940
40964;201300045444;13;5;29;940;1;1;1;1.0;3;69;A4;M;4881760.0;242084.0;940
40965;201300045446;13;6;4;900;1;1;1;1.0;5;363;A104;;;;770
40966;201300045447;13;6;5;930;1;1;1;1.0;2;69;A4;M;4881710.0;244323.0;940
40967;201300045448;13;6;6;800;1;1;1;1.0;2;28;A86 INT;M;4877610.0;242825.0;940
40968;201300045449;13;6;6;1025;1;1;1;1.0;3;69;A4;M;4881730.0;242642.0;940
40969;201300045451;13;6;7;800;1;1;1;1.0;2;363;A104;;;;770
40970;201300045452;13;6;7;808;1;1;1;1.0;3;373;RN104;;;;770
40971;201300045453;13;6;7;1125;1;1;1;1.0;3;33;A86.INT;M;4886000.0;248534.0;940
40972;201300045454;13;6;8;245;5;1;1;1.0;6;17;A4;M;4883030.0;249096.0;940
40973;201300045455;13;6;8;1000;1;1;1;1.0;2;17;A4;M;4882790.0;250451.0;940
40974;201300045456;13;6;8;1530;1;1;1;1.0;2;22;A86 EXT;M;4877620.0;242427.0;940
40975;201300045457;13;6;9;1545;1;1;1;2.0;6;337;RN104;;;;770
40976;201300045458;13;6;9;2041;1;1;1;1.0;3;28;A86 INT;M;4878620.0;243998.0;940
40977;201300045460;13;6;10;1050;5;1;1;1.0;2;17;A4;M;4882650.0;251832.0;940
40978;201300045461;13;6;10;1130;1;1;1;1.0;2;73;A86 EXT;M;4876660.0;237881.0;940
40979;201300045462;13;6;10;1630;1;1;1;1.0;4;112;A4;;;;750
40980;201300045463;13;6;11;1100;1;1;1;1.0;3;2;A86 INT;M;4877650.0;242157.0;940
40981;201300045464;13;6;11;1240;1;1;1;1.0;7;42;A4;M;4882690.0;246781.0;940
40982;201300045465;13;6;12;715;1;1;1;1.0;3;79;A4;M;4883580.0;253972.0;940
40983;201300045466;13;6;14;1700;1;1;1;1.0;3;73;A86 INT;M;4875660.0;238355.0;940
40984;201300045467;13;6;14;1930;1;1;1;1.0;2;73;A86 INT;M;4875360.0;237899.0;940
40985;201300045468;13;6;16;1325;1;1;1;1.0;3;294;A104;;;;770
40986;201300045469;13;6;16;1940;1;1;1;7.0;6;258;A4.W;;;;770
40987;201300045470;13;6;18;800;1;1;1;1.0;3;18;A4;M;4881770.0;241804.0;940
40988;201300045471;13;6;18;835;1;1;9;1.0;2;51;A4;;;;930
40989;201300045472;13;6;19;810;1;1;1;2.0;3;46;A86 EXT;M;4880810.0;244896.0;940
40990;201300045473;13;6;21;650;1;1;1;2.0;7;17;A4;M;4883000.0;248675.0;940
40991;201300045474;13;6;21;719;1;1;1;2.0;7;53;RN104;;;;770
40992;201300045475;13;6;23;1830;1;1;1;2.0;4;81;A86 EXT;M;4877400.0;240138.0;940
40993;201300045476;13;6;25;1720;1;1;1;1.0;5;122;RN104;;;;770
40994;201300045477;13;6;26;900;1;1;1;1.0;2;69;A4;M;4881720.0;244333.0;940
40995;201300045478;13;6;26;945;1;1;1;1.0;2;258;A4.W;;;;770
40996;201300045479;13;6;26;1645;1;1;1;1.0;3;28;A86 INT;M;4879410.0;244161.0;940
40997;201300045480;13;6;26;1810;1;1;1;1.0;7;28;A86 EXT;M;4878000.0;244119.0;940
40998;201300045481;13;6;28;1850;1;1;1;1.0;3;169;RN104;;;;770
40999;201300045482;13;6;27;840;1;1;1;1.0;2;249;RN104;;;;770
41000;201300045483;13;6;28;45;3;1;1;1.0;2;514;A104;;;;770
41001;201300045484;13;6;28;1540;1;1;1;1.0;2;22;A86 EXT;M;4877540.0;241278.0;940
41002;201300045485;13;6;28;1630;1;1;1;1.0;4;373;RN104;;;;770
41003;201300045486;13;6;29;940;1;1;1;2.0;3;373;RN104;;;;770
41004;201300045488;13;6;30;210;3;1;1;1.0;6;15;A4;M;4883130.0;253079.0;940
41005;201300045489;13;6;30;515;2;1;1;1.0;7;373;RN104;;;;770
41006;201300045490;13;7;1;1000;1;1;1;1.0;2;42;A4;M;4882880.0;247729.0;940
41007;201300045491;13;7;1;1015;1;1;1;1.0;3;69;A86 EXT;M;4881650.0;245348.0;940
41008;201300045492;13;7;1;2040;1;1;1;1.0;3;468;A4.W;;;;770
41009;201300045493;13;7;1;2110;5;1;1;1.0;3;58;A86.EXT;M;4884750.0;249197.0;940
41010;201300045494;13;7;1;2150;3;1;1;1.0;4;372;A104;;;;770
41011;201300045495;13;7;3;830;1;1;1;1.0;2;69;A86 EXT;M;4881590.0;245134.0;940
41012;201300045496;13;7;3;1500;1;1;1;1.0;7;372;A104;;;;770
41013;201300045497;13;7;5;1820;1;1;1;1.0;5;46;A86 INT;M;4880810.0;244878.0;940
41014;201300045499;13;7;6;1730;1;1;1;1.0;2;52;A86 INT;M;4884630.0;249165.0;940
41015;201300045500;13;7;6;1940;1;1;1;1.0;6;258;A4.W;;;;770
41016;201300045501;13;7;6;2220;3;1;9;1.0;2;58;A4;;;;770
41017;201300045502;13;7;7;620;2;1;1;1.0;6;52;A4;M;4882660.0;246607.0;940
41018;201300045503;13;7;7;1300;1;1;1;1.0;2;73;A86 INT;M;4875570.0;238301.0;940
41019;201300045504;13;7;7;2000;1;1;1;1.0;4;17;A4;M;4882650.0;251832.0;940
41020;201300045505;13;7;7;2120;4;1;1;1.0;5;258;A4.Y;;;;770
41021;201300045506;13;7;8;1215;1;1;1;7.0;4;73;A86 INT;M;4877030.0;238298.0;940
41022;201300045507;13;7;11;1425;1;1;1;7.0;5;363;A104;;;;770
41023;201300045509;13;7;12;1220;1;1;1;1.0;2;17;A4;M;4883010.0;249661.0;940
41024;201300045510;13;7;12;1910;1;1;1;1.0;4;373;RN104;;;;770
41025;201300045511;13;7;12;2010;1;1;1;1.0;3;73;A86 INT;M;4877070.0;238560.0;940
41026;201300045512;13;7;12;2100;1;1;1;1.0;4;17;A4;M;4882790.0;250451.0;940
41027;201300045513;13;7;12;2255;3;1;1;1.0;3;468;A104;;;;770
41028;201300045514;13;7;15;855;1;1;1;1.0;2;18;A4;M;4881770.0;241664.0;940
41029;201300045516;13;7;15;925;1;1;1;1.0;6;18;A4;M;4881750.0;241476.0;940
41030;201300045517;13;7;16;1325;1;1;1;1.0;2;65;A86 INT;M;4875440.0;234971.0;940
41031;201300045518;13;7;16;1430;1;1;1;1.0;7;11;RN406.W;M;4875880.0;248214.0;940
41032;201300045519;13;7;16;1915;1;1;1;1.0;3;52;A86 INT;M;4884270.0;249262.0;940
41033;201300045520;13;7;17;1240;1;1;1;1.0;4;17;A4;M;4882700.0;251136.0;940
41034;201300045521;13;7;19;1725;1;1;1;1.0;5;169;RN104;;;;770
41035;201300045522;13;7;20;1224;1;1;1;1.0;2;438;A104;;;;770
41036;201300045523;13;7;20;1945;1;1;1;1.0;4;17;A4;M;4882640.0;251811.0;940
41037;201300045524;13;7;23;1845;1;1;1;1.0;7;373;RN104;;;;770
41038;201300045525;13;7;25;700;1;1;1;1.0;3;22;A86 INT;M;4877650.0;242023.0;940
41039;201300045526;13;7;25;815;1;1;1;1.0;3;79;A4;M;4883300.0;253379.0;940
41040;201300045527;13;7;25;1300;1;1;1;1.0;2;17;A4;M;4882860.0;250177.0;940
41041;201300045529;13;7;25;1644;1;1;1;1.0;3;28;A86 EXT;M;4877880.0;244114.0;940
41042;201300045530;13;7;25;1845;1;1;1;1.0;3;169;RN104;;;;770
41043;201300045531;13;7;26;855;1;1;1;1.0;2;18;A4;;;;770
41044;201300045532;13;7;26;1615;1;1;1;1.0;7;17;A4;M;4882790.0;250423.0;940
41045;201300045533;13;8;1;2040;1;1;1;1.0;6;169;RN104;;;;770
41046;201300045534;13;8;2;840;1;1;1;1.0;3;438;A104;;;;770
41047;201300045535;13;8;2;1745;1;1;1;1.0;5;33;A86.INT;M;4885790.0;248727.0;940
41048;201300045536;13;8;2;1940;2;1;1;1.0;5;52;A86 INT;M;4884570.0;249187.0;940
41049;201300045539;13;8;7;1330;1;1;1;2.0;4;44;RN406.W;M;4875820.0;247060.0;940
41050;201300045540;13;8;8;820;1;1;1;1.0;7;74;RN406.W;M;4876920.0;245008.0;940
41051;201300045541;13;8;12;800;1;1;1;1.0;2;33;A86.INT;M;4884800.0;249106.0;940
41052;201300045542;13;8;12;1220;1;1;1;1.0;2;122;RN104;;;;770
41053;201300045543;13;8;14;2220;5;1;1;1.0;4;28;A86 EXT;M;4877600.0;242818.0;940
41054;201300045544;13;8;20;1913;1;1;1;1.0;7;81;A86 EXT;M;4877390.0;240371.0;940
41055;201300045545;13;8;25;1600;1;1;1;2.0;7;450;RN104;;;;770
41056;201300045546;13;8;26;1810;1;1;1;1.0;7;28;RN406.W;M;4877220.0;244654.0;940
41057;201300045547;13;8;27;1215;1;1;1;2.0;7;42;A4;M;4882850.0;247644.0;940
41058;201300045548;13;8;28;955;1;1;1;1.0;4;373;RN104;;;;770
41059;201300045549;13;8;30;930;1;1;1;1.0;4;17;A4;M;4882670.0;251471.0;940
41060;201300045550;13;8;31;1730;1;1;1;1.0;3;373;RN104;;;;770
41061;201300045551;13;9;1;1705;1;1;1;1.0;3;69;A86 EXT;M;4881580.0;245117.0;940
41062;201300045552;13;9;2;1000;1;1;1;1.0;7;373;RN104;;;;770
41063;201300045553;13;9;3;800;1;1;1;1.0;3;65;A86 INT;M;4875380.0;235499.0;940
41064;201300045554;13;9;3;1815;1;1;1;1.0;7;169;A4.Y;;;;770
41065;201300045555;13;9;5;1930;1;1;1;7.0;7;258;A4.W;;;;770
41066;201300045556;13;9;6;1530;1;1;1;1.0;6;373;RN104;;;;770
41067;201300045557;13;9;7;615;3;1;1;1.0;2;28;A86 EXT;M;4877600.0;242823.0;940
41068;201300045558;13;9;7;1345;1;1;1;1.0;5;81;A86 EXT;M;4877490.0;241148.0;940
41069;201300045559;13;9;8;15;3;1;1;1.0;5;42;A4;M;4882840.0;247585.0;940
41070;201300045560;13;9;9;1150;1;1;1;1.0;2;17;A4;M;4882700.0;251036.0;940
41071;201300045561;13;9;9;1745;1;1;1;2.0;2;373;RN104;;;;770
41072;201300045562;13;9;11;1810;1;1;1;8.0;3;73;A86 EXT;M;4877260.0;239790.0;940
41073;201300045563;13;9;11;1850;1;1;1;1.0;3;46;A86 EXT;M;4881510.0;244989.0;940
41074;201300045564;13;9;12;1015;1;1;1;8.0;2;73;A86 INT;M;4877260.0;239780.0;940
41075;201300045565;13;9;12;947;1;1;1;1.0;3;373;RN104;;;;770
41076;201300045566;13;9;13;410;4;1;1;1.0;6;121;A4;;;;770
41077;201300045567;13;9;14;425;3;1;1;2.0;3;112;A4;;;;750
41078;201300045568;13;9;14;1400;1;1;1;2.0;6;44;RN406.W;M;4875820.0;247065.0;940
41079;201300045569;13;9;15;715;1;1;1;1.0;5;121;A104;;;;770
41080;201300045570;13;9;16;740;1;1;1;2.0;6;373;RN104;;;;770
41081;201300045571;13;9;16;1503;1;1;1;1.0;7;28;A86 INT;M;4877940.0;244092.0;940
41082;201300045572;13;9;16;1800;1;1;1;2.0;2;81;A86 INT;M;4877420.0;240830.0;940
41083;201300045574;13;9;16;2030;3;1;1;2.0;2;51;A4;M;4883570.0;256309.0;930
41084;201300045575;13;9;17;715;1;1;1;1.0;2;73;A86 INT;M;4875890.0;238365.0;940
41085;201300045576;13;9;18;1020;1;1;1;1.0;2;33;A86.INT;M;4886090.0;248438.0;940
41086;201300045577;13;9;18;1800;1;1;1;2.0;7;22;A86 EXT;M;4877630.0;242293.0;940
41087;201300045578;13;9;18;2020;2;1;1;1.0;4;42;A4;M;4882760.0;247043.0;940
41088;201300045579;13;9;20;1200;1;1;1;1.0;5;28;A86 INT;M;4877640.0;243180.0;940
41089;201300045580;13;9;21;700;2;1;1;1.0;2;146;A4.Y;;;;770
41090;201300045581;13;9;21;1430;1;1;1;1.0;6;53;RN104;;;;770
41091;201300045582;13;9;22;1147;1;1;1;1.0;2;69;A4;M;4881720.0;244334.0;940
41092;201300045584;13;9;22;700;3;1;1;1.0;1;438;A104;;;;770
41093;201300045585;13;9;23;1535;1;1;1;1.0;3;121;A104;;;;770
41094;201300045586;13;9;23;2030;3;1;1;1.0;4;258;A4.Y;;;;770
41095;201300045587;13;9;24;710;1;1;1;1.0;3;337;A4;;;;770
41096;201300045588;13;9;24;2350;5;1;1;1.0;6;17;A4;M;4882680.0;251242.0;940
41097;201300045589;13;9;25;1300;1;1;1;1.0;5;69;A4;M;4881640.0;244561.0;940
41098;201300045590;13;9;25;2110;3;1;1;1.0;3;33;A86.EXT;M;4885780.0;248833.0;940
41099;201300045591;13;9;27;2100;5;1;1;2.0;5;112;A4;;;;750
41100;201300045592;13;9;28;900;1;1;1;8.0;7;175;RN104;;;;770
41101;201300045593;13;9;30;1905;1;1;1;1.0;5;28;A86 EXT;M;4880210.0;244786.0;940
41102;201300045594;13;10;2;730;3;1;1;1.0;4;46;A86 EXT;M;4880990.0;244903.0;940
41103;201300045595;13;10;2;730;1;1;1;1.0;2;73;A86 INT;M;4875960.0;238339.0;940
41104;201300045596;13;10;3;830;1;1;1;1.0;2;51;A4;;;;930
41105;201300045597;13;10;3;1000;1;1;1;1.0;3;22;A86 INT;M;4877410.0;240501.0;940
41106;201300045598;13;10;3;1800;1;1;1;1.0;4;372;A104;;;;770
41107;201300045600;13;10;4;915;1;1;1;2.0;3;294;A104;;;;770
41108;201300045601;13;10;5;900;1;1;1;1.0;6;169;A4.Y;;;;770
41109;201300045602;13;10;6;700;3;1;1;1.0;5;294;A104;;;;770
41110;201300045603;13;10;7;730;1;1;1;1.0;3;17;A4;M;4882790.0;250451.0;940
41111;201300045604;13;10;7;2340;3;1;1;1.0;6;438;A104;;;;770
41112;201300045605;13;10;8;1510;1;1;1;1.0;4;373;RN104;;;;770
41113;201300045606;13;10;8;1745;1;1;1;1.0;6;28;A86 INT;M;4877650.0;243609.0;940
41114;201300045607;13;10;8;1930;5;1;1;1.0;2;46;A86 INT;M;4880540.0;244854.0;940
41115;201300045610;13;10;13;600;3;1;1;1.0;3;121;A4;;;;770
41116;201300045612;13;10;14;2230;5;1;1;2.0;6;69;A4;M;4881750.0;242088.0;940
41117;201300045613;13;10;16;15;3;1;1;1.0;3;52;A4;M;4882660.0;246634.0;940
41118;201300045614;13;10;16;1400;1;1;1;2.0;7;112;A4;;;;750
41119;201300045615;13;10;11;1943;5;1;1;1.0;2;17;A4;M;4882780.0;250588.0;940
41120;201300045617;13;10;16;1800;1;1;1;2.0;6;438;A104;;;;770