;Num_Acc;an;mois;jour;hrmn;lum;agg;int;atm;col;com;adr;gps;lat;long;dep
41121;201300045618;13;10;18;815;1;1;1;1.0;5;169;A4.Y;;;;770
41122;201300045619;13;10;19;1215;1;1;1;1.0;2;46;A86 INT;M;4880450.0;244834.0;940
41123;201300045620;13;10;20;1245;2;1;1;1.0;4;17;A4;M;4882650.0;251832.0;940
41124;201300045621;13;10;20;1930;5;1;1;3.0;5;17;A4;M;4883030.0;249097.0;940
41125;201300045622;13;10;20;2320;5;1;1;1.0;3;69;A4;M;4881710.0;244323.0;940
41126;201300045623;13;10;21;200;5;1;1;1.0;6;28;A86 INT;M;4877990.0;244089.0;940
41127;201300045624;13;10;21;1635;1;1;1;1.0;4;373;RN104;;;;770
41128;201300045625;13;10;23;1010;1;1;1;1.0;3;17;A4;M;4882740.0;250861.0;940
41129;201300045626;13;10;23;940;1;1;1;1.0;2;28;A86 INT;M;4877610.0;242832.0;940
41130;201300045627;13;10;23;1010;1;1;1;1.0;5;83;A4.W;;;;770
41131;201300045629;13;10;23;2135;3;1;1;2.0;7;337;RN104;;;;770
41132;201300045630;13;10;24;1720;1;1;1;1.0;5;73;A86 EXT;M;4875380.0;236940.0;940
41133;201300045633;13;10;26;820;2;1;1;1.0;2;258;A4.Y;;;;770
41134;201300045634;13;10;26;1030;1;1;1;1.0;5;53;RN104;;;;770
41135;201300045635;13;10;26;1430;1;1;1;1.0;5;373;RN104;;;;770
41136;201300045636;13;10;27;200;4;1;1;2.0;2;17;A4;M;4882970.0;249791.0;940
41137;201300045637;13;10;27;845;1;1;1;3.0;6;438;A104;;;;770
41138;201300045638;13;10;27;1315;1;1;1;1.0;4;52;A86 INT;M;4884360.0;249257.0;940
41139;201300045639;13;10;27;1900;5;1;1;3.0;2;18;A4;M;4882290.0;239617.0;940
41140;201300045640;13;10;28;915;1;1;1;2.0;3;18;A4;M;4882560.0;239234.0;940
41141;201300045641;13;10;29;830;2;1;1;1.0;3;46;A86 EXT;M;4880900.0;244899.0;940
41142;201300045642;13;10;29;830;1;1;1;1.0;2;517;A104.EXT;;;;770
41143;201300045643;13;10;31;1540;1;1;1;1.0;3;73;A86 EXT;M;4875540.0;238285.0;940
41144;201300045645;13;10;31;2040;3;1;1;1.0;2;51;A4;M;4883480.0;257909.0;930
41145;201300045646;13;11;1;510;3;1;1;2.0;2;514;A104;;;;770
41146;201300045649;13;11;2;615;5;1;1;2.0;4;112;A4;;;;750
41147;201300045650;13;11;2;800;1;1;1;2.0;6;44;RN406.W;M;4875790.0;247108.0;940
41148;201300045651;13;11;4;740;2;1;1;1.0;6;73;A86 EXT;M;4876750.0;237870.0;940
41149;201300045652;13;11;4;1030;1;1;1;1.0;7;18;A4;M;4882180.0;239837.0;940
41150;201300045653;13;11;4;1230;1;1;9;8.0;3;373;RN104;;;;770
41151;201300045654;13;11;4;1915;3;1;1;1.0;4;51;A4;M;4883570.0;256176.0;930
41152;201300045655;13;11;5;205;3;1;1;1.0;3;363;A104;;;;770
41153;201300045657;13;11;5;1300;1;1;1;2.0;3;52;A86 INT;M;4884690.0;249143.0;940
41154;201300045658;13;11;6;815;1;1;1;2.0;6;44;RN406.W;M;4875790.0;247110.0;940
41155;201300045659;13;11;6;930;1;1;1;8.0;7;18;A4;M;4882010.0;240333.0;940
41156;201300045660;13;11;6;930;1;1;1;1.0;3;169;A4.Y;;;;770
41157;201300045661;13;11;7;730;1;1;1;1.0;4;73;A86 INT;M;4875660.0;238355.0;940
41158;201300045662;13;11;4;1640;1;1;1;1.0;3;373;RN104;;;;770
41159;201300045663;13;11;8;1620;2;1;1;2.0;5;44;RN406.W;M;4875760.0;247174.0;940
41160;201300045664;13;11;8;1945;3;1;1;2.0;4;514;A104;;;;770
41161;201300045665;13;11;9;1438;1;1;1;3.0;7;249;RN104;;;;770
41162;201300045666;13;11;9;2042;1;1;1;2.0;2;42;A4;M;4882760.0;247042.0;940
41163;201300045667;13;11;10;1520;1;1;1;1.0;2;337;A4;;;;770
41164;201300045669;13;11;12;850;1;1;1;2.0;7;112;A4;;;;750
41165;201300045670;13;11;12;925;1;1;1;1.0;7;249;RN104;;;;770
41166;201300045671;13;11;12;1125;1;1;1;1.0;5;46;A86 INT;M;4879810.0;244449.0;940
41167;201300045672;13;11;12;1700;1;1;1;2.0;7;73;A86 EXT;M;4876100.0;238259.0;940
41168;201300045673;13;11;12;1630;1;1;1;2.0;3;294;A104;;;;770
41169;201300045674;13;11;13;930;1;1;1;1.0;4;55;A104;;;;770
41170;201300045675;13;11;13;1140;1;1;1;1.0;2;514;A104;;;;770
41171;201300045676;13;11;13;1330;1;1;1;1.0;2;81;A86 INT;M;4877390.0;240153.0;940
41172;201300045678;13;11;13;1700;2;1;1;1.0;3;294;A104;;;;770
41173;201300045679;13;11;13;1700;2;1;1;1.0;4;46;A86 INT;M;4879810.0;244415.0;940
41174;201300045680;13;11;13;1800;3;1;1;1.0;5;169;A4.Y;;;;770
41175;201300045681;13;11;13;1900;3;1;1;1.0;7;79;A4;M;4883550.0;253967.0;940
41176;201300045682;13;11;27;1040;1;1;1;1.0;2;46;A86 EXT;M;4880550.0;244882.0;940
41177;201300045684;13;11;19;1830;5;1;1;1.0;3;69;A4;M;4881730.0;242365.0;940
41178;201300045685;13;11;20;1815;3;1;1;3.0;6;28;A86 EXT;M;4878880.0;244047.0;940
41179;201300045686;13;11;22;1350;1;1;1;1.0;5;18;A4;M;4882410.0;239393.0;940
41180;201300045688;13;11;22;2000;5;1;1;1.0;4;69;A4;M;4881710.0;244323.0;940
41181;201300045689;13;11;23;1630;1;1;1;1.0;5;28;A86;M;4879280.0;244105.0;940
41182;201300045691;13;11;24;1025;1;1;1;1.0;7;73;A86;M;4876780.0;237875.0;940
41183;201300045692;13;11;25;1700;1;1;1;1.0;2;112;A4;;;;750
41184;201300045693;13;11;26;1235;1;1;1;1.0;6;237;A4;;;;770
41185;201300045694;13;11;27;1115;1;1;1;1.0;7;15;A4;M;4883000.0;252899.0;940
41186;201300045695;13;11;29;1130;1;1;1;1.0;3;18;A4;M;4881770.0;241524.0;940
41187;201300045696;13;11;29;1632;2;1;1;3.0;7;373;RN104;;;;770
41188;201300045697;13;11;29;1700;2;1;1;2.0;7;112;A4;;;;750
41189;201300045698;13;11;29;1935;4;1;1;2.0;7;69;A86 EXT;M;4881620.0;245250.0;940
41190;201300045699;13;12;1;2245;5;1;1;1.0;3;69;A4;M;4881740.0;243207.0;940
41191;201300045700;13;12;2;830;1;1;1;1.0;3;73;A86 INT;M;4877110.0;238945.0;940
41192;201300045701;13;12;2;950;1;1;1;1.0;3;28;A86 EXT;M;4879060.0;244082.0;940
41193;201300045704;13;12;4;430;4;1;1;1.0;2;514;A104;;;;770
41194;201300045707;13;12;6;1350;1;1;1;1.0;3;17;A4;M;4883040.0;249528.0;940
41195;201300045708;13;12;6;2050;5;1;1;1.0;5;42;A4;M;4882810.0;247312.0;940
41196;201300045709;13;12;7;115;3;1;1;1.0;2;372;A104;;;;770
41197;201300045710;13;12;7;1500;1;1;1;1.0;7;258;RN104;;;;770
41198;201300045712;13;12;8;1815;3;1;1;1.0;2;373;RN104;;;;770
41199;201300045713;13;12;9;840;2;1;1;1.0;4;450;RN104;;;;770
41200;201300045714;13;12;9;1430;1;1;1;1.0;5;294;A104;;;;770
41201;201300045715;13;12;10;1550;1;1;1;1.0;3;69;A4;M;4881760.0;241974.0;940
41202;201300045716;13;12;11;750;2;1;1;3.0;3;28;A86 EXT;M;4877630.0;243566.0;940
41203;201300045717;13;12;11;1440;1;1;1;1.0;4;373;RN104;;;;770
41204;201300045718;13;12;11;1730;3;1;1;1.0;2;514;A104;;;;770
41205;201300045719;13;12;11;1732;3;1;1;1.0;3;169;RN104;;;;770
41206;201300045720;13;12;11;2015;3;1;1;1.0;3;258;A4.Y;;;;770
41207;201300045721;13;12;15;1400;1;1;1;1.0;7;251;RN104;;;;770
41208;201300045722;13;12;15;1845;3;1;1;1.0;2;258;A4.W;;;;770
41209;201300045723;13;12;15;1920;3;1;1;1.0;2;258;A4.W;;;;770
41210;201300045724;13;12;16;1030;1;1;1;1.0;2;52;A86 INT;M;4883710.0;249398.0;940
41211;201300045725;13;12;18;735;3;1;1;1.0;3;28;A86 INT;M;4877620.0;242884.0;940
41212;201300045726;13;12;19;720;3;1;1;2.0;2;175;RN104;;;;770
41213;201300045727;13;12;19;1035;1;1;1;2.0;3;17;A4;M;4882980.0;248411.0;940
41214;201300045728;13;12;19;1815;5;1;1;2.0;2;33;A86.INT;M;4884850.0;249086.0;940
41215;201300045729;13;12;19;1900;3;1;1;2.0;3;18;A4;M;4882080.0;240078.0;940
41216;201300045730;13;12;20;430;3;1;1;1.0;6;468;A104;;;;770
41217;201300045732;13;12;21;2140;4;1;1;1.0;6;28;A86 EXT;M;4877600.0;243821.0;940
41218;201300045733;13;12;22;205;3;1;1;2.0;2;28;A86 INT;M;4877630.0;243091.0;940
41219;201300045734;13;12;22;740;3;1;1;1.0;6;181;A4;;;;770
41220;201300045735;13;12;22;2105;3;1;1;2.0;4;296;A5b;;;;770
41221;201300045736;13;12;23;900;1;1;1;1.0;2;28;RN406.Y;M;4877250.0;244596.0;940
41222;201300045737;13;12;23;1836;5;1;1;1.0;5;121;A104;;;;770
41223;201300045738;13;12;23;2300;5;1;1;1.0;3;46;A86 INT;M;4879820.0;244455.0;940
41224;201300045739;13;12;24;1708;3;1;1;3.0;6;44;RN406.W;M;4875800.0;247083.0;940
41225;201300045740;13;12;26;1810;3;1;1;1.0;6;169;RN104;;;;770
41226;201300045741;13;12;27;530;3;1;1;2.0;6;294;A104;;;;770
41227;201300045742;13;12;27;1410;1;1;1;1.0;6;44;RN406.W;M;4875820.0;247064.0;940
41228;201300045743;13;12;28;420;5;1;1;3.0;7;52;A86.EXT;M;4884130.0;249310.0;940
41229;201300045744;13;12;29;1400;1;1;1;1.0;2;28;A86 INT;M;4879620.0;244301.0;940
41230;201300045746;13;1;1;3;4;1;1;2.0;6;36;AUTOROUTE A15;;;;920
41231;201300045747;13;1;1;1200;1;1;1;1.0;3;491;A115;;;;950
41232;201300045748;13;1;1;1235;1;1;1;2.0;6;27;AUTOROUTE A86;M;4892780.0;241018.0;930
41233;201300045749;13;1;2;15;3;1;1;1.0;6;18;A15;;;;950
41234;201300045750;13;1;2;1700;2;1;1;1.0;6;500;A15;;;;950
41235;201300045751;13;1;2;2050;3;1;1;1.0;3;10;AUTOROUTE A3;M;4888970.0;247384.0;930
41236;201300045752;13;1;2;2140;3;1;1;2.0;7;42;RN 104;;;;950
41237;201300045753;13;1;3;230;3;1;1;2.0;6;36;AUTOROUTE A15;;;;920
41238;201300045754;13;1;3;1030;1;1;1;1.0;6;27;AUTOROUTE A86;M;4892730.0;241954.0;930
41239;201300045755;13;1;3;850;1;1;1;2.0;7;48;AUTOROUTE A186-PR2+200;M;4886750.0;245716.0;930
41240;201300045756;13;1;3;1330;1;1;1;1.0;6;27;AUTOROUTE A1;M;4893450.0;239758.0;930
41241;201300045757;13;1;3;1540;1;1;1;8.0;6;394;A115;;;;950
41242;201300045758;13;1;3;2000;3;1;1;8.0;3;394;A115;;;;950
41243;201300045759;13;1;7;1015;1;1;1;1.0;6;572;A15;M;4903250.0;210610.0;950
41244;201300045760;13;1;4;1445;1;1;1;8.0;6;582;A15;;;;950
41245;201300045761;13;1;4;1800;3;1;1;1.0;4;8;AUTOROUTE A86;M;4889890.0;246927.0;930
41246;201300045762;13;1;4;2120;3;1;1;1.0;3;241;RN 104;;;;950
41247;201300045763;13;1;5;645;3;1;1;1.0;6;572;ROUTE NATIONALE 184;;;;950
41248;201300045764;13;1;5;1745;3;1;1;2.0;4;36;AUTOROUTE A15;;;;920
41249;201300045765;13;1;6;445;3;1;1;1.0;5;7;AUTOROUTE A1;M;4894930.0;244679.0;930
41250;201300045766;13;1;6;1700;1;1;1;1.0;2;8;AUTOROUTE A86;M;4889890.0;246927.0;930
41251;201300045767;13;1;7;1220;1;1;1;8.0;6;151;RN 104;;;;950
41252;201300045768;13;1;7;2110;3;1;1;1.0;7;641;AUTOROUTE A1;;;;950
41253;201300045769;13;1;8;700;3;1;1;1.0;2;64;AUTOROUTE A86;M;4888590.0;247311.0;930
41254;201300045770;13;1;8;1500;1;1;1;1.0;5;256;ROUTE NATIONALE 184;;;;950
41255;201300045771;13;1;8;1620;1;1;1;1.0;7;10;AUTOROUTE A3;M;4888950.0;247391.0;930
41256;201300045772;13;1;8;1740;3;1;1;1.0;2;10;AUTOROUTE A3;M;4888950.0;247391.0;930
41257;201300045773;13;1;9;1450;1;1;1;2.0;3;277;RD 170;M;4897480.0;248640.0;950
41258;201300045774;13;1;10;110;3;1;1;2.0;3;5;AUTOROUTE A104;M;4897390.0;249094.0;930
41259;201300045775;13;1;10;620;3;1;1;1.0;6;66;AUTOROUTE A1;M;4893390.0;238390.0;930
41260;201300045776;13;1;10;1445;1;1;1;2.0;6;582;A115;;;;950
41261;201300045777;13;1;10;1750;3;1;1;2.0;5;5;AUTOROUTE A3;M;4894980.0;247461.0;930
41262;201300045778;13;1;10;1930;3;1;1;2.0;3;48;AUTOROUTE A3;M;4887370.0;243705.0;930
41263;201300045779;13;1;11;600;3;1;1;2.0;4;394;A115;;;;950
41264;201300045780;13;1;11;1300;1;1;1;8.0;6;78;AUTOROUTE A104;M;4896110.0;254339.0;930
41265;201300045782;13;1;12;1400;1;1;1;2.0;6;27;AUTOROUTE A86;M;4892780.0;241018.0;930
41266;201300045783;13;1;12;1400;1;1;1;8.0;6;36;AUTOROUTE A15;;;;920
41267;201300045784;13;1;12;1615;1;1;1;8.0;6;78;AUTOROUTE A104;M;4895800.0;253089.0;930
41268;201300045785;13;1;12;2110;3;1;1;2.0;4;582;A15;;;;950
41269;201300045786;13;1;13;300;3;1;1;2.0;6;42;RN 104;;;;950
41270;201300045787;13;1;13;2015;3;1;1;1.0;3;491;A115;;;;950
41271;201300045788;13;1;14;900;1;1;1;1.0;3;78;AUTOROUTE A104;M;4897010.0;250180.0;930
41272;201300045789;13;1;14;1715;3;1;1;1.0;4;500;A15;;;;950
41273;201300045790;13;1;14;1815;3;1;1;1.0;4;488;A15;;;;950
41274;201300045791;13;1;15;815;1;1;1;4.0;4;277;AUTOROUTE A3;M;4896990.0;248250.0;950
41275;201300045792;13;1;15;855;1;1;4;2.0;7;27;AUTOROUTE A1;M;4892990.0;236385.0;930
41276;201300045793;13;1;15;1200;1;1;1;2.0;7;27;AUTOROUTE A1;M;4893450.0;239758.0;930
41277;201300045794;13;1;15;1800;3;1;1;2.0;7;219;A115;;;;950
41278;201300045795;13;1;16;2300;4;1;1;1.0;2;66;AUTOROUTE A1;M;4892610.0;235682.0;930
41279;201300045796;13;1;17;730;2;1;1;1.0;2;582;A15;;;;950
41280;201300045797;13;1;17;1925;3;1;1;1.0;4;64;AUTOROUTE A86;M;4888390.0;246943.0;930
41281;201300045798;13;1;19;1030;1;1;1;4.0;2;29;AUTOROUTE A86;M;4892590.0;242274.0;930
41282;201300045799;13;1;20;1545;1;1;1;4.0;6;36;AUTOROUTE A86;;;;920
41283;201300045800;13;1;20;1650;1;1;1;4.0;6;18;A15;;;;950
41284;201300045801;13;1;21;630;2;1;1;4.0;3;641;AUTOROUTE A1;;;;950
41285;201300045802;13;1;21;1430;1;1;1;4.0;2;1;AUTOROUTE A86;M;4892080.0;237196.0;930
41286;201300045804;13;1;22;1700;1;1;1;1.0;2;8;AUTOROUTE A86;M;4890880.0;244962.0;930
41287;201300045805;13;1;23;845;1;1;1;1.0;4;527;AUTOROUTE A1;;;;950
41288;201300045806;13;1;23;1415;1;1;1;1.0;6;306;A15;;;;950
41289;201300045808;13;1;23;1830;5;1;1;2.0;3;6;AUTOROUTE A3;M;4886600.0;241584.0;930
41290;201300045809;13;1;23;1950;1;1;1;2.0;5;53;AUTOROUTE A3;M;4888350.0;245873.0;930
41291;201300045810;13;1;25;2125;4;1;1;1.0;2;494;AUTOROUTE A1;;;;600
41292;201300045811;13;1;25;2205;3;1;1;1.0;6;277;AUTOROUTE A104;M;4897330.0;248550.0;950
41293;201300045812;13;1;27;720;3;1;1;1.0;5;66;AUTOROUTE A1;M;4891930.0;235757.0;930
41294;201300045813;13;1;27;1300;1;1;1;2.0;7;27;AUTOROUTE A86;M;4892780.0;241018.0;930
41295;201300045814;13;1;27;1315;1;1;1;1.0;6;78;AUTOROUTE A86;;;;920
41296;201300045815;13;1;27;1530;1;1;1;1.0;4;66;AUTOROUTE A1;M;4893000.0;236410.0;930
41297;201300045816;13;1;28;5;4;1;1;1.0;7;78;AUTOROUTE A104;M;4896220.0;252323.0;930
41298;201300045818;13;1;28;1040;1;1;1;1.0;6;256;AUTOROUTE A115;;;;950
41299;201300045819;13;1;28;1545;1;1;1;1.0;3;582;A15;;;;950
41300;201300045820;13;1;28;1930;3;1;1;1.0;3;78;AUTOROUTE A104;M;4896380.0;255180.0;930
41301;201300045821;13;1;28;2330;3;1;1;1.0;6;39;AUTOROUTE A86;M;4892700.0;233466.0;930
41302;201300045822;13;1;30;1;4;1;1;2.0;2;5;AUTOROUTE A1;M;4896950.0;248134.0;930
41303;201300045823;13;1;30;630;2;1;1;2.0;3;18;A15;;;;950
41304;201300045824;13;1;30;830;1;1;1;2.0;3;218;A15;;;;950
41305;201300045825;13;1;30;1100;1;1;1;2.0;2;64;AUTOROUTE A86;M;4888670.0;247349.0;930
41306;201300045826;13;1;30;1340;1;1;1;2.0;6;8;AUTOROUTE A86;M;4891750.0;242915.0;930
41307;201300045827;13;1;30;1345;1;1;1;1.0;7;27;AUTOROUTE A1;M;4893450.0;239758.0;930
41308;201300045828;13;1;31;1810;1;1;1;1.0;3;8;AUTOROUTE A86;M;4891510.0;243067.0;930
41309;201300045829;13;2;1;600;3;1;1;3.0;3;66;AUTOROUTE A1;M;4892800.0;235755.0;930
41310;201300045830;13;2;1;600;5;1;1;2.0;2;580;AUTOROUTE A1;;;;950
41311;201300045831;13;2;1;1450;1;1;1;2.0;4;10;AUTOROUTE A3;M;4888930.0;247381.0;930
41312;201300045833;13;2;1;1810;3;1;1;2.0;4;27;AUTOROUTE A86;M;4892820.0;241686.0;930
41313;201300045834;13;2;2;950;1;1;1;1.0;3;27;AUTOROUTE A86;M;4892700.0;241981.0;930
41314;201300045836;13;2;2;1615;1;1;1;2.0;4;53;AUTOROUTE A86;M;4888930.0;247362.0;930
41315;201300045837;13;2;2;2050;4;1;1;2.0;7;10;AUTOROUTE A3;M;4888930.0;247381.0;930
41316;201300045838;13;2;2;2350;4;1;1;8.0;2;5;AUTOROUTE A1;M;4896890.0;248037.0;930
41317;201300045840;13;2;4;330;4;1;1;2.0;6;527;AUTOROUTE A3;;;;950
41318;201300045841;13;2;4;615;3;1;1;2.0;3;306;A15;;;;950
41319;201300045843;13;2;4;1645;1;1;1;1.0;3;7;AUTOROUTE A3;M;4892950.0;248137.0;930
41320;201300045844;13;2;4;1850;4;1;1;1.0;3;277;AUTOROUTE A104;M;4897320.0;248930.0;950
41321;201300045845;13;2;5;930;1;1;1;1.0;3;18;A15;;;;950
41322;201300045846;13;2;5;1200;1;1;1;1.0;7;6;AUTOROUTE A3;M;4886800.0;242761.0;930
41323;201300045847;13;2;5;1645;1;1;1;1.0;4;63;AUTOROUTE A3;M;4887850.0;244717.0;930
41324;201300045848;13;2;6;1000;1;1;1;1.0;6;394;RN 184;;;;950
41325;201300045849;13;2;6;1945;3;1;1;1.0;2;66;AUTOROUTE A1;M;4890430.0;235870.0;930
41326;201300045850;13;2;7;1715;2;1;1;1.0;2;63;AUTOROUTE A3;M;4887790.0;244592.0;930
41327;201300045851;13;2;7;1915;3;1;1;1.0;2;18;A15;;;;950
41328;201300045852;13;2;7;2009;3;1;1;1.0;6;394;RN  184;;;;950
41329;201300045853;13;2;8;730;3;1;1;1.0;5;252;A15;;;;950
41330;201300045854;13;2;8;820;1;1;1;1.0;3;8;AUTOROUTE A86;M;4889860.0;246958.0;930
41331;201300045855;13;2;8;910;1;1;1;1.0;3;7;AUTOROUTE A1;M;4894930.0;244679.0;930
41332;201300045856;13;2;8;1000;1;1;1;1.0;6;78;AUTOROUTE A104;M;4896560.0;251719.0;930
41333;201300045857;13;2;8;1855;4;1;1;2.0;7;6;AUTOROUTE A3;M;4886580.0;241719.0;930
41334;201300045858;13;2;9;1805;4;1;1;1.0;5;6;AUTOROUTE A3;M;4886590.0;242125.0;930
41335;201300045859;13;2;9;2140;5;1;1;1.0;7;572;A15;;;;950
41336;201300045861;13;2;10;600;3;1;1;1.0;3;505;AUTOROUTE A1;;;;600
41337;201300045862;13;2;10;1535;1;1;1;3.0;2;36;AUTOROUTE A15;;;;920
41338;201300045863;13;2;10;2015;3;1;1;4.0;3;78;AUTOROUTE A104;M;4895820.0;252845.0;930
41339;201300045864;13;2;12;1005;1;1;1;1.0;2;64;AUTOROUTE A86;M;4887720.0;247758.0;930
41340;201300045865;13;2;12;1410;1;1;1;1.0;6;5;AUTOROUTE A3;M;4894630.0;247621.0;930
41341;201300045867;13;2;13;2000;3;1;1;1.0;3;27;AUTOROUTE A86;M;4892850.0;241392.0;930
41342;201300045868;13;2;14;845;1;1;1;2.0;7;66;AUTOROUTE A86;M;4892210.0;235877.0;930
41343;201300045870;13;2;14;915;1;1;1;2.0;6;5;AUTOROUTE A104;;;;930
41344;201300045871;13;2;14;1220;1;1;1;2.0;6;582;A15;;;;950
41345;201300045873;13;2;14;1700;1;1;1;1.0;6;572;A15;;;;950
41346;201300045874;13;2;15;730;2;1;1;1.0;6;64;AUTOROUTE A3;M;4888390.0;246681.0;930
41347;201300045875;13;2;15;910;1;1;1;1.0;7;78;AUTOROUTE A104;M;4895800.0;253089.0;930
41348;201300045877;13;2;15;2015;3;1;1;1.0;2;6;A3;M;4886630.0;241456.0;930
41349;201300045879;13;2;18;700;2;1;1;1.0;3;582;A15;;;;950
41350;201300045880;13;2;18;2100;3;1;1;1.0;7;612;;;;;600
41351;201300045881;13;2;19;400;3;1;1;1.0;6;6;AUTOROUTE A3;M;4886800.0;242761.0;930
41352;201300045882;13;2;19;830;1;1;1;1.0;6;36;AUTOROUTE A86;;;;920
41353;201300045883;13;2;19;1020;1;1;1;1.0;5;66;AUTOROUTE A1;M;4892990.0;236350.0;930
41354;201300045884;13;2;19;1330;1;1;1;1.0;3;612;;;;;600
41355;201300045886;13;2;20;1130;1;1;1;1.0;4;36;AUTOROUTE A15;;;;920
41356;201300045887;13;2;20;1700;1;1;1;1.0;5;10;AUTOROUTE A3;M;4888950.0;247391.0;930
41357;201300045888;13;2;21;1030;1;1;1;1.0;3;394;ROUTE NATIONALE 184;;;;950
41358;201300045889;13;2;22;1630;1;1;1;1.0;4;78;AUTOROUTE A104;M;4895870.0;253475.0;930
41359;201300045890;13;2;23;715;1;1;1;1.0;7;572;AUTOROUTE A15;;;;950
41360;201300045891;13;2;23;2040;3;1;1;1.0;6;64;AUTOROUTE A86;M;4887090.0;248220.0;930
41361;201300045892;13;2;24;630;3;1;1;4.0;6;527;AUTOROUTE A3;;;;950
41362;201300045893;13;2;24;800;1;1;1;4.0;5;527;AUTOROUTE A3;;;;950
41363;201300045894;13;2;24;1500;1;1;1;4.0;2;488;A15;;;;950
41364;201300045895;13;2;25;810;1;1;1;4.0;3;582;A15;;;;950
41365;201300045896;13;2;26;2320;3;1;1;2.0;7;6;AUTOROUTE A3;M;4886430.0;241359.0;930
41366;201300045897;13;2;27;2110;3;1;1;1.0;6;572;ROUTE NATIONALE 184;;;;950
41367;201300045899;13;2;28;1500;1;1;1;1.0;2;5;AUTOROUTE A3;M;4894980.0;247461.0;930
41368;201300045900;13;2;28;1650;1;1;1;1.0;4;78;AUTOROUTE A86;;;;920
41369;201300045901;13;2;28;1745;1;1;1;1.0;6;42;RN 104;;;;950
41370;201300045902;13;2;28;1710;1;1;1;1.0;3;27;AUTOROUTE A86;M;4892570.0;239669.0;930
41371;201300045903;13;3;1;900;1;1;1;1.0;3;66;AUTOROUTE A1;;;;930
41372;201300045904;13;3;1;940;1;1;1;1.0;4;18;A15;;;;950
41373;201300045905;13;3;2;1645;1;1;1;8.0;3;1;AUTOROUTE A86;M;4892130.0;237563.0;930
41374;201300045906;13;3;3;945;1;1;1;1.0;6;64;AUTOROUTE A3;M;4888420.0;247028.0;930
41375;201300045908;13;3;4;2045;3;1;1;1.0;4;6;AUTOROUTE A3;;;;930
41376;201300045909;13;3;4;1615;1;1;1;1.0;4;241;RN 104;;;;950
41377;201300045910;13;3;5;1545;1;1;1;1.0;6;29;AUTOROUTE A86;;;;930
41378;201300045911;13;3;6;905;1;1;1;1.0;4;36;AUTOROUTE A86;;;;920
41379;201300045912;13;3;7;1515;1;1;1;1.0;6;7;AUTOROUTE A3;;;;930
41380;201300045913;13;3;8;1255;1;1;1;2.0;6;78;AUTOROUTE A104;;;;930
41381;201300045914;13;3;8;1720;1;1;1;2.0;7;5;AUTOROUTE A3;;;;930
41382;201300045915;13;3;9;1900;2;1;1;1.0;7;277;A104;M;4897270.0;248710.0;950
41383;201300045916;13;3;9;2200;4;1;1;1.0;6;394;ROUTE NATIONALE 184;;;;950
41384;201300045917;13;3;9;2245;3;1;1;1.0;3;78;AUTOROUTE A104;;;;930
41385;201300045918;13;3;11;2145;3;1;1;4.0;7;42;RN 104;;;;950
41386;201300045919;13;3;12;600;3;1;1;4.0;2;219;A115;;;;950
41387;201300045920;13;3;12;1445;1;1;1;4.0;3;582;A115;;;;950
41388;201300045921;13;3;12;1550;1;1;1;2.0;3;8;AUTOROUTE A86;;;;930
41389;201300045922;13;3;12;1610;1;1;1;4.0;6;64;AUTOROUTE A86;;;;930
41390;201300045923;13;3;12;1845;1;1;1;4.0;5;527;A3;;;;950
41391;201300045924;13;3;13;1050;1;1;1;2.0;7;582;A15;;;;950
41392;201300045925;13;3;14;1040;1;1;1;1.0;4;8;AUTOROUTE A86;M;4890650.0;245851.0;930
41393;201300045926;13;3;14;1030;1;1;1;1.0;4;8;AUTOROUTE A86;;;;930
41394;201300045927;13;3;14;1355;1;1;1;1.0;3;64;AUTOROUTE A86;;;;930
41395;201300045928;13;3;15;924;1;1;1;1.0;3;66;AUTOROUTE A1;;;;930
41396;201300045929;13;3;15;1100;1;1;1;1.0;3;64;AUTOROUTE A86;;;;930
41397;201300045930;13;3;17;1630;1;1;1;2.0;7;78;AUTOROUTE A104;M;4896040.0;252598.0;930
41398;201300045931;13;3;17;2120;4;1;1;2.0;7;36;AUTOROUTE A15;;;;920
41399;201300045932;13;3;18;730;1;1;1;1.0;5;582;RD 170;M;4896490.0;226990.0;950
41400;201300045933;13;3;18;1230;1;1;1;1.0;2;60;A115;;;;950
41401;201300045934;13;3;19;800;1;1;1;1.0;2;219;A115;;;;950
41402;201300045935;13;3;24;2145;3;1;1;2.0;5;53;AUTOROUTE A3;M;4888380.0;246682.0;930
41403;201300045936;13;3;22;1415;1;1;1;1.0;2;6;AUTOROUTE A3;M;4887010.0;243030.0;930
41404;201300045937;13;3;22;1800;1;1;1;1.0;4;64;AUTOROUTE A86;M;4888390.0;246943.0;930
41405;201300045938;13;3;23;2010;3;1;1;1.0;2;36;AUTOROUTE A86;;;;920
41406;201300045939;13;3;24;1640;1;1;1;1.0;6;678;RN 104;;;;950
41407;201300045940;13;3;25;1655;1;1;1;1.0;7;10;AUTOROUTE A3;;;;930