;Num_Acc;an;mois;jour;hrmn;lum;agg;int;atm;col;com;adr;gps;lat;long;dep
41408;201300045941;13;3;25;1740;1;1;1;1.0;3;78;AUTOROUTE A104;M;4895850.0;253348.0;930
41409;201300045942;13;3;25;1715;1;1;1;1.0;2;252;A15;;;;950
41410;201300045943;13;3;26;800;1;1;1;1.0;4;527;AUTOROUTE A3;;;;950
41411;201300045944;13;3;26;1245;1;1;1;1.0;3;64;AUTOROUTE A86;M;4887470.0;247917.0;930
41412;201300045945;13;3;26;2240;3;1;1;1.0;6;572;A15;;;;950
41413;201300045946;13;3;27;1545;1;1;1;1.0;6;277;A104;M;4897360.0;248610.0;950
41414;201300045947;13;3;28;830;1;1;1;1.0;2;5;AUTOROUTE A3;M;4894630.0;247621.0;930
41415;201300045948;13;3;28;850;1;1;1;1.0;5;6;AUTOROUTE A3;M;4886690.0;242545.0;930
41416;201300045949;13;3;29;1100;1;1;1;1.0;6;641;A1;;;;950
41417;201300045950;13;3;29;800;1;1;1;1.0;6;572;A15;;;;950
41418;201300045951;13;3;29;1000;1;1;1;1.0;6;29;AUTOROUTE A86;M;4892680.0;242037.0;930
41419;201300045952;13;3;30;1445;1;1;1;1.0;6;61;RN 104;;;;950
41420;201300045953;13;4;2;1300;1;1;1;1.0;7;491;A115;;;;950
41421;201300045954;13;4;3;1640;1;1;1;1.0;7;151;RN 104;;;;950
41422;201300045955;13;4;4;730;1;1;1;1.0;6;631;AUTOROUTE A1;;;;600
41423;201300045956;13;4;4;940;1;1;1;1.0;3;6;AUTOROUTE A3;M;4886590.0;242125.0;930
41424;201300045957;13;4;5;1430;1;1;1;1.0;2;488;A15;;;;950
41425;201300045958;13;4;5;1500;1;1;1;1.0;3;27;AUTOROUTE A1;M;4893820.0;241449.0;930
41426;201300045959;13;4;5;1545;1;1;1;1.0;6;10;AUTOROUTE A3;M;4888950.0;247391.0;930
41427;201300045960;13;4;5;1645;1;1;1;1.0;2;678;ROUTE NATIONALE 184;;;;950
41428;201300045961;13;4;5;1830;1;1;1;1.0;3;18;A15;;;;950
41429;201300045962;13;4;6;130;3;1;1;1.0;7;252;A15;;;;950
41430;201300045964;13;4;6;1950;1;1;1;1.0;5;66;AUTOROUTE A1;M;4890960.0;235810.0;930
41431;201300045965;13;4;7;1640;1;1;1;1.0;5;27;AUTOROUTE A86;M;4892570.0;239669.0;930
41432;201300045966;13;4;8;600;3;1;1;1.0;6;252;A115;;;;950
41433;201300045967;13;4;8;1745;1;1;1;1.0;3;256;A115;;;;950
41434;201300045968;13;4;8;1815;1;1;1;1.0;2;48;AUTOROUTE A3;M;4887370.0;243705.0;930
41435;201300045969;13;4;8;2000;1;1;1;1.0;5;678;ROUTE NATIONALE 184;;;;950
41436;201300045970;13;4;9;830;1;1;1;2.0;5;66;AUTOROUTE A1;M;4893390.0;238340.0;930
41437;201300045971;13;4;9;1025;1;1;1;1.0;4;13;AUTOROUTE A1;M;4893870.0;241625.0;930
41438;201300045972;13;4;9;1530;1;1;1;2.0;3;64;AUTOROUTE A86;M;4887090.0;248220.0;930
41439;201300045973;13;4;9;1915;1;1;1;1.0;2;7;AUTOROUTE A3;M;4892930.0;248119.0;930
41440;201300045974;13;4;10;700;2;1;1;1.0;3;64;AUTOROUTE A86;M;4888090.0;247506.0;930
41441;201300045975;13;4;10;920;1;1;1;1.0;3;394;A115;;;;950
41442;201300045976;13;4;10;1130;1;1;1;1.0;3;572;A15;M;4903040.0;212760.0;950
41443;201300045977;13;4;11;720;1;1;1;1.0;7;607;A115;M;4901390.0;221910.0;950
41444;201300045978;13;4;11;1145;1;1;1;1.0;2;66;AUTOROUTE A1;M;4890610.0;235836.0;930
41445;201300045979;13;4;12;740;1;1;1;1.0;2;582;A15;;;;950
41446;201300045980;13;4;12;1900;1;1;1;2.0;6;1;AUTOROUTE A86;M;4892100.0;237188.0;930
41447;201300045982;13;4;14;700;2;1;1;1.0;6;252;A115;;;;950
41448;201300045983;13;4;14;1755;1;1;1;1.0;2;10;AUTOROUTE A3;M;4888950.0;247391.0;930
41449;201300045984;13;4;14;2050;2;1;1;1.0;7;218;A15;M;4903470.0;209920.0;950
41450;201300045985;13;4;14;2200;4;1;1;1.0;6;394;ROUTE NATIONALE 184;;;;950
41451;201300045986;13;4;15;350;3;1;1;1.0;6;527;AUTOROUTE A3;;;;950
41452;201300045987;13;4;15;420;5;1;1;1.0;3;66;AUTOROUTE A1;M;4890960.0;235810.0;930
41453;201300045988;13;4;15;1010;1;1;1;1.0;2;1;AUTOROUTE A86;M;4892100.0;237188.0;930
41454;201300045990;13;4;16;1230;1;1;1;1.0;3;64;AUTOROUTE A86;M;4886810.0;248216.0;930
41455;201300045991;13;4;15;1540;1;1;1;1.0;4;27;AUTOROUTE A86;M;4892780.0;241018.0;930
41456;201300045992;13;4;15;1910;1;1;1;1.0;4;5;AUTOROUTE A3;M;4895190.0;247409.0;930
41457;201300045993;13;4;16;200;4;1;1;1.0;2;563;A115;;;;950
41458;201300045994;13;4;16;650;1;1;1;1.0;2;494;;;;;600
41459;201300045995;13;4;16;1430;1;1;1;1.0;4;66;AUTOROUTE A1;M;4891930.0;235757.0;930
41460;201300045996;13;4;17;1135;1;1;1;1.0;2;66;AUTOROUTE A1;M;4891740.0;235752.0;930
41461;201300045997;13;4;17;1200;1;1;1;1.0;4;10;AUTOROUTE A3;M;4888930.0;247381.0;930
41462;201300045998;13;4;18;1220;1;1;1;1.0;3;36;AUTOROUTE A15;;;;920
41463;201300046000;13;4;19;715;1;1;1;1.0;6;256;ROUTE NATIONALE 184;;;;950
41464;201300046001;13;4;19;1725;1;1;1;2.0;3;78;AUTOROUTE A86;;;;920
41465;201300046002;13;4;19;2025;1;1;1;1.0;6;53;AUTOROUTE A3;M;4888350.0;245873.0;930
41466;201300046003;13;4;19;2315;3;1;1;1.0;2;500;A15;M;4903970.0;208480.0;950
41467;201300046004;13;4;20;645;2;1;1;1.0;2;64;AUTOROUTE A86;M;4887090.0;248220.0;930
41468;201300046005;13;4;20;1400;1;1;1;1.0;2;10;AUTOROUTE A86;M;4889280.0;247286.0;930
41469;201300046006;13;4;21;1505;1;1;1;1.0;2;66;AUTOROUTE A1;M;4892650.0;235699.0;930
41470;201300046007;13;4;21;1900;1;1;1;1.0;2;18;AUTOROUTE A15;;;;950
41471;201300046009;13;4;23;910;1;1;1;1.0;3;6;AUTOROUTE A3;M;4886640.0;241321.0;930
41472;201300046010;13;4;24;830;1;1;1;1.0;2;582;A15;;;;950
41473;201300046011;13;4;24;1050;1;1;1;1.0;6;555;RD 170;M;4897090.0;227550.0;950
41474;201300046012;13;4;24;1515;1;1;1;7.0;6;66;AUTOROUTE A1;M;4893000.0;236410.0;930
41475;201300046013;13;4;24;1800;1;1;1;7.0;4;572;ROUTE NATIONALE 184;;;;950
41476;201300046014;13;4;24;1815;1;1;1;1.0;3;10;AUTOROUTE A86;M;4889310.0;247228.0;930
41477;201300046015;13;4;24;1805;1;1;1;1.0;6;78;AUTOROUTE A104;M;4895820.0;253220.0;930
41478;201300046016;13;4;25;830;1;1;1;1.0;2;6;AUTOROUTE A3;M;4886430.0;241359.0;930
41479;201300046017;13;4;25;800;1;1;1;1.0;6;36;AUTOROUTE A15;;;;920
41480;201300046019;13;4;25;850;1;1;1;1.0;7;48;AUTOROUTE A3;M;4887310.0;243544.0;930
41481;201300046020;13;4;26;1725;1;1;1;2.0;3;10;AUTOROUTE A3;M;4888930.0;247381.0;930
41482;201300046021;13;4;26;1815;1;1;1;2.0;3;10;AUTOROUTE A3;M;4888650.0;247370.0;930
41483;201300046022;13;4;27;210;3;1;1;1.0;2;424;AUTOROUTE A15;;;;950
41484;201300046023;13;4;27;1045;1;1;1;1.0;6;29;AUTOROUTE A86;M;4892610.0;242240.0;930
41485;201300046024;13;4;29;735;1;1;1;1.0;6;678;ROUTE NATIONALE 184;;;;950
41486;201300046025;13;4;29;810;1;1;1;1.0;3;582;A15;;;;950
41487;201300046026;13;4;29;1845;1;1;1;1.0;3;66;AUTOROUTE A86;M;4892210.0;235877.0;930
41488;201300046027;13;4;30;1045;1;1;1;1.0;3;66;AUTOROUTE A86;M;4892170.0;236558.0;930
41489;201300046028;13;5;1;1650;1;1;1;2.0;3;582;A15;;;;950
41490;201300046029;13;5;1;2210;3;1;1;1.0;5;27;AUTOROUTE A86;M;4892340.0;238362.0;930
41491;201300046030;13;5;1;2300;3;1;1;1.0;6;555;BD INTERCOMMUNAL PARISIS;M;4897170.0;227610.0;950
41492;201300046031;13;5;2;1210;1;1;1;1.0;3;64;AUTOROUTE A3;M;4888390.0;246681.0;930
41493;201300046032;13;5;2;1600;1;1;1;1.0;3;5;AUTOROUTE A3;M;4894670.0;247628.0;930
41494;201300046033;13;5;3;1245;1;1;1;1.0;3;61;RN 104;;;;950
41495;201300046034;13;5;3;1700;1;1;1;1.0;7;10;AUTOROUTE A3;M;4888650.0;247370.0;930
41496;201300046035;13;5;3;1840;1;1;1;1.0;2;641;AUTOROUTE A1;;;;950
41497;201300046036;13;5;3;1900;1;1;1;1.0;4;64;AUTOROUTE A103;M;4888680.0;247723.0;930
41498;201300046037;13;5;4;730;2;1;1;1.0;7;5;AUTOROUTE A3;M;4895190.0;247409.0;930
41499;201300046038;13;5;4;750;1;1;1;1.0;2;1;AUTOROUTE A86;M;4892080.0;237196.0;930
41500;201300046039;13;5;5;350;4;1;1;1.0;7;78;AUTOROUTE A104;M;4896020.0;252590.0;930
41501;201300046041;13;5;5;1900;1;1;1;1.0;6;18;A15;;;;950
41502;201300046042;13;5;7;1820;1;1;1;1.0;4;394;ROUTE NATIONALE 184;;;;950
41503;201300046043;13;5;8;720;1;1;1;1.0;2;641;AUTOROUTE A1;;;;950
41504;201300046044;13;5;8;930;1;1;1;3.0;6;36;AUTOROUTE A15;;;;920
41505;201300046045;13;5;8;1030;1;1;1;2.0;6;27;AUTOROUTE A86;M;4892570.0;239669.0;930
41506;201300046046;13;5;8;1130;1;1;1;2.0;6;277;AUTOROUTE A104;M;4897350.0;248580.0;950
41507;201300046047;13;5;8;1445;1;1;1;1.0;6;53;AUTOROUTE A103-;M;4890970.0;235828.0;930
41508;201300046048;13;5;8;1500;1;1;1;2.0;7;53;AUTOROUTE A103-;M;4890970.0;235828.0;930
41509;201300046049;13;5;8;2235;4;1;1;1.0;3;582;AUTOROUTE A15;;;;950
41510;201300046050;13;5;10;1240;1;1;1;1.0;6;252;AUTOROUTE A15;;;;950
41511;201300046051;13;5;11;830;1;1;1;1.0;7;18;AUTOROUTE A15;;;;950
41512;201300046053;13;5;11;1550;1;1;1;1.0;3;580;AUTOROUTE A1;;;;950
41513;201300046054;13;5;12;245;4;1;1;1.0;6;241;;;;;600
41514;201300046056;13;5;13;430;3;1;1;1.0;5;488;AUTOROUTE A15;;;;950
41515;201300046057;13;5;13;1330;1;1;1;1.0;3;64;AUTOROUTE A3-;M;4888390.0;246681.0;930
41516;201300046059;13;5;13;2220;3;1;1;1.0;7;66;AUTOROUTE A1-;M;4893370.0;238033.0;930
41517;201300046061;13;5;14;1805;1;1;1;1.0;7;5;AUTOROUTE A1-;M;4896070.0;246789.0;930
41518;201300046062;13;5;15;1100;1;1;1;1.0;3;63;AUTOROUTE A3-;M;4888140.0;245383.0;930
41519;201300046063;13;5;15;1515;1;1;1;1.0;3;277;AUTOROUTE A3;M;4896980.0;248130.0;950
41520;201300046064;13;5;15;1945;1;1;1;1.0;2;8;AUTOROUTE A86-;M;4890860.0;245013.0;930
41521;201300046065;13;5;16;830;1;1;1;2.0;2;582;A15;;;;950
41522;201300046066;13;5;16;950;1;1;1;1.0;2;63;AUTOROUTE A3-;M;4887690.0;244323.0;930
41523;201300046068;13;5;18;1210;1;1;1;1.0;4;5;AUTOROUTE A3-;M;4895010.0;247470.0;930
41524;201300046069;13;5;18;1200;1;1;1;1.0;2;8;AUTOROUTE A86-;M;4889370.0;247243.0;930
41525;201300046070;13;5;18;2140;3;1;1;2.0;5;64;AUTOROUTE A86-;M;4887950.0;247584.0;930
41526;201300046071;13;5;18;2145;3;1;1;1.0;5;64;AUTOROUTE A86-;M;4887780.0;247693.0;930
41527;201300046072;13;5;19;155;3;1;1;1.0;6;394;ROUTE NATIONALE 184;;;;950
41528;201300046074;13;5;19;915;1;1;1;2.0;6;8;AUTOROUTE A86-;M;4891260.0;243728.0;930
41529;201300046075;13;5;19;1020;1;1;1;1.0;6;27;AUTOROUTE A86-;M;4892560.0;239692.0;930
41530;201300046076;13;5;19;1840;1;1;1;2.0;3;582;A15;;;;950
41531;201300046077;13;5;19;1945;1;1;1;2.0;7;27;AUTOROUTE A1-;M;4893450.0;239693.0;930
41532;201300046078;13;5;19;2235;3;1;1;2.0;4;66;AUTOROUTE A86-;M;4892180.0;236423.0;930
41533;201300046079;13;5;20;800;1;1;1;2.0;6;27;AUTOROUTE A1-;M;4893450.0;239758.0;930
41534;201300046080;13;5;20;900;1;1;1;2.0;6;1;AUTOROUTE A86-;M;4892080.0;237196.0;930
41535;201300046081;13;5;20;1020;1;1;1;2.0;6;27;AUTOROUTE A86-;M;4892340.0;238362.0;930
41536;201300046082;13;5;20;1500;1;1;1;2.0;6;6;AUTOROUTE A3-;M;4886990.0;243040.0;930
41537;201300046083;13;5;20;1650;1;1;1;2.0;7;277;A104;M;4897280.0;248720.0;950
41538;201300046084;13;5;20;1815;1;1;1;2.0;3;66;AUTOROUTE A1-;M;4891900.0;235742.0;930
41539;201300046085;13;5;20;1840;1;1;1;3.0;7;256;ROUTE NATIONALE 184;;;;950
41540;201300046086;13;5;20;1855;1;1;1;2.0;7;78;AUTOROUTE A104-;M;4895820.0;252845.0;930
41541;201300046087;13;5;20;2140;2;1;1;3.0;6;678;ROUTE NATIONALE 184;;;;950
41542;201300046088;13;5;21;845;1;1;1;2.0;6;424;A15;;;;950
41543;201300046089;13;5;21;1050;1;1;1;2.0;3;252;A15;;;;950
41544;201300046090;13;5;21;1100;1;1;1;3.0;6;78;AUTOROUTE A104-;M;4895820.0;252845.0;930
41545;201300046091;13;5;21;1130;1;1;1;3.0;6;27;AUTOROUTE A1-;M;4893450.0;239693.0;930
41546;201300046092;13;5;21;1430;1;1;1;2.0;3;252;A15;;;;950
41547;201300046093;13;5;21;1600;1;1;1;8.0;6;256;ROUTE NATIONALE 184;;;;950
41548;201300046094;13;5;21;1730;1;1;1;8.0;6;256;ROUTE NATIONALE 184;;;;950
41549;201300046095;13;5;21;2050;1;1;1;8.0;6;151;RN 104;;;;950
41550;201300046096;13;5;21;2220;3;1;1;2.0;3;252;AUTOROUTE A15;;;;950
41551;201300046097;13;5;22;945;1;1;1;1.0;5;66;AUTOROUTE A86-;M;4892360.0;234268.0;930
41552;201300046098;13;5;22;1630;1;1;1;8.0;3;582;A 115;;;;950
41553;201300046099;13;5;23;735;1;1;1;1.0;2;66;AUTOROUTE A1-;M;4892340.0;235708.0;930
41554;201300046100;13;5;23;905;1;1;1;1.0;5;582;A15;;;;950
41555;201300046102;13;5;23;1510;1;1;1;1.0;2;66;AUTOROUTE A1-;M;4893170.0;237055.0;930
41556;201300046103;13;5;23;1530;1;1;1;2.0;6;527;AUTOROUTE A3;;;;950
41557;201300046104;13;5;23;1730;1;1;1;3.0;2;36;AUTOROUTE A86;;;;920
41558;201300046106;13;5;24;1244;1;1;1;1.0;3;572;A15;;;;950
41559;201300046107;13;5;24;1530;1;1;1;2.0;6;27;AUTOROUTE A1-;M;4893450.0;239758.0;930
41560;201300046108;13;5;24;1615;1;1;1;2.0;6;572;ROUTE NATIONALE 184;;;;950
41561;201300046109;13;5;24;1810;1;1;1;1.0;6;64;AUTOROUTE A86-;M;4888220.0;247239.0;930
41562;201300046110;13;5;25;850;1;1;1;1.0;6;203;BD INTERCOMMUNAL PARISIS;M;4897740.0;228670.0;950
41563;201300046111;13;5;25;1250;1;1;1;1.0;6;53;AUTOROUTE A3-;M;4888350.0;245834.0;930
41564;201300046112;13;5;25;1330;1;1;1;1.0;3;10;AUTOROUTE A3-;M;4888930.0;247381.0;930
41565;201300046113;13;5;25;1600;1;1;1;1.0;7;5;AUTOROUTE A1-;M;4896060.0;246797.0;930
41566;201300046114;13;5;25;2100;2;1;1;1.0;2;7;AUTOROUTE A1-;M;4894800.0;244465.0;930
41567;201300046115;13;5;26;245;3;1;1;1.0;7;682;RN 104;;;;950
41568;201300046116;13;5;26;440;3;1;1;1.0;7;6;AUTOROUTE A3-;M;4886780.0;242772.0;930
41569;201300046117;13;5;26;810;1;1;1;1.0;6;78;AUTOROUTE A104-;M;4896220.0;252323.0;930
41570;201300046118;13;5;26;1935;2;1;1;1.0;4;13;AUTOROUTE A1-;M;4893880.0;241706.0;930
41571;201300046119;13;5;26;2300;3;1;1;1.0;5;66;AUTOROUTE A86-;M;4892360.0;234268.0;930
41572;201300046120;13;5;27;600;1;1;1;1.0;7;36;AUTOROUTE A15;;;;920
41573;201300046122;13;5;27;1030;1;1;1;1.0;2;39;AUTOROUTE A86-;M;4892670.0;233675.0;930
41574;201300046123;13;5;28;5;3;1;1;1.0;7;66;AUTOROUTE A1-;M;4893390.0;238440.0;930
41575;201300046124;13;5;28;1020;1;1;1;2.0;7;582;A15;;;;950
41576;201300046125;13;5;28;1818;1;1;1;2.0;3;63;AUTOROUTE A3-;M;4887580.0;244149.0;930
41577;201300046126;13;5;29;840;1;1;1;1.0;2;66;AUTOROUTE A86-;M;4892230.0;235873.0;930
41578;201300046127;13;5;29;645;1;1;1;1.0;7;5;AUTOROUTE A3-;M;4896550.0;247467.0;930
41579;201300046128;13;5;29;1830;1;1;1;8.0;6;8;AUTOROUTE A86-;;;;930
41580;201300046129;13;5;29;1920;1;1;1;1.0;6;6;AUTOROUTE A3-;M;4886450.0;241293.0;930
41581;201300046130;13;5;30;930;1;1;1;1.0;2;10;AUTOROUTE A3-;M;4888930.0;247381.0;930
41582;201300046131;13;5;30;1745;1;1;1;3.0;6;27;AUTOROUTE A86-;;;;930
41583;201300046132;13;5;30;1808;1;1;1;2.0;6;394;ROUTE NATIONALE 184;;;;950
41584;201300046133;13;5;30;1920;1;1;1;2.0;3;18;A15;;;;950
41585;201300046134;13;5;31;945;1;1;1;1.0;6;8;AUTOROUTE A86-;;;;930
41586;201300046135;13;5;31;1700;1;1;1;1.0;2;29;AUTOROUTE A86-;M;4892590.0;242274.0;930
41587;201300046137;13;6;2;405;3;1;1;1.0;6;306;A15;;;;950
41588;201300046138;13;6;2;755;1;1;1;1.0;5;66;AUTOROUTE A1;M;4891660.0;235776.0;930
41589;201300046139;13;6;2;1625;1;1;1;1.0;2;306;A15;;;;950
41590;201300046140;13;6;3;45;3;1;1;1.0;2;527;AUTOROUTE A3;;;;950
41591;201300046142;13;6;4;1415;1;1;1;1.0;7;241;RN 104;;;;950
41592;201300046143;13;6;4;1845;1;1;1;7.0;6;563;A115;;;;950
41593;201300046144;13;6;4;1915;1;1;1;1.0;2;27;AUTOROUTE A86;M;4892340.0;238362.0;930
41594;201300046145;13;6;4;2230;3;1;1;1.0;3;64;AUTOROUTE A86;M;4887090.0;248220.0;930
41595;201300046147;13;6;5;1100;1;1;1;1.0;2;78;AUTOROUTE A104;M;4896440.0;255317.0;930
41596;201300046149;13;6;6;730;1;1;1;1.0;4;48;AUTOROUTE A3;M;4887310.0;243544.0;930
41597;201300046150;13;6;6;1520;1;1;1;7.0;5;241;RN 104;;;;950
41598;201300046151;13;6;7;320;3;1;1;1.0;6;66;AUTOROUTE A1;M;4892340.0;235708.0;930
41599;201300046152;13;6;7;800;1;1;1;1.0;6;66;AUTOROUTE A86;M;4892170.0;236558.0;930
41600;201300046153;13;6;7;1745;1;1;1;1.0;6;63;AUTOROUTE A3;M;4887470.0;243926.0;930
41601;201300046154;13;6;7;2150;1;1;1;1.0;6;53;AUTOROUTE A3;M;4888390.0;246134.0;930
41602;201300046155;13;6;8;200;4;1;1;1.0;6;252;A115;;;;950
41603;201300046156;13;6;8;1745;1;1;1;1.0;4;78;AUTOROUTE A104;M;4896130.0;254373.0;930
41604;201300046157;13;6;8;2040;1;1;1;1.0;4;18;A15;;;;950
41605;201300046159;13;6;9;700;2;1;1;2.0;7;394;ROUTE NATIONALE 184;;;;950
41606;201300046160;13;6;9;1235;1;1;1;1.0;6;277;BD INTERCOMMUNAL PARISIS;M;4897520.0;248480.0;950
41607;201300046161;13;6;10;20;3;1;1;2.0;6;5;AUTOROUTE A1;M;4896070.0;246789.0;930
41608;201300046162;13;6;10;1930;1;1;1;1.0;7;8;AUTOROUTE A86;M;4889890.0;246927.0;930
41609;201300046164;13;6;11;910;1;1;1;1.0;2;256;ROUTE NATIONALE 184;;;;950
41610;201300046165;13;6;11;1100;1;1;1;1.0;7;53;AUTOROUTE A103;M;4891000.0;235809.0;930
41611;201300046166;13;6;11;1230;1;1;1;1.0;7;252;A15;;;;950
41612;201300046167;13;6;12;710;1;1;1;1.0;3;29;AUTOROUTE A86;M;4892610.0;242240.0;930
41613;201300046168;13;6;12;1600;1;1;1;2.0;7;277;A104;M;4897320.0;248850.0;950
41614;201300046169;13;6;12;1830;1;1;1;1.0;7;60;A115;;;;950
41615;201300046170;13;6;13;1645;1;1;1;3.0;6;527;AUTOROUTE A1;;;;950
41616;201300046171;13;6;13;2010;1;1;1;1.0;6;572;ROUTE NATIONALE 184;;;;950
41617;201300046174;13;6;14;1900;1;1;1;1.0;3;27;AUTOROUTE A1;M;4893400.0;238476.0;930
41618;201300046176;13;6;14;2040;1;1;1;1.0;2;18;A15;;;;950
41619;201300046177;13;6;15;50;3;1;1;1.0;2;64;AUTOROUTE A86;M;4888360.0;247155.0;930
41620;201300046178;13;6;15;130;5;1;1;1.0;2;66;AUTOROUTE A1;M;4893390.0;238390.0;930
41621;201300046179;13;6;14;1600;1;1;1;1.0;6;7;AUTOROUTE A1;M;4894740.0;244358.0;930
41622;201300046180;13;6;15;2015;1;1;1;1.0;2;277;AUTOROUTE A104;M;4897350.0;248580.0;950
41623;201300046182;13;6;16;955;1;1;1;1.0;4;36;AUTOROUTE A15;;;;920
41624;201300046185;13;6;16;2010;1;1;1;1.0;2;5;AUTOROUTE A3;M;4894590.0;247642.0;930
41625;201300046186;13;6;18;615;1;1;1;1.0;4;582;A15;;;;950
41626;201300046187;13;6;18;930;1;1;1;1.0;2;219;A115;;;;950
41627;201300046188;13;6;18;1045;1;1;1;1.0;6;27;AUTOROUTE A1;M;4893450.0;239758.0;930
41628;201300046189;13;6;18;1730;1;1;1;1.0;2;29;AUTOROUTE A86;M;4892360.0;242681.0;930
41629;201300046190;13;6;19;930;1;1;1;2.0;6;10;AUTOROUTE A3;M;4888930.0;247381.0;930
41630;201300046191;13;6;19;1255;1;1;1;1.0;6;527;AUTOROUTE A3;;;;950
41631;201300046192;13;6;20;500;3;1;1;2.0;6;582;A115;;;;950
41632;201300046193;13;6;20;925;1;1;1;2.0;4;252;A15;;;;950
41633;201300046194;13;6;20;1020;1;1;1;1.0;3;491;A115;;;;950
41634;201300046195;13;6;21;915;1;1;1;1.0;3;28;RN 104;;;;950
41635;201300046196;13;6;21;1725;1;1;1;1.0;6;66;AUTOROUTE A1;M;4893170.0;237055.0;930
41636;201300046197;13;6;22;1620;1;1;1;1.0;2;306;A15;;;;950
41637;201300046198;13;6;24;800;1;1;1;1.0;2;27;AUTOROUTE A86;M;4892810.0;241126.0;930
41638;201300046199;13;6;25;1400;1;1;1;1.0;4;66;AUTOROUTE A1;M;4893390.0;238390.0;930
41639;201300046200;13;6;25;1745;1;1;1;1.0;2;241;RN 104;;;;950
41640;201300046201;13;6;26;800;1;1;1;1.0;6;8;AUTOROUTE A86;M;4889320.0;247265.0;930
41641;201300046202;13;6;26;1330;1;1;1;1.0;4;604;AUTOROUTE A1;;;;950
41642;201300046203;13;6;26;1720;1;1;1;1.0;3;27;AUTOROUTE A1;M;4893490.0;240025.0;930
41643;201300046204;13;6;26;2030;1;1;1;1.0;3;78;AUTOROUTE A104;M;4896500.0;251808.0;930
41644;201300046205;13;6;27;300;4;1;1;1.0;7;78;AUTOROUTE A104;M;4896040.0;252598.0;930
41645;201300046206;13;6;27;815;1;1;1;2.0;7;5;AUTOROUTE A1;M;4896690.0;247762.0;930
41646;201300046207;13;6;28;730;1;1;1;2.0;3;53;AUTOROUTE A86;M;4888920.0;247413.0;930
41647;201300046208;13;6;28;1110;1;1;1;2.0;7;394;A115;;;;950
41648;201300046209;13;6;28;1548;1;1;1;1.0;6;78;AUTOROUTE A104;M;4896110.0;254339.0;930
41649;201300046210;13;6;28;1800;1;1;1;8.0;4;527;AUTOROUTE A3;;;;950
41650;201300046211;13;6;29;730;1;1;1;2.0;7;241;RN 104;;;;950
41651;201300046212;13;6;29;1500;1;1;1;1.0;2;18;A15;;;;950
41652;201300046213;13;6;29;1945;1;1;1;1.0;6;10;AUTOROUTE A3;M;4888930.0;247381.0;930
41653;201300046214;13;6;29;2030;1;1;1;1.0;3;36;AUTOROUTE A15;;;;920
41654;201300046215;13;6;30;1255;1;1;1;1.0;2;63;AUTOROUTE A3;M;4887850.0;244671.0;930
41655;201300046216;13;7;1;1;4;1;1;1.0;2;64;AUTOROUTE A86;;;;930
41656;201300046217;13;7;1;700;1;1;1;1.0;6;6;AUTOROUTE A3;M;4886640.0;241321.0;930
41657;201300046218;13;7;1;1615;1;1;1;1.0;4;277;AUTOROUTE A104;M;4897350.0;248580.0;950
41658;201300046219;13;7;1;1900;1;1;1;1.0;4;500;A15;;;;950
41659;201300046221;13;7;2;1200;1;1;1;1.0;3;678;RN 104;;;;950
41660;201300046222;13;7;2;1800;1;1;1;1.0;3;10;AUTOROUTE A3;M;4888930.0;247381.0;930
41661;201300046223;13;7;4;930;1;1;1;1.0;3;6;AUTOROUTE A3;M;4886940.0;242943.0;930
41662;201300046224;13;7;4;1400;1;1;1;1.0;3;10;AUTOROUTE A86;M;4889130.0;247295.0;930
41663;201300046225;13;7;4;1720;1;1;1;1.0;3;6;AUTOROUTE A3;M;4886570.0;241854.0;930
41664;201300046226;13;7;4;1905;1;1;1;1.0;3;6;AUTOROUTE A3;M;4886580.0;241719.0;930
41665;201300046227;13;7;5;1810;1;1;1;1.0;2;27;AUTOROUTE A86;M;4892730.0;241922.0;930
41666;201300046228;13;7;6;1830;1;1;1;1.0;2;66;AUTOROUTE A1;M;4891930.0;235757.0;930
41667;201300046229;13;7;7;145;3;1;1;1.0;6;582;A15;;;;950
41668;201300046230;13;7;5;1410;1;1;1;1.0;3;10;AUTOROUTE A3;M;4888950.0;247391.0;930
41669;201300046231;13;7;7;1400;1;1;1;1.0;4;7;AUTOROUTE A1;M;4894840.0;244515.0;930
41670;201300046232;13;7;7;1520;1;1;1;1.0;3;64;AUTOROUTE A86;M;4887090.0;248220.0;930
41671;201300046233;13;7;7;1800;1;1;1;1.0;2;73;AUTOROUTE A104;M;4897020.0;257042.0;930
41672;201300046234;13;7;7;2115;1;1;1;1.0;6;5;AUTOROUTE A1;M;4896700.0;247750.0;930
41673;201300046235;13;7;8;800;1;1;1;1.0;4;582;BD INTERCOMMUNAL PARISIS;M;4896470.0;226940.0;950
41674;201300046236;13;7;8;1100;1;1;1;1.0;3;5;AUTOROUTE A3;;;;930
41675;201300046237;13;7;8;2055;1;1;1;1.0;3;8;AUTOROUTE A86;M;4889760.0;246936.0;930
41676;201300046238;13;7;9;1235;1;1;1;1.0;2;351;RN 104;;;;950
41677;201300046239;13;7;9;1645;1;1;1;1.0;7;27;AUTOROUTE A86;M;4892560.0;239692.0;930
41678;201300046241;13;7;10;930;1;1;1;1.0;3;29;AUTOROUTE A86;M;4891880.0;242869.0;930
41679;201300046242;13;7;10;1100;1;1;1;1.0;2;63;AUTOROUTE A3;M;4887850.0;244671.0;930