;Num_Acc;an;mois;jour;hrmn;lum;agg;int;atm;col;com;adr;gps;lat;long;dep
41680;201300046243;13;7;10;1420;1;1;1;1.0;2;5;AUTOROUTE A3;M;4895730.0;247324.0;930
41681;201300046245;13;7;11;740;1;1;1;1.0;3;63;AUTOROUTE A3;M;4888090.0;245252.0;930
41682;201300046246;13;7;11;1130;1;1;1;1.0;3;5;AUTOROUTE A3;M;4894630.0;247621.0;930
41683;201300046247;13;7;11;1730;1;1;1;1.0;7;64;AUTOROUTE A86;M;4888390.0;246943.0;930
41684;201300046248;13;7;11;723;1;1;1;1.0;6;582;A15;;;;950
41685;201300046249;13;7;12;1015;1;1;1;1.0;2;10;AUTOROUTE A3;M;4888950.0;247391.0;930
41686;201300046250;13;7;12;1215;1;1;1;1.0;5;6;AUTOROUTE A3;M;4886570.0;241854.0;930
41687;201300046251;13;7;13;100;4;1;1;1.0;7;66;AUTOROUTE A1;M;4893030.0;236476.0;930
41688;201300046253;13;7;13;1405;1;1;1;1.0;2;607;A115;;;;950
41689;201300046254;13;7;13;2305;4;1;1;1.0;2;394;RN 184;;;;950
41690;201300046255;13;7;14;815;2;1;1;1.0;7;631;AUTOROUTE A1;;;;600
41691;201300046256;13;7;14;2115;2;1;1;1.0;7;66;AUTOROUTE A1;M;4890790.0;235826.0;930
41692;201300046257;13;7;16;853;1;1;1;1.0;3;488;A15;;;;950
41693;201300046258;13;7;16;1700;1;1;1;1.0;3;252;A15;;;;950
41694;201300046259;13;7;16;1710;1;1;1;1.0;6;66;AUTOROUTE A1;M;4892800.0;235755.0;930
41695;201300046260;13;7;17;1830;1;1;1;1.0;7;6;AUTOROUTE A3;M;4886990.0;243032.0;930
41696;201300046261;13;7;17;1010;1;1;1;1.0;4;6;AUTOROUTE A3;M;4887010.0;243030.0;930
41697;201300046262;13;7;17;1210;1;1;1;1.0;3;6;AUTOROUTE A3;M;4886800.0;242761.0;930
41698;201300046264;13;7;17;2330;3;1;1;1.0;4;53;AUTOROUTE A3;M;4888140.0;245383.0;930
41699;201300046265;13;7;18;1100;1;1;1;1.0;3;678;RN 184;;;;950
41700;201300046266;13;7;19;745;1;1;1;1.0;3;582;A15;;;;950
41701;201300046267;13;7;19;740;1;1;1;1.0;4;18;A15;;;;950
41702;201300046268;13;7;19;1450;1;1;1;1.0;3;277;A104;M;4897280.0;248720.0;950
41703;201300046269;13;7;19;1745;1;1;1;1.0;4;500;A15;;;;950
41704;201300046270;13;7;20;400;4;1;1;1.0;7;53;AUTOROUTE A3;M;4888390.0;246134.0;930
41705;201300046271;13;7;22;940;1;1;1;1.0;3;63;AUTOROUTE A3;M;4888090.0;245252.0;930
41706;201300046272;13;7;22;1800;1;1;1;1.0;4;7;AUTOROUTE A1;M;4894360.0;243600.0;930
41707;201300046273;13;7;23;945;1;1;1;1.0;4;64;AUTOROUTE A86;M;4887090.0;248220.0;930
41708;201300046274;13;7;23;2120;3;1;1;1.0;2;53;AUTOROUTE A86;M;4888930.0;247362.0;930
41709;201300046275;13;7;23;1900;1;1;1;1.0;6;27;AUTOROUTE A86;M;4892360.0;238346.0;930
41710;201300046276;13;7;23;2045;1;1;1;1.0;1;66;AUTOROUTE A86;M;4892210.0;235877.0;930
41711;201300046277;13;7;24;815;1;1;1;1.0;6;604;AUTOROUTE A1;;;;950
41712;201300046278;13;7;24;1700;1;1;1;1.0;2;527;AUTOROUTE A1;;;;950
41713;201300046279;13;7;25;1000;1;1;1;1.0;7;394;ROUTE NATIONALE 184;;;;950
41714;201300046280;13;7;25;1225;1;1;1;1.0;2;582;A15;;;;950
41715;201300046281;13;7;25;1250;1;1;1;1.0;2;582;A15;;;;950
41716;201300046282;13;7;25;1320;1;1;1;1.0;4;66;AUTOROUTE A1;M;4893030.0;236536.0;930
41717;201300046283;13;7;26;1030;1;1;1;1.0;7;64;AUTOROUTE A86;M;4888390.0;246943.0;930
41718;201300046284;13;7;26;1000;1;1;1;1.0;6;394;A115;;;;950
41719;201300046285;13;7;27;800;2;1;1;2.0;2;252;A115;;;;950
41720;201300046286;13;7;27;930;1;1;1;1.0;7;27;AUTOROUTE A1;M;4893450.0;239758.0;930
41721;201300046287;13;7;27;935;1;1;1;1.0;4;394;A115;;;;950
41722;201300046288;13;7;27;1010;1;1;1;1.0;6;394;A 115;;;;950
41723;201300046289;13;7;27;1450;1;1;1;1.0;6;60;A115;;;;950
41724;201300046290;13;7;29;845;1;1;1;1.0;6;66;AUTOROUTE A1;M;4892810.0;235794.0;930
41725;201300046291;13;7;29;1845;1;1;1;1.0;2;572;A15;;;;950
41726;201300046292;13;7;30;30;4;1;1;2.0;6;488;A 15;;;;950
41727;201300046293;13;7;30;1230;1;1;1;1.0;6;277;A 104;M;4897280.0;248720.0;950
41728;201300046294;13;7;30;1645;1;1;1;2.0;7;488;A15;;;;950
41729;201300046295;13;7;30;1745;1;1;1;1.0;3;8;AUTOROUTE A86;M;4891230.0;243767.0;930
41730;201300046296;13;7;30;2100;2;1;1;1.0;2;5;AUTOROUTE A3;M;4895190.0;247409.0;930
41731;201300046297;13;7;31;1555;1;1;1;1.0;5;252;A15;;;;950
41732;201300046298;13;7;31;1840;1;1;1;1.0;2;63;AUTOROUTE A3;M;4887850.0;244671.0;930
41733;201300046299;13;7;31;1820;1;1;1;1.0;4;13;AUTOROUTE A1;M;4893880.0;241706.0;930
41734;201300046300;13;12;20;2345;4;1;1;1.0;6;27;AUTOROUTE A1;M;4893390.0;238445.0;930
41735;201300046301;13;8;1;1030;1;1;1;1.0;3;36;AUTOROUTE A86;;;;920
41736;201300046303;13;8;2;1430;1;1;1;1.0;6;241;RN 104;;;;950
41737;201300046304;13;8;2;1630;1;1;1;1.0;4;63;AUTOROUTE A3;M;4887470.0;243926.0;930
41738;201300046305;13;8;2;1730;1;1;1;1.0;6;53;AUTOROUTE A3;M;4888370.0;246726.0;930
41739;201300046306;13;8;2;1900;1;1;1;1.0;7;66;AUTOROUTE A1;M;4892930.0;236153.0;930
41740;201300046308;13;8;5;1115;1;1;1;1.0;6;78;AUTOROUTE A86;;;;920
41741;201300046310;13;8;6;1600;1;1;1;1.0;6;527;A3;;;;950
41742;201300046311;13;8;6;1955;1;1;1;1.0;3;1;AUTOROUTE A86;M;4892190.0;237785.0;930
41743;201300046312;13;8;7;420;3;1;1;1.0;7;5;AUTOROUTE A1;M;4896510.0;247467.0;930
41744;201300046313;13;8;7;1300;1;1;1;1.0;3;256;A115;;;;950
41745;201300046314;13;8;7;2150;3;1;1;1.0;7;64;AUTOROUTE A103;;;;930
41746;201300046315;13;8;10;440;3;1;1;1.0;6;607;A115;;;;950
41747;201300046317;13;8;12;1235;1;1;1;1.0;2;1;AUTOROUTE A86;M;4892080.0;237196.0;930
41748;201300046318;13;8;13;1645;1;1;1;1.0;7;53;AUTOROUTE A86;M;4888750.0;247427.0;930
41749;201300046319;13;8;14;1050;1;1;1;1.0;3;27;AUTOROUTE A86;M;4892360.0;238346.0;930
41750;201300046321;13;8;18;305;4;1;1;2.0;6;277;AUTOROUTE A104;M;4897320.0;249010.0;950
41751;201300046323;13;8;19;710;1;1;1;1.0;2;5;AUTOROUTE A1;M;4896060.0;246797.0;930
41752;201300046324;13;8;25;815;1;1;1;1.0;2;73;AUTOROUTE A104;M;4896770.0;256311.0;930
41753;201300046325;13;8;20;1015;1;1;1;1.0;3;36;AUTOROUTE A15;;;;920
41754;201300046326;13;8;20;1030;1;1;1;1.0;7;572;A15;;;;950
41755;201300046327;13;8;20;1305;1;1;1;1.0;6;252;A15;;;;950
41756;201300046328;13;8;23;1810;1;1;1;1.0;6;78;AUTOROUTE A104;M;4896110.0;252518.0;930
41757;201300046329;13;8;24;1116;1;1;1;2.0;6;10;AUTOROUTE A3;;;;930
41758;201300046330;13;8;25;345;3;1;1;3.0;2;306;A15;;;;950
41759;201300046331;13;8;25;1045;1;1;1;2.0;6;36;AUTOROUTE A15;;;;920
41760;201300046332;13;8;25;1200;1;1;1;3.0;4;10;AUTOROUTE A3;M;4888950.0;247391.0;930
41761;201300046333;13;8;25;1330;1;1;1;2.0;7;582;A15;;;;950
41762;201300046335;13;8;25;1340;1;1;1;2.0;2;582;A15;;;;950
41763;201300046336;13;8;25;1400;1;1;1;2.0;2;582;A15;;;;950
41764;201300046337;13;8;25;1600;1;1;1;3.0;7;1;AUTOROUTE A86;M;4892080.0;237196.0;930
41765;201300046338;13;8;25;1630;1;1;1;2.0;6;212;AUTOROUTE A1;;;;950
41766;201300046340;13;8;25;1730;1;1;1;2.0;6;18;AUTOROUTE A15;;;;950
41767;201300046341;13;8;25;1800;1;1;1;2.0;7;78;AUTOROUTE A86;;;;920
41768;201300046342;13;8;25;1830;1;1;1;2.0;3;394;A115;;;;950
41769;201300046343;13;8;25;1930;1;1;1;2.0;7;582;A15;;;;950
41770;201300046344;13;8;25;2020;1;1;1;2.0;6;394;A115;;;;950
41771;201300046345;13;8;25;2040;3;1;1;1.0;6;27;AUTOROUTE A1;M;4893720.0;240984.0;930
41772;201300046347;13;8;28;1340;1;1;1;1.0;7;78;AUTOROUTE A104;M;4895900.0;253523.0;930
41773;201300046348;13;8;29;1830;1;1;1;1.0;6;66;AUTOROUTE A86;M;4892200.0;236417.0;930
41774;201300046349;13;8;30;1000;1;1;1;1.0;4;252;AUTOROUTE A15;;;;950
41775;201300046350;13;8;30;1415;1;1;1;1.0;4;64;AUTOROUTE A86;M;4888390.0;246943.0;930
41776;201300046352;13;8;31;1955;1;1;1;1.0;2;27;AUTOROUTE A86;M;4887230.0;248106.0;930
41777;201300046353;13;9;1;1720;1;1;1;1.0;4;6;AUTOROUTE A3;M;4886690.0;242545.0;930
41778;201300046354;13;9;1;2035;3;1;1;1.0;6;424;AUTOROUTE A15;;;;950
41779;201300046355;13;9;2;700;2;1;1;1.0;4;66;AUTOROUTE A1;M;4891030.0;235806.0;930
41780;201300046356;13;9;2;700;2;1;1;1.0;2;678;ROUTE NATIONALE 184;;;;950
41781;201300046357;13;9;2;1200;1;1;1;1.0;2;8;AUTOROUTE A86;M;4889860.0;246958.0;930
41782;201300046358;13;9;2;1250;1;1;1;1.0;2;63;AUTOROUTE A3;M;4888000.0;245020.0;930
41783;201300046359;13;9;3;300;4;1;1;1.0;6;5;AUTOROUTE A1;M;4896060.0;246797.0;930
41784;201300046360;13;9;3;847;1;1;1;1.0;7;18;AUTOROUTE A15;;;;950
41785;201300046361;13;9;3;1600;1;1;1;1.0;6;53;AUTOROUTE A3;M;4888150.0;245406.0;930
41786;201300046362;13;9;3;1845;1;1;1;1.0;4;10;AUTOROUTE A3;M;4888930.0;247381.0;930
41787;201300046363;13;9;4;130;3;1;1;1.0;7;5;AUTOROUTE A3;;;;930
41788;201300046364;13;9;4;915;1;1;1;1.0;7;494;AUTOROUTE A1;;;;600
41789;201300046365;13;9;4;815;1;1;1;1.0;6;42;RN 104;;;;950
41790;201300046366;13;9;4;1820;1;1;1;1.0;2;218;AUTOROUTE A15;;;;950
41791;201300046367;13;9;5;1539;1;1;1;1.0;4;66;AUTOROUTE A1;M;4891930.0;235757.0;930
41792;201300046368;13;9;5;1745;1;1;1;1.0;3;8;AUTOROUTE A86;M;4889890.0;246927.0;930
41793;201300046369;13;9;6;1100;1;1;1;1.0;6;27;AUTOROUTE A1;M;4893450.0;239758.0;930
41794;201300046370;13;9;6;1115;1;1;1;3.0;7;18;AUTOROUTE A15;;;;950
41795;201300046372;13;9;6;1258;1;1;1;3.0;6;527;AUTOROUTE A3;;;;950
41796;201300046373;13;9;6;1640;1;1;1;1.0;5;8;AUTOROUTE A86;M;4890860.0;245013.0;930
41797;201300046374;13;9;7;535;2;1;1;1.0;4;351;RN 104;;;;950
41798;201300046375;13;9;7;600;3;1;1;1.0;6;27;AUTOROUTE A1;M;4893450.0;239693.0;930
41799;201300046377;13;9;8;1655;1;1;1;1.0;4;66;AUTOROUTE A1;M;4892380.0;235723.0;930
41800;201300046378;13;9;8;1945;1;1;1;1.0;2;277;AUTOROUTE A1;;;;950
41801;201300046379;13;9;8;2120;4;1;1;1.0;2;252;AUTOROUTE A15;;;;950
41802;201300046380;13;9;19;1200;1;1;1;1.0;6;572;ROUTE NATIONALE 184;;;;950
41803;201300046381;13;9;9;1050;1;1;1;2.0;6;256;ROUTE NATIONALE 184;;;;950
41804;201300046382;13;9;9;1845;1;1;1;2.0;7;218;AUTOROUTE A15;;;;950
41805;201300046383;13;9;9;2050;5;1;1;2.0;6;53;AUTOROUTE A103;M;4890880.0;235836.0;930
41806;201300046385;13;9;10;1810;1;1;1;1.0;5;27;AUTOROUTE A86;M;4892560.0;239692.0;930
41807;201300046386;13;9;11;30;4;1;1;1.0;6;277;AUTOROUTE A1;;;;950
41808;201300046387;13;9;11;550;3;1;1;2.0;6;36;AUTOROUTE A15;;;;920
41809;201300046388;13;9;11;2050;2;1;1;1.0;6;48;AUTOROUTE A186-PR2+200;M;4886760.0;245714.0;930
41810;201300046389;13;9;12;1755;1;1;1;1.0;3;66;AUTOROUTE A1;M;4890340.0;235856.0;930
41811;201300046390;13;9;12;1550;1;1;1;1.0;4;78;AUTOROUTE A104;M;4896500.0;251808.0;930
41812;201300046392;13;9;13;915;1;1;1;1.0;3;78;AUTOROUTE A86;;;;920
41813;201300046394;13;9;13;1715;1;1;1;1.0;2;582;AUTOROUTE A15;;;;950
41814;201300046395;13;9;13;1735;1;1;1;2.0;6;18;AUTOROUTE A15;;;;950
41815;201300046396;13;9;13;1845;1;1;1;1.0;3;66;AUTOROUTE A1;M;4891900.0;235742.0;930
41816;201300046397;13;9;13;2223;4;1;1;2.0;2;36;AUTOROUTE A86;;;;920
41817;201300046398;13;9;14;1000;1;1;1;1.0;7;36;AUTOROUTE A86;;;;920
41818;201300046399;13;9;14;1000;1;1;1;3.0;7;1;AUTOROUTE A86;M;4892090.0;237332.0;930
41819;201300046400;13;9;14;1100;1;1;1;2.0;7;527;AUTOROUTE A3;;;;950
41820;201300046401;13;9;14;1400;1;1;1;2.0;6;8;AUTOROUTE A86;M;4889890.0;246927.0;930
41821;201300046402;13;9;14;1715;1;1;1;3.0;6;18;AUTOROUTE A15;;;;950
41822;201300046403;13;9;14;1715;1;1;1;3.0;4;48;AUTOROUTE A3;M;4887370.0;243705.0;930
41823;201300046404;13;9;15;100;3;1;1;2.0;6;66;AUTOROUTE A1;M;4892380.0;235723.0;930
41824;201300046405;13;9;15;130;4;1;1;2.0;7;36;AUTOROUTE A86;;;;920
41825;201300046407;13;9;15;230;3;1;1;1.0;7;78;AUTOROUTE A86;;;;920
41826;201300046408;13;9;15;225;3;1;1;1.0;7;572;AUTOROUTE A15;;;;950
41827;201300046410;13;9;15;1445;1;1;1;1.0;3;5;AUTOROUTE A3;M;4895730.0;247324.0;930
41828;201300046411;13;9;15;1650;1;1;1;1.0;5;36;AUTOROUTE A86;;;;920
41829;201300046412;13;9;15;1840;2;1;1;1.0;4;306;AUTOROUTE A15;;;;950
41830;201300046413;13;9;16;645;2;1;1;1.0;6;36;AUTOROUTE A15;;;;920
41831;201300046414;13;9;16;645;2;1;1;1.0;6;36;AUTOROUTE A15;;;;920
41832;201300046415;13;9;16;820;1;1;1;1.0;6;18;AUTOROUTE A15;;;;950
41833;201300046416;13;9;16;1430;1;1;1;1.0;6;394;AUTOROUTE A115;;;;950
41834;201300046417;13;9;16;1445;1;1;1;2.0;6;27;AUTOROUTE A86;M;4892210.0;237848.0;930
41835;201300046418;13;9;16;1530;1;1;1;1.0;2;48;AUTOROUTE A3;M;4887370.0;243705.0;930
41836;201300046419;13;9;16;1600;1;1;1;1.0;6;63;AUTOROUTE A3;M;4888090.0;245252.0;930
41837;201300046420;13;9;17;1515;1;1;1;1.0;3;53;AUTOROUTE A86;M;4888930.0;247362.0;930
41838;201300046421;13;9;17;1905;2;1;1;2.0;3;8;AUTOROUTE A86;M;4891060.0;244338.0;930
41839;201300046422;13;9;17;1830;1;1;1;3.0;7;394;ROUTE NATIONALE 184;;;;950
41840;201300046424;13;9;18;525;3;1;1;2.0;7;6;AUTOROUTE A3;M;4886460.0;241489.0;930
41841;201300046425;13;9;17;1950;2;1;1;2.0;5;527;AUTOROUTE A1;;;;950
41842;201300046426;13;9;18;1400;1;1;1;2.0;6;277;AUTOROUTE A104;M;4897320.0;249010.0;950
41843;201300046427;13;9;18;1500;1;1;1;2.0;2;27;AUTOROUTE A86..;M;4892830.0;241258.0;930
41844;201300046428;13;9;18;1500;1;1;1;1.0;7;27;AUTOROUTE A86.;M;4892790.0;240993.0;930
41845;201300046429;13;9;18;1715;1;1;1;2.0;6;582;BD INTERCOMMUNAL PARISIS;M;4896250.0;226410.0;950
41846;201300046430;13;9;18;1815;1;1;1;1.0;6;394;AUTOROUTE A115;;;;950
41847;201300046432;13;9;20;1020;1;1;1;1.0;2;39;AUTOROUTE A86;M;4892660.0;233608.0;930
41848;201300046433;13;9;20;1615;1;1;1;1.0;6;572;ROUTE NATIONALE 184;;;;950
41849;201300046434;13;9;21;1520;1;1;1;1.0;6;151;RN 104;;;;950
41850;201300046435;13;9;22;730;1;1;1;1.0;6;572;ROUTE NATIONALE 184;;;;950
41851;201300046436;13;9;22;1945;2;1;1;1.0;3;491;AUTOROUTE A115;;;;950
41852;201300046437;13;9;23;1538;1;1;1;1.0;5;66;AUTOROUTE A1;M;4891930.0;235757.0;930
41853;201300046438;13;9;23;1715;1;1;1;1.0;6;36;AUTOROUTE A15;;;;920
41854;201300046439;13;9;23;1755;1;1;1;1.0;4;5;AUTOROUTE A3;;;;930
41855;201300046440;13;9;23;2050;3;1;1;1.0;6;241;AUTOROUTE A1;;;;600
41856;201300046441;13;9;24;1010;1;1;1;1.0;3;252;AUTOROUTE A15;;;;950
41857;201300046442;13;9;25;745;1;1;1;1.0;2;10;AUTOROUTE A3;M;4888930.0;247381.0;930
41858;201300046443;13;9;25;1550;1;1;1;1.0;7;66;AUTOROUTE A86;M;4892170.0;236558.0;930
41859;201300046444;13;9;24;1540;1;1;1;1.0;5;5;AUTOROUTE A1;M;4896000.0;246705.0;930
41860;201300046445;13;9;26;1024;1;1;1;1.0;6;394;AUTOROUTE A115;;;;950
41861;201300046446;13;9;26;1810;1;1;1;1.0;4;607;AUTOROUTE A115;;;;950
41862;201300046447;13;9;27;720;1;1;1;1.0;7;36;AUTOROUTE A15;;;;920
41863;201300046448;13;9;27;2000;3;1;1;1.0;2;13;AUTOROUTE A1;M;4893870.0;241625.0;930
41864;201300046449;13;9;28;215;3;1;1;1.0;2;612;AUTOROUTE A1;;;;600
41865;201300046450;13;9;28;1620;1;1;1;1.0;2;64;AUTOROUTE A86;M;4887070.0;248247.0;930
41866;201300046451;13;9;28;1920;1;1;1;1.0;6;604;AUTOROUTE A1;;;;950
41867;201300046452;13;9;28;1950;1;1;1;1.0;6;277;AUTOROUTE A104;M;4897310.0;248830.0;950
41868;201300046453;13;9;29;1810;1;1;1;3.0;4;582;AUTOROUTE A15;;;;950
41869;201300046454;13;9;29;1800;1;1;1;1.0;6;42;RN 104;;;;950
41870;201300046455;13;9;29;1900;2;1;1;1.0;6;612;AUTOROUTE A1;;;;600
41871;201300046458;13;9;30;1400;1;1;1;1.0;2;63;AUTOROUTE A3;M;4888090.0;245252.0;930
41872;201300046459;13;10;1;707;3;1;1;1.0;5;252;AUTOROUTE A15;;;;950
41873;201300046460;13;10;1;910;1;1;1;1.0;6;53;AUTOROUTE A86;M;4888930.0;247362.0;930
41874;201300046461;13;10;1;1615;1;1;1;1.0;6;36;AUTOROUTE A86;;;;920
41875;201300046462;13;10;1;1800;1;1;1;1.0;4;582;AUTOROUTE A15;;;;950
41876;201300046463;13;10;2;730;2;1;1;1.0;6;306;AUTOROUTE A15;;;;950
41877;201300046464;13;10;3;850;1;1;1;1.0;3;219;AUTOROUTE A115;;;;950
41878;201300046466;13;10;4;800;2;1;1;2.0;2;36;AUTOROUTE A15;;;;920
41879;201300046467;13;10;4;1520;1;1;1;1.0;6;582;AUTOROUTE A15;;;;950
41880;201300046468;13;10;4;1745;1;1;1;1.0;3;277;A104;M;4897350.0;248590.0;950
41881;201300046469;13;10;4;2040;3;1;1;1.0;2;78;AUTOROUTE A104;M;4895800.0;253089.0;930
41882;201300046471;13;10;7;825;1;1;1;1.0;3;365;RN 104;;;;950
41883;201300046472;13;10;7;1250;1;1;1;1.0;4;66;AUTOROUTE A1;M;4892200.0;235734.0;930
41884;201300046473;13;10;7;1250;1;1;1;1.0;7;66;AUTOROUTE A1;M;4892200.0;235734.0;930
41885;201300046474;13;10;8;900;1;1;1;1.0;2;6;AUTOROUTE A3;M;4886570.0;241854.0;930
41886;201300046475;13;10;8;1300;1;1;1;1.0;4;66;AUTOROUTE A1;M;4892200.0;235734.0;930
41887;201300046476;13;10;8;1710;1;1;1;1.0;3;582;AUTOROUTE A15;;;;950
41888;201300046477;13;10;9;730;3;1;1;1.0;3;678;ROUTE NATIONALE 184;;;;950
41889;201300046478;13;10;9;910;1;1;1;1.0;3;66;AUTOROUTE A1;M;4890610.0;235836.0;930
41890;201300046479;13;10;9;1015;1;1;1;1.0;3;36;AUTOROUTE A86;;;;920
41891;201300046480;13;10;9;1340;1;1;1;1.0;6;64;AUTOROUTE A103;M;4888680.0;247723.0;930
41892;201300046481;13;10;9;1745;1;1;1;2.0;3;572;ROUTE NATIONALE 184;;;;950
41893;201300046482;13;10;9;1855;5;1;1;2.0;2;555;RD 170;M;4897640.0;228120.0;950
41894;201300046483;13;10;9;2025;3;1;1;1.0;6;27;AUTOROUTE A1;M;4893450.0;239693.0;930
41895;201300046484;13;10;10;645;3;1;1;1.0;2;682;RN 104;;;;950
41896;201300046486;13;10;10;1415;1;1;1;2.0;6;394;AUTOROUTE A115;;;;950
41897;201300046488;13;10;11;655;3;1;1;2.0;3;252;AUTOROUTE A15;;;;950
41898;201300046489;13;10;11;1145;1;1;1;2.0;6;36;AUTOROUTE A86;;;;920
41899;201300046491;13;10;11;1815;1;1;1;1.0;6;78;AUTOROUTE A86;;;;920
41900;201300046492;13;10;11;2100;3;1;1;1.0;4;6;AUTOROUTE A3;M;4886590.0;242125.0;930
41901;201300046493;13;10;12;850;1;1;1;1.0;4;256;ROUTE NATIONALE 184;;;;950
41902;201300046494;13;10;13;700;3;1;1;1.0;6;27;AUTOROUTE A1;M;4893410.0;239072.0;930
41903;201300046495;13;10;13;730;4;1;1;1.0;6;13;AUTOROUTE A1;M;4893900.0;241808.0;930
41904;201300046496;13;10;13;830;1;1;1;1.0;7;241;RN 104;;;;950
41905;201300046497;13;10;13;1930;3;1;1;1.0;2;18;AUTOROUTE A15;;;;950
41906;201300046498;13;10;13;2215;4;1;1;1.0;2;10;AUTOROUTE A3;M;4888950.0;247391.0;930
41907;201300046499;13;10;14;745;1;1;1;1.0;2;7;AUTOROUTE A1;M;4895210.0;245207.0;930
41908;201300046500;13;10;14;1240;1;1;1;1.0;7;612;AUTOROUTE A1;;;;600
41909;201300046501;13;10;15;630;3;1;1;2.0;6;394;AUTOROUTE A115;;;;950
41910;201300046502;13;10;15;920;1;1;1;1.0;5;8;AUTOROUTE A86;M;4889860.0;246958.0;930
41911;201300046503;13;10;15;1715;1;1;1;1.0;6;394;AUTOROUTE A115;;;;950
41912;201300046504;13;10;15;2215;4;1;1;1.0;5;53;AUTOROUTE A86;M;4888930.0;247362.0;930
41913;201300046505;13;10;16;715;2;1;1;1.0;3;7;AUTOROUTE A1;M;4895490.0;245734.0;930
41914;201300046506;13;10;16;715;2;1;1;1.0;3;252;AUTOROUTE A15;;;;950
41915;201300046508;13;10;16;1540;1;1;1;3.0;6;66;AUTOROUTE A86;M;4892230.0;235873.0;930
41916;201300046509;13;10;16;1820;1;1;1;2.0;4;53;AUTOROUTE A103;M;4890610.0;235836.0;930
41917;201300046510;13;10;16;1900;2;1;1;2.0;7;66;AUTOROUTE A1;M;4893340.0;237832.0;930
41918;201300046511;13;10;16;1930;2;1;1;2.0;4;582;AUTOROUTE A15;;;;950
41919;201300046512;13;10;16;2100;4;1;1;1.0;3;27;AUTOROUTE A86;M;4892790.0;240993.0;930
41920;201300046513;13;10;16;2350;4;1;1;1.0;7;27;AUTOROUTE A1;M;4893720.0;240984.0;930
41921;201300046515;13;10;17;700;3;1;1;1.0;6;5;AUTOROUTE A3;M;4896470.0;247429.0;930
41922;201300046516;13;10;17;735;2;1;1;8.0;6;18;AUTOROUTE A15;;;;950
41923;201300046517;13;10;17;835;1;1;1;1.0;6;36;AUTOROUTE A15;;;;920
41924;201300046518;13;10;17;855;1;1;1;1.0;7;18;AUTOROUTE A15;;;;950
41925;201300046519;13;10;18;630;3;1;1;5.0;6;572;ROUTE NATIONALE 184;;;;950
41926;201300046520;13;10;18;1530;1;1;1;1.0;7;563;AUTOROUTE A115;;;;950
41927;201300046521;13;10;18;2010;3;1;1;1.0;7;63;AUTOROUTE A3;M;4888000.0;245020.0;930
41928;201300046522;13;10;19;1410;1;1;1;1.0;2;18;AUTOROUTE A15;;;;950
41929;201300046523;13;10;19;1615;1;1;1;1.0;2;53;AUTOROUTE A103;M;4890430.0;235848.0;930
41930;201300046524;13;10;20;2015;1;1;1;1.0;2;27;AUTOROUTE A86;M;4892780.0;241018.0;930
41931;201300046525;13;10;20;1250;1;1;1;1.0;6;394;AUTOROUTE A115;;;;950
41932;201300046526;13;10;20;1350;1;1;1;1.0;5;8;AUTOROUTE A86;M;4889890.0;246927.0;930
41933;201300046527;13;10;20;1945;5;1;1;2.0;2;527;AUTOROUTE A3;;;;950
41934;201300046529;13;10;20;2310;3;1;1;1.0;6;394;AUTOROUTE A115;;;;950
41935;201300046530;13;10;21;700;2;1;1;1.0;2;1;AUTOROUTE A86;M;4892080.0;237196.0;930
41936;201300046531;13;10;21;800;1;1;1;1.0;4;582;BD INTERCOMMUNAL PARISIS;;;;950
41937;201300046532;13;10;21;2230;3;1;1;1.0;2;10;AUTOROUTE A3;M;4888950.0;247391.0;930
41938;201300046533;13;10;22;520;4;1;1;1.0;7;60;AUTOROUTE A115;;;;950
41939;201300046534;13;10;22;710;3;1;1;1.0;3;18;AUTOROUTE A15;;;;950
41940;201300046535;13;10;22;1300;1;1;1;1.0;4;66;AUTOROUTE A1;M;4893390.0;238340.0;930
41941;201300046536;13;10;22;1514;1;1;1;1.0;4;78;AUTOROUTE A104;M;4897120.0;249814.0;930
41942;201300046537;13;10;23;750;2;1;1;1.0;3;18;AUTOROUTE A15;;;;950
41943;201300046538;13;10;23;910;1;1;1;1.0;3;5;AUTOROUTE A3;M;4896130.0;247372.0;930
41944;201300046540;13;10;23;1700;1;1;1;1.0;4;66;AUTOROUTE A1;M;4893390.0;238340.0;930
41945;201300046541;13;10;23;1740;1;1;1;2.0;2;27;AUTOROUTE A86;M;4892210.0;237848.0;930
41946;201300046542;13;10;23;1730;1;1;1;1.0;6;66;AUTOROUTE A1;M;4891930.0;235757.0;930
41947;201300046543;13;10;24;1300;1;1;1;1.0;4;73;AUTOROUTE A104;;;;930
41948;201300046544;13;10;24;2000;3;1;1;1.0;2;78;AUTOROUTE A86;;;;920
41949;201300046545;13;10;25;310;4;1;1;2.0;6;5;AUTOROUTE A1;M;4895880.0;246498.0;930
41950;201300046546;13;10;25;615;2;1;1;2.0;7;5;AUTOROUTE A3;M;4895160.0;247401.0;930
41951;201300046547;13;10;25;740;2;1;1;2.0;2;66;AUTOROUTE A1;M;4893390.0;238340.0;930
41952;201300046548;13;10;25;900;1;1;1;1.0;4;60;AUTOROUTE A115;;;;950
41953;201300046549;13;10;25;1630;1;1;1;2.0;6;394;AUTOROUTE A115;;;;950
41954;201300046550;13;10;25;1837;1;1;1;2.0;3;277;AUTOROUTE A104;M;4897280.0;248720.0;950