;Num_Acc;an;mois;jour;hrmn;lum;agg;int;atm;col;com;adr;gps;lat;long;dep
41955;201300046552;13;10;25;2340;3;1;1;9.0;7;27;AUTOROUTE A86;M;4892780.0;241018.0;930
41956;201300046553;13;10;26;2150;3;1;1;2.0;2;527;AUTOROUTE A3;;;;950
41957;201300046554;13;10;27;1220;1;1;1;1.0;7;36;AUTOROUTE A86;;;;920
41958;201300046555;13;10;28;45;3;1;1;2.0;7;36;AUTOROUTE A86;;;;920
41959;201300046556;13;10;28;920;1;1;1;2.0;2;527;AUTOROUTE A3;;;;950
41960;201300046557;13;10;28;925;1;1;1;2.0;2;582;AUTOROUTE A15;;;;950
41961;201300046558;13;10;28;1650;1;1;1;1.0;4;66;AUTOROUTE A1;M;4891930.0;235757.0;930
41962;201300046559;13;10;28;1945;3;1;1;1.0;2;488;AUTOROUTE A15;;;;950
41963;201300046560;13;10;28;2000;5;1;1;1.0;2;66;AUTOROUTE A1;M;4891210.0;235809.0;930
41964;201300046561;13;10;30;640;3;1;1;1.0;6;678;ROUTE NATIONALE 184;;;;950
41965;201300046562;13;10;30;950;1;1;1;1.0;4;42;RN 104;;;;950
41966;201300046563;13;10;30;1110;1;1;1;1.0;3;18;AUTOROUTE A15;;;;950
41967;201300046564;13;10;30;1530;1;1;1;1.0;6;572;AUTOROUTE A15;;;;950
41968;201300046565;13;10;30;1619;1;1;1;1.0;4;53;AUTOROUTE A3;M;4888380.0;246682.0;930
41969;201300046566;13;10;30;1800;1;1;1;1.0;3;8;AUTOROUTE A86;M;4889860.0;246958.0;930
41970;201300046567;13;10;30;1900;3;1;1;1.0;3;78;AUTOROUTE A86;;;;920
41971;201300046569;13;10;31;1420;1;1;1;1.0;7;218;AUTOROUTE A15;;;;950
41972;201300046570;13;10;31;1715;1;1;1;1.0;6;527;AUTOROUTE A1;;;;950
41973;201300046571;13;11;1;1300;1;1;1;2.0;7;351;RN 104;;;;950
41974;201300046572;13;11;1;1400;1;1;1;8.0;2;27;AUTOROUTE A86;M;4892730.0;241922.0;930
41975;201300046573;13;11;1;1420;1;1;1;2.0;5;53;AUTOROUTE A103;M;4891000.0;235825.0;930
41976;201300046574;13;11;1;1430;1;1;1;3.0;7;66;AUTOROUTE A86;M;4892210.0;235877.0;930
41977;201300046575;13;11;1;1530;1;1;1;2.0;6;27;AUTOROUTE A1;M;4893720.0;241063.0;930
41978;201300046576;13;11;1;2310;4;1;1;2.0;7;394;AUTOROUTE A115;;;;950
41979;201300046578;13;11;2;150;1;1;1;2.0;6;36;AUTOROUTE A15;;;;920
41980;201300046579;13;11;2;300;3;1;1;2.0;5;5;AUTOROUTE A3;M;4893080.0;248119.0;930
41981;201300046581;13;11;2;850;2;1;1;2.0;6;64;AUTOROUTE A86;M;4887070.0;248247.0;930
41982;201300046582;13;11;2;1115;1;1;1;1.0;7;64;AUTOROUTE A103;;;;930
41983;201300046583;13;11;2;1610;1;1;1;1.0;6;394;ROUTE NATIONALE 184;;;;950
41984;201300046584;13;11;3;2250;3;1;1;8.0;2;36;AUTOROUTE A86;;;;920
41985;201300046585;13;11;3;5;3;1;1;1.0;7;151;RN 104;;;;950
41986;201300046586;13;11;3;320;4;1;1;2.0;7;53;AUTOROUTE A3;M;4888350.0;245873.0;930
41987;201300046587;13;11;3;450;4;1;1;2.0;7;13;AUTOROUTE A1;M;4894320.0;243495.0;930
41988;201300046588;13;11;3;900;1;1;1;1.0;7;582;AUTOROUTE A15;;;;950
41989;201300046589;13;11;7;545;2;1;1;2.0;6;5;AUTOROUTE A1;M;4896060.0;246797.0;930
41990;201300046590;13;11;4;630;2;1;1;2.0;6;78;AUTOROUTE A104;M;4896460.0;251938.0;930
41991;201300046591;13;11;4;830;1;1;1;8.0;6;277;AUTOROUTE A104;M;4897350.0;248580.0;950
41992;201300046592;13;11;4;840;1;1;1;1.0;6;241;RN 104;;;;950
41993;201300046593;13;11;4;950;1;1;1;1.0;6;252;AUTOROUTE A15;;;;950
41994;201300046594;13;11;4;725;1;1;1;8.0;2;10;AUTOROUTE A3;M;4888950.0;247391.0;930
41995;201300046595;13;11;4;1154;1;1;1;1.0;2;27;AUTOROUTE A86;M;4892730.0;241954.0;930
41996;201300046596;13;11;5;1500;1;1;1;2.0;6;78;AUTOROUTE A86;;;;920
41997;201300046598;13;11;5;1940;3;1;1;2.0;7;351;RN 104;;;;950
41998;201300046599;13;11;9;825;1;1;1;1.0;3;252;AUTOROUTE A15;;;;950
41999;201300046600;13;11;6;950;1;1;1;1.0;2;277;AUTOROUTE A3;;;;950
42000;201300046601;13;11;6;900;1;1;1;1.0;6;1;AUTOROUTE A86;M;4892170.0;236558.0;930
42001;201300046602;13;11;6;1056;1;1;1;8.0;7;78;AUTOROUTE A104;M;4896510.0;251829.0;930
42002;201300046603;13;11;6;1130;1;1;1;2.0;6;28;RN 104;;;;950
42003;201300046604;13;11;6;1155;1;1;1;1.0;6;36;AUTOROUTE A15;;;;920
42004;201300046605;13;11;6;1330;1;1;1;1.0;4;53;AUTOROUTE A103;M;4890610.0;235855.0;930
42005;201300046606;13;11;7;1840;3;1;1;3.0;4;78;AUTOROUTE A104;M;4895820.0;253220.0;930
42006;201300046607;13;11;7;1950;3;1;1;2.0;6;66;AUTOROUTE A86;M;4892280.0;234512.0;930
42007;201300046608;13;11;7;2240;4;1;1;3.0;2;66;AUTOROUTE A86;M;4892240.0;235468.0;930
42008;201300046609;13;11;8;830;1;1;1;6.0;6;63;AUTOROUTE A3;M;4888050.0;245176.0;930
42009;201300046610;13;11;8;930;1;1;1;2.0;7;491;AUTOROUTE A115;;;;950
42010;201300046611;13;11;8;930;1;1;1;1.0;2;63;AUTOROUTE A3;M;4887530.0;244037.0;930
42011;201300046612;13;11;8;1515;1;1;1;2.0;6;27;AUTOROUTE A86;M;4892560.0;239692.0;930
42012;201300046613;13;11;8;1810;3;1;1;2.0;7;1;AUTOROUTE A86;M;4888390.0;246943.0;930
42013;201300046614;13;11;8;1930;3;1;1;2.0;7;6;AUTOROUTE A3;M;4887310.0;243592.0;930
42014;201300046615;13;11;9;1310;1;1;1;2.0;6;582;AUTOROUTE A115;;;;950
42015;201300046617;13;11;9;1430;1;1;1;2.0;6;27;AUTOROUTE A1;M;4893450.0;239693.0;930
42016;201300046618;13;11;9;1834;4;1;1;1.0;6;277;AUTOROUTE A3;;;;950
42017;201300046619;13;11;10;510;3;1;1;2.0;6;27;AUTOROUTE A86;M;4892570.0;239669.0;930
42018;201300046620;13;11;10;2145;3;1;1;1.0;3;6;AUTOROUTE A3;M;4886630.0;241456.0;930
42019;201300046621;13;11;11;1400;1;1;1;1.0;6;66;AUTOROUTE A1;M;4893390.0;238179.0;930
42020;201300046623;13;11;12;1720;3;1;1;2.0;3;10;AUTOROUTE A3;M;4888660.0;247348.0;930
42021;201300046624;13;11;12;1805;3;1;1;1.0;5;66;AUTOROUTE A1;M;4892380.0;235723.0;930
42022;201300046625;13;11;13;120;4;1;1;1.0;4;1;AUTOROUTE A86;M;4892140.0;237594.0;930
42023;201300046626;13;11;13;1715;1;1;1;1.0;5;13;AUTOROUTE A1;M;4893880.0;241706.0;930
42024;201300046627;13;11;14;950;1;1;1;2.0;7;78;AUTOROUTE A86;;;;920
42025;201300046628;13;11;14;930;1;1;1;2.0;3;36;AUTOROUTE A86;;;;920
42026;201300046629;13;11;15;1635;1;1;1;1.0;6;66;AUTOROUTE A1;M;4892770.0;235745.0;930
42027;201300046631;13;11;17;1730;2;1;1;1.0;2;10;AUTOROUTE A3;M;4888930.0;247381.0;930
42028;201300046632;13;11;14;1615;1;1;1;8.0;6;631;AUTOROUTE A1;;;;600
42029;201300046633;13;11;14;2200;3;1;1;1.0;6;36;AUTOROUTE A15;;;;920
42030;201300046634;13;11;15;830;1;1;1;2.0;7;491;AUTOROUTE A115;;;;950
42031;201300046635;13;11;18;920;1;1;1;1.0;4;678;ROUTE NATIONALE 184;;;;950
42032;201300046636;13;11;18;1035;1;1;1;1.0;3;36;AUTOROUTE A15;;;;920
42033;201300046638;13;11;19;830;1;1;1;2.0;6;64;AUTOROUTE A86;M;4888660.0;247381.0;930
42034;201300046639;13;11;20;800;2;1;1;1.0;3;64;AUTOROUTE A86;M;4886820.0;248200.0;930
42035;201300046640;13;11;20;850;1;1;1;1.0;6;306;AUTOROUTE A15;;;;950
42036;201300046641;13;11;20;1000;1;1;1;1.0;6;66;AUTOROUTE A1;M;4892870.0;235897.0;930
42037;201300046642;13;11;20;1800;1;1;1;3.0;6;13;AUTOROUTE A1;M;4894280.0;243374.0;930
42038;201300046643;13;11;21;640;1;1;1;1.0;2;42;RN 104;;;;950
42039;201300046644;13;11;21;630;3;1;1;8.0;2;78;AUTOROUTE A104;M;4895820.0;253141.0;930
42040;201300046645;13;11;21;1730;1;1;1;1.0;2;365;RN 104;;;;950
42041;201300046646;13;11;21;2145;3;1;1;1.0;7;18;AUTOROUTE A15;;;;950
42042;201300046647;13;11;22;1410;1;1;1;1.0;5;8;AUTOROUTE A86;M;4889890.0;246927.0;930
42043;201300046648;13;11;23;2320;3;1;1;1.0;5;66;AUTOROUTE A1;M;4893000.0;236410.0;930
42044;201300046649;13;11;24;45;5;1;1;1.0;2;66;AUTOROUTE A1;M;4891750.0;235768.0;930
42045;201300046650;13;11;24;325;4;1;1;1.0;2;63;AUTOROUTE A3;M;4888100.0;245292.0;930
42046;201300046652;13;11;24;1600;1;1;1;1.0;5;53;AUTOROUTE A3;M;4888390.0;246502.0;930
42047;201300046653;13;11;24;1815;3;1;1;1.0;2;10;AUTOROUTE A3;M;4888660.0;247348.0;930
42048;201300046654;13;11;24;2235;4;1;9;1.0;2;27;AUTOROUTE A1;M;4893460.0;239730.0;930
42049;201300046655;13;11;26;1045;1;1;1;1.0;2;36;AUTOROUTE A15;;;;920
42050;201300046656;13;11;26;1400;1;1;1;1.0;3;527;AUTOROUTE A3;;;;950
42051;201300046657;13;11;27;715;2;1;1;1.0;2;6;AUTOROUTE A3;M;4886600.0;241584.0;930
42052;201300046658;13;11;27;1645;1;1;1;1.0;3;53;AUTOROUTE A3;M;4888380.0;246682.0;930
42053;201300046659;13;11;28;900;1;1;1;1.0;2;394;AUTOROUTE A115;;;;950
42054;201300046660;13;11;28;900;1;1;1;1.0;7;18;AUTOROUTE A15;;;;950
42055;201300046661;13;11;28;1515;1;1;1;1.0;6;527;AUTOROUTE A1;;;;950
42056;201300046663;13;11;28;1830;3;1;1;2.0;2;1;AUTOROUTE A86;M;4892170.0;236558.0;930
42057;201300046664;13;11;20;1830;3;1;1;1.0;3;527;AUTOROUTE A3;;;;950
42058;201300046665;13;11;28;1920;3;1;1;1.0;3;66;AUTOROUTE A1;M;4892250.0;235711.0;930
42059;201300046666;13;11;28;1930;3;1;1;1.0;7;10;AUTOROUTE A3;M;4888970.0;247385.0;930
42060;201300046667;13;11;28;2010;3;1;1;1.0;2;582;AUTOROUTE A15;;;;950
42061;201300046668;13;11;29;715;4;1;1;1.0;3;10;AUTOROUTE A86;M;4889550.0;247053.0;930
42062;201300046669;13;11;29;1630;2;1;1;2.0;6;53;AUTOROUTE A3;M;4888350.0;245834.0;930
42063;201300046670;13;11;29;2130;4;1;1;1.0;2;18;AUTOROUTE A15;;;;950
42064;201300046671;13;11;29;2320;4;1;1;1.0;7;66;AUTOROUTE A1;M;4892380.0;235723.0;930
42065;201300046672;13;11;30;530;5;1;1;1.0;2;66;AUTOROUTE A1;M;4891570.0;235783.0;930
42066;201300046673;13;12;2;1200;1;1;1;1.0;5;64;AUTOROUTE A86;M;4887840.0;247678.0;930
42067;201300046674;13;12;3;645;3;1;1;1.0;4;66;AUTOROUTE A1;M;4890610.0;235836.0;930
42068;201300046676;13;12;4;745;2;1;1;1.0;3;53;AUTOROUTE A3;M;4888380.0;246682.0;930
42069;201300046677;13;12;4;910;1;1;1;1.0;3;582;AUTOROUTE A15;;;;950
42070;201300046678;13;12;5;1445;1;1;1;1.0;3;277;AUTOROUTE A1;;;;950
42071;201300046679;13;12;5;1845;1;1;1;1.0;4;64;AUTOROUTE A86;M;4888670.0;247349.0;930
42072;201300046680;13;12;7;938;1;1;1;2.0;6;394;AUTOROUTE A115;;;;950
42073;201300046681;13;12;7;1845;3;1;1;1.0;2;13;AUTOROUTE A1;M;4893900.0;241740.0;930
42074;201300046682;13;12;7;2020;3;1;1;1.0;6;394;ROUTE NATIONALE 184;;;;950
42075;201300046683;13;12;7;2045;3;1;1;1.0;7;60;AUTOROUTE A115;;;;950
42076;201300046684;13;12;9;715;2;1;1;1.0;6;18;AUTOROUTE A15;;;;950
42077;201300046685;13;12;6;2000;3;1;1;1.0;2;6;AUTOROUTE A3;M;4886500.0;241607.0;930
42078;201300046686;13;12;9;1140;1;1;1;1.0;3;572;ROUTE NATIONALE 184;;;;950
42079;201300046687;13;12;9;1245;1;1;1;1.0;2;66;AUTOROUTE A1;M;4892380.0;235723.0;930
42080;201300046688;13;12;9;1330;1;1;1;1.0;5;66;AUTOROUTE A1;M;4891030.0;235824.0;930
42081;201300046689;13;12;10;600;2;1;1;1.0;3;36;AUTOROUTE A15;;;;920
42082;201300046690;13;12;10;735;1;1;1;1.0;3;219;AUTOROUTE A115;;;;950
42083;201300046691;13;12;10;945;1;1;1;1.0;2;488;AUTOROUTE A15;;;;950
42084;201300046692;13;12;11;620;3;1;1;1.0;4;36;AUTOROUTE A15;;;;920
42085;201300046693;13;12;11;815;2;1;1;1.0;3;5;AUTOROUTE A3;M;4895910.0;247329.0;930
42086;201300046694;13;12;11;1200;1;1;1;1.0;4;277;AUTOROUTE A3;;;;950
42087;201300046695;13;12;12;920;1;1;1;1.0;2;277;AUTOROUTE A104;M;4897390.0;248770.0;950
42088;201300046696;13;12;12;1020;1;1;1;1.0;5;64;AUTOROUTE A86;M;4888090.0;247506.0;930
42089;201300046697;13;12;12;1815;3;1;1;1.0;3;36;AUTOROUTE A86;;;;920
42090;201300046698;13;12;12;2050;4;1;1;1.0;2;53;AUTOROUTE A103;M;4891000.0;235825.0;930
42091;201300046699;13;12;13;1100;1;1;1;1.0;2;36;AUTOROUTE A15;;;;920
42092;201300046700;13;12;14;155;3;1;1;2.0;6;42;RN 104;;;;950
42093;201300046701;13;12;14;1100;1;1;1;1.0;6;66;AUTOROUTE A1;M;4893170.0;237055.0;930
42094;201300046702;13;12;14;1220;1;1;1;1.0;7;64;AUTOROUTE A103;M;4888670.0;247932.0;930
42095;201300046704;13;12;14;2145;2;1;1;1.0;6;203;BD INTERCOMUNAL PARISIS;M;4897730.0;228660.0;950
42096;201300046705;13;12;16;845;1;1;1;1.0;6;64;AUTOROUTE A86;M;4887230.0;248106.0;930
42097;201300046706;13;12;16;2000;3;1;1;1.0;6;78;AUTOROUTE A104;M;4896040.0;252598.0;930
42098;201300046707;13;12;16;2200;3;1;1;1.0;6;78;AUTOROUTE A86;;;;920
42099;201300046708;13;12;18;1100;1;1;1;1.0;3;66;AUTOROUTE A1;M;4892560.0;235703.0;930
42100;201300046709;13;12;18;1300;1;1;1;1.0;3;27;AUTOROUTE A86;M;4892820.0;241686.0;930
42101;201300046710;13;12;18;1800;3;1;1;1.0;4;675;AUTOROUTE A1;;;;950
42102;201300046711;13;12;18;2045;4;1;1;1.0;4;66;AUTOROUTE A1;M;4891900.0;235742.0;930
42103;201300046712;13;12;19;815;2;1;1;2.0;4;488;AUTOROUTE A15;;;;950
42104;201300046713;13;12;19;845;1;1;1;1.0;4;212;RN 104;;;;950
42105;201300046714;13;12;19;830;1;1;1;1.0;2;176;AUTOROUTE A15;;;;950
42106;201300046715;13;12;19;1500;1;1;1;1.0;7;64;AUTOROUTE A103;M;4888680.0;247723.0;930
42107;201300046716;13;12;19;1950;3;1;1;1.0;7;7;AUTOROUTE A3;M;4893190.0;248086.0;930
42108;201300046717;13;12;20;1240;1;1;1;1.0;4;64;AUTOROUTE A3;M;4888390.0;246681.0;930
42109;201300046718;13;12;22;510;5;1;1;2.0;2;1;AUTOROUTE A86;M;4892170.0;237721.0;930
42110;201300046720;13;12;22;1200;1;1;1;2.0;6;394;AUTOROUTE A115;;;;950
42111;201300046721;13;12;22;1445;1;1;1;1.0;6;277;AUTOROUTE A104;M;4897310.0;248790.0;950
42112;201300046723;13;12;22;1935;3;1;1;1.0;2;527;AUTOROUTE A3;;;;950
42113;201300046724;13;12;23;2200;4;1;1;1.0;6;78;AUTOROUTE A104;M;4896440.0;251991.0;930
42114;201300046725;13;12;22;2235;3;1;1;1.0;6;5;AUTOROUTE A3;M;4896470.0;247429.0;930
42115;201300046726;13;12;23;2300;4;1;1;1.0;6;27;AUTOROUTE A1;M;4893450.0;239758.0;930
42116;201300046727;13;12;23;105;3;1;1;1.0;2;527;AUTOROUTE A3;;;;950
42117;201300046728;13;12;24;800;2;1;1;2.0;2;394;AUTOROUTE A115;;;;950
42118;201300046729;13;12;24;1220;1;1;1;2.0;6;66;AUTOROUTE A1;M;4893170.0;237055.0;930
42119;201300046731;13;12;24;2200;3;1;1;3.0;7;27;AUTOROUTE A86;M;4892340.0;238362.0;930
42120;201300046732;13;12;25;430;3;1;1;1.0;2;64;AUTOROUTE A86;M;4888360.0;247155.0;930
42121;201300046733;13;12;25;2000;3;1;1;2.0;4;10;AUTOROUTE A3;M;4888930.0;247381.0;930
42122;201300046734;13;12;26;1540;1;1;1;1.0;2;27;AUTOROUTE A86;M;4892840.0;241555.0;930
42123;201300046735;13;12;26;1840;5;1;1;1.0;2;27;AUTOROUTE A86;M;4892630.0;242150.0;930
42124;201300046737;13;12;27;215;3;1;1;2.0;6;252;AUTOROUTE A15;;;;950
42125;201300046738;13;12;27;1200;1;1;1;1.0;6;18;AUTOROUTE A15;;;;950
42126;201300046740;13;12;28;920;1;1;1;2.0;2;582;AUTOROUTE A115;;;;950
42127;201300046741;13;12;28;930;1;1;1;1.0;6;394;AUTOROUTE A115;;;;950
42128;201300046742;13;12;28;1020;1;1;1;2.0;6;53;AUTOROUTE A103;M;4890610.0;235855.0;930
42129;201300046743;13;12;28;1325;1;1;1;2.0;6;27;AUTOROUTE A86;M;4892850.0;241392.0;930
42130;201300046744;13;12;29;620;3;1;1;2.0;6;678;ROUTE NATIONALE 184;;;;950
42131;201300046745;13;12;27;1450;1;1;1;1.0;5;678;ROUTE NATIONALE 184;;;;950
42132;201300046746;13;12;30;1911;3;1;1;1.0;7;1;AUTOROUTE A86;M;4892080.0;237196.0;930
42133;201300046747;13;12;31;1600;1;1;1;1.0;4;5;AUTOROUTE A1;M;4896070.0;246789.0;930
42134;201300046748;13;12;31;2225;4;1;1;1.0;5;78;AUTOROUTE A104;M;4896510.0;251829.0;930
42135;201300046749;13;12;31;2359;5;1;1;1.0;6;582;BD INTERCOMUNAL PARISIS;M;4896790.0;227440.0;950
42136;201300046750;13;12;5;2140;3;1;1;1.0;3;10;07.300, AUTOROUTE A3;;;;930
42137;201300046751;13;1;6;705;3;1;1;2.0;6;8;A86 - BOBIGNY_CREATION;M;4891320.0;243525.0;930
42138;201300046752;13;1;2;1455;1;1;1;1.0;6;291;A13;;;;780
42139;201300046753;13;1;4;645;2;1;1;2.0;6;48;N118;;;;920
42140;201300046754;13;1;5;818;2;1;1;8.0;6;545;RN12;;;;780
42141;201300046755;13;1;8;913;1;1;1;1.0;3;50;A14;;;;920
42142;201300046756;13;1;8;1329;1;1;1;8.0;6;646;RN12;;;;780
42143;201300046757;13;1;10;830;4;1;1;2.0;4;72;N118;;;;920
42144;201300046758;13;1;11;2005;3;1;1;2.0;7;490;RN12 INT;;;;780
42145;201300046760;13;1;12;1401;1;1;1;2.0;6;43;A12 Y;;;;780
42146;201300046762;13;1;13;500;3;1;1;8.0;5;545;A12 Y;;;;780
42147;201300046763;13;1;13;1323;1;1;1;8.0;6;90;A13;;;;780
42148;201300046764;13;1;13;2015;3;1;1;2.0;6;25;A86;;;;920
42149;201300046765;13;1;15;930;1;1;1;2.0;2;12;A13;;;;920
42150;201300046766;13;1;16;1440;1;1;1;1.0;3;140;A13;;;;780
42151;201300046767;13;1;16;1745;1;1;1;1.0;4;23;RN186;;;;920
42152;201300046768;13;1;17;630;5;1;1;1.0;2;62;RN1013;;;;920
42153;201300046769;13;1;17;1800;3;1;1;1.0;2;126;A13;;;;780
42154;201300046770;13;1;18;100;3;1;1;1.0;6;322;RN12;;;;780
42155;201300046771;13;1;18;525;3;1;1;1.0;2;238;A13;;;;780
42156;201300046772;13;1;18;1300;1;1;1;1.0;5;50;A86;;;;920
42157;201300046773;13;1;18;1950;3;1;1;4.0;2;217;A13;;;;780
42158;201300046774;13;1;19;303;4;1;1;4.0;3;43;A13Y;;;;780
42159;201300046775;13;1;19;2105;3;1;1;4.0;6;126;A13;;;;780
42160;201300046776;13;1;24;1640;1;1;1;8.0;2;571;A13;;;;780
42161;201300046778;13;1;27;2045;5;1;1;1.0;6;23;RN385;;;;920
42162;201300046779;13;1;30;845;1;1;1;2.0;5;36;A86;;;;920
42163;201300046780;13;1;30;908;1;1;1;2.0;2;36;A86;;;;920
42164;201300046781;13;1;31;1840;4;1;1;1.0;2;43;A12 W;;;;780
42165;201300046782;13;2;1;800;4;1;1;2.0;2;158;A13;;;;780
42166;201300046783;13;2;1;1430;1;1;1;2.0;3;36;A86;;;;920
42167;201300046784;13;2;3;1657;1;1;1;1.0;5;76;A13;;;;920
42168;201300046785;13;2;3;1915;2;1;1;1.0;5;36;A86;;;;920
42169;201300046787;13;2;5;1220;1;1;1;1.0;7;25;A86;;;;920
42170;201300046788;13;2;6;900;1;1;1;2.0;3;117;RN12;;;;780
42171;201300046789;13;2;9;1630;1;1;1;1.0;7;25;A86;;;;920
42172;201300046790;13;2;10;1511;1;1;1;4.0;6;640;N118;;;;780
42173;201300046791;13;2;11;900;1;1;1;2.0;5;47;A13;;;;920
42174;201300046792;13;2;12;800;2;1;1;8.0;4;64;A13;;;;920
42175;201300046793;13;2;13;1815;5;1;1;1.0;5;362;A13;;;;780
42176;201300046794;13;2;14;800;1;1;1;2.0;2;64;A13;;;;920
42177;201300046796;13;2;18;730;1;1;1;1.0;3;48;N118;;;;920
42178;201300046797;13;2;18;1030;1;1;1;1.0;2;217;A13;;;;780
42179;201300046799;13;2;20;935;1;1;1;1.0;4;64;A13;;;;920
42180;201300046800;13;2;21;1000;1;1;1;1.0;6;50;A86;;;;920
42181;201300046801;13;2;21;1200;1;1;1;1.0;4;117;RN12;;;;780
42182;201300046802;13;2;22;535;3;1;1;1.0;2;72;N118;;;;920
42183;201300046803;13;2;22;1030;1;1;1;1.0;3;48;N118;;;;920
42184;201300046806;13;2;25;930;1;1;1;4.0;7;60;RN385;;;;920
42185;201300046807;13;2;25;1935;5;1;1;2.0;7;36;A86;;;;920
42186;201300046808;13;2;26;754;2;1;1;8.0;6;423;RN12;;;;780
42187;201300046809;13;2;26;915;1;1;1;8.0;4;646;RN12;;;;780
42188;201300046810;13;2;27;1750;1;1;9;1.0;4;362;A13;;;;780
42189;201300046812;13;2;28;750;1;1;1;1.0;3;640;A86 INT;;;;780
42190;201300046813;13;2;28;2150;5;1;4;1.0;3;62;RN1014 W;;;;920
42191;201300046814;13;3;2;1230;1;1;1;1.0;7;423;RN12;;;;780
42192;201300046815;13;3;2;2005;5;1;1;1.0;7;50;A86;;;;920
42193;201300046816;13;3;5;1400;1;1;1;1.0;7;490;RN12 EXT;;;;780
42194;201300046817;13;3;5;1450;1;1;1;1.0;7;50;A86;;;;920
42195;201300046818;13;3;5;1610;1;1;1;1.0;7;50;A14;;;;920
42196;201300046819;13;3;8;740;1;1;1;2.0;2;322;RN12 EXT;;;;780
42197;201300046821;13;3;9;730;2;1;1;1.0;4;291;A13;;;;780
42198;201300046822;13;3;9;1540;1;1;1;1.0;2;36;A86;;;;920
42199;201300046823;13;3;10;1337;1;1;1;1.0;6;423;A12 Y;;;;780
42200;201300046826;13;3;12;510;5;1;1;4.0;7;12;A13;;;;920
42201;201300046827;13;3;12;500;3;1;1;4.0;6;73;NON UTILISEE;;;;780
42202;201300046828;13;3;12;850;1;1;1;4.0;6;423;RN12;;;;780
42203;201300046829;13;3;13;830;1;1;1;4.0;6;431;A13;;;;780
42204;201300046830;13;3;13;2300;3;1;1;1.0;3;165;RN12 INT;;;;780
42205;201300046831;13;3;16;1751;1;1;1;1.0;4;25;A86;;;;920
42206;201300046832;13;3;17;1747;1;1;1;3.0;6;321;RN12 INT;;;;780
42207;201300046833;13;3;17;1747;1;1;1;3.0;4;64;A13;;;;920
42208;201300046834;13;3;20;845;1;1;1;1.0;2;640;A86 EXT;;;;780
42209;201300046835;13;3;20;1805;1;1;1;1.0;2;117;RN12;;;;780
42210;201300046836;13;3;21;723;1;1;1;1.0;2;423;RN12;;;;780
42211;201300046838;13;3;25;930;1;1;1;1.0;4;116;A13W;;;;750
42212;201300046839;13;3;25;945;1;1;1;1.0;5;672;A13;;;;780
42213;201300046840;13;3;25;1410;1;1;1;1.0;7;63;A86;;;;920
42214;201300046841;13;3;26;908;1;1;1;1.0;2;76;A13;;;;920
42215;201300046842;13;3;27;1513;1;1;1;1.0;6;50;A86;;;;920
42216;201300046843;13;3;28;1040;1;1;1;8.0;6;90;A13;;;;780
42217;201300046844;13;3;29;728;1;1;1;1.0;2;646;RN12;;;;780
42218;201300046845;13;3;29;1610;1;1;1;1.0;5;64;A13;;;;920
42219;201300046846;13;4;1;1250;1;1;1;1.0;5;64;A13;;;;920
42220;201300046847;13;4;1;1315;1;1;1;1.0;2;47;A13;;;;920
42221;201300046848;13;4;1;1455;1;1;1;1.0;4;133;A13;;;;780
42222;201300046849;13;4;4;925;1;1;1;1.0;3;50;A86;;;;920
42223;201300046850;13;4;4;2010;3;1;1;2.0;7;672;A13;;;;780
42224;201300046851;13;4;6;505;4;1;1;1.0;5;47;A13;;;;920
42225;201300046852;13;4;6;2300;4;1;1;1.0;7;297;RN12;;;;780
42226;201300046853;13;4;7;330;4;1;1;1.0;6;322;RN12;;;;780
42227;201300046854;13;4;8;605;3;1;1;1.0;6;646;RN12;;;;780
42228;201300046856;13;4;8;1912;1;1;1;1.0;3;423;RN12;;;;780
42229;201300046857;13;4;9;1520;1;1;1;3.0;5;140;A13;;;;780
42230;201300046858;13;4;9;1700;1;1;1;1.0;7;36;A86;;;;920
42231;201300046860;13;4;9;1940;1;1;1;1.0;2;64;A13;;;;920
42232;201300046861;13;4;10;1655;1;1;1;8.0;5;50;A86;;;;920
42233;201300046862;13;4;10;1730;1;1;1;2.0;3;498;A13;;;;780
42234;201300046863;13;4;11;1030;1;1;1;8.0;5;423;RN12 EXT;;;;780
42235;201300046864;13;4;11;1740;1;1;1;1.0;7;116;A13Y;;;;750
42236;201300046865;13;4;12;705;2;1;1;1.0;3;47;A13;;;;920
42237;201300046866;13;4;12;725;1;1;1;1.0;3;48;N118;;;;920
42238;201300046867;13;4;12;1000;1;1;1;2.0;2;51;RN13;;;;920
42239;201300046868;13;4;12;1745;1;1;1;1.0;2;297;RN12;;;;780
42240;201300046869;13;4;14;1745;1;1;1;1.0;2;545;A12 Y;;;;780
42241;201300046870;13;4;15;840;1;1;1;1.0;3;117;RN12;;;;780
42242;201300046871;13;4;15;935;1;1;1;2.0;2;51;RN13;;;;920
42243;201300046873;13;4;15;1200;1;1;1;1.0;7;402;A13;;;;780
42244;201300046874;13;4;15;1700;1;1;1;1.0;3;36;A86;;;;920
42245;201300046875;13;4;16;843;1;1;1;1.0;3;43;A13W;;;;780
42246;201300046876;13;4;13;2100;3;1;1;1.0;7;242;A12 Y;;;;780