;Num_Acc;an;mois;jour;hrmn;lum;agg;int;atm;col;com;adr;gps;lat;long;dep
42247;201300046877;13;4;17;840;1;1;1;1.0;6;640;A86 EXT;;;;780
42248;201300046878;13;4;17;905;1;1;1;1.0;2;640;N118;;;;780
42249;201300046880;13;4;18;840;1;1;1;1.0;2;524;A13;;;;780
42250;201300046882;13;4;18;1140;1;1;1;1.0;7;431;A13;;;;780
42251;201300046883;13;4;18;1405;1;1;1;1.0;7;29;A13W;;;;780
42252;201300046884;13;4;18;1840;1;1;1;1.0;6;571;A13;;;;780
42253;201300046886;13;4;21;640;1;1;1;1.0;6;25;A86;;;;920
42254;201300046887;13;4;21;1335;1;1;1;7.0;7;646;RN12;;;;780
42255;201300046888;13;4;22;105;5;1;1;1.0;6;362;A13;;;;780
42256;201300046889;13;4;23;935;1;1;1;1.0;2;50;A86;;;;920
42257;201300046890;13;4;23;1600;1;1;1;1.0;7;640;N118;;;;780
42258;201300046891;13;4;23;1815;1;1;1;1.0;2;36;A86;;;;920
42259;201300046893;13;4;24;1755;1;1;1;1.0;3;36;A86;;;;920
42260;201300046894;13;4;24;1920;1;1;1;1.0;4;36;A86;;;;920
42261;201300046895;13;4;25;135;4;1;1;1.0;3;25;A86;;;;920
42262;201300046896;13;4;25;840;1;1;1;1.0;3;72;N118;;;;920
42263;201300046897;13;4;25;945;1;1;1;1.0;3;36;A86;;;;920
42264;201300046898;13;4;25;1130;1;1;1;1.0;3;47;A13;;;;920
42265;201300046899;13;4;26;800;1;1;1;1.0;6;73;RN12 INT;;;;780
42266;201300046900;13;4;26;1758;1;1;1;2.0;5;48;N118;;;;920
42267;201300046901;13;4;28;700;2;1;1;1.0;7;133;A13;;;;780
42268;201300046902;13;4;28;2142;3;1;1;9.0;2;50;A14;;;;920
42269;201300046903;13;4;28;2300;3;1;1;1.0;5;466;A13;;;;780
42270;201300046904;13;4;30;200;3;1;1;1.0;7;423;NON UTILISEE;;;;780
42271;201300046905;13;5;1;250;3;1;1;1.0;6;291;A13;;;;780
42272;201300046906;13;5;1;2300;3;1;1;3.0;7;640;A86 INT;;;;780
42273;201300046908;13;5;3;1700;1;1;1;1.0;2;498;A13;;;;780
42274;201300046909;13;5;4;1650;1;1;1;1.0;7;51;N13;;;;920
42275;201300046910;13;5;5;1856;1;1;1;1.0;7;322;RN12 EXT;;;;780
42276;201300046911;13;5;4;2345;3;1;1;1.0;2;238;A13;;;;780
42277;201300046912;13;5;5;723;2;1;1;1.0;2;431;A13;;;;780
42278;201300046913;13;5;6;1520;1;1;1;1.0;7;362;A13;;;;780
42279;201300046914;13;5;7;805;1;1;1;1.0;7;73;RN12 INT;;;;780
42280;201300046915;13;5;7;1230;1;1;1;1.0;2;126;A13;;;;780
42281;201300046916;13;5;4;1600;1;1;1;1.0;7;431;A13;;;;780
42282;201300046917;13;5;6;1230;1;1;1;2.0;4;36;A86;;;;920
42283;201300046918;13;5;9;835;1;1;1;1.0;3;490;RN12 INT;;;;780
42284;201300046919;13;5;9;2000;2;1;1;1.0;6;62;RN1014 Y;;;;920
42285;201300046920;13;5;9;2123;1;1;1;1.0;7;321;RN12 INT;;;;780
42286;201300046921;13;5;10;500;5;1;1;1.0;6;242;A12 W;;;;780
42287;201300046922;13;5;12;1930;1;1;1;1.0;2;50;A86;;;;920
42288;201300046923;13;5;13;845;1;1;1;1.0;2;50;A14;;;;920
42289;201300046924;13;5;13;1510;1;1;1;1.0;3;25;A86;;;;920
42290;201300046925;13;5;13;1830;1;1;1;1.0;3;640;N118;;;;780
42291;201300046926;13;5;14;1730;1;1;1;1.0;6;29;A13Y;;;;780
42292;201300046928;13;5;15;250;4;1;1;1.0;6;672;A13;;;;780
42293;201300046929;13;5;15;1855;1;1;1;1.0;4;36;A86;;;;920
42294;201300046930;13;5;16;105;3;1;1;8.0;6;64;N118;;;;920
42295;201300046931;13;5;16;858;1;1;1;2.0;3;64;A13;;;;920
42296;201300046932;13;5;16;910;1;1;1;1.0;2;50;A86;;;;920
42297;201300046933;13;5;17;1545;1;1;1;1.0;2;36;A86;;;;920
42298;201300046934;13;5;17;1630;1;1;1;1.0;3;25;A86;;;;920
42299;201300046935;13;5;19;1815;1;1;1;2.0;3;291;A13;;;;780
42300;201300046936;13;5;21;805;1;1;1;2.0;7;646;RN12;;;;780
42301;201300046937;13;5;21;913;1;1;1;2.0;6;51;RN13;;;;920
42302;201300046938;13;5;21;1010;1;1;1;2.0;6;50;A14;;;;920
42303;201300046939;13;5;22;815;1;1;1;1.0;2;25;A86;;;;920
42304;201300046942;13;5;22;1500;1;1;1;1.0;4;36;A86;;;;920
42305;201300046945;13;5;23;755;1;1;1;1.0;3;26;RN192;;;;920
42306;201300046946;13;5;23;1300;1;1;1;1.0;2;73;A12 Y;;;;780
42307;201300046947;13;5;24;2340;3;1;1;2.0;6;466;A13;;;;780
42308;201300046948;13;5;25;245;5;1;1;5.0;6;76;A86 DUPLEX;;;;920
42309;201300046949;13;5;25;1150;1;1;1;1.0;7;43;A12 Y;;;;780
42310;201300046950;13;5;26;221;3;1;1;1.0;7;36;A86;;;;920
42311;201300046951;13;5;26;510;3;1;1;1.0;3;640;A86 INT;;;;780
42312;201300046953;13;5;26;2345;3;1;1;1.0;3;455;A13;;;;780
42313;201300046954;13;5;27;730;1;1;1;1.0;7;50;A86;;;;920
42314;201300046955;13;5;28;825;1;1;1;3.0;7;116;A13Y;;;;750
42315;201300046956;13;5;28;1329;1;1;1;2.0;7;64;N118;;;;920
42316;201300046957;13;5;28;1440;1;1;1;3.0;7;23;RN385;;;;920
42317;201300046958;13;5;28;1845;1;1;1;1.0;7;51;RN13;;;;920
42318;201300046959;13;5;13;910;1;1;1;1.0;2;43;A12 W;;;;780
42319;201300046960;13;5;29;1059;1;1;1;1.0;6;238;A13;;;;780
42320;201300046961;13;5;29;1320;1;1;1;1.0;7;423;A12 W;;;;780
42321;201300046962;13;5;30;740;1;1;1;2.0;4;466;A13;;;;780
42322;201300046963;13;5;30;2020;1;1;1;3.0;7;43;A12 Y;;;;780
42323;201300046965;13;6;1;250;4;1;1;1.0;3;640;A86 INT;;;;780
42324;201300046966;13;6;1;2010;1;1;1;1.0;6;64;A13;;;;920
42325;201300046967;13;6;2;355;3;1;1;1.0;2;466;A13;;;;780
42326;201300046968;13;6;2;1826;1;1;1;1.0;3;50;A86;;;;920
42327;201300046969;13;6;3;1315;1;1;1;1.0;5;362;A13;;;;780
42328;201300046970;13;6;3;1655;1;1;1;1.0;7;50;A86;;;;920
42329;201300046971;13;6;4;1845;1;1;1;1.0;3;51;RN13;;;;920
42330;201300046972;13;6;5;1615;1;1;1;1.0;6;50;A86;;;;920
42331;201300046973;13;6;6;1138;1;1;1;1.0;7;362;A13;;;;780
42332;201300046974;13;6;6;1625;1;1;1;1.0;5;29;A13Y;;;;780
42333;201300046975;13;6;7;820;1;1;1;1.0;2;36;RN315 W;;;;920
42334;201300046976;13;6;7;1930;1;1;1;1.0;3;455;A13;;;;780
42335;201300046977;13;6;8;1630;1;1;1;1.0;3;640;A86 EXT;;;;780
42336;201300046978;13;6;8;1945;1;1;1;1.0;6;466;A13;;;;780
42337;201300046979;13;6;9;1245;1;1;1;1.0;5;640;A86 EXT;;;;780
42338;201300046980;13;6;10;1940;1;1;1;1.0;5;36;RN315 Y;;;;920
42339;201300046981;13;6;11;720;1;1;1;1.0;6;36;A86;;;;920
42340;201300046982;13;6;11;830;1;1;1;1.0;2;50;A86;;;;920
42341;201300046983;13;6;13;640;1;1;1;8.0;2;25;A86;;;;920
42342;201300046984;13;6;13;835;1;1;1;1.0;6;498;A14;;;;780
42343;201300046985;13;6;13;915;1;1;1;1.0;6;396;A14;;;;780
42344;201300046987;13;6;14;935;1;1;1;1.0;2;47;A13;;;;920
42345;201300046988;13;6;15;1825;1;1;1;1.0;4;238;A13;;;;780
42346;201300046989;13;6;15;2340;5;1;1;1.0;7;545;A12 W;;;;780
42347;201300046991;13;6;16;1600;1;1;1;1.0;7;47;A13;;;;920
42348;201300046992;13;6;18;608;1;1;1;1.0;7;423;RN12 EXT;;;;780
42349;201300046993;13;6;18;920;1;1;1;1.0;2;466;A13;;;;780
42350;201300046994;13;6;19;2040;1;1;1;8.0;7;43;A12 Y;;;;780
42351;201300046995;13;6;20;520;2;1;1;1.0;6;29;A13Y;;;;780
42352;201300046996;13;6;20;856;1;1;1;2.0;3;116;A13Y;;;;750
42353;201300046998;13;6;21;1310;1;1;1;1.0;3;646;RN12;;;;780
42354;201300046999;13;6;21;1740;1;1;1;1.0;6;646;RN12;;;;780
42355;201300047000;13;6;23;1710;1;1;1;1.0;5;47;A13;;;;920
42356;201300047001;13;6;24;2240;5;1;1;1.0;6;466;A14;;;;780
42357;201300047002;13;6;24;1400;1;1;1;1.0;6;29;A13Y;;;;780
42358;201300047004;13;6;25;1537;1;1;1;1.0;5;76;A13;;;;920
42359;201300047005;13;6;25;2045;1;1;1;1.0;5;12;A13;;;;920
42360;201300047006;13;6;26;2145;2;1;1;1.0;7;140;A13;;;;780
42361;201300047007;13;6;27;806;5;1;1;1.0;2;50;A86;;;;920
42362;201300047008;13;6;27;835;1;1;1;8.0;6;64;A13;;;;920
42363;201300047009;13;6;27;900;1;1;1;2.0;6;25;A86;;;;920
42364;201300047010;13;6;27;900;1;1;1;2.0;6;126;A13;;;;780
42365;201300047011;13;6;27;927;1;1;1;8.0;6;36;RN315 W;;;;920
42366;201300047012;13;6;27;950;1;1;1;2.0;2;47;A13;;;;920
42367;201300047013;13;6;27;1035;1;1;1;8.0;2;47;A13;;;;920
42368;201300047016;13;6;29;1150;1;1;1;1.0;3;7;A13W;;;;780
42369;201300047018;13;6;22;1930;1;1;1;1.0;2;640;N118;;;;780
42370;201300047019;13;6;30;500;2;1;1;1.0;7;545;A12 Y;;;;780
42371;201300047020;13;6;30;1300;1;1;1;1.0;2;36;A86;;;;920
42372;201300047021;13;7;1;1115;1;1;1;1.0;6;362;A13;;;;780
42373;201300047022;13;7;2;649;1;1;1;1.0;6;217;A13;;;;780
42374;201300047023;13;7;3;520;2;1;1;1.0;5;672;A13;;;;780
42375;201300047024;13;7;4;1830;1;1;1;8.0;5;26;RN1014 Y;;;;920
42376;201300047025;13;7;4;2115;1;1;1;1.0;3;50;A14;;;;920
42377;201300047026;13;7;5;915;1;1;1;1.0;3;43;A12 Y;;;;780
42378;201300047027;13;7;5;1300;1;1;1;1.0;4;36;RN315 W;;;;920
42379;201300047028;13;7;5;1605;1;1;1;1.0;2;63;A86;;;;920
42380;201300047029;13;7;5;1825;1;1;1;1.0;2;672;A13;;;;780
42381;201300047030;13;7;5;2000;2;1;1;1.0;6;72;N118;;;;920
42382;201300047031;13;7;6;617;2;1;1;1.0;6;431;A13;;;;780
42383;201300047032;13;7;8;1200;1;1;1;1.0;3;25;A86;;;;920
42384;201300047033;13;7;7;635;1;1;1;1.0;7;217;A13;;;;780
42385;201300047034;13;7;7;1850;1;1;1;1.0;7;64;A13;;;;920
42386;201300047035;13;7;8;2035;1;1;1;1.0;3;126;A13;;;;780
42387;201300047036;13;7;7;2250;3;1;1;1.0;5;402;A13;;;;780
42388;201300047037;13;7;8;805;1;1;1;1.0;2;233;A13;;;;780
42389;201300047038;13;7;9;1825;1;1;1;1.0;2;36;A86;;;;920
42390;201300047039;13;7;10;1700;1;1;1;1.0;2;50;A86;;;;920
42391;201300047040;13;7;11;815;1;1;1;1.0;5;36;A86;;;;920
42392;201300047041;13;7;11;855;1;1;1;1.0;7;47;A13;;;;920
42393;201300047042;13;7;12;1520;1;1;1;1.0;5;36;A86;;;;920
42394;201300047043;13;7;13;1400;1;1;1;1.0;5;140;A13;;;;780
42395;201300047044;13;7;14;2010;1;1;1;1.0;2;73;RN12 INT;;;;780
42396;201300047045;13;7;15;540;2;1;1;1.0;5;43;A12 Y;;;;780
42397;201300047046;13;7;16;856;1;1;1;1.0;3;291;A13;;;;780
42398;201300047047;13;7;16;1110;1;1;1;1.0;2;64;A13;;;;920
42399;201300047048;13;7;16;1810;1;1;1;1.0;2;73;RN12 INT;;;;780
42400;201300047049;13;7;16;1825;1;1;1;1.0;2;64;A13;;;;920
42401;201300047050;13;7;17;1633;1;1;1;1.0;5;50;A86;;;;920
42402;201300047051;13;7;17;1920;1;1;1;7.0;2;423;RN12 EXT;;;;780
42403;201300047052;13;7;18;815;1;1;1;1.0;3;206;A13;;;;780
42404;201300047053;13;7;18;855;1;1;1;1.0;2;133;A13;;;;780
42405;201300047054;13;7;18;1000;1;1;1;1.0;5;466;A13;;;;780
42406;201300047055;13;7;18;1817;1;1;1;1.0;3;25;A86;;;;920
42407;201300047056;13;7;19;1837;1;1;1;1.0;2;25;A86;;;;920
42408;201300047057;13;7;21;1050;1;1;1;1.0;2;362;A13;;;;780
42409;201300047058;13;7;22;840;1;1;1;1.0;3;47;A13;;;;920
42410;201300047059;13;7;23;1424;1;1;1;1.0;6;63;A86;;;;920
42411;201300047060;13;7;23;1605;1;1;1;1.0;3;72;N118;;;;920
42412;201300047061;13;7;25;710;1;1;1;1.0;2;29;A13Y;;;;780
42413;201300047062;13;7;26;943;1;1;1;1.0;7;297;RN12;;;;780
42414;201300047063;13;7;27;1706;1;1;1;2.0;1;490;RN12 INT;;;;780
42415;201300047064;13;7;27;1750;1;1;1;1.0;7;47;A13;;;;920
42416;201300047065;13;7;28;1112;1;1;1;1.0;3;36;RN315 W;;;;920
42417;201300047066;13;7;28;1832;1;1;1;1.0;6;423;A12 W;;;;780
42418;201300047067;13;7;28;1905;1;1;1;1.0;7;571;A13;;;;780
42419;201300047068;13;7;28;2112;2;1;1;2.0;6;431;A13;;;;780
42420;201300047069;13;7;28;2255;3;1;1;9.0;6;466;A13;;;;780
42421;201300047071;13;7;29;1710;1;1;1;1.0;5;50;A86;;;;920
42422;201300047072;13;7;29;1750;1;1;1;1.0;2;12;A13;;;;920
42423;201300047073;13;7;29;1820;1;1;1;1.0;5;640;N118;;;;780
42424;201300047075;13;7;31;1920;1;1;1;1.0;2;524;A13;;;;780
42425;201300047076;13;7;31;2055;1;1;1;1.0;7;26;RN1014 Y;;;;920
42426;201300047077;13;8;1;50;4;1;1;1.0;6;73;RN12 INT;;;;780
42427;201300047078;13;8;1;1159;1;1;1;1.0;3;43;A12 Y;;;;780
42428;201300047079;13;8;1;1430;1;1;1;1.0;2;466;A13;;;;780
42429;201300047080;13;8;3;1355;1;1;1;1.0;6;36;RN315 W;;;;920
42430;201300047081;13;8;3;2023;1;1;1;1.0;3;50;A14;;;;920
42431;201300047082;13;8;7;830;1;1;1;3.0;3;466;A13;;;;780
42432;201300047084;13;8;8;855;1;1;1;1.0;3;25;A86;;;;920
42433;201300047086;13;8;12;1720;1;1;1;1.0;4;571;A13;;;;780
42434;201300047088;13;8;13;1037;1;1;1;1.0;3;4;RN315 Y;;;;920
42435;201300047089;13;8;15;1015;1;1;1;1.0;5;362;A13;;;;780
42436;201300047090;13;8;15;1115;1;1;1;1.0;3;291;A13;;;;780
42437;201300047091;13;8;17;1110;1;1;1;1.0;6;402;A13;;;;780
42438;201300047093;13;8;18;16;4;1;1;1.0;4;431;A13;;;;780
42439;201300047094;13;8;19;2335;3;1;1;1.0;2;322;RN12;;;;780
42440;201300047095;13;8;21;1515;1;1;1;1.0;2;29;A13W;;;;780
42441;201300047096;13;8;22;535;3;1;1;1.0;7;498;A13;;;;780
42442;201300047097;13;8;23;1020;1;1;1;1.0;5;291;A13;;;;780
42443;201300047098;13;8;25;1710;1;1;1;2.0;6;36;A86;;;;920
42444;201300047100;13;8;27;856;1;1;1;1.0;3;25;A86;;;;920
42445;201300047101;13;8;27;1545;1;1;1;1.0;2;73;N12Y;;;;780
42446;201300047102;13;8;28;1818;1;1;1;1.0;3;640;A86 EXT;;;;780
42447;201300047103;13;8;28;1920;1;1;1;1.0;2;51;RN13;;;;920
42448;201300047104;13;8;31;200;5;1;1;1.0;2;551;SE A14;;;;780
42449;201300047105;13;8;31;2020;1;1;1;1.0;2;402;A13;;;;780
42450;201300047106;13;9;1;720;2;1;1;1.0;2;646;RN12;;;;780
42451;201300047107;13;9;1;1705;1;1;1;1.0;5;64;A13;;;;920
42452;201300047108;13;9;2;930;1;1;1;1.0;6;63;A86;;;;920
42453;201300047109;13;9;2;1440;1;1;1;7.0;6;217;A13;;;;780
42454;201300047111;13;9;2;1900;1;1;1;1.0;2;402;A13;;;;780
42455;201300047112;13;9;3;910;1;1;1;1.0;5;423;RN12 EXT;;;;780
42456;201300047113;13;9;3;1815;1;1;1;1.0;3;640;RN12 INT;;;;780
42457;201300047114;13;9;4;1705;1;1;1;1.0;2;63;A86;;;;920
42458;201300047115;13;9;4;2130;4;1;1;1.0;2;640;A86 INT;;;;780
42459;201300047116;13;9;5;935;1;1;1;7.0;6;423;RN12;;;;780
42460;201300047117;13;9;5;1000;1;1;1;1.0;4;25;A86;;;;920
42461;201300047119;13;9;6;715;2;1;1;1.0;3;50;A86;;;;920
42462;201300047120;13;9;6;925;1;1;1;1.0;7;36;A86;;;;920
42463;201300047121;13;9;7;915;1;1;1;1.0;6;206;A13;;;;780
42464;201300047122;13;9;8;2240;3;1;1;8.0;6;490;RN12 EXT;;;;780
42465;201300047123;13;9;8;1610;1;1;1;1.0;2;47;A13;;;;920
42466;201300047124;13;9;9;900;1;1;1;1.0;2;50;A86;;;;920
42467;201300047125;13;9;9;1345;1;1;1;2.0;6;362;A13;;;;780
42468;201300047126;13;9;9;1935;1;1;1;9.0;6;36;RN315 Y;;;;920
42469;201300047127;13;9;10;741;1;1;1;1.0;6;133;A13;;;;780
42470;201300047128;13;9;10;800;1;1;1;1.0;5;90;A13;;;;780
42471;201300047129;13;9;10;951;1;1;1;1.0;7;12;A13;;;;920
42472;201300047130;13;9;10;1450;1;1;1;1.0;6;362;A13;;;;780
42473;201300047131;13;9;11;512;4;1;1;1.0;7;36;A86;;;;920
42474;201300047132;13;9;11;810;1;1;1;1.0;2;297;RN12;;;;780
42475;201300047133;13;9;12;200;3;1;1;1.0;7;72;N118;;;;920
42476;201300047134;13;9;12;930;1;1;1;1.0;5;50;A14;;;;920
42477;201300047135;13;9;12;1745;1;1;1;8.0;5;50;A86;;;;920
42478;201300047136;13;9;14;2034;4;1;1;3.0;7;640;A86 EXT;;;;780
42479;201300047137;13;9;15;915;1;1;1;1.0;4;36;A86;;;;920
42480;201300047138;13;9;16;705;2;1;1;2.0;7;60;RN385;;;;920
42481;201300047139;13;9;16;733;1;1;1;1.0;6;133;A13;;;;780
42482;201300047140;13;9;16;900;5;1;1;1.0;3;50;A86;;;;920
42483;201300047141;13;9;2;815;1;1;1;1.0;6;140;A13;;;;780
42484;201300047142;13;9;16;1250;1;1;1;1.0;7;545;A12 W;;;;780
42485;201300047143;13;9;17;1250;1;1;1;1.0;5;47;A13;;;;920
42486;201300047144;13;9;16;1918;1;1;1;2.0;2;64;A13;;;;920
42487;201300047145;13;9;16;2141;5;1;1;2.0;7;640;N118;;;;780
42488;201300047146;13;9;17;755;1;1;1;8.0;5;25;A86;;;;920
42489;201300047147;13;9;17;1415;1;1;1;1.0;6;297;NON UTILISEE;;;;780
42490;201300047148;13;9;17;1943;2;1;1;2.0;7;25;A86;;;;920
42491;201300047149;13;9;18;746;1;1;1;1.0;6;76;A13;;;;920
42492;201300047150;13;9;18;1930;2;1;1;2.0;2;116;A13Y;;;;750
42493;201300047151;13;9;19;1500;1;1;1;1.0;7;12;A13;;;;920
42494;201300047153;13;9;20;1640;1;1;1;1.0;7;50;A86;;;;920
42495;201300047154;13;9;20;1750;1;1;1;1.0;4;640;A86 EXT;;;;780
42496;201300047157;13;9;21;1815;1;1;1;1.0;4;64;A13;;;;920
42497;201300047158;13;9;21;1900;1;1;1;1.0;2;50;A14;;;;920
42498;201300047160;13;9;23;805;1;1;1;1.0;3;322;RN12;;;;780
42499;201300047161;13;9;23;840;1;1;1;1.0;2;646;RN12;;;;780
42500;201300047162;13;9;24;945;1;1;1;1.0;2;36;A86;;;;920
42501;201300047163;13;9;24;1010;1;1;1;1.0;2;640;A86 EXT;;;;780
42502;201300047164;13;9;24;1105;1;1;1;1.0;7;62;RN1014 W;;;;920
42503;201300047165;13;9;13;1715;1;1;1;1.0;3;36;A86;;;;920
42504;201300047166;13;9;24;1520;1;1;1;1.0;3;36;A86;;;;920
42505;201300047167;13;9;25;1850;1;1;1;1.0;2;72;N118;;;;920
42506;201300047168;13;9;27;30;5;1;1;1.0;2;50;A14;;;;920
42507;201300047169;13;9;27;1730;1;1;1;1.0;7;43;A12 Y;;;;780
42508;201300047170;13;9;28;244;5;1;1;8.0;2;646;RN12;;;;780
42509;201300047171;13;9;28;505;5;1;1;2.0;5;51;RN13;;;;920
42510;201300047172;13;9;28;1530;1;1;1;1.0;2;25;A86;;;;920
42511;201300047173;13;9;30;835;1;1;1;8.0;6;36;A86;;;;920
42512;201300047174;13;9;30;1923;5;1;1;1.0;7;640;A86 EXT;;;;780
42513;201300047175;13;10;1;800;1;1;1;1.0;2;50;A14;;;;920
42514;201300047177;13;10;1;909;1;1;1;1.0;2;25;A86;;;;920
42515;201300047179;13;10;2;845;1;1;1;1.0;3;47;A13;;;;920
42516;201300047180;13;10;2;1750;1;1;1;1.0;3;242;A12 W;;;;780
42517;201300047181;13;10;2;2035;3;1;1;1.0;7;90;A13;;;;780
42518;201300047183;13;10;3;2225;5;1;1;2.0;7;51;RN13;;;;920
42519;201300047184;13;10;4;900;1;1;1;1.0;5;640;A86 EXT;;;;780
42520;201300047185;13;10;4;900;1;1;1;1.0;4;50;A86;;;;920
42521;201300047186;13;10;4;1535;1;1;1;1.0;4;423;RN12;;;;780
42522;201300047187;13;10;5;2034;5;1;1;1.0;5;36;A86;;;;920
42523;201300047188;13;10;6;1950;2;1;1;1.0;2;362;A13;;;;780
42524;201300047189;13;10;7;645;3;1;1;1.0;6;646;RN12;;;;780
42525;201300047190;13;10;7;915;1;1;1;1.0;2;72;N118;;;;920
42526;201300047191;13;10;7;1040;1;1;1;1.0;3;51;N13;;;;920
42527;201300047192;13;10;7;1415;1;1;1;1.0;7;466;A13;;;;780
42528;201300047194;13;10;7;1510;1;1;1;1.0;2;490;RN12 INT;;;;780
42529;201300047195;13;10;9;1830;1;1;1;1.0;4;73;A12 W;;;;780
42530;201300047197;13;10;10;730;3;1;1;8.0;3;48;N118;;;;920
42531;201300047198;13;10;10;920;1;1;1;1.0;6;47;A13;;;;920
42532;201300047199;13;10;11;900;2;1;1;2.0;7;48;N118;;;;920
42533;201300047200;13;10;12;2;3;1;1;2.0;6;48;N118;;;;920
42534;201300047201;13;10;12;157;4;1;1;1.0;6;291;A13;;;;780
42535;201300047202;13;10;12;1425;1;1;1;1.0;2;62;RN1014 W;;;;920
42536;201300047203;13;10;14;2015;3;1;1;1.0;4;362;A13;;;;780
42537;201300047204;13;10;14;545;3;1;1;1.0;7;63;A86;;;;920
42538;201300047205;13;10;14;730;2;1;1;1.0;2;64;A13;;;;920
42539;201300047206;13;10;15;915;1;1;1;1.0;5;36;A86;;;;920
42540;201300047207;13;10;15;2325;3;1;1;1.0;3;140;A13;;;;780
42541;201300047208;13;10;16;1500;1;1;1;2.0;5;118;A13;;;;780
42542;201300047209;13;10;16;1545;1;1;1;3.0;6;498;A13;;;;780
42543;201300047210;13;10;16;1710;1;1;1;2.0;2;25;A86;;;;920
42544;201300047211;13;10;16;1855;5;1;1;2.0;3;36;A86;;;;920
42545;201300047213;13;10;17;725;3;1;1;8.0;2;322;RN12 EXT;;;;780
42546;201300047214;13;10;17;1844;2;1;1;1.0;2;50;A86;;;;920
42547;201300047215;13;10;18;1815;2;1;1;1.0;2;498;A13;;;;780
42548;201300047216;13;10;19;2342;3;1;1;1.0;5;238;A13;;;;780
42549;201300047217;13;10;19;345;3;1;1;1.0;6;206;A13;;;;780
42550;201300047218;13;10;20;700;3;1;1;3.0;4;466;A13;;;;780
42551;201300047219;13;10;20;939;1;1;1;1.0;4;646;RN12;;;;780
42552;201300047220;13;10;21;800;1;1;1;1.0;3;48;N118;;;;920
42553;201300047221;13;10;21;1820;5;1;1;1.0;3;63;A86;;;;920
42554;201300047222;13;10;22;2000;3;1;1;1.0;6;455;A13;;;;780
42555;201300047223;13;10;23;655;3;1;1;1.0;5;43;A12 Y;;;;780
42556;201300047225;13;10;23;1745;1;1;1;2.0;3;50;A86;;;;920
42557;201300047227;13;10;25;742;2;1;1;2.0;5;43;A12 W;;;;780
42558;201300047228;13;10;26;1620;1;1;1;1.0;7;321;RN12 INT;;;;780
42559;201300047229;13;10;27;1730;2;1;1;3.0;2;640;A86 EXT;;;;780
42560;201300047230;13;10;27;1738;5;1;1;1.0;5;362;A13;;;;780
42561;201300047231;13;10;27;1930;3;1;9;2.0;2;238;A13;;;;780
42562;201300047232;13;10;27;2253;5;1;1;3.0;6;124;SE A14;;;;780
42563;201300047233;13;10;28;800;2;1;1;2.0;5;423;RN12 EXT;;;;780
42564;201300047234;13;10;28;850;2;1;1;3.0;2;640;A86 EXT;;;;780
42565;201300047236;13;10;29;752;1;1;1;1.0;3;36;A86;;;;920
42566;201300047238;13;10;29;2026;5;1;1;1.0;1;48;N118;;;;920
42567;201300047239;13;10;30;706;2;1;1;1.0;3;524;A13;;;;780
42568;201300047240;13;10;30;1812;2;1;1;1.0;2;36;A86;;;;920
42569;201300047241;13;11;1;1100;1;1;1;2.0;4;402;A13;;;;780
42570;201300047242;13;11;1;1642;1;1;1;2.0;6;423;RN12;;;;780
42571;201300047243;13;11;2;715;2;1;1;2.0;6;72;N118;;;;920
42572;201300047244;13;11;2;820;1;1;1;2.0;6;72;N118;;;;920
42573;201300047245;13;11;3;2015;3;1;1;2.0;2;238;A13;;;;780
42574;201300047246;13;11;4;905;1;1;1;1.0;2;646;RN12;;;;780
42575;201300047247;13;11;4;1010;1;1;1;1.0;7;25;A86;;;;920
42576;201300047248;13;11;5;1240;1;1;1;2.0;6;43;A12 Y;;;;780
42577;201300047249;13;11;6;536;3;1;1;3.0;7;158;A13;;;;780
42578;201300047250;13;11;6;835;1;1;1;8.0;7;36;A86;;;;920
42579;201300047251;13;11;6;1515;1;1;1;1.0;3;64;A13;;;;920
42580;201300047252;13;11;7;715;3;1;1;3.0;6;25;A86;;;;920
42581;201300047253;13;11;7;1450;1;1;1;1.0;7;63;A86;;;;920
42582;201300047254;13;11;7;1715;3;1;1;2.0;1;646;RN12;;;;780
42583;201300047255;13;11;7;1755;5;1;1;2.0;6;402;A13;;;;780
42584;201300047256;13;11;8;1300;1;1;1;2.0;3;36;A86;;;;920
42585;201300047257;13;11;8;1342;1;1;1;2.0;6;490;RN12 EXT;;;;780
42586;201300047258;13;11;8;1530;1;1;1;2.0;2;640;A86 INT;;;;780
42587;201300047259;13;11;9;1030;1;1;1;1.0;7;524;A13;;;;780
42588;201300047260;13;11;11;2000;5;1;1;1.0;6;117;RN12;;;;780
42589;201300047261;13;11;12;625;3;1;1;2.0;3;291;A13;;;;780
42590;201300047262;13;11;12;920;1;1;1;1.0;3;50;A86;;;;920
42591;201300047263;13;11;12;1135;1;1;1;2.0;2;26;RN1014 Y;;;;920
42592;201300047264;13;11;12;1830;5;1;1;2.0;5;362;A13;;;;780
42593;201300047265;13;11;13;740;2;1;1;1.0;6;36;A86;;;;920
42594;201300047266;13;11;14;1300;1;1;1;2.0;6;524;A13;;;;780
42595;201300047267;13;11;14;1445;1;1;1;2.0;7;26;RN1014 Y;;;;920
42596;201300047268;13;11;14;1800;5;1;1;1.0;3;418;A14;;;;780
42597;201300047269;13;11;14;1942;3;1;1;1.0;4;64;A13;;;;920
42598;201300047270;13;11;15;900;1;1;1;2.0;4;545;A12 Y;;;;780