;Num_Acc;an;mois;jour;hrmn;lum;agg;int;atm;col;com;adr;gps;lat;long;dep
42599;201300047271;13;11;15;1920;5;1;1;1.0;3;50;A86;;;;920
42600;201300047272;13;11;17;1900;3;1;1;1.0;6;646;RN12;;;;780
42601;201300047273;13;11;18;805;1;1;1;1.0;5;640;A86 EXT;;;;780
42602;201300047274;13;11;19;805;1;1;1;2.0;3;36;A86;;;;920
42603;201300047275;13;11;19;1735;1;1;1;1.0;2;48;N118;;;;920
42604;201300047277;13;11;21;1220;1;1;9;8.0;7;640;N118;;;;780
42605;201300047278;13;11;21;1410;1;1;1;1.0;7;63;A86;;;;920
42606;201300047279;13;11;21;1427;1;1;1;8.0;7;36;A86;;;;920
42607;201300047280;13;11;21;1730;3;1;1;2.0;3;50;A86;;;;920
42608;201300047281;13;11;21;2040;5;1;1;1.0;6;238;A13;;;;780
42609;201300047282;13;11;22;805;1;1;1;1.0;2;291;A13;;;;780
42610;201300047283;13;11;22;1335;1;1;1;8.0;2;63;A86;;;;920
42611;201300047284;13;11;22;1655;3;1;1;1.0;6;206;A13;;;;780
42612;201300047285;13;11;22;1751;3;1;1;1.0;3;36;A86;;;;920
42613;201300047286;13;11;22;1840;3;1;1;1.0;2;571;A13;;;;780
42614;201300047287;13;11;25;935;1;1;1;8.0;2;63;A86;;;;920
42615;201300047288;13;11;26;540;5;1;1;1.0;6;466;A13;;;;780
42616;201300047289;13;11;26;900;1;1;1;1.0;6;640;N118;;;;780
42617;201300047290;13;11;27;1445;1;1;1;1.0;2;545;NON UTILISEE;;;;780
42618;201300047291;13;11;28;147;3;1;1;1.0;1;47;A13;;;;920
42619;201300047292;13;11;28;730;4;1;1;1.0;3;43;A12 W;;;;780
42620;201300047293;13;11;28;826;1;1;1;1.0;5;50;A86;;;;920
42621;201300047294;13;11;28;842;1;1;1;1.0;6;431;A13;;;;780
42622;201300047295;13;11;29;1015;1;1;1;1.0;3;64;A13;;;;920
42623;201300047297;13;11;30;1530;1;1;9;1.0;6;43;A12 W;;;;780
42624;201300047298;13;12;1;910;1;1;1;1.0;7;466;A13;;;;780
42625;201300047299;13;12;3;1830;5;1;1;5.0;2;321;RN12 INT;;;;780
42626;201300047300;13;12;4;935;1;1;1;1.0;7;48;N118;;;;920
42627;201300047301;13;12;5;815;5;1;1;9.0;4;36;A86;;;;920
42628;201300047302;13;12;5;1732;3;1;1;1.0;2;36;A86;;;;920
42629;201300047303;13;12;5;1738;4;1;1;1.0;3;640;RN12 INT;;;;780
42630;201300047304;13;12;6;1815;5;1;1;1.0;2;73;NON UTILISEE;;;;780
42631;201300047305;13;12;6;1925;5;1;1;1.0;2;362;A13;;;;780
42632;201300047306;13;12;6;2055;5;1;1;1.0;2;50;A86;;;;920
42633;201300047307;13;12;7;1025;1;1;1;1.0;2;12;A13;;;;920
42634;201300047308;13;12;7;1300;1;1;1;1.0;7;423;RN12 EXT;;;;780
42635;201300047310;13;12;8;1636;1;1;1;1.0;2;62;RN1014 W;;;;920
42636;201300047311;13;12;9;344;4;1;1;1.0;6;36;A86;;;;920
42637;201300047313;13;12;9;650;3;1;1;1.0;2;297;RN12;;;;780
42638;201300047314;13;12;9;917;1;1;1;1.0;5;238;A13;;;;780
42639;201300047316;13;12;10;830;1;1;1;5.0;2;206;A13;;;;780
42640;201300047317;13;12;12;2302;3;1;1;8.0;6;36;A86;;;;920
42641;201300047318;13;12;12;2310;3;1;1;1.0;6;402;A13;;;;780
42642;201300047319;13;12;13;1800;3;1;1;1.0;5;36;A86;;;;920
42643;201300047320;13;12;14;114;4;1;1;2.0;7;455;A13;;;;780
42644;201300047321;13;12;14;625;3;1;1;9.0;6;423;A12 Y;;;;780
42645;201300047323;13;12;14;1533;1;1;1;1.0;2;64;A13;;;;920
42646;201300047324;13;12;15;135;5;1;9;1.0;2;64;A13;;;;920
42647;201300047325;13;12;15;1624;1;1;1;1.0;6;43;A12 Y;;;;780
42648;201300047326;13;12;16;1420;1;1;1;7.0;6;64;A13;;;;920
42649;201300047329;13;12;17;1130;1;1;1;1.0;4;36;A86;;;;920
42650;201300047330;13;12;19;800;2;1;1;2.0;3;36;A86;;;;920
42651;201300047332;13;12;19;1000;1;1;1;1.0;2;47;A13;;;;920
42652;201300047333;13;12;16;1640;1;1;1;1.0;6;362;A13;;;;780
42653;201300047334;13;12;19;1835;3;1;1;1.0;3;640;N118;;;;780
42654;201300047335;13;12;20;1235;1;1;1;1.0;5;133;A13;;;;780
42655;201300047337;13;12;23;1950;3;1;1;1.0;1;158;A13;;;;780
42656;201300047338;13;12;24;1950;3;1;1;2.0;6;63;A86;;;;920
42657;201300047339;13;12;27;955;1;1;1;2.0;6;72;N118;;;;920
42658;201300047340;13;12;28;305;5;1;1;3.0;6;291;A13;;;;780
42659;201300047341;13;12;28;505;5;1;1;2.0;6;158;A13;;;;780
42660;201300047342;13;12;31;1005;1;1;1;2.0;6;50;A86;;;;920
42661;201300047343;13;12;31;1840;3;1;1;2.0;2;455;A13;;;;780
42662;201300047344;13;12;31;2230;3;1;1;2.0;7;50;A14;;;;920
42663;201300047345;13;1;1;500;4;1;1;3.0;2;161;AUTOROUTE A126;;;;910
42664;201300047346;13;1;1;1130;1;1;1;2.0;7;43;A6B;M;4881310.0;235383.0;940
42665;201300047348;13;1;3;1127;1;1;1;2.0;7;521;RN 104;;;;910
42666;201300047349;13;1;3;1410;1;1;1;2.0;2;689;AUTOROUTE A6;;;;910
42667;201300047350;13;1;3;1436;1;1;1;2.0;6;468;AUTOROUTE A6;;;;910
42668;201300047351;13;1;3;2105;3;1;1;2.0;4;64;RN 118;;;;910
42669;201300047352;13;1;4;1650;2;1;1;2.0;4;617;RN 104;;;;910
42670;201300047353;13;1;6;1510;1;1;1;1.0;4;434;AUTOROUTE A6;;;;910
42671;201300047354;13;1;6;1505;1;1;1;1.0;5;434;AUTOROUTE A6;;;;910
42672;201300047355;13;1;7;1450;1;1;1;1.0;4;235;RN 104;;;;910
42673;201300047356;13;1;7;1845;3;1;1;1.0;7;340;AUTOROUTE A6;;;;910
42674;201300047357;13;1;9;1611;1;1;1;1.0;7;161;AUTOROUTE A6;;;;910
42675;201300047358;13;1;9;1807;3;1;1;2.0;4;174;RN 104;;;;910
42676;201300047359;13;1;9;1842;3;1;1;2.0;4;549;RN 104;;;;910
42677;201300047360;13;1;10;835;1;1;1;2.0;3;589;AUTOROUTE A6;;;;910
42678;201300047361;13;1;10;1500;1;1;1;2.0;7;182;RN 104;;;;910
42679;201300047362;13;1;10;1611;1;1;1;2.0;3;363;RN 104;;;;910
42680;201300047363;13;1;11;921;1;1;1;1.0;4;345;AUTOROUTE A6;;;;910
42681;201300047364;13;1;11;2035;5;1;1;1.0;2;34;A86;M;4875550.0;234092.0;940
42682;201300047365;13;5;1;1903;1;1;1;8.0;3;521;RN 104;;;;910
42683;201300047366;13;1;14;1020;1;1;1;1.0;2;363;RN 104;;;;910
42684;201300047367;13;1;14;1255;1;1;1;1.0;5;553;RN 104;;;;910
42685;201300047368;13;1;15;800;2;1;1;4.0;5;251;AUTOROUTE A5A;;;;770
42686;201300047369;13;1;17;1035;1;1;1;1.0;4;216;AUTOROUTE A6;;;;910
42687;201300047370;13;1;18;236;5;1;1;1.0;7;38;A6A;M;4878700.0;234524.0;940
42688;201300047371;13;1;18;1705;1;1;1;4.0;3;689;AUTOROUTE A6A;;;;910
42689;201300047372;13;1;19;1120;1;1;1;4.0;6;521;RN 449;;;;910
42690;201300047373;13;1;22;925;1;1;1;2.0;2;3;A6A;M;4879850.0;234312.0;940
42691;201300047374;13;1;22;1330;1;1;1;2.0;6;174;RN 104;;;;910
42692;201300047375;13;1;22;1720;1;1;1;1.0;6;521;RN 104;;;;910
42693;201300047377;13;1;25;1548;1;1;1;1.0;6;2;AUTOROUTE A86;;;;920
42694;201300047378;13;1;25;1919;3;1;1;1.0;3;64;RN 118;;;;910
42695;201300047379;13;1;26;830;1;1;1;8.0;7;521;RN 449;;;;910
42696;201300047380;13;1;27;735;3;1;1;2.0;2;589;AUTOROUTE A6;;;;910
42697;201300047381;13;1;27;753;1;1;1;2.0;2;21;A106;M;4876110.0;234514.0;940
42698;201300047382;13;1;28;921;1;1;1;1.0;7;64;RD 444;;;;910
42699;201300047383;13;1;29;1244;1;1;1;3.0;7;235;RN 104;;;;910
42700;201300047384;13;1;29;1820;3;1;1;2.0;3;689;AUTOROUTE A6;;;;910
42701;201300047385;13;1;29;1910;3;1;1;1.0;3;43;A6B;M;4881230.0;235259.0;940
42702;201300047386;13;1;30;805;2;1;1;2.0;4;174;RN 104;;;;910
42703;201300047387;13;2;1;1120;1;1;1;1.0;6;521;RN 104;;;;910
42704;201300047389;13;2;2;1541;1;1;1;2.0;5;3;A6B;M;4880290.0;234377.0;940
42705;201300047390;13;2;2;2015;3;1;1;1.0;6;477;AUTOROUTE A10;;;;910
42706;201300047391;13;2;3;1626;1;1;1;1.0;3;161;CARREFOUR RN20 / CD120;;;;910
42707;201300047392;13;2;3;2105;3;1;1;2.0;3;136;AUTOROUTE A126;;;;910
42708;201300047393;13;2;3;2144;5;1;1;2.0;3;34;A86;M;4875560.0;234326.0;940
42709;201300047394;13;2;4;724;3;1;1;1.0;3;34;A86;M;4876190.0;231452.0;940
42710;201300047395;13;2;4;1700;1;1;1;1.0;4;174;RN 104;;;;910
42711;201300047396;13;2;6;745;2;1;1;2.0;7;689;AUTOROUTE A6A;;;;910
42712;201300047397;13;2;6;835;1;1;1;2.0;7;38;A6A;M;4878720.0;234533.0;940
42713;201300047398;13;2;6;1000;1;1;1;2.0;3;617;RN 104;;;;910
42714;201300047399;13;2;6;1145;1;1;1;2.0;6;235;RD 445;;;;910
42715;201300047400;13;2;7;830;1;1;1;1.0;2;161;AUTOROUTE A6;;;;910
42716;201300047401;13;2;7;1000;1;1;1;1.0;3;534;RN 118;;;;910
42717;201300047402;13;2;8;718;5;1;1;1.0;6;3;A6B;M;4880230.0;234351.0;940
42718;201300047403;13;2;8;815;2;1;1;1.0;3;589;AUTOROUTE A6;;;;910
42719;201300047404;13;2;9;1050;1;1;1;8.0;7;384;AUTOROUTE A5A;;;;770
42720;201300047405;13;2;9;1830;3;1;1;1.0;3;434;AUTOROUTE A6;;;;910
42721;201300047406;13;2;10;557;3;1;1;1.0;2;34;A6A;M;4875220.0;233050.0;940
42722;201300047407;13;2;11;2100;3;1;1;1.0;7;377;RD188;;;;910
42723;201300047408;13;2;12;750;2;1;1;2.0;3;521;AUTOROUTE A6;;;;910
42724;201300047409;13;2;12;800;2;1;1;1.0;3;38;A6B;M;4879060.0;234389.0;940
42725;201300047410;13;2;12;820;2;1;1;1.0;7;434;AUTOROUTE A6;;;;910
42726;201300047411;13;2;12;903;1;1;1;1.0;5;521;AUTOROUTE A6;;;;910
42727;201300047412;13;2;13;800;2;1;1;1.0;4;21;A6B;M;4875990.0;233844.0;940
42728;201300047413;13;2;13;815;2;1;1;1.0;3;521;AUTOROUTE A6;;;;910
42729;201300047414;13;2;13;1749;1;1;1;1.0;4;136;AUTOROUTE A10;;;;910
42730;201300047415;13;2;14;810;1;1;1;1.0;2;182;AUTOROUTE A6;;;;910
42731;201300047417;13;2;15;2340;3;1;1;8.0;7;136;AUTOROUTE A10;;;;910
42732;201300047418;13;2;15;719;3;1;1;1.0;6;659;AUTOROUTE A6;;;;910
42733;201300047419;13;2;18;901;1;1;1;1.0;3;65;A106;M;4875060.0;235539.0;940
42734;201300047420;13;2;15;1217;1;1;1;1.0;2;34;A86;M;4876010.0;232034.0;940
42735;201300047422;13;2;17;304;3;1;1;1.0;6;179;AUTOROUTE A6;;;;910
42736;201300047423;13;2;17;534;5;1;1;1.0;6;3;A6A;M;4879980.0;234228.0;940
42737;201300047424;13;2;18;735;2;1;1;1.0;2;534;RN 118;;;;910
42738;201300047425;13;2;18;1100;1;1;1;1.0;4;65;A106;M;4875060.0;235562.0;940
42739;201300047426;13;2;19;1612;1;1;1;1.0;2;2;RN 385;;;;920
42740;201300047428;13;2;22;1340;1;1;1;1.0;3;570;RN 104;;;;910
42741;201300047430;13;2;24;332;3;1;1;4.0;4;216;AUTOROUTE A6;;;;910
42742;201300047431;13;2;24;510;3;1;1;4.0;7;471;RD 188 CHEVREUSE;;;;910
42743;201300047432;13;2;24;800;1;1;1;1.0;7;689;AUTOROUTE A6;;;;910
42744;201300047433;13;2;26;1945;3;1;1;1.0;2;687;AUTOROUTE A6;;;;910
42745;201300047434;13;2;28;915;1;1;1;8.0;6;21;A6A;M;4876130.0;233976.0;940
42746;201300047435;13;3;2;1140;1;1;1;1.0;2;38;A6A;M;4878810.0;234491.0;940
42747;201300047436;13;3;3;645;3;1;1;1.0;7;2;AUTOROUTE A86;;;;920
42748;201300047437;13;3;4;430;3;1;1;1.0;6;347;RN 104;;;;910
42749;201300047438;13;3;8;720;2;1;1;2.0;7;86;RN 104;;;;910
42750;201300047439;13;3;8;1727;1;1;1;2.0;5;21;A6A;M;4876430.0;234220.0;940
42751;201300047440;13;3;8;1805;2;1;1;2.0;2;340;RN 104;;;;910
42752;201300047441;13;3;11;1140;1;1;1;2.0;2;216;AUTOROUTE A6;;;;910
42753;201300047442;13;3;11;1217;1;1;1;1.0;6;37;A6B;M;4881400.0;235493.0;940
42754;201300047443;13;3;11;1300;1;1;1;1.0;3;161;AUTOROUTE A126;;;;910
42755;201300047444;13;3;11;1517;1;1;1;8.0;2;692;AUTOROUTE A10;;;;910
42756;201300047445;13;3;11;1845;2;1;1;2.0;2;251;AUTOROUTE A5A;;;;770
42757;201300047446;13;3;12;1345;1;1;1;4.0;4;136;AUTOROUTE A10;;;;910
42758;201300047447;13;3;12;1530;1;1;1;4.0;2;661;AUTOROUTE A10;;;;910
42759;201300047448;13;3;14;1100;1;1;1;1.0;7;689;AUTOROUTE A6A;;;;910
42760;201300047449;13;3;17;1415;1;1;1;2.0;6;43;A6B;M;4881580.0;235630.0;940
42761;201300047451;13;3;19;2255;5;1;1;2.0;6;43;A6B;M;4881350.0;235448.0;940
42762;201300047453;13;3;20;845;1;1;1;1.0;4;34;A86;M;4875980.0;232170.0;940
42763;201300047455;13;3;21;812;1;1;1;1.0;2;534;RN 118;;;;910
42764;201300047456;13;3;22;2053;5;1;1;1.0;2;21;A6B;M;4876700.0;234266.0;940
42765;201300047457;13;3;23;635;2;1;1;1.0;7;161;AUTOROUTE A6;;;;910
42766;201300047458;13;3;25;555;3;1;1;1.0;7;363;RN 118;;;;910
42767;201300047459;13;3;25;1630;1;1;1;1.0;4;340;AUTOROUTE A6;;;;910
42768;201300047460;13;3;25;2100;3;1;1;1.0;5;377;AUTOROUTE A10;;;;910
42769;201300047461;13;3;30;1635;1;1;1;1.0;6;161;AUTOROUTE A6;;;;910
42770;201300047462;13;4;1;1135;1;1;1;1.0;4;589;AUTOROUTE A6;;;;910
42771;201300047463;13;4;1;1608;1;1;1;1.0;7;64;RN 118;;;;910
42772;201300047466;13;4;3;530;1;1;1;1.0;3;2;AUTOROUTE A10;;;;920
42773;201300047467;13;4;4;1626;1;1;1;2.0;3;161;AUTOROUTE A126;;;;910
42774;201300047468;13;4;5;825;1;1;1;2.0;2;434;AUTOROUTE A6;;;;910
42775;201300047469;13;4;5;945;1;1;1;2.0;4;339;RN 104;;;;910
42776;201300047470;13;4;5;1720;1;1;1;1.0;3;434;AUTOROUTE A6;;;;910
42777;201300047471;13;4;7;1848;1;1;1;1.0;4;589;AUTOROUTE A6;;;;910
42778;201300047473;13;4;8;930;1;1;1;1.0;2;34;A86;M;4875710.0;233022.0;940
42779;201300047474;13;4;8;1715;1;1;1;1.0;6;216;AUTOROUTE A6;;;;910
42780;201300047475;13;4;9;623;5;1;1;3.0;7;38;A6A;M;4878720.0;234534.0;940
42781;201300047476;13;4;9;1200;1;1;1;8.0;4;689;AUTOROUTE A10;;;;910
42782;201300047477;13;4;9;1930;1;1;1;2.0;5;182;RN 104;;;;910
42783;201300047478;13;4;9;2004;2;1;1;8.0;2;521;RN 104;;;;910
42784;201300047480;13;4;10;858;1;1;1;1.0;3;38;A6B;M;4879090.0;234394.0;940
42785;201300047481;13;4;11;1103;1;1;1;1.0;7;251;AUTOROUTE A5A;;;;770
42786;201300047482;13;4;12;919;1;1;1;2.0;2;2;AUTOROUTE A86;;;;920
42787;201300047483;13;4;12;1510;1;1;1;2.0;4;34;A86;M;4875820.0;232649.0;940
42788;201300047484;13;4;12;1615;1;1;1;3.0;3;34;A86;M;4875630.0;233269.0;940
42789;201300047485;13;4;15;725;1;1;1;2.0;3;76;A6B;M;4878750.0;234579.0;940
42790;201300047486;13;4;15;1924;1;1;1;1.0;7;43;A6B;M;4881340.0;235431.0;940
42791;201300047488;13;4;16;1906;1;1;1;1.0;3;161;AUTOROUTE A6;;;;910
42792;201300047489;13;4;17;1100;1;1;1;1.0;2;312;RD 444;;;;910
42793;201300047490;13;4;17;1111;1;1;1;1.0;7;182;RN 104;;;;910
42794;201300047491;13;4;17;1800;1;1;1;1.0;4;182;AUTOROUTE A6;;;;910
42795;201300047492;13;4;19;1649;1;1;1;8.0;3;161;AUTOROUTE A126;;;;910
42796;201300047493;13;4;19;1745;1;1;1;1.0;5;659;AUTOROUTE A6;;;;910
42797;201300047494;13;4;20;351;5;1;1;1.0;4;377;RN20;;;;910
42798;201300047495;13;4;21;1224;1;1;1;1.0;4;2;AUTOROUTE A86;;;;920
42799;201300047496;13;4;21;1549;1;1;1;1.0;3;521;AUTOROUTE A6;;;;910
42800;201300047497;13;4;22;805;1;1;1;1.0;2;216;AUTOROUTE A6;;;;910
42801;201300047498;13;4;23;1119;1;1;1;1.0;7;477;AUTOROUTE A126;;;;910
42802;201300047499;13;4;23;1755;1;1;1;1.0;2;16;A6A;M;4879770.0;234367.0;940
42803;201300047501;13;4;24;757;1;1;1;1.0;3;661;AUTOROUTE A10;;;;910
42804;201300047502;13;4;24;757;1;1;1;1.0;2;549;RN 104;;;;910
42805;201300047503;13;4;24;1620;1;1;1;1.0;4;161;AUTOROUTE A6;;;;910
42806;201300047504;13;4;25;820;1;1;1;1.0;2;2;AUTOROUTE A10;;;;920
42807;201300047505;13;4;25;840;1;1;1;1.0;2;38;A6A;M;4878720.0;234533.0;940
42808;201300047506;13;4;25;1345;1;1;1;1.0;5;687;AUTOROUTE A6;;;;910
42809;201300047507;13;4;25;1845;1;1;1;1.0;6;174;RN 104;;;;910
42810;201300047508;13;4;29;937;1;1;1;1.0;2;161;AUTOROUTE A6;;;;910
42811;201300047509;13;4;30;952;1;1;1;1.0;7;65;A86;M;4875550.0;234389.0;940
42812;201300047510;13;5;1;1618;1;1;1;2.0;2;37;A6B;M;4880650.0;234597.0;940
42813;201300047511;13;5;1;1808;1;1;1;2.0;3;174;RN 104;;;;910
42814;201300047512;13;5;2;910;1;1;1;1.0;7;251;AUTOROUTE A5A;;;;770
42815;201300047513;13;5;3;703;1;1;1;1.0;6;553;RN 104;;;;910
42816;201300047514;13;5;3;2118;3;1;1;1.0;3;21;A6A;M;4876630.0;234366.0;940
42817;201300047516;13;5;9;1951;1;1;1;1.0;2;2;AUTOROUTE A10;;;;920
42818;201300047518;13;5;12;1430;1;1;1;1.0;7;689;AUTOROUTE A6A;;;;910
42819;201300047519;13;5;12;1730;1;1;1;1.0;4;689;AUTOROUTE A6B;;;;910
42820;201300047520;13;5;12;1740;1;1;1;1.0;3;37;AUTOROUTE A6;;;;910
42821;201300047521;13;5;12;2222;3;1;1;2.0;7;495;AUTOROUTE A5A;;;;770
42822;201300047522;13;5;14;855;1;1;1;1.0;4;161;AUTOROUTE A6;;;;910
42823;201300047524;13;5;15;556;2;1;1;1.0;2;34;A86;M;4875630.0;233941.0;940
42824;201300047525;13;5;15;844;1;1;1;1.0;4;345;AUTOROUTE A6;;;;910
42825;201300047526;13;5;16;1539;1;1;1;2.0;4;689;AUTOROUTE A6;;;;910
42826;201300047527;13;5;16;1623;1;1;1;1.0;2;2;AUTOROUTE A6;;;;920
42827;201300047528;13;5;16;1719;1;1;1;1.0;2;64;RN 118;;;;910
42828;201300047529;13;5;18;2105;2;1;1;2.0;7;2;AUTOROUTE A86;;;;920
42829;201300047530;13;5;18;2140;5;1;1;8.0;6;34;A86;M;4875630.0;233940.0;940
42830;201300047531;13;5;19;450;3;1;1;1.0;6;216;AUTOROUTE A6;;;;910
42831;201300047532;13;5;19;750;1;1;1;1.0;3;38;A6A;M;4878980.0;234403.0;940
42832;201300047533;13;5;20;800;1;1;1;8.0;7;174;RN 104;;;;910
42833;201300047534;13;5;20;1450;1;1;1;2.0;2;235;RN 104;;;;910
42834;201300047535;13;5;20;1539;1;1;1;1.0;3;161;AUTOROUTE A126;;;;910
42835;201300047536;13;5;20;2030;2;1;1;2.0;7;363;RN 104;;;;910
42836;201300047537;13;5;21;1135;1;1;1;1.0;4;136;A10 PARIS / RN188 PROVIN;;;;910
42837;201300047538;13;5;21;1753;1;1;1;1.0;5;38;A6B;M;4879010.0;234388.0;940
42838;201300047539;13;5;23;644;1;1;1;1.0;7;179;RN 337;;;;910
42839;201300047541;13;5;24;1048;1;1;1;2.0;2;43;A6B;M;4881460.0;235565.0;940
42840;201300047543;13;5;27;952;1;1;1;1.0;2;347;RN 104;;;;910
42841;201300047544;13;5;27;1135;1;1;1;1.0;4;468;AUTOROUTE A6;;;;910
42842;201300047545;13;5;27;1338;1;1;1;1.0;7;3;A6A;M;4881280.0;233637.0;940
42843;201300047546;13;5;28;842;1;1;1;1.0;2;363;RN 104;;;;910
42844;201300047547;13;5;29;753;1;1;1;1.0;3;34;A6A;M;4875010.0;232874.0;940
42845;201300047548;13;5;29;843;1;1;1;1.0;3;34;A86;M;4876140.0;231621.0;940
42846;201300047549;13;5;29;914;1;1;1;1.0;3;38;A6B;M;4878810.0;234546.0;940
42847;201300047550;13;5;29;1905;1;1;1;1.0;2;19;RN 385;;;;920
42848;201300047551;13;5;30;755;1;1;1;2.0;3;103;RN 104;;;;910
42849;201300047552;13;5;30;2040;1;1;1;8.0;2;689;AUTOROUTE A6A;;;;910
42850;201300047554;13;5;31;1931;1;1;1;1.0;2;589;AUTOROUTE A6;;;;910
42851;201300047555;13;6;2;1848;1;1;1;1.0;6;179;RN 337;;;;910
42852;201300047556;13;6;3;1650;1;1;1;1.0;7;3;AUTOROUTE A6B;M;4880040.0;234377.0;940
42853;201300047557;13;6;4;750;1;1;1;1.0;2;347;RN 104;;;;910
42854;201300047558;13;6;4;1420;1;1;1;1.0;2;377;AUTOROUTE A10;;;;910
42855;201300047559;13;6;4;1505;1;1;1;1.0;3;689;AUTOROUTE A6B;;;;910
42856;201300047560;13;6;5;1016;1;1;1;1.0;4;687;AUTOROUTE A6;;;;910
42857;201300047561;13;6;5;1730;1;1;1;1.0;7;251;AUTOROUTE A5A;;;;770
42858;201300047562;13;6;6;734;1;1;1;1.0;5;21;AUTOROUTE A6A;;;;940
42859;201300047563;13;6;6;900;1;1;1;1.0;3;312;RD 444;;;;910
42860;201300047564;13;6;7;1250;1;1;1;1.0;7;3;AUTOROUTE A6A;M;4880200.0;234196.0;940
42861;201300047565;13;6;7;1825;1;1;1;1.0;5;38;AUTOROUTE A6B;M;4878800.0;234554.0;940
42862;201300047567;13;6;10;802;1;1;1;1.0;5;2;AUTOROUTE A86;;;;920
42863;201300047568;13;6;10;853;1;1;1;1.0;2;589;AUTOROUTE A6;;;;910
42864;201300047569;13;6;10;905;1;1;1;1.0;7;377;AUTOROUTE A10;;;;910
42865;201300047570;13;6;11;705;1;1;1;1.0;3;2;AUTOROUTE A86;;;;920
42866;201300047571;13;6;11;1900;1;1;1;2.0;7;21;AUTOROUTE A6A;M;4875970.0;233811.0;940
42867;201300047572;13;6;12;1623;1;1;1;8.0;2;161;AUTOROUTE A6;;;;910
42868;201300047573;13;6;12;1925;1;1;1;1.0;3;549;RN 104;;;;910
42869;201300047574;13;6;13;1528;1;1;1;3.0;4;339;RN 104;;;;910
42870;201300047575;13;6;14;630;1;1;1;1.0;6;570;RN 104;;;;910
42871;201300047576;13;6;14;810;1;1;1;1.0;2;34;AUTOROUTE A86;M;4875820.0;232650.0;940
42872;201300047577;13;6;14;1957;1;1;1;1.0;2;434;AUTOROUTE A6;;;;910
42873;201300047578;13;6;17;957;1;1;1;3.0;4;174;AUTOROUTE A6;;;;910
42874;201300047579;13;6;17;1137;1;1;1;1.0;4;65;AUTOROUTE A106;M;4874620.0;236000.0;940
42875;201300047581;13;6;17;2000;1;1;1;8.0;6;477;AUTOROUTE A10;;;;910
42876;201300047583;13;6;19;915;1;1;1;2.0;7;377;AUTOROUTE A10;;;;910
42877;201300047584;13;6;19;1630;1;1;1;1.0;3;235;RN 104;;;;910
42878;201300047586;13;6;21;712;1;1;1;1.0;3;21;AUTOROUTE A6A;M;4877120.0;234553.0;940
42879;201300047587;13;6;21;1445;1;1;1;1.0;7;43;AUTOROUTE A6B;M;4881170.0;235154.0;940
42880;201300047588;13;6;21;1953;1;1;1;1.0;7;377;RD 188;;;;910
42881;201300047589;13;6;22;210;5;1;1;1.0;2;65;AUTOROUTE A106;M;4874910.0;235688.0;940
42882;201300047590;13;6;22;803;1;1;1;8.0;2;377;AUTOROUTE A10;;;;910
42883;201300047591;13;6;22;1119;1;1;1;1.0;5;345;AUTOROUTE A6;;;;910
42884;201300047592;13;6;25;845;1;1;1;1.0;3;363;RN 104;;;;910
42885;201300047593;13;6;25;1148;1;1;1;1.0;5;86;RN 104;;;;910
42886;201300047594;13;6;25;1510;1;1;1;1.0;6;471;RN 118;;;;910
42887;201300047595;13;6;26;1749;1;1;1;1.0;3;34;AUTOROUTE A86;M;4876160.0;231562.0;940
42888;201300047596;13;6;27;840;1;1;1;2.0;3;689;AUTOROUTE A6A;;;;910
42889;201300047597;13;6;27;1539;1;1;1;1.0;4;477;AUTOROUTE A126;;;;910
42890;201300047599;13;6;28;1820;1;1;1;1.0;3;34;AUTOROUTE A86;M;4876190.0;231496.0;940
42891;201300047600;13;6;28;1945;1;1;1;1.0;6;2;AUTOROUTE A10;;;;920
42892;201300047601;13;6;29;534;1;1;1;1.0;7;689;AUTOROUTE A6A;;;;910
42893;201300047602;13;6;29;1340;1;1;1;1.0;3;2;AUTOROUTE A10;;;;920
42894;201300047603;13;6;29;1500;1;1;1;1.0;2;38;AUTOROUTE A6A;M;4878710.0;234540.0;940
42895;201300047604;13;6;30;635;1;1;1;1.0;3;340;RN 104;;;;910
42896;201300047605;13;7;2;50;3;1;1;1.0;6;34;AUTOROUTE A86;M;4875630.0;233940.0;940
42897;201300047606;13;7;3;1000;1;1;1;1.0;3;347;RN 104;;;;910
42898;201300047607;13;7;2;1120;1;1;1;1.0;6;553;RN 104;;;;910
42899;201300047608;13;7;2;1931;1;1;1;1.0;4;21;AUTOROUTE A106;M;4876450.0;234355.0;940
42900;201300047609;13;7;3;215;3;1;1;1.0;2;689;AUTOROUTE A6;;;;910
42901;201300047611;13;7;4;1305;1;1;1;1.0;3;377;RN20;;;;910
42902;201300047612;13;7;5;913;1;1;1;1.0;4;347;RN 104;;;;910
42903;201300047613;13;7;5;1950;1;1;1;1.0;3;2;AUTOROUTE A10;;;;920
42904;201300047614;13;7;5;2200;3;1;1;1.0;2;286;AUTOROUTE A6;;;;910
42905;201300047615;13;7;6;1422;1;1;1;1.0;2;43;AUTOROUTE A6B;M;4881510.0;235595.0;940
42906;201300047616;13;7;7;1522;1;1;1;1.0;7;363;RN 104;;;;910
42907;201300047617;13;7;8;850;1;1;1;1.0;3;617;RN 104;;;;910
42908;201300047618;13;7;8;1750;1;1;1;1.0;7;659;AUTOROUTE A6;;;;910
42909;201300047619;13;7;8;1818;1;1;1;1.0;4;182;RN 104;;;;910
42910;201300047620;13;7;9;1408;1;1;1;1.0;2;689;AUTOROUTE A6B;;;;910