;Num_Acc;an;mois;jour;hrmn;lum;agg;int;atm;col;com;adr;gps;lat;long;dep
42911;201300047621;13;7;9;1435;1;1;1;1.0;2;161;AUTOROUTE A6;;;;910
42912;201300047622;13;7;9;1640;1;1;1;1.0;4;689;AUTOROUTE A6A;;;;910
42913;201300047623;13;7;10;1625;1;1;1;1.0;5;471;RD 188 CHEVREUSE;;;;910
42914;201300047625;13;7;11;1816;1;1;1;1.0;7;286;AUTOROUTE A6;;;;910
42915;201300047628;13;7;12;2003;1;1;9;1.0;6;136;A10 PROVINCE / RN188 PRO;;;;910
42916;201300047629;13;7;13;1624;1;1;1;1.0;4;2;AUTOROUTE A6;;;;920
42917;201300047630;13;7;13;1810;1;1;1;1.0;5;38;AUTOROUTE A6B;M;4879030.0;234454.0;940
42918;201300047631;13;7;14;1918;1;1;1;1.0;3;34;AUTOROUTE A6A;M;4875820.0;233640.0;940
42919;201300047632;13;7;16;912;1;1;1;1.0;2;2;AUTOROUTE A86;;;;920
42920;201300047633;13;7;16;1031;1;1;1;1.0;3;661;AUTOROUTE A10;;;;910
42921;201300047634;13;7;16;1720;1;1;1;1.0;3;65;AUTOROUTE A106;M;4874980.0;235614.0;940
42922;201300047635;13;7;16;1805;1;1;1;1.0;2;64;RN 118;;;;910
42923;201300047636;13;7;16;1930;1;1;1;1.0;4;182;AUTOROUTE A6;;;;910
42924;201300047637;13;7;17;1022;1;1;1;1.0;4;347;RN 104;;;;910
42925;201300047638;13;7;17;1500;1;1;1;1.0;4;43;AUTOROUTE A6B;M;4881170.0;235155.0;940
42926;201300047639;13;7;18;1045;1;1;1;1.0;3;3;AUTOROUTE A6A;M;4880780.0;234065.0;940
42927;201300047640;13;7;19;900;1;1;1;1.0;3;689;AUTOROUTE A6B;;;;910
42928;201300047641;13;7;21;710;1;1;1;1.0;6;64;RN 118;;;;910
42929;201300047642;13;7;21;748;2;1;1;1.0;6;345;AUTOROUTE A6;;;;910
42930;201300047644;13;7;21;1834;1;1;1;1.0;4;434;AUTOROUTE A6;;;;910
42931;201300047645;13;7;22;2100;2;1;1;1.0;6;174;RN 104;;;;910
42932;201300047646;13;7;23;911;1;1;1;1.0;3;549;RN 104;;;;910
42933;201300047647;13;7;24;1815;1;1;1;2.0;6;235;RN 104;;;;910
42934;201300047648;13;7;25;630;1;1;1;1.0;6;179;AUTOROUTE A6;;;;910
42935;201300047649;13;7;25;1030;1;1;1;1.0;3;38;AUTOROUTE A6B;M;4878750.0;234579.0;940
42936;201300047650;13;7;25;1215;1;1;1;1.0;3;363;RN 104;;;;910
42937;201300047651;13;7;25;1352;1;1;1;1.0;3;37;AUTOROUTE A6B;M;4881230.0;235259.0;940
42938;201300047652;13;7;26;836;1;1;1;1.0;3;339;RN 104;;;;910
42939;201300047653;13;7;26;1300;1;1;1;1.0;4;37;AUTOROUTE A6A;M;4881470.0;233635.0;940
42940;201300047654;13;7;27;806;1;1;1;1.0;6;659;AUTOROUTE A6;;;;910
42941;201300047655;13;7;28;733;1;1;1;1.0;6;363;AUTOROUTE A10;;;;910
42942;201300047656;13;7;28;2000;1;1;1;1.0;2;64;RN 118;;;;910
42943;201300047658;13;7;29;1845;1;1;1;1.0;7;34;AUTOROUTE A86;M;4876170.0;231566.0;940
42944;201300047660;13;7;31;710;1;1;1;1.0;4;434;AUTOROUTE A6;;;;910
42945;201300047663;13;8;7;1842;1;1;1;1.0;6;312;RD 444;;;;910
42946;201300047664;13;8;9;1710;1;1;1;1.0;7;65;AUTOROUTE A86 INT;M;4875500.0;234865.0;940
42947;201300047665;13;8;11;1855;1;1;1;1.0;4;2;AUTOROUTE A10;;;;920
42948;201300047666;13;8;12;1300;1;1;1;1.0;2;76;AUTOROUTE A6B;M;4879150.0;234460.0;940
42949;201300047667;13;8;12;1556;1;1;1;1.0;3;16;AUTOROUTE A6B;M;4879680.0;234470.0;940
42950;201300047669;13;8;15;1815;1;1;1;1.0;3;3;AUTOROUTE A6A;M;4880890.0;233976.0;940
42951;201300047670;13;8;19;437;1;1;1;1.0;2;38;AUTOROUTE A6B;M;4878750.0;234477.0;940
42952;201300047671;13;8;19;2003;1;1;1;1.0;3;161;AUTOROUTE A6;;;;910
42953;201300047674;13;8;22;1630;1;1;1;1.0;2;43;AUTOROUTE A6B;M;4880870.0;234825.0;940
42954;201300047675;13;8;22;1635;1;1;1;1.0;5;689;AUTOROUTE A6B;;;;910
42955;201300047677;13;8;24;1055;1;1;1;1.0;7;363;RN 104;;;;910
42956;201300047678;13;8;25;140;3;1;1;1.0;3;471;RN 118;;;;910
42957;201300047679;13;8;25;1232;1;1;9;3.0;6;347;RN 104;;;;910
42958;201300047680;13;8;25;1523;1;1;1;2.0;6;37;AUTOROUTE A6B;M;4881170.0;235138.0;940
42959;201300047681;13;8;25;1634;1;1;1;2.0;3;174;RN 104;;;;910
42960;201300047682;13;8;25;1636;1;1;1;2.0;7;216;AUTOROUTE A6;;;;910
42961;201300047684;13;8;25;1718;1;1;1;2.0;6;34;AUTOROUTE A6B;M;4875960.0;233748.0;940
42962;201300047685;13;8;25;1925;1;1;1;2.0;7;521;RN 449;;;;910
42963;201300047686;13;8;25;2036;2;1;1;2.0;6;161;AUTOROUTE A6;;;;910
42964;201300047687;13;8;26;735;1;1;1;1.0;2;21;AUTOROUTE A6B;M;4876430.0;234312.0;940
42965;201300047689;13;8;26;1301;1;1;1;1.0;3;179;AUTOROUTE A6;;;;910
42966;201300047690;13;8;26;1528;1;1;1;1.0;4;666;AUTOROUTE A10;;;;910
42967;201300047691;13;8;26;1750;1;1;1;1.0;4;174;RN 104;;;;910
42968;201300047692;13;8;27;1106;1;1;1;1.0;2;687;AUTOROUTE A6;;;;910
42969;201300047693;13;8;27;1345;1;1;1;1.0;7;521;AUTOROUTE A6;;;;910
42970;201300047694;13;8;27;1620;1;1;1;1.0;2;21;AUTOROUTE A6B;M;4876430.0;234312.0;940
42971;201300047695;13;8;28;943;1;1;1;1.0;2;377;AUTOROUTE A10;;;;910
42972;201300047696;13;8;28;1114;1;1;1;1.0;1;312;RD 444;;;;910
42973;201300047698;13;8;29;2222;5;1;1;1.0;3;38;AUTOROUTE A6A;M;4878710.0;234519.0;940
42974;201300047700;13;8;31;1926;1;1;1;1.0;2;228;RN 104;;;;910
42975;201300047701;13;9;1;802;1;1;1;1.0;7;37;AUTOROUTE A6B;M;4881550.0;235612.0;940
42976;201300047702;13;9;3;130;3;1;1;1.0;6;216;AUTOROUTE A6;;;;910
42977;201300047703;13;9;2;1505;1;1;1;1.0;2;689;AUTOROUTE A6B;;;;910
42978;201300047704;13;9;2;1600;1;1;1;1.0;3;661;AUTOROUTE A10;;;;910
42979;201300047705;13;9;2;1925;1;1;1;1.0;2;521;AUTOROUTE A6;;;;910
42980;201300047706;13;9;2;2030;1;1;1;1.0;4;617;RN 104;;;;910
42981;201300047707;13;9;4;825;1;1;1;1.0;2;2;AUTOROUTE A86;;;;920
42982;201300047708;13;9;4;2100;3;1;1;1.0;3;64;RN 118;;;;910
42983;201300047709;13;9;5;1305;1;1;1;1.0;2;471;RN 118;;;;910
42984;201300047710;13;9;6;920;1;1;1;2.0;7;37;AUTOROUTE A6B;M;4881350.0;235448.0;940
42985;201300047711;13;9;6;1647;1;1;1;8.0;4;377;RD 120;;;;910
42986;201300047712;13;9;7;29;5;1;1;1.0;7;377;RD 188;;;;910
42987;201300047713;13;9;7;2036;3;1;1;1.0;3;216;AUTOROUTE A6;;;;910
42988;201300047714;13;9;9;745;1;1;1;1.0;2;2;AUTOROUTE A10;;;;920
42989;201300047715;13;9;9;1545;1;1;1;2.0;3;2;AUTOROUTE A10;;;;920
42990;201300047716;13;9;9;1630;1;1;1;2.0;1;21;AUTOROUTE A6B;M;4875990.0;233844.0;940
42991;201300047717;13;9;10;745;1;1;1;1.0;7;161;AUTOROUTE A6;;;;910
42992;201300047718;13;9;10;1354;1;1;1;1.0;7;161;AUTOROUTE A6;;;;910
42993;201300047719;13;9;10;1712;1;1;1;1.0;3;136;AUTOROUTE A126;;;;910
42994;201300047720;13;9;11;720;1;1;1;1.0;3;76;AUTOROUTE A6B;M;4878750.0;234579.0;940
42995;201300047721;13;9;12;738;1;1;1;2.0;3;521;AUTOROUTE A6;;;;910
42996;201300047722;13;9;13;2058;5;1;1;2.0;6;38;AUTOROUTE A6A;M;4878850.0;234453.0;940
42997;201300047724;13;9;14;2330;3;1;1;2.0;3;34;AUTOROUTE A86;M;4876200.0;231445.0;940
42998;201300047725;13;9;15;708;1;1;1;1.0;6;64;RN 118;;;;910
42999;201300047726;13;9;15;910;1;1;1;1.0;5;340;RN 104;;;;910
43000;201300047727;13;9;15;2110;5;1;1;1.0;5;43;AUTOROUTE A6B;M;4880460.0;234451.0;940
43001;201300047728;13;9;15;2145;5;1;1;1.0;7;174;RN 104;;;;910
43002;201300047729;13;9;17;750;1;1;1;1.0;3;76;AUTOROUTE A6B;M;4878760.0;234575.0;940
43003;201300047730;13;9;17;900;1;1;1;1.0;3;136;AUTOROUTE A10;;;;910
43004;201300047731;13;9;17;852;1;1;1;1.0;2;340;RN 104;;;;910
43005;201300047732;13;9;18;1000;1;1;1;1.0;3;43;AUTOROUTE A6B;M;4880700.0;234672.0;940
43006;201300047733;13;9;19;1025;1;1;1;1.0;3;689;AUTOROUTE A6A;;;;910
43007;201300047734;13;9;18;1937;1;1;1;1.0;7;38;AUTOROUTE A6A;M;4878710.0;234538.0;940
43008;201300047735;13;9;18;2045;1;1;1;1.0;2;21;AUTOROUTE A6B;M;4876110.0;233902.0;940
43009;201300047736;13;9;19;1727;1;1;1;1.0;3;76;AUTOROUTE A6B;M;4879120.0;234455.0;940
43010;201300047737;13;9;19;1759;1;1;1;1.0;3;161;AUTOROUTE A6;;;;910
43011;201300047738;13;9;20;1047;1;1;1;1.0;7;38;AUTOROUTE A6B;M;4878740.0;234482.0;940
43012;201300047739;13;9;20;1253;1;1;1;1.0;4;38;AUTOROUTE A6B;M;4878730.0;234487.0;940
43013;201300047740;13;9;20;1855;1;1;1;1.0;3;64;RN 118;;;;910
43014;201300047741;13;9;21;1530;1;1;1;1.0;2;34;AUTOROUTE A86;M;4876100.0;231808.0;940
43015;201300047742;13;9;21;1930;1;1;1;1.0;7;182;RN 104;;;;910
43016;201300047743;13;9;22;930;1;1;1;1.0;7;434;AUTOROUTE A6;;;;910
43017;201300047744;13;9;23;710;1;1;1;1.0;3;534;RN 118;;;;910
43018;201300047745;13;9;23;1803;1;1;1;1.0;2;589;AUTOROUTE A6;;;;910
43019;201300047746;13;9;23;1955;2;1;1;1.0;3;312;RD 444;;;;910
43020;201300047747;13;9;24;1927;1;1;1;1.0;2;64;RN 118;;;;910
43021;201300047748;13;9;25;1155;1;1;1;1.0;2;34;AUTOROUTE A6B;M;4875300.0;233159.0;940
43022;201300047749;13;9;26;1850;1;1;1;1.0;5;2;AUTOROUTE A86;;;;920
43023;201300047750;13;9;26;1830;1;1;1;1.0;3;2;AUTOROUTE A86;;;;920
43024;201300047751;13;9;26;1840;1;1;1;1.0;2;521;AUTOROUTE A6;;;;910
43025;201300047752;13;9;26;2330;3;1;1;1.0;2;689;AUTOROUTE A6B;;;;910
43026;201300047753;13;9;28;740;1;1;1;1.0;7;43;AUTOROUTE A6B;M;4881030.0;234982.0;940
43027;201300047757;13;9;30;730;1;1;1;1.0;5;38;AUTOROUTE A6A;M;4879070.0;234425.0;940
43028;201300047758;13;9;30;940;1;1;1;1.0;3;286;AUTOROUTE A6;;;;910
43029;201300047760;13;10;1;757;1;1;1;1.0;7;161;AUTOROUTE A6;;;;910
43030;201300047761;13;10;2;1730;1;1;1;1.0;6;549;RN 104;;;;910
43031;201300047762;13;10;2;2315;3;1;1;1.0;7;434;AUTOROUTE A6;;;;910
43032;201300047763;13;10;4;140;3;1;1;1.0;2;34;AUTOROUTE A6B;M;4875690.0;233512.0;940
43033;201300047764;13;10;4;845;1;1;1;1.0;3;363;RN 104;;;;910
43034;201300047765;13;10;4;915;1;1;1;1.0;2;521;AUTOROUTE A6;;;;910
43035;201300047766;13;10;4;1645;1;1;1;1.0;3;659;AUTOROUTE A6;;;;910
43036;201300047767;13;10;4;2046;3;1;1;1.0;4;666;RD 118;;;;910
43037;201300047768;13;10;5;1210;1;1;1;1.0;4;64;RN 118;;;;910
43038;201300047769;13;10;5;1757;1;1;1;1.0;7;363;RN 104;;;;910
43039;201300047770;13;10;7;805;1;1;1;1.0;2;228;AUTOROUTE A6;;;;910
43040;201300047771;13;10;7;824;1;1;1;1.0;6;432;AUTOROUTE A6;;;;910
43041;201300047772;13;10;7;1754;1;1;1;1.0;2;235;RN 104;;;;910
43042;201300047773;13;10;8;810;1;1;1;1.0;3;521;AUTOROUTE A6;;;;910
43043;201300047774;13;10;10;815;1;1;1;2.0;7;377;AUTOROUTE A10;;;;910
43044;201300047775;13;10;10;830;1;1;1;2.0;4;521;AUTOROUTE A6;;;;910
43045;201300047776;13;10;10;825;1;1;1;2.0;2;377;AUTOROUTE A10;;;;910
43046;201300047777;13;10;10;840;1;1;1;2.0;4;174;RN 104;;;;910
43047;201300047778;13;10;11;56;3;1;1;2.0;7;659;AUTOROUTE A6;;;;910
43048;201300047779;13;10;11;750;1;1;1;2.0;5;689;AUTOROUTE A6A;;;;910
43049;201300047780;13;10;11;830;2;1;1;2.0;5;65;AUTOROUTE A86;M;4875550.0;234366.0;940
43050;201300047781;13;10;11;900;1;1;1;2.0;5;661;AUTOROUTE A10;;;;910
43051;201300047784;13;10;13;840;1;1;1;1.0;3;37;AUTOROUTE A6;;;;910
43052;201300047785;13;10;14;739;2;1;1;1.0;3;161;AUTOROUTE A6;;;;910
43053;201300047786;13;10;14;815;1;1;1;1.0;3;345;AUTOROUTE A6;;;;910
43054;201300047788;13;10;15;900;1;1;1;2.0;4;161;AUTOROUTE A6;;;;910
43055;201300047789;13;10;15;1445;1;1;1;2.0;6;692;RN 118;;;;910
43056;201300047791;13;10;15;1550;1;1;1;2.0;2;363;RN 104;;;;910
43057;201300047792;13;10;16;540;1;1;1;2.0;3;34;AUTOROUTE A86;M;4875650.0;233408.0;940
43058;201300047793;13;10;16;850;1;1;1;2.0;4;339;RN 104;;;;910
43059;201300047794;13;10;16;1630;1;1;1;2.0;5;64;RN 118;;;;910
43060;201300047795;13;10;16;1700;1;1;1;2.0;6;179;AUTOROUTE A6;;;;910
43061;201300047796;13;10;16;1840;2;1;1;2.0;4;589;AUTOROUTE A6;;;;910
43062;201300047797;13;10;19;710;3;1;1;1.0;6;216;AUTOROUTE A6;;;;910
43063;201300047798;13;10;20;634;4;1;1;8.0;2;377;RN20;;;;910
43064;201300047799;13;10;20;1400;1;1;1;8.0;3;363;AUTOROUTE A10;;;;910
43065;201300047800;13;10;21;858;1;1;1;1.0;3;363;RN 104;;;;910
43066;201300047801;13;10;21;1018;1;1;1;1.0;3;377;AUTOROUTE A10;;;;910
43067;201300047802;13;10;21;1730;1;1;1;1.0;2;286;RD 310;;;;910
43068;201300047804;13;10;21;2258;3;1;1;9.0;2;182;RN 104;;;;910
43069;201300047805;13;10;22;745;1;1;1;1.0;3;689;AUTOROUTE A6A;;;;910
43070;201300047806;13;10;23;825;1;1;1;1.0;5;2;AUTOROUTE A86;;;;920
43071;201300047807;13;10;23;1105;1;1;1;1.0;4;687;AUTOROUTE A6;;;;910
43072;201300047808;13;10;24;1652;1;1;1;1.0;5;2;AUTOROUTE A86;;;;920
43073;201300047809;13;10;23;1814;1;1;1;1.0;4;161;AUTOROUTE A6;;;;910
43074;201300047810;13;10;23;1830;1;1;1;1.0;5;38;AUTOROUTE A6B;M;4878750.0;234579.0;940
43075;201300047811;13;10;23;2153;3;1;1;1.0;6;570;RN 104;;;;910
43076;201300047812;13;10;24;1732;1;1;1;1.0;3;689;AUTOROUTE A10;;;;910
43077;201300047813;13;10;24;1839;3;1;1;1.0;5;340;AUTOROUTE A6;;;;910
43078;201300047814;13;10;24;2000;5;1;1;1.0;2;174;RN 104;;;;910
43079;201300047815;13;10;24;2338;5;1;1;1.0;2;38;AUTOROUTE A6B;M;4877240.0;234594.0;940
43080;201300047816;13;10;25;750;1;1;1;2.0;7;521;RN 104;;;;910
43081;201300047817;13;10;25;825;1;1;1;2.0;2;553;RN 104;;;;910
43082;201300047818;13;10;25;1855;1;1;1;2.0;2;64;RN 118;;;;910
43083;201300047819;13;10;26;947;1;1;1;2.0;7;617;RN 104 INT / A5A PROVINC;;;;910
43084;201300047820;13;10;27;1138;1;1;1;2.0;7;521;RN 440;;;;910
43085;201300047821;13;10;27;2055;5;1;1;2.0;2;103;RN 104;;;;910
43086;201300047822;13;10;27;2200;5;1;1;3.0;6;471;RN 118;;;;910
43087;201300047823;13;10;28;1015;1;1;1;2.0;2;251;AUTOROUTE A5A;;;;770
43088;201300047824;13;10;27;1050;1;1;1;2.0;3;521;RN 104;;;;910
43089;201300047825;13;10;28;1115;1;1;1;2.0;4;2;AUTOROUTE A10;;;;920
43090;201300047826;13;10;29;855;1;1;1;1.0;3;34;AUTOROUTE A6A;M;4875670.0;233490.0;940
43091;201300047827;13;10;29;1528;1;1;1;1.0;7;43;AUTOROUTE A6B;M;4881510.0;235595.0;940
43092;201300047828;13;10;30;1537;1;1;1;1.0;3;363;RN 104;;;;910
43093;201300047829;13;10;31;1942;3;1;1;1.0;2;521;AUTOROUTE A6;;;;910
43094;201300047830;13;10;31;1113;1;1;1;1.0;4;3;AUTOROUTE A6A;M;4880640.0;234154.0;940
43095;201300047831;13;10;31;1908;3;1;1;1.0;5;38;AUTOROUTE A6B;M;4878740.0;234482.0;940
43096;201300047832;13;10;31;1953;3;1;1;2.0;4;136;AUTOROUTE A10;;;;910
43097;201300047833;13;11;1;1515;1;1;1;2.0;6;64;RN 118;;;;910
43098;201300047834;13;11;2;627;5;1;1;2.0;6;34;AUTOROUTE A86;M;4875580.0;233785.0;940
43099;201300047836;13;11;2;1003;1;1;1;1.0;6;34;AUTOROUTE A86;M;4876020.0;232049.0;940
43100;201300047837;13;11;2;1520;1;1;1;1.0;7;65;AUTOROUTE A86;M;4875530.0;234453.0;940
43101;201300047838;13;11;3;200;3;1;1;8.0;6;34;AUTOROUTE A86;M;4876010.0;232074.0;940
43102;201300047839;13;11;3;1200;1;1;1;1.0;4;3;AUTOROUTE A6B;M;4880080.0;234372.0;940
43103;201300047840;13;11;4;905;1;1;1;3.0;3;432;AUTOROUTE A6;;;;910
43104;201300047841;13;11;4;900;1;1;1;1.0;4;661;AUTOROUTE A10;;;;910
43105;201300047842;13;11;5;1120;1;1;1;1.0;3;136;AUTOROUTE A10;;;;910
43106;201300047843;13;11;6;838;1;1;1;1.0;3;377;AUTOROUTE A10;;;;910
43107;201300047844;13;11;6;850;1;1;1;1.0;2;182;AUTOROUTE A6;;;;910
43108;201300047845;13;11;6;932;1;1;1;2.0;3;21;AUTOROUTE A6B;M;4876430.0;234312.0;940
43109;201300047846;13;11;7;754;2;1;1;1.0;6;521;RN 449;;;;910
43110;201300047847;13;11;7;1222;1;1;1;1.0;6;471;RN 118;;;;910
43111;201300047848;13;11;7;1700;1;1;1;1.0;5;617;RN 104;;;;910
43112;201300047850;13;11;8;532;3;1;1;1.0;5;182;AUTOROUTE A6;;;;910
43113;201300047851;13;11;8;555;2;1;1;2.0;2;38;AUTOROUTE A6B;M;4878880.0;234508.0;940
43114;201300047853;13;11;8;749;2;1;1;2.0;7;521;AUTOROUTE A6;;;;910
43115;201300047854;13;11;8;1610;1;1;1;2.0;4;34;AUTOROUTE A86;M;4875580.0;234213.0;940
43116;201300047855;13;11;8;1640;1;1;1;2.0;3;76;AUTOROUTE A6A;M;4879520.0;234507.0;940
43117;201300047856;13;11;8;1856;2;1;1;1.0;2;553;RN 104;;;;910
43118;201300047857;13;11;10;630;3;1;1;2.0;2;65;AUTOROUTE A106;M;4874400.0;236161.0;940
43119;201300047858;13;11;11;1409;1;1;1;1.0;2;43;AUTOROUTE A6B;M;4881570.0;235625.0;940
43120;201300047859;13;11;11;2008;3;1;1;1.0;6;549;RN 104;;;;910
43121;201300047860;13;11;12;1015;1;1;1;2.0;2;64;RN 118;;;;910
43122;201300047861;13;11;12;1835;2;1;1;2.0;2;589;AUTOROUTE A6;;;;910
43123;201300047862;13;11;14;1200;1;1;1;1.0;6;521;RN 104;;;;910
43124;201300047863;13;11;14;1600;1;1;1;2.0;2;43;AUTOROUTE A6B;M;4881580.0;235639.0;940
43125;201300047864;13;11;15;806;1;1;1;8.0;2;521;AUTOROUTE A6;;;;910
43126;201300047865;13;11;17;1704;1;1;1;1.0;7;2;AUTOROUTE A86;;;;920
43127;201300047866;13;11;18;1848;2;1;1;2.0;2;617;RN 104;;;;910
43128;201300047867;13;11;19;1045;1;1;1;1.0;6;19;RN 385;;;;920
43129;201300047868;13;11;20;657;3;1;1;1.0;3;363;RN 104;;;;910
43130;201300047870;13;11;21;740;3;1;1;2.0;4;689;AUTOROUTE A6B;;;;910
43131;201300047871;13;11;22;627;3;1;1;1.0;3;161;AUTOROUTE A6;;;;910
43132;201300047872;13;11;22;900;1;1;1;1.0;3;345;AUTOROUTE A6;;;;910
43133;201300047873;13;11;22;1849;2;1;1;1.0;3;34;AUTOROUTE A6A;M;4875900.0;233713.0;940
43134;201300047874;13;11;24;623;3;1;1;1.0;7;2;AUTOROUTE A10;;;;920
43135;201300047875;13;11;25;849;1;1;1;1.0;2;432;AUTOROUTE A6;;;;910
43136;201300047876;13;11;26;641;3;1;1;1.0;6;174;RN 104;;;;910
43137;201300047877;13;11;26;1911;4;1;1;1.0;3;174;RN 104;;;;910
43138;201300047878;13;11;26;2100;3;1;1;1.0;3;363;RN 104;;;;910
43139;201300047879;13;11;28;905;1;1;1;1.0;3;251;AUTOROUTE A5A;;;;770
43140;201300047880;13;11;29;650;3;1;1;1.0;4;471;RN 118;;;;910
43141;201300047881;13;11;30;345;3;1;1;1.0;2;689;AUTOROUTE A6;;;;910
43142;201300047882;13;11;30;1820;2;1;1;1.0;4;434;AUTOROUTE A6;;;;910
43143;201300047883;13;11;30;2042;3;1;1;1.0;6;174;RN 104;;;;910
43144;201300047884;13;12;1;1630;1;1;1;1.0;2;3;AUTOROUTE A6A;M;4880890.0;233976.0;940
43145;201300047885;13;12;2;1900;3;1;1;1.0;3;377;AUTOROUTE A10;;;;910
43146;201300047886;13;12;3;745;2;1;1;1.0;2;687;AUTOROUTE A6;;;;910
43147;201300047887;13;12;4;610;3;1;1;1.0;2;689;AUTOROUTE A6;;;;910
43148;201300047889;13;12;4;850;1;1;1;1.0;5;38;AUTOROUTE A6A;M;4878730.0;234529.0;940
43149;201300047890;13;12;5;1000;1;1;1;1.0;5;34;AUTOROUTE A86;M;4876130.0;231670.0;940
43150;201300047891;13;12;5;1922;3;1;1;1.0;4;339;RN 104;;;;910
43151;201300047892;13;12;6;1619;1;1;1;1.0;2;617;RN 104;;;;910
43152;201300047894;13;12;7;1149;1;1;1;1.0;4;471;RN 118;;;;910
43153;201300047895;13;12;8;455;3;1;1;1.0;5;2;AUTOROUTE A10;;;;920
43154;201300047896;13;12;9;1830;3;1;1;1.0;3;161;AUTOROUTE A6;;;;910
43155;201300047897;13;12;10;1110;1;1;1;1.0;2;363;RN 104;;;;910
43156;201300047898;13;12;12;710;2;1;1;1.0;5;689;AUTOROUTE A6;;;;910
43157;201300047899;13;12;12;1205;1;1;1;1.0;2;161;AUTOROUTE A6;;;;910
43158;201300047900;13;12;12;1749;2;1;1;1.0;5;661;AUTOROUTE A10;;;;910
43159;201300047901;13;12;12;1927;1;1;1;1.0;3;2;AUTOROUTE A10;;;;920
43160;201300047902;13;12;12;2120;3;1;1;1.0;5;161;AUTOROUTE A6;;;;910
43161;201300047903;13;12;14;113;3;1;1;1.0;4;471;RN 118;;;;910
43162;201300047904;13;12;14;2100;3;1;1;1.0;6;340;RN 104;;;;910
43163;201300047905;13;12;15;750;1;1;1;1.0;2;286;AUTOROUTE A6;;;;910
43164;201300047906;13;12;16;1636;1;1;1;1.0;4;2;AUTOROUTE A10;;;;920
43165;201300047908;13;12;18;503;3;1;1;1.0;2;76;AUTOROUTE A6B;M;4879240.0;234422.0;940
43166;201300047909;13;12;19;1211;1;1;1;1.0;5;76;AUTOROUTE A6B;M;4879250.0;234482.0;940
43167;201300047910;13;12;19;1340;1;1;1;2.0;3;34;AUTOROUTE A6A;M;4875370.0;233211.0;940
43168;201300047911;13;12;20;409;3;1;1;1.0;2;689;AUTOROUTE A6A;;;;910
43169;201300047912;13;12;21;154;3;1;1;1.0;1;312;RD 444;;;;910
43170;201300047913;13;12;22;1540;1;1;1;1.0;3;286;RD 310;;;;910
43171;201300047914;13;12;22;2140;3;1;1;1.0;6;64;RN 118;;;;910
43172;201300047915;13;12;22;2330;4;1;1;1.0;2;161;AUTOROUTE A6;;;;910
43173;201300047916;13;12;23;934;1;1;1;2.0;5;521;RN 104;;;;910
43174;201300047917;13;12;26;107;3;1;1;1.0;7;521;RN 449;;;;910
43175;201300047918;13;12;26;902;1;1;1;1.0;3;21;AUTOROUTE A6B;M;4877080.0;234568.0;940
43176;201300047919;13;12;26;1400;1;1;1;1.0;2;38;AUTOROUTE A6B;M;4878830.0;234536.0;940
43177;201300047920;13;12;26;1400;1;1;1;1.0;2;34;AUTOROUTE A6B;M;4875000.0;232901.0;940
43178;201300047921;13;12;26;1535;1;1;1;1.0;4;589;AUTOROUTE A6;;;;910
43179;201300047922;13;12;28;50;5;1;1;3.0;6;182;RN 104;;;;910
43180;201300047923;13;12;28;140;3;1;1;2.0;7;43;AUTOROUTE A6B;M;4881350.0;235448.0;940
43181;201300047924;13;12;29;417;5;1;1;2.0;5;182;AUTOROUTE A6;;;;910
43182;201300047925;13;12;30;652;3;1;1;1.0;6;76;AUTOROUTE A6B;M;4879600.0;234414.0;940
43183;201300047926;13;12;30;1546;1;1;1;2.0;7;161;AUTOROUTE A6;;;;910
43184;201300047927;13;12;31;1850;3;1;1;2.0;2;3;AUTOROUTE A6A;M;4879930.0;234236.0;940
43185;201300047928;13;1;2;831;1;2;1;3.0;6;33;193 - RN;M;0.0;0.0;202
43186;201300047929;13;1;2;1505;1;2;1;1.0;6;33;PAOLI DU NR 21 AU 45 -BL;M;0.0;0.0;202
43187;201300047932;13;1;5;1820;5;2;1;1.0;2;33;193 - RN;M;0.0;0.0;202
43188;201300047933;13;1;6;730;1;2;1;1.0;4;33;FRONT DE MER - ROUTE DU;M;0.0;0.0;202
43189;201300047934;13;1;8;550;5;2;1;3.0;6;33;AV DE LA LIBERATION;M;0.0;0.0;202
43190;201300047936;13;1;15;747;1;2;1;1.0;2;37;TOUTES RUES;M;0.0;0.0;202
43191;201300047937;13;1;18;1615;1;2;3;1.0;3;33;TOUTES RUES;M;0.0;0.0;202
43192;201300047938;13;1;18;2346;5;2;1;1.0;6;33;193 - RN;M;0.0;0.0;202
43193;201300047939;13;1;20;1837;5;2;1;2.0;6;33;MARTYRS - QUAI DES;M;0.0;0.0;202
43194;201300047940;13;1;21;835;1;2;1;1.0;6;33;ROUTE ROYALE;M;0.0;0.0;202
43195;201300047941;13;1;23;1230;1;2;1;1.0;3;33;193 - RN;M;0.0;0.0;202
43196;201300047942;13;1;23;1900;3;1;1;1.0;4;120;TOUTES RUES;M;0.0;0.0;202
43197;201300047943;13;1;24;1215;1;1;1;2.0;6;33;ST FLORENT-ANCIENNE RT D;M;0.0;0.0;202
43198;201300047945;13;2;1;706;2;1;1;1.0;2;37;TOUTES RUES;M;0.0;0.0;202
43199;201300047946;13;2;1;1838;5;2;1;1.0;2;37;TOUTES RUES;M;0.0;0.0;202
43200;201300047947;13;2;4;1843;5;1;1;1.0;2;120;TOUTES RUES;M;0.0;0.0;202
43201;201300047948;13;2;5;1952;5;2;1;1.0;1;37;TOUTES RUES;M;0.0;0.0;202