;Num_Acc;an;mois;jour;hrmn;lum;agg;int;atm;col;com;adr;gps;lat;long;dep
43202;201300047949;13;2;8;1949;5;1;1;1.0;6;120;TOUTES RUES;M;0.0;0.0;202
43203;201300047950;13;2;12;1000;1;2;1;1.0;6;33;sans, MIOT - RUE;M;0.0;0.0;202
43204;201300047951;13;2;13;1417;1;2;1;1.0;2;37;sans, TOUTES RUES;M;0.0;0.0;202
43205;201300047954;13;2;27;2100;5;2;1;1.0;1;33;TOUTES RUES;M;0.0;0.0;202
43206;201300047955;13;3;12;1900;2;2;3;1.0;3;33;sans, VEZZANI - RUE CESA;M;0.0;0.0;202
43207;201300047956;13;3;15;1927;5;1;1;1.0;2;37;SANS, TOUTES RUES;M;0.0;0.0;202
43208;201300047957;13;3;16;747;1;2;1;1.0;4;33;SANS, FRONT DE MER - ROU;M;0.0;0.0;202
43209;201300047958;13;3;16;1155;1;2;1;1.0;7;33;SANS, GENERAL DE GAULLE;M;0.0;0.0;202
43210;201300047959;13;3;18;910;1;2;1;3.0;4;33;sans, TOUTES RUES;M;0.0;0.0;202
43211;201300047960;13;3;24;1700;1;2;6;2.0;3;33;193 - RN;M;0.0;0.0;202
43212;201300047961;13;3;27;1700;1;2;1;1.0;4;33;SANS, TUNNEL - PASSERELL;M;0.0;0.0;202
43213;201300047962;13;3;30;1920;2;2;6;1.0;3;33;SANS, TOUTES RUES;M;0.0;0.0;202
43214;201300047965;13;4;10;1117;1;1;1;1.0;3;37;SANS, TOUTES RUES;M;0.0;0.0;202
43215;201300047966;13;4;10;1710;1;2;1;1.0;2;120;SANS, TOUTES RUES;M;0.0;0.0;202
43216;201300047967;13;4;10;2000;5;2;1;1.0;6;33;SANS, VEZZANI - RUE CESA;M;0.0;0.0;202
43217;201300047968;13;4;15;1725;1;2;1;1.0;3;37;SANS, TOUTES RUES;M;0.0;0.0;202
43218;201300047969;13;4;12;1258;1;2;1;1.0;5;33;SANS, FAVALE - COURS;M;0.0;0.0;202
43219;201300047970;13;4;18;1200;1;2;1;1.0;2;120;TOUTES RUES;M;0.0;0.0;202
43220;201300047971;13;4;23;1024;1;2;1;1.0;1;33;SANS, TOUTES RUES;M;0.0;0.0;202
43221;201300047972;13;4;25;100;5;2;1;1.0;6;33;SANS, VINCETTI - PLACE;M;0.0;0.0;202
43222;201300047973;13;4;30;740;1;2;1;1.0;3;33;GAUDIN - BLD AUGUSTE;M;0.0;0.0;202
43223;201300047974;13;5;1;540;5;2;1;1.0;6;33;10, VEZZANI - RUE CESAR;M;0.0;0.0;202
43224;201300047975;13;5;2;210;5;2;1;1.0;6;33;FRONT DE MER - ROUTE DU;M;0.0;0.0;202
43225;201300047976;13;5;4;2215;5;2;3;1.0;3;33;SANS, AV DE LA LIBERATIO;M;0.0;0.0;202
43226;201300047977;13;5;6;1515;1;2;1;1.0;6;33;SANS, FAVALE - COURS;M;0.0;0.0;202
43227;201300047978;13;5;8;1330;1;2;1;1.0;6;33;SANS, 193 - RN;M;0.0;0.0;202
43228;201300047979;13;5;11;1145;1;2;1;1.0;2;120;SANS, TOUTES RUES;M;0.0;0.0;202
43229;201300047980;13;5;12;608;2;2;1;1.0;6;33;SANS, AV DE LA LIBERATIO;M;0.0;0.0;202
43230;201300047981;13;5;13;1457;1;2;1;1.0;4;37;SANS, TOUTES RUES;M;0.0;0.0;202
43231;201300047982;13;5;17;1235;1;2;1;1.0;2;120;sans, TOUTES RUES;M;0.0;0.0;202
43232;201300047983;13;5;16;953;1;2;4;1.0;3;33;SANS, FRANCOIS VITTORI;M;0.0;0.0;202
43233;201300047984;13;5;18;820;1;2;6;1.0;3;33;SANS, GIACCOBBI - AV PAU;M;0.0;0.0;202
43234;201300047985;13;5;18;1150;1;2;1;1.0;2;33;3, GIRAUD - BD GENERAL;M;0.0;0.0;202
43235;201300047986;13;5;18;1409;1;1;1;1.0;5;37;SANS, TOUTES RUES;M;0.0;0.0;202
43236;201300047987;13;5;23;1725;1;2;1;1.0;6;33;sans, 193 - RN;M;0.0;0.0;202
43237;201300047988;13;5;28;1218;1;2;1;1.0;6;33;9, GAUDIN - BLD AUGUSTE;M;0.0;0.0;202
43238;201300047989;13;6;2;2003;5;2;1;1.0;6;33;SANS, 193 - RN;M;0.0;0.0;202
43239;201300047990;13;6;4;1531;1;2;1;1.0;2;33;193, 193 - RN;M;0.0;0.0;202
43240;201300047991;13;6;7;1125;1;1;1;1.0;6;37;SANS, TOUTES RUES;M;0.0;0.0;202
43241;201300047994;13;6;15;1915;1;1;3;1.0;3;37;SANS, TOUTES RUES;M;0.0;0.0;202
43242;201300047996;13;6;17;1320;1;2;1;2.0;6;33;sans, GIRAUD - BD GENERA;M;0.0;0.0;202
43243;201300047997;13;6;18;830;1;2;1;1.0;3;33;SANS, TOUTES RUES;M;0.0;0.0;202
43244;201300047998;13;6;25;935;1;2;1;1.0;4;33;SANS, TOUTES RUES;M;0.0;0.0;202
43245;201300048000;13;6;26;1901;1;2;1;1.0;2;33;SANS, FRONT DE MER - ROU;M;0.0;0.0;202
43246;201300048001;13;6;27;747;1;2;1;1.0;6;33;sans, 193 - RN;M;0.0;0.0;202
43247;201300048002;13;6;27;1158;1;2;1;1.0;6;33;SANS, FORCONE - CHEMIN D;M;0.0;0.0;202
43248;201300048003;13;6;29;1310;1;2;1;1.0;3;33;SANS, FRONT DE MER - ROU;M;0.0;0.0;202
43249;201300048004;13;7;1;2003;1;1;1;1.0;3;120;SANS, TOUTES RUES;M;0.0;0.0;202
43250;201300048005;13;7;2;1208;1;1;1;1.0;6;33;SANS, VEZZANI - RUE CESA;M;0.0;0.0;202
43251;201300048006;13;7;3;1140;1;2;1;1.0;2;120;SANS, TOUTES RUES;M;0.0;0.0;202
43252;201300048008;13;7;4;1835;1;1;1;2.0;3;120;SANS, TOUTES RUES;M;0.0;0.0;202
43253;201300048009;13;7;6;930;1;2;1;1.0;3;33;sans, AV DE LA LIBERATIO;M;0.0;0.0;202
43254;201300048010;13;7;8;1302;1;2;1;1.0;2;33;sans, ERBAJOLO;M;0.0;0.0;202
43255;201300048011;13;7;10;1745;1;2;1;1.0;2;33;sans, VEZZANI - RUE CESA;M;0.0;0.0;202
43256;201300048012;13;7;11;1150;1;2;1;1.0;3;33;sans, TOUTES RUES;M;0.0;0.0;202
43257;201300048013;13;7;11;1333;1;2;1;1.0;1;120;sans, TOUTES RUES;M;0.0;0.0;202
43258;201300048014;13;7;11;1932;1;2;1;1.0;2;33;sans, VEZZANI - RUE CESA;M;0.0;0.0;202
43259;201300048015;13;7;11;2204;5;2;1;1.0;6;33;TOUTES RUES;M;0.0;0.0;202
43260;201300048016;13;7;17;1110;1;2;1;1.0;2;33;sans, 193 - RN;M;0.0;0.0;202
43261;201300048018;13;7;20;28;5;2;1;1.0;2;33;sans, 193 - RN;M;0.0;0.0;202
43262;201300048021;13;7;24;1830;1;2;1;1.0;3;120;sans, TOUTES RUES;M;0.0;0.0;202
43263;201300048022;13;7;25;1826;1;2;1;1.0;2;33;sans, FRONT DE MER - ROU;M;0.0;0.0;202
43264;201300048025;13;8;1;840;1;2;1;1.0;2;33;SANS, FRONT DE MER - ROU;M;0.0;0.0;202
43265;201300048027;13;8;2;923;1;2;1;1.0;6;33;SANS, MIOT - RUE;M;0.0;0.0;202
43266;201300048028;13;8;2;1251;2;2;1;1.0;6;33;SANS, CHANOINE LESCHI -;M;0.0;0.0;202
43267;201300048029;13;8;6;1439;1;2;2;1.0;3;33;sans, TOUTES RUES;M;0.0;0.0;202
43268;201300048030;13;8;7;2200;5;2;1;1.0;6;120;SANS, TOUTES RUES;M;0.0;0.0;202
43269;201300048032;13;8;13;1853;1;2;1;1.0;1;33;SANS, CAPITAINE THEN;M;0.0;0.0;202
43270;201300048033;13;8;13;1750;1;2;3;1.0;3;33;SANS, GIACCOBBI - AV PAU;M;0.0;0.0;202
43271;201300048034;13;8;18;650;1;2;1;1.0;6;37;SANS, TOUTES RUES;M;0.0;0.0;202
43272;201300048035;13;8;18;1029;1;2;1;1.0;1;33;SANS, ROUTE ROYALE;M;0.0;0.0;202
43273;201300048036;13;8;19;2144;5;2;1;1.0;6;33;SANS, TOUTES RUES;M;0.0;0.0;202
43274;201300048037;13;8;25;2300;3;1;1;1.0;6;37;SANS, TOUTES RUES;M;0.0;0.0;202
43275;201300048038;13;8;27;1611;1;2;1;1.0;6;33;SANS, TOUTES RUES;M;0.0;0.0;202
43276;201300048039;13;9;2;1130;1;2;1;1.0;6;33;SANS, LUCE DE CASABIANCA;M;0.0;0.0;202
43277;201300048040;13;9;2;2120;5;1;1;1.0;6;120;SANS, TOUTES RUES;M;0.0;0.0;202
43278;201300048041;13;9;2;1445;1;2;1;1.0;4;120;SANS, TOUTES RUES;M;0.0;0.0;202
43279;201300048042;13;9;9;1610;1;2;1;1.0;6;37;sans, TOUTES RUES;M;0.0;0.0;202
43280;201300048043;13;9;10;919;1;2;1;1.0;6;120;sans, TOUTES RUES;M;0.0;0.0;202
43281;201300048044;13;9;11;1450;1;2;1;1.0;6;33;sans, AV DE LA LIBERATIO;M;0.0;0.0;202
43282;201300048045;13;9;12;835;1;2;1;1.0;6;33;sans, TOUTES RUES;M;0.0;0.0;202
43283;201300048046;13;9;13;845;1;2;1;1.0;2;120;SANS, TOUTES RUES;M;0.0;0.0;202
43284;201300048047;13;9;18;820;1;1;1;1.0;3;33;SANS, TOUTES RUES;M;0.0;0.0;202
43285;201300048048;13;9;18;2210;5;2;1;1.0;3;353;51, TOUTES RUES;M;0.0;0.0;202
43286;201300048049;13;9;19;855;1;2;1;1.0;6;33;SANS, ANNONCIADE - CHEMI;M;0.0;0.0;202
43287;201300048051;13;9;23;1805;1;2;1;1.0;2;33;12, GIACCOBBI - AV PAUL;M;0.0;0.0;202
43288;201300048052;13;9;25;820;1;1;1;1.0;3;37;sans, TOUTES RUES;M;0.0;0.0;202
43289;201300048053;13;9;25;2212;5;2;1;1.0;1;33;9, VEZZANI - RUE CESAR;M;0.0;0.0;202
43290;201300048054;13;9;28;1015;1;2;1;1.0;6;33;SANS, TOUTES RUES;M;0.0;0.0;202
43291;201300048055;13;10;1;1525;1;2;1;1.0;3;33;SANS, MARTYRS - QUAI DES;M;0.0;0.0;202
43292;201300048056;13;10;3;1630;1;2;1;1.0;1;120;SANS, TOUTES RUES;M;0.0;0.0;202
43293;201300048057;13;10;9;700;1;2;1;1.0;2;37;sans, TOUTES RUES;M;0.0;0.0;202
43294;201300048058;13;10;12;958;1;2;2;1.0;3;33;SANS, GIACCOBBI - AV PAU;M;0.0;0.0;202
43295;201300048059;13;10;12;1835;1;2;1;1.0;6;33;SANS, VIEUX PORT;M;0.0;0.0;202
43296;201300048060;13;10;15;1107;1;2;1;1.0;6;33;SANS, CAPITAINE THEN;M;0.0;0.0;202
43297;201300048061;13;10;16;1345;1;2;1;1.0;3;37;SANS, TOUTES RUES;M;0.0;0.0;202
43298;201300048062;13;10;16;1755;1;2;1;1.0;4;33;SANS, 193 - RN;M;0.0;0.0;202
43299;201300048064;13;10;19;1855;5;2;1;1.0;1;33;SANS, TOUTES RUES;M;0.0;0.0;202
43300;201300048065;13;10;18;1926;5;2;1;2.0;3;120;sans, TOUTES RUES;M;0.0;0.0;202
43301;201300048067;13;10;23;1830;5;2;1;1.0;1;120;SANS, TOUTES RUES;M;0.0;0.0;202
43302;201300048068;13;10;22;1645;1;2;1;1.0;2;33;SANS, 193 - RN;M;0.0;0.0;202
43303;201300048069;13;10;24;1500;1;2;1;1.0;2;33;SANS, 193 - RN;M;0.0;0.0;202
43304;201300048070;13;10;29;1700;1;2;1;1.0;1;33;516, ST FLORENT-ANCIENNE;M;0.0;0.0;202
43305;201300048071;13;11;3;1205;1;2;1;1.0;2;33;SANS, AV DE LA LIBERATIO;M;0.0;0.0;202
43306;201300048072;13;11;4;940;1;2;1;1.0;6;33;4, GAUDIN - BLD AUGUSTE;M;0.0;0.0;202
43307;201300048073;13;11;4;1835;3;1;1;3.0;1;33;SANS, COL DE TEGHIME;M;0.0;0.0;202
43308;201300048074;13;11;6;1820;5;2;2;1.0;1;33;SANS, ROUTE ROYALE;M;0.0;0.0;202
43309;201300048075;13;11;7;1900;5;1;1;2.0;2;37;SANS, TOUTES RUES;M;0.0;0.0;202
43310;201300048076;13;11;9;2100;5;2;1;1.0;6;33;SANS, AV DE LA LIBERATIO;M;0.0;0.0;202
43311;201300048077;13;11;13;1110;1;2;1;1.0;2;33;SANS, TUNNEL;M;0.0;0.0;202
43312;201300048078;13;11;12;1820;5;2;1;1.0;6;33;TOUTES RUES;M;0.0;0.0;202
43313;201300048079;13;11;14;1523;1;2;1;1.0;6;33;SANS, VEZZANI - RUE CESA;M;0.0;0.0;202
43314;201300048080;13;11;17;1028;1;2;1;1.0;6;33;SANS, 193 - RN;;;;202
43315;201300048081;13;11;17;2234;3;1;1;3.0;6;33;SANS, COL DE TEGHIME;;;;202
43316;201300048082;13;11;16;646;5;2;1;1.0;1;37;SANS, TOUTES RUES;;;;202
43317;201300048083;13;11;18;1625;2;2;1;3.0;3;33;516, ST FLORENT-ANCIENNE;;;;202
43318;201300048084;13;11;19;1415;1;2;1;1.0;2;33;SANS, VEZZANI - RUE CESA;;;;202
43319;201300048085;13;11;19;2207;5;2;1;1.0;3;33;SANS, 193 - RN;;;;202
43320;201300048086;13;11;21;940;1;2;1;3.0;1;33;SANS, TUNNEL;;;;202
43321;201300048087;13;11;21;1812;5;2;1;2.0;6;33;SANS, TOUTES RUES;;;;202
43322;201300048088;13;11;27;1738;5;2;1;1.0;4;120;sans, TOUTES RUES;;;;202
43323;201300048089;13;11;30;2050;5;1;3;3.0;1;120;sans, TOUTES RUES;;;;202
43324;201300048090;13;12;1;55;5;2;1;2.0;6;33;sans, TUNNEL - PASSERELL;;;;202
43325;201300048091;13;12;8;1905;5;2;1;1.0;6;37;sans, TOUTES RUES;;;;202
43326;201300048092;13;12;12;945;1;1;1;1.0;2;120;sans, TOUTES RUES;;;;202
43327;201300048093;13;12;12;1310;1;2;1;1.0;3;120;sans, TOUTES RUES;;;;202
43328;201300048094;13;12;12;1829;5;2;1;1.0;6;33;SANS, 193 - RN;;;;202
43329;201300048095;13;12;12;1801;5;2;1;1.0;4;33;sans, 193 - RN;;;;202
43330;201300048096;13;12;11;1805;5;1;1;1.0;2;37;sans, TOUTES RUES;;;;202
43331;201300048098;13;12;13;711;5;2;1;1.0;2;37;SANS, TOUTES RUES;;;;202
43332;201300048099;13;12;16;1555;5;1;1;1.0;1;37;SANS, TOUTES RUES;;;;202
43333;201300048100;13;12;17;1050;1;2;1;1.0;2;33;SANS, FRONT DE MER - ROU;;;;202
43334;201300048101;13;12;17;947;1;2;1;1.0;6;33;SANS, ROUTE ROYALE;;;;202
43335;201300048102;13;12;17;954;1;2;1;1.0;2;33;12, VEZZANI - RUE CESAR;;;;202
43336;201300048103;13;12;27;1052;1;1;1;1.0;2;33;SANS, FRONT DE MER - ROU;;;;202
43337;201300048104;13;12;27;1451;1;2;1;1.0;6;33;SANS, ROUTE ROYALE;;;;202
43338;201300048105;13;12;28;1705;1;2;1;1.0;6;33;SANS, VEZZANI - RUE CESA;;;;202
43339;201300048106;13;12;28;1500;1;2;1;1.0;3;33;5, SARI - AV EMILE;;;;202
43340;201300048108;13;1;9;2310;5;2;1;1.0;3;382;27, COURS SUCHET;;;;690
43341;201300048109;13;1;11;1430;1;2;1;1.0;6;382;14, COURS DE VERDUN PERR;;;;690
43342;201300048110;13;1;18;200;5;1;1;1.0;6;382;TREMIE 2 DU CENTRE D ECH;;;;690
43343;201300048111;13;1;19;130;5;2;1;2.0;4;382;85, CHARLEMAGNE;;;;690
43344;201300048112;13;1;9;745;2;2;1;1.0;6;382;GRENETTE;;;;690
43345;201300048113;13;2;14;1440;1;2;2;1.0;6;382;GRENETTE;;;;690
43346;201300048114;13;2;1;1525;1;2;1;1.0;7;382;59, RUE PRESIDENT EDOUAR;;;;690
43347;201300048115;13;2;13;1045;1;2;1;1.0;7;382;3, RUE PAUL MONTROCHET;;;;690
43348;201300048116;13;2;14;1700;1;2;3;2.0;6;382;RUE PAUL MONTROCHET;;;;690
43349;201300048117;13;2;17;210;5;2;1;1.0;6;382;12, QUAI JULES COURMONT;;;;690
43350;201300048118;13;2;19;1045;1;2;1;1.0;6;382;58, COURS CHARLEMAGNE;;;;690
43351;201300048119;13;2;20;1355;1;2;1;1.0;5;382;RUE PAUL MONTROCHET;;;;690
43352;201300048120;13;2;26;1410;1;2;1;1.0;2;382;11, QUAI DES CELESTINS;;;;690
43353;201300048121;13;2;28;1850;5;2;1;1.0;2;382;LAFAYETTE;;;;690
43354;201300048122;13;3;16;1655;1;2;1;1.0;6;382;12, JULES COURMONT;;;;690
43355;201300048123;13;4;1;2300;5;2;1;1.0;6;382;32, PERRACHE;;;;690
43356;201300048124;13;4;3;2220;5;2;1;1.0;6;382;20, REPUBLIQUE (DE LA);;;;690
43357;201300048125;13;4;5;1730;1;2;1;2.0;4;382;44, DOCTEUR GAILLETON (D;;;;690
43358;201300048126;13;4;13;1915;1;2;2;1.0;6;382;DELANDINE;;;;690
43359;201300048127;13;4;12;5;5;2;2;2.0;3;382;13, JULES COURMONT;;;;690
43360;201300048128;13;4;23;1515;1;2;1;1.0;6;382;38, RUE DES REMPARTS D A;;;;690
43361;201300048129;13;4;23;1530;1;2;1;1.0;4;382;190, CHARLEMAGNE;;;;690
43362;201300048130;13;4;21;240;5;2;1;1.0;7;382;40, RAMBAUD;;;;690
43363;201300048131;13;5;17;1840;1;2;1;2.0;6;382;face 12, QUAI JULES COUR;;;;690
43364;201300048132;13;5;19;440;5;2;2;1.0;6;382;COURS SUCHET;;;;690
43365;201300048133;13;5;6;905;1;2;9;1.0;2;382;01, QUAI JULES COURMONT;;;;690
43366;201300048134;13;5;9;2100;5;2;1;1.0;6;382;DOCTEUR GAILLETON (DU);;;;690
43367;201300048135;13;5;8;1845;1;2;1;2.0;6;382;11, QUAI DES CELESTINS;;;;690
43368;201300048137;13;5;18;300;5;2;1;1.0;6;382;45, DOCTEUR GAILLETON (D;;;;690
43369;201300048138;13;5;22;1505;1;2;1;1.0;3;382;10, MARECHAL JOFFRE (DU);;;;690
43370;201300048139;13;5;25;2330;5;2;1;1.0;6;382;RUE VUILLERME;;;;690
43371;201300048140;13;5;29;1710;1;2;1;3.0;3;382;1, JULES COURMONT;;;;690
43372;201300048141;13;5;31;850;1;2;3;1.0;3;382;16, RUE THOMASSIN;;;;690
43373;201300048142;13;6;1;1440;1;2;2;1.0;6;382;27, JEAN MOULIN;;;;690
43374;201300048143;13;6;5;930;1;2;2;1.0;3;382;81, CHARLEMAGNE;;;;690
43375;201300048144;13;6;23;1600;1;2;1;1.0;7;382;00, tr?mie n?2;;;;690
43376;201300048145;13;6;25;2055;1;2;1;1.0;3;382;27, JEAN MOULIN;;;;690
43377;201300048146;13;6;29;35;5;2;2;1.0;2;382;00, QUAI JULES COURMONT;;;;690
43378;201300048148;13;6;30;1845;1;2;1;1.0;5;382;04, PLACE CARNOT;;;;690
43379;201300048149;13;6;29;1145;1;2;3;2.0;3;382;face au 2, PLACE DES COR;;;;690
43380;201300048150;13;7;2;1840;1;2;1;1.0;6;382;22, GRENETTE;;;;690
43381;201300048151;13;7;3;1727;1;2;1;1.0;6;382;11, BELLECOUR;;;;690
43382;201300048152;13;7;5;1825;1;2;1;1.0;6;382;2, QUAI SAINT ANTOINE;;;;690
43383;201300048153;13;7;20;2300;5;2;1;1.0;6;382;13, JULES COURMONT;;;;690
43384;201300048154;13;7;21;1807;1;2;3;1.0;3;382;REPUBLIQUE (DE LA);;;;690
43385;201300048155;13;7;12;340;5;2;1;1.0;6;382;PERRACHE;;;;690
43386;201300048156;13;7;24;1030;1;2;3;1.0;1;382;QUAI PERRACHE;;;;690
43387;201300048157;13;7;24;1630;1;2;1;1.0;6;382;QUAI RAMBAUD;;;;690
43388;201300048158;13;7;30;1225;1;2;1;1.0;6;382;27, JEAN MOULIN;;;;690
43389;201300048159;13;7;24;1315;1;2;1;1.0;6;382;16, RUE VICTOR HUGO;;;;690
43390;201300048160;13;8;1;1715;1;2;2;1.0;3;382;RUE DELANDINE;;;;690
43391;201300048162;13;8;3;1100;1;2;1;1.0;3;382;JULES COURMONT;;;;690
43392;201300048164;13;8;4;1145;1;2;1;1.0;6;382;9, PERRACHE;;;;690
43393;201300048165;13;8;30;1530;1;2;5;1.0;3;382;JULES COURMONT;;;;690
43394;201300048166;13;9;5;1250;1;2;1;1.0;4;382;JULES COURMONT;;;;690
43395;201300048168;13;9;12;1855;1;2;2;1.0;3;382;CASIMIR PERIER;;;;690
43396;201300048170;13;9;20;2100;5;2;1;1.0;3;382;GALLIENI;;;;690
43397;201300048171;13;9;21;2200;5;2;1;1.0;6;382;34, RUE VAUBECOUR;;;;690
43398;201300048172;13;10;10;1555;1;2;2;1.0;3;382;10, CONDE (DE);;;;690
43399;201300048173;13;9;25;731;1;2;1;1.0;6;382;PONT GALLIENI;;;;690
43400;201300048174;13;10;18;350;5;2;1;1.0;6;382;60, JULES COURMONT;;;;690
43401;201300048176;13;11;28;140;5;2;1;1.0;6;382;QUAI DOCTEUR GAILLETON;;;;690
43402;201300048177;13;11;30;1300;1;2;1;1.0;6;382;3, RUE ANTOINE DE SAINT;;;;690
43403;201300048178;13;12;1;850;1;2;2;1.0;3;382;22, BAYARD;;;;690
43404;201300048179;13;12;10;755;1;2;1;5.0;2;382;21, JEAN MOULIN;;;;690
43405;201300048180;13;12;13;115;5;2;1;1.0;6;382;1, QUAI JULES COURMONT;;;;690
43406;201300048182;13;12;19;700;5;2;1;2.0;6;382;QUAI DOCTEUR GAILLETON;;;;690
43407;201300048183;13;12;20;30;5;2;1;2.0;6;382;40, RAMBAUD;;;;690
43408;201300048184;13;12;22;1850;5;2;1;1.0;2;382;QUAI DOCTEUR GAILLETON;;;;690
43409;201300048186;13;1;2;1315;1;1;1;1.0;7;507;AUTOROUTE A1;;;;590
43410;201300048187;13;1;3;1410;1;1;1;1.0;7;587;AUTOROUTE A21;;;;620
43411;201300048188;13;1;3;1910;3;1;1;2.0;5;532;AUTOROUTE A16;M;5095861.0;215931.0;590
43412;201300048190;13;1;16;1250;1;1;1;2.0;4;43;AUTOROUTE A25;;;;590
43413;201300048191;13;2;2;1145;1;1;1;1.0;7;427;AUTOROUTE A21;;;;620
43414;201300048192;13;2;9;1800;3;1;1;2.0;7;748;AUTOROUTE A16;;;;620
43415;201300048193;13;2;11;750;1;1;1;1.0;3;510;AUTOROUTE A21;;;;620
43416;201300048194;13;2;12;600;3;1;1;8.0;3;186;AUTOROUTE A21;;;;620
43417;201300048195;13;2;12;1400;1;1;1;1.0;5;646;ROUTE NATIONALE 356;;;;590
43418;201300048196;13;2;15;320;5;1;1;8.0;7;343;AUTOROUTE A1;;;;590
43419;201300048197;13;2;15;2010;5;1;1;1.0;2;350;ROUTE NATIONALE 356;;;;590
43420;201300048198;13;3;1;1245;1;1;1;1.0;2;82;ROUTE NATIONALE 225;;;;590
43421;201300048199;13;3;1;1930;2;1;1;1.0;2;462;AUTOROUTE A1;;;;590
43422;201300048201;13;3;12;1400;1;1;1;4.0;2;124;AUTOROUTE A27;;;;590
43423;201300048202;13;3;17;1800;1;1;1;2.0;7;350;AUTOROUTE A25;;;;590
43424;201300048203;13;3;22;1245;1;1;1;1.0;2;196;AUTOROUTE A25;;;;590
43425;201300048204;13;3;22;2100;3;1;1;8.0;2;234;AUTOROUTE A21;;;;590
43426;201300048205;13;3;27;1400;1;1;1;1.0;4;378;ROUTE NATIONALE 356;;;;590
43427;201300048206;13;4;2;900;1;1;1;7.0;7;278;ROUTE NATIONALE 41;;;;590
43428;201300048207;13;4;5;1620;1;1;1;1.0;3;155;AUTOROUTE A16;;;;590
43429;201300048208;13;4;8;400;3;1;1;1.0;1;260;AUTOROUTE A16;;;;590
43430;201300048210;13;4;13;1730;1;1;1;2.0;4;82;ROUTE NATIONALE 225;;;;590
43431;201300048211;13;4;14;100;5;1;1;2.0;4;585;AUTOROUTE A1;;;;590
43432;201300048212;13;4;25;1420;1;1;1;1.0;6;205;AUTOROUTE A 21;;;;590
43433;201300048213;13;5;1;45;3;1;1;1.0;6;528;AUTOROUTE A21;;;;620
43434;201300048214;13;5;1;2000;1;1;1;1.0;6;350;ROUTE NATIONALE 356;;;;590
43435;201300048215;13;5;7;1220;1;1;1;1.0;7;193;AUTOROUTE A16;;;;620
43436;201300048216;13;5;16;920;1;1;1;2.0;6;343;ROUTE NATIONALE 227;;;;590
43437;201300048217;13;5;16;1745;1;1;1;2.0;3;507;AUTOROUTE A1;;;;590
43438;201300048218;13;5;16;1910;3;1;1;1.0;5;193;AUTOROUTE A16;M;5093665.0;185233.0;620
43439;201300048219;13;5;19;410;3;1;1;1.0;2;491;AUTOROUTE A23;;;;590
43440;201300048220;13;5;23;909;1;1;9;1.0;2;637;AUTOROUTE A1;;;;620
43441;201300048222;13;5;23;930;1;1;1;2.0;2;637;AUTOROUTE A1;;;;620
43442;201300048223;13;6;7;1000;1;1;1;1.0;6;288;AUTOROUTE A2;;;;590
43443;201300048224;13;6;19;1155;1;1;1;2.0;6;143;AUTOROUTE A25;;;;590
43444;201300048225;13;6;24;500;2;1;1;8.0;7;479;AUTOROUTE A2;;;;590
43445;201300048226;13;7;5;1050;1;1;1;1.0;2;350;ROUTE NATIONALE 356;;;;590
43446;201300048227;13;7;6;1130;1;1;1;1.0;6;274;AUTOROUTE A21;;;;620
43447;201300048228;13;7;8;815;1;1;1;1.0;2;350;AUTOROUTE A25;;;;590
43448;201300048229;13;7;12;2355;3;1;1;1.0;2;193;AUTOROUTE A16;;;;620
43449;201300048230;13;7;18;1435;1;1;1;7.0;6;350;ROUTE NATIONALE 356;M;5062744.0;308324.0;590
43450;201300048231;13;7;20;310;5;1;1;1.0;6;351;AUTOROUTE A21;;;;620
43451;201300048232;13;7;25;2025;3;1;1;1.0;7;350;ROUTE NATIONALE 356;;;;590
43452;201300048233;13;7;28;1700;1;1;1;1.0;7;646;ROUTE DEPARTEMENTALE 656;;;;590
43453;201300048234;13;8;1;2105;1;1;1;1.0;7;456;AUTOROUTE A 21;M;5038083.0;322936.0;590
43454;201300048235;13;8;2;1900;1;1;1;1.0;3;350;AUTOROUTE A1;;;;590
43455;201300048236;13;8;3;510;5;1;1;1.0;2;628;AUTOROUTE A21;;;;620
43456;201300048237;13;8;7;10;3;1;1;1.0;6;852;AUTOROUTE A16;;;;620
43457;201300048238;13;8;16;930;1;1;1;1.0;7;599;ROUTE DEPARTEMENTALE 656;;;;590
43458;201300048239;13;8;20;1835;1;1;1;1.0;6;508;AUTOROUTE A22;;;;590
43459;201300048240;13;8;21;2030;2;1;1;1.0;6;410;ROUTE NATIONALE 356;;;;590
43460;201300048241;13;8;22;1200;2;1;1;1.0;6;491;AUTOROUTE A23;;;;590
43461;201300048242;13;8;23;1840;1;1;1;1.0;7;748;AUTOROUTE A16;;;;620
43462;201300048243;13;8;27;1820;1;1;1;1.0;3;378;AUTOROUTE A22;;;;590
43463;201300048244;13;8;28;1245;1;1;1;1.0;6;507;AUTOROUTE A1;;;;590
43464;201300048245;13;8;28;1800;1;1;1;1.0;6;155;AUTOROUTE A16;;;;590
43465;201300048246;13;8;30;1015;1;1;1;1.0;7;508;AUTOROUTE A22;;;;590
43466;201300048247;13;9;2;1315;1;1;1;1.0;6;360;AUTOROUTE A25;;;;590
43467;201300048248;13;9;2;1457;1;1;1;1.0;6;90;AUTOROUTE A22;;;;590
43468;201300048249;13;9;3;1320;1;1;1;1.0;3;528;AUTOROUTE A21;;;;620
43469;201300048250;13;9;5;1700;1;1;1;1.0;6;9;AUTOROUTE A22;;;;590
43470;201300048251;13;9;7;1010;1;1;1;1.0;6;343;AUTOROUTE A1;;;;590
43471;201300048252;13;9;8;730;1;1;1;1.0;7;9;AUTOROUTE A22;;;;590
43472;201300048253;13;9;9;1615;1;1;1;2.0;7;179;AUTOROUTE A2;;;;590
43473;201300048254;13;9;11;1430;1;1;1;2.0;6;9;ROUTE NATIONALE 227;;;;590
43474;201300048255;13;9;14;2020;3;1;1;9.0;6;195;ROUTE DEPARTEMENTALE 652;;;;590
43475;201300048257;13;9;18;1340;1;1;1;1.0;3;350;ROUTE NATIONALE 356;;;;590
43476;201300048258;13;9;20;710;1;1;1;1.0;2;43;AUTOROUTE A25;;;;590