;Num_Acc;an;mois;jour;hrmn;lum;agg;int;atm;col;com;adr;gps;lat;long;dep
43477;201300048259;13;9;20;900;1;1;1;9.0;3;90;ROUTE DEPARTEMENTALE 652;;;;590
43478;201300048260;13;9;24;745;2;1;1;1.0;4;196;AUTOROUTE A25;;;;590
43479;201300048262;13;9;30;120;4;1;1;1.0;6;507;AUTOROUTE A1;;;;590
43480;201300048263;13;9;30;1515;1;1;1;1.0;6;378;AUTOROUTE A22;;;;590
43481;201300048264;13;10;2;745;2;1;1;1.0;6;123;AUTOROUTE A1;;;;590
43482;201300048265;13;10;3;2120;5;1;1;1.0;2;256;AUTOROUTE A23;;;;590
43483;201300048266;13;10;7;227;4;1;1;1.0;1;378;AUTOROUTE A22;;;;590
43484;201300048267;13;10;9;230;3;1;1;1.0;6;313;AUTOROUTE A2;;;;590
43485;201300048268;13;10;11;515;5;1;1;8.0;6;771;AUTOROUTE A21;;;;620
43486;201300048269;13;10;11;1015;1;1;1;1.0;3;215;AUTOROUTE A2;;;;590
43487;201300048270;13;10;11;1715;1;1;1;1.0;6;80;AUTOROUTE A23;;;;590
43488;201300048271;13;10;16;1350;1;1;1;1.0;3;907;AUTOROUTE A1;;;;620
43489;201300048272;13;10;16;1815;1;1;1;3.0;6;574;AUTOROUTE A 21;;;;590
43490;201300048273;13;10;17;1845;1;1;1;1.0;2;340;AUTOROUTE A16;;;;590
43491;201300048275;13;10;26;150;3;1;1;8.0;2;179;AUTOROUTE A2;;;;590
43492;201300048276;13;10;26;1745;1;1;1;1.0;7;566;AUTOROUTE A25;;;;590
43493;201300048277;13;10;27;5;3;1;1;1.0;2;462;AUTOROUTE A1;;;;590
43494;201300048278;13;11;1;1340;1;1;1;1.0;2;378;AUTOROUTE A22;;;;590
43495;201300048279;13;11;2;1700;1;1;1;1.0;2;350;AUTOROUTE A25;;;;590
43496;201300048280;13;11;3;1215;1;1;1;6.0;6;498;AUTOROUTE A21;;;;620
43497;201300048282;13;11;12;2215;3;1;1;1.0;4;401;AUTOROUTE A25;;;;590
43498;201300048283;13;11;13;845;1;1;1;1.0;4;401;AUTOROUTE A25;;;;590
43499;201300048284;13;11;13;1710;2;1;1;1.0;4;274;AUTOROUTE A21;;;;620
43500;201300048285;13;11;13;1815;3;1;1;1.0;4;350;ROUTE NATIONALE 356;;;;590
43501;201300048286;13;11;14;1310;1;1;1;1.0;2;274;AUTOROUTE A21;M;5043183.0;298135.0;620
43502;201300048287;13;11;19;1815;4;1;1;8.0;5;274;AUTOROUTE A1;;;;620
43503;201300048288;13;11;21;100;3;1;1;5.0;2;574;AUTOROUTE A 21;;;;590
43504;201300048290;13;11;24;440;5;1;1;1.0;6;195;AUTOROUTE A25;;;;590
43505;201300048291;13;11;24;1920;3;1;1;2.0;6;260;AUTOROUTE A16;;;;590
43506;201300048293;13;11;30;850;1;1;1;1.0;6;401;AUTOROUTE A25;;;;590
43507;201300048294;13;11;30;1900;3;1;1;2.0;3;606;AUTOROUTE A23;;;;590
43508;201300048295;13;12;4;1855;5;1;1;2.0;5;646;AUTOROUTE A22;;;;590
43509;201300048296;13;12;9;1;3;1;1;1.0;6;636;ROUTE DEPARTEMENTALE 652;;;;590
43510;201300048297;13;12;9;1703;5;1;1;1.0;7;9;ROUTE NATIONALE 227;;;;590
43511;201300048298;13;12;9;2120;3;1;1;1.0;4;378;AUTOROUTE A22;;;;590
43512;201300048299;13;12;19;1015;1;1;1;1.0;2;258;AUTOROUTE A23;;;;590
43513;201300048300;13;12;19;1420;1;1;1;1.0;6;143;AUTOROUTE A25;;;;590
43514;201300048301;13;12;19;1930;3;1;1;1.0;6;359;AUTOROUTE A16;;;;590
43515;201300048302;13;12;20;1645;1;1;1;1.0;6;646;ROUTE NATIONALE 356;;;;590
43516;201300048303;13;12;22;1040;1;1;1;6.0;6;766;AUTOROUTE A16;;;;620
43517;201300048304;13;12;24;1700;3;1;1;3.0;6;586;AUTOROUTE A23;;;;590
43518;201300048305;13;12;26;945;1;1;1;1.0;6;234;AUTOROUTE A21;;;;590
43519;201300048306;13;12;26;1415;1;1;1;1.0;3;350;AUTOROUTE A25;;;;590
43520;201300048307;13;12;28;1100;1;1;1;1.0;2;646;ROUTE DEPARTEMENTALE 656;;;;590
43521;201300048308;13;12;29;430;3;1;1;1.0;6;195;ROUTE DEPARTEMENTALE 652;;;;590
43522;201300048311;13;1;9;815;1;2;1;1.0;2;386;1, QUAI CHARLES DE GAULL;;;;690
43523;201300048312;13;1;9;1750;5;2;2;1.0;3;383;1, COURS GAMBETTA;;;;690
43524;201300048313;13;2;5;1755;2;2;3;3.0;6;385;62, AVENUE DU POINT DU J;;;;690
43525;201300048314;13;1;14;2040;5;2;2;1.0;1;383;RUE PAUL BERT;;;;690
43526;201300048315;13;2;12;1225;1;2;1;2.0;6;385;153, AVENUE BARTHELEMY B;;;;690
43527;201300048316;13;1;16;1235;1;2;1;1.0;6;386;31, COURS VITTON;;;;690
43528;201300048317;13;2;13;1655;1;2;1;1.0;6;385;15, QUAI FULCHIRON;;;;690
43529;201300048318;13;1;18;740;5;2;2;1.0;6;383;0, BOULEVARD MARIUS VIVI;;;;690
43530;201300048319;13;1;18;750;2;2;2;1.0;3;383;0, COURS EUGENIE;;;;690
43531;201300048321;13;1;24;2230;5;2;2;1.0;3;386;0, RUE CURTELIN;;;;690
43532;201300048322;13;1;23;1435;1;2;3;1.0;3;386;00, RUE BERANGER;;;;690
43533;201300048323;13;1;26;1910;5;2;1;1.0;6;383;236, COURS LAFAYETTE;;;;690
43534;201300048324;13;1;28;1200;1;2;2;2.0;3;383;RUE JULIEN;;;;690
43535;201300048325;13;2;1;830;1;2;1;1.0;6;383;02, ROUTE DE GENAS;;;;690
43536;201300048326;13;2;2;1310;1;2;2;1.0;3;383;IGNORE, COURS GAMBETTA;;;;690
43537;201300048327;13;2;4;1200;1;2;1;8.0;6;386;152, RUE DUGUESCLIN;;;;690
43538;201300048328;13;2;4;1910;5;2;1;2.0;6;383;290, RUE GARIBALDI;;;;690
43539;201300048329;13;2;1;1240;1;2;1;8.0;6;383;56, AVENUE ROCKEFELLER;;;;690
43540;201300048330;13;2;2;1220;1;2;2;1.0;3;386;RUE DUGUESCLIN;;;;690
43541;201300048331;13;2;6;1805;5;2;2;2.0;6;383;0, BOULEVARD MARIUS VIVI;;;;690
43542;201300048332;13;2;8;855;1;2;1;1.0;6;386;119, COURS LAFAYETTE;;;;690
43543;201300048333;13;2;12;1750;5;2;2;2.0;3;383;0, COURS DE LA LIBERTE;;;;690
43544;201300048334;13;2;15;810;1;2;3;1.0;3;386;ignore, BOULEVARD DES BR;;;;690
43545;201300048335;13;2;15;1020;1;2;1;1.0;2;386;42, COURS VITTON;;;;690
43546;201300048336;13;2;20;1305;1;2;1;1.0;1;383;22, AVENUE GEORGES POMPI;;;;690
43547;201300048337;13;2;23;55;5;2;2;1.0;6;383;RUE DUGUESCLIN;;;;690
43548;201300048338;13;2;26;1940;5;2;2;1.0;3;386;RUE CUVIER;;;;690
43549;201300048339;13;2;27;1630;1;2;2;1.0;6;386;0, COURS LAFAYETTE;;;;690
43550;201300048340;13;2;27;1200;1;2;1;1.0;4;383;01, COURS RICHARD VITTON;;;;690
43551;201300048341;13;3;3;945;1;2;2;1.0;6;386;0, COURS LAFAYETTE;;;;690
43552;201300048342;13;3;5;1700;1;2;2;1.0;3;383;IGNORE, RUE DU LAC;;;;690
43553;201300048343;13;3;5;2010;5;2;4;1.0;6;383;0, PLACE DE LA FERRANDIE;;;;690
43554;201300048344;13;3;8;1040;1;2;3;1.0;6;383;RUE DU DAUPHINE;;;;690
43555;201300048345;13;3;7;1510;1;2;1;1.0;6;383;AVENUE GEORGES POMPIDOU;;;;690
43556;201300048346;13;3;9;1650;1;2;2;1.0;3;383;0, RUE DE LA PART DIEU;;;;690
43557;201300048347;13;3;9;1920;5;2;2;1.0;3;383;COURS GAMBETTA;;;;690
43558;201300048348;13;3;11;1340;1;2;2;1.0;3;383;0, RUE SAINT MAXIMIN;;;;690
43559;201300048350;13;3;11;1800;1;2;1;1.0;3;383;79, RUE BARABAN;;;;690
43560;201300048351;13;3;12;1500;1;2;1;1.0;6;386;COURS VITTON;;;;690
43561;201300048352;13;3;14;1300;1;2;1;1.0;4;383;RUE BONNAND;;;;690
43562;201300048353;13;3;15;1745;1;2;2;1.0;3;383;0, AVENUE FELIX FAURE;;;;690
43563;201300048354;13;3;18;1420;1;2;1;8.0;2;383;68, RUE FERDINAND BUISSO;;;;690
43564;201300048355;13;3;29;420;5;2;1;8.0;3;386;6, PLACE JULES FERRY;;;;690
43565;201300048356;13;3;30;2030;5;2;3;3.0;3;386;ignor?, COURS VITTON;;;;690
43566;201300048357;13;4;6;1315;1;2;1;1.0;6;383;8, RUE AIME COLLOMB;;;;690
43567;201300048358;13;4;4;1620;1;2;3;1.0;1;383;0, BOULEVARD MARIUS VIVI;;;;690
43568;201300048359;13;4;8;1120;1;2;3;2.0;3;386;ignore, RUE GERMAIN;;;;690
43569;201300048360;13;4;10;2125;5;2;2;2.0;1;383;RUE DU DAUPHINE;;;;690
43570;201300048361;13;4;12;1700;1;2;1;2.0;7;383;37, AVENUE FELIX FAURE;;;;690
43571;201300048362;13;4;13;35;5;2;3;1.0;6;386;0, QUAI GENERAL SARRAIL;;;;690
43572;201300048363;13;4;13;430;5;2;2;1.0;3;383;0, RUE VENDOME;;;;690
43573;201300048364;13;4;16;1630;1;2;2;1.0;3;386;0, RUE GARIBALDI;;;;690
43574;201300048365;13;4;16;1955;1;2;1;1.0;6;383;8, RUE OMER LOUIS;;;;690
43575;201300048366;13;4;3;2030;5;2;1;1.0;6;386;30, QUAI CHARLES DE GAUL;;;;690
43576;201300048367;13;4;13;1500;1;2;1;1.0;6;383;26, RUE BONNAND;;;;690
43577;201300048368;13;4;17;1235;1;2;1;1.0;3;383;83, COURS ALBERT THOMAS;;;;690
43578;201300048369;13;4;18;1650;1;2;2;1.0;6;386;00, AVENUE MARECHAL DE S;;;;690
43579;201300048370;13;4;19;940;1;2;1;2.0;2;383;05, COURS ALBERT THOMAS;;;;690
43580;201300048372;13;4;25;1215;1;2;1;1.0;2;383;49, AVENUE LACASSAGNE;;;;690
43581;201300048374;13;4;28;2240;5;2;1;2.0;6;386;184, COURS LAFAYETTE;;;;690
43582;201300048375;13;4;29;815;1;2;2;2.0;6;386;RUE NOTRE DAME;;;;690
43583;201300048376;13;5;2;915;1;2;1;8.0;6;383;RUE DOCTEUR PAUL DIDAY;;;;690
43584;201300048377;13;5;2;1540;1;2;1;1.0;2;386;1, AVENUE DE GRANDE BRET;;;;690
43585;201300048378;13;5;7;1645;1;2;2;1.0;6;386;0, RUE FENELON;;;;690
43586;201300048379;13;5;11;1805;1;2;2;1.0;1;386;ignore, RUE TETE D OR;;;;690
43587;201300048381;13;5;16;1545;1;2;2;2.0;3;383;AVENUE GEORGES POMPIDOU;;;;690
43588;201300048382;13;5;21;1205;1;2;2;1.0;6;386;89, RUE DE CREQUI;;;;690
43589;201300048383;13;5;24;1345;1;2;1;1.0;6;386;07, COURS FRANKLIN ROOSE;;;;690
43590;201300048384;13;5;24;1530;1;2;3;1.0;3;383;BOULEVARD MARIUS VIVIER;;;;690
43591;201300048385;13;5;24;1840;1;2;1;1.0;3;383;IGNORE, RUE PAUL BERT;;;;690
43592;201300048386;13;5;27;1430;1;2;1;1.0;3;383;AVENUE LACASSAGNE;;;;690
43593;201300048387;13;5;28;1010;1;2;3;8.0;6;383;0, RUE GUY;;;;690
43594;201300048388;13;5;30;1300;1;2;3;2.0;6;383;00, BOULEVARD MARIUS VIV;;;;690
43595;201300048390;13;5;30;1650;1;2;1;1.0;6;383;RUE DE LA VILLETTE;;;;690
43596;201300048391;13;5;31;1735;1;2;2;2.0;6;383;0, RUE BELLECOMBE;;;;690
43597;201300048392;13;6;3;1030;1;2;1;1.0;4;386;81, BOULEVARD STALINGRAD;;;;690
43598;201300048393;13;6;3;1100;1;2;2;1.0;3;383;0, AVENUE LACASSAGNE;;;;690
43599;201300048394;13;6;3;2115;5;2;9;1.0;6;386;8, PLACE MARECHAL LYAUTE;;;;690
43600;201300048395;13;6;5;1610;1;2;1;1.0;6;383;186, COURS LAFAYETTE;;;;690
43601;201300048397;13;6;5;2200;5;2;1;1.0;3;383;196, AVENUE FELIX FAURE;;;;690
43602;201300048398;13;6;7;10;5;2;1;1.0;2;383;165, AVENUE FELIX FAURE;;;;690
43603;201300048399;13;6;11;1100;1;2;2;1.0;3;386;0, RUE CUVIER;;;;690
43604;201300048400;13;6;11;1800;1;2;2;1.0;6;383;RUE DUGUESCLIN;;;;690
43605;201300048401;13;6;13;1155;1;2;2;1.0;3;386;0, AVENUE THIERS;;;;690
43606;201300048402;13;6;13;1845;1;2;1;2.0;6;383;56, COURS GAMBETTA;;;;690
43607;201300048403;13;6;13;1945;1;2;2;3.0;6;383;246, COURS LAFAYETTE;;;;690
43608;201300048404;13;6;14;1550;1;2;1;1.0;6;383;49, AVENUE MARECHAL DE S;;;;690
43609;201300048407;13;6;18;1915;1;2;2;1.0;6;386;288, COURS LAFAYETTE;;;;690
43610;201300048408;13;6;26;1510;1;2;1;1.0;6;383;290, RUE GARIBALDI;;;;690
43611;201300048409;13;6;26;1630;1;2;2;7.0;3;386;0, RUE TETE D OR;;;;690
43612;201300048411;13;6;30;320;5;2;2;1.0;3;383;RUE SERVIENT;;;;690
43613;201300048412;13;7;1;1800;1;2;2;1.0;6;383;0, RUE PAUL BERT;;;;690
43614;201300048413;13;7;2;1315;1;2;2;1.0;3;386;00, COURS VITTON;;;;690
43615;201300048414;13;7;4;1905;1;2;1;1.0;5;386;2, PLACE MARECHAL LYAUTE;;;;690
43616;201300048415;13;7;1;940;1;2;1;1.0;3;386;AVENUE DE GRANDE BRETAGN;;;;690
43617;201300048416;13;7;2;1540;1;2;2;1.0;6;383;0, RUE DE LA VILLETTE;;;;690
43618;201300048417;13;7;4;1905;1;2;2;1.0;3;386;00, RUE VAUBAN;;;;690
43619;201300048418;13;7;5;1305;1;2;2;1.0;3;383;0, RUE CHAPONNAY;;;;690
43620;201300048419;13;7;6;350;5;2;1;1.0;6;386;122, RUE VAUBAN;;;;690
43621;201300048421;13;7;12;200;5;2;1;1.0;2;386;00, PONT WINSTON CHURCHI;;;;690
43622;201300048422;13;7;12;900;1;2;2;1.0;6;386;0, AVENUE MARECHAL DE SA;;;;690
43623;201300048423;13;7;12;1215;1;2;5;1.0;2;383;QUAI VICTOR AUGAGNEUR;;;;690
43624;201300048424;13;7;15;1950;1;2;2;1.0;3;383;0, RUE CHAPONNAY;;;;690
43625;201300048425;13;7;15;1615;1;2;3;1.0;3;386;00, RUE DE GENEVE;;;;690
43626;201300048426;13;7;16;1845;1;2;1;1.0;3;383;72, AVENUE MARECHAL DE S;;;;690
43627;201300048427;13;7;16;1805;1;2;2;1.0;1;383;RUE DE LA PART DIEU;;;;690
43628;201300048428;13;7;22;1750;1;2;1;1.0;2;386;25, BOULEVARD DES BROTTE;;;;690
43629;201300048429;13;7;23;1220;1;2;2;1.0;3;383;00, RUE PASCAL;;;;690
43630;201300048430;13;7;23;1230;1;2;1;1.0;6;386;0, COURS VITTON;;;;690
43631;201300048432;13;7;26;1005;1;2;2;1.0;3;383;0, AVENUE MARECHAL DE SA;;;;690
43632;201300048433;13;7;26;1730;1;2;1;1.0;3;383;64, RUE DE BONNEL;;;;690
43633;201300048434;13;7;29;1510;1;2;2;1.0;3;386;0, COURS LAFAYETTE;;;;690
43634;201300048435;13;7;31;1415;1;2;2;1.0;3;386;COURS LAFAYETTE;;;;690
43635;201300048437;13;6;28;1400;1;2;1;2.0;3;383;00, AVENUE FELIX FAURE;;;;690
43636;201300048438;13;8;5;100;5;2;2;1.0;3;383;0, COURS GAMBETTA;;;;690
43637;201300048439;13;7;29;1035;1;2;1;1.0;4;383;AVENUE FELIX FAURE;;;;690
43638;201300048440;13;8;8;1235;1;2;2;3.0;3;383;0, RUE DES TUILIERS;;;;690
43639;201300048441;13;8;4;1235;1;2;2;1.0;3;383;00, COURS GAMBETTA;;;;690
43640;201300048442;13;8;8;1640;1;2;1;2.0;7;383;47, AVENUE FELIX FAURE;;;;690
43641;201300048443;13;8;20;820;1;2;2;1.0;3;386;42, RUE DE SEZE;;;;690
43642;201300048444;13;8;20;1450;1;2;1;1.0;6;383;AVENUE LACASSAGNE;;;;690
43643;201300048445;13;8;12;1200;1;2;1;1.0;6;386;66, RUE TRONCHET;;;;690
43644;201300048446;13;8;24;235;5;2;1;1.0;6;386;39, BOULEVARD DES BELGES;;;;690
43645;201300048449;13;8;27;1720;1;2;1;1.0;6;383;26, COURS ALBERT THOMAS;;;;690
43646;201300048451;13;8;30;1520;1;2;1;1.0;6;386;126, RUE VAUBAN;;;;690
43647;201300048452;13;9;2;1025;1;2;1;1.0;6;383;15, RUE DU DAUPHINE;;;;690
43648;201300048453;13;9;2;1750;1;2;1;1.0;3;383;17, AVENUE MARECHAL DE S;;;;690
43649;201300048454;13;9;5;1550;1;2;1;1.0;2;383;65, BOULEVARD MARIUS VIV;;;;690
43650;201300048455;13;9;6;1350;1;2;1;1.0;6;383;18, BOULEVARD PINEL;;;;690
43651;201300048456;13;9;7;1635;1;2;1;1.0;6;383;0, QUAI VICTOR AUGAGNEUR;;;;690
43652;201300048457;13;9;9;1210;1;2;1;1.0;2;383;85, BOULEVARD MARIUS VIV;;;;690
43653;201300048459;13;9;4;1820;1;2;3;1.0;6;383;0, RUE FIOL;;;;690
43654;201300048460;13;9;9;1045;1;2;2;1.0;6;386;00, RUE CUVIER;;;;690
43655;201300048461;13;9;9;1510;1;2;1;1.0;4;383;35, AVENUE FELIX FAURE;;;;690
43656;201300048462;13;9;10;900;1;2;1;1.0;7;383;200, AVENUE LACASSAGNE;;;;690
43657;201300048463;13;9;11;1310;1;2;1;1.0;3;383;222, RUE DE CREQUI;;;;690
43658;201300048464;13;9;11;950;1;2;1;1.0;6;383;16, QUAI VICTOR AUGAGNEU;;;;690
43659;201300048465;13;9;11;1030;1;2;1;1.0;7;383;199, RUE DE BONNEL;;;;690
43660;201300048466;13;9;12;1545;1;2;1;1.0;6;386;0, COURS LAFAYETTE;;;;690
43661;201300048467;13;9;9;1530;1;2;2;1.0;3;386;18, AVENUE VERGUIN;;;;690
43662;201300048468;13;9;13;1820;1;2;3;1.0;3;386;RUE DE SEZE;;;;690
43663;201300048469;13;9;15;1105;1;2;2;1.0;3;383;COURS LAFAYETTE;;;;690
43664;201300048471;13;9;19;1845;1;2;1;1.0;6;386;110, COURS VITTON;;;;690
43665;201300048472;13;9;22;2025;5;2;1;1.0;6;383;22, QUAI VICTOR AUGAGNEU;;;;690
43666;201300048473;13;9;23;1225;1;2;1;1.0;6;386;AVENUE VERGUIN;;;;690
43667;201300048474;13;9;25;1420;1;2;1;1.0;2;383;132, AVENUE MARECHAL DE;;;;690
43668;201300048475;13;9;24;1900;2;2;2;1.0;3;383;00, AVENUE MARECHAL DE S;;;;690
43669;201300048476;13;7;29;1520;1;2;2;1.0;3;383;0, RUE DE LA VILLETTE;;;;690
43670;201300048477;13;9;1;2050;5;2;1;1.0;2;386;10, QUAI CHARLES DE GAUL;;;;690
43671;201300048478;13;9;26;1445;1;2;2;1.0;3;386;141, RUE VAUBAN;;;;690
43672;201300048480;13;9;28;2155;5;2;2;1.0;3;386;0, RUE CUVIER;;;;690
43673;201300048481;13;9;29;1210;1;2;1;2.0;2;383;00, AVENUE GEORGES POMPI;;;;690
43674;201300048482;13;9;30;2200;5;2;1;1.0;2;386;71, RUE BUGEAUD;;;;690
43675;201300048483;13;9;24;745;1;2;1;1.0;2;383;43, COURS GAMBETTA;;;;690
43676;201300048485;13;10;4;1135;1;2;2;1.0;6;383;0, COURS DE LA LIBERTE;;;;690
43677;201300048486;13;10;7;1454;1;2;2;1.0;3;383;0, COURS EUGENIE;;;;690
43678;201300048487;13;10;8;1830;2;2;1;1.0;3;386;0, COURS FRANKLIN ROOSEV;;;;690
43679;201300048488;13;10;9;2150;5;2;2;1.0;3;383;RUE DUGUESCLIN;;;;690
43680;201300048489;13;10;9;1900;5;2;1;1.0;6;386;125, RUE DES CHARMETTES;;;;690
43681;201300048490;13;10;9;1940;5;2;2;1.0;6;386;0, BOULEVARD DES BELGES;;;;690
43682;201300048491;13;10;2;2050;5;1;2;1.0;3;386;COURS LAFAYETTE;;;;690
43683;201300048492;13;10;16;1720;1;2;2;1.0;3;386;0, RUE SAINTE GENEVIEVE;;;;690
43684;201300048493;13;10;17;845;1;2;2;1.0;3;386;0, RUE DUGUESCLIN;;;;690
43685;201300048494;13;10;11;1950;5;2;3;1.0;3;386;1, RUE DUQUESNE;;;;690
43686;201300048495;13;10;20;925;1;2;5;8.0;3;383;COURS RICHARD VITTON;;;;690
43687;201300048496;13;10;21;1825;2;2;1;2.0;6;383;303, RUE DUGUESCLIN;;;;690
43688;201300048497;13;10;18;800;1;2;1;1.0;6;383;4, RUE JULIE;;;;690
43689;201300048498;13;10;21;1650;1;2;2;1.0;3;386;79, RUE DUGUESCLIN;;;;690
43690;201300048499;13;10;22;1653;1;2;1;1.0;6;383;120, BOULEVARD MARIUS VI;;;;690
43691;201300048500;13;10;23;2015;5;2;2;1.0;6;383;0, RUE SERVIENT;;;;690
43692;201300048501;13;10;25;940;1;2;1;1.0;2;383;99, AVENUE FELIX FAURE;;;;690
43693;201300048502;13;10;25;2150;5;2;2;1.0;3;383;0, AVENUE MARECHAL DE SA;;;;690
43694;201300048503;13;10;30;1855;5;2;2;1.0;6;383;0, ROUTE DE GENAS;;;;690
43695;201300048504;13;10;22;1030;1;2;2;1.0;3;383;RUE SAINT ANTOINE;;;;690
43696;201300048505;13;11;6;2045;5;2;2;1.0;3;386;0, RUE VAUBAN;;;;690
43697;201300048506;13;11;8;1040;1;2;1;1.0;6;386;105-107, RUE BOSSUET;;;;690
43698;201300048508;13;11;9;1910;4;2;2;3.0;5;383;141, RUE GARIBALDI;;;;690
43699;201300048509;13;11;12;1920;5;2;2;1.0;3;383;RUE DE LA PART DIEU;;;;690
43700;201300048510;13;11;13;1540;1;2;2;1.0;3;386;RUE DE CREQUI;;;;690
43701;201300048511;13;11;15;2330;5;2;1;1.0;2;383;314, COURS LAFAYETTE;;;;690
43702;201300048512;13;11;19;1130;1;2;2;2.0;2;383;0, COURS LAFAYETTE;;;;690
43703;201300048513;13;11;19;1700;5;2;2;2.0;6;383;0, RUE DU LAC;;;;690
43704;201300048515;13;11;21;1730;3;2;2;2.0;3;386;1, AVENUE THIERS;;;;690
43705;201300048518;13;11;27;2300;5;2;2;1.0;3;386;0, RUE JULIETTE RECAMIER;;;;690
43706;201300048519;13;11;4;1025;1;2;1;1.0;6;383;20-22, AVENUE GEORGES PO;;;;690
43707;201300048520;13;11;9;1630;1;2;2;1.0;3;383;30, COURS ALBERT THOMAS;;;;690
43708;201300048521;13;11;27;1920;5;2;2;1.0;3;383;RUE MAURICE FLANDIN;;;;690
43709;201300048522;13;11;28;1935;5;2;2;1.0;6;386;0, COURS LAFAYETTE;;;;690
43710;201300048523;13;11;28;1;5;2;3;1.0;7;386;1, AVENUE DE GRANDE BRET;;;;690
43711;201300048524;13;11;28;1000;1;2;1;1.0;6;386;34, RUE TETE D OR;;;;690
43712;201300048525;13;12;3;1220;1;2;2;1.0;6;386;1, BOULEVARD STALINGRAD;;;;690
43713;201300048526;13;12;4;830;1;2;3;1.0;3;383;41, RUE DU DAUPHINE;;;;690
43714;201300048527;13;12;23;1825;5;2;1;1.0;6;386;34, QUAI CHARLES DE GAUL;;;;690
43715;201300048528;13;12;10;949;1;2;1;1.0;2;386;129, RUE DE CREQUI;;;;690
43716;201300048529;13;12;16;1155;1;2;2;1.0;3;386;RUE MASSENA;;;;690
43717;201300048530;13;12;19;1350;1;2;1;3.0;6;383;11, COURS ALBERT THOMAS;;;;690
43718;201300048531;13;12;18;1855;5;2;1;1.0;6;383;3, AVENUE LACASSAGNE;;;;690
43719;201300048532;13;12;17;1030;1;2;2;1.0;6;386;148, RUE DUGUESCLIN;;;;690
43720;201300048535;13;12;25;2102;5;2;2;3.0;3;383;1, RUE FERDINAND BUISSON;;;;690
43721;201300048536;13;1;5;700;5;2;2;1.0;3;384;RUE DUMONT D URVILLE;;;;690
43722;201300048537;13;1;13;1925;5;2;2;8.0;3;384;41, RUE DE BELFORT;;;;690
43723;201300048538;13;1;30;725;5;2;1;1.0;2;384;1, QUAI JOSEPH GILLET;;;;690
43724;201300048539;13;2;16;1825;5;2;1;1.0;6;384;4, BOULEVARD DES CANUTS;;;;690
43725;201300048540;13;2;27;1645;1;2;1;1.0;6;384;120, BOULEVARD DE LA CRO;;;;690
43726;201300048541;13;3;4;1618;1;2;1;1.0;6;384;56, BOULEVARD DES CANUTS;;;;690
43727;201300048542;13;3;5;840;1;2;1;1.0;2;384;56, RUE EUGENE PONS;;;;690
43728;201300048543;13;4;26;1325;1;2;1;2.0;7;384;18, MONTEE DE LA BOUCLE;;;;690
43729;201300048544;13;4;27;1040;1;2;1;3.0;6;384;44 bis, QUAI JOSEPH GILL;;;;690
43730;201300048545;13;5;4;2020;2;2;1;1.0;1;384;74, RUE D YPRES;;;;690
43731;201300048546;13;5;18;1530;1;2;1;2.0;7;384;27, COURS D HERBOUVILLE;;;;690
43732;201300048547;13;5;23;850;1;2;1;1.0;3;384;55, QUAI JOSEPH GILLET;;;;690
43733;201300048548;13;5;27;1800;1;2;1;1.0;6;384;37, BOULEVARD DE LA CROI;;;;690
43734;201300048550;13;5;30;900;1;2;1;8.0;6;384;PONT MASARYK;;;;690
43735;201300048551;13;6;25;915;1;2;2;1.0;3;384;00, RUE HENON;;;;690
43736;201300048552;13;6;26;940;1;2;1;1.0;3;384;22, COURS D HERBOUVILLE;;;;690
43737;201300048553;13;7;16;835;1;2;2;1.0;3;384;RUE HENON;;;;690
43738;201300048554;13;7;18;910;1;2;1;2.0;2;384;CHEMIN DE SERIN A LA CRO;;;;690
43739;201300048555;13;7;23;2000;2;2;1;1.0;2;384;25, RUE CHAZIERE;;;;690
43740;201300048556;13;7;28;2225;5;2;2;3.0;3;384;RUE DE NUITS;;;;690
43741;201300048557;13;8;29;1700;1;2;1;1.0;3;384;42, RUE CHAZIERE;;;;690
43742;201300048558;13;9;17;1840;2;2;1;1.0;6;384;AVENUE DE BIRMINGHAM;;;;690
43743;201300048560;13;9;25;1640;1;2;1;1.0;6;384;31, RUE HENON;;;;690
43744;201300048561;13;9;30;825;1;2;3;1.0;3;384;RUE PHILIPPE DE LASSALLE;;;;690
43745;201300048562;13;11;5;2105;5;2;2;2.0;3;384;MONTEE DE LA BOUCLE;;;;690
43746;201300048564;13;11;17;1850;5;2;6;1.0;3;384;RUE EUGENE PONS;;;;690
43747;201300048565;13;11;18;1040;1;1;1;8.0;6;384;22, RUE DE CUIRE;;;;690
43748;201300048566;13;11;19;735;5;2;1;1.0;3;384;25, RUE BONY;;;;690
43749;201300048567;13;12;3;745;1;2;1;1.0;6;384;10, RUE D AUSTERLITZ;;;;690
43750;201300048568;13;12;14;100;5;2;1;5.0;4;384;23, BOULEVARD DE LA CROI;;;;690
43751;201300048569;13;12;26;1900;5;2;1;1.0;3;384;61, BOULEVARD DES CANUTS;;;;690
43752;201300048570;13;1;1;555;5;1;1;2.0;6;167;ROUTE NATIONALE 230;;;;330
43753;201300048571;13;1;2;725;5;1;1;1.0;6;249;ROCADE A 630;;;;330
43754;201300048572;13;1;7;645;5;1;1;2.0;5;143;AUTOROUTE A 10;;;;330
43755;201300048573;13;1;7;1620;1;1;1;1.0;6;448;AUTOROUTE A 62;;;;330
43756;201300048574;13;1;11;1010;1;1;1;1.0;4;249;ROUTE NATIONALE 230;;;;330
43757;201300048575;13;1;11;1720;1;1;1;1.0;4;550;ROCADE A 630;;;;330