;Num_Acc;an;mois;jour;hrmn;lum;agg;int;atm;col;com;adr;gps;lat;long;dep
43758;201300048576;13;1;12;1430;1;1;1;2.0;4;63;ROCADE A 630;;;;330
43759;201300048577;13;1;15;800;1;1;1;9.0;6;162;ROCADE A 630;;;;330
43760;201300048578;13;1;18;500;5;1;1;4.0;6;167;ROUTE NATIONALE 230;;;;330
43761;201300048579;13;1;18;1705;1;1;1;2.0;6;65;ROUTE NATIONALE 230;;;;330
43762;201300048580;13;1;18;1805;5;1;1;2.0;6;39;ROCADE A 630;;;;330
43763;201300048581;13;1;19;1210;1;1;1;2.0;6;65;ROUTE NATIONALE 230;;;;330
43764;201300048583;13;1;24;915;1;1;1;1.0;4;318;ROCADE A 630;;;;330
43765;201300048584;13;1;25;745;5;1;1;1.0;5;192;ROCADE A 630;;;;330
43766;201300048585;13;1;27;2050;5;1;1;2.0;6;249;ROCADE A 630;;;;330
43767;201300048586;13;1;28;835;1;1;1;2.0;2;318;ROCADE A 630;;;;330
43768;201300048587;13;1;29;1055;1;1;1;1.0;5;192;AUTOROUTE A 63;;;;330
43769;201300048588;13;2;4;1050;1;1;1;2.0;2;3;AUTOROUTE A 10;;;;330
43770;201300048589;13;2;6;930;1;1;1;2.0;6;249;ROCADE A 630;;;;330
43771;201300048590;13;2;6;1710;1;1;1;2.0;2;80;AUTOROUTE A 62;;;;330
43772;201300048591;13;2;9;1710;1;1;1;2.0;6;249;ROCADE A 630;;;;330
43773;201300048592;13;2;10;1155;1;1;1;2.0;6;249;ROCADE A 630;;;;330
43774;201300048593;13;2;11;550;5;1;1;2.0;6;249;ROUTE NATIONALE 230;;;;330
43775;201300048596;13;2;13;720;1;1;1;1.0;2;249;ROCADE A 630;;;;330
43776;201300048597;13;2;20;1515;1;1;1;1.0;2;63;ROCADE A 630;;;;330
43777;201300048598;13;2;21;1550;1;1;1;1.0;6;249;ROUTE NATIONALE 230;;;;330
43778;201300048599;13;2;21;1720;1;1;1;1.0;1;249;ROCADE A 630;;;;330
43779;201300048600;13;3;3;810;2;1;1;1.0;6;192;ROCADE A 630;;;;330
43780;201300048601;13;3;4;1200;1;1;1;1.0;3;167;ROUTE NATIONALE 230;;;;330
43781;201300048602;13;3;7;500;3;1;1;1.0;3;122;AUTOROUTE A 63;;;;330
43782;201300048603;13;3;8;745;1;1;1;2.0;3;162;ROCADE A 630;;;;330
43783;201300048605;13;3;15;820;1;1;1;1.0;2;63;ROCADE A 630;;;;330
43784;201300048606;13;3;16;1120;1;1;1;1.0;6;3;AUTOROUTE A 10;;;;330
43785;201300048608;13;3;18;900;1;1;1;2.0;4;96;AUTOROUTE A 10;;;;330
43786;201300048609;13;3;18;1705;1;1;1;2.0;6;65;ROUTE NATIONALE 230;;;;330
43787;201300048610;13;3;19;1915;2;1;1;1.0;3;550;ROCADE A 630;;;;330
43788;201300048611;13;3;22;740;1;1;1;1.0;2;281;ROCADE A 630;;;;330
43789;201300048612;13;3;27;1845;1;1;1;1.0;2;249;ROCADE A 630;;;;330
43790;201300048613;13;3;28;2050;3;1;1;1.0;2;122;AUTOROUTE A 63;;;;330
43791;201300048614;13;4;5;1145;1;1;1;1.0;6;249;ROUTE NATIONALE 230;;;;330
43792;201300048615;13;4;7;1650;1;1;1;8.0;4;192;ROCADE A 630;;;;330
43793;201300048616;13;4;8;1615;1;1;1;2.0;2;96;AUTOROUTE A 10;;;;330
43794;201300048617;13;4;9;915;1;1;1;2.0;5;90;AUTOROUTE A 63;;;;330
43795;201300048618;13;4;11;1520;1;1;1;2.0;6;39;ROUTE NATIONALE 230;;;;330
43796;201300048619;13;4;11;2230;5;1;1;1.0;2;63;ROCADE A 630;;;;330
43797;201300048620;13;4;16;615;5;1;1;1.0;6;397;AUTOROUTE A 10;;;;330
43798;201300048621;13;4;16;1905;1;1;1;1.0;4;75;ROCADE A 630;;;;330
43799;201300048622;13;4;17;920;1;1;1;1.0;5;162;ROCADE A 630;;;;330
43800;201300048623;13;4;21;2205;5;1;1;1.0;6;63;ROCADE A 630;;;;330
43801;201300048624;13;4;24;1115;1;1;1;1.0;5;119;ROUTE NATIONALE 230;;;;330
43802;201300048625;13;4;24;1610;1;1;1;1.0;6;281;ROCADE A 630;;;;330
43803;201300048626;13;4;24;1635;1;1;1;1.0;6;550;ROCADE A 630;;;;330
43804;201300048627;13;4;25;1015;1;1;1;1.0;4;75;ROCADE A 630;;;;330
43805;201300048628;13;4;25;1820;1;1;1;1.0;7;281;ROCADE A 630;;;;330
43806;201300048629;13;4;26;1555;1;1;1;2.0;5;192;ROCADE A 630;;;;330
43807;201300048630;13;4;26;1915;1;1;1;2.0;6;487;AUTOROUTE A 10;;;;330
43808;201300048631;13;4;30;755;1;1;1;2.0;6;249;ROCADE A 630;;;;330
43809;201300048633;13;5;1;1510;1;1;1;2.0;6;63;ROCADE A 630;;;;330
43810;201300048634;13;5;1;2215;5;1;1;2.0;5;249;ROUTE NATIONALE 230;;;;330
43811;201300048635;13;5;2;1717;1;1;1;2.0;4;39;ROCADE A 630;;;;330
43812;201300048636;13;5;2;1758;1;1;1;2.0;6;318;ROCADE A 630;;;;330
43813;201300048637;13;5;3;40;5;1;1;2.0;6;39;ROCADE A 631;;;;330
43814;201300048638;13;5;9;1205;1;1;1;2.0;6;80;AUTOROUTE A 62;;;;330
43815;201300048639;13;5;9;1640;1;1;1;2.0;5;39;ROCADE A 630;;;;330
43816;201300048640;13;5;9;1935;1;1;1;2.0;5;119;ROUTE NATIONALE 230;;;;330
43817;201300048641;13;5;9;2000;1;1;1;2.0;6;39;ROCADE A 630;;;;330
43818;201300048642;13;5;11;1710;1;1;1;1.0;6;192;ROCADE A 630;;;;330
43819;201300048643;13;5;12;1025;1;1;1;2.0;6;39;ROCADE A 630;;;;330
43820;201300048644;13;5;14;1900;1;1;1;1.0;3;249;ROCADE A 630;;;;330
43821;201300048645;13;5;15;1750;1;1;1;1.0;2;318;ROCADE A 630;;;;330
43822;201300048646;13;5;15;1940;1;1;1;8.0;6;281;ROCADE A 630;;;;330
43823;201300048647;13;5;16;910;1;1;1;1.0;6;75;ROCADE A 630;;;;330
43824;201300048648;13;5;18;2115;2;1;1;2.0;3;39;ROCADE A 630;;;;330
43825;201300048649;13;5;21;700;1;1;1;2.0;4;23;AUTOROUTE A 62;;;;330
43826;201300048650;13;5;21;1030;1;1;1;2.0;6;249;ROCADE A 630;;;;330
43827;201300048651;13;5;24;1715;1;1;1;1.0;2;192;ROCADE A 630;;;;330
43828;201300048652;13;5;26;1930;1;1;1;1.0;6;167;ROUTE NATIONALE 230;;;;330
43829;201300048653;13;5;30;805;1;1;1;2.0;6;167;ROUTE NATIONALE 230;;;;330
43830;201300048654;13;6;2;1900;1;1;1;1.0;4;90;AUTOROUTE A 63;;;;330
43831;201300048655;13;6;10;700;1;1;1;1.0;4;550;ROCADE A 630;;;;330
43832;201300048656;13;6;15;1515;1;1;1;1.0;7;318;ROCADE A 630;;;;330
43833;201300048657;13;6;19;1540;1;1;1;3.0;3;65;ROUTE NATIONALE 230;;;;330
43834;201300048658;13;6;20;1255;1;1;1;2.0;5;318;ROCADE A 630;;;;330
43835;201300048659;13;6;21;200;5;1;1;2.0;6;119;ROUTE NATIONALE 230;;;;330
43836;201300048660;13;6;21;1640;1;1;1;2.0;4;96;AUTOROUTE A 10;;;;330
43837;201300048661;13;6;21;1820;1;1;1;2.0;2;249;ROUTE NATIONALE 230;;;;330
43838;201300048662;13;6;25;740;1;1;1;1.0;2;397;AUTOROUTE A 10;;;;330
43839;201300048663;13;6;27;905;1;1;1;1.0;6;249;ROUTE NATIONALE 230;;;;330
43840;201300048665;13;6;27;2010;5;1;1;1.0;2;162;ROCADE A 630;;;;330
43841;201300048666;13;6;28;1720;1;1;1;1.0;2;63;ROCADE A 630;;;;330
43842;201300048667;13;6;28;1750;1;1;1;1.0;2;550;ROCADE A 630;;;;330
43843;201300048668;13;6;28;1825;1;1;1;1.0;5;162;ROCADE A 630;;;;330
43844;201300048669;13;6;28;2010;1;1;1;1.0;6;39;ROCADE A 630;;;;330
43845;201300048671;13;6;29;1940;1;1;1;2.0;7;550;ROCADE A 630;;;;330
43846;201300048673;13;7;6;1205;1;1;1;1.0;4;366;AUTOROUTE A 10;;;;330
43847;201300048674;13;7;6;1900;1;1;1;1.0;6;318;ROCADE A 630;;;;330
43848;201300048675;13;7;7;657;1;1;1;1.0;6;75;ROCADE A 630;;;;330
43849;201300048676;13;7;8;1030;1;1;1;1.0;7;318;ROCADE A 630;;;;330
43850;201300048678;13;7;12;840;1;1;1;1.0;3;63;ROCADE A 630;;;;330
43851;201300048679;13;7;12;1640;1;1;1;1.0;2;192;AUTOROUTE A 63;;;;330
43852;201300048680;13;7;16;1750;1;1;1;1.0;3;75;ROCADE A 630;;;;330
43853;201300048681;13;7;18;1730;1;1;1;1.0;6;550;ROCADE A 630;;;;330
43854;201300048682;13;7;23;1310;1;1;1;1.0;3;192;AUTOROUTE A 63;;;;330
43855;201300048683;13;7;26;1530;1;1;1;1.0;6;249;ROCADE A 630;;;;330
43856;201300048685;13;7;27;1025;1;1;1;1.0;6;122;AUTOROUTE A 63;;;;330
43857;201300048686;13;7;28;1050;1;1;1;1.0;2;397;AUTOROUTE A 10;;;;330
43858;201300048687;13;7;28;1722;1;1;1;1.0;6;192;AUTOROUTE A 63;;;;330
43859;201300048688;13;7;30;1017;1;1;1;1.0;6;366;AUTOROUTE A 10;;;;330
43860;201300048689;13;7;30;1905;1;1;1;1.0;6;550;ROCADE A 630;;;;330
43861;201300048690;13;8;3;35;5;1;1;2.0;6;550;ROCADE A 630;;;;330
43862;201300048691;13;8;3;1630;1;1;1;1.0;6;553;AUTOROUTE A 10;;;;330
43863;201300048692;13;8;5;1235;1;1;1;1.0;6;553;AUTOROUTE A 10;;;;330
43864;201300048693;13;8;7;1430;1;1;1;2.0;6;122;AUTOROUTE A 63;;;;330
43865;201300048694;13;8;7;1740;1;1;1;2.0;6;366;AUTOROUTE A 10;;;;330
43866;201300048696;13;8;16;2050;1;1;1;1.0;3;281;ROCADE A 630;;;;330
43867;201300048697;13;8;17;1355;1;1;1;1.0;4;119;ROUTE NATIONALE 230;;;;330
43868;201300048698;13;8;22;1540;1;1;1;1.0;2;122;AUTOROUTE A 63;;;;330
43869;201300048699;13;8;24;430;3;1;1;1.0;7;39;ROCADE A 630;;;;330
43870;201300048700;13;8;24;1300;1;1;1;1.0;2;162;ROCADE A 630;;;;330
43871;201300048701;13;8;30;1420;1;1;1;1.0;2;80;AUTOROUTE A 62;;;;330
43872;201300048702;13;8;31;1745;1;1;1;1.0;6;143;AUTOROUTE A 10;;;;330
43873;201300048703;13;9;2;1345;1;1;1;1.0;6;192;ROCADE A 630;;;;330
43874;201300048705;13;9;5;2340;3;1;1;1.0;6;119;ROUTE NATIONALE 230;;;;330
43875;201300048706;13;9;7;1310;1;1;1;2.0;6;249;ROCADE A 630;;;;330
43876;201300048707;13;9;8;2125;5;1;1;1.0;6;96;AUTOROUTE A 10;;;;330
43877;201300048708;13;9;9;1710;1;1;1;2.0;2;397;AUTOROUTE A 10;;;;330
43878;201300048709;13;9;11;1800;1;1;1;1.0;6;281;ROCADE A 630;;;;330
43879;201300048712;13;9;16;936;1;1;1;2.0;6;65;ROUTE NATIONALE 230;;;;330
43880;201300048713;13;9;16;1123;1;1;1;2.0;6;249;ROCADE A 630;;;;330
43881;201300048714;13;9;16;1315;1;1;1;2.0;6;249;ROCADE A 630;;;;330
43882;201300048715;13;9;18;1655;1;1;1;3.0;6;249;ROCADE A 630;;;;330
43883;201300048716;13;9;18;1656;1;1;1;2.0;6;249;ROCADE A 630;;;;330
43884;201300048717;13;9;18;1910;1;1;1;2.0;6;249;ROCADE A 630;;;;330
43885;201300048718;13;9;19;920;1;1;1;1.0;3;162;ROCADE A 630;;;;330
43886;201300048719;13;9;20;1605;1;1;1;1.0;6;318;ROCADE A 630;;;;330
43887;201300048720;13;9;21;1730;1;1;1;1.0;6;96;AUTOROUTE A 10;;;;330
43888;201300048721;13;9;23;750;1;1;1;1.0;6;167;ROUTE NATIONALE 230;;;;330
43889;201300048722;13;9;23;930;1;1;1;1.0;6;80;AUTOROUTE A 62;;;;330
43890;201300048723;13;9;14;2120;5;1;1;1.0;6;318;ROCADE A 630;;;;330
43891;201300048724;13;9;26;750;5;1;1;1.0;6;75;ROCADE A 630;;;;330
43892;201300048726;13;9;27;740;2;1;1;1.0;6;318;ROCADE A 630;;;;330
43893;201300048727;13;9;30;1835;1;1;1;2.0;6;63;ROCADE A 630;;;;330
43894;201300048728;13;10;4;1800;1;1;1;3.0;7;318;ROCADE A 630;;;;330
43895;201300048729;13;10;4;1805;1;1;1;3.0;7;318;ROCADE A 630;;;;330
43896;201300048730;13;10;7;1730;1;1;1;1.0;2;249;ROCADE A 630;;;;330
43897;201300048732;13;10;8;1040;1;1;1;1.0;3;96;AUTOROUTE A 10;;;;330
43898;201300048733;13;10;12;150;3;1;1;8.0;6;23;AUTOROUTE A 62;;;;330
43899;201300048734;13;10;12;835;1;1;1;2.0;2;249;ROCADE A 630;;;;330
43900;201300048735;13;10;15;855;1;1;1;2.0;6;487;AUTOROUTE A 10;;;;330
43901;201300048736;13;10;14;825;1;1;1;1.0;6;39;ROCADE A 630;;;;330
43902;201300048737;13;10;18;1510;1;1;1;1.0;5;65;ROUTE NATIONALE 230;;;;330
43903;201300048738;13;10;18;1600;1;1;1;1.0;2;550;ROCADE A 630;;;;330
43904;201300048739;13;10;18;2205;4;1;1;1.0;6;75;ROCADE A 630;;;;330
43905;201300048740;13;10;25;520;4;1;1;2.0;6;448;AUTOROUTE A 62;;;;330
43906;201300048741;13;10;25;820;2;1;1;2.0;4;39;ROCADE A 631;;;;330
43907;201300048742;13;10;25;1630;1;1;1;2.0;6;249;ROCADE A 630;;;;330
43908;201300048743;13;10;25;1655;1;1;1;2.0;6;249;ROCADE A 630;;;;330
43909;201300048744;13;10;25;1950;3;1;1;2.0;6;80;AUTOROUTE A 62;;;;330
43910;201300048745;13;10;30;1150;1;1;1;1.0;6;162;ROCADE A 630;;;;330
43911;201300048746;13;10;31;635;5;1;1;1.0;6;318;AUTOROUTE A 63;;;;330
43912;201300048747;13;10;31;1845;5;1;1;1.0;6;550;ROCADE A 630;;;;330
43913;201300048748;13;10;31;1923;5;1;1;1.0;4;550;ROCADE A 630;;;;330
43914;201300048749;13;11;1;2150;5;1;1;2.0;6;90;AUTOROUTE A 63;;;;330
43915;201300048750;13;11;2;1810;5;1;1;2.0;6;39;ROCADE A 631;;;;330
43916;201300048751;13;11;2;1906;5;1;1;2.0;6;63;ROCADE A 630;;;;330
43917;201300048752;13;11;7;745;1;1;1;2.0;6;397;AUTOROUTE A 10;;;;330
43918;201300048753;13;11;7;910;1;1;1;9.0;6;90;AUTOROUTE A 63;;;;330
43919;201300048754;13;11;7;1000;1;1;1;2.0;2;192;ROCADE A 630;;;;330
43920;201300048755;13;11;8;1645;1;1;1;2.0;6;249;ROCADE A 630;;;;330
43921;201300048756;13;11;8;1915;5;1;1;2.0;6;249;ROCADE A 630;;;;330
43922;201300048757;13;11;10;1110;1;1;1;2.0;6;249;ROCADE A 630;;;;330
43923;201300048758;13;11;10;1120;1;1;1;2.0;6;39;ROCADE A 631;;;;330
43924;201300048759;13;11;10;1455;1;1;1;2.0;3;65;ROUTE NATIONALE 230;;;;330
43925;201300048760;13;11;11;1125;1;1;1;1.0;6;39;ROCADE A 630;;;;330
43926;201300048761;13;11;11;1755;5;1;1;2.0;6;39;ROCADE A 631;;;;330
43927;201300048762;13;11;12;1010;1;1;1;2.0;6;75;ROCADE A 630;;;;330
43928;201300048763;13;11;12;1010;1;1;1;2.0;6;75;ROCADE A 630;;;;330
43929;201300048764;13;11;12;1305;1;1;1;2.0;6;80;AUTOROUTE A 62;;;;330
43930;201300048765;13;11;14;700;4;1;1;1.0;6;192;ROCADE A 630;;;;330
43931;201300048766;13;11;14;1420;1;1;1;1.0;3;65;ROUTE NATIONALE 230;;;;330
43932;201300048767;13;11;14;1420;1;1;1;1.0;6;318;ROCADE A 630;;;;330
43933;201300048768;13;11;15;735;2;1;1;1.0;6;65;ROUTE NATIONALE 230;;;;330
43934;201300048769;13;11;18;835;1;1;1;1.0;6;119;ROUTE NATIONALE 230;;;;330
43935;201300048770;13;11;19;1745;2;1;1;2.0;6;318;ROCADE A 630;;;;330
43936;201300048771;13;11;19;735;2;1;1;1.0;6;397;AUTOROUTE A 10;;;;330
43937;201300048772;13;11;20;718;5;1;1;1.0;6;167;ROUTE NATIONALE 230;;;;330
43938;201300048773;13;11;20;730;5;1;1;1.0;4;162;ROCADE A 630;;;;330
43939;201300048774;13;11;21;1340;1;1;1;2.0;6;249;ROCADE A 630;;;;330
43940;201300048775;13;11;22;715;3;1;1;1.0;2;249;AUTOROUTE A 10;;;;330
43941;201300048777;13;11;24;1730;2;1;1;1.0;6;96;AUTOROUTE A 10;;;;330
43942;201300048778;13;11;25;740;4;1;1;1.0;6;550;AUTOROUTE A 62;;;;330
43943;201300048779;13;11;25;1610;1;1;1;1.0;6;39;ROCADE A 630;;;;330
43944;201300048780;13;11;27;820;1;1;1;1.0;6;281;ROCADE A 630;;;;330
43945;201300048781;13;11;28;930;1;1;1;1.0;6;80;AUTOROUTE A 62;;;;330
43946;201300048782;13;11;30;1935;5;1;1;1.0;6;63;ROCADE A 630;;;;330
43947;201300048783;13;12;4;815;1;1;1;1.0;6;550;ROCADE A 630;;;;330
43948;201300048784;13;12;4;845;1;1;1;1.0;6;65;ROUTE NATIONALE 230;;;;330
43949;201300048786;13;12;5;900;1;1;1;1.0;2;90;AUTOROUTE A 63;;;;330
43950;201300048787;13;12;9;1625;1;1;1;1.0;2;249;ROCADE A 630;;;;330
43951;201300048788;13;12;10;700;3;1;1;1.0;7;366;AUTOROUTE A 10;;;;330
43952;201300048789;13;12;12;1025;1;1;1;1.0;6;143;AUTOROUTE A 10;;;;330
43953;201300048790;13;12;13;810;2;1;1;1.0;6;167;ROUTE NATIONALE 230;;;;330
43954;201300048791;13;12;14;930;1;1;1;5.0;6;63;ROCADE A 630;;;;330
43955;201300048792;13;12;15;1915;5;1;1;1.0;6;249;ROCADE A 630;;;;330
43956;201300048795;13;12;14;1750;1;1;1;2.0;6;192;ROCADE A 630;;;;330
43957;201300048796;13;12;20;755;4;1;1;1.0;6;448;AUTOROUTE A 62;;;;330
43958;201300048797;13;12;21;1500;1;1;1;1.0;6;249;ROUTE NATIONALE 230;;;;330
43959;201300048798;13;12;21;1950;3;1;1;1.0;3;80;AUTOROUTE A 62;;;;330
43960;201300048799;13;12;21;2005;5;1;1;1.0;6;39;ROCADE A 630;;;;330
43961;201300048800;13;12;23;1450;1;1;1;1.0;2;550;ROCADE A 630;;;;330
43962;201300048801;13;12;26;300;4;1;1;3.0;2;366;AUTOROUTE A 10;;;;330
43963;201300048802;13;12;31;2055;3;1;1;2.0;6;80;AUTOROUTE A 62;;;;330
43964;201300048803;13;1;10;1055;1;2;1;2.0;7;385;45, CHEMIN DE CHOULANS;;;;690
43965;201300048805;13;1;23;1500;1;2;1;1.0;6;385;18, RUE DE TOURVIELLE;;;;690
43966;201300048806;13;2;16;1130;1;2;1;1.0;2;385;RUE COMMANDANT CHARCOT;;;;690
43967;201300048807;13;3;24;25;5;2;1;2.0;6;385;23, AVENUE DU POINT DU J;;;;690
43968;201300048808;13;3;26;1010;1;2;1;1.0;6;385;38, MONTEE SAINT BARTHEL;;;;690
43969;201300048809;13;4;1;1610;1;2;1;1.0;5;385;MONTEE DU CHEMIN NEUF;;;;690
43970;201300048810;13;4;10;1210;1;2;1;1.0;3;385;81, AVENUE DU POINT DU J;;;;690
43971;201300048811;13;4;14;1210;1;2;1;1.0;6;385;39, RUE DE LA GARDE;;;;690
43972;201300048812;13;4;29;1655;1;2;2;3.0;6;385;2, RUE OCTAVIO MEY;;;;690
43973;201300048813;13;5;7;1632;1;2;1;1.0;3;385;8, QUAI DES ETROITS;;;;690
43974;201300048814;13;5;12;1130;1;2;1;1.0;6;385;10, AVENUE DE MENIVAL;;;;690
43975;201300048815;13;5;16;1545;1;2;1;3.0;7;385;50, RUE JOLIOT CURIE;;;;690
43976;201300048816;13;5;17;745;1;2;2;8.0;6;385;13, RUE DE LA BOMBARDE;;;;690
43977;201300048817;13;5;28;1240;1;2;1;2.0;3;385;177, RUE JOLIOT CURIE;;;;690
43978;201300048818;13;7;9;1810;1;2;1;1.0;1;385;58, QUAI PIERRE SCIZE;;;;690
43979;201300048820;13;6;11;1245;1;2;1;1.0;6;385;191, CHEMIN DE CHOULANS;;;;690
43980;201300048821;13;6;17;857;1;2;4;1.0;6;385;3, RUE JEAN PREVOST;;;;690
43981;201300048822;13;6;19;800;1;2;1;1.0;6;385;13, QUAI ROMAIN ROLLAND;;;;690
43982;201300048823;13;7;2;2330;5;2;1;8.0;2;385;162, CHEMIN DE CHOULANS;;;;690
43983;201300048825;13;7;24;1840;1;2;1;1.0;1;385;77, QUAI PIERRE SCIZE;;;;690
43984;201300048826;13;7;25;1820;1;2;1;1.0;4;385;1, AVENUE DE LA PREMIERE;;;;690
43985;201300048827;13;7;26;1610;1;2;1;1.0;1;385;77, QUAI PIERRE SCIZE;;;;690
43986;201300048828;13;8;2;1530;1;2;1;7.0;3;385;28-36, RUE ROGER RADISSO;;;;690
43987;201300048829;13;8;3;1845;1;2;4;1.0;3;385;PONT KITCHENER MARCHAND;;;;690
43988;201300048830;13;8;15;1930;1;2;1;1.0;3;385;215, AVENUE BARTHELEMY B;;;;690
43989;201300048833;13;9;10;900;1;2;1;1.0;3;385;6, AVENUE GENERAL EISENH;;;;690
43990;201300048834;13;9;10;1800;1;2;1;1.0;6;385;192, AVENUE BARTHELEMY B;;;;690
43991;201300048835;13;10;11;1120;1;2;1;1.0;6;385;21, AVENUE DU POINT DU J;;;;690
43992;201300048836;13;9;21;1920;2;2;1;1.0;6;385;5, PLACE ABBE LARUE;;;;690
43993;201300048837;13;9;22;1620;1;2;1;1.0;3;385;60, CHEMIN DE CHOULANS;;;;690
43994;201300048838;13;9;25;1440;1;2;1;1.0;3;385;84, RUE COMMANDANT CHARC;;;;690
43995;201300048839;13;9;26;2000;5;2;1;1.0;6;385;86, RUE COMMANDANT CHARC;;;;690
43996;201300048841;13;10;18;1805;2;2;1;1.0;6;385;6, RUE DE L ANTIQUAILLE;;;;690
43997;201300048842;13;10;29;1740;5;2;1;1.0;6;385;4, MONTEE DES EPIES;;;;690
43998;201300048843;13;11;7;1310;1;2;1;1.0;6;385;33, CHEMIN DE CHOULANS;;;;690
43999;201300048844;13;11;20;1800;5;2;1;9.0;6;385;191, CHEMIN DE CHOULANS;;;;690
44000;201300048845;13;11;29;1410;1;2;1;1.0;6;385;42, AVENUE GENERAL EISEN;;;;690
44001;201300048846;13;11;22;1050;1;2;2;2.0;6;385;RUE MAURICE BELLEMAIN;;;;690
44002;201300048848;13;12;21;2145;5;2;1;1.0;6;385;85, QUAI PIERRE SCIZE;;;;690
44003;201300048849;13;1;8;1810;3;1;1;1.0;2;118;Autoroute A.351;;;;670
44004;201300048850;13;1;12;1705;3;1;1;1.0;5;309;Autoroute A.4;;;;670
44005;201300048851;13;1;26;610;3;1;1;1.0;2;482;Autoroute A.351;;;;670
44006;201300048852;13;2;25;1445;1;1;1;8.0;7;389;Autoroute A.4;;;;670
44007;201300048853;13;3;20;1930;4;1;1;8.0;3;365;Autoroute A.35;;;;670
44008;201300048855;13;4;12;1700;1;1;1;1.0;4;365;Autoroute A.35;;;;670
44009;201300048856;13;4;17;30;3;1;1;1.0;3;482;Autoroute A.351;;;;670
44010;201300048857;13;5;10;1205;1;1;1;1.0;5;49;Autoroute A.35;;;;670
44011;201300048859;13;6;19;1450;1;1;1;1.0;6;482;Autoroute A.35;;;;670
44012;201300048860;13;7;2;1620;1;1;1;1.0;3;482;Autoroute A.35;;;;670
44013;201300048861;13;7;3;2025;2;1;1;1.0;6;218;Nationale 353;;;;670
44014;201300048862;13;7;7;1905;1;1;1;1.0;7;482;Autoroute A.351;;;;670
44015;201300048863;13;7;17;1835;1;1;1;1.0;2;152;Autoroute A.35;;;;670
44016;201300048864;13;8;30;1640;1;1;1;1.0;2;389;Autoroute A.4;;;;670
44017;201300048865;13;9;27;1550;1;1;1;1.0;3;365;Autoroute A.35;;;;670
44018;201300048866;13;10;1;2245;3;1;1;1.0;7;482;Autoroute A.35;;;;670
44019;201300048867;13;10;6;1140;1;1;1;2.0;2;152;Route Nationale 83;;;;670
44020;201300048868;13;10;25;810;1;1;1;1.0;3;365;Autoroute A.35;;;;670
44021;201300048869;13;11;4;1645;1;1;1;1.0;3;447;Autoroute A.4;;;;670
44022;201300048870;13;12;20;1550;1;1;1;1.0;2;482;Autoroute A.35;;;;670
44023;201300048871;13;2;3;300;5;1;1;1.0;6;462;Autoroute A 33;M;4860296.0;633348.0;540
44024;201300048872;13;2;15;1510;1;1;1;1.0;2;462;Autoroute A 33;M;4861723.0;631710.0;540
44025;201300048873;13;2;18;1256;1;1;1;1.0;3;528;Autoroute A 31;M;4865617.0;589666.0;540
44026;201300048874;13;3;30;1620;1;1;1;1.0;3;304;Autoroute A 33;M;4868090.0;611907.0;540
44027;201300048876;13;5;9;2048;3;1;1;1.0;3;462;Autoroute A 33;;;;540
44028;201300048877;13;3;12;640;2;1;1;2.0;3;357;Autoroute A 31;M;4872049.0;616750.0;540
44029;201300048878;13;5;29;450;2;1;1;1.0;7;328;Autoroute A 330;M;4860994.0;617593.0;540
44030;201300048879;13;6;17;740;1;1;1;1.0;4;571;Autoroute A 33;M;4861859.0;625017.0;540
44031;201300048880;13;6;20;910;1;1;1;2.0;2;571;Autoroute A 33;M;4861851.0;627175.0;540
44032;201300048881;13;8;10;2145;3;1;1;1.0;2;150;Autoroute A 31;M;4877252.0;614348.0;540
44033;201300048882;13;9;9;810;1;1;1;1.0;4;571;Autoroute A 33;M;4861854.0;625669.0;540
44034;201300048883;13;9;24;800;1;1;1;5.0;6;232;Autoroute A 31;M;4868856.0;599516.0;540
44035;201300048884;13;10;20;2135;3;1;1;1.0;3;431;Autoroute  A 313;M;4889620.0;607257.0;540
44036;201300048885;13;10;23;1545;1;1;1;1.0;3;115;Autoroute A 31;M;4869407.0;609782.0;540
44037;201300048886;13;12;11;1715;1;1;1;1.0;2;304;Autoroute A 31;M;4870064.0;612460.0;540
44038;201300048888;13;12;20;603;3;1;1;1.0;3;232;Autoroute A 31;M;4868190.0;594326.0;540
44039;201300048889;13;1;6;835;1;1;1;8.0;6;663;Autoroute A31;;;;570
44040;201300048890;13;1;7;808;2;1;1;1.0;2;283;Autoroute A31;;;;570
44041;201300048891;13;1;10;1930;3;1;1;8.0;6;447;RN 431;;;;570
44042;201300048894;13;2;19;2310;3;1;1;1.0;7;534;RN 431;;;;570
44043;201300048895;13;3;23;1540;1;1;1;1.0;6;39;RN 431;;;;570
44044;201300048896;13;3;24;945;1;1;1;8.0;6;194;Autoroute A31;;;;570
44045;201300048897;13;3;30;153;3;1;1;1.0;3;463;Autoroute A31;;;;570
44046;201300048898;13;5;27;1200;1;1;1;1.0;6;751;Autoroute A31;;;;570
44047;201300048899;13;5;29;1015;1;1;1;1.0;6;303;Autoroute A31;;;;570
44048;201300048900;13;6;18;1755;1;1;1;1.0;2;672;Autoroute A31;;;;570