;Num_Acc;an;mois;jour;hrmn;lum;agg;int;atm;col;com;adr;gps;lat;long;dep
44049;201300048901;13;6;23;1510;1;1;1;1.0;6;474;Autoroute A31;;;;570
44050;201300048902;13;7;4;1930;1;1;1;1.0;2;452;Autoroute A31;;;;570
44051;201300048903;13;7;20;1328;1;1;1;1.0;4;303;Autoroute A31;;;;570
44052;201300048904;13;9;6;225;3;1;1;1.0;7;474;Autoroute A31;;;;570
44053;201300048905;13;9;23;1505;1;1;1;1.0;1;663;Autoroute A31;;;;570
44054;201300048906;13;10;5;2000;3;1;1;3.0;3;666;Autoroute A31;;;;570
44055;201300048907;13;11;2;1430;1;1;1;3.0;3;666;Autoroute A31;;;;570
44056;201300048908;13;11;9;425;3;1;1;1.0;6;269;Autoroute A31;;;;570
44057;201300048909;13;11;10;420;3;1;1;1.0;7;96;Autoroute A30;;;;570
44058;201300048910;13;11;30;1555;1;1;1;1.0;3;463;Autoroute A31;;;;570
44059;201300048911;13;12;4;1753;3;1;1;1.0;7;269;Autoroute  A31;;;;570
44060;201300048912;13;12;12;150;3;1;1;1.0;6;463;RN  431;;;;570
44061;201300048913;13;12;22;600;3;1;1;1.0;2;552;RN  431;;;;570
44062;201300048914;13;12;27;1815;3;1;1;1.0;7;356;Autoroute  A31;;;;570
44063;201300048915;13;1;8;740;2;2;2;1.0;2;387;RUE LAMOTHE;;;;690
44064;201300048916;13;1;12;1400;1;2;1;1.0;2;387;7, AVENUE JEAN JAURES;;;;690
44065;201300048917;13;1;22;825;1;2;1;1.0;2;387;302-304, RUE GARIBALDI;;;;690
44066;201300048918;13;1;22;1215;1;2;2;1.0;3;387;24, RUE DE GERLAND;;;;690
44067;201300048919;13;1;31;535;5;2;2;1.0;3;387;43, RUE CHEVREUL;;;;690
44068;201300048920;13;1;29;800;1;2;9;1.0;6;387;0, RUE DE LA MADELEINE;;;;690
44069;201300048922;13;1;24;1450;1;2;3;1.0;3;387;IGNORE, RUE RENAN;;;;690
44070;201300048923;13;2;1;715;5;2;1;2.0;6;387;152, BOULEVARD YVES FARG;;;;690
44071;201300048924;13;2;4;1050;1;2;2;2.0;1;387;0, RUE BANCEL;;;;690
44072;201300048925;13;2;11;1210;1;2;2;2.0;6;387;0, AVENUE JEAN JAURES;;;;690
44073;201300048926;13;2;19;1915;5;2;2;1.0;3;387;ignore, AVENUE JEAN JAUR;;;;690
44074;201300048927;13;2;21;1545;1;2;2;1.0;2;387;0, RUE CREUZET;;;;690
44075;201300048928;13;2;23;250;5;2;1;1.0;7;387;25, RUE BECHEVELIN;;;;690
44076;201300048929;13;3;2;1320;1;2;2;8.0;3;387;RUE RAULIN;;;;690
44077;201300048930;13;2;26;545;5;2;2;1.0;6;387;RUE SEBASTIEN GRYPHE;;;;690
44078;201300048932;13;3;11;2135;5;2;2;1.0;3;387;0, RUE DE L UNIVERSITE;;;;690
44079;201300048933;13;1;27;2050;5;2;1;3.0;6;387;AVENUE TONY GARNIER;;;;690
44080;201300048934;13;3;12;10;5;2;2;1.0;3;387;ignore, AVENUE LECLERC;;;;690
44081;201300048935;13;3;14;1420;1;2;2;1.0;2;387;0, AVENUE JEAN JAURES;;;;690
44082;201300048936;13;3;17;40;5;2;1;6.0;6;387;COURS GAMBETTA;;;;690
44083;201300048937;13;3;14;2020;5;2;3;1.0;6;387;2, RUE CHALLEMEL LACOUR;;;;690
44084;201300048938;13;3;15;35;5;2;1;8.0;7;387;1, RUE DE L UNIVERSITE;;;;690
44085;201300048939;13;3;20;1830;1;2;3;1.0;6;387;PLACE RASPAIL;;;;690
44086;201300048940;13;3;22;1838;1;2;2;1.0;3;387;0, RUE DE GERLAND;;;;690
44087;201300048941;13;4;3;2045;5;2;2;1.0;3;387;0, AVENUE JEAN JAURES;;;;690
44088;201300048942;13;4;7;1935;5;2;1;1.0;6;387;5, COURS GAMBETTA;;;;690
44089;201300048943;13;4;7;2015;2;2;1;1.0;6;387;RUE ANDRE BOLLIER;;;;690
44090;201300048944;13;4;16;1612;1;2;2;1.0;3;387;0, RUE CHEVREUL;;;;690
44091;201300048945;13;4;10;1930;5;1;2;1.0;3;387;RUE SAINT MICHEL;;;;690
44092;201300048946;13;4;13;2330;5;2;1;1.0;7;387;35, AVENUE DEBOURG;;;;690
44093;201300048947;13;4;16;730;1;2;1;1.0;6;387;191, AVENUE BERTHELOT;;;;690
44094;201300048948;13;4;14;1345;1;2;1;1.0;1;387;47, RUE DE GERLAND;;;;690
44095;201300048949;13;4;9;2220;5;2;2;1.0;6;387;0, AVENUE JEAN JAURES;;;;690
44096;201300048950;13;4;12;1240;1;2;1;1.0;6;387;6, RUE DE L UNIVERSITE;;;;690
44097;201300048952;13;4;16;1725;1;2;3;1.0;3;387;2, QUAI CLAUDE BERNARD;;;;690
44098;201300048953;13;4;18;710;1;2;1;1.0;3;387;10, RUE DE LA MADELEINE;;;;690
44099;201300048955;13;4;23;2110;5;2;2;1.0;3;387;ignore, RUE RAULIN;;;;690
44100;201300048956;13;4;24;1915;1;2;1;1.0;2;387;52, RUE CHALLEMEL LACOUR;;;;690
44101;201300048957;13;5;1;1410;1;2;2;1.0;3;387;IGNORE, RUE CREUZET;;;;690
44102;201300048958;13;5;3;1550;1;2;1;1.0;2;387;AVENUE LECLERC;;;;690
44103;201300048959;13;5;5;310;5;2;2;1.0;2;387;174, RUE DE GERLAND;;;;690
44104;201300048960;13;5;5;1620;1;2;1;1.0;2;387;0, AVENUE LECLERC;;;;690
44105;201300048961;13;5;16;1605;1;2;2;2.0;3;387;205, AVENUE JEAN JAURES;;;;690
44106;201300048962;13;5;18;1500;1;2;2;1.0;5;387;ignore, AVENUE JEAN JAUR;;;;690
44107;201300048963;13;5;26;620;1;2;1;1.0;6;387;50, AVENUE TONY GARNIER;;;;690
44108;201300048964;13;5;16;1715;1;2;2;1.0;3;387;RUE DE LA THIBAUDIERE;;;;690
44109;201300048965;13;5;24;810;1;2;1;1.0;2;387;20, RUE CROIX BARRET;;;;690
44110;201300048966;13;5;31;1200;1;2;1;2.0;7;387;04, RUE MATHIEU VARILLE;;;;690
44111;201300048967;13;5;28;820;1;2;2;1.0;3;387;0, AVENUE TONY GARNIER;;;;690
44112;201300048968;13;5;31;1550;1;2;2;2.0;3;387;RUE DE L UNIVERSITE;;;;690
44113;201300048969;13;6;6;1120;1;2;2;1.0;3;387;0, AVENUE JEAN JAURES;;;;690
44114;201300048970;13;6;7;1300;1;2;2;7.0;3;387;0, RUE DE GERLAND;;;;690
44115;201300048971;13;6;11;905;1;2;2;1.0;2;387;00, RUE MARC BLOCH;;;;690
44116;201300048972;13;6;12;1340;1;2;1;1.0;6;387;312, RUE GARIBALDI;;;;690
44117;201300048974;13;6;15;1615;1;2;2;1.0;2;387;38, AVENUE JEAN JAURES;;;;690
44118;201300048975;13;6;14;1105;1;2;1;1.0;7;387;76, BOULEVARD DES TCHECO;;;;690
44119;201300048976;13;6;16;2030;2;2;2;6.0;3;387;0, RUE DE MARSEILLE;;;;690
44120;201300048977;13;6;19;1445;1;2;5;1.0;3;387;PONT GALLIENI;;;;690
44121;201300048978;13;6;20;1745;1;2;2;1.0;3;387;RUE D ANVERS;;;;690
44122;201300048979;13;6;21;630;2;2;1;1.0;2;387;20, AVENUE LECLERC;;;;690
44123;201300048980;13;5;28;850;1;2;1;1.0;3;387;106, AVENUE JEAN JAURES;;;;690
44124;201300048981;13;6;27;910;1;2;1;8.0;3;387;RUE GARIBALDI;;;;690
44125;201300048982;13;6;27;1100;1;2;2;1.0;7;387;0, RUE DE LA THIBAUDIERE;;;;690
44126;201300048983;13;6;30;1935;1;2;3;1.0;3;387;00, AVENUE DU CHATEAU DE;;;;690
44127;201300048984;13;7;11;1710;1;2;1;1.0;6;387;0, QUAI CLAUDE BERNARD;;;;690
44128;201300048985;13;7;12;1125;1;2;1;1.0;7;387;12, COURS GAMBETTA;;;;690
44129;201300048986;13;7;13;900;1;2;1;1.0;6;387;118, COURS GAMBETTA;;;;690
44130;201300048987;13;7;15;1755;1;2;1;1.0;2;387;10, AVENUE LECLERC;;;;690
44131;201300048988;13;7;17;845;1;2;4;1.0;3;387;0, BOULEVARD YVES FARGE;;;;690
44132;201300048989;13;7;18;930;1;2;2;3.0;6;387;PONT PASTEUR;;;;690
44133;201300048990;13;7;19;330;5;2;2;1.0;6;387;0, RUE DU VERCORS;;;;690
44134;201300048991;13;7;24;1700;1;2;3;1.0;3;387;00, RUE LORTET;;;;690
44135;201300048992;13;7;20;1600;1;2;1;1.0;6;387;0, QUAI CLAUDE BERNARD;;;;690
44136;201300048993;13;7;31;2020;1;2;1;1.0;3;387;1, AVENUE BERTHELOT;;;;690
44137;201300048994;13;8;11;2105;2;2;1;1.0;6;387;176, RUE DE GERLAND;;;;690
44138;201300048995;13;8;10;40;5;2;1;1.0;6;387;0, AVENUE TONY GARNIER;;;;690
44139;201300048996;13;8;10;755;1;2;2;1.0;3;387;00, AVENUE DEBOURG;;;;690
44140;201300048997;13;8;11;1440;1;2;1;1.0;7;387;0, ALLEE PIERRE DE COUBE;;;;690
44141;201300048998;13;8;18;418;5;2;1;1.0;6;387;52, RUE DE L EPARGNE;;;;690
44142;201300048999;13;8;22;2000;1;2;3;1.0;6;387;ROUTE DE VIENNE;;;;690
44143;201300049001;13;9;9;1645;1;2;2;1.0;3;387;0, RUE MONTESQUIEU;;;;690
44144;201300049002;13;9;9;1825;1;2;1;1.0;4;387;61, AVENUE TONY GARNIER;;;;690
44145;201300049003;13;9;15;1700;1;2;2;1.0;3;387;0, RUE DE LA THIBAUDIERE;;;;690
44146;201300049004;13;9;23;1250;1;2;1;1.0;6;387;190, AVENUE JEAN JAURES;;;;690
44147;201300049005;13;9;15;745;1;2;1;2.0;2;387;BOULEVARD CHAMBAUD DE LA;;;;690
44148;201300049006;13;9;20;1630;1;2;2;1.0;3;387;0, RUE DE GERLAND;;;;690
44149;201300049007;13;9;17;1825;1;2;5;1.0;3;387;RUE SAINT LAZARE;;;;690
44150;201300049008;13;9;23;1545;1;2;1;1.0;3;387;0, AVENUE DU PONT PASTEU;;;;690
44151;201300049009;13;9;26;1000;1;2;1;1.0;2;387;4, RUE ALPHONSE DAUDET;;;;690
44152;201300049010;13;9;25;2250;5;2;3;1.0;3;387;RUE JABOULAY;;;;690
44153;201300049011;13;9;26;1130;1;2;2;1.0;3;387;0, RUE MONTESQUIEU;;;;690
44154;201300049012;13;9;25;1545;1;2;2;1.0;3;387;0, RUE DE GERLAND;;;;690
44155;201300049013;13;9;30;1725;1;2;1;1.0;3;387;0, RUE GUSTAVE NADAUD;;;;690
44156;201300049014;13;10;4;2015;4;2;2;1.0;3;387;AVENUE TONY GARNIER;;;;690
44157;201300049015;13;10;4;2308;5;2;2;2.0;3;387;1, RUE SALOMON REINACH;;;;690
44158;201300049016;13;10;3;755;1;2;1;1.0;2;387;0, BOULEVARD DES TCHECOS;;;;690
44159;201300049017;13;10;10;740;2;2;3;1.0;2;387;0, RUE SAINT JEAN DE DIE;;;;690
44160;201300049018;13;10;10;2155;5;2;1;2.0;6;387;74, RUE CHALLEMEL LACOUR;;;;690
44161;201300049019;13;10;15;1935;5;2;1;3.0;2;387;37, RUE DE L UNIVERSITE;;;;690
44162;201300049020;13;10;15;1840;5;2;2;2.0;6;387;1, COURS GAMBETTA;;;;690
44163;201300049021;13;10;22;1650;1;2;1;1.0;1;387;15, QUAI CLAUDE BERNARD;;;;690
44164;201300049022;13;10;30;840;1;2;1;1.0;6;387;23, RUE CHEVREUL;;;;690
44165;201300049023;13;10;24;1400;1;2;1;1.0;6;387;259, AVENUE JEAN JAURES;;;;690
44166;201300049024;13;10;25;400;5;2;1;1.0;2;387;PONT PASTEUR;;;;690
44167;201300049025;13;10;31;1530;1;2;3;1.0;6;387;2, GRANDE RUE DE LA GUIL;;;;690
44168;201300049026;13;11;5;1255;1;2;1;2.0;6;387;94, GRANDE RUE DE LA GUI;;;;690
44169;201300049027;13;11;9;1940;5;2;1;2.0;6;387;86, GRANDE RUE DE LA GUI;;;;690
44170;201300049028;13;11;12;730;1;2;1;1.0;6;387;178, BOULEVARD YVES FARG;;;;690
44171;201300049029;13;11;10;2240;5;2;1;1.0;2;387;AVENUE DEBOURG;;;;690
44172;201300049032;13;11;24;2350;5;2;2;1.0;1;387;0, AVENUE JEAN JAURES;;;;690
44173;201300049033;13;11;24;1600;1;2;1;1.0;6;387;AVENUE LECLERC;;;;690
44174;201300049034;13;11;21;1735;5;2;1;2.0;2;387;26, AVENUE LECLERC;;;;690
44175;201300049035;13;11;16;1400;1;2;1;1.0;6;387;76, RUE CHALLEMEL LACOUR;;;;690
44176;201300049038;13;12;1;1855;5;2;2;1.0;3;387;1, RUE DE GERLAND;;;;690
44177;201300049040;13;12;5;2000;5;2;3;1.0;2;387;0, AVENUE JEAN JAURES;;;;690
44178;201300049041;13;12;7;1645;1;2;2;1.0;3;387;0, RUE MARC BLOCH;;;;690
44179;201300049042;13;12;7;2245;5;2;2;1.0;6;387;RUE PRE GAUDRY;;;;690
44180;201300049043;13;12;12;830;2;2;1;5.0;6;387;23, RUE LORTET;;;;690
44181;201300049044;13;12;13;1415;1;2;2;1.0;3;387;0, RUE BECHEVELIN;;;;690
44182;201300049046;13;12;20;1440;1;2;2;1.0;4;387;46, AVENUE JEAN JAURES;;;;690
44183;201300049047;13;12;25;140;5;2;2;6.0;3;387;1, AVENUE TONY GARNIER;;;;690
44184;201300049049;13;1;8;1920;5;2;1;1.0;2;388;164, RUE CHALLEMEL LACOU;;;;690
44185;201300049050;13;1;11;1410;1;2;1;2.0;6;388;2, AVENUE PAUL SANTY;;;;690
44186;201300049051;13;1;5;1210;1;2;2;1.0;5;388;0, RUE JEAN SARRAZIN;;;;690
44187;201300049052;13;1;2;1710;2;2;3;1.0;6;388;ignore, PLACE ANDRE LATA;;;;690
44188;201300049053;13;1;18;730;2;2;2;1.0;3;388;0, BOULEVARD JEAN XXIII;;;;690
44189;201300049054;13;1;19;1550;1;2;1;2.0;6;388;93, BOULEVARD DES ETATS;;;;690
44190;201300049055;13;1;18;1725;5;2;1;1.0;3;388;73, BOULEVARD JEAN XXIII;;;;690
44191;201300049056;13;1;23;930;1;2;1;1.0;3;388;47, AVENUE PAUL SANTY;;;;690
44192;201300049058;13;1;31;655;2;2;1;1.0;6;388;3, AVENUE DES FRERES LUM;;;;690
44193;201300049059;13;2;1;1850;5;2;1;1.0;6;388;105, AVENUE JEAN MERMOZ;;;;690
44194;201300049060;13;2;25;1222;1;2;1;1.0;6;388;128, RUE BATAILLE;;;;690
44195;201300049061;13;2;8;1825;5;2;2;1.0;3;388;30, RUE HENRI BARBUSSE;;;;690
44196;201300049062;13;2;23;1340;1;2;1;1.0;6;388;BOULEVARD PINEL;;;;690
44197;201300049064;13;3;22;1005;1;2;1;1.0;6;388;42, RUE HENRI BARBUSSE;;;;690
44198;201300049065;13;3;21;1458;1;2;1;1.0;4;388;209, AVENUE GENERAL FRER;;;;690
44199;201300049066;13;3;22;1830;2;2;1;1.0;6;388;14, RUE DES ALOUETTES;;;;690
44200;201300049067;13;3;27;800;1;2;3;1.0;5;388;ignore, AVENUE GENERAL F;;;;690
44201;201300049068;13;3;27;1340;1;2;1;1.0;6;388;62, BOULEVARD DES ETATS;;;;690
44202;201300049069;13;3;27;1700;1;2;1;1.0;6;388;84, BOULEVARD DES ETATS;;;;690
44203;201300049070;13;4;3;1205;1;2;1;1.0;3;388;56, RUE PAUL CAZENEUVE;;;;690
44204;201300049071;13;4;6;715;1;2;2;1.0;3;388;28, RUE HENRI BARBUSSE;;;;690
44205;201300049072;13;4;10;1220;1;2;2;1.0;3;388;0, BOULEVARD DES ETATS U;;;;690
44206;201300049074;13;4;15;1330;1;2;3;1.0;3;388;ignore, AVENUE GENERAL F;;;;690
44207;201300049075;13;4;15;1715;1;2;1;1.0;3;388;0, RUE PAUL CAZENEUVE;;;;690
44208;201300049076;13;4;24;1805;1;2;3;1.0;5;388;ignore, PLACE ANDRE LATA;;;;690
44209;201300049077;13;4;29;700;1;2;3;1.0;3;388;RUE VILLON;;;;690
44210;201300049078;13;4;30;1900;1;2;1;1.0;6;388;10, RUE PROFESSEUR TAVER;;;;690
44211;201300049079;13;5;8;125;5;2;1;1.0;6;388;face 6, RUE HENRI BARBUS;;;;690
44212;201300049080;13;5;14;1920;1;2;1;1.0;5;388;0, AVENUE JEAN MERMOZ;;;;690
44213;201300049081;13;5;23;1910;1;2;1;1.0;2;388;63, RUE AUDIBERT ET LAVI;;;;690
44214;201300049082;13;5;14;840;1;2;2;1.0;3;388;28, RUE HENRI BARBUSSE;;;;690
44215;201300049083;13;5;16;1300;1;2;1;2.0;3;388;RUE FEUILLAT;;;;690
44216;201300049084;13;5;20;1930;1;2;2;1.0;3;388;0, BOULEVARD DES ETATS U;;;;690
44217;201300049086;13;5;24;2140;5;2;4;1.0;7;388;0, AVENUE DE PRESSENSE;;;;690
44218;201300049087;13;5;20;1630;1;2;1;1.0;6;388;RUE PROFESSEUR JOSEPH NI;;;;690
44219;201300049088;13;5;20;2015;2;2;2;1.0;3;388;0, BOULEVARD AMBROISE PA;;;;690
44220;201300049089;13;6;7;910;1;2;1;1.0;2;388;26, COURS ALBERT THOMAS;;;;690
44221;201300049091;13;6;27;1540;1;2;1;1.0;4;388;334, AVENUE BERTHELOT;;;;690
44222;201300049092;13;7;1;1530;1;2;1;1.0;7;388;146, BOULEVARD PINEL;;;;690
44223;201300049093;13;7;10;1550;1;2;1;1.0;6;388;89, AVENUE PAUL SANTY;;;;690
44224;201300049094;13;7;4;1620;1;2;1;1.0;6;388;70, AVENUE JEAN MERMOZ;;;;690
44225;201300049095;13;7;3;2057;1;2;2;2.0;3;388;0, RUE XAVIER PRIVAS;;;;690
44226;201300049096;13;7;10;1700;1;2;2;1.0;3;388;0, RUE VILLON;;;;690
44227;201300049097;13;7;12;2215;5;2;2;1.0;3;388;AVENUE PAUL SANTY;;;;690
44228;201300049099;13;7;16;1008;1;2;1;1.0;6;388;00, PLACE DU 11 NOVEMBRE;;;;690
44229;201300049100;13;8;26;1050;1;2;2;3.0;3;388;0, RUE SAINT MAURICE;;;;690
44230;201300049101;13;7;21;1325;1;2;5;1.0;3;388;AVENUE JEAN MERMOZ;;;;690
44231;201300049102;13;7;23;1730;1;2;1;1.0;6;388;151, BOULEVARD DES ETATS;;;;690
44232;201300049103;13;7;12;1550;1;2;1;1.0;2;388;288, ROUTE DE VIENNE;;;;690
44233;201300049104;13;8;6;1730;1;2;2;1.0;3;388;0, AVENUE DES FRERES LUM;;;;690
44234;201300049105;13;8;2;1129;1;2;1;1.0;3;388;RUE DE LA MOSELLE;;;;690
44235;201300049106;13;8;2;1200;1;2;2;1.0;3;388;71, BOULEVARD DES ETATS;;;;690
44236;201300049107;13;7;25;1845;1;2;3;1.0;3;388;00, RUE JULES FROMENT;;;;690
44237;201300049108;13;8;2;1850;1;2;1;1.0;2;388;174, AVENUE DES FRERES L;;;;690
44238;201300049109;13;8;5;2030;1;2;2;1.0;3;388;00, RUE PROFESSEUR BEAUV;;;;690
44239;201300049110;13;8;1;1720;1;2;1;1.0;3;388;26, BOULEVARD DES ETATS;;;;690
44240;201300049112;13;8;12;2055;2;2;1;1.0;2;388;AVENUE JEAN MERMOZ;;;;690
44241;201300049113;13;8;16;1600;1;2;3;1.0;3;388;0, RUE MARIUS BERLIET;;;;690
44242;201300049114;13;8;22;1000;1;2;3;1.0;6;388;00, RUE LUDOVIC ARRACHAR;;;;690
44243;201300049115;13;8;24;1135;1;2;1;1.0;6;388;103, BOULEVARD DES ETATS;;;;690
44244;201300049116;13;8;30;1545;1;2;1;1.0;6;388;77, BOULEVARD DES ETATS;;;;690
44245;201300049117;13;8;14;1130;1;2;3;1.0;3;388;AVENUE BERTHELOT;;;;690
44246;201300049118;13;9;3;1400;1;2;2;1.0;6;388;0, PASSAGE DES ALOUETTES;;;;690
44247;201300049119;13;9;5;1135;1;2;2;1.0;3;388;00, RUE VILLON;;;;690
44248;201300049120;13;9;10;1840;1;2;2;1.0;6;388;0, BOULEVARD AMBROISE PA;;;;690
44249;201300049121;13;9;14;2034;5;2;1;3.0;2;388;172, AVENUE DES FRERES L;;;;690
44250;201300049122;13;9;19;915;1;2;1;1.0;3;388;RUE PIERRE DELORE;;;;690
44251;201300049124;13;9;20;2000;4;2;3;1.0;3;388;00, AVENUE DES FRERES LU;;;;690
44252;201300049126;13;9;27;1855;1;2;1;1.0;4;388;69, RUE VILLON;;;;690
44253;201300049127;13;9;30;730;1;2;1;8.0;3;388;60, AVENUE ROCKEFELLER;;;;690
44254;201300049128;13;9;30;900;1;2;1;8.0;6;388;164, BOULEVARD DES ETATS;;;;690
44255;201300049129;13;10;7;1445;1;2;3;1.0;3;388;0, RUE MARIUS BERLIET;;;;690
44256;201300049130;13;10;5;2240;5;2;1;2.0;6;388;90, RUE PIERRE DELORE;;;;690
44257;201300049131;13;10;10;805;1;2;1;8.0;3;388;AVENUE DES FRERES LUMIER;;;;690
44258;201300049132;13;10;17;1750;1;2;2;1.0;3;388;RUE VILLON;;;;690
44259;201300049134;13;10;17;900;1;2;1;1.0;6;388;60, AVENUE ROCKEFELLER;;;;690
44260;201300049135;13;10;17;2125;5;2;1;1.0;6;388;85, RUE AUDIBERT ET LAVI;;;;690
44261;201300049136;13;10;18;820;1;2;1;1.0;5;388;7, RUE PROFESSEUR JOSEPH;;;;690
44262;201300049137;13;10;26;50;5;2;3;6.0;3;388;229, AVENUE GENERAL FRER;;;;690
44263;201300049138;13;11;12;1620;1;2;2;1.0;6;388;0, RUE ANTOINE LUMIERE;;;;690
44264;201300049140;13;10;26;1830;2;2;1;1.0;6;388;134, ROUTE DE VIENNE;;;;690
44265;201300049141;13;10;28;1315;1;2;1;1.0;3;388;6, RUE HUGUES GUERIN;;;;690
44266;201300049143;13;10;24;1845;5;2;3;1.0;3;388;AVENUE JEAN MERMOZ;;;;690
44267;201300049145;13;10;25;1045;1;2;1;1.0;6;388;7, RUE PAUL CAZENEUVE;;;;690
44268;201300049146;13;11;5;2026;5;2;1;1.0;3;388;34, RUE PIERRE DELORE;;;;690
44269;201300049147;13;11;18;950;1;2;1;1.0;3;388;BOULEVARD JEAN XXIII;;;;690
44270;201300049148;13;11;12;1410;1;2;2;1.0;3;388;0, AVENUE JEAN MERMOZ;;;;690
44271;201300049149;13;11;14;1620;1;2;3;2.0;6;388;0, RUE VILLON;;;;690
44272;201300049150;13;11;14;1740;5;2;1;2.0;6;388;67, BOULEVARD DES ETATS;;;;690
44273;201300049151;13;11;14;1747;5;2;1;2.0;6;388;58, BOULEVARD JEAN XXIII;;;;690
44274;201300049152;13;11;19;1445;1;2;1;2.0;3;388;105, AVENUE PAUL SANTY;;;;690
44275;201300049153;13;11;22;720;2;2;1;1.0;6;388;49, RUE JEAN SARRAZIN;;;;690
44276;201300049154;13;11;27;1540;1;2;1;1.0;3;388;76, RUE PIERRE DELORE;;;;690
44277;201300049155;13;12;1;2115;5;2;2;1.0;3;388;0, RUE MARYSE BASTIE;;;;690
44278;201300049156;13;12;2;710;2;2;1;1.0;6;388;09, RUE PIERRE VERGER;;;;690
44279;201300049157;13;12;3;1420;1;2;1;1.0;6;388;RUE DENIS;;;;690
44280;201300049158;13;12;4;1550;1;2;1;1.0;6;388;136, RUE CHALLEMEL LACOU;;;;690
44281;201300049160;13;9;9;1835;1;2;2;1.0;6;388;RUE DES HERIDEAUX;;;;690
44282;201300049161;13;12;19;900;1;2;2;1.0;3;387;0, AVENUE BERTHELOT;;;;690
44283;201300049162;13;12;18;1720;5;2;1;1.0;6;388;32, AVENUE JEAN MERMOZ;;;;690
44284;201300049163;13;12;22;1500;1;2;1;1.0;6;388;8, AVENUE DES FRERES LUM;;;;690
44285;201300049165;13;1;1;2037;4;1;1;1.0;7;218;RN488;M;4544172.0;443522.0;420
44286;201300049167;13;1;27;435;3;1;1;1.0;6;110;A47;M;4549503.0;455473.0;420
44287;201300049169;13;2;21;1527;1;1;1;1.0;5;218;RN88;M;4541546.0;440459.0;420
44288;201300049170;13;2;26;220;3;1;1;1.0;6;236;A47;;;;690
44289;201300049171;13;3;10;230;3;1;1;1.0;6;91;A47;;;;690
44290;201300049172;13;3;28;1745;1;1;1;2.0;7;110;A47;M;4549410.0;454750.0;420
44291;201300049173;13;4;9;1435;1;1;1;1.0;6;207;A47;M;4548966.0;451094.0;420
44292;201300049174;13;4;14;2325;3;1;1;1.0;6;218;RN88;M;4543648.0;444016.0;420
44293;201300049175;13;4;15;745;1;1;1;1.0;2;103;A47;M;4550644.0;456840.0;420
44294;201300049176;13;5;2;1025;1;1;1;1.0;2;218;A72;M;4543736.0;443346.0;420
44295;201300049177;13;5;9;150;3;1;1;2.0;5;91;A47;;;;690
44296;201300049178;13;5;23;820;1;1;1;1.0;2;218;RN88;M;4541986.0;440980.0;420
44297;201300049179;13;6;7;2307;3;1;1;1.0;1;186;A47;M;4553854.0;463934.0;420
44298;201300049180;13;7;2;1335;1;1;1;1.0;2;91;A47;;;;690
44299;201300049181;13;7;7;343;3;1;1;1.0;7;44;RN88;M;4539598.0;434474.0;420
44300;201300049182;13;7;12;1945;1;1;1;1.0;6;183;RN88;M;4540147.0;437040.0;420
44301;201300049183;13;7;14;430;3;1;1;1.0;2;307;A47;M;4555119.0;468081.0;420
44302;201300049184;13;7;8;1945;1;1;1;1.0;3;110;A47;M;4549438.0;455364.0;420
44303;201300049185;13;7;19;825;1;1;1;1.0;6;123;A47;M;4551700.0;458705.0;420
44304;201300049186;13;7;19;1040;1;1;1;1.0;2;330;A72;M;4547379.0;436184.0;420
44305;201300049187;13;7;20;1405;1;1;1;1.0;2;225;A47;M;4551803.0;459039.0;420
44306;201300049188;13;7;26;1335;1;1;1;1.0;6;103;A47;M;4549601.0;455671.0;420
44307;201300049189;13;8;8;1415;1;1;1;3.0;6;207;RN88 DECROISSANT;M;4543634.0;449343.0;420
44308;201300049190;13;8;8;1700;1;1;1;1.0;7;186;A47;M;4554006.0;464239.0;420
44309;201300049191;13;8;22;1625;1;1;1;1.0;3;218;RN88;M;4541092.0;439815.0;420
44310;201300049192;13;8;28;1540;1;1;2;1.0;3;207;A47;M;4549163.0;451786.0;420
44311;201300049193;13;9;12;2225;3;1;1;1.0;1;218;RN88;M;4540774.0;438850.0;420
44312;201300049194;13;9;24;850;1;1;1;1.0;3;186;A47;M;4554066.0;464350.0;420
44313;201300049195;13;10;6;1448;1;1;1;1.0;6;218;A72;M;4546404.0;438334.0;420
44314;201300049196;13;10;7;1710;1;1;1;1.0;2;218;RN88;M;4541480.0;440362.0;420
44315;201300049197;13;10;14;1920;2;1;1;1.0;3;218;RN88;M;4543400.0;442880.0;420
44316;201300049198;13;10;17;830;1;1;1;1.0;2;44;RN88;M;4539705.0;435352.0;420
44317;201300049199;13;10;18;1615;1;1;1;1.0;2;5;A72;M;4552957.0;428561.0;420
44318;201300049201;13;10;19;2000;3;1;1;1.0;5;97;A72;M;4549758.0;431356.0;420
44319;201300049202;13;10;28;1300;1;1;1;1.0;6;103;A47;M;4550255.0;456479.0;420
44320;201300049204;13;10;31;405;3;1;1;1.0;7;218;A72;M;4545528.0;441235.0;420
44321;201300049205;13;10;30;1445;1;1;1;1.0;3;218;RN88;M;4542193.0;441211.0;420
44322;201300049206;13;10;31;1715;1;1;1;1.0;7;218;A72;M;4545572.0;441156.0;420
44323;201300049209;13;11;11;30;3;1;1;1.0;6;110;A47;M;4549420.0;454433.0;420