;Num_Acc;an;mois;jour;hrmn;lum;agg;int;atm;col;com;adr;gps;lat;long;dep
44324;201300049210;13;11;11;1640;1;1;1;1.0;5;44;RN88;M;4539562.0;434297.0;420
44325;201300049211;13;11;13;1815;5;1;1;1.0;4;218;A72;M;4546004.0;440453.0;420
44326;201300049212;13;12;9;2020;3;1;1;1.0;7;95;RN88;M;4537737.0;427188.0;420
44327;201300049213;13;12;14;1730;3;1;1;1.0;3;110;A47;M;4549402.0;454814.0;420
44328;201300049214;13;12;17;1725;3;1;1;1.0;2;218;RN88;M;4543689.0;444747.0;420
44329;201300049215;13;12;25;1900;3;1;1;1.0;2;91;A47;;;;690
44330;201300049216;13;12;28;315;3;1;1;1.0;6;97;A72;M;4552235.0;429127.0;420
44331;201300049217;13;1;1;300;5;1;3;1.0;2;544;D10407  PR 0001+1810;M;4553620.0;486981.0;380
44332;201300049218;13;1;2;1635;1;1;1;1.0;7;266;RD383   3.750 A 7.640;;;;690
44333;201300049219;13;1;4;730;2;1;1;2.0;7;296;A7   10.992 A 13.970;;;;690
44334;201300049220;13;1;5;1150;1;1;1;2.0;7;29;RD383   7.640 A 11.044;;;;690
44335;201300049222;13;1;4;1840;5;1;1;1.0;4;29;A43   0.550 A 3.353;;;;690
44336;201300049223;13;1;4;1240;1;1;1;2.0;6;271;RN346   34.850 A 36.215;;;;690
44337;201300049224;13;1;5;1220;1;1;1;1.0;4;266;RD383   3.750 A 7.640;;;;690
44338;201300049225;13;1;8;1700;2;1;1;1.0;7;286;A46N   19.955 A 25.180;;;;690
44339;201300049226;13;1;9;730;3;1;1;1.0;7;29;RD383   7.640 A 11.044;;;;690
44340;201300049227;13;1;9;830;1;1;1;1.0;2;388;RD383   11.460 A 11.750;;;;690
44341;201300049228;13;1;9;1840;3;1;1;1.0;2;152;A7   4.270 A 7.000;;;;690
44342;201300049229;13;1;10;1130;1;1;1;2.0;2;382;A7   0.000 A 2.278;;;;690
44343;201300049230;13;1;10;1350;1;1;1;2.0;7;256;A42     0.560 A 4.020;;;;690
44344;201300049232;13;1;11;1245;1;1;1;2.0;7;29;A43   0.550 A 3.353;;;;690
44345;201300049233;13;1;11;1330;1;1;1;1.0;3;87;A7 PK0020+0600;M;4557530.0;480662.0;380
44346;201300049235;13;1;12;1800;3;1;1;1.0;3;117;A6   439.400 A 442.500;;;;690
44347;201300049236;13;1;14;820;1;1;1;8.0;3;149;A7   3.690 A 4.270;;;;690
44348;201300049237;13;1;15;625;4;1;1;4.0;5;290;A43   3.865 A 9.894;;;;690
44349;201300049238;13;1;15;1935;4;1;1;2.0;3;29;RD383   7.640 A 11.044;;;;690
44350;201300049239;13;1;18;2245;3;1;1;4.0;2;117;A6   439.400 A 442.500;;;;690
44351;201300049240;13;1;18;2320;4;1;1;9.0;3;297;A7   15.770 A 20.110;;;;690
44352;201300049241;13;1;19;2120;5;1;1;8.0;7;142;A7   2.278 A 3.690;;;;690
44353;201300049242;13;1;20;250;5;1;1;2.0;7;199;A7   7.000 A 8.630;;;;690
44354;201300049243;13;1;20;800;1;1;1;1.0;6;152;A7   4.270 A 7.000;;;;690
44355;201300049244;13;1;20;2240;3;1;1;2.0;7;277;RN346   36.215 A 38.000;;;;690
44356;201300049247;13;1;22;1755;2;1;1;1.0;1;376;A42   8.310 A 9.500;M;4581780.0;498518.0;10
44357;201300049249;13;1;24;720;3;1;1;8.0;6;271;RN346   34.850 A 36.215;;;;690
44358;201300049251;13;1;28;710;2;1;1;5.0;6;544;29, RN7   5.180 A 10.000;M;4551930.0;486552.0;380
44359;201300049252;13;1;29;850;1;1;1;1.0;4;288;A432;;;;690
44360;201300049253;13;1;29;850;1;1;1;1.0;6;288;A432;;;;690
44361;201300049254;13;1;29;1910;5;1;1;1.0;3;290;RN346   38.960 A 40.883;;;;690
44362;201300049255;13;2;3;245;3;1;1;6.0;7;336;A7N PK 0035+0600;M;4547980.0;483317.0;380
44363;201300049256;13;2;3;650;3;1;1;1.0;2;72;A6   445.323 A 447.390;;;;690
44364;201300049257;13;2;10;600;4;1;1;1.0;7;266;RD383   3.750 A 7.640;;;;690
44365;201300049258;13;2;10;1710;1;1;1;2.0;2;544;N407   0.000 A 2.331;M;4553950.0;486051.0;380
44366;201300049259;13;2;12;940;1;1;1;2.0;3;297;A47   0.000  A 1.657;;;;690
44367;201300049260;13;2;15;540;3;1;1;1.0;7;105;A46N 13.378 A 14.305;M;4590180.0;487495.0;10
44368;201300049261;13;2;15;640;5;1;1;9.0;6;43;A42 9.900 A 11.118;M;4582500.0;500878.0;10
44369;201300049262;13;2;15;1730;1;1;1;1.0;2;199;RD383   14.250 A 18.000;;;;690
44370;201300049263;13;2;15;1845;5;1;1;1.0;4;388;RD383   11.460 A 11.750;;;;690
44371;201300049264;13;2;18;705;3;1;1;1.0;4;276;A7   8.630 A 10.992;;;;690
44372;201300049266;13;2;20;1735;1;1;1;1.0;4;72;A6   445.323 A 447.390;;;;690
44373;201300049268;13;2;24;635;3;1;1;4.0;6;87;A7N PK-0022+0900;M;4556880.0;481572.0;380
44374;201300049269;13;2;24;1605;1;1;4;4.0;2;544;RN7   PK0005+0600;M;4553110.0;487360.0;380
44375;201300049270;13;2;26;1326;1;1;1;1.0;2;283;A46S   43.680 A 47.880;;;;690
44376;201300049271;13;2;27;1306;1;1;1;1.0;2;72;A6   445.323 A 447.390;;;;690
44377;201300049272;13;2;28;2140;3;1;1;1.0;3;297;A7   15.770 A 20.110;;;;690
44378;201300049275;13;3;2;2220;3;1;1;1.0;7;544;A7   25.770 A 27.460;;;;380
44379;201300049276;13;3;3;2025;5;1;1;1.0;2;29;RD383   7.640 A 11.044;;;;690
44380;201300049277;13;3;4;600;4;1;1;1.0;6;81;A6   449.510 A 451.640;;;;690
44381;201300049278;13;3;4;1715;1;1;1;1.0;5;256;RD383   1.893 A 2.321;;;;690
44382;201300049279;13;3;5;840;1;1;1;1.0;5;266;RD383   3.750 A 7.640;;;;690
44383;201300049280;13;3;6;1745;1;1;1;8.0;6;199;RD383   14.250 A 18.000;;;;690
44384;201300049281;13;3;7;1700;1;1;1;1.0;4;152;A450   0.000 A 1.090;;;;690
44385;201300049282;13;3;9;130;5;1;1;1.0;2;204;A450   1.740 A 5.100;;;;690
44386;201300049283;13;3;10;245;5;1;1;1.0;6;266;RD383   3.750 A 7.640;;;;690
44387;201300049284;13;3;12;1650;1;1;1;1.0;6;152;A450   0.000 A 1.090;;;;690
44388;201300049285;13;3;12;1730;1;1;1;1.0;5;376;A42   8.310 A 9.500;M;4581690.0;497879.0;10
44389;201300049286;13;3;15;1330;1;1;1;1.0;3;297;A47;;;;690
44390;201300049288;13;3;17;430;5;1;1;2.0;5;382;A6   455.000 A 455.875;;;;690
44391;201300049289;13;3;17;1810;2;1;1;1.0;3;266;RD383   3.750 A 7.640;;;;690
44392;201300049291;13;3;21;800;1;1;1;1.0;7;91;A47;;;;690
44393;201300049292;13;3;21;2130;5;1;1;1.0;2;389;A6   451.790 A 453.400;;;;690
44394;201300049293;13;3;22;300;3;1;1;1.0;2;116;A6   442.500 A 445.030;;;;690
44395;201300049294;13;3;22;1640;1;1;1;1.0;3;81;A6   449.510 A 451.640;;;;690
44396;201300049295;13;3;23;1620;1;1;1;1.0;7;72;A6   445.323 A 447.390;;;;690
44397;201300049296;13;3;24;535;5;1;1;2.0;2;382;A6   455.000 A 455.875;;;;690
44398;201300049297;13;3;24;1140;1;1;1;1.0;7;544;N407   0.000 A 2.331;;;;380
44399;201300049298;13;3;24;2110;3;1;1;2.0;5;29;RD383   7.640 A 11.044;;;;690
44400;201300049299;13;3;25;1720;1;1;1;1.0;2;388;RD383   11.460 A 11.750;;;;690
44401;201300049300;13;3;26;1145;1;1;1;1.0;2;142;A7   2.278 A 3.690;;;;690
44402;201300049303;13;3;30;15;5;1;1;2.0;3;29;RD383   7.640 A 11.044;;;;690
44403;201300049304;13;3;30;1000;1;1;1;2.0;7;282;RD302   0.400 A 4.620;;;;690
44404;201300049305;13;4;1;955;1;1;1;1.0;6;152;A450   0.000 A 1.090;;;;690
44405;201300049306;13;4;3;1720;1;1;1;1.0;7;152;A450   0.000 A 1.090;;;;690
44406;201300049308;13;4;5;1730;1;1;1;2.0;4;277;RN346   36.215 A 38.000;;;;690
44407;201300049309;13;4;6;2055;3;1;1;1.0;6;256;A42     0.560 A 4.020;;;;690
44408;201300049310;13;4;8;840;1;1;1;1.0;2;290;A46S   40.883 A 43.680;;;;690
44409;201300049311;13;4;9;1130;1;1;1;2.0;7;244;A6   451.640 A 451.790;;;;690
44410;201300049313;13;4;10;1650;1;1;1;1.0;4;277;RN346   36.215 A 38.000;;;;690
44411;201300049314;13;4;12;1245;1;1;1;1.0;7;55;A6   435.100 A 437.840;;;;690
44412;201300049315;13;4;13;710;1;1;1;1.0;2;87;A7   20.110 A 22.950;;;;380
44413;201300049316;13;4;16;820;1;1;1;1.0;3;204;A450   1.740 A 5.100;;;;690
44414;201300049317;13;4;16;1750;1;1;1;1.0;2;29;RD383   7.640 A 11.044;;;;690
44415;201300049318;13;3;7;1830;2;1;1;1.0;3;382;A7   0.000 A 2.278;;;;690
44416;201300049319;13;4;17;1740;1;1;1;1.0;3;297;A47   0.000  A 1.657;;;;690
44417;201300049320;13;4;18;2045;5;1;1;1.0;3;149;A7   3.690 A 4.270;;;;690
44418;201300049321;13;4;19;1109;1;1;9;1.0;6;199;RD383   14.250 A 18.000;;;;690
44419;201300049322;13;4;19;1320;1;1;1;2.0;2;272;A46S   57.400 A 61.010;;;;690
44420;201300049323;13;4;21;1830;1;1;1;1.0;7;193;A7   29.920 A 31.960;;;;690
44421;201300049324;13;4;22;1330;1;1;1;1.0;5;199;A7   7.000 A 8.630;;;;690
44422;201300049325;13;4;22;1350;1;1;1;1.0;2;199;A7   7.000 A 8.630;;;;690
44423;201300049326;13;4;25;525;3;1;1;1.0;2;282;RD302   0.400 A 4.620;;;;690
44424;201300049327;13;4;13;1520;1;1;1;1.0;4;199;RD383   14.250 A 18.000;;;;690
44425;201300049328;13;4;25;1500;1;1;1;1.0;1;199;RD383   14.250 A 18.000;;;;690
44426;201300049329;13;4;27;1125;1;1;1;2.0;6;199;RD383   14.250 A 18.000;;;;690
44427;201300049330;13;4;27;2345;3;1;1;2.0;7;336;A7   32.870 A 35.680;;;;380
44428;201300049331;13;4;28;530;5;1;1;2.0;7;29;RD383   7.640 A 11.044;;;;690
44429;201300049332;13;4;28;945;1;1;1;1.0;6;297;A7   15.770 A 20.110;;;;690
44430;201300049333;13;4;29;1945;1;1;1;2.0;3;297;A47   0 000  A 1.657;;;;690
44431;201300049334;13;5;1;114;3;1;1;1.0;2;487;A7   23+841;M;4556000.0;482207.0;380
44432;201300049335;13;5;1;510;3;1;1;2.0;2;81;A6   448.490 A 449.450;;;;690
44433;201300049336;13;5;3;1230;1;1;1;2.0;7;336;A7   32.870 A 35.680;;;;380
44434;201300049337;13;4;27;2340;5;1;1;2.0;3;29;RD383   7.640 A 11.044;;;;690
44435;201300049338;13;5;5;1515;1;1;1;1.0;4;382;A7   0.000 A 2.278;;;;690
44436;201300049339;13;5;5;2200;5;1;1;1.0;7;259;RD383   11.750 A 14.250;;;;690
44437;201300049340;13;5;8;510;3;1;1;1.0;6;81;A6   449.510 A 451.640;;;;690
44438;201300049341;13;5;9;30;4;1;1;9.0;2;29;A43   0.550 A 3.353;;;;690
44439;201300049342;13;5;9;1800;1;1;1;3.0;6;7;A7   31.960 A 32.870;;;;690
44440;201300049343;13;5;10;855;1;1;9;1.0;3;259;RD383   11.750 A 14.250;;;;690
44441;201300049344;13;5;12;514;3;1;1;1.0;5;275;A46 25.180 A 25.680;;;;10
44442;201300049345;13;5;12;730;1;1;1;1.0;2;290;A43   3.865 A 9.894;;;;690
44443;201300049346;13;5;13;705;1;1;1;1.0;3;385;A6   453.400 A 455.000;;;;690
44444;201300049347;13;5;13;735;1;1;1;1.0;2;449;A43   18.875 A 21.100;;;;380
44445;201300049348;13;5;15;2140;3;1;1;1.0;2;288;A43   13.029 A 15.971;;;;690
44446;201300049349;13;5;14;1657;1;1;1;1.0;2;266;RD383   3.750 A 7.640;;;;690
44447;201300049350;13;5;14;1745;1;1;1;1.0;3;29;RD383   7.640 A 11.044;;;;690
44448;201300049351;13;5;15;5;4;1;5;1.0;7;199;A7   7.000 A 8.630;;;;690
44449;201300049352;13;5;15;1305;1;1;1;2.0;7;27;A450   5.100 A 7.285;;;;690
44450;201300049353;13;5;16;1125;1;1;1;2.0;7;142;A7   2.278 A 3.690;;;;690
44451;201300049354;13;5;16;1735;1;1;1;1.0;2;81;A6   448.490 A 449.450;;;;690
44452;201300049355;13;5;20;630;1;1;9;1.0;6;259;BUS (RD301)  2 800 A 4.4;;;;690
44453;201300049356;13;5;21;1100;1;1;1;3.0;3;389;A6   451.790 A 453.400;;;;690
44454;201300049357;13;5;21;1740;1;1;1;2.0;2;81;BPNL   34.000 A 34.614;;;;690
44455;201300049358;13;5;22;637;1;1;1;1.0;7;290;A46S   40.883 A 43.680;;;;690
44456;201300049359;13;5;24;645;2;1;1;1.0;3;389;BPNL   34.614 A 36.285;;;;690
44457;201300049360;13;5;24;1210;1;1;1;1.0;2;487;A7   22.950 A 25.770;;;;380
44458;201300049361;13;5;24;1905;1;1;1;1.0;3;27;A450   5.100 A 7.285;;;;690
44459;201300049362;13;5;25;700;1;1;1;1.0;6;544;A7   25.770 A 27.460;;;;380
44460;201300049363;13;5;27;1740;1;1;1;1.0;2;72;A6   445.323 A 447.390;;;;690
44461;201300049364;13;5;27;2015;4;1;1;;5;199;69190;;;;690
44462;201300049365;13;5;29;2015;2;1;1;1.0;4;199;RD383   14.250 A 18.000;;;;690
44463;201300049366;13;5;28;1640;1;1;1;2.0;6;256;A42     0.560 A 4.020;;;;690
44464;201300049368;13;5;29;1840;1;1;1;2.0;4;277;RN346   36.215 A 38.000;;;;690
44465;201300049369;13;5;29;1050;1;1;1;1.0;2;275;RN346   29.300 A 34.350;;;;690
44466;201300049370;13;5;29;2245;5;1;1;1.0;3;389;BPNL   36.318 A 37.781;;;;690
44467;201300049371;13;5;30;940;1;1;1;1.0;2;266;RD383   3.750 A 7.640;;;;690
44468;201300049372;13;5;30;1840;1;1;1;1.0;3;297;A47;;;;690
44469;201300049373;13;5;31;540;2;1;1;8.0;6;544;A7   25.770 A 27.460;;;;380
44470;201300049374;13;5;31;2050;2;1;1;2.0;7;29;A43   0.550 A 3.353;;;;690
44471;201300049375;13;6;3;1733;5;1;1;1.0;2;389;BPNL   34.614 A 36.285;;;;690
44472;201300049377;13;6;6;1240;1;1;1;1.0;3;199;A7   7.000 A 8.630;;;;690
44473;201300049378;13;6;6;1820;1;1;1;1.0;7;81;A6   449.510 A 451.640;;;;690
44474;201300049379;13;6;8;1845;1;1;1;3.0;3;544;A7   25.770 A 27.460;;;;380
44475;201300049380;13;6;9;320;5;1;1;1.0;7;544;A7   25.770 A 27.460;;;;380
44476;201300049381;13;6;11;2150;5;1;1;1.0;7;34;RD383   0.000 A 1.165;;;;690
44477;201300049382;13;6;13;1537;1;1;9;1.0;5;29;69500;;;;690
44478;201300049383;13;6;14;115;4;1;1;2.0;2;29;A43   3.353 A 3.865;;;;690
44479;201300049384;13;6;14;830;1;1;1;1.0;5;152;A7   4.270 A 7.000;;;;690
44480;201300049385;13;6;16;500;3;1;1;1.0;7;295;A46S   53.980 A 57.400;;;;690
44481;201300049386;13;6;17;5;5;1;1;1.0;7;382;A7   0.000 A 2.278;;;;690
44482;201300049387;13;6;17;1830;1;1;1;1.0;6;256;A42     0.560 A 4.020;;;;690
44483;201300049388;13;6;20;1705;1;1;1;1.0;2;29;RD383   7.640 A 11.044;;;;690
44484;201300049389;13;6;21;610;1;1;1;1.0;5;277;RN346   36.215 A 38.000;;;;690
44485;201300049390;13;6;21;900;1;1;1;1.0;5;297;A47;;;;690
44486;201300049391;13;6;24;600;1;1;1;1.0;3;152;A7   4.270 A 7.000;;;;690
44487;201300049392;13;6;24;908;4;1;1;1.0;3;81;BPNL   34.000 A 34.614;;;;690
44488;201300049393;13;6;27;1320;1;1;1;1.0;2;87;A7   20.110 A 22.950;;;;380
44489;201300049395;13;6;28;820;1;1;1;2.0;2;256;A42     0.560 A 4.020;;;;690
44490;201300049396;13;6;29;1145;1;1;1;3.0;4;275;RN346   29.300 A 34.350;;;;690
44491;201300049397;13;6;29;1515;1;1;1;2.0;7;199;RD383   14.250 A 18.000;;;;690
44492;201300049398;13;6;29;1510;1;1;1;1.0;4;290;A43   3.865 A 9.894;;;;690
44493;201300049399;13;6;29;1715;1;1;1;1.0;7;199;RD383   14.250 A 18.000;;;;690
44494;201300049400;13;6;30;310;5;1;1;1.0;7;544;N407   0.000 A 2.331;;;;380
44495;201300049401;13;7;1;1220;1;1;1;1.0;7;81;A6   449.510 A 451.640;;;;690
44496;201300049402;13;7;2;1640;1;1;1;1.0;4;29;A43   0.550 A 3.353;;;;690
44497;201300049403;13;7;3;820;1;1;1;2.0;7;29;RD383   7.640 A 11.044;;;;690
44498;201300049404;13;7;3;840;1;1;1;1.0;7;544;A7   25.770 A 27.460;;;;380
44499;201300049405;13;7;5;1845;1;1;1;1.0;4;256;A42     0.560 A 4.020;;;;690
44500;201300049406;13;7;6;1743;1;1;1;1.0;6;382;A7   0.000 A 2.278;;;;690
44501;201300049407;13;7;1;1050;1;1;1;1.0;2;290;RN346   38.960 A 40.883;;;;690
44502;201300049408;13;7;9;1645;1;1;1;1.0;4;72;A6   445.323 A 447.390;;;;690
44503;201300049409;13;7;11;238;3;1;1;1.0;4;275;RN346   29.300 A 34.350;;;;690
44504;201300049410;13;7;5;1500;1;1;1;1.0;2;116;A6   442.500 A 445.030;;;;690
44505;201300049411;13;7;11;1715;1;1;1;1.0;2;277;RN346   36.215 A 38.000;;;;690
44506;201300049412;13;7;12;1230;1;1;1;1.0;7;256;BPNL  1.893 A 2.321;;;;690
44507;201300049413;13;7;13;630;1;1;1;1.0;2;296;A7   10.992 A 13.970;;;;690
44508;201300049414;13;7;14;1935;1;1;1;1.0;2;449;A43   18.875 A 21.100;;;;380
44509;201300049415;13;7;7;1505;1;1;1;1.0;2;249;A42   6.290 A 8.310;M;4581640.0;497492.0;10
44510;201300049416;13;7;16;1025;1;1;1;1.0;4;272;A46S   57.400 A 61.010;;;;690
44511;201300049417;13;7;17;1405;1;1;1;1.0;6;115;A6   427.300 A 428.640;;;;690
44512;201300049418;13;7;19;945;1;1;1;1.0;2;248;A46N   14.305 A 17.210;M;4589140.0;489138.0;10
44513;201300049419;13;7;19;1005;1;1;9;1.0;6;199;RD383   14.250 A 18.000;;;;690
44514;201300049420;13;7;20;450;4;1;1;1.0;2;204;A450   1.740 A 5.100;;;;690
44515;201300049421;13;7;20;1200;1;1;1;1.0;6;295;A46S   53.980 A 57.400;;;;690
44516;201300049422;13;6;27;1910;1;1;1;1.0;2;142;A7   2.278 A 3.690;;;;690
44517;201300049423;13;7;21;2000;1;1;1;1.0;7;199;RD383   14.250 A 18.000;;;;690
44518;201300049424;13;7;24;1805;1;1;1;7.0;3;270;A46S   47.880 A 49.160;;;;690
44519;201300049425;13;7;25;1216;1;1;1;1.0;5;288;A43   13.029 A 15.971;;;;690
44520;201300049426;13;7;25;1745;1;1;1;1.0;2;29;RD383   7.640 A 11.044;;;;690
44521;201300049427;13;7;26;1650;1;1;1;1.0;7;81;A6   449.510 A 451.640;;;;690
44522;201300049428;13;7;28;1615;1;1;1;3.0;7;189;A7   28.860 A 29.920;;;;690
44523;201300049429;13;7;28;1730;1;1;1;2.0;6;199;RD383   14.250 A 18.000;;;;690
44524;201300049430;13;7;30;1745;1;1;1;1.0;2;283;A46S   43.680 A 47.880;;;;690
44525;201300049431;13;8;1;1501;1;1;1;1.0;1;27;A450   5.100 A 7.285;;;;690
44526;201300049432;13;8;2;1700;1;1;1;1.0;5;382;A7   0.000 A 2.278;;;;690
44527;201300049433;13;8;2;2040;1;1;3;1.0;7;544;N407   0.000 A 2.331;;;;380
44528;201300049435;13;8;8;1512;1;1;1;3.0;7;297;A47;;;;690
44529;201300049436;13;8;9;830;1;1;1;1.0;3;297;A47;;;;690
44530;201300049437;13;8;14;1010;1;1;1;1.0;4;389;BPNL   34.614 A 36.285;;;;690
44531;201300049438;13;8;14;1940;1;1;1;1.0;7;389;BPNL   34.614 A 36.285;;;;690
44532;201300049439;13;8;14;2310;3;1;1;1.0;2;184;A43   15.971 A 18.875;;;;380
44533;201300049440;13;8;15;1430;1;1;1;1.0;6;544;A7   25.770 A 27.460;;;;380
44534;201300049442;13;8;15;2015;1;1;1;1.0;2;149;A7   3.690 A 4.270;;;;690
44535;201300049443;13;8;22;1800;1;1;1;1.0;3;272;A46S   57.400 A 61.010;;;;690
44536;201300049444;13;8;24;2030;2;1;1;3.0;7;282;RD302   0.000 A 4.000;;;;690
44537;201300049445;13;8;24;2120;3;1;1;3.0;6;290;A46S   40.883 A 43.680;;;;690
44538;201300049446;13;8;26;1800;1;1;9;1.0;3;272;A46S   57.400 A 61.010;;;;690
44539;201300049447;13;8;27;825;1;1;1;2.0;6;266;RD383   3.750 A 7.640;;;;690
44540;201300049448;13;8;26;830;1;1;1;1.0;6;266;BPNL   1.165 A 1.893;;;;690
44541;201300049449;13;8;27;1950;1;1;1;2.0;7;29;RD383   7.640 A 11.044;;;;690
44542;201300049450;13;8;29;555;5;1;1;1.0;6;388;RD383   11.460 A 11.750;;;;690
44543;201300049451;13;8;29;2300;3;1;1;1.0;2;297;A47;;;;690
44544;201300049452;13;7;11;2320;3;1;1;1.0;2;273;BUS (RD301)   4.470 A 7.;;;;690
44545;201300049453;13;8;31;140;3;1;1;1.0;2;81;A6   448.490 A 449.450;;;;690
44546;201300049454;13;8;31;1900;1;1;1;1.0;7;295;A46S   53.980 A 57.400;;;;690
44547;201300049455;13;9;2;1105;2;1;1;1.0;4;72;A6   445.030 A 445.323;;;;690
44548;201300049456;13;9;6;4;3;1;1;1.0;2;290;A43   3.865 A 9.894;;;;690
44549;201300049458;13;9;8;535;3;1;1;2.0;4;275;RN346   29.300 A 34.350;;;;690
44550;201300049459;13;9;8;1830;1;1;1;2.0;5;199;A7   7.000 A 8.630;;;;690
44551;201300049460;13;9;8;1845;1;1;1;2.0;7;43;A42   9.500 A 9.720;;;;10
44552;201300049461;13;9;8;2000;3;1;9;1.0;7;282;RD302   0.400 A 4.620;;;;690
44553;201300049462;13;9;9;2130;5;1;1;1.0;2;29;A43   0.550 A 3.353;;;;690
44554;201300049463;13;9;10;1610;1;1;1;1.0;6;290;A43   3.865 A 9.894;;;;690
44555;201300049464;13;9;11;1820;1;1;1;8.0;7;376;A42   8.310 A 9.500;;;;10
44556;201300049465;13;9;12;1815;1;1;1;1.0;2;256;A42     0.560 A 4.020;;;;690
44557;201300049466;13;9;13;1620;1;1;1;1.0;7;288;A43   13.029 A 15.971;;;;690
44558;201300049467;13;9;13;1800;1;1;1;1.0;4;29;RD383;;;;690
44559;201300049468;13;9;14;1453;1;1;1;1.0;7;81;A6   449.510 A 451.640;;;;690
44560;201300049470;13;9;14;1817;1;1;1;1.0;2;266;RD383   1.165 A 1.893;;;;690
44561;201300049471;13;9;15;200;4;1;1;2.0;5;336;A7   32.870 A 35.680;;;;380
44562;201300049472;13;9;16;1945;2;1;1;1.0;7;256;A42     0.560 A 4.020;;;;690
44563;201300049474;13;9;19;910;1;1;1;1.0;2;297;A47   0.000  A 1.657;;;;690
44564;201300049475;13;9;19;1715;1;1;1;1.0;5;256;A42     0.560 A 4.020;;;;690
44565;201300049476;13;9;20;1752;1;1;1;1.0;2;72;A6   445.323 A 447.390;;;;690
44566;201300049477;13;9;24;840;1;1;1;1.0;4;290;A43   3.865 A 9.894;;;;690
44567;201300049478;13;9;26;1420;1;1;1;1.0;2;544;RN7   5.180 A 10.000;;;;380
44568;201300049479;13;9;27;630;5;1;1;1.0;2;199;RD383   14.250 A 18.000;;;;690
44569;201300049480;13;9;27;450;3;1;1;1.0;6;72;A6   445.323 A 447.390;;;;690
44570;201300049481;13;9;27;1020;1;1;1;1.0;5;278;A46N   12.680 A 13.378;;;;690
44571;201300049482;13;9;27;1850;1;1;1;1.0;4;266;RD383   3.750 A 7.640;;;;690
44572;201300049483;13;9;28;2330;3;1;1;1.0;1;295;A46S   53.980 A 57.400;;;;690
44573;201300049484;13;9;29;530;4;1;1;3.0;3;256;RN346  S/N   25.686 A 29;;;;690
44574;201300049485;13;9;29;1405;1;1;1;1.0;4;336;A7   32.870 A 35.680;;;;380
44575;201300049486;13;9;29;1640;1;1;1;2.0;7;199;RD383   14.250 A 18.000;;;;690
44576;201300049487;13;9;30;930;1;1;1;8.0;4;296;A7   10.992 A 13.970;;;;690
44577;201300049488;13;9;30;1215;1;1;1;1.0;2;544;17, RN7   5.180 A 10.000;;;;380
44578;201300049490;13;10;2;2105;5;1;1;1.0;2;266;RD383   3.750 A 7.640;;;;690
44579;201300049491;13;10;3;1425;1;1;1;1.0;2;72;A6   445.323 A 447.390;;;;690
44580;201300049492;13;10;4;2005;3;1;1;2.0;5;125;A6   437.840 A 439.400;;;;690
44581;201300049493;13;10;5;140;3;1;1;2.0;2;256;A42     0.560 A 4.020;;;;690
44582;201300049494;13;10;5;840;1;1;1;1.0;7;266;RD383   3.750 A 7.640;;;;690
44583;201300049495;13;10;6;1550;1;1;1;1.0;2;29;RD383   7.640 A 11.044;;;;690
44584;201300049496;13;10;9;1300;1;1;1;1.0;3;125;A6   437.840 A 439.400;;;;690
44585;201300049497;13;10;10;1735;1;1;1;1.0;3;199;RD383   14.250 A 18.000;;;;690
44586;201300049498;13;10;11;30;5;1;1;2.0;7;199;RD383   14.250 A 18.000;;;;690
44587;201300049500;13;10;14;1745;1;1;1;1.0;4;266;RD383   3.750 A 7.640;;;;690
44588;201300049501;13;10;11;1630;1;1;1;1.0;4;389;BPNL   34.614 A 36.285;;;;690
44589;201300049502;13;10;15;725;2;1;1;1.0;3;272;A46S   57.400 A 61.010;;;;690
44590;201300049503;13;10;15;2303;5;1;1;2.0;6;34;RD383   0.000 A 1.165;;;;690
44591;201300049504;13;10;16;1630;1;1;1;1.0;6;9;, A6   428.880 A 431.800;;;;690
44592;201300049507;13;10;18;1630;1;1;1;1.0;3;27;A450   5.100 A 7.285;;;;690
44593;201300049508;13;10;18;1910;3;1;1;1.0;2;163;A46N   2.930 A 7.065;;;;690
44594;201300049509;13;10;20;1605;1;1;1;1.0;6;256;A42     0.560 A 4.020;;;;690
44595;201300049510;13;10;20;1715;1;1;1;1.0;7;336;A7   32.870 A 35.680;;;;380
44596;201300049511;13;10;21;1155;1;1;1;1.0;2;286;A46N   S/N   25.680 A 25;;;;690