;Num_Acc;an;mois;jour;hrmn;lum;agg;int;atm;col;com;adr;gps;lat;long;dep
44597;201300049512;13;10;21;1900;3;1;1;1.0;4;249;A42   6.290 A 8.310;;;;10
44598;201300049514;13;10;22;1100;1;1;1;1.0;7;199;RD383   14.250 A 18.000;;;;690
44599;201300049516;13;10;25;2140;5;1;1;1.0;3;29;RD383   7.640 A 11.044;;;;690
44600;201300049517;13;10;28;630;3;1;1;1.0;5;286;A46N   19.955 A 25.180;;;;690
44601;201300049518;13;10;29;855;1;1;1;1.0;4;290;A46S   40.883 A 43.680;;;;690
44602;201300049520;13;11;3;230;5;1;1;2.0;6;152;A7   4.270 A 7.000;;;;690
44603;201300049521;13;10;23;1745;1;1;1;1.0;7;199;RD383   14.250 A 18.000;;;;690
44604;201300049522;13;11;4;1530;1;1;1;2.0;2;276;BUS (RD301)   0 000 A 2;;;;690
44605;201300049523;13;11;4;2015;5;1;1;1.0;7;199;69190;;;;690
44606;201300049524;13;11;5;2100;5;1;1;2.0;6;29;RD383   7.640 A 11.044;;;;690
44607;201300049525;13;11;6;725;1;1;1;2.0;5;184;A43   15.971 A 18.875;;;;380
44608;201300049526;13;11;6;1215;1;1;1;1.0;6;115;A6   427.300 A 428.640;;;;690
44609;201300049527;13;11;6;1730;3;1;1;1.0;4;544;RN7   5.180 A 10.000;;;;380
44610;201300049528;13;11;6;900;1;1;1;1.0;6;81;A6   449.510 A 451.640;;;;690
44611;201300049529;13;11;8;1645;1;1;1;2.0;6;81;A6   449.510 A 451.640;;;;690
44612;201300049530;13;11;9;1225;1;1;1;1.0;2;72;A6   445.323 A 447.390;;;;690
44613;201300049531;13;11;10;900;1;1;1;2.0;6;271;RN346   38.000 A 38.960;;;;690
44614;201300049532;13;11;11;1830;5;1;1;1.0;4;382;A6   455.000 A 455.875;;;;690
44615;201300049533;13;11;12;1708;1;1;1;1.0;3;34;RD383   0.000 A 1.165;;;;690
44616;201300049534;13;11;13;330;3;1;1;1.0;2;544;A7   25.770 A 27.460;;;;380
44617;201300049535;13;11;14;1300;1;1;1;1.0;7;55;A6   435.100 A 437.840;;;;690
44618;201300049536;13;11;15;940;1;1;1;8.0;6;295;A46S   53.980 A 57.400;;;;690
44619;201300049537;13;11;15;1515;1;1;1;1.0;4;382;A6   455.000 A 455.875;;;;690
44620;201300049538;13;11;19;1245;1;1;1;2.0;3;29;RD383   7.640 A 11.044;;;;690
44621;201300049539;13;11;21;1815;5;1;1;2.0;3;27;A450   5.100 A 7.285;;;;690
44622;201300049540;13;11;22;915;1;1;1;2.0;2;256;A42     0.560 A 4.020;;;;690
44623;201300049541;13;11;23;745;2;1;1;1.0;2;273;BUS (RD301)   4.470 A 7.;;;;690
44624;201300049542;13;11;25;845;1;1;1;1.0;3;100;A450   1.090 A 1.740;;;;690
44625;201300049543;13;11;25;1715;1;1;1;1.0;3;544;N407   0.000 A 2.331;;;;380
44626;201300049544;13;11;25;2000;3;1;1;1.0;4;272;A46S   57.400 A 61.010;;;;690
44627;201300049545;13;11;22;830;2;1;1;2.0;6;385;A6;;;;690
44628;201300049546;13;11;29;2000;5;1;1;1.0;4;449;A43   18.875 A 21.100;;;;380
44629;201300049547;13;11;30;945;1;1;1;1.0;7;29;RD383   7.640 A 11.044;;;;690
44630;201300049548;13;12;1;205;4;1;1;1.0;6;259;BUS (RD301)  2 800 A 4.4;;;;690
44631;201300049550;13;12;2;1220;1;1;1;1.0;3;297;A47   0.000  A 1.657;;;;690
44632;201300049551;13;12;2;1750;3;1;1;1.0;5;297;A7   15.770 A 20.110;M;0.0;0.0;690
44633;201300049552;13;12;3;820;1;1;1;1.0;4;29;A43   0.550 A 3.353;;;;690
44634;201300049553;13;12;5;2215;3;1;1;1.0;2;156;A6   428.640 A 428.880;;;;690
44635;201300049554;13;12;10;740;2;1;1;5.0;2;204;A450   1.740 A 5.100;;;;690
44636;201300049555;13;12;12;630;5;1;1;5.0;7;290;A43   3.865 A 9.894;;;;690
44637;201300049556;13;12;13;2210;5;1;6;2.0;7;272;A46S   57.400 A 61.010;;;;690
44638;201300049557;13;12;14;130;3;1;1;1.0;7;275;;;;;690
44639;201300049558;13;12;20;1125;1;1;1;2.0;3;199;A7   7.000 A 8.630;;;;690
44640;201300049560;13;12;23;600;5;1;1;1.0;6;266;RD383   3.750 A 7.640;;;;690
44641;201300049562;13;12;25;1320;1;1;1;1.0;7;276;BUS (RD301)   0 000 A 2.;;;;690
44642;201300049563;13;12;25;1730;2;1;1;3.0;7;29;A43   0 550 A 3.353;;;;690
44643;201300049564;13;12;26;1525;1;1;1;1.0;7;266;RD383   3.750 A 7.640;;;;690
44644;201300049565;13;12;28;1740;5;1;1;8.0;3;199;RD383   14.250 A 18.000;;;;690
44645;201300049566;13;12;29;915;1;1;1;1.0;6;288;A43   13.029 A 15.971;;;;690
44646;201300049567;13;12;29;2030;3;1;1;1.0;6;152;A7   4.270 A 7.000;;;;690
44647;201300049568;13;1;2;1523;1;2;1;1.0;6;389;2, PLACE DE PARIS;;;;690
44648;201300049569;13;1;4;1655;2;2;1;1.0;5;389;165, RUE DE SAINT CYR;;;;690
44649;201300049570;13;1;5;1830;5;2;1;1.0;6;81;80, CHEMIN DU TRONCHON;;;;690
44650;201300049571;13;1;15;1700;1;2;1;1.0;3;81;61, AVENUE DU PROFESSEUR;;;;690
44651;201300049572;13;1;19;1815;5;2;1;2.0;6;389;16, QUAI PAUL SEDALLIAN;;;;690
44652;201300049573;13;1;19;2350;5;2;1;2.0;6;389;PONT GEORGES CLEMENCEAU;;;;690
44653;201300049574;13;1;20;1508;1;2;1;8.0;6;81;CHEMIN JEAN MARIE VIANNE;;;;690
44654;201300049576;13;2;14;1040;1;2;1;1.0;6;81;SANS N?, CHEMIN DES CERI;;;;690
44655;201300049577;13;2;22;750;1;2;1;1.0;3;389;PONT GEORGES CLEMENCEAU;;;;690
44656;201300049578;13;3;2;20;5;2;1;1.0;6;389;BOULEVARD PERIPHERIQUE N;;;;690
44657;201300049579;13;3;4;1025;1;2;3;9.0;3;389;240, BOULEVARD DE LA DUC;;;;690
44658;201300049580;13;3;4;1730;1;2;3;1.0;6;389;8, RUE SAINT DIDIER;;;;690
44659;201300049581;13;3;9;1800;1;2;1;1.0;7;389;8, RUE COTTIN;;;;690
44660;201300049583;13;3;19;1800;1;2;1;1.0;6;389;316, AVENUE ANDREI SAKHA;;;;690
44661;201300049585;13;3;22;2010;5;2;2;1.0;3;389;135, AVENUE SIDOINE APOL;;;;690
44662;201300049586;13;3;29;735;2;2;1;2.0;6;389;74, RUE DE SAINT CYR;;;;690
44663;201300049587;13;4;4;1520;1;2;3;1.0;3;389;2, RUE DU 24 MARS 1852;;;;690
44664;201300049588;13;4;4;2050;5;2;1;1.0;3;81;128, RUE MARIETTON;;;;690
44665;201300049589;13;4;12;1910;1;2;2;1.0;3;389;RUE PIERRE TERMIER;;;;690
44666;201300049590;13;4;19;1940;2;2;1;2.0;6;81;6, ROUTE DE CHAMPAGNE;;;;690
44667;201300049591;13;4;21;450;5;2;1;1.0;7;389;95, AVENUE DU 25E REGIME;;;;690
44668;201300049592;13;4;21;700;2;2;1;8.0;6;389;95, AVENUE DU 25E REGIME;;;;690
44669;201300049593;13;4;26;1200;1;2;4;2.0;3;389;51, RUE MARIETTON;;;;690
44670;201300049594;13;4;27;1230;1;2;3;2.0;3;389;1, RUE EMILE DUPORT;;;;690
44671;201300049595;13;4;24;1;5;2;1;1.0;6;389;PONT SNCF, QUAI RAOUL CA;;;;690
44672;201300049597;13;5;2;1626;1;2;1;1.0;6;389;59, QUAI PAUL SEDALLIAN;;;;690
44673;201300049598;13;5;7;820;1;2;1;1.0;2;81;BRETELLE 1 PORTE DU VALV;;;;690
44674;201300049600;13;5;13;1050;1;2;1;1.0;6;389;45, RUE MARIETTON;;;;690
44675;201300049602;13;5;22;1600;1;2;2;1.0;1;389;37, RUE DE BOURGOGNE;;;;690
44676;201300049603;13;5;26;940;1;2;1;1.0;3;389;128, AVENUE SIDOINE APOL;;;;690
44677;201300049604;13;5;31;1200;1;2;1;2.0;3;389;36, QUAI ARLOING;;;;690
44678;201300049605;13;6;1;1850;1;2;1;1.0;6;389;14, RUE DU 24 MARS 1852;;;;690
44679;201300049606;13;6;5;1735;1;2;6;1.0;3;81;00, BRETELLE 1 PORTE DU;;;;690
44680;201300049607;13;6;11;1700;1;2;1;1.0;2;389;4, QUAI PAUL SEDALLIAN;;;;690
44681;201300049608;13;6;11;2015;2;2;1;1.0;6;389;84-88, AVENUE SIDOINE AP;;;;690
44682;201300049611;13;6;14;2120;2;2;1;1.0;6;389;02, RUE PIERRE AUDRY;;;;690
44683;201300049612;13;6;15;1000;1;2;1;1.0;6;389;17, RUE LOUIS LOUCHEUR;;;;690
44684;201300049613;13;6;21;830;1;2;1;1.0;6;389;7, AVENUE DU PLATEAU;;;;690
44685;201300049614;13;6;21;830;1;2;1;1.0;6;389;26, AVENUE ROSA PARKS;;;;690
44686;201300049615;13;6;24;855;1;2;3;1.0;6;389;00, RUE DE SAINT CYR;;;;690
44687;201300049616;13;6;24;820;1;2;1;1.0;3;389;RUE DE SAINT CYR;;;;690
44688;201300049617;13;6;24;2040;2;2;1;1.0;6;389;26, AVENUE ROSA PARKS;;;;690
44689;201300049618;13;6;26;805;1;2;6;1.0;3;81;00, CHEMIN DE LA SAUVEGA;;;;690
44690;201300049619;13;6;28;1100;1;2;1;2.0;7;389;face au 6, GRANDE RUE DE;;;;690
44691;201300049620;13;7;1;1107;1;2;1;1.0;6;389;35, AVENUE SIDOINE APOLL;;;;690
44692;201300049621;13;7;1;1245;1;1;1;1.0;6;389;43, QUAI PIERRE SCIZE;;;;690
44693;201300049622;13;7;2;1848;1;1;3;8.0;3;389;2, PLACE DE PARIS;;;;690
44694;201300049624;13;7;10;150;5;2;1;1.0;6;389;11-21, MONTEE DE L OBSER;;;;690
44695;201300049625;13;7;15;1740;1;2;3;1.0;3;81;AVENUE DU PROFESSEUR PAU;;;;690
44696;201300049626;13;7;17;1030;1;2;1;8.0;6;389;119, AVENUE SIDOINE APOL;;;;690
44697;201300049627;13;7;17;1413;1;2;1;1.0;3;389;113 BIS, RUE MARIETTON;;;;690
44698;201300049628;13;7;20;2240;5;2;6;1.0;7;81;5, CHEMIN DU PLAT;;;;690
44699;201300049629;13;7;18;1120;1;2;1;2.0;2;389;55, RUE DU BOURBONNAIS;;;;690
44700;201300049630;13;8;1;100;5;2;3;1.0;3;389;AVENUE DE LA SAUVEGARDE;;;;690
44701;201300049631;13;8;1;1300;1;2;2;1.0;3;389;GRANDE RUE DE VAISE;;;;690
44702;201300049632;13;8;1;2010;1;2;1;1.0;1;389;12, RUE PIERRE TERMIER;;;;690
44703;201300049634;13;8;12;1700;1;2;1;1.0;6;389;26, AVENUE RENE CASSIN;;;;690
44704;201300049635;13;8;14;1325;1;2;1;1.0;2;389;RUE JOANNES CARRET;;;;690
44705;201300049636;13;8;22;1902;1;2;1;8.0;6;389;61 BIS, MONTEE DE L OBSE;;;;690
44706;201300049638;13;8;31;1731;1;2;2;1.0;6;389;QUAI JAYR;;;;690
44707;201300049639;13;9;5;520;5;2;1;1.0;6;389;80, AVENUE BARTHELEMY BU;;;;690
44708;201300049640;13;9;5;835;1;2;1;1.0;6;81;20, CHEMIN JEAN MARIE VI;;;;690
44709;201300049641;13;9;6;1150;1;2;1;1.0;3;389;SANS, PONT GEORGES CLEME;;;;690
44710;201300049642;13;9;18;1520;1;2;1;9.0;7;389;120, AVENUE DU 25E REGIM;;;;690
44711;201300049643;13;11;22;2100;5;2;1;1.0;6;389;24, QUAI ARLOING;;;;690
44712;201300049644;13;9;24;1650;1;2;1;1.0;2;389;SANS, PORTE DE VAISE;;;;690
44713;201300049647;13;9;29;500;5;2;1;2.0;6;389;34, RUE ROGER SALENGRO;;;;690
44714;201300049648;13;10;3;1445;1;2;1;1.0;3;81;24, AVENUE GUY DE COLLON;;;;690
44715;201300049649;13;10;11;700;5;2;1;2.0;2;389;8, RUE JOANNES CARRET;;;;690
44716;201300049650;13;10;11;1400;1;2;1;1.0;6;81;AVENUE DU PROFESSEUR PAU;;;;690
44717;201300049651;13;10;15;800;1;2;1;2.0;6;389;14, RUE LOUIS BOUQUET;;;;690
44718;201300049652;13;10;17;1600;1;2;3;1.0;3;389;110, RUE MARIETTON;;;;690
44719;201300049654;13;10;21;1800;4;2;1;1.0;6;389;7, RUE DU 24 MARS 1852;;;;690
44720;201300049655;13;10;23;1350;1;2;1;1.0;2;389;34, RUE DES DOCKS;;;;690
44721;201300049656;13;10;28;1440;1;2;1;1.0;6;81;126, RUE MARIETTON;;;;690
44722;201300049657;13;10;20;515;5;2;1;1.0;3;389;PONT GEORGES CLEMENCEAU;;;;690
44723;201300049658;13;10;29;1720;5;2;1;1.0;6;389;3, RUE FRERE BENOIT;;;;690
44724;201300049659;13;11;27;1830;5;2;2;1.0;6;389;24, RUE SAINT SIMON;;;;690
44725;201300049660;13;11;29;1735;3;2;1;1.0;6;389;AVENUE SIDOINE APOLLINAI;;;;690
44726;201300049661;13;11;30;2010;5;2;1;1.0;6;81;CHEMIN JEAN MARIE VIANNE;;;;690
44727;201300049662;13;12;6;1340;1;2;1;1.0;1;389;21, RUE SAINT SIMON;;;;690
44728;201300049663;13;12;12;900;1;2;3;5.0;3;389;RUE EMILE DUPORT;;;;690
44729;201300049664;13;12;14;250;5;2;1;5.0;6;389;40/41, QUAI PIERRE SCIZE;;;;690
44730;201300049665;13;12;17;745;2;2;1;1.0;6;81;2, AVENUE EDOUARD PAYEN;;;;690
44731;201300049666;13;12;21;1655;5;2;6;1.0;1;81;CHEMIN DU PLAT;;;;690
44732;201300049667;13;1;5;1521;1;1;1;1.0;4;144;A57;;;;830
44733;201300049668;13;1;15;905;1;1;1;2.0;7;144;A57;;;;830
44734;201300049669;13;1;25;650;5;1;1;1.0;5;137;A57;;;;830
44735;201300049670;13;1;28;1215;1;1;1;1.0;5;126;A50;;;;830
44736;201300049673;13;2;1;1600;1;1;1;1.0;4;137;A57;;;;830
44737;201300049674;13;2;5;2035;3;1;1;1.0;2;62;A57;;;;830
44738;201300049675;13;2;8;1844;5;1;1;1.0;5;137;A50;;;;830
44739;201300049676;13;2;18;1458;1;1;1;1.0;6;123;A50;;;;830
44740;201300049677;13;2;27;1415;1;1;1;1.0;2;137;A57;;;;830
44741;201300049678;13;2;28;845;1;1;1;1.0;6;123;A50;;;;830
44742;201300049679;13;2;28;2050;5;1;1;1.0;2;144;A57;;;;830
44743;201300049681;13;3;9;1505;1;1;1;1.0;5;137;A57;;;;830
44744;201300049682;13;3;18;925;1;1;1;2.0;4;144;A57;;;;830
44745;201300049683;13;3;21;2315;3;1;1;1.0;6;27;A50;;;;830
44746;201300049684;13;3;26;820;1;1;1;1.0;4;62;A570;;;;830
44747;201300049685;13;4;5;840;1;1;1;1.0;2;62;A570;;;;830
44748;201300049687;13;4;9;1800;1;1;1;1.0;2;137;A57;;;;830
44749;201300049688;13;4;16;1910;4;1;1;1.0;7;144;A57;;;;830
44750;201300049689;13;4;26;1230;1;1;1;1.0;2;28;A50*;;;;130
44751;201300049690;13;4;28;327;5;1;1;1.0;6;137;A57;;;;830
44752;201300049691;13;5;15;1430;1;1;1;1.0;2;137;A50;;;;830
44753;201300049692;13;5;22;1915;1;1;1;1.0;4;137;A50;;;;830
44754;201300049693;13;5;22;1900;1;1;1;1.0;4;137;RN1050;;;;830
44755;201300049694;13;5;30;1555;1;1;1;1.0;2;137;A57;;;;830
44756;201300049695;13;6;10;10;4;1;1;1.0;6;90;A50;M;0.0;0.0;830
44757;201300049696;13;6;13;830;1;1;1;1.0;2;137;A57;M;0.0;0.0;830
44758;201300049697;13;6;24;740;1;1;1;1.0;4;144;A57;M;0.0;0.0;830
44759;201300049698;13;6;24;1840;1;1;1;1.0;3;35;A50;;;;830
44760;201300049700;13;7;14;2330;5;1;9;1.0;3;137;A50;;;;830
44761;201300049701;13;7;15;33;4;1;1;1.0;6;137;A50;;;;830
44762;201300049702;13;7;19;1620;1;1;1;1.0;2;137;A57;M;0.0;0.0;830
44763;201300049703;13;8;2;1830;1;1;1;1.0;4;69;RN98;;;;830
44764;201300049704;13;8;4;2000;1;1;1;1.0;7;35;A50;M;0.0;0.0;830
44765;201300049705;13;9;7;551;5;1;1;1.0;2;137;A50;;;;830
44766;201300049706;13;9;7;2350;3;1;1;2.0;6;35;A50;;;;830
44767;201300049707;13;9;11;724;1;1;1;1.0;7;69;RN98;M;0.0;0.0;830
44768;201300049708;13;9;11;735;1;1;1;1.0;3;137;A57;M;0.0;0.0;830
44769;201300049709;13;9;17;1745;1;1;1;1.0;5;137;A57;M;0.0;0.0;830
44770;201300049710;13;9;21;2350;3;1;1;1.0;6;27;A50;M;0.0;0.0;830
44771;201300049711;13;9;22;40;5;1;1;1.0;2;137;A50;M;0.0;0.0;830
44772;201300049712;13;9;25;1650;1;1;1;1.0;2;126;A50;M;0.0;0.0;830
44773;201300049713;13;9;29;115;3;1;1;1.0;6;69;A570;;;;830
44774;201300049714;13;9;30;2110;3;1;1;1.0;5;90;A50;M;0.0;0.0;830
44775;201300049715;13;10;4;1340;1;1;1;1.0;3;137;A50;M;0.0;0.0;830
44776;201300049716;13;10;6;1834;1;1;1;1.0;3;23;A50;;;;130
44777;201300049717;13;10;12;1552;1;1;1;1.0;4;137;A50;M;0.0;0.0;830
44778;201300049718;13;10;12;1955;5;1;1;1.0;2;137;A50;M;0.0;0.0;830
44779;201300049719;13;10;18;605;5;1;1;1.0;6;144;A57;;;;830
44780;201300049720;13;10;29;1720;1;1;1;2.0;2;137;A57;M;0.0;0.0;830
44781;201300049721;13;10;30;1840;3;1;1;1.0;5;144;A57;M;0.0;0.0;830
44782;201300049723;13;11;1;105;5;1;1;1.0;3;137;A57;;;;830
44783;201300049725;13;11;2;1725;2;1;1;1.0;6;27;A50;M;0.0;0.0;830
44784;201300049726;13;11;4;724;1;1;1;2.0;2;137;A50 Voies d'accs au tun;;;;830
44785;201300049727;13;11;15;1425;1;1;1;1.0;4;137;A57;M;0.0;0.0;830
44786;201300049728;13;11;16;700;3;1;4;1.0;6;62;A570;;;;830
44787;201300049729;13;11;18;630;3;1;1;3.0;7;28;A50;;;;130
44788;201300049730;13;11;18;835;1;1;1;2.0;7;144;A57;M;0.0;0.0;830
44789;201300049731;13;11;20;1955;3;1;1;8.0;5;137;A50;M;0.0;0.0;830
44790;201300049732;13;11;27;1745;3;1;1;1.0;3;126;A50;M;0.0;0.0;830
44791;201300049733;13;12;13;2200;3;1;1;1.0;2;137;A50;;;;830
44792;201300049734;13;12;19;1730;1;1;1;2.0;4;144;A57;M;0.0;0.0;830
44793;201300049735;13;12;23;2055;4;1;1;8.0;5;144;A57;M;0.0;0.0;830
44794;201300049736;13;12;26;1810;5;1;1;6.0;2;137;A50;M;0.0;0.0;830
44795;201300049737;13;12;30;1625;1;1;1;1.0;4;137;A57;M;0.0;0.0;830
44796;201300049738;13;1;5;955;1;1;1;1.0;6;117;A7-Sens Marseille vers L;;;;130
44797;201300049739;13;1;6;820;1;1;1;1.0;6;211;A50-Sens Aubagne vers Ma;;;;130
44798;201300049740;13;1;8;940;1;1;1;1.0;2;1;A51-Sens Aix en Provence;;;;130
44799;201300049742;13;1;8;1830;3;1;1;1.0;4;56;A55-Sens Marseille vers;;;;130
44800;201300049743;13;1;9;1517;1;1;1;1.0;2;26;A55-Sens Martigues vers;;;;130
44801;201300049744;13;1;10;1640;1;1;1;1.0;6;215;A7-Sens Lyon vers Marsei;;;;130
44802;201300049746;13;1;13;10;5;1;1;2.0;7;202;TVPCM-Sens Saint Victor;;;;130
44803;201300049747;13;1;8;1230;1;1;1;1.0;2;81;A7-Sens Marseille vers L;;;;130
44804;201300049748;13;1;14;1215;1;1;1;1.0;6;56;A55-Sens Marseille vers;;;;130
44805;201300049749;13;1;14;1610;1;1;1;1.0;6;202;A55-Sens Marseille vers;;;;130
44806;201300049750;13;1;15;1330;1;1;1;1.0;4;215;A7-Sens Lyon vers Marsei;;;;130
44807;201300049751;13;1;17;1920;3;1;1;1.0;5;71;A7-Sens Lyon vers Marsei;;;;130
44808;201300049753;13;1;20;920;1;1;1;4.0;2;215;A7-Sens Lyon vers Marsei;;;;130
44809;201300049754;13;1;20;1450;1;1;1;1.0;2;71;A51-Sens Marseille vers;;;;130
44810;201300049755;13;1;21;1700;1;1;1;1.0;2;210;S10CM-Sens Marseille ver;;;;130
44811;201300049756;13;1;21;1920;3;1;1;1.0;2;202;A55-Sens Marseille vers;;;;130
44812;201300049757;13;12;27;1410;1;1;1;1.0;6;71;A55-Sens Martigues vers;;;;130
44813;201300049758;13;1;23;1455;1;1;1;2.0;6;106;A7-Sens Marseille vers L;;;;130
44814;201300049759;13;1;25;1648;1;1;1;1.0;6;71;A7-Sens Marseille vers L;;;;130
44815;201300049760;13;1;25;835;3;1;1;1.0;2;15;A51-Sens Marseille vers;;;;130
44816;201300049761;13;1;26;1930;3;1;1;1.0;2;210;A50-Sens Marseille vers;;;;130
44817;201300049762;13;1;27;10;3;1;1;1.0;4;71;A55 - Sens Marseille ver;;;;130
44818;201300049763;13;1;27;1750;4;1;1;1.0;4;203;A7-Sens Lyon vers Marsei;;;;130
44819;201300049764;13;1;28;1950;3;1;1;1.0;2;215;A7-Sens Marseille vers L;;;;130
44820;201300049765;13;1;31;720;2;1;1;1.0;2;215;A7-Sens Marseille vers L;;;;130
44821;201300049766;13;2;3;2230;3;1;1;1.0;7;216;A55-Sens Martigues vers;;;;130
44822;201300049767;13;1;29;1400;1;1;1;1.0;7;214;A7-Sens Marseille vers L;;;;130
44823;201300049768;13;2;5;945;1;1;1;1.0;6;214;A7-Sens Marseille*vers L;;;;130
44824;201300049769;13;2;6;1640;1;1;1;1.0;7;33;A55-Sens Martigues vers;;;;130
44825;201300049770;13;2;7;655;3;1;1;1.0;2;215;A55-Sens Martigues vers;;;;130
44826;201300049771;13;2;7;1430;1;1;1;1.0;2;71;A55 - Sens Marseille ver;;;;130
44827;201300049772;13;2;8;1040;1;1;1;1.0;3;5;A50 - Sens Aubagne *vers;;;;130
44828;201300049773;13;2;9;1340;1;1;1;1.0;3;5;A50-Sens Marseille vers;;;;130
44829;201300049775;13;2;10;420;3;1;1;1.0;5;215;A7-Sens Marseille vers L;;;;130
44830;201300049777;13;2;15;1200;1;1;1;1.0;6;210;S10CM-Sens Marseille ver;;;;130
44831;201300049778;13;2;15;1300;1;1;1;1.0;2;202;Tunnel Joliette vers A.5;;;;130
44832;201300049779;13;2;19;1415;1;1;1;1.0;5;215;A7-Sens Marseille vers L;;;;130
44833;201300049780;13;2;19;1445;1;1;1;1.0;2;215;A7-Sens Marseille*vers L;;;;130
44834;201300049781;13;2;20;1715;1;1;1;1.0;2;56;A55-Sens Marseille vers;;;;130
44835;201300049782;13;2;20;1805;1;1;1;1.0;5;56;A55-Sens Marseille*vers;;;;130
44836;201300049783;13;2;22;2235;3;1;1;1.0;7;211;A50-Sens Marseille*vers;;;;130
44837;201300049784;13;2;25;710;1;1;1;1.0;7;5;A52-Sens Toulon vers Pon;;;;130
44838;201300049785;13;2;26;245;3;1;1;1.0;6;26;A55-Sens Marseille vers;;;;130
44839;201300049786;13;2;26;850;1;1;1;1.0;5;5;A50 - Sens Aubagne vers;;;;130
44840;201300049787;13;2;26;2330;3;1;1;1.0;5;71;A51-Sens*Aix en Provence;;;;130
44841;201300049788;13;2;27;1835;5;1;1;1.0;4;211;A50-Sens Aubagne vers Ma;;;;130
44842;201300049789;13;2;28;35;3;1;1;1.0;2;5;A50-Sens Marseille*vers;;;;130
44843;201300049790;13;3;2;300;5;1;1;1.0;7;207;Tunnel Prado Car?nage;;;;130
44844;201300049791;13;3;3;2300;3;1;1;1.0;2;15;A51-Sens Aix en*Provence;;;;130
44845;201300049793;13;3;7;810;1;1;1;2.0;7;215;A55-Sens*Marseille vers;;;;130
44846;201300049794;13;3;9;510;3;1;1;2.0;6;22;A50-Sens Aubagne*vers To;;;;130
44847;201300049795;13;3;10;610;2;1;1;1.0;2;117;A7-Sens Lyon vers*Marsei;;;;130
44848;201300049796;13;3;13;725;1;1;1;1.0;4;71;A7-Sens Marseille vers L;;;;130
44849;201300049797;13;3;13;715;1;1;1;1.0;2;202;A55-Sens Martigues vers;;;;130
44850;201300049798;13;3;14;830;1;1;1;1.0;6;215;A7-Sens Lyon versMarsei;;;;130
44851;201300049799;13;3;15;900;1;1;1;6.0;6;22;A50-Sens Toulon vers Aub;;;;130
44852;201300049800;13;3;15;905;5;1;1;1.0;2;207;Tunnel Prado Car?nage;;;;130
44853;201300049801;13;3;16;2113;3;1;1;2.0;5;19;A51-SensMarseille vers;;;;130
44854;201300049802;13;3;18;910;1;1;1;1.0;6;5;A502-Sens Aubagne*vers T;;;;130
44855;201300049803;13;3;20;1745;1;1;1;1.0;6;56;A55-Sens Martigues*vers;;;;130
44856;201300049804;13;3;21;1445;1;1;1;1.0;4;71;A7-Sens Lyon vers*Marsei;;;;130
44857;201300049805;13;3;22;1700;1;1;1;1.0;2;210;Sens Marseille vers Auba;;;;130
44858;201300049806;13;3;25;200;3;1;1;2.0;6;215;A55-Sens Marseille*vers;;;;130
44859;201300049807;13;3;29;1030;1;1;1;1.0;6;5;A52-Sens Pont de l'Etoil;;;;130
44860;201300049808;13;4;2;845;1;1;1;8.0;4;211;A50-Sens Aubagne*vers Ma;;;;130
44861;201300049809;13;4;1;2215;3;1;1;2.0;2;5;A50-Sens Aubagne*vers Ma;;;;130
44862;201300049810;13;4;2;1705;1;1;1;1.0;2;5;A50-Sens Marseille*vers;;;;130
44863;201300049811;13;3;29;1045;1;1;1;2.0;2;215;A7-Sens Lyon vers Marsei;;;;130
44864;201300049812;13;4;5;1925;1;1;1;1.0;2;211;A50-Sens Aubagne*vers Ma;;;;130
44865;201300049813;13;4;10;100;3;1;1;1.0;6;210;A50-Sens Aubagne vers Ma;;;;130
44866;201300049814;13;4;11;1815;1;1;1;1.0;4;211;A50-Sens Aubagne vers Ma;;;;130
44867;201300049815;13;4;12;1800;1;1;1;1.0;6;70;A50-Sens Marseille vers;;;;130
44868;201300049816;13;4;14;930;1;1;1;1.0;6;117;A7-Sens Marseille vers L;;;;130
44869;201300049817;13;4;14;1830;1;1;1;1.0;4;85;A50-Sens Toulon vers Aub;;;;130
44870;201300049818;13;4;15;1735;1;1;1;1.0;4;71;A7-Sens Marseille vers L;;;;130
44871;201300049819;13;4;16;2000;2;1;1;1.0;2;202;TVPCD-Sens Les Ports ver;;;;130
44872;201300049820;13;4;23;1910;1;1;1;1.0;4;214;A7-Sens Lyon*vers Marsei;;;;130
44873;201300049821;13;5;2;1345;1;1;1;1.0;2;5;A50 - Sens Aubagne*vers;;;;130
44874;201300049822;13;5;6;2130;1;1;1;1.0;2;106;A51-SensAix en*Provence;;;;130
44875;201300049823;13;5;7;1215;1;1;1;1.0;2;211;A50-Sens Aubagne vers*Ma;;;;130
44876;201300049824;13;5;6;1615;1;1;1;1.0;4;211;A50-Sens*Aubagne vers Ma;;;;130
44877;201300049825;13;5;8;515;3;1;1;1.0;7;117;A7-Sens Marseille*vers L;;;;130
44878;201300049826;13;5;7;1025;1;1;1;1.0;2;56;A55-Sens Martigues*vers;;;;130