;Num_Acc;an;mois;jour;hrmn;lum;agg;int;atm;col;com;adr;gps;lat;long;dep
44879;201300049827;13;5;9;1910;1;1;1;1.0;7;88;A55-SensMartigues*vers;;;;130
44880;201300049828;13;5;12;235;3;1;1;1.0;6;202;A55-Sens Marseille*vers;;;;130
44881;201300049829;13;5;12;500;3;1;1;1.0;2;117;A7-Sens Marseille vers*L;;;;130
44882;201300049830;13;5;12;1745;1;1;1;1.0;2;19;A51-Sens Aix en*Provence;;;;130
44883;201300049831;13;5;14;806;1;1;1;1.0;3;15;A51-Sens Aix en Provence;;;;130
44884;201300049832;13;5;14;930;1;1;1;1.0;7;214;A7-Sens Lyon vers Marsei;;;;130
44885;201300049833;13;5;15;305;3;1;1;2.0;3;15;A51-Sens Marseille vers;;;;130
44886;201300049834;13;5;15;1335;1;1;1;1.0;2;33;A55-SENS MARTIGUES/MARSE;;;;130
44887;201300049835;13;5;15;2035;2;1;1;2.0;6;216;A55-Sens Marseille vers;;;;130
44888;201300049836;13;5;16;730;1;1;1;2.0;2;215;A7-Sens Marseille vers L;;;;130
44889;201300049837;13;5;16;1730;1;1;1;2.0;7;5;A52-Sens Toulon vers*Pon;;;;130
44890;201300049838;13;5;17;1635;1;1;1;1.0;2;117;A7-Sens Marseille*vers L;;;;130
44891;201300049839;13;5;17;1925;1;1;1;1.0;2;71;A7-Sens Marseille vers L;;;;130
44892;201300049840;13;5;22;1625;1;1;1;1.0;6;202;TVPCD-Sens Les Ports ver;;;;130
44893;201300049841;13;5;23;838;1;1;1;1.0;5;117;A7-Sens Lyon vers Marsei;;;;130
44894;201300049842;13;5;24;1835;1;1;1;1.0;2;214;A7-Sens Lyon vers Marsei;;;;130
44895;201300049843;13;3;5;25;3;1;1;1.0;4;216;A55-Sens*Martigues vers;;;;130
44896;201300049844;13;5;28;1655;1;1;1;1.0;6;56;A55-Sens Martigues vers;;;;130
44897;201300049845;13;5;29;1355;1;1;1;1.0;3;214;A7-Sens Lyon vers Marsei;;;;130
44898;201300049846;13;5;29;1505;1;1;1;1.0;7;43;A55-SensMarseille vers;;;;130
44899;201300049847;13;5;29;1750;1;1;1;1.0;2;71;A7-Sens Lyon vers Marsei;;;;130
44900;201300049848;13;5;29;455;2;1;1;1.0;3;215;A7-Sens Marseille vers L;;;;130
44901;201300049849;13;5;31;730;2;1;1;1.0;6;71;A7-Sens Lyon versMarsei;;;;130
44902;201300049850;13;6;2;1900;1;1;1;1.0;3;5;A50-Sens Aubagne vers*Ma;;;;130
44903;201300049851;13;6;3;830;1;1;1;1.0;2;202;TVPCM-Sens Saint Victor;;;;130
44904;201300049852;13;6;4;1230;1;1;1;1.0;6;211;A50-Sens Marseille*vers;;;;130
44905;201300049853;13;6;5;1720;1;1;1;1.0;2;211;A50-Sens Aubagne vers*Ma;;;;130
44906;201300049854;13;6;7;900;1;1;1;1.0;2;210;A50-Sens Aubagne vers*Ma;;;;130
44907;201300049855;13;6;9;45;3;1;1;1.0;2;15;A51-Sens Marseille*vers;;;;130
44908;201300049856;13;6;10;1442;1;1;1;1.0;4;215;A7-Sens Lyon vers*Marsei;;;;130
44909;201300049857;13;6;12;1358;1;1;1;1.0;5;19;A51-Sens Aix en$Provence;;;;130
44910;201300049858;13;6;12;1930;1;1;1;1.0;4;71;A7-Sens Lyon vers*Marsei;;;;130
44911;201300049861;13;5;27;840;1;1;1;1.0;2;1;A51-Sens Aix en Provence;;;;130
44912;201300049862;13;6;15;1800;1;1;1;1.0;5;71;A7-Sens Lyon vers*Marsei;;;;130
44913;201300049863;13;6;11;1825;1;1;1;1.0;2;211;A50-Sens Marseille*vers;;;;130
44914;201300049864;13;6;15;2150;3;1;1;1.0;2;71;A7-Sens Lyon vers*Marsei;;;;130
44915;201300049865;13;6;15;2315;3;1;1;1.0;3;5;A50 - Sens Aubagne*vers;;;;130
44916;201300049866;13;6;17;840;1;1;1;1.0;4;203;A7-Sens Lyon vers*Marsei;;;;130
44917;201300049867;13;6;17;1930;1;1;1;1.0;6;71;A55-Sens*Martigues vers;;;;130
44918;201300049868;13;6;18;820;1;1;1;1.0;4;71;A7-Sens Marseille vers*L;;;;130
44919;201300049869;13;6;18;900;1;1;1;1.0;1;214;A7-Sens Marseille*vers L;;;;130
44920;201300049870;13;6;20;1245;1;1;1;1.0;6;71;A7-Sens Lyon vers*Marsei;;;;130
44921;201300049871;13;6;21;800;1;1;1;1.0;7;15;A51-Sens Aix en*Provence;;;;130
44922;201300049872;13;6;22;115;3;1;1;1.0;2;5;A50-Sens Marseille*vers;;;;130
44923;201300049873;13;6;22;1930;1;1;1;1.0;2;207;Tunnel Prado Car?nage;;;;130
44924;201300049874;13;6;18;1310;1;1;1;1.0;3;202;Tunnel Joliette vers A.5;;;;130
44925;201300049875;13;6;24;1940;1;1;1;1.0;3;85;A50-Sens Aubagne vers*To;;;;130
44926;201300049877;13;6;25;750;1;1;1;1.0;4;210;S10CD-Sens Aubagne vers;;;;130
44927;201300049878;13;6;26;1500;1;1;1;1.0;2;211;A50-Sens Aubagne vers Ma;;;;130
44928;201300049879;13;6;27;1615;1;1;1;1.0;2;71;A7-Sens Marseille vers*L;;;;130
44929;201300049880;13;6;28;1600;1;1;1;1.0;2;5;A50-Sens*Marseille vers;;;;130
44930;201300049881;13;6;29;340;3;1;1;1.0;4;215;A7-Sens*Marseille vers L;;;;130
44931;201300049882;13;6;30;145;3;1;1;1.0;6;216;A55-Sens*Marseille vers;;;;130
44932;201300049883;13;7;1;905;1;1;1;1.0;2;71;A7-Sens Lyon*vers Marsei;;;;130
44933;201300049884;13;7;1;1720;1;1;1;1.0;7;211;A50- Sens Marseille vers;;;;130
44934;201300049885;13;7;2;450;3;1;1;1.0;3;71;A7-Sens Lyon vers*Marsei;;;;130
44935;201300049886;13;7;2;815;1;1;1;1.0;4;71;A7-Sens Lyon vers*Marsei;;;;130
44936;201300049887;13;7;3;1519;1;1;1;1.0;4;19;A51-Sens Aix en*Provence;;;;130
44937;201300049888;13;7;4;1640;1;1;1;1.0;3;22;A50-Sens Aubagne vers*To;;;;130
44938;201300049889;13;7;4;1750;1;1;1;1.0;4;215;A55- Sens Martigues vers;;;;130
44939;201300049891;13;7;6;1148;1;1;1;1.0;2;215;A7-Sens Marseille vers L;;;;130
44940;201300049892;13;7;4;1923;1;1;1;1.0;4;214;A7-Sens Lyon vers*Marsei;;;;130
44941;201300049893;13;7;7;1135;1;1;1;1.0;7;56;A55-Sens Martigues vers;;;;130
44942;201300049894;13;7;8;850;1;1;1;1.0;4;214;A7-Sens Lyon vers Marsei;;;;130
44943;201300049895;13;7;12;655;2;1;1;1.0;7;1;A51-Sens*Marseille vers;;;;130
44944;201300049897;13;7;13;1345;1;1;1;1.0;4;5;A50-Sens*Aubagne vers Ma;;;;130
44945;201300049898;13;7;13;2200;5;1;1;1.0;2;211;A50-Sens Marseille vers;;;;130
44946;201300049899;13;7;15;1403;1;1;1;1.0;2;71;A55 - Sens Marseille*ver;;;;130
44947;201300049900;13;7;16;2315;3;1;1;1.0;7;117;A7-Sens Lyon vers*Marsei;;;;130
44948;201300049901;13;7;16;2000;1;1;1;1.0;7;71;A55-Sens Martigues*vers;;;;130
44949;201300049902;13;7;19;1510;1;1;1;1.0;7;1;A51-Sens Aix en*Provence;;;;130
44950;201300049903;13;7;19;1735;1;1;1;1.0;7;106;A7-Sens Marseille ver* L;;;;130
44951;201300049904;13;7;19;1745;1;1;1;1.0;5;214;A7-Sens Lyon vers$Marsei;;;;130
44952;201300049905;13;7;22;515;3;1;1;1.0;7;81;A7-Sens Marseillevers L;;;;130
44953;201300049906;13;7;22;910;1;1;1;1.0;6;106;A7-Sens Lyon versMarsei;;;;130
44954;201300049907;13;7;22;1840;1;1;1;1.0;2;106;A7-Sens Marseillevers L;;;;130
44955;201300049908;13;7;23;945;1;1;1;1.0;2;1;A51- Sens Marseille vers;;;;130
44956;201300049909;13;7;25;1535;1;1;1;1.0;5;5;A50-Sens Marseille*vers;;;;130
44957;201300049910;13;7;24;1800;1;1;1;1.0;4;214;A7-Sens Lyon vers*Marsei;;;;130
44958;201300049911;13;7;29;503;3;1;1;3.0;6;117;A7-Sens Lyon versMarsei;;;;130
44959;201300049912;13;7;28;110;3;1;1;1.0;7;211;A50-Sens Aubagne vers Ma;;;;130
44960;201300049913;13;7;29;1900;1;1;1;1.0;2;211;A50-Sens Aubagne vers*Ma;;;;130
44961;201300049914;13;7;31;400;5;1;1;1.0;2;215;A7-Sens Marseillevers L;;;;130
44962;201300049917;13;8;3;515;3;1;1;1.0;7;71;A7-Sens Lyon vers*Marsei;;;;130
44963;201300049918;13;8;5;1000;1;1;1;1.0;7;106;A51-Sens Aix en*Provence;;;;130
44964;201300049919;13;8;5;1850;1;1;1;1.0;4;71;A7-Sens Lyon vers*Marsei;;;;130
44965;201300049921;13;8;7;1;3;1;1;1.0;2;214;A7-Sens Marseille vers*L;;;;130
44966;201300049922;13;7;31;1815;1;1;1;1.0;2;71;A7-Sens Lyon vers*Marsei;;;;130
44967;201300049923;13;8;8;1540;1;1;1;1.0;3;202;TVPCM-Sens Saint Victor;;;;130
44968;201300049924;13;8;8;1522;1;1;1;1.0;4;71;A7-Sens Marseille vers*L;;;;130
44969;201300049926;13;8;10;730;1;1;1;1.0;7;211;A50-Sens Aubagne vers*Ma;;;;130
44970;201300049927;13;8;10;1730;1;1;1;1.0;7;70;A50-Sens Aubagne vers*Ma;;;;130
44971;201300049928;13;8;11;1950;1;1;1;1.0;6;215;A7-Sens Lyon vers*Marsei;;;;130
44972;201300049929;13;8;14;740;1;1;1;1.0;2;210;A50-Sens Aubagne vers*Ma;;;;130
44973;201300049930;13;8;14;1213;1;1;1;1.0;5;71;A7-Sens Marseille vers*L;;;;130
44974;201300049933;13;8;18;1200;1;1;1;1.0;7;33;A55-Sens Martigues*vers;;;;130
44975;201300049934;13;8;19;1340;1;1;1;1.0;7;207;Tunnel Prado Carnage;;;;130
44976;201300049935;13;8;20;1021;1;1;1;1.0;2;202;A55-Sens Martigues*vers;;;;130
44977;201300049936;13;8;21;1935;1;1;1;1.0;2;56;A55-Sens*Marseille vers;;;;130
44978;201300049937;13;8;23;2110;3;1;1;1.0;7;70;A50-Sens Marseille*vers;;;;130
44979;201300049938;13;8;26;750;1;1;1;1.0;2;22;A50-Sens Toulon vers*Aub;;;;130
44980;201300049939;13;7;7;1400;1;1;1;1.0;2;33;A55-Sens Marseille vers;;;;130
44981;201300049940;13;8;23;1700;3;1;1;1.0;3;202;TVPCD-Sens Les Ports ver;;;;130
44982;201300049941;13;8;27;1951;1;1;1;1.0;6;203;A557-Liaison A7*Marseill;;;;130
44983;201300049943;13;8;28;1600;1;1;1;1.0;4;211;A50-Sens Marseille*vers;;;;130
44984;201300049944;13;8;29;2240;3;1;1;1.0;7;206;Tunnel Prado Carnage;;;;130
44985;201300049945;13;8;30;1115;1;1;1;1.0;5;5;A50 - Sens Aubagne*vers;;;;130
44986;201300049946;13;9;3;2105;5;1;1;1.0;7;211;A50-Sens Aubagne vers Ma;;;;130
44987;201300049947;13;9;4;1115;1;1;1;1.0;6;22;A50-Sens Toulon vers Aub;;;;130
44988;201300049948;13;9;5;740;1;1;1;1.0;4;214;A7-Sens Lyon vers Marsei;;;;130
44989;201300049949;13;9;8;745;1;1;1;1.0;6;19;A51-Sens Aix en Provence;;;;130
44990;201300049950;13;9;10;850;1;1;1;1.0;6;203;A7-Sens Lyon vers Marsei;;;;130
44991;201300049951;13;9;10;1700;1;1;1;1.0;4;211;A50-Sens Marseille vers;;;;130
44992;201300049952;13;9;12;1310;1;1;1;1.0;2;215;A7-Sens Marseille vers L;;;;130
44993;201300049953;13;9;12;1823;1;1;1;1.0;2;215;A7-Sens Lyon vers Marsei;;;;130
44994;201300049954;13;9;13;600;5;1;1;1.0;7;211;A50-Sens Aubagne vers Ma;;;;130
44995;201300049955;13;9;13;630;2;1;1;1.0;6;71;F4-Sens Vieux Port vers;;;;130
44996;201300049956;13;9;15;1542;1;1;1;1.0;2;19;A51-Sens Aix en Provence;;;;130
44997;201300049957;13;9;15;2010;3;1;1;1.0;7;26;A55-Sens Marseille vers;;;;130
44998;201300049959;13;9;16;752;1;1;1;1.0;5;117;A7-Sens Lyon vers Marsei;;;;130
44999;201300049960;13;9;16;2300;3;1;1;1.0;7;85;A50-Sens Aubagne vers To;;;;130
45000;201300049961;13;9;17;1200;1;1;1;1.0;2;210;A50-Sens Marseille vers;;;;130
45001;201300049962;13;9;17;1945;2;1;1;1.0;6;5;A52-Sens Toulon vers Pon;;;;130
45002;201300049963;13;9;18;1115;1;1;1;1.0;5;1;A51-Sens Marseille vers;;;;130
45003;201300049964;13;9;19;750;1;1;1;1.0;5;211;A50-Sens Aubagne vers Ma;;;;130
45004;201300049965;13;9;20;1145;1;1;1;1.0;6;211;A50-Sens Aubagne vers Ma;;;;130
45005;201300049966;13;9;20;1600;1;1;1;1.0;6;5;A50-Sens Aubagne vers Ma;;;;130
45006;201300049967;13;9;21;611;3;1;1;1.0;5;33;A55-SENS MARTIGUES/MARSE;;;;130
45007;201300049968;13;9;16;1430;1;1;1;1.0;2;211;A50-Sens Aubagne vers Ma;;;;130
45008;201300049970;13;9;22;1915;1;1;1;1.0;2;28;A50-Sens Toulon vers Aub;;;;130
45009;201300049971;13;9;23;2355;3;1;1;1.0;7;117;A7-Sens Lyon vers Marsei;;;;130
45010;201300049972;13;9;24;1930;1;1;1;1.0;2;71;A51-Sens Aix en Provence;;;;130
45011;201300049974;13;9;26;2110;2;1;1;1.0;6;71;A51-Sens Marseille vers;;;;130
45012;201300049977;13;9;29;1135;1;1;1;3.0;7;5;A50 - Sens Aubagne vers;;;;130
45013;201300049978;13;9;30;1905;1;1;1;1.0;4;211;A50-Sens Marseille vers;;;;130
45014;201300049979;13;9;26;830;1;1;1;1.0;4;15;A51-Sens Marseille vers;;;;130
45015;201300049980;13;10;1;1632;1;1;1;1.0;4;214;A7-Sens Lyon vers Marsei;;;;130
45016;201300049981;13;9;19;1115;1;1;1;1.0;6;5;A52-Sens Pont de l'Etoil;;;;130
45017;201300049982;13;10;4;2000;3;1;1;1.0;7;81;A7-Sens Marseille vers L;;;;130
45018;201300049983;13;10;4;2345;3;1;1;2.0;7;28;A50-Sens Toulon vers Aub;;;;130
45019;201300049985;13;10;5;945;1;1;1;8.0;6;202;Axe Littoral Sens Nord -;;;;130
45020;201300049986;13;10;6;1615;1;1;1;1.0;2;203;A7-Sens Lyon vers Marsei;;;;130
45021;201300049988;13;10;4;1640;1;1;1;1.0;2;71;A7-Sens Marseille vers L;;;;130
45022;201300049989;13;10;8;1030;1;1;1;1.0;6;215;A7-Sens Lyon vers Marsei;;;;130
45023;201300049990;13;10;10;730;2;1;1;1.0;2;22;A50-Sens Aubagne vers To;;;;130
45024;201300049991;13;10;10;1815;1;1;1;1.0;2;71;A7-Sens Marseille vers L;;;;130
45025;201300049992;13;10;11;2100;3;1;1;1.0;2;106;A7-Sens Lyon vers Marsei;;;;130
45026;201300049993;13;10;12;1610;1;1;1;1.0;2;71;A7-Sens Marseille vers L;;;;130
45027;201300049994;13;10;13;650;3;1;1;1.0;6;117;A7-Sens Lyon vers Marsei;;;;130
45028;201300049995;13;10;16;1135;1;1;1;1.0;2;215;A7-Sens Marseille vers L;;;;130
45029;201300049997;13;10;18;1000;1;1;1;1.0;5;1;A51-Sens Marseille vers;;;;130
45030;201300049998;13;10;18;1535;1;1;1;1.0;3;5;A501-Sens Aubagne vers P;;;;130
45031;201300049999;13;10;19;1845;4;1;1;1.0;4;211;A50-Sens Aubagne vers Ma;;;;130
45032;201300050000;13;10;20;1725;1;1;1;1.0;7;15;A51-Sens Marseille vers;;;;130
45033;201300050001;13;10;21;900;1;1;1;1.0;2;215;A7-Sens Lyon vers Marsei;;;;130
45034;201300050002;13;10;22;1235;1;1;1;1.0;2;202;Tunnel Joliette vers A.5;;;;130
45035;201300050003;13;10;22;1230;1;1;1;1.0;4;1;A51-Sens Aix en Provence;;;;130
45036;201300050004;13;10;23;1930;3;1;1;8.0;7;85;A50-Sens Toulon vers Aub;;;;130
45037;201300050005;13;10;24;2130;3;1;1;1.0;2;211;A50-Sens Aubagne vers Ma;;;;130
45038;201300050006;13;10;26;617;4;1;1;1.0;5;211;A50-Sens Aubagne vers Ma;;;;130
45039;201300050008;13;10;29;1245;1;1;1;2.0;6;85;A50-Sens Aubagne vers To;;;;130
45040;201300050010;13;10;31;1130;1;1;1;1.0;6;56;A55-Sens Martigues vers;;;;130
45041;201300050011;13;11;3;2230;5;1;1;1.0;7;214;A7-Sens Lyon vers*Marsei;;;;130
45042;201300050012;13;11;4;920;1;1;1;2.0;6;215;A55-Sens Marseille*vers;;;;130
45043;201300050013;13;11;4;923;1;1;1;2.0;7;206;Tunnel Prado Carenage;;;;130
45044;201300050014;13;11;5;510;3;1;1;1.0;6;85;A50-Sens Toulon vers*Aub;;;;130
45045;201300050015;13;11;8;1530;1;1;1;1.0;3;214;A7-Sens Marseille vers*L;;;;130
45046;201300050017;13;11;10;1215;1;1;1;2.0;1;33;A55-Sens Marseille*vers;;;;130
45047;201300050018;13;11;10;415;3;1;1;1.0;2;43;A55-Sens Marseille*vers;;;;130
45048;201300050019;13;11;12;1110;1;1;1;1.0;4;56;A55-Sens Martigues*vers;;;;130
45049;201300050020;13;11;13;1045;1;1;1;1.0;2;5;A50-Sens Aubagne vers Ma;;;;130
45050;201300050021;13;11;13;1150;1;1;1;1.0;2;5;A502-Sens Aubagne vers T;;;;130
45051;201300050022;13;11;15;1045;1;1;1;1.0;6;85;A50-Sens Toulon vers Aub;;;;130
45052;201300050023;13;11;16;2245;3;1;1;1.0;2;117;A7-Sens Lyon vers Marsei;;;;130
45053;201300050024;13;11;17;640;3;1;1;2.0;2;5;A50-Sens Marseille vers;;;;130
45054;201300050025;13;11;17;1410;1;1;1;1.0;2;71;A55 - Sens Marseille ver;;;;130
45055;201300050026;13;11;18;550;3;1;1;1.0;6;211;A50-Sens Aubagne vers Ma;;;;130
45056;201300050027;13;11;18;1830;3;1;1;8.0;6;215;A7-Sens Lyon vers Marsei;;;;130
45057;201300050029;13;11;19;750;1;1;1;8.0;5;216;A55-Sens Marseille vers;;;;130
45058;201300050030;13;11;20;2310;5;1;1;1.0;2;71;A55-Sens Martigues vers;;;;130
45059;201300050031;13;11;24;700;3;1;1;1.0;3;211;A50-Sens Marseille vers;;;;130
45060;201300050032;13;11;18;1300;1;1;1;2.0;6;56;A55-Sens Martigues vers;;;;130
45061;201300050033;13;11;25;853;1;1;1;1.0;2;215;A7-Sens Lyon vers Marsei;;;;130
45062;201300050034;13;11;21;1645;1;1;1;1.0;2;81;A7-Sens Marseille vers L;;;;130
45063;201300050035;13;11;28;920;1;1;1;1.0;4;70;A50-Sens Aubagne vers Ma;;;;130
45064;201300050036;13;12;1;1550;1;1;1;1.0;3;106;A7-Sens Marseille vers L;;;;130
45065;201300050037;13;12;4;1140;1;1;1;1.0;4;211;A50-Sens Aubagne vers Ma;;;;130
45066;201300050038;13;12;5;625;3;1;1;1.0;2;26;A55-Sens Marseille vers;;;;130
45067;201300050039;13;12;5;615;3;1;1;1.0;5;26;A55-Sens Marseille vers;;;;130
45068;201300050040;13;12;5;1150;1;1;1;1.0;2;5;A50-Sens Aubagne vers Ma;;;;130
45069;201300050042;13;12;7;720;2;1;1;1.0;6;5;A50 - Sens Aubagne vers;;;;130
45070;201300050043;13;12;8;1325;1;1;1;1.0;2;15;A51-Sens Marseille vers;;;;130
45071;201300050044;13;12;6;1300;1;1;1;1.0;3;211;A50-Sens Marseille vers;;;;130
45072;201300050045;13;12;9;1230;1;1;1;1.0;4;202;TVPCD-Sens Les Ports ver;;;;130
45073;201300050046;13;12;8;2330;3;1;1;1.0;2;117;A7-Sens Marseille vers L;;;;130
45074;201300050047;13;12;11;855;1;1;1;1.0;2;56;A55-Sens Martigues vers;;;;130
45075;201300050048;13;12;11;1900;3;1;1;1.0;4;5;A501-Sens Pont de l'Etoi;;;;130
45076;201300050049;13;12;13;755;1;1;1;1.0;3;106;A51-Sens Aix en Provence;;;;130
45077;201300050050;13;12;13;810;1;1;1;8.0;2;210;A50-Sens Marseille vers;;;;130
45078;201300050052;13;12;14;1700;2;1;1;1.0;6;202;TVPCD-Sens Les Ports ver;;;;130
45079;201300050053;13;12;16;1230;1;1;1;1.0;4;70;A50-Sens Aubagne vers Ma;;;;130
45080;201300050054;13;12;16;655;3;1;1;1.0;3;71;A7-Sens Lyon vers Marsei;;;;130
45081;201300050055;13;12;17;1120;1;1;1;1.0;2;211;A50-Sens Aubagne vers Ma;;;;130
45082;201300050056;13;12;18;830;1;1;1;1.0;2;215;A7-Sens Lyon vers Marsei;;;;130
45083;201300050057;13;12;18;904;1;1;1;1.0;4;71;A7-Sens Marseille vers L;;;;130
45084;201300050058;13;12;18;1855;3;1;1;1.0;2;215;A7-Sens Marseille vers L;;;;130
45085;201300050059;13;12;19;855;1;1;1;1.0;6;56;A55-Sens Marseille vers;;;;130
45086;201300050060;13;12;19;1305;1;1;1;2.0;2;81;A7-Sens Lyon vers Marsei;;;;130
45087;201300050061;13;12;18;2010;3;1;1;1.0;5;5;A502-Sens Aubagne vers T;;;;130
45088;201300050062;13;12;20;856;1;1;1;2.0;7;216;A55-Sens Marseille vers;;;;130
45089;201300050063;13;12;20;1315;1;1;1;2.0;4;71;A7-Sens Marseille vers L;;;;130
45090;201300050064;13;12;21;545;3;1;1;8.0;7;216;A55-Sens Martigues vers;;;;130
45091;201300050065;13;12;21;1015;1;1;1;1.0;2;19;A51-Sens Marseille vers;;;;130
45092;201300050066;13;12;18;2000;3;1;1;1.0;7;5;A52-Sens Pont de l'Etoil;;;;130
45093;201300050067;13;12;21;1600;1;1;1;1.0;7;211;A50-Sens Aubagne vers Ma;;;;130
45094;201300050068;13;12;21;140;3;1;1;1.0;7;85;A50-Sens Toulon vers Aub;;;;130
45095;201300050069;13;12;22;640;4;1;1;8.0;6;33;A55-Sens Marseille vers;;;;130
45096;201300050072;13;12;25;950;1;1;1;1.0;6;15;A515CD-Gardanne vers A51;;;;130
45097;201300050073;13;12;25;1315;1;1;1;1.0;6;71;A55 - Sens Marseille ver;;;;130
45098;201300050074;13;12;28;1135;1;1;1;1.0;7;43;A55-Sens Martigues vers;;;;130
45099;201300050075;13;12;28;2100;3;1;1;2.0;7;203;A557-Liaison A7 Marseill;;;;130
45100;201300050076;13;1;3;2250;5;1;1;1.0;2;207;Tunnel Prado Car?nage;;;;130
45101;201300050077;13;1;4;1515;1;1;1;1.0;2;71;A7-Sens Marseille vers L;;;;130
45102;201300050078;13;1;6;1030;1;1;1;1.0;6;106;A7-Sens Marseille vers L;;;;130
45103;201300050080;13;8;20;1030;1;1;1;1.0;3;202;A55-Sens Marseille*vers;;;;130
45104;201300050081;13;2;11;918;1;1;1;8.0;6;71;A55-Sens Martigues vers;;;;130
45105;201300050082;13;2;13;2340;3;1;1;1.0;6;5;A50 - Sens Aubagne vers;;;;130
45106;201300050083;13;2;27;1625;1;1;1;1.0;2;207;Tunnel Prado Car?nage;;;;130
45107;201300050084;13;8;26;710;1;1;1;1.0;5;1;A51-Sens Aix en*Provence;;;;130
45108;201300050085;13;3;4;1930;3;1;1;1.0;4;214;A7-Sens*Lyon vers Marsei;;;;130
45109;201300050086;13;3;23;1500;1;1;1;1.0;4;71;A51-Sens Aix en*Provence;;;;130
45110;201300050087;13;4;2;2050;5;1;1;1.0;6;211;A50-Sens Marseille*vers;;;;130
45111;201300050088;13;4;13;125;3;1;1;1.0;2;215;A7-Sens Marseille vers L;;;;130
45112;201300050089;13;4;17;1430;1;1;1;1.0;6;56;A55-Sens Martigues vers;;;;130
45113;201300050090;13;4;17;1655;1;1;1;1.0;6;202;TVPCD-Sens Les Ports ver;;;;130
45114;201300050091;13;4;18;1815;1;1;1;1.0;2;5;A50-Sens AubagneversMars;;;;130
45115;201300050093;13;4;22;1625;1;1;1;1.0;6;71;F5-Sens Aix en Pce*vers;;;;130
45116;201300050094;13;4;19;1730;1;1;1;1.0;6;5;A50-Sens Marseille vers;;;;130
45117;201300050095;13;4;24;1715;1;1;1;1.0;4;211;A50-Sens Aubagne*vers Ma;;;;130
45118;201300050097;13;4;27;1940;1;1;1;1.0;6;215;A7-Sens Marseille*vers L;;;;130
45119;201300050098;13;4;29;908;1;1;1;2.0;7;56;A55-Sens*Marseille vers;;;;130
45120;201300050099;13;4;30;435;3;1;1;2.0;2;19;A51-Sens Aix en*Provence;;;;130
45121;201300050100;13;5;1;757;1;1;1;8.0;7;203;A557-Liaison A7*Marseill;;;;130
45122;201300050101;13;4;30;1745;1;1;1;1.0;2;56;A55-Sens*Marseille vers;;;;130
45123;201300050102;13;4;30;1830;1;1;1;1.0;6;215;A55-Sens*Martigues vers;;;;130
45124;201300050103;13;5;2;1315;1;1;1;1.0;4;202;TVPCD-Sens Les Ports ver;;;;130
45125;201300050104;13;5;2;1800;1;1;1;1.0;4;1;A51-Sens Marseille*vers;;;;130
45126;201300050105;13;4;29;1150;1;1;1;3.0;6;202;Axe Littoral*Sens Nord -;;;;130
45127;201300050107;13;5;2;2040;1;1;1;1.0;6;71;A55-Sens Martigues*vers;;;;130
45128;201300050108;13;5;18;520;3;1;1;3.0;2;19;A51-Sens Aix en*Provence;;;;130
45129;201300050109;13;5;22;1715;1;1;1;1.0;2;56;A55-Sens Marseille vers;;;;130
45130;201300050110;13;5;25;1920;1;1;1;1.0;6;216;A55-Sens Martigues vers;;;;130
45131;201300050111;13;6;2;1815;1;1;1;1.0;2;81;A7-Sens Marseille vers*L;;;;130
45132;201300050112;13;6;9;1745;1;1;1;1.0;6;1;A51-Sens Aix en*Provence;;;;130
45133;201300050113;13;6;11;1130;1;1;1;1.0;4;202;TVPCD-Sens Les Ports ver;;;;130
45134;201300050114;13;6;11;1220;1;1;1;1.0;7;215;A7-Sens Lyon vers*Marsei;;;;130
45135;201300050116;13;6;17;1025;1;1;1;1.0;2;88;A55-Sens Marseille*vers;;;;130
45136;201300050117;13;6;21;432;3;1;1;1.0;1;71;A7-Sens Marseille*vers L;;;;130
45137;201300050118;13;6;21;745;1;1;1;1.0;2;215;A7-Sens Marseille*vers L;;;;130
45138;201300050119;13;6;23;645;1;1;1;1.0;6;88;A55-Sens Martigues*vers;;;;130
45139;201300050120;13;6;26;2315;3;1;1;1.0;6;81;A7-Sens Lyon vers*Marsei;;;;130
45140;201300050121;13;6;29;1045;1;1;1;1.0;2;71;A55-Sens*Martigues vers;;;;130
45141;201300050122;13;7;7;550;2;1;1;1.0;6;81;A7-Sens Lyon vers Marsei;;;;130