;Num_Acc;an;mois;jour;hrmn;lum;agg;int;atm;col;com;adr;gps;lat;long;dep
45142;201300050123;13;7;8;1645;1;1;1;1.0;2;28;A50-Sens Toulon vers Aub;;;;130
45143;201300050124;13;7;10;1400;1;1;1;1.0;6;33;A55-Sens Martigues vers;;;;130
45144;201300050126;13;7;14;115;3;1;1;1.0;6;215;A7-Sens Marseille vers*L;;;;130
45145;201300050127;13;7;20;2320;3;1;1;1.0;2;117;A7-Sens Marseille ver* L;;;;130
45146;201300050129;13;9;6;911;1;1;1;1.0;4;211;A50-Sens Aubagne vers Ma;;;;130
45147;201300050130;13;9;8;1850;1;1;1;1.0;4;214;A7-Sens Lyon vers Marsei;;;;130
45148;201300050132;13;9;14;1508;1;1;1;1.0;2;206;Tunnel Prado Carnage;;;;130
45149;201300050134;13;9;24;900;1;1;1;1.0;2;215;A7-Sens Lyon vers Marsei;;;;130
45150;201300050135;13;9;24;1920;1;1;1;1.0;2;5;A502-Sens Toulon par R.N;;;;130
45151;201300050136;13;11;12;810;1;1;1;1.0;2;19;A51-Sens Aix en*Provence;;;;130
45152;201300050137;13;10;3;1850;2;1;1;1.0;6;215;A55-Sens Martigues vers;;;;130
45153;201300050138;13;10;6;2140;3;1;1;8.0;3;5;A50-Sens Marseille vers;;;;130
45154;201300050139;13;10;13;625;3;1;1;1.0;5;15;A51-Sens Aix en Provence;;;;130
45155;201300050140;13;10;15;440;3;1;1;8.0;7;211;A50-Sens Marseille vers;;;;130
45156;201300050141;13;10;15;1625;1;1;1;2.0;7;22;A50-Sens Aubagne vers To;;;;130
45157;201300050142;13;10;15;1705;1;1;1;2.0;2;85;A50-Sens Toulon vers Aub;;;;130
45158;201300050143;13;10;20;556;3;1;1;1.0;7;117;A7-Sens Marseille vers L;;;;130
45159;201300050144;13;11;1;100;3;1;1;1.0;7;211;A50-Sens Aubagne vers*Ma;;;;130
45160;201300050145;13;11;2;330;3;1;1;1.0;6;56;A55-Sens Marseille*vers;;;;130
45161;201300050146;13;11;3;1550;1;1;1;1.0;3;5;A50-Sens Aubagne vers*Ma;;;;130
45162;201300050147;13;11;4;1300;1;1;1;2.0;6;215;A55-Sens Marseille*vers;;;;130
45163;201300050148;13;11;6;1015;1;1;1;1.0;3;33;A55-Sens Marseille*vers;;;;130
45164;201300050149;13;11;10;530;3;1;1;2.0;2;5;A50-Sens Marseille*vers;;;;130
45165;201300050150;13;11;27;1730;2;1;1;1.0;2;202;A55-Sens Martigues vers;;;;130
45166;201300050152;13;11;30;1720;3;1;1;2.0;4;214;A7-Sens Lyon vers Marsei;;;;130
45167;201300050153;13;12;3;1405;1;1;1;1.0;4;1;A51-Sens Aix en Provence;;;;130
45168;201300050155;13;12;13;2000;3;1;1;1.0;2;1;A51-Sens Marseille vers;;;;130
45169;201300050156;13;12;18;2122;3;1;1;1.0;4;215;A7-Sens Lyon vers Marsei;;;;130
45170;201300050157;13;12;21;1600;1;1;1;1.0;7;55;A50-Sens Aubagne vers Ma;;;;130
45171;201300050158;13;12;24;1630;1;1;1;1.0;4;56;A55-Sens Martigues vers;;;;130
45172;201300050159;13;12;25;1630;1;1;1;3.0;6;202;A55-Sens Martigues vers;;;;130
45173;201300050160;13;1;5;1530;1;2;1;1.0;2;101;26, SOUTERRAIN TUILERIES;;;;750
45174;201300050161;13;1;15;1500;1;2;3;2.0;2;101;12, QUAI FRANCOIS MITTER;;;;750
45175;201300050162;13;1;18;1740;5;2;1;4.0;2;101;QUAI DES TUILERIES;;;;750
45176;201300050163;13;1;19;1509;1;2;3;4.0;2;101;47, RUE BERGER;;;;750
45177;201300050164;13;1;21;1420;1;2;7;4.0;2;101;2, QUAI DE LA MEGISSERIE;;;;750
45178;201300050165;13;1;24;1845;5;2;2;1.0;3;101;QUAI DES ORFEVRES;;;;750
45179;201300050166;13;1;25;730;2;2;2;1.0;6;101;2, RUE DE ROHAN;;;;750
45180;201300050167;13;1;28;855;1;2;5;1.0;3;101;BOULEVARD DE SEBASTOPOL;;;;750
45181;201300050168;13;1;31;1415;1;2;2;2.0;3;101;334, RUE SAINT HONORE;;;;750
45182;201300050169;13;2;4;1250;1;2;3;2.0;6;101;9, RUE DU LOUVRE;;;;750
45183;201300050172;13;2;7;755;1;2;2;1.0;2;101;1, QUAI DES TUILERIES;;;;750
45184;201300050173;13;2;7;1405;1;2;2;8.0;6;101;192, RUE DE RIVOLI;;;;750
45185;201300050174;13;2;7;1315;1;2;2;1.0;3;101;2, BOULEVARD DU PALAIS;;;;750
45186;201300050175;13;2;11;220;5;2;3;2.0;6;101;0, RUE DE RIVOLI;;;;750
45187;201300050176;13;2;11;1945;5;2;3;1.0;3;101;12, QUAI DE LA MEGISSERI;;;;750
45188;201300050178;13;2;15;2027;5;2;2;1.0;3;101;23, BOULEVARD DE SEBASTO;;;;750
45189;201300050179;13;2;17;1720;1;2;1;1.0;2;101;10, QUAI FRANCOIS MITTER;;;;750
45190;201300050180;13;2;19;929;1;2;3;1.0;2;101;248, RUE DE RIVOLI;;;;750
45191;201300050181;13;2;25;1140;1;2;2;4.0;6;101;12, QUAI FRANCOIS MITTER;;;;750
45192;201300050182;13;2;28;1725;1;2;1;1.0;2;101;SOUTERRAIN TUILERIES;;;;750
45193;201300050183;13;3;1;1710;1;2;2;1.0;2;101;0, RUE ETIENNE MARCEL;;;;750
45194;201300050184;13;3;5;1745;1;2;1;1.0;2;101;10, QUAI FRANCOIS MITTER;;;;750
45195;201300050185;13;3;8;1350;1;2;7;2.0;6;101;PLACE DU CHATELET;;;;750
45196;201300050186;13;3;14;1515;1;2;2;1.0;3;101;12, AVENUE VICTORIA;;;;750
45197;201300050188;13;3;16;1450;1;2;3;1.0;3;101;210, RUE DE RIVOLI;;;;750
45198;201300050189;13;3;21;1915;5;2;3;1.0;6;101;216, RUE DE RIVOLI;;;;750
45199;201300050190;13;3;25;2030;5;2;1;1.0;6;101;SOUTERRAIN BOUCLE SAINT;;;;750
45200;201300050191;13;3;26;40;5;2;5;1.0;3;101;AVENUE DE L OPERA;;;;750
45201;201300050193;13;3;30;1620;1;2;1;1.0;3;101;55, RUE DE RIVOLI;;;;750
45202;201300050196;13;4;16;1210;1;2;7;1.0;2;101;02, RUE DE L AMIRAL DE C;;;;750
45203;201300050197;13;4;18;1830;1;2;2;1.0;2;101;QUAI DES TUILERIES;;;;750
45204;201300050198;13;4;19;1230;1;2;2;1.0;2;111;94, BOULEVARD BEAUMARCHA;;;;750
45205;201300050199;13;4;20;1506;1;2;3;1.0;6;101;194 bis, RUE DE RIVOLI;;;;750
45206;201300050200;13;4;22;1840;1;2;3;1.0;2;101;59, BOULEVARD DE SEBASTO;;;;750
45207;201300050201;13;4;23;1050;1;2;5;1.0;6;101;45, RUE DE RIVOLI;;;;750
45208;201300050202;13;4;30;1610;1;2;2;1.0;6;101;RUE CAMBON;;;;750
45209;201300050203;13;5;1;45;5;2;1;1.0;6;101;QUAI DES TUILERIES;;;;750
45210;201300050204;13;5;2;2035;1;2;2;1.0;3;101;174, RUE DE RIVOLI;;;;750
45211;201300050205;13;5;8;215;3;2;2;1.0;6;101;65, BOULEVARD DE SEBASTO;;;;750
45212;201300050206;13;5;11;2310;5;2;1;2.0;2;101;RUE SAINT HONORE;;;;750
45213;201300050207;13;5;15;950;1;2;5;1.0;6;101;1, BOULEVARD DE SEBASTOP;;;;750
45214;201300050208;13;5;15;1855;1;2;5;1.0;6;109;53, RUE RICHER;;;;750
45215;201300050209;13;5;17;320;5;2;5;1.0;6;101;1, BOULEVARD DE SEBASTOP;;;;750
45216;201300050210;13;5;17;1645;1;2;2;1.0;6;101;16, RUE DU LOUVRE;;;;750
45217;201300050211;13;5;21;1650;1;2;2;8.0;6;101;09, RUE DES PYRAMIDES;;;;750
45218;201300050212;13;5;28;1300;1;2;7;2.0;2;101;RUE DU LOUVRE;;;;750
45219;201300050213;13;5;30;1725;1;2;2;1.0;2;101;1, QUAI FRANCOIS MITTERR;;;;750
45220;201300050214;13;5;30;1640;1;2;3;2.0;6;101;3, RUE DE VALOIS;;;;750
45221;201300050215;13;6;1;1540;1;2;2;1.0;7;101;10, QUAI FRANCOIS MITTER;;;;750
45222;201300050216;13;6;3;2120;1;2;1;1.0;6;101;QUAI DU LOUVRE;;;;750
45223;201300050217;13;6;6;1820;1;2;7;1.0;2;101;RUE DE RIVOLI;;;;750
45224;201300050219;13;6;8;240;5;2;3;1.0;6;101;10, RUE BAILLEUL;;;;750
45225;201300050220;13;6;8;1500;1;2;2;1.0;3;101;269, RUE SAINT HONORE;;;;750
45226;201300050221;13;6;9;1600;1;2;2;2.0;5;101;61, BOULEVARD DE SEBASTO;;;;750
45227;201300050222;13;6;12;1430;1;2;2;8.0;6;101;202, RUE SAINT HONORE;;;;750
45228;201300050223;13;6;12;1600;1;2;1;1.0;6;101;BOULEVARD DU PALAIS;;;;750
45229;201300050224;13;6;13;1045;1;2;5;2.0;3;101;99, RUE DE RIVOLI;;;;750
45230;201300050225;13;6;14;1900;1;2;2;1.0;6;101;4, BOULEVARD DU PALAIS;;;;750
45231;201300050227;13;6;20;1400;1;2;2;1.0;2;101;271, RUE SAINT HONORE;;;;750
45232;201300050228;13;6;24;1615;1;2;2;1.0;6;101;189, RUE SAINT HONORE;;;;750
45233;201300050229;13;7;2;1445;1;2;3;1.0;2;101;194, RUE DE RIVOLI;;;;750
45234;201300050230;13;7;6;1650;1;2;2;1.0;6;101;25, BOULEVARD DE SEBASTO;;;;750
45235;201300050231;13;7;7;1725;1;2;1;1.0;7;101;QUAI DES TUILERIES;;;;750
45236;201300050232;13;7;11;1830;1;2;2;1.0;6;109;47, BOULEVARD DE ROCHECH;;;;750
45237;201300050233;13;7;15;850;1;2;7;1.0;4;101;1, QUAI DE LA MEGISSERIE;;;;750
45238;201300050234;13;7;16;1350;1;2;5;1.0;6;101;RUE DE RIVOLI;;;;750
45239;201300050235;13;7;16;1350;1;2;1;1.0;6;101;8, BOULEVARD DU PALAIS;;;;750
45240;201300050236;13;7;17;1040;1;2;1;1.0;6;101;QUAI FRANCOIS MITTERRAND;;;;750
45241;201300050237;13;7;19;1525;1;2;3;1.0;3;101;QUAI FRANCOIS MITTERRAND;;;;750
45242;201300050238;13;7;19;1810;1;2;2;1.0;6;101;9, AVENUE DE L OPERA;;;;750
45243;201300050239;13;7;22;1900;1;2;1;1.0;6;101;10, BOULEVARD DU PALAIS;;;;750
45244;201300050240;13;7;23;1755;1;2;1;1.0;2;101;70, RUE JEAN JACQUES ROU;;;;750
45245;201300050241;13;7;26;1057;1;2;7;1.0;2;101;172, RUE DE RIVOLI;;;;750
45246;201300050242;13;7;29;1015;1;2;5;1.0;3;101;9, BOULEVARD DE SEBASTOP;;;;750
45247;201300050243;13;7;30;945;1;2;3;1.0;4;101;184, RUE DE RIVOLI;;;;750
45248;201300050244;13;7;31;1450;1;2;2;1.0;3;101;48, RUE CROIX DES PETITS;;;;750
45249;201300050245;13;7;31;1455;1;2;1;1.0;6;101;4, BOULEVARD DU PALAIS;;;;750
45250;201300050246;13;7;31;1910;1;2;1;1.0;6;101;112, RUE SAINT HONORE;;;;750
45251;201300050247;13;8;3;230;5;2;5;1.0;3;101;1, BOULEVARD DE SEBASTOP;;;;750
45252;201300050248;13;8;3;1725;1;2;2;1.0;3;101;5, RUE DE CASTIGLIONE;;;;750
45253;201300050250;13;8;11;40;5;2;3;1.0;2;101;63, RUE DE RIVOLI;;;;750
45254;201300050251;13;8;12;1235;1;2;3;1.0;7;101;232, RUE DE RIVOLI;;;;750
45255;201300050252;13;8;16;1515;1;2;3;1.0;4;101;8, QUAI DE LA MEGISSERIE;;;;750
45256;201300050253;13;8;20;2210;5;2;1;1.0;6;101;5, RUE SAINT ROCH;;;;750
45257;201300050254;13;8;22;1825;1;2;3;1.0;4;101;12, QUAI DE LA MEGISSERI;;;;750
45258;201300050255;13;8;23;1050;1;2;1;1.0;6;101;1, PLACE DU CARROUSEL;;;;750
45259;201300050256;13;8;26;1345;1;2;2;1.0;3;101;99, RUE DE RIVOLI;;;;750
45260;201300050257;13;8;27;1405;2;2;3;1.0;3;101;RUE SAINT HONORE;;;;750
45261;201300050258;13;8;27;1445;1;2;5;1.0;6;101;41, RUE ETIENNE MARCEL;;;;750
45262;201300050260;13;8;28;1240;1;2;3;1.0;3;101;2, RUE DE L AMIRAL DE CO;;;;750
45263;201300050261;13;8;31;1905;1;2;5;1.0;6;101;1, BOULEVARD DE LA MADEL;;;;750
45264;201300050262;13;9;1;540;2;2;1;1.0;6;101;VOIE GEORGES POMPIDOU;;;;750
45265;201300050263;13;9;1;1345;1;2;2;1.0;3;101;40, RUE DU LOUVRE;;;;750
45266;201300050264;13;9;2;1115;1;2;1;1.0;6;101;00, SOUTERRAIN TUILERIES;;;;750
45267;201300050265;13;9;2;1530;1;2;5;1.0;3;101;194, RUE DE RIVOLI;;;;750
45268;201300050266;13;9;4;1015;1;2;2;1.0;2;101;192, RUE DE RIVOLI;;;;750
45269;201300050267;13;9;4;1100;1;2;1;1.0;2;101;0, QUAI FRANCOIS MITTERR;;;;750
45270;201300050268;13;9;6;1535;1;2;2;1.0;6;101;154, RUE DE RIVOLI;;;;750
45271;201300050269;13;9;9;1845;1;2;7;8.0;2;101;1, PLACE DU CHATELET;;;;750
45272;201300050270;13;9;10;915;1;2;3;1.0;6;101;10, RUE DU LOUVRE;;;;750
45273;201300050271;13;9;10;1515;1;2;3;1.0;3;101;162, RUE DE RIVOLI;;;;750
45274;201300050272;13;9;18;1525;1;2;1;3.0;3;101;QUAI FRANCOIS MITTERRAND;;;;750
45275;201300050273;13;9;24;1120;1;2;1;1.0;6;101;194, RUE DE RIVOLI;;;;750
45276;201300050274;13;9;25;1815;1;2;1;1.0;6;101;19, RUE SAINT GERMAIN L;;;;750
45277;201300050275;13;9;25;1710;5;2;1;1.0;6;101;SOUTERRAIN LEMONNIER;;;;750
45278;201300050276;13;9;28;1000;1;2;1;2.0;7;101;1, PLACE DU CARROUSEL;;;;750
45279;201300050277;13;9;28;1830;2;2;1;1.0;1;101;15, BOULEVARD DE LA MADE;;;;750
45280;201300050278;13;9;29;450;5;2;1;1.0;2;101;22, AVENUE DE L OPERA;;;;750
45281;201300050279;13;10;4;755;2;2;3;1.0;2;101;252, RUE DE RIVOLI;;;;750
45282;201300050280;13;10;7;1150;1;2;3;1.0;7;101;252, RUE DE RIVOLI;;;;750
45283;201300050281;13;10;9;925;1;2;1;2.0;3;101;251, RUE SAINT HONORE;;;;750
45284;201300050282;13;10;11;1115;1;2;7;2.0;3;101;04, AVENUE DE L OPERA;;;;750
45285;201300050283;13;10;11;1800;1;2;4;1.0;6;101;1, QUAI DES TUILERIES;;;;750
45286;201300050284;13;10;12;1640;1;2;4;8.0;6;101;SOUTERRAIN TUILERIES;;;;750
45287;201300050286;13;10;15;1830;5;2;1;1.0;2;101;QUAI DES TUILERIES;;;;750
45288;201300050287;13;10;15;1935;2;2;1;6.0;7;101;QUAI FRANCOIS MITTERRAND;;;;750
45289;201300050288;13;10;15;2220;5;2;2;1.0;3;101;RUE DE CASTIGLIONE;;;;750
45290;201300050289;13;10;16;1900;2;2;7;2.0;7;101;PLACE VENDOME;;;;750
45291;201300050290;13;10;17;910;1;2;1;1.0;3;101;QUAI DES TUILERIES;;;;750
45292;201300050291;13;10;21;1445;1;2;1;1.0;7;101;253, RUE SAINT HONORE;;;;750
45293;201300050292;13;10;22;2300;5;2;1;1.0;7;101;VOIE GEORGES POMPIDOU;;;;750
45294;201300050293;13;10;24;1420;1;2;2;1.0;6;101;146, RUE DE RIVOLI;;;;750
45295;201300050295;13;10;25;1550;1;2;7;1.0;6;101;93, RUE DE RIVOLI;;;;750
45296;201300050296;13;10;26;1440;1;2;3;1.0;3;101;158, RUE DE RIVOLI;;;;750
45297;201300050297;13;10;27;1130;1;2;3;1.0;7;101;65, RUE DE RIVOLI;;;;750
45298;201300050298;13;10;28;1810;5;2;2;1.0;6;101;20, RUE DU LOUVRE;;;;750
45299;201300050299;13;10;29;110;5;2;3;1.0;2;101;29, BOULEVARD DE SEBASTO;;;;750
45300;201300050300;13;10;29;2300;5;2;5;1.0;6;101;22, AVENUE DE L OPERA;;;;750
45301;201300050301;13;10;31;1215;1;2;7;1.0;2;101;RUE DE L AMIRAL DE COLIG;;;;750
45302;201300050302;13;11;1;1745;5;2;3;2.0;6;101;5, RUE DE VALOIS;;;;750
45303;201300050303;13;11;2;1900;5;2;3;1.0;6;101;04, QUAI FRANCOIS MITTER;;;;750
45304;201300050304;13;11;3;1150;1;2;3;1.0;3;101;QUAI FRANCOIS MITTERRAND;;;;750
45305;201300050305;13;11;6;823;1;2;3;2.0;6;101;33, RUE SAINT HONORE;;;;750
45306;201300050306;13;11;6;1800;5;2;7;1.0;2;101;2, RUE DE L AMIRAL DE CO;;;;750
45307;201300050308;13;11;9;120;5;2;4;1.0;6;101;RUE BERGER;;;;750
45308;201300050309;13;11;9;1235;1;2;1;1.0;7;101;1, PLACE DU CARROUSEL;;;;750
45309;201300050310;13;11;11;1535;1;2;3;1.0;3;101;, QUAI DE LA MEGISSERIE;;;;750
45310;201300050311;13;11;12;1145;1;2;2;2.0;3;101;40, RUE DU LOUVRE;;;;750
45311;201300050312;13;11;12;1615;1;2;3;2.0;6;101;AVENUE GENERAL LEMONNIER;;;;750
45312;201300050313;13;11;14;1305;1;2;1;3.0;7;101;06, BOULEVARD DU PALAIS;;;;750
45313;201300050314;13;11;15;1055;1;2;1;1.0;3;101;29, BOULEVARD DE SEBASTO;;;;750
45314;201300050315;13;11;15;1745;5;2;7;1.0;6;101;3, AVENUE DE L OPERA;;;;750
45315;201300050316;13;11;20;1530;1;2;1;2.0;3;101;21, BOULEVARD DE LA MADE;;;;750
45316;201300050318;13;11;22;1935;5;2;1;1.0;2;101;20, AVENUE VICTORIA;;;;750
45317;201300050319;13;11;23;1555;2;2;1;1.0;4;101;168, RUE DE RIVOLI;;;;750
45318;201300050320;13;11;28;915;1;2;2;1.0;3;101;25, RUE MOLIERE;;;;750
45319;201300050321;13;11;29;720;2;2;3;1.0;4;101;162, RUE DE RIVOLI;;;;750
45320;201300050322;13;12;1;2025;5;2;2;1.0;6;101;1, PONT DU CARROUSEL;;;;750
45321;201300050323;13;12;2;1620;1;2;3;1.0;6;101;57, RUE DE RIVOLI;;;;750
45322;201300050326;13;12;10;1240;1;2;7;1.0;6;101;169, RUE SAINT HONORE;;;;750
45323;201300050327;13;12;10;1500;1;2;7;1.0;2;101;2, RUE DE RICHELIEU;;;;750
45324;201300050328;13;12;13;1330;1;2;5;1.0;6;101;QUAI DE LA MEGISSERIE;;;;750
45325;201300050329;13;12;13;1810;5;2;1;8.0;6;101;QUAI DES TUILERIES;;;;750
45326;201300050330;13;12;15;1330;1;2;1;1.0;6;109;86, RUE SAINT LAZARE;;;;750
45327;201300050331;13;12;19;1430;1;2;2;1.0;6;101;01, PLACE DU CARROUSEL;;;;750
45328;201300050332;13;12;20;1550;1;2;1;1.0;3;101;3, RUE DES PYRAMIDES;;;;750
45329;201300050333;13;12;21;30;5;2;1;1.0;7;101;SOUTERRAIN PONT NEUF;;;;750
45330;201300050334;13;12;21;45;5;2;1;1.0;2;101;174, RUE DE RIVOLI;;;;750
45331;201300050336;13;12;22;2030;5;2;2;2.0;7;109;66, RUE LA FAYETTE;;;;750
45332;201300050337;13;12;23;1150;1;2;1;1.0;7;101;QUAI DES TUILERIES;;;;750
45333;201300050338;13;12;23;1330;1;2;2;8.0;3;101;16, RUE SAINT GERMAIN L;;;;750
45334;201300050339;13;12;24;1655;5;2;2;2.0;6;101;33, RUE BERGER;;;;750
45335;201300050340;13;1;1;200;5;2;5;3.0;6;102;41, AVENUE DE L OPERA;;;;750
45336;201300050341;13;1;5;120;5;2;2;1.0;3;102;01, BOULEVARD SAINT DENI;;;;750
45337;201300050342;13;1;11;2035;5;2;2;2.0;6;102;134, RUE REAUMUR;;;;750
45338;201300050344;13;1;12;2210;5;2;7;1.0;3;101;1, PLACE DU LOUVRE;;;;750
45339;201300050345;13;1;15;2255;5;2;1;2.0;3;102;8, RUE DE LA PAIX;;;;750
45340;201300050346;13;1;17;905;1;2;2;1.0;6;102;54, RUE DU LOUVRE;;;;750
45341;201300050348;13;1;31;940;1;2;4;1.0;6;102;151, RUE MONTMARTRE;;;;750
45342;201300050349;13;1;31;1955;5;2;5;1.0;3;102;59, RUE REAUMUR;;;;750
45343;201300050350;13;2;2;1232;1;2;2;1.0;3;102;BOULEVARD DE SEBASTOPOL;;;;750
45344;201300050351;13;2;6;1420;1;2;2;1.0;2;102;38, AVENUE DE L OPERA;;;;750
45345;201300050352;13;2;7;1540;1;2;2;1.0;3;102;16, RUE DU SENTIER;;;;750
45346;201300050353;13;2;7;1845;5;2;3;1.0;6;102;127, RUE MONTMARTRE;;;;750
45347;201300050354;13;2;10;1145;1;2;2;1.0;3;102;RUE DE HANOVRE;;;;750
45348;201300050355;13;2;11;1445;1;2;2;1.0;6;102;132, RUE REAUMUR;;;;750
45349;201300050356;13;2;11;2320;5;2;7;1.0;3;102;34, RUE DU QUATRE SEPTEM;;;;750
45350;201300050357;13;2;18;1215;1;2;1;1.0;6;102;3, RUE VIVIENNE;;;;750
45351;201300050358;13;2;20;810;1;2;2;1.0;6;102;62, RUE DE RICHELIEU;;;;750
45352;201300050360;13;2;23;230;5;2;2;1.0;2;102;BOULEVARD DE SEBASTOPOL;;;;750
45353;201300050361;13;2;25;945;1;2;1;2.0;2;102;39, AVENUE DE L OPERA;;;;750
45354;201300050362;13;2;28;1945;5;2;2;2.0;2;102;33, RUE DU QUATRE SEPTEM;;;;750
45355;201300050363;13;3;4;2025;5;2;2;1.0;2;102;80, RUE REAUMUR;;;;750
45356;201300050364;13;3;8;1700;1;2;7;8.0;6;109;03, PLACE DE L OPERA;;;;750
45357;201300050365;13;3;11;2015;5;2;1;3.0;6;102;1, BOULEVARD DE BONNE NO;;;;750
45358;201300050366;13;3;24;1;5;2;7;1.0;3;102;PLACE DE L OPERA;;;;750
45359;201300050367;13;3;26;1055;1;2;1;1.0;6;102;17, RUE D ANTIN;;;;750
45360;201300050368;13;3;27;1345;1;2;7;1.0;3;102;11, BOULEVARD DES CAPUCI;;;;750
45361;201300050369;13;3;27;1340;1;2;3;1.0;3;110;14, BOULEVARD DE BONNE N;;;;750
45362;201300050370;13;3;29;2310;5;2;2;1.0;3;102;RUE MONTMARTRE;;;;750
45363;201300050371;13;4;1;940;1;2;7;7.0;7;102;01, PLACE DE LA BOURSE;;;;750
45364;201300050372;13;4;2;1755;1;2;1;1.0;6;102;RUE DAUNOU;;;;750
45365;201300050373;13;4;6;635;5;2;7;1.0;2;102;17, BOULEVARD DES CAPUCI;;;;750
45366;201300050374;13;4;10;226;5;2;7;2.0;2;102;19, BOULEVARD DES CAPUCI;;;;750
45367;201300050377;13;4;16;1545;1;2;1;1.0;5;102;11, BOULEVARD MONTMARTRE;;;;750
45368;201300050378;13;4;23;1830;1;2;1;1.0;2;102;15, RUE VIVIENNE;;;;750
45369;201300050379;13;4;26;1512;1;2;1;1.0;3;102;44, RUE NOTRE DAME DES V;;;;750
45370;201300050380;13;4;29;940;1;2;1;1.0;6;102;44, RUE NOTRE DAME DES V;;;;750
45371;201300050381;13;5;3;1810;1;2;1;1.0;6;102;21, RUE DE LA PAIX;;;;750
45372;201300050382;13;5;6;1645;1;2;7;8.0;3;102;04, PLACE DE L OPERA;;;;750
45373;201300050383;13;5;7;900;1;2;5;1.0;6;102;29, BOULEVARD DES ITALIE;;;;750
45374;201300050384;13;5;12;2010;1;2;2;2.0;3;102;RUE ETIENNE MARCEL;;;;750
45375;201300050385;13;5;14;1550;1;2;2;1.0;6;102;110, RUE REAUMUR;;;;750
45376;201300050386;13;5;16;1435;1;2;3;8.0;6;102;41, RUE DE PALESTRO;;;;750
45377;201300050387;13;5;23;1315;1;2;1;8.0;6;102;19, BOULEVARD DES ITALIE;;;;750
45378;201300050388;13;5;28;940;1;2;3;2.0;6;102;29, RUE VIVIENNE;;;;750
45379;201300050389;13;5;28;1330;1;2;7;2.0;3;102;2, PLACE DE L OPERA;;;;750
45380;201300050390;13;5;29;1000;1;2;3;1.0;6;102;55, RUE MONTMARTRE;;;;750
45381;201300050391;13;5;31;1030;1;2;2;8.0;2;102;44, RUE ETIENNE MARCEL;;;;750
45382;201300050392;13;6;3;630;1;2;3;1.0;6;102;06, RUE DES PETITS CHAMP;;;;750
45383;201300050394;13;6;6;1550;1;2;2;1.0;6;102;71, BOULEVARD DE SEBASTO;;;;750
45384;201300050395;13;6;8;1220;1;2;5;1.0;3;102;31, BOULEVARD DES ITALIE;;;;750
45385;201300050397;13;6;16;1750;1;2;3;1.0;6;102;38, RUE DES PETITS CHAMP;;;;750
45386;201300050398;13;6;16;2025;1;2;2;1.0;2;102;61-63, RUE REAUMUR;;;;750
45387;201300050399;13;6;20;1000;1;2;1;1.0;6;102;132, RUE MONTMARTRE;;;;750
45388;201300050400;13;7;1;1810;1;2;3;1.0;3;102;31, BOULEVARD DE BONNE N;;;;750
45389;201300050401;13;7;3;1900;2;2;1;8.0;3;102;176, RUE MONTMARTRE;;;;750
45390;201300050402;13;7;4;1150;1;2;1;1.0;6;109;30, BOULEVARD POISSONNIE;;;;750
45391;201300050403;13;7;7;108;5;2;2;1.0;6;102;BOULEVARD DES ITALIENS;;;;750
45392;201300050404;13;7;10;1025;1;2;3;1.0;3;104;21, BOULEVARD BOURDON;;;;750
45393;201300050405;13;7;10;1510;1;2;1;1.0;6;108;PLACE DE LA CONCORDE;;;;750
45394;201300050406;13;7;14;315;4;2;7;1.0;3;102;42, AVENUE DE L OPERA;;;;750
45395;201300050407;13;7;22;430;5;2;1;1.0;6;102;144, RUE MONTMARTRE;;;;750
45396;201300050408;13;7;28;1200;1;2;1;1.0;3;102;43, BD DES CAPUCINES;;;;750
45397;201300050409;13;8;8;930;1;2;2;1.0;6;102;75, RUE DE RICHELIEU;;;;750
45398;201300050410;13;8;11;100;5;2;1;1.0;3;102;BOULEVARD SAINT DENIS;;;;750
45399;201300050411;13;8;14;1355;1;2;2;1.0;7;102;44, RUE ETIENNE MARCEL;;;;750
45400;201300050412;13;8;19;835;1;2;2;1.0;3;102;73, RUE DE RICHELIEU;;;;750
45401;201300050413;13;8;21;1105;1;2;1;1.0;6;102;27, RUE SAINT SAUVEUR;;;;750
45402;201300050414;13;8;23;1025;1;2;2;1.0;3;102;81, BOULEVARD DE SEBASTO;;;;750
45403;201300050415;13;8;23;1630;1;2;1;1.0;4;110;38, BOULEVARD DE BONNE N;;;;750
45404;201300050416;13;8;29;855;1;2;2;1.0;7;102;101, BOULEVARD DE SEBAST;;;;750
45405;201300050418;13;8;30;122;5;2;2;1.0;6;102;RUE ETIENNE MARCEL;;;;750
45406;201300050419;13;8;30;1150;1;2;1;1.0;6;103;114, RUE DE TURBIGO;;;;750
45407;201300050420;13;8;30;1655;1;2;1;1.0;6;102;101, RUE D ABOUKIR;;;;750
45408;201300050421;13;9;1;750;1;2;2;1.0;7;102;37, RUE DU MAIL;;;;750
45409;201300050422;13;9;2;1310;1;2;2;6.0;6;102;42, RUE DE TURBIGO;;;;750
45410;201300050423;13;9;9;1355;1;2;2;3.0;2;102;76, RUE REAUMUR;;;;750
45411;201300050424;13;9;16;1625;1;2;1;2.0;3;102;27, BOULEVARD POISSONNIE;;;;750
45412;201300050425;13;9;17;1730;1;2;2;2.0;2;103;207, RUE DU TEMPLE;;;;750
45413;201300050426;13;9;18;1950;2;2;5;1.0;2;102;160, RUE MONTMARTRE;;;;750
45414;201300050427;13;9;19;1740;1;2;2;1.0;6;102;95, BOULEVARD DE SEBASTO;;;;750