;Num_Acc;an;mois;jour;hrmn;lum;agg;int;atm;col;com;adr;gps;lat;long;dep
45415;201300050428;13;9;20;1630;1;2;1;1.0;6;102;139, BOULEVARD DE SEBAST;;;;750
45416;201300050429;13;9;21;1725;1;2;2;1.0;6;102;RUE DE TURBIGO;;;;750
45417;201300050430;13;9;23;1320;1;2;2;1.0;3;102;13, RUE DE PALESTRO;;;;750
45418;201300050431;13;9;23;1630;1;2;1;1.0;6;102;75, BOULEVARD DE SEBASTO;;;;750
45419;201300050432;13;9;24;945;1;2;2;1.0;3;102;BOULEVARD DE BONNE NOUVE;;;;750
45420;201300050434;13;10;4;1620;1;2;1;1.0;6;102;23, BOULEVARD POISSONNIE;;;;750
45421;201300050435;13;10;4;1700;1;2;7;1.0;6;102;1, RUE DE PORT MAHON;;;;750
45422;201300050436;13;10;6;200;5;2;1;1.0;6;102;9, BOULEVARD DE BONNE NO;;;;750
45423;201300050437;13;10;8;1305;1;2;5;1.0;3;102;114, RUE REAUMUR;;;;750
45424;201300050438;13;10;8;1720;1;2;1;1.0;4;102;124, RUE D ABOUKIR;;;;750
45425;201300050439;13;10;10;1505;1;2;2;1.0;6;102;107, RUE REAUMUR;;;;750
45426;201300050440;13;10;10;1914;5;2;2;2.0;3;102;5, RUE DU QUATRE SEPTEMB;;;;750
45427;201300050441;13;10;11;1720;1;2;5;1.0;6;102;37, RUE DU LOUVRE;;;;750
45428;201300050442;13;10;11;1945;5;2;1;1.0;6;102;23, RUE DE TURBIGO;;;;750
45429;201300050443;13;10;13;1300;1;2;2;1.0;5;109;43, RUE DE LA CHAUSSEE D;;;;750
45430;201300050444;13;10;16;1725;1;2;2;2.0;6;102;121, RUE REAUMUR;;;;750
45431;201300050445;13;10;31;2125;5;2;1;1.0;6;101;26, AVENUE DE L OPERA;;;;750
45432;201300050446;13;11;7;1200;1;2;1;1.0;6;103;2, RUE EUGENE SPULLER;;;;750
45433;201300050447;13;11;8;2020;5;2;2;1.0;2;102;29, BOULEVARD POISSONNIE;;;;750
45434;201300050448;13;11;15;1530;1;2;1;1.0;6;102;23, BOULEVARD POISSONNIE;;;;750
45435;201300050449;13;11;21;2000;5;2;1;1.0;6;109;03, BOULEVARD MONTMARTRE;;;;750
45436;201300050450;13;11;26;1740;5;2;1;1.0;3;102;06, RUE DE LA PAIX;;;;750
45437;201300050451;13;11;27;855;1;2;3;1.0;6;102;22, RUE DE TURBIGO;;;;750
45438;201300050452;13;12;5;1230;1;2;1;1.0;6;109;60, RUE RICHER;;;;750
45439;201300050453;13;12;6;930;1;2;7;1.0;3;102;2, PLACE DE L OPERA;;;;750
45440;201300050454;13;12;12;1755;5;2;5;9.0;6;102;BOULEVARD DES ITALIENS;;;;750
45441;201300050455;13;12;13;1457;1;2;2;1.0;6;102;283, RUE SAINT DENIS;;;;750
45442;201300050456;13;12;13;1647;1;2;1;1.0;6;102;22, RUE DE LA PAIX;;;;750
45443;201300050457;13;12;13;1920;3;2;1;2.0;6;102;19, BOULEVARD SAINT DENI;;;;750
45444;201300050458;13;12;14;1310;1;2;1;1.0;3;102;63, RUE REAUMUR;;;;750
45445;201300050459;13;12;23;2105;5;2;1;1.0;3;102;23, BOULEVARD DES CAPUCI;;;;750
45446;201300050460;13;12;26;1730;2;2;1;1.0;6;102;15, BOULEVARD SAINT DENI;;;;750
45447;201300050461;13;12;30;2030;5;2;1;1.0;7;109;3, PLACE DE L OPERA;;;;750
45448;201300050462;13;1;10;1900;5;2;2;2.0;7;103;98, BOULEVARD DE SEBASTO;;;;750
45449;201300050463;13;1;14;1925;5;2;5;4.0;3;104;QUAI DE L HOTEL DE VILLE;;;;750
45450;201300050464;13;1;24;1550;1;2;1;1.0;2;103;13, PLACE DE LA REPUBLIQ;;;;750
45451;201300050465;13;1;29;1605;1;2;2;2.0;6;103;86, RUE VIEILLE DU TEMPL;;;;750
45452;201300050466;13;1;30;825;1;2;2;2.0;2;103;43, RUE REAUMUR;;;;750
45453;201300050467;13;1;30;1210;1;2;3;3.0;7;103;185, RUE DU TEMPLE;;;;750
45454;201300050468;13;2;4;1755;5;2;2;8.0;6;103;90, BOULEVARD DE SEBASTO;;;;750
45455;201300050469;13;2;7;850;1;2;2;2.0;2;103;42, RUE REAUMUR;;;;750
45456;201300050470;13;2;9;1820;2;2;5;1.0;6;103;92, RUE DE TURENNE;;;;750
45457;201300050471;13;2;19;630;5;2;1;1.0;3;103;BOULEVARD SAINT MARTIN;;;;750
45458;201300050473;13;3;1;405;5;2;2;1.0;3;101;192, RUE DE RIVOLI;;;;750
45459;201300050474;13;3;5;1150;1;2;2;1.0;6;103;67, BOULEVARD BEAUMARCHA;;;;750
45460;201300050475;13;3;13;930;1;2;5;9.0;7;103;45, RUE DE TURBIGO;;;;750
45461;201300050476;13;3;14;1130;1;2;3;1.0;2;103;93, BOULEVARD BEAUMARCHA;;;;750
45462;201300050477;13;3;22;2000;5;2;3;1.0;2;109;14, RUE DE MAUBEUGE;;;;750
45463;201300050478;13;3;23;1240;1;2;2;1.0;6;101;BOULEVARD DE SEBASTOPOL;;;;750
45464;201300050479;13;3;25;630;1;2;2;1.0;3;103;141, BOULEVARD DE SEBAST;;;;750
45465;201300050480;13;3;27;1345;1;2;2;1.0;2;101;15, RUE DU LOUVRE;;;;750
45466;201300050481;13;3;27;1703;1;2;3;1.0;2;103;100, BOULEVARD DE SEBAST;;;;750
45467;201300050482;13;4;1;1755;1;2;2;1.0;6;103;2, RUE PAYENNE;;;;750
45468;201300050483;13;4;4;1145;1;2;2;1.0;6;103;67, RUE BEAUBOURG;;;;750
45469;201300050485;13;4;9;1120;1;2;5;8.0;7;103;45, RUE DE TURBIGO;;;;750
45470;201300050488;13;4;15;1325;1;2;2;1.0;2;103;91, RUE BEAUBOURG;;;;750
45471;201300050489;13;4;17;1025;1;2;3;1.0;7;103;67, BOULEVARD BEAUMARCHA;;;;750
45472;201300050491;13;4;18;825;1;2;1;1.0;6;103;19, BOULEVARD SAINT MART;;;;750
45473;201300050492;13;4;19;855;1;2;2;1.0;3;103;162, RUE DU TEMPLE;;;;750
45474;201300050493;13;4;19;1110;1;2;5;1.0;6;101;41, RUE DE RIVOLI;;;;750
45475;201300050494;13;4;19;1515;1;2;2;1.0;3;103;64, RUE REAUMUR;;;;750
45476;201300050495;13;4;21;1300;1;2;5;1.0;6;103;359, RUE SAINT MARTIN;;;;750
45477;201300050496;13;4;24;1740;1;2;2;1.0;3;103;43, RUE REAUMUR;;;;750
45478;201300050497;13;4;27;2210;5;2;1;1.0;6;104;VOIE GEORGES POMPIDOU;;;;750
45479;201300050498;13;4;29;1015;1;2;3;1.0;3;103;05, BOULEVARD DES FILLES;;;;750
45480;201300050499;13;4;29;1835;1;2;2;1.0;3;103;19, RUE DE BRETAGNE;;;;750
45481;201300050500;13;4;30;1800;1;2;1;2.0;6;103;50, RUE RAMBUTEAU;;;;750
45482;201300050501;13;5;5;2200;5;2;4;1.0;3;103;70b, RUE DE TURBIGO;;;;750
45483;201300050502;13;5;7;1000;1;2;1;1.0;3;103;37, BOULEVARD DU TEMPLE;;;;750
45484;201300050503;13;5;7;1340;1;2;2;1.0;3;103;28, RUE DE TURBIGO;;;;750
45485;201300050504;13;5;9;2025;1;2;1;1.0;3;103;9, PLACE DE LA REPUBLIQU;;;;750
45486;201300050505;13;5;20;1630;1;2;2;2.0;6;103;41, RUE REAUMUR;;;;750
45487;201300050506;13;5;20;1820;1;2;1;2.0;6;103;5, BOULEVARD SAINT MARTI;;;;750
45488;201300050507;13;5;21;1900;1;2;2;8.0;2;103;254, RUE SAINT MARTIN;;;;750
45489;201300050508;13;5;24;1050;1;2;2;3.0;3;103;58, BOULEVARD DE SEBASTO;;;;750
45490;201300050509;13;5;29;2306;5;2;2;2.0;3;103;58, RUE DE TURBIGO;;;;750
45491;201300050510;13;5;31;935;1;2;2;1.0;4;103;205, RUE DU TEMPLE;;;;750
45492;201300050511;13;6;3;1455;1;2;3;1.0;6;103;04, RUE CHAPON;;;;750
45493;201300050513;13;6;7;1350;1;2;2;1.0;2;103;67, BOULEVARD BEAUMARCHA;;;;750
45494;201300050514;13;6;8;905;1;2;2;1.0;3;103;09, BOULEVARD SAINT DENI;;;;750
45495;201300050516;13;6;13;1450;1;2;2;2.0;6;103;55, RUE DE BRETAGNE;;;;750
45496;201300050517;13;6;14;1820;1;2;2;1.0;2;104;22, RUE DU RENARD;;;;750
45497;201300050518;13;6;15;50;5;2;2;1.0;6;101;134, RUE DE RIVOLI;;;;750
45498;201300050519;13;6;20;940;1;2;1;2.0;7;103;36, RUE DE TURBIGO;;;;750
45499;201300050520;13;6;21;945;1;2;1;1.0;7;103;43, RUE MESLAY;;;;750
45500;201300050521;13;6;26;820;1;2;7;1.0;2;103;15, PLACE DE LA REPUBLIQ;;;;750
45501;201300050522;13;6;28;1650;1;2;1;1.0;2;103;25, RUE DE SAINTONGE;;;;750
45502;201300050524;13;6;30;1140;1;2;2;1.0;1;103;94, RUE DE TURENNE;;;;750
45503;201300050526;13;7;26;845;1;2;1;1.0;7;103;35, BOULEVARD SAINT MART;;;;750
45504;201300050527;13;7;30;2120;3;2;2;1.0;3;103;247, RUE SAINT MARTIN;;;;750
45505;201300050528;13;8;12;900;1;2;2;1.0;3;103;70, BOULEVARD DE SEBASTO;;;;750
45506;201300050529;13;8;16;1650;1;2;7;1.0;7;103;23, PLACE DE LA REPUBLIQ;;;;750
45507;201300050530;13;8;23;1740;1;2;2;1.0;2;103;339, RUE SAINT MARTIN;;;;750
45508;201300050532;13;8;27;1900;1;2;7;1.0;6;103;205, RUE DU TEMPLE;;;;750
45509;201300050533;13;9;2;1405;1;2;2;1.0;6;103;57, RUE DE TURBIGO;;;;750
45510;201300050534;13;9;5;1055;1;2;1;1.0;2;103;65, RUE DES ARCHIVES;;;;750
45511;201300050535;13;9;7;1400;1;2;1;1.0;2;103;37, BOULEVARD DU TEMPLE;;;;750
45512;201300050536;13;9;8;445;5;2;2;1.0;2;103;110, BOULEVARD DE SEBAST;;;;750
45513;201300050537;13;9;8;935;1;2;2;1.0;6;103;58, RUE RAMBUTEAU;;;;750
45514;201300050538;13;9;9;2000;5;2;3;2.0;2;103;83, RUE DE TURENNE;;;;750
45515;201300050539;13;9;10;1640;1;2;3;2.0;6;103;22, RUE SAINT GILLES;;;;750
45516;201300050540;13;9;13;1410;1;2;5;2.0;7;103;94, RUE DE TURENNE;;;;750
45517;201300050541;13;9;13;1600;1;2;2;2.0;2;103;12, RUE DE BRETAGNE;;;;750
45518;201300050542;13;9;17;1540;1;2;1;1.0;7;103;95, RUE VIEILLE DU TEMPL;;;;750
45519;201300050543;13;9;19;1455;1;2;1;1.0;4;103;11, BOULEVARD DU TEMPLE;;;;750
45520;201300050544;13;9;19;2200;5;2;1;1.0;2;103;12, RUE COMMINES;;;;750
45521;201300050545;13;9;22;910;1;2;3;1.0;7;103;10, RUE DES QUATRE FILS;;;;750
45522;201300050546;13;9;22;2110;5;2;2;1.0;6;103;11, BOULEVARD DES FILLES;;;;750
45523;201300050547;13;9;26;1350;1;2;1;1.0;6;103;6, RUE DE THORIGNY;;;;750
45524;201300050548;13;9;27;250;5;2;3;1.0;6;111;47, BOULEVARD BEAUMARCHA;;;;750
45525;201300050549;13;9;27;1735;1;2;1;1.0;3;103;34, RUE DE TURENNE;;;;750
45526;201300050550;13;9;29;1910;1;2;1;8.0;6;103;37, BOULEVARD SAINT MART;;;;750
45527;201300050551;13;9;30;258;5;2;2;1.0;2;103;72, RUE DE TURBIGO;;;;750
45528;201300050553;13;10;3;2030;5;2;2;2.0;6;104;20, RUE BEAUBOURG;;;;750
45529;201300050554;13;10;4;1220;1;2;2;1.0;6;103;43, RUE REAUMUR;;;;750
45530;201300050555;13;10;5;1820;1;2;2;2.0;7;103;78, RUE DES ARCHIVES;;;;750
45531;201300050556;13;10;9;840;1;2;7;1.0;3;103;15, PLACE DE LA REPUBLIQ;;;;750
45532;201300050558;13;10;29;1215;1;2;1;1.0;3;103;5, RUE DU GRENIER SAINT;;;;750
45533;201300050559;13;10;30;1315;1;2;2;1.0;2;103;13, BOULEVARD DES FILLES;;;;750
45534;201300050561;13;11;4;1750;5;2;1;1.0;7;103;117, RUE DU TEMPLE;;;;750
45535;201300050562;13;11;9;1215;1;2;1;2.0;3;103;23, BOULEVARD DU TEMPLE;;;;750
45536;201300050563;13;11;9;2030;5;2;2;1.0;7;103;67, RUE BEAUBOURG;;;;750
45537;201300050564;13;11;12;1220;1;2;3;2.0;3;102;29, RUE DE TURBIGO;;;;750
45538;201300050565;13;11;13;105;5;2;2;2.0;3;103;1, RUE PAYENNE;;;;750
45539;201300050566;13;11;13;2000;5;2;3;1.0;3;103;230, RUE SAINT MARTIN;;;;750
45540;201300050567;13;11;14;1510;1;2;1;2.0;7;103;03, BOULEVARD SAINT MART;;;;750
45541;201300050568;13;11;16;215;5;2;2;1.0;3;103;90, BOULEVARD DE SEBASTO;;;;750
45542;201300050569;13;11;20;1140;1;2;3;8.0;6;109;17, RUE D AUMALE;;;;750
45543;201300050570;13;11;20;1615;2;2;2;3.0;3;109;52, RUE DE DOUAI;;;;750
45544;201300050571;13;11;21;1415;1;2;2;1.0;3;103;1bis, RUE SAINT GILLES;;;;750
45545;201300050572;13;11;23;1;5;2;7;1.0;1;103;21, PLACE DE LA REPUBLIQ;;;;750
45546;201300050573;13;11;26;1110;1;2;3;8.0;3;102;8, RUE ETIENNE MARCEL;;;;750
45547;201300050574;13;11;30;1;5;2;1;8.0;6;104;41, RUE FRANCOIS MIRON;;;;750
45548;201300050575;13;11;30;225;5;2;1;8.0;6;103;109, RUE QUINCAMPOIX;;;;750
45549;201300050577;13;12;6;1925;5;2;7;1.0;6;103;3, PLACE DE LA REPUBLIQU;;;;750
45550;201300050578;13;12;11;1510;1;2;3;1.0;6;103;34, RUE DE TURENNE;;;;750
45551;201300050579;13;12;14;1730;5;2;1;1.0;6;103;58, RUE RAMBUTEAU;;;;750
45552;201300050580;13;12;16;945;1;2;7;1.0;2;103;03, PLACE DE LA REPUBLIQ;;;;750
45553;201300050581;13;12;16;1240;1;2;2;1.0;6;103;17, BOULEVARD DU TEMPLE;;;;750
45554;201300050582;13;12;16;1945;5;2;3;1.0;6;103;106, RUE DU TEMPLE;;;;750
45555;201300050583;13;12;17;1205;1;2;5;1.0;6;103;57, RUE DE TURBIGO;;;;750
45556;201300050584;13;12;17;1915;5;2;1;1.0;6;103;43, RUE DE TURENNE;;;;750
45557;201300050586;13;12;21;2240;5;2;2;2.0;3;103;64, RUE REAUMUR;;;;750
45558;201300050589;13;1;6;1500;1;2;7;8.0;3;104;2, PLACE DU CHATELET;;;;750
45559;201300050590;13;1;10;1735;5;2;2;2.0;6;104;39, RUE SAINT ANTOINE;;;;750
45560;201300050591;13;1;11;1730;5;2;1;1.0;6;104;29 bis, RUE DES FRANCS B;;;;750
45561;201300050592;13;1;16;1555;1;2;3;8.0;3;104;45, RUE FRANCOIS MIRON;;;;750
45562;201300050593;13;1;26;710;5;2;3;1.0;6;104;39, BOULEVARD BOURDON;;;;750
45563;201300050594;13;1;28;1930;5;2;4;1.0;6;104;VOIE GEORGES POMPIDOU;;;;750
45564;201300050595;13;1;29;805;2;2;7;2.0;3;104;03, PLACE DE LA BASTILLE;;;;750
45565;201300050597;13;2;3;2029;5;2;1;2.0;6;104;QUAI DE L HOTEL DE VILLE;;;;750
45566;201300050598;13;2;4;1125;1;2;2;2.0;7;104;29, RUE DES ARCHIVES;;;;750
45567;201300050599;13;2;5;1155;1;2;5;1.0;2;104;96, RUE DE RIVOLI;;;;750
45568;201300050600;13;2;7;1245;1;2;2;1.0;7;104;QUAI DE L HOTEL DE VILLE;;;;750
45569;201300050601;13;2;10;500;5;2;4;1.0;6;104;RUE DU RENARD;;;;750
45570;201300050602;13;2;13;1015;1;2;1;1.0;6;104;33, RUE DE RIVOLI;;;;750
45571;201300050603;13;2;15;910;1;2;7;1.0;7;104;PLACE DE LA BASTILLE;;;;750
45572;201300050604;13;2;15;1245;1;2;1;1.0;6;104;40, QUAI DES CELESTINS;;;;750
45573;201300050605;13;2;19;1055;1;2;1;1.0;7;103;7, PLACE DE LA REPUBLIQU;;;;750
45574;201300050606;13;2;20;1720;1;2;2;1.0;2;104;24, RUE SAINT ANTOINE;;;;750
45575;201300050607;13;2;26;2030;5;2;2;1.0;6;104;20, RUE BEAUBOURG;;;;750
45576;201300050608;13;2;27;1720;1;2;1;1.0;6;104;20, RUE DE TURENNE;;;;750
45577;201300050610;13;3;3;1820;5;2;3;1.0;2;104;RUE DE RIVOLI;;;;750
45578;201300050611;13;3;4;1640;1;2;2;1.0;3;104;86, RUE SAINT ANTOINE;;;;750
45579;201300050612;13;3;9;235;5;2;4;1.0;6;104;23, RUE DU RENARD;;;;750
45580;201300050613;13;3;11;2015;5;2;1;3.0;2;104;4, RUE DE LOBAU;;;;750
45581;201300050614;13;3;12;1530;1;2;1;4.0;6;104;4, QUAI DES CELESTINS;;;;750
45582;201300050615;13;3;12;2030;5;2;3;4.0;6;104;113, RUE SAINT ANTOINE;;;;750
45583;201300050616;13;3;14;345;5;2;2;1.0;6;104;2, RUE DE RIVOLI;;;;750
45584;201300050617;13;3;14;815;1;2;3;1.0;6;104;2, RUE BEAUBOURG;;;;750
45585;201300050618;13;3;15;1645;1;2;2;1.0;3;104;02, BOULEVARD MORLAND;;;;750
45586;201300050619;13;3;20;920;1;2;2;1.0;2;104;21, BOULEVARD MORLAND;;;;750
45587;201300050620;13;3;23;2350;5;2;5;1.0;3;104;BOULEVARD DE SEBASTOPOL;;;;750
45588;201300050621;13;3;28;940;1;2;3;1.0;7;104;6, RUE SAINT ANTOINE;;;;750
45589;201300050622;13;4;2;1540;1;2;3;1.0;3;104;33, BOULEVARD BOURDON;;;;750
45590;201300050623;13;4;6;1;5;2;3;1.0;2;101;59, BOULEVARD DE SEBASTO;;;;750
45591;201300050624;13;4;7;230;5;2;3;1.0;6;104;RUE DE RIVOLI;;;;750
45592;201300050625;13;4;8;2150;5;2;1;9.0;6;104;VOIE GEORGES POMPIDOU;;;;750
45593;201300050627;13;4;11;1615;1;2;1;2.0;4;104;40, RUE DE RIVOLI;;;;750
45594;201300050628;13;4;12;1500;1;2;5;1.0;6;104;05, BOULEVARD HENRI IV;;;;750
45595;201300050629;13;4;13;55;5;2;2;1.0;3;104;RUE PAVEE;;;;750
45596;201300050630;13;4;13;100;5;2;5;1.0;6;104;QUAI DE L HOTEL DE VILLE;;;;750
45597;201300050631;13;4;19;915;1;2;7;1.0;4;104;3, PLACE DE LA BASTILLE;;;;750
45598;201300050632;13;4;25;740;1;2;7;1.0;3;104;PLACE DE LA BASTILLE;;;;750
45599;201300050633;13;4;27;1350;1;2;2;1.0;6;101;65, RUE SAINT HONORE;;;;750
45600;201300050634;13;4;28;1955;1;2;1;1.0;3;104;04, RUE DE RIVOLI;;;;750
45601;201300050635;13;4;29;1516;1;2;2;1.0;2;104;34, BOULEVARD HENRI IV;;;;750
45602;201300050636;13;5;2;1535;1;2;3;1.0;6;101;9, BOULEVARD DE SEBASTOP;;;;750
45603;201300050637;13;5;15;1050;1;2;3;1.0;3;104;15, AVENUE VICTORIA;;;;750
45604;201300050638;13;5;15;1750;1;2;2;1.0;3;104;RUE MORNAY;;;;750
45605;201300050639;13;5;22;925;1;2;1;1.0;2;104;QUAI DE L HOTEL DE VILLE;;;;750
45606;201300050640;13;5;22;1445;1;2;1;1.0;3;104;66, RUE SAINT ANTOINE;;;;750
45607;201300050641;13;5;31;15;5;2;7;2.0;7;104;16, QUAI DE GESVRES;;;;750
45608;201300050642;13;6;1;1430;1;2;3;1.0;6;104;PONT PETIT PONT;;;;750
45609;201300050643;13;6;2;845;1;2;1;1.0;6;104;02, VOIE GEORGES POMPIDO;;;;750
45610;201300050644;13;6;4;1200;1;2;2;1.0;6;104;35, RUE DE RIVOLI;;;;750
45611;201300050645;13;6;4;1500;1;2;3;1.0;2;104;03, RUE DE TURENNE;;;;750
45612;201300050646;13;6;4;1900;1;2;2;1.0;3;104;11, RUE DU TEMPLE;;;;750
45613;201300050647;13;6;5;2240;5;2;1;1.0;3;104;21, RUE DES TOURNELLES;;;;750
45614;201300050648;13;6;7;1630;1;2;1;1.0;3;104;11, BOULEVARD BOURDON;;;;750
45615;201300050649;13;6;7;2030;1;2;2;1.0;6;104;11, BOULEVARD DU PALAIS;;;;750
45616;201300050650;13;6;8;1530;1;2;1;1.0;2;104;16, BOULEVARD DE SEBASTO;;;;750
45617;201300050651;13;6;9;1615;1;2;2;1.0;6;104;5, RUE DE LA CERISAIE;;;;750
45618;201300050652;13;6;12;1120;1;2;2;1.0;6;104;15, RUE DU RENARD;;;;750
45619;201300050654;13;6;13;1000;1;2;1;8.0;3;104;25, BOULEVARD BEAUMARCHA;;;;750
45620;201300050655;13;6;14;2150;5;2;3;1.0;3;104;BOULEVARD DE SEBASTOPOL;;;;750
45621;201300050656;13;6;17;1800;1;2;2;3.0;2;104;/, QUAI DE GESVRES;;;;750
45622;201300050657;13;6;25;2020;1;2;3;1.0;2;104;20, RUE DU RENARD;;;;750
45623;201300050658;13;6;25;2000;1;2;7;1.0;6;104;2, QUAI DE GESVRES;;;;750
45624;201300050659;13;6;26;2310;5;2;2;1.0;6;104;42, BOULEVARD HENRI IV;;;;750
45625;201300050660;13;6;29;515;4;2;3;1.0;6;104;27, BOULEVARD BOURDON;;;;750
45626;201300050661;13;6;26;1350;1;2;2;1.0;2;103;33, BOULEVARD BEAUMARCHA;;;;750
45627;201300050662;13;7;5;115;5;2;2;1.0;3;104;PONT DE SULLY;;;;750
45628;201300050663;13;7;8;2110;2;2;1;1.0;3;104;PONT NOTRE DAME;;;;750
45629;201300050664;13;7;14;250;5;2;2;1.0;6;104;74, RUE DE RIVOLI;;;;750
45630;201300050665;13;7;16;1320;1;2;1;1.0;6;104;16, RUE CHANOINESSE;;;;750
45631;201300050666;13;7;18;1500;1;2;2;1.0;6;104;RUE DE RIVOLI;;;;750
45632;201300050667;13;7;18;2259;5;2;3;1.0;3;104;RUE MALHER;;;;750
45633;201300050668;13;7;20;1530;1;2;3;1.0;2;104;29, BOULEVARD BEAUMARCHA;;;;750
45634;201300050669;13;7;22;1805;1;2;3;1.0;7;104;04, BOULEVARD DE SEBASTO;;;;750
45635;201300050670;13;7;28;935;1;2;1;1.0;6;104;14, BOULEVARD HENRI IV;;;;750
45636;201300050671;13;7;31;920;1;2;2;1.0;2;104;1, QUAI AUX FLEURS;;;;750
45637;201300050672;13;8;4;2330;5;2;1;1.0;7;101;SOUTERRAIN TRANSIT HALLE;;;;750
45638;201300050673;13;8;7;1810;1;2;5;1.0;7;104;2, QUAI DES CELESTINS;;;;750
45639;201300050674;13;8;13;525;5;2;3;1.0;6;104;QUAI DE L HOTEL DE VILLE;;;;750
45640;201300050675;13;8;13;1410;1;2;1;1.0;6;104;76, RUE DE RIVOLI;;;;750
45641;201300050676;13;8;20;1335;1;2;2;1.0;3;104;11, AVENUE VICTORIA;;;;750
45642;201300050677;13;8;21;1905;1;2;3;1.0;3;104;44, RUE DE RIVOLI;;;;750
45643;201300050678;13;8;22;800;1;2;7;1.0;6;104;03, BOULEVARD BEAUMARCHA;;;;750
45644;201300050679;13;8;24;825;1;2;3;1.0;3;104;66, RUE DE RIVOLI;;;;750
45645;201300050680;13;8;25;210;5;2;1;3.0;6;104;QUAI DE L HOTEL DE VILLE;;;;750
45646;201300050681;13;8;30;1445;1;2;2;1.0;3;104;51, RUE VIEILLE DU TEMPL;;;;750
45647;201300050682;13;9;1;25;5;2;2;1.0;3;104;52, RUE DE RIVOLI;;;;750
45648;201300050683;13;9;4;1200;1;2;2;1.0;3;104;15, RUE D ARCOLE;;;;750
45649;201300050684;13;9;5;1145;1;2;5;1.0;2;104;1, QUAI DE L HOTEL DE VI;;;;750
45650;201300050685;13;9;9;1652;1;2;1;2.0;6;104;4, RUE DE LOBAU;;;;750
45651;201300050686;13;9;10;110;3;2;5;1.0;3;104;10, BOULEVARD DE SEBASTO;;;;750
45652;201300050687;13;9;12;2042;5;2;1;1.0;6;104;44, RUE DE RIVOLI;;;;750
45653;201300050688;13;9;13;1715;1;2;1;2.0;3;104;16, QUAI DE GESVRES;;;;750
45654;201300050689;13;9;16;1900;1;2;3;3.0;2;104;33, BOULEVARD BOURDON;;;;750
45655;201300050690;13;9;20;1505;1;2;1;1.0;7;104;23, BOULEVARD BEAUMARCHA;;;;750
45656;201300050691;13;9;21;200;5;2;2;1.0;7;104;88, RUE DE RIVOLI;;;;750
45657;201300050693;13;9;21;1600;1;2;2;1.0;6;101;BOULEVARD DE SEBASTOPOL;;;;750
45658;201300050694;13;9;30;1340;1;2;2;1.0;3;104;2, BOULEVARD HENRI IV;;;;750
45659;201300050695;13;10;2;820;1;2;2;1.0;6;104;40, RUE VIEILLE DU TEMPL;;;;750
45660;201300050697;13;10;11;1230;1;2;1;2.0;3;104;4 bis, BOULEVARD MORLAND;;;;750
45661;201300050698;13;10;13;915;1;2;2;1.0;2;104;7, BOULEVARD DE SEBASTOP;;;;750
45662;201300050699;13;10;14;23;5;2;1;1.0;6;104;5, RUE DE LOBAU;;;;750
45663;201300050700;13;10;15;750;2;2;2;1.0;3;104;RUE AUBRY LE BOUCHER;;;;750
45664;201300050701;13;10;15;1845;5;2;3;1.0;3;104;25, PLACE DES VOSGES;;;;750
45665;201300050702;13;10;16;800;2;2;1;1.0;6;104;17, BOULEVARD MORLAND;;;;750
45666;201300050703;13;10;21;1425;1;2;2;2.0;7;104;60, QUAI DE L HOTEL DE V;;;;750
45667;201300050704;13;10;21;1600;1;2;2;1.0;3;104;33, BOULEVARD BOURDON;;;;750
45668;201300050705;13;10;22;1615;1;2;2;1.0;3;104;4, BOULEVARD DE SEBASTOP;;;;750
45669;201300050706;13;10;25;1915;5;2;2;2.0;6;104;1, RUE DE RIVOLI;;;;750
45670;201300050707;13;10;26;1025;1;2;1;1.0;6;104;76, RUE DE RIVOLI;;;;750
45671;201300050708;13;10;26;1820;1;2;7;1.0;6;104;16, QUAI DE GESVRES;;;;750
45672;201300050709;13;10;27;225;5;2;2;1.0;6;104;14, BOULEVARD DE SEBASTO;;;;750
45673;201300050711;13;10;30;1248;1;2;1;1.0;3;104;28, BOULEVARD DE SEBASTO;;;;750
45674;201300050712;13;10;31;945;1;2;2;1.0;3;104;QUAI DE L HOTEL DE VILLE;;;;750
45675;201300050713;13;11;2;1415;1;2;1;2.0;2;104;08, QUAI DE GESVRES;;;;750
45676;201300050714;13;11;8;1600;1;2;3;1.0;2;104;64, RUE DE RIVOLI;;;;750
45677;201300050715;13;11;8;2100;5;2;7;2.0;3;104;PLACE DE LA BASTILLE;;;;750
45678;201300050718;13;11;18;1140;1;2;2;8.0;3;109;RUE DE ROCHECHOUART;;;;750
45679;201300050719;13;11;18;2020;5;2;2;1.0;3;104;BOULEVARD HENRI IV;;;;750
45680;201300050720;13;11;21;855;1;2;2;2.0;6;104;QUAI AUX FLEURS;;;;750
45681;201300050722;13;11;27;725;5;2;3;1.0;6;104;05, BOULEVARD HENRI IV;;;;750
45682;201300050723;13;11;28;1057;1;2;1;1.0;6;104;4, RUE DES BARRES;;;;750
45683;201300050724;13;11;28;1545;1;2;3;8.0;3;104;02, RUE BEAUBOURG;;;;750
45684;201300050725;13;11;28;1625;1;2;1;8.0;6;104;28, RUE DE RIVOLI;;;;750
45685;201300050726;13;12;1;2150;5;2;2;1.0;3;104;9, RUE DES ARCHIVES;;;;750
45686;201300050728;13;12;4;1450;1;2;7;1.0;3;104;PLACE DE LA BASTILLE;;;;750
45687;201300050729;13;12;5;1115;1;2;2;1.0;6;104;82, RUE SAINT ANTOINE;;;;750
45688;201300050730;13;12;6;2315;5;2;2;1.0;3;104;29, BOULEVARD BEAUMARCHA;;;;750