;Num_Acc;an;mois;jour;hrmn;lum;agg;int;atm;col;com;adr;gps;lat;long;dep
45689;201300050731;13;12;11;945;1;2;2;1.0;3;104;2, QUAI DES CELESTINS;;;;750
45690;201300050732;13;12;12;1505;1;2;2;1.0;6;104;PONT DE LA TOURNELLE;;;;750
45691;201300050733;13;12;12;2252;5;2;3;1.0;6;104;10, RUE DU RENARD;;;;750
45692;201300050734;13;12;12;1325;1;2;1;1.0;3;104;52, RUE DES ARCHIVES;;;;750
45693;201300050735;13;12;19;1945;5;2;2;1.0;3;104;RUE DE RIVOLI;;;;750
45694;201300050737;13;12;26;2000;5;2;2;1.0;6;103;28, RUE DE TURBIGO;;;;750
45695;201300050738;13;12;30;1734;2;2;2;2.0;6;104;2, RUE DE LOBAU;;;;750
45696;201300050739;13;12;30;2155;5;2;2;1.0;3;104;RUE SAINT MARTIN;;;;750
45697;201300050740;13;12;31;1850;5;2;2;2.0;6;109;1, RUE LAFFITTE;;;;750
45698;201300050741;13;1;1;236;5;2;2;2.0;6;105;14, BOULEVARD DE PORT RO;;;;750
45699;201300050742;13;1;10;923;1;2;2;1.0;7;105;22, BOULEVARD SAINT MICH;;;;750
45700;201300050743;13;1;10;1535;1;2;1;2.0;3;105;12, PLACE DU PANTHEON;;;;750
45701;201300050744;13;1;10;1605;1;2;2;2.0;2;105;26, BOULEVARD SAINT GERM;;;;750
45702;201300050745;13;1;14;1325;1;2;5;1.0;3;105;1, QUAI SAINT MICHEL;;;;750
45703;201300050747;13;1;23;1556;1;2;1;1.0;3;105;74, BOULEVARD DE PORT RO;;;;750
45704;201300050748;13;1;28;1155;1;2;5;1.0;6;105;14, RUE MONGE;;;;750
45705;201300050750;13;1;30;1405;1;2;1;2.0;6;105;20, RUE MONGE;;;;750
45706;201300050751;13;1;30;1650;1;2;3;1.0;6;105;70, BOULEVARD SAINT MARC;;;;750
45707;201300050752;13;1;31;440;4;2;2;1.0;3;105;38, RUE SAINT JACQUES;;;;750
45708;201300050753;13;1;31;1510;1;2;2;2.0;6;105;9, RUE SOUFFLOT;;;;750
45709;201300050754;13;2;2;2050;5;2;1;2.0;7;105;87, BOULEVARD DE PORT RO;;;;750
45710;201300050755;13;2;3;2035;5;2;1;2.0;2;105;66, BOULEVARD DE PORT RO;;;;750
45711;201300050756;13;2;4;1705;1;2;1;1.0;3;105;PONT DE SULLY;;;;750
45712;201300050757;13;2;5;1655;1;2;2;1.0;3;105;20, BOULEVARD DE PORT RO;;;;750
45713;201300050758;13;2;6;2224;5;2;1;2.0;3;105;23, QUAI SAINT BERNARD;;;;750
45714;201300050759;13;2;7;1245;1;2;1;1.0;6;105;89, BOULEVARD SAINT MICH;;;;750
45715;201300050760;13;2;12;2335;5;2;2;1.0;3;105;96, BOULEVARD DE PORT RO;;;;750
45716;201300050761;13;2;13;1550;1;2;2;1.0;6;105;133, BOULEVARD SAINT MIC;;;;750
45717;201300050762;13;2;16;1433;1;2;1;1.0;7;105;221, RUE SAINT JACQUES;;;;750
45718;201300050763;13;2;17;243;5;2;2;1.0;3;105;33, BOULEVARD SAINT GERM;;;;750
45719;201300050764;13;2;18;840;1;2;2;1.0;2;105;23, RUE SOUFFLOT;;;;750
45720;201300050765;13;2;18;1210;1;2;1;1.0;3;105;12bis, AVENUE DES GOBELI;;;;750
45721;201300050766;13;2;19;1040;1;2;1;1.0;6;105;55, RUE SAINT JACQUES;;;;750
45722;201300050767;13;2;21;915;1;2;4;1.0;7;105;2, RUE BUFFON;;;;750
45723;201300050768;13;2;22;1344;1;2;2;1.0;3;105;AVENUE DES GOBELINS;;;;750
45724;201300050769;13;2;23;1632;1;2;1;4.0;6;105;72, RUE MOUFFETARD;;;;750
45725;201300050770;13;2;23;1350;1;2;1;1.0;2;105;63, RUE CLAUDE BERNARD;;;;750
45726;201300050771;13;2;24;1200;1;2;2;4.0;6;105;19, QUAI DE LA TOURNELLE;;;;750
45727;201300050772;13;3;6;1920;5;2;2;2.0;6;105;137, BOULEVARD SAINT MIC;;;;750
45728;201300050773;13;3;9;2214;5;2;1;1.0;6;105;36, RUE DES ECOLES;;;;750
45729;201300050774;13;3;8;1810;5;2;5;5.0;7;105;702, RUE MONGE;;;;750
45730;201300050775;13;3;22;35;5;2;1;1.0;6;105;25, QUAI DE LA TOURNELLE;;;;750
45731;201300050776;13;3;23;1700;1;2;7;1.0;2;105;47 ter, BOULEVARD SAINT;;;;750
45732;201300050777;13;3;25;1230;1;2;2;1.0;6;105;53, RUE HENRI BARBUSSE;;;;750
45733;201300050778;13;3;29;1930;5;2;4;1.0;3;105;2, BOULEVARD DE L HOPITA;;;;750
45734;201300050779;13;4;2;1948;2;2;2;1.0;2;105;125, RUE SAINT JACQUES;;;;750
45735;201300050780;13;4;6;35;5;2;3;1.0;6;105;7, AVENUE DES GOBELINS;;;;750
45736;201300050781;13;4;6;1525;1;2;1;1.0;6;105;4, RUE DES FOSSES SAINT;;;;750
45737;201300050783;13;4;9;1252;1;2;5;2.0;1;106;BOULEVARD SAINT MICHEL;;;;750
45738;201300050785;13;4;9;2130;5;2;2;1.0;1;105;RUE CLAUDE BERNARD;;;;750
45739;201300050786;13;4;10;1645;1;2;2;2.0;3;105;QUAI SAINT BERNARD;;;;750
45740;201300050787;13;4;12;2025;2;2;1;2.0;2;113;0, BOULEVARD PERIPHERIQU;;;;750
45741;201300050788;13;4;13;1725;1;2;2;2.0;6;105;21, BOULEVARD SAINT GERM;;;;750
45742;201300050789;13;4;14;1350;1;2;4;7.0;6;105;7, RUE LAGRANGE;;;;750
45743;201300050790;13;4;17;2009;1;2;5;1.0;7;105;73, BOULEVARD SAINT GERM;;;;750
45744;201300050791;13;4;20;1350;1;2;2;1.0;6;105;RUE GAY LUSSAC;;;;750
45745;201300050792;13;4;20;1420;1;2;2;1.0;6;105;77 bis, RUE MONGE;;;;750
45746;201300050795;13;4;25;1830;1;2;1;1.0;6;105;4, RUE DU PETIT PONT;;;;750
45747;201300050796;13;4;25;2220;5;2;5;1.0;3;113;RUE DE TOLBIAC;;;;750
45748;201300050797;13;4;26;1505;1;2;1;1.0;3;105;RUE BUFFON;;;;750
45749;201300050798;13;4;26;1625;1;2;1;2.0;7;105;30, RUE SAINT JACQUES;;;;750
45750;201300050799;13;4;26;1916;1;2;2;2.0;6;105;82, RUE MONGE;;;;750
45751;201300050800;13;4;26;1904;1;2;7;2.0;6;105;1, RUE SOUFFLOT;;;;750
45752;201300050801;13;4;28;1120;1;2;3;1.0;3;105;45, RUE JUSSIEU;;;;750
45753;201300050802;13;4;30;1745;1;2;2;2.0;7;105;46, BOULEVARD SAINT GERM;;;;750
45754;201300050803;13;5;3;1000;1;2;1;1.0;3;105;BOULEVARD SAINT MARCEL;;;;750
45755;201300050804;13;5;5;255;5;2;5;1.0;6;105;67, BOULEVARD SAINT GERM;;;;750
45756;201300050805;13;5;6;1255;1;2;2;2.0;3;105;34, RUE LHOMOND;;;;750
45757;201300050807;13;5;7;1410;1;2;5;1.0;6;105;69, BOULEVARD SAINT GERM;;;;750
45758;201300050808;13;5;7;1551;1;2;3;1.0;6;105;93, RUE MONGE;;;;750
45759;201300050809;13;5;16;901;1;2;2;2.0;6;105;02, RUE DES ECOLES;;;;750
45760;201300050811;13;5;19;1335;1;2;1;1.0;6;105;55, RUE GEOFFROY SAINT H;;;;750
45761;201300050812;13;5;22;2105;3;2;2;8.0;3;105;RUE SAINT JACQUES;;;;750
45762;201300050813;13;5;27;1940;1;2;7;1.0;6;105;74, RUE MONGE;;;;750
45763;201300050814;13;5;28;1311;1;2;1;2.0;3;105;22bis, BOULEVARD SAINT M;;;;750
45764;201300050817;13;5;31;1820;1;2;1;1.0;5;105;82, BOULEVARD SAINT MARC;;;;750
45765;201300050820;13;6;4;1906;1;2;5;1.0;6;105;31, RUE MONGE;;;;750
45766;201300050821;13;6;6;1620;1;2;2;1.0;6;105;26, BOULEVARD SAINT GERM;;;;750
45767;201300050822;13;6;12;1922;1;2;3;1.0;3;105;212, RUE SAINT JACQUES;;;;750
45768;201300050823;13;6;14;715;1;2;5;1.0;6;105;53, RUE DU CARDINAL LEMO;;;;750
45769;201300050824;13;6;19;2223;5;2;3;1.0;6;105;179, RUE SAINT JACQUES;;;;750
45770;201300050825;13;6;21;220;5;2;2;3.0;6;105;12, BOULEVARD DE L HOPIT;;;;750
45771;201300050826;13;6;23;1920;1;2;1;2.0;6;105;7, RUE DE LA SORBONNE;;;;750
45772;201300050827;13;6;24;1510;1;2;7;1.0;2;105;33, PLACE MAUBERT;;;;750
45773;201300050828;13;6;24;2040;2;2;1;1.0;1;105;61, RUE CLAUDE BERNARD;;;;750
45774;201300050829;13;6;25;2251;5;2;2;1.0;6;106;147, BOULEVARD RASPAIL;;;;750
45775;201300050830;13;6;25;932;1;2;1;8.0;6;105;32, RUE DE L ARBALETE;;;;750
45776;201300050831;13;6;25;1025;1;2;1;1.0;2;105;12, RUE DU CARDINAL LEMO;;;;750
45777;201300050832;13;6;26;1218;1;2;1;1.0;2;105;314, RUE SAINT JACQUES;;;;750
45778;201300050833;13;7;1;640;1;2;3;1.0;6;105;RUE DES CARMES;;;;750
45779;201300050834;13;7;1;1800;1;2;1;1.0;6;105;36, BOULEVARD SAINT MARC;;;;750
45780;201300050835;13;7;2;1635;1;2;2;1.0;3;105;14, BOULEVARD SAINT GERM;;;;750
45781;201300050836;13;7;7;1415;1;2;2;1.0;3;105;RUE MONGE;;;;750
45782;201300050837;13;7;7;2038;1;2;7;1.0;3;105;RUE SAINT JACQUES;;;;750
45783;201300050838;13;7;8;1820;1;2;1;1.0;3;105;30, RUE BERTHOLLET;;;;750
45784;201300050839;13;7;10;1127;1;2;1;1.0;6;105;9, QUAI SAINT BERNARD;;;;750
45785;201300050840;13;7;13;1725;1;2;5;1.0;7;105;101, RUE MONGE;;;;750
45786;201300050841;13;7;17;2330;5;2;1;1.0;6;105;33, RUE DES ECOLES;;;;750
45787;201300050842;13;7;18;1430;1;2;2;1.0;3;105;107, BOULEVARD SAINT MIC;;;;750
45788;201300050843;13;7;19;1824;1;2;2;1.0;6;105;3, QUAI SAINT MICHEL;;;;750
45789;201300050844;13;7;21;1645;1;2;2;1.0;2;105;BOULEVARD SAINT MICHEL;;;;750
45790;201300050845;13;7;23;1032;1;2;1;1.0;2;105;64, BOULEVARD DE PORT RO;;;;750
45791;201300050846;13;7;25;1719;1;2;5;1.0;2;105;14 bis, BOULEVARD DE L H;;;;750
45792;201300050847;13;7;29;650;1;2;2;1.0;6;105;18, BOULEVARD DE L HOPIT;;;;750
45793;201300050848;13;7;31;923;1;2;1;1.0;2;105;35, RUE JUSSIEU;;;;750
45794;201300050849;13;8;1;1250;1;2;2;1.0;3;105;37, RUE CLAUDE BERNARD.;;;;750
45795;201300050850;13;8;1;1950;1;2;5;1.0;6;105;17, RUE MONGE;;;;750
45796;201300050851;13;8;3;1120;1;2;2;1.0;3;105;BOULEVARD SAINT MICHEL;;;;750
45797;201300050852;13;8;4;1031;1;2;2;1.0;4;105;63, BOULEVARD SAINT MICH;;;;750
45798;201300050853;13;8;22;1310;1;2;2;1.0;3;105;263, RUE SAINT JACQUES;;;;750
45799;201300050854;13;8;30;925;1;2;1;1.0;3;105;37, QUAI DE LA TOURNELLE;;;;750
45800;201300050855;13;8;31;2020;3;2;2;1.0;2;105;100, BOULEVARD SAINT GER;;;;750
45801;201300050856;13;9;9;700;2;2;2;1.0;6;105;1, QUAI SAINT MICHEL;;;;750
45802;201300050857;13;9;14;645;5;2;3;2.0;7;105;296, RUE SAINT JACQUES;;;;750
45803;201300050858;13;9;16;940;1;2;2;1.0;6;105;1, RUE SAINT JACQUES;;;;750
45804;201300050859;13;9;16;1330;1;2;1;1.0;2;105;14, RUE DU CARDINAL LEMO;;;;750
45805;201300050860;13;9;16;1755;1;2;3;2.0;3;105;BOULEVARD SAINT MARCEL;;;;750
45806;201300050861;13;9;19;2035;5;2;2;1.0;3;105;15, RUE DES FEUILLANTINE;;;;750
45807;201300050862;13;9;21;225;5;2;1;1.0;6;105;01, RUE MONGE;;;;750
45808;201300050863;13;9;22;2205;5;2;5;1.0;6;105;92, BOULEVARD SAINT MARC;;;;750
45809;201300050864;13;9;23;1325;1;2;5;1.0;3;105;113, RUE MONGE;;;;750
45810;201300050865;13;9;26;1825;1;2;3;1.0;6;105;36, RUE GEOFFROY SAINT H;;;;750
45811;201300050866;13;9;27;344;5;2;1;1.0;6;106;95, BOULEVARD SAINT GERM;;;;750
45812;201300050867;13;9;27;2325;5;2;7;1.0;7;105;2, PLACE MONGE;;;;750
45813;201300050868;13;9;28;110;5;2;2;8.0;6;105;139, BOULEVARD SAINT MIC;;;;750
45814;201300050869;13;9;28;2100;5;2;2;1.0;6;105;BOULEVARD SAINT GERMAIN;;;;750
45815;201300050870;13;9;29;1845;2;2;5;2.0;7;105;14 bis, BOULEVARD DE L H;;;;750
45816;201300050871;13;9;30;1115;1;2;1;1.0;6;105;BOULEVARD DE PORT ROYAL;;;;750
45817;201300050872;13;9;30;1635;1;2;1;1.0;6;105;137, BOULEVARD SAINT MIC;;;;750
45818;201300050873;13;10;1;1540;1;2;1;1.0;6;105;17, RUE HENRI BARBUSSE;;;;750
45819;201300050874;13;10;5;150;5;2;1;1.0;6;105;74, BOULEVARD SAINT MARC;;;;750
45820;201300050875;13;10;6;550;5;2;2;1.0;3;105;2, PLACE DU PETIT PONT;;;;750
45821;201300050876;13;10;8;850;1;2;1;1.0;3;105;03, RUE DU FER A MOULIN;;;;750
45822;201300050878;13;10;9;2020;5;2;7;2.0;6;105;47, BOULEVARD SAINT MICH;;;;750
45823;201300050879;13;10;11;1908;2;2;2;8.0;3;105;56, RUE SAINT JACQUES;;;;750
45824;201300050880;13;10;12;1129;1;2;1;1.0;3;105;37, RUE MONGE;;;;750
45825;201300050881;13;10;14;1835;2;2;4;1.0;6;105;39, RUE LINNE;;;;750
45826;201300050882;13;10;18;1555;1;2;2;1.0;3;105;24, RUE MONGE;;;;750
45827;201300050883;13;10;19;2218;5;2;2;1.0;3;105;BOULEVARD SAINT MICHEL;;;;750
45828;201300050884;13;10;21;1500;1;2;2;8.0;2;105;84, BOULEVARD DE PORT RO;;;;750
45829;201300050885;13;10;23;1900;2;2;1;1.0;2;105;18, RUE DES FOSSES SAINT;;;;750
45830;201300050886;13;10;25;1425;1;2;2;8.0;6;105;09, QUAI SAINT BERNARD;;;;750
45831;201300050887;13;10;26;1300;1;2;3;1.0;6;105;71, BOULEVARD SAINT MICH;;;;750
45832;201300050888;13;10;26;1620;1;2;3;1.0;5;105;43, QUAI DE LA TOURNELLE;;;;750
45833;201300050889;13;10;28;1903;5;2;2;1.0;3;105;79, RUE MONGE;;;;750
45834;201300050890;13;10;29;1846;5;2;2;1.0;1;105;86, BOULEVARD DE PORT RO;;;;750
45835;201300050891;13;10;31;1200;1;2;2;1.0;3;105;19, QUAI DE LA TOURNELLE;;;;750
45836;201300050892;13;11;2;1945;5;2;3;2.0;6;106;79, RUE DE RENNES;;;;750
45837;201300050893;13;11;2;2028;5;2;5;2.0;6;105;23, AVENUE DES GOBELINS;;;;750
45838;201300050894;13;11;9;2144;5;2;2;1.0;6;105;137, BOULEVARD SAINT MIC;;;;750
45839;201300050895;13;11;12;1135;1;2;7;2.0;2;105;77bis, RUE MONGE;;;;750
45840;201300050896;13;11;13;1940;5;2;1;1.0;6;105;93, BOULEVARD DE PORT RO;;;;750
45841;201300050897;13;11;14;1330;1;2;3;2.0;6;105;46, RUE DES FOSSES SAINT;;;;750
45842;201300050898;13;11;18;1205;1;2;2;1.0;6;105;66, RUE MONGE;;;;750
45843;201300050899;13;11;20;1935;5;2;5;2.0;6;105;31, AVENUE GEORGES BERNA;;;;750
45844;201300050900;13;11;21;1520;1;2;1;8.0;2;105;3, QUAI SAINT MICHEL;;;;750
45845;201300050901;13;11;21;1715;5;2;1;2.0;6;105;93, BOULEVARD DE PORT RO;;;;750
45846;201300050902;13;11;21;1855;5;2;1;2.0;3;105;9, BOULEVARD SAINT MICHE;;;;750
45847;201300050903;13;11;22;46;5;2;5;1.0;3;105;BOULEVARD DE PORT ROYAL;;;;750
45848;201300050904;13;11;22;2015;5;2;4;1.0;7;113;RUE DU JAVELOT;;;;750
45849;201300050905;13;11;24;1845;5;2;1;1.0;3;105;17, RUE GAY LUSSAC;;;;750
45850;201300050906;13;11;26;2010;5;2;1;1.0;7;113;13, RUE BAUDRICOURT;;;;750
45851;201300050907;13;11;30;1730;5;2;3;1.0;2;105;63, BOULEVARD SAINT GERM;;;;750
45852;201300050908;13;12;2;1658;1;2;2;1.0;5;105;0, RUE MONGE;;;;750
45853;201300050910;13;12;6;930;1;2;7;1.0;2;105;1, PLACE SAINT MICHEL;;;;750
45854;201300050911;13;12;8;2045;5;2;5;1.0;6;113;33, BOULEVARD KELLERMANN;;;;750
45855;201300050912;13;12;19;1515;1;2;3;1.0;6;105;82, BOULEVARD SAINT MARC;;;;750
45856;201300050913;13;12;20;1925;5;2;1;1.0;3;106;86, BOULEVARD SAINT MICH;;;;750
45857;201300050914;13;12;22;1549;1;2;1;2.0;7;113;BOULEVARD PERIPHERIQUE I;;;;750
45858;201300050915;13;12;27;1115;1;2;2;2.0;7;105;15, RUE MONGE;;;;750
45859;201300050916;13;12;28;210;5;2;5;2.0;1;105;32, RUE SAINT JACQUES;;;;750
45860;201300050918;13;1;1;920;1;2;2;2.0;3;106;175, BOULEVARD SAINT GER;;;;750
45861;201300050920;13;1;2;2245;5;2;1;1.0;6;106;155 bis, RUE DE RENNES;;;;750
45862;201300050921;13;1;9;1005;1;2;4;1.0;6;106;87, RUE DE RENNES;;;;750
45863;201300050922;13;1;11;200;5;2;1;2.0;7;106;08, RUE SAINT PLACIDE;;;;750
45864;201300050923;13;1;12;1225;1;2;2;2.0;6;106;43, RUE DE VAUGIRARD;;;;750
45865;201300050924;13;1;17;1530;1;2;5;1.0;7;106;120, BOULEVARD SAINT GER;;;;750
45866;201300050925;13;1;18;850;1;2;2;8.0;7;106;121, BOULEVARD RASPAIL;;;;750
45867;201300050926;13;1;25;1023;1;2;1;1.0;6;106;17, RUE SEGUIER;;;;750
45868;201300050927;13;1;27;1605;1;2;2;8.0;3;106;139, BOULEVARD RASPAIL;;;;750
45869;201300050928;13;1;28;745;2;2;5;1.0;7;106;11, QUAI DE CONTI;;;;750
45870;201300050929;13;2;2;1600;1;2;3;1.0;7;106;53 bis, QUAI DES GRANDS;;;;750
45871;201300050930;13;2;8;1925;5;2;4;6.0;6;106;4, CARREFOUR ODEON;;;;750
45872;201300050931;13;2;17;55;5;2;4;1.0;6;106;156, BOULEVARD SAINT GER;;;;750
45873;201300050932;13;2;28;205;5;2;1;1.0;7;106;71, BOULEVARD RASPAIL;;;;750
45874;201300050933;13;3;8;1825;2;2;5;2.0;3;106;112, RUE DE RENNES;;;;750
45875;201300050934;13;3;15;1228;1;2;1;1.0;6;106;86, RUE DE SEVRES;;;;750
45876;201300050935;13;3;18;1210;1;2;1;2.0;7;106;19, RUE DE VAUGIRARD;;;;750
45877;201300050936;13;3;19;1838;1;2;5;1.0;3;106;2, PLACE MICHEL DEBRE;;;;750
45878;201300050937;13;3;21;1326;1;2;3;2.0;6;106;30, RUE SAINT BENOIT;;;;750
45879;201300050938;13;3;21;1710;1;2;3;1.0;6;106;03 bis, RUE DE L EPERON;;;;750
45880;201300050939;13;3;28;2132;5;2;3;1.0;7;106;17, RUE DE VAUGIRARD;;;;750
45881;201300050940;13;3;29;1413;1;2;3;1.0;3;106;69, RUE DE VAUGIRARD;;;;750
45882;201300050941;13;4;5;1320;1;2;2;1.0;3;106;83, BOULEVARD SAINT GERM;;;;750
45883;201300050942;13;4;5;1510;1;2;7;1.0;2;106;9, PLACE SAINT ANDRE DES;;;;750
45884;201300050943;13;4;7;500;5;2;5;1.0;3;113;BOULEVARD VINCENT AURIOL;;;;750
45885;201300050944;13;4;11;2110;5;2;1;2.0;6;106;15Bis, RUE DE VAUGIRARD;;;;750
45886;201300050945;13;4;12;2055;5;2;5;1.0;7;106;27, BOULEVARD DU MONTPAR;;;;750
45887;201300050946;13;4;15;1035;1;2;2;8.0;6;106;8, BOULEVARD SAINT MICHE;;;;750
45888;201300050947;13;4;15;1750;1;2;5;1.0;6;106;30, BOULEVARD SAINT MICH;;;;750
45889;201300050948;13;4;20;1430;1;2;1;1.0;6;106;64, BOULEVARD SAINT MICH;;;;750
45890;201300050949;13;4;20;1750;1;2;1;1.0;6;106;128, RUE DE RENNES;;;;750
45891;201300050950;13;4;22;950;1;2;5;1.0;3;106;25, BOULEVARD DU MONTPAR;;;;750
45892;201300050951;13;4;25;1645;1;2;1;1.0;3;106;90, RUE D ASSAS;;;;750
45893;201300050952;13;4;25;2220;5;2;5;1.0;7;106;18, RUE VAVIN;;;;750
45894;201300050953;13;4;29;725;1;2;3;1.0;2;106;23, QUAI DE CONTI;;;;750
45895;201300050954;13;5;2;1630;1;2;7;1.0;7;106;35, RUE NOTRE DAME DES C;;;;750
45896;201300050956;13;5;3;1850;1;2;3;1.0;6;106;4, RUE DE BUCI;;;;750
45897;201300050957;13;5;3;1340;1;2;2;1.0;6;106;85, BOULEVARD SAINT GERM;;;;750
45898;201300050958;13;5;4;2150;5;2;5;1.0;3;106;RUE VAVIN;;;;750
45899;201300050959;13;5;6;1715;1;2;7;1.0;6;106;171, RUE DE RENNES;;;;750
45900;201300050960;13;5;13;2035;1;2;7;1.0;6;106;156, BOULEVARD SAINT GER;;;;750
45901;201300050961;13;5;15;905;1;2;3;1.0;3;106;18, BOULEVARD SAINT MICH;;;;750
45902;201300050962;13;5;16;850;1;2;3;2.0;7;106;19, RUE DE VAUGIRARD;;;;750
45903;201300050963;13;5;20;1020;1;2;3;2.0;6;106;RUE GARANCIERE;;;;750
45904;201300050964;13;5;22;1105;1;2;3;1.0;6;106;15, RUE DU FOUR;;;;750
45905;201300050965;13;5;25;1515;1;2;2;3.0;1;106;68, RUE DE VAUGIRARD;;;;750
45906;201300050966;13;5;29;1110;1;2;3;1.0;3;106;QUAI DES GRANDS AUGUSTIN;;;;750
45907;201300050967;13;6;3;1425;1;2;1;1.0;3;106;16, RUE SAINT PLACIDE;;;;750
45908;201300050969;13;6;4;2050;1;2;4;1.0;3;106;RUE DE RENNES;;;;750
45909;201300050970;13;6;5;1820;1;2;1;1.0;6;106;68, RUE DE RENNES;;;;750
45910;201300050971;13;6;9;200;5;2;2;1.0;3;106;89, BOULEVARD DU MONTPAR;;;;750
45911;201300050972;13;6;14;1535;1;2;7;1.0;2;106;BOULEVARD SAINT GERMAIN;;;;750
45912;201300050973;13;6;19;930;1;2;2;1.0;2;105;2, BOULEVARD SAINT MICHE;;;;750
45913;201300050974;13;6;20;1100;1;2;2;2.0;2;106;1, RUE DE TOURNON;;;;750
45914;201300050975;13;6;23;1640;1;2;3;1.0;6;106;13, QUAI DE CONTI;;;;750
45915;201300050976;13;6;24;1500;1;2;3;1.0;6;106;24, RUE DAUPHINE;;;;750
45916;201300050977;13;6;25;1945;1;2;3;1.0;2;106;20, BOULEVARD SAINT MICH;;;;750
45917;201300050978;13;6;26;1540;1;2;1;1.0;6;106;53, RUE DU FOUR;;;;750
45918;201300050979;13;6;27;1330;1;2;7;1.0;2;106;145, BOULEVARD SAINT GER;;;;750
45919;201300050980;13;6;27;1500;1;2;2;1.0;1;106;28, RUE DE VAUGIRARD;;;;750
45920;201300050981;13;6;28;1617;1;2;7;1.0;2;106;2, PLACE SAINT MICHEL;;;;750
45921;201300050985;13;7;13;25;5;2;2;1.0;3;106;87, BOULEVARD DU MONTPAR;;;;750
45922;201300050986;13;7;14;1750;1;2;1;1.0;6;106;9, RUE DE MEDICIS;;;;750
45923;201300050987;13;7;15;15;5;2;4;1.0;7;106;150, RUE DE RENNES;;;;750
45924;201300050988;13;7;16;1215;1;2;5;1.0;6;106;63, RUE DE VAUGIRARD;;;;750
45925;201300050989;13;7;16;1855;1;2;5;1.0;6;106;51, RUE MAZARINE;;;;750
45926;201300050990;13;7;18;2345;5;2;2;1.0;2;113;17, AVENUE CLAUDE REGAUD;;;;750
45927;201300050991;13;7;19;1650;1;2;3;1.0;3;106;BOULEVARD RASPAIL;;;;750
45928;201300050992;13;7;20;58;4;2;1;1.0;6;106;172, BOULEVARD SAINT GER;;;;750
45929;201300050993;13;7;22;1305;1;2;1;1.0;6;106;11, RUE DE BUCI;;;;750
45930;201300050994;13;7;26;1725;1;2;1;1.0;2;106;145, RUE DE RENNES;;;;750
45931;201300050995;13;7;26;2020;1;2;2;1.0;3;106;112, RUE DE RENNES;;;;750
45932;201300050997;13;8;5;1455;1;2;3;8.0;6;106;11, QUAI DE CONTI;;;;750
45933;201300050998;13;8;5;1620;1;2;2;8.0;6;106;19, BOULEVARD DU MONTPAR;;;;750
45934;201300050999;13;8;7;2030;2;2;5;1.0;3;106;117, RUE DE RENNES;;;;750
45935;201300051000;13;8;8;1255;1;2;7;1.0;6;106;71, BOULEVARD DU MONTPAR;;;;750
45936;201300051002;13;8;11;1747;1;2;7;1.0;6;106;91, BOULEVARD SAINT GERM;;;;750
45937;201300051003;13;8;22;1955;1;2;5;1.0;6;106;132, RUE DE VAUGIRARD;;;;750
45938;201300051004;13;8;25;150;5;2;5;2.0;3;105;2, BOULEVARD SAINT MICHE;;;;750
45939;201300051006;13;9;1;1400;1;2;1;1.0;6;106;53, RUE DES SAINTS PERES;;;;750
45940;201300051007;13;9;4;1025;1;2;5;1.0;6;106;27, BOULEVARD DU MONTPAR;;;;750
45941;201300051008;13;9;8;640;5;2;1;1.0;6;106;151B, RUE DE RENNES;;;;750
45942;201300051010;13;9;13;1850;5;2;4;1.0;3;106;76, RUE D ASSAS;;;;750
45943;201300051011;13;9;17;2308;5;2;2;2.0;7;106;122, BOULEVARD SAINT GER;;;;750
45944;201300051012;13;9;18;225;5;2;2;2.0;3;106;146, BOULEVARD SAINT GER;;;;750
45945;201300051013;13;9;20;1413;1;2;2;1.0;2;106;6, BOULEVARD SAINT MICHE;;;;750
45946;201300051014;13;9;20;1720;1;2;2;1.0;3;106;55, RUE DE SEVRES;;;;750
45947;201300051015;13;9;22;1825;1;2;7;8.0;3;106;4, PLACE DE L ODEON;;;;750
45948;201300051016;13;9;24;1303;1;2;1;1.0;4;106;24, RUE DE VAUGIRARD;;;;750
45949;201300051017;13;9;25;630;2;2;2;1.0;2;106;19, BOULEVARD DU MONTPAR;;;;750
45950;201300051018;13;9;25;1305;1;2;2;1.0;2;106;102, RUE DE VAUGIRARD;;;;750
45951;201300051019;13;9;26;1220;1;2;3;1.0;6;106;101, BOULEVARD DU MONTPA;;;;750
45952;201300051021;13;10;1;1205;1;2;7;1.0;3;106;BOULEVARD SAINT GERMAIN;;;;750
45953;201300051022;13;10;3;1405;1;2;3;1.0;7;106;05, QUAI DE CONTI;;;;750
45954;201300051023;13;10;3;2123;5;2;1;2.0;6;105;49, RUE MONGE;;;;750
45955;201300051024;13;10;4;840;1;2;3;8.0;7;106;135, BOULEVARD DU MONTPA;;;;750
45956;201300051025;13;10;4;2158;5;2;5;1.0;6;106;1, PONT SAINT MICHEL;;;;750
45957;201300051026;13;10;11;1945;5;2;1;1.0;3;106;RUE DE RENNES;;;;750
45958;201300051027;13;10;12;447;5;2;2;1.0;6;106;47, RUE DE VAUGIRARD;;;;750
45959;201300051028;13;10;14;630;1;2;3;1.0;1;106;73, RUE DE SEVRES;;;;750
45960;201300051029;13;10;16;1240;1;2;2;2.0;6;106;122, BOULEVARD SAINT GER;;;;750
45961;201300051030;13;10;16;1555;1;2;2;3.0;3;106;82, BOULEVARD RASPAIL;;;;750