;Num_Acc;an;mois;jour;hrmn;lum;agg;int;atm;col;com;adr;gps;lat;long;dep
45962;201300051031;13;10;18;1820;2;2;1;1.0;3;106;133, BOULEVARD DU MONTPA;;;;750
45963;201300051032;13;10;19;1905;5;2;1;1.0;6;106;20, BOULEVARD SAINT MICH;;;;750
45964;201300051033;13;10;21;1515;1;2;1;1.0;7;106;8, RUE DE L ECOLE DE MED;;;;750
45965;201300051034;13;10;23;1015;1;2;5;1.0;6;106;117, BOULEVARD DU MONTPA;;;;750
45966;201300051036;13;10;25;849;1;2;2;8.0;2;106;BOULEVARD DU MONTPARNASS;;;;750
45967;201300051037;13;10;25;1920;5;2;3;2.0;6;106;33, QUAI DES GRANDS AUGU;;;;750
45968;201300051038;13;10;25;1850;5;2;7;2.0;3;106;4, PLACE EDMOND ROSTAND;;;;750
45969;201300051039;13;10;25;1815;2;2;3;2.0;3;106;25, QUAI DES GRANDS AUGU;;;;750
45970;201300051040;13;10;26;1820;2;2;1;2.0;7;106;22, BOULEVARD SAINT MICH;;;;750
45971;201300051041;13;10;27;2235;5;2;2;2.0;2;106;108, BOULEVARD SAINT GER;;;;750
45972;201300051042;13;10;31;805;1;2;1;1.0;2;106;83, RUE DE SEVRES;;;;750
45973;201300051043;13;11;2;1610;1;2;5;1.0;6;106;41, RUE DU FOUR;;;;750
45974;201300051044;13;11;2;1815;5;2;7;1.0;6;106;3, PLACE SAINT GERMAIN D;;;;750
45975;201300051045;13;11;4;1600;1;2;1;1.0;3;106;155, RUE DE RENNES;;;;750
45976;201300051046;13;11;6;1345;1;2;3;1.0;1;106;25, BOULEVARD DU MONTPAR;;;;750
45977;201300051047;13;11;7;2040;5;2;1;3.0;7;106;5, QUAI DE CONTI;;;;750
45978;201300051048;13;11;12;1055;1;2;1;2.0;2;106;57, QUAI DES GRANDS AUGU;;;;750
45979;201300051049;13;11;13;1735;5;2;2;1.0;2;106;BOULEVARD RASPAIL;;;;750
45980;201300051050;13;11;14;2040;5;2;7;8.0;3;106;2, PLACE SAINT MICHEL;;;;750
45981;201300051051;13;11;15;1415;1;2;2;1.0;6;106;19, BOULEVARD DU MONTPAR;;;;750
45982;201300051052;13;11;15;1640;1;2;1;1.0;6;106;11, RUE DE MEDICIS;;;;750
45983;201300051053;13;11;20;323;5;2;5;1.0;3;105;67, BOULEVARD SAINT GERM;;;;750
45984;201300051054;13;11;20;1831;5;2;2;3.0;3;106;21, BOULEVARD DU MONTPAR;;;;750
45985;201300051055;13;11;20;1620;2;2;3;2.0;6;106;147, RUE DE RENNES;;;;750
45986;201300051056;13;11;21;855;1;2;1;2.0;3;106;133/135, RUE DE RENNES;;;;750
45987;201300051057;13;11;21;830;1;2;2;2.0;1;106;RUE DE RENNES;;;;750
45988;201300051059;13;11;21;1945;5;2;5;2.0;6;106;4, RUE DE SEVRES;;;;750
45989;201300051060;13;11;26;1500;1;2;2;8.0;6;106;89, BOULEVARD DU MONTPAR;;;;750
45990;201300051061;13;11;28;1745;2;2;2;2.0;6;106;06, BOULEVARD SAINT MICH;;;;750
45991;201300051062;13;12;1;2330;5;2;2;1.0;3;106;102, BOULEVARD SAINT MIC;;;;750
45992;201300051063;13;12;2;825;1;2;2;1.0;6;106;59, RUE DU CHERCHE MIDI;;;;750
45993;201300051064;13;12;3;1000;1;2;7;1.0;2;106;18, RUE DE VAUGIRARD;;;;750
45994;201300051066;13;12;5;1155;1;2;5;1.0;2;106;35, RUE D ASSAS;;;;750
45995;201300051067;13;12;5;1850;5;2;3;1.0;2;106;40, RUE DU CHERCHE MIDI;;;;750
45996;201300051068;13;12;6;1950;5;2;1;1.0;6;106;80, BOULEVARD SAINT MICH;;;;750
45997;201300051069;13;12;7;800;2;2;1;2.0;7;114;15, AVENUE DU GENERAL LE;;;;750
45998;201300051070;13;12;10;945;1;2;1;8.0;7;106;11, QUAI DE CONTI;;;;750
45999;201300051071;13;12;10;1440;1;2;3;1.0;6;106;95, BOULEVARD DU MONTPAR;;;;750
46000;201300051072;13;12;12;1321;1;2;2;1.0;6;106;79, RUE DE VAUGIRARD;;;;750
46001;201300051073;13;12;12;1335;1;2;5;1.0;6;106;57, QUAI DES GRANDS AUGU;;;;750
46002;201300051074;13;12;13;1340;1;2;1;1.0;6;106;100, RUE DE RENNES;;;;750
46003;201300051075;13;12;15;1527;1;2;3;1.0;6;106;25, QUAI DE CONTI;;;;750
46004;201300051076;13;12;17;1849;2;2;1;1.0;6;106;36, BOULEVARD SAINT MICH;;;;750
46005;201300051077;13;12;19;18;5;2;5;2.0;6;106;23, BOULEVARD DU MONTPAR;;;;750
46006;201300051078;13;12;20;1900;2;2;5;1.0;3;106;118, BOULEVARD RASPAIL;;;;750
46007;201300051080;13;12;22;1846;5;2;7;2.0;2;113;PLACE D ITALIE;;;;750
46008;201300051081;13;12;24;1725;5;2;7;2.0;6;106;74, RUE BONAPARTE;;;;750
46009;201300051082;13;12;27;1550;1;2;1;2.0;7;106;98, RUE DE VAUGIRARD;;;;750
46010;201300051083;13;12;30;1310;1;2;1;1.0;6;106;59bis, RUE BONAPARTE;;;;750
46011;201300051084;13;1;3;635;5;2;2;2.0;3;107;AVENUE DU MARECHAL GALLI;;;;750
46012;201300051085;13;1;8;746;2;2;1;1.0;6;107;38, RUE DE SEVRES;;;;750
46013;201300051086;13;1;8;1355;1;2;1;1.0;3;107;37, QUAI D ORSAY;;;;750
46014;201300051087;13;1;11;120;5;2;5;2.0;3;107;AVENUE DU MARECHAL GALLI;;;;750
46015;201300051088;13;1;11;2130;5;2;2;2.0;6;107;26, RUE DE SEVRES;;;;750
46016;201300051089;13;1;12;1500;1;2;2;1.0;6;107;258, BOULEVARD SAINT GER;;;;750
46017;201300051090;13;1;14;1420;1;2;5;1.0;2;107;35, QUAI VOLTAIRE;;;;750
46018;201300051091;13;1;14;1610;1;2;1;1.0;3;107;31, AVENUE DE LA MOTTE P;;;;750
46019;201300051093;13;1;15;940;1;2;4;2.0;3;107;35, RUE DE SEVRES;;;;750
46020;201300051095;13;1;16;945;1;2;1;1.0;3;107;20, BOULEVARD DES INVALI;;;;750
46021;201300051096;13;1;17;1455;1;2;7;1.0;7;107;3, PLACE VAUBAN;;;;750
46022;201300051097;13;1;23;1510;1;2;2;1.0;6;107;23, RUE DU CHAMP DE MARS;;;;750
46023;201300051098;13;1;23;1850;5;2;3;1.0;6;107;59, QUAI D ORSAY;;;;750
46024;201300051099;13;1;28;1040;1;2;2;1.0;3;107;15, AVENUE DE LA BOURDON;;;;750
46025;201300051100;13;1;28;1950;5;2;1;1.0;2;107;QUAI ANATOLE FRANCE;;;;750
46026;201300051101;13;2;2;1815;5;2;2;2.0;3;107;136, RUE DE GRENELLE;;;;750
46027;201300051102;13;2;3;2255;5;2;7;2.0;2;107;1, PLACE DE LA RESISTANC;;;;750
46028;201300051103;13;2;7;2005;5;2;7;1.0;2;107;67, BOULEVARD DES INVALI;;;;750
46029;201300051104;13;2;9;1135;1;2;3;8.0;7;107;90, RUE DE SEVRES;;;;750
46030;201300051105;13;2;11;1015;1;2;2;2.0;7;107;43, QUAI D ORSAY;;;;750
46031;201300051106;13;2;13;925;1;2;2;1.0;3;107;RUE DE VARENNE;;;;750
46032;201300051109;13;2;14;1640;1;2;1;1.0;6;107;09, RUE BARBET DE JOUY;;;;750
46033;201300051110;13;2;16;2020;5;2;2;1.0;3;107;42, RUE DE BEAUNE;;;;750
46034;201300051111;13;2;20;1405;1;2;3;1.0;2;107;QUAI D ORSAY;;;;750
46035;201300051112;13;2;23;305;5;2;1;1.0;6;107;48, BOULEVARD DES INVALI;;;;750
46036;201300051113;13;3;2;325;5;2;1;1.0;2;107;15, QUAI ANATOLE FRANCE;;;;750
46037;201300051114;13;3;4;1435;1;2;3;1.0;6;107;116, RUE DU BAC;;;;750
46038;201300051115;13;3;5;825;1;2;3;1.0;7;107;QUAI BRANLY;;;;750
46039;201300051116;13;3;5;1755;2;2;1;1.0;6;107;75, RUE DE LILLE;;;;750
46040;201300051117;13;3;7;840;1;2;5;2.0;3;107;BOULEVARD DES INVALIDES;;;;750
46041;201300051118;13;3;9;30;5;2;1;1.0;3;107;, SQUARE BOUCICAUT;;;;750
46042;201300051119;13;3;25;850;1;2;2;1.0;3;107;235, BOULEVARD SAINT GER;;;;750
46043;201300051120;13;3;26;1420;1;2;2;1.0;6;107;AVENUE DE LA MOTTE PICQU;;;;750
46044;201300051121;13;3;26;1920;5;2;3;1.0;6;107;16, RUE DE VARENNE;;;;750
46045;201300051122;13;3;26;2245;5;2;3;1.0;7;107;90, RUE DE GRENELLE;;;;750
46046;201300051123;13;3;27;1730;1;2;2;1.0;6;107;10, AVENUE BOSQUET;;;;750
46047;201300051124;13;3;28;1745;1;2;2;1.0;3;107;RUE SAINT DOMINIQUE;;;;750
46048;201300051126;13;3;29;1730;1;2;7;1.0;3;107;63, BOULEVARD DES INVALI;;;;750
46049;201300051127;13;4;1;1640;1;2;3;1.0;3;107;170 bis, RUE DE GRENELLE;;;;750
46050;201300051129;13;4;6;40;5;2;2;1.0;3;107;AVENUE DUQUESNE;;;;750
46051;201300051130;13;4;6;255;5;2;5;1.0;3;107;QUAI D ORSAY;;;;750
46052;201300051131;13;4;6;1657;1;2;1;1.0;6;107;24, RUE DE SEVRES;;;;750
46053;201300051132;13;4;9;1445;1;2;3;2.0;6;107;45, AVENUE DE SUFFREN;;;;750
46054;201300051133;13;4;9;1545;1;2;1;2.0;2;107;85, AVENUE BOSQUET;;;;750
46055;201300051134;13;4;13;15;5;2;3;1.0;4;107;QUAI D ORSAY;;;;750
46056;201300051135;13;4;15;2105;1;2;2;1.0;5;107;VII-7762, AVENUE DU MARE;;;;750
46057;201300051136;13;4;17;920;1;2;7;1.0;1;107;1, PLACE LE CORBUSIER;;;;750
46058;201300051137;13;4;18;945;1;2;1;1.0;7;107;29, AVENUE DE SUFFREN;;;;750
46059;201300051138;13;4;18;1500;1;2;4;1.0;2;107;01, PLACE DENYS COCHIN;;;;750
46060;201300051139;13;4;20;215;5;2;2;1.0;3;107;RUE SAINT DOMINIQUE;;;;750
46061;201300051140;13;4;24;25;5;2;2;1.0;3;107;AVENUE DE VILLARS;;;;750
46062;201300051141;13;4;24;2355;5;2;2;1.0;3;107;RUE DE BOURGOGNE;;;;750
46063;201300051142;13;5;10;1817;1;2;7;1.0;6;107;1, AVENUE DE VILLARS;;;;750
46064;201300051143;13;5;13;1035;1;2;7;1.0;3;107;AVENUE DE LA MOTTE PICQU;;;;750
46065;201300051144;13;5;15;1900;1;2;2;1.0;3;107;AVENUE DUQUESNE;;;;750
46066;201300051145;13;5;18;1845;2;2;2;2.0;7;107;18, RUE DES SAINTS PERES;;;;750
46067;201300051146;13;5;19;350;5;2;5;2.0;2;107;1, BOULEVARD RASPAIL;;;;750
46068;201300051147;13;5;20;1400;1;2;2;2.0;6;107;130, RUE DU BAC;;;;750
46069;201300051148;13;5;20;1530;1;2;7;3.0;6;107;3, AVENUE DUQUESNE;;;;750
46070;201300051149;13;5;22;1940;2;2;2;8.0;3;107;18, BOULEVARD DE LA TOUR;;;;750
46071;201300051150;13;5;22;2015;1;2;2;1.0;3;107;143, AVENUE DE SUFFREN;;;;750
46072;201300051151;13;5;23;1320;1;2;1;8.0;3;107;34, RUE DE LILLE;;;;750
46073;201300051152;13;5;25;5;5;2;3;1.0;1;107;QUAI BRANLY;;;;750
46074;201300051154;13;5;30;1;4;2;5;2.0;3;107;QUAI D ORSAY;;;;750
46075;201300051155;13;5;31;2130;5;2;3;1.0;6;107;67, QUAI BRANLY;;;;750
46076;201300051156;13;6;3;300;5;2;3;1.0;4;107;1, PLACE HENRY DE MONTHE;;;;750
46077;201300051157;13;6;5;1915;1;2;5;1.0;3;107;33, QUAI D ORSAY;;;;750
46078;201300051158;13;6;7;820;1;2;2;1.0;3;107;AVENUE DU MARECHAL GALLI;;;;750
46079;201300051159;13;6;8;1120;1;2;1;1.0;6;107;29, QUAI ANATOLE FRANCE;;;;750
46080;201300051160;13;6;10;2010;1;2;2;1.0;2;107;3, RUE DU MARECHAL HARIS;;;;750
46081;201300051162;13;6;17;900;1;2;2;3.0;2;107;31, QUAI VOLTAIRE;;;;750
46082;201300051163;13;6;17;1425;1;2;2;1.0;1;107;21, AVENUE DUQUESNE;;;;750
46083;201300051165;13;6;25;1535;1;2;1;1.0;2;107;3, PLACE HENRY DE MONTHE;;;;750
46084;201300051166;13;6;26;830;1;2;2;1.0;2;107;01, PLACE DE L ECOLE MIL;;;;750
46085;201300051167;13;6;27;20;5;2;2;1.0;1;107;QUAI D ORSAY;;;;750
46086;201300051168;13;6;27;1145;1;2;1;1.0;2;107;41, RUE DE LILLE;;;;750
46087;201300051169;13;6;28;920;1;2;2;2.0;2;107;29, RUE DU BAC;;;;750
46088;201300051170;13;6;30;715;1;2;4;1.0;7;107;05, QUAI ANATOLE FRANCE;;;;750
46089;201300051171;13;7;7;145;3;2;5;1.0;6;107;33, QUAI D ORSAY;;;;750
46090;201300051172;13;7;7;1340;1;2;7;7.0;3;107;39, QUAI D ORSAY;;;;750
46091;201300051174;13;7;8;955;1;2;5;1.0;7;107;QUAI BRANLY;;;;750
46092;201300051175;13;7;9;1230;1;2;3;1.0;3;107;5, QUAI VOLTAIRE;;;;750
46093;201300051176;13;7;10;925;1;2;3;1.0;6;107;75, RUE DE VARENNE;;;;750
46094;201300051177;13;7;10;1505;1;2;1;1.0;6;107;40, RUE DE SEVRES;;;;750
46095;201300051178;13;7;11;1630;1;2;3;1.0;6;107;135, RUE DE GRENELLE;;;;750
46096;201300051179;13;7;13;500;5;2;2;1.0;6;107;35, RUE DU BAC;;;;750
46097;201300051180;13;7;14;640;1;2;3;1.0;3;107;57, QUAI D ORSAY;;;;750
46098;201300051181;13;7;18;1645;1;2;2;1.0;2;107;34, BOULEVARD DES INVALI;;;;750
46099;201300051182;13;7;18;1950;1;2;2;1.0;3;107;AVENUE DU MARECHAL GALLI;;;;750
46100;201300051183;13;7;25;445;5;2;3;1.0;7;107;1, PLACE JOFFRE;;;;750
46101;201300051184;13;7;26;1900;1;2;1;1.0;2;107;37, QUAI D ORSAY;;;;750
46102;201300051185;13;7;28;1415;1;2;2;1.0;3;107;RUE DE BOURGOGNE;;;;750
46103;201300051186;13;7;30;1730;1;2;5;1.0;3;107;13, BOULEVARD RASPAIL;;;;750
46104;201300051187;13;8;1;1110;1;2;2;1.0;7;107;131, AVENUE DE SUFFREN;;;;750
46105;201300051188;13;8;13;1350;1;2;1;1.0;4;107;QUAI BRANLY;;;;750
46106;201300051189;13;8;19;1540;1;2;2;1.0;3;107;RUE DE VARENNE;;;;750
46107;201300051190;13;8;23;1630;1;2;2;1.0;2;107;QUAI D ORSAY;;;;750
46108;201300051191;13;8;25;1515;1;2;3;2.0;3;107;7, AVENUE DE LA BOURDONN;;;;750
46109;201300051192;13;8;27;1715;1;2;2;1.0;6;107;BOULEVARD RASPAIL;;;;750
46110;201300051193;13;8;31;1700;1;2;1;1.0;2;107;241, BOULEVARD SAINT GER;;;;750
46111;201300051194;13;9;4;1230;1;2;1;1.0;7;107;79, QUAI D ORSAY;;;;750
46112;201300051195;13;9;6;145;5;2;5;1.0;6;107;QUAI BRANLY;;;;750
46113;201300051196;13;9;6;1230;1;2;5;2.0;3;107;71, QUAI BRANLY;;;;750
46114;201300051197;13;9;7;950;1;2;1;1.0;2;107;70, RUE DU BAC;;;;750
46115;201300051198;13;9;9;915;1;2;2;1.0;3;107;256, BOULEVARD SAINT GER;;;;750
46116;201300051199;13;9;10;1235;1;2;2;1.0;3;107;32, RUE FABERT;;;;750
46117;201300051200;13;9;11;1835;1;2;7;1.0;6;107;01, PLACE DU PRESIDENT M;;;;750
46118;201300051202;13;9;17;1745;1;2;2;2.0;1;107;XVII7747, AVENUE DU MARE;;;;750
46119;201300051203;13;9;19;840;1;2;2;1.0;3;107;117, RUE DE L UNIVERSITE;;;;750
46120;201300051204;13;9;19;1740;1;2;1;1.0;7;107;ROND POINT DU BLEUET DE;;;;750
46121;201300051206;13;9;22;455;5;2;2;1.0;6;107;288, BOULEVARD SAINT GER;;;;750
46122;201300051207;13;9;23;900;1;2;3;1.0;3;107;78, RUE DE VARENNE;;;;750
46123;201300051208;13;9;23;2350;5;2;5;1.0;2;107;QUAI D ORSAY;;;;750
46124;201300051209;13;9;25;1950;5;2;1;1.0;2;107;32, RUE DE VARENNE;;;;750
46125;201300051210;13;9;28;900;1;2;3;8.0;6;107;AVENUE DE TOURVILLE;;;;750
46126;201300051211;13;9;29;2020;5;2;5;2.0;6;107;42, QUAI BRANLY;;;;750
46127;201300051212;13;9;30;1015;1;2;3;1.0;7;107;103 bis, RUE DE GRENELLE;;;;750
46128;201300051213;13;9;30;1505;1;2;1;1.0;2;107;45, AVENUE BOSQUET;;;;750
46129;201300051214;13;9;30;2210;5;2;3;1.0;7;107;01, QUAI VOLTAIRE;;;;750
46130;201300051215;13;10;3;1550;1;2;2;2.0;1;107;AVENUE DU MARECHAL GALLI;;;;750
46131;201300051216;13;10;6;435;3;2;7;1.0;6;107;PLACE HENRY DE MONTHERLA;;;;750
46132;201300051217;13;10;8;1005;1;2;1;1.0;6;107;55, AVENUE BOSQUET;;;;750
46133;201300051218;13;10;11;730;5;2;2;2.0;6;107;QUAI BRANLY;;;;750
46134;201300051219;13;10;11;900;1;2;2;8.0;2;108;PONT DE LA CONCORDE;;;;750
46135;201300051220;13;10;13;1120;1;2;1;1.0;1;107;27, AVENUE DE LA MOTTE P;;;;750
46136;201300051221;13;10;14;930;1;2;2;1.0;2;107;01, QUAI VOLTAIRE;;;;750
46137;201300051222;13;10;20;252;5;2;5;1.0;6;107;50, RUE FABERT;;;;750
46138;201300051223;13;10;20;315;5;2;2;1.0;6;107;280, BOULEVARD SAINT GER;;;;750
46139;201300051224;13;10;20;910;1;2;7;2.0;6;107;11, AVENUE DE LOWENDAL;;;;750
46140;201300051225;13;10;22;1840;5;2;1;8.0;7;107;13, PLACE JOFFRE;;;;750
46141;201300051226;13;10;23;1840;5;2;1;1.0;6;107;77, RUE DE VARENNE;;;;750
46142;201300051227;13;10;24;1610;1;2;5;1.0;3;107;33, QUAI D ORSAY;;;;750
46143;201300051228;13;10;24;1900;2;2;7;1.0;6;107;2, PLACE JOFFRE;;;;750
46144;201300051229;13;10;27;2255;5;2;2;1.0;6;107;PLACE PIERRE LAROQUE;;;;750
46145;201300051230;13;10;27;250;5;2;3;1.0;6;107;14 bis, RUE OUDINOT;;;;750
46146;201300051231;13;11;4;1710;5;2;7;1.0;3;107;01, PLACE EL SALVADOR;;;;750
46147;201300051232;13;11;6;930;1;2;1;8.0;7;107;88 BIS, BOULEVARD DE LA;;;;750
46148;201300051233;13;11;12;810;1;2;2;2.0;6;107;18, AVENUE DE VILLARS;;;;750
46149;201300051234;13;11;12;910;1;2;5;2.0;2;107;BOULEVARD DES INVALIDES;;;;750
46150;201300051235;13;11;12;2020;5;2;1;2.0;6;107;QUAI BRANLY;;;;750
46151;201300051236;13;11;13;1535;1;2;1;1.0;4;107;47, QUAI BRANLY;;;;750
46152;201300051237;13;11;13;2225;3;2;3;1.0;2;107;1bis, AVENUE DE LOWENDAL;;;;750
46153;201300051238;13;11;15;935;1;2;4;8.0;3;107;5, QUAI ANATOLE FRANCE;;;;750
46154;201300051239;13;11;15;2230;5;2;3;1.0;3;107;47, AVENUE DE SUFFREN;;;;750
46155;201300051240;13;11;18;1525;1;2;7;1.0;3;107;PLACE LE CORBUSIER;;;;750
46156;201300051241;13;11;20;900;1;2;7;1.0;3;107;PLACE VAUBAN;;;;750
46157;201300051242;13;11;20;1155;1;2;1;1.0;2;107;36, RUE DU BAC;;;;750
46158;201300051244;13;11;20;1455;1;2;7;2.0;6;107;ROND POINT DU BLEUET DE;;;;750
46159;201300051245;13;11;20;1755;5;2;3;2.0;6;107;1, AVENUE SULLY PRUDHOMM;;;;750
46160;201300051246;13;11;21;1635;1;2;1;2.0;6;107;142, RUE DU BAC;;;;750
46161;201300051247;13;11;22;1725;3;2;1;1.0;7;107;3, AVENUE DE LOWENDAL;;;;750
46162;201300051248;13;11;25;935;1;2;3;1.0;7;107;RUE DE SEVRES;;;;750
46163;201300051249;13;11;27;855;1;2;3;1.0;2;107;53, QUAI D ORSAY;;;;750
46164;201300051250;13;11;27;855;1;2;2;1.0;6;107;9, BOULEVARD RASPAIL;;;;750
46165;201300051252;13;11;29;1910;5;2;2;2.0;3;107;QUAI D ORSAY;;;;750
46166;201300051253;13;12;2;1225;1;2;2;1.0;3;107;58, BOULEVARD DE LA TOUR;;;;750
46167;201300051254;13;12;4;1000;1;2;4;1.0;3;107;11, AVENUE DE SEGUR;;;;750
46168;201300051255;13;12;14;1715;5;2;3;1.0;2;107;QUAI D ORSAY;;;;750
46169;201300051256;13;12;15;139;5;2;1;1.0;7;107;QUAI D ORSAY;;;;750
46170;201300051257;13;12;16;1240;1;2;7;1.0;2;107;RUE DE SEVRES;;;;750
46171;201300051258;13;12;16;1530;1;2;1;1.0;2;107;34, RUE VANEAU;;;;750
46172;201300051259;13;12;16;1607;1;2;2;1.0;3;107;RUE DES SAINTS PERES;;;;750
46173;201300051260;13;12;18;1320;1;2;2;1.0;6;107;2, RUE SEDILLOT;;;;750
46174;201300051261;13;12;18;1405;1;2;2;1.0;6;107;152, RUE DE GRENELLE;;;;750
46175;201300051262;13;12;20;1630;1;2;7;1.0;3;107;01, PLACE DE L ECOLE MIL;;;;750
46176;201300051264;13;12;24;150;5;2;5;2.0;3;107;1, QUAI D ORSAY;;;;750
46177;201300051265;13;12;24;1140;1;2;1;3.0;6;107;95, RUE DU BAC;;;;750
46178;201300051266;13;12;28;455;5;2;2;2.0;3;107;12, AVENUE DE LOWENDAL;;;;750
46179;201300051268;13;1;1;400;5;2;3;3.0;3;108;142, BOULEVARD HAUSSMANN;;;;750
46180;201300051269;13;1;1;305;5;2;7;2.0;6;108;PLACE DE LA CONCORDE;;;;750
46181;201300051270;13;1;2;2300;5;2;1;2.0;7;108;AVENUE DES CHAMPS ELYSEE;;;;750
46182;201300051272;13;1;4;1920;5;2;1;1.0;2;108;122, RUE DU FAUBOURG SAI;;;;750
46183;201300051273;13;1;9;1910;5;2;1;2.0;7;108;122, BOULEVARD HAUSSMANN;;;;750
46184;201300051274;13;1;10;755;1;2;7;2.0;6;108;34, AVENUE MARCEAU;;;;750
46185;201300051275;13;1;10;1830;5;2;4;2.0;6;108;COURS LA REINE;;;;750
46186;201300051276;13;1;11;20;5;2;7;2.0;7;108;4, PLACE DE LA CONCORDE;;;;750
46187;201300051277;13;1;11;1211;1;2;2;1.0;2;108;101, AVENUE DES CHAMPS E;;;;750
46188;201300051278;13;1;12;1825;5;2;5;1.0;6;108;1, RUE DU HAVRE;;;;750
46189;201300051279;13;1;13;1830;5;2;7;2.0;6;108;133, AVENUE DES CHAMPS E;;;;750
46190;201300051280;13;1;14;1130;1;2;3;1.0;7;108;17, BOULEVARD DES BATIGN;;;;750
46191;201300051281;13;1;15;2130;5;2;2;4.0;2;108;166, BOULEVARD HAUSSMANN;;;;750
46192;201300051283;13;1;20;235;5;2;1;4.0;1;108;AVENUE DES CHAMPS ELYSEE;;;;750
46193;201300051284;13;1;19;2338;5;2;2;4.0;6;108;51, AVENUE GEORGE V;;;;750
46194;201300051285;13;1;23;720;5;2;2;2.0;2;108;39, AVENUE DES CHAMPS EL;;;;750
46195;201300051286;13;1;23;810;1;2;2;1.0;3;108;33, BOULEVARD DE COURCEL;;;;750
46196;201300051287;13;1;25;1510;1;2;7;1.0;3;108;PLACE CHARLES DE GAULLE;;;;750
46197;201300051288;13;1;26;1820;5;2;1;1.0;3;116;31, BOULEVARD SUCHET;;;;750
46198;201300051289;13;1;26;1915;5;2;1;1.0;3;108;5, BOULEVARD MALESHERBES;;;;750
46199;201300051290;13;1;26;2112;5;2;3;1.0;4;108;AVENUE DES CHAMPS ELYSEE;;;;750
46200;201300051291;13;1;29;1245;1;2;2;2.0;4;108;11, RUE DE LA PEPINIERE;;;;750
46201;201300051292;13;1;29;1900;5;2;2;1.0;6;108;RUE D ASTORG;;;;750
46202;201300051294;13;2;3;2025;5;2;1;2.0;3;108;AVENUE MATIGNON;;;;750
46203;201300051295;13;2;3;2110;5;2;2;2.0;2;108;2, AVENUE DE MARIGNY;;;;750
46204;201300051296;13;2;4;1425;1;2;1;1.0;2;108;VOIE GEORGES POMPIDOU;;;;750
46205;201300051297;13;2;4;2110;5;2;7;1.0;6;108;02, RUE LA BOETIE;;;;750
46206;201300051298;13;2;5;2130;5;2;1;1.0;6;108;6, AVENUE DELCASSE;;;;750
46207;201300051299;13;2;6;930;1;2;2;1.0;7;108;27, AVENUE DE FRIEDLAND;;;;750
46208;201300051300;13;2;7;1000;1;2;1;1.0;6;108;1, AVENUE CESAR CAIRE;;;;750
46209;201300051301;13;2;7;1000;1;2;3;9.0;3;108;6, RUE ARSENE HOUSSAYE;;;;750
46210;201300051302;13;2;7;1315;1;2;2;8.0;3;108;PONT ALEXANDRE III;;;;750
46211;201300051305;13;2;11;534;5;2;5;2.0;3;108;113, BOULEVARD HAUSSMANN;;;;750
46212;201300051306;13;2;11;650;5;2;7;2.0;3;108;PLACE DE LA CONCORDE;;;;750
46213;201300051307;13;2;11;1400;1;2;3;1.0;6;108;AVENUE DES CHAMPS ELYSEE;;;;750
46214;201300051308;13;2;11;1710;1;2;5;1.0;3;108;RUE DE MIROMESNIL;;;;750
46215;201300051309;13;2;12;140;5;2;2;1.0;3;108;116, AVENUE DES CHAMPS E;;;;750
46216;201300051310;13;2;14;1210;1;2;1;2.0;6;108;08, AVENUE MONTAIGNE;;;;750
46217;201300051311;13;2;14;1330;1;2;5;2.0;6;108;20, AVENUE DES CHAMPS EL;;;;750
46218;201300051312;13;2;14;1415;1;2;5;2.0;2;108;BOULEVARD DE COURCELLES;;;;750
46219;201300051313;13;2;14;1610;1;2;1;2.0;3;108;63, BOULEVARD MALESHERBE;;;;750
46220;201300051314;13;2;17;200;5;2;1;1.0;6;108;122, AVENUE DES CHAMPS E;;;;750
46221;201300051315;13;2;19;1242;1;2;2;1.0;6;108;102, AVENUE DES CHAMPS E;;;;750
46222;201300051317;13;2;21;930;1;2;1;1.0;2;108;26, AVENUE DES CHAMPS EL;;;;750
46223;201300051318;13;2;21;1315;1;2;1;1.0;4;108;VOIE GEORGES POMPIDOU;;;;750
46224;201300051319;13;2;21;1427;1;2;1;1.0;6;108;4TER, AVENUE HOCHE;;;;750
46225;201300051320;13;2;21;1600;1;2;1;1.0;2;108;0, VOIE GEORGES POMPIDOU;;;;750
46226;201300051321;13;2;22;2220;5;2;1;1.0;2;108;20, AVENUE DE MESSINE;;;;750
46227;201300051322;13;2;25;1910;5;2;1;2.0;7;108;COURS ALBERT 1ER;;;;750
46228;201300051323;13;2;26;940;1;2;2;1.0;6;108;39, RUE FRANCOIS 1ER;;;;750
46229;201300051324;13;2;26;1045;1;2;1;1.0;6;108;16, RUE MONTALIVET;;;;750
46230;201300051325;13;2;27;1800;1;2;2;1.0;7;108;133, AVENUE DES CHAMPS E;;;;750
46231;201300051326;13;3;5;1950;5;2;1;1.0;3;108;40, RUE DE COURCELLES;;;;750
46232;201300051327;13;3;6;810;1;2;4;1.0;3;108;RUE DE COURCELLES;;;;750
46233;201300051329;13;3;7;1900;1;2;1;1.0;3;108;RUE DE LA PEPINIERE;;;;750
46234;201300051330;13;3;8;1520;1;2;1;2.0;7;108;27, AVENUE DES CHAMPS EL;;;;750
46235;201300051332;13;3;8;1400;1;2;7;2.0;6;108;AVENUE DE FRIEDLAND;;;;750
46236;201300051333;13;3;9;2100;5;2;1;1.0;6;116;21, RUE MICHEL ANGE;;;;750