;Num_Acc;an;mois;jour;hrmn;lum;agg;int;atm;col;com;adr;gps;lat;long;dep
46237;201300051334;13;3;13;2110;5;2;3;1.0;3;108;8, AVENUE MONTAIGNE;;;;750
46238;201300051335;13;3;14;1120;1;2;2;1.0;6;108;56, RUE DE MIROMESNIL;;;;750
46239;201300051336;13;3;15;1455;1;2;2;1.0;1;108;25, AVENUE HOCHE;;;;750
46240;201300051337;13;3;15;2150;5;2;1;1.0;3;108;29, RUE DE COURCELLES;;;;750
46241;201300051338;13;3;16;1900;5;2;7;2.0;6;108;PLACE DE LA CONCORDE;;;;750
46242;201300051340;13;3;18;1135;1;2;5;1.0;6;108;59, RUE DE ROME;;;;750
46243;201300051341;13;3;19;1115;1;2;2;1.0;2;108;108, AVENUE DES CHAMPS E;;;;750
46244;201300051343;13;3;21;450;5;2;1;1.0;1;108;126, BOULEVARD HAUSSMANN;;;;750
46245;201300051346;13;3;22;2315;5;2;2;1.0;2;108;AVENUE WINSTON CHURCHILL;;;;750
46246;201300051347;13;3;23;1110;1;2;4;1.0;3;108;132, BOULEVARD HAUSSMANN;;;;750
46247;201300051348;13;3;25;1715;1;2;5;1.0;6;108;01, RUE DE MOSCOU;;;;750
46248;201300051349;13;3;27;1920;5;2;1;1.0;6;108;2, PLACE DES TERNES;;;;750
46249;201300051350;13;3;27;2000;5;2;7;1.0;3;108;PLACE CHARLES DE GAULLE;;;;750
46250;201300051351;13;3;28;1625;1;2;5;1.0;6;108;29, RUE DU ROCHER;;;;750
46251;201300051352;13;3;28;2315;5;2;5;1.0;3;108;77, RUE DE COURCELLES;;;;750
46252;201300051353;13;3;30;1;5;2;1;1.0;7;108;12, AVENUE GEORGE V;;;;750
46253;201300051355;13;3;30;1300;1;2;2;8.0;3;108;29, RUE LA BOETIE;;;;750
46254;201300051356;13;4;1;1815;1;2;2;1.0;3;108;10, RUE VERNET;;;;750
46255;201300051357;13;4;2;1850;1;2;1;1.0;3;108;AVENUE HOCHE;;;;750
46256;201300051358;13;4;3;2325;5;2;5;1.0;6;108;113, BOULEVARD HAUSSMANN;;;;750
46257;201300051359;13;4;4;930;1;2;7;1.0;5;108;PLACE DE LA CONCORDE;;;;750
46258;201300051360;13;4;3;2150;5;2;2;1.0;3;108;1, RUE DE LISBONNE;;;;750
46259;201300051361;13;4;4;1845;1;2;3;1.0;6;108;4, RUE DE ROME;;;;750
46260;201300051362;13;4;7;332;4;2;1;1.0;6;108;RUE DE LA PEPINIERE;;;;750
46261;201300051363;13;4;7;825;1;2;7;1.0;2;108;12, PLACE DE LA MADELEIN;;;;750
46262;201300051365;13;4;8;910;1;2;1;1.0;2;108;AVENUE WINSTON CHURCHILL;;;;750
46263;201300051366;13;4;9;1800;1;2;1;2.0;7;116;VOIE GEORGES POMPIDOU;;;;750
46264;201300051367;13;4;9;1930;1;2;7;1.0;7;108;PLACE DE LA CONCORDE;;;;750
46265;201300051368;13;4;9;1930;1;2;2;8.0;3;108;0, RUE DE NAPLES;;;;750
46266;201300051369;13;4;10;1412;1;2;7;8.0;3;108;PLACE DE LA CONCORDE;;;;750
46267;201300051370;13;4;10;1812;1;2;5;2.0;6;108;91, RUE DU FAUBOURG SAIN;;;;750
46268;201300051371;13;4;10;2100;5;2;3;2.0;7;108;12, AVENUE PERCIER;;;;750
46269;201300051373;13;4;12;100;5;2;5;1.0;6;108;RUE DE ROME;;;;750
46270;201300051374;13;4;12;1615;1;2;5;8.0;6;108;55, BOULEVARD HAUSSMANN;;;;750
46271;201300051375;13;4;13;230;5;2;1;1.0;6;108;VOIE GEORGES POMPIDOU;;;;750
46272;201300051376;13;4;13;2133;5;2;4;3.0;7;108;59, BOULEVARD HAUSSMANN;;;;750
46273;201300051377;13;4;14;1025;1;2;1;1.0;6;108;75, AVENUE DES CHAMPS EL;;;;750
46274;201300051378;13;4;14;1650;1;2;4;1.0;2;108;VOIE GEORGES POMPIDOU;;;;750
46275;201300051379;13;4;15;100;5;2;4;1.0;6;108;COURS LA REINE;;;;750
46276;201300051380;13;4;15;615;5;2;2;1.0;6;108;159, BOULEVARD HAUSSMANN;;;;750
46277;201300051381;13;4;15;1505;1;2;2;1.0;3;108;34, RUE PASQUIER;;;;750
46278;201300051382;13;4;15;2115;5;2;5;1.0;3;108;18, AVENUE HOCHE;;;;750
46279;201300051383;13;4;16;2135;2;2;7;1.0;6;108;1, PLACE CLEMENCEAU;;;;750
46280;201300051384;13;4;18;1330;1;2;2;1.0;6;108;RUE DU FAUBOURG SAINT HO;;;;750
46281;201300051385;13;4;19;1142;1;2;1;1.0;6;108;82, RUE DE ROME;;;;750
46282;201300051386;13;4;19;1730;1;2;1;1.0;4;108;VOIE GEORGES POMPIDOU;;;;750
46283;201300051387;13;4;21;155;5;2;7;1.0;3;108;PLACE DE LA CONCORDE;;;;750
46284;201300051388;13;4;21;1600;1;2;5;1.0;6;108;18, AVENUE HOCHE;;;;750
46285;201300051389;13;4;22;1015;1;2;7;1.0;2;108;AVENUE DES CHAMPS ELYSEE;;;;750
46286;201300051390;13;4;22;1510;1;2;3;1.0;6;108;19, RUE TRONCHET;;;;750
46287;201300051391;13;4;22;1555;1;2;1;1.0;3;108;158, BOULEVARD HAUSSMANN;;;;750
46288;201300051392;13;4;22;1350;1;2;1;1.0;6;108;36, AVENUE MARCEAU;;;;750
46289;201300051393;13;4;25;1455;1;2;2;1.0;3;108;11, RUE DE ROME;;;;750
46290;201300051394;13;4;26;300;5;2;7;1.0;3;108;4, PLACE DE LA CONCORDE;;;;750
46291;201300051395;13;4;30;1150;1;2;3;1.0;2;108;36, RUE DE COURCELLES;;;;750
46292;201300051396;13;4;30;2010;1;2;1;2.0;3;108;VOIE GEORGES POMPIDOU;;;;750
46293;201300051397;13;5;1;410;5;2;5;1.0;6;108;130, RUE DU FAUBOURG SAI;;;;750
46294;201300051398;13;5;2;830;1;2;7;8.0;3;108;PLACE DE LA CONCORDE;;;;750
46295;201300051400;13;5;6;1045;1;2;1;3.0;7;108;AVENUE DES CHAMPS ELYSEE;;;;750
46296;201300051401;13;5;7;1400;1;2;7;1.0;6;108;106, RUE D AMSTERDAM;;;;750
46297;201300051404;13;5;11;2150;5;2;3;2.0;1;108;AVENUE DE MARIGNY;;;;750
46298;201300051405;13;5;12;510;4;2;7;1.0;6;108;43, AVENUE FRANKLIN D RO;;;;750
46299;201300051406;13;5;12;1715;1;2;2;1.0;3;108;52, AVENUE HOCHE;;;;750
46300;201300051407;13;5;13;845;1;2;1;1.0;3;117;17, PLACE DE LA PORTE DE;;;;750
46301;201300051408;13;5;13;2000;1;2;1;1.0;6;108;27, AVENUE DES CHAMPS EL;;;;750
46302;201300051409;13;5;14;1000;1;2;2;1.0;3;108;AVENUE DE MARIGNY;;;;750
46303;201300051410;13;5;14;1220;1;2;1;1.0;4;108;71, RUE DE COURCELLES;;;;750
46304;201300051411;13;5;14;1310;1;2;1;1.0;4;108;41, AVENUE FRANKLIN D RO;;;;750
46305;201300051412;13;5;15;1230;1;2;2;1.0;7;108;93, AVENUE DES CHAMPS EL;;;;750
46306;201300051413;13;5;15;1435;1;2;4;1.0;2;108;28, AVENUE DE FRIEDLAND;;;;750
46307;201300051414;13;5;15;1720;1;2;1;1.0;6;108;38, AVENUE DE WAGRAM;;;;750
46308;201300051415;13;5;16;1530;1;2;1;1.0;3;108;33, BOULEVARD DE COURCEL;;;;750
46309;201300051416;13;5;16;1615;1;2;1;3.0;3;108;22, RUE FRANCOIS 1ER;;;;750
46310;201300051418;13;5;16;1820;1;2;2;1.0;6;108;37, AVENUE DES CHAMPS EL;;;;750
46311;201300051420;13;5;17;900;1;2;4;1.0;6;108;9, AVENUE GEORGE V;;;;750
46312;201300051421;13;5;18;1945;2;2;4;3.0;2;108;21, RUE DE CONSTANTINOPL;;;;750
46313;201300051422;13;5;20;10;5;2;4;3.0;3;117;22, AVENUE DE WAGRAM;;;;750
46314;201300051423;13;5;20;1645;2;2;7;3.0;3;108;AVENUE DES CHAMPS ELYSEE;;;;750
46315;201300051424;13;5;21;930;1;2;7;3.0;7;108;PLACE CLEMENCEAU;;;;750
46316;201300051426;13;5;22;400;5;2;2;1.0;6;108;41, AVENUE PIERRE 1ER DE;;;;750
46317;201300051427;13;5;22;1145;1;2;4;1.0;3;108;17, AVENUE GEORGE V;;;;750
46318;201300051428;13;5;22;1746;1;2;2;1.0;6;108;101, BOULEVARD MALESHERB;;;;750
46319;201300051429;13;5;24;1215;1;2;1;2.0;6;108;RUE DE LONDRES;;;;750
46320;201300051430;13;5;24;1530;1;2;2;2.0;6;108;55, BOULEVARD MALESHERBE;;;;750
46321;201300051431;13;5;25;1620;1;2;1;1.0;2;108;42, AVENUE DE FRIEDLAND;;;;750
46322;201300051432;13;5;27;910;1;2;1;1.0;2;108;24, AVENUE DES CHAMPS EL;;;;750
46323;201300051433;13;5;28;15;5;2;2;1.0;4;108;AVENUE DES CHAMPS ELYSEE;;;;750
46324;201300051434;13;5;28;1130;1;2;1;2.0;6;108;41, AVENUE HOCHE;;;;750
46325;201300051435;13;5;28;1920;1;2;7;1.0;2;108;3, PLACE DE LA MADELEINE;;;;750
46326;201300051436;13;5;29;1810;1;2;2;1.0;3;108;40, AVENUE DE FRIEDLAND;;;;750
46327;201300051437;13;5;30;645;1;2;7;3.0;2;108;PLACE CHARLES DE GAULLE;;;;750
46328;201300051438;13;5;30;1915;1;2;7;2.0;7;108;1, PLACE DU GENERAL BROC;;;;750
46329;201300051439;13;6;3;1355;1;2;1;1.0;2;108;RUE ROYALE;;;;750
46330;201300051440;13;6;3;1730;1;2;5;1.0;6;108;34, AVENUE MARCEAU;;;;750
46331;201300051441;13;6;4;1030;1;2;1;1.0;3;108;11, RUE CLAPEYRON;;;;750
46332;201300051442;13;6;4;1750;1;2;4;1.0;3;108;11, AVENUE GEORGE V;;;;750
46333;201300051443;13;6;5;917;1;2;7;1.0;6;108;1, PLACE CHARLES DE GAUL;;;;750
46334;201300051444;13;6;5;1120;1;2;7;1.0;6;101;PLACE DE LA CONCORDE;;;;750
46335;201300051445;13;6;7;1450;1;2;2;1.0;6;108;5, RUE DE NAPLES;;;;750
46336;201300051446;13;6;9;730;1;2;1;2.0;6;108;PLACE DE LA CONCORDE;;;;750
46337;201300051447;13;6;10;1740;1;2;1;1.0;2;108;184, BOULEVARD HAUSSMANN;;;;750
46338;201300051448;13;6;11;1200;1;2;1;1.0;3;108;35, RUE D AMSTERDAM;;;;750
46339;201300051449;13;6;12;1515;1;2;2;1.0;6;108;50, RUE DE ROME;;;;750
46340;201300051450;13;6;12;2115;2;2;2;1.0;3;108;29, AVENUE DE FRIEDLAND;;;;750
46341;201300051451;13;6;14;1930;1;2;7;1.0;5;108;PLACE DE LA CONCORDE;;;;750
46342;201300051452;13;6;17;1530;1;2;7;1.0;1;108;2, PLACE DE RIO DE JANEI;;;;750
46343;201300051453;13;6;15;2100;1;2;2;1.0;6;108;45, RUE LA BOETIE;;;;750
46344;201300051454;13;6;19;1610;1;2;3;1.0;2;108;AVENUE DES CHAMPS ELYSEE;;;;750
46345;201300051455;13;6;20;830;1;2;2;8.0;7;108;121, BOULEVARD MALESHERB;;;;750
46346;201300051456;13;6;20;745;1;2;2;2.0;1;108;62, BOULEVARD MALESHERBE;;;;750
46347;201300051457;13;6;20;1115;1;2;2;8.0;3;108;AVENUE DES CHAMPS ELYSEE;;;;750
46348;201300051458;13;6;20;1335;1;2;7;1.0;7;108;29, RUE DE LA PEPINIERE;;;;750
46349;201300051459;13;6;20;1505;1;2;3;1.0;6;108;34, RUE DE ROME;;;;750
46350;201300051460;13;6;21;825;1;2;1;1.0;6;108;27, AVENUE DES CHAMPS EL;;;;750
46351;201300051462;13;6;24;1135;1;2;2;1.0;2;108;RUE DE ROME;;;;750
46352;201300051463;13;6;25;100;5;2;3;1.0;2;108;71/73, AVENUE DES CHAMPS;;;;750
46353;201300051464;13;6;25;1640;1;2;5;3.0;6;108;9, RUE DE VIENNE;;;;750
46354;201300051466;13;6;27;825;1;2;4;2.0;1;108;21, AVENUE DE FRIEDLAND;;;;750
46355;201300051467;13;6;27;1640;1;2;7;1.0;2;108;PLACE DE LA CONCORDE;;;;750
46356;201300051468;13;6;27;2045;1;2;7;1.0;7;108;AVENUE DES CHAMPS ELYSEE;;;;750
46357;201300051469;13;6;28;720;1;2;3;2.0;2;108;123, BOULEVARD HAUSSMANN;;;;750
46358;201300051470;13;6;28;2300;5;2;7;2.0;6;108;2, PLACE DE LA CONCORDE;;;;750
46359;201300051471;13;6;29;835;1;2;1;2.0;6;108;AVENUE DES CHAMPS ELYSEE;;;;750
46360;201300051472;13;6;29;1835;1;2;7;1.0;6;108;AVENUE DES CHAMPS ELYSEE;;;;750
46361;201300051473;13;6;30;830;1;2;1;1.0;2;108;PLACE DE LA CONCORDE;;;;750
46362;201300051474;13;6;30;2100;1;2;2;1.0;6;101;1, RUE SAINT FLORENTIN;;;;750
46363;201300051475;13;7;1;1045;1;2;5;1.0;3;108;1, AVENUE HOCHE;;;;750
46364;201300051476;13;7;2;1150;1;2;1;1.0;3;108;AVENUE WINSTON CHURCHILL;;;;750
46365;201300051477;13;7;1;2150;2;2;2;1.0;3;108;5, RUE CHAUVEAU LAGARDE;;;;750
46366;201300051478;13;7;2;1950;1;2;5;1.0;3;108;63, BOULEVARD DES BATIGN;;;;750
46367;201300051479;13;7;3;1305;1;2;2;1.0;3;108;16, AVENUE DE FRIEDLAND;;;;750
46368;201300051480;13;7;3;1500;1;2;7;1.0;3;108;PONT DES INVALIDES;;;;750
46369;201300051481;13;7;4;900;1;2;3;1.0;3;108;92, BOULEVARD MALESHERBE;;;;750
46370;201300051482;13;7;5;1020;1;2;2;1.0;2;108;21, RUE ROYALE;;;;750
46371;201300051483;13;7;5;1500;1;2;7;1.0;6;108;PLACE DE LA CONCORDE;;;;750
46372;201300051485;13;7;6;1630;1;2;7;1.0;6;108;16, PLACE DE LA MADELEIN;;;;750
46373;201300051486;13;7;8;940;1;2;2;1.0;3;108;8, BOULEVARD MALESHERBES;;;;750
46374;201300051487;13;7;8;1745;1;2;3;1.0;6;108;68, RUE DE ROME;;;;750
46375;201300051489;13;7;9;910;1;2;1;1.0;6;108;51-57, RUE DE COURCELLES;;;;750
46376;201300051490;13;7;9;1635;1;2;2;1.0;3;108;6, RUE MARBEUF;;;;750
46377;201300051491;13;7;9;2045;1;2;2;1.0;3;108;64, AVENUE HOCHE;;;;750
46378;201300051492;13;7;10;915;1;2;7;1.0;3;108;3, ROND POINT CHAMPS ELY;;;;750
46379;201300051493;13;7;10;1500;1;2;4;1.0;3;108;9, AVENUE GEORGE V;;;;750
46380;201300051494;13;7;10;1550;1;2;3;1.0;6;108;29, RUE FRANCOIS 1ER;;;;750
46381;201300051495;13;7;10;1520;1;2;3;1.0;2;108;67, RUE DU ROCHER;;;;750
46382;201300051496;13;7;11;845;1;2;3;1.0;3;108;23, AVENUE DE MESSINE;;;;750
46383;201300051497;13;7;11;1350;1;2;7;1.0;2;108;3, PLACE DE LA CONCORDE;;;;750
46384;201300051498;13;7;11;1730;1;2;1;1.0;2;108;11, RUE ROYALE;;;;750
46385;201300051499;13;7;12;835;1;2;4;1.0;6;108;1, RUE DE ROME;;;;750
46386;201300051500;13;7;12;1300;1;2;1;1.0;3;108;46, RUE LA BOETIE;;;;750
46387;201300051501;13;7;11;2010;1;2;1;1.0;2;108;26, AVENUE DES CHAMPS EL;;;;750
46388;201300051502;13;7;14;1330;1;2;7;1.0;6;108;ROND POINT CHAMPS ELYSEE;;;;750
46389;201300051503;13;7;14;2325;5;2;1;1.0;6;108;109, AVENUE DES CHAMPS E;;;;750
46390;201300051504;13;7;15;1230;1;2;5;1.0;3;108;PLACE DE LA CONCORDE;;;;750
46391;201300051505;13;7;15;1800;1;2;2;1.0;3;108;RUE DE ROME;;;;750
46392;201300051506;13;7;16;935;1;2;3;1.0;6;108;09, RUE DE LA TREMOILLE;;;;750
46393;201300051507;13;7;16;1840;1;2;4;1.0;6;108;10, RUE DE VIENNE;;;;750
46394;201300051508;13;7;17;1700;1;2;7;1.0;2;108;AVENUE WINSTON CHURCHILL;;;;750
46395;201300051509;13;7;19;1340;1;2;2;1.0;1;108;48, BOULEVARD MALESHERBE;;;;750
46396;201300051510;13;7;20;900;1;2;3;1.0;2;108;RUE ROYALE;;;;750
46397;201300051511;13;7;21;1704;1;2;5;1.0;6;108;37, RUE TRONCHET;;;;750
46398;201300051512;13;7;22;1600;1;2;1;1.0;2;108;34, AVENUE DE MESSINE;;;;750
46399;201300051513;13;7;23;1400;1;2;1;3.0;6;108;43 bis, BOULEVARD DES BA;;;;750
46400;201300051514;13;7;25;1730;1;2;1;2.0;3;108;153, BOULEVARD HAUSSMANN;;;;750
46401;201300051515;13;7;26;235;5;2;2;1.0;3;108;41, RUE DES MATHURINS;;;;750
46402;201300051516;13;7;29;1220;1;2;2;1.0;4;108;101, AVENUE DES CHAMPS E;;;;750
46403;201300051517;13;7;29;1515;1;2;7;1.0;3;108;PLACE DE CLICHY;;;;750
46404;201300051518;13;7;29;1300;1;2;7;1.0;2;108;ROND POINT CHAMPS ELYSEE;;;;750
46405;201300051519;13;8;1;1415;1;2;1;1.0;7;108;AVENUE DES CHAMPS ELYSEE;;;;750
46406;201300051520;13;8;1;2100;2;2;7;1.0;3;108;PLACE DU CANADA;;;;750
46407;201300051521;13;8;2;1530;1;2;1;1.0;6;108;140, RUE DU FAUBOURG SAI;;;;750
46408;201300051522;13;8;2;1730;1;2;7;1.0;6;108;60, AVENUE MONTAIGNE;;;;750
46409;201300051523;13;8;6;1700;1;2;5;1.0;6;108;15, RUE DE ROME;;;;750
46410;201300051524;13;8;6;2300;5;2;1;1.0;2;108;AVENUE DES CHAMPS ELYSEE;;;;750
46411;201300051525;13;8;7;230;5;2;1;1.0;6;108;AVENUE WINSTON CHURCHILL;;;;750
46412;201300051526;13;8;8;904;1;2;7;1.0;3;108;4, PLACE DE LA CONCORDE;;;;750
46413;201300051527;13;8;10;100;5;2;3;1.0;3;108;76, AVENUE DES CHAMPS EL;;;;750
46414;201300051528;13;8;10;1425;1;2;2;1.0;6;108;117, AVENUE DES CHAMPS E;;;;750
46415;201300051529;13;8;12;940;1;2;7;1.0;2;108;5, PLACE SAINT AUGUSTIN;;;;750
46416;201300051530;13;8;12;1630;1;2;1;1.0;2;101;02, PLACE DE LA CONCORDE;;;;750
46417;201300051531;13;8;14;1505;1;2;5;1.0;3;108;COURS LA REINE;;;;750
46418;201300051532;13;8;15;1910;1;2;1;1.0;4;108;119, AVENUE DES CHAMPS E;;;;750
46419;201300051533;13;8;16;1020;1;2;2;1.0;3;108;32, AVENUE MONTAIGNE;;;;750
46420;201300051534;13;8;18;1945;1;2;1;1.0;2;116;AVENUE DE NEW YORK;;;;750
46421;201300051535;13;8;19;420;5;2;7;1.0;3;108;ROND POINT CHAMPS ELYSEE;;;;750
46422;201300051536;13;8;20;1030;1;2;7;1.0;7;108;PLACE DE L EUROPE;;;;750
46423;201300051537;13;8;20;1515;1;2;7;1.0;2;108;PLACE DES TERNES;;;;750
46424;201300051538;13;8;21;1200;1;2;2;1.0;1;108;113, RUE DU FAUBOURG SAI;;;;750
46425;201300051539;13;8;23;1620;1;2;2;1.0;2;108;116, AVENUE DES CHAMPS E;;;;750
46426;201300051540;13;8;23;1725;1;2;2;1.0;2;108;32, AVENUE DE FRIEDLAND;;;;750
46427;201300051541;13;8;23;2020;1;2;7;1.0;2;108;PLACE CHARLES DE GAULLE;;;;750
46428;201300051542;13;8;25;150;5;2;3;2.0;1;108;RUE DE ROME;;;;750
46429;201300051543;13;8;25;201;5;2;5;3.0;5;108;BOULEVARD DE COURCELLES;;;;750
46430;201300051544;13;8;25;1735;2;2;7;2.0;3;108;PLACE DE LA CONCORDE;;;;750
46431;201300051546;13;8;28;910;1;2;7;1.0;3;108;11, PLACE SAINT AUGUSTIN;;;;750
46432;201300051547;13;8;29;1500;1;2;1;1.0;6;108;133, AVENUE DES CHAMPS E;;;;750
46433;201300051548;13;8;30;2305;5;2;1;1.0;6;108;41, AVENUE DES CHAMPS EL;;;;750
46434;201300051549;13;8;31;150;5;2;7;1.0;3;108;PLACE DE LA CONCORDE;;;;750
46435;201300051550;13;8;31;1345;1;2;7;1.0;3;108;PLACE DES TERNES;;;;750
46436;201300051551;13;9;1;610;5;2;1;1.0;6;108;44, AVENUE DES CHAMPS EL;;;;750
46437;201300051552;13;9;2;2115;5;2;3;1.0;6;108;84, AVENUE DES CHAMPS EL;;;;750
46438;201300051553;13;9;3;2215;5;2;2;1.0;3;108;28, RUE DE PONTHIEU;;;;750
46439;201300051554;13;9;4;1800;1;2;2;7.0;4;108;52, RUE FRANCOIS 1ER;;;;750
46440;201300051555;13;9;4;1925;1;2;7;1.0;3;108;5, PLACE DE L ALMA;;;;750
46441;201300051556;13;9;5;1025;1;2;2;1.0;3;108;81, RUE DE MIROMESNIL;;;;750
46442;201300051557;13;9;5;2340;5;2;1;1.0;3;108;22, RUE ROYALE;;;;750
46443;201300051558;13;9;6;640;2;2;1;1.0;7;108;VOIE GEORGES POMPIDOU;;;;750
46444;201300051559;13;9;6;1155;1;2;7;2.0;2;108;11, PLACE DE LA MADELEIN;;;;750
46445;201300051560;13;9;7;510;5;2;2;1.0;6;108;94, BOULEVARD HAUSSMANN;;;;750
46446;201300051561;13;9;8;2130;5;2;7;1.0;6;108;125, RUE SAINT LAZARE;;;;750
46447;201300051562;13;9;9;930;1;2;2;1.0;2;108;31, AVENUE GEORGE V;;;;750
46448;201300051563;13;9;10;900;1;2;7;1.0;2;108;, AVENUE DES CHAMPS ELYS;;;;750
46449;201300051564;13;9;10;1925;1;2;1;1.0;6;108;163, RUE DU FAUBOURG SAI;;;;750
46450;201300051565;13;9;12;935;1;2;1;1.0;6;108;20, RUE DE ROME;;;;750
46451;201300051566;13;9;12;1755;1;2;1;1.0;2;108;119, AVENUE DES CHAMPS E;;;;750
46452;201300051568;13;9;14;1910;2;2;1;2.0;2;108;AVENUE DES CHAMPS ELYSEE;;;;750
46453;201300051569;13;9;16;1100;1;2;1;1.0;6;108;55, RUE DU FAUBOURG SAIN;;;;750
46454;201300051570;13;9;16;2100;5;2;1;2.0;7;108;BOULEVARD DE COURCELLES;;;;750
46455;201300051571;13;9;18;1000;1;2;2;1.0;2;108;COURS LA REINE;;;;750
46456;201300051572;13;9;19;710;2;2;2;1.0;1;108;AVENUE DES CHAMPS ELYSEE;;;;750
46457;201300051573;13;9;18;1530;1;2;3;2.0;7;108;21, AVENUE DES CHAMPS EL;;;;750
46458;201300051574;13;9;21;20;5;2;7;1.0;5;108;PLACE DE LA CONCORDE;;;;750
46459;201300051575;13;9;24;2025;5;2;5;1.0;6;108;38, RUE DE PENTHIEVRE;;;;750
46460;201300051576;13;9;25;915;1;2;3;1.0;2;108;113, BOULEVARD MALESHERB;;;;750
46461;201300051577;13;9;25;1015;1;2;1;1.0;6;108;128, RUE LA BOETIE;;;;750
46462;201300051578;13;9;25;1035;1;2;1;1.0;2;108;20, COURS LA REINE;;;;750
46463;201300051580;13;9;26;1045;1;2;7;1.0;2;108;PLACE DE LA CONCORDE;;;;750
46464;201300051581;13;9;26;1450;1;2;2;1.0;2;108;63, AVENUE DES CHAMPS EL;;;;750
46465;201300051582;13;9;26;1700;1;2;2;1.0;2;108;AVENUE GABRIEL;;;;750
46466;201300051583;13;9;27;2030;2;2;4;1.0;7;108;156, AVENUE DES CHAMPS E;;;;750
46467;201300051584;13;9;27;2000;2;2;1;1.0;3;108;AVENUE WINSTON CHURCHILL;;;;750
46468;201300051585;13;9;29;10;5;2;3;3.0;6;108;142, BOULEVARD HAUSSMANN;;;;750
46469;201300051586;13;10;1;650;5;2;2;1.0;3;108;2, RUE DE PENTHIEVRE;;;;750
46470;201300051587;13;10;2;1445;1;2;3;1.0;3;108;61, RUE D AMSTERDAM;;;;750
46471;201300051588;13;10;2;1800;1;2;1;1.0;2;108;AVENUE DES CHAMPS ELYSEE;;;;750
46472;201300051589;13;10;3;1835;1;2;2;8.0;6;108;3, AVENUE GENERAL EISENH;;;;750
46473;201300051590;13;10;3;2305;5;2;2;3.0;6;108;24, RUE DE VIENNE;;;;750
46474;201300051591;13;10;4;2215;5;2;7;1.0;3;108;AVENUE WINSTON CHURCHILL;;;;750
46475;201300051592;13;10;5;1830;1;2;7;1.0;1;108;PLACE DE LA CONCORDE;;;;750
46476;201300051593;13;10;6;40;5;2;7;1.0;3;108;PLACE DE LA CONCORDE;;;;750
46477;201300051594;13;10;6;1940;5;2;1;1.0;6;108;12, RUE CHRISTOPHE COLOM;;;;750
46478;201300051595;13;10;7;2145;5;2;2;1.0;3;108;RUE DES MATHURINS;;;;750
46479;201300051596;13;10;11;1145;1;2;7;2.0;3;108;PLACE SAINT AUGUSTIN;;;;750
46480;201300051597;13;10;11;1815;2;2;1;8.0;3;108;13, AVENUE HOCHE;;;;750
46481;201300051598;13;10;12;2030;5;2;1;8.0;2;108;33, RUE D AMSTERDAM;;;;750
46482;201300051599;13;10;13;1345;1;2;7;1.0;6;108;1, AVENUE DES CHAMPS ELY;;;;750
46483;201300051600;13;10;14;1930;5;2;7;2.0;3;108;2, BOULEVARD MALESHERBES;;;;750
46484;201300051601;13;10;15;815;1;2;7;1.0;3;108;PLACE CHARLES DE GAULLE;;;;750
46485;201300051602;13;10;16;800;1;2;2;1.0;6;108;23, AVENUE FRANKLIN D RO;;;;750
46486;201300051603;13;10;16;1915;5;2;7;2.0;3;108;1, PLACE BEAUVAU;;;;750
46487;201300051604;13;10;17;1950;5;2;7;1.0;6;108;26, PLACE DE LA MADELEIN;;;;750
46488;201300051605;13;10;17;2200;5;2;3;1.0;6;108;81, RUE LA BOETIE;;;;750
46489;201300051606;13;10;21;1800;1;2;2;1.0;3;108;13, RUE DE LISBONNE;;;;750
46490;201300051607;13;10;23;1525;1;2;1;1.0;2;108;01, RUE DES SAUSSAIES;;;;750
46491;201300051608;13;10;23;1930;5;2;1;8.0;2;108;COURS ALBERT 1ER;;;;750
46492;201300051609;13;10;24;1720;1;2;5;1.0;1;108;126, RUE DU FAUBOURG SAI;;;;750
46493;201300051610;13;10;24;2320;5;2;2;1.0;3;108;422, RUE SAINT HONORE;;;;750
46494;201300051611;13;10;26;1455;1;2;1;1.0;2;108;AVENUE WINSTON CHURCHILL;;;;750
46495;201300051613;13;10;29;1705;1;2;1;2.0;6;108;24, AVENUE DE WAGRAM;;;;750
46496;201300051614;13;10;30;900;1;2;2;1.0;3;108;39, AVENUE GEORGE V;;;;750
46497;201300051615;13;10;31;1230;1;2;7;1.0;7;108;PLACE CLEMENCEAU;;;;750
46498;201300051616;13;10;31;2030;5;2;7;2.0;3;108;1, PLACE DE LA CONCORDE;;;;750
46499;201300051617;13;11;1;2200;5;2;7;2.0;3;108;PLACE DE LA CONCORDE;;;;750
46500;201300051618;13;11;2;1830;5;2;7;1.0;3;108;21, ROND POINT CHAMPS EL;;;;750
46501;201300051619;13;11;4;1005;1;2;4;1.0;3;108;COURS ALBERT 1ER;;;;750
46502;201300051620;13;11;4;1220;1;2;1;1.0;3;108;80, BOULEVARD HAUSSMANN;;;;750
46503;201300051621;13;11;4;1800;5;2;2;1.0;6;108;039, RUE FRANCOIS 1ER;;;;750
46504;201300051622;13;11;5;810;1;2;4;2.0;2;108;COURS ALBERT 1ER;;;;750
46505;201300051624;13;11;7;1045;1;2;7;8.0;4;108;1, ROND POINT CHAMPS ELY;;;;750
46506;201300051625;13;11;8;1824;5;2;1;2.0;7;116;BOULEVARD PERIPHERIQUE;;;;750
46507;201300051626;13;11;11;1;5;2;7;1.0;3;108;PLACE DU CANADA;;;;750
46508;201300051627;13;11;12;945;1;2;2;2.0;7;108;14, AVENUE DE FRIEDLAND;;;;750
46509;201300051629;13;11;13;910;1;2;1;1.0;2;108;04, AVENUE HOCHE;;;;750