;Num_Acc;an;mois;jour;hrmn;lum;agg;int;atm;col;com;adr;gps;lat;long;dep
46510;201300051630;13;11;13;1210;1;2;4;1.0;6;108;226, RUE DU FAUBOURG SAI;;;;750
46511;201300051632;13;11;15;2325;5;2;7;1.0;4;108;10, AVENUE DE FRIEDLAND;;;;750
46512;201300051633;13;11;15;1900;2;2;2;1.0;3;108;52, AVENUE DES CHAMPS EL;;;;750
46513;201300051634;13;11;16;1;5;2;1;1.0;2;108;AVENUE DES CHAMPS ELYSEE;;;;750
46514;201300051635;13;11;16;308;5;2;2;1.0;3;108;112, AVENUE DES CHAMPS E;;;;750
46515;201300051636;13;11;17;305;5;2;1;1.0;6;108;BOULEVARD DE COURCELLES;;;;750
46516;201300051637;13;11;18;1020;1;2;1;1.0;7;108;VOIE GEORGES POMPIDOU;;;;750
46517;201300051638;13;11;21;1020;1;2;1;2.0;7;117;17, BOULEVARD DE COURCEL;;;;750
46518;201300051639;13;11;21;2025;5;2;7;2.0;2;108;PLACE DE LA CONCORDE;;;;750
46519;201300051640;13;11;21;2228;5;2;7;2.0;6;108;59, RUE DU FAUBOURG SAIN;;;;750
46520;201300051641;13;11;22;2018;5;2;3;1.0;6;108;35, RUE DE ROME;;;;750
46521;201300051642;13;11;25;1840;5;2;1;1.0;2;108;VOIE GEORGES POMPIDOU;;;;750
46522;201300051644;13;11;26;1030;1;2;1;1.0;6;108;72, AVENUE MARCEAU;;;;750
46523;201300051645;13;11;26;1730;5;2;7;1.0;3;116;PLACE CLEMENT ADER;;;;750
46524;201300051646;13;11;26;1930;3;2;1;1.0;2;108;67, AVENUE DES CHAMPS EL;;;;750
46525;201300051647;13;11;27;900;1;2;7;1.0;2;108;4, PLACE DE LA CONCORDE;;;;750
46526;201300051648;13;11;27;1220;1;2;1;1.0;6;108;5, RUE DE BERRI;;;;750
46527;201300051649;13;11;28;1215;1;2;1;1.0;6;108;21, RUE DU FAUBOURG SAIN;;;;750
46528;201300051650;13;11;28;1900;5;2;2;2.0;7;108;131, AVENUE DES CHAMPS E;;;;750
46529;201300051651;13;11;28;2340;5;2;7;1.0;3;108;PLACE DE LA CONCORDE;;;;750
46530;201300051652;13;11;29;820;1;2;2;1.0;6;108;RUE D ARGENSON;;;;750
46531;201300051653;13;11;29;1810;5;2;2;2.0;3;108;38, AVENUE DE FRIEDLAND;;;;750
46532;201300051654;13;11;30;2329;5;2;2;2.0;2;108;52, BOULEVARD MALESHERBE;;;;750
46533;201300051655;13;11;30;1740;5;2;1;1.0;7;108;24, RUE FRANCOIS 1ER;;;;750
46534;201300051656;13;12;1;730;5;2;2;1.0;3;108;52, AVENUE DES CHAMPS EL;;;;750
46535;201300051658;13;12;2;1245;1;2;1;1.0;6;108;AVENUE WINSTON CHURCHILL;;;;750
46536;201300051659;13;12;3;1330;1;2;1;1.0;6;108;129, AVENUE DES CHAMPS E;;;;750
46537;201300051660;13;12;3;1820;5;2;2;1.0;6;108;29, AVENUE DE FRIEDLAND;;;;750
46538;201300051661;13;12;5;1600;1;2;2;1.0;3;108;127, AVENUE DES CHAMPS E;;;;750
46539;201300051662;13;12;6;1010;1;2;5;1.0;6;108;6, PLACE SAINT AUGUSTIN;;;;750
46540;201300051663;13;12;6;1330;1;2;1;1.0;6;108;4, RUE ROYALE;;;;750
46541;201300051664;13;12;7;1235;1;2;1;1.0;3;108;95, RUE D AMSTERDAM;;;;750
46542;201300051666;13;12;8;500;5;2;1;1.0;6;108;146, AVENUE DES CHAMPS E;;;;750
46543;201300051667;13;12;9;1300;1;2;7;1.0;6;108;43, AVENUE FRANKLIN D RO;;;;750
46544;201300051668;13;12;9;1920;5;2;1;1.0;6;108;12, AVENUE DE WAGRAM;;;;750
46545;201300051669;13;12;10;1115;1;2;2;1.0;3;108;49, RUE DE ROME;;;;750
46546;201300051670;13;12;12;1505;1;2;2;1.0;5;108;12, RUE BEAUJON;;;;750
46547;201300051671;13;12;13;1845;5;2;7;2.0;7;108;PLACE DE LA CONCORDE;;;;750
46548;201300051672;13;12;14;310;5;2;7;1.0;3;108;AVENUE DES CHAMPS ELYSEE;;;;750
46549;201300051673;13;12;14;945;1;2;1;1.0;7;108;1, AVENUE DES CHAMPS ELY;;;;750
46550;201300051674;13;12;14;1245;1;2;7;1.0;6;108;PLACE DE LA MADELEINE;;;;750
46551;201300051675;13;12;17;1130;1;2;3;1.0;2;108;38, RUE DES MATHURINS;;;;750
46552;201300051676;13;12;17;1700;5;2;3;1.0;3;108;08, BOULEVARD MALESHERBE;;;;750
46553;201300051677;13;12;17;1945;5;2;7;1.0;2;108;PLACE DE LA CONCORDE;;;;750
46554;201300051678;13;12;18;1740;5;2;2;1.0;3;108;AVENUE DES CHAMPS ELYSEE;;;;750
46555;201300051679;13;12;20;955;1;2;4;1.0;3;108;61, BOULEVARD HAUSSMANN;;;;750
46556;201300051680;13;12;20;1200;1;2;1;1.0;5;108;AVENUE DES CHAMPS ELYSEE;;;;750
46557;201300051681;13;12;21;1445;1;2;1;1.0;2;108;RUE DE LONDRES;;;;750
46558;201300051682;13;12;22;140;5;2;7;9.0;3;108;1, PLACE CHARLES DE GAUL;;;;750
46559;201300051683;13;12;22;130;5;2;7;1.0;4;108;ROND POINT CHAMPS ELYSEE;;;;750
46560;201300051685;13;12;24;950;1;2;2;6.0;7;116;39, AVENUE MARCEAU;;;;750
46561;201300051686;13;12;24;1610;2;2;1;3.0;6;108;45, RUE DE LONDRES;;;;750
46562;201300051687;13;12;26;1530;1;2;3;1.0;3;108;134, BOULEVARD HAUSSMANN;;;;750
46563;201300051688;13;12;28;120;5;2;5;3.0;3;108;COURS LA REINE;;;;750
46564;201300051689;13;12;28;440;5;2;1;3.0;6;108;COURS ALBERT 1ER;;;;750
46565;201300051690;13;12;28;1250;1;2;7;1.0;3;108;3, PLACE DE LA CONCORDE;;;;750
46566;201300051691;13;12;29;2010;5;2;1;1.0;7;108;48, RUE DE LONDRES;;;;750
46567;201300051692;13;12;30;1210;1;2;1;1.0;3;108;11, RUE TRONCHET;;;;750
46568;201300051694;13;12;31;1000;1;2;2;1.0;3;108;07, RUE ROQUEPINE;;;;750
46569;201300051696;13;1;2;640;5;2;2;1.0;3;109;BOULEVARD POISSONNIERE;;;;750
46570;201300051697;13;1;7;830;1;2;3;1.0;6;109;BOULEVARD DE CLICHY;;;;750
46571;201300051698;13;1;8;920;1;2;2;1.0;6;109;2, RUE DE MOGADOR;;;;750
46572;201300051699;13;1;9;29;5;2;2;1.0;6;109;76, RUE DE DUNKERQUE;;;;750
46573;201300051700;13;1;9;1111;1;2;2;1.0;3;109;43, RUE DE PROVENCE;;;;750
46574;201300051701;13;1;10;1409;1;2;5;2.0;6;109;76, RUE DE ROCHECHOUART;;;;750
46575;201300051703;13;1;16;2345;5;2;1;1.0;7;109;14, RUE CLAUZEL;;;;750
46576;201300051704;13;1;18;100;5;2;5;1.0;7;109;02, BOULEVARD HAUSSMANN;;;;750
46577;201300051705;13;1;18;1405;1;2;7;1.0;6;109;PLACE PIGALLE;;;;750
46578;201300051706;13;1;24;2010;5;2;1;1.0;6;109;17, BOULEVARD DE ROCHECH;;;;750
46579;201300051708;13;1;25;2130;5;2;7;1.0;5;102;BOULEVARD DES CAPUCINES;;;;750
46580;201300051709;13;1;26;2055;5;2;1;1.0;6;109;20, RUE D AMSTERDAM;;;;750
46581;201300051710;13;1;29;2120;5;2;7;8.0;7;109;BOULEVARD DE ROCHECHOUAR;;;;750
46582;201300051711;13;1;30;1820;2;2;2;1.0;6;109;02, RUE BERGERE;;;;750
46583;201300051712;13;1;31;1900;5;2;4;1.0;6;109;40, RUE BALLU;;;;750
46584;201300051713;13;2;1;1920;5;2;2;1.0;6;116;AVENUE HENRI MARTIN;;;;750
46585;201300051714;13;2;7;740;2;2;2;2.0;3;109;61, RUE LA FAYETTE;;;;750
46586;201300051715;13;2;7;915;1;2;1;1.0;2;102;05, BOULEVARD DES ITALIE;;;;750
46587;201300051716;13;2;8;930;1;2;5;1.0;6;109;40, BOULEVARD HAUSSMANN;;;;750
46588;201300051717;13;2;9;1000;1;2;7;1.0;6;109;1, RUE DE MAUBEUGE;;;;750
46589;201300051719;13;2;12;1935;5;2;1;1.0;6;109;4, RUE DU FAUBOURG MONTM;;;;750
46590;201300051720;13;2;13;1125;1;2;1;1.0;7;109;28, RUE BLANCHE;;;;750
46591;201300051721;13;2;21;1440;1;2;7;1.0;6;109;2, RUE HALEVY;;;;750
46592;201300051722;13;2;26;1405;1;2;1;1.0;2;109;14, RUE BERGERE;;;;750
46593;201300051723;13;2;26;2250;5;2;2;1.0;3;109;41, RUE DE ROCHECHOUART;;;;750
46594;201300051724;13;2;23;2000;2;2;3;8.0;3;109;75 bis, BOULEVARD DE CLI;;;;750
46595;201300051725;13;2;28;1955;5;2;4;1.0;2;109;12, BOULEVARD DE LA MADE;;;;750
46596;201300051727;13;3;9;1750;1;2;1;1.0;6;109;107, RUE SAINT LAZARE;;;;750
46597;201300051728;13;3;9;2220;5;2;5;1.0;7;109;38, RUE NOTRE DAME DE LO;;;;750
46598;201300051729;13;3;11;1015;1;2;1;2.0;3;109;16, BOULEVARD MONTMARTRE;;;;750
46599;201300051730;13;3;13;1808;1;2;1;8.0;6;109;13, RUE DE MONTYON;;;;750
46600;201300051731;13;3;14;2025;5;2;7;1.0;4;109;19, BOULEVARD DE CLICHY;;;;750
46601;201300051732;13;3;15;855;1;2;2;1.0;7;109;24, RUE SAINT LAZARE;;;;750
46602;201300051733;13;3;15;1010;1;2;5;1.0;2;109;BOULEVARD HAUSSMANN;;;;750
46603;201300051734;13;3;15;1325;1;2;7;1.0;6;109;12, BOULEVARD DES CAPUCI;;;;750
46604;201300051735;13;3;22;1615;1;2;5;1.0;2;109;40, BOULEVARD HAUSSMANN;;;;750
46605;201300051736;13;3;25;1435;1;2;2;1.0;6;109;40, RUE DE CHATEAUDUN;;;;750
46606;201300051737;13;3;26;1055;1;2;1;1.0;6;109;52, RUE DE CHATEAUDUN;;;;750
46607;201300051738;13;3;26;1750;1;2;1;8.0;6;109;45, BOULEVARD DE ROCHECH;;;;750
46608;201300051739;13;3;29;105;5;2;3;1.0;6;109;57, BOULEVARD DE ROCHECH;;;;750
46609;201300051740;13;3;30;2340;5;2;1;1.0;7;109;18, RUE CLAUZEL;;;;750
46610;201300051741;13;4;2;1730;1;2;5;1.0;3;109;23, BOULEVARD HAUSSMANN;;;;750
46611;201300051742;13;4;4;1815;1;2;5;2.0;3;109;1, RUE DE PROVENCE;;;;750
46612;201300051743;13;4;6;1015;1;2;2;1.0;3;109;8, BOULEVARD HAUSSMANN;;;;750
46613;201300051744;13;4;8;1750;1;2;1;1.0;6;109;39, BOULEVARD DE CLICHY;;;;750
46614;201300051745;13;4;10;1950;5;2;3;2.0;7;109;16, BOULEVARD POISSONNIE;;;;750
46615;201300051746;13;4;12;1740;1;2;7;3.0;2;109;02, PLACE CHARLES GARNIE;;;;750
46616;201300051747;13;4;15;850;1;2;5;2.0;6;109;21, RUE DU FAUBOURG MONT;;;;750
46617;201300051748;13;4;17;1257;1;2;7;1.0;6;109;1, RUE AUBER;;;;750
46618;201300051750;13;4;17;1515;1;2;5;1.0;3;109;RUE AUBER;;;;750
46619;201300051751;13;4;22;1915;1;2;1;1.0;4;109;22, RUE DE LONDRES;;;;750
46620;201300051752;13;4;24;1745;1;2;3;1.0;6;109;17, RUE DE ROCHECHOUART;;;;750
46621;201300051753;13;4;26;1703;1;2;7;2.0;6;109;19, RUE SCRIBE;;;;750
46622;201300051754;13;4;29;1515;1;2;3;1.0;6;109;16, RUE HENRY MONNIER;;;;750
46623;201300051755;13;5;1;1615;1;2;3;8.0;3;109;RUE LA FAYETTE;;;;750
46624;201300051756;13;5;2;1035;1;2;2;1.0;3;109;3, BOULEVARD HAUSSMANN;;;;750
46625;201300051757;13;5;2;1815;1;2;1;1.0;6;109;RUE CHORON;;;;750
46626;201300051758;13;5;6;1653;1;2;5;1.0;3;109;63, BOULEVARD DE ROCHECH;;;;750
46627;201300051759;13;5;12;15;5;2;4;1.0;3;109;08, RUE DE LA CHAUSSEE D;;;;750
46628;201300051760;13;5;13;1900;1;2;5;1.0;3;109;27, RUE DE ROCHECHOUART;;;;750
46629;201300051761;13;5;14;1540;1;2;7;1.0;6;109;57, RUE DE LA CHAUSSEE D;;;;750
46630;201300051762;13;5;15;55;5;2;2;8.0;7;102;3, BOULEVARD MONTMARTRE;;;;750
46631;201300051764;13;5;16;1215;1;2;2;1.0;3;109;43, RUE LE PELETIER;;;;750
46632;201300051766;13;5;20;2340;5;2;5;2.0;6;109;01, RUE MAYRAN;;;;750
46633;201300051767;13;5;21;1830;1;2;5;1.0;3;102;28, AVENUE DE L OPERA;;;;750
46634;201300051768;13;5;23;1425;1;2;5;1.0;3;109;29, RUE DROUOT;;;;750
46635;201300051769;13;5;24;312;5;2;1;1.0;5;109;8, BOULEVARD MONTMARTRE;;;;750
46636;201300051770;13;5;25;1115;1;2;1;1.0;5;109;36, RUE VICTOR MASSE;;;;750
46637;201300051771;13;5;24;2200;5;2;7;2.0;6;109;15, BOULEVARD DE CLICHY;;;;750
46638;201300051773;13;5;26;930;1;2;7;1.0;2;109;PLACE DE CLICHY;;;;750
46639;201300051774;13;5;27;1210;1;2;1;1.0;2;109;53, RUE DE CHATEAUDUN;;;;750
46640;201300051775;13;5;27;1630;1;2;5;1.0;6;109;RUE LA FAYETTE;;;;750
46641;201300051776;13;5;29;1400;1;2;7;1.0;6;109;75, RUE SAINT LAZARE;;;;750
46642;201300051777;13;5;29;1730;1;2;2;1.0;3;109;14, BOULEVARD HAUSSMANN;;;;750
46643;201300051778;13;6;3;1150;1;2;2;1.0;3;101;52, RUE DU LOUVRE;;;;750
46644;201300051779;13;6;9;1608;1;2;5;2.0;7;109;46, RUE DE ROCHECHOUART;;;;750
46645;201300051780;13;6;10;1100;1;2;2;1.0;6;109;20, RUE LAMARTINE;;;;750
46646;201300051781;13;6;13;2000;1;2;5;1.0;3;109;RUE DE ROCHECHOUART;;;;750
46647;201300051782;13;6;14;2000;2;2;2;1.0;3;109;46, RUE DE TREVISE;;;;750
46648;201300051783;13;6;15;525;5;2;2;1.0;3;109;41, RUE DE CHATEAUDUN;;;;750
46649;201300051784;13;6;15;1615;1;2;1;1.0;6;109;42, RUE DE LA CHAUSSEE D;;;;750
46650;201300051785;13;6;17;950;1;2;5;3.0;1;109;30, BOULEVARD DES CAPUCI;;;;750
46651;201300051786;13;6;18;1554;1;2;2;1.0;6;109;20, RUE DE MOGADOR;;;;750
46652;201300051787;13;6;21;1335;1;2;3;1.0;6;109;21, RUE DE CLICHY;;;;750
46653;201300051788;13;6;21;1942;1;2;2;1.0;3;109;13, RUE DE CHATEAUDUN;;;;750
46654;201300051790;13;6;25;2315;5;2;5;1.0;3;109;2, RUE HENRY MONNIER;;;;750
46655;201300051791;13;6;26;813;1;2;7;1.0;3;109;15, BOULEVARD DE CLICHY;;;;750
46656;201300051792;13;6;26;902;1;2;3;1.0;6;109;8, BOULEVARD DE LA MADEL;;;;750
46657;201300051793;13;6;27;2100;1;2;3;1.0;2;109;47, RUE SAINT GEORGES;;;;750
46658;201300051794;13;6;30;1530;1;2;5;1.0;6;109;10, PLACE D ANVERS;;;;750
46659;201300051795;13;7;1;1730;1;2;2;1.0;7;109;43, RUE LE PELETIER;;;;750
46660;201300051796;13;7;3;945;1;2;3;2.0;2;109;75, BOULEVARD DE CLICHY;;;;750
46661;201300051797;13;7;3;2125;1;2;7;1.0;6;109;12, BOULEVARD DES CAPUCI;;;;750
46662;201300051798;13;7;6;939;1;2;2;1.0;3;109;02, BOULEVARD MONTMARTRE;;;;750
46663;201300051799;13;7;9;1637;1;2;3;1.0;6;109;54, RUE DE CLICHY;;;;750
46664;201300051801;13;7;9;2115;5;2;5;1.0;2;109;2, BOULEVARD DE LA MADEL;;;;750
46665;201300051802;13;7;12;1000;1;2;7;1.0;6;109;57, RUE DE LA CHAUSSEE D;;;;750
46666;201300051803;13;7;15;1655;1;2;7;1.0;3;109;3, RUE AUBER;;;;750
46667;201300051804;13;7;11;552;5;2;2;1.0;3;109;20, RUE DE MOGADOR;;;;750
46668;201300051805;13;7;19;1515;1;2;7;1.0;6;109;12, BOULEVARD DES CAPUCI;;;;750
46669;201300051807;13;7;22;1628;1;2;1;1.0;2;109;49, RUE BLANCHE;;;;750
46670;201300051808;13;7;22;1545;1;2;7;1.0;2;109;PLACE BLANCHE;;;;750
46671;201300051809;13;7;23;235;5;2;1;1.0;6;109;73, BOULEVARD DE CLICHY;;;;750
46672;201300051810;13;7;25;1410;1;2;7;1.0;6;109;8, PLACE DE L OPERA;;;;750
46673;201300051811;13;7;29;140;5;2;3;1.0;6;109;11, BOULEVARD DE CLICHY;;;;750
46674;201300051813;13;8;6;955;1;2;7;1.0;3;109;PLACE DE L OPERA;;;;750
46675;201300051814;13;8;8;240;5;2;5;1.0;3;109;65, RUE JEAN BAPTISTE PI;;;;750
46676;201300051816;13;8;17;1850;1;2;3;1.0;3;109;35, RUE LAMARTINE;;;;750
46677;201300051817;13;8;19;1835;1;2;1;1.0;3;109;92, RUE LA FAYETTE;;;;750
46678;201300051818;13;8;22;1335;1;2;7;1.0;6;109;73, RUE SAINT LAZARE;;;;750
46679;201300051819;13;8;23;1525;1;2;1;1.0;6;109;8, RUE HALEVY;;;;750
46680;201300051820;13;8;30;1040;1;2;2;1.0;5;109;13, RUE DE MOGADOR;;;;750
46681;201300051821;13;9;3;825;1;2;7;1.0;3;109;8, PLACE DE L OPERA;;;;750
46682;201300051822;13;9;4;1850;1;2;5;1.0;7;109;2, BOULEVARD DES ITALIEN;;;;750
46683;201300051823;13;9;4;1350;1;2;7;1.0;6;109;6, RUE BLANCHE;;;;750
46684;201300051824;13;9;10;1535;1;2;3;2.0;6;109;1, RUE BALLU;;;;750
46685;201300051825;13;9;11;2120;5;2;4;1.0;6;109;46, RUE DU FAUBOURG MONT;;;;750
46686;201300051828;13;9;19;1435;1;2;1;1.0;2;109;7, RUE DE LA TOUR D AUVE;;;;750
46687;201300051829;13;9;19;2020;5;2;2;8.0;3;109;88, RUE LA FAYETTE;;;;750
46688;201300051830;13;9;19;2145;5;2;2;1.0;3;109;BOULEVARD HAUSSMANN;;;;750
46689;201300051831;13;9;22;2245;5;2;3;1.0;6;109;75bis, BOULEVARD DE CLIC;;;;750
46690;201300051832;13;9;24;950;1;2;2;1.0;3;109;38, RUE DE CHATEAUDUN;;;;750
46691;201300051833;13;9;24;1209;1;2;2;1.0;7;109;7, RUE DE MAUBEUGE;;;;750
46692;201300051834;13;9;27;1005;1;2;1;1.0;3;109;20, BOULEVARD MONTMARTRE;;;;750
46693;201300051835;13;9;27;2130;5;2;1;1.0;6;109;31 bis, RUE BERGERE;;;;750
46694;201300051836;13;9;28;2115;5;2;7;1.0;6;109;8, PLACE DE L OPERA;;;;750
46695;201300051838;13;10;3;957;1;2;1;1.0;2;102;17, BOULEVARD POISSONNIE;;;;750
46696;201300051839;13;10;6;1020;1;2;3;1.0;3;109;17, RUE LAFFITTE;;;;750
46697;201300051841;13;10;7;950;1;2;1;1.0;2;109;43, RUE RICHER;;;;750
46698;201300051842;13;10;10;1220;1;2;3;1.0;4;109;43, RUE DE LIEGE;;;;750
46699;201300051843;13;10;11;1055;1;2;1;2.0;3;109;29, BOULEVARD HAUSSMANN;;;;750
46700;201300051844;13;10;11;1430;1;2;1;1.0;2;109;28, BOULEVARD POISSONNIE;;;;750
46701;201300051845;13;10;11;2120;5;2;7;1.0;6;109;39, BOULEVARD DE ROCHECH;;;;750
46702;201300051846;13;10;12;135;5;2;7;1.0;6;109;17, BOULEVARD HAUSSMANN;;;;750
46703;201300051848;13;10;17;944;1;2;2;1.0;3;109;BOULEVARD MONTMARTRE;;;;750
46704;201300051849;13;10;17;1505;1;2;1;1.0;7;109;21, RUE GERANDO;;;;750
46705;201300051850;13;10;22;2036;5;2;3;8.0;6;109;36, RUE LA FAYETTE;;;;750
46706;201300051851;13;10;23;1520;1;2;1;1.0;6;109;BOULEVARD HAUSSMANN;;;;750
46707;201300051852;13;10;24;835;1;2;2;1.0;3;109;15, RUE SAINT LAZARE;;;;750
46708;201300051853;13;10;28;915;1;2;5;8.0;2;109;20, BOULEVARD MONTMARTRE;;;;750
46709;201300051854;13;10;29;930;1;2;7;1.0;2;109;15, RUE DE CHATEAUDUN;;;;750
46710;201300051855;13;10;30;1230;1;2;1;1.0;6;109;23, RUE SAULNIER;;;;750
46711;201300051858;13;11;4;716;1;2;1;1.0;6;109;5, BOULEVARD DE CLICHY;;;;750
46712;201300051859;13;11;7;1235;1;2;7;8.0;6;109;02, RUE AUBER;;;;750
46713;201300051860;13;11;8;1655;5;2;3;2.0;6;109;41, BOULEVARD HAUSSMANN;;;;750
46714;201300051861;13;11;9;115;5;2;1;1.0;6;109;77, BOULEVARD DE CLICHY;;;;750
46715;201300051862;13;11;11;445;5;2;2;1.0;3;109;RUE DE CHATEAUDUN;;;;750
46716;201300051863;13;11;10;2015;5;2;2;1.0;2;117;113, AVENUE DE LA PORTE;;;;750
46717;201300051864;13;11;12;910;1;2;1;2.0;2;109;54, RUE D AMSTERDAM;;;;750
46718;201300051865;13;11;13;1150;1;2;3;1.0;6;109;17, RUE CADET;;;;750
46719;201300051866;13;11;13;2155;5;2;3;1.0;7;109;15, RUE DE CHATEAUDUN;;;;750
46720;201300051867;13;11;15;1340;1;2;5;1.0;6;109;1, RUE JEAN BAPTISTE PIG;;;;750
46721;201300051868;13;11;16;355;5;2;2;1.0;6;104;3, RUE DU RENARD;;;;750
46722;201300051869;13;11;16;1010;1;2;1;1.0;3;109;12, BOULEVARD POISSONNIE;;;;750
46723;201300051870;13;11;16;1905;5;2;2;1.0;6;109;0, RUE DE ROCHECHOUART;;;;750
46724;201300051871;13;11;19;200;5;2;1;1.0;6;109;6, PLACE DE CLICHY;;;;750
46725;201300051872;13;11;21;815;1;2;7;2.0;6;109;1, RUE AUBER;;;;750
46726;201300051873;13;11;22;2330;5;2;2;1.0;3;109;RUE DE ROCHECHOUART;;;;750
46727;201300051874;13;11;21;1725;2;2;2;2.0;6;109;53, AVENUE TRUDAINE;;;;750
46728;201300051875;13;11;25;1120;1;2;2;1.0;3;108;2, AVENUE DE MARIGNY;;;;750
46729;201300051876;13;11;26;1805;5;2;1;1.0;7;109;23, BOULEVARD DE CLICHY;;;;750
46730;201300051877;13;11;29;1;5;2;2;1.0;3;109;3, PLACE LILI BOULANGER;;;;750
46731;201300051878;13;11;30;1325;1;2;2;1.0;3;109;91, RUE LA FAYETTE;;;;750
46732;201300051880;13;12;4;2010;5;2;2;1.0;7;109;35, RUE BLANCHE;;;;750
46733;201300051882;13;12;6;1510;1;2;2;1.0;6;109;49, BOULEVARD HAUSSMANN;;;;750
46734;201300051883;13;12;10;1445;1;2;2;1.0;3;109;13, RUE RICHER;;;;750
46735;201300051884;13;12;11;935;1;2;1;1.0;2;109;4, RUE HALEVY;;;;750
46736;201300051885;13;12;12;1500;1;2;1;1.0;6;109;121, RUE DU FAUBOURG POI;;;;750
46737;201300051886;13;12;14;1500;1;2;1;1.0;3;109;10, RUE DE CAUMARTIN;;;;750
46738;201300051887;13;12;16;2210;5;2;2;1.0;2;109;46, BOULEVARD HAUSSMANN;;;;750
46739;201300051889;13;12;20;215;5;2;1;1.0;7;109;41, RUE PIERRE FONTAINE;;;;750
46740;201300051890;13;12;21;1830;5;2;2;1.0;2;109;BOULEVARD HAUSSMANN;;;;750
46741;201300051891;13;12;23;1115;1;2;5;1.0;3;109;86, RUE DE DUNKERQUE;;;;750
46742;201300051892;13;12;29;1610;1;2;1;1.0;2;109;10, BOULEVARD POISSONNIE;;;;750
46743;201300051893;13;12;30;755;2;2;2;1.0;6;109;15, RUE SAINT LAZARE;;;;750
46744;201300051894;13;1;1;130;5;2;1;2.0;6;110;13, BOULEVARD DE MAGENTA;;;;750
46745;201300051895;13;1;2;1945;5;2;2;1.0;6;110;70, RUE DU FAUBOURG SAIN;;;;750
46746;201300051896;13;1;9;1115;1;2;5;1.0;7;110;72, BOULEVARD DE STRASBO;;;;750
46747;201300051897;13;1;9;1730;5;2;4;2.0;6;110;37, AVENUE CLAUDE VELLEF;;;;750
46748;201300051898;13;1;10;1805;5;2;1;2.0;6;110;10, BOULEVARD DE MAGENTA;;;;750
46749;201300051899;13;1;10;2105;5;2;5;8.0;3;110;2, BOULEVARD SAINT DENIS;;;;750
46750;201300051900;13;1;11;2015;5;2;5;1.0;6;110;51, BOULEVARD DE MAGENTA;;;;750
46751;201300051901;13;1;12;1615;1;2;7;8.0;6;110;127, BOULEVARD DE MAGENT;;;;750
46752;201300051902;13;1;13;1405;1;2;2;8.0;3;110;15, AVENUE CLAUDE VELLEF;;;;750
46753;201300051903;13;1;14;1140;1;2;3;1.0;2;110;38, RUE DE LA GRANGE AUX;;;;750
46754;201300051904;13;1;15;800;5;2;4;2.0;3;110;78, BOULEVARD DE MAGENTA;;;;750
46755;201300051905;13;1;15;1030;1;2;3;2.0;3;110;8, AVENUE RICHERAND;;;;750
46756;201300051906;13;1;15;1255;1;2;3;2.0;6;110;14, BOULEVARD DE BONNE N;;;;750
46757;201300051907;13;1;15;1430;1;2;1;2.0;3;110;20, RUE DES ECLUSES SAIN;;;;750
46758;201300051908;13;1;15;2030;5;2;5;4.0;6;110;1, RUE DU FAUBOURG SAINT;;;;750
46759;201300051909;13;1;17;1100;1;2;2;1.0;3;110;RUE EUGENE VARLIN;;;;750
46760;201300051910;13;1;17;1450;1;2;1;1.0;6;110;05, RUE D HAUTEVILLE;;;;750
46761;201300051911;13;1;17;220;5;2;1;1.0;6;110;80, QUAI DE JEMMAPES;;;;750
46762;201300051912;13;1;19;210;5;2;2;4.0;7;110;206, RUE LA FAYETTE;;;;750
46763;201300051913;13;1;21;1800;3;2;2;4.0;6;110;204, RUE LA FAYETTE;;;;750
46764;201300051914;13;1;22;2100;5;2;2;2.0;7;110;92, BOULEVARD DE MAGENTA;;;;750
46765;201300051915;13;1;23;1040;1;2;1;1.0;3;110;164, BOULEVARD DE MAGENT;;;;750
46766;201300051916;13;1;25;1600;1;2;4;8.0;3;110;21, BOULEVARD DE MAGENTA;;;;750
46767;201300051917;13;1;28;1610;1;2;1;1.0;6;110;99, BOULEVARD DE MAGENTA;;;;750
46768;201300051918;13;1;29;635;5;2;1;2.0;6;110;114, BOULEVARD DE MAGENT;;;;750
46769;201300051919;13;1;29;1040;1;2;5;2.0;6;110;245, RUE LA FAYETTE;;;;750
46770;201300051920;13;1;30;820;1;2;1;2.0;3;110;233, RUE DU FAUBOURG SAI;;;;750
46771;201300051922;13;2;1;730;5;2;1;2.0;6;110;119, RUE LA FAYETTE;;;;750
46772;201300051923;13;2;2;1850;5;2;3;8.0;3;110;131, BOULEVARD DE LA VIL;;;;750
46773;201300051924;13;2;2;2115;5;2;2;1.0;6;110;38, QUAI DE JEMMAPES;;;;750
46774;201300051925;13;2;3;1300;1;2;1;1.0;2;110;147, RUE DU FAUBOURG SAI;;;;750
46775;201300051926;13;2;3;2215;5;2;1;2.0;6;110;114, BOULEVARD DE MAGENT;;;;750
46776;201300051927;13;2;4;900;1;2;1;2.0;6;110;26, AVENUE CLAUDE VELLEF;;;;750
46777;201300051928;13;1;28;1105;1;2;1;1.0;7;110;37, RUE DE LA GRANGE AUX;;;;750
46778;201300051929;13;2;5;2000;5;2;1;1.0;3;110;28, BOULEVARD DE BONNE N;;;;750
46779;201300051930;13;2;7;1415;1;2;2;1.0;6;110;5, RUE DE ROCROY;;;;750
46780;201300051931;13;2;7;2320;5;2;1;2.0;6;110;151, BOULEVARD DE MAGENT;;;;750
46781;201300051932;13;2;10;1920;5;2;1;4.0;6;110;151, BOULEVARD DE MAGENT;;;;750