;Num_Acc;an;mois;jour;hrmn;lum;agg;int;atm;col;com;adr;gps;lat;long;dep
46782;201300051934;13;2;13;1540;1;2;5;1.0;6;110;63, BOULEVARD DE MAGENTA;;;;750
46783;201300051935;13;2;14;1725;1;2;7;1.0;3;110;127, RUE LA FAYETTE;;;;750
46784;201300051936;13;2;18;1320;1;2;2;1.0;6;110;18, CITE D HAUTEVILLE;;;;750
46785;201300051937;13;2;19;935;1;2;5;1.0;2;110;13, RUE YVES TOUDIC;;;;750
46786;201300051938;13;2;21;630;5;2;1;1.0;2;118;15, BOULEVARD NEY;;;;750
46787;201300051940;13;2;21;1420;1;2;5;1.0;3;110;148, RUE DU FAUBOURG SAI;;;;750
46788;201300051941;13;2;22;850;1;2;1;4.0;7;110;125, QUAI DE VALMY;;;;750
46789;201300051942;13;2;26;1645;1;2;1;8.0;6;110;172, BOULEVARD SAINT MAR;;;;750
46790;201300051943;13;3;1;150;5;2;1;1.0;6;110;124, BOULEVARD DE MAGENT;;;;750
46791;201300051944;13;3;1;2045;5;2;1;1.0;6;110;16, RUE PERDONNET;;;;750
46792;201300051945;13;3;3;1125;1;2;1;1.0;2;110;77, RUE DU FAUBOURG SAIN;;;;750
46793;201300051947;13;3;3;1210;1;2;2;1.0;1;110;35, BOULEVARD DE LA CHAP;;;;750
46794;201300051948;13;3;4;1315;1;2;2;1.0;2;110;RUE DU FAUBOURG POISSONN;;;;750
46795;201300051949;13;3;6;2210;5;2;5;1.0;3;110;126, BOULEVARD DE MAGENT;;;;750
46796;201300051950;13;3;8;1515;1;2;7;2.0;3;110;7, PLACE FRANZ LISZT;;;;750
46797;201300051951;13;3;8;1935;5;2;4;2.0;7;110;10, BOULEVARD DE BONNE N;;;;750
46798;201300051952;13;3;10;845;1;2;1;8.0;6;110;43, BOULEVARD DE LA CHAP;;;;750
46799;201300051953;13;3;11;2215;4;2;1;2.0;6;110;119, BOULEVARD DE MAGENT;;;;750
46800;201300051954;13;3;5;2315;5;2;3;1.0;3;110;40, RUE DU CHATEAU D EAU;;;;750
46801;201300051955;13;3;16;115;5;2;1;1.0;6;110;226, RUE LA FAYETTE;;;;750
46802;201300051956;13;3;16;350;5;2;1;1.0;6;110;112, QUAI DE JEMMAPES;;;;750
46803;201300051957;13;3;16;1845;5;2;1;2.0;7;110;83, QUAI DE VALMY;;;;750
46804;201300051958;13;3;20;940;1;2;2;2.0;3;110;85, QUAI DE VALMY;;;;750
46805;201300051959;13;3;20;1410;1;2;2;1.0;6;110;46, RUE DU FAUBOURG SAIN;;;;750
46806;201300051960;13;3;20;2020;4;2;2;1.0;3;110;70, BOULEVARD DE MAGENTA;;;;750
46807;201300051961;13;3;21;30;5;2;5;1.0;6;110;72, BOULEVARD DE STRASBO;;;;750
46808;201300051962;13;3;21;230;5;2;1;1.0;7;110;, BOULEVARD DE LA VILLET;;;;750
46809;201300051963;13;3;21;1835;2;2;2;1.0;6;110;64, BOULEVARD DE MAGENTA;;;;750
46810;201300051964;13;3;22;105;5;2;3;1.0;6;110;01, RUE DE METZ;;;;750
46811;201300051965;13;3;24;50;5;2;2;1.0;6;110;153, RUE LA FAYETTE;;;;750
46812;201300051966;13;3;27;1750;1;2;3;1.0;3;110;43, RUE DU FAUBOURG SAIN;;;;750
46813;201300051967;13;3;27;2320;5;2;2;1.0;1;110;158, RUE LA FAYETTE;;;;750
46814;201300051968;13;3;29;950;1;2;2;1.0;3;110;1, BOULEVARD DE STRASBOU;;;;750
46815;201300051969;13;3;29;1720;1;2;3;1.0;6;110;106, QUAI DE JEMMAPES;;;;750
46816;201300051970;13;3;30;2300;5;2;2;1.0;1;110;202, RUE LA FAYETTE;;;;750
46817;201300051971;13;4;5;1205;1;2;5;1.0;3;110;03, AVENUE CLAUDE VELLEF;;;;750
46818;201300051972;13;4;5;1505;1;2;1;1.0;3;110;RUE BEAUREPAIRE;;;;750
46819;201300051973;13;4;6;1440;1;2;1;1.0;3;110;61, BOULEVARD DE MAGENTA;;;;750
46820;201300051974;13;4;6;1940;3;2;5;1.0;6;110;43, BOULEVARD DE LA CHAP;;;;750
46821;201300051975;13;4;7;150;5;2;4;1.0;6;110;17, BOULEVARD DE LA VILL;;;;750
46822;201300051976;13;4;11;1235;1;2;1;8.0;6;110;11bis, RUE LEON JOUHAUX;;;;750
46823;201300051977;13;4;11;1530;1;2;1;1.0;6;110;26, RUE LOUIS BLANC;;;;750
46824;201300051978;13;4;13;2315;5;2;3;1.0;2;110;28, BOULEVARD DE BONNE N;;;;750
46825;201300051979;13;4;14;240;5;2;1;1.0;6;110;16, BOULEVARD DE MAGENTA;;;;750
46826;201300051980;13;4;14;1530;1;2;1;1.0;6;110;155, BOULEVARD DE LA VIL;;;;750
46827;201300051981;13;4;15;1005;1;2;2;2.0;7;110;225, RUE LA FAYETTE;;;;750
46828;201300051982;13;4;15;1910;1;2;5;1.0;2;110;45, BOULEVARD DE LA CHAP;;;;750
46829;201300051983;13;4;17;1510;1;2;1;1.0;4;110;RUE LA FAYETTE;;;;750
46830;201300051985;13;4;18;10;5;2;1;1.0;7;110;34, RUE DU FAUBOURG DU T;;;;750
46831;201300051988;13;4;20;1735;1;2;3;1.0;6;110;42, RUE DE LANCRY;;;;750
46832;201300051989;13;4;24;1425;1;2;1;1.0;3;110;59, QUAI DE VALMY;;;;750
46833;201300051990;13;4;25;1410;1;2;1;1.0;6;110;44, RUE DES VINAIGRIERS;;;;750
46834;201300051991;13;4;25;1650;1;2;7;1.0;6;110;16, PLACE DE LA REPUBLIQ;;;;750
46835;201300051992;13;4;27;45;5;2;1;1.0;6;110;149, RUE LA FAYETTE;;;;750
46836;201300051993;13;4;27;2300;5;2;2;1.0;3;110;14, BOULEVARD SAINT DENI;;;;750
46837;201300051994;13;4;30;910;1;2;1;1.0;2;110;45, RUE DU CHATEAU D EAU;;;;750
46838;201300051995;13;4;30;1355;1;2;3;1.0;7;110;209, RUE DU FAUBOURG SAI;;;;750
46839;201300051996;13;5;1;735;1;2;2;1.0;2;110;659, RUE DU FAUBOURG SAI;;;;750
46840;201300051997;13;5;1;1900;1;2;3;2.0;1;110;18, BOULEVARD SAINT DENI;;;;750
46841;201300051998;13;5;1;1945;2;2;7;2.0;6;110;30, BOULEVARD DE MAGENTA;;;;750
46842;201300052000;13;5;2;2030;5;2;2;1.0;3;110;62, BOULEVARD DE MAGENTA;;;;750
46843;201300052001;13;5;3;2115;5;2;2;1.0;3;110;4, RUE DU HUIT MAI 1945;;;;750
46844;201300052002;13;5;6;725;1;2;2;1.0;6;110;148, RUE LA FAYETTE;;;;750
46845;201300052003;13;5;6;1745;1;2;1;1.0;6;110;63, QUAI DE VALMY;;;;750
46846;201300052004;13;5;8;100;5;2;5;1.0;6;110;29 bis, BOULEVARD DE MAG;;;;750
46847;201300052005;13;5;8;2305;5;2;3;1.0;3;110;RUE DU FAUBOURG SAINT MA;;;;750
46848;201300052006;13;5;9;340;5;2;2;1.0;6;110;90, BOULEVARD DE MAGENTA;;;;750
46849;201300052007;13;5;10;1930;1;2;1;1.0;3;110;4, BOULEVARD SAINT MARTI;;;;750
46850;201300052008;13;5;11;1020;1;2;1;1.0;6;110;25, BOULEVARD DE LA VILL;;;;750
46851;201300052009;13;5;11;1820;1;2;1;1.0;6;110;203, RUE LA FAYETTE;;;;750
46852;201300052010;13;5;11;2020;1;2;1;1.0;1;110;181, RUE LA FAYETTE;;;;750
46853;201300052011;13;5;11;2225;5;2;2;1.0;3;110;48, RUE D HAUTEVILLE;;;;750
46854;201300052012;13;5;14;1730;2;2;1;1.0;3;110;139, AVENUE PARMENTIER;;;;750
46855;201300052013;13;5;16;2000;1;2;3;1.0;3;110;21, BOULEVARD DE MAGENTA;;;;750
46856;201300052014;13;5;17;1520;1;2;4;1.0;6;111;0, BOULEVARD DE BELLEVIL;;;;750
46857;201300052015;13;5;19;2030;5;2;5;3.0;7;118;28, BOULEVARD DE LA CHAP;;;;750
46858;201300052016;13;5;21;1005;1;2;1;2.0;6;110;187, QUAI DE VALMY;;;;750
46859;201300052017;13;5;21;1340;1;2;4;2.0;5;110;02, RUE DU CHATEAU LANDO;;;;750
46860;201300052018;13;5;20;2145;5;2;1;3.0;7;110;158, RUE LA FAYETTE;;;;750
46861;201300052019;13;5;21;1450;1;2;2;1.0;3;110;31, QUAI DE VALMY;;;;750
46862;201300052021;13;5;21;1605;1;2;2;1.0;6;110;61, BOULEVARD DE STRASBO;;;;750
46863;201300052022;13;5;22;1400;1;2;2;1.0;6;110;11, AVENUE CLAUDE VELLEF;;;;750
46864;201300052023;13;5;24;1350;1;2;1;2.0;6;110;29, BOULEVARD DE LA VILL;;;;750
46865;201300052024;13;5;24;1700;1;2;2;3.0;6;110;40, RUE DE PARADIS;;;;750
46866;201300052025;13;5;25;1510;1;2;7;8.0;2;110;97, BOULEVARD DE LA VILL;;;;750
46867;201300052026;13;5;26;2020;1;2;3;1.0;6;110;199, RUE SAINT MAUR;;;;750
46868;201300052027;13;5;27;1730;1;2;1;1.0;6;110;226, RUE LA FAYETTE;;;;750
46869;201300052028;13;5;28;1750;1;2;2;1.0;4;110;63, BOULEVARD DE STRASBO;;;;750
46870;201300052029;13;5;29;1135;1;2;2;1.0;7;110;2, RUE DES PETITES ECURI;;;;750
46871;201300052030;13;5;29;1400;1;2;7;1.0;6;110;25, BOULEVARD DE MAGENTA;;;;750
46872;201300052031;13;5;30;1020;1;2;3;2.0;6;110;221, RUE DU FAUBOURG SAI;;;;750
46873;201300052032;13;5;30;1430;1;2;1;2.0;6;110;184 bis, RUE DU FAUBOURG;;;;750
46874;201300052034;13;6;1;1215;1;2;2;1.0;6;110;83, QUAI DE VALMY;;;;750
46875;201300052035;13;6;2;405;5;2;1;1.0;6;110;09, BOULEVARD DE MAGENTA;;;;750
46876;201300052036;13;6;4;1400;1;2;5;1.0;3;110;37, BOULEVARD DE LA CHAP;;;;750
46877;201300052037;13;6;4;2030;1;2;1;1.0;6;110;13, BOULEVARD DE STRASBO;;;;750
46878;201300052038;13;6;4;2050;1;2;1;1.0;6;110;88, RUE DU FAUBOURG SAIN;;;;750
46879;201300052039;13;6;6;840;1;2;1;1.0;2;110;145, RUE DU FAUBOURG SAI;;;;750
46880;201300052041;13;6;6;2045;1;2;2;1.0;6;110;51, BOULEVARD DE STRASBO;;;;750
46881;201300052042;13;6;7;1445;1;2;2;1.0;3;110;151, AVENUE PARMENTIER;;;;750
46882;201300052043;13;6;9;2230;5;2;2;2.0;3;110;153, RUE LA FAYETTE;;;;750
46883;201300052044;13;6;11;25;5;2;5;1.0;6;110;1, RUE DU FAUBOURG SAINT;;;;750
46884;201300052045;13;6;11;1145;1;2;5;1.0;6;110;11, RUE BEAUREPAIRE;;;;750
46885;201300052046;13;6;12;330;5;2;1;1.0;6;110;192, QUAI DE JEMMAPES;;;;750
46886;201300052048;13;6;14;1320;1;2;4;1.0;3;110;172, AVENUE PARMENTIER;;;;750
46887;201300052049;13;6;15;1830;1;2;5;1.0;2;110;218, RUE SAINT MAUR;;;;750
46888;201300052050;13;6;16;520;2;2;7;1.0;6;110;RUE LA FAYETTE;;;;750
46889;201300052051;13;6;17;2300;5;2;5;8.0;6;110;1, RUE VICQ D AZIR;;;;750
46890;201300052052;13;6;18;816;1;2;1;1.0;7;110;125, QUAI DE VALMY;;;;750
46891;201300052053;13;6;19;1725;1;2;2;3.0;6;110;150, RUE LA FAYETTE;;;;750
46892;201300052054;13;6;20;745;1;2;2;2.0;6;110;219, RUE DU FAUBOURG SAI;;;;750
46893;201300052055;13;6;20;1755;1;2;1;1.0;7;110;149, BOULEVARD DE MAGENT;;;;750
46894;201300052056;13;6;20;1645;1;2;1;1.0;1;110;99, BOULEVARD DE MAGENTA;;;;750
46895;201300052057;13;6;23;1515;1;2;2;2.0;7;110;2, BOULEVARD DE BONNE NO;;;;750
46896;201300052058;13;6;24;1030;1;2;1;1.0;2;110;145, RUE DU FAUBOURG SAI;;;;750
46897;201300052059;13;6;26;1245;1;2;1;1.0;6;110;190, RUE LA FAYETTE;;;;750
46898;201300052060;13;6;26;1400;1;2;2;1.0;2;110;28, RUE LOUIS BLANC;;;;750
46899;201300052061;13;6;26;2346;5;2;2;1.0;4;110;63, RUE DU FAUBOURG SAIN;;;;750
46900;201300052062;13;6;29;1520;1;2;5;1.0;2;110;19, BOULEVARD DE LA CHAP;;;;750
46901;201300052063;13;7;3;135;5;2;1;2.0;6;110;158, RUE LA FAYETTE;;;;750
46902;201300052064;13;7;2;2245;5;2;1;1.0;6;110;97, RUE LA FAYETTE;;;;750
46903;201300052065;13;7;3;1120;1;2;2;2.0;6;110;1 Bis, BOULEVARD DE MAGE;;;;750
46904;201300052066;13;7;4;1730;1;2;1;1.0;6;110;95, BOULEVARD DE MAGENTA;;;;750
46905;201300052067;13;7;4;1900;1;2;1;1.0;3;110;04, AVENUE CLAUDE VELLEF;;;;750
46906;201300052068;13;7;5;2045;1;2;1;1.0;3;110;123, RUE LA FAYETTE;;;;750
46907;201300052069;13;7;6;130;5;2;7;1.0;3;110;123, BOULEVARD DE MAGENT;;;;750
46908;201300052071;13;7;8;2100;2;2;3;1.0;6;110;69, BOULEVARD DE STRASBO;;;;750
46909;201300052072;13;7;11;720;1;2;1;1.0;6;110;08, BOULEVARD SAINT DENI;;;;750
46910;201300052073;13;7;13;5;5;2;2;1.0;6;110;RUE LA FAYETTE;;;;750
46911;201300052075;13;7;16;940;1;2;4;1.0;6;110;23, BOULEVARD DE MAGENTA;;;;750
46912;201300052076;13;7;18;1510;1;2;2;7.0;4;110;46, AVENUE CLAUDE VELLEF;;;;750
46913;201300052077;13;7;19;1830;1;2;1;1.0;7;110;3, AVENUE CLAUDE VELLEFA;;;;750
46914;201300052078;13;7;20;5;5;2;2;1.0;3;110;RUE LOUIS BLANC;;;;750
46915;201300052079;13;7;20;1845;1;2;1;1.0;2;110;30, BOULEVARD DE BONNE N;;;;750
46916;201300052080;13;7;22;1540;1;2;1;1.0;6;110;147, BOULEVARD DE LA VIL;;;;750
46917;201300052081;13;7;23;1115;1;2;2;1.0;3;110;54, BOULEVARD DE MAGENTA;;;;750
46918;201300052082;13;7;23;1215;1;2;2;1.0;3;110;39, RUE DES VINAIGRIERS;;;;750
46919;201300052083;13;7;24;230;5;2;1;1.0;6;110;114, BOULEVARD DE MAGENT;;;;750
46920;201300052084;13;7;24;1830;1;2;2;1.0;3;110;135, BOULEVARD DE MAGENT;;;;750
46921;201300052085;13;7;25;2230;5;2;5;1.0;3;110;71, QUAI DE VALMY;;;;750
46922;201300052086;13;7;26;1620;1;2;3;1.0;2;110;155, AVENUE PARMENTIER;;;;750
46923;201300052088;13;7;27;1730;1;2;2;9.0;3;110;116, RUE DE MAUBEUGE;;;;750
46924;201300052089;13;7;28;120;5;2;1;1.0;6;110;181, RUE LA FAYETTE;;;;750
46925;201300052090;13;7;29;1810;1;2;2;1.0;3;110;149, BOULEVARD DE LA VIL;;;;750
46926;201300052091;13;7;30;1155;1;2;7;1.0;6;110;22, RUE RENE BOULANGER;;;;750
46927;201300052092;13;7;31;1350;1;2;1;1.0;6;110;208, RUE LA FAYETTE;;;;750
46928;201300052093;13;8;1;955;1;2;1;1.0;6;110;16, PLACE JACQUES BONSER;;;;750
46929;201300052094;13;8;1;1800;1;2;3;1.0;3;110;150, RUE DU FAUBOURG SAI;;;;750
46930;201300052095;13;8;2;2100;2;2;1;1.0;6;110;191, RUE SAINT MAUR;;;;750
46931;201300052097;13;8;9;2345;5;2;2;1.0;3;110;115, RUE DU FAUBOURG SAI;;;;750
46932;201300052098;13;8;10;2005;1;2;2;1.0;3;110;18, BOULEVARD DE STRASBO;;;;750
46933;201300052099;13;8;11;1045;1;2;1;1.0;6;110;29, RUE DE LA GRANGE AUX;;;;750
46934;201300052100;13;8;14;1415;1;2;1;1.0;6;110;46, RUE RENE BOULANGER;;;;750
46935;201300052102;13;8;19;1740;1;2;4;1.0;2;110;36, BOULEVARD DE MAGENTA;;;;750
46936;201300052103;13;8;23;500;5;2;1;1.0;7;110;64, AVENUE CLAUDE VELLEF;;;;750
46937;201300052104;13;8;24;1715;1;2;2;8.0;2;110;143, QUAI DE VALMY;;;;750
46938;201300052105;13;8;25;2325;5;2;1;8.0;2;110;125, BOULEVARD DE LA VIL;;;;750
46939;201300052106;13;8;26;2340;5;2;7;1.0;3;110;230, RUE LA FAYETTE;;;;750
46940;201300052107;13;8;26;2300;5;2;1;1.0;6;110;8, BOULEVARD DE MAGENTA;;;;750
46941;201300052108;13;8;27;1415;1;2;1;1.0;6;110;21, RUE DE DUNKERQUE;;;;750
46942;201300052109;13;8;28;535;2;2;1;1.0;6;110;96, BOULEVARD DE MAGENTA;;;;750
46943;201300052110;13;8;29;1300;1;2;1;1.0;6;110;74, QUAI DE JEMMAPES;;;;750
46944;201300052111;13;8;29;1850;1;2;1;1.0;6;110;RUE DES ECLUSES SAINT MA;;;;750
46945;201300052112;13;9;3;1900;1;2;1;1.0;3;110;25, RUE DE PARADIS;;;;750
46946;201300052113;13;9;4;935;1;2;3;1.0;7;110;169, QUAI DE VALMY;;;;750
46947;201300052114;13;9;4;1625;1;2;1;1.0;6;110;25, RUE DE LANCRY;;;;750
46948;201300052115;13;9;5;2245;5;2;1;1.0;6;110;162, RUE DU FAUBOURG SAI;;;;750
46949;201300052116;13;9;6;2040;5;2;2;2.0;6;110;16, BOULEVARD SAINT DENI;;;;750
46950;201300052117;13;9;7;1600;1;2;1;1.0;6;110;71, QUAI DE VALMY;;;;750
46951;201300052118;13;9;12;220;5;2;1;1.0;6;110;18, BOULEVARD DE MAGENTA;;;;750
46952;201300052119;13;9;12;1200;1;2;1;8.0;6;110;6, RUE DE LA GRANGE AUX;;;;750
46953;201300052120;13;9;12;2235;5;2;1;1.0;2;110;51, BOULEVARD DE MAGENTA;;;;750
46954;201300052121;13;9;15;710;1;2;5;1.0;3;110;138, RUE LA FAYETTE;;;;750
46955;201300052122;13;9;15;1210;1;2;2;1.0;6;110;232, RUE DU FAUBOURG SAI;;;;750
46956;201300052123;13;9;17;2150;5;2;3;2.0;2;110;RUE DU FAUBOURG SAINT MA;;;;750
46957;201300052125;13;9;18;640;2;2;2;1.0;1;110;193, RUE LA FAYETTE;;;;750
46958;201300052127;13;9;19;2315;5;2;1;1.0;6;110;45, BOULEVARD DE MAGENTA;;;;750
46959;201300052128;13;9;20;115;5;2;5;1.0;3;110;RUE BICHAT;;;;750
46960;201300052129;13;9;20;1615;1;2;1;1.0;3;110;90, QUAI DE JEMMAPES;;;;750
46961;201300052130;13;9;21;700;2;2;1;1.0;7;110;90, BOULEVARD DE MAGENTA;;;;750
46962;201300052131;13;9;21;1540;1;2;2;1.0;6;110;164, AVENUE PARMENTIER;;;;750
46963;201300052132;13;9;22;1640;1;2;1;1.0;3;110;13, RUE DES RECOLLETS;;;;750
46964;201300052133;13;9;23;1130;1;2;2;1.0;6;110;36, BOULEVARD DE STRASBO;;;;750
46965;201300052134;13;9;23;1500;1;2;3;1.0;2;110;169, QUAI DE VALMY;;;;750
46966;201300052135;13;9;25;850;1;2;1;1.0;7;110;64, QUAI DE JEMMAPES;;;;750
46967;201300052136;13;9;26;230;5;2;2;2.0;7;110;4, BOULEVARD SAINT DENIS;;;;750
46968;201300052137;13;9;26;1255;1;2;2;1.0;3;110;28, BOULEVARD DE BONNE N;;;;750
46969;201300052138;13;9;29;115;5;2;3;1.0;6;110;167, QUAI DE VALMY;;;;750
46970;201300052139;13;9;29;1730;1;2;1;1.0;3;110;147, RUE DU FAUBOURG SAI;;;;750
46971;201300052140;13;10;3;230;5;2;5;1.0;2;110;20, BOULEVARD SAINT MART;;;;750
46972;201300052141;13;10;3;1430;1;2;2;1.0;2;110;32, BOULEVARD DE STRASBO;;;;750
46973;201300052142;13;10;4;2000;5;2;2;1.0;3;110;1, RUE DU CHATEAU D EAU;;;;750
46974;201300052143;13;10;6;1250;1;2;1;1.0;6;110;33, BOULEVARD DE LA CHAP;;;;750
46975;201300052144;13;10;7;1835;2;2;2;1.0;6;110;153, RUE LA FAYETTE;;;;750
46976;201300052145;13;10;7;1845;2;2;5;1.0;6;110;71, QUAI DE VALMY;;;;750
46977;201300052146;13;10;8;20;5;2;4;8.0;6;110;42, BOULEVARD DE MAGENTA;;;;750
46978;201300052147;13;10;10;310;5;2;1;2.0;6;110;151, BOULEVARD DE MAGENT;;;;750
46979;201300052148;13;10;10;910;1;2;3;1.0;2;110;30, BOULEVARD DE BONNE N;;;;750
46980;201300052149;13;10;11;2335;5;2;2;1.0;3;110;85, QUAI DE VALMY;;;;750
46981;201300052150;13;10;12;1255;1;2;5;8.0;3;110;247, RUE LA FAYETTE;;;;750
46982;201300052151;13;10;13;1555;1;2;3;1.0;6;110;245, RUE LA FAYETTE;;;;750
46983;201300052152;13;10;14;900;1;2;5;1.0;3;110;173, BOULEVARD DE LA VIL;;;;750
46984;201300052153;13;10;17;1415;1;2;2;1.0;3;110;30, BOULEVARD DE MAGENTA;;;;750
46985;201300052154;13;10;17;1715;1;2;1;1.0;6;110;92, RUE DE MAUBEUGE;;;;750
46986;201300052155;13;10;18;2115;5;2;3;1.0;7;110;222, RUE DU FAUBOURG SAI;;;;750
46987;201300052156;13;10;19;530;5;2;1;1.0;6;110;139, BOULEVARD DE MAGENT;;;;750
46988;201300052157;13;10;20;540;5;2;1;1.0;6;110;38, QUAI DE JEMMAPES;;;;750
46989;201300052158;13;10;22;1040;1;2;1;1.0;6;110;28, RUE DU FAUBOURG SAIN;;;;750
46990;201300052159;13;10;22;2000;5;2;5;1.0;6;110;2, RUE BEAUREPAIRE;;;;750
46991;201300052160;13;10;23;1040;1;2;1;1.0;4;110;103, BOULEVARD DE LA VIL;;;;750
46992;201300052161;13;10;23;1420;1;2;2;1.0;6;110;3, BOULEVARD DE LA VILLE;;;;750
46993;201300052162;13;10;26;1615;1;2;2;8.0;3;110;53, RUE LOUIS BLANC;;;;750
46994;201300052163;13;10;28;720;2;2;1;2.0;6;110;53, BOULEVARD DE MAGENTA;;;;750
46995;201300052164;13;10;28;1745;5;2;1;1.0;1;110;61, RUE LOUIS BLANC;;;;750
46996;201300052165;13;10;29;920;1;2;2;1.0;3;110;180, RUE LA FAYETTE;;;;750
46997;201300052166;13;10;30;2120;5;2;1;1.0;6;110;32, BOULEVARD DE MAGENTA;;;;750
46998;201300052167;13;10;31;2045;5;2;2;2.0;2;110;160, RUE LA FAYETTE;;;;750
46999;201300052168;13;11;1;2140;5;2;1;3.0;6;110;18, BOULEVARD DE MAGENTA;;;;750
47000;201300052169;13;11;3;1030;1;2;2;1.0;6;110;19, BOULEVARD DE MAGENTA;;;;750
47001;201300052170;13;11;3;2225;5;2;1;3.0;6;110;45, BOULEVARD DE MAGENTA;;;;750
47002;201300052171;13;11;3;2255;5;2;1;3.0;6;110;114, BOULEVARD DE MAGENT;;;;750
47003;201300052172;13;11;5;1320;1;2;5;2.0;3;110;125, BOULEVARD DE MAGENT;;;;750
47004;201300052173;13;11;7;1445;1;2;1;1.0;3;110;26, BOULEVARD DE BONNE N;;;;750
47005;201300052174;13;11;7;1815;5;2;4;2.0;6;110;37, AVENUE CLAUDE VELLEF;;;;750
47006;201300052175;13;11;8;315;5;2;2;2.0;6;110;8, BOULEVARD DE MAGENTA;;;;750
47007;201300052176;13;11;8;1855;5;2;2;2.0;3;110;63, RUE DU FAUBOURG SAIN;;;;750
47008;201300052177;13;11;9;120;5;2;5;1.0;7;119;2, BOULEVARD DE LA VILLE;;;;750
47009;201300052178;13;11;9;1645;2;2;5;2.0;3;110;30, BOULEVARD DE MAGENTA;;;;750
47010;201300052179;13;11;9;1750;5;2;1;2.0;6;110;53, BOULEVARD DE MAGENTA;;;;750
47011;201300052180;13;11;10;400;5;2;1;3.0;6;110;105, BOULEVARD DE MAGENT;;;;750
47012;201300052181;13;11;11;2250;5;2;1;1.0;6;110;56, BOULEVARD DE MAGENTA;;;;750
47013;201300052182;13;11;12;1050;1;2;2;2.0;7;110;154, RUE LA FAYETTE;;;;750
47014;201300052183;13;11;12;1950;5;2;1;2.0;6;110;110, BOULEVARD DE MAGENT;;;;750
47015;201300052184;13;11;14;1220;1;2;3;2.0;2;110;222, RUE DU FAUBOURG SAI;;;;750
47016;201300052185;13;11;15;1800;5;2;5;1.0;3;110;191, RUE LA FAYETTE;;;;750
47017;201300052187;13;11;21;230;5;2;1;2.0;6;110;90, BOULEVARD DE MAGENTA;;;;750
47018;201300052188;13;11;23;1725;5;2;2;1.0;6;110;160, RUE LA FAYETTE;;;;750
47019;201300052189;13;11;24;240;5;2;1;1.0;6;110;147, RUE LA FAYETTE;;;;750
47020;201300052190;13;11;26;200;5;2;1;1.0;7;110;69, BOULEVARD DE MAGENTA;;;;750
47021;201300052192;13;11;29;855;1;2;5;8.0;1;110;18, RUE YVES TOUDIC;;;;750
47022;201300052193;13;11;29;1625;2;2;1;2.0;6;110;53, BOULEVARD DE MAGENTA;;;;750
47023;201300052194;13;11;30;1000;1;2;1;1.0;2;110;80, QUAI DE JEMMAPES;;;;750
47024;201300052195;13;12;1;1000;1;2;1;1.0;2;119;09, PLACE DE STALINGRAD;;;;750
47025;201300052196;13;12;4;1720;5;2;1;1.0;6;110;53, BOULEVARD DE MAGENTA;;;;750
47026;201300052197;13;12;6;1815;5;2;1;1.0;6;110;156, BOULEVARD DE MAGENT;;;;750
47027;201300052198;13;12;9;900;1;2;1;1.0;6;110;130, RUE DU FAUBOURG SAI;;;;750
47028;201300052199;13;12;10;2235;5;2;1;1.0;7;110;16, BOULEVARD DE MAGENTA;;;;750
47029;201300052200;13;12;11;1420;1;2;1;1.0;6;110;17, RUE DU FAUBOURG DU T;;;;750
47030;201300052203;13;12;12;1750;5;2;1;1.0;6;110;21, RUE DES PETITS HOTEL;;;;750
47031;201300052204;13;12;13;1040;1;2;2;1.0;6;110;157, AVENUE PARMENTIER;;;;750
47032;201300052205;13;12;13;1110;1;2;2;1.0;6;110;5, RUE BEAUREPAIRE;;;;750
47033;201300052206;13;12;14;1;5;2;2;2.0;6;110;60, RUE DE LANCRY;;;;750
47034;201300052207;13;12;24;935;1;2;1;2.0;6;110;130, RUE DU FAUBOURG SAI;;;;750
47035;201300052208;13;12;24;1300;1;2;3;2.0;2;110;162, AVENUE PARMENTIER;;;;750
47036;201300052209;13;12;24;1130;1;2;1;2.0;2;110;58, BOULEVARD DE STRASBO;;;;750
47037;201300052210;13;12;27;2045;5;2;2;2.0;6;110;81, BOULEVARD DE MAGENTA;;;;750
47038;201300052211;13;12;28;1510;1;2;1;8.0;6;110;25, RUE DE DUNKERQUE;;;;750
47039;201300052212;13;12;29;40;5;2;2;1.0;3;110;9, BOULEVARD SAINT DENIS;;;;750
47040;201300052213;13;12;30;2130;5;2;1;8.0;6;110;16, BOULEVARD DE MAGENTA;;;;750
47041;201300052214;13;1;1;2000;3;2;7;2.0;3;111;PLACE DE LA NATION;;;;750
47042;201300052215;13;1;2;1510;1;2;2;1.0;6;111;117, RUE DE LA ROQUETTE;;;;750
47043;201300052216;13;1;4;240;5;2;2;1.0;3;111;88 bis, AVENUE PARMENTIE;;;;750
47044;201300052217;13;1;7;1510;1;2;2;1.0;6;111;88, AVENUE PARMENTIER;;;;750
47045;201300052218;13;1;9;925;1;2;2;8.0;3;111;4, RUE JEAN PIERRE TIMBA;;;;750
47046;201300052219;13;1;9;1510;1;2;2;2.0;6;111;33, BOULEVARD VOLTAIRE;;;;750
47047;201300052220;13;1;10;2340;5;2;1;2.0;6;111;63, RUE DE MALTE;;;;750
47048;201300052221;13;1;10;1250;1;2;2;2.0;3;111;118, RUE AMELOT;;;;750