;Num_Acc;an;mois;jour;hrmn;lum;agg;int;atm;col;com;adr;gps;lat;long;dep
47049;201300052222;13;1;10;1420;1;2;3;2.0;7;111;34, RUE DU CHEMIN VERT;;;;750
47050;201300052224;13;1;11;2126;5;2;7;1.0;6;111;5, PLACE DE LA NATION;;;;750
47051;201300052225;13;1;12;1940;3;2;1;1.0;6;111;6, BOULEVARD BEAUMARCHAI;;;;750
47052;201300052226;13;1;12;145;5;2;2;2.0;3;111;102, BOULEVARD VOLTAIRE;;;;750
47053;201300052227;13;1;16;1920;5;2;1;1.0;6;111;130, RUE DU CHEMIN VERT;;;;750
47054;201300052228;13;1;19;1030;1;2;7;4.0;6;111;1, AVENUE DE TAILLEBOURG;;;;750
47055;201300052229;13;1;22;1630;1;2;1;8.0;6;111;31, BOULEVARD DE MENILMO;;;;750
47056;201300052230;13;1;23;1425;1;2;2;1.0;3;111;103, AVENUE LEDRU ROLLIN;;;;750
47057;201300052232;13;1;25;140;5;2;1;1.0;6;111;27, AVENUE PARMENTIER;;;;750
47058;201300052233;13;1;25;1700;1;2;2;1.0;3;111;31, RUE SAINT MAUR;;;;750
47059;201300052234;13;1;26;2100;5;2;2;1.0;3;111;27, RUE FAIDHERBE;;;;750
47060;201300052235;13;1;28;1345;1;2;1;1.0;3;111;254, BOULEVARD VOLTAIRE;;;;750
47061;201300052236;13;1;29;2030;5;2;3;1.0;3;111;164, RUE DE LA ROQUETTE;;;;750
47062;201300052237;13;2;1;1800;5;2;1;2.0;6;112;60, RUE DU FAUBOURG SAIN;;;;750
47063;201300052238;13;2;3;1800;5;2;5;1.0;6;111;41, AVENUE DE LA REPUBLI;;;;750
47064;201300052239;13;2;3;2110;5;2;2;2.0;2;111;46, RUE DE LA FONTAINE A;;;;750
47065;201300052240;13;2;6;850;1;2;1;2.0;3;111;184, RUE DE LA ROQUETTE;;;;750
47066;201300052241;13;2;6;1648;1;2;7;1.0;3;111;5, PLACE DE LA NATION;;;;750
47067;201300052243;13;2;8;1025;1;2;2;1.0;6;111;26, BOULEVARD VOLTAIRE;;;;750
47068;201300052244;13;2;8;1248;1;2;3;1.0;6;111;59, RUE DE CHARONNE;;;;750
47069;201300052245;13;2;10;1145;1;2;4;1.0;2;111;13, AVENUE DE LA REPUBLI;;;;750
47070;201300052246;13;2;12;1240;1;2;1;1.0;3;111;255, RUE DU FAUBOURG SAI;;;;750
47071;201300052247;13;2;13;1615;1;2;2;1.0;3;111;10, RUE DE MALTE;;;;750
47072;201300052248;13;2;14;1750;1;2;2;8.0;6;111;151 bis, RUE DE LA ROQUE;;;;750
47073;201300052249;13;2;15;1930;5;2;1;1.0;3;111;18, BOULEVARD JULES FERR;;;;750
47074;201300052250;13;2;15;2350;5;2;3;1.0;6;111;20, RUE DE LAPPE;;;;750
47075;201300052251;13;2;16;1805;5;2;3;1.0;2;111;115, RUE DE LA ROQUETTE;;;;750
47076;201300052252;13;2;17;257;5;2;2;1.0;6;111;AVENUE DE LA REPUBLIQUE;;;;750
47077;201300052253;13;2;20;854;1;2;2;1.0;2;111;81, BOULEVARD DE MENILMO;;;;750
47078;201300052254;13;2;20;1145;1;2;3;1.0;3;111;159, RUE DE CHARONNE;;;;750
47079;201300052255;13;2;21;1640;1;2;2;1.0;1;111;26, AVENUE DE LA REPUBLI;;;;750
47080;201300052256;13;2;22;1950;5;2;3;1.0;7;111;119, AVENUE PARMENTIER;;;;750
47081;201300052257;13;2;27;945;1;2;3;8.0;6;111;30, RUE DE CHARONNE;;;;750
47082;201300052258;13;2;27;1605;1;2;3;1.0;6;111;18, RUE OBERKAMPF;;;;750
47083;201300052260;13;2;28;810;1;2;3;1.0;1;111;159, RUE DE CHARONNE;;;;750
47084;201300052261;13;2;28;1325;1;2;1;1.0;6;111;64, RUE DE MONTREUIL;;;;750
47085;201300052262;13;3;1;905;1;2;7;1.0;2;111;1, PLACE LEON BLUM;;;;750
47086;201300052263;13;3;2;1635;1;2;1;1.0;2;111;122, AVENUE DE LA REPUBL;;;;750
47087;201300052264;13;3;2;1740;1;2;1;1.0;7;111;121, RUE DE LA ROQUETTE;;;;750
47088;201300052266;13;3;4;1810;1;2;2;1.0;2;111;103, RUE DU CHEMIN VERT;;;;750
47089;201300052267;13;3;7;1629;1;2;2;1.0;7;111;70, AVENUE DE LA REPUBLI;;;;750
47090;201300052268;13;3;9;1155;1;2;3;1.0;6;111;94, RUE DE CHARONNE;;;;750
47091;201300052269;13;3;15;2200;5;2;1;1.0;2;111;29, AVENUE PHILIPPE AUGU;;;;750
47092;201300052270;13;3;16;1845;5;2;3;2.0;3;111;132, AVENUE PARMENTIER;;;;750
47093;201300052272;13;3;19;830;1;2;3;1.0;3;111;57, BOULEVARD RICHARD LE;;;;750
47094;201300052273;13;3;19;2110;5;2;2;2.0;1;110;106, AVENUE PARMENTIER;;;;750
47095;201300052274;13;3;20;1555;1;2;3;1.0;7;111;19, AVENUE PARMENTIER;;;;750
47096;201300052275;13;3;20;1750;1;2;2;1.0;1;111;2, RUE RAMPON;;;;750
47097;201300052276;13;3;23;1430;1;2;1;1.0;6;111;101, RUE DE CHARONNE;;;;750
47098;201300052277;13;3;24;140;5;2;2;1.0;3;111;BOULEVARD DE BELLEVILLE;;;;750
47099;201300052278;13;3;25;1950;5;2;5;1.0;3;111;27, BOULEVARD DE MENILMO;;;;750
47100;201300052279;13;3;25;2055;5;2;1;8.0;4;112;220, RUE DU FAUBOURG SAI;;;;750
47101;201300052281;13;3;29;600;1;2;1;1.0;6;111;127, AVENUE PHILIPPE AUG;;;;750
47102;201300052282;13;3;31;945;1;2;2;1.0;3;111;70, AVENUE DE LA REPUBLI;;;;750
47103;201300052283;13;4;6;1323;1;2;1;1.0;3;111;67, BOULEVARD DE BELLEVI;;;;750
47104;201300052284;13;4;7;1000;1;2;1;1.0;3;111;50, BOULEVARD DU TEMPLE;;;;750
47105;201300052285;13;4;7;1330;1;2;2;1.0;6;111;57, RUE DE MALTE;;;;750
47106;201300052286;13;4;9;840;1;2;3;3.0;6;111;1, RUE BOUVIER;;;;750
47107;201300052288;13;4;10;1004;1;2;7;2.0;6;111;5, PLACE DE LA NATION;;;;750
47108;201300052289;13;4;10;1228;1;2;4;1.0;2;111;46, BOULEVARD BEAUMARCHA;;;;750
47109;201300052290;13;4;11;2025;5;2;4;2.0;6;111;79, BOULEVARD DE BELLEVI;;;;750
47110;201300052291;13;4;12;1540;1;2;7;3.0;7;111;3, AVENUE DU TRONE;;;;750
47111;201300052292;13;4;13;145;5;2;2;1.0;3;111;101, BOULEVARD RICHARD L;;;;750
47112;201300052293;13;4;13;2215;5;2;1;2.0;1;111;80, RUE DE CHARONNE;;;;750
47113;201300052294;13;4;14;115;5;2;1;1.0;2;111;95, RUE DU FAUBOURG SAIN;;;;750
47114;201300052295;13;4;15;1553;1;2;3;1.0;3;111;247, BOULEVARD VOLTAIRE;;;;750
47115;201300052296;13;4;15;2000;2;2;7;1.0;2;111;04, PLACE DE LA REPUBLIQ;;;;750
47116;201300052297;13;4;17;1400;1;2;1;1.0;4;111;135, RUE OBERKAMPF;;;;750
47117;201300052298;13;4;18;2210;5;2;1;2.0;2;111;90, AVENUE DE LA REPUBLI;;;;750
47118;201300052299;13;4;20;1625;1;2;1;1.0;6;111;137, BOULEVARD VOLTAIRE;;;;750
47119;201300052300;13;4;20;1700;1;2;1;1.0;3;111;121, RUE DE MONTREUIL;;;;750
47120;201300052301;13;4;22;1035;1;2;2;1.0;6;111;140, RUE SAINT MAUR;;;;750
47121;201300052302;13;4;23;1600;1;2;3;1.0;6;111;213, BOULEVARD VOLTAIRE;;;;750
47122;201300052303;13;4;24;2000;1;2;1;1.0;3;111;183, BOULEVARD VOLTAIRE;;;;750
47123;201300052305;13;4;26;1440;1;2;1;1.0;6;111;273, RUE DU FAUBOURG SAI;;;;750
47124;201300052306;13;4;27;1135;1;2;2;1.0;3;111;102, BOULEVARD VOLTAIRE;;;;750
47125;201300052307;13;4;27;1400;1;2;1;1.0;6;111;110/114, RUE JEAN PIERRE;;;;750
47126;201300052308;13;4;28;1330;1;2;1;8.0;6;111;13, RUE PELEE;;;;750
47127;201300052309;13;5;1;1035;1;2;2;8.0;6;111;94, AVENUE PHILIPPE AUGU;;;;750
47128;201300052310;13;5;2;1900;1;2;2;1.0;6;111;88, AVENUE PARMENTIER;;;;750
47129;201300052311;13;5;2;1915;1;2;7;1.0;2;111;01, AVENUE PARMENTIER;;;;750
47130;201300052312;13;5;3;1535;1;2;1;8.0;6;111;41, BOULEVARD DE BELLEVI;;;;750
47131;201300052313;13;5;3;2040;1;2;1;1.0;6;111;97, RUE DE CHARONNE;;;;750
47132;201300052314;13;5;6;1300;1;2;2;8.0;6;111;66, RUE DE LA ROQUETTE;;;;750
47133;201300052315;13;5;10;1130;1;2;1;1.0;6;111;170 BIS, RUE DE CHARONNE;;;;750
47134;201300052316;13;5;10;1738;1;2;1;1.0;6;111;50 Bis, BOULEVARD RICHAR;;;;750
47135;201300052317;13;5;12;725;1;2;2;1.0;6;111;94, AVENUE PHILIPPE AUGU;;;;750
47136;201300052318;13;5;15;805;1;2;5;1.0;3;111;131, BOULEVARD RICHARD L;;;;750
47137;201300052319;13;5;15;920;1;2;1;1.0;2;111;25, RUE LEON FROT;;;;750
47138;201300052320;13;5;15;1425;1;2;1;1.0;3;111;62, BOULEVARD BEAUMARCHA;;;;750
47139;201300052321;13;5;16;2000;1;2;3;1.0;3;111;43, RUE FAIDHERBE;;;;750
47140;201300052322;13;5;17;55;5;2;4;1.0;6;111;AVENUE DE LA REPUBLIQUE;;;;750
47141;201300052323;13;5;17;1450;1;2;1;1.0;3;111;159, BOULEVARD VOLTAIRE;;;;750
47142;201300052324;13;5;18;1145;1;2;2;1.0;2;111;138, BOULEVARD RICHARD L;;;;750
47143;201300052325;13;5;18;2155;5;2;1;1.0;2;111;175, RUE DU FAUBOURG SAI;;;;750
47144;201300052326;13;5;19;2120;5;2;2;3.0;6;111;160, RUE DE CHARONNE;;;;750
47145;201300052327;13;5;20;1730;1;2;2;2.0;3;111;174 bis, BOULEVARD VOLTA;;;;750
47146;201300052328;13;5;20;2320;5;2;7;2.0;6;111;2, AVENUE PHILIPPE AUGUS;;;;750
47147;201300052329;13;5;21;835;1;2;2;2.0;3;111;4, RUE JEAN PIERRE TIMBA;;;;750
47148;201300052330;13;5;21;1857;1;2;2;1.0;6;111;103, AVENUE LEDRU ROLLIN;;;;750
47149;201300052331;13;5;21;2055;2;2;3;1.0;6;111;3, RUE SERVAN;;;;750
47150;201300052332;13;5;22;1815;1;2;1;1.0;4;111;51, BOULEVARD DE MENILMO;;;;750
47151;201300052333;13;5;22;2300;5;2;5;1.0;3;111;45, BOULEVARD VOLTAIRE;;;;750
47152;201300052334;13;5;23;2325;5;2;2;1.0;3;111;28, RUE OBERKAMPF;;;;750
47153;201300052335;13;5;24;1415;1;2;5;3.0;3;111;42Bis, BOULEVARD RICHARD;;;;750
47154;201300052336;13;5;24;1940;1;2;5;2.0;6;111;41, AVENUE DE LA REPUBLI;;;;750
47155;201300052337;13;5;25;10;5;2;2;1.0;6;111;163, RUE SAINT MAUR;;;;750
47156;201300052338;13;5;25;200;5;2;1;1.0;1;111;81, RUE DU FAUBOURG SAIN;;;;750
47157;201300052339;13;5;25;1000;1;2;2;1.0;2;111;102, BOULEVARD VOLTAIRE;;;;750
47158;201300052340;13;5;27;1130;1;2;1;1.0;6;111;10, RUE DU COMMANDANT LA;;;;750
47159;201300052341;13;5;28;1655;1;2;1;1.0;2;111;179, BOULEVARD VOLTAIRE;;;;750
47160;201300052342;13;5;29;1750;1;2;2;1.0;6;111;67, RUE SAINT MAUR;;;;750
47161;201300052343;13;5;29;2050;2;2;1;3.0;6;111;60, BOULEVARD RICHARD LE;;;;750
47162;201300052344;13;5;31;1450;1;2;1;1.0;7;111;170, RUE DE CHARONNE;;;;750
47163;201300052345;13;5;31;1400;1;2;2;1.0;3;111;78, RUE SAINT MAUR;;;;750
47164;201300052346;13;5;31;1620;1;2;7;1.0;6;111;14, PLACE DE LA BASTILLE;;;;750
47165;201300052347;13;6;1;120;5;2;1;1.0;6;111;90, BOULEVARD VOLTAIRE;;;;750
47166;201300052350;13;6;5;805;1;2;1;1.0;6;111;56, RUE DE LA FONTAINE A;;;;750
47167;201300052351;13;6;5;910;1;2;2;1.0;3;111;46, RUE JEAN PIERRE TIMB;;;;750
47168;201300052352;13;6;5;840;1;2;1;1.0;7;111;12, BOULEVARD RICHARD LE;;;;750
47169;201300052353;13;6;6;1420;1;2;2;1.0;6;111;68, RUE DE LA FOLIE REGN;;;;750
47170;201300052354;13;6;8;1755;1;2;1;1.0;3;111;123-125, AVENUE PHILIPPE;;;;750
47171;201300052355;13;6;9;1800;1;2;1;2.0;3;111;8, RUE BREGUET;;;;750
47172;201300052356;13;6;10;850;1;2;2;1.0;2;111;133, RUE DU FAUBOURG SAI;;;;750
47173;201300052358;13;6;10;1430;1;2;7;1.0;3;111;13, AVENUE DE TAILLEBOUR;;;;750
47174;201300052359;13;6;11;2015;1;2;3;1.0;3;111;83, BOULEVARD DE MENILMO;;;;750
47175;201300052360;13;6;11;2305;5;2;3;1.0;6;111;183, RUE DE CHARONNE;;;;750
47176;201300052362;13;6;12;2000;1;2;3;1.0;6;111;10, AVENUE PARMENTIER;;;;750
47177;201300052363;13;6;12;1830;1;2;2;1.0;3;111;3, RUE RAMPON;;;;750
47178;201300052364;13;6;13;1745;1;2;1;8.0;6;111;180, RUE DE CHARONNE;;;;750
47179;201300052365;13;6;13;1750;1;2;2;1.0;2;111;122, BOULEVARD VOLTAIRE;;;;750
47180;201300052366;13;6;13;2030;1;2;7;1.0;3;111;130, BOULEVARD VOLTAIRE;;;;750
47181;201300052367;13;6;14;1530;1;2;2;1.0;3;111;62, AVENUE PHILIPPE AUGU;;;;750
47182;201300052368;13;6;14;1740;1;2;3;1.0;6;111;08, AVENUE PARMENTIER;;;;750
47183;201300052369;13;6;15;2250;5;2;2;1.0;3;111;184, BOULEVARD VOLTAIRE;;;;750
47184;201300052370;13;6;16;1;5;2;2;1.0;3;111;AVENUE PHILIPPE AUGUSTE;;;;750
47185;201300052371;13;6;17;935;1;2;3;3.0;2;111;67, AVENUE PARMENTIER;;;;750
47186;201300052372;13;6;17;1220;1;2;2;1.0;6;111;43, BOULEVARD VOLTAIRE;;;;750
47187;201300052373;13;6;18;920;2;2;1;1.0;2;111;16, RUE LEON FROT;;;;750
47188;201300052374;13;6;18;1750;1;2;2;1.0;6;111;15, RUE LOUIS BONNET;;;;750
47189;201300052375;13;6;20;1314;1;2;1;1.0;2;111;35, AVENUE PARMENTIER;;;;750
47190;201300052377;13;6;21;1535;1;2;7;1.0;4;111;1, AVENUE PARMENTIER;;;;750
47191;201300052379;13;6;22;2100;1;2;1;1.0;6;111;133, AVENUE PARMENTIER;;;;750
47192;201300052380;13;6;24;1200;1;2;1;1.0;2;111;92, AVENUE PHILIPPE AUGU;;;;750
47193;201300052381;13;6;25;1600;1;2;1;1.0;6;111;89, RUE DU FAUBOURG SAIN;;;;750
47194;201300052382;13;6;26;1210;1;2;1;1.0;6;111;121, RUE DU FAUBOURG SAI;;;;750
47195;201300052383;13;6;26;1050;1;2;3;1.0;2;111;BOULEVARD VOLTAIRE;;;;750
47196;201300052384;13;6;26;1954;1;2;1;1.0;3;111;95, RUE DU FAUBOURG SAIN;;;;750
47197;201300052385;13;6;27;755;1;2;1;2.0;7;111;59, BOULEVARD DE CHARONN;;;;750
47198;201300052386;13;6;27;1240;1;2;1;1.0;6;111;89, RUE DE LA ROQUETTE;;;;750
47199;201300052387;13;6;28;40;5;2;3;1.0;2;111;RUE DU FAUBOURG SAINT AN;;;;750
47200;201300052388;13;6;28;845;1;2;2;2.0;7;111;15, AVENUE DE LA REPUBLI;;;;750
47201;201300052389;13;6;28;1315;1;2;1;1.0;2;111;277, RUE DU FAUBOURG SAI;;;;750
47202;201300052390;13;6;28;1725;1;2;2;1.0;3;111;85, BOULEVARD RICHARD LE;;;;750
47203;201300052391;13;6;29;1700;1;2;1;1.0;6;111;23, BOULEVARD RICHARD LE;;;;750
47204;201300052392;13;6;29;2100;1;2;1;1.0;6;111;50, AVENUE DE LA REPUBLI;;;;750
47205;201300052394;13;6;30;2000;1;2;3;1.0;6;111;38, RUE SAINT MAUR;;;;750
47206;201300052395;13;7;1;855;1;2;2;1.0;3;111;0, RUE DE CHARONNE;;;;750
47207;201300052396;13;7;1;920;1;2;2;1.0;6;111;32, RUE FAIDHERBE;;;;750
47208;201300052397;13;7;1;2220;5;2;2;1.0;6;111;149, BOULEVARD DE CHARON;;;;750
47209;201300052398;13;7;2;1400;1;2;2;1.0;3;111;89, BOULEVARD VOLTAIRE;;;;750
47210;201300052399;13;7;3;915;1;2;1;1.0;6;111;5, RUE LEON FROT;;;;750
47211;201300052400;13;7;3;1815;1;2;1;1.0;6;111;16, RUE MORET;;;;750
47212;201300052402;13;7;4;1245;1;2;7;1.0;3;111;11, PLACE DE LA NATION;;;;750
47213;201300052403;13;7;5;1345;1;2;3;1.0;6;120;93, COURS DE VINCENNES;;;;750
47214;201300052404;13;7;5;2110;1;2;2;1.0;3;111;153, RUE SAINT MAUR;;;;750
47215;201300052405;13;7;7;2037;1;2;2;1.0;3;120;612, BOULEVARD DE BELLEV;;;;750
47216;201300052406;13;7;8;15;5;2;2;1.0;3;111;2, RUE DE LA PRESENTATIO;;;;750
47217;201300052407;13;7;8;1135;1;2;1;1.0;2;111;40, AVENUE DE LA REPUBLI;;;;750
47218;201300052408;13;7;8;2125;1;2;2;1.0;3;111;54, BOULEVARD BEAUMARCHA;;;;750
47219;201300052409;13;7;9;1045;1;2;2;1.0;3;111;205, BOULEVARD VOLTAIRE;;;;750
47220;201300052410;13;7;10;620;1;2;4;1.0;6;111;113, BOULEVARD VOLTAIRE;;;;750
47221;201300052411;13;7;10;1300;1;2;2;1.0;3;111;10, RUE RAMPON;;;;750
47222;201300052412;13;7;10;2020;1;2;3;1.0;3;111;79, AVENUE DE LA REPUBLI;;;;750
47223;201300052413;13;7;11;1110;1;2;3;1.0;5;111;127, RUE DU FAUBOURG SAI;;;;750
47224;201300052414;13;7;11;1235;1;2;1;1.0;7;111;156, RUE DE CHARONNE;;;;750
47225;201300052415;13;7;11;1735;1;2;1;1.0;6;111;134, BOULEVARD VOLTAIRE;;;;750
47226;201300052416;13;7;12;355;5;2;1;1.0;2;111;67, BOULEVARD DE BELLEVI;;;;750
47227;201300052417;13;7;12;1700;1;2;2;1.0;3;111;50, AVENUE PARMENTIER;;;;750
47228;201300052418;13;7;13;1410;1;2;5;1.0;3;120;1, BOULEVARD DE MENILMON;;;;750
47229;201300052419;13;7;13;1620;1;2;7;1.0;6;111;136, RUE DE LA ROQUETTE;;;;750
47230;201300052420;13;7;13;1935;1;2;1;1.0;6;111;8, AVENUE DE LA REPUBLIQ;;;;750
47231;201300052421;13;7;14;2055;1;2;1;1.0;6;111;101, RUE JEAN PIERRE TIM;;;;750
47232;201300052422;13;7;15;1700;1;2;2;1.0;6;111;1540, BOULEVARD VOLTAIRE;;;;750
47233;201300052423;13;7;15;1635;1;2;5;1.0;6;111;264, BOULEVARD VOLTAIRE;;;;750
47234;201300052424;13;7;16;300;5;2;5;1.0;3;111;101, BOULEVARD RICHARD L;;;;750
47235;201300052425;13;7;16;1105;1;2;1;1.0;7;111;39, BOULEVARD DE BELLEVI;;;;750
47236;201300052426;13;7;17;1;5;2;2;1.0;3;111;BOULEVARD VOLTAIRE;;;;750
47237;201300052427;13;7;18;315;5;2;2;1.0;3;111;RUE DU MOULIN JOLY;;;;750
47238;201300052428;13;7;18;1100;1;2;2;1.0;6;111;48, RUE DE MALTE;;;;750
47239;201300052429;13;7;18;1420;1;2;2;1.0;6;111;133, RUE DE LA ROQUETTE;;;;750
47240;201300052430;13;7;19;850;1;2;7;1.0;2;111;138, RUE DE LA ROQUETTE;;;;750
47241;201300052431;13;7;19;1020;1;2;3;1.0;2;111;243, BOULEVARD VOLTAIRE;;;;750
47242;201300052432;13;7;19;1145;1;2;1;1.0;6;111;96, RUE SAINT MAUR;;;;750
47243;201300052433;13;7;20;110;5;2;2;1.0;3;111;161, BOULEVARD VOLTAIRE;;;;750
47244;201300052435;13;7;20;2205;5;2;5;1.0;6;111;90bis, AVENUE DE LA REPU;;;;750
47245;201300052436;13;7;23;1645;2;2;1;1.0;7;111;40, AVENUE DE LA REPUBLI;;;;750
47246;201300052437;13;7;26;1455;1;2;1;1.0;6;112;19, RUE DU FAUBOURG SAIN;;;;750
47247;201300052439;13;7;30;1240;1;2;1;1.0;2;111;19, RUE TROUSSEAU;;;;750
47248;201300052440;13;7;30;1430;1;2;1;1.0;6;111;125, BOULEVARD DE MENILM;;;;750
47249;201300052441;13;7;31;1110;1;2;1;1.0;2;111;20, RUE PAUL BERT;;;;750
47250;201300052442;13;7;31;1950;1;2;1;1.0;6;120;8, BOULEVARD DE CHARONNE;;;;750
47251;201300052443;13;8;4;1840;1;2;7;1.0;3;112;280, RUE DU FAUBOURG SAI;;;;750
47252;201300052445;13;8;10;45;5;2;2;1.0;6;110;27, RUE DU FAUBOURG DU T;;;;750
47253;201300052446;13;8;11;55;5;2;3;1.0;6;111;34, RUE DE LA FOLIE REGN;;;;750
47254;201300052447;13;8;11;1800;1;2;1;1.0;6;111;161, RUE DE CHARONNE;;;;750
47255;201300052448;13;8;13;2035;2;2;7;1.0;3;111;06, PLACE DE LA BASTILLE;;;;750
47256;201300052449;13;8;14;1900;1;2;2;1.0;6;111;127, RUE DE CHARONNE;;;;750
47257;201300052452;13;8;18;2305;5;2;2;1.0;2;111;23, BOULEVARD VOLTAIRE;;;;750
47258;201300052453;13;8;18;2300;5;2;7;2.0;7;111;4, PLACE LEON BLUM;;;;750
47259;201300052454;13;8;19;200;5;2;4;8.0;7;111;65, BOULEVARD RICHARD LE;;;;750
47260;201300052455;13;8;23;1150;1;2;1;1.0;2;111;37, AVENUE DE LA REPUBLI;;;;750
47261;201300052456;13;8;24;350;5;2;5;1.0;2;111;112, BOULEVARD RICHARD L;;;;750
47262;201300052457;13;8;27;1655;1;2;2;8.0;6;111;63, AVENUE PHILIPPE AUGU;;;;750
47263;201300052458;13;8;29;1745;1;2;5;1.0;3;111;154, RUE DU CHEMIN VERT;;;;750
47264;201300052460;13;9;2;1310;1;2;7;1.0;6;111;2, AVENUE DE TAILLEBOURG;;;;750
47265;201300052461;13;9;2;1445;1;2;1;1.0;3;111;29, AVENUE PHILIPPE AUGU;;;;750
47266;201300052462;13;9;3;2210;5;2;2;1.0;6;111;102, BOULEVARD VOLTAIRE;;;;750
47267;201300052463;13;9;3;755;1;2;2;1.0;3;111;287, RUE DU FAUBOURG SAI;;;;750
47268;201300052464;13;9;4;1935;1;2;1;1.0;6;111;93, AVENUE LEDRU ROLLIN;;;;750
47269;201300052465;13;9;5;1410;1;2;2;7.0;3;111;11, RUE DARBOY;;;;750
47270;201300052466;13;9;5;2035;5;2;7;1.0;3;111;7, PLACE DE LA NATION;;;;750
47271;201300052467;13;9;6;1200;1;2;3;3.0;2;111;73, BOULEVARD VOLTAIRE;;;;750
47272;201300052468;13;9;7;235;5;2;2;1.0;7;111;AVENUE DE LA REPUBLIQUE;;;;750
47273;201300052469;13;9;7;1320;1;2;5;1.0;2;111;48, AVENUE DE LA REPUBLI;;;;750
47274;201300052471;13;9;9;1530;1;2;2;2.0;6;111;96, AVENUE PHILIPPE AUGU;;;;750
47275;201300052472;13;9;9;2210;5;2;2;1.0;3;111;/, RUE OBERKAMPF;;;;750
47276;201300052473;13;9;10;1150;1;2;5;1.0;6;111;71-73, BOULEVARD VOLTAIR;;;;750
47277;201300052474;13;9;10;1840;1;2;1;1.0;6;111;38 BIS, AVENUE DE LA REP;;;;750
47278;201300052475;13;9;11;905;1;2;1;1.0;3;111;54, BOULEVARD DU TEMPLE;;;;750
47279;201300052476;13;9;12;1435;1;2;5;1.0;1;111;53, BOULEVARD VOLTAIRE;;;;750
47280;201300052477;13;9;12;1420;1;2;3;1.0;2;111;122, AVENUE DE LA REPUBL;;;;750
47281;201300052478;13;9;13;830;1;2;2;1.0;3;111;42, RUE DE MALTE;;;;750
47282;201300052479;13;9;13;1406;1;2;2;2.0;2;111;158, RUE DE LA ROQUETTE;;;;750
47283;201300052480;13;9;14;150;5;2;1;2.0;7;111;52, RUE GODEFROY CAVAIGN;;;;750
47284;201300052481;13;9;14;1745;1;2;5;2.0;3;111;99, RUE DU FAUBOURG SAIN;;;;750
47285;201300052482;13;9;16;900;1;2;2;1.0;3;111;27, PASSAGE SAINT AMBROI;;;;750
47286;201300052483;13;9;16;1710;1;2;1;1.0;2;111;61 bis, RUE DE LA ROQUET;;;;750
47287;201300052484;13;9;17;1130;1;2;3;1.0;6;111;45, RUE DU CHEMIN VERT;;;;750
47288;201300052485;13;9;19;1950;5;2;1;1.0;6;111;55, BOULEVARD DE MENILMO;;;;750
47289;201300052486;13;9;20;615;2;2;2;1.0;3;111;AVENUE DE LA REPUBLIQUE;;;;750
47290;201300052487;13;9;19;1735;1;2;1;1.0;2;111;81, RUE DU FAUBOURG SAIN;;;;750
47291;201300052488;13;9;21;130;5;2;1;1.0;6;111;RUE DE LAPPE;;;;750
47292;201300052489;13;9;21;930;1;2;1;1.0;3;111;235, BOULEVARD VOLTAIRE;;;;750
47293;201300052490;13;9;24;855;1;2;3;1.0;3;111;23, RUE DU FAUBOURG SAIN;;;;750
47294;201300052491;13;9;24;930;1;2;3;1.0;2;111;91, AVENUE DE LA REPUBLI;;;;750
47295;201300052492;13;9;24;1505;1;2;1;1.0;6;111;1, CITE GRISET;;;;750
47296;201300052493;13;9;26;1200;1;2;2;1.0;3;111;88, AVENUE PARMENTIER;;;;750
47297;201300052494;13;9;27;900;1;2;1;1.0;6;111;8, BOULEVARD DU TEMPLE;;;;750
47298;201300052495;13;9;27;1000;1;2;1;1.0;3;111;11, AVENUE PHILIPPE AUGU;;;;750
47299;201300052496;13;9;27;1305;1;2;5;1.0;3;111;101, BOULEVARD RICHARD L;;;;750
47300;201300052497;13;9;27;1415;1;2;7;1.0;2;111;3, PLACE DE LA NATION;;;;750
47301;201300052498;13;9;27;2010;5;2;2;1.0;3;111;37, BOULEVARD VOLTAIRE;;;;750
47302;201300052499;13;9;28;1630;1;2;1;1.0;7;111;180, RUE DE CHARONNE;;;;750
47303;201300052501;13;9;29;2202;5;2;3;1.0;3;111;170, RUE DE LA ROQUETTE;;;;750
47304;201300052502;13;9;29;2240;5;2;7;1.0;3;111;0, AVENUE PHILIPPE AUGUS;;;;750
47305;201300052503;13;10;1;1010;1;2;3;1.0;3;111;59, RUE DU FAUBOURG SAIN;;;;750
47306;201300052504;13;10;1;1530;1;2;7;2.0;3;111;12, PLACE DE LA BASTILLE;;;;750
47307;201300052506;13;10;3;1450;1;2;3;3.0;2;111;11, AVENUE DE BOUVINES;;;;750
47308;201300052508;13;10;7;40;5;2;7;1.0;6;111;130, BOULEVARD VOLTAIRE;;;;750
47309;201300052510;13;10;9;1015;1;2;3;1.0;6;111;232, BOULEVARD VOLTAIRE;;;;750
47310;201300052511;13;10;9;1030;1;2;1;1.0;6;111;125, RUE DU CHEMIN VERT;;;;750
47311;201300052512;13;10;10;300;5;2;1;2.0;6;111;34, AVENUE PHILIPPE AUGU;;;;750
47312;201300052513;13;10;10;1500;1;2;4;1.0;6;111;39, RUE FAIDHERBE;;;;750
47313;201300052514;13;10;10;1700;1;2;2;1.0;6;111;46, METRO ALEXANDRE DUMA;;;;750
47314;201300052515;13;10;10;1735;1;2;7;1.0;6;111;8, PLACE LEON BLUM;;;;750
47315;201300052516;13;10;11;2030;5;2;1;1.0;6;111;BOULEVARD VOLTAIRE;;;;750
47316;201300052517;13;10;12;30;5;2;2;2.0;3;111;RUE SAINT MAUR;;;;750