;Num_Acc;an;mois;jour;hrmn;lum;agg;int;atm;col;com;adr;gps;lat;long;dep
47317;201300052519;13;10;13;405;5;2;1;1.0;2;111;48, BOULEVARD VOLTAIRE;;;;750
47318;201300052520;13;10;13;530;5;2;1;1.0;6;111;15, BOULEVARD RICHARD LE;;;;750
47319;201300052521;13;10;15;310;5;2;2;1.0;6;111;26, RUE SEDAINE;;;;750
47320;201300052522;13;10;15;745;1;2;1;1.0;2;111;20, RUE MORET;;;;750
47321;201300052523;13;10;15;1905;3;2;2;1.0;3;111;16, RUE BREGUET;;;;750
47322;201300052524;13;10;16;1645;1;2;1;2.0;5;111;3, BOULEVARD VOLTAIRE;;;;750
47323;201300052525;13;10;16;1710;1;2;2;2.0;7;111;48, AVENUE PARMENTIER;;;;750
47324;201300052526;13;10;17;1000;1;2;7;1.0;3;111;2, BOULEVARD BEAUMARCHAI;;;;750
47325;201300052527;13;10;19;1250;1;2;3;1.0;6;111;94, BOULEVARD BEAUMARCHA;;;;750
47326;201300052528;13;10;19;1540;1;2;2;1.0;3;111;17, BOULEVARD DES FILLES;;;;750
47327;201300052529;13;10;19;1530;1;2;1;1.0;2;111;175, RUE DE CHARONNE;;;;750
47328;201300052530;13;10;20;645;5;2;2;8.0;6;111;76, RUE DU CHEMIN VERT;;;;750
47329;201300052531;13;10;21;1520;1;2;1;1.0;6;111;254, BOULEVARD VOLTAIRE;;;;750
47330;201300052532;13;10;21;1740;1;2;2;1.0;3;111;228, BOULEVARD VOLTAIRE;;;;750
47331;201300052533;13;10;22;300;5;2;2;1.0;6;111;101, BOULEVARD RICHARD L;;;;750
47332;201300052535;13;10;23;1100;1;2;3;1.0;3;111;230, BOULEVARD VOLTAIRE;;;;750
47333;201300052536;13;10;23;1935;5;2;1;1.0;2;111;46, AVENUE LEDRU ROLLIN;;;;750
47334;201300052537;13;10;25;2330;5;2;2;2.0;7;111;124, BOULEVARD VOLTAIRE;;;;750
47335;201300052538;13;10;28;915;1;2;7;2.0;6;111;12, PLACE DE LA BASTILLE;;;;750
47336;201300052540;13;10;29;1445;1;2;7;1.0;6;111;1, PLACE DE LA NATION;;;;750
47337;201300052542;13;10;29;1945;5;2;1;1.0;6;111;90, BOULEVARD VOLTAIRE;;;;750
47338;201300052543;13;10;30;910;1;2;1;7.0;6;111;130, BOULEVARD VOLTAIRE;;;;750
47339;201300052544;13;11;2;2330;5;2;7;2.0;3;112;PLACE DE LA NATION;;;;750
47340;201300052545;13;11;5;920;1;2;3;3.0;3;111;167, RUE DU FAUBOURG SAI;;;;750
47341;201300052546;13;11;6;1530;1;2;2;1.0;3;111;24, AVENUE DE LA REPUBLI;;;;750
47342;201300052547;13;11;6;1910;5;2;2;1.0;6;111;85, BOULEVARD RICHARD LE;;;;750
47343;201300052548;13;11;8;50;5;2;2;2.0;6;111;20, BOULEVARD RICHARD LE;;;;750
47344;201300052549;13;11;9;1000;1;2;2;1.0;3;111;41, RUE OBERKAMPF;;;;750
47345;201300052550;13;11;9;2225;5;2;7;1.0;3;111;12, BOULEVARD RICHARD LE;;;;750
47346;201300052552;13;11;12;2340;5;2;3;2.0;3;111;RUE DE LA ROQUETTE;;;;750
47347;201300052553;13;11;13;1430;1;2;1;1.0;2;111;80, RUE OBERKAMPF;;;;750
47348;201300052554;13;11;14;800;1;2;1;2.0;2;111;69, BOULEVARD VOLTAIRE;;;;750
47349;201300052556;13;11;19;820;2;2;3;2.0;3;111;73, BOULEVARD VOLTAIRE;;;;750
47350;201300052557;13;11;19;1755;5;2;1;1.0;2;111;70, RUE DU CHEMIN VERT;;;;750
47351;201300052558;13;11;23;145;5;2;2;1.0;2;111;83, RUE DU FAUBOURG SAIN;;;;750
47352;201300052559;13;11;26;850;1;2;2;1.0;6;111;21, RUE POPINCOURT;;;;750
47353;201300052560;13;11;26;1250;1;2;1;1.0;2;111;BOULEVARD BEAUMARCHAIS;;;;750
47354;201300052561;13;11;28;925;1;2;7;1.0;7;111;PLACE DE LA BASTILLE;;;;750
47355;201300052562;13;11;28;1730;5;2;2;1.0;2;111;48, AVENUE DE LA REPUBLI;;;;750
47356;201300052563;13;12;2;1830;5;2;7;1.0;6;111;4, PLACE DE LA REPUBLIQU;;;;750
47357;201300052564;13;12;2;2225;5;2;2;1.0;1;111;BOULEVARD VOLTAIRE;;;;750
47358;201300052565;13;12;4;1400;1;2;2;1.0;6;111;124, BOULEVARD VOLTAIRE;;;;750
47359;201300052566;13;12;5;930;1;2;3;1.0;2;111;49, AVENUE PARMENTIER;;;;750
47360;201300052567;13;12;5;2350;5;2;5;2.0;2;111;237, RUE DU FAUBOURG SAI;;;;750
47361;201300052568;13;12;6;30;5;2;5;2.0;6;111;130, RUE DE LA ROQUETTE;;;;750
47362;201300052569;13;12;6;830;1;2;1;1.0;3;111;49, AVENUE DE LA REPUBLI;;;;750
47363;201300052570;13;12;7;400;5;2;3;2.0;6;111;79, AVENUE DE LA REPUBLI;;;;750
47364;201300052571;13;12;7;1525;1;2;7;1.0;3;112;4, PLACE DE LA NATION;;;;750
47365;201300052572;13;12;7;2050;5;2;3;1.0;3;111;74, BOULEVARD VOLTAIRE;;;;750
47366;201300052573;13;12;10;2000;5;2;2;1.0;1;111;43, BOULEVARD VOLTAIRE;;;;750
47367;201300052574;13;12;12;1850;5;2;4;1.0;1;111;197, BOULEVARD VOLTAIRE;;;;750
47368;201300052575;13;12;13;915;1;2;2;8.0;7;111;59, BOULEVARD DE BELLEVI;;;;750
47369;201300052576;13;12;13;1115;1;2;3;1.0;3;111;63, RUE SAINT MAUR;;;;750
47370;201300052577;13;12;14;30;3;2;7;2.0;6;111;PLACE DE LA NATION;;;;750
47371;201300052578;13;12;15;1550;2;2;2;1.0;2;111;15, AVENUE DE LA REPUBLI;;;;750
47372;201300052579;13;12;17;1100;1;2;3;1.0;7;111;66, RUE DE LA ROQUETTE;;;;750
47373;201300052580;13;12;19;700;2;2;2;1.0;3;111;101, BOULEVARD RICHARD L;;;;750
47374;201300052581;13;12;20;1030;1;2;1;1.0;3;111;149, RUE DE CHARONNE;;;;750
47375;201300052582;13;12;20;1630;1;2;2;1.0;3;111;2, RUE DE LA PRESENTATIO;;;;750
47376;201300052583;13;12;22;1715;5;2;5;2.0;6;111;208, RUE DE LA ROQUETTE;;;;750
47377;201300052584;13;12;23;1355;1;2;3;1.0;3;111;142, AVENUE PARMENTIER;;;;750
47378;201300052585;13;12;25;2020;5;2;7;3.0;4;111;2, BOULEVARD BEAUMARCHAI;;;;750
47379;201300052586;13;1;1;20;5;2;7;2.0;6;112;PLACE DE LA BASTILLE;;;;750
47380;201300052587;13;1;2;1620;2;2;4;1.0;3;112;BOULEVARD PONIATOWSKI;;;;750
47381;201300052588;13;1;1;350;5;2;1;3.0;6;112;AVENUE DES CANADIENS;;;;750
47382;201300052589;13;1;3;2315;5;2;1;2.0;3;112;162, BOULEVARD DIDEROT;;;;750
47383;201300052590;13;1;4;2035;5;2;3;1.0;6;112;89 ter, RUE DE CHARENTON;;;;750
47384;201300052591;13;1;5;1830;5;2;1;1.0;3;112;128, BOULEVARD DIDEROT;;;;750
47385;201300052593;13;1;9;945;1;2;4;2.0;3;112;86, AVENUE DE SAINT MAND;;;;750
47386;201300052594;13;1;10;1630;1;2;5;2.0;3;112;AVENUE DAUMESNIL;;;;750
47387;201300052595;13;1;11;845;1;2;3;1.0;6;112;118, RUE DE LYON;;;;750
47388;201300052596;13;1;11;1145;1;2;1;1.0;6;112;241, QUAI DE BERCY;;;;750
47389;201300052597;13;1;12;1100;1;2;2;1.0;6;112;35, RUE DE REUILLY;;;;750
47390;201300052598;13;1;12;1030;1;2;4;2.0;3;112;RUE DU GENERAL DE LANGLE;;;;750
47391;201300052599;13;1;13;540;5;2;1;1.0;6;112;face  163, RUE DU FAUBOU;;;;750
47392;201300052600;13;1;12;1140;1;2;5;2.0;3;112;20, BOULEVARD PONIATOWSK;;;;750
47393;201300052601;13;1;13;1940;5;2;3;2.0;6;112;RUE LEGRAVEREND;;;;750
47394;201300052602;13;1;14;2000;5;2;5;4.0;7;112;198, RUE DU FAUBOURG SAI;;;;750
47395;201300052603;13;1;16;940;1;2;3;9.0;2;112;101, AVENUE DE SAINT MAN;;;;750
47396;201300052604;13;1;14;2250;5;2;1;2.0;6;112;AVENUE DAUMESNIL;;;;750
47397;201300052605;13;1;22;1900;5;2;5;8.0;6;112;1, RUE DE PICPUS;;;;750
47398;201300052606;13;1;22;1927;5;2;7;1.0;6;112;127, RUE DE REUILLY;;;;750
47399;201300052607;13;1;23;2235;5;2;3;1.0;3;112;192, AVENUE DAUMESNIL;;;;750
47400;201300052608;13;1;26;1220;1;2;2;8.0;3;112;77, AVENUE DAUMESNIL;;;;750
47401;201300052609;13;1;28;1830;5;2;5;1.0;2;112;RUE JOSEPH KESSEL;;;;750
47402;201300052610;13;1;28;1900;5;2;1;1.0;2;112;0, QUAI DE BERCY;;;;750
47403;201300052611;13;1;29;1145;1;2;5;1.0;2;112;BOULEVARD DE BERCY;;;;750
47404;201300052612;13;1;30;750;2;2;1;2.0;6;112;108, COURS DE VINCENNES;;;;750
47405;201300052613;13;1;30;1120;1;2;1;2.0;6;112;82, AVENUE LEDRU ROLLIN;;;;750
47406;201300052614;13;1;30;1820;5;2;1;1.0;3;112;272, AVENUE DAUMESNIL;;;;750
47407;201300052615;13;1;31;715;2;2;2;1.0;2;112;AVENUE DU GENERAL MICHEL;;;;750
47408;201300052616;13;1;31;1645;2;2;7;1.0;7;112;1, PLACE EDOUARD RENARD;;;;750
47409;201300052617;13;2;2;545;5;2;2;1.0;6;112;RUE JOSEPH KESSEL;;;;750
47410;201300052618;13;2;2;1705;4;2;1;4.0;2;112;QUAI DE BERCY;;;;750
47411;201300052619;13;2;2;1945;5;2;2;2.0;6;112;93, RUE DE REUILLY;;;;750
47412;201300052620;13;2;2;1910;5;2;1;2.0;6;112;69, RUE DE LYON;;;;750
47413;201300052621;13;2;3;1620;1;2;1;8.0;6;112;8, BOULEVARD DE LA BASTI;;;;750
47414;201300052622;13;2;3;2250;5;2;3;3.0;6;112;RUE DU FAUBOURG SAINT AN;;;;750
47415;201300052623;13;1;31;1830;2;2;1;2.0;5;112;0, AVENUE DE GRAVELLE;;;;750
47416;201300052624;13;2;5;925;1;2;7;2.0;7;112;1, PLACE FELIX EBOUE;;;;750
47417;201300052625;13;2;5;905;1;2;1;2.0;3;112;AVENUE DU TREMBLAY;;;;750
47418;201300052626;13;2;6;750;2;2;2;2.0;6;112;58, AVENUE LEDRU ROLLIN;;;;750
47419;201300052628;13;2;6;1945;5;2;3;1.0;3;112;80, AVENUE DE SAINT MAND;;;;750
47420;201300052629;13;2;8;1940;5;2;3;2.0;6;112;148, RUE DU FAUBOURG SAI;;;;750
47421;201300052630;13;2;9;630;5;2;2;4.0;5;112;RUE JOSEPH KESSEL;;;;750
47422;201300052631;13;2;10;2015;5;2;2;2.0;7;112;RUE DE CHARENTON;;;;750
47423;201300052632;13;2;12;945;1;2;5;2.0;6;112;84, BOULEVARD DE REUILLY;;;;750
47424;201300052633;13;2;12;1250;1;2;5;2.0;2;112;13, BOULEVARD DIDEROT;;;;750
47425;201300052634;13;2;13;925;1;2;2;1.0;6;112;RUE DE CHARENTON;;;;750
47426;201300052635;13;2;13;1130;1;2;4;1.0;6;112;1, ROUTE DU PESAGE;;;;750
47427;201300052636;13;2;15;1;5;2;1;2.0;6;112;58, RUE DU FAUBOURG SAIN;;;;750
47428;201300052637;13;2;15;1945;3;2;4;1.0;2;112;AVENUE DAUMESNIL;;;;750
47429;201300052639;13;2;15;500;5;2;1;1.0;6;112;AUTOROUTE A4;;;;750
47430;201300052640;13;2;17;10;5;2;1;1.0;6;112;110, COURS DE VINCENNES;;;;750
47431;201300052641;13;2;17;1335;1;2;4;1.0;3;112;52, BOULEVARD DIDEROT;;;;750
47432;201300052642;13;2;17;2100;5;2;2;1.0;6;112;248, RUE DU FAUBOURG SAI;;;;750
47433;201300052643;13;2;16;2100;5;2;2;1.0;7;112;QUAI DE BERCY;;;;750
47434;201300052644;13;2;21;740;1;2;2;1.0;7;112;AVENUE DAUMESNIL;;;;750
47435;201300052645;13;2;22;1930;5;2;1;1.0;6;112;282, AVENUE DAUMESNIL;;;;750
47436;201300052646;13;2;23;550;5;2;1;1.0;6;120;6, AVENUE DE LA PORTE DE;;;;750
47437;201300052647;13;2;26;1445;1;2;7;1.0;6;112;PLACE DE LA BASTILLE;;;;750
47438;201300052648;13;2;27;820;1;2;1;2.0;2;112;AVENUE DE LA PORTE DE CH;;;;750
47439;201300052649;13;2;28;1850;5;2;1;1.0;1;112;35, RUE PROUDHON;;;;750
47440;201300052650;13;2;28;1930;5;2;1;2.0;4;112;123, AVENUE DU GENERAL M;;;;750
47441;201300052651;13;3;1;900;1;2;5;1.0;2;112;86, QUAI DE LA RAPEE;;;;750
47442;201300052652;13;3;2;1620;1;2;1;1.0;6;112;AVENUE DE NOGENT;;;;750
47443;201300052653;13;3;3;940;1;2;1;1.0;2;112;122, AVENUE DE GRAVELLE;;;;750
47444;201300052654;13;3;3;1530;1;2;3;1.0;1;112;AVENUE DE GRAVELLE;;;;750
47445;201300052656;13;3;4;1200;1;2;2;1.0;6;112;256, AVENUE DAUMESNIL;;;;750
47446;201300052657;13;3;4;1905;5;2;1;1.0;6;112;61, AVENUE DAUMESNIL;;;;750
47447;201300052658;13;3;4;2208;5;2;1;1.0;6;112;0, AVENUE DAUMESNIL;;;;750
47448;201300052660;13;3;6;1730;1;2;2;1.0;6;112;120, COURS DE VINCENNES;;;;750
47449;201300052661;13;3;7;1040;1;2;1;1.0;6;112;6, RUE LOUIS BRAILLE;;;;750
47450;201300052662;13;3;7;1545;1;2;1;1.0;3;112;98bis, COURS DE VINCENNE;;;;750
47451;201300052664;13;3;8;1520;1;2;7;1.0;3;112;22, PLACE DE LA NATION;;;;750
47452;201300052665;13;3;8;2220;5;2;1;1.0;6;112;RUE ROBERT ETLIN;;;;750
47453;201300052666;13;3;9;1400;1;2;6;1.0;7;112;, RUE ROBERT ETLIN;;;;750
47454;201300052668;13;3;14;700;1;2;1;1.0;2;112;28, RUE TAINE;;;;750
47455;201300052669;13;3;16;730;2;2;1;1.0;6;112;00, AVENUE DE GRAVELLE;;;;750
47456;201300052670;13;3;17;1045;1;2;1;1.0;3;112;263, AVENUE DAUMESNIL;;;;750
47457;201300052672;13;3;19;2250;5;2;4;2.0;4;112;QUAI DE BERCY;;;;750
47458;201300052673;13;3;20;1845;1;2;2;1.0;6;112;21, RUE LOUIS BRAILLE;;;;750
47459;201300052674;13;3;21;1800;1;2;2;1.0;6;112;237, RUE DE CHARENTON;;;;750
47460;201300052675;13;3;22;1950;5;2;1;1.0;2;112;AUTOROUTE A4;;;;750
47461;201300052677;13;3;25;2100;5;2;1;1.0;6;112;75, BOULEVARD SOULT;;;;750
47462;201300052678;13;3;26;2000;5;2;1;1.0;3;112;ESPLANADE SAINT LOUIS;;;;750
47463;201300052679;13;3;27;1150;1;2;2;1.0;3;112;10, RUE DE PICPUS;;;;750
47464;201300052680;13;3;29;825;1;2;2;1.0;3;112;AVENUE DU TREMBLAY;;;;750
47465;201300052681;13;3;29;1800;1;2;4;1.0;2;112;22, BOULEVARD DE LA BAST;;;;750
47466;201300052682;13;3;31;647;2;2;4;1.0;6;112;QUAI DE BERCY;;;;750
47467;201300052683;13;4;3;1415;1;2;5;1.0;6;112;AVENUE DE NOGENT;;;;750
47468;201300052684;13;4;3;1430;2;2;1;1.0;2;112;70, BOULEVARD DE REUILLY;;;;750
47469;201300052685;13;4;3;1800;1;2;2;1.0;3;112;AVENUE DAUMESNIL;;;;750
47470;201300052686;13;4;9;1110;1;2;2;8.0;2;112;2, AVENUE LEDRU ROLLIN;;;;750
47471;201300052687;13;4;9;2000;1;2;1;1.0;2;112;/, ROUTE DE CEINTURE DU;;;;750
47472;201300052688;13;4;11;110;5;2;7;2.0;6;112;157, RUE DE CHARENTON;;;;750
47473;201300052690;13;4;12;1915;1;2;2;2.0;6;112;AVENUE LEDRU ROLLIN;;;;750
47474;201300052691;13;4;14;1930;1;2;1;1.0;3;112;ROUTE DE LA PYRAMIDE;;;;750
47475;201300052692;13;4;15;1800;1;2;5;1.0;2;112;90, AVENUE DE SAINT MAND;;;;750
47476;201300052693;13;4;17;910;1;2;7;1.0;2;112;1, ROUTE ROYALE DE BEAUT;;;;750
47477;201300052694;13;4;17;945;1;2;1;1.0;2;112;63, AVENUE LEDRU ROLLIN;;;;750
47478;201300052695;13;4;17;1620;1;2;1;1.0;2;112;203, AVENUE DAUMESNIL;;;;750
47479;201300052696;13;4;18;955;1;2;1;1.0;6;112;52, RUE DE WATTIGNIES;;;;750
47480;201300052697;13;4;18;1750;1;2;1;1.0;2;112;ROUTE DE CEINTURE DU LAC;;;;750
47481;201300052698;13;4;18;2310;5;2;3;1.0;1;112;RUE DE RAMBOUILLET;;;;750
47482;201300052699;13;4;19;1035;1;2;2;1.0;3;112;AVENUE DE NOGENT;;;;750
47483;201300052700;13;4;19;1200;1;2;3;1.0;6;112;91, RUE DE CHARENTON;;;;750
47484;201300052701;13;4;20;210;5;2;1;1.0;3;112;ROUTE DE LA PYRAMIDE;;;;750
47485;201300052702;13;4;20;930;1;2;5;1.0;3;112;69, AVENUE DE SAINT MAND;;;;750
47486;201300052703;13;4;21;1110;1;2;3;1.0;7;112;ROUTE DU PESAGE;;;;750
47487;201300052704;13;4;22;1730;1;2;1;1.0;3;112;17, RUE DU SAHEL;;;;750
47488;201300052705;13;4;22;1745;1;2;1;1.0;6;112;QUAI DE LA RAPEE;;;;750
47489;201300052707;13;4;25;1025;1;2;1;1.0;6;112;189, RUE DE CHARENTON;;;;750
47490;201300052708;13;4;26;1505;1;2;1;1.0;2;112;22, AVENUE DAUMESNIL;;;;750
47491;201300052709;13;4;27;1800;1;2;1;1.0;3;112;AVENUE DE SAINT MAURICE;;;;750
47492;201300052710;13;4;29;1050;1;2;4;1.0;6;112;28, RUE BISCORNET;;;;750
47493;201300052711;13;4;30;650;1;2;2;1.0;3;112;43, AVENUE DAUMESNIL   S;;;;750
47494;201300052712;13;4;30;841;1;2;3;1.0;7;112;AVENUE DAUMESNIL;;;;750
47495;201300052713;13;4;30;1100;1;2;1;1.0;2;112;50, QUAI DE LA RAPEE;;;;750
47496;201300052714;13;5;1;830;1;2;1;1.0;6;112;QUAI DE LA RAPEE;;;;750
47497;201300052715;13;5;1;2230;5;2;3;2.0;7;112;BOULEVARD DE BERCY;;;;750
47498;201300052716;13;5;2;845;1;2;1;1.0;2;112;88, QUAI DE LA RAPEE;;;;750
47499;201300052717;13;5;5;1215;1;2;2;1.0;3;112;BOULEVARD DIDEROT;;;;750
47500;201300052718;13;5;7;1530;1;2;1;1.0;6;112;82, RUE DU FAUBOURG SAIN;;;;750
47501;201300052719;13;5;7;1250;1;2;4;1.0;6;112;12, RUE ABEL;;;;750
47502;201300052720;13;5;9;1300;1;2;2;1.0;6;112;40, AVENUE DAUMESNIL;;;;750
47503;201300052721;13;5;10;1730;1;2;7;1.0;6;112;AVENUE DAUMESNIL;;;;750
47504;201300052722;13;5;10;2340;5;2;1;1.0;6;112;135, AVENUE DAUMESNIL;;;;750
47505;201300052723;13;5;12;1600;1;2;7;1.0;2;112;1, ROUTE DE BOURDON;;;;750
47506;201300052724;13;5;13;1650;1;2;7;1.0;6;112;280, RUE DU FAUBOURG SAI;;;;750
47507;201300052725;13;5;14;115;5;2;7;1.0;3;104;PLACE DE LA BASTILLE;;;;750
47508;201300052726;13;5;14;2115;2;2;2;1.0;2;112;AVENUE DAUMESNIL;;;;750
47509;201300052727;13;5;15;720;1;2;7;2.0;6;104;PLACE DE LA BASTILLE;;;;750
47510;201300052729;13;5;16;1900;1;2;1;1.0;6;112;PONT D AUSTERLITZ;;;;750
47511;201300052730;13;5;18;715;1;2;1;1.0;6;112;78, QUAI DE LA RAPEE;;;;750
47512;201300052731;13;5;19;207;5;2;5;1.0;3;112;BOULEVARD PONIATOWSKI;;;;750
47513;201300052732;13;5;22;1100;1;2;5;7.0;6;112;4bis, RUE DE LYON;;;;750
47514;201300052733;13;5;22;1300;1;2;3;1.0;6;112;55, AVENUE DAUMESNIL;;;;750
47515;201300052734;13;5;23;715;1;2;3;1.0;3;112;31, RUE BARON LE ROY;;;;750
47516;201300052735;13;5;24;810;1;2;7;1.0;3;112;ROUTE DE LA PYRAMIDE;;;;750
47517;201300052736;13;5;25;105;5;2;7;1.0;7;112;4, PLACE DE LA NATION;;;;750
47518;201300052737;13;5;25;2300;5;2;1;1.0;3;112;8, AVENUE DORIAN;;;;750
47519;201300052739;13;5;27;105;5;2;1;1.0;6;112;AVENUE DAUMESNIL;;;;750
47520;201300052740;13;5;27;1100;1;2;2;1.0;3;111;6, RUE RAMPON;;;;750
47521;201300052741;13;5;29;1300;1;2;1;1.0;6;112;60, COURS DE VINCENNES;;;;750
47522;201300052742;13;5;29;2215;5;2;1;1.0;6;112;124, AVENUE DAUMESNIL;;;;750
47523;201300052743;13;5;27;2140;5;2;1;1.0;6;112;17, RUE TAINE;;;;750
47524;201300052744;13;5;31;1110;1;2;1;1.0;3;112;PLACE DE LA BASTILLE;;;;750
47525;201300052746;13;6;2;1800;1;2;1;1.0;1;112;ROUTE DE LA DEMI LUNE;;;;750
47526;201300052747;13;6;3;745;1;2;7;1.0;6;112;02, PLACE DE LA NATION;;;;750
47527;201300052748;13;6;3;1000;1;2;4;1.0;3;112;AVENUE DAUMESNIL;;;;750
47528;201300052749;13;6;4;725;2;2;1;1.0;1;112;ROUTE DE LA PYRAMIDE;;;;750
47529;201300052750;13;6;4;1155;1;2;2;1.0;6;112;20, RUE CHARLES BAUDELAI;;;;750
47530;201300052751;13;6;5;1225;1;2;7;1.0;6;112;20, PLACE DE LA NATION;;;;750
47531;201300052752;13;6;6;1030;1;2;7;1.0;3;112;ROUTE DE CEINTURE DU LAC;;;;750
47532;201300052753;13;6;6;1730;1;2;1;1.0;6;112;AVENUE DE GRAVELLE;;;;750
47533;201300052754;13;6;8;120;5;2;2;1.0;6;112;26, RUE CHALIGNY;;;;750
47534;201300052756;13;6;10;830;1;2;1;8.0;3;112;BOULEVARD DE LA GUYANE;;;;750
47535;201300052757;13;6;12;1105;1;2;2;1.0;3;112;51, BOULEVARD DIDEROT;;;;750
47536;201300052758;13;6;12;1940;2;2;1;1.0;3;112;BOULEVARD PERIPHERIQUE;;;;750
47537;201300052759;13;6;13;1140;1;2;1;1.0;3;112;85, BOULEVARD DIDEROT;;;;750
47538;201300052760;13;6;13;2030;2;2;2;1.0;3;112;BOULEVARD DIDEROT;;;;750
47539;201300052762;13;6;15;1230;1;2;1;1.0;7;112;AVENUE DAUMESNIL;;;;750
47540;201300052763;13;6;16;1625;1;2;1;1.0;6;112;3, RUE RONDELET;;;;750
47541;201300052764;13;6;18;940;1;2;1;1.0;6;112;125, RUE DE REUILLY;;;;750
47542;201300052765;13;6;18;1735;1;2;1;1.0;1;112;QUAI DE BERCY;;;;750
47543;201300052766;13;6;19;905;1;2;3;2.0;6;112;52, RUE DE WATTIGNIES;;;;750
47544;201300052767;13;6;19;920;1;2;2;1.0;1;112;AVENUE DE SAINT MANDE;;;;750
47545;201300052768;13;6;19;1420;1;2;1;1.0;2;112;PONT D AUSTERLITZ;;;;750
47546;201300052769;13;6;19;2100;1;2;2;1.0;6;112;92, QUAI DE BERCY;;;;750
47547;201300052772;13;6;21;1710;1;2;1;1.0;5;112;RUE VAN GOGH;;;;750
47548;201300052773;13;6;24;1630;1;2;1;1.0;6;112;RUE DE LYON;;;;750
47549;201300052774;13;6;26;1125;1;2;2;1.0;2;112;13, AVENUE DAUMESNIL;;;;750
47550;201300052775;13;6;27;1445;1;2;1;1.0;6;112;82, COURS DE VINCENNES;;;;750
47551;201300052776;13;6;27;2115;2;2;5;1.0;2;112;RUE DU FAUBOURG SAINT AN;;;;750
47552;201300052777;13;6;28;1140;1;2;1;2.0;7;112;., RUE DE RAMBOUILLET;;;;750
47553;201300052778;13;7;2;1100;2;2;3;1.0;3;112;37, RUE DE REUILLY;;;;750
47554;201300052779;13;7;3;850;1;2;3;1.0;6;112;101, AVENUE DE SAINT MAN;;;;750
47555;201300052780;13;7;3;2010;2;2;2;2.0;6;112;128, AVENUE DAUMESNIL;;;;750
47556;201300052783;13;7;7;1220;1;2;1;1.0;3;112;QUAI DE LA RAPEE;;;;750
47557;201300052784;13;7;8;1600;1;2;1;1.0;7;112;BOULEVARD PERIPHERIQUE;;;;750
47558;201300052785;13;7;9;400;5;2;1;1.0;6;112;RUE PAUL HENRI GRAUWIN;;;;750
47559;201300052786;13;7;9;645;1;2;3;1.0;4;112;AVENUE DES CANADIENS;;;;750
47560;201300052787;13;7;10;1700;1;2;1;1.0;7;112;72-74, QUAI DE LA RAPEE;;;;750
47561;201300052788;13;7;10;1930;1;2;1;1.0;3;112;ROUTE DES FORTIFICATIONS;;;;750
47562;201300052791;13;7;13;800;1;2;4;1.0;3;112;ROUTE DE LA TOURELLE;;;;750
47563;201300052792;13;7;15;1650;1;2;4;1.0;1;112;., AVENUE DE GRAVELLE;;;;750
47564;201300052793;13;7;16;1340;1;2;5;1.0;6;112;40, BOULEVARD DE BERCY;;;;750
47565;201300052794;13;7;16;2315;3;2;2;1.0;3;112;BOULEVARD SOULT;;;;750
47566;201300052795;13;7;17;1635;1;2;7;1.0;7;112;182, RUE DU FAUBOURG SAI;;;;750
47567;201300052796;13;7;18;2015;1;2;7;1.0;3;112;PLACE DE LA NATION;;;;750
47568;201300052797;13;7;20;1745;1;2;1;1.0;7;112;267, AVENUE DAUMESNIL;;;;750
47569;201300052798;13;7;20;2230;5;2;2;1.0;3;112;RUE DU FAUBOURG SAINT AN;;;;750
47570;201300052799;13;7;22;2015;1;2;1;1.0;2;112;11, RUE TAINE;;;;750
47571;201300052800;13;7;23;1850;1;2;1;1.0;7;112;275, RUE DE CHARENTON;;;;750
47572;201300052801;13;7;24;1700;1;2;1;1.0;7;112;254, AVENUE DAUMESNIL;;;;750
47573;201300052802;13;7;24;2215;5;2;3;1.0;2;112;210, RUE DE CHARENTON;;;;750
47574;201300052803;13;7;25;1816;1;2;1;1.0;6;112;68, RUE DU FAUBOURG SAIN;;;;750
47575;201300052804;13;7;25;2030;1;2;1;1.0;6;112;27, RUE CHALIGNY;;;;750
47576;201300052805;13;7;27;1705;1;2;7;1.0;6;112;PLACE DE LA NATION;;;;750
47577;201300052806;13;7;28;355;5;2;7;1.0;6;112;ROUTE DE LA PYRAMIDE;;;;750
47578;201300052807;13;7;28;2049;1;2;1;1.0;2;112;PONT D AUSTERLITZ;;;;750
47579;201300052808;13;7;29;830;1;2;4;1.0;2;112;RUE DU GENERAL DE LANGLE;;;;750
47580;201300052809;13;7;31;1835;1;2;3;1.0;1;112;48, GARE DE BERCY;;;;750
47581;201300052811;13;7;31;2340;5;2;1;1.0;6;112;PLACE EDOUARD RENARD;;;;750
47582;201300052812;13;8;3;1320;1;2;7;1.0;3;112;26, PLACE DE LA NATION;;;;750
47583;201300052813;13;8;5;1205;1;2;3;1.0;3;112;12, RUE SIBUET;;;;750
47584;201300052814;13;8;4;1941;1;2;2;1.0;7;112;AVENUE LEDRU ROLLIN;;;;750
47585;201300052815;13;8;6;1310;1;2;5;1.0;6;112;15, BOULEVARD CARNOT;;;;750
47586;201300052816;13;8;6;1510;1;2;5;1.0;3;112;RUE DE CHARENTON;;;;750
47587;201300052817;13;8;8;1525;1;2;3;1.0;3;112;218, AVENUE DAUMESNIL;;;;750
47588;201300052818;13;8;8;1640;1;2;7;1.0;3;112;PLACE DE LA BASTILLE;;;;750
47589;201300052819;13;8;8;2236;5;2;3;1.0;6;112;172, RUE DE CHARENTON;;;;750
47590;201300052820;13;8;10;1215;1;2;1;1.0;3;112;59, AVENUE LEDRU ROLLIN;;;;750