;Num_Acc;an;mois;jour;hrmn;lum;agg;int;atm;col;com;adr;gps;lat;long;dep
47591;201300052821;13;8;11;130;5;2;1;1.0;6;112;74, RUE DU FAUBOURG SAIN;;;;750
47592;201300052822;13;8;12;620;2;2;1;1.0;2;112;ROUTE DE LA FERME;;;;750
47593;201300052823;13;8;12;2040;1;2;7;1.0;3;112;01, PLACE EDOUARD RENARD;;;;750
47594;201300052824;13;8;14;1620;1;2;5;1.0;3;112;210, RUE DE BERCY;;;;750
47595;201300052825;13;8;15;1600;1;2;7;1.0;6;112;16, PLACE DE LA NATION;;;;750
47596;201300052826;13;8;17;805;1;2;5;1.0;6;112;6, RUE DE LYON;;;;750
47597;201300052827;13;8;18;2220;5;2;3;1.0;6;112;21 ter, BOULEVARD DIDERO;;;;750
47598;201300052828;13;8;19;1715;1;2;4;1.0;2;112;295, AVENUE DAUMESNIL;;;;750
47599;201300052829;13;8;21;2025;1;2;2;1.0;2;112;RUE DU RENDEZ VOUS;;;;750
47600;201300052830;13;8;22;1520;1;2;1;1.0;1;112;307, RUE DE CHARENTON;;;;750
47601;201300052831;13;8;23;1605;1;2;1;1.0;6;112;RUE CHRISTIAN DEWET;;;;750
47602;201300052832;13;8;25;45;5;2;7;2.0;2;112;AVENUE DAUMESNIL;;;;750
47603;201300052833;13;8;27;1020;1;2;3;1.0;6;112;80, RUE DE REUILLY;;;;750
47604;201300052835;13;8;27;1830;1;2;1;2.0;2;112;18, RUE TAINE;;;;750
47605;201300052837;13;8;29;920;2;2;1;1.0;2;112;QUAI DE LA RAPEE;;;;750
47606;201300052838;13;8;29;1350;1;2;2;1.0;1;112;72, BOULEVARD SOULT;;;;750
47607;201300052839;13;8;31;306;5;2;6;1.0;6;112;QUAI DE LA RAPEE;;;;750
47608;201300052840;13;9;1;145;5;2;2;1.0;3;112;QUAI DE BERCY;;;;750
47609;201300052841;13;9;3;1025;1;2;7;1.0;3;112;PLACE DE LA NATION;;;;750
47610;201300052842;13;9;3;1855;1;2;1;1.0;3;112;209, RUE DE BERCY;;;;750
47611;201300052844;13;9;5;730;1;2;5;1.0;2;112;/, QUAI DE BERCY;;;;750
47612;201300052845;13;9;8;2200;5;2;7;1.0;2;111;PLACE DE LA BASTILLE;;;;750
47613;201300052846;13;9;12;1600;1;2;2;2.0;6;112;35, BOULEVARD DIDEROT;;;;750
47614;201300052847;13;9;13;35;5;2;2;1.0;3;112;BOULEVARD SOULT;;;;750
47615;201300052848;13;9;13;1100;1;2;2;2.0;6;112;82, RUE DU FAUBOURG SAIN;;;;750
47616;201300052849;13;9;14;825;1;2;7;2.0;3;112;4, PLACE DE LA NATION;;;;750
47617;201300052851;13;9;15;337;5;2;2;1.0;6;112;AVENUE DE NOGENT;;;;750
47618;201300052852;13;9;15;357;5;2;1;2.0;6;112;QUAI DE BERCY;;;;750
47619;201300052853;13;9;17;910;1;2;1;1.0;2;112;ROUTE DE CEINTURE DU LAC;;;;750
47620;201300052855;13;9;8;800;1;2;1;1.0;2;112;BOULEVARD PERIPHERIQUE;;;;750
47621;201300052857;13;9;20;2130;5;2;2;1.0;3;112;97, BOULEVARD DIDEROT;;;;750
47622;201300052858;13;9;21;1115;1;2;1;1.0;2;112;QUAI DE BERCY;;;;750
47623;201300052860;13;9;21;1720;1;2;3;1.0;6;112;AVENUE DE GRAVELLE   ST;;;;750
47624;201300052861;13;9;21;1830;1;2;1;1.0;3;112;2, METRO QUAI DE LA RAPE;;;;750
47625;201300052862;13;9;22;210;5;2;5;1.0;6;111;303, RUE DU FAUBOURG SAI;;;;750
47626;201300052863;13;9;22;1440;1;2;2;1.0;3;112;AVENUE DAUMESNIL;;;;750
47627;201300052864;13;9;23;1120;1;2;3;1.0;3;112;65, BOULEVARD DE PICPUS;;;;750
47628;201300052865;13;9;23;1455;1;2;2;1.0;3;112;QUAI DE BERCY;;;;750
47629;201300052867;13;9;26;1030;1;2;1;1.0;6;112;COURS DES MARECHAUX;;;;750
47630;201300052868;13;9;26;1245;1;2;1;1.0;2;112;39, RUE DE WATTIGNIES;;;;750
47631;201300052869;13;9;26;1930;5;2;1;1.0;1;112;38, BOULEVARD DE BERCY;;;;750
47632;201300052870;13;9;27;910;1;2;5;1.0;3;112;BOULEVARD SOULT;;;;750
47633;201300052871;13;9;28;1;5;2;2;1.0;6;112;RUE DE LYON;;;;750
47634;201300052872;13;9;29;245;5;2;5;8.0;6;112;80, AVENUE DAUMESNIL;;;;750
47635;201300052873;13;9;30;845;1;2;1;1.0;2;112;51, AVENUE DU GENERAL MI;;;;750
47636;201300052874;13;9;30;1205;1;2;3;1.0;6;112;101, RUE DE REUILLY;;;;750
47637;201300052876;13;10;1;1800;1;2;1;1.0;3;112;4 bis, BOULEVARD DIDEROT;;;;750
47638;201300052878;13;10;2;1250;1;2;6;1.0;3;112;66, BOULEVARD DE PICPUS;;;;750
47639;201300052879;13;10;3;1040;1;2;7;1.0;3;112;PLACE DE LA NATION;;;;750
47640;201300052880;13;10;4;1145;1;2;7;1.0;3;112;180, RUE DU FAUBOURG SAI;;;;750
47641;201300052881;13;10;8;620;3;2;7;1.0;7;112;1, PONT D AUSTERLITZ;;;;750
47642;201300052882;13;10;8;2230;5;2;2;1.0;6;112;QUAI DE LA RAPEE;;;;750
47643;201300052883;13;10;9;2000;5;2;3;2.0;6;111;238b, RUE DU FAUBOURG SA;;;;750
47644;201300052884;13;10;11;840;1;2;1;2.0;7;112;PONT D AUSTERLITZ;;;;750
47645;201300052885;13;10;11;1745;1;2;1;8.0;4;112;QUAI DE BERCY;;;;750
47646;201300052886;13;10;11;1700;1;2;5;1.0;6;112;115, RUE DE REUILLY;;;;750
47647;201300052887;13;10;12;1720;1;2;1;1.0;3;112;26, BOULEVARD DE LA BAST;;;;750
47648;201300052888;13;10;13;1250;1;2;1;1.0;3;112;238, RUE DE CHARENTON;;;;750
47649;201300052889;13;10;13;2330;5;2;1;1.0;6;112;QUAI DE BERCY;;;;750
47650;201300052891;13;10;15;920;1;2;1;1.0;6;112;ROUTE CIRCULAIRE;;;;750
47651;201300052892;13;10;16;1900;5;2;1;2.0;6;111;133, RUE DU FAUBOURG SAI;;;;750
47652;201300052893;13;10;16;2045;5;2;1;2.0;2;112;AVENUE DE LA PEPINIERE;;;;750
47653;201300052894;13;10;19;214;5;2;1;1.0;6;112;QUAI DE BERCY;;;;750
47654;201300052895;13;10;19;2100;5;2;4;1.0;3;112;12, RUE DE LYON;;;;750
47655;201300052896;13;10;20;134;5;2;2;1.0;5;112;29, RUE CHALIGNY;;;;750
47656;201300052897;13;10;20;1810;1;2;1;3.0;6;112;45, RUE DE FECAMP;;;;750
47657;201300052898;13;10;21;1635;1;2;3;1.0;3;112;BOULEVARD DIDEROT;;;;750
47658;201300052900;13;10;23;2115;5;2;1;1.0;6;112;PLACE DE LA NATION;;;;750
47659;201300052901;13;10;24;2135;5;2;7;1.0;6;112;24bis, PLACE DE LA NATIO;;;;750
47660;201300052902;13;10;25;1225;1;2;1;1.0;3;112;248, RUE DE CHARENTON;;;;750
47661;201300052903;13;10;26;1845;5;2;6;1.0;7;112;45, AVENUE DE SAINT MAND;;;;750
47662;201300052904;13;10;31;815;1;2;1;1.0;7;112;AVENUE DE LA PORTE DE CH;;;;750
47663;201300052906;13;10;31;1030;1;2;1;1.0;2;112;77, RUE DE BERCY;;;;750
47664;201300052908;13;10;31;1425;1;2;1;1.0;2;112;42, BOULEVARD DE BERCY;;;;750
47665;201300052909;13;10;31;2035;5;2;1;2.0;2;112;21, RUE TAINE;;;;750
47666;201300052911;13;11;1;1200;1;2;1;2.0;3;112;11, AVENUE DE SAINT MAND;;;;750
47667;201300052913;13;11;1;1530;1;2;7;2.0;3;112;PLACE DE LA BASTILLE;;;;750
47668;201300052914;13;11;1;2215;5;2;2;2.0;6;112;42, AVENUE DAUMESNIL;;;;750
47669;201300052916;13;11;4;1400;1;2;3;9.0;6;112;RUE DE RAMBOUILLET;;;;750
47670;201300052917;13;11;4;1925;5;2;1;1.0;3;112;2, AVENUE DE SAINT MANDE;;;;750
47671;201300052918;13;11;5;845;1;2;3;2.0;6;112;152, BOULEVARD DIDEROT;;;;750
47672;201300052919;13;11;5;2150;5;2;1;1.0;3;112;40, BOULEVARD DE BERCY;;;;750
47673;201300052920;13;11;6;1427;1;2;5;1.0;6;112;80, AVENUE DAUMESNIL;;;;750
47674;201300052921;13;11;7;2100;5;2;3;2.0;3;112;204, RUE DE CHARENTON;;;;750
47675;201300052923;13;11;8;715;2;2;2;2.0;6;112;58, AVENUE LEDRU ROLLIN;;;;750
47676;201300052924;13;11;8;2035;5;2;1;2.0;7;112;52, QUAI DE LA RAPEE;;;;750
47677;201300052926;13;11;10;1915;5;2;3;1.0;2;112;203, RUE DE CHARENTON;;;;750
47678;201300052927;13;11;11;1620;1;2;2;1.0;3;112;RUE DE LYON;;;;750
47679;201300052928;13;11;12;1130;1;2;1;2.0;6;112;AVENUE DE NOGENT;;;;750
47680;201300052929;13;11;12;1900;5;2;1;2.0;7;112;28, RUE DE LYON;;;;750
47681;201300052930;13;11;13;1940;5;2;1;1.0;7;112;51, AVENUE DU GENERAL MI;;;;750
47682;201300052931;13;11;14;700;5;2;1;2.0;7;112;-, AVENUE DES MINIMES;;;;750
47683;201300052932;13;11;14;905;1;2;2;2.0;2;112;168, BOULEVARD DIDEROT;;;;750
47684;201300052933;13;11;14;1823;5;2;1;2.0;6;112;130, RUE DE LYON;;;;750
47685;201300052934;13;11;15;710;2;2;2;1.0;6;112;/, PONT CHARLES DE GAULL;;;;750
47686;201300052935;13;11;14;1005;1;2;5;3.0;3;112;1, AVENUE DE NOGENT;;;;750
47687;201300052936;13;11;15;1045;1;2;1;1.0;3;112;226, RUE DE CHARENTON;;;;750
47688;201300052937;13;11;15;1740;5;2;2;1.0;7;112;15, RUE DE WATTIGNIES;;;;750
47689;201300052938;13;11;15;1845;5;2;1;1.0;3;112;266, AVENUE DAUMESNIL;;;;750
47690;201300052939;13;11;17;2050;5;2;1;1.0;6;112;3, PLACE LOUIS ARMAND;;;;750
47691;201300052940;13;11;18;1205;1;2;2;1.0;3;112;BOULEVARD DE BERCY;;;;750
47692;201300052941;13;11;18;1800;5;2;3;1.0;3;112;70, BOULEVARD DE LA GUYA;;;;750
47693;201300052942;13;11;19;930;1;2;2;1.0;6;112;38, AVENUE DAUMESNIL;;;;750
47694;201300052943;13;11;19;1300;1;2;1;1.0;6;112;40, RUE TAINE;;;;750
47695;201300052944;13;11;20;1400;1;2;1;2.0;3;112;13, PLACE LACHAMBEAUDIE;;;;750
47696;201300052945;13;11;20;1915;5;2;5;3.0;6;112;/, RUE DE RAMBOUILLET;;;;750
47697;201300052946;13;11;20;2025;5;2;7;3.0;3;112;7, PLACE FELIX EBOUE;;;;750
47698;201300052947;13;11;21;920;1;2;2;2.0;1;112;15, BOULEVARD DIDEROT;;;;750
47699;201300052950;13;11;22;904;1;2;1;1.0;2;112;AVENUE DE GRAVELLE;;;;750
47700;201300052951;13;11;22;1100;1;2;2;1.0;3;112;AVENUE DAUMESNIL;;;;750
47701;201300052952;13;11;22;1925;5;2;3;1.0;3;112;53, AVENUE DAUMESNIL;;;;750
47702;201300052953;13;11;23;930;1;2;1;1.0;3;112;35, RUE DE PICPUS;;;;750
47703;201300052954;13;11;23;1745;5;2;3;1.0;6;112;92, AVENUE DE SAINT MAND;;;;750
47704;201300052955;13;11;24;930;1;2;1;1.0;6;112;BOULEVARD DE LA GUYANE;;;;750
47705;201300052956;13;11;25;140;5;2;1;1.0;2;112;280, AVENUE DAUMESNIL;;;;750
47706;201300052957;13;11;25;1645;1;2;1;1.0;5;112;20, BOULEVARD DE LA GUYA;;;;750
47707;201300052958;13;11;25;2320;5;2;1;1.0;4;112;12, QUAI DE BERCY;;;;750
47708;201300052959;13;11;27;550;2;2;2;1.0;3;112;157, RUE DE BERCY;;;;750
47709;201300052960;13;11;28;420;5;2;1;1.0;6;112;BOULEVARD DE BERCY;;;;750
47710;201300052961;13;11;28;905;1;2;3;1.0;2;112;AVENUE DAUMESNIL;;;;750
47711;201300052962;13;11;29;20;5;2;3;1.0;6;112;190, RUE DE BERCY;;;;750
47712;201300052963;13;11;29;1915;5;2;3;1.0;6;112;24, BOULEVARD DE LA BAST;;;;750
47713;201300052964;13;11;29;1915;5;2;2;1.0;6;112;BOULEVARD DIDEROT;;;;750
47714;201300052965;13;11;30;930;1;2;1;1.0;6;112;18, AVENUE DE LA PORTE D;;;;750
47715;201300052966;13;12;1;1955;5;2;4;1.0;6;112;92, AVENUE DU GENERAL MI;;;;750
47716;201300052967;13;12;2;1205;1;2;6;1.0;3;112;AVENUE DE JOINVILLE;;;;750
47717;201300052968;13;12;2;1825;5;2;1;1.0;6;112;46, AVENUE DAUMESNIL;;;;750
47718;201300052970;13;12;3;2225;5;2;5;1.0;3;112;BOULEVARD PONIATOWSKI;;;;750
47719;201300052971;13;12;4;645;5;2;2;1.0;3;112;82, RUE DU FAUBOURG SAIN;;;;750
47720;201300052972;13;12;5;1210;1;2;1;1.0;2;112;13, RUE CHALIGNY;;;;750
47721;201300052973;13;12;5;1525;1;2;7;1.0;3;112;ESPLANADE SAINT LOUIS;;;;750
47722;201300052974;13;12;6;1015;1;2;4;1.0;3;112;88, QUAI DE LA RAPEE;;;;750
47723;201300052975;13;12;7;30;5;2;3;1.0;2;112;AVENUE DES MINIMES;;;;750
47724;201300052978;13;12;8;135;5;2;3;1.0;2;112;50, RUE DE CHARENTON;;;;750
47725;201300052979;13;12;11;1830;5;2;2;1.0;6;112;2, RUE DE RAMBOUILLET;;;;750
47726;201300052980;13;12;13;1450;1;2;1;1.0;6;112;31, AVENUE DAUMESNIL;;;;750
47727;201300052981;13;12;13;2000;5;2;2;2.0;3;112;6, RUE DE LYON;;;;750
47728;201300052982;13;12;14;1715;5;2;1;1.0;3;112;42, AVENUE DE SAINT MAND;;;;750
47729;201300052984;13;12;20;400;5;2;1;2.0;7;112;AVENUE DE GRAVELLE;;;;750
47730;201300052985;13;12;20;1740;5;2;1;1.0;3;112;88, RUE DE REUILLY;;;;750
47731;201300052986;13;12;21;1800;5;2;1;1.0;6;112;1, RUE DU RENDEZ VOUS;;;;750
47732;201300052987;13;12;25;235;5;2;1;1.0;7;112;AVENUE DE NOGENT;;;;750
47733;201300052988;13;12;27;2345;5;2;2;2.0;7;112;1, RUE DE DIJON;;;;750
47734;201300052989;13;12;28;125;5;2;7;2.0;3;112;PLACE DE LA NATION;;;;750
47735;201300052990;13;12;30;1630;5;2;7;2.0;6;112;ROUTE DE LA PYRAMIDE;;;;750
47736;201300052991;13;1;2;830;1;2;5;1.0;3;113;2, BOULEVARD KELLERMANN;;;;750
47737;201300052992;13;1;2;1430;1;2;7;1.0;2;113;30, PLACE D ITALIE;;;;750
47738;201300052993;13;1;2;1930;1;2;7;1.0;3;113;PORTE D ITALIE;;;;750
47739;201300052994;13;1;3;1820;5;2;3;1.0;6;113;104, AVENUE D ITALIE;;;;750
47740;201300052996;13;1;5;1557;1;2;3;1.0;6;113;37-39, RUE DES PEUPLIERS;;;;750
47741;201300052997;13;1;6;1805;5;2;5;1.0;7;113;BOULEVARD MASSENA;;;;750
47742;201300052998;13;1;8;1730;5;2;7;1.0;6;113;1, PLACE PORT AU PRINCE;;;;750
47743;201300052999;13;1;9;1340;1;2;1;1.0;6;113;72, AVENUE DES GOBELINS;;;;750
47744;201300053001;13;1;10;1850;5;2;1;2.0;2;113;77, AVENUE D ITALIE;;;;750
47745;201300053002;13;1;10;1930;5;2;5;2.0;3;113;8, BOULEVARD AUGUSTE BLA;;;;750
47746;201300053003;13;1;11;1135;1;2;2;1.0;6;113;10, RUE DE TOLBIAC;;;;750
47747;201300053004;13;1;13;1840;5;2;5;3.0;6;113;47, RUE DE TOLBIAC;;;;750
47748;201300053005;13;1;15;632;5;2;5;1.0;3;113;BOULEVARD SAINT MARCEL;;;;750
47749;201300053006;13;1;15;2145;5;2;2;2.0;6;113;36, RUE DU MOULIN DE LA;;;;750
47750;201300053007;13;1;16;1450;1;2;2;1.0;6;113;QUAI FRANCOIS MAURIAC;;;;750
47751;201300053008;13;1;16;1815;5;2;4;1.0;6;113;BOULEVARD MASSENA;;;;750
47752;201300053009;13;1;17;1535;1;2;5;1.0;3;113;100, BOULEVARD AUGUSTE B;;;;750
47753;201300053010;13;1;17;1645;2;2;4;1.0;6;113;42, RUE DES PEUPLIERS;;;;750
47754;201300053011;13;1;23;1355;1;2;1;1.0;2;113;24, RUE HENRI PAPE;;;;750
47755;201300053012;13;1;23;1800;5;2;3;9.0;6;113;RUE JEANNE D ARC;;;;750
47756;201300053013;13;1;25;900;1;2;1;1.0;3;113;91, RUE BARRAULT;;;;750
47757;201300053015;13;1;28;850;1;2;1;1.0;4;113;135, AVENUE D ITALIE;;;;750
47758;201300053016;13;1;29;1600;1;2;3;2.0;2;113;61, BOULEVARD VINCENT AU;;;;750
47759;201300053017;13;1;30;1650;1;2;2;1.0;6;113;161, RUE DE TOLBIAC;;;;750
47760;201300053018;13;1;31;745;2;2;2;1.0;6;113;140, RUE DE TOLBIAC;;;;750
47761;201300053019;13;1;31;1940;5;2;5;1.0;7;113;65, RUE DE L AMIRAL MOUC;;;;750
47762;201300053020;13;2;1;740;5;2;1;2.0;6;113;68, BOULEVARD ARAGO;;;;750
47763;201300053021;13;2;1;1045;1;2;1;2.0;6;113;169, BOULEVARD DE L HOPI;;;;750
47764;201300053022;13;2;2;1910;5;2;2;2.0;6;113;RUE REGNAULT;;;;750
47765;201300053023;13;2;3;1310;1;2;1;1.0;3;113;110, RUE JEANNE D ARC;;;;750
47766;201300053024;13;2;4;1300;1;2;1;8.0;6;113;26, RUE REGNAULT;;;;750
47767;201300053026;13;2;5;820;1;2;1;1.0;3;113;35, RUE LOUISE WEISS;;;;750
47768;201300053027;13;2;5;1205;1;2;5;1.0;6;113;28, RUE DU DESSOUS DES B;;;;750
47769;201300053028;13;2;6;950;1;2;7;2.0;6;113;01, BOULEVARD DE L HOPIT;;;;750
47770;201300053029;13;2;7;840;1;2;1;1.0;6;113;55, RUE BAUDRICOURT;;;;750
47771;201300053031;13;2;8;1300;1;2;2;1.0;6;113;BOULEVARD DE L HOPITAL;;;;750
47772;201300053032;13;2;9;710;5;2;1;2.0;6;113;36, QUAI D AUSTERLITZ;;;;750
47773;201300053033;13;2;10;1;5;2;1;1.0;7;113;100, BOULEVARD MASSENA;;;;750
47774;201300053034;13;2;11;1710;1;2;1;1.0;6;113;117, RUE DU CHEVALERET;;;;750
47775;201300053035;13;2;13;1700;1;2;4;1.0;6;113;27, AVENUE DE LA PORTE D;;;;750
47776;201300053037;13;2;14;1025;1;2;1;2.0;2;113;73, BOULEVARD MASSENA;;;;750
47777;201300053038;13;2;15;1300;1;2;5;1.0;3;113;163, AVENUE D ITALIE;;;;750
47778;201300053039;13;2;16;205;5;2;1;1.0;5;113;9, BOULEVARD DE L HOPITA;;;;750
47779;201300053040;13;2;16;2125;5;2;1;1.0;6;113;64, AVENUE DES GOBELINS;;;;750
47780;201300053041;13;2;17;620;5;2;1;1.0;6;113;50, AVENUE PIERRE MENDES;;;;750
47781;201300053043;13;2;22;1010;1;2;1;1.0;2;113;42, RUE PASCAL;;;;750
47782;201300053044;13;2;23;1705;1;2;1;4.0;2;113;137, AVENUE DE CHOISY;;;;750
47783;201300053045;13;2;23;1655;1;2;1;4.0;1;113;114, BOULEVARD DE L HOPI;;;;750
47784;201300053046;13;2;23;2320;5;2;1;4.0;7;113;185, BOULEVARD VINCENT A;;;;750
47785;201300053047;13;2;24;2000;5;2;3;4.0;1;113;100, AVENUE D ITALIE;;;;750
47786;201300053048;13;2;26;1340;1;2;2;1.0;2;113;7, BOULEVARD MASSENA;;;;750
47787;201300053049;13;2;27;1120;1;2;3;1.0;3;113;12, RUE NEUVE TOLBIAC;;;;750
47788;201300053050;13;2;27;1625;1;2;1;1.0;6;113;33, RUE VERGNIAUD;;;;750
47789;201300053051;13;3;1;2155;5;2;1;1.0;3;113;BOULEVARD PERIPHERIQUE;;;;750
47790;201300053052;13;3;3;1010;1;2;7;1.0;3;113;3, PLACE D ITALIE;;;;750
47791;201300053053;13;3;8;1355;1;2;1;2.0;6;113;90, RUE DE TOLBIAC;;;;750
47792;201300053054;13;3;15;1756;1;2;2;1.0;6;113;81, BOULEVARD VINCENT AU;;;;750
47793;201300053055;13;3;17;1220;1;2;4;1.0;6;113;52, BOULEVARD AUGUSTE BL;;;;750
47794;201300053056;13;3;19;1540;1;2;1;1.0;7;113;120, BOULEVARD VINCENT A;;;;750
47795;201300053058;13;3;24;1510;1;2;1;1.0;2;113;1, RUE DE LA FONTAINE A;;;;750
47796;201300053059;13;3;25;920;1;2;3;1.0;2;113;QUAI FRANCOIS MAURIAC;;;;750
47797;201300053060;13;3;25;1640;1;2;2;1.0;6;113;BOULEVARD SAINT MARCEL;;;;750
47798;201300053061;13;3;28;1555;1;2;5;1.0;6;113;QUAI D AUSTERLITZ;;;;750
47799;201300053062;13;3;29;1230;1;2;1;1.0;6;113;3, BOULEVARD SAINT MARCE;;;;750
47800;201300053063;13;3;30;1410;1;2;1;1.0;2;113;88, RUE JEANNE D ARC;;;;750
47801;201300053064;13;4;2;100;5;2;1;1.0;6;113;BOULEVARD PERIPHERIQUE;;;;750
47802;201300053065;13;4;6;345;5;2;2;1.0;6;113;QUAI D IVRY;;;;750
47803;201300053066;13;4;6;1150;1;2;2;1.0;6;113;55, AVENUE D ITALIE;;;;750
47804;201300053067;13;4;7;15;5;2;1;1.0;2;113;38, BOULEVARD VINCENT AU;;;;750
47805;201300053068;13;4;7;320;5;2;1;1.0;6;113;QUAI D AUSTERLITZ;;;;750
47806;201300053069;13;4;9;1055;1;2;1;1.0;6;113;207, AVENUE DE CHOISY;;;;750
47807;201300053070;13;4;9;1150;1;2;1;2.0;6;113;15, RUE RENE GOSCINNY;;;;750
47808;201300053071;13;4;11;1635;1;2;5;2.0;6;113;PLACE COLUCHE;;;;750
47809;201300053072;13;4;12;1530;1;2;4;3.0;3;113;2, RUE JEAN BAPTISTE BER;;;;750
47810;201300053073;13;4;12;1520;1;2;2;2.0;3;113;AVENUE DE LA PORTE D ITA;;;;750
47811;201300053074;13;4;13;1930;1;2;1;3.0;6;113;60, RUE JEANNE D ARC;;;;750
47812;201300053075;13;4;16;940;1;2;5;1.0;6;113;AVENUE DE LA PORTE D ITA;;;;750
47813;201300053077;13;4;17;2030;5;2;1;1.0;3;113;., PORTE D IVRY;;;;750
47814;201300053078;13;4;18;1145;1;2;1;1.0;2;113;116, BOULEVARD DE L HOPI;;;;750
47815;201300053079;13;4;18;1630;1;2;2;1.0;1;113;01, QUAI FRANCOIS MAURIA;;;;750
47816;201300053080;13;4;19;500;5;2;2;1.0;6;113;66, AVENUE DES GOBELINS;;;;750
47817;201300053081;13;4;19;725;1;2;2;1.0;6;113;42, BOULEVARD MASSENA;;;;750
47818;201300053082;13;4;19;1720;1;2;5;1.0;3;113;87, QUAI DE LA GARE;;;;750
47819;201300053085;13;4;25;2300;5;2;1;1.0;6;113;14, RUE DU VAL DE MARNE;;;;750
47820;201300053086;13;4;26;1505;1;2;4;8.0;3;113;39, RUE BRUNESEAU;;;;750
47821;201300053087;13;4;28;1010;1;2;3;1.0;6;113;73, AVENUE D ITALIE;;;;750
47822;201300053088;13;4;30;850;1;2;2;1.0;6;113;AVENUE DE LA PORTE D IVR;;;;750
47823;201300053089;13;5;1;1650;1;2;4;3.0;6;113;33, RUE DES PEUPLIERS;;;;750
47824;201300053091;13;5;7;1540;1;2;1;1.0;6;113;43, BOULEVARD VINCENT AU;;;;750
47825;201300053092;13;5;8;2250;5;2;2;1.0;3;113;RUE DE TOLBIAC;;;;750
47826;201300053093;13;5;12;600;1;2;2;1.0;6;113;1, AVENUE DE LA PORTE DE;;;;750
47827;201300053094;13;5;14;1740;1;2;2;1.0;6;113;41, RUE DU MOULIN DE LA;;;;750
47828;201300053095;13;5;15;935;1;2;2;1.0;3;113;46, BOULEVARD ARAGO;;;;750
47829;201300053096;13;5;15;1250;1;2;1;1.0;3;113;83, BOULEVARD DE L HOPIT;;;;750
47830;201300053097;13;5;16;1000;1;2;5;1.0;3;113;2, RUE JENNER;;;;750
47831;201300053098;13;5;18;1140;1;2;2;1.0;3;113;13, AVENUE DE LA PORTE D;;;;750
47832;201300053099;13;5;19;2025;2;2;1;3.0;6;113;25, RUE EMILE DURKHEIM;;;;750
47833;201300053101;13;5;21;1230;1;2;4;2.0;6;113;20, AVENUE D IVRY;;;;750
47834;201300053102;13;5;22;845;1;2;2;1.0;7;113;32, RUE DE TOLBIAC;;;;750
47835;201300053105;13;5;29;210;5;2;5;1.0;3;113;5, RUE DU CHEVALERET;;;;750
47836;201300053106;13;5;29;1810;1;2;2;1.0;3;113;46, AVENUE DE LA PORTE D;;;;750
47837;201300053107;13;5;30;1230;1;2;3;2.0;7;113;154, RUE DE TOLBIAC;;;;750
47838;201300053109;13;6;1;1915;1;2;2;1.0;3;113;39, AVENUE DES GOBELINS;;;;750
47839;201300053110;13;6;3;915;1;2;2;1.0;3;113;RUE PRIMO LEVI;;;;750
47840;201300053111;13;6;4;1335;1;2;2;1.0;3;113;BOULEVARD VINCENT AURIOL;;;;750
47841;201300053112;13;6;5;1815;1;2;1;1.0;2;113;67, RUE PASCAL;;;;750
47842;201300053113;13;6;7;230;5;2;3;1.0;2;106;86, RUE DE RENNES;;;;750
47843;201300053114;13;6;7;1435;1;2;7;1.0;6;113;12 bis, PLACE D ITALIE;;;;750
47844;201300053115;13;6;8;800;1;2;5;1.0;6;113;80, BOULEVARD VINCENT AU;;;;750
47845;201300053116;13;6;8;1615;1;2;2;1.0;6;113;82, AVENUE D IVRY;;;;750
47846;201300053117;13;6;8;2035;2;2;5;8.0;6;113;98, RUE DE TOLBIAC;;;;750
47847;201300053119;13;6;11;840;1;2;1;1.0;3;113;19, RUE VERGNIAUD;;;;750
47848;201300053120;13;6;11;2145;2;2;7;1.0;3;113;30, PLACE D ITALIE;;;;750
47849;201300053121;13;6;12;1645;1;2;1;1.0;6;113;107, BOULEVARD MASSENA;;;;750
47850;201300053122;13;6;12;1800;1;2;3;1.0;3;113;22, BOULEVARD VINCENT AU;;;;750
47851;201300053123;13;6;16;1515;1;2;2;1.0;4;113;AVENUE D ITALIE;;;;750
47852;201300053124;13;6;17;820;1;2;7;1.0;2;113;1, AVENUE DE LA PORTE D;;;;750
47853;201300053125;13;6;17;1420;1;2;1;1.0;1;113;7bis, RUE ABEL HOVELACQU;;;;750
47854;201300053126;13;6;18;2345;5;2;1;1.0;4;113;42, AVENUE DES GOBELINS;;;;750
47855;201300053127;13;6;19;1805;1;2;1;3.0;6;113;33, AVENUE DE LA PORTE D;;;;750
47856;201300053128;13;6;20;545;2;2;2;3.0;3;113;1, RUE DE LA POTERNE DES;;;;750
47857;201300053129;13;6;21;1300;1;2;2;1.0;2;113;QUAI D AUSTERLITZ;;;;750
47858;201300053130;13;6;21;2155;3;2;3;1.0;1;113;QUAI PANHARD ET LEVASSOR;;;;750
47859;201300053131;13;6;22;200;5;2;5;1.0;2;113;98, RUE DE TOLBIAC;;;;750
47860;201300053132;13;6;22;1805;1;2;3;1.0;3;113;83, AVENUE D ITALIE;;;;750
47861;201300053133;13;6;23;1220;1;2;2;1.0;6;113;205, RUE DE TOLBIAC;;;;750
47862;201300053134;13;6;25;1230;1;2;5;1.0;2;113;2, AVENUE DE LA PORTE D;;;;750
47863;201300053135;13;6;26;1325;1;2;3;1.0;1;113;101, RUE DE TOLBIAC;;;;750
47864;201300053136;13;6;27;1235;1;2;2;1.0;2;113;30, RUE NEUVE TOLBIAC;;;;750
47865;201300053137;13;6;28;1100;1;2;2;8.0;6;113;185, BOULEVARD VINCENT A;;;;750