;Num_Acc;an;mois;jour;hrmn;lum;agg;int;atm;col;com;adr;gps;lat;long;dep
47866;201300053138;13;6;29;1555;1;2;1;1.0;2;113;32, PLACE JEANNE D ARC;;;;750
47867;201300053139;13;6;30;1330;1;2;2;1.0;6;113;78-80, RUE DE TOLBIAC;;;;750
47868;201300053140;13;6;30;1745;1;2;3;1.0;2;113;AVENUE DE LA PORTE D IVR;;;;750
47869;201300053141;13;7;2;1305;1;2;2;1.0;2;113;AVENUE PIERRE DE COUBERT;;;;750
47870;201300053142;13;7;3;1425;1;2;2;1.0;6;113;1-7, RUE OLIVIER MESSIAE;;;;750
47871;201300053144;13;7;4;825;1;2;3;1.0;3;113;03, RUE MICHAL;;;;750
47872;201300053145;13;7;4;1655;1;2;2;1.0;3;113;18, BOULEVARD AUGUSTE BL;;;;750
47873;201300053146;13;7;5;740;1;2;2;1.0;2;113;213, RUE DE TOLBIAC;;;;750
47874;201300053147;13;7;5;1300;1;2;3;1.0;3;113;42, RUE DES PEUPLIERS;;;;750
47875;201300053149;13;7;6;1815;1;2;3;1.0;6;113;52, AVENUE D ITALIE;;;;750
47876;201300053150;13;7;8;2230;5;2;1;1.0;6;113;14, RUE PHILIBERT LUCOT;;;;750
47877;201300053151;13;7;8;1740;1;2;1;1.0;6;113;18, QUAI D AUSTERLITZ;;;;750
47878;201300053152;13;7;9;1000;1;2;1;1.0;6;113;41, RUE JENNER;;;;750
47879;201300053153;13;7;9;1625;1;2;2;1.0;3;113;107, RUE REGNAULT;;;;750
47880;201300053154;13;7;10;1745;1;2;4;1.0;6;113;1, RUE EUGENE OUDINE;;;;750
47881;201300053155;13;7;10;2310;5;2;4;1.0;6;113;QUAI D IVRY;;;;750
47882;201300053156;13;7;11;755;1;2;2;1.0;6;113;AVENUE D ITALIE;;;;750
47883;201300053158;13;7;14;1830;1;2;5;1.0;3;113;12, BOULEVARD MASSENA;;;;750
47884;201300053159;13;7;15;1015;1;2;2;1.0;6;113;PONT DE TOLBIAC;;;;750
47885;201300053160;13;7;15;1615;1;2;3;1.0;3;113;QUAI PANHARD ET LEVASSOR;;;;750
47886;201300053161;13;7;15;1700;1;2;1;1.0;3;113;10, RUE JEAN BAPTISTE BE;;;;750
47887;201300053162;13;7;15;1740;1;2;4;1.0;3;113;134, RUE DE TOLBIAC;;;;750
47888;201300053164;13;7;20;200;5;2;1;1.0;6;113;24, QUAI D AUSTERLITZ;;;;750
47889;201300053165;13;7;20;1100;1;2;3;1.0;6;113;23, AVENUE D ITALIE;;;;750
47890;201300053166;13;7;20;1340;1;2;1;1.0;6;113;44, AVENUE DE LA PORTE D;;;;750
47891;201300053167;13;7;21;350;5;2;1;1.0;6;113;26, QUAI D AUSTERLITZ;;;;750
47892;201300053169;13;7;24;2000;1;2;2;1.0;6;113;99, BOULEVARD AUGUSTE BL;;;;750
47893;201300053170;13;7;27;1320;1;2;1;1.0;7;113;30, AVENUE D ITALIE;;;;750
47894;201300053171;13;7;29;1230;1;2;5;1.0;4;113;1, ESPLANADE LEO HAMON;;;;750
47895;201300053172;13;7;29;2240;5;2;5;1.0;3;113;AVENUE DE LA PORTE D ITA;;;;750
47896;201300053173;13;7;30;1900;1;2;1;1.0;3;113;11, RUE DE L ESPERANCE;;;;750
47897;201300053174;13;7;31;1315;1;2;2;1.0;6;113;AVENUE DE LA PORTE D IVR;;;;750
47898;201300053175;13;7;31;1600;1;2;5;1.0;2;113;QUAI D IVRY;;;;750
47899;201300053176;13;8;2;830;1;2;5;1.0;3;113;QUAI D AUSTERLITZ;;;;750
47900;201300053177;13;8;2;2010;1;2;5;1.0;2;113;RUE DE TOLBIAC;;;;750
47901;201300053178;13;8;4;630;2;2;1;1.0;3;113;40, BOULEVARD AUGUSTE BL;;;;750
47902;201300053179;13;8;4;1805;1;2;1;1.0;6;113;94, BOULEVARD AUGUSTE BL;;;;750
47903;201300053180;13;8;6;930;1;2;1;1.0;3;113;5, RUE DE TOLBIAC;;;;750
47904;201300053182;13;8;9;2100;5;2;3;1.0;3;113;199, AVENUE DE CHOISY;;;;750
47905;201300053183;13;8;11;1930;2;2;5;1.0;7;113;63, BOULEVARD KELLERMANN;;;;750
47906;201300053184;13;8;13;700;1;2;4;1.0;3;113;83, BOULEVARD DE L HOPIT;;;;750
47907;201300053185;13;8;14;2045;1;2;3;1.0;6;113;PONT CHARLES DE GAULLE;;;;750
47908;201300053186;13;8;18;2015;2;2;1;2.0;6;113;100, RUE DU CHATEAU DES;;;;750
47909;201300053187;13;8;19;1545;1;2;2;1.0;3;113;BOULEVARD MASSENA;;;;750
47910;201300053188;13;8;20;1345;1;2;2;1.0;7;113;93, AVENUE D IVRY;;;;750
47911;201300053189;13;8;20;1410;1;2;5;1.0;7;113;135, RUE DE TOLBIAC;;;;750
47912;201300053190;13;8;23;505;2;2;3;1.0;6;113;BOULEVARD AUGUSTE BLANQU;;;;750
47913;201300053191;13;8;24;1730;1;2;1;1.0;6;113;15, RUE VERGNIAUD;;;;750
47914;201300053192;13;8;25;1555;1;2;3;2.0;2;113;QUAI FRANCOIS MAURIAC;;;;750
47915;201300053193;13;8;25;2150;5;2;3;1.0;1;113;AVENUE DE LA SOEUR ROSAL;;;;750
47916;201300053194;13;8;27;1620;1;2;1;1.0;6;113;75, AVENUE D IVRY;;;;750
47917;201300053195;13;8;29;1945;1;2;1;1.0;3;113;40, BOULEVARD AUGUSTE BL;;;;750
47918;201300053196;13;8;30;1300;1;2;5;1.0;3;113;111, RUE DE TOLBIAC;;;;750
47919;201300053197;13;9;3;1030;1;2;2;1.0;6;113;69, AVENUE DES GOBELINS;;;;750
47920;201300053198;13;9;6;850;1;2;2;2.0;3;105;21, BOULEVARD SAINT MICH;;;;750
47921;201300053199;13;9;6;1750;1;2;3;1.0;6;113;29, BOULEVARD MASSENA;;;;750
47922;201300053200;13;9;8;1915;1;2;2;1.0;1;113;RUE JEANNE D ARC;;;;750
47923;201300053201;13;9;10;820;1;2;1;1.0;6;113;134, BOULEVARD MASSENA;;;;750
47924;201300053202;13;9;9;2000;2;2;5;2.0;6;113;3, RUE NATIONALE;;;;750
47925;201300053203;13;9;10;2310;5;2;2;1.0;7;113;39, RUE DE L ESPERANCE;;;;750
47926;201300053204;13;9;12;755;1;2;1;2.0;7;113;208, RUE DE TOLBIAC;;;;750
47927;201300053205;13;9;12;1307;1;2;2;1.0;7;113;21, RUE NEUVE TOLBIAC;;;;750
47928;201300053206;13;9;13;1140;1;2;1;2.0;3;113;20, AVENUE D IVRY;;;;750
47929;201300053208;13;9;13;1620;1;2;7;1.0;3;113;S-8791, PLACE D ITALIE;;;;750
47930;201300053209;13;9;13;1730;1;2;3;2.0;6;113;21, QUAI D AUSTERLITZ;;;;750
47931;201300053211;13;9;14;2305;5;2;1;3.0;3;113;47, QUAI D AUSTERLITZ;;;;750
47932;201300053212;13;9;15;1600;1;2;2;1.0;3;113;25-27, BOULEVARD ARAGO;;;;750
47933;201300053214;13;9;16;1820;1;2;1;2.0;3;113;63, BOULEVARD KELLERMANN;;;;750
47934;201300053215;13;9;19;1420;1;2;2;1.0;1;113;14, RUE MAX JACOB;;;;750
47935;201300053216;13;9;20;625;5;2;2;1.0;3;113;9, RUE DE TOLBIAC;;;;750
47936;201300053217;13;9;20;1410;1;2;1;1.0;3;113;83, BOULEVARD DE L HOPIT;;;;750
47937;201300053218;13;9;20;1645;1;2;3;1.0;3;113;59, RUE DE L AMIRAL MOUC;;;;750
47938;201300053220;13;9;22;1720;1;2;1;1.0;3;113;134, AVENUE D ITALIE;;;;750
47939;201300053221;13;9;23;955;1;2;3;1.0;6;113;110, AVENUE D ITALIE;;;;750
47940;201300053222;13;9;24;900;1;2;5;1.0;3;113;1, AVENUE PIERRE MENDES;;;;750
47941;201300053224;13;9;25;1325;1;2;1;1.0;6;113;100, RUE DE LA GLACIERE;;;;750
47942;201300053225;13;9;25;1425;1;2;1;1.0;2;113;93, RUE JEANNE D ARC;;;;750
47943;201300053226;13;9;25;1335;1;2;3;1.0;6;113;RUE DE PATAY;;;;750
47944;201300053227;13;9;25;1800;1;2;3;1.0;1;113;QUAI FRANCOIS MAURIAC;;;;750
47945;201300053228;13;9;26;1440;1;2;3;1.0;2;113;RUE CHARLES LEROY;;;;750
47946;201300053229;13;9;27;1230;1;2;5;1.0;6;113;43, BOULEVARD SAINT MARC;;;;750
47947;201300053230;13;9;27;1415;1;2;4;1.0;6;113;14, RUE DE LA MAISON BLA;;;;750
47948;201300053231;13;9;28;20;5;2;2;1.0;1;113;RUE DE TOLBIAC;;;;750
47949;201300053232;13;9;28;435;5;2;2;2.0;6;113;86, AVENUE D ITALIE;;;;750
47950;201300053233;13;9;29;530;5;2;2;2.0;7;113;BOULEVARD MASSENA;;;;750
47951;201300053234;13;9;30;1005;1;2;3;1.0;2;113;1, AVENUE DE LA PORTE DE;;;;750
47952;201300053235;13;10;1;1505;1;2;3;1.0;6;113;22, BOULEVARD VINCENT AU;;;;750
47953;201300053236;13;10;2;2025;5;2;2;1.0;2;113;61, AVENUE D ITALIE;;;;750
47954;201300053237;13;10;3;730;1;2;2;1.0;1;113;64, RUE DE TOLBIAC;;;;750
47955;201300053238;13;10;3;1340;1;2;7;1.0;3;113;PLACE D ITALIE;;;;750
47956;201300053239;13;10;3;1430;1;2;1;1.0;2;113;28, AVENUE DES GOBELINS;;;;750
47957;201300053240;13;10;4;725;2;2;4;1.0;6;113;61, RUE DE LA GLACIERE;;;;750
47958;201300053241;13;10;4;1240;1;2;3;1.0;6;113;55, RUE DE TOLBIAC;;;;750
47959;201300053242;13;10;4;2250;5;2;1;1.0;7;113;BOULEVARD PERIPHERIQUE;;;;750
47960;201300053243;13;10;6;2320;5;2;2;1.0;6;113;0, AVENUE PIERRE DE COUB;;;;750
47961;201300053244;13;10;7;800;1;2;2;1.0;1;113;115, AVENUE DE FRANCE;;;;750
47962;201300053245;13;10;7;2010;5;2;2;1.0;6;113;1, BOULEVARD VINCENT AUR;;;;750
47963;201300053246;13;10;7;2220;5;2;2;1.0;6;113;BOULEVARD MASSENA;;;;750
47964;201300053248;13;10;10;1215;1;2;1;1.0;6;113;BOULEVARD MASSENA;;;;750
47965;201300053250;13;10;11;750;1;2;1;2.0;6;113;25, QUAI PANHARD ET LEVA;;;;750
47966;201300053251;13;10;11;1135;1;2;2;3.0;2;113;115, BOULEVARD VINCENT A;;;;750
47967;201300053252;13;10;11;1620;1;2;5;1.0;3;113;BOULEVARD MASSENA;;;;750
47968;201300053253;13;10;12;130;5;2;1;2.0;6;113;BOULEVARD AUGUSTE BLANQU;;;;750
47969;201300053254;13;10;12;1525;1;2;3;1.0;3;113;178 bis, AVENUE D ITALIE;;;;750
47970;201300053256;13;10;15;2030;5;2;1;1.0;6;113;12, BOULEVARD ARAGO;;;;750
47971;201300053257;13;10;15;2110;5;2;1;1.0;7;113;BOULEVARD PERIPHERIQUE I;;;;750
47972;201300053258;13;10;18;915;1;2;1;1.0;7;113;21, AVENUE DE LA PORTE D;;;;750
47973;201300053259;13;10;19;1815;5;2;4;1.0;2;113;1, RUE CHARLES LEROY;;;;750
47974;201300053260;13;10;20;2320;5;2;3;1.0;7;113;56, BOULEVARD AUGUSTE BL;;;;750
47975;201300053261;13;10;21;1615;2;2;1;1.0;6;113;77, AVENUE D ITALIE;;;;750
47976;201300053262;13;10;22;830;1;2;2;1.0;3;113;48, BOULEVARD ARAGO;;;;750
47977;201300053263;13;10;22;1110;1;2;2;1.0;3;113;BOULEVARD MASSENA;;;;750
47978;201300053264;13;10;22;1610;1;2;2;1.0;3;113;77, RUE BOBILLOT;;;;750
47979;201300053265;13;10;9;1135;1;2;1;1.0;3;113;66, BOULEVARD DE L HOPIT;;;;750
47980;201300053266;13;10;25;1320;1;2;2;1.0;3;113;1, RUE NEUVE TOLBIAC;;;;750
47981;201300053267;13;10;25;1915;5;2;1;2.0;6;113;BOULEVARD DE L HOPITAL;;;;750
47982;201300053268;13;10;25;1940;5;2;3;2.0;6;113;174, AVENUE DE FRANCE;;;;750
47983;201300053270;13;10;28;920;1;2;1;1.0;6;113;166, RUE DE TOLBIAC;;;;750
47984;201300053271;13;10;30;845;1;2;1;1.0;2;113;32, AVENUE DES GOBELINS;;;;750
47985;201300053272;13;10;30;1245;1;2;1;1.0;2;113;99-101, AVENUE D IVRY;;;;750
47986;201300053273;13;10;30;2015;5;2;7;1.0;3;113;30, PLACE D ITALIE;;;;750
47987;201300053274;13;10;31;825;1;2;1;1.0;7;113;20, BOULEVARD MASSENA;;;;750
47988;201300053275;13;10;31;1455;1;2;2;1.0;3;113;34, AVENUE DES GOBELINS;;;;750
47989;201300053276;13;10;31;1450;1;2;2;1.0;6;113;55, RUE BARRAULT;;;;750
47990;201300053277;13;11;1;215;5;2;2;2.0;6;113;5, BOULEVARD DE L HOPITA;;;;750
47991;201300053278;13;11;1;1345;1;2;2;2.0;3;113;213, RUE DE TOLBIAC;;;;750
47992;201300053279;13;11;1;1725;5;2;7;2.0;6;113;1, RUE LACHELIER;;;;750
47993;201300053280;13;11;2;800;1;2;3;2.0;3;113;74, RUE JEANNE D ARC;;;;750
47994;201300053281;13;11;4;635;5;2;1;2.0;7;113;83, BOULEVARD DE L HOPIT;;;;750
47995;201300053283;13;11;5;1545;1;2;3;2.0;7;113;57, AVENUE DES GOBELINS;;;;750
47996;201300053285;13;11;6;845;1;2;5;1.0;3;113;2, RUE DE LA BUTTE AUX C;;;;750
47997;201300053286;13;11;6;815;1;2;1;1.0;3;113;16, BOULEVARD KELLERMANN;;;;750
47998;201300053288;13;11;9;1115;1;2;1;1.0;6;113;19, RUE CHARCOT;;;;750
47999;201300053289;13;11;9;1500;1;2;2;2.0;7;113;56, BOULEVARD KELLERMANN;;;;750
48000;201300053290;13;11;9;1800;5;2;4;3.0;6;113;14, RUE DE LA MAISON BLA;;;;750
48001;201300053292;13;11;12;2130;5;2;1;2.0;6;113;4, BOULEVARD VINCENT AUR;;;;750
48002;201300053293;13;11;13;1025;1;2;1;1.0;2;113;40, BOULEVARD ARAGO;;;;750
48003;201300053294;13;11;13;1415;1;2;3;1.0;2;113;BOULEVARD KELLERMANN;;;;750
48004;201300053295;13;11;13;1500;1;2;1;1.0;3;113;21, AVENUE PIERRE DE COU;;;;750
48005;201300053296;13;11;14;1600;1;2;3;1.0;3;113;106, RUE NATIONALE;;;;750
48006;201300053297;13;11;14;1820;5;2;1;2.0;7;113;BOULEVARD PERIPHERIQUE;;;;750
48007;201300053298;13;11;15;1545;1;2;3;1.0;6;113;61, AVENUE DE CHOISY;;;;750
48008;201300053299;13;11;16;1445;1;2;2;1.0;2;113;2, RUE VERGNIAUD;;;;750
48009;201300053300;13;11;17;1020;1;2;1;1.0;7;113;15, RUE BARRAULT;;;;750
48010;201300053301;13;11;17;2055;5;2;1;1.0;6;113;42, RUE DE TOLBIAC;;;;750
48011;201300053302;13;11;19;1025;1;2;2;1.0;3;113;77, RUE BOBILLOT;;;;750
48012;201300053303;13;11;20;1345;1;2;1;1.0;6;113;6, BOULEVARD AUGUSTE BLA;;;;750
48013;201300053304;13;11;20;1740;3;2;5;2.0;6;113;BOULEVARD MASSENA;;;;750
48014;201300053305;13;11;21;640;5;2;3;2.0;2;113;21, QUAI D AUSTERLITZ;;;;750
48015;201300053306;13;11;21;845;1;2;2;1.0;3;113;123, AVENUE DE CHOISY;;;;750
48016;201300053307;13;11;23;1747;5;2;2;1.0;2;113;75, BOULEVARD MASSENA;;;;750
48017;201300053308;13;11;25;1930;5;2;2;1.0;2;113;2, BOULEVARD VINCENT AUR;;;;750
48018;201300053309;13;11;27;1400;1;2;2;1.0;7;113;233, RUE DE TOLBIAC;;;;750
48019;201300053311;13;11;28;1755;2;2;1;8.0;4;113;23, QUAI D AUSTERLITZ;;;;750
48020;201300053312;13;11;29;1710;5;2;2;2.0;6;113;BOULEVARD DU GENERAL JEA;;;;750
48021;201300053313;13;11;30;1735;2;2;2;8.0;6;113;98, BOULEVARD DE L HOPIT;;;;750
48022;201300053314;13;12;1;1600;1;2;4;1.0;3;113;PORTE D ITALIE;;;;750
48023;201300053315;13;12;3;820;1;2;2;1.0;6;113;173, RUE DE TOLBIAC;;;;750
48024;201300053316;13;12;3;1935;3;2;2;1.0;2;113;93, AVENUE DE FRANCE;;;;750
48025;201300053317;13;12;5;1610;1;2;2;1.0;6;113;44, AVENUE DE LA PORTE D;;;;750
48026;201300053319;13;12;7;240;5;2;5;1.0;3;113;QUAI D IVRY;;;;750
48027;201300053320;13;12;8;1939;5;2;1;1.0;6;113;56, BOULEVARD KELLERMANN;;;;750
48028;201300053321;13;12;8;2010;5;2;2;1.0;1;113;23, AVENUE DE LA PORTE D;;;;750
48029;201300053322;13;12;13;1200;1;2;5;1.0;6;113;49, RUE AUGUSTE LANCON;;;;750
48030;201300053323;13;12;13;1910;5;2;3;2.0;7;113;72, RUE DE TOLBIAC;;;;750
48031;201300053325;13;12;14;1300;1;2;2;1.0;6;113;7, BOULEVARD DU GENERAL;;;;750
48032;201300053326;13;12;14;1545;1;2;3;1.0;3;113;33, AVENUE DE CHOISY;;;;750
48033;201300053327;13;12;14;2120;5;2;2;1.0;3;113;7, RUE ELSA MORANTE;;;;750
48034;201300053328;13;12;15;1900;5;2;1;1.0;2;113;BOULEVARD PERIPHERIQUE;;;;750
48035;201300053329;13;12;16;955;1;2;1;1.0;6;113;103, AVENUE DE FRANCE;;;;750
48036;201300053330;13;12;16;1240;1;2;2;1.0;3;113;RUE DE TOLBIAC;;;;750
48037;201300053332;13;12;17;1950;5;2;2;1.0;6;113;17, BOULEVARD VINCENT AU;;;;750
48038;201300053333;13;12;19;1500;1;2;2;1.0;1;113;53, BOULEVARD ARAGO;;;;750
48039;201300053334;13;12;20;125;5;2;4;1.0;7;113;QUAI D IVRY;;;;750
48040;201300053335;13;12;20;1330;1;2;2;1.0;3;113;2, RUE NEUVE TOLBIAC;;;;750
48041;201300053336;13;12;20;1805;5;2;5;1.0;6;113;51, AVENUE DE LA PORTE D;;;;750
48042;201300053337;13;12;20;1820;4;2;1;1.0;3;113;195, AVENUE DE CHOISY;;;;750
48043;201300053338;13;12;20;2045;5;2;3;1.0;3;113;15, AVENUE DE LA PORTE D;;;;750
48044;201300053339;13;12;22;105;5;2;3;1.0;6;113;77, BOULEVARD SAINT MARC;;;;750
48045;201300053340;13;12;23;1250;1;2;2;1.0;3;113;15, BOULEVARD MASSENA;;;;750
48046;201300053341;13;12;23;1655;1;2;1;2.0;6;113;PLACE JEANNE D ARC;;;;750
48047;201300053342;13;12;25;2015;5;2;3;3.0;4;113;88, AVENUE D ITALIE;;;;750
48048;201300053343;13;12;27;1722;5;2;2;2.0;1;113;BOULEVARD MASSENA;;;;750
48049;201300053344;13;12;29;700;5;2;3;1.0;3;113;83, BOULEVARD DE L HOPIT;;;;750
48050;201300053345;13;12;29;1305;1;2;1;2.0;2;113;55, AVENUE D IVRY;;;;750
48051;201300053346;13;12;30;1140;1;2;2;1.0;6;113;BOULEVARD KELLERMANN;;;;750
48052;201300053347;13;1;3;950;1;2;1;2.0;6;114;11, RUE DES ARBUSTES;;;;750
48053;201300053349;13;1;7;1005;1;2;3;1.0;3;114;11bis, RUE D ALESIA;;;;750
48054;201300053350;13;1;7;1415;1;2;7;1.0;6;114;PLACE DU VINGT CINQ AOUT;;;;750
48055;201300053351;13;1;9;1330;1;2;5;2.0;3;114;INC, BOULEVARD DU MONTPA;;;;750
48056;201300053352;13;1;4;245;5;2;1;1.0;2;114;PLACE DU VINGT CINQ AOUT;;;;750
48057;201300053353;13;1;11;755;2;2;5;1.0;3;114;54, AVENUE DU MAINE;;;;750
48058;201300053354;13;1;11;1050;1;2;2;1.0;3;114;RUE GASSENDI;;;;750
48059;201300053355;13;1;12;1745;5;2;1;1.0;4;114;6, PLACE DU VINGT CINQ A;;;;750
48060;201300053356;13;1;14;1940;5;2;3;4.0;3;114;212, RUE RAYMOND LOSSERA;;;;750
48061;201300053357;13;1;17;1455;1;2;2;1.0;3;114;RUE GASSENDI;;;;750
48062;201300053358;13;1;18;1640;1;2;4;1.0;2;114;BOULEVARD PERIPHERIQUE;;;;750
48063;201300053359;13;1;18;1930;3;2;1;4.0;6;114;125, BOULEVARD ROMAIN RO;;;;750
48064;201300053360;13;1;21;1830;5;2;5;4.0;3;114;AVENUE DE L OBSERVATOIRE;;;;750
48065;201300053361;13;1;22;1424;1;2;3;4.0;3;114;RUE EMILE FAGUET;;;;750
48066;201300053362;13;1;23;1240;1;2;1;1.0;4;114;BOULEVARD PERIPHERIQUE;;;;750
48067;201300053363;13;1;30;1950;5;2;2;1.0;3;107;252, BOULEVARD SAINT GER;;;;750
48068;201300053364;13;2;1;1545;1;2;7;2.0;6;114;3, PLACE DENFERT ROCHERE;;;;750
48069;201300053365;13;2;1;1820;2;2;7;2.0;6;114;0, AVENUE DENFERT ROCHER;;;;750
48070;201300053366;13;2;3;1030;1;2;1;1.0;3;114;63 BIS, RUE DE LA TOMBE;;;;750
48071;201300053367;13;2;3;1702;1;2;1;8.0;4;114;1, AVENUE DE LA PORTE DE;;;;750
48072;201300053369;13;2;4;645;5;2;3;1.0;6;114;RUE JULIA BARTET;;;;750
48073;201300053373;13;2;7;820;1;2;3;2.0;6;114;15, AVENUE DU GENERAL LE;;;;750
48074;201300053374;13;2;7;1245;1;2;1;1.0;3;114;8, RUE EMILE DEUTSCH DE;;;;750
48075;201300053375;13;2;8;1920;4;2;3;2.0;6;114;AVENUE REILLE;;;;750
48076;201300053377;13;2;9;1040;1;2;1;8.0;3;114;80, AVENUE DU GENERAL LE;;;;750
48077;201300053378;13;2;10;1200;1;2;3;4.0;2;114;70, AVENUE DENFERT ROCHE;;;;750
48078;201300053380;13;2;15;1650;1;2;1;1.0;7;114;14, BOULEVARD ADOLPHE PI;;;;750
48079;201300053381;13;2;16;925;1;2;2;1.0;3;114;0, BOULEVARD BRUNE;;;;750
48080;201300053382;13;2;18;940;1;2;5;1.0;6;114;77 ter, RUE DE LA TOMBE;;;;750
48081;201300053383;13;2;20;1850;5;2;1;1.0;6;114;64, RUE DU DEPART;;;;750
48082;201300053384;13;2;21;940;1;2;3;1.0;2;114;132, AVENUE DU GENERAL L;;;;750
48083;201300053385;13;2;22;1030;1;2;3;1.0;6;114;01, RUE CAMPAGNE PREMIER;;;;750
48084;201300053386;13;2;23;710;5;2;1;1.0;6;114;71, AVENUE DU GENERAL LE;;;;750
48085;201300053387;13;2;26;1150;1;2;2;1.0;2;114;15, AVENUE RENE COTY;;;;750
48086;201300053388;13;2;28;1750;1;2;3;8.0;6;114;134, RUE D ALESIA;;;;750
48087;201300053389;13;2;28;1920;5;2;3;1.0;2;114;2, AVENUE DE LA PORTE DE;;;;750
48088;201300053390;13;2;28;2105;3;2;1;1.0;7;114;34, RUE DU COMMANDANT RE;;;;750
48089;201300053391;13;3;1;225;5;2;2;1.0;2;114;19, RUE FROIDEVAUX;;;;750
48090;201300053392;13;3;3;1054;1;2;5;1.0;2;114;1, AVENUE DE LA PORTE D;;;;750
48091;201300053393;13;3;8;1205;1;2;2;2.0;7;114;32, RUE GASSENDI;;;;750
48092;201300053394;13;3;8;1530;1;2;2;2.0;6;115;71, BOULEVARD DU MONTPAR;;;;750
48093;201300053395;13;3;12;615;2;2;1;4.0;7;114;94, RUE DE LA TOMBE ISSO;;;;750
48094;201300053396;13;3;12;1654;1;2;3;4.0;6;114;56, AVENUE DU MAINE;;;;750
48095;201300053397;13;3;14;425;5;2;1;1.0;6;114;118, AVENUE DU MAINE;;;;750
48096;201300053398;13;3;14;1440;1;2;2;1.0;3;114;RUE D ALESIA;;;;750
48097;201300053399;13;3;17;15;5;2;4;1.0;6;114;RUE DE LA LEGION ETRANGE;;;;750
48098;201300053400;13;3;19;1845;1;2;2;2.0;5;114;AVENUE DE L OBSERVATOIRE;;;;750
48099;201300053401;13;3;21;650;2;2;1;1.0;6;114;66, RUE DE LA TOMBE ISSO;;;;750
48100;201300053402;13;3;21;730;1;2;4;1.0;2;114;171, AVENUE DU MAINE;;;;750
48101;201300053404;13;3;23;2125;3;2;7;1.0;6;114;PLACE DENFERT ROCHEREAU;;;;750
48102;201300053405;13;3;24;710;1;2;2;1.0;3;114;AVENUE DE LA PORTE DE CH;;;;750
48103;201300053406;13;3;25;935;1;2;1;1.0;3;114;21, RUE EDOUARD JACQUES;;;;750
48104;201300053407;13;3;25;1405;1;2;2;1.0;3;114;84, BOULEVARD DU MONTPAR;;;;750
48105;201300053408;13;3;28;1950;5;2;1;1.0;3;114;86, BOULEVARD ARAGO;;;;750
48106;201300053410;13;3;30;1625;1;2;3;8.0;2;114;55, RUE DE LA TOMBE ISSO;;;;750
48107;201300053411;13;4;2;2020;5;2;1;1.0;6;114;100, AVENUE DU GENERAL L;;;;750
48108;201300053412;13;4;4;835;1;2;4;1.0;7;114;245, BOULEVARD RASPAIL;;;;750
48109;201300053413;13;4;4;1520;1;2;3;2.0;6;114;2, RUE DU GENERAL HUMBER;;;;750
48110;201300053415;13;4;7;2045;5;2;7;1.0;3;114;2, RUE FROIDEVAUX;;;;750
48111;201300053416;13;4;12;1345;1;2;1;1.0;3;114;27, RUE DAREAU;;;;750
48112;201300053417;13;4;15;458;5;2;1;1.0;6;114;102, BOULEVARD DU MONTPA;;;;750
48113;201300053418;13;4;15;900;1;2;4;2.0;6;114;52, BOULEVARD SAINT JACQ;;;;750
48114;201300053419;13;4;15;1805;1;2;2;1.0;3;114;178, AVENUE DU MAINE;;;;750
48115;201300053420;13;4;17;1530;1;2;5;1.0;6;114;2, BOULEVARD EDGAR QUINE;;;;750
48116;201300053421;13;4;17;1600;1;2;2;1.0;6;114;38, RUE D ALESIA;;;;750
48117;201300053422;13;4;19;1520;1;2;4;2.0;6;114;141, AVENUE DU MAINE;;;;750
48118;201300053425;13;4;20;1750;1;2;3;1.0;6;114;156, RUE RAYMOND LOSSERA;;;;750
48119;201300053426;13;4;23;1200;1;2;1;1.0;6;114;9, RUE JEAN ZAY;;;;750
48120;201300053427;13;4;23;1345;1;2;4;1.0;6;114;136, AVENUE DU MAINE;;;;750
48121;201300053428;13;4;23;1430;1;2;3;1.0;2;114;100, RUE DE LA SANTE;;;;750
48122;201300053429;13;4;24;1345;1;2;5;1.0;6;114;194, RUE D ALESIA;;;;750
48123;201300053430;13;4;25;1350;1;2;7;1.0;3;114;PLACE DE CATALOGNE;;;;750
48124;201300053431;13;5;9;1930;1;2;2;1.0;6;114;139, BOULEVARD BRUNE;;;;750
48125;201300053432;13;5;10;1740;1;2;1;1.0;6;114;7, AVENUE DE LA PORTE DE;;;;750
48126;201300053433;13;5;11;1215;1;2;4;1.0;6;114;118, AVENUE DU MAINE;;;;750
48127;201300053434;13;5;13;1020;1;2;5;1.0;3;114;16, RUE RAYMOND LOSSERAN;;;;750
48128;201300053435;13;5;14;1226;1;2;1;1.0;3;114;185, AVENUE DU MAINE;;;;750
48129;201300053436;13;5;17;15;5;2;5;1.0;6;114;61, RUE D ALESIA;;;;750
48130;201300053437;13;5;16;1720;1;2;7;2.0;7;114;PLACE VICTOR BASCH;;;;750
48131;201300053438;13;5;19;2145;5;2;3;2.0;6;114;44, RUE DAGUERRE;;;;750
48132;201300053439;13;5;18;2212;5;2;7;2.0;6;114;8, PLACE DE LA PORTE DE;;;;750
48133;201300053440;13;5;21;905;1;2;4;2.0;3;114;206, BOULEVARD RASPAIL;;;;750
48134;201300053441;13;5;21;1840;1;2;4;2.0;2;114;1, AVENUE DE LA PORTE DE;;;;750
48135;201300053442;13;5;22;1945;1;2;7;2.0;6;114;85, AVENUE DENFERT ROCHE;;;;750
48136;201300053443;13;5;23;930;1;2;4;1.0;4;114;52, BOULEVARD SAINT JACQ;;;;750