;Num_Acc;an;mois;jour;hrmn;lum;agg;int;atm;col;com;adr;gps;lat;long;dep
48137;201300053444;13;5;24;1515;1;2;2;2.0;3;114;207, RUE D ALESIA;;;;750
48138;201300053445;13;5;25;1025;1;2;1;1.0;2;114;114, AVENUE DU GENERAL L;;;;750
48139;201300053446;13;5;27;1635;1;2;1;1.0;5;114;12, BOULEVARD SAINT JACQ;;;;750
48140;201300053447;13;5;28;1725;1;2;3;1.0;3;114;, AVENUE DU GENERAL LECL;;;;750
48141;201300053448;13;5;29;1;5;2;2;1.0;6;114;38 bis, RUE GASSENDI;;;;750
48142;201300053449;13;5;30;1040;1;2;5;1.0;1;114;30, RUE D ALESIA;;;;750
48143;201300053450;13;6;2;1355;1;2;4;1.0;3;114;AVENUE DE LA PORTE D ORL;;;;750
48144;201300053452;13;6;4;835;1;2;1;1.0;3;114;31, RUE D ALESIA;;;;750
48145;201300053453;13;6;4;740;1;2;2;1.0;3;114;1, AVENUE DU DOCTEUR LAN;;;;750
48146;201300053454;13;6;4;1500;1;2;4;1.0;6;114;69, RUE D ALESIA;;;;750
48147;201300053455;13;6;5;1005;1;2;2;1.0;6;114;31, AVENUE ERNEST REYER;;;;750
48148;201300053456;13;6;5;1350;1;2;2;7.0;6;114;41, RUE PAUL FORT;;;;750
48149;201300053457;13;6;5;1650;1;2;7;1.0;7;114;0, PLACE DE CATALOGNE;;;;750
48150;201300053458;13;6;5;1925;1;2;3;1.0;6;114;01, RUE HIPPOLYTE MAINDR;;;;750
48151;201300053459;13;6;5;1300;1;2;2;1.0;6;114;121, AVENUE DU GENERAL L;;;;750
48152;201300053460;13;6;6;900;1;2;1;1.0;5;114;291, BOULEVARD RASPAIL;;;;750
48153;201300053462;13;6;7;1045;1;2;3;1.0;3;114;1, BOULEVARD ADOLPHE PIN;;;;750
48154;201300053463;13;6;7;1645;1;2;4;1.0;3;114;1, AVENUE PIERRE MASSE;;;;750
48155;201300053464;13;6;12;1920;1;2;3;8.0;6;114;5, RUE JACQUIER;;;;750
48156;201300053465;13;6;13;2230;5;2;4;1.0;6;114;188, AVENUE DU MAINE;;;;750
48157;201300053466;13;6;14;1600;1;2;1;1.0;6;114;37, RUE DU DEPART;;;;750
48158;201300053467;13;6;15;1645;1;2;2;1.0;3;114;170, RUE D ALESIA;;;;750
48159;201300053468;13;6;15;1754;1;2;1;1.0;6;114;158, AVENUE DU MAINE;;;;750
48160;201300053469;13;6;18;1810;1;2;2;1.0;7;114;145, BOULEVARD BRUNE;;;;750
48161;201300053470;13;6;19;2240;5;2;2;1.0;6;114;170, RUE D ALESIA;;;;750
48162;201300053471;13;6;20;800;1;2;7;3.0;3;114;1, PLACE DU VINGT CINQ A;;;;750
48163;201300053472;13;6;20;850;1;2;3;2.0;6;114;213, BOULEVARD RASPAIL;;;;750
48164;201300053473;13;6;20;1045;1;2;2;2.0;1;114;60, BOULEVARD BRUNE;;;;750
48165;201300053474;13;6;20;1830;1;2;1;1.0;6;114;61, RUE VERCINGETORIX;;;;750
48166;201300053475;13;6;21;1055;1;2;2;1.0;3;114;143, BOULEVARD ROMAIN RO;;;;750
48167;201300053476;13;6;23;1350;1;2;2;1.0;3;114;174, AVENUE DU MAINE;;;;750
48168;201300053477;13;6;26;1845;1;2;1;1.0;6;114;54, RUE D ALESIA;;;;750
48169;201300053478;13;6;27;840;1;2;3;2.0;3;114;136, AVENUE DU MAINE;;;;750
48170;201300053479;13;6;28;1515;1;2;2;1.0;2;114;1, AVENUE DE LA PORTE D;;;;750
48171;201300053481;13;7;1;1030;1;2;1;1.0;3;114;BOULEVARD PERIPHERIQUE;;;;750
48172;201300053482;13;7;3;1541;1;2;5;1.0;3;114;1, BOULEVARD BRUNE;;;;750
48173;201300053483;13;7;5;900;1;2;1;1.0;3;114;78, AVENUE DU MAINE;;;;750
48174;201300053485;13;7;6;1935;1;2;1;1.0;3;114;105, AVENUE DU GENERAL L;;;;750
48175;201300053487;13;7;12;324;5;2;1;1.0;7;114;86, BOULEVARD ARAGO;;;;750
48176;201300053488;13;7;12;900;1;2;3;1.0;2;114;5ter, RUE D ALESIA;;;;750
48177;201300053489;13;7;12;700;1;2;4;1.0;6;114;218, AVENUE DU MAINE;;;;750
48178;201300053490;13;7;12;1130;1;2;1;1.0;6;114;44, AVENUE RENE COTY;;;;750
48179;201300053491;13;7;14;700;2;2;3;1.0;6;114;26, BOULEVARD BRUNE;;;;750
48180;201300053492;13;7;14;1630;1;2;2;1.0;2;114;AVENUE DU GENERAL LECLER;;;;750
48181;201300053494;13;7;15;840;1;2;1;1.0;6;114;26, AVENUE DE L OBSERVAT;;;;750
48182;201300053495;13;7;16;1445;1;2;4;1.0;3;114;AVENUE DE LA PORTE DE CH;;;;750
48183;201300053496;13;7;16;1940;1;2;1;1.0;6;114;BOULEVARD PERIPHERIQUE E;;;;750
48184;201300053497;13;7;17;1435;1;2;2;1.0;3;114;98bis, BOULEVARD ARAGO;;;;750
48185;201300053498;13;7;17;1435;1;2;4;1.0;2;114;266, BOULEVARD RASPAIL;;;;750
48186;201300053499;13;7;22;1405;1;2;3;1.0;3;114;191, AVENUE DU MAINE;;;;750
48187;201300053500;13;7;24;2305;5;2;7;1.0;3;114;201, BOULEVARD BRUNE;;;;750
48188;201300053501;13;7;28;2125;5;2;2;1.0;3;114;41-45, BOULEVARD ROMAIN;;;;750
48189;201300053502;13;7;29;1920;1;2;3;3.0;6;114;RUE D ALESIA;;;;750
48190;201300053503;13;7;29;2210;5;2;5;2.0;6;114;112, BOULEVARD DU MONTPA;;;;750
48191;201300053504;13;7;31;810;1;2;3;1.0;7;114;120bis, AVENUE DU GENERA;;;;750
48192;201300053505;13;8;4;2200;5;2;4;1.0;3;114;82, AVENUE DU GENERAL LE;;;;750
48193;201300053507;13;8;10;1750;1;2;1;1.0;7;114;6, RUE NANSOUTY;;;;750
48194;201300053508;13;8;13;1050;1;2;1;1.0;7;114;38, AVENUE JEAN MOULIN;;;;750
48195;201300053509;13;8;17;1855;1;2;1;1.0;6;114;02, AVENUE DE LA SIBELLE;;;;750
48196;201300053510;13;8;19;200;5;2;1;1.0;6;114;47, BOULEVARD JOURDAN;;;;750
48197;201300053511;13;8;19;1420;1;2;4;1.0;3;114;199, AVENUE DU MAINE;;;;750
48198;201300053512;13;8;20;55;5;2;2;1.0;6;114;AVENUE DU GENERAL LECLER;;;;750
48199;201300053513;13;8;21;2345;5;2;1;1.0;6;114;110, AVENUE DENFERT ROCH;;;;750
48200;201300053514;13;8;22;1725;1;2;2;1.0;3;114;0, RUE D ALESIA;;;;750
48201;201300053515;13;8;22;1905;1;2;3;1.0;3;114;15, AVENUE PAUL APPELL;;;;750
48202;201300053516;13;8;25;605;3;2;1;2.0;6;114;83, AVENUE DENFERT ROCHE;;;;750
48203;201300053517;13;8;27;830;1;2;5;1.0;2;114;11, RUE DE L OUEST;;;;750
48204;201300053518;13;8;28;910;1;2;2;1.0;6;114;135, BOULEVARD BRUNE;;;;750
48205;201300053519;13;8;29;955;1;2;7;1.0;7;114;11, AVENUE DU COLONEL HE;;;;750
48206;201300053520;13;8;29;955;1;2;1;1.0;2;116;BOULEVARD PERIPHERIQUE I;;;;750
48207;201300053521;13;8;30;1510;1;2;2;1.0;3;114;15, BOULEVARD ROMAIN ROL;A;0.0;0.0;750
48208;201300053522;13;8;31;900;1;2;1;8.0;2;114;29, AVENUE JEAN MOULIN;;;;750
48209;201300053523;13;9;1;1010;1;2;1;1.0;6;114;16, RUE CHARLES DIVRY;;;;750
48210;201300053524;13;9;4;910;1;2;1;1.0;4;114;BOULEVARD PERIPHERIQUE E;;;;750
48211;201300053525;13;9;6;1110;1;2;1;3.0;3;114;33, RUE DU COMMANDANT RE;;;;750
48212;201300053526;13;9;6;2140;5;2;5;1.0;4;114;BOULEVARD ROMAIN ROLLAND;;;;750
48213;201300053527;13;9;7;1120;1;2;5;1.0;1;115;AVENUE DE LA PORTE BRANC;;;;750
48214;201300053528;13;9;7;1920;2;2;5;1.0;6;114;203, RUE RAYMOND LOSSERA;;;;750
48215;201300053529;13;9;7;2240;5;2;2;1.0;2;114;BOULEVARD ARAGO;;;;750
48216;201300053530;13;9;9;1605;1;2;1;3.0;7;114;3, RUE D ALESIA;;;;750
48217;201300053531;13;9;12;2150;5;2;1;1.0;6;114;9, RUE DE LA LEGION ETRA;;;;750
48218;201300053532;13;9;16;1400;1;2;1;2.0;6;114;194, AVENUE DU MAINE;;;;750
48219;201300053533;13;9;16;1535;1;2;3;2.0;7;114;70 bis, AVENUE DENFERT R;;;;750
48220;201300053534;13;9;16;1640;1;2;1;1.0;3;114;98 bis, BOULEVARD ARAGO;;;;750
48221;201300053535;13;9;17;1845;1;2;1;2.0;3;114;37, RUE DU DEPART;;;;750
48222;201300053536;13;9;20;900;1;2;1;1.0;3;114;65 bis, AVENUE PAUL VAIL;;;;750
48223;201300053537;13;9;22;215;5;2;1;1.0;6;114;68, BOULEVARD DU MONTPAR;;;;750
48224;201300053538;13;9;23;1505;1;2;1;1.0;6;114;92, AVENUE DENFERT ROCHE;;;;750
48225;201300053539;13;9;23;1910;1;2;1;1.0;3;114;87, BOULEVARD ROMAIN ROL;;;;750
48226;201300053540;13;9;24;1745;1;2;7;1.0;6;114;AVENUE DU GENERAL LECLER;;;;750
48227;201300053541;13;9;26;400;5;2;3;1.0;6;114;33, BOULEVARD ROMAIN ROL;;;;750
48228;201300053542;13;9;26;920;1;2;1;1.0;6;114;SQUARE DE L ASPIRANT DUN;;;;750
48229;201300053543;13;9;26;1825;1;2;2;1.0;2;114;233, RUE D ALESIA;;;;750
48230;201300053544;13;9;27;1000;1;2;2;1.0;3;114;95, AVENUE DU MAINE;;;;750
48231;201300053546;13;9;28;2010;5;2;1;1.0;7;115;BOULEVARD LEFEBVRE;;;;750
48232;201300053547;13;9;29;13;5;2;5;2.0;3;114;1, AVENUE DE LA PORTE D;;;;750
48233;201300053548;13;9;29;1830;1;2;2;2.0;3;114;79, BOULEVARD BRUNE;;;;750
48234;201300053549;13;9;30;1645;1;2;3;1.0;2;114;4, AVENUE REILLE;;;;750
48235;201300053550;13;10;1;1355;1;2;7;1.0;6;114;134, BOULEVARD BRUNE;;;;750
48236;201300053551;13;10;2;1415;1;2;1;1.0;6;114;27, RUE DES PLANTES;;;;750
48237;201300053552;13;10;3;915;1;2;1;1.0;1;114;283, BOULEVARD RASPAIL;;;;750
48238;201300053553;13;10;4;2230;5;2;2;3.0;6;113;48, BOULEVARD ARAGO;;;;750
48239;201300053554;13;10;4;630;2;2;3;8.0;6;114;67, AVENUE DU GENERAL LE;;;;750
48240;201300053556;13;10;6;1730;1;2;1;1.0;6;114;92, AVENUE DENFERT ROCHE;;;;750
48241;201300053557;13;10;7;1545;1;2;1;1.0;2;114;198, RUE D ALESIA;;;;750
48242;201300053558;13;10;8;1000;1;2;1;1.0;6;114;41, RUE DE GERGOVIE;;;;750
48243;201300053559;13;10;8;1215;1;2;1;1.0;3;114;21-23, RUE FROIDEVAUX;;;;750
48244;201300053560;13;10;9;1930;2;2;3;2.0;1;114;7, RUE D ALESIA;;;;750
48245;201300053561;13;10;10;1900;2;2;7;8.0;6;114;87, RUE D ALESIA;;;;750
48246;201300053562;13;10;11;30;5;2;7;9.0;3;114;77, AVENUE DU GENERAL LE;;;;750
48247;201300053563;13;10;11;840;1;2;7;2.0;3;114;AVENUE DU GENERAL LECLER;;;;750
48248;201300053564;13;10;15;900;1;2;3;1.0;6;114;12, AVENUE DE LA PORTE D;;;;750
48249;201300053565;13;10;15;1015;1;2;5;1.0;3;114;AVENUE RENE COTY;;;;750
48250;201300053566;13;10;16;1350;1;2;2;2.0;7;114;2, RUE NANSOUTY;;;;750
48251;201300053567;13;10;17;1815;1;2;1;1.0;1;114;201, RUE RAYMOND LOSSERA;;;;750
48252;201300053568;13;10;17;2005;5;2;1;1.0;6;114;28, RUE DU FAUBOURG SAIN;;;;750
48253;201300053569;13;10;18;1050;1;2;3;8.0;6;114;65, RUE DE L OUEST;;;;750
48254;201300053570;13;10;18;1155;1;2;1;1.0;2;114;18, AVENUE DE LA PORTE D;;;;750
48255;201300053571;13;10;19;1212;1;2;7;1.0;3;114;AVENUE DU COLONEL HENRI;;;;750
48256;201300053572;13;10;21;1550;1;2;1;1.0;6;114;94, BOULEVARD DE PORT RO;;;;750
48257;201300053573;13;10;22;815;1;2;7;1.0;3;114;201, BOULEVARD BRUNE;;;;750
48258;201300053574;13;10;24;900;1;2;3;8.0;6;114;73, RUE D ALESIA;;;;750
48259;201300053575;13;10;25;115;5;2;1;2.0;3;114;104, AVENUE DU GENERAL L;;;;750
48260;201300053576;13;10;25;905;1;2;3;2.0;2;114;08, RUE NANSOUTY;;;;750
48261;201300053577;13;10;25;625;2;2;1;1.0;6;114;92, AVENUE DENFERT ROCHE;;;;750
48262;201300053578;13;10;26;1738;1;2;7;2.0;6;114;3, PLACE DENFERT ROCHERE;;;;750
48263;201300053579;13;10;26;2030;5;2;1;1.0;2;114;99, AVENUE DU GENERAL LE;;;;750
48264;201300053580;13;10;28;940;1;2;3;2.0;6;114;215, BOULEVARD RASPAIL;;;;750
48265;201300053581;13;11;1;750;2;2;1;2.0;6;114;19 bis, RUE MECHAIN;;;;750
48266;201300053582;13;11;1;1650;3;2;5;2.0;3;114;AVENUE DU MAINE;;;;750
48267;201300053583;13;11;2;1450;1;2;5;8.0;3;114;AVENUE DU MAINE;;;;750
48268;201300053585;13;11;3;1115;1;2;2;7.0;4;114;AVENUE DE LA PORTE D ORL;;;;750
48269;201300053586;13;11;3;1350;1;2;5;1.0;2;114;4, BOULEVARD BRUNE;;;;750
48270;201300053587;13;11;3;2020;5;2;3;1.0;6;114;16, RUE DE LA TOMBE ISSO;;;;750
48271;201300053588;13;11;3;2335;5;2;3;3.0;6;114;188, AVENUE DU MAINE;;;;750
48272;201300053589;13;11;5;850;1;2;1;3.0;6;114;70, RUE D ALESIA;;;;750
48273;201300053590;13;11;7;1515;1;2;4;1.0;3;114;213, BOULEVARD RASPAIL;;;;750
48274;201300053591;13;11;7;1940;5;2;5;2.0;6;114;80, RUE DE L AMIRAL MOUC;;;;750
48275;201300053592;13;11;8;1750;5;2;1;1.0;6;114;112, BOULEVARD DU MONTPA;;;;750
48276;201300053593;13;11;13;820;1;2;4;1.0;7;114;BOULEVARD PERIPHERIQUE;;;;750
48277;201300053594;13;11;14;1340;1;2;2;1.0;6;114;75, RUE DU FAUBOURG SAIN;;;;750
48278;201300053595;13;11;14;1505;2;2;1;1.0;6;114;36, RUE DES PLANTES;;;;750
48279;201300053596;13;11;14;1605;1;2;1;2.0;7;114;214, BOULEVARD RASPAIL;;;;750
48280;201300053597;13;11;14;2045;5;2;2;1.0;3;114;BOULEVARD SAINT JACQUES;;;;750
48281;201300053598;13;11;17;2110;5;2;1;1.0;6;114;9, RUE GAZAN;;;;750
48282;201300053599;13;11;18;1745;5;2;4;1.0;3;114;AVENUE DE LA PORTE DE CH;;;;750
48283;201300053601;13;11;22;915;1;2;1;1.0;3;114;100, BOULEVARD ARAGO;;;;750
48284;201300053602;13;11;25;1920;5;2;7;1.0;6;115;70, BOULEVARD DU MONTPAR;;;;750
48285;201300053603;13;11;26;1210;1;2;1;1.0;6;114;63, RUE DES PLANTES;;;;750
48286;201300053604;13;11;27;2025;4;2;3;1.0;3;114;84, RUE DIDOT;;;;750
48287;201300053605;13;11;28;1510;1;2;1;1.0;7;112;13, BOULEVARD PONIATOWSK;;;;750
48288;201300053606;13;11;28;1620;2;2;1;2.0;6;114;224, AVENUE DU MAINE;;;;750
48289;201300053607;13;11;29;2032;5;2;3;2.0;6;114;113, RUE D ALESIA;;;;750
48290;201300053608;13;11;30;2120;4;2;3;1.0;6;114;15, AVENUE DU GENERAL LE;;;;750
48291;201300053609;13;12;2;1705;5;2;2;1.0;6;114;61, BOULEVARD SAINT JACQ;;;;750
48292;201300053610;13;12;3;1515;1;2;2;1.0;6;114;170, RUE D ALESIA;;;;750
48293;201300053611;13;12;5;1010;1;2;3;1.0;2;114;63, AVENUE DENFERT ROCHE;;;;750
48294;201300053612;13;12;6;1745;5;2;1;1.0;6;114;79, AVENUE DENFERT ROCHE;;;;750
48295;201300053614;13;12;7;2300;5;2;2;1.0;7;114;7, RUE DESPREZ;;;;750
48296;201300053617;13;12;12;925;1;2;1;1.0;2;114;19, RUE D ODESSA;;;;750
48297;201300053619;13;12;12;1220;1;2;2;1.0;3;114;RUE JULIA BARTET;;;;750
48298;201300053620;13;12;14;1555;1;2;1;8.0;6;114;189, AVENUE DU MAINE;;;;750
48299;201300053621;13;12;16;2010;5;2;1;1.0;7;114;25, AVENUE DE LA PORTE D;;;;750
48300;201300053622;13;12;20;1600;2;2;3;7.0;6;114;1bis, BOULEVARD EDGAR QU;;;;750
48301;201300053623;13;12;23;1440;1;2;4;1.0;6;114;2, RUE POINSOT;;;;750
48302;201300053624;13;12;24;830;1;2;1;2.0;6;114;8, AVENUE RENE COTY;;;;750
48303;201300053625;13;12;24;1600;1;2;5;3.0;6;114;25, RUE DU DEPART;;;;750
48304;201300053626;13;12;24;1747;5;2;3;2.0;3;114;141, AVENUE DU MAINE;;;;750
48305;201300053627;13;12;25;200;5;2;1;2.0;6;114;133, RUE DE LA SANTE;;;;750
48306;201300053628;13;12;25;2055;4;2;1;2.0;3;114;121, AVENUE DU GENERAL L;;;;750
48307;201300053629;13;12;31;1215;1;2;4;2.0;3;114;139, AVENUE DU MAINE;;;;750
48308;201300053630;13;1;2;1645;1;2;3;1.0;3;115;35, RUE DE LA CROIX NIVE;;;;750
48309;201300053631;13;1;4;800;5;2;2;1.0;6;115;33, RUE LINOIS;;;;750
48310;201300053632;13;1;10;1400;1;2;4;2.0;7;115;11, AVENUE DU MAINE;;;;750
48311;201300053633;13;1;10;1535;1;2;7;2.0;2;115;3, RUE BALARD;;;;750
48312;201300053634;13;1;11;1830;5;2;1;2.0;7;115;24-26, RUE LOUIS ARMAND;;;;750
48313;201300053635;13;1;11;1940;5;2;3;2.0;3;115;21, AVENUE DU MAINE;;;;750
48314;201300053636;13;1;13;1935;3;2;1;2.0;6;115;15, RUE DE LA CONVENTION;;;;750
48315;201300053637;13;1;16;945;1;2;5;4.0;7;115;AVENUE DE LA PORTE DE LA;;;;750
48316;201300053638;13;1;16;1535;1;2;3;1.0;6;115;176, RUE DE LA CONVENTIO;;;;750
48317;201300053640;13;1;22;2200;5;2;5;2.0;6;115;1, AVENUE DE LA PORTE BR;;;;750
48318;201300053641;13;1;23;750;2;2;2;1.0;6;115;25, RUE DE VOUILLE;;;;750
48319;201300053642;13;1;24;950;1;2;2;1.0;3;115;45, AVENUE FELIX FAURE;;;;750
48320;201300053643;13;1;24;1530;1;2;1;1.0;6;115;35, BOULEVARD DE VAUGIRA;;;;750
48321;201300053644;13;1;24;1820;5;2;3;1.0;6;115;165, RUE DE LA CONVENTIO;;;;750
48322;201300053645;13;1;26;550;5;2;2;1.0;3;115;AVENUE DE SUFFREN;;;;750
48323;201300053646;13;1;26;1753;5;2;1;1.0;7;115;52, AVENUE DE LA MOTTE P;;;;750
48324;201300053647;13;1;27;250;5;2;1;1.0;6;115;52, BOULEVARD DE VAUGIRA;;;;750
48325;201300053648;13;1;27;1915;5;2;2;1.0;3;115;30, RUE DE L EGLISE;;;;750
48326;201300053649;13;1;28;1550;1;2;2;1.0;3;115;RUE LACORDAIRE;;;;750
48327;201300053650;13;1;30;115;5;2;5;2.0;6;115;BOULEVARD GENERAL MARTIA;;;;750
48328;201300053651;13;1;30;1150;1;2;1;3.0;6;115;RUE LOUIS ARMAND;;;;750
48329;201300053652;13;1;30;1445;1;2;5;8.0;7;115;152, RUE DE LA CONVENTIO;;;;750
48330;201300053653;13;1;31;1255;1;2;2;1.0;6;115;14, RUE OLIVIER DE SERRE;;;;750
48331;201300053654;13;2;2;1720;3;2;2;3.0;3;115;RUE PETEL;;;;750
48332;201300053655;13;2;4;1525;1;2;7;8.0;3;115;1, RUE BALARD;;;;750
48333;201300053656;13;2;4;1945;5;2;1;1.0;3;116;BOULEVARD PERIPHERIQUE I;;;;750
48334;201300053657;13;2;7;910;1;2;1;1.0;6;115;81, RUE FALGUIERE;;;;750
48335;201300053658;13;2;10;40;5;2;2;1.0;6;115;RUE DE VAUGIRARD;;;;750
48336;201300053660;13;2;13;1035;1;2;2;1.0;6;115;182, RUE DE LA CONVENTIO;;;;750
48337;201300053661;13;2;14;1900;5;2;2;2.0;3;115;352, RUE DE VAUGIRARD;;;;750
48338;201300053662;13;2;15;1255;1;2;2;1.0;3;115;200, RUE LECOURBE;;;;750
48339;201300053663;13;2;15;1600;1;2;1;1.0;6;115;2, BOULEVARD DE GRENELLE;;;;750
48340;201300053664;13;2;15;1540;1;2;1;1.0;3;115;27, AVENUE FELIX FAURE;;;;750
48341;201300053665;13;2;15;1410;1;2;2;1.0;6;115;32, BOULEVARD DU MONTPAR;;;;750
48342;201300053666;13;2;18;915;1;2;1;1.0;6;115;132, RUE SAINT CHARLES;;;;750
48343;201300053669;13;2;19;1530;1;2;2;1.0;6;115;154, RUE LECOURBE;;;;750
48344;201300053671;13;2;25;1105;1;2;2;1.0;6;115;32, RUE DU DOCTEUR FINLA;;;;750
48345;201300053672;13;2;25;1310;1;2;2;8.0;1;115;27, BOULEVARD VICTOR;;;;750
48346;201300053673;13;2;25;1945;5;2;2;2.0;6;115;347, RUE LECOURBE;;;;750
48347;201300053674;13;3;1;2040;5;2;1;1.0;3;115;355, RUE LECOURBE;;;;750
48348;201300053675;13;3;3;215;5;2;2;1.0;3;115;RUE DE VOUILLE;;;;750
48349;201300053676;13;3;4;845;1;2;2;1.0;7;115;33, BOULEVARD DE GRENELL;;;;750
48350;201300053677;13;3;4;1158;1;2;2;1.0;1;115;BOULEVARD LEFEBVRE;;;;750
48351;201300053678;13;3;4;1310;1;2;2;1.0;2;115;BOULEVARD DE GRENELLE;;;;750
48352;201300053679;13;3;5;830;1;2;1;1.0;6;115;15, RUE VALENTIN HAUY;;;;750
48353;201300053680;13;3;5;855;1;2;7;1.0;6;115;1, BOULEVARD LEFEBVRE;;;;750
48354;201300053681;13;3;6;1720;1;2;3;1.0;6;115;195, RUE DE VAUGIRARD;;;;750
48355;201300053682;13;3;8;1200;1;2;3;2.0;6;115;51, RUE DU THEATRE;;;;750
48356;201300053683;13;3;8;1930;5;2;3;2.0;6;115;68, RUE LECOURBE;;;;750
48357;201300053684;13;3;13;1420;1;2;1;1.0;6;115;239, RUE SAINT CHARLES;;;;750
48358;201300053685;13;3;20;1115;1;2;3;1.0;7;115;PLACE DES INSURGES DE VA;;;;750
48359;201300053687;13;3;23;2150;4;2;3;1.0;2;115;1, RUE DE JAVEL;;;;750
48360;201300053688;13;3;24;40;5;2;2;1.0;6;115;232, RUE DE VAUGIRARD;;;;750
48361;201300053689;13;3;25;1030;1;2;2;1.0;2;115;19, RUE DE L ABBE GROULT;;;;750
48362;201300053690;13;3;27;1145;1;2;1;1.0;6;115;08., AVENUE DU MAINE;;;;750
48363;201300053691;13;3;28;1135;1;2;5;8.0;3;107;33, QUAI D ORSAY;;;;750
48364;201300053692;13;3;31;1255;1;2;5;1.0;3;115;1, RUE LECOURBE;;;;750
48365;201300053693;13;4;2;1855;1;2;2;1.0;6;107;36, AVENUE BOSQUET;;;;750
48366;201300053694;13;4;6;1030;1;2;5;1.0;6;115;81, RUE DE LA CROIX NIVE;;;;750
48367;201300053695;13;4;7;1220;1;2;2;1.0;6;115;319, RUE DE VAUGIRARD;;;;750
48368;201300053696;13;4;10;1240;1;2;1;1.0;6;115;12, RUE PETEL;;;;750
48369;201300053697;13;4;10;1930;2;2;2;2.0;3;115;RUE DE LA CONVENTION;;;;750
48370;201300053698;13;4;11;850;1;2;1;1.0;6;115;285, RUE DE VAUGIRARD;;;;750
48371;201300053699;13;4;11;1000;1;2;1;1.0;2;115;74, RUE DU THEATRE;;;;750
48372;201300053700;13;4;12;2115;3;2;2;1.0;3;115;47, RUE DE LA CONVENTION;;;;750
48373;201300053701;13;4;16;1015;1;2;1;1.0;6;115;4, RUE ERNEST HEMINGWAY;;;;750
48374;201300053702;13;4;16;1725;1;2;1;1.0;3;115;30, BOULEVARD DE VAUGIRA;;;;750
48375;201300053703;13;4;16;2240;5;2;1;1.0;6;115;87, QUAI ANDRE CITROEN;;;;750
48376;201300053704;13;4;17;1725;1;2;1;1.0;6;115;02, RUE JACQUES BAUDRY;;;;750
48377;201300053705;13;4;20;1135;1;2;1;1.0;3;115;18, BOULEVARD DE GRENELL;;;;750
48378;201300053706;13;4;20;1210;1;2;1;1.0;3;115;19, AVENUE DU MAINE;;;;750
48379;201300053707;13;4;20;1130;1;2;2;1.0;6;115;52, AVENUE EMILE ZOLA;;;;750
48380;201300053708;13;4;21;2330;5;2;1;1.0;2;115;AVENUE DE LA PORTE DE SE;;;;750
48381;201300053709;13;4;22;1620;1;2;2;1.0;3;115;19, RUE PLUMET;;;;750
48382;201300053710;13;4;22;2110;5;2;1;1.0;6;115;08, RUE PERIGNON;;;;750
48383;201300053711;13;4;20;2215;5;2;2;1.0;3;115;50, RUE DE LA CONVENTION;;;;750
48384;201300053712;13;4;25;850;1;2;2;1.0;6;115;21, RUE LEON LHERMITTE;;;;750
48385;201300053714;13;4;26;1255;1;2;7;1.0;2;115;PLACE CHARLES VALLIN;;;;750
48386;201300053715;13;4;26;1715;1;2;2;2.0;2;115;197, RUE DE LA CROIX NIV;;;;750
48387;201300053716;13;5;3;1215;1;2;1;1.0;6;115;13, RUE NELATON;;;;750
48388;201300053719;13;5;4;2250;5;2;1;1.0;3;115;50, AVENUE DE LA MOTTE P;;;;750
48389;201300053720;13;5;5;1200;1;2;3;1.0;6;115;QUAI ANDRE CITROEN;;;;750
48390;201300053721;13;5;6;1320;1;2;1;2.0;6;115;116, BOULEVARD DE GRENEL;;;;750
48391;201300053722;13;5;7;715;1;2;4;1.0;6;115;88, AVENUE DE SUFFREN;;;;750
48392;201300053723;13;5;14;1155;1;2;1;1.0;4;115;PLACE DE LA REPUBLIQUE D;;;;750
48393;201300053724;13;5;17;1620;1;2;1;1.0;2;115;320, RUE LECOURBE;;;;750
48394;201300053726;13;5;20;2040;5;2;2;3.0;6;115;36, RUE DE DANTZIG;;;;750
48395;201300053727;13;5;21;1425;1;2;1;1.0;6;115;28, RUE LABROUSTE;;;;750
48396;201300053730;13;5;23;1940;2;2;1;2.0;6;115;QUAI BRANLY;;;;750
48397;201300053731;13;5;24;1225;1;2;1;2.0;6;115;47, RUE DE LOURMEL;;;;750
48398;201300053732;13;5;24;1940;1;2;1;2.0;6;115;79, RUE CAMBRONNE;;;;750
48399;201300053733;13;5;25;2015;1;2;1;1.0;3;115;136, AVENUE DE SUFFREN;;;;750
48400;201300053734;13;5;26;1855;1;2;4;1.0;3;115;AVENUE DE LA PORTE BRANC;;;;750
48401;201300053735;13;5;26;1945;1;2;2;1.0;6;115;15, RUE DE LA CONVENTION;;;;750
48402;201300053736;13;5;27;1000;1;2;1;1.0;2;115;55, AVENUE EMILE ZOLA;;;;750
48403;201300053737;13;5;29;1250;1;2;4;1.0;3;115;AVENUE DE LA PORTE BRANC;;;;750
48404;201300053738;13;5;30;1310;1;2;1;2.0;3;115;23, RUE DE CRONSTADT;;;;750
48405;201300053739;13;5;30;2140;5;2;1;3.0;2;115;149, RUE DE SEVRES;;;;750
48406;201300053741;13;5;31;1950;1;2;1;1.0;6;114;BOULEVARD PERIPHERIQUE E;;;;750
48407;201300053742;13;5;31;2035;1;2;3;1.0;1;115;146, RUE DE LA CROIX NIV;;;;750
48408;201300053743;13;5;31;2335;3;2;7;1.0;6;115;1, RUE CAMBRONNE;;;;750