;Num_Acc;an;mois;jour;hrmn;lum;agg;int;atm;col;com;adr;gps;lat;long;dep
48409;201300053744;13;6;1;1600;1;2;1;1.0;6;115;61, RUE DES MORILLONS;;;;750
48410;201300053745;13;6;3;920;1;2;1;1.0;3;115;103, QUAI BRANLY;;;;750
48411;201300053746;13;6;3;1150;1;2;2;1.0;3;115;XV-14868, QUAI D ISSY LE;;;;750
48412;201300053747;13;6;3;1415;1;2;2;1.0;6;115;RUE DU THEATRE;;;;750
48413;201300053748;13;6;4;1105;1;2;2;1.0;6;115;83, RUE DE LA CONVENTION;;;;750
48414;201300053749;13;6;4;1935;1;2;7;1.0;6;115;2, RUE DE LA CROIX NIVER;;;;750
48415;201300053750;13;6;5;1500;1;2;1;1.0;4;115;11, BOULEVARD DE GRENELL;;;;750
48416;201300053751;13;6;5;1630;1;2;1;1.0;2;115;25, RUE DE L ARRIVEE;;;;750
48417;201300053752;13;6;7;1420;1;2;7;1.0;3;115;7, ROND POINT DU PONT MI;;;;750
48418;201300053753;13;6;9;505;2;2;2;2.0;6;115;BOULEVARD GENERAL MARTIA;;;;750
48419;201300053754;13;6;9;1350;1;2;3;8.0;3;115;401, RUE DE VAUGIRARD;;;;750
48420;201300053755;13;6;10;1310;1;2;1;1.0;3;115;13, BOULEVARD GARIBALDI;;;;750
48421;201300053756;13;6;10;1740;1;2;2;1.0;1;115;01, AVENUE DE SUFFREN;;;;750
48422;201300053757;13;6;12;2135;5;2;3;1.0;6;115;37, RUE CAMBRONNE;;;;750
48423;201300053758;13;6;13;1120;1;2;1;2.0;6;115;22, RUE BLOMET;;;;750
48424;201300053759;13;6;13;1810;1;2;1;1.0;3;115;202, RUE DE LA CONVENTIO;;;;750
48425;201300053760;13;6;14;1805;1;2;1;1.0;6;115;14, RUE DU COMMERCE;;;;750
48426;201300053762;13;6;17;930;1;2;1;3.0;6;115;12, RUE DU HAMEAU;;;;750
48427;201300053763;13;6;17;1540;1;2;3;1.0;6;115;27, RUE CAUCHY;;;;750
48428;201300053764;13;6;18;1125;1;2;5;1.0;6;115;61, BOULEVARD DE GRENELL;;;;750
48429;201300053765;13;6;18;2040;1;2;3;1.0;3;115;21, RUE DU HAMEAU;;;;750
48430;201300053766;13;6;20;1650;1;2;3;1.0;6;115;79, RUE SAINT CHARLES;;;;750
48431;201300053767;13;6;21;1955;1;2;2;1.0;1;115;AVENUE DE LA PORTE BRANC;;;;750
48432;201300053768;13;6;22;1315;1;2;1;1.0;7;115;AVENUE DE LA PORTE DE SE;;;;750
48433;201300053769;13;6;22;1640;1;2;7;1.0;2;115;10, RUE LOUIS VICAT;;;;750
48434;201300053770;13;6;24;1910;1;2;1;1.0;7;115;34, BOULEVARD DE VAUGIRA;;;;750
48435;201300053771;13;6;25;35;5;2;2;1.0;2;115;QUAI ANDRE CITROEN;;;;750
48436;201300053772;13;6;25;1750;1;2;1;1.0;6;115;74, RUE BALARD;;;;750
48437;201300053773;13;6;25;1945;1;2;1;1.0;6;115;52, RUE D ORADOUR SUR GL;;;;750
48438;201300053774;13;6;26;1845;1;2;3;1.0;6;115;82, RUE DESNOUETTES;;;;750
48439;201300053775;13;6;27;925;1;2;1;2.0;6;115;181, RUE SAINT CHARLES;;;;750
48440;201300053776;13;6;27;1000;1;2;1;1.0;6;115;196, RUE DE LA CONVENTIO;;;;750
48441;201300053777;13;6;28;1325;1;2;5;1.0;6;115;RUE LOUIS VICAT;;;;750
48442;201300053778;13;6;29;300;5;2;1;8.0;6;115;PLACE RAOUL DAUTRY;;;;750
48443;201300053779;13;6;30;1830;1;2;2;1.0;3;115;2, AVENUE DE LA PORTE BR;;;;750
48444;201300053780;13;7;2;905;1;2;2;1.0;6;115;28/32, BOULEVARD DE GREN;;;;750
48445;201300053781;13;7;2;1620;1;2;4;1.0;3;115;PLACE DES INSURGES DE VA;;;;750
48446;201300053782;13;7;3;1030;1;2;1;1.0;6;115;29, RUE MATHURIN REGNIER;;;;750
48447;201300053783;13;7;7;1200;1;2;1;1.0;3;115;11, BOULEVARD GARIBALDI;;;;750
48448;201300053784;13;7;8;328;5;2;1;1.0;2;115;12, RUE D ORADOUR SUR GL;;;;750
48449;201300053785;13;7;8;950;1;2;5;1.0;3;115;BOULEVARD GENERAL MARTIA;;;;750
48450;201300053786;13;7;9;1900;1;2;2;1.0;3;115;151, RUE DE JAVEL;;;;750
48451;201300053787;13;7;10;1750;1;2;5;1.0;3;115;1, QUAI DE GRENELLE;;;;750
48452;201300053788;13;7;10;1930;1;2;1;1.0;3;115;88, AVENUE DE SUFFREN;;;;750
48453;201300053789;13;7;12;1130;1;2;2;1.0;6;115;115, RUE DE LA CROIX NIV;;;;750
48454;201300053790;13;7;12;1600;1;2;2;1.0;6;115;32, BOULEVARD DU MONTPAR;;;;750
48455;201300053791;13;7;12;1820;1;2;3;1.0;7;115;46, RUE DE DANTZIG;;;;750
48456;201300053792;13;7;12;2130;1;2;3;1.0;6;115;70, RUE LECOURBE;;;;750
48457;201300053795;13;7;16;1530;1;2;2;1.0;6;115;18, RUE DOMBASLE;;;;750
48458;201300053796;13;7;19;1650;1;2;1;1.0;3;115;250, RUE DE LA CONVENTIO;;;;750
48459;201300053797;13;7;19;1715;1;2;1;1.0;6;115;6, RUE DE LA CROIX NIVER;;;;750
48460;201300053798;13;7;23;1400;1;2;2;2.0;6;115;83, RUE DE LA CONVENTION;;;;750
48461;201300053799;13;7;23;1500;1;2;1;2.0;2;115;41, RUE DES MORILLONS;;;;750
48462;201300053800;13;7;24;1920;1;2;1;1.0;6;115;19, RUE ANDRE GIDE;;;;750
48463;201300053801;13;7;25;1230;1;2;5;1.0;6;115;89, BOULEVARD PASTEUR;;;;750
48464;201300053802;13;7;25;2010;1;2;1;1.0;6;115;340, RUE DE VAUGIRARD;;;;750
48465;201300053803;13;7;26;2120;2;2;3;1.0;6;115;22, RUE JEAN DAUDIN;;;;750
48466;201300053804;13;7;27;1325;1;2;7;1.0;3;115;01, RUE DE LA CONVENTION;;;;750
48467;201300053805;13;7;29;303;5;2;2;1.0;2;115;32, BOULEVARD VICTOR;;;;750
48468;201300053806;13;7;29;1730;1;1;7;1.0;3;115;QUAI BRANLY;;;;750
48469;201300053807;13;7;30;715;1;2;4;1.0;7;115;QUAI D ISSY LES MOULINEA;;;;750
48470;201300053808;13;7;31;2120;3;2;1;1.0;6;115;75, RUE DE LA CONVENTION;;;;750
48471;201300053809;13;7;31;2100;5;2;4;1.0;3;115;58, BOULEVARD GARIBALDI;;;;750
48472;201300053810;13;8;1;1430;1;2;1;1.0;6;115;9, PLACE ADOLPHE CHERIOU;;;;750
48473;201300053811;13;8;1;2025;1;2;1;1.0;2;115;50, BOULEVARD LEFEBVRE;;;;750
48474;201300053812;13;8;2;945;1;2;2;1.0;6;115;28, BOULEVARD DE GRENELL;;;;750
48475;201300053813;13;8;2;2050;1;2;5;1.0;6;115;51, BOULEVARD LEFEBVRE;;;;750
48476;201300053814;13;8;7;1015;1;2;3;3.0;3;115;121, RUE DE LA CONVENTIO;;;;750
48477;201300053817;13;8;11;1245;1;2;1;1.0;2;115;219, RUE DE LA CROIX NIV;;;;750
48478;201300053818;13;8;17;1305;1;2;2;1.0;3;115;111, RUE DE LA CROIX NIV;;;;750
48479;201300053819;13;8;17;1555;1;2;4;1.0;3;115;48, BOULEVARD GARIBALDI;;;;750
48480;201300053820;13;8;17;1915;1;2;1;1.0;6;115;PORT DE JAVEL;;;;750
48481;201300053821;13;8;19;1855;1;2;1;1.0;6;115;115, RUE DE VAUGIRARD;;;;750
48482;201300053822;13;8;20;1825;1;2;2;1.0;1;115;38, RUE LINOIS;;;;750
48483;201300053823;13;8;21;1730;1;2;2;7.0;6;115;RUE FERDINAND FABRE;;;;750
48484;201300053824;13;8;21;1840;1;2;1;1.0;3;114;BOULEVARD PERIPHERIQUE;;;;750
48485;201300053825;13;8;23;1235;1;2;2;1.0;6;115;103, RUE CAMBRONNE;;;;750
48486;201300053826;13;8;23;1955;2;2;1;1.0;4;115;BOULEVARD PERIPHERIQUE I;;;;750
48487;201300053827;13;8;25;1045;1;2;1;3.0;3;115;272, RUE LECOURBE;;;;750
48488;201300053828;13;8;28;1540;1;2;1;1.0;4;115;19, RUE LOUIS VICAT;;;;750
48489;201300053829;13;8;28;2010;2;2;1;1.0;3;115;33, BOULEVARD GENERAL MA;;;;750
48490;201300053830;13;8;31;1005;1;2;1;1.0;6;115;QUAI BRANLY;;;;750
48491;201300053831;13;8;31;510;5;2;1;1.0;6;115;18, BOULEVARD DE GRENELL;;;;750
48492;201300053832;13;9;1;410;5;2;3;1.0;7;115;RUE DE VAUGIRARD;;;;750
48493;201300053833;13;8;31;2200;5;2;2;1.0;3;115;115, RUE SAINT CHARLES;;;;750
48494;201300053834;13;9;2;840;1;2;7;1.0;3;115;PLACE DES INSURGES DE VA;;;;750
48495;201300053835;13;9;3;645;1;2;1;1.0;6;115;4, RUE LOUIS ARMAND;;;;750
48496;201300053836;13;9;3;930;1;2;1;1.0;6;115;69, BOULEVARD DE GRENELL;;;;750
48497;201300053837;13;9;4;1445;1;2;2;1.0;3;115;8, RUE DE LOURMEL;;;;750
48498;201300053838;13;9;4;1615;1;2;3;1.0;6;115;119, RUE DE LA CONVENTIO;;;;750
48499;201300053840;13;9;6;805;1;2;1;1.0;6;115;30, RUE DU DEPART;;;;750
48500;201300053841;13;9;6;1005;1;2;2;2.0;3;115;44, AVENUE FELIX FAURE;;;;750
48501;201300053842;13;9;7;1850;2;2;1;1.0;2;115;32, BOULEVARD DE VAUGIRA;;;;750
48502;201300053843;13;9;9;1830;1;2;1;2.0;6;115;23, RUE DE VOUILLE;;;;750
48503;201300053844;13;9;9;1920;1;2;1;1.0;2;115;24, RUE DES VOLONTAIRES;;;;750
48504;201300053845;13;9;10;115;5;2;2;2.0;6;115;92,94, BOULEVARD LEFEBVR;;;;750
48505;201300053846;13;9;10;1625;1;2;1;1.0;6;115;190, RUE DE LA CONVENTIO;;;;750
48506;201300053847;13;9;10;1830;1;2;3;1.0;3;115;29, RUE CAMBRONNE;;;;750
48507;201300053848;13;9;11;925;1;2;1;1.0;7;115;QUAI D ISSY LES MOULINEA;;;;750
48508;201300053849;13;9;11;1915;2;2;7;1.0;3;115;PLACE CAMBRONNE;;;;750
48509;201300053850;13;9;13;1830;1;2;5;2.0;3;115;38, BOULEVARD DU MONTPAR;;;;750
48510;201300053851;13;9;14;1700;1;2;2;2.0;6;115;1, RUE DE L AMIRAL ROUSS;;;;750
48511;201300053852;13;9;16;600;2;2;2;2.0;3;115;85, RUE DE LA CONVENTION;;;;750
48512;201300053853;13;9;16;1015;1;2;1;1.0;2;115;QUAI ANDRE CITROEN;;;;750
48513;201300053854;13;9;16;2230;3;2;2;8.0;6;115;55, QUAI DE GRENELLE;;;;750
48514;201300053855;13;9;17;1940;5;2;3;2.0;6;115;262, RUE DE VAUGIRARD;;;;750
48515;201300053856;13;9;18;1405;1;2;3;2.0;6;115;10, PLACE DES CINQ MARTY;;;;750
48516;201300053857;13;9;18;1710;1;2;2;3.0;3;115;QUAI D ISSY LES MOULINEA;;;;750
48517;201300053858;13;9;21;230;5;2;1;1.0;2;115;37, BOULEVARD DE GRENELL;;;;750
48518;201300053859;13;9;21;1825;1;2;2;1.0;3;115;54, RUE DE VOUILLE;;;;750
48519;201300053861;13;9;23;1700;1;2;2;1.0;6;115;115, RUE DE LOURMEL;;;;750
48520;201300053863;13;9;25;810;1;2;3;1.0;2;115;1 bis, RUE EMILE DUCLAUX;;;;750
48521;201300053864;13;9;25;1550;1;2;2;1.0;3;115;129, RUE BLOMET;;;;750
48522;201300053865;13;9;25;1905;2;2;5;1.0;7;115;88, AVENUE DE SUFFREN;;;;750
48523;201300053866;13;9;26;1840;1;2;1;1.0;2;115;17, BOULEVARD DE GRENELL;;;;750
48524;201300053867;13;9;27;910;1;2;1;1.0;3;115;76, RUE MADEMOISELLE;;;;750
48525;201300053869;13;9;27;1830;1;2;1;1.0;6;115;55, RUE DE L ABBE GROULT;;;;750
48526;201300053870;13;9;28;2000;5;2;1;1.0;7;115;324, RUE LECOURBE;;;;750
48527;201300053871;13;9;29;1410;1;2;2;1.0;3;115;PONT DU GARIGLIANO;;;;750
48528;201300053872;13;10;1;1310;1;2;2;1.0;3;115;2, PONT MIRABEAU;;;;750
48529;201300053873;13;10;2;1520;1;2;3;1.0;6;115;11, RUE PECLET;;;;750
48530;201300053874;13;10;3;1000;1;2;1;1.0;4;115;BOULEVARD PERIPHERIQUE;;;;750
48531;201300053875;13;10;3;2110;5;2;1;2.0;6;115;BOULEVARD GENERAL MARTIA;;;;750
48532;201300053876;13;10;4;1255;1;2;3;1.0;3;115;7, BOULEVARD GENERAL MAR;;;;750
48533;201300053877;13;10;4;1320;1;2;1;1.0;6;115;112, RUE DE LOURMEL;;;;750
48534;201300053878;13;10;5;310;5;2;3;1.0;3;114;RUE DE LA LEGION ETRANGE;;;;750
48535;201300053879;13;10;5;1745;1;2;3;1.0;6;115;121, AVENUE FELIX FAURE;;;;750
48536;201300053880;13;10;8;1815;1;2;1;1.0;4;115;PONT DE GRENELLE;;;;750
48537;201300053881;13;10;9;1315;1;2;5;1.0;7;115;183, RUE DE VAUGIRARD;;;;750
48538;201300053882;13;10;10;2025;5;2;5;2.0;6;115;RUE DE VAUGIRARD;;;;750
48539;201300053883;13;10;11;750;1;2;3;2.0;7;115;25, QUAI ANDRE CITROEN;;;;750
48540;201300053884;13;10;8;1245;1;2;1;1.0;3;115;57, RUE CAMBRONNE;;;;750
48541;201300053885;13;10;11;1430;1;2;1;2.0;7;115;19, RUE DE VOUILLE;;;;750
48542;201300053886;13;10;12;1010;1;2;2;1.0;3;115;BOULEVARD VICTOR;;;;750
48543;201300053887;13;10;12;1200;1;2;2;1.0;3;115;94, BOULEVARD LEFEBVRE;;;;750
48544;201300053888;13;10;12;1420;1;2;1;1.0;3;115;123, RUE FALGUIERE;;;;750
48545;201300053889;13;10;16;1915;5;2;3;2.0;6;115;120, AVENUE FELIX FAURE;;;;750
48546;201300053890;13;10;18;1315;1;2;1;1.0;6;115;72, AVENUE DE SUFFREN;;;;750
48547;201300053891;13;10;18;1250;1;2;1;1.0;3;115;128, AVENUE FELIX FAURE;;;;750
48548;201300053892;13;10;20;125;5;2;2;8.0;3;115;105, RUE DE JAVEL;;;;750
48549;201300053893;13;10;20;1800;2;2;1;3.0;6;115;340, RUE DE VAUGIRARD;;;;750
48550;201300053895;13;10;22;950;1;2;2;1.0;6;115;15, RUE DE LA CONVENTION;;;;750
48551;201300053897;13;10;24;2320;5;2;5;1.0;7;115;244, RUE LECOURBE;;;;750
48552;201300053898;13;10;25;1250;1;2;2;1.0;7;115;24, RUE DE VOUILLE;;;;750
48553;201300053899;13;10;26;1225;1;2;1;1.0;6;115;81, RUE LECOURBE;;;;750
48554;201300053900;13;10;26;1540;1;2;2;1.0;3;115;108, RUE FALGUIERE;;;;750
48555;201300053902;13;10;29;1000;1;2;5;1.0;3;115;33, RUE DE VOUILLE;;;;750
48556;201300053903;13;10;29;1000;1;2;2;1.0;6;115;RUE DE LA CONVENTION;;;;750
48557;201300053904;13;10;29;1810;5;2;1;1.0;7;115;91, QUAI BRANLY;;;;750
48558;201300053905;13;10;31;1000;1;2;1;1.0;2;115;29, RUE FREMICOURT;;;;750
48559;201300053906;13;11;2;1258;1;2;5;2.0;7;115;84, RUE CAMBRONNE;;;;750
48560;201300053908;13;11;2;2225;5;2;1;2.0;5;115;33, AVENUE DE LA PORTE B;;;;750
48561;201300053909;13;11;3;1825;5;2;5;1.0;6;115;1, QUAI DE GRENELLE;;;;750
48562;201300053910;13;11;5;125;5;2;7;1.0;7;115;13, PLACE ETIENNE PERNET;;;;750
48563;201300053911;13;11;5;2241;5;2;5;1.0;3;115;1, QUAI DE GRENELLE;;;;750
48564;201300053912;13;11;6;700;2;2;1;9.0;6;115;31, RUE ALPHONSE BERTILL;;;;750
48565;201300053913;13;11;6;1015;1;2;3;1.0;3;115;12, RUE LINOIS;;;;750
48566;201300053914;13;11;7;1600;1;2;3;2.0;6;115;71, RUE DESNOUETTES;;;;750
48567;201300053915;13;11;7;1750;5;2;2;2.0;6;115;42, RUE DE LA CROIX NIVE;;;;750
48568;201300053916;13;11;9;435;5;2;2;1.0;6;115;49, BOULEVARD GENERAL MA;;;;750
48569;201300053917;13;11;10;430;5;2;4;2.0;6;115;20, AVENUE DU MAINE;;;;750
48570;201300053918;13;11;10;1240;1;2;4;1.0;6;115;395, RUE DE VAUGIRARD;;;;750
48571;201300053919;13;11;13;2100;5;2;1;1.0;6;115;RUE DE LA ROSIERE;;;;750
48572;201300053921;13;11;15;800;1;2;5;1.0;3;115;RUE CAMBRONNE;;;;750
48573;201300053922;13;11;15;847;1;2;1;1.0;3;115;53, BOULEVARD GENERAL MA;;;;750
48574;201300053923;13;11;16;245;5;2;3;1.0;6;115;1, RUE MIZON;;;;750
48575;201300053924;13;11;16;1100;1;2;1;1.0;2;115;20, BOULEVARD DU MONTPAR;;;;750
48576;201300053925;13;11;16;1145;1;2;1;1.0;6;115;15, RUE DU HAMEAU;;;;750
48577;201300053926;13;11;17;800;1;2;1;1.0;2;115;110, RUE DE SEVRES;;;;750
48578;201300053927;13;11;19;930;1;2;2;2.0;3;115;RUE DE VAUGIRARD;;;;750
48579;201300053928;13;11;19;1810;5;2;5;1.0;6;115;4, RUE DU DEPART;;;;750
48580;201300053929;13;11;19;1830;5;2;2;2.0;6;115;RUE DE LA CONVENTION;;;;750
48581;201300053930;13;11;20;745;1;2;5;1.0;7;115;103, QUAI BRANLY;;;;750
48582;201300053931;13;11;22;1410;1;2;1;1.0;6;115;20-22, RUE OLIVIER DE SE;;;;750
48583;201300053932;13;11;22;1750;5;2;1;1.0;6;115;BOULEVARD DE GRENELLE;;;;750
48584;201300053933;13;11;23;1345;1;2;5;1.0;7;115;84, AVENUE DE SUFFREN;;;;750
48585;201300053934;13;11;24;1335;1;2;2;1.0;6;115;198, RUE DE LA CONVENTIO;;;;750
48586;201300053936;13;11;26;1715;5;2;2;1.0;7;115;72, RUE DUTOT;;;;750
48587;201300053937;13;11;26;2355;5;2;3;1.0;6;115;397, RUE DE VAUGIRARD;;;;750
48588;201300053938;13;11;29;845;1;2;1;1.0;3;115;BOULEVARD PERIPHERIQUE I;;;;750
48589;201300053939;13;11;29;1400;1;2;3;2.0;6;115;393, RUE DE VAUGIRARD;;;;750
48590;201300053940;13;12;2;2210;5;2;1;1.0;6;115;45, RUE DES MORILLONS;;;;750
48591;201300053941;13;12;3;1920;3;2;4;1.0;3;115;35, AVENUE DE LA PORTE B;;;;750
48592;201300053942;13;12;4;1040;1;2;5;1.0;6;115;147, RUE DE LA CONVENTIO;;;;750
48593;201300053943;13;12;6;920;1;2;1;1.0;3;115;107, BOULEVARD DE GRENEL;;;;750
48594;201300053944;13;12;6;1335;1;2;5;1.0;2;115;72, BOULEVARD PASTEUR;;;;750
48595;201300053946;13;12;6;1640;1;2;2;1.0;6;115;RUE LECOURBE;;;;750
48596;201300053947;13;12;8;1945;5;2;3;1.0;1;107;01, AVENUE DE SUFFREN;;;;750
48597;201300053948;13;12;9;755;1;2;2;1.0;6;115;2, BOULEVARD PASTEUR;;;;750
48598;201300053949;13;12;9;1205;1;2;1;1.0;3;115;34, BOULEVARD DE GRENELL;;;;750
48599;201300053950;13;12;9;1500;1;2;2;1.0;6;115;63, RUE DE LA CONVENTION;;;;750
48600;201300053952;13;12;10;1154;1;2;2;1.0;6;115;87, RUE DE LOURMEL;;;;750
48601;201300053953;13;12;13;135;5;2;3;1.0;6;115;94, RUE DE LA CONVENTION;;;;750
48602;201300053954;13;12;14;2300;5;2;1;2.0;6;114;BOULEVARD BRUNE;;;;750
48603;201300053955;13;12;16;1630;1;2;3;1.0;7;115;103, QUAI BRANLY;;;;750
48604;201300053956;13;12;16;1710;5;2;1;1.0;6;115;59, RUE FONDARY;;;;750
48605;201300053958;13;12;19;925;1;2;2;1.0;6;115;12, RUE MARMONTEL;;;;750
48606;201300053959;13;12;20;1340;1;2;1;1.0;7;115;140, RUE SAINT CHARLES;;;;750
48607;201300053960;13;12;20;1750;5;2;3;1.0;7;115;58, RUE DE LA CROIX NIVE;;;;750
48608;201300053961;13;12;20;1945;5;2;2;1.0;7;115;26, AVENUE EMILE ZOLA;;;;750
48609;201300053962;13;12;22;1820;5;2;5;2.0;6;115;238, RUE DE LA CONVENTIO;;;;750
48610;201300053963;13;12;23;930;1;2;7;2.0;3;115;PLACE DES INSURGES DE VA;;;;750
48611;201300053964;13;12;23;1050;1;2;7;1.0;3;115;56B, PLACE SAINT CHARLES;;;;750
48612;201300053966;13;12;24;1230;1;2;2;2.0;6;115;44, RUE DE LA CONVENTION;;;;750
48613;201300053967;13;12;30;1702;5;2;2;2.0;6;115;PONT MIRABEAU;;;;750
48614;201300053968;13;12;31;1630;2;2;1;2.0;3;115;96, RUE FALGUIERE;;;;750
48615;201300053970;13;1;1;251;3;2;7;1.0;3;116;PLACE DE VARSOVIE;;;;750
48616;201300053971;13;1;5;2337;5;2;1;2.0;6;116;AVENUE KLEBER;;;;750
48617;201300053974;13;1;8;1230;1;2;7;1.0;7;116;PLACE DE VARSOVIE;;;;750
48618;201300053975;13;1;8;1445;1;2;1;1.0;6;116;20, RUE LEONARD DE VINCI;;;;750
48619;201300053977;13;1;9;1345;1;2;1;8.0;6;116;7, AVENUE DE LA GRANDE A;;;;750
48620;201300053978;13;1;10;1830;5;2;2;8.0;6;116;RUE D AUTEUIL;;;;750
48621;201300053979;13;1;11;1755;5;2;4;1.0;6;116;14, RUE DE BOULAINVILLIE;;;;750
48622;201300053980;13;1;11;1940;5;2;3;8.0;3;116;144, AVENUE DE VERSAILLE;;;;750
48623;201300053981;13;1;11;2010;3;2;1;1.0;4;116;21, AVENUE MARCEAU;;;;750
48624;201300053982;13;1;13;1440;1;2;5;1.0;6;108;04, AVENUE DU PRESIDENT;;;;750
48625;201300053983;13;1;13;1730;5;2;7;2.0;7;116;BOULEVARD DE L AMIRAL BR;;;;750
48626;201300053984;13;1;13;1935;5;2;7;2.0;6;116;AVENUE DE VERSAILLES;;;;750
48627;201300053986;13;1;14;1945;5;2;1;4.0;6;116;19, RUE BOISSIERE;;;;750
48628;201300053987;13;1;16;850;1;2;7;9.0;6;116;5118, AVENUE KLEBER;;;;750
48629;201300053988;13;1;16;1900;5;2;1;1.0;7;116;AVENUE KLEBER;;;;750
48630;201300053989;13;1;17;1520;1;2;1;1.0;2;116;inconnue, BOULEVARD PERI;;;;750
48631;201300053990;13;1;18;125;5;2;2;1.0;4;116;PORTE DE SAINT CLOUD;;;;750
48632;201300053991;13;1;19;255;3;2;2;4.0;6;116;ECHANGEUR MUETTE;;;;750
48633;201300053992;13;1;18;2000;5;2;1;4.0;2;116;ALLEE DE LONGCHAMP;;;;750
48634;201300053993;13;1;16;1355;1;2;7;1.0;6;116;01, PLACE DU TROCADERO;;;;750
48635;201300053994;13;1;23;1045;1;2;5;1.0;6;116;62, AVENUE THEOPHILE GAU;;;;750
48636;201300053995;13;1;23;2315;5;2;4;2.0;6;117;RUE DU CAPORAL PEUGEOT;;;;750
48637;201300053996;13;1;25;855;1;2;7;1.0;2;116;1, AVENUE RAYMOND POINCA;;;;750
48638;201300053997;13;1;25;1630;1;2;7;1.0;3;116;PLACE DU TROCADERO;;;;750
48639;201300053998;13;1;27;1100;1;2;2;2.0;6;116;RUE LARGILLIERE;;;;750
48640;201300053999;13;1;27;1155;1;2;7;8.0;6;116;PLACE TATTEGRAIN;;;;750
48641;201300054000;13;1;28;1500;1;2;3;1.0;7;116;44, AVENUE VICTOR HUGO;;;;750
48642;201300054001;13;1;28;2210;5;2;7;2.0;6;116;43, AVENUE DE LA GRANDE;;;;750
48643;201300054003;13;1;29;1801;5;2;1;2.0;7;116;65, AVENUE DE LA GRANDE;;;;750
48644;201300054004;13;1;29;2150;5;2;7;1.0;3;116;PLACE CHARLES DE GAULLE;;;;750
48645;201300054005;13;2;1;930;1;2;1;1.0;2;116;AVENUE EDOUARD VAILLANT;;;;750
48646;201300054006;13;2;1;1315;1;2;7;8.0;3;116;PLACE DU MARECHAL DE LAT;;;;750
48647;201300054008;13;2;2;510;5;2;4;1.0;6;116;AVENUE EDOUARD VAILLANT;;;;750
48648;201300054009;13;2;3;2120;5;2;3;3.0;6;116;BOULEVARD DE BEAUSEJOUR;;;;750
48649;201300054010;13;2;3;2145;5;2;1;3.0;3;116;ALLEE DE LA REINE MARGUE;;;;750
48650;201300054011;13;2;5;1315;1;2;4;1.0;6;116;ROUTE DES MOULINS;;;;750
48651;201300054012;13;2;6;1035;1;2;7;1.0;2;116;2, AVENUE VICTOR HUGO;;;;750
48652;201300054013;13;2;7;1915;3;2;1;1.0;6;116;49, BOULEVARD DE BEAUSEJ;;;;750
48653;201300054014;13;2;8;145;5;2;1;2.0;1;116;AVENUE KLEBER;;;;750
48654;201300054016;13;2;9;1200;1;2;7;2.0;6;116;2, RUE BOIS LE VENT;;;;750
48655;201300054017;13;2;9;1700;1;2;1;1.0;3;116;119, AVENUE DE VERSAILLE;;;;750
48656;201300054018;13;2;14;1845;5;2;1;2.0;6;116;23, BOULEVARD SUCHET;;;;750
48657;201300054019;13;2;14;1945;5;2;2;8.0;3;116;BOULEVARD MURAT;;;;750
48658;201300054021;13;2;18;2230;5;2;2;1.0;2;116;AVENUE RAYMOND POINCARE;;;;750
48659;201300054022;13;2;20;1030;1;2;1;1.0;2;116;132, AVENUE VICTOR HUGO;;;;750
48660;201300054023;13;2;20;1735;2;2;1;1.0;6;116;PLACE DE LA PORTE MAILLO;;;;750
48661;201300054024;13;2;20;1850;5;2;1;1.0;2;116;PLACE D AUTEUIL;;;;750
48662;201300054025;13;2;21;1230;1;2;1;1.0;2;116;36, AVENUE RAYMOND POINC;;;;750
48663;201300054027;13;2;22;910;1;2;1;4.0;7;116;ROUTE DE LA PTE DES SABL;;;;750
48664;201300054028;13;2;22;1830;5;2;2;1.0;6;116;25, AVENUE PAUL DOUMER;;;;750
48665;201300054029;13;2;25;1815;5;2;4;4.0;6;116;61, AVENUE GEORGES MANDE;;;;750
48666;201300054030;13;2;27;845;1;2;2;1.0;6;116;AVENUE FOCH;;;;750
48667;201300054031;13;2;27;1940;5;2;1;2.0;7;116;RUE HENRY DE LA VAULX;;;;750
48668;201300054033;13;2;28;1850;5;2;1;1.0;6;116;ALLEE DU BORD DE L EAU;;;;750
48669;201300054034;13;3;1;1720;1;2;1;1.0;6;116;13, RUE DES BELLES FEUIL;;;;750
48670;201300054035;13;3;4;1540;1;2;3;1.0;2;116;RUE POUSSIN;;;;750
48671;201300054036;13;3;6;250;5;2;1;1.0;6;116;ROUTE DE LA PTE DAUPHINE;;;;750
48672;201300054037;13;3;6;1855;5;2;1;2.0;6;116;38, AVENUE DE VERSAILLES;;;;750
48673;201300054038;13;3;6;2150;5;2;2;1.0;2;116;50, AVENUE FOCH;;;;750
48674;201300054039;13;3;6;2220;5;2;2;1.0;6;116;39, RUE MOLITOR;;;;750
48675;201300054040;13;3;7;1730;1;2;1;1.0;6;116;9 bis, BOULEVARD MURAT;;;;750
48676;201300054041;13;3;8;900;1;2;4;1.0;3;116;190, AVENUE DE VERSAILLE;;;;750
48677;201300054042;13;3;9;1955;5;2;2;1.0;2;116;AVENUE FERDINAND BUISSON;;;;750
48678;201300054044;13;3;10;1905;3;2;1;1.0;7;116;32, RUE AMIRAL HAMELIN;;;;750
48679;201300054045;13;3;11;1120;1;2;1;1.0;2;116;173, AVENUE VICTOR HUGO;;;;750
48680;201300054046;13;3;13;1815;2;2;4;1.0;6;116;61, RUE D AUTEUIL;;;;750