;Num_Acc;an;mois;jour;hrmn;lum;agg;int;atm;col;com;adr;gps;lat;long;dep
48681;201300054047;13;3;14;915;1;2;3;1.0;7;116;AVENUE DE LA PORTE D AUT;;;;750
48682;201300054048;13;3;14;1430;1;2;2;1.0;3;116;39, AVENUE MARCEAU;;;;750
48683;201300054049;13;3;15;1305;1;2;1;1.0;6;116;48, AVENUE RAYMOND POINC;;;;750
48684;201300054050;13;3;15;1905;2;2;7;1.0;1;116;PLACE DE VARSOVIE;;;;750
48685;201300054053;13;3;18;1730;1;2;1;1.0;6;116;AVENUE DE NEW YORK;;;;750
48686;201300054054;13;3;18;1745;1;2;1;1.0;3;116;ALLEE DU BORD DE L EAU;;;;750
48687;201300054055;13;3;18;2210;5;2;7;3.0;6;116;AVENUE RAYMOND POINCARE;;;;750
48688;201300054056;13;3;19;1930;2;2;1;3.0;7;116;43, AVENUE BUGEAUD;;;;750
48689;201300054057;13;3;20;2040;5;2;7;1.0;3;116;PLACE DU MARECHAL DE LAT;;;;750
48690;201300054058;13;3;21;2000;5;2;1;2.0;6;116;BOULEVARD PERIPHERIQUE;;;;750
48691;201300054059;13;3;21;2100;5;2;7;2.0;5;116;1, AVENUE DE LA GRANDE A;;;;750
48692;201300054060;13;3;23;1035;1;2;1;1.0;1;116;15, RUE BOISSIERE;;;;750
48693;201300054061;13;3;24;1330;1;2;3;1.0;2;116;AVENUE GEORGES MANDEL;;;;750
48694;201300054062;13;3;25;925;1;2;1;1.0;6;116;15, AVENUE D IENA;;;;750
48695;201300054064;13;3;27;850;1;2;1;1.0;6;116;4, RUE ALFRED BRUNEAU;;;;750
48696;201300054065;13;3;27;1510;1;2;1;1.0;3;116;110, AVENUE KLEBER;;;;750
48697;201300054066;13;3;28;830;1;2;3;8.0;3;116;35, RUE JEAN DE LA FONTA;;;;750
48698;201300054067;13;3;29;2200;5;2;2;1.0;6;116;AVENUE EDOUARD VAILLANT;;;;750
48699;201300054068;13;3;30;1345;1;2;1;1.0;6;116;88, RUE DE LONGCHAMP;;;;750
48700;201300054069;13;4;2;910;1;2;1;1.0;3;116;71, AVENUE KLEBER;;;;750
48701;201300054070;13;4;2;2010;1;2;1;1.0;7;116;ROUTE DE SEVRES A NEUILL;;;;750
48702;201300054071;13;4;4;2240;5;2;4;1.0;3;116;ALLEE DE LONGCHAMP;;;;750
48703;201300054072;13;4;5;1500;1;2;4;1.0;6;116;61, BOULEVARD DE BEAUSEJ;;;;750
48704;201300054073;13;4;7;1120;1;2;3;1.0;6;116;25, RUE RAYNOUARD;;;;750
48705;201300054074;13;4;5;2120;5;2;2;1.0;3;116;RUE DE BOULAINVILLIERS;;;;750
48706;201300054075;13;4;9;945;1;2;3;2.0;1;116;ALLEE DE LA REINE MARGUE;;;;750
48707;201300054076;13;4;10;1320;1;2;1;3.0;4;116;BOULEVARD PERIPHERIQUE I;;;;750
48708;201300054077;13;4;10;2210;5;2;7;3.0;3;116;PLACE DE LA PORTE DE SAI;;;;750
48709;201300054079;13;4;14;1830;1;2;1;1.0;2;116;AVENUE DE L HIPPODROME;;;;750
48710;201300054080;13;4;15;1150;1;2;2;1.0;4;116;AVENUE DU MAHATMA GANDHI;;;;750
48711;201300054081;13;4;18;1815;1;2;7;1.0;6;116;56, AVENUE D IENA;;;;750
48712;201300054082;13;4;19;1855;1;2;4;2.0;3;116;17, CHAUSSEE LA MUETTE;;;;750
48713;201300054083;13;4;21;1725;1;2;1;1.0;6;116;ROUTE DE LA MUETTE A NEU;;;;750
48714;201300054084;13;4;21;2035;2;2;4;1.0;6;116;ALLEE DU BORD DE L EAU;;;;750
48715;201300054085;13;4;22;240;5;2;1;1.0;6;116;ALLEE DE LA REINE MARGUE;;;;750
48716;201300054086;13;4;22;1950;1;2;1;1.0;3;116;ROUTE DE SURESNES;;;;750
48717;201300054087;13;4;24;2344;5;2;1;1.0;6;116;125, AVENUE DE VERSAILLE;;;;750
48718;201300054088;13;4;25;1730;1;2;1;1.0;3;116;ALLEE DE LA REINE MARGUE;;;;750
48719;201300054089;13;4;25;2000;1;2;1;1.0;3;116;ROUTE DES TRIBUNES;;;;750
48720;201300054090;13;4;26;605;2;2;5;1.0;3;116;ROUTE DES LACS A PASSY;;;;750
48721;201300054091;13;4;26;1137;1;2;1;1.0;3;116;101, BOULEVARD MURAT;;;;750
48722;201300054092;13;4;26;1210;1;2;4;1.0;6;116;97, AVENUE RAYMOND POINC;;;;750
48723;201300054093;13;4;27;1000;1;2;1;1.0;6;116;88, AVENUE PAUL DOUMER;;;;750
48724;201300054095;13;4;28;40;5;2;1;1.0;3;116;ALLEE DE LA REINE MARGUE;;;;750
48725;201300054096;13;4;29;1505;1;2;2;1.0;6;116;55, RUE MOLITOR;;;;750
48726;201300054099;13;5;4;1515;1;2;7;1.0;2;116;09, PLACE VICTOR HUGO;;;;750
48727;201300054100;13;5;4;1855;1;2;1;1.0;6;116;13, RUE GROS;;;;750
48728;201300054101;13;5;5;300;5;2;7;1.0;3;116;PLACE CLEMENT ADER;;;;750
48729;201300054102;13;5;6;1305;1;2;5;2.0;6;116;36, AVENUE DU PRESIDENT;;;;750
48730;201300054103;13;5;6;1510;1;2;2;1.0;3;116;ROUTE DE LA PTE DES SABL;;;;750
48731;201300054104;13;5;6;1710;1;2;2;1.0;3;116;RUE FELICIEN DAVID;;;;750
48732;201300054105;13;5;8;1850;1;2;1;1.0;6;116;AVENUE DE L HIPPODROME;;;;750
48733;201300054106;13;5;9;245;5;2;1;1.0;6;116;131, RUE MICHEL ANGE;;;;750
48734;201300054107;13;5;11;1200;1;2;1;1.0;3;116;11/13, RUE DE BOULAINVIL;;;;750
48735;201300054108;13;5;12;450;5;2;1;1.0;3;116;ALLEE DE LONGCHAMP;;;;750
48736;201300054109;13;5;13;940;1;2;3;1.0;6;116;25, RUE DE LONGCHAMP;;;;750
48737;201300054110;13;5;14;1350;1;2;1;1.0;3;116;60, BOULEVARD EMILE AUGI;;;;750
48738;201300054111;13;5;15;1025;1;2;1;1.0;2;116;2, ROUTE DES TRIBUNES;;;;750
48739;201300054112;13;5;15;1833;1;2;1;1.0;4;116;213, AVENUE DE VERSAILLE;;;;750
48740;201300054113;13;5;16;830;1;2;3;8.0;2;116;02, BOULEVARD DELESSERT;;;;750
48741;201300054114;13;5;17;955;1;2;3;1.0;5;116;RUE LARGILLIERE;;;;750
48742;201300054115;13;5;17;810;1;2;7;1.0;3;116;4, AVENUE DE VERSAILLES;;;;750
48743;201300054116;13;5;17;1300;1;2;1;1.0;4;116;BOULEVARD PERIPHERIQUE;;;;750
48744;201300054117;13;5;17;1505;1;2;1;1.0;4;116;76, RUE DE LA POMPE;;;;750
48745;201300054118;13;5;17;1915;1;2;1;1.0;7;116;74, AVENUE FOCH;;;;750
48746;201300054119;13;5;18;1520;1;2;1;1.0;6;116;ALLEE DES FORTIFICATIONS;;;;750
48747;201300054120;13;5;21;20;5;2;3;2.0;3;116;9, BOULEVARD LANNES;;;;750
48748;201300054121;13;5;21;943;1;2;3;2.0;2;116;65, BOULEVARD LANNES;;;;750
48749;201300054122;13;5;22;1145;1;2;4;1.0;3;116;6, AVENUE GEORGES MANDEL;;;;750
48750;201300054123;13;5;23;1845;1;2;2;8.0;6;116;59, AVENUE KLEBER;;;;750
48751;201300054124;13;5;23;1730;1;2;1;2.0;3;116;ALLEE DE LA REINE MARGUE;;;;750
48752;201300054125;13;5;23;2000;1;2;7;2.0;2;116;PLACE DE LA PORTE DE SAI;;;;750
48753;201300054126;13;5;24;1829;1;2;1;1.0;2;116;BOULEVARD DE L AMIRAL BR;;;;750
48754;201300054127;13;5;27;1000;1;2;2;1.0;1;116;ALLEE DE LA REINE MARGUE;;;;750
48755;201300054128;13;5;27;1240;1;2;1;1.0;2;116;8, AVENUE DU PRESIDENT W;;;;750
48756;201300054129;13;5;27;1410;1;2;1;1.0;6;116;21, AVENUE DU PRESIDENT;;;;750
48757;201300054130;13;5;28;830;1;2;4;8.0;7;116;37, BOULEVARD MURAT;;;;750
48758;201300054131;13;5;28;1300;1;2;7;2.0;2;116;980, AVENUE D IENA;;;;750
48759;201300054133;13;5;30;535;2;2;2;3.0;6;116;BOULEVARD MURAT;;;;750
48760;201300054134;13;5;30;1215;1;2;1;2.0;6;116;88, AVENUE KLEBER;;;;750
48761;201300054136;13;5;31;1010;1;2;2;8.0;6;116;RUE RAFFET;;;;750
48762;201300054137;13;6;2;1500;1;2;4;1.0;2;116;32, AVENUE RAYMOND POINC;;;;750
48763;201300054138;13;6;3;920;1;2;1;1.0;2;116;83, AVENUE MARCEAU;;;;750
48764;201300054140;13;6;4;1350;1;2;5;1.0;3;116;32, BOULEVARD EMILE AUGI;;;;750
48765;201300054141;13;6;5;1640;1;2;2;7.0;6;116;ALLEE DE LONGCHAMP;;;;750
48766;201300054142;13;6;5;1735;1;2;7;1.0;3;116;PLACE CHARLES DE GAULLE;;;;750
48767;201300054143;13;6;5;1350;1;2;3;1.0;3;116;55, BOULEVARD SUCHET;;;;750
48768;201300054144;13;6;6;1440;1;2;4;1.0;3;116;4, AVENUE DU PRESIDENT K;;;;750
48769;201300054145;13;6;6;1750;1;2;1;1.0;3;116;100, AVENUE RAYMOND POIN;;;;750
48770;201300054146;13;6;6;2230;5;2;3;1.0;3;116;ALLEE DU BORD DE L EAU;;;;750
48771;201300054147;13;6;7;900;1;2;1;1.0;6;116;XVI-9497, ROUTE DE SURES;;;;750
48772;201300054148;13;6;7;1625;1;2;2;1.0;6;116;44, BOULEVARD SUCHET;;;;750
48773;201300054149;13;6;7;1910;1;2;5;1.0;3;116;21, BOULEVARD EXELMANS;;;;750
48774;201300054150;13;6;7;1930;1;2;1;1.0;2;116;47, RUE D AUTEUIL;;;;750
48775;201300054151;13;6;8;1540;1;2;1;1.0;3;116;12, QUAI SAINT EXUPERY;;;;750
48776;201300054152;13;6;8;1820;1;2;4;1.0;3;116;XVI-9466, ROUTE DES TRIB;;;;750
48777;201300054153;13;6;8;1915;1;2;2;1.0;6;116;67, RUE LAURISTON;;;;750
48778;201300054154;13;6;10;1520;1;2;7;1.0;6;117;23, AVENUE DE NEUILLY;;;;750
48779;201300054155;13;6;10;1850;1;2;1;1.0;3;116;4, AVENUE RAYMOND POINCA;;;;750
48780;201300054156;13;6;10;2040;1;2;5;1.0;3;116;1, AVENUE MOZART;;;;750
48781;201300054157;13;6;13;1225;1;2;7;2.0;7;116;RUE DE BOULAINVILLIERS;;;;750
48782;201300054160;13;6;13;1300;1;2;1;2.0;6;116;CHEMIN DE CEINTURE DU LA;;;;750
48783;201300054161;13;6;14;1825;1;2;7;1.0;3;116;89, AVENUE DE LA GRANDE;;;;750
48784;201300054162;13;6;16;15;5;2;1;1.0;7;116;ALLEE DU BORD DE L EAU;;;;750
48785;201300054163;13;6;16;550;1;2;2;1.0;6;116;AVENUE RAYMOND POINCARE;;;;750
48786;201300054164;13;6;17;1200;1;2;1;1.0;6;116;9, AVENUE DE LA GRANDE A;;;;750
48787;201300054165;13;6;17;1400;1;2;2;1.0;6;116;76, RUE D AUTEUIL;;;;750
48788;201300054166;13;6;18;1600;1;2;5;1.0;6;116;02, RUE POUSSIN;;;;750
48789;201300054167;13;6;19;1840;1;2;1;8.0;6;116;28, RUE MOLITOR;;;;750
48790;201300054168;13;6;19;1750;1;2;7;3.0;7;116;PLACE DE VARSOVIE;;;;750
48791;201300054169;13;6;19;1730;1;2;1;2.0;7;116;ALLEE DE LA REINE MARGUE;;;;750
48792;201300054171;13;6;21;300;5;2;1;2.0;7;116;01, PLACE CLAUDE FRANCOI;;;;750
48793;201300054173;13;6;21;1705;1;2;7;1.0;2;116;3, PLACE VICTOR HUGO;;;;750
48794;201300054174;13;6;22;406;5;2;1;1.0;6;116;4, AVENUE RAPHAEL;;;;750
48795;201300054175;13;6;23;1340;1;2;7;8.0;6;116;1, PLACE DE MEXICO;;;;750
48796;201300054176;13;6;24;1550;1;2;1;1.0;2;116;AVENUE DU MAHATMA GANDHI;;;;750
48797;201300054178;13;6;26;1300;1;2;1;1.0;2;116;ROUTE D AUTEUIL AUX LACS;;;;750
48798;201300054179;13;6;26;1950;1;2;1;1.0;7;116;12, QUAI SAINT EXUPERY;;;;750
48799;201300054180;13;6;27;925;1;2;1;2.0;7;116;BOULEVARD LANNES;;;;750
48800;201300054181;13;6;27;1300;1;2;1;1.0;4;116;AVENUE DE NEW YORK;;;;750
48801;201300054182;13;6;27;1715;1;2;1;1.0;2;116;ROUTE DE SEVRES A NEUILL;;;;750
48802;201300054183;13;6;27;2020;2;2;3;1.0;2;116;50, RUE D AUTEUIL;;;;750
48803;201300054184;13;6;29;1816;1;2;1;1.0;5;116;ROUTE DE SEVRES A NEUILL;;;;750
48804;201300054186;13;6;30;1640;1;2;1;1.0;6;116;60, AVENUE DE NEW YORK;;;;750
48805;201300054187;13;7;1;945;1;2;1;1.0;6;116;ROUTE DES TRIBUNES;;;;750
48806;201300054188;13;7;2;1530;1;2;1;1.0;3;116;9, AVENUE DE LA GRANDE A;;;;750
48807;201300054190;13;7;4;120;5;2;1;1.0;6;116;ALLEE DE LONGCHAMP;;;;750
48808;201300054191;13;7;4;900;1;2;7;1.0;3;117;PLACE DE LA PORTE MAILLO;;;;750
48809;201300054193;13;7;5;1740;1;2;1;1.0;2;116;44, AVENUE DU PRESIDENT;;;;750
48810;201300054194;13;7;6;1420;1;2;3;1.0;6;116;52, RUE SAINT DIDIER;;;;750
48811;201300054195;13;7;8;1655;1;2;5;1.0;2;116;54, AVENUE KLEBER;;;;750
48812;201300054196;13;7;10;1400;1;2;5;1.0;6;116;ROUTE DE SURESNES;;;;750
48813;201300054197;13;7;10;2340;5;2;4;1.0;3;116;97, AVENUE RAYMOND POINC;;;;750
48814;201300054198;13;7;11;640;1;2;1;1.0;3;116;ROUTE DE SURESNES;;;;750
48815;201300054199;13;7;11;1300;1;2;3;1.0;2;116;152, AVENUE DE MALAKOFF;;;;750
48816;201300054200;13;7;11;1610;1;2;5;1.0;6;116;23, RUE DE LUBECK;;;;750
48817;201300054201;13;7;11;1735;1;2;1;1.0;6;116;BOULEVARD PERIPHERIQUE;;;;750
48818;201300054202;13;7;12;1515;1;2;2;1.0;3;116;ROUTE DE SEVRES A NEUILL;;;;750
48819;201300054203;13;7;13;2300;5;2;2;1.0;3;116;ALLEE DE LONGCHAMP;;;;750
48820;201300054205;13;7;13;755;1;2;2;1.0;6;116;5, AVENUE THEOPHILE GAUT;;;;750
48821;201300054206;13;7;13;2030;2;2;1;1.0;4;117;32, AVENUE DE LA GRANDE;;;;750
48822;201300054207;13;7;14;105;5;2;1;1.0;4;116;PORTE MAILLOT;;;;750
48823;201300054208;13;7;14;1210;1;2;1;1.0;3;116;ROUTE D AUTEUIL AUX LACS;;;;750
48824;201300054209;13;7;15;130;5;2;1;1.0;3;116;ALLEE DE LA REINE MARGUE;;;;750
48825;201300054210;13;7;15;245;5;2;2;1.0;6;116;ROUTE DE SEVRES A NEUILL;;;;750
48826;201300054211;13;7;16;1820;1;2;7;1.0;3;116;PLACE DE LA PORTE DE SAI;;;;750
48827;201300054212;13;7;18;24;5;2;7;1.0;3;116;PLACE CHOPIN;;;;750
48828;201300054214;13;7;18;1425;1;2;5;1.0;3;116;46, AVENUE DU PRESIDENT;;;;750
48829;201300054215;13;7;18;2310;5;2;5;1.0;3;116;ALLEE DES FORTIFICATIONS;;;;750
48830;201300054216;13;7;19;1200;1;2;4;1.0;2;116;ROUTE DES TRIBUNES;;;;750
48831;201300054217;13;7;20;250;5;2;1;1.0;6;116;ALLEE DE LA REINE MARGUE;;;;750
48832;201300054218;13;7;20;1425;1;2;1;1.0;6;116;CHEMIN DE CEINTURE DU LA;;;;750
48833;201300054219;13;7;20;1700;1;2;2;1.0;6;116;31, RUE JEAN DE LA FONTA;;;;750
48834;201300054220;13;7;20;1905;1;2;1;1.0;7;116;2, AVENUE DE LA PORTE DE;;;;750
48835;201300054221;13;7;21;1615;1;2;5;1.0;3;116;AVENUE DU PRESIDENT WILS;;;;750
48836;201300054222;13;7;22;1235;1;2;7;1.0;2;116;80, AVENUE VICTOR HUGO;;;;750
48837;201300054224;13;7;24;735;1;2;1;1.0;2;116;AVENUE DE L HIPPODROME;;;;750
48838;201300054225;13;7;24;2130;2;2;1;1.0;6;116;17, RUE BOISSIERE;;;;750
48839;201300054226;13;7;25;2205;5;2;1;1.0;6;116;67, RUE NICOLO;;;;750
48840;201300054227;13;7;26;1435;1;2;1;1.0;7;116;AVENUE DU PRESIDENT WILS;;;;750
48841;201300054228;13;7;31;1855;1;2;3;1.0;3;116;BOULEVARD MURAT;;;;750
48842;201300054229;13;7;31;2040;1;2;1;1.0;3;116;PORTE DE PASSY;;;;750
48843;201300054230;13;8;2;505;5;2;5;1.0;6;116;104, AVENUE DU PRESIDENT;;;;750
48844;201300054231;13;7;30;2100;2;2;2;1.0;6;116;36, METRO MICHEL ANGE MO;;;;750
48845;201300054233;13;8;4;1616;1;2;2;1.0;3;116;3, AVENUE KLEBER;;;;750
48846;201300054234;13;8;5;1005;1;2;1;1.0;2;116;100, AVENUE DU PRESIDENT;;;;750
48847;201300054235;13;8;5;2230;5;2;7;1.0;2;116;PLACE CHARLES DE GAULLE;;;;750
48848;201300054236;13;8;7;1455;1;2;5;1.0;3;116;AVENUE MOZART;;;;750
48849;201300054237;13;8;8;930;1;2;2;1.0;3;116;ALLEE DE LA REINE MARGUE;;;;750
48850;201300054238;13;8;10;1150;1;2;3;1.0;2;116;AVENUE FOCH;;;;750
48851;201300054239;13;8;10;1710;1;2;1;1.0;7;116;AVENUE DU PRESIDENT KENN;;;;750
48852;201300054240;13;8;10;1930;1;2;3;1.0;3;116;59, AVENUE DE VERSAILLES;;;;750
48853;201300054241;13;8;12;1840;1;2;1;7.0;4;116;ROUTE DE SEVRES A NEUILL;;;;750
48854;201300054242;13;8;13;1400;1;2;1;1.0;6;116;RUE HENRY DE LA VAULX;;;;750
48855;201300054244;13;8;18;1730;1;2;1;1.0;6;116;ALLEE DU BORD DE L EAU;;;;750
48856;201300054245;13;8;20;1715;1;2;4;1.0;2;116;ALLEE DE LONGCHAMP;;;;750
48857;201300054246;13;8;22;1730;1;2;7;1.0;7;116;PLACE DU MARECHAL DE LAT;;;;750
48858;201300054247;13;8;23;1210;1;2;1;1.0;7;116;ROUTE DES TRIBUNES;;;;750
48859;201300054248;13;8;26;900;1;2;7;8.0;2;116;AVENUE FOCH;;;;750
48860;201300054249;13;8;26;1800;1;2;3;1.0;6;116;1, RUE DE L AMIRAL CLOUE;;;;750
48861;201300054250;13;8;27;40;5;2;1;1.0;7;116;18, RUE CORTAMBERT;;;;750
48862;201300054251;13;8;27;1850;1;2;1;1.0;6;116;ROUTE DES TRIBUNES;;;;750
48863;201300054252;13;8;29;1000;1;2;5;1.0;3;116;39, AVENUE KLEBER;;;;750
48864;201300054253;13;8;29;910;1;2;1;1.0;3;116;BOULEVARD PERIPHERIQUE;;;;750
48865;201300054254;13;8;30;1715;1;2;5;1.0;6;116;31, RUE DE L ASSOMPTION;;;;750
48866;201300054255;13;8;31;1630;1;2;3;1.0;1;116;142, AVENUE DE VERSAILLE;;;;750
48867;201300054256;13;8;31;1230;1;2;3;1.0;2;116;AVENUE GEORGES MANDEL;;;;750
48868;201300054258;13;9;2;645;2;2;1;1.0;6;116;ROUTE DE LA PTE DAUPHINE;;;;750
48869;201300054259;13;9;2;1025;1;2;2;1.0;6;116;56, AVENUE MOZART;;;;750
48870;201300054260;13;9;2;1050;1;2;1;1.0;6;116;110, AVENUE RAYMOND POIN;;;;750
48871;201300054261;13;9;2;1420;1;2;1;1.0;3;116;80, RUE DE LA TOUR;;;;750
48872;201300054262;13;9;2;1610;1;2;7;1.0;6;116;PLACE DE LA PORTE DE SAI;;;;750
48873;201300054263;13;9;2;1915;1;2;1;1.0;7;116;AVENUE DU PRESIDENT KENN;;;;750
48874;201300054264;13;9;2;1845;1;2;1;1.0;6;116;90, AVENUE D IENA;;;;750
48875;201300054265;13;9;3;1510;1;2;1;1.0;6;116;15, AVENUE PAUL DOUMER;;;;750
48876;201300054266;13;9;4;1145;1;2;1;1.0;3;117;98, AVENUE DE VILLIERS;;;;750
48877;201300054267;13;9;4;1600;1;2;2;1.0;6;116;24, AVENUE DE NEW YORK;;;;750
48878;201300054268;13;9;5;1220;1;2;1;1.0;2;116;32, AVENUE GEORGES MANDE;;;;750
48879;201300054269;13;9;5;1945;1;2;5;1.0;3;116;AVENUE DE NEUILLY;;;;750
48880;201300054270;13;9;6;950;1;2;1;8.0;7;116;57, AVENUE DE LA GRANDE;;;;750
48881;201300054271;13;9;6;1020;1;2;5;3.0;7;116;ALLEE DE LA REINE MARGUE;;;;750
48882;201300054272;13;9;6;1120;1;2;2;3.0;6;116;59, AVENUE THEOPHILE GAU;;;;750
48883;201300054273;13;9;6;1200;1;2;3;1.0;3;116;152, AVENUE DE MALAKOFF;;;;750
48884;201300054274;13;9;6;1300;1;2;7;2.0;7;116;89, AVENUE DE LA GRANDE;;;;750
48885;201300054275;13;9;9;833;1;2;2;1.0;3;116;AVENUE DE VERSAILLES;;;;750
48886;201300054276;13;9;9;1435;1;2;1;2.0;7;116;32, RUE POUSSIN;;;;750
48887;201300054277;13;9;9;1745;1;2;2;2.0;7;116;ALLEE DE LA REINE MARGUE;;;;750
48888;201300054279;13;9;10;1500;1;2;1;2.0;6;116;420, AVENUE DE NEW YORK;;;;750
48889;201300054280;13;9;11;2300;5;2;4;1.0;6;116;55, AVENUE KLEBER;;;;750
48890;201300054282;13;9;12;1850;1;2;5;8.0;2;116;193, AVENUE DE VERSAILLE;;;;750
48891;201300054283;13;9;13;1300;1;2;2;1.0;6;116;BOULEVARD EXELMANS;;;;750
48892;201300054284;13;9;13;1710;1;2;3;2.0;7;116;ALLEE DU BORD DE L EAU;;;;750
48893;201300054285;13;9;14;455;5;2;2;1.0;6;116;ALLEE DE LA REINE MARGUE;;;;750
48894;201300054286;13;9;14;1135;1;2;1;2.0;6;116;65, AVENUE FOCH;;;;750
48895;201300054287;13;9;14;530;5;2;5;2.0;7;117;223, RUE DE COURCELLES;;;;750
48896;201300054288;13;9;15;1100;1;2;3;1.0;3;116;23, RUE BENJAMIN FRANKLI;;;;750
48897;201300054289;13;9;15;1145;1;2;1;1.0;6;116;ROUTE DES TRIBUNES;;;;750
48898;201300054290;13;9;15;1155;1;2;1;1.0;6;116;ROUTE DE LA MUETTE A NEU;;;;750
48899;201300054291;13;9;16;1815;1;2;1;2.0;4;116;BOULEVARD PERIPHERIQUE I;;;;750
48900;201300054292;13;9;16;1300;1;2;3;8.0;6;116;17, AVENUE KLEBER;;;;750
48901;201300054293;13;9;17;745;1;2;1;2.0;2;116;13, BOULEVARD LANNES;;;;750
48902;201300054295;13;9;17;1500;1;2;1;1.0;6;116;AVENUE DE NEW YORK;;;;750
48903;201300054296;13;9;17;2225;5;2;5;2.0;2;116;BOULEVARD DE L AMIRAL BR;;;;750
48904;201300054297;13;9;19;930;1;2;1;1.0;4;116;AVENUE EDOUARD VAILLANT;;;;750
48905;201300054298;13;9;19;1300;1;2;1;1.0;6;116;ALLEE JEAN SABLON;;;;750
48906;201300054299;13;9;20;1040;1;2;5;1.0;3;116;1, ROUTE DES TRIBUNES;;;;750
48907;201300054300;13;9;20;1350;1;2;7;1.0;3;116;AVENUE D IENA;;;;750
48908;201300054301;13;9;18;1610;1;2;2;1.0;7;116;AVENUE DU PRESIDENT KENN;;;;750
48909;201300054302;13;9;22;1020;1;2;1;1.0;3;116;50, RUE JEAN DE LA FONTA;;;;750
48910;201300054303;13;9;22;2300;5;2;3;1.0;3;116;BOULEVARD SUCHET;;;;750
48911;201300054304;13;9;20;2100;5;2;1;1.0;3;116;ALLEE DE LA REINE MARGUE;;;;750
48912;201300054305;13;9;23;1000;1;2;1;1.0;4;116;1, PORTE D AUTEUIL;;;;750
48913;201300054306;13;9;23;1530;1;2;7;1.0;3;116;1, AVENUE DE L HIPPODROM;;;;750
48914;201300054307;13;9;23;1935;2;2;4;1.0;3;116;42, RUE DE BOULAINVILLIE;;;;750
48915;201300054308;13;9;23;845;1;2;2;1.0;3;116;BOULEVARD SUCHET;;;;750
48916;201300054310;13;9;23;1300;1;2;7;1.0;6;116;3, AVENUE DU GENERAL SAR;;;;750
48917;201300054311;13;9;24;1715;1;2;7;1.0;6;116;4, PLACE DU TROCADERO;;;;750
48918;201300054312;13;9;25;1530;1;2;1;1.0;7;116;35, RUE MIRABEAU;;;;750
48919;201300054313;13;9;25;2000;5;2;1;1.0;2;116;58, AVENUE DE VERSAILLES;;;;750
48920;201300054314;13;9;26;50;5;2;3;2.0;6;116;18, AVENUE DU PRESIDENT;;;;750
48921;201300054315;13;9;27;1035;1;2;1;1.0;2;116;ROUTE DE SURESNES;;;;750
48922;201300054316;13;9;27;1555;1;2;3;1.0;6;116;BOULEVARD LANNES;;;;750
48923;201300054317;13;9;27;1855;1;2;1;1.0;2;116;110, AVENUE RAYMOND POIN;;;;750
48924;201300054318;13;9;27;1650;1;2;4;1.0;3;116;AVENUE DE LA PORTE MOLIT;;;;750
48925;201300054319;13;9;28;910;1;2;1;1.0;7;116;AVENUE DE SAINT CLOUD;;;;750
48926;201300054320;13;9;29;10;5;2;3;2.0;3;116;87, BOULEVARD EXELMANS;;;;750
48927;201300054321;13;9;29;30;5;2;1;2.0;6;116;ALLEE DE LONGCHAMP;;;;750
48928;201300054322;13;9;29;1735;1;2;7;1.0;3;116;PLACE DU TROCADERO;;;;750
48929;201300054323;13;9;30;315;5;2;1;1.0;2;116;AVENUE DE SAINT CLOUD;;;;750
48930;201300054326;13;10;1;1750;1;2;7;1.0;2;116;AVENUE MARCEAU;;;;750
48931;201300054327;13;10;2;1420;1;2;1;1.0;2;116;83, AVENUE VICTOR HUGO;;;;750
48932;201300054328;13;10;2;1620;1;2;1;1.0;3;116;69, AVENUE RAYMOND POINC;;;;750
48933;201300054329;13;10;2;1730;1;2;1;1.0;2;116;146, RUE DE LONGCHAMP;;;;750
48934;201300054330;13;10;2;2320;5;2;1;1.0;2;116;ALLEE DES FORTIFICATIONS;;;;750
48935;201300054331;13;10;2;2350;5;2;1;1.0;1;116;ALLEE DE LA REINE MARGUE;;;;750
48936;201300054332;13;10;3;855;1;2;2;1.0;6;117;AVENUE DE VILLIERS;;;;750
48937;201300054333;13;10;3;950;1;2;1;1.0;3;116;BOULEVARD PERIPHERIQUE I;;;;750
48938;201300054334;13;10;4;1025;1;2;1;1.0;6;116;228, AVENUE DE VERSAILLE;;;;750
48939;201300054335;13;10;4;900;1;2;4;1.0;4;116;ROUTE DE LA MUETTE A NEU;;;;750
48940;201300054336;13;10;4;1655;1;2;1;1.0;6;116;ROUTE DE SEVRES A NEUILL;;;;750
48941;201300054337;13;10;4;1645;1;2;1;1.0;7;116;55, AVENUE DE LA GRANDE;;;;750
48942;201300054338;13;10;5;1630;1;2;1;1.0;2;116;77, RUE DE L ASSOMPTION;;;;750
48943;201300054339;13;10;5;1300;1;2;3;1.0;3;116;0, RUE SPONTINI;;;;750
48944;201300054340;13;10;9;1500;1;2;1;2.0;2;116;7, AVENUE FOCH;;;;750
48945;201300054341;13;10;9;1535;1;2;2;2.0;6;116;RUE PIERRE GUERIN;;;;750
48946;201300054342;13;10;9;1720;1;2;5;2.0;6;116;120, RUE JEAN DE LA FONT;;;;750
48947;201300054343;13;10;9;2020;5;2;7;9.0;3;116;3, PLACE D IENA;;;;750
48948;201300054344;13;10;10;1120;1;2;1;8.0;7;116;ROUTE DES TRIBUNES;;;;750
48949;201300054345;13;10;9;1900;2;2;7;1.0;6;116;44, AVENUE BUGEAUD;;;;750
48950;201300054346;13;10;10;1725;1;2;3;1.0;6;116;25, BOULEVARD DE L AMIRA;;;;750
48951;201300054347;13;10;11;25;5;2;5;1.0;3;116;10, RUE DE LA POMPE;;;;750
48952;201300054348;13;10;12;1625;1;2;2;1.0;5;116;AVENUE PAUL DOUMER;;;;750