;Num_Acc;an;mois;jour;hrmn;lum;agg;int;atm;col;com;adr;gps;lat;long;dep
48953;201300054351;13;10;16;945;1;2;1;1.0;2;116;ROUTE DE SEVRES A NEUILL;;;;750
48954;201300054352;13;10;16;2030;5;2;2;2.0;3;116;BOULEVARD EXELMANS;;;;750
48955;201300054353;13;10;18;25;5;2;7;1.0;3;116;PLACE CHARLES DE GAULLE;;;;750
48956;201300054354;13;10;18;1305;1;2;2;1.0;3;116;PLACE DE COLOMBIE;;;;750
48957;201300054355;13;10;19;1030;1;2;1;1.0;4;116;0, ROUTE DES TRIBUNES;;;;750
48958;201300054356;13;10;20;1141;1;2;3;1.0;3;116;116, AVENUE DU PRESIDENT;;;;750
48959;201300054357;13;10;20;1740;1;2;5;3.0;6;116;110, BOULEVARD EXELMANS;;;;750
48960;201300054358;13;10;21;1330;1;2;3;1.0;2;116;182, QUAI LOUIS BLERIOT;;;;750
48961;201300054359;13;10;21;1830;1;2;1;1.0;6;116;AVENUE PRUDHON;;;;750
48962;201300054360;13;10;23;1230;1;2;3;1.0;6;116;65, AVENUE VICTOR HUGO;;;;750
48963;201300054361;13;10;23;1035;1;2;2;1.0;2;116;27, AVENUE PIERRE 1ER DE;;;;750
48964;201300054362;13;10;23;1250;1;2;7;1.0;3;116;PLACE DE LA PORTE DE SAI;;;;750
48965;201300054363;13;10;24;954;1;2;2;1.0;3;116;BOULEVARD SUCHET;;;;750
48966;201300054364;13;10;24;1155;1;2;7;1.0;6;116;4, PLACE DU TROCADERO ET;;;;750
48967;201300054365;13;10;24;1700;1;2;1;1.0;4;116;ALLEE DU BORD DE L EAU;;;;750
48968;201300054366;13;10;24;1653;1;2;3;1.0;3;116;21, AVENUE DE VERSAILLES;;;;750
48969;201300054367;13;10;24;2320;5;2;2;1.0;6;116;ALLEE DE LONGCHAMP;;;;750
48970;201300054368;13;10;25;1745;1;2;2;2.0;6;116;32, BOULEVARD DE L AMIRA;;;;750
48971;201300054370;13;10;27;2255;5;2;2;3.0;6;116;37, BOULEVARD SUCHET;;;;750
48972;201300054371;13;10;28;700;2;2;7;2.0;3;116;1, PLACE CHARLES DE GAUL;;;;750
48973;201300054372;13;10;28;645;2;2;7;2.0;2;116;PLACE CHARLES DE GAULLE;;;;750
48974;201300054373;13;10;28;820;1;2;1;2.0;7;116;68, AVENUE D IENA;;;;750
48975;201300054374;13;10;28;1140;1;2;1;1.0;6;116;205, AVENUE DE VERSAILLE;;;;750
48976;201300054375;13;10;29;1800;2;2;4;1.0;2;116;BOULEVARD PERIPHERIQUE I;;;;750
48977;201300054376;13;10;31;615;5;2;3;1.0;6;116;AVENUE DE LA PORTE DE SA;;;;750
48978;201300054377;13;10;31;1030;1;2;1;1.0;6;116;49, AVENUE DE LA GRANDE;;;;750
48979;201300054378;13;10;31;1930;5;2;1;2.0;6;116;13, AVENUE D EYLAU;;;;750
48980;201300054380;13;11;1;1315;1;2;3;2.0;3;116;57 bis, AVENUE THEOPHILE;;;;750
48981;201300054382;13;11;4;840;1;2;1;8.0;7;116;VOIE GEORGES POMPIDOU;;;;750
48982;201300054383;13;11;4;1505;1;2;1;1.0;3;116;81, BOULEVARD SUCHET;;;;750
48983;201300054384;13;11;4;1710;2;2;3;1.0;3;116;107, AVENUE VICTOR HUGO;;;;750
48984;201300054385;13;11;5;1030;1;2;1;2.0;2;117;26, AVENUE DE LA GRANDE;;;;750
48985;201300054386;13;11;5;1100;1;2;7;2.0;7;116;AVENUE D IENA;;;;750
48986;201300054387;13;11;5;1430;1;2;2;2.0;6;116;AVENUE DE NEW YORK;;;;750
48987;201300054388;13;11;5;1605;1;2;1;2.0;4;116;VOIE GEORGES POMPIDOU;;;;750
48988;201300054389;13;11;5;1415;1;2;1;2.0;3;116;6, AVENUE KLEBER;;;;750
48989;201300054390;13;11;6;1100;1;2;1;1.0;3;116;32, AVENUE VICTOR HUGO;;;;750
48990;201300054391;13;11;7;1650;1;2;2;2.0;2;116;51, AVENUE MARCEAU;;;;750
48991;201300054392;13;11;7;1820;5;2;1;2.0;4;116;BOULEVARD PERIPHERIQUE E;;;;750
48992;201300054393;13;11;8;850;1;2;1;2.0;7;116;45, BOULEVARD SUCHET;;;;750
48993;201300054394;13;11;8;1240;1;2;2;2.0;7;116;RUE LECONTE DE LISLE;;;;750
48994;201300054395;13;11;8;1520;1;2;2;2.0;2;116;82, AVENUE KLEBER;;;;750
48995;201300054396;13;11;8;1825;5;2;2;2.0;7;116;33, BOULEVARD LANNES;;;;750
48996;201300054397;13;11;8;2010;5;2;3;1.0;3;116;ALLEE DE LA REINE MARGUE;;;;750
48997;201300054398;13;11;9;25;5;2;2;1.0;6;116;BOULEVARD SUCHET;;;;750
48998;201300054399;13;11;9;1105;1;2;1;1.0;6;116;102, AVENUE DU PRESIDENT;;;;750
48999;201300054400;13;11;10;1410;1;2;2;1.0;1;116;AVENUE DU MAHATMA GANDHI;;;;750
49000;201300054401;13;11;11;1145;1;2;2;1.0;3;116;10, AVENUE DU PRESIDENT;;;;750
49001;201300054402;13;11;11;1615;1;2;2;1.0;2;116;46, AVENUE D IENA;;;;750
49002;201300054403;13;11;11;1745;3;2;1;1.0;3;116;ROUTE DES TRIBUNES;;;;750
49003;201300054404;13;11;12;955;1;2;1;2.0;3;116;75 bis, AVENUE MARCEAU;;;;750
49004;201300054405;13;11;12;1500;1;2;3;2.0;6;116;191, BOULEVARD MURAT;;;;750
49005;201300054406;13;11;14;950;1;2;1;2.0;6;117;139, AVENUE DE VILLIERS;;;;750
49006;201300054407;13;11;13;1940;5;2;7;1.0;6;116;AVENUE DE LA PORTE DE SA;;;;750
49007;201300054408;13;11;14;1745;5;2;1;2.0;2;116;BOULEVARD PERIPHERIQUE;;;;750
49008;201300054409;13;11;15;1820;5;2;5;1.0;6;108;AVENUE GABRIEL;;;;750
49009;201300054410;13;11;16;1430;1;2;2;1.0;6;116;48, AVENUE VICTOR HUGO;;;;750
49010;201300054411;13;11;17;1350;1;2;2;8.0;7;116;39 bis, BOULEVARD EXELMA;;;;750
49011;201300054412;13;11;17;2000;5;2;1;1.0;7;116;64, RUE DE LA FAISANDERI;;;;750
49012;201300054414;13;11;18;840;1;2;1;1.0;1;116;8, AVENUE GORDON BENNETT;;;;750
49013;201300054415;13;11;19;1650;4;2;3;8.0;6;116;35, BOULEVARD DE BEAUSEJ;;;;750
49014;201300054416;13;11;19;2350;5;2;2;1.0;2;116;CHEMIN DE CEINTURE DU LA;;;;750
49015;201300054417;13;11;20;1705;5;2;3;2.0;6;116;21, AVENUE DE VERSAILLES;;;;750
49016;201300054418;13;11;20;1840;5;2;2;3.0;6;116;039, AVENUE MARCEAU;;;;750
49017;201300054419;13;11;20;2110;5;2;1;8.0;7;116;8, BOULEVARD ANDRE MAURO;;;;750
49018;201300054421;13;11;22;1230;1;2;1;1.0;6;116;195, AVENUE DE VERSAILLE;;;;750
49019;201300054422;13;11;25;1740;5;2;1;1.0;3;116;BOULEVARD PERIPHERIQUE E;;;;750
49020;201300054423;13;11;27;825;1;2;2;1.0;3;116;BOULEVARD DE MONTMORENCY;;;;750
49021;201300054424;13;11;27;2240;5;2;3;1.0;1;116;88, AVENUE KLEBER;;;;750
49022;201300054425;13;11;29;730;2;2;1;1.0;3;116;50, RUE MOLITOR;;;;750
49023;201300054426;13;11;29;2200;5;2;1;2.0;2;116;114, AVENUE DE VERSAILLE;;;;750
49024;201300054427;13;11;30;1520;1;2;1;1.0;6;116;41, BOULEVARD LANNES;;;;750
49025;201300054428;13;11;30;1700;5;2;7;1.0;3;117;PLACE CHARLES DE GAULLE;;;;750
49026;201300054429;13;12;1;355;5;2;1;1.0;7;116;CARREFOUR DE NORVEGE;;;;750
49027;201300054430;13;12;2;805;1;2;1;1.0;6;116;47, AVENUE D IENA;;;;750
49028;201300054431;13;12;2;945;1;2;5;1.0;3;116;RUE JOSEPH ET MARIE HACK;;;;750
49029;201300054432;13;12;2;1830;5;2;7;1.0;1;116;AVENUE DES NATIONS UNIES;;;;750
49030;201300054433;13;12;3;930;1;2;7;1.0;3;116;PLACE DU MARECHAL DE LAT;;;;750
49031;201300054434;13;12;3;1330;1;2;3;1.0;3;116;191, BOULEVARD MURAT;;;;750
49032;201300054435;13;12;4;950;1;2;2;1.0;2;116;RUE WILHEM;;;;750
49033;201300054436;13;12;4;1935;5;2;5;1.0;3;116;62, RUE MICHEL ANGE;;;;750
49034;201300054437;13;12;4;2100;5;2;1;1.0;3;116;VOIE GEORGES POMPIDOU;;;;750
49035;201300054438;13;12;4;2217;5;2;1;2.0;7;116;AVENUE FOCH;;;;750
49036;201300054439;13;12;5;1650;2;2;7;1.0;2;116;AVENUE D EYLAU;;;;750
49037;201300054440;13;12;5;2000;5;2;2;1.0;6;116;22, AVENUE RAYMOND POINC;;;;750
49038;201300054441;13;12;6;1500;1;2;5;1.0;3;116;ROUTE DE SURESNES;;;;750
49039;201300054443;13;12;7;1615;1;2;1;1.0;6;116;38, AVENUE VICTOR HUGO;;;;750
49040;201300054445;13;12;8;1320;1;2;5;1.0;6;116;ROUTE DE SEVRES A NEUILL;;;;750
49041;201300054446;13;12;8;2207;5;2;2;1.0;6;116;48, RUE RAFFET;;;;750
49042;201300054447;13;12;9;2130;5;2;7;1.0;6;116;PLACE DE LA PORTE MAILLO;;;;750
49043;201300054448;13;12;10;1240;1;2;2;1.0;3;116;82, AVENUE D IENA;;;;750
49044;201300054449;13;12;11;2315;5;2;4;1.0;3;116;1, RUE DE BOULAINVILLIER;;;;750
49045;201300054450;13;12;12;1045;1;2;5;1.0;3;116;17, RUE DE LA POMPE;;;;750
49046;201300054451;13;12;12;1250;1;2;3;1.0;6;116;4, AVENUE ALBERT DE MUN;;;;750
49047;201300054452;13;12;12;1500;1;2;3;1.0;2;116;66, AVENUE KLEBER;;;;750
49048;201300054453;13;12;12;1730;2;2;7;1.0;3;116;AVENUE DE LA GRANDE ARME;;;;750
49049;201300054454;13;12;12;1915;5;2;1;1.0;3;116;131, AVENUE DE VERSAILLE;;;;750
49050;201300054455;13;12;13;1850;5;2;1;2.0;6;116;116, RUE MICHEL ANGE;;;;750
49051;201300054457;13;12;13;2150;5;2;1;3.0;6;116;16, AVENUE THEOPHILE GAU;;;;750
49052;201300054458;13;12;13;2240;5;2;5;2.0;6;116;79, AVENUE KLEBER;;;;750
49053;201300054459;13;12;14;245;5;2;1;2.0;6;116;AVENUE DE L HIPPODROME;;;;750
49054;201300054460;13;12;14;330;5;2;7;2.0;3;116;0, PLACE CHARLES DE GAUL;;;;750
49055;201300054461;13;12;14;1635;2;2;1;1.0;6;116;AVENUE DE NEW YORK;;;;750
49056;201300054462;13;12;13;2035;5;2;3;2.0;6;116;67, AVENUE KLEBER;;;;750
49057;201300054463;13;12;16;1220;1;2;1;1.0;2;116;09bis, RUE DE BOULAINVIL;;;;750
49058;201300054464;13;12;16;1930;5;2;1;1.0;2;116;ALLEE DE LA REINE MARGUE;;;;750
49059;201300054467;13;12;19;1130;1;2;5;1.0;1;116;78, AVENUE HENRI MARTIN;;;;750
49060;201300054468;13;12;19;1915;5;2;1;1.0;6;116;27, AVENUE D EYLAU;;;;750
49061;201300054470;13;12;22;2000;5;2;2;2.0;6;117;192, RUE CARDINET;;;;750
49062;201300054471;13;12;25;2220;5;2;2;1.0;7;116;16, RUE CHARDON LAGACHE;;;;750
49063;201300054472;13;12;26;1300;1;2;1;7.0;6;116;15, RUE DE LA POMPE;;;;750
49064;201300054474;13;12;27;1910;5;2;2;2.0;7;116;PLACE DE LA PORTE D AUTE;;;;750
49065;201300054475;13;12;27;1850;5;2;1;2.0;7;116;PLACE DE LA PORTE MAILLO;;;;750
49066;201300054476;13;12;29;400;5;2;1;1.0;2;116;ALLEE DE LONGCHAMP;;;;750
49067;201300054477;13;2;4;1300;1;2;1;2.0;7;116;BOULEVARD SUCHET;;;;750
49068;201300054478;13;1;1;1800;5;2;2;2.0;3;117;77, AVENUE DE VILLIERS;;;;750
49069;201300054480;13;1;1;2130;5;2;7;1.0;6;116;25, AVENUE DE NEUILLY;;;;750
49070;201300054481;13;1;2;2045;5;2;7;1.0;3;117;2, PLACE DE LA PORTE MAI;;;;750
49071;201300054482;13;1;3;1105;1;2;5;2.0;6;117;138, BOULEVARD PEREIRE;;;;750
49072;201300054484;13;1;3;1810;5;2;1;2.0;3;117;67, BOULEVARD BERTHIER;;;;750
49073;201300054485;13;1;3;2000;5;2;1;1.0;6;117;19, AVENUE DE LA PORTE D;;;;750
49074;201300054486;13;1;6;35;5;2;1;2.0;3;117;190, AVENUE DE CLICHY;;;;750
49075;201300054487;13;1;7;1055;1;2;1;1.0;6;117;14, RUE THEODULE RIBOT;;;;750
49076;201300054488;13;1;3;1900;2;2;1;2.0;6;117;2, AVENUE PAUL ADAM;;;;750
49077;201300054489;13;1;8;1045;1;2;2;1.0;6;117;32, RUE JACQUES KELLNER;;;;750
49078;201300054490;13;1;9;740;2;2;4;1.0;6;117;55, RUE DES ACACIAS;;;;750
49079;201300054491;13;1;9;1410;1;2;1;8.0;3;117;190, AVENUE DE CLICHY;;;;750
49080;201300054492;13;1;9;1750;5;2;3;2.0;6;117;148, BOULEVARD MALESHERB;;;;750
49081;201300054493;13;1;10;825;1;2;3;2.0;6;117;104, BOULEVARD BESSIERES;;;;750
49082;201300054497;13;1;11;1130;1;2;4;1.0;3;117;76, AVENUE DES TERNES;;;;750
49083;201300054498;13;1;11;1520;1;2;3;1.0;3;117;43, RUE DES ACACIAS;;;;750
49084;201300054499;13;1;11;1935;5;2;3;2.0;6;117;141, AVENUE DE CLICHY;;;;750
49085;201300054500;13;1;11;1300;1;2;1;1.0;6;117;24, AVENUE DE LA GRANDE;;;;750
49086;201300054502;13;1;14;2010;5;2;3;4.0;6;117;180, AVENUE DE CLICHY;;;;750
49087;201300054503;13;1;15;900;1;2;2;2.0;3;117;40, RUE DES BATIGNOLLES;;;;750
49088;201300054504;13;1;16;1145;1;2;7;1.0;3;116;2, PLACE DE LA PORTE MAI;;;;750
49089;201300054505;13;1;16;2000;5;2;4;1.0;6;117;BOULEVARD DE LA SOMME;;;;750
49090;201300054506;13;1;22;1405;1;2;3;2.0;7;117;95, RUE TRUFFAUT;;;;750
49091;201300054507;13;1;23;1850;5;2;1;1.0;6;117;145, AVENUE DE VILLIERS;;;;750
49092;201300054508;13;1;25;1745;4;2;7;1.0;3;117;16, PLACE CHARLES FILLIO;;;;750
49093;201300054509;13;1;27;655;5;2;2;1.0;6;117;160, AVENUE DE CLICHY;;;;750
49094;201300054510;13;1;29;1820;5;2;4;1.0;3;117;AVENUE DE LA PORTE DE CL;;;;750
49095;201300054511;13;1;31;1000;1;2;1;1.0;7;117;160/162, RUE CARDINET;;;;750
49096;201300054512;13;1;31;905;1;2;2;1.0;3;117;18, AVENUE MAC MAHON;;;;750
49097;201300054513;13;2;2;1900;5;2;1;2.0;6;117;142, BOULEVARD BERTHIER;;;;750
49098;201300054515;13;2;4;1415;1;2;2;1.0;6;117;RUE LA CONDAMINE;;;;750
49099;201300054516;13;2;4;1720;1;2;2;1.0;6;117;190, RUE CARDINET;;;;750
49100;201300054517;13;2;5;935;1;2;1;2.0;7;117;07, RUE POUCHET;;;;750
49101;201300054518;13;2;5;2010;5;2;2;1.0;7;117;8, RUE JULES BOURDAIS;;;;750
49102;201300054520;13;2;6;1530;1;2;7;1.0;3;117;1, PLACE PAUL LEAUTAUD;;;;750
49103;201300054521;13;2;7;1915;2;2;2;1.0;6;117;2, BOULEVARD BESSIERES;;;;750
49104;201300054522;13;2;7;2005;5;2;5;1.0;3;117;PLACE DE LA PORTE MAILLO;;;;750
49105;201300054523;13;2;10;30;5;2;2;1.0;3;117;25, RUE LA CONDAMINE;;;;750
49106;201300054524;13;2;10;555;5;2;2;2.0;6;117;6, AVENUE DE LA GRANDE A;;;;750
49107;201300054526;13;2;15;2115;5;2;1;1.0;4;117;188, BOULEVARD MALESHERB;;;;750
49108;201300054527;13;2;16;220;5;2;1;1.0;2;117;2, PLACE DE LA PORTE MAI;;;;750
49109;201300054529;13;2;16;1010;1;2;2;1.0;3;117;34, AVENUE DE LA PORTE D;;;;750
49110;201300054531;13;2;21;915;1;2;2;1.0;6;117;174, AVENUE DE CLICHY;;;;750
49111;201300054532;13;2;22;1530;1;2;3;1.0;1;117;101, AVENUE DE CLICHY;;;;750
49112;201300054533;13;2;22;1700;1;2;3;8.0;3;117;75, AVENUE DE CLICHY;;;;750
49113;201300054534;13;2;22;1700;5;2;1;8.0;3;117;107, AVENUE DE SAINT OUE;;;;750
49114;201300054535;13;2;24;1850;5;2;2;4.0;6;117;14, AVENUE MAC MAHON;;;;750
49115;201300054536;13;2;25;1945;5;2;7;2.0;1;117;6, PLACE GENERAL CATROUX;;;;750
49116;201300054537;13;2;27;1400;1;2;2;1.0;6;117;1, RUE JEAN LECLAIRE;;;;750
49117;201300054538;13;2;27;1645;1;2;2;1.0;1;117;05, AVENUE DE LA PORTE D;;;;750
49118;201300054539;13;3;1;735;2;2;2;1.0;2;117;135, RUE DE ROME;;;;750
49119;201300054541;13;3;1;1900;5;2;1;1.0;2;117;62, AVENUE DES TERNES;;;;750
49120;201300054542;13;3;2;650;2;2;2;1.0;3;117;04, AVENUE DE LA GRANDE;;;;750
49121;201300054543;13;3;4;1230;1;2;5;1.0;3;117;1, BOULEVARD PERSHING;;;;750
49122;201300054544;13;3;6;1150;1;2;1;1.0;3;117;26, AVENUE DE LA GRANDE;;;;750
49123;201300054545;13;3;6;1845;5;2;2;2.0;2;117;02, AVENUE DE LA GRANDE;;;;750
49124;201300054546;13;3;6;2325;5;2;1;1.0;3;117;AVENUE DE LA PORTE DES T;;;;750
49125;201300054547;13;3;11;2210;5;2;1;4.0;7;117;275, BOULEVARD PEREIRE;;;;750
49126;201300054548;13;3;18;915;1;2;3;1.0;2;117;148, BOULEVARD MALESHERB;;;;750
49127;201300054549;13;3;18;1915;1;2;7;1.0;7;117;/, PLACE CHARLES DE GAUL;;;;750
49128;201300054552;13;3;21;1445;1;2;7;1.0;3;117;4-10, PLACE DE LA PORTE;;;;750
49129;201300054553;13;3;22;905;1;2;4;1.0;3;117;27, AVENUE MAC MAHON;;;;750
49130;201300054554;13;3;24;2050;5;2;2;1.0;7;117;165, RUE DE ROME;;;;750
49131;201300054555;13;3;26;1115;1;2;1;1.0;7;117;16, PLACE DE VERDUN;;;;750
49132;201300054556;13;3;26;1510;1;2;2;1.0;3;117;RUE DE ROME;;;;750
49133;201300054557;13;3;26;1620;1;2;1;1.0;6;117;145, BOULEVARD MALESHERB;;;;750
49134;201300054558;13;3;28;1540;1;2;3;1.0;3;117;74, AVENUE DE CLICHY;;;;750
49135;201300054559;13;3;28;2055;5;2;3;1.0;3;117;14, RUE D HELIOPOLIS;;;;750
49136;201300054560;13;3;29;1355;1;2;3;1.0;3;117;173, AVENUE DE CLICHY;;;;750
49137;201300054561;13;3;29;1435;1;2;3;1.0;7;117;30, RUE MARGUERITE LONG;;;;750
49138;201300054562;13;3;29;1850;1;2;7;1.0;6;117;69, AVENUE DES TERNES;;;;750
49139;201300054563;13;3;31;1325;1;2;1;1.0;2;117;205, BOULEVARD MALESHERB;;;;750
49140;201300054564;13;4;3;1850;1;2;5;1.0;6;117;7, AVENUE NIEL;;;;750
49141;201300054565;13;4;6;1340;1;2;5;1.0;3;117;1, BOULEVARD PERSHING;;;;750
49142;201300054566;13;4;7;1800;1;2;5;1.0;6;117;141, BOULEVARD PEREIRE;;;;750
49143;201300054567;13;4;8;910;1;2;2;2.0;3;117;19, RUE BROCHANT;;;;750
49144;201300054568;13;4;8;2015;2;2;3;1.0;7;117;75, AVENUE DE CLICHY;;;;750
49145;201300054569;13;4;9;1545;1;2;3;2.0;2;117;1, BOULEVARD DU BOIS LE;;;;750
49146;201300054570;13;4;9;1800;1;2;1;1.0;1;117;85, AVENUE DE CLICHY;;;;750
49147;201300054571;13;4;10;1105;1;2;1;2.0;3;117;124, AVENUE DE VILLIERS;;;;750
49148;201300054572;13;4;11;125;5;2;4;2.0;6;117;5, RUE GUTTIN;;;;750
49149;201300054573;13;4;11;1640;1;2;3;2.0;6;117;121, AVENUE DE CLICHY;;;;750
49150;201300054574;13;4;11;1625;1;2;4;2.0;3;117;62, RUE LAUGIER;;;;750
49151;201300054576;13;4;12;1735;1;2;4;2.0;2;117;06, BOULEVARD PERSHING;;;;750
49152;201300054577;13;4;14;2205;5;2;2;1.0;7;117;44, RUE LA CONDAMINE;;;;750
49153;201300054578;13;4;16;940;1;2;1;1.0;6;117;3, RUE LEON JOST;;;;750
49154;201300054579;13;4;16;1745;1;2;2;1.0;2;117;75 ter, AVENUE DE WAGRAM;;;;750
49155;201300054580;13;4;18;2030;5;2;1;1.0;2;117;30 BIS, AVENUE NIEL;;;;750
49156;201300054581;13;4;19;915;1;2;7;1.0;3;117;5, PLACE DE WAGRAM;;;;750
49157;201300054582;13;4;19;900;1;2;1;1.0;2;117;139, AVENUE DE VILLIERS;;;;750
49158;201300054583;13;4;20;1510;1;2;2;1.0;3;117;17, RUE GUY MOQUET;;;;750
49159;201300054584;13;4;20;1713;1;2;1;1.0;6;117;38, BOULEVARD BERTHIER;;;;750
49160;201300054585;13;4;22;1000;1;2;1;1.0;7;117;145, RUE DE SAUSSURE;;;;750
49161;201300054586;13;4;25;915;1;2;5;1.0;3;117;9, AVENUE NIEL;;;;750
49162;201300054587;13;4;25;1850;1;2;1;1.0;6;117;60, BOULEVARD GOUVION SA;;;;750
49163;201300054588;13;4;26;1300;1;2;1;1.0;2;117;BOULEVARD PERIPHERIQUE;;;;750
49164;201300054589;13;4;27;2205;5;2;7;1.0;3;116;PLACE DE LA PORTE MAILLO;;;;750
49165;201300054590;13;4;29;200;5;2;3;1.0;6;117;83, AVENUE NIEL;;;;750
49166;201300054591;13;4;29;1450;1;2;3;1.0;6;117;2, RUE AUMONT THIEVILLE;;;;750
49167;201300054592;13;4;29;1730;1;2;7;1.0;2;117;PLACE DE LA REPUBLIQUE D;;;;750
49168;201300054594;13;5;2;2150;5;2;3;1.0;2;117;22, AVENUE DE LA GRANDE;;;;750
49169;201300054596;13;5;6;1310;1;2;5;2.0;6;117;143, AVENUE DE VILLIERS;;;;750
49170;201300054597;13;5;6;1900;1;2;2;1.0;3;117;47, RUE DES BATIGNOLLES;;;;750
49171;201300054598;13;5;7;920;1;2;3;1.0;6;117;161, BOULEVARD MALESHERB;;;;750
49172;201300054599;13;5;9;125;5;2;2;1.0;2;117;129, AVENUE DE CLICHY;;;;750
49173;201300054600;13;5;9;1325;1;2;3;1.0;7;117;16, RUE GUILLAUME TELL;;;;750
49174;201300054601;13;5;9;1700;1;2;2;1.0;3;117;32, RUE JACQUES KELLNER;;;;750
49175;201300054603;13;5;11;1640;1;2;2;1.0;3;117;90, RUE LEGENDRE;;;;750
49176;201300054604;13;5;14;1910;1;2;4;1.0;6;117;12, AVENUE DE LA PORTE D;;;;750
49177;201300054605;13;5;15;1200;1;2;4;1.0;3;117;79, AVENUE DES TERNES;;;;750
49178;201300054606;13;5;15;1815;1;2;2;1.0;6;117;113, AVENUE DE CLICHY;;;;750
49179;201300054607;13;5;17;1910;1;2;1;1.0;2;117;22 bis, RUE JOUFFROY D A;;;;750
49180;201300054608;13;5;19;1915;1;2;1;2.0;6;117;6, RUE LA CONDAMINE;;;;750
49181;201300054609;13;5;20;35;5;2;5;3.0;3;117;AVENUE DE LA PORTE D ASN;;;;750
49182;201300054610;13;5;21;1100;1;2;3;8.0;6;117;224, RUE DE COURCELLES;;;;750
49183;201300054611;13;5;21;1435;1;2;4;2.0;3;117;BOULEVARD PERSHING;;;;750
49184;201300054612;13;5;21;1520;1;2;1;1.0;6;117;101, RUE DE TOCQUEVILLE;;;;750
49185;201300054613;13;5;22;2250;5;2;3;1.0;2;117;168, BOULEVARD MALESHERB;;;;750
49186;201300054614;13;5;23;1422;1;2;7;1.0;3;117;82, AVENUE DE LA GRANDE;;;;750
49187;201300054615;13;5;23;1700;1;2;2;2.0;2;117;91, RUE DE ROME;;;;750
49188;201300054616;13;5;23;1955;2;2;5;1.0;3;117;133, AVENUE DE VILLIERS;;;;750
49189;201300054617;13;5;24;1430;1;2;1;2.0;2;117;126, BOULEVARD BERTHIER;;;;750
49190;201300054618;13;5;24;1530;1;2;1;3.0;3;117;90, BOULEVARD DE COURCEL;;;;750
49191;201300054619;13;5;24;1645;1;2;3;2.0;3;117;11, AVENUE DE SAINT OUEN;;;;750
49192;201300054621;13;5;25;350;5;2;6;2.0;6;117;BOULEVARD BERTHIER;;;;750
49193;201300054622;13;5;25;215;5;2;1;1.0;7;117;60, RUE DE PRONY;;;;750
49194;201300054623;13;5;26;1555;1;2;7;1.0;4;117;1 bis, AVENUE MAC MAHON;;;;750
49195;201300054624;13;5;26;1730;1;2;1;1.0;6;117;142, BOULEVARD BERTHIER;;;;750
49196;201300054625;13;5;28;2330;5;2;7;1.0;6;117;5, PLACE DE WAGRAM;;;;750
49197;201300054626;13;5;29;1445;1;2;5;1.0;2;117;36, AVENUE NIEL;;;;750
49198;201300054627;13;5;30;755;1;2;2;8.0;6;117;3, RUE FARADAY;;;;750
49199;201300054628;13;5;30;825;1;2;1;2.0;2;117;86, AVENUE DE VILLIERS;;;;750
49200;201300054629;13;5;30;915;1;2;1;1.0;4;116;BOULEVARD PERIPHERIQUE I;;;;750
49201;201300054630;13;5;30;1750;1;2;3;2.0;6;117;92, AVENUE DE VILLIERS;;;;750
49202;201300054631;13;5;30;2020;1;2;1;2.0;2;117;89, BOULEVARD BESSIERES;;;;750
49203;201300054632;13;6;1;1000;1;2;2;1.0;3;117;32, RUE JOUFFROY D ABBAN;;;;750
49204;201300054633;13;6;1;1500;1;2;1;1.0;4;117;196, BOULEVARD MALESHERB;;;;750
49205;201300054634;13;6;2;1120;1;2;7;1.0;3;117;4, PLACE DE LA PORTE DE;;;;750
49206;201300054635;13;6;3;1725;1;2;1;1.0;6;117;26, RUE JOUFFROY D ABBAN;;;;750
49207;201300054636;13;6;4;320;5;2;4;1.0;6;117;107, BOULEVARD BESSIERES;;;;750
49208;201300054637;13;6;4;1150;1;2;3;1.0;3;117;05, RUE DU DOCTEUR PAUL;;;;750
49209;201300054638;13;6;5;800;1;2;5;1.0;3;117;70, BOULEVARD DES BATIGN;;;;750
49210;201300054639;13;6;5;1100;1;2;1;1.0;3;117;56, BOULEVARD BERTHIER;;;;750
49211;201300054640;13;6;5;1250;1;2;4;1.0;3;117;5, AVENUE DE VILLIERS;;;;750
49212;201300054641;13;6;6;750;1;2;1;1.0;3;117;150, AVENUE DE CLICHY;;;;750
49213;201300054643;13;6;7;1350;1;2;7;1.0;3;117;63, AVENUE DE WAGRAM;;;;750
49214;201300054645;13;6;7;1500;1;2;7;1.0;2;117;10, BOULEVARD PERSHING;;;;750
49215;201300054646;13;6;10;915;1;2;2;1.0;6;117;111, AVENUE DE CLICHY;;;;750
49216;201300054647;13;6;10;945;1;2;3;1.0;3;117;9, AVENUE DE LA PORTE D;;;;750
49217;201300054648;13;6;10;1110;1;2;2;1.0;6;117;10, AVENUE DES TERNES;;;;750
49218;201300054649;13;6;10;1555;1;2;1;1.0;6;117;41, AVENUE DES TERNES;;;;750
49219;201300054652;13;6;13;1515;1;2;5;2.0;3;117;0, RUE GUY MOQUET;;;;750
49220;201300054653;13;6;13;1845;1;2;1;1.0;3;117;2, PLACE DU GENERAL KOEN;;;;750
49221;201300054654;13;6;13;1935;1;2;3;1.0;6;117;100, AVENUE DE CLICHY;;;;750
49222;201300054655;13;6;13;2145;2;2;2;1.0;6;117;186, RUE CARDINET;;;;750