;Num_Acc;an;mois;jour;hrmn;lum;agg;int;atm;col;com;adr;gps;lat;long;dep
49223;201300054656;13;6;14;6;5;2;2;1.0;3;117;RUE POUCHET;;;;750
49224;201300054657;13;6;14;1200;1;2;1;1.0;6;117;88, RUE PIERRE DEMOURS;;;;750
49225;201300054658;13;6;15;415;3;2;5;1.0;2;117;78, AVENUE DE WAGRAM;;;;750
49226;201300054659;13;6;17;1800;1;2;1;2.0;6;117;75, RUE DE SAUSSURE;;;;750
49227;201300054660;13;6;17;1935;1;2;1;2.0;2;117;127, AVENUE DE CLICHY;;;;750
49228;201300054661;13;6;17;530;2;2;1;1.0;2;117;BOULEVARD PERIPHERIQUE E;;;;750
49229;201300054662;13;6;18;1545;1;2;7;1.0;3;117;02, PLACE DE LA PORTE MA;;;;750
49230;201300054663;13;6;19;1600;1;2;5;1.0;6;117;1, AVENUE DE VILLIERS;;;;750
49231;201300054664;13;6;20;1430;1;2;5;8.0;7;117;AVENUE DE LA PORTE DE CL;;;;750
49232;201300054665;13;6;20;1440;1;2;5;1.0;6;117;02, BOULEVARD DE REIMS;;;;750
49233;201300054666;13;6;20;1810;1;2;2;1.0;6;117;2, PLACE DU GENERAL KOEN;;;;750
49234;201300054667;13;6;21;900;1;2;2;1.0;3;117;BOULEVARD DE DOUAUMONT;;;;750
49235;201300054668;13;6;23;645;1;2;2;1.0;3;117;RUE DE ROME;;;;750
49236;201300054669;13;6;24;950;1;2;2;1.0;1;117;07, AVENUE DE WAGRAM;;;;750
49237;201300054670;13;6;24;1420;1;2;1;1.0;7;117;77 bis, RUE LEGENDRE;;;;750
49238;201300054671;13;6;24;1950;1;2;3;1.0;6;117;73, AVENUE DE CLICHY;;;;750
49239;201300054672;13;6;25;1730;1;2;1;1.0;6;117;25, AVENUE DE SAINT OUEN;;;;750
49240;201300054674;13;6;26;15;5;2;2;1.0;2;117;145, RUE CARDINET;;;;750
49241;201300054675;13;6;26;1845;1;2;2;1.0;6;117;36, RUE LEMERCIER;;;;750
49242;201300054676;13;6;29;220;5;2;7;1.0;3;117;16, PLACE GENERAL CATROU;;;;750
49243;201300054677;13;7;1;1400;1;2;1;1.0;3;117;95, RUE DE TOCQUEVILLE;;;;750
49244;201300054678;13;7;2;1300;1;2;5;1.0;2;117;160, BOULEVARD BERTHIER;;;;750
49245;201300054680;13;7;4;1805;1;2;1;1.0;6;117;190, AVENUE DE CLICHY;;;;750
49246;201300054681;13;7;8;1900;1;2;5;1.0;3;117;AVENUE DE WAGRAM;;;;750
49247;201300054682;13;7;10;1140;1;2;3;1.0;6;117;8 bis, RUE BARON;;;;750
49248;201300054683;13;7;10;1825;1;2;1;1.0;6;108;38, BOULEVARD DE COURCEL;;;;750
49249;201300054684;13;7;12;1700;1;2;2;1.0;5;117;89, RUE DE ROME;;;;750
49250;201300054685;13;7;13;1800;1;2;5;1.0;6;117;145, AVENUE DE VILLIERS;;;;750
49251;201300054686;13;7;13;1755;1;2;4;1.0;2;117;4 et 6, BOULEVARD PERSHI;;;;750
49252;201300054687;13;7;13;2235;5;2;1;1.0;3;117;161, RUE DE COURCELLES;;;;750
49253;201300054688;13;7;19;1410;1;2;2;1.0;3;117;33, RUE BOURSAULT;;;;750
49254;201300054689;13;7;20;1200;1;2;1;1.0;2;117;195, BOULEVARD MALESHERB;;;;750
49255;201300054690;13;7;21;225;5;2;3;1.0;3;117;170, RUE CARDINET;;;;750
49256;201300054691;13;7;21;1210;1;2;5;1.0;2;117;02, AVENUE DE VILLIERS;;;;750
49257;201300054693;13;7;24;1140;1;2;2;1.0;6;117;16, RUE BAYEN;;;;750
49258;201300054694;13;7;25;915;1;2;1;1.0;6;117;1, BOULEVARD DU FORT DE;;;;750
49259;201300054695;13;7;27;930;1;2;5;1.0;2;117;11, PLACE DE LA PORTE DE;;;;750
49260;201300054696;13;8;1;1100;1;2;3;1.0;6;117;RUE BROCHANT;;;;750
49261;201300054697;13;8;1;2225;5;2;1;1.0;6;117;9, RUE ANDRE BRECHET;;;;750
49262;201300054698;13;8;2;1535;1;2;7;1.0;2;117;1, PLACE CHARLES DE GAUL;;;;750
49263;201300054699;13;8;2;1608;1;2;5;1.0;3;117;2, BOULEVARD GOUVION SAI;;;;750
49264;201300054700;13;8;8;820;1;2;7;1.0;6;117;11, PLACE GENERAL CATROU;;;;750
49265;201300054701;13;8;9;1530;1;2;3;1.0;3;118;68, AVENUE DE SAINT OUEN;;;;750
49266;201300054703;13;8;13;1710;1;2;3;1.0;6;117;8-10, RUE SAINT JUST;;;;750
49267;201300054704;13;8;14;30;5;2;1;1.0;6;117;5, AVENUE DE LA PORTE DE;;;;750
49268;201300054705;13;8;14;1920;1;2;2;1.0;3;117;62, RUE DE PRONY;;;;750
49269;201300054706;13;8;20;920;1;2;1;1.0;6;117;17-23, AVENUE DE LA PORT;;;;750
49270;201300054707;13;8;21;930;1;2;1;1.0;1;117;99, AVENUE DE VILLIERS;;;;750
49271;201300054708;13;8;21;1206;1;2;2;1.0;7;117;RUE JEAN OESTREICHER;;;;750
49272;201300054709;13;8;22;5;5;2;2;1.0;3;117;RUE LA CONDAMINE;;;;750
49273;201300054710;13;8;22;1515;1;2;5;1.0;3;117;90, RUE DE PRONY;;;;750
49274;201300054711;13;8;25;105;5;2;1;3.0;6;117;10, BOULEVARD DES BATIGN;;;;750
49275;201300054712;13;8;26;910;1;2;1;1.0;7;117;66, BOULEVARD DE COURCEL;;;;750
49276;201300054713;13;8;27;725;2;2;2;1.0;2;117;27, AVENUE DE CLICHY;;;;750
49277;201300054714;13;8;29;645;2;2;1;1.0;7;117;07, PLACE DES TERNES;;;;750
49278;201300054715;13;8;29;900;1;2;4;1.0;2;117;17, BOULEVARD BESSIERES;;;;750
49279;201300054716;13;8;30;1200;1;2;4;1.0;3;117;AVENUE DE LA PORTE D ASN;;;;750
49280;201300054717;13;9;4;410;5;2;3;1.0;6;117;127, RUE DE SAUSSURE;;;;750
49281;201300054718;13;9;4;1100;1;2;1;1.0;3;117;26, AVENUE DE LA PORTE D;;;;750
49282;201300054719;13;9;4;1200;1;2;2;1.0;6;117;19, BOULEVARD PEREIRE;;;;750
49283;201300054720;13;9;4;2330;5;2;1;1.0;6;117;3, AVENUE DE CLICHY;;;;750
49284;201300054721;13;9;8;330;5;2;3;1.0;3;117;AVENUE DE CLICHY;;;;750
49285;201300054722;13;9;10;1250;1;2;4;1.0;7;117;21, AVENUE DE WAGRAM;;;;750
49286;201300054723;13;9;11;840;1;2;2;1.0;3;117;BOULEVARD DU BOIS LE PRE;;;;750
49287;201300054724;13;9;11;1240;1;2;1;1.0;4;117;38, BOULEVARD DE COURCEL;;;;750
49288;201300054725;13;9;11;1600;1;2;2;1.0;3;117;0, RUE NOLLET;;;;750
49289;201300054728;13;9;13;1105;1;2;1;2.0;7;117;48, BOULEVARD DES BATIGN;;;;750
49290;201300054729;13;9;13;2030;5;2;3;8.0;2;117;107, BOULEVARD BESSIERES;;;;750
49291;201300054730;13;9;16;1300;1;2;1;1.0;4;117;118, RUE DE COURCELLES;;;;750
49292;201300054731;13;9;17;900;1;2;2;1.0;2;117;125, BOULEVARD MALESHERB;;;;750
49293;201300054732;13;9;17;1823;1;2;2;2.0;3;117;50, AVENUE DE LA GRANDE;;;;750
49294;201300054733;13;9;17;1945;5;2;1;2.0;7;117;120, BOULEVARD DE COURCE;;;;750
49295;201300054734;13;9;17;2300;5;2;4;2.0;6;117;34, BOULEVARD BESSIERES;;;;750
49296;201300054736;13;9;19;1700;1;2;1;1.0;1;117;32, BOULEVARD BERTHIER;;;;750
49297;201300054737;13;9;19;1655;1;2;2;1.0;3;117;16, AVENUE DE LA GRANDE;;;;750
49298;201300054738;13;9;20;25;5;2;3;1.0;6;117;38, AVENUE DE LA GRANDE;;;;750
49299;201300054739;13;9;20;850;1;2;7;2.0;6;117;PLACE DU GENERAL KOENIG;;;;750
49300;201300054740;13;9;20;1730;1;2;7;1.0;6;117;RUE DE PRONY;;;;750
49301;201300054741;13;9;21;1645;1;2;3;1.0;6;117;4BIS, RUE GUSTAVE DORE;;;;750
49302;201300054742;13;9;24;1000;1;2;5;1.0;3;117;48, RUE DE PRONY;;;;750
49303;201300054743;13;9;24;1345;1;2;7;1.0;3;117;67, AVENUE DES TERNES;;;;750
49304;201300054744;13;9;24;2030;5;2;5;1.0;3;117;RUE DE ROME;;;;750
49305;201300054745;13;9;26;2045;5;2;1;1.0;2;117;2, BOULEVARD DU FORT DE;;;;750
49306;201300054746;13;9;27;1745;1;2;1;1.0;7;117;145, AVENUE DE VILLIERS;;;;750
49307;201300054747;13;9;27;1930;2;2;1;1.0;7;117;75, RUE POUCHET;;;;750
49308;201300054748;13;9;29;715;3;2;3;1.0;6;117;41, AVENUE DE CLICHY;;;;750
49309;201300054749;13;9;29;630;5;2;3;1.0;6;118;4, AVENUE DE CLICHY;;;;750
49310;201300054750;13;10;1;907;1;2;2;1.0;6;117;17, RUE FREDERIC BRUNET;;;;750
49311;201300054751;13;10;1;940;1;2;3;1.0;6;117;145, BOULEVARD MALESHERB;;;;750
49312;201300054752;13;10;1;930;1;1;4;8.0;3;117;14, AVENUE DE VILLIERS;;;;750
49313;201300054753;13;10;1;1210;1;2;1;1.0;3;117;125, RUE DE ROME;;;;750
49314;201300054754;13;10;1;1230;1;2;1;1.0;6;117;98, AVENUE DE VILLIERS;;;;750
49315;201300054755;13;10;2;920;1;2;1;1.0;2;117;04, BOULEVARD DE REIMS;;;;750
49316;201300054756;13;10;2;1535;1;2;3;1.0;6;117;103 bis, RUE NOLLET;;;;750
49317;201300054757;13;10;4;1035;1;2;7;1.0;3;117;PLACE CHARLES DE GAULLE;;;;750
49318;201300054758;13;10;5;1555;1;2;1;1.0;6;117;8, AVENUE DES TERNES;;;;750
49319;201300054760;13;10;7;1525;1;2;1;1.0;3;117;43, AVENUE DE WAGRAM;;;;750
49320;201300054762;13;10;9;1610;1;2;7;1.0;7;117;6, PLACE DU MARECHAL JUI;;;;750
49321;201300054763;13;10;9;1720;1;2;5;2.0;6;117;2, BOULEVARD PEREIRE;;;;750
49322;201300054764;13;10;9;1945;5;2;5;2.0;3;117;160, BOULEVARD BERTHIER;;;;750
49323;201300054765;13;10;10;1015;1;2;3;1.0;3;117;143, AVENUE DE SAINT OUE;;;;750
49324;201300054766;13;10;11;1520;1;2;1;1.0;6;117;104-106, BOULEVARD BESSI;;;;750
49325;201300054767;13;10;13;1030;1;2;3;1.0;2;117;162, AVENUE DE CLICHY;;;;750
49326;201300054768;13;10;16;2000;5;2;1;2.0;5;117;BOULEVARD PERIPHERIQUE;;;;750
49327;201300054769;13;10;17;820;1;2;4;1.0;6;117;9, BOULEVARD DE DIXMUDE;;;;750
49328;201300054770;13;10;17;1245;1;2;1;1.0;6;117;390, AVENUE DE CLICHY;;;;750
49329;201300054771;13;10;17;2140;5;2;7;1.0;2;117;116, AVENUE DE VILLIERS;;;;750
49330;201300054772;13;10;20;144;5;2;5;1.0;3;117;BOULEVARD BERTHIER;;;;750
49331;201300054774;13;10;22;1155;1;2;1;1.0;6;117;95, RUE DE TOCQUEVILLE;;;;750
49332;201300054775;13;10;22;1415;1;2;2;1.0;2;117;BOULEVARD DE REIMS;;;;750
49333;201300054776;13;10;22;1930;5;2;1;1.0;4;117;25, BOULEVARD GOUVION SA;;;;750
49334;201300054777;13;10;23;1900;5;2;1;1.0;7;117;BOULEVARD BERTHIER;;;;750
49335;201300054779;13;10;24;1445;1;2;1;1.0;6;117;106, AVENUE DE VILLIERS;;;;750
49336;201300054780;13;10;24;1600;1;2;2;1.0;6;117;156, RUE CARDINET;;;;750
49337;201300054781;13;10;24;1650;1;2;3;1.0;6;117;41, AVENUE DE CLICHY;;;;750
49338;201300054782;13;10;24;2130;5;2;5;1.0;6;117;02, AVENUE DE VILLIERS;;;;750
49339;201300054785;13;10;25;800;1;2;2;1.0;6;117;46, BOULEVARD BESSIERES;;;;750
49340;201300054786;13;10;26;1240;1;2;2;1.0;3;117;73, RUE DE PRONY;;;;750
49341;201300054787;13;10;26;1830;5;2;2;1.0;2;117;AVENUE DE LA GRANDE ARME;;;;750
49342;201300054788;13;10;27;230;5;2;7;1.0;6;117;PLACE DU BRESIL;;;;750
49343;201300054789;13;10;27;545;5;2;4;6.0;2;117;0, AVENUE DE LA PORTE DE;;;;750
49344;201300054790;13;10;28;930;1;2;2;2.0;2;117;132, RUE DE COURCELLES;;;;750
49345;201300054791;13;10;29;1845;5;2;2;1.0;6;117;43, RUE JOUFFROY D ABBAN;;;;750
49346;201300054792;13;10;29;1830;5;2;1;2.0;7;117;26, AVENUE DE VILLIERS;;;;750
49347;201300054793;13;10;29;1910;3;2;4;1.0;6;117;/, BOULEVARD PERIPHERIQU;;;;750
49348;201300054794;13;10;31;845;1;2;7;1.0;6;117;6, PLACE DU GENERAL KOEN;;;;750
49349;201300054795;13;10;31;1430;1;2;3;1.0;3;117;6, AVENUE DE LA PORTE DE;;;;750
49350;201300054796;13;11;2;1930;5;2;1;1.0;6;117;BOULEVARD PERIPHERIQUE;;;;750
49351;201300054797;13;11;3;40;5;2;2;1.0;6;117;AVENUE DE VILLIERS;;;;750
49352;201300054798;13;11;4;850;1;2;5;1.0;6;117;BOULEVARD BERTHIER;;;;750
49353;201300054799;13;11;4;915;1;2;4;1.0;6;117;7, AVENUE DE VILLIERS;;;;750
49354;201300054800;13;11;4;2130;3;2;7;1.0;2;117;31, AVENUE DE VILLIERS;;;;750
49355;201300054801;13;11;7;920;1;2;3;1.0;3;117;66, BOULEVARD BERTHIER;;;;750
49356;201300054802;13;11;7;930;1;2;3;8.0;3;117;56, RUE DE TOCQUEVILLE;;;;750
49357;201300054803;13;11;7;1325;1;2;1;1.0;4;117;32, BOULEVARD BERTHIER;;;;750
49358;201300054804;13;11;7;1745;5;2;1;2.0;6;117;32, RUE BROCHANT;;;;750
49359;201300054805;13;11;8;1700;5;2;4;2.0;3;117;14, AVENUE DE VILLIERS;;;;750
49360;201300054806;13;11;8;1750;5;2;1;2.0;6;117;198, RUE LEGENDRE;;;;750
49361;201300054808;13;11;10;1800;5;2;1;1.0;6;108;11, BOULEVARD DE COURCEL;;;;750
49362;201300054809;13;11;11;355;5;2;1;1.0;6;117;149, AVENUE DE CLICHY;;;;750
49363;201300054810;13;11;12;1835;5;2;2;2.0;3;117;103, RUE DE ROME;;;;750
49364;201300054811;13;11;12;1930;5;2;2;2.0;6;117;66, AVENUE DE VILLIERS;;;;750
49365;201300054813;13;11;13;800;1;2;1;1.0;6;117;BOULEVARD PERIPHERIQUE I;;;;750
49366;201300054814;13;11;13;1130;1;2;1;1.0;6;117;20, RUE GUERSANT;;;;750
49367;201300054815;13;11;13;1745;5;2;5;2.0;6;117;138, BOULEVARD MALESHERB;;;;750
49368;201300054816;13;11;14;1900;5;2;2;2.0;6;117;34, BOULEVARD DES BATIGN;;;;750
49369;201300054817;13;11;15;840;1;2;1;2.0;3;117;93, BOULEVARD GOUVION SA;;;;750
49370;201300054818;13;11;15;1140;1;2;7;1.0;6;117;2, PLACE DE LA PORTE MAI;;;;750
49371;201300054819;13;11;15;1800;5;2;1;1.0;6;117;07, AVENUE DE CLICHY;;;;750
49372;201300054820;13;11;18;1245;1;2;2;1.0;6;117;51, RUE GUY MOQUET;;;;750
49373;201300054821;13;11;18;1715;5;2;1;1.0;6;117;188, BOULEVARD MALESHERB;;;;750
49374;201300054822;13;11;19;720;5;2;2;8.0;6;117;09, RUE DU CAPORAL PEUGE;;;;750
49375;201300054823;13;11;19;1510;1;2;3;1.0;6;117;54, BOULEVARD DES BATIGN;;;;750
49376;201300054824;13;11;19;1730;5;2;4;1.0;6;117;14, AVENUE DE VILLIERS;;;;750
49377;201300054826;13;11;20;1050;1;2;2;1.0;6;117;122, RUE NOLLET;;;;750
49378;201300054827;13;11;20;1215;1;2;1;1.0;3;117;123, BOULEVARD PEREIRE;;;;750
49379;201300054828;13;11;20;2100;5;2;2;2.0;6;117;160, AVENUE DE CLICHY;;;;750
49380;201300054829;13;11;21;1945;5;2;7;2.0;2;117;1, AVENUE DES TERNES;;;;750
49381;201300054830;13;11;21;2015;5;2;1;2.0;7;117;96, AVENUE DES TERNES;;;;750
49382;201300054832;13;11;21;2130;5;2;1;1.0;6;117;72, AVENUE DE VILLIERS;;;;750
49383;201300054833;13;11;24;2340;5;2;1;1.0;2;117;78, AVENUE DE LA GRANDE;;;;750
49384;201300054834;13;11;25;900;1;2;2;1.0;6;117;138, BOULEVARD PEREIRE;;;;750
49385;201300054835;13;11;27;1230;1;2;1;8.0;6;118;48, AVENUE DE SAINT OUEN;;;;750
49386;201300054836;13;11;28;920;1;2;1;1.0;6;117;35, AVENUE DE SAINT OUEN;;;;750
49387;201300054837;13;11;28;2016;5;2;1;1.0;1;117;1, RUE FLOREAL;;;;750
49388;201300054838;13;11;29;930;1;2;1;1.0;3;117;168, AVENUE DE CLICHY;;;;750
49389;201300054839;13;11;29;1330;1;2;1;1.0;3;116;2, PORTE MAILLOT;;;;750
49390;201300054840;13;11;29;1655;1;2;3;2.0;6;117;26, RUE BROCHANT;;;;750
49391;201300054841;13;11;30;630;5;2;2;1.0;2;117;PORTE DE CLICHY;;;;750
49392;201300054842;13;12;1;1955;5;2;5;1.0;3;117;33, BOULEVARD PERSHING;;;;750
49393;201300054843;13;12;2;1815;5;2;3;1.0;6;117;70, AVENUE DE LA GRANDE;;;;750
49394;201300054844;13;12;2;1825;5;2;1;1.0;6;117;8, AVENUE DE VILLIERS;;;;750
49395;201300054845;13;12;3;10;5;2;1;1.0;4;117;AVENUE DE LA GRANDE ARME;;;;750
49396;201300054846;13;12;3;1355;1;2;5;1.0;3;117;RUE LEGENDRE;;;;750
49397;201300054847;13;12;3;1755;5;2;5;1.0;6;117;1, AVENUE DE VILLIERS;;;;750
49398;201300054848;13;12;4;920;1;2;3;1.0;3;117;170, AVENUE DE CLICHY;;;;750
49399;201300054850;13;12;5;2015;5;2;1;1.0;6;117;41, RUE BROCHANT;;;;750
49400;201300054853;13;12;9;940;1;2;1;1.0;3;117;11, AVENUE GOURGAUD;;;;750
49401;201300054854;13;12;7;1345;5;2;1;1.0;6;117;BOULEVARD PERIPHERIQUE;;;;750
49402;201300054855;13;12;12;855;1;2;3;1.0;2;117;31, BOULEVARD BESSIERES;;;;750
49403;201300054856;13;12;12;1005;1;2;2;1.0;2;117;BOULEVARD PERIPHERIQUE I;;;;750
49404;201300054858;13;12;15;1830;5;2;4;1.0;6;117;24, AVENUE CARNOT;;;;750
49405;201300054861;13;12;18;730;5;2;5;1.0;1;117;60, BOULEVARD DE COURCEL;;;;750
49406;201300054862;13;12;18;1130;1;2;3;1.0;6;117;BOULEVARD DE REIMS;;;;750
49407;201300054863;13;12;18;2110;5;2;2;1.0;3;117;154, BOULEVARD PEREIRE;;;;750
49408;201300054865;13;12;20;1715;5;2;1;1.0;6;117;89, AVENUE DE SAINT OUEN;;;;750
49409;201300054866;13;12;21;1540;1;2;1;1.0;2;117;210 ter, BOULEVARD PEREI;;;;750
49410;201300054867;13;12;23;1150;1;2;3;8.0;2;117;52, RUE GUY MOQUET;;;;750
49411;201300054869;13;12;23;2100;5;2;1;6.0;6;117;12, AVENUE DE LA GRANDE;;;;750
49412;201300054870;13;12;29;2030;5;2;7;1.0;6;117;3, PLACE DES TERNES;;;;750
49413;201300054871;13;12;31;753;2;2;2;1.0;6;108;51, AVENUE GEORGE V;;;;750
49414;201300054872;13;12;31;1410;1;2;5;1.0;3;117;80, AVENUE DE LA GRANDE;;;;750
49415;201300054873;13;12;31;1830;5;2;1;2.0;7;117;AVENUE DE LA PORTE D ASN;;;;750
49416;201300054874;13;1;1;430;5;2;4;2.0;6;118;80, BOULEVARD ORNANO;;;;750
49417;201300054875;13;1;1;600;5;2;1;1.0;6;118;62, RUE DE LA CHAPELLE;;;;750
49418;201300054876;13;1;1;1915;5;2;4;2.0;6;118;77, BOULEVARD ORNANO;;;;750
49419;201300054877;13;1;2;945;1;2;5;1.0;3;118;111, RUE CAULAINCOURT;;;;750
49420;201300054878;13;1;2;1650;2;2;1;1.0;7;118;21, RUE DE LA CHAPELLE;;;;750
49421;201300054879;13;1;5;100;5;2;7;1.0;6;118;66, BOULEVARD ORNANO;;;;750
49422;201300054880;13;1;7;1550;1;2;4;8.0;4;118;2, RUE DU PROFESSEUR GOS;;;;750
49423;201300054881;13;1;9;750;2;2;5;1.0;3;118;113, BOULEVARD NEY;;;;750
49424;201300054882;13;1;10;1545;1;2;1;2.0;6;118;62, RUE DE LA CHAPELLE;;;;750
49425;201300054883;13;1;10;1745;2;2;5;1.0;6;118;RUE ETEX;;;;750
49426;201300054884;13;1;11;1950;5;2;4;2.0;6;118;221, RUE CHAMPIONNET;;;;750
49427;201300054885;13;1;13;35;5;2;1;2.0;6;118;RUE DES POISSONNIERS;;;;750
49428;201300054886;13;1;15;715;5;2;5;4.0;7;118;RUE CAULAINCOURT;;;;750
49429;201300054887;13;1;18;945;1;2;5;1.0;3;118;158, RUE DAMREMONT;;;;750
49430;201300054888;13;1;18;1020;1;2;2;8.0;6;118;42, BOULEVARD DE ROCHECH;;;;750
49431;201300054889;13;1;18;1920;5;2;1;4.0;6;118;108, BOULEVARD DE CLICHY;;;;750
49432;201300054890;13;1;22;1910;5;2;5;8.0;5;118;RUE FERDINAND FLOCON;;;;750
49433;201300054891;13;1;24;1228;1;2;5;1.0;3;118;25, RUE CUSTINE;;;;750
49434;201300054892;13;1;27;245;5;2;5;1.0;6;118;09, BOULEVARD ORNANO;;;;750
49435;201300054893;13;1;27;2005;5;2;2;2.0;6;118;angle, RUE MARX DORMOY;;;;750
49436;201300054894;13;1;28;850;1;2;1;1.0;6;118;6, RUE DU PRE;;;;750
49437;201300054895;13;1;29;1640;1;2;3;1.0;6;118;13, RUE DE CLIGNANCOURT;;;;750
49438;201300054896;13;1;29;1800;5;2;1;2.0;6;118;5, RUE DE L EVANGILE;;;;750
49439;201300054897;13;1;31;520;5;2;1;1.0;6;118;68, BOULEVARD BARBES;;;;750
49440;201300054898;13;2;1;1800;5;2;1;2.0;6;118;39, BOULEVARD BARBES;;;;750
49441;201300054899;13;2;2;700;5;2;1;1.0;6;118;AVENUE DE LA PORTE DE CL;;;;750
49442;201300054900;13;2;2;1130;1;2;5;1.0;2;118;27, RUE CUSTINE;;;;750
49443;201300054901;13;2;2;1845;5;2;3;1.0;3;118;3, BOULEVARD BARBES;;;;750
49444;201300054902;13;2;4;1850;5;2;1;1.0;6;118;117, RUE BELLIARD;;;;750
49445;201300054903;13;2;6;2215;5;2;3;2.0;6;118;46, AVENUE DE CLICHY;;;;750
49446;201300054904;13;2;8;1220;1;2;3;1.0;6;118;1, RUE DE LA MADONE;;;;750
49447;201300054906;13;2;9;1350;1;2;5;1.0;3;118;33, BOULEVARD BARBES;;;;750
49448;201300054907;13;2;13;220;5;2;5;1.0;2;118;RUE VAUVENARGUES;;;;750
49449;201300054908;13;2;13;1900;5;2;3;1.0;3;118;30, AVENUE DE LA PORTE D;;;;750
49450;201300054909;13;2;14;1845;5;2;7;1.0;6;118;2, RUE MARX DORMOY;;;;750
49451;201300054910;13;2;17;545;5;2;4;1.0;6;118;BOULEVARD DE CLICHY;;;;750
49452;201300054911;13;2;19;830;1;2;2;1.0;6;118;RUE DES POISSONNIERS;;;;750
49453;201300054912;13;2;19;1100;1;2;3;1.0;1;118;124, AVENUE DE SAINT OUE;;;;750
49454;201300054913;13;2;19;1430;1;2;3;1.0;6;118;AVENUE DE LA PORTE DE MO;;;;750
49455;201300054914;13;2;19;1700;1;2;1;1.0;6;118;face au 83, RUE DE LA CH;;;;750
49456;201300054915;13;2;23;840;1;2;1;1.0;6;118;100, RUE ORDENER;;;;750
49457;201300054916;13;2;23;1315;1;2;1;1.0;6;118;74, RUE ORDENER;;;;750
49458;201300054917;13;2;23;2100;5;2;5;1.0;6;118;ECHANGEUR CLIGNANCOURT;;;;750
49459;201300054918;13;2;23;2125;5;2;1;1.0;6;118;10, RUE DE LA CHAPELLE;;;;750
49460;201300054919;13;2;24;1400;1;2;1;2.0;6;118;69, RUE ORDENER;;;;750
49461;201300054920;13;2;24;1920;5;2;3;4.0;6;118;RUE DE L EVANGILE;;;;750
49462;201300054921;13;2;26;2150;5;2;2;1.0;3;118;57, RUE DES TROIS FRERES;;;;750
49463;201300054922;13;2;27;1015;1;2;2;1.0;2;118;77, RUE CAULAINCOURT;;;;750
49464;201300054923;13;2;27;2240;5;2;2;2.0;2;110;37, BOULEVARD DE LA CHAP;;;;750
49465;201300054924;13;2;28;1515;1;2;5;1.0;6;118;79, RUE DU MONT CENIS;;;;750
49466;201300054925;13;2;28;1510;1;2;1;1.0;6;118;14, RUE ORDENER;;;;750
49467;201300054926;13;2;28;1800;5;2;1;1.0;7;118;56, AVENUE DE CLICHY;;;;750
49468;201300054927;13;3;2;1130;1;2;2;1.0;5;118;BOULEVARD NEY;;;;750
49469;201300054928;13;3;6;1115;1;2;1;1.0;6;118;51, BOULEVARD BARBES;;;;750
49470;201300054929;13;3;8;1300;1;2;1;3.0;6;118;70, BOULEVARD NEY;;;;750
49471;201300054930;13;3;10;830;1;2;1;1.0;3;118;26, AVENUE DE LA PORTE D;;;;750
49472;201300054931;13;3;11;2020;5;2;3;4.0;6;118;2, RUE LEIBNIZ;;;;750
49473;201300054932;13;3;13;1550;1;2;5;8.0;7;118;83, RUE DAMREMONT;;;;750
49474;201300054933;13;3;16;1505;1;2;2;1.0;6;118;RUE ORDENER;;;;750
49475;201300054934;13;3;17;1550;1;2;2;2.0;2;118;129, RUE CHAMPIONNET;;;;750
49476;201300054935;13;3;17;1650;1;2;1;2.0;3;118;201, RUE CHAMPIONNET;;;;750
49477;201300054936;13;3;19;1915;5;2;1;2.0;2;118;BOULEVARD PERIPHERIQUE E;;;;750
49478;201300054937;13;3;20;1145;1;2;2;1.0;3;118;46, RUE PAJOL;;;;750
49479;201300054939;13;3;23;1;5;2;7;1.0;3;118;RUE DE LA CHAPELLE;;;;750
49480;201300054940;13;3;23;2040;5;2;1;1.0;3;117;BOULEVARD PERIPHERIQUE;;;;750
49481;201300054941;13;3;26;1715;1;2;1;1.0;6;118;17, RUE CHRISTIANI;;;;750
49482;201300054942;13;3;26;2340;5;2;1;1.0;7;118;16, BOULEVARD DE CLICHY;;;;750
49483;201300054943;13;3;28;2305;5;2;1;1.0;6;118;75, RUE DAMREMONT;;;;750
49484;201300054944;13;3;30;1900;2;2;2;1.0;3;118;58, RUE HERMEL;;;;750
49485;201300054945;13;3;30;2310;5;2;3;1.0;6;118;58, BOULEVARD DE LA CHAP;;;;750
49486;201300054946;13;3;31;1445;1;2;2;1.0;3;118;AVENUE DE LA PORTE DE CL;;;;750
49487;201300054948;13;4;1;1645;1;2;5;1.0;7;118;49, RUE BOINOD;;;;750
49488;201300054949;13;4;2;200;5;2;1;1.0;3;118;67, BOULEVARD NEY;;;;750
49489;201300054950;13;4;2;1120;1;2;7;1.0;6;118;113, RUE ORDENER;;;;750
49490;201300054951;13;4;4;909;1;2;5;8.0;3;118;6, RUE TARDIEU;;;;750
49491;201300054953;13;4;5;1150;1;2;1;1.0;6;118;58 bis, RUE RAMEY;;;;750
49492;201300054954;13;4;5;1305;1;2;2;1.0;3;118;, RUE DE CLIGNANCOURT;;;;750
49493;201300054955;13;4;6;850;1;2;5;1.0;3;118;50, RUE ORDENER;;;;750
49494;201300054956;13;4;6;1115;1;2;5;1.0;6;118;84, RUE DUHESME;;;;750