;Num_Acc;an;mois;jour;hrmn;lum;agg;int;atm;col;com;adr;gps;lat;long;dep
49495;201300054957;13;4;7;1740;1;2;1;1.0;3;118;60, RUE DE LA CHAPELLE;;;;750
49496;201300054958;13;4;11;1035;1;2;2;1.0;2;118;2, RUE ORDENER;;;;750
49497;201300054959;13;4;11;1135;1;2;1;1.0;6;118;92, BOULEVARD NEY;;;;750
49498;201300054960;13;4;12;1320;1;2;1;1.0;6;118;83, RUE DE LA CHAPELLE;;;;750
49499;201300054961;13;4;12;2230;5;2;1;1.0;6;118;BOULEVARD BARBES;;;;750
49500;201300054962;13;4;13;900;1;2;2;1.0;6;118;87, BOULEVARD NEY;;;;750
49501;201300054963;13;4;16;2305;5;2;1;1.0;2;118;29, AVENUE DE LA PORTE D;;;;750
49502;201300054964;13;4;18;1855;1;2;2;1.0;6;118;18, RUE BOUCRY;;;;750
49503;201300054965;13;4;19;840;1;2;1;1.0;3;118;6, RUE ESCLANGON;;;;750
49504;201300054966;13;4;19;1605;1;2;5;2.0;6;118;RUE LETORT;;;;750
49505;201300054967;13;4;19;445;5;2;5;1.0;3;118;RUE CUSTINE;;;;750
49506;201300054968;13;4;20;1230;1;2;1;1.0;6;118;148, RUE DES POISSONNIER;;;;750
49507;201300054969;13;4;20;1950;1;2;1;1.0;3;118;57, BOULEVARD ORNANO;;;;750
49508;201300054970;13;4;21;200;5;2;5;1.0;6;118;124, RUE DES POISSONNIER;;;;750
49509;201300054971;13;4;22;1245;1;2;1;1.0;6;118;17, RUE DE SOFIA;;;;750
49510;201300054972;13;4;22;1500;1;2;5;1.0;3;118;50, RUE ORDENER;;;;750
49511;201300054973;13;4;24;1845;1;2;4;1.0;3;118;2, AVENUE DE SAINT OUEN;;;;750
49512;201300054974;13;4;25;820;1;2;5;1.0;3;118;244, RUE MARCADET;;;;750
49513;201300054975;13;4;25;450;2;2;1;1.0;4;118;AVENUE DE LA PORTE DE LA;;;;750
49514;201300054976;13;4;27;1530;1;2;1;1.0;6;118;16, RUE DE STEINKERQUE;;;;750
49515;201300054977;13;4;28;1910;1;2;1;1.0;6;118;169, RUE MARCADET;;;;750
49516;201300054978;13;4;30;930;1;2;3;1.0;2;118;9, RUE ORDENER;;;;750
49517;201300054979;13;5;1;410;5;2;4;2.0;2;118;5, RUE DE LA CHAPELLE;;;;750
49518;201300054980;13;5;1;1450;1;2;2;1.0;3;118;43, BOULEVARD BARBES;;;;750
49519;201300054981;13;5;1;1800;1;2;1;3.0;6;118;BOULEVARD DE LA CHAPELLE;;;;750
49520;201300054982;13;5;1;1815;1;2;2;3.0;3;118;1, RUE HERMEL;;;;750
49521;201300054983;13;5;3;2045;2;2;4;1.0;7;118;105, BOULEVARD NEY;;;;750
49522;201300054985;13;5;6;1035;1;2;3;2.0;6;118;12, RUE DE CLIGNANCOURT;;;;750
49523;201300054986;13;5;6;1815;1;2;5;2.0;3;118;36, BOULEVARD DE ROCHECH;;;;750
49524;201300054987;13;5;7;1135;1;2;1;1.0;6;118;16, RUE MARX DORMOY;;;;750
49525;201300054988;13;5;8;1835;1;2;5;1.0;7;118;61, RUE ORDENER;;;;750
49526;201300054989;13;5;9;1700;1;2;1;1.0;6;118;27, BOULEVARD ORNANO;;;;750
49527;201300054990;13;5;11;745;1;2;2;1.0;2;118;72, BOULEVARD DE ROCHECH;;;;750
49528;201300054991;13;5;11;1800;1;2;3;1.0;6;118;RUE DU DOCTEUR BABINSKI;;;;750
49529;201300054992;13;5;11;2100;2;2;1;1.0;6;118;4, RUE CAULAINCOURT;;;;750
49530;201300054993;13;5;11;1300;1;2;2;1.0;3;118;3, RUE DUC;;;;750
49531;201300054994;13;5;15;745;2;2;4;1.0;6;118;55, RUE RAMEY;;;;750
49532;201300054995;13;5;15;915;1;2;2;1.0;6;118;02, BOULEVARD NEY;;;;750
49533;201300054996;13;5;19;2240;5;2;4;2.0;1;118;34, RUE DE CLIGNANCOURT;;;;750
49534;201300054997;13;5;22;1205;1;2;2;1.0;6;118;103 bis, RUE LAMARCK;;;;750
49535;201300055000;13;5;26;1155;1;2;5;1.0;3;118;RUE ORDENER;;;;750
49536;201300055001;13;5;26;2040;1;2;1;1.0;6;118;47, BOULEVARD ORNANO;;;;750
49537;201300055002;13;5;28;820;1;2;5;1.0;6;118;71, RUE ORDENER;;;;750
49538;201300055003;13;5;28;1740;1;2;2;1.0;3;118;148, RUE DAMREMONT;;;;750
49539;201300055004;13;5;30;220;5;2;5;2.0;6;118;6, BOULEVARD ORNANO;;;;750
49540;201300055005;13;5;30;200;5;2;1;3.0;6;118;114, BOULEVARD NEY;;;;750
49541;201300055007;13;6;2;1005;1;2;7;1.0;6;118;24, BOULEVARD DE LA CHAP;;;;750
49542;201300055008;13;6;2;1600;1;2;2;1.0;2;118;81, RUE DE LA CHAPELLE;;;;750
49543;201300055009;13;6;2;1805;1;2;4;1.0;3;118;41, BOULEVARD ORNANO;;;;750
49544;201300055010;13;6;2;2015;1;2;5;1.0;6;118;2, AVENUE DE LA PORTE DE;;;;750
49545;201300055011;13;6;4;1855;1;2;5;1.0;3;118;RUE LOUIS PASTEUR VALERY;;;;750
49546;201300055012;13;6;6;1600;1;2;1;1.0;6;118;5, RUE DE L EVANGILE;;;;750
49547;201300055014;13;6;8;2010;1;2;3;1.0;6;118;RUE CHARLES HERMITE;;;;750
49548;201300055015;13;6;9;640;1;2;2;2.0;3;118;9, BOULEVARD ORNANO;;;;750
49549;201300055016;13;6;10;1130;1;2;3;1.0;3;118;67, RUE RIQUET;;;;750
49550;201300055017;13;6;12;1320;1;2;7;1.0;6;118;22, PLACE DE LA CHAPELLE;;;;750
49551;201300055018;13;6;12;1745;1;2;7;1.0;2;118;5, RUE MARX DORMOY;;;;750
49552;201300055019;13;6;13;920;1;2;4;2.0;3;118;NC, BOULEVARD PERIPHERIQ;;;;750
49553;201300055020;13;6;13;1830;1;2;5;1.0;6;118;28, RUE RAMEY;;;;750
49554;201300055022;13;6;17;400;5;2;1;1.0;6;118;50, BOULEVARD NEY;;;;750
49555;201300055023;13;6;17;915;1;2;3;3.0;6;118;37, RUE MARX DORMOY;;;;750
49556;201300055024;13;6;19;715;2;2;5;3.0;2;118;33, BOULEVARD BARBES;;;;750
49557;201300055026;13;6;25;1835;1;2;2;1.0;6;118;AVENUE DE LA PORTE DE CL;;;;750
49558;201300055027;13;6;27;815;1;2;2;2.0;1;118;43, BOULEVARD BARBES;;;;750
49559;201300055028;13;6;27;1650;1;2;2;1.0;6;118;RUE MULLER;;;;750
49560;201300055029;13;6;28;1012;1;2;2;2.0;3;118;BOULEVARD DE LA CHAPELLE;;;;750
49561;201300055030;13;6;28;2030;2;2;4;1.0;6;118;RUE DU DEPARTEMENT;;;;750
49562;201300055031;13;6;29;2025;1;2;3;1.0;1;118;86, AVENUE DE SAINT OUEN;;;;750
49563;201300055032;13;7;1;945;1;2;1;1.0;3;118;56 bis, BOULEVARD NEY;;;;750
49564;201300055033;13;7;2;2000;1;2;3;1.0;6;118;22, RUE BERNARD DIMEY;;;;750
49565;201300055034;13;7;2;1830;1;2;1;1.0;6;118;5, RUE SEVESTE;;;;750
49566;201300055035;13;7;3;845;1;2;2;2.0;3;118;103, RUE DU POTEAU;;;;750
49567;201300055036;13;7;3;1725;1;2;3;8.0;3;118;86, RUE RIQUET;;;;750
49568;201300055037;13;7;4;1745;1;2;5;1.0;7;118;124, BOULEVARD DE LA CHA;;;;750
49569;201300055038;13;7;6;1710;1;2;1;1.0;6;118;74, BOULEVARD DE CLICHY;;;;750
49570;201300055039;13;7;8;1450;1;2;3;1.0;3;118;24, RUE D ORSEL;;;;750
49571;201300055040;13;7;9;1345;1;2;4;1.0;6;118;17, RUE VAUVENARGUES;;;;750
49572;201300055041;13;7;9;2050;2;2;1;1.0;6;118;84, BOULEVARD DE ROCHECH;;;;750
49573;201300055043;13;7;12;1210;1;2;2;1.0;3;118;, RUE DES ROSES;;;;750
49574;201300055044;13;7;12;1907;1;2;5;1.0;3;118;1, AVENUE DE LA PORTE DE;;;;750
49575;201300055045;13;7;13;1835;1;2;5;1.0;6;118;02, BOULEVARD DE ROCHECH;;;;750
49576;201300055046;13;7;14;1605;1;2;1;1.0;2;118;BOULEVARD ORNANO;;;;750
49577;201300055047;13;7;16;1700;1;2;2;1.0;6;118;RUE DE STEINKERQUE;;;;750
49578;201300055049;13;7;17;2225;5;2;5;1.0;3;118;RUE ORDENER;;;;750
49579;201300055050;13;7;18;1730;1;2;2;1.0;6;118;1, RUE DE LA CHAPELLE;;;;750
49580;201300055051;13;7;19;815;1;2;2;1.0;2;118;36, BOULEVARD DE ROCHECH;;;;750
49581;201300055052;13;7;20;1855;1;2;5;1.0;6;118;99, RUE CHAMPIONNET;;;;750
49582;201300055053;13;7;21;1940;1;2;1;1.0;6;118;79, RUE MARCADET;;;;750
49583;201300055054;13;7;22;1640;1;2;1;1.0;3;118;30, AVENUE DE LA PORTE D;;;;750
49584;201300055055;13;7;22;1805;1;2;1;1.0;6;118;11/13, RUE DE LA CHAPELL;;;;750
49585;201300055056;13;7;23;1000;1;2;3;1.0;3;118;85, RUE VAUVENARGUES;;;;750
49586;201300055057;13;7;24;800;1;2;1;1.0;6;118;33, RUE ORDENER;;;;750
49587;201300055058;13;7;24;930;1;2;7;1.0;6;118;01, PLACE JACQUES FROMEN;;;;750
49588;201300055060;13;7;25;1525;1;2;2;1.0;3;118;43, BOULEVARD BARBES;;;;750
49589;201300055061;13;7;26;1020;1;2;1;1.0;7;118;43, BOULEVARD BARBES;;;;750
49590;201300055063;13;7;26;1630;1;2;1;1.0;6;118;50, RUE MARX DORMOY;;;;750
49591;201300055064;13;7;29;645;1;2;1;1.0;3;118;215, RUE D AUBERVILLIERS;;;;750
49592;201300055065;13;7;29;915;1;2;7;1.0;3;118;RUE DE LA CHAPELLE;;;;750
49593;201300055066;13;7;29;1805;1;2;3;1.0;6;118;09, RUE ORDENER;;;;750
49594;201300055068;13;8;1;2100;2;2;1;1.0;6;118;71, RUE RIQUET;;;;750
49595;201300055069;13;8;3;1805;1;2;3;1.0;6;118;12, AVENUE DE SAINT OUEN;;;;750
49596;201300055070;13;8;3;2110;2;2;1;1.0;5;118;84, RUE DE LA CHAPELLE;;;;750
49597;201300055071;13;8;6;1845;2;2;5;1.0;3;118;02, RUE EUGENE CARRIERE;;;;750
49598;201300055073;13;8;9;140;5;2;7;1.0;3;118;PLACE PAUL ELUARD;;;;750
49599;201300055074;13;8;9;1035;1;2;1;1.0;3;118;10, RUE CAULAINCOURT;;;;750
49600;201300055075;13;8;10;1230;1;2;2;1.0;3;118;130, RUE ORDENER;;;;750
49601;201300055076;13;8;12;240;5;2;1;1.0;6;118;24, RUE SAINT VINCENT;;;;750
49602;201300055077;13;8;12;1550;1;2;3;1.0;2;118;37, RUE MARX DORMOY;;;;750
49603;201300055078;13;8;13;1235;1;2;2;1.0;3;118;43, BOULEVARD BARBES;;;;750
49604;201300055079;13;8;13;2145;5;2;1;2.0;3;118;45, RUE MARX DORMOY;;;;750
49605;201300055080;13;8;15;1815;1;2;1;1.0;4;118;21 bis, BOULEVARD BARBES;;;;750
49606;201300055081;13;8;16;820;1;2;1;1.0;3;118;4, RUE PAJOL;;;;750
49607;201300055082;13;8;16;1750;1;2;2;1.0;3;118;21, RUE JOSEPH DIJON;;;;750
49608;201300055083;13;8;17;1640;1;2;1;1.0;6;118;32, AVENUE DE LA PORTE D;;;;750
49609;201300055084;13;8;19;2150;5;2;2;1.0;6;118;79, RUE DE LA CHAPELLE;;;;750
49610;201300055085;13;8;20;105;5;2;2;1.0;6;118;39, RUE LEON;;;;750
49611;201300055087;13;8;22;1605;1;2;7;1.0;6;118;1, RUE MARX DORMOY;;;;750
49612;201300055088;13;8;24;1748;1;2;1;1.0;3;118;21 Bis, BOULEVARD BARBES;;;;750
49613;201300055089;13;8;28;1405;1;2;1;1.0;6;118;05, RUE DE TOMBOUCTOU;;;;750
49614;201300055090;13;8;28;1930;1;2;2;1.0;7;118;40, RUE DU PROFESSEUR GO;;;;750
49615;201300055092;13;9;2;2330;5;2;1;1.0;3;118;AVENUE DE LA PORTE DE LA;;;;750
49616;201300055093;13;9;3;115;5;2;4;1.0;2;118;32, BOULEVARD ORNANO;;;;750
49617;201300055094;13;9;4;2200;5;2;1;1.0;6;118;222, RUE CHAMPIONNET;;;;750
49618;201300055095;13;9;6;930;1;2;5;2.0;6;118;3, BOULEVARD ORNANO;;;;750
49619;201300055096;13;9;6;2035;5;2;1;1.0;6;118;18, BOULEVARD DE LA CHAP;;;;750
49620;201300055097;13;9;8;1445;1;2;1;1.0;6;118;15, RUE CUSTINE;;;;750
49621;201300055098;13;9;11;225;5;2;4;2.0;3;118;1, AVENUE DE LA PORTE DE;;;;750
49622;201300055099;13;9;12;925;1;2;5;1.0;6;118;RUE CHAMPIONNET;;;;750
49623;201300055100;13;9;13;1238;1;2;2;2.0;3;118;1, RUE DE LA CHAPELLE;;;;750
49624;201300055101;13;9;13;1355;1;2;2;2.0;6;118;71, RUE MARX DORMOY;;;;750
49625;201300055102;13;9;13;2145;5;2;2;2.0;6;118;149, RUE BELLIARD;;;;750
49626;201300055103;13;9;14;110;5;2;1;2.0;6;118;73, BOULEVARD BARBES;;;;750
49627;201300055104;13;9;14;1300;1;2;1;2.0;6;118;50, METRO MARX DORMOY;;;;750
49628;201300055105;13;9;18;1610;1;2;1;2.0;6;118;106, RUE DU POTEAU;;;;750
49629;201300055106;13;9;20;400;5;2;1;1.0;6;118;RUE DE LA CHAPELLE;;;;750
49630;201300055107;13;9;22;1920;2;2;1;1.0;6;118;152, RUE ORDENER;;;;750
49631;201300055108;13;9;23;1630;1;2;3;1.0;1;118;50, AVENUE DE CLICHY;;;;750
49632;201300055109;13;9;23;1720;1;2;3;1.0;2;118;12, PORTE DES POISSONNIE;;;;750
49633;201300055110;13;9;24;1800;1;2;3;1.0;6;118;02, RUE JOSEPH DIJON;;;;750
49634;201300055111;13;9;25;635;5;2;2;1.0;2;118;142, BOULEVARD NEY;;;;750
49635;201300055112;13;9;25;1740;1;2;1;1.0;2;118;86, RUE DE LA CHAPELLE;;;;750
49636;201300055113;13;9;28;1140;1;2;2;2.0;2;118;118, RUE LAGILLE;;;;750
49637;201300055114;13;9;28;1545;1;2;2;1.0;6;118;2, AVENUE DE LA PORTE DE;;;;750
49638;201300055115;13;9;29;900;1;2;5;1.0;7;118;109, RUE CAULAINCOURT;;;;750
49639;201300055116;13;9;29;2230;5;2;7;1.0;6;118;113, RUE ORDENER;;;;750
49640;201300055117;13;9;30;20;5;2;3;2.0;1;118;80, RUE DE LA CHAPELLE;;;;750
49641;201300055118;13;9;30;1740;1;2;2;1.0;6;118;BOULEVARD BARBES;;;;750
49642;201300055119;13;10;2;1100;1;2;2;1.0;6;118;96, RUE ORDENER;;;;750
49643;201300055120;13;10;2;1350;1;2;1;1.0;6;118;31, RUE CAULAINCOURT;;;;750
49644;201300055121;13;10;2;1500;1;2;4;1.0;2;118;27, BOULEVARD ORNANO;;;;750
49645;201300055122;13;10;2;2340;5;2;1;1.0;3;118;72, BOULEVARD NEY;;;;750
49646;201300055123;13;10;3;2130;5;2;5;2.0;2;118;100, RUE DE CLIGNANCOURT;;;;750
49647;201300055124;13;10;4;1900;1;2;4;1.0;6;118;62, RUE DU RUISSEAU;;;;750
49648;201300055125;13;10;4;2140;5;2;1;1.0;6;118;BOULEVARD BARBES;;;;750
49649;201300055128;13;10;5;345;5;2;1;1.0;6;118;73, BOULEVARD BARBES;;;;750
49650;201300055129;13;10;7;1330;1;2;2;1.0;3;118;4, AVENUE DE LA PORTE DE;;;;750
49651;201300055131;13;10;11;2000;5;2;3;1.0;3;118;42, RUE MARX DORMOY;;;;750
49652;201300055132;13;10;11;2120;5;2;1;1.0;3;118;44, RUE MARX DORMOY;;;;750
49653;201300055133;13;10;13;155;5;2;3;1.0;3;118;RUE PAJOL;;;;750
49654;201300055134;13;10;13;900;1;2;2;1.0;6;118;83, BOULEVARD ORNANO;;;;750
49655;201300055135;13;10;13;535;5;2;1;1.0;6;118;84, RUE DE LA CHAPELLE;;;;750
49656;201300055136;13;10;14;850;1;2;1;1.0;3;118;90, BOULEVARD NEY;;;;750
49657;201300055137;13;10;15;1345;1;2;1;1.0;6;118;100, BOULEVARD DE LA CHA;;;;750
49658;201300055138;13;10;15;1730;1;2;3;1.0;3;118;58, BOULEVARD DE ROCHECH;;;;750
49659;201300055139;13;10;10;1545;1;2;2;1.0;7;118;59, RUE ORDENER;;;;750
49660;201300055140;13;10;16;1110;1;2;2;1.0;2;118;1, PLACE PAUL ELUARD;;;;750
49661;201300055141;13;10;16;1200;1;2;1;2.0;6;118;27, BOULEVARD BARBES;;;;750
49662;201300055142;13;10;16;1830;1;2;1;3.0;2;118;AVENUE DE LA PORTE DE LA;;;;750
49663;201300055143;13;10;19;1900;5;2;7;2.0;6;118;62, RUE DE LA CHAPELLE;;;;750
49664;201300055144;13;10;20;750;2;2;2;2.0;3;118;43, BOULEVARD BARBES;;;;750
49665;201300055145;13;10;20;1955;5;2;1;8.0;6;118;75, BOULEVARD BARBES;;;;750
49666;201300055146;13;10;22;1241;1;2;2;1.0;6;118;43, BOULEVARD BARBES;;;;750
49667;201300055147;13;10;23;830;1;2;3;1.0;2;118;25, RUE CUSTINE;;;;750
49668;201300055148;13;10;23;945;1;2;1;1.0;4;118;63, RUE DE LA CHAPELLE;;;;750
49669;201300055149;13;10;24;2130;4;2;5;1.0;6;118;02, AVENUE DE LA PORTE D;;;;750
49670;201300055150;13;10;25;1945;5;2;1;2.0;3;118;120, AVENUE DE SAINT OUE;;;;750
49671;201300055151;13;10;27;1110;1;2;3;1.0;6;117;94, AVENUE DE LA PORTE D;;;;750
49672;201300055152;13;10;27;1915;5;2;1;2.0;3;118;88, RUE DAMREMONT;;;;750
49673;201300055154;13;10;28;2130;5;2;5;1.0;6;118;25, BOULEVARD ORNANO;;;;750
49674;201300055155;13;10;29;1525;1;2;4;1.0;3;118;AVENUE DE LA PORTE DE LA;;;;750
49675;201300055156;13;10;30;2045;5;2;2;1.0;6;118;20, RUE EUGENE SUE;;;;750
49676;201300055157;13;11;1;420;5;2;1;3.0;6;118;AVENUE DE LA PORTE DE CL;;;;750
49677;201300055161;13;11;4;1550;1;2;5;2.0;6;118;133, RUE DAMREMONT;;;;750
49678;201300055162;13;11;5;1310;1;2;2;2.0;3;118;19, RUE LEPIC;;;;750
49679;201300055163;13;11;6;25;5;2;2;2.0;2;118;02, AVENUE DE LA PORTE D;;;;750
49680;201300055164;13;11;6;1840;5;2;1;1.0;6;118;68, BOULEVARD BARBES;;;;750
49681;201300055165;13;11;6;2045;5;2;1;1.0;6;118;BOULEVARD PERIPHERIQUE;;;;750
49682;201300055166;13;11;7;650;5;2;5;2.0;6;118;BOULEVARD ORNANO;;;;750
49683;201300055167;13;11;7;1320;1;2;1;1.0;6;118;186, RUE ORDENER;;;;750
49684;201300055168;13;11;7;1355;1;2;3;1.0;3;118;39, RUE STEPHENSON;;;;750
49685;201300055170;13;11;9;1230;1;2;2;2.0;6;118;62, RUE DU RUISSEAU;;;;750
49686;201300055171;13;11;12;1330;1;2;1;2.0;3;118;179, RUE MARCADET;;;;750
49687;201300055172;13;11;12;1845;5;2;3;2.0;2;118;84, BOULEVARD NEY;;;;750
49688;201300055173;13;11;12;2045;5;2;1;2.0;2;118;BOULEVARD PERIPHERIQUE;;;;750
49689;201300055174;13;11;13;855;1;2;3;1.0;2;118;BOULEVARD NEY;;;;750
49690;201300055175;13;11;13;1915;5;2;2;1.0;6;118;36, BOULEVARD BARBES;;;;750
49691;201300055176;13;11;13;2020;5;2;3;1.0;6;118;39, RUE DE LA CHAPELLE;;;;750
49692;201300055177;13;11;16;2200;5;2;3;1.0;2;118;RUE DUC;;;;750
49693;201300055178;13;11;16;1310;1;2;2;1.0;3;118;105, RUE LAMARCK;;;;750
49694;201300055179;13;11;17;622;5;2;2;1.0;3;118;142, BOULEVARD NEY;;;;750
49695;201300055180;13;11;19;730;2;2;1;2.0;6;118;64, BOULEVARD DE CLICHY;;;;750
49696;201300055181;13;11;21;2230;5;2;2;2.0;3;118;29, RUE HERMEL;;;;750
49697;201300055182;13;11;21;2100;5;2;3;1.0;6;118;4, BOULEVARD BARBES;;;;750
49698;201300055184;13;11;22;1433;1;2;1;1.0;6;118;02, BOULEVARD ORNANO;;;;750
49699;201300055185;13;11;23;1430;1;2;3;1.0;6;118;110 ter, RUE MARCADET;;;;750
49700;201300055187;13;11;23;1355;1;2;3;8.0;7;118;4, RUE BAUDELIQUE;;;;750
49701;201300055188;13;11;24;800;1;2;3;1.0;2;118;12, RUE DE LA CHAPELLE;;;;750
49702;201300055189;13;11;25;1940;5;2;1;1.0;6;110;51, BOULEVARD DE LA CHAP;;;;750
49703;201300055190;13;11;28;1900;5;2;3;1.0;6;118;16, RUE DE CLIGNANCOURT;;;;750
49704;201300055191;13;11;19;2130;5;2;1;9.0;6;118;18, AVENUE DE CLICHY;;;;750
49705;201300055192;13;11;29;1705;5;2;1;2.0;6;118;10, RUE STEPHENSON;;;;750
49706;201300055193;13;11;30;1445;1;2;1;1.0;7;118;14, RUE ORDENER;;;;750
49707;201300055194;13;12;1;225;5;2;1;1.0;2;118;50 BIS, RUE MARX DORMOY;;;;750
49708;201300055195;13;12;3;1810;5;2;2;1.0;6;118;48, RUE DU POTEAU;;;;750
49709;201300055196;13;12;3;1850;5;2;3;1.0;3;118;227, RUE CHAMPIONNET;;;;750
49710;201300055198;13;12;5;835;1;2;2;8.0;6;118;RUE EUGENE CARRIERE;;;;750
49711;201300055199;13;12;6;2315;5;2;1;2.0;6;118;88, BOULEVARD NEY;;;;750
49712;201300055200;13;12;7;425;5;2;3;2.0;6;118;4, BOULEVARD BARBES;;;;750
49713;201300055201;13;12;7;615;5;2;3;2.0;6;118;42, RUE MARX DORMOY;;;;750
49714;201300055202;13;11;30;1745;1;2;2;3.0;7;118;15, RUE DAMREMONT;;;;750
49715;201300055203;13;12;9;1640;1;2;1;1.0;6;118;09, RUE CAPLAT;;;;750
49716;201300055204;13;12;10;1320;1;2;3;1.0;7;118;4, BOULEVARD BARBES;;;;750
49717;201300055205;13;12;12;15;5;2;3;1.0;1;118;126, AVENUE DE SAINT OUE;;;;750
49718;201300055206;13;12;12;1104;1;2;3;1.0;6;118;31, RUE DES ABBESSES;;;;750
49719;201300055207;13;12;13;840;1;2;1;4.0;7;118;RUE DE JESSAINT;;;;750
49720;201300055208;13;12;13;1750;5;2;1;2.0;3;118;130, RUE DES POISSONNIER;;;;750
49721;201300055209;13;12;13;1915;5;2;1;2.0;6;118;152-160, RUE CHAMPIONNET;;;;750
49722;201300055210;13;12;14;1030;1;2;3;1.0;3;118;32, AVENUE DE LA PORTE D;;;;750
49723;201300055212;13;12;18;2310;5;2;2;1.0;3;118;43, RUE LAMARCK;;;;750
49724;201300055215;13;12;20;330;5;2;1;1.0;7;118;4, RUE CAULAINCOURT;;;;750
49725;201300055216;13;12;20;1700;1;2;1;1.0;6;118;66, BOULEVARD ORNANO;;;;750
49726;201300055217;13;12;23;1820;5;2;4;1.0;6;118;41, RUE ORDENER;;;;750
49727;201300055218;13;12;24;1930;5;2;1;2.0;2;118;64, RUE MARX DORMOY;;;;750
49728;201300055219;13;12;25;1025;1;2;1;1.0;6;118;122, BOULEVARD DE CLICHY;;;;750
49729;201300055220;13;12;26;1355;1;2;2;1.0;6;118;16, BOULEVARD ORNANO;;;;750
49730;201300055221;13;12;26;2230;5;2;2;1.0;6;118;01, RUE DES ROSES;;;;750
49731;201300055222;13;12;27;650;2;2;2;2.0;5;118;1, BOULEVARD NEY;;;;750
49732;201300055223;13;12;27;1525;1;2;2;1.0;1;118;BOULEVARD BARBES;;;;750
49733;201300055224;13;12;28;150;5;2;3;2.0;6;118;98, AVENUE DE SAINT OUEN;;;;750
49734;201300055225;13;12;28;845;1;2;1;1.0;2;118;35, RUE MARX DORMOY;;;;750
49735;201300055226;13;12;28;1810;5;2;1;1.0;2;118;BOULEVARD PERIPHERIQUE;;;;750
49736;201300055228;13;12;31;1745;5;2;5;2.0;6;118;193, RUE CHAMPIONNET;;;;750
49737;201300055230;13;1;1;1530;1;2;1;2.0;3;119;42, RUE ARCHEREAU;;;;750
49738;201300055231;13;1;2;1610;1;2;7;1.0;6;119;RUE DE TANGER;;;;750
49739;201300055232;13;1;3;800;5;2;7;2.0;7;119;PLACE ARMAND CARREL;;;;750
49740;201300055233;13;1;6;1955;5;2;2;1.0;7;119;RUE MANIN;;;;750
49741;201300055235;13;1;10;1805;4;2;3;2.0;3;119;BOULEVARD MACDONALD;;;;750
49742;201300055236;13;1;11;1920;5;2;1;2.0;7;119;05, AVENUE SIMON BOLIVAR;;;;750
49743;201300055237;13;1;12;1100;1;2;1;2.0;6;119;46, AVENUE DE FLANDRE;;;;750
49744;201300055238;13;1;15;2130;5;2;3;4.0;3;119;54, AVENUE DE FLANDRE;;;;750
49745;201300055239;13;1;16;600;5;2;7;1.0;3;119;AVENUE DE LA PORTE DE LA;;;;750
49746;201300055240;13;1;16;1300;1;2;1;1.0;6;119;212, BOULEVARD DE LA VIL;;;;750
49747;201300055241;13;1;16;1810;4;2;2;1.0;6;119;127, AVENUE SIMON BOLIVA;;;;750
49748;201300055242;13;1;22;750;2;2;3;8.0;3;119;58, BOULEVARD DE LA VILL;;;;750
49749;201300055243;13;1;22;900;1;2;1;8.0;6;119;07, AVENUE DU NOUVEAU CO;;;;750
49750;201300055244;13;1;30;1100;1;2;1;2.0;3;119;15, RUE DE LA MARSEILLAI;;;;750
49751;201300055245;13;1;31;1240;1;2;2;1.0;6;119;200, AVENUE JEAN JAURES;;;;750
49752;201300055246;13;2;2;1825;5;2;1;2.0;3;119;AVENUE RENE FONCK;;;;750
49753;201300055247;13;2;2;2015;5;2;3;2.0;3;119;60, AVENUE JEAN JAURES;;;;750
49754;201300055248;13;2;5;1740;1;2;4;2.0;3;119;02, RUE MATHIS;;;;750
49755;201300055249;13;2;5;1350;1;2;1;8.0;2;119;47, RUE D AUBERVILLIERS;;;;750
49756;201300055251;13;2;6;1945;5;2;2;1.0;6;119;AVENUE SIMON BOLIVAR;;;;750
49757;201300055252;13;2;7;745;2;2;1;2.0;1;119;221, AVENUE JEAN JAURES;;;;750
49758;201300055254;13;2;7;2025;5;2;1;1.0;2;119;47, RUE DE MEAUX;;;;750
49759;201300055255;13;2;8;1610;1;2;1;1.0;3;119;1, PLACE DES FETES;;;;750
49760;201300055256;13;2;10;530;5;2;1;1.0;6;119;206, AVENUE JEAN JAURES;;;;750
49761;201300055257;13;2;11;930;1;2;3;2.0;3;119;57, AVENUE JEAN JAURES;;;;750
49762;201300055258;13;2;11;1800;5;2;3;1.0;3;119;9, BOULEVARD D ALGERIE;;;;750
49763;201300055259;13;2;12;1135;1;2;1;2.0;3;119;167, AVENUE JEAN JAURES;;;;750
49764;201300055260;13;2;12;1700;1;2;2;8.0;7;119;1, RUE EDGAR VARESE;;;;750
49765;201300055261;13;2;13;1710;1;2;1;1.0;6;119;29, RUE DE NANTES;;;;750
49766;201300055262;13;2;15;2240;5;2;3;1.0;6;119;140, AVENUE JEAN JAURES;;;;750
49767;201300055263;13;2;17;758;1;2;3;1.0;2;119;94, AVENUE JEAN JAURES;;;;750
49768;201300055264;13;2;20;1030;1;2;1;1.0;7;119;93 bis, RUE MANIN;;;;750
49769;201300055265;13;2;20;1700;1;2;1;1.0;2;119;59, RUE MANIN;;;;750
49770;201300055266;13;2;23;1830;5;2;2;8.0;2;119;92, AVENUE DE FLANDRE;;;;750