;Num_Acc;an;mois;jour;hrmn;lum;agg;int;atm;col;com;adr;gps;lat;long;dep
49771;201300055267;13;2;28;1015;1;2;1;8.0;6;119;17/19, AVENUE DE FLANDRE;;;;750
49772;201300055269;13;3;4;1355;1;2;4;1.0;6;119;44, RUE DES ALOUETTES;;;;750
49773;201300055270;13;3;5;735;1;2;3;1.0;3;119;1, RUE RAYMOND RADIGUET;;;;750
49774;201300055272;13;3;7;1955;5;2;4;1.0;2;119;PLACE AUGUSTE BARON;;;;750
49775;201300055273;13;3;9;1755;1;2;1;1.0;7;119;BOULEVARD MACDONALD;;;;750
49776;201300055274;13;3;11;2000;5;2;1;3.0;1;119;150, BOULEVARD MACDONALD;;;;750
49777;201300055275;13;3;17;1915;5;2;1;1.0;6;119;145, AVENUE DE FLANDRE;;;;750
49778;201300055276;13;3;21;1010;1;2;4;1.0;3;119;126, AVENUE SIMON BOLIVA;;;;750
49779;201300055277;13;3;21;1540;1;2;1;1.0;6;119;BOULEVARD PERIPHERIQUE;;;;750
49780;201300055278;13;3;23;830;1;2;3;1.0;6;119;RUE D AUBERVILLIERS;;;;750
49781;201300055279;13;3;24;1237;1;2;1;1.0;6;119;147, RUE DE CRIMEE;;;;750
49782;201300055280;13;3;24;1740;1;2;2;1.0;1;119;120, AVENUE DE FLANDRE;;;;750
49783;201300055282;13;3;28;1912;5;2;4;1.0;3;119;1, PLACE AUGUSTE BARON;;;;750
49784;201300055283;13;3;29;1425;1;2;1;1.0;6;119;210, AVENUE DE FLANDRE;;;;750
49785;201300055284;13;3;31;1630;1;2;2;1.0;6;119;58, RUE DE L OURCQ;;;;750
49786;201300055285;13;4;2;1830;1;2;1;1.0;4;119;BOULEVARD PERIPHERIQUE;;;;750
49787;201300055286;13;4;4;830;1;2;1;1.0;3;119;147, AVENUE JEAN JAURES;;;;750
49788;201300055287;13;4;9;950;1;2;3;2.0;6;119;14, RUE DE LA MARSEILLAI;;;;750
49789;201300055289;13;4;11;2050;5;2;4;2.0;6;119;AVENUE DE FLANDRE;;;;750
49790;201300055290;13;4;12;1515;1;2;1;8.0;6;119;16, AVENUE DE FLANDRE;;;;750
49791;201300055291;13;4;15;855;1;2;1;1.0;3;119;5, RUE DE BELLEVILLE;;;;750
49792;201300055292;13;4;17;1650;1;2;1;1.0;2;119;BOULEVARD PERIPHERIQUE;;;;750
49793;201300055293;13;4;17;2210;5;2;1;1.0;6;119;40, QUAI DE LA LOIRE;;;;750
49794;201300055294;13;4;18;1338;1;2;1;1.0;2;119;11, RUE DE BELLEVILLE;;;;750
49795;201300055295;13;4;19;845;1;2;3;1.0;6;119;32, RUE DE CAMBRAI;;;;750
49796;201300055296;13;4;21;1147;1;2;3;1.0;6;119;80 bis, RUE DE MEAUX;;;;750
49797;201300055297;13;4;22;1550;1;2;3;1.0;7;119;65, RUE MANIN;;;;750
49798;201300055298;13;4;24;950;1;2;3;1.0;3;119;1, AVENUE DU BELVEDERE;;;;750
49799;201300055299;13;4;24;1850;1;2;3;1.0;1;119;QUAI DE LA MARNE;;;;750
49800;201300055300;13;4;26;2045;5;2;3;1.0;6;119;RUE D AUBERVILLIERS;;;;750
49801;201300055301;13;4;28;1540;1;2;2;1.0;3;119;27, RUE DES BOIS;;;;750
49802;201300055302;13;4;28;1250;1;2;1;1.0;6;119;55, RUE PETIT;;;;750
49803;201300055303;13;5;2;820;1;2;2;8.0;2;119;AVENUE SIMON BOLIVAR;;;;750
49804;201300055304;13;5;2;1325;1;2;1;1.0;2;119;41, AVENUE CORENTIN CARI;;;;750
49805;201300055305;13;5;2;1335;1;2;1;1.0;3;119;20, AVENUE SIMON BOLIVAR;;;;750
49806;201300055306;13;5;4;1710;1;2;1;1.0;6;119;59, AVENUE DE FLANDRE;;;;750
49807;201300055307;13;5;5;1405;1;2;5;1.0;6;119;43, AVENUE SIMON BOLIVAR;;;;750
49808;201300055308;13;5;6;1940;1;2;2;1.0;3;119;211, RUE DE BELLEVILLE;;;;750
49809;201300055309;13;5;7;1752;1;2;2;1.0;6;119;33, AVENUE SECRETAN;;;;750
49810;201300055310;13;5;12;40;5;2;1;1.0;6;119;4, BOULEVARD DE LA VILLE;;;;750
49811;201300055311;13;5;12;1300;1;2;5;1.0;3;119;91, RUE MANIN;;;;750
49812;201300055312;13;5;13;845;1;2;5;1.0;3;119;AVENUE DE LA PORTE CHAUM;;;;750
49813;201300055314;13;5;13;1740;1;2;1;1.0;6;119;2, AVENUE DE LA PORTE D;;;;750
49814;201300055316;13;5;20;1930;1;2;3;3.0;3;119;90, BOULEVARD DE LA VILL;;;;750
49815;201300055317;13;5;24;1300;1;2;2;3.0;6;119;72, AVENUE DE FLANDRE;;;;750
49816;201300055318;13;5;24;1330;1;2;1;2.0;6;119;249, RUE DE CRIMEE;;;;750
49817;201300055319;13;5;26;10;5;2;3;1.0;6;119;AVENUE JEAN JAURES;;;;750
49818;201300055320;13;5;27;1620;1;2;1;1.0;2;119;101, RUE DE L OURCQ;;;;750
49819;201300055321;13;6;2;1315;1;2;7;1.0;6;119;7, PLACE DES FETES;;;;750
49820;201300055322;13;6;3;1350;1;2;5;1.0;3;119;AVENUE JEAN JAURES;;;;750
49821;201300055323;13;6;5;1330;1;2;2;1.0;6;119;52, AVENUE SIMON BOLIVAR;;;;750
49822;201300055324;13;6;5;1745;1;2;3;1.0;6;119;105, RUE DE MEAUX;;;;750
49823;201300055326;13;6;7;915;1;2;3;1.0;3;119;07, AVENUE CORENTIN CARI;;;;750
49824;201300055327;13;6;6;1930;1;2;2;1.0;6;119;145, AVENUE JEAN JAURES;;;;750
49825;201300055328;13;6;10;20;5;2;4;1.0;6;119;PLACE AUGUSTE BARON;;;;750
49826;201300055329;13;6;10;1630;1;2;1;1.0;3;119;15, RUE MANIN;;;;750
49827;201300055330;13;6;11;1900;1;2;7;1.0;6;119;3/5, RUE DE MEAUX;;;;750
49828;201300055331;13;6;12;1410;1;2;2;1.0;6;119;40, AVENUE SECRETAN;;;;750
49829;201300055332;13;6;13;850;1;2;5;1.0;2;119;RUE MANIN;;;;750
49830;201300055335;13;6;17;1630;1;2;3;1.0;3;119;21, RUE DE BELLEVILLE;;;;750
49831;201300055336;13;6;17;1650;1;2;3;2.0;2;119;AVENUE RENE FONCK;;;;750
49832;201300055337;13;6;18;930;1;2;2;1.0;3;119;216, BOULEVARD DE LA VIL;;;;750
49833;201300055338;13;6;18;1810;1;2;1;1.0;1;119;223, AVENUE JEAN JAURES;;;;750
49834;201300055339;13;6;18;1750;1;2;2;1.0;3;119;RUE DES BOIS;;;;750
49835;201300055340;13;6;21;1848;1;2;1;1.0;1;119;74, BOULEVARD SERURIER;;;;750
49836;201300055341;13;6;23;150;5;2;3;1.0;4;119;AVENUE DE FLANDRE;;;;750
49837;201300055342;13;6;25;2345;5;2;3;1.0;6;119;76-78 bis, RUE DE MEAUX;;;;750
49838;201300055343;13;6;27;2005;1;2;2;1.0;6;119;109, AVENUE SIMON BOLIVA;;;;750
49839;201300055344;13;6;30;205;5;2;3;1.0;2;119;AVENUE JEAN JAURES;;;;750
49840;201300055345;13;6;30;1630;1;2;2;1.0;5;119;22, AVENUE MATHURIN MORE;;;;750
49841;201300055346;13;7;1;1710;1;2;7;1.0;6;119;10, BOULEVARD DE LA VILL;;;;750
49842;201300055347;13;7;1;1835;1;2;1;1.0;2;119;05, BOULEVARD MACDONALD;;;;750
49843;201300055348;13;7;2;2025;1;2;1;1.0;3;119;18, AVENUE CORENTIN CARI;;;;750
49844;201300055350;13;7;4;1005;1;2;1;1.0;6;119;64, RUE ARCHEREAU;;;;750
49845;201300055351;13;7;5;830;1;2;1;1.0;6;119;195, RUE DE CRIMEE;;;;750
49846;201300055352;13;7;5;1645;1;2;2;1.0;6;119;RUE DE L OURCQ;;;;750
49847;201300055353;13;7;6;820;2;2;1;1.0;3;119;277, RUE DE BELLEVILLE;;;;750
49848;201300055354;13;7;8;840;1;2;1;1.0;3;119;BOULEVARD MACDONALD;;;;750
49849;201300055355;13;7;8;1410;1;2;7;1.0;6;119;209, AVENUE JEAN JAURES;;;;750
49850;201300055356;13;7;8;1455;1;2;3;1.0;5;119;64, AVENUE SIMON BOLIVAR;;;;750
49851;201300055357;13;7;10;545;2;2;5;1.0;7;119;AVENUE CORENTIN CARIOU;;;;750
49852;201300055358;13;7;10;1430;1;2;3;1.0;3;119;66, BOULEVARD DE LA VILL;;;;750
49853;201300055360;13;7;10;1740;1;2;3;1.0;2;119;95 bis, RUE DE CRIMEE;;;;750
49854;201300055361;13;7;12;1;3;2;2;1.0;3;110;19, BOULEVARD DE STRASBO;;;;750
49855;201300055362;13;7;12;1840;1;2;3;1.0;3;119;17, RUE DE LA MOSELLE;;;;750
49856;201300055363;13;7;12;1945;1;2;3;1.0;6;119;RUE COMPANS;;;;750
49857;201300055364;13;7;14;615;2;2;1;1.0;6;119;32, RUE DE MOUZAIA;;;;750
49858;201300055365;13;7;16;2330;5;2;1;1.0;6;119;30, RUE MANIN;;;;750
49859;201300055367;13;7;18;1930;1;2;1;1.0;4;119;BOULEVARD PERIPHERIQUE;;;;750
49860;201300055368;13;7;18;2045;1;2;2;1.0;6;119;24, AVENUE MATHURIN MORE;;;;750
49861;201300055369;13;7;19;915;1;2;4;1.0;2;119;47, RUE MANIN;;;;750
49862;201300055370;13;7;19;1130;1;2;1;1.0;3;119;16, AVENUE CORENTIN CARI;;;;750
49863;201300055371;13;7;19;1805;1;2;1;1.0;7;119;78, BOULEVARD DE LA VILL;;;;750
49864;201300055372;13;7;23;1635;1;2;1;1.0;2;119;221, AVENUE JEAN JAURES;;;;750
49865;201300055373;13;7;24;1842;1;2;1;1.0;5;119;145, AVENUE DE FLANDRE;;;;750
49866;201300055374;13;7;25;1505;1;2;5;1.0;6;119;RUE DE CRIMEE;;;;750
49867;201300055375;13;7;25;2035;1;2;1;1.0;3;119;AVENUE DE LA PORTE DE PA;;;;750
49868;201300055376;13;7;26;2030;1;2;1;1.0;6;119;63, RUE DE L OURCQ;;;;750
49869;201300055378;13;7;29;2315;3;2;3;2.0;6;119;99, AVENUE DE FLANDRE;;;;750
49870;201300055379;13;7;31;1000;1;2;1;1.0;2;119;71, QUAI DE LA SEINE;;;;750
49871;201300055380;13;7;31;2120;2;2;3;1.0;3;119;41, QUAI DE L OISE;;;;750
49872;201300055381;13;8;9;1815;1;2;3;1.0;3;119;BOULEVARD MACDONALD;;;;750
49873;201300055382;13;8;14;1110;1;2;3;1.0;6;119;RUE DE CHAUMONT;;;;750
49874;201300055383;13;8;17;1640;1;2;7;1.0;3;119;1, PLACE DE LA PORTE DE;;;;750
49875;201300055384;13;8;19;2040;2;2;5;1.0;3;119;1, BOULEVARD DE LA VILLE;;;;750
49876;201300055385;13;8;21;2310;5;2;3;1.0;6;119;12, RUE BOTZARIS;;;;750
49877;201300055386;13;8;25;415;5;2;1;2.0;3;119;30, AVENUE DE FLANDRE;;;;750
49878;201300055388;13;8;28;1610;1;2;2;1.0;3;119;258, RUE DE CRIMEE;;;;750
49879;201300055390;13;8;30;1625;1;2;5;1.0;3;119;BOULEVARD D INDOCHINE;;;;750
49880;201300055391;13;8;30;1900;1;2;3;1.0;6;119;19, RUE DE TANGER;;;;750
49881;201300055392;13;8;31;15;5;2;1;1.0;6;119;QUAI DE LA LOIRE;;;;750
49882;201300055394;13;9;1;1825;1;2;2;1.0;3;119;BOULEVARD MACDONALD;;;;750
49883;201300055395;13;9;2;902;1;2;1;1.0;6;119;207, RUE DE BELLEVILLE;;;;750
49884;201300055396;13;9;2;1315;1;2;1;1.0;6;119;15, AVENUE SIMON BOLIVAR;;;;750
49885;201300055397;13;9;2;2000;1;2;3;1.0;3;119;14, RUE DE THIONVILLE;;;;750
49886;201300055398;13;9;3;1740;1;2;4;1.0;3;119;PORTE DE PANTIN;;;;750
49887;201300055399;13;9;3;1310;1;2;3;1.0;6;119;14, PASSAGE DU SUD;;;;750
49888;201300055400;13;9;4;1340;1;2;1;1.0;3;119;21, AVENUE CORENTIN CARI;;;;750
49889;201300055401;13;9;4;1900;1;2;2;1.0;6;119;AVENUE MATHURIN MOREAU;;;;750
49890;201300055402;13;9;7;950;1;2;1;1.0;6;119;162, AVENUE JEAN JAURES;;;;750
49891;201300055403;13;9;8;20;5;2;7;1.0;3;119;PLACE AUGUSTE BARON;;;;750
49892;201300055404;13;9;10;850;1;2;3;8.0;6;119;76, AVENUE DE FLANDRE;;;;750
49893;201300055406;13;9;13;1038;1;2;2;2.0;6;119;RUE MANIN;;;;750
49894;201300055408;13;9;15;2030;5;2;5;1.0;6;119;RUE DE CRIMEE;;;;750
49895;201300055410;13;9;19;1345;1;2;3;1.0;7;119;51, QUAI DE LA SEINE;;;;750
49896;201300055412;13;9;20;1110;1;2;3;1.0;3;119;210, AVENUE JEAN JAURES;;;;750
49897;201300055413;13;9;20;1250;1;2;2;1.0;3;119;RUE ARMAND CARREL;;;;750
49898;201300055414;13;9;20;1930;2;2;1;1.0;6;119;15, RUE MATHIS;;;;750
49899;201300055415;13;9;21;745;1;2;1;1.0;3;110;46, BOULEVARD DE MAGENTA;;;;750
49900;201300055417;13;9;23;1845;1;2;1;1.0;3;119;16, AVENUE DE LA PORTE D;;;;750
49901;201300055418;13;9;26;2140;3;2;3;1.0;7;119;27, AVENUE SIMON BOLIVAR;;;;750
49902;201300055419;13;9;27;725;1;2;2;1.0;3;119;176, AVENUE JEAN JAURES;;;;750
49903;201300055420;13;9;27;1750;1;2;4;1.0;3;119;BOULEVARD PERIPHERIQUE;;;;750
49904;201300055421;13;9;28;225;5;2;1;1.0;2;119;40, RUE ARMAND CARREL;;;;750
49905;201300055422;13;10;3;925;1;2;1;1.0;4;119;BOULEVARD PERIPHERIQUE;;;;750
49906;201300055423;13;10;4;1205;1;2;1;1.0;3;119;104, RUE D AUBERVILLIERS;;;;750
49907;201300055424;13;10;5;2220;5;2;1;1.0;4;119;89, RUE MANIN;;;;750
49908;201300055425;13;10;7;1245;1;2;1;1.0;7;119;BOULEVARD MACDONALD;;;;750
49909;201300055426;13;10;8;1950;3;2;3;1.0;3;119;47, AVENUE JEAN JAURES;;;;750
49910;201300055427;13;10;10;1215;1;2;1;1.0;2;119;221, AVENUE JEAN JAURES;;;;750
49911;201300055428;13;10;11;1400;1;2;3;1.0;6;119;64, RUE BOTZARIS;;;;750
49912;201300055430;13;10;12;1740;1;2;1;1.0;6;119;43bis, AVENUE SIMON BOLI;;;;750
49913;201300055431;13;10;12;1750;1;2;1;1.0;3;119;119, RUE MANIN;;;;750
49914;201300055433;13;10;13;1645;1;2;1;1.0;7;119;81, RUE DE CRIMEE;;;;750
49915;201300055434;13;10;13;1745;1;2;1;1.0;2;119;49 ter, AVENUE DE FLANDR;;;;750
49916;201300055435;13;10;13;2045;5;2;7;1.0;3;119;4, PLACE DE LA BATAILLE;;;;750
49917;201300055436;13;10;14;925;1;2;5;1.0;6;119;03, AVENUE JEAN JAURES;;;;750
49918;201300055437;13;10;15;1625;1;2;1;1.0;2;119;13, AVENUE DE FLANDRE;;;;750
49919;201300055438;13;10;18;810;1;2;5;1.0;6;119;26, RUE MANIN;;;;750
49920;201300055439;13;10;18;1550;1;2;1;1.0;2;119;5, AVENUE CORENTIN CARIO;;;;750
49921;201300055441;13;10;18;1855;2;2;2;1.0;6;119;109, AVENUE SIMON BOLIVA;;;;750
49922;201300055442;13;10;18;2300;5;2;1;1.0;2;119;6, RUE ARMAND CARREL;;;;750
49923;201300055443;13;10;20;1905;5;2;1;1.0;6;119;53, RUE DE BELLEVILLE;;;;750
49924;201300055444;13;10;21;2320;3;2;1;1.0;5;119;AVENUE JEAN JAURES;;;;750
49925;201300055445;13;10;22;1245;1;2;1;1.0;6;119;63, RUE MANIN;;;;750
49926;201300055447;13;10;23;1650;1;2;1;1.0;7;119;AVENUE DE LA PORTE DE LA;;;;750
49927;201300055448;13;10;26;1500;1;2;3;1.0;2;119;40, RUE MANIN;;;;750
49928;201300055449;13;10;26;1755;1;2;4;8.0;6;119;93, RUE REBEVAL;;;;750
49929;201300055450;13;10;28;950;1;2;1;1.0;6;119;AVENUE SIMON BOLIVAR;;;;750
49930;201300055451;13;10;30;930;1;2;2;7.0;6;119;RUE BOURET;;;;750
49931;201300055452;13;10;30;920;1;2;1;1.0;6;119;202, AVENUE JEAN JAURES;;;;750
49932;201300055453;13;10;30;2210;5;2;4;1.0;2;119;PORTE DE LA VILLETTE;;;;750
49933;201300055454;13;11;1;1725;5;2;7;2.0;6;119;PLACE DU MAQUIS DU VERCO;;;;750
49934;201300055455;13;11;2;950;1;2;4;1.0;6;119;220, RUE DE CRIMEE;;;;750
49935;201300055456;13;11;2;2240;5;2;2;1.0;6;119;RUE DE BELLEVILLE;;;;750
49936;201300055457;13;11;4;1930;5;2;1;1.0;3;119;18, AVENUE DE FLANDRE;;;;750
49937;201300055458;13;11;5;845;1;2;1;3.0;3;119;111, AVENUE SIMON BOLIVA;;;;750
49938;201300055459;13;11;5;1315;1;2;2;2.0;6;119;251, RUE DE CRIMEE;;;;750
49939;201300055460;13;11;5;2250;5;2;1;1.0;3;119;BOULEVARD MACDONALD;;;;750
49940;201300055461;13;11;6;925;1;2;1;1.0;4;119;13, AVENUE DE FLANDRE;;;;750
49941;201300055462;13;11;8;2000;5;2;1;1.0;2;119;57, AVENUE JEAN JAURES;;;;750
49942;201300055463;13;11;10;620;2;2;1;2.0;6;119;98, AVENUE DE FLANDRE;;;;750
49943;201300055464;13;11;10;955;1;2;1;2.0;3;119;48, AVENUE JEAN JAURES;;;;750
49944;201300055465;13;11;12;1725;4;2;1;2.0;2;119;16, RUE SIGMUND FREUD;;;;750
49945;201300055466;13;11;13;1815;2;2;3;1.0;7;119;140, RUE D AUBERVILLIERS;;;;750
49946;201300055467;13;11;14;100;5;2;3;1.0;6;119;28, AVENUE DE FLANDRE;;;;750
49947;201300055468;13;11;14;1750;5;2;1;2.0;6;119;28, RUE DE L OURCQ;;;;750
49948;201300055470;13;11;15;915;1;2;2;1.0;3;119;141, AVENUE JEAN JAURES;;;;750
49949;201300055472;13;11;19;1330;1;2;3;8.0;2;119;31, RUE DES BOIS;;;;750
49950;201300055473;13;11;20;1300;1;2;1;1.0;3;119;41, BOULEVARD D INDOCHIN;;;;750
49951;201300055474;13;11;21;1910;5;2;3;1.0;2;119;130, AVENUE DE FLANDRE;;;;750
49952;201300055475;13;11;25;1055;1;2;2;1.0;3;119;32, AVENUE MATHURIN MORE;;;;750
49953;201300055476;13;11;25;1335;1;2;3;1.0;2;119;AVENUE DE LA PORTE DES L;;;;750
49954;201300055477;13;11;29;1125;1;2;2;1.0;6;119;8, AVENUE DE LA PORTE D;;;;750
49955;201300055478;13;12;2;1415;1;2;1;1.0;5;119;16, AVENUE CORENTIN CARI;;;;750
49956;201300055479;13;12;3;905;1;2;3;1.0;3;119;AVENUE DE LA PORTE DES L;;;;750
49957;201300055480;13;12;4;755;2;2;5;1.0;3;119;RUE DE CRIMEE;;;;750
49958;201300055481;13;12;5;1815;5;2;3;1.0;6;119;36, AVENUE JEAN JAURES;;;;750
49959;201300055482;13;12;6;1615;1;2;3;1.0;7;119;76, AVENUE DE FLANDRE;;;;750
49960;201300055483;13;12;7;955;1;2;1;2.0;6;119;151, AVENUE DE FLANDRE;;;;750
49961;201300055484;13;12;9;1656;5;2;2;1.0;3;119;30, AVENUE MATHURIN MORE;;;;750
49962;201300055485;13;12;12;1150;1;2;3;1.0;2;119;RUE BOTZARIS;;;;750
49963;201300055486;13;12;13;1340;1;2;2;1.0;1;119;64, RUE RIQUET;;;;750
49964;201300055487;13;12;16;845;1;2;3;1.0;3;119;AVENUE DE LA PORTE DE LA;;;;750
49965;201300055488;13;12;15;2045;5;2;1;1.0;2;119;08, AVENUE JEAN JAURES;;;;750
49966;201300055489;13;12;16;1840;5;2;1;1.0;6;119;70, RUE D AUBERVILLIERS;;;;750
49967;201300055490;13;12;18;750;2;2;1;1.0;3;119;BOULEVARD MACDONALD;;;;750
49968;201300055491;13;12;18;920;1;2;1;1.0;3;119;27, RUE DU DOCTEUR POTAI;;;;750
49969;201300055492;13;12;19;105;5;2;7;3.0;2;119;AVENUE DE LA PORTE DE PA;;;;750
49970;201300055493;13;12;19;800;2;2;1;9.0;7;119;90, AVENUE DE FLANDRE;;;;750
49971;201300055494;13;12;19;925;1;2;7;1.0;4;119;PLACE AUGUSTE BARON;;;;750
49972;201300055495;13;12;23;1645;5;2;1;1.0;3;119;236, BOULEVARD DE LA VIL;;;;750
49973;201300055496;13;12;24;1010;1;2;3;2.0;3;119;106, RUE PETIT;;;;750
49974;201300055497;13;12;24;1535;1;2;2;2.0;6;119;86, RUE BOTZARIS;;;;750
49975;201300055498;13;12;26;50;5;2;1;1.0;6;119;18, AVENUE CORENTIN CARI;;;;750
49976;201300055499;13;12;28;1835;5;2;2;1.0;6;119;19, RUE DES CHAUFOURNIER;;;;750
49977;201300055500;13;12;29;10;5;2;5;1.0;2;119;2, RUE MATHIS;;;;750
49978;201300055501;13;12;29;130;5;2;1;1.0;2;119;45, RUE RIQUET;;;;750
49979;201300055502;13;12;29;415;5;2;2;2.0;2;120;210, RUE DE BELLEVILLE;;;;750
49980;201300055503;13;12;30;1500;1;2;4;2.0;2;119;AVENUE DE LA PORTE DE PA;;;;750
49981;201300055504;13;1;7;1210;1;2;2;1.0;3;120;RUE BELGRAND;;;;750
49982;201300055505;13;1;8;5;5;2;2;1.0;6;120;0, RUE DE LAGNY;;;;750
49983;201300055506;13;1;10;1450;1;2;3;2.0;6;120;135 bis, AVENUE GAMBETTA;;;;750
49984;201300055507;13;1;10;1810;5;2;5;2.0;6;120;18, RUE DEVERIA;;;;750
49985;201300055509;13;1;11;1730;5;2;1;1.0;3;120;96, RUE DE MENILMONTANT;;;;750
49986;201300055510;13;1;12;550;5;2;1;2.0;6;120;89, RUE PELLEPORT;;;;750
49987;201300055511;13;1;1;310;5;2;1;2.0;6;120;239, RUE DES PYRENEES;;;;750
49988;201300055514;13;1;18;1835;5;2;3;4.0;6;120;0, RUE DE MENILMONTANT;;;;750
49989;201300055516;13;1;26;2130;5;2;1;1.0;6;120;50, RUE D AVRON;;;;750
49990;201300055518;13;1;27;225;5;2;2;1.0;3;120;0, RUE D AVRON;;;;750
49991;201300055519;13;1;28;1730;5;2;1;1.0;6;120;BOULEVARD PERIPHERIQUE;;;;750
49992;201300055520;13;1;28;1000;1;2;1;1.0;6;120;0, AVENUE LEON GAUMONT;;;;750
49993;201300055521;13;1;30;800;2;2;3;2.0;1;120;21, AVENUE GAMBETTA;;;;750
49994;201300055522;13;1;30;1840;2;2;1;2.0;6;120;16bis, RUE DE LA CROIX S;;;;750
49995;201300055523;13;1;31;1055;1;2;1;8.0;4;120;0, AVENUE IBSEN;;;;750
49996;201300055524;13;2;1;2240;5;2;2;1.0;6;120;16, RUE BELGRAND;;;;750
49997;201300055525;13;2;2;1525;1;2;2;1.0;3;120;2, RUE DU COMMANDANT L H;;;;750
49998;201300055526;13;2;2;1700;1;2;2;4.0;3;120;44, RUE DES PYRENEES;;;;750
49999;201300055527;13;2;2;2010;3;2;2;1.0;6;120;32, BOULEVARD DE MENILMO;;;;750
50000;201300055528;13;2;4;1050;1;2;3;2.0;3;120;168, RUE DE BAGNOLET;;;;750
50001;201300055529;13;2;4;1800;5;2;1;1.0;2;120;0, BOULEVARD PERIPHERIQU;;;;750
50002;201300055530;13;2;5;1915;5;2;2;1.0;6;120;16, AVENUE DU PERE LACHA;;;;750
50003;201300055531;13;2;6;1850;5;2;2;1.0;3;120;02, AVENUE DU PROFESSEUR;;;;750
50004;201300055532;13;2;7;1230;1;2;7;8.0;2;120;6, PLACE GAMBETTA;;;;750
50005;201300055533;13;2;12;1400;1;2;2;1.0;2;120;92, RUE DE MENILMONTANT;;;;750
50006;201300055534;13;2;12;1630;1;2;7;1.0;3;120;49, RUE BELGRAND;;;;750
50007;201300055535;13;2;13;1725;1;2;1;1.0;6;120;168, BOULEVARD MORTIER;;;;750
50008;201300055536;13;2;13;1910;5;2;7;1.0;3;120;1, AVENUE DU DOCTEUR GLE;;;;750
50009;201300055537;13;2;16;950;1;2;2;1.0;6;120;212, BOULEVARD DE CHARON;;;;750
50010;201300055538;13;2;16;1420;1;2;2;1.0;6;120;118, RUE DES PYRENEES;;;;750
50011;201300055539;13;2;17;1330;1;2;4;1.0;2;120;ANGL A3, AVENUE CARTELLI;;;;750
50012;201300055540;13;2;18;1100;1;2;2;1.0;3;120;3, RUE ORFILA;;;;750
50013;201300055541;13;2;19;2005;5;2;1;1.0;1;120;268, RUE DE BELLEVILLE;;;;750
50014;201300055542;13;2;22;1920;5;2;7;1.0;6;120;243, RUE DES PYRENEES;;;;750
50015;201300055543;13;2;23;1815;2;2;1;4.0;2;120;32, RUE BELGRAND;;;;750
50016;201300055544;13;2;24;1310;1;2;4;4.0;2;120;0, AVENUE IBSEN;;;;750
50017;201300055545;13;2;25;2115;5;2;1;4.0;7;120;191, RUE DES PYRENEES;;;;750
50018;201300055546;13;3;2;1245;1;2;1;1.0;6;120;84, BOULEVARD DE BELLEVI;;;;750
50019;201300055547;13;3;2;1345;1;2;2;1.0;4;120;154, BOULEVARD DE CHARON;;;;750
50020;201300055548;13;3;2;1510;1;2;7;1.0;2;120;250, PORTE DE MONTREUIL;;;;750
50021;201300055549;13;3;5;1900;5;2;2;1.0;6;120;28, RUE D AVRON;;;;750
50022;201300055550;13;3;6;2125;5;2;1;2.0;6;120;30, BOULEVARD DE MENILMO;;;;750
50023;201300055552;13;3;7;1730;1;2;1;1.0;2;120;16, AVENUE GAMBETTA;;;;750
50024;201300055553;13;3;8;1635;1;2;2;1.0;3;120;RUE BELGRAND;;;;750
50025;201300055555;13;3;18;1445;1;2;5;2.0;6;120;115, RUE DES PYRENEES;;;;750
50026;201300055556;13;3;18;1920;5;2;1;2.0;6;120;44, AVENUE GAMBETTA;;;;750
50027;201300055557;13;3;21;1735;1;2;3;1.0;3;120;62, BOULEVARD DE BELLEVI;;;;750
50028;201300055558;13;3;18;1350;1;2;5;3.0;6;120;, AVENUE GAMBETTA;;;;750
50029;201300055559;13;3;22;1400;1;2;5;1.0;3;120;39, RUE DU CAPITAINE FER;;;;750
50030;201300055560;13;3;25;1405;1;2;1;1.0;3;120;15 bis, RUE SORBIER;;;;750
50031;201300055561;13;3;25;1630;2;2;5;1.0;6;120;40, RUE SORBIER;;;;750
50032;201300055562;13;3;27;1630;1;2;2;1.0;3;120;104, BOULEVARD DE MENILM;;;;750
50033;201300055564;13;3;28;1230;1;2;2;1.0;7;120;23, RUE BELGRAND;;;;750
50034;201300055565;13;3;28;2020;5;2;3;1.0;3;120;BOULEVARD DE MENILMONTAN;;;;750
50035;201300055566;13;3;30;1425;1;2;2;1.0;6;120;274, RUE DES PYRENEES;;;;750
50036;201300055568;13;3;30;1740;1;2;1;1.0;3;120;54, RUE DE LA REUNION;;;;750
50037;201300055569;13;4;1;1545;1;2;4;1.0;3;120;PLACE DE LA PORTE DE MON;;;;750
50038;201300055570;13;4;2;15;5;2;4;1.0;6;120;XX-4934, ECHANGEUR BAGNO;;;;750
50039;201300055571;13;4;3;1440;1;2;1;1.0;6;120;49, RUE D AVRON;;;;750
50040;201300055572;13;4;5;820;1;2;1;8.0;6;120;119, RUE PELLEPORT;;;;750
50041;201300055573;13;4;6;2255;5;2;2;1.0;6;120;19, BOULEVARD DAVOUT;;;;750
50042;201300055574;13;4;7;45;5;2;7;1.0;3;120;0, PLACE GAMBETTA;;;;750
50043;201300055575;13;4;7;2115;5;2;3;1.0;6;120;169, RUE DE BAGNOLET;;;;750
50044;201300055576;13;4;8;855;1;2;1;1.0;6;120;185, AVENUE GAMBETTA;;;;750