;Num_Acc;an;mois;jour;hrmn;lum;agg;int;atm;col;com;adr;gps;lat;long;dep
50045;201300055578;13;4;8;2010;2;2;2;1.0;3;120;25, RUE DE BUZENVAL;;;;750
50046;201300055579;13;4;8;1955;2;2;1;1.0;6;120;261, AVENUE GAMBETTA;;;;750
50047;201300055584;13;4;13;1350;1;2;1;1.0;3;120;BOULEVARD PERIPHERIQUE;;;;750
50048;201300055585;13;4;15;920;1;2;1;8.0;6;120;6, RUE JULES DUMIEN;;;;750
50049;201300055586;13;4;16;810;1;2;1;1.0;2;120;35, RUE DURIS;;;;750
50050;201300055589;13;4;23;1610;1;2;1;1.0;6;120;64, RUE HAXO;;;;750
50051;201300055590;13;4;25;1800;1;2;1;1.0;7;120;126, BOULEVARD DE CHARON;;;;750
50052;201300055591;13;4;26;2300;5;2;2;1.0;6;120;3, RUE DE LA BIDASSOA;;;;750
50053;201300055592;13;4;29;745;1;2;1;1.0;7;120;1, SENTIER DE LA POINTE;;;;750
50054;201300055593;13;4;30;1415;1;2;1;8.0;2;120;BOULEVARD PERIPHERIQUE E;;;;750
50055;201300055595;13;5;4;1515;1;2;1;1.0;6;120;17, RUE SORBIER;;;;750
50056;201300055596;13;5;4;1740;1;2;1;1.0;6;120;45, RUE DE MENILMONTANT;;;;750
50057;201300055597;13;5;6;1345;1;2;5;1.0;2;120;331, RUE DES PYRENEES;;;;750
50058;201300055598;13;5;7;1210;1;2;5;1.0;6;120;AVENUE GAMBETTA;;;;750
50059;201300055599;13;5;7;2339;5;2;3;1.0;3;120;71, RUE D AVRON;;;;750
50060;201300055600;13;5;8;2250;5;2;5;1.0;3;120;0, RUE PELLEPORT;;;;750
50061;201300055601;13;5;9;220;5;2;6;1.0;7;120;111, COURS DE VINCENNES;;;;750
50062;201300055602;13;5;11;1355;1;2;1;1.0;3;120;256, RUE DES PYRENEES;;;;750
50063;201300055603;13;5;14;1220;1;2;7;1.0;6;120;100, AVENUE GAMBETTA;;;;750
50064;201300055604;13;5;14;1700;1;2;3;1.0;6;120;3, RUE MAURICE BERTEAUX;;;;750
50065;201300055605;13;5;15;1325;1;2;1;1.0;6;120;332, RUE DES PYRENEES;;;;750
50066;201300055606;13;5;17;1515;1;2;3;1.0;6;120;7 - 9, BOULEVARD DAVOUT;;;;750
50067;201300055607;13;5;24;1720;1;2;1;2.0;3;120;35, RUE SAINT FARGEAU;;;;750
50068;201300055608;13;5;27;910;1;2;1;1.0;6;120;16, RUE RAMPONEAU;;;;750
50069;201300055609;13;5;27;1815;1;2;1;1.0;6;120;259, AVENUE GAMBETTA;;;;750
50070;201300055610;13;5;28;1025;1;2;2;2.0;3;120;129, RUE DES PYRENEES;;;;750
50071;201300055611;13;5;28;1405;1;2;2;2.0;3;119;93, RUE DE BELLEVILLE;;;;750
50072;201300055612;13;5;28;1700;1;2;3;1.0;3;120;RUE FLORIAN;;;;750
50073;201300055613;13;5;29;850;1;2;1;1.0;6;120;10-12, RUE DE LA PLAINE;;;;750
50074;201300055614;13;5;30;1340;1;2;4;2.0;1;120;177, AVENUE GAMBETTA;;;;750
50075;201300055615;13;5;30;2100;2;2;4;3.0;6;120;0, AVENUE CARTELLIER;;;;750
50076;201300055617;13;5;31;900;1;2;1;6.0;6;120;2, AVENUE BENOIT FRACHON;;;;750
50077;201300055620;13;6;3;1920;1;2;1;1.0;6;120;0, AVENUE BENOIT FRACHON;;;;750
50078;201300055621;13;6;4;925;1;2;5;1.0;6;120;115, RUE DES PYRENEES;;;;750
50079;201300055623;13;6;5;2035;1;2;1;1.0;3;120;BOULEVARD PERIPHERIQUE;;;;750
50080;201300055624;13;6;6;700;1;2;1;7.0;6;120;PLACE DE LA PORTE DE MON;;;;750
50081;201300055625;13;6;6;2048;1;2;1;1.0;2;120;147, RUE D AVRON;;;;750
50082;201300055626;13;6;7;1120;1;2;1;1.0;6;120;69, RUE DES PYRENEES;;;;750
50083;201300055627;13;6;7;1755;1;2;7;1.0;3;120;1, PLACE AUGUSTE METIVIE;;;;750
50084;201300055628;13;6;9;1600;1;2;3;2.0;6;119;14, RUE DE BELLEVILLE;;;;750
50085;201300055629;13;6;10;1910;1;2;2;1.0;6;120;81, RUE ALEXANDRE DUMAS;;;;750
50086;201300055630;13;6;11;1145;1;2;3;1.0;6;120;18, RUE DU CLOS;;;;750
50087;201300055631;13;6;11;1815;1;2;2;1.0;6;120;72, BOULEVARD DAVOUT;;;;750
50088;201300055632;13;6;12;1910;1;2;5;1.0;7;120;44, RUE SAINT BLAISE;;;;750
50089;201300055634;13;6;14;440;5;2;1;1.0;6;120;373, RUE DES PYRENEES;;;;750
50090;201300055635;13;6;14;1750;1;2;3;1.0;3;120;0, BOULEVARD MORTIER;;;;750
50091;201300055636;13;6;16;1410;1;2;2;1.0;3;120;0, RUE VITRUVE;;;;750
50092;201300055637;13;6;18;940;1;2;1;1.0;6;120;69, RUE DES GRANDS CHAMP;;;;750
50093;201300055638;13;6;19;1700;1;2;1;8.0;6;120;133, RUE D AVRON;;;;750
50094;201300055639;13;6;19;1840;1;2;2;2.0;3;120;RUE DES GATINES;;;;750
50095;201300055640;13;6;19;1855;1;2;2;1.0;3;120;0, RUE DU CHER;;;;750
50096;201300055641;13;6;20;1905;1;2;1;1.0;6;120;5, RUE DE NOISY LE SEC;;;;750
50097;201300055643;13;6;22;210;5;2;2;1.0;6;120;0, RUE BISSON;;;;750
50098;201300055644;13;6;24;1145;1;2;3;1.0;2;120;142, RUE D AVRON;;;;750
50099;201300055646;13;6;28;905;1;2;2;2.0;6;120;4, BOULEVARD DE BELLEVIL;;;;750
50100;201300055647;13;6;28;1719;1;2;2;1.0;3;120;8, BOULEVARD DE CHARONNE;;;;750
50101;201300055648;13;6;28;1845;1;2;1;1.0;3;120;40, RUE DES PYRENEES;;;;750
50102;201300055649;13;6;29;1045;1;2;1;2.0;7;120;271, RUE DE BELLEVILLE;;;;750
50103;201300055650;13;7;1;1645;1;2;1;1.0;6;120;62, RUE HAXO;;;;750
50104;201300055651;13;7;1;1750;1;2;3;1.0;7;120;10, RUE LEON FRAPIE;;;;750
50105;201300055652;13;7;2;35;5;2;1;1.0;6;120;10, AVENUE GAMBETTA;;;;750
50106;201300055653;13;7;3;2000;2;2;2;2.0;2;120;46, RUE VITRUVE;;;;750
50107;201300055654;13;7;4;1400;1;2;3;1.0;6;120;21, RUE SAINT FARGEAU;;;;750
50108;201300055655;13;7;5;1240;1;2;5;1.0;3;120;0, RUE DU CAPITAINE FERB;;;;750
50109;201300055656;13;7;7;45;5;2;2;1.0;3;120;RUE DES GATINES;;;;750
50110;201300055657;13;7;8;1;5;2;3;1.0;3;120;0, RUE DE MENILMONTANT;;;;750
50111;201300055658;13;7;8;1415;1;2;1;1.0;3;120;20, AVENUE BENOIT FRACHO;;;;750
50112;201300055659;13;7;8;1600;1;2;3;1.0;6;120;0, RUE SAINT BLAISE;;;;750
50113;201300055660;13;7;9;1005;1;2;5;1.0;3;120;0, AVENUE DE LA PORTE DE;;;;750
50114;201300055662;13;7;10;945;1;2;1;1.0;7;120;16, AVENUE GAMBETTA;;;;750
50115;201300055663;13;7;11;1615;1;2;1;1.0;6;120;14, BOULEVARD DE CHARONN;;;;750
50116;201300055664;13;7;12;135;5;2;1;1.0;2;120;AVENUE DE LA PORTE DE MO;;;;750
50117;201300055665;13;7;13;1820;1;2;3;1.0;3;120;93, RUE PELLEPORT;;;;750
50118;201300055666;13;7;13;2030;1;2;1;1.0;6;120;3, RUE ROGER BISSIERE;;;;750
50119;201300055667;13;7;13;2050;1;2;1;1.0;6;120;40, RUE DE TOURTILLE;;;;750
50120;201300055668;13;7;14;1245;1;2;1;1.0;6;120;45, BOULEVARD DAVOUT;;;;750
50121;201300055669;13;7;14;1935;1;2;2;1.0;2;120;AVENUE IBSEN;;;;750
50122;201300055671;13;7;15;1745;1;2;2;1.0;6;120;1, RUE HARPIGNIES;;;;750
50123;201300055672;13;7;16;1400;1;2;1;1.0;6;120;5, AVENUE DE LA PORTE DE;;;;750
50124;201300055673;13;7;17;1800;1;2;1;1.0;2;120;177, BOULEVARD DAVOUT;;;;750
50125;201300055674;13;7;18;1555;1;2;4;1.0;6;120;6, RUE BELGRAND;;;;750
50126;201300055676;13;7;22;1210;1;2;3;1.0;3;120;ANGLE, RUE LE BUA;;;;750
50127;201300055678;13;7;23;1830;1;2;2;1.0;3;120;RUE DE LAGNY;;;;750
50128;201300055679;13;7;24;1955;1;2;7;1.0;7;120;2, AVENUE DE LA PORTE DE;;;;750
50129;201300055680;13;7;25;1635;1;2;1;1.0;7;120;BOULEVARD PERIPHERIQUE E;;;;750
50130;201300055681;13;7;26;2040;1;2;2;1.0;1;120;72, BOULEVARD DAVOUT;;;;750
50131;201300055683;13;7;29;935;1;2;1;1.0;6;120;BOULEVARD PERIPHERIQUE I;;;;750
50132;201300055685;13;7;31;1215;1;2;2;1.0;3;120;0, RUE BELGRAND;;;;750
50133;201300055686;13;7;31;1800;1;2;2;1.0;3;120;25, BOULEVARD DAVOUT;;;;750
50134;201300055687;13;8;1;1520;1;2;2;1.0;3;120;0, BOULEVARD DAVOUT;;;;750
50135;201300055688;13;8;2;1040;1;2;2;1.0;6;120;1, AVENUE DE LA PORTE DE;;;;750
50136;201300055689;13;8;2;1755;1;2;1;1.0;6;120;229, RUE DES PYRENEES;;;;750
50137;201300055690;13;8;2;1945;1;2;1;1.0;3;120;161, AVENUE GAMBETTA;;;;750
50138;201300055691;13;8;3;2020;1;2;4;1.0;3;120;AVENUE GAMBETTA;;;;750
50139;201300055692;13;8;4;1945;1;2;2;1.0;6;120;227, RUE DES PYRENEES;;;;750
50140;201300055693;13;8;5;1810;1;2;3;1.0;2;120;10, RUE LEON FRAPIE;;;;750
50141;201300055694;13;8;5;1840;1;2;3;1.0;3;120;13, RUE MARYSE HILSZ;;;;750
50142;201300055695;13;8;8;1935;1;2;7;1.0;6;120;1, PLACE DU MAQUIS DU VE;;;;750
50143;201300055696;13;8;12;750;1;2;3;1.0;6;120;0, RUE D AVRON;;;;750
50144;201300055697;13;8;14;1025;1;2;3;1.0;6;120;81, RUE DE BAGNOLET;;;;750
50145;201300055698;13;8;14;1445;1;2;3;1.0;3;120;140, RUE D AVRON;;;;750
50146;201300055699;13;8;15;1855;1;2;2;1.0;3;120;0, RUE BELGRAND;;;;750
50147;201300055700;13;8;16;1710;1;2;3;1.0;7;120;76, RUE DES PYRENEES;;;;750
50148;201300055701;13;8;18;1845;1;2;4;1.0;3;120;AVENUE CARTELLIER;;;;750
50149;201300055702;13;8;21;1;5;2;2;1.0;3;120;134, RUE DE BELLEVILLE;;;;750
50150;201300055703;13;8;21;810;1;2;2;1.0;1;120;18, RUE BELGRAND;;;;750
50151;201300055704;13;8;21;1730;1;2;5;1.0;7;120;0, AVENUE DE LA PORTE DE;;;;750
50152;201300055706;13;8;26;1335;1;2;1;1.0;3;120;20, AVENUE BENOIT FRACHO;;;;750
50153;201300055707;13;8;29;1105;1;2;7;1.0;3;120;4, PLACE GAMBETTA;;;;750
50154;201300055708;13;8;30;1159;1;2;3;1.0;3;120;21, RUE DE BAGNOLET;;;;750
50155;201300055709;13;8;31;720;1;2;6;1.0;1;120;PLACE DE LA PORTE DE BAG;;;;750
50156;201300055710;13;8;31;1045;1;2;2;1.0;1;112;0, BOULEVARD SOULT;;;;750
50157;201300055711;13;8;31;1600;1;2;1;1.0;6;120;, RUE MARYSE HILSZ;;;;750
50158;201300055712;13;9;1;1520;1;2;1;1.0;6;120;55, BOULEVARD MORTIER;;;;750
50159;201300055713;13;9;2;910;1;2;1;1.0;3;112;0, BOULEVARD PERIPHERIQU;;;;750
50160;201300055715;13;9;4;1830;1;2;2;1.0;6;120;74, RUE BELGRAND;;;;750
50161;201300055716;13;9;7;1425;1;2;3;1.0;6;120;RUE MOURAUD;;;;750
50162;201300055717;13;9;9;1555;1;2;1;2.0;6;120;146, BOULEVARD DE MENILM;;;;750
50163;201300055718;13;9;10;1450;1;2;3;1.0;6;120;4, AVENUE DE LA PORTE DE;;;;750
50164;201300055719;13;9;11;2140;3;2;3;1.0;3;120;147, RUE DE BAGNOLET;;;;750
50165;201300055720;13;9;11;555;5;2;2;2.0;7;120;50, RUE BELGRAND;;;;750
50166;201300055721;13;9;14;352;5;2;1;2.0;3;120;66, RUE DES PYRENEES;;;;750
50167;201300055722;13;9;14;1120;1;2;2;2.0;7;120;15, RUE BELGRAND;;;;750
50168;201300055723;13;9;15;325;5;2;2;2.0;6;120;104, RUE D AVRON;;;;750
50169;201300055724;13;9;15;1005;1;2;1;1.0;6;120;337, RUE DES PYRENEES;;;;750
50170;201300055725;13;9;15;1315;1;2;1;1.0;6;120;41, COURS DE VINCENNES;;;;750
50171;201300055726;13;9;17;925;1;2;1;1.0;2;120;20, AVENUE BENOIT FRACHO;;;;750
50172;201300055727;13;9;17;2335;5;2;2;2.0;1;120;49, RUE DES PYRENEES;;;;750
50173;201300055728;13;9;18;2330;5;2;2;1.0;2;120;0, RUE DES PYRENEES;;;;750
50174;201300055730;13;9;20;1620;1;2;4;1.0;7;120;0, BOULEVARD PERIPHERIQU;;;;750
50175;201300055732;13;9;24;1600;1;2;5;1.0;6;112;COURS DE VINCENNES;;;;750
50176;201300055734;13;9;25;1327;1;2;7;1.0;6;120;1, PLACE OCTAVE CHANUTE;;;;750
50177;201300055735;13;9;25;1600;1;2;2;1.0;6;120;75, AVENUE GAMBETTA;;;;750
50178;201300055736;13;9;26;1645;1;2;1;1.0;6;120;6, RUE EUGENE REISZ;;;;750
50179;201300055737;13;9;26;2344;5;2;1;1.0;6;120;47, RUE OLIVIER METRA;;;;750
50180;201300055738;13;9;27;2210;1;2;2;1.0;3;120;0, RUE DES GRANDS CHAMPS;;;;750
50181;201300055739;13;10;1;30;5;2;5;1.0;6;120;168, BOULEVARD MORTIER;;;;750
50182;201300055741;13;10;4;1328;1;2;7;1.0;6;120;0, AVENUE GAMBETTA;;;;750
50183;201300055742;13;10;4;1530;1;2;7;1.0;3;111;11 bis, PLACE DE LA NATI;;;;750
50184;201300055743;13;10;5;305;5;2;2;1.0;6;120;95, RUE DE LA CHINE;;;;750
50185;201300055744;13;10;5;2110;5;2;1;1.0;6;120;6, RUE DE BELLEVILLE;;;;750
50186;201300055745;13;10;5;2135;5;2;2;1.0;1;120;280, RUE DE BELLEVILLE;;;;750
50187;201300055746;13;10;6;315;5;2;2;1.0;6;120;97, RUE DE BAGNOLET;;;;750
50188;201300055747;13;10;8;1725;1;2;1;1.0;6;120;50, AVENUE DU PROFESSEUR;;;;750
50189;201300055748;13;10;8;1350;1;2;5;1.0;6;120;117, RUE DES AMANDIERS;;;;750
50190;201300055749;13;10;11;1541;1;2;7;1.0;3;120;1, PLACE GAMBETTA;;;;750
50191;201300055750;13;10;12;1140;1;2;1;1.0;6;120;156, BOULEVARD DE CHARON;;;;750
50192;201300055751;13;10;13;1750;1;2;1;1.0;2;120;17, AVENUE GAMBETTA;;;;750
50193;201300055752;13;10;14;830;1;2;1;1.0;3;120;47, AVENUE GAMBETTA;;;;750
50194;201300055753;13;10;15;1703;1;2;1;1.0;6;120;395, RUE DES PYRENEES;;;;750
50195;201300055754;13;10;15;1900;3;2;2;1.0;3;120;RUE DE LA BIDASSOA;;;;750
50196;201300055755;13;10;15;1950;5;2;2;6.0;4;120;11, RUE DES AMANDIERS;;;;750
50197;201300055756;13;10;15;2055;5;2;1;1.0;6;120;112, RUE DE BELLEVILLE;;;;750
50198;201300055757;13;10;16;655;1;2;1;8.0;2;120;0, BOULEVARD PERIPHERIQU;;;;750
50199;201300055758;13;10;16;1335;1;2;2;2.0;3;120;60, RUE DE BAGNOLET;;;;750
50200;201300055759;13;10;17;1545;1;2;3;1.0;6;120;8, RUE DE BELLEVILLE;;;;750
50201;201300055760;13;10;17;1740;1;2;2;1.0;6;120;54, RUE BELGRAND;;;;750
50202;201300055761;13;10;20;250;5;2;5;1.0;6;120;15, COURS DE VINCENNES;;;;750
50203;201300055762;13;10;21;1720;1;2;1;2.0;6;120;29, RUE HELENE JAKUBOWIC;;;;750
50204;201300055763;13;10;25;1405;1;2;3;1.0;3;120;203, AVENUE GAMBETTA;;;;750
50205;201300055764;13;10;26;900;1;2;1;8.0;6;120;64, RUE DES ORTEAUX;;;;750
50206;201300055765;13;10;27;1500;1;2;5;1.0;3;120;240, RUE DES PYRENEES;;;;750
50207;201300055766;13;10;27;2120;5;2;5;3.0;6;120;360, RUE DES PYRENEES;;;;750
50208;201300055767;13;10;28;920;1;2;7;3.0;7;120;0, PLACE DE LA PORTE DE;;;;750
50209;201300055768;13;10;28;1155;1;2;2;1.0;2;120;S8540, AVENUE DE LA PORT;;;;750
50210;201300055769;13;10;29;1925;3;2;4;1.0;2;120;BOULEVARD PERIPHERIQUE;;;;750
50211;201300055770;13;10;30;850;1;2;3;1.0;6;120;19, RUE D AVRON;;;;750
50212;201300055772;13;10;31;1635;1;2;2;1.0;3;120;72, BOULEVARD DAVOUT;;;;750
50213;201300055773;13;11;1;1835;5;2;4;2.0;6;120;PLACE DE LA PORTE DE MON;;;;750
50214;201300055774;13;11;2;1720;1;2;3;2.0;6;119;51, RUE DE BELLEVILLE;;;;750
50215;201300055775;13;11;3;1330;1;2;1;1.0;6;120;22, AVENUE DU PROFESSEUR;;;;750
50216;201300055776;13;11;3;2355;5;2;3;3.0;6;120;0, RUE TOLAIN;;;;750
50217;201300055777;13;11;4;22;5;2;5;3.0;3;120;261, BOULEVARD MORTIER;;;;750
50218;201300055778;13;11;4;1630;1;1;1;1.0;3;120;0, BOULEVARD PERIPHERIQU;;;;750
50219;201300055779;13;11;7;550;5;2;7;1.0;2;120;49, RUE BELGRAND;;;;750
50220;201300055780;13;11;8;1500;1;2;7;2.0;6;120;79, AVENUE GAMBETTA;;;;750
50221;201300055781;13;11;8;1615;2;2;1;2.0;6;120;88, RUE PELLEPORT;;;;750
50222;201300055782;13;11;10;210;5;2;2;3.0;1;120;360, RUE DES PYRENEES;;;;750
50223;201300055783;13;11;10;920;1;2;2;1.0;6;120;BOULEVARD DAVOUT;;;;750
50224;201300055784;13;11;10;2237;5;2;7;1.0;3;120;0, PORTE DE MONTREUIL;;;;750
50225;201300055785;13;11;13;1630;1;2;3;1.0;6;120;106, RUE DE BAGNOLET;;;;750
50226;201300055786;13;11;14;840;1;2;3;2.0;3;120;104, BOULEVARD DE MENILM;;;;750
50227;201300055787;13;11;15;2325;5;2;2;1.0;3;120;0, AVENUE IBSEN;;;;750
50228;201300055789;13;11;20;950;1;2;2;1.0;3;120;0, RUE BELGRAND;;;;750
50229;201300055790;13;11;20;925;1;2;1;1.0;6;120;22, AVENUE DU PROFESSEUR;;;;750
50230;201300055791;13;11;20;1450;1;2;7;3.0;4;120;109, COURS DE VINCENNES;;;;750
50231;201300055792;13;11;20;2010;5;2;2;3.0;6;120;16, RUE DES PYRENEES;;;;750
50232;201300055793;13;11;21;920;1;2;1;8.0;6;120;17, AVENUE GAMBETTA;;;;750
50233;201300055794;13;11;22;820;1;2;2;8.0;6;120;8, RUE DE NOISY LE SEC;;;;750
50234;201300055796;13;11;22;2315;5;2;2;1.0;3;120;0, AVENUE DE LA PORTE DE;;;;750
50235;201300055797;13;11;19;2150;5;2;1;1.0;7;120;48, RUE DE LA BIDASSOA;;;;750
50236;201300055798;13;11;28;1910;5;2;2;2.0;1;120;351, RUE DES PYRENEES;;;;750
50237;201300055799;13;11;29;2245;5;2;2;2.0;6;120;60, RUE DES PYRENEES;;;;750
50238;201300055800;13;12;1;1330;1;2;1;1.0;4;120;0, BOULEVARD PERIPHERIQU;;;;750
50239;201300055801;13;12;3;1150;1;2;1;8.0;6;120;66, AVENUE GAMBETTA;;;;750
50240;201300055802;13;12;3;2005;5;2;5;1.0;3;120;240, RUE DES PYRENEES;;;;750
50241;201300055803;13;12;4;2301;4;2;5;1.0;3;120;168, BOULEVARD MORTIER;;;;750
50242;201300055805;13;12;8;455;5;2;2;1.0;3;120;RUE LOUIS LUMIERE;;;;750
50243;201300055806;13;12;8;1350;1;2;1;1.0;3;120;PORTE DE BAGNOLET;;;;750
50244;201300055807;13;12;9;1220;1;2;1;1.0;6;120;6, AVENUE GAMBETTA;;;;750
50245;201300055808;13;12;9;1850;5;2;1;1.0;6;120;4, RUE BELGRAND;;;;750
50246;201300055809;13;12;12;1745;5;2;1;1.0;6;120;37, RUE DE LA CHINE;;;;750
50247;201300055810;13;12;13;950;1;2;3;1.0;7;120;84, RUE HAXO;;;;750
50248;201300055811;13;12;12;1830;5;2;1;1.0;6;120;137, BOULEVARD DAVOUT;;;;750
50249;201300055812;13;12;14;1445;1;2;2;2.0;7;120;0, RUE DE MENILMONTANT;;;;750
50250;201300055813;13;12;15;1250;1;2;1;1.0;2;120;59, RUE SAINT BLAISE;;;;750
50251;201300055814;13;12;16;1755;3;2;1;1.0;2;120;20, AVENUE BENOIT FRACHO;;;;750
50252;201300055815;13;12;16;2000;5;2;2;1.0;6;120;13, RUE DES GATINES;;;;750
50253;201300055816;13;12;17;1600;1;2;2;1.0;7;120;42, RUE BELGRAND;;;;750
50254;201300055817;13;12;18;755;2;2;2;1.0;6;120;06, RUE PAGANINI;;;;750
50255;201300055818;13;12;17;1650;5;2;2;1.0;6;120;195, RUE DES PYRENEES;;;;750
50256;201300055819;13;12;19;1710;5;2;3;1.0;6;120;ANGLE, BOULEVARD DE BELL;;;;750
50257;201300055820;13;12;19;2015;5;2;2;1.0;5;120;ANGLE, RUE DES PYRENEES;;;;750
50258;201300055822;13;12;20;1805;3;2;2;1.0;6;120;ANGLE, RUE JULIEN LACROI;;;;750
50259;201300055823;13;12;20;2200;5;2;2;1.0;6;120;95, RUE D AVRON;;;;750
50260;201300055824;13;12;20;2318;5;2;2;1.0;3;120;2, RUE DU CAPITAINE FERB;;;;750
50261;201300055825;13;12;22;224;5;2;7;1.0;2;120;0, AVENUE DU DOCTEUR GLE;;;;750
50262;201300055826;13;12;22;1350;1;2;1;8.0;3;120;74, RUE DES ORTEAUX;;;;750
50263;201300055827;13;12;28;850;1;2;1;2.0;6;120;0, BOULEVARD PERIPHERIQU;;;;750
50264;201300055828;13;12;31;2150;5;2;1;2.0;2;120;4, AVENUE DE LA PORTE DE;;;;750
50265;201300055829;13;1;3;1125;1;2;3;2.0;6;112;78, RUE DE REUILLY;;;;750
50266;201300055830;13;1;6;1145;1;2;5;1.0;6;119;244, BOULEVARD DE LA VIL;;;;750
50267;201300055831;13;1;8;1345;1;2;3;2.0;7;114;32, RUE REMY DUMONCEL;;;;750
50268;201300055832;13;1;8;1740;5;2;1;1.0;4;119;BOULEVARD PERIPHERIQUE I;;;;750
50269;201300055833;13;1;9;2124;5;2;2;2.0;6;112;256, AVENUE DAUMESNIL;;;;750
50270;201300055835;13;1;11;1740;5;2;1;1.0;2;117;BOULEVARD DU FORT DE VAU;;;;750
50271;201300055836;13;1;12;2000;5;2;2;1.0;6;107;25, BOULEVARD DE LA TOUR;;;;750
50272;201300055837;13;1;14;1900;5;2;1;4.0;6;110;23, AVENUE CLAUDE VELLEF;;;;750
50273;201300055838;13;1;17;1300;1;2;1;1.0;3;106;27, QUAI DES GRANDS AUGU;;;;750
50274;201300055839;13;1;18;1910;5;2;1;4.0;2;101;PONT AU CHANGE;;;;750
50275;201300055840;13;1;22;1540;1;2;7;1.0;2;114;PLACE DENFERT ROCHEREAU;;;;750
50276;201300055842;13;1;26;743;2;2;5;1.0;3;108;COURS ALBERT 1ER;;;;750
50277;201300055844;13;1;27;2205;5;2;1;1.0;3;116;ALLEE DE LA REINE MARGUE;;;;750
50278;201300055845;13;1;29;1155;1;2;5;2.0;3;110;BOULEVARD DE STRASBOURG;;;;750
50279;201300055846;13;1;30;1145;1;2;1;3.0;2;107;71, QUAI BRANLY;;;;750
50280;201300055847;13;1;30;1215;1;2;7;2.0;6;108;04, PLACE DE LA CONCORDE;;;;750
50281;201300055849;13;2;1;1150;1;2;1;2.0;4;108;63, RUE DE COURCELLES;;;;750
50282;201300055850;13;2;1;1630;1;2;7;1.0;2;116;PLACE DE LA PORTE MAILLO;;;;750
50283;201300055851;13;2;1;1838;5;2;2;2.0;3;116;ROUTE DE SURESNES;;;;750
50284;201300055852;13;2;3;1025;1;2;4;1.0;6;116;AVENUE DU PRESIDENT KENN;;;;750
50285;201300055853;13;2;5;725;5;2;2;3.0;7;106;17, BOULEVARD DU MONTPAR;;;;750
50286;201300055854;13;2;5;1115;1;2;3;1.0;6;116;90, AVENUE KLEBER;;;;750
50287;201300055856;13;2;6;2005;5;2;2;1.0;6;118;02, AVENUE DE LA PORTE D;;;;750
50288;201300055860;13;2;10;449;5;2;7;1.0;2;107;PLACE VAUBAN;;;;750
50289;201300055861;13;2;11;1345;1;2;3;1.0;3;112;BOULEVARD DIDEROT;;;;750
50290;201300055862;13;2;15;1615;1;2;1;1.0;6;105;QUAI SAINT BERNARD;;;;750
50291;201300055863;13;2;15;1650;1;2;2;1.0;1;102;29, BOULEVARD POISSONNIE;;;;750
50292;201300055864;13;2;15;2130;5;2;5;1.0;7;117;85, AVENUE DE WAGRAM;;;;750
50293;201300055865;13;2;16;1315;1;2;2;1.0;1;117;BOULEVARD GOUVION SAINT;;;;750
50294;201300055866;13;2;19;30;3;2;1;1.0;7;116;ROUTE DE L ETOILE;;;;750
50295;201300055868;13;2;22;915;1;2;1;1.0;2;104;1, RUE DES NONNAINS D HY;;;;750
50296;201300055869;13;2;22;1450;1;2;1;1.0;2;116;ALLEE DU BORD DE L EAU;;;;750
50297;201300055870;13;2;22;1730;1;2;7;1.0;3;117;PLACE DE LA PORTE MAILLO;;;;750
50298;201300055871;13;2;25;1845;5;2;2;2.0;2;104;16, PONT AU CHANGE;;;;750
50299;201300055872;13;2;26;2338;5;2;2;2.0;1;115;RUE LECOURBE;;;;750
50300;201300055873;13;2;27;1709;2;2;5;1.0;2;106;BOULEVARD RASPAIL;;;;750
50301;201300055874;13;2;28;500;5;2;4;1.0;6;116;BOULEVARD LANNES;;;;750
50302;201300055875;13;2;28;1350;1;2;2;1.0;3;102;RUE DU QUATRE SEPTEMBRE;;;;750
50303;201300055876;13;3;1;1715;2;2;1;1.0;3;112;QUAI DE BERCY;;;;750
50304;201300055877;13;3;5;1155;1;2;1;1.0;6;116;58, AVENUE DE VERSAILLES;;;;750
50305;201300055878;13;3;5;1227;1;2;2;1.0;3;112;02, AVENUE LEDRU ROLLIN;;;;750
50306;201300055879;13;3;5;1330;1;2;4;1.0;5;114;BOULEVARD PERIPHERIQUE E;;;;750
50307;201300055880;13;3;6;1720;1;2;4;1.0;6;119;96, BOULEVARD SERURIER;;;;750
50308;201300055881;13;3;7;1245;1;2;3;1.0;6;106;7 BIS, RUE DES SAINTS PE;;;;750
50309;201300055882;13;3;9;638;2;2;7;1.0;3;117;PLACE DU BRESIL;;;;750
50310;201300055883;13;3;9;1035;1;2;2;1.0;1;110;141, RUE LA FAYETTE;;;;750
50311;201300055884;13;3;10;625;2;2;7;1.0;6;118;20, BOULEVARD DE CLICHY;;;;750
50312;201300055885;13;3;10;1540;1;2;1;1.0;6;113;53, AVENUE D ITALIE;;;;750
50313;201300055886;13;3;14;1230;1;2;1;1.0;4;116;BOULEVARD PERIPHERIQUE E;;;;750
50314;201300055887;13;3;15;5;5;2;1;1.0;5;113;AVENUE PIERRE DE COUBERT;;;;750
50315;201300055888;13;3;16;1535;1;2;3;1.0;2;110;145, AVENUE PARMENTIER;;;;750
50316;201300055889;13;3;17;505;5;2;2;1.0;6;118;43, BOULEVARD BARBES;;;;750
50317;201300055890;13;3;19;1745;1;2;1;1.0;6;115;173, RUE DE VAUGIRARD;;;;750
50318;201300055891;13;3;19;1945;5;2;1;2.0;3;116;ALLEE DE LA REINE MARGUE;;;;750