;Num_Acc;an;mois;jour;hrmn;lum;agg;int;atm;col;com;adr;gps;lat;long;dep
50319;201300055892;13;3;20;440;5;2;1;1.0;6;116;VOIE GEORGES POMPIDOU;;;;750
50320;201300055893;13;3;21;740;1;2;2;1.0;3;105;0, BOULEVARD SAINT MICHE;;;;750
50321;201300055894;13;3;21;1530;1;2;1;1.0;6;115;QUAI D ISSY LES MOULINEA;;;;750
50322;201300055895;13;3;23;1520;1;2;1;1.0;3;101;350, RUE SAINT HONORE;;;;750
50323;201300055896;13;3;27;40;5;2;1;1.0;2;103;RUE DES ARCHIVES;;;;750
50324;201300055897;13;3;27;1450;1;2;1;1.0;2;118;PORTE D AUBERVILLIERS;;;;750
50325;201300055898;13;3;27;2030;5;2;2;1.0;7;108;37, AVENUE DES CHAMPS EL;;;;750
50326;201300055899;13;3;28;830;1;2;4;1.0;3;112;RUE DU GENERAL DE LANGLE;;;;750
50327;201300055900;13;3;28;1330;1;2;3;1.0;6;113;48, RUE DE TOLBIAC;;;;750
50328;201300055901;13;3;28;1735;1;2;4;1.0;6;107;89, AVENUE DE LA BOURDON;;;;750
50329;201300055902;13;3;29;810;1;2;1;1.0;3;119;119, AVENUE DE FLANDRE;;;;750
50330;201300055903;13;3;29;1025;1;2;1;1.0;7;104;9, RUE DU RENARD;;;;750
50331;201300055904;13;3;29;1800;1;2;1;1.0;2;116;BOULEVARD PERIPHERIQUE I;;;;750
50332;201300055905;13;3;31;640;1;2;2;1.0;3;104;RUE DE LA CITE;;;;750
50333;201300055906;13;3;31;700;1;2;3;1.0;6;116;0, BOULEVARD FLANDRIN;;;;750
50334;201300055907;13;4;1;2115;5;2;3;1.0;6;117;168 bis, RUE CARDINET;;;;750
50335;201300055909;13;4;3;1100;1;2;5;1.0;6;118;RUE ORDENER;;;;750
50336;201300055910;13;4;6;215;5;2;1;1.0;6;114;49, AVENUE DE L OBSERVAT;;;;750
50337;201300055911;13;4;6;1330;1;2;1;1.0;3;107;07, RUE DE CONSTANTINE;;;;750
50338;201300055913;13;4;7;215;5;2;1;1.0;3;116;ALLEE DE LONGCHAMP;;;;750
50339;201300055914;13;4;8;627;1;2;2;1.0;3;104;50, RUE DE RIVOLI;;;;750
50340;201300055916;13;4;10;1532;1;2;1;1.0;6;119;BOULEVARD PERIPHERIQUE I;;;;750
50341;201300055917;13;4;12;900;1;2;3;2.0;6;106;8, BOULEVARD SAINT MICHE;;;;750
50342;201300055918;13;4;12;1215;1;2;1;1.0;6;105;5, BOULEVARD SAINT GERMA;;;;750
50343;201300055919;13;4;12;1500;1;2;1;8.0;6;116;4, RUE POUSSIN;;;;750
50344;201300055920;13;4;12;2010;2;2;3;2.0;1;113;54, RUE DE TOLBIAC;;;;750
50345;201300055922;13;3;8;2250;2;2;1;1.0;6;120;ECHANGEUR BAGNOLET;;;;750
50346;201300055923;13;4;17;1620;1;2;3;1.0;6;118;121, RUE DES POISSONNIER;;;;750
50347;201300055924;13;4;19;1;5;2;3;1.0;6;110;23, RUE DE LA GRANGE AUX;;;;750
50348;201300055925;13;4;19;15;5;2;4;1.0;3;116;VOIE GEORGES POMPIDOU;;;;750
50349;201300055926;13;4;19;2015;5;2;4;1.0;5;119;18, RUE GASTON TESSIER;;;;750
50350;201300055927;13;4;20;1459;1;2;5;1.0;4;106;112, RUE DE RENNES;;;;750
50351;201300055928;13;4;20;1644;1;2;1;1.0;6;117;20, BOULEVARD GOUVION SA;;;;750
50352;201300055929;13;4;21;1354;1;2;2;1.0;3;118;RUE MARCADET;;;;750
50353;201300055930;13;4;21;1935;1;2;5;1.0;6;120;82, BOULEVARD DE MENILMO;;;;750
50354;201300055931;13;4;22;1010;1;2;1;1.0;6;111;177 bis, BOULEVARD VOLTA;;;;750
50355;201300055932;13;4;23;940;1;2;1;1.0;6;114;29, RUE DELAMBRE;;;;750
50356;201300055933;13;4;23;1620;1;2;1;1.0;6;119;28, RUE DU MAROC;;;;750
50357;201300055934;13;4;23;1949;1;2;1;1.0;3;106;6, QUAI MALAQUAIS;;;;750
50358;201300055937;13;4;25;1120;1;2;3;1.0;6;110;187, RUE DU FAUBOURG SAI;;;;750
50359;201300055938;13;4;25;2005;2;2;1;1.0;6;112;AVENUE DE SAINT MAURICE;;;;750
50360;201300055939;13;4;27;2025;5;2;3;1.0;3;117;87, AVENUE DE CLICHY;;;;750
50361;201300055940;13;4;28;1351;1;2;1;1.0;7;108;VOIE GEORGES POMPIDOU;;;;750
50362;201300055941;13;4;29;1515;1;2;1;1.0;6;111;157, RUE SAINT MAUR;;;;750
50363;201300055942;13;4;29;2035;2;2;1;1.0;3;119;132, BOULEVARD DE LA VIL;;;;750
50364;201300055944;13;4;30;2225;5;2;1;8.0;6;116;36, AVENUE RAYMOND POINC;;;;750
50365;201300055946;13;5;3;1115;1;2;2;1.0;6;119;RUE DES CHAUFOURNIERS;;;;750
50366;201300055947;13;5;3;1410;1;2;7;1.0;6;114;01, PLACE DU VINGT CINQ;;;;750
50367;201300055948;13;5;4;340;5;2;4;1.0;1;117;23, RUE FRAGONARD;;;;750
50368;201300055949;13;5;4;750;1;2;1;1.0;6;114;BOULEVARD PERIPHERIQUE;;;;750
50369;201300055950;13;5;5;1545;1;2;7;1.0;2;101;168, RUE DE RIVOLI;;;;750
50370;201300055951;13;5;6;1540;1;2;2;1.0;6;115;0, RUE DE VOUILLE;;;;750
50371;201300055952;13;5;8;1215;1;2;1;1.0;6;108;128, RUE LA BOETIE;;;;750
50372;201300055953;13;5;11;1806;1;2;1;1.0;6;120;42, BOULEVARD MORTIER;;;;750
50373;201300055954;13;5;13;1620;1;2;5;1.0;6;115;12, RUE PECLET;;;;750
50374;201300055956;13;5;16;2315;5;2;3;1.0;3;117;16, AVENUE DE LA GRANDE;;;;750
50375;201300055957;13;5;17;240;5;2;1;1.0;6;114;BOULEVARD PERIPHERIQUE E;;;;750
50376;201300055958;13;5;17;1850;1;2;1;1.0;6;106;141, RUE DE RENNES;;;;750
50377;201300055959;13;5;18;753;1;2;2;1.0;3;109;85, RUE DE DUNKERQUE;;;;750
50378;201300055960;13;5;18;1545;1;2;1;1.0;6;118;25, RUE CHAMPIONNET;;;;750
50379;201300055961;13;5;18;1645;1;2;2;2.0;2;117;87, AVENUE DES TERNES;;;;750
50380;201300055962;13;5;19;240;5;2;2;2.0;6;117;25, RUE LEMERCIER;;;;750
50381;201300055963;13;5;19;1650;1;2;2;2.0;3;107;RUE DUROC;;;;750
50382;201300055964;13;5;19;1751;1;2;1;3.0;7;117;AVENUE PAUL ADAM;;;;750
50383;201300055965;13;5;21;1355;1;2;2;2.0;3;115;RUE LINOIS;;;;750
50384;201300055966;13;5;21;1902;1;2;5;2.0;2;102;28, AVENUE DE L OPERA;;;;750
50385;201300055967;13;5;21;2155;2;2;1;2.0;1;115;19, RUE LINOIS;;;;750
50386;201300055968;13;5;22;1502;1;2;4;1.0;6;116;BOULEVARD PERIPHERIQUE E;;;;750
50387;201300055969;13;5;23;1010;1;2;1;1.0;2;104;VOIE GEORGES POMPIDOU;;;;750
50388;201300055971;13;5;23;2230;5;2;7;2.0;3;107;PLACE DE LA RESISTANCE;;;;750
50389;201300055972;13;5;24;1715;1;2;1;2.0;6;116;05/07, RUE ABEL FERRY;;;;750
50390;201300055973;13;5;25;225;5;2;1;1.0;6;113;66, RUE DE PATAY;;;;750
50391;201300055975;13;5;25;2050;2;2;7;1.0;3;114;PLACE DENFERT ROCHEREAU;;;;750
50392;201300055976;13;5;26;1115;1;2;7;1.0;6;116;AVENUE DE LA PORTE DE SA;;;;750
50393;201300055977;13;5;27;1630;1;2;1;1.0;2;113;BOULEVARD PERIPHERIQUE I;;;;750
50394;201300055978;13;5;27;1645;1;2;1;1.0;2;116;ALLEE DE LA REINE MARGUE;;;;750
50395;201300055979;13;5;30;1445;1;2;1;2.0;2;118;50, BOULEVARD ORNANO;;;;750
50396;201300055980;13;6;1;935;1;2;5;1.0;3;116;AVENUE DE MALAKOFF;;;;750
50397;201300055981;13;6;2;1230;1;2;2;1.0;6;113;64, RUE DE TOLBIAC;;;;750
50398;201300055982;13;6;4;1430;1;2;5;1.0;6;103;38, RUE DE TURBIGO;;;;750
50399;201300055983;13;6;5;40;5;2;1;1.0;2;112;BOULEVARD PERIPHERIQUE;;;;750
50400;201300055984;13;6;5;1845;1;2;1;1.0;6;119;PORTE DE PANTIN;;;;750
50401;201300055985;13;6;6;835;1;2;1;1.0;3;115;BOULEVARD PERIPHERIQUE I;;;;750
50402;201300055986;13;6;6;1130;1;2;5;1.0;3;112;BOULEVARD SOULT;;;;750
50403;201300055987;13;6;6;1730;1;2;4;1.0;6;112;75, RUE CROZATIER;;;;750
50404;201300055988;13;6;7;1205;1;2;1;1.0;6;113;15, RUE DU DESSOUS DES B;;;;750
50405;201300055989;13;6;10;1222;1;2;2;1.0;6;117;RUE JOUFFROY D ABBANS;;;;750
50406;201300055990;13;6;11;915;1;2;1;1.0;4;112;PORTE DOREE;;;;750
50407;201300055991;13;6;11;1710;1;2;1;1.0;6;114;150, AVENUE DU MAINE;;;;750
50408;201300055992;13;6;12;120;5;2;1;1.0;6;111;122, BOULEVARD RICHARD L;;;;750
50409;201300055993;13;6;13;840;1;2;1;1.0;6;115;149, PORTE DE SEVRES;;;;750
50410;201300055994;13;6;13;900;1;2;2;1.0;3;115;1, QUAI DE GRENELLE;;;;750
50411;201300055995;13;6;16;2240;5;2;7;1.0;2;104;PLACE DU CHATELET;;;;750
50412;201300055996;13;6;17;1915;1;2;1;1.0;2;119;BOULEVARD PERIPHERIQUE E;;;;750
50413;201300055997;13;6;18;1519;1;2;5;1.0;2;102;84, BOULEVARD MONTMARTRE;;;;750
50414;201300055998;13;6;18;1500;1;2;5;1.0;3;109;0, RUE DU FAUBOURG MONTM;;;;750
50415;201300055999;13;6;20;300;5;2;1;1.0;6;114;BOULEVARD PERIPHERIQUE;;;;750
50416;201300056000;13;6;20;1353;1;2;1;1.0;7;110;22, PASSAGE HEBRARD;;;;750
50417;201300056001;13;6;20;2300;5;2;1;1.0;4;112;BOULEVARD PERIPHERIQUE;;;;750
50418;201300056002;13;6;21;1153;1;2;5;1.0;1;114;BOULEVARD ROMAIN ROLLAND;;;;750
50419;201300056003;13;6;21;1145;1;2;3;1.0;6;119;12, RUE DE TANGER;;;;750
50420;201300056004;13;6;21;2230;5;2;2;1.0;6;115;13, BOULEVARD GENERAL MA;;;;750
50421;201300056005;13;6;23;834;1;2;3;1.0;2;113;51-55, BOULEVARD MASSENA;;;;750
50422;201300056006;13;6;23;1235;1;2;1;1.0;6;111;54, RUE DE LA ROQUETTE;;;;750
50423;201300056008;13;6;23;2210;5;2;2;2.0;6;114;170, RUE D ALESIA;;;;750
50424;201300056009;13;6;24;1445;1;2;1;1.0;6;116;13, BOULEVARD EXELMANS;;;;750
50425;201300056010;13;6;24;2035;1;2;5;1.0;3;117;112, BOULEVARD BERTHIER;;;;750
50426;201300056012;13;6;25;1650;1;2;1;1.0;6;119;92, RUE DE CRIMEE;;;;750
50427;201300056013;13;6;25;1940;1;2;1;1.0;2;116;BOULEVARD PERIPHERIQUE;;;;750
50428;201300056014;13;6;29;418;5;2;1;2.0;7;110;16, BOULEVARD DE MAGENTA;;;;750
50429;201300056015;13;6;29;524;2;2;1;1.0;6;106;44, BOULEVARD SAINT MICH;;;;750
50430;201300056016;13;6;29;2109;2;2;1;1.0;2;114;BOULEVARD PERIPHERIQUE E;;;;750
50431;201300056017;13;7;1;2115;2;2;3;1.0;2;110;209, RUE DU FAUBOURG SAI;;;;750
50432;201300056018;13;7;2;1140;1;2;2;1.0;3;118;25, RUE FRANCOEUR;;;;750
50433;201300056019;13;7;4;1730;1;2;7;1.0;6;118;BOULEVARD DE LA CHAPELLE;;;;750
50434;201300056020;13;7;5;1708;1;2;4;1.0;6;113;74, RUE NATIONALE;;;;750
50435;201300056023;13;7;7;1720;1;2;3;1.0;3;107;5, PLACE HENRY DE MONTHE;;;;750
50436;201300056024;13;7;8;1340;1;2;5;1.0;6;118;2, AVENUE DE LA PORTE DE;;;;750
50437;201300056026;13;7;10;1900;1;2;2;1.0;3;118;RUE HERMEL;;;;750
50438;201300056027;13;7;11;30;5;2;4;1.0;6;116;ALLEE DE LONGCHAMP;;;;750
50439;201300056028;13;7;12;1120;1;2;3;1.0;6;110;50, RUE DU CHATEAU D EAU;;;;750
50440;201300056029;13;7;12;1425;1;2;1;1.0;6;119;3, RUE DE LA PREVOYANCE;;;;750
50441;201300056030;13;7;12;1950;1;2;1;1.0;6;114;87, AVENUE PAUL VAILLANT;;;;750
50442;201300056031;13;7;13;1805;1;2;4;1.0;6;118;PORTE DE LA CHAPELLE;;;;750
50443;201300056032;13;7;14;540;2;2;7;1.0;6;112;ROUTE DE LA PYRAMIDE;;;;750
50444;201300056033;13;7;14;1620;1;2;7;1.0;3;107;QUAI D ORSAY;;;;750
50445;201300056034;13;7;16;1213;1;2;1;1.0;4;113;QUAI D IVRY;;;;750
50446;201300056035;13;7;16;1735;1;2;5;1.0;6;117;95, BOULEVARD BESSIERES;;;;750
50447;201300056036;13;7;18;2230;5;2;1;1.0;7;116;44, AVENUE DE NEW YORK;;;;750
50448;201300056037;13;7;20;120;5;2;2;1.0;2;111;28, BOULEVARD VOLTAIRE;;;;750
50449;201300056038;13;7;20;1635;1;2;1;1.0;6;118;19, RUE EUGENE CARRIERE;;;;750
50450;201300056039;13;7;21;1710;1;2;7;1.0;3;101;2, RUE DE L AMIRAL DE CO;;;;750
50451;201300056040;13;7;24;159;5;2;2;1.0;3;115;QUAI ANDRE CITROEN;;;;750
50452;201300056041;13;7;24;1240;1;2;1;1.0;4;113;92, RUE JEANNE D ARC;;;;750
50453;201300056043;13;7;25;1810;1;2;1;1.0;3;116;AVENUE DU MAHATMA GANDHI;;;;750
50454;201300056046;13;7;30;1210;1;2;2;1.0;3;111;/, BOULEVARD VOLTAIRE;;;;750
50455;201300056047;13;7;31;1939;1;2;2;1.0;6;105;QUAI SAINT BERNARD;;;;750
50456;201300056049;13;8;8;845;1;2;2;1.0;3;113;173, RUE DE TOLBIAC;;;;750
50457;201300056051;13;8;10;1302;1;2;5;1.0;6;118;RUE DES TROIS FRERES;;;;750
50458;201300056052;13;8;10;1850;1;2;2;7.0;3;114;79, BOULEVARD BRUNE;;;;750
50459;201300056053;13;8;13;1215;1;2;7;1.0;2;108;ROND POINT CHAMPS ELYSEE;;;;750
50460;201300056054;13;8;14;1844;1;2;1;1.0;3;118;110, BOULEVARD DE ROCHEC;;;;750
50461;201300056055;13;8;14;1315;1;2;7;1.0;6;116;59, AVENUE DE VERSAILLES;;;;750
50462;201300056056;13;8;14;1908;1;2;1;1.0;6;117;AVENUE PAUL ADAM;;;;750
50463;201300056057;13;8;16;1358;1;2;3;1.0;3;101;8, QUAI DE LA MEGISSERIE;;;;750
50464;201300056058;13;8;17;240;5;2;1;1.0;6;104;QUAI DES CELESTINS;;;;750
50465;201300056059;13;8;18;617;1;2;5;1.0;1;110;77, BOULEVARD DE MAGENTA;;;;750
50466;201300056060;13;8;18;730;1;2;4;1.0;3;112;BOULEVARD PERIPHERIQUE;;;;750
50467;201300056061;13;8;19;1420;1;2;3;1.0;6;115;BOULEVARD DU MONTPARNASS;;;;750
50468;201300056062;13;8;19;2305;5;2;2;1.0;3;111;74, RUE DU CHEMIN VERT;;;;750
50469;201300056064;13;8;22;333;5;2;7;1.0;6;113;PLACE D ITALIE;;;;750
50470;201300056065;13;8;22;1015;1;2;1;1.0;6;113;41, RUE DE DOMREMY;;;;750
50471;201300056066;13;8;23;1450;1;2;2;1.0;6;119;131, AVENUE SIMON BOLIVA;;;;750
50472;201300056067;13;8;27;1444;1;2;1;1.0;6;112;AVENUE DU DOCTEUR ARNOLD;;;;750
50473;201300056068;13;8;28;1310;1;2;1;1.0;7;116;BOULEVARD PERIPHERIQUE I;;;;750
50474;201300056069;13;8;29;120;5;2;1;1.0;6;101;METRO TUILERIES;;;;750
50475;201300056071;13;8;29;1845;1;2;2;1.0;2;112;0, BOULEVARD DE PICPUS;;;;750
50476;201300056072;13;8;30;1955;2;2;2;1.0;3;111;RUE DURANTI;;;;750
50477;201300056073;13;9;1;800;2;2;2;1.0;6;106;79, RUE DES SAINTS PERES;;;;750
50478;201300056075;13;9;1;1645;1;2;4;1.0;6;103;89, RUE DE TURBIGO;;;;750
50479;201300056076;13;9;1;2045;2;2;1;1.0;6;113;133, RUE DE LA SANTE;;;;750
50480;201300056077;13;9;2;2245;5;2;5;1.0;3;116;ROUTE DE SURESNES;;;;750
50481;201300056078;13;9;3;2210;5;2;1;1.0;6;111;02, AVENUE PARMENTIER;;;;750
50482;201300056079;13;9;4;1800;1;2;2;1.0;5;107;12, AVENUE DE VILLARS;;;;750
50483;201300056080;13;9;5;830;1;2;3;1.0;6;114;/, RUE RAYMOND LOSSERAND;;;;750
50484;201300056081;13;9;5;1416;1;2;2;1.0;3;111;BOULEVARD JULES FERRY;;;;750
50485;201300056082;13;9;5;1;5;2;4;1.0;5;114;BOULEVARD PERIPHERIQUE;;;;750
50486;201300056083;13;9;7;1854;1;2;1;1.0;6;118;84, BOULEVARD NEY;;;;750
50487;201300056085;13;9;8;540;5;2;3;1.0;3;103;BOULEVARD DE SEBASTOPOL;;;;750
50488;201300056086;13;9;11;825;1;2;2;1.0;3;112;/, BOULEVARD PONIATOWSKI;;;;750
50489;201300056087;13;9;13;918;1;2;1;2.0;2;112;QUAI DE BERCY;;;;750
50490;201300056088;13;9;14;850;1;2;1;2.0;6;120;ECHANGEUR BAGNOLET;;;;750
50491;201300056089;13;9;14;1145;1;2;7;2.0;3;105;PLACE PAUL PAINLEVE;;;;750
50492;201300056090;13;9;14;1920;2;2;4;3.0;7;115;63, BOULEVARD GARIBALDI;;;;750
50493;201300056091;13;9;16;2135;5;2;1;1.0;5;112;11, AVENUE DU TREMBLAY;;;;750
50494;201300056092;13;9;17;40;5;2;2;1.0;1;107;QUAI D ORSAY;;;;750
50495;201300056093;13;9;18;2300;5;2;2;1.0;6;102;36, AVENUE DE L OPERA;;;;750
50496;201300056094;13;9;19;1848;1;2;2;1.0;6;117;0, BOULEVARD BERTHIER;;;;750
50497;201300056095;13;9;20;1435;1;2;1;1.0;6;117;7, RUE D HELIOPOLIS;;;;750
50498;201300056096;13;9;21;1600;1;2;1;1.0;3;114;BOULEVARD PERIPHERIQUE I;;;;750
50499;201300056097;13;9;22;530;5;2;3;1.0;6;109;75 bis, BOULEVARD DE CLI;;;;750
50500;201300056098;13;9;22;1520;1;2;1;1.0;3;117;AVENUE DE LA PORTE DE SA;;;;750
50501;201300056099;13;9;23;1025;1;2;7;1.0;3;117;2, PLACE DU MARECHAL JUI;;;;750
50502;201300056100;13;9;24;1805;1;2;1;1.0;2;116;BOULEVARD PERIPHERIQUE I;;;;750
50503;201300056101;13;9;26;255;5;2;1;1.0;6;118;BOULEVARD PERIPHERIQUE;;;;750
50504;201300056102;13;9;26;1740;1;2;3;1.0;2;115;208, RUE DE VAUGIRARD;;;;750
50505;201300056103;13;9;26;1902;2;2;1;1.0;2;109;30, RUE DE MONTHOLON;;;;750
50506;201300056104;13;9;27;906;1;2;1;1.0;2;108;11, RUE DES SAUSSAIES;;;;750
50507;201300056105;13;9;27;1340;1;2;3;1.0;6;117;6, RUE MARIA DERAISMES;;;;750
50508;201300056106;13;9;27;2010;5;2;2;1.0;6;101;15, RUE DU LOUVRE;;;;750
50509;201300056107;13;9;28;930;1;2;2;1.0;1;120;BOULEVARD DAVOUT;;;;750
50510;201300056108;13;9;28;1840;2;2;1;1.0;2;112;BOULEVARD DE BERCY;;;;750
50511;201300056109;13;10;1;210;5;2;7;1.0;6;120;2, PLACE MARTIN NADAUD;;;;750
50512;201300056110;13;10;2;930;1;2;2;1.0;4;103;63, RUE DE TURBIGO;;;;750
50513;201300056111;13;10;2;1050;1;2;1;1.0;6;108;36, AVENUE MARCEAU;;;;750
50514;201300056113;13;10;3;930;1;2;1;1.0;3;114;PORTE DE GENTILLY;;;;750
50515;201300056114;13;10;4;130;5;2;1;2.0;2;113;BOULEVARD PERIPHERIQUE;;;;750
50516;201300056115;13;10;5;540;5;2;1;1.0;6;104;VOIE GEORGES POMPIDOU;;;;750
50517;201300056116;13;10;7;1710;1;2;1;1.0;6;103;04, RUE DE BRAQUE;;;;750
50518;201300056117;13;10;9;1300;1;2;5;2.0;6;106;30, BOULEVARD SAINT MICH;;;;750
50519;201300056118;13;10;9;1535;1;2;2;2.0;6;102;2, RUE DE LA PAIX;;;;750
50520;201300056119;13;10;9;1615;1;2;2;8.0;3;107;RUE SAINT DOMINIQUE;;;;750
50521;201300056120;13;10;10;2215;5;2;1;1.0;6;111;135, AVENUE PARMENTIER;;;;750
50522;201300056121;13;10;11;430;5;2;1;1.0;6;107;51, QUAI BRANLY;;;;750
50523;201300056122;13;10;11;2005;3;2;3;1.0;3;113;RUE DE LA POTERNE DES PE;;;;750
50524;201300056123;13;10;13;1155;1;2;2;1.0;6;108;39, BOULEVARD MALESHERBE;;;;750
50525;201300056124;13;10;17;1022;1;2;1;1.0;3;117;BOULEVARD PERIPHERIQUE E;;;;750
50526;201300056125;13;10;17;1810;1;2;7;1.0;5;108;PLACE DE LA CONCORDE;;;;750
50527;201300056126;13;10;18;1;5;2;1;1.0;2;114;PORTE D ORLEANS;;;;750
50528;201300056127;13;10;18;1419;1;2;1;1.0;7;112;104, BOULEVARD PONIATOWS;;;;750
50529;201300056128;13;10;18;1938;5;2;1;1.0;2;117;131, AVENUE DE SAINT OUE;;;;750
50530;201300056130;13;10;19;1525;1;2;3;1.0;6;114;26, RUE DE L AMIRAL MOUC;;;;750
50531;201300056131;13;10;20;1023;1;2;2;2.0;6;108;20, RUE DE PONTHIEU;;;;750
50532;201300056132;13;10;21;1805;1;2;1;1.0;6;118;40, AVENUE DE SAINT OUEN;;;;750
50533;201300056133;13;10;21;2235;5;2;2;1.0;6;104;RUE DU RENARD;;;;750
50534;201300056134;13;10;22;2030;5;2;2;1.0;6;102;24, RUE DE TURBIGO;;;;750
50535;201300056135;13;10;23;925;1;2;1;1.0;6;106;164, BOULEVARD SAINT GER;;;;750
50536;201300056137;13;10;24;910;1;2;1;1.0;6;113;97, RUE NATIONALE;;;;750
50537;201300056138;13;10;25;750;1;2;1;8.0;6;118;BOULEVARD PERIPHERIQUE;;;;750
50538;201300056139;13;10;25;720;1;2;1;2.0;6;116;ALLEE DE LA REINE MARGUE;;;;750
50539;201300056140;13;10;26;50;5;2;1;1.0;7;104;37, BOULEVARD BOURDON;;;;750
50540;201300056141;13;10;26;1806;2;2;1;2.0;6;118;71, RUE DUHESME;;;;750
50541;201300056142;13;10;27;25;5;2;5;1.0;1;116;AVENUE MARCEAU;;;;750
50542;201300056143;13;10;29;2000;5;2;1;1.0;2;117;PORTE DE CHAMPERRET;;;;750
50543;201300056144;13;10;31;2235;5;2;1;1.0;6;117;PLACE DE LA PORTE MAILLO;;;;750
50544;201300056145;13;11;1;420;5;2;1;1.0;6;102;20, RUE ETIENNE MARCEL;;;;750
50545;201300056147;13;11;2;1;5;2;2;2.0;6;120;139, RUE D AVRON;;;;750
50546;201300056148;13;11;2;1610;1;2;3;1.0;6;112;225, AVENUE DAUMESNIL;;;;750
50547;201300056149;13;11;3;1600;1;2;2;1.0;3;113;113, BOULEVARD MASSENA;;;;750
50548;201300056150;13;11;5;1850;5;2;1;8.0;4;113;BOULEVARD PERIPHERIQUE;;;;750
50549;201300056151;13;11;6;2030;5;2;2;1.0;4;112;ROUTE DE LA PYRAMIDE;;;;750
50550;201300056153;13;11;8;1418;1;2;5;8.0;2;114;16, RUE D ALESIA;;;;750
50551;201300056155;13;11;9;400;5;2;1;1.0;3;112;34 (face), QUAI DE LA RA;;;;750
50552;201300056156;13;11;12;1814;5;2;1;2.0;3;116;87, AVENUE DE LA GRANDE;;;;750
50553;201300056157;13;11;12;2016;5;2;2;2.0;6;106;72 BIS, RUE BONAPARTE;;;;750
50554;201300056159;13;11;16;735;1;2;1;1.0;6;120;31, BOULEVARD DE MENILMO;;;;750
50555;201300056160;13;11;17;340;5;2;5;1.0;2;119;107, AVENUE DE FLANDRE;;;;750
50556;201300056161;13;11;19;1125;1;2;2;1.0;6;117;204, BOULEVARD MALESHERB;;;;750
50557;201300056162;13;11;20;1150;1;2;4;1.0;4;112;AVENUE DE SAINT MAURICE;;;;750
50558;201300056163;13;11;21;1715;2;2;3;2.0;6;108;228, RUE DU FAUBOURG SAI;;;;750
50559;201300056164;13;11;22;1328;1;2;2;1.0;6;120;39, RUE HAXO;;;;750
50560;201300056165;13;11;22;2030;5;2;5;1.0;6;115;85, RUE DE LA CROIX NIVE;;;;750
50561;201300056166;13;11;25;5;5;2;2;1.0;3;107;/, PONT DE LA CONCORDE;;;;750
50562;201300056167;13;11;25;1317;1;2;4;1.0;3;113;31, AVENUE PIERRE DE COU;;;;750
50563;201300056168;13;11;25;1435;1;2;4;1.0;2;116;BOULEVARD PERIPHERIQUE;;;;750
50564;201300056171;13;11;28;2235;5;2;2;1.0;3;108;RUE DE TILSITT;;;;750
50565;201300056172;13;11;30;1655;5;2;3;1.0;2;114;26, RUE VERCINGETORIX;;;;750
50566;201300056173;13;12;4;1720;5;2;1;1.0;3;117;46, BOULEVARD BESSIERES;;;;750
50567;201300056175;13;12;5;2300;5;2;1;2.0;3;112;PORTE DOREE;;;;750
50568;201300056176;13;12;6;835;1;2;7;1.0;3;117;AVENUE DE LA GRANDE ARME;;;;750
50569;201300056177;13;12;6;2155;5;2;7;1.0;6;107;/, PLACE DE L ECOLE MILI;;;;750
50570;201300056178;13;12;7;500;5;2;1;2.0;6;118;BOULEVARD PERIPHERIQUE E;;;;750
50571;201300056180;13;12;7;640;5;2;1;1.0;7;114;19/21, AVENUE DE LA PORT;;;;750
50572;201300056181;13;12;7;1202;1;2;1;1.0;6;112;127, RUE DE REUILLY;;;;750
50573;201300056182;13;12;7;2115;5;2;5;1.0;6;118;RUE LEIBNIZ;;;;750
50574;201300056183;13;12;8;1850;5;2;1;1.0;2;114;BOULEVARD PERIPHERIQUE E;;;;750
50575;201300056184;13;12;9;1625;1;2;2;1.0;3;115;RUE LEONTINE;;;;750
50576;201300056185;13;12;9;1945;5;2;1;1.0;3;116;BOULEVARD PERIPHERIQUE E;;;;750
50577;201300056186;13;12;9;2300;5;2;1;1.0;6;116;4, AVENUE DE VERSAILLES;;;;750
50578;201300056187;13;12;10;1533;2;2;2;1.0;6;117;29, RUE JOUFFROY D ABBAN;;;;750
50579;201300056189;13;12;11;1930;5;2;7;1.0;3;117;PLACE DE LA REPUBLIQUE D;;;;750
50580;201300056190;13;12;11;2030;5;2;2;1.0;3;113;1, QUAI D AUSTERLITZ;;;;750
50581;201300056191;13;12;12;1535;1;2;1;1.0;6;107;34, BOULEVARD DES INVALI;;;;750
50582;201300056192;13;12;14;320;5;2;2;1.0;6;107;BOULEVARD DES INVALIDES;;;;750
50583;201300056193;13;12;16;200;5;2;1;1.0;3;108;AVENUE DE SELVES;;;;750
50584;201300056194;13;12;16;2015;5;2;2;1.0;2;105;11, BOULEVARD SAINT GERM;;;;750
50585;201300056195;13;12;18;1000;1;2;2;1.0;3;118;BOULEVARD DE LA CHAPELLE;;;;750
50586;201300056196;13;12;18;1815;5;2;1;1.0;2;114;BOULEVARD PERIPHERIQUE E;;;;750
50587;201300056197;13;12;19;130;5;2;3;2.0;6;114;29, RUE DE LA TOMBE ISSO;;;;750
50588;201300056198;13;12;19;2105;5;2;3;1.0;6;110;168, RUE LA FAYETTE;;;;750
50589;201300056199;13;12;20;1920;5;2;1;1.0;6;104;PONT DE SULLY;;;;750
50590;201300056200;13;12;21;1700;5;2;2;1.0;6;105;RUE DAUBENTON;;;;750
50591;201300056201;13;12;21;1640;5;2;1;1.0;6;120;168, BOULEVARD MORTIER;;;;750