;Num_Acc;an;mois;jour;hrmn;lum;agg;int;atm;col;com;adr;gps;lat;long;dep
50592;201300056202;13;12;23;2100;5;2;1;1.0;6;109;21, RUE AUBER;;;;750
50593;201300056203;13;12;24;1547;2;2;5;1.0;3;118;BOULEVARD NEY;;;;750
50594;201300056204;13;12;25;639;5;2;1;1.0;7;112;RUE DE CHARENTON;;;;750
50595;201300056205;13;12;28;2140;5;2;1;1.0;7;108;PLACE DE LA CONCORDE;;;;750
50596;201300056206;13;12;31;55;5;2;2;1.0;3;111;RUE DE LA ROQUETTE;;;;750
50597;201300056207;13;1;1;820;2;2;1;1.0;4;118;PORTE DE CLIGNANCOURT;;;;750
50598;201300056209;13;1;3;930;1;2;1;2.0;7;116;PORTE MAILLOT;;;;750
50599;201300056210;13;1;3;1650;5;2;1;1.0;3;113;PORTE D ITALIE;;;;750
50600;201300056212;13;1;4;1055;1;2;1;1.0;2;114;PORTE DE CHATILLON;;;;750
50601;201300056213;13;1;6;645;5;2;1;1.0;6;112;PORTE DE SAINT MANDE;;;;750
50602;201300056214;13;1;7;1850;5;2;1;1.0;7;116;PORTE DAUPHINE;;;;750
50603;201300056215;13;1;8;730;2;2;1;1.0;4;116;PORTE D AUTEUIL;;;;750
50604;201300056216;13;1;8;1640;1;2;1;1.0;3;120;PORTE DE BAGNOLET;;;;750
50605;201300056217;13;1;9;800;1;2;1;1.0;2;117;PORTE DE CHAMPERRET;;;;750
50606;201300056218;13;1;9;1430;5;2;1;1.0;6;120;PORTE DES LILAS;;;;750
50607;201300056219;13;1;9;1920;5;2;1;2.0;3;117;PORTE DE SAINT OUEN;;;;750
50608;201300056220;13;1;9;2000;5;2;1;3.0;4;117;PORTE DE SAINT OUEN;;;;750
50609;201300056221;13;1;10;710;5;2;4;9.0;3;112;ECHANGEUR BERCY;;;;750
50610;201300056222;13;1;10;620;5;2;1;1.0;4;117;PORTE DE CHAMPERRET;;;;750
50611;201300056223;13;1;10;850;1;2;1;1.0;7;114;PORTE DE CHATILLON;;;;750
50612;201300056225;13;1;11;1315;1;2;1;1.0;2;119;PORTE DE PANTIN;;;;750
50613;201300056226;13;1;14;950;1;2;4;1.0;2;118;ECHANGEUR CHAPELLE;;;;750
50614;201300056227;13;1;15;920;1;2;1;2.0;7;115;QUAI D ISSY LES MOULINEA;;;;750
50615;201300056229;13;1;16;1230;1;2;4;1.0;7;116;ECHANGEUR SAINT CLOUD;;;;750
50616;201300056230;13;1;16;1925;5;2;1;1.0;4;114;PORTE DE GENTILLY;;;;750
50617;201300056231;13;1;17;1900;5;2;1;1.0;7;114;PORTE DE CHATILLON;;;;750
50618;201300056232;13;1;17;1800;5;2;1;1.0;3;117;PORTE DE CHAMPERRET;;;;750
50619;201300056233;13;1;18;200;5;2;4;1.0;6;112;ECHANGEUR BERCY;;;;750
50620;201300056234;13;1;18;750;2;2;4;1.0;3;112;ECHANGEUR BERCY;;;;750
50621;201300056235;13;1;22;1330;1;2;1;2.0;3;117;PORTE DE CHAMPERRET;;;;750
50622;201300056236;13;1;23;845;1;2;1;1.0;7;114;PORTE DE CHATILLON;;;;750
50623;201300056237;13;1;23;2020;5;2;1;1.0;6;118;PORTE DE LA CHAPELLE;;;;750
50624;201300056238;13;1;24;2215;5;2;4;1.0;6;113;PORTE DE GENTILLY;;;;750
50625;201300056239;13;1;25;1810;5;2;1;1.0;3;116;ECHANGEUR AUTEUIL;;;;750
50626;201300056240;13;1;26;1745;5;2;1;1.0;2;116;PORTE D AUTEUIL;;;;750
50627;201300056241;13;1;27;1445;1;2;1;1.0;6;120;ECHANGEUR BAGNOLET;;;;750
50628;201300056242;13;1;28;845;1;2;1;1.0;7;117;PORTE D ASNIERES;;;;750
50629;201300056243;13;1;28;955;1;2;1;1.0;2;114;PORTE D ORLEANS;;;;750
50630;201300056245;13;1;30;1100;1;2;1;1.0;7;120;ECHANGEUR BAGNOLET;;;;750
50631;201300056246;13;1;30;1300;1;2;1;2.0;2;118;PORTE D AUBERVILLIERS;;;;750
50632;201300056247;13;1;30;2315;5;2;1;1.0;7;117;PORTE MAILLOT;;;;750
50633;201300056248;13;1;31;745;1;2;1;1.0;2;113;PORTE D IVRY;;;;750
50634;201300056249;13;1;31;1620;1;2;1;1.0;6;119;PORTE DE LA VILLETTE;;;;750
50635;201300056250;13;2;4;15;5;2;1;2.0;6;119;PORTE DES LILAS;;;;750
50636;201300056252;13;2;4;1010;1;2;1;1.0;6;113;PORTE D ITALIE;;;;750
50637;201300056253;13;2;4;1450;1;2;1;1.0;7;119;PORTE DES LILAS;;;;750
50638;201300056254;13;2;4;1830;5;2;1;1.0;6;117;PORTE D ASNIERES;;;;750
50639;201300056255;13;2;5;1010;1;2;1;1.0;3;117;PORTE DE CHAMPERRET;;;;750
50640;201300056256;13;2;5;1035;1;2;1;1.0;2;119;PORTE DES LILAS;;;;750
50641;201300056257;13;2;5;1700;1;2;4;1.0;6;114;PORTE D ORLEANS;;;;750
50642;201300056258;13;2;7;1315;1;2;4;1.0;6;120;PORTE DE BAGNOLET;;;;750
50643;201300056259;13;2;8;600;5;2;1;2.0;2;117;PORTE DE SAINT OUEN;;;;750
50644;201300056262;13;2;8;1744;1;2;1;1.0;3;119;PORTE DE LA VILLETTE;;;;750
50645;201300056263;13;2;9;1105;1;2;1;1.0;4;114;PORTE DE CHATILLON;;;;750
50646;201300056264;13;2;10;1500;1;2;1;4.0;6;119;ECHANGEUR AUBERVILLIERS;;;;750
50647;201300056265;13;2;11;1530;1;2;1;1.0;3;117;PORTE DE SAINT OUEN;;;;750
50648;201300056267;13;2;12;845;1;2;1;2.0;2;112;PORTE DE SAINT MANDE;;;;750
50649;201300056268;13;2;12;940;1;2;1;1.0;2;112;PORTE DOREE;;;;750
50650;201300056269;13;2;14;740;1;2;1;2.0;2;116;PORTE D AUTEUIL;;;;750
50651;201300056270;13;2;14;815;1;2;1;2.0;7;112;PORTE DE VINCENNES;;;;750
50652;201300056271;13;2;14;1855;5;2;1;1.0;4;113;PORTE D ITALIE;;;;750
50653;201300056272;13;2;15;115;5;2;1;1.0;2;116;BOULEVARD PERIPHERIQUE E;;;;750
50654;201300056273;13;2;15;1830;5;2;1;1.0;2;115;PORTE DE VERSAILLES;;;;750
50655;201300056274;13;2;16;1410;1;2;1;1.0;4;113;QUAI D IVRY;;;;750
50656;201300056275;13;2;16;2040;5;2;1;1.0;2;115;PORTE DE SEVRES;;;;750
50657;201300056276;13;2;17;130;4;2;1;1.0;4;119;BOULEVARD PERIPHERIQUE I;;;;750
50658;201300056278;13;2;20;225;5;2;1;1.0;2;112;ECHANGEUR BERCY;;;;750
50659;201300056279;13;2;20;940;1;2;1;1.0;3;114;PORTE DE CHATILLON;;;;750
50660;201300056280;13;2;20;1000;1;2;1;1.0;2;118;PORTE DE LA CHAPELLE;;;;750
50661;201300056281;13;2;20;1750;2;2;1;1.0;3;113;PORTE D ITALIE;;;;750
50662;201300056282;13;2;21;20;5;2;1;1.0;6;113;BOULEVARD PERIPHERIQUE I;;;;750
50663;201300056283;13;2;22;558;5;2;4;1.0;3;114;PORTE D ORLEANS;;;;750
50664;201300056284;13;2;22;1840;5;2;1;1.0;2;113;PORTE D ITALIE;;;;750
50665;201300056285;13;2;23;150;5;2;1;1.0;6;112;PORTE DE CHARENTON;;;;750
50666;201300056286;13;2;23;1735;2;2;1;4.0;2;116;PORTE DE SAINT CLOUD;;;;750
50667;201300056287;13;2;25;730;5;2;1;4.0;2;118;PORTE DE LA CHAPELLE;;;;750
50668;201300056288;13;2;26;815;1;2;1;1.0;4;112;PORTE DOREE;;;;750
50669;201300056289;13;2;26;1050;1;2;1;1.0;3;116;PORTE D AUTEUIL;;;;750
50670;201300056290;13;2;27;1620;1;2;1;1.0;2;119;ECHANGEUR PANTIN;;;;750
50671;201300056291;13;2;28;945;1;2;1;1.0;4;118;PORTE DE LA CHAPELLE;;;;750
50672;201300056292;13;2;28;1325;1;2;1;1.0;4;118;PORTE DE CLIGNANCOURT;;;;750
50673;201300056293;13;2;28;1745;5;2;1;1.0;4;116;ECHANGEUR MUETTE;;;;750
50674;201300056294;13;3;1;2140;5;2;4;1.0;2;120;ECHANGEUR VINCENNES;;;;750
50675;201300056295;13;3;2;2000;5;2;1;1.0;4;113;PORTE D IVRY;;;;750
50676;201300056296;13;3;3;1715;1;2;1;1.0;4;112;PORTE DE CHARENTON;;;;750
50677;201300056297;13;3;3;2030;5;2;1;1.0;6;118;PORTE DE LA CHAPELLE;;;;750
50678;201300056298;13;3;4;945;1;2;1;1.0;2;115;PORTE DE VANVES;;;;750
50679;201300056299;13;3;4;1645;1;2;1;1.0;2;112;PORTE DE CHARENTON;;;;750
50680;201300056300;13;3;4;2000;5;2;1;1.0;6;118;PORTE DE LA CHAPELLE;;;;750
50681;201300056301;13;3;5;1600;1;2;1;1.0;2;113;PORTE D ITALIE;;;;750
50682;201300056303;13;3;6;1050;1;2;1;1.0;3;117;ECHANGEUR MAILLOT;;;;750
50683;201300056305;13;3;8;1020;1;2;1;1.0;7;120;PORTE DES LILAS;;;;750
50684;201300056306;13;3;8;1700;1;2;1;2.0;3;120;PORTE DES LILAS;;;;750
50685;201300056307;13;3;9;2000;5;2;1;1.0;3;113;PORTE D IVRY;;;;750
50686;201300056308;13;3;11;1630;1;2;1;2.0;4;114;PORTE DE GENTILLY;;;;750
50687;201300056309;13;3;11;2000;5;2;1;3.0;2;113;PORTE D ITALIE;;;;750
50688;201300056310;13;3;11;2205;5;2;1;4.0;6;119;BOULEVARD PERIPHERIQUE E;;;;750
50689;201300056311;13;3;14;800;1;2;1;1.0;7;120;PORTE DE MONTREUIL;;;;750
50690;201300056312;13;3;14;1730;1;2;1;1.0;3;112;PORTE DOREE;;;;750
50691;201300056313;13;3;15;40;5;2;1;1.0;2;120;PORTE DES LILAS;;;;750
50692;201300056314;13;3;16;605;5;2;1;1.0;6;113;QUAI D IVRY;;;;750
50693;201300056315;13;3;17;200;5;2;1;1.0;6;118;ECHANGEUR CHAPELLE;;;;750
50694;201300056316;13;3;18;17;5;2;4;1.0;4;120;PORTE DE MONTREUIL;;;;750
50695;201300056317;13;3;18;830;1;2;1;1.0;4;117;PORTE DE CLICHY;;;;750
50696;201300056319;13;3;18;2100;5;2;1;2.0;4;119;PORTE DE LA VILLETTE;;;;750
50697;201300056320;13;3;18;2351;5;2;1;1.0;2;113;BOULEVARD PERIPHERIQUE E;;;;750
50698;201300056321;13;3;20;910;1;2;1;1.0;3;116;PORT DE PASSY;;;;750
50699;201300056322;13;3;21;820;1;2;4;1.0;3;112;ECHANGEUR BERCY;;;;750
50700;201300056323;13;3;21;945;1;2;1;1.0;7;118;PORTE DE SAINT OUEN;;;;750
50701;201300056324;13;3;21;845;1;2;1;1.0;2;116;ECHANGEUR MUETTE;;;;750
50702;201300056325;13;3;21;1730;1;2;1;1.0;3;117;ECHANGEUR TERNES;;;;750
50703;201300056326;13;3;23;1240;1;2;1;1.0;3;120;PORTE DE VINCENNES;;;;750
50704;201300056327;13;3;23;1830;2;2;1;1.0;6;117;PORTE MAILLOT;;;;750
50705;201300056328;13;3;23;2010;5;2;1;2.0;3;114;PORTE DE CHATILLON;;;;750
50706;201300056331;13;3;25;2030;5;2;1;1.0;2;115;PORTE DE SEVRES;;;;750
50707;201300056332;13;3;26;1100;1;2;4;1.0;3;113;PORTE D ITALIE;;;;750
50708;201300056333;13;3;28;845;1;2;1;1.0;4;118;PORTE D AUBERVILLIERS;;;;750
50709;201300056334;13;3;30;1150;1;2;1;1.0;4;113;PORTE D ITALIE;;;;750
50710;201300056335;13;4;1;140;5;2;1;1.0;3;112;BOULEVARD PERIPHERIQUE I;;;;750
50711;201300056336;13;4;2;730;1;2;1;1.0;6;116;ECHANGEUR MUETTE;;;;750
50712;201300056337;13;4;2;1015;1;2;1;1.0;3;117;PORTE D ASNIERES;;;;750
50713;201300056338;13;4;2;1600;1;2;1;1.0;4;116;PORT DE PASSY;;;;750
50714;201300056340;13;4;3;1530;1;2;1;1.0;4;116;ECHANGEUR SAINT CLOUD;;;;750
50715;201300056341;13;4;4;1508;1;2;1;1.0;3;117;PORTE DE CLICHY;;;;750
50716;201300056342;13;4;4;1825;1;2;1;2.0;3;119;PORTE D AUBERVILLIERS;;;;750
50717;201300056344;13;4;5;2110;5;2;1;1.0;2;120;PORTE DE MONTREUIL;;;;750
50718;201300056345;13;4;6;1605;1;2;1;1.0;4;116;PORTE DE SAINT CLOUD;;;;750
50719;201300056346;13;4;6;1855;2;2;1;1.0;4;112;ECHANGEUR BERCY;;;;750
50720;201300056348;13;4;7;1700;1;2;1;1.0;4;114;PORTE D ORLEANS;;;;750
50721;201300056349;13;4;9;840;1;2;1;3.0;4;112;PORTE DE CHARENTON;;;;750
50722;201300056351;13;4;9;2005;5;2;1;1.0;2;113;PORTE D IVRY;;;;750
50723;201300056352;13;4;10;920;1;2;1;1.0;3;119;PORTE DE PANTIN;;;;750
50724;201300056353;13;4;10;1625;1;2;1;1.0;3;116;ECHANGEUR MUETTE;;;;750
50725;201300056354;13;4;11;1005;1;2;1;1.0;3;114;PORTE DE GENTILLY;;;;750
50726;201300056355;13;4;11;1800;1;2;1;1.0;4;116;PORTE DAUPHINE;;;;750
50727;201300056356;13;4;12;900;1;2;1;2.0;4;117;PORTE MAILLOT;;;;750
50728;201300056357;13;4;12;1405;1;2;1;1.0;3;112;PORTE DE CHARENTON;;;;750
50729;201300056359;13;4;12;1720;1;2;1;1.0;4;113;PORTE D IVRY;;;;750
50730;201300056360;13;4;12;1645;1;2;1;2.0;3;113;QUAI D IVRY;;;;750
50731;201300056361;13;4;13;1530;1;2;1;1.0;2;113;QUAI D IVRY;;;;750
50732;201300056362;13;4;14;1125;1;2;1;1.0;2;118;PORTE DE CLIGNANCOURT;;;;750
50733;201300056364;13;4;14;2225;5;2;1;1.0;2;120;PORTE DE BAGNOLET;;;;750
50734;201300056365;13;4;15;950;1;2;1;2.0;2;120;PORTE DE BAGNOLET;;;;750
50735;201300056366;13;4;17;1500;1;2;1;1.0;4;116;PORTE DE SAINT CLOUD;;;;750
50736;201300056367;13;4;17;1630;1;2;1;1.0;6;115;PORTE D ISSY;;;;750
50737;201300056368;13;4;18;415;5;2;1;1.0;6;120;BOULEVARD PERIPHERIQUE I;;;;750
50738;201300056369;13;4;18;1630;1;2;4;1.0;4;118;ECHANGEUR CHAPELLE;;;;750
50739;201300056370;13;4;18;1905;1;2;1;1.0;4;117;PORTE DE CHAMPERRET;;;;750
50740;201300056371;13;4;18;2300;5;2;1;1.0;7;112;BOULEVARD PERIPHERIQUE I;;;;750
50741;201300056372;13;4;18;2306;5;2;1;1.0;2;115;BOULEVARD PERIPHERIQUE E;;;;750
50742;201300056373;13;4;19;1000;1;2;1;1.0;6;118;PORTE DE LA CHAPELLE;;;;750
50743;201300056374;13;4;19;1215;1;2;1;1.0;2;116;PORTE DE PASSY;;;;750
50744;201300056375;13;4;20;2235;5;2;1;1.0;6;119;PORTE DE LA VILLETTE;;;;750
50745;201300056376;13;4;20;2245;5;2;4;1.0;7;114;BOULEVARD PERIPHERIQUE E;;;;750
50746;201300056377;13;4;22;1940;1;2;1;1.0;6;119;PORTE D AUBERVILLIERS;;;;750
50747;201300056378;13;4;23;900;1;2;1;1.0;3;117;PORTE DE CHAMPERRET;;;;750
50748;201300056379;13;4;23;1209;1;2;4;1.0;2;112;ECHANGEUR BERCY;;;;750
50749;201300056380;13;4;24;1030;1;2;1;1.0;2;116;PORTE D AUTEUIL;;;;750
50750;201300056381;13;4;25;1920;1;2;1;1.0;3;118;PORTE DE CLIGNANCOURT;;;;750
50751;201300056382;13;4;25;1930;1;2;1;1.0;2;112;ECHANGEUR BERCY;;;;750
50752;201300056383;13;4;26;830;1;2;1;1.0;2;115;PORTE DE SEVRES;;;;750
50753;201300056384;13;4;27;545;5;2;1;1.0;3;112;ECHANGEUR PORTE DOREE;;;;750
50754;201300056385;13;4;27;1600;1;2;1;1.0;6;113;PORTE D ITALIE;;;;750
50755;201300056386;13;4;30;1225;1;2;1;1.0;6;118;PORTE DE LA CHAPELLE;;;;750
50756;201300056387;13;4;30;1320;1;2;4;1.0;4;120;ECHANGEUR LILAS;;;;750
50757;201300056388;13;5;2;900;1;2;1;1.0;6;117;PORTE DE CLICHY;;;;750
50758;201300056389;13;5;2;1955;1;2;1;1.0;4;114;PORTE D ORLEANS;;;;750
50759;201300056390;13;5;2;1910;5;2;1;1.0;4;116;PORT D AUTEUIL;;;;750
50760;201300056391;13;5;4;1750;1;2;4;1.0;5;112;ECHANGEUR BERCY;;;;750
50761;201300056392;13;5;5;1030;1;2;1;1.0;4;114;PORTE DE CHATILLON;;;;750
50762;201300056393;13;5;5;1635;1;2;1;1.0;4;113;PORTE DE GENTILLY;;;;750
50763;201300056394;13;5;6;1115;1;2;1;2.0;6;116;ECHANGEUR MUETTE;;;;750
50764;201300056395;13;5;6;1615;1;2;1;1.0;2;112;PORTE DE CHARENTON;;;;750
50765;201300056396;13;5;7;1325;1;2;1;1.0;4;120;PORTE DE VINCENNES;;;;750
50766;201300056397;13;5;7;1630;1;2;1;1.0;3;120;PORTE DE BAGNOLET;;;;750
50767;201300056398;13;5;8;930;1;2;1;2.0;6;118;ECHANGEUR CHAPELLE;;;;750
50768;201300056399;13;5;8;1150;1;2;1;3.0;6;117;ECHANGEUR MAILLOT;;;;750
50769;201300056400;13;5;9;655;1;2;1;1.0;4;113;QUAI D IVRY;;;;750
50770;201300056401;13;5;10;1405;1;2;1;1.0;3;120;PORTE DE MONTREUIL;;;;750
50771;201300056402;13;5;12;100;5;2;4;1.0;4;112;ECHANGEUR BERCY;;;;750
50772;201300056403;13;5;12;1605;1;2;1;1.0;2;112;PORTE DE CHARENTON;;;;750
50773;201300056404;13;5;13;1115;1;2;1;1.0;4;112;PORTE DE CHARENTON;;;;750
50774;201300056405;13;5;13;1540;1;2;1;1.0;2;117;PORTE D ASNIERES;;;;750
50775;201300056406;13;5;14;2015;1;2;1;1.0;3;112;PORTE DE VINCENNES;;;;750
50776;201300056407;13;5;15;945;1;2;1;1.0;2;117;PORTE DE CHAMPERRET;;;;750
50777;201300056409;13;5;17;910;1;2;1;1.0;2;116;PORTE DAUPHINE;;;;750
50778;201300056411;13;5;17;1715;1;2;4;1.0;3;114;PORTE D ORLEANS;;;;750
50779;201300056412;13;5;18;750;1;2;4;1.0;2;118;PORTE DE CLIGNANCOURT;;;;750
50780;201300056413;13;5;19;600;1;2;1;1.0;6;112;PORTE DOREE;;;;750
50781;201300056414;13;5;19;1810;1;2;1;3.0;2;113;PORTE D ITALIE;;;;750
50782;201300056415;13;5;20;700;1;2;1;1.0;6;120;ECHANGEUR BAGNOLET;;;;750
50783;201300056416;13;5;20;1730;1;2;1;2.0;6;118;ECHANGEUR CHAPELLE;;;;750
50784;201300056417;13;5;21;1730;1;2;1;1.0;3;115;PORTE DE SEVRES;;;;750
50785;201300056418;13;5;21;1840;1;2;1;1.0;3;116;ECHANGEUR MAILLOT;;;;750
50786;201300056419;13;5;23;1345;1;2;1;1.0;4;116;ECHANGEUR MUETTE;;;;750
50787;201300056421;13;5;24;930;1;2;1;1.0;6;116;PORTE DAUPHINE;;;;750
50788;201300056422;13;5;25;2114;1;2;1;1.0;5;118;PORTE DE LA CHAPELLE;;;;750
50789;201300056423;13;5;27;605;2;2;1;1.0;7;118;PORTE DE LA CHAPELLE;;;;750
50790;201300056424;13;5;27;910;1;2;1;1.0;4;112;PORTE DE CHARENTON;;;;750
50791;201300056425;13;5;27;1850;1;2;1;1.0;2;120;PORTE DE BAGNOLET;;;;750
50792;201300056426;13;5;28;923;1;2;1;1.0;4;120;PORTE DES LILAS;;;;750
50793;201300056428;13;5;28;1650;1;2;1;1.0;2;119;PORTE DE LA VILLETTE;;;;750
50794;201300056429;13;5;29;1300;1;2;1;1.0;3;120;PORTE DE MONTREUIL;;;;750
50795;201300056430;13;5;29;1700;1;2;1;1.0;2;116;PORTE DAUPHINE;;;;750
50796;201300056431;13;5;29;1435;1;2;1;1.0;2;116;ECHANGEUR MUETTE;;;;750
50797;201300056432;13;5;30;845;1;2;1;2.0;2;113;PORTE D ITALIE;;;;750
50798;201300056433;13;5;30;845;1;2;1;2.0;4;114;PORTE DE CHATILLON;;;;750
50799;201300056434;13;5;30;1030;1;2;1;2.0;2;119;PORTE DES LILAS;;;;750
50800;201300056435;13;5;30;1540;1;2;1;2.0;2;117;PORTE D ASNIERES;;;;750
50801;201300056436;13;5;31;1515;1;2;1;1.0;3;114;PORTE DE MONTROUGE;;;;750
50802;201300056437;13;5;31;1930;1;1;1;1.0;6;117;PORTE D ASNIERES;;;;750
50803;201300056438;13;6;2;45;5;2;1;1.0;6;119;BOULEVARD PERIPHERIQUE I;;;;750
50804;201300056439;13;6;2;1315;1;2;1;1.0;2;113;QUAI D IVRY;;;;750
50805;201300056440;13;6;4;1510;1;2;1;1.0;2;116;PORTE DAUPHINE;;;;750
50806;201300056441;13;6;4;1850;1;2;1;1.0;3;113;QUAI D IVRY;;;;750
50807;201300056442;13;6;5;1230;1;2;1;1.0;6;119;PORTE DES LILAS;;;;750
50808;201300056443;13;6;5;1300;1;2;1;1.0;2;116;PORTE DE PASSY;;;;750
50809;201300056444;13;6;5;1245;1;2;1;1.0;3;116;PORTE MAILLOT;;;;750
50810;201300056445;13;6;5;2240;5;2;4;1.0;3;117;BOULEVARD PERIPHERIQUE I;;;;750
50811;201300056446;13;6;6;1245;1;2;1;1.0;4;118;PORTE DE CLIGNANCOURT;;;;750
50812;201300056448;13;6;7;1950;1;2;1;1.0;6;115;PORTE DE SEVRES;;;;750
50813;201300056451;13;6;10;800;1;2;1;1.0;3;119;PORTE DE PANTIN;;;;750
50814;201300056452;13;6;10;1700;1;2;1;1.0;2;112;PORTE DE CHARENTON;;;;750
50815;201300056455;13;6;12;1700;1;2;1;1.0;3;116;ECHANGEUR MUETTE;;;;750
50816;201300056456;13;6;13;1000;1;2;1;1.0;3;119;PORTE DE PANTIN;;;;750
50817;201300056458;13;6;13;1500;1;2;1;2.0;4;114;PORTE DE CHATILLON;;;;750
50818;201300056459;13;6;13;1845;1;2;1;1.0;4;116;ECHANGEUR MUETTE;;;;750
50819;201300056460;13;6;14;1110;1;2;1;1.0;2;120;PORTE DE BAGNOLET;;;;750
50820;201300056461;13;6;14;1505;1;2;1;1.0;6;115;PORTE DE SEVRES;;;;750
50821;201300056462;13;6;14;2030;2;2;1;1.0;3;112;PORTE DOREE;;;;750
50822;201300056463;13;6;15;550;2;2;1;1.0;2;120;PORTE DES LILAS;;;;750
50823;201300056464;13;6;15;1720;1;2;1;1.0;4;112;PORTE DE CHARENTON;;;;750
50824;201300056465;13;6;17;845;1;2;1;2.0;4;113;PORTE DE GENTILLY;;;;750
50825;201300056466;13;6;18;850;1;2;1;1.0;4;115;PORTE D ISSY;;;;750
50826;201300056467;13;6;18;1015;1;2;1;1.0;2;119;PORTE D AUBERVILLIERS;;;;750
50827;201300056468;13;6;19;745;1;2;1;3.0;3;116;PORTE DE PASSY;;;;750
50828;201300056469;13;6;19;1530;1;2;1;8.0;2;115;PORTE D ISSY;;;;750
50829;201300056470;13;6;21;945;1;2;1;1.0;2;118;PORTE DE LA CHAPELLE;;;;750
50830;201300056471;13;6;22;1440;1;2;1;1.0;3;120;PORTE DE MONTREUIL;;;;750
50831;201300056472;13;6;22;1700;1;2;1;1.0;2;119;PORTE DE LA VILLETTE;;;;750
50832;201300056473;13;6;22;1645;1;2;1;1.0;4;118;PORTE DE LA CHAPELLE;;;;750
50833;201300056474;13;6;24;930;1;2;1;1.0;2;114;PORTE DE VANVES;;;;750
50834;201300056475;13;6;25;1045;1;2;1;1.0;2;114;PORTE D ORLEANS;;;;750
50835;201300056476;13;6;25;1815;1;2;1;1.0;2;119;PORTE D AUBERVILLIERS;;;;750
50836;201300056477;13;6;26;830;1;2;1;1.0;2;119;PORTE D AUBERVILLIERS;;;;750
50837;201300056478;13;6;26;1230;1;2;1;1.0;2;118;PORTE DE LA CHAPELLE;;;;750
50838;201300056479;13;6;26;1020;1;2;1;1.0;2;113;PORTE D ITALIE;;;;750
50839;201300056480;13;6;27;1840;1;2;1;1.0;4;118;PORTE D AUBERVILLIERS;;;;750
50840;201300056481;13;6;28;20;5;2;1;1.0;4;120;BOULEVARD PERIPHERIQUE I;;;;750
50841;201300056482;13;6;28;750;1;2;1;2.0;4;113;QUAI D IVRY;;;;750
50842;201300056483;13;6;28;1700;1;2;1;1.0;2;116;PORTE DAUPHINE;;;;750
50843;201300056484;13;6;28;1845;1;2;1;1.0;4;117;PORTE D ASNIERES;;;;750
50844;201300056485;13;6;29;1215;1;2;4;1.0;5;117;PORTE MAILLOT;;;;750
50845;201300056486;13;6;29;1425;1;2;1;1.0;6;114;PORTE DE VANVES;;;;750
50846;201300056487;13;6;29;1900;1;2;1;1.0;2;114;ECHANGEUR BRANCION;;;;750
50847;201300056488;13;6;29;2045;2;2;1;1.0;7;114;ECHANGEUR GENTILLY;;;;750
50848;201300056489;13;6;29;2330;5;2;1;1.0;7;118;BOULEVARD PERIPHERIQUE E;;;;750
50849;201300056490;13;6;30;1400;1;2;1;1.0;7;114;PORTE DE GENTILLY;;;;750
50850;201300056491;13;7;1;820;1;2;1;1.0;2;115;PORTE BRANCION;;;;750
50851;201300056492;13;7;1;730;1;2;1;1.0;2;117;ECHANGEUR CHAMPERRET;;;;750
50852;201300056493;13;7;1;1840;1;2;1;1.0;4;115;ECHANGEUR SEVRES;;;;750
50853;201300056494;13;7;1;1820;1;2;1;1.0;4;119;PORTE DE PANTIN;;;;750
50854;201300056495;13;7;3;850;1;2;1;1.0;6;115;PORTE DE VERSAILLES;;;;750
50855;201300056496;13;7;4;105;5;2;4;1.0;2;112;PORTE DE VINCENNES;;;;750
50856;201300056497;13;7;4;635;1;2;1;1.0;6;117;PORTE MAILLOT;;;;750
50857;201300056499;13;7;4;1740;1;2;1;1.0;3;116;PORTE D AUTEUIL;;;;750
50858;201300056501;13;7;5;845;1;2;1;1.0;3;117;PORTE DE CLICHY;;;;750
50859;201300056502;13;7;7;2000;1;2;1;1.0;3;112;ECHANGEUR BERCY;;;;750
50860;201300056504;13;7;8;1920;1;2;1;1.0;6;117;PORTE DE CHAMPERRET;;;;750
50861;201300056505;13;7;9;740;1;2;1;1.0;4;119;PORTE DE LA VILLETTE;;;;750
50862;201300056506;13;7;9;1210;1;2;1;1.0;4;113;PORTE D IVRY;;;;750
50863;201300056507;13;7;9;1720;1;2;1;1.0;3;118;PORTE DE CLIGNANCOURT;;;;750
50864;201300056508;13;7;9;1900;1;2;1;1.0;3;120;PORTE DES LILAS;;;;750
50865;201300056509;13;7;10;1810;1;2;1;1.0;2;112;ECHANGEUR BERCY;;;;750
50866;201300056510;13;7;11;800;1;2;1;1.0;2;116;PORTE DAUPHINE;;;;750
50867;201300056511;13;7;11;1715;1;2;1;1.0;3;114;PORTE DE GENTILLY;;;;750
50868;201300056512;13;7;11;1720;1;2;1;1.0;2;116;PORTE DE PASSY;;;;750
50869;201300056513;13;7;12;805;1;2;1;1.0;3;116;PORTE DE SAINT CLOUD;;;;750
50870;201300056514;13;7;12;1700;1;2;1;1.0;4;113;PORTE D ITALIE;;;;750
50871;201300056515;13;7;12;2300;5;2;1;1.0;6;113;BOULEVARD PERIPHERIQUE E;;;;750
50872;201300056516;13;7;13;850;1;2;1;1.0;6;116;ECHANGEUR MAILLOT;;;;750
50873;201300056517;13;7;14;220;4;2;1;1.0;6;120;ECHANGEUR BAGNOLET;;;;750
50874;201300056518;13;7;14;1855;1;2;4;1.0;4;116;PORTE D AUTEUIL;;;;750
50875;201300056519;13;7;14;2215;5;2;1;1.0;3;116;PORTE D AUTEUIL;;;;750
50876;201300056520;13;7;15;835;1;2;1;1.0;3;114;PORTE D ORLEANS;;;;750
50877;201300056521;13;7;15;1000;1;2;1;1.0;3;119;PORTE DE LA VILLETTE;;;;750
50878;201300056522;13;7;15;1020;1;2;1;1.0;6;113;QUAI D IVRY;;;;750