;Num_Acc;an;mois;jour;hrmn;lum;agg;int;atm;col;com;adr;gps;lat;long;dep
50879;201300056523;13;7;15;1820;1;2;1;1.0;7;112;ECHANGEUR BERCY;;;;750
50880;201300056524;13;7;15;1930;1;2;1;1.0;2;116;PORTE DAUPHINE;;;;750
50881;201300056525;13;7;16;840;1;2;1;1.0;4;112;ECHANGEUR BERCY;;;;750
50882;201300056526;13;7;16;1610;1;2;1;1.0;2;120;PORTE DE BAGNOLET;;;;750
50883;201300056527;13;7;16;1910;1;2;1;1.0;4;117;PORTE DE CLICHY;;;;750
50884;201300056528;13;7;17;1510;1;2;1;1.0;3;112;PORTE DOREE;;;;750
50885;201300056529;13;7;18;1430;1;2;1;1.0;2;118;PORTE DE CLIGNANCOURT;;;;750
50886;201300056530;13;7;18;1900;1;2;1;1.0;2;113;PONT DE BERCY;;;;750
50887;201300056531;13;7;19;120;5;2;1;1.0;2;120;PORTE DE BAGNOLET;;;;750
50888;201300056532;13;7;19;810;1;2;1;2.0;6;117;ECHANGEUR SAINT OUEN;;;;750
50889;201300056533;13;7;20;1900;1;2;1;1.0;4;116;PORTE DAUPHINE;;;;750
50890;201300056534;13;7;22;945;1;2;1;1.0;2;118;PORTE DE SAINT OUEN;;;;750
50891;201300056535;13;7;22;1700;1;2;1;1.0;3;116;PORTE DE PASSY;;;;750
50892;201300056536;13;7;22;1845;1;2;1;1.0;2;119;PORTE DE LA VILLETTE;;;;750
50893;201300056537;13;7;24;745;1;2;1;1.0;4;116;PORT D AUTEUIL;;;;750
50894;201300056538;13;7;24;1230;1;2;1;1.0;2;118;PORTE DE LA CHAPELLE;;;;750
50895;201300056539;13;7;25;815;1;2;1;1.0;4;112;ECHANGEUR BERCY;;;;750
50896;201300056540;13;7;26;820;1;2;1;2.0;2;120;ECHANGEUR BAGNOLET;;;;750
50897;201300056541;13;7;28;1830;1;2;1;1.0;2;119;PORTE D AUBERVILLIERS;;;;750
50898;201300056542;13;7;29;1120;1;2;1;1.0;7;116;ECHANGEUR DAUPHINE;;;;750
50899;201300056543;13;7;30;1355;1;2;1;1.0;7;116;PORTE DE PASSY;;;;750
50900;201300056544;13;7;31;900;1;2;1;1.0;2;118;ECHANGEUR CHAPELLE;;;;750
50901;201300056545;13;7;31;1050;1;2;1;1.0;2;113;QUAI D IVRY;;;;750
50902;201300056546;13;8;1;850;1;2;1;1.0;3;116;PORTE D AUTEUIL;;;;750
50903;201300056547;13;8;1;1525;1;2;1;1.0;4;118;PORTE DE LA CHAPELLE;;;;750
50904;201300056548;13;8;1;1840;1;2;1;1.0;6;120;PORTE DE BAGNOLET;;;;750
50905;201300056549;13;8;1;1840;1;2;1;1.0;4;116;ECHANGEUR MAILLOT;;;;750
50906;201300056550;13;8;2;845;1;2;1;1.0;4;119;PORTE D AUBERVILLIERS;;;;750
50907;201300056552;13;8;4;1250;1;2;4;1.0;2;119;PORTE DE PANTIN;;;;750
50908;201300056553;13;8;5;1335;1;2;1;1.0;4;119;PORTE D AUBERVILLIERS;;;;750
50909;201300056554;13;8;6;1740;1;2;1;1.0;3;115;PORTE DE SEVRES;;;;750
50910;201300056555;13;8;6;1635;1;2;1;1.0;4;118;PORTE DE CLIGNANCOURT;;;;750
50911;201300056556;13;8;7;1525;1;2;4;1.0;3;120;PORTE DE MONTREUIL;;;;750
50912;201300056558;13;8;8;1320;1;2;1;1.0;7;118;PORTE DE LA CHAPELLE;;;;750
50913;201300056559;13;8;8;1855;1;2;1;1.0;3;117;PORTE DE SAINT OUEN;;;;750
50914;201300056560;13;8;8;1655;1;2;1;1.0;6;116;ECHANGEUR MUETTE;;;;750
50915;201300056561;13;8;9;1815;1;2;1;1.0;2;115;PORTE DE SEVRES;;;;750
50916;201300056562;13;8;12;1800;1;2;1;1.0;4;117;PORTE DE SAINT OUEN;;;;750
50917;201300056563;13;8;13;1525;1;2;1;1.0;4;120;PORTE DE MONTREUIL;;;;750
50918;201300056564;13;8;15;1315;1;2;1;1.0;6;118;PORTE DE LA CHAPELLE;;;;750
50919;201300056565;13;8;15;2150;2;2;1;1.0;4;120;PORTE DE BAGNOLET;;;;750
50920;201300056566;13;8;16;2100;5;1;4;1.0;6;114;PORTE DE CHATILLON;;;;750
50921;201300056568;13;8;17;1015;1;2;4;1.0;6;118;PORTE D AUBERVILLIERS;;;;750
50922;201300056569;13;8;20;1150;1;2;1;1.0;3;119;PORTE DE LA VILLETTE;;;;750
50923;201300056571;13;8;21;1800;1;2;1;1.0;2;117;PORTE DE CHAMPERRET;;;;750
50924;201300056572;13;8;22;620;1;2;1;1.0;4;118;PORTE DE SAINT OUEN;;;;750
50925;201300056573;13;8;23;915;1;2;1;1.0;4;117;ECHANGEUR MAILLOT;;;;750
50926;201300056575;13;8;23;2225;5;2;4;1.0;4;114;PORTE D ORLEANS;;;;750
50927;201300056576;13;8;26;630;5;2;1;1.0;7;119;PORTE DE LA VILLETTE;;;;750
50928;201300056578;13;8;26;1040;1;2;1;1.0;5;120;PORTE DE MONTREUIL;;;;750
50929;201300056579;13;8;28;1715;1;2;1;1.0;3;114;PORTE DE GENTILLY;;;;750
50930;201300056580;13;8;29;902;1;2;1;1.0;4;116;PORTE DAUPHINE;;;;750
50931;201300056581;13;8;30;1945;1;2;1;1.0;4;113;QUAI D IVRY;;;;750
50932;201300056582;13;8;31;1145;1;2;1;1.0;3;114;PORTE DE CHATILLON;;;;750
50933;201300056583;13;8;31;1140;1;2;1;1.0;4;115;PORTE DE LA PLAINE;;;;750
50934;201300056584;13;8;31;1245;1;2;1;1.0;2;117;PORTE DE SAINT OUEN;;;;750
50935;201300056585;13;8;31;1740;1;2;1;1.0;2;120;PORTE DES LILAS;;;;750
50936;201300056586;13;9;1;110;5;2;1;1.0;6;117;PORTE MAILLOT;;;;750
50937;201300056587;13;9;1;630;5;2;1;1.0;7;114;PORTE D ORLEANS;;;;750
50938;201300056588;13;9;1;1655;1;2;1;1.0;4;116;PORTE DE PASSY;;;;750
50939;201300056589;13;9;1;1945;1;2;1;1.0;2;118;PORTE DE CLIGNANCOURT;;;;750
50940;201300056590;13;9;2;845;1;2;1;1.0;7;116;PORTE DE SAINT CLOUD;;;;750
50941;201300056591;13;9;2;900;1;2;1;1.0;6;119;PORTE DE PANTIN;;;;750
50942;201300056592;13;9;2;1405;1;2;1;1.0;3;113;PORTE D ITALIE;;;;750
50943;201300056593;13;9;2;1450;1;2;4;1.0;2;116;PORTE D AUTEUIL;;;;750
50944;201300056594;13;9;3;1230;1;2;1;1.0;3;117;PORTE DE CLICHY;;;;750
50945;201300056595;13;9;4;845;1;2;1;1.0;4;119;PORTE D AUBERVILLIERS;;;;750
50946;201300056596;13;9;4;845;1;2;1;1.0;2;114;PORTE D ORLEANS;;;;750
50947;201300056597;13;9;4;1440;1;2;1;1.0;6;119;PORTE DU PRE SAINT GERVA;;;;750
50948;201300056598;13;9;4;1440;1;2;1;1.0;3;113;PORTE D ITALIE;;;;750
50949;201300056599;13;9;4;2020;1;2;1;1.0;2;113;PORTE D ITALIE;;;;750
50950;201300056600;13;9;4;2145;4;2;1;1.0;4;114;ECHANGEUR CHATILLON;;;;750
50951;201300056601;13;9;5;1600;1;2;1;1.0;7;112;ECHANGEUR BERCY;;;;750
50952;201300056602;13;9;5;1815;1;2;1;1.0;2;113;PORTE D IVRY;;;;750
50953;201300056603;13;9;6;950;1;2;1;3.0;7;113;PORTE D ITALIE;;;;750
50954;201300056604;13;9;8;615;2;2;1;1.0;6;119;PORTE DE PANTIN;;;;750
50955;201300056605;13;9;9;1105;1;2;1;1.0;2;117;PORTE DE SAINT OUEN;;;;750
50956;201300056606;13;9;10;850;1;2;1;1.0;2;113;QUAI D IVRY;;;;750
50957;201300056607;13;9;10;900;1;2;1;1.0;3;116;PORTE DE SAINT CLOUD;;;;750
50958;201300056608;13;9;10;1710;1;1;1;1.0;4;116;PORTE DAUPHINE;;;;750
50959;201300056609;13;9;12;1730;1;2;1;1.0;3;114;PORTE DE GENTILLY;;;;750
50960;201300056610;13;9;13;25;5;2;1;1.0;4;120;BOULEVARD PERIPHERIQUE E;;;;750
50961;201300056611;13;9;13;1355;1;2;1;1.0;3;116;PORTE DAUPHINE;;;;750
50962;201300056612;13;9;13;1720;1;2;1;1.0;3;113;QUAI D IVRY;;;;750
50963;201300056613;13;9;13;1720;1;2;1;1.0;3;116;ECHANGEUR SAINT CLOUD;;;;750
50964;201300056614;13;9;14;2110;5;2;1;2.0;6;117;PORTE DE CLICHY;;;;750
50965;201300056615;13;9;14;2210;5;2;1;3.0;2;120;PORTE DE BAGNOLET;;;;750
50966;201300056616;13;9;16;1510;1;2;1;1.0;3;117;PORTE DE CHAMPERRET;;;;750
50967;201300056617;13;9;16;1515;1;2;1;1.0;4;115;PORTE BRANCION;;;;750
50968;201300056618;13;9;16;1645;1;2;1;1.0;2;118;PORTE DE CLIGNANCOURT;;;;750
50969;201300056619;13;9;17;1045;1;2;4;1.0;5;116;PORTE DE PASSY;;;;750
50970;201300056620;13;9;17;1400;1;2;1;1.0;4;113;QUAI D IVRY;;;;750
50971;201300056621;13;9;18;745;1;2;1;1.0;2;112;PORTE DE CHARENTON;;;;750
50972;201300056622;13;9;18;930;1;2;1;1.0;2;116;ECHANGEUR MUETTE;;;;750
50973;201300056623;13;9;19;1315;1;2;1;1.0;3;120;PORTE DE MONTREUIL;;;;750
50974;201300056624;13;9;19;1615;1;2;1;1.0;2;114;PORTE DE VANVES;;;;750
50975;201300056625;13;9;20;815;1;2;1;1.0;6;120;PORTE DE MONTREUIL;;;;750
50976;201300056626;13;9;20;1540;1;2;1;1.0;2;117;PORTE MAILLOT;;;;750
50977;201300056627;13;9;20;1400;1;2;1;1.0;3;115;PORTE DE SEVRES;;;;750
50978;201300056628;13;9;21;1530;1;2;1;1.0;2;116;ECHANGEUR MUETTE;;;;750
50979;201300056629;13;9;21;1450;1;2;1;1.0;2;117;ECHANGEUR SAINT OUEN;;;;750
50980;201300056630;13;9;23;810;1;2;4;1.0;4;115;PORTE DE SEVRES;;;;750
50981;201300056632;13;9;24;20;5;2;1;1.0;6;112;BOULEVARD PERIPHERIQUE I;;;;750
50982;201300056633;13;9;24;850;1;2;1;1.0;7;117;PORTE DE CHAMPERRET;;;;750
50983;201300056634;13;9;25;745;1;2;1;1.0;3;120;PORTE DE VINCENNES;;;;750
50984;201300056635;13;9;25;1230;1;2;1;1.0;2;120;PORTE DE BAGNOLET;;;;750
50985;201300056636;13;9;25;1410;1;2;1;1.0;2;114;PORTE DE GENTILLY;;;;750
50986;201300056637;13;9;25;1420;1;2;2;1.0;2;118;ECHANGEUR AUBERVILLIERS;;;;750
50987;201300056638;13;9;25;1505;1;2;1;1.0;4;118;PORTE DE CLIGNANCOURT;;;;750
50988;201300056639;13;9;25;1825;1;2;1;1.0;2;112;ECHANGEUR BERCY;;;;750
50989;201300056640;13;9;26;2110;5;2;4;1.0;2;120;PORTE DES LILAS;;;;750
50990;201300056641;13;9;27;1740;1;2;1;1.0;3;114;PORTE DE CHATILLON;;;;750
50991;201300056642;13;9;28;155;3;2;1;1.0;2;120;PORTE DE BAGNOLET;;;;750
50992;201300056643;13;9;29;1315;1;2;4;1.0;2;112;ECHANGEUR BERCY;;;;750
50993;201300056644;13;9;29;1835;4;2;1;2.0;4;112;PORTE DE CHARENTON;;;;750
50994;201300056645;13;9;30;815;1;2;1;1.0;3;115;PORTE DE SEVRES;;;;750
50995;201300056646;13;9;30;930;1;2;1;1.0;2;114;PORTE DE VANVES;;;;750
50996;201300056647;13;9;30;720;1;2;1;1.0;2;116;PORTE DE SAINT CLOUD;;;;750
50997;201300056650;13;10;2;1725;1;2;1;1.0;3;113;QUAI D IVRY;;;;750
50998;201300056652;13;10;3;1345;1;2;1;1.0;2;112;ECHANGEUR BERCY;;;;750
50999;201300056654;13;10;4;1345;1;2;1;1.0;4;117;PORTE DE CHAMPERRET;;;;750
51000;201300056655;13;10;6;1255;1;2;4;1.0;3;113;PORTE D ITALIE;;;;750
51001;201300056656;13;10;6;1600;1;2;1;1.0;2;116;PORTE DE PASSY;;;;750
51002;201300056657;13;10;7;1930;5;2;1;1.0;4;120;ECHANGEUR BAGNOLET;;;;750
51003;201300056658;13;10;8;855;1;2;1;1.0;3;117;PORTE DE CHAMPERRET;;;;750
51004;201300056659;13;10;8;1930;5;2;1;1.0;3;114;PORTE DE GENTILLY;;;;750
51005;201300056660;13;10;8;1300;1;2;1;1.0;7;117;ECHANGEUR MAILLOT;;;;750
51006;201300056661;13;10;9;1820;2;2;1;2.0;4;115;PORTE DE SEVRES;;;;750
51007;201300056663;13;10;10;800;1;2;4;1.0;3;116;ECHANGEUR MAILLOT;;;;750
51008;201300056664;13;10;11;1836;2;2;1;2.0;6;116;ECHANGEUR MAILLOT;;;;750
51009;201300056665;13;10;13;615;5;2;4;1.0;6;112;ECHANGEUR BERCY;;;;750
51010;201300056666;13;10;14;1350;1;2;1;1.0;3;115;QUAI D ISSY LES MOULINEA;;;;750
51011;201300056667;13;10;14;1550;1;2;1;1.0;2;118;PORTE DE LA CHAPELLE;;;;750
51012;201300056668;13;10;14;2100;4;2;4;1.0;6;115;PORTE DE LA PLAINE;;;;750
51013;201300056670;13;10;16;1830;1;2;1;2.0;7;116;ECHANGEUR MUETTE;;;;750
51014;201300056672;13;10;17;215;5;2;1;1.0;2;116;PORTE DAUPHINE;;;;750
51015;201300056673;13;10;17;1610;1;2;1;1.0;6;115;PORTE DE LA PLAINE;;;;750
51016;201300056674;13;10;18;850;1;2;1;5.0;2;120;PORTE DE MONTREUIL;;;;750
51017;201300056676;13;10;19;1855;2;2;1;1.0;4;116;ECHANGEUR MUETTE;;;;750
51018;201300056677;13;10;20;915;1;2;1;2.0;6;120;ECHANGEUR BAGNOLET;;;;750
51019;201300056678;13;10;20;1050;1;2;1;2.0;6;117;ECHANGEUR MAILLOT;;;;750
51020;201300056679;13;10;20;1850;5;2;1;2.0;3;116;PORTE DAUPHINE;;;;750
51021;201300056680;13;10;21;1530;1;2;1;1.0;3;116;PORTE DAUPHINE;;;;750
51022;201300056681;13;10;22;610;5;2;4;1.0;2;120;PORTE DE BAGNOLET;;;;750
51023;201300056682;13;10;23;1430;5;2;1;1.0;2;116;PORTE D AUTEUIL;;;;750
51024;201300056683;13;10;24;1000;1;2;1;1.0;3;115;PORTE DE SEVRES;;;;750
51025;201300056684;13;10;24;2250;5;2;1;1.0;3;116;PORTE DE PASSY;;;;750
51026;201300056685;13;10;25;1450;1;2;1;1.0;4;116;PORTE D AUTEUIL;;;;750
51027;201300056688;13;10;27;1430;1;2;1;1.0;4;116;PORTE DE PASSY;;;;750
51028;201300056689;13;10;28;130;5;2;1;2.0;7;120;BOULEVARD PERIPHERIQUE E;;;;750
51029;201300056690;13;10;28;905;1;2;1;2.0;2;117;PORTE MAILLOT;;;;750
51030;201300056691;13;10;28;1025;1;2;1;1.0;2;120;PORTE DE BAGNOLET;;;;750
51031;201300056692;13;10;28;630;1;2;1;2.0;2;117;PORTE DES TERNES;;;;750
51032;201300056693;13;10;28;1330;1;2;1;1.0;2;112;PORTE DE VINCENNES;;;;750
51033;201300056694;13;10;28;1905;5;2;1;1.0;4;118;PORTE DE LA CHAPELLE;;;;750
51034;201300056695;13;10;29;1345;1;2;1;1.0;2;120;PORTE DE BAGNOLET;;;;750
51035;201300056696;13;10;29;1820;5;2;4;1.0;4;115;ECHANGEUR ISSY;;;;750
51036;201300056697;13;10;29;1420;1;2;1;1.0;2;119;PORTE DE LA VILLETTE;;;;750
51037;201300056698;13;10;29;1625;1;2;1;1.0;3;118;AVENUE DE LA PORTE DE LA;;;;750
51038;201300056699;13;10;30;1400;1;2;1;1.0;2;117;PORTE MAILLOT;;;;750
51039;201300056700;13;10;30;1905;5;2;1;1.0;2;117;ECHANGEUR CLICHY;;;;750
51040;201300056701;13;10;30;1800;1;2;1;1.0;3;117;PORTE DE CLICHY;;;;750
51041;201300056702;13;10;31;40;5;2;2;1.0;2;116;PORTE DE SAINT CLOUD;;;;750
51042;201300056703;13;10;31;850;1;2;4;1.0;7;120;PORTE DE MONTREUIL;;;;750
51043;201300056704;13;10;31;2040;5;2;1;1.0;3;113;PORTE D ITALIE;;;;750
51044;201300056705;13;11;1;1300;1;2;1;2.0;6;117;ECHANGEUR MAILLOT;;;;750
51045;201300056706;13;11;2;1315;1;2;1;2.0;7;116;ECHANGEUR MAILLOT;;;;750
51046;201300056708;13;11;2;2220;5;2;1;2.0;6;117;BOULEVARD PERIPHERIQUE E;;;;750
51047;201300056709;13;11;3;540;3;2;4;2.0;3;113;BOULEVARD PERIPHERIQUE E;;;;750
51048;201300056710;13;11;3;1240;1;2;1;1.0;3;112;ECHANGEUR BERCY;;;;750
51049;201300056711;13;11;5;1535;1;2;1;2.0;4;120;PORTE DE BAGNOLET;;;;750
51050;201300056712;13;11;5;2310;5;2;1;1.0;6;115;PORTE DE SEVRES;;;;750
51051;201300056713;13;11;6;845;1;2;1;1.0;4;112;PORTE DOREE;;;;750
51052;201300056714;13;11;6;1000;1;2;1;2.0;4;114;PORTE DE CHATILLON;;;;750
51053;201300056715;13;11;6;1750;5;2;1;1.0;2;120;PORTE DE BAGNOLET;;;;750
51054;201300056716;13;11;6;1940;5;2;1;1.0;7;113;PORTE D ITALIE;;;;750
51055;201300056717;13;11;7;750;1;2;1;2.0;7;117;PORTE DE CLICHY;;;;750
51056;201300056719;13;11;8;535;3;2;4;2.0;3;112;ECHANGEUR BERCY;;;;750
51057;201300056720;13;11;8;1035;1;2;1;2.0;4;113;QUAI D IVRY;;;;750
51058;201300056721;13;11;8;1315;1;2;1;2.0;4;115;ECHANGEUR BRANCION;;;;750
51059;201300056722;13;11;8;1645;2;2;1;2.0;2;113;QUAI D IVRY;;;;750
51060;201300056723;13;11;8;1700;2;2;1;2.0;3;112;PORTE DOREE;;;;750
51061;201300056724;13;11;8;2125;5;2;1;1.0;3;116;ECHANGEUR MUETTE;;;;750
51062;201300056725;13;11;9;615;5;2;1;1.0;6;114;PORTE D ORLEANS;;;;750
51063;201300056726;13;11;10;308;5;2;1;3.0;6;117;ECHANGEUR MAILLOT;;;;750
51064;201300056727;13;11;10;1630;1;2;1;1.0;2;117;PORTE DE CLICHY;;;;750
51065;201300056728;13;11;11;1840;4;2;1;1.0;2;120;PORTE DE BAGNOLET;;;;750
51066;201300056729;13;11;12;20;5;2;4;1.0;6;117;BOULEVARD PERIPHERIQUE E;;;;750
51067;201300056730;13;11;12;650;5;2;4;1.0;6;112;ECHANGEUR BERCY;;;;750
51068;201300056731;13;11;12;1710;2;2;1;2.0;3;117;PORTE DE CHAMPERRET;;;;750
51069;201300056732;13;11;12;2010;5;2;1;3.0;6;120;PORTE DE BAGNOLET;;;;750
51070;201300056733;13;11;13;630;5;2;4;1.0;3;120;PORTE DE BAGNOLET;;;;750
51071;201300056734;13;11;13;800;1;2;1;1.0;2;113;PORTE D ITALIE;;;;750
51072;201300056735;13;11;14;1245;1;2;1;2.0;3;113;PORTE D IVRY;;;;750
51073;201300056736;13;11;14;1640;5;2;1;1.0;2;112;PORTE DE CHARENTON;;;;750
51074;201300056738;13;11;15;1900;5;2;1;1.0;7;116;ECHANGEUR MUETTE;;;;750
51075;201300056740;13;11;18;845;1;2;1;1.0;6;120;PORTE DES LILAS;;;;750
51076;201300056741;13;11;19;1600;1;2;1;1.0;2;119;PORTE D AUBERVILLIERS;;;;750
51077;201300056743;13;11;21;740;5;2;1;2.0;7;120;PORTE DE BAGNOLET;;;;750
51078;201300056744;13;11;21;750;2;2;1;3.0;2;112;PORTE DE VINCENNES;;;;750
51079;201300056745;13;11;22;520;5;2;1;1.0;6;113;BOULEVARD PERIPHERIQUE I;;;;750
51080;201300056746;13;11;21;1815;5;2;1;2.0;6;118;ECHANGEUR CHAPELLE;;;;750
51081;201300056747;13;11;21;1800;5;2;1;2.0;7;113;QUAI D IVRY;;;;750
51082;201300056748;13;11;22;1710;2;2;1;1.0;3;120;PORTE DE BAGNOLET;;;;750
51083;201300056749;13;11;23;2015;5;2;1;1.0;6;113;PORTE D IVRY;;;;750
51084;201300056752;13;11;25;940;1;2;1;1.0;4;113;PORTE D ITALIE;;;;750
51085;201300056753;13;11;25;1315;1;2;1;1.0;2;118;PORTE D AUBERVILLIERS;;;;750
51086;201300056754;13;11;26;820;1;2;1;1.0;2;116;PORTE MAILLOT;;;;750
51087;201300056755;13;11;26;810;1;2;1;1.0;4;113;PORTE DE GENTILLY;;;;750
51088;201300056756;13;11;26;1600;1;2;1;1.0;3;118;PORTE D AUBERVILLIERS;;;;750
51089;201300056757;13;11;26;1725;5;2;1;1.0;2;113;PORTE D ITALIE;;;;750
51090;201300056758;13;11;27;920;1;2;1;1.0;2;117;PORTE MAILLOT;;;;750
51091;201300056759;13;11;28;1500;1;2;1;1.0;3;120;PORTE DE VINCENNES;;;;750
51092;201300056760;13;11;28;1545;1;2;4;1.0;3;112;ECHANGEUR BERCY;;;;750
51093;201300056761;13;11;29;1210;1;2;1;1.0;7;118;PORTE DE CLIGNANCOURT;;;;750
51094;201300056762;13;11;29;1700;5;2;1;1.0;4;116;PORTE DAUPHINE;;;;750
51095;201300056763;13;11;30;5;5;2;4;1.0;6;120;ECHANGEUR BAGNOLET;;;;750
51096;201300056765;13;11;30;1500;1;2;1;1.0;4;117;PORTE DE CLICHY;;;;750
51097;201300056767;13;12;1;1415;1;2;1;1.0;4;116;PORTE DE SAINT CLOUD;;;;750
51098;201300056768;13;12;1;1905;5;2;1;1.0;3;117;PORTE DE CLICHY;;;;750
51099;201300056769;13;12;3;920;1;2;1;1.0;7;118;PORTE DE CLIGNANCOURT;;;;750
51100;201300056770;13;12;3;1015;1;2;4;7.0;4;112;PORTE DE VINCENNES;;;;750
51101;201300056771;13;12;3;848;1;2;1;1.0;7;118;PORTE DE LA CHAPELLE;;;;750
51102;201300056772;13;12;3;1710;5;2;1;1.0;6;113;PORTE D ITALIE;;;;750
51103;201300056774;13;12;5;840;1;2;1;1.0;4;117;PORTE D ASNIERES;;;;750
51104;201300056775;13;12;5;1330;1;2;1;1.0;7;113;PORTE D IVRY;;;;750
51105;201300056777;13;12;5;1845;5;2;1;1.0;2;117;ECHANGEUR CLICHY;;;;750
51106;201300056778;13;12;6;915;1;2;1;1.0;4;118;PORTE DE SAINT OUEN;;;;750
51107;201300056779;13;12;6;2105;5;2;4;1.0;3;116;PORT D AUTEUIL;;;;750
51108;201300056780;13;12;7;745;1;2;1;2.0;6;120;PORTE DE BAGNOLET;;;;750
51109;201300056781;13;12;7;1120;5;2;1;2.0;3;116;PORTE DE PASSY;;;;750
51110;201300056782;13;12;7;1800;5;2;1;1.0;3;116;ECHANGEUR DAUPHINE;;;;750
51111;201300056783;13;12;7;2050;5;2;1;1.0;2;112;PORTE DE CHARENTON;;;;750
51112;201300056784;13;12;9;815;1;2;1;1.0;6;116;ECHANGEUR DAUPHINE;;;;750
51113;201300056785;13;12;9;1030;1;2;4;1.0;3;120;PORTE DE BAGNOLET;;;;750
51114;201300056786;13;12;9;1520;1;2;1;1.0;4;117;PORTE D ASNIERES;;;;750
51115;201300056788;13;12;10;823;1;2;1;1.0;2;116;ECHANGEUR AUTEUIL;;;;750
51116;201300056789;13;12;10;1635;1;2;1;1.0;3;119;PORTE D AUBERVILLIERS;;;;750
51117;201300056791;13;12;8;1220;1;2;1;1.0;4;113;PORTE D ITALIE;;;;750
51118;201300056792;13;12;12;1140;1;2;1;1.0;3;117;PORTE MAILLOT;;;;750
51119;201300056793;13;12;13;40;5;2;1;1.0;6;113;BOULEVARD PERIPHERIQUE E;;;;750
51120;201300056794;13;12;13;2250;5;2;1;2.0;7;114;BOULEVARD PERIPHERIQUE I;;;;750
51121;201300056795;13;12;14;550;5;2;1;1.0;6;117;BOULEVARD PERIPHERIQUE E;;;;750
51122;201300056797;13;12;15;1550;1;2;1;1.0;4;112;PORTE DE VINCENNES;;;;750
51123;201300056798;13;12;16;1010;1;2;1;1.0;4;118;PORTE D AUBERVILLIERS;;;;750
51124;201300056799;13;12;17;715;2;2;1;1.0;2;118;PORTE DE LA CHAPELLE;;;;750
51125;201300056800;13;12;18;615;5;2;1;1.0;2;112;PORTE DE VINCENNES;;;;750
51126;201300056801;13;12;18;1535;1;2;1;1.0;4;112;ECHANGEUR BERCY;;;;750
51127;201300056802;13;12;20;800;2;2;1;1.0;4;112;PORTE DOREE;;;;750
51128;201300056803;13;12;20;1020;1;2;4;1.0;2;117;PORTE DE CHAMPERRET;;;;750
51129;201300056804;13;12;20;1310;1;2;1;7.0;6;116;PORTE DE PASSY;;;;750
51130;201300056805;13;12;20;1700;2;2;1;1.0;3;118;PORTE DE LA CHAPELLE;;;;750
51131;201300056806;13;12;21;700;5;2;1;1.0;3;115;PORTE DE SEVRES;;;;750
51132;201300056807;13;12;22;715;5;2;4;1.0;6;119;PORTE DU PRE SAINT GERVA;;;;750
51133;201300056808;13;12;23;615;5;2;1;1.0;6;112;PORTE DE CHARENTON;;;;750
51134;201300056809;13;12;23;1500;1;2;1;1.0;4;114;PORTE DE VANVES;;;;750
51135;201300056810;13;12;26;1800;5;2;1;1.0;3;114;PORTE DE GENTILLY;;;;750
51136;201300056811;13;12;28;1945;5;2;4;1.0;7;117;PORTE DES TERNES;;;;750
51137;201300056812;13;12;30;1920;3;2;1;1.0;2;112;PONT DE BERCY;;;;750
51138;201300056814;13;4;26;1545;1;1;1;1.0;6;34;;A;0.0;0.0;972
51139;201300056815;13;5;4;1745;1;1;1;2.0;1;29;x;A;0.0;0.0;972
51140;201300056817;13;8;17;245;3;1;1;1.0;1;5;;A;0.0;0.0;972
51141;201300056818;13;12;5;830;1;1;1;9.0;6;5;;A;0.0;0.0;972
51142;201300056819;13;3;1;1815;1;2;1;1.0;6;24;7 CHEMIN SALUBRE;A;0.0;0.0;972
51143;201300056820;13;6;12;1430;1;1;1;1.0;7;24;;A;0.0;0.0;972
51144;201300056821;13;7;30;500;3;1;1;1.0;1;24;;A;0.0;0.0;972
51145;201300056822;13;2;3;1900;5;2;1;1.0;6;18;41 rue Andr? Aliker;A;0.0;0.0;972
51146;201300056823;13;4;17;930;1;2;1;1.0;2;25;rue alfred lacroix;A;0.0;0.0;972
51147;201300056824;13;4;19;2100;5;2;1;1.0;6;19;La Charmeuse;A;0.0;0.0;972
51148;201300056825;13;4;27;115;5;2;1;1.0;7;25;18 rue alfred lacroix;A;0.0;0.0;972
51149;201300056826;13;5;8;1845;3;1;1;1.0;1;4;;A;0.0;0.0;972
51150;201300056827;13;6;3;1215;1;1;1;2.0;6;4;;A;0.0;0.0;972
51151;201300056828;13;10;1;700;1;2;1;1.0;3;4;;A;0.0;0.0;972
51152;201300056829;13;10;29;1645;1;2;1;1.0;7;8;Quartier Lacroix;A;0.0;0.0;972
51153;201300056830;13;11;9;2100;3;1;1;3.0;1;4;;A;0.0;0.0;972
51154;201300056831;13;12;19;1600;1;2;1;1.0;6;33;le bourg;A;0.0;0.0;972
51155;201300056832;13;1;20;2100;5;1;1;1.0;7;10;;A;0.0;0.0;972
51156;201300056833;13;3;17;100;3;1;1;1.0;1;10;;A;0.0;0.0;972
51157;201300056834;13;3;23;1115;1;1;1;1.0;3;10;;A;0.0;0.0;972
51158;201300056835;13;3;25;645;1;1;1;1.0;1;10;;A;0.0;0.0;972
51159;201300056836;13;4;14;315;3;1;1;1.0;1;10;;A;0.0;0.0;972
51160;201300056837;13;7;21;1530;1;1;6;2.0;3;10;;A;0.0;0.0;972
51161;201300056838;13;8;28;1645;1;2;1;9.0;7;32;Quartierr plaisance;A;0.0;0.0;972
51162;201300056840;13;9;28;1415;1;1;1;1.0;6;10;;A;0.0;0.0;972
51163;201300056841;13;4;9;1100;1;2;1;1.0;2;20;Avenue  frantz FANON;A;0.0;0.0;972
51164;201300056842;13;7;13;1900;2;1;1;1.0;7;20;;A;0.0;0.0;972
51165;201300056843;13;7;20;2100;3;1;1;1.0;7;27;;A;0.0;0.0;972
51166;201300056845;13;9;27;1830;4;1;1;1.0;6;27;;A;0.0;0.0;972