;Num_Acc;an;mois;jour;hrmn;lum;agg;int;atm;col;com;adr;gps;lat;long;dep
51167;201300056846;13;1;22;1245;1;1;1;1.0;1;21;;A;0.0;0.0;972
51168;201300056847;13;3;11;1830;3;1;1;1.0;3;30;;A;0.0;0.0;972
51169;201300056848;13;5;7;1800;1;2;1;1.0;3;30;Avenue des raisiniers;A;0.0;0.0;972
51170;201300056849;13;6;9;1415;1;1;1;1.0;6;30;;A;0.0;0.0;972
51171;201300056850;13;9;23;1730;1;1;1;1.0;3;30;;A;0.0;0.0;972
51172;201300056851;13;2;19;1915;3;1;1;1.0;6;22;;A;0.0;0.0;972
51173;201300056852;13;6;4;2100;3;1;1;2.0;1;12;;A;0.0;0.0;972
51174;201300056853;13;6;7;2345;5;1;1;1.0;2;12;;A;0.0;0.0;972
51175;201300056854;13;6;26;1530;1;1;1;1.0;3;12;;A;0.0;0.0;972
51176;201300056855;13;7;29;2215;3;1;1;1.0;2;22;;A;0.0;0.0;972
51177;201300056856;13;8;16;900;1;1;1;1.0;5;12;;A;0.0;0.0;972
51178;201300056857;13;8;27;1630;1;2;1;1.0;7;22;quartier lestrade;A;0.0;0.0;972
51179;201300056858;13;10;19;1600;1;2;1;1.0;5;22;RN1;A;0.0;0.0;972
51180;201300056859;13;2;15;1530;1;1;1;1.0;6;28;;A;0.0;0.0;972
51181;201300056860;13;3;31;2130;3;2;1;1.0;6;28;Rue source Marie D?au;A;0.0;0.0;972
51182;201300056861;13;4;21;1030;1;1;1;3.0;6;28;;A;0.0;0.0;972
51183;201300056862;13;4;22;915;1;2;1;2.0;6;28;11 rue de Beaufort;A;0.0;0.0;972
51184;201300056863;13;10;6;1715;1;1;1;1.0;1;28;;A;0.0;0.0;972
51185;201300056864;13;2;2;1900;5;2;1;1.0;6;1;rue principale;A;0.0;0.0;972
51186;201300056865;13;6;9;1630;1;2;2;1.0;3;16;CARREFOUR RD15 ET RN1;A;0.0;0.0;972
51187;201300056866;13;10;13;1;3;1;1;2.0;1;14;;A;0.0;0.0;972
51188;201300056867;13;1;11;1930;5;2;1;1.0;6;4;AVENUE DU PERE LABAT;A;0.0;0.0;971
51189;201300056869;13;3;1;2045;4;2;1;1.0;3;24;RN3;A;0.0;0.0;971
51190;201300056870;13;4;14;730;2;1;1;1.0;1;24;;A;0.0;0.0;971
51191;201300056872;13;5;27;2000;5;2;1;2.0;1;4;route nationale 2;A;0.0;0.0;971
51192;201300056873;13;6;30;1445;1;2;1;1.0;3;4;;A;0.0;0.0;971
51193;201300056874;13;7;9;1430;1;1;1;2.0;1;4;;A;0.0;0.0;971
51194;201300056875;13;7;11;845;1;2;1;1.0;3;24;;A;0.0;0.0;971
51195;201300056876;13;9;26;1100;1;2;1;1.0;5;4;RN2 Avenue Peres Blancs;A;0.0;0.0;971
51196;201300056877;13;6;3;745;1;1;3;2.0;3;6;;A;0.0;0.0;971
51197;201300056878;13;6;9;1615;1;1;1;1.0;1;34;;A;0.0;0.0;971
51198;201300056879;13;9;9;145;3;1;1;1.0;7;34;;A;0.0;0.0;971
51199;201300056880;13;10;28;845;1;1;1;1.0;6;34;;A;0.0;0.0;971
51200;201300056881;13;11;27;1630;1;2;1;1.0;6;34;chemin du tuf;A;0.0;0.0;971
51201;201300056882;13;12;5;1830;3;1;1;1.0;3;6;;A;0.0;0.0;971
51202;201300056883;13;9;14;1300;1;1;1;1.0;1;6;;A;0.0;0.0;971
51203;201300056884;13;3;22;1500;1;1;1;1.0;1;21;;A;0.0;0.0;971
51204;201300056885;13;5;22;945;1;1;1;3.0;3;21;;A;0.0;0.0;971
51205;201300056886;13;10;4;1845;3;1;1;1.0;3;21;;A;0.0;0.0;971
51206;201300056887;13;7;27;1400;1;1;1;1.0;1;11;;A;0.0;0.0;971
51207;201300056888;13;2;9;615;2;1;1;1.0;6;32;;A;0.0;0.0;971
51208;201300056889;13;3;15;1945;5;2;1;1.0;2;9;Avenue G?n?ral DE GAULLE;A;0.0;0.0;971
51209;201300056890;13;4;17;945;1;1;1;8.0;2;9;;A;0.0;0.0;971
51210;201300056891;13;5;3;2200;3;1;1;2.0;2;32;;A;0.0;0.0;971
51211;201300056892;13;5;9;515;2;1;1;1.0;6;33;;A;0.0;0.0;971
51212;201300056893;13;7;17;1130;1;1;1;1.0;6;33;;A;0.0;0.0;971
51213;201300056894;13;12;31;700;5;2;1;1.0;6;32;Route du bord de mer- D6;A;0.0;0.0;971
51214;201300056895;13;2;6;1315;1;1;1;1.0;6;7;;A;0.0;0.0;971
51215;201300056896;13;3;2;2100;3;1;1;1.0;6;7;;A;0.0;0.0;971
51216;201300056897;13;3;5;1600;1;1;1;1.0;1;7;;A;0.0;0.0;971
51217;201300056898;13;3;8;2330;3;1;1;1.0;1;7;;A;0.0;0.0;971
51218;201300056900;13;4;11;1845;2;1;1;1.0;1;7;;A;0.0;0.0;971
51219;201300056901;13;4;30;1230;1;1;1;1.0;5;7;;A;0.0;0.0;971
51220;201300056902;13;5;12;430;3;1;1;1.0;7;7;;A;0.0;0.0;971
51221;201300056903;13;5;27;330;3;1;1;1.0;7;7;;A;0.0;0.0;971
51222;201300056904;13;6;9;1645;1;1;1;1.0;6;7;;A;0.0;0.0;971
51223;201300056905;13;7;30;645;1;1;1;1.0;1;14;;A;0.0;0.0;971
51224;201300056906;13;8;12;1300;1;2;1;1.0;6;14;lotissement de l'aiguill;A;0.0;0.0;971
51225;201300056907;13;8;14;745;1;1;1;1.0;7;7;;A;0.0;0.0;971
51226;201300056908;13;8;16;1845;5;1;1;2.0;6;14;;A;0.0;0.0;971
51227;201300056909;13;9;3;830;1;1;1;2.0;7;7;;A;0.0;0.0;971
51228;201300056910;13;9;13;930;1;1;1;1.0;3;7;;A;0.0;0.0;971
51229;201300056911;13;9;20;2315;4;1;6;1.0;1;7;;A;0.0;0.0;971
51230;201300056913;13;12;13;1245;1;1;1;1.0;6;7;;A;0.0;0.0;971
51231;201300056914;13;12;24;1100;1;1;1;1.0;5;7;;A;0.0;0.0;971
51232;201300056915;13;1;3;1145;1;1;1;1.0;7;31;;A;0.0;0.0;971
51233;201300056916;13;11;12;715;1;2;1;1.0;6;30;rue des ?coles;A;0.0;0.0;971
51234;201300056917;13;2;27;15;5;1;1;1.0;7;15;;A;0.0;0.0;971
51235;201300056918;13;3;9;1945;5;1;1;1.0;3;15;;A;0.0;0.0;971
51236;201300056919;13;6;15;815;5;1;1;1.0;1;15;;A;0.0;0.0;971
51237;201300056921;13;9;29;1300;1;1;1;1.0;2;15;;A;0.0;0.0;971
51238;201300056922;13;10;4;1630;1;2;1;1.0;2;15;;A;0.0;0.0;971
51239;201300056924;13;11;13;1500;1;1;1;1.0;6;15;;A;0.0;0.0;971
51240;201300056925;13;11;30;545;2;1;1;1.0;1;15;;A;0.0;0.0;971
51241;201300056926;13;12;5;1815;3;1;1;1.0;2;15;;A;0.0;0.0;971
51242;201300056927;13;12;16;1400;1;1;1;2.0;3;15;;A;0.0;0.0;971
51243;201300056928;13;1;1;600;2;1;1;1.0;7;18;;A;0.0;0.0;971
51244;201300056929;13;3;6;545;3;1;1;1.0;1;18;;A;0.0;0.0;971
51245;201300056930;13;3;8;1200;1;1;1;1.0;1;18;;A;0.0;0.0;971
51246;201300056931;13;4;30;630;1;2;1;1.0;6;18;chemin de carr?re;A;0.0;0.0;971
51247;201300056932;13;5;30;615;1;1;1;1.0;1;18;;A;0.0;0.0;971
51248;201300056933;13;6;23;1300;1;1;1;1.0;1;18;;A;0.0;0.0;971
51249;201300056934;13;7;11;1400;1;1;2;1.0;3;18;;A;0.0;0.0;971
51250;201300056935;13;7;23;1815;1;2;1;1.0;6;18;Section BOVIS;A;0.0;0.0;971
51251;201300056936;13;10;27;1430;1;1;1;1.0;1;18;;A;0.0;0.0;971
51252;201300056937;13;11;14;2230;3;1;1;1.0;3;18;;A;0.0;0.0;971
51253;201300056939;13;2;12;2030;3;1;1;1.0;6;29;;A;0.0;0.0;971
51254;201300056940;13;3;5;1715;1;2;1;1.0;3;29;nolivier;A;0.0;0.0;971
51255;201300056941;13;3;11;1430;1;1;1;1.0;6;29;;A;0.0;0.0;971
51256;201300056942;13;3;23;1400;1;2;1;1.0;6;29;doublon bebel;A;0.0;0.0;971
51257;201300056943;13;3;22;1930;5;2;1;1.0;1;29;la boucan;A;0.0;0.0;971
51258;201300056945;13;4;25;2030;3;2;1;2.0;6;29;Section desbonnes;A;0.0;0.0;971
51259;201300056946;13;5;11;1315;1;1;1;1.0;1;29;;A;0.0;0.0;971
51260;201300056947;13;5;18;1815;2;2;1;1.0;3;29;le bourg;A;0.0;0.0;971
51261;201300056948;13;6;12;630;1;2;3;1.0;1;29;route de Lima;A;0.0;0.0;971
51262;201300056949;13;6;14;1430;1;1;1;2.0;6;29;;A;0.0;0.0;971
51263;201300056951;13;6;28;2145;3;2;1;1.0;3;29;Section Bone;A;0.0;0.0;971
51264;201300056952;13;7;11;1945;4;1;1;1.0;1;29;;A;0.0;0.0;971
51265;201300056953;13;7;21;1200;1;1;1;3.0;1;29;;A;0.0;0.0;971
51266;201300056954;13;8;24;845;1;1;1;1.0;1;29;;A;0.0;0.0;971
51267;201300056955;13;9;22;945;1;1;1;1.0;6;29;;A;0.0;0.0;971
51268;201300056956;13;9;21;1915;5;2;1;1.0;6;29;La Boucan;A;0.0;0.0;971
51269;201300056957;13;10;11;1645;1;1;1;1.0;1;29;;A;0.0;0.0;971
51270;201300056958;13;12;12;1330;1;2;1;1.0;6;29;;A;0.0;0.0;971
51271;201300056959;13;1;23;645;1;1;1;1.0;1;8;;A;0.0;0.0;971
51272;201300056960;13;3;25;945;1;2;1;1.0;6;12;RUE BEAURENON;A;0.0;0.0;971
51273;201300056961;13;7;28;2115;5;1;1;1.0;1;26;;A;0.0;0.0;971
51274;201300056962;13;11;12;1945;5;2;1;1.0;3;12;section bonneval;A;0.0;0.0;971
51275;201300056963;13;4;6;945;1;1;1;1.0;3;10;;A;0.0;0.0;971
51276;201300056964;13;10;9;1215;1;2;1;1.0;1;10;SECTION SOUFFLEUR;A;0.0;0.0;971
51277;201300056965;13;1;12;1000;1;2;1;1.0;1;17;RN 5 LA BAIE;A;0.0;0.0;971
51278;201300056966;13;4;7;30;5;1;1;2.0;3;17;;A;0.0;0.0;971
51279;201300056967;13;5;30;1645;1;1;1;1.0;2;17;;A;0.0;0.0;971
51280;201300056968;13;6;15;2215;5;2;1;1.0;3;17;rue Duchassaing;A;0.0;0.0;971
51281;201300056969;13;7;30;1500;1;1;1;1.0;6;17;;A;0.0;0.0;971
51282;201300056970;13;8;11;1045;1;1;1;2.0;6;17;;A;0.0;0.0;971
51283;201300056971;13;8;17;430;2;1;1;2.0;6;17;;A;0.0;0.0;971
51284;201300056972;13;9;4;1700;2;1;1;2.0;1;17;;A;0.0;0.0;971
51285;201300056973;13;10;10;1945;3;1;1;1.0;1;17;;A;0.0;0.0;971
51286;201300056974;13;10;14;2030;5;1;1;1.0;3;17;;A;0.0;0.0;971
51287;201300056975;13;10;15;830;5;1;1;1.0;1;17;;A;0.0;0.0;971
51288;201300056976;13;2;8;1930;3;1;1;1.0;2;19;;A;0.0;0.0;971
51289;201300056977;13;3;25;1830;1;2;1;1.0;1;19;Les Mangles;A;0.0;0.0;971
51290;201300056978;13;3;26;1115;1;2;1;1.0;6;19;Rue F?lix Ebou?;A;0.0;0.0;971
51291;201300056979;13;5;5;1215;1;1;1;1.0;3;19;;A;0.0;0.0;971
51292;201300056981;13;6;15;1315;1;1;1;1.0;1;2;;A;0.0;0.0;971
51293;201300056982;13;8;18;1400;1;1;1;1.0;3;19;;A;;;971
51294;201300056983;13;8;26;45;5;1;1;3.0;7;22;;A;;;971
51295;201300056984;13;9;22;1930;5;1;1;1.0;2;22;;A;0.0;0.0;971
51296;201300056985;13;10;29;1345;1;1;1;1.0;1;19;;A;0.0;0.0;971
51297;201300056986;13;10;30;1900;3;1;1;1.0;1;19;;A;0.0;0.0;971
51298;201300056987;13;11;19;1130;2;1;1;1.0;6;19;;A;0.0;0.0;971
51299;201300056988;13;12;19;815;1;2;1;1.0;1;22;rue R?my -Nainsouta;A;0.0;0.0;971
51300;201300056989;13;12;18;915;3;1;1;1.0;6;19;;A;0.0;0.0;971
51301;201300056991;13;12;25;130;5;2;1;1.0;6;22;47 rue Remy Nainsouta;A;0.0;0.0;971
51302;201300056992;13;1;30;2030;3;1;1;1.0;1;25;;A;0.0;0.0;971
51303;201300056993;13;3;17;1630;1;2;1;1.0;3;25;Av. du g?n?ral de Gaulle;A;0.0;0.0;971
51304;201300056994;13;3;28;1500;1;1;1;1.0;6;25;;A;0.0;0.0;971
51305;201300056995;13;8;27;1745;1;1;1;1.0;3;25;;A;0.0;0.0;971
51306;201300056997;13;11;3;30;5;1;1;1.0;6;25;;A;0.0;0.0;971
51307;201300056998;13;11;17;130;5;1;1;1.0;6;25;;A;0.0;0.0;971
51308;201300056999;13;12;1;430;2;1;1;3.0;4;25;;A;0.0;0.0;971
51309;201300057000;13;1;5;530;2;1;1;1.0;6;28;;A;0.0;0.0;971
51310;201300057001;13;1;14;1445;1;1;1;1.0;1;28;;A;0.0;0.0;971
51311;201300057002;13;2;2;530;3;1;1;1.0;6;28;;A;0.0;0.0;971
51312;201300057003;13;2;4;1515;1;1;1;1.0;6;28;;A;0.0;0.0;971
51313;201300057004;13;3;22;1230;1;2;1;1.0;6;28;section calvaire;A;0.0;0.0;971
51314;201300057005;13;4;14;1500;3;1;1;1.0;3;28;;A;0.0;0.0;971
51315;201300057006;13;4;17;2045;5;2;1;1.0;7;25;Section BOIS DE VIPART;A;0.0;0.0;971
51316;201300057007;13;5;29;1345;1;1;1;1.0;2;28;;A;0.0;0.0;971
51317;201300057008;13;6;21;230;3;1;1;1.0;6;28;;A;0.0;0.0;971
51318;201300057010;13;8;9;600;2;1;1;1.0;1;28;;A;0.0;0.0;971
51319;201300057011;13;8;16;945;1;2;1;1.0;6;28;rue Bastaraud;A;0.0;0.0;971
51320;201300057012;13;8;21;1515;1;2;1;1.0;2;28;Section Ffrench;A;0.0;0.0;971
51321;201300057013;13;10;3;745;1;1;1;1.0;6;28;;A;0.0;0.0;971
51322;201300057015;13;10;17;1600;1;2;1;1.0;3;28;Rue de l'habitation;A;0.0;0.0;971
51323;201300057016;13;10;29;1500;1;1;1;1.0;6;28;;A;0.0;0.0;971
51324;201300057017;13;11;24;2000;3;1;1;1.0;6;28;;A;0.0;0.0;971
51325;201300057018;13;12;16;1345;1;1;1;1.0;6;28;;A;0.0;0.0;971
51326;201300057019;13;3;12;1900;3;1;1;1.0;6;16;;A;0.0;0.0;971
51327;201300057020;13;3;16;30;3;1;1;1.0;4;16;;A;0.0;0.0;971
51328;201300057021;13;4;29;630;1;1;1;1.0;1;16;;A;0.0;0.0;971
51329;201300057022;13;5;24;1900;1;2;1;1.0;1;16;;A;0.0;0.0;971
51330;201300057023;13;5;9;645;1;2;1;1.0;6;16;;A;0.0;0.0;971
51331;201300057024;13;6;15;1;5;2;1;1.0;6;16;section marieulle;A;0.0;0.0;971
51332;201300057025;13;6;24;1145;1;2;1;1.0;3;16;RN5 rue du cimeti?re;A;0.0;0.0;971
51333;201300057026;13;7;14;2100;5;2;1;1.0;1;16;Section RICHEVAL;A;0.0;0.0;971
51334;201300057027;13;7;30;1815;1;1;1;1.0;2;16;;A;0.0;0.0;971
51335;201300057029;13;9;7;1330;1;2;1;1.0;3;16;richeval;A;0.0;0.0;971
51336;201300057030;13;10;24;815;1;1;1;2.0;1;16;;A;0.0;0.0;971
51337;201300057031;13;1;27;500;3;1;1;1.0;7;5;;G;0.0;0.0;973
51338;201300057032;13;2;13;1945;3;1;1;3.0;7;13;;G;0.0;0.0;973
51339;201300057034;13;6;5;1315;1;1;1;1.0;6;5;;G;0.0;0.0;973
51340;201300057035;13;7;6;1145;1;1;1;1.0;3;5;;G;0.0;0.0;973
51341;201300057036;13;7;9;1115;1;1;1;1.0;6;5;;G;0.0;0.0;973
51342;201300057037;13;8;25;545;2;1;1;1.0;2;5;;G;0.0;0.0;973
51343;201300057038;13;9;4;2045;5;1;1;1.0;3;5;;G;0.0;0.0;973
51344;201300057039;13;10;10;930;1;1;1;1.0;1;5;;G;0.0;0.0;973
51345;201300057040;13;10;5;730;1;1;1;1.0;1;5;;G;0.0;0.0;973
51346;201300057042;13;11;16;1015;1;1;1;1.0;6;5;;G;0.0;0.0;973
51347;201300057043;13;11;17;1145;1;1;1;1.0;2;5;;G;0.0;0.0;973
51348;201300057044;13;12;20;1015;3;1;1;3.0;5;5;;G;0.0;0.0;973
51349;201300057045;13;1;9;1015;1;1;1;8.0;3;4;;G;0.0;0.0;973
51350;201300057046;13;3;27;1115;1;1;1;1.0;1;4;;G;0.0;0.0;973
51351;201300057047;13;6;21;630;2;1;1;2.0;6;4;;G;0.0;0.0;973
51352;201300057048;13;7;20;415;3;1;1;1.0;1;4;;G;0.0;0.0;973
51353;201300057049;13;8;10;900;1;1;1;1.0;3;4;;G;0.0;0.0;973
51354;201300057050;13;10;20;930;1;2;1;1.0;3;4;;G;0.0;0.0;973
51355;201300057051;13;3;18;915;1;2;1;1.0;3;12;Rue du calvaire;G;0.0;0.0;973
51356;201300057052;13;9;11;1845;5;2;1;1.0;3;12;42, rue du Calvaire;G;0.0;0.0;973
51357;201300057053;13;11;4;1500;1;1;1;1.0;7;12;;G;0.0;0.0;973
51358;201300057054;13;7;5;145;3;1;1;1.0;1;3;;G;0.0;0.0;973
51359;201300057055;13;7;19;1645;1;1;1;1.0;7;3;;G;0.0;0.0;973
51360;201300057056;13;12;19;1600;2;1;1;1.0;6;3;;G;0.0;0.0;973
51361;201300057057;13;8;30;1030;1;1;1;1.0;6;1;;G;0.0;0.0;973
51362;201300057058;13;8;16;2100;3;1;1;1.0;1;8;;G;0.0;0.0;973
51363;201300057059;13;5;10;945;1;1;1;8.0;7;10;;G;0.0;0.0;973
51364;201300057060;13;5;16;1300;1;1;1;2.0;1;10;;G;0.0;0.0;973
51365;201300057061;13;8;17;1145;1;2;1;1.0;7;10;rte des champs, Cacao;G;0.0;0.0;973
51366;201300057062;13;1;1;1800;1;2;1;1.0;6;11;all?e du lac bleu;G;0.0;0.0;973
51367;201300057063;13;1;4;2230;5;2;1;1.0;1;11;rue Joseph Symphorien;G;0.0;0.0;973
51368;201300057064;13;1;17;1615;1;2;1;1.0;3;11;Avenue Christophe Colomb;G;0.0;0.0;973
51369;201300057066;13;3;15;1330;1;2;1;1.0;2;11;Route de St Maurice;G;0.0;0.0;973
51370;201300057067;13;3;30;845;1;2;1;1.0;6;11;AVENUE GASTON MONNERVILL;G;0.0;0.0;973
51371;201300057068;13;4;25;1215;1;2;1;1.0;1;11;18 rue Emmanuel TOLINGA;G;0.0;0.0;973
51372;201300057069;13;8;10;900;5;1;1;1.0;1;11;;G;0.0;0.0;973
51373;201300057070;13;8;25;1445;1;1;1;1.0;1;11;;G;0.0;0.0;973
51374;201300057072;13;9;18;2300;1;2;1;1.0;1;11;route de SAINT MAURICE;G;0.0;0.0;973
51375;201300057074;13;10;13;630;2;1;1;7.0;6;11;;G;0.0;0.0;973
51376;201300057075;13;11;23;1115;1;1;1;1.0;1;11;;G;0.0;0.0;973
51377;201300057076;13;12;1;400;3;2;1;1.0;7;11;Crique Balate -RD11;G;0.0;0.0;973
51378;201300057077;13;12;17;715;1;2;1;1.0;1;11;avenue paul castaing;G;0.0;0.0;973
51379;201300057078;13;2;23;900;1;2;1;2.0;6;6;rue de l'?glise;G;0.0;0.0;973
51380;201300057079;13;3;3;1445;1;1;1;1.0;6;6;;G;0.0;0.0;973
51381;201300057080;13;5;7;2045;4;2;1;1.0;6;6;Avenue Jean ELIE;G;0.0;0.0;973
51382;201300057081;13;6;6;1630;2;1;1;1.0;6;6;;G;0.0;0.0;973
51383;201300057082;13;7;17;745;1;1;1;1.0;1;6;;G;0.0;0.0;973
51384;201300057083;13;10;3;1630;1;1;1;1.0;7;6;;G;0.0;0.0;973
51385;201300057084;13;10;13;2145;3;1;1;1.0;7;6;;G;0.0;0.0;973
51386;201300057085;13;11;8;1830;3;1;1;1.0;1;6;;G;0.0;0.0;973
51387;201300057086;13;1;15;1015;1;2;1;1.0;7;53;32 avenue L?onard Domerg;G;0.0;0.0;973
51388;201300057087;13;1;15;1800;1;2;1;1.0;6;53;rue difou passi;G;0.0;0.0;973
51389;201300057088;13;4;15;1100;1;2;1;1.0;6;53;rue difou passi;G;0.0;0.0;973
51390;201300057089;13;4;3;1245;1;2;1;1.0;6;8;rue sarda Garriga;R;;;974
51391;201300057091;13;1;16;2000;5;1;1;1.0;6;18;;R;;;974
51392;201300057093;13;1;19;615;1;1;1;1.0;2;18;;R;0.0;0.0;974
51393;201300057094;13;3;31;630;2;1;1;1.0;6;18;;R;0.0;0.0;974
51394;201300057095;13;4;16;2245;3;1;1;1.0;6;20;;R;0.0;0.0;974
51395;201300057096;13;4;21;1715;1;2;1;7.0;6;18;Bd de la Fraternit?;R;;;974
51396;201300057098;13;6;9;1115;1;2;1;1.0;3;20;13 chemin mont rose;R;;;974
51397;201300057099;13;7;13;45;5;1;1;1.0;3;18;;R;0.0;0.0;974
51398;201300057100;13;8;16;2230;5;1;1;1.0;7;18;;R;0.0;0.0;974
51399;201300057101;13;8;31;1830;2;2;1;2.0;6;20;;R;;;974
51400;201300057103;13;10;23;1000;1;1;1;1.0;6;18;;R;;;974
51401;201300057104;13;10;27;1500;1;2;1;1.0;1;20;rue jacques bel air;R;;;974
51402;201300057105;13;10;29;2345;3;1;1;1.0;1;18;;R;0.0;0.0;974
51403;201300057106;13;11;15;2000;3;1;1;1.0;6;20;;R;;;974
51404;201300057107;13;12;16;1045;1;1;1;1.0;7;18;;R;0.0;0.0;974
51405;201300057108;13;7;7;2130;5;2;1;1.0;6;10;RUE DES POINSETIAS;R;0.0;0.0;974
51406;201300057109;13;8;15;2000;5;2;1;1.0;6;10;;R;;;974
51407;201300057110;13;12;11;1800;1;2;1;1.0;1;10;RUE DES DAHLIAS;R;0.0;0.0;974
51408;201300057112;13;2;22;2345;3;1;1;2.0;6;2;;R;0.0;0.0;974
51409;201300057113;13;4;10;515;3;1;1;1.0;6;2;;R;0.0;0.0;974
51410;201300057114;13;5;1;2315;3;1;1;1.0;1;2;;R;0.0;0.0;974
51411;201300057115;13;9;20;1845;3;1;1;1.0;1;2;;R;0.0;0.0;974
51412;201300057116;13;11;20;745;1;2;1;1.0;6;2;chemin Bras Panon;R;0.0;0.0;974
51413;201300057117;13;3;11;1045;1;1;1;8.0;4;19;;R;0.0;0.0;974
51414;201300057118;13;4;6;2045;5;2;1;2.0;1;19;route nationale 2;R;0.0;0.0;974
51415;201300057119;13;5;30;1445;1;2;1;1.0;1;19;chemin Isnard - Piton;R;;;974
51416;201300057120;13;6;6;1000;1;1;1;1.0;2;19;;R;0.0;0.0;974
51417;201300057121;13;12;23;815;1;1;1;1.0;3;19;;R;0.0;0.0;974
51418;201300057122;13;8;18;1830;3;2;1;1.0;7;21;RUE DES EPICES;R;;;974
51419;201300057123;13;9;14;1830;5;2;1;1.0;6;21;Rue du p?re Castagnan;R;0.0;0.0;974
51420;201300057124;13;1;7;1800;1;2;1;1.0;2;6;327 RUE DE LA REPUBLIQUE;R;0.0;0.0;974
51421;201300057125;13;6;2;1000;1;1;1;1.0;1;6;;R;0.0;0.0;974
51422;201300057126;13;12;7;1730;1;2;1;2.0;2;6;rue des eucalyptus;R;0.0;0.0;974
51423;201300057127;13;1;12;2300;3;1;1;1.0;6;15;ROUTE DIGUE;R;0.0;0.0;974
51424;201300057128;13;1;31;1130;1;2;1;8.0;6;15;RN 1A CIMETIERE MARIN;R;;;974
51425;201300057129;13;2;22;930;1;1;1;3.0;3;15;;R;0.0;0.0;974
51426;201300057130;13;5;4;1530;1;1;1;1.0;6;15;;R;0.0;0.0;974
51427;201300057131;13;6;3;900;1;1;1;1.0;2;15;;R;0.0;0.0;974
51428;201300057132;13;6;15;1330;1;2;3;1.0;1;15;Route de la Poudri?re;R;0.0;0.0;974
51429;201300057133;13;6;25;830;1;1;1;1.0;6;15;;R;0.0;0.0;974
51430;201300057134;13;8;3;2030;5;2;1;1.0;3;15;rue saint louis;R;;;974
51431;201300057135;13;10;11;1845;5;1;1;1.0;2;15;;R;0.0;0.0;974
51432;201300057136;13;11;24;345;5;2;1;1.0;2;15;RN1 A;R;0.0;0.0;974
51433;201300057137;13;2;3;15;3;1;1;1.0;1;15;;R;0.0;0.0;974
51434;201300057138;13;4;13;530;3;1;1;1.0;1;55;;R;0.0;0.0;974
51435;201300057139;13;7;1;230;3;1;1;1.0;7;55;;R;0.0;0.0;974
51436;201300057140;13;8;25;730;1;1;1;1.0;2;15;;R;;;974
51437;201300057142;13;11;24;500;2;2;1;1.0;1;55;rue du g?n?ral de gaulle;R;0.0;0.0;974
51438;201300057143;13;12;11;1900;2;1;1;2.0;3;15;;R;0.0;0.0;974
51439;201300057144;13;2;12;1145;1;1;3;1.0;3;23;;R;0.0;0.0;974
51440;201300057145;13;8;18;1330;1;1;1;1.0;2;15;;R;0.0;0.0;974
51441;201300057146;13;12;3;2045;3;1;2;1.0;1;15;;R;0.0;0.0;974
51442;201300057147;13;1;5;2215;4;2;1;1.0;6;14;RUE DES OLIVIERS;R;;;974
51443;201300057148;13;1;17;1700;1;2;1;1.0;1;14;RUE PENTE NICOLE;R;;;974
51444;201300057149;13;1;28;1630;1;2;1;1.0;3;14;;R;;;974
51445;201300057150;13;3;5;1845;2;1;1;1.0;1;14;;R;;;974
51446;201300057151;13;7;6;230;3;1;1;1.0;2;14;;R;0.0;0.0;974
51447;201300057152;13;7;28;1930;3;1;1;1.0;1;14;;R;;;974
51448;201300057153;13;8;12;1800;2;2;1;1.0;1;14;96 rue de la p?pini?re;R;;;974
51449;201300057154;13;9;30;1930;4;2;1;1.0;3;14;33 rue des ecoliers;R;;;974
51450;201300057155;13;10;14;1400;1;2;1;1.0;1;14;Rue Julia Sin?dia;R;;;974
51451;201300057156;13;11;3;1545;1;1;1;1.0;6;14;;R;0.0;0.0;974
51452;201300057157;13;12;23;1845;2;2;1;1.0;3;14;Avenue de Toulouse;R;0.0;0.0;974
51453;201300057158;13;12;26;845;1;2;1;1.0;3;14;;R;0.0;0.0;974
51454;201300057159;13;7;2;1600;1;1;1;1.0;3;3;;R;0.0;0.0;974
51455;201300057160;13;12;21;1515;1;1;1;1.0;1;3;;R;0.0;0.0;974
51456;201300057161;13;3;10;1530;1;2;1;1.0;1;6;RN 3 PK 23;R;0.0;0.0;974
51457;201300057162;13;3;17;1100;1;2;1;1.0;6;49;IMPASSE DE MEXICO;R;;;974
51458;201300057163;13;8;19;1730;1;2;1;1.0;1;22;CHEMIN DE L'ECOLE;R;;;974
51459;201300057164;13;11;26;1700;1;2;1;2.0;1;49;RN3 - PK 19;R;0.0;0.0;974
51460;201300057165;13;1;1;945;1;2;1;1.0;1;5;55 MAHE LABOURDONNAIS;R;0.0;0.0;974
51461;201300057166;13;1;16;1530;1;1;1;1.0;4;5;;R;0.0;0.0;974
51462;201300057167;13;1;23;1545;1;1;1;1.0;3;5;;R;;;974
51463;201300057169;13;2;16;245;3;1;1;2.0;6;12;;R;0.0;0.0;974
51464;201300057170;13;4;20;1130;1;2;1;1.0;1;5;rue Mah? de Labourdonnai;R;0.0;0.0;974
51465;201300057171;13;4;22;1700;2;2;1;7.0;6;12;RN 2 rue Marcel Pagnol;R;;;974
51466;201300057172;13;4;22;1115;2;1;1;1.0;6;12;;R;0.0;0.0;974
51467;201300057174;13;5;23;2045;5;1;1;1.0;6;5;;R;;;974
51468;201300057175;13;6;7;1815;3;1;1;1.0;1;12;manapany les bains;R;0.0;0.0;974
51469;201300057176;13;6;17;815;1;1;1;1.0;6;5;;R;0.0;0.0;974
51470;201300057177;13;8;1;1630;1;1;1;2.0;3;12;;R;0.0;0.0;974
51471;201300057178;13;10;2;745;1;2;1;2.0;6;12;rue hippolyte foucque;R;;;974
51472;201300057179;13;10;15;2000;3;1;1;1.0;5;12;;R;;;974
51473;201300057180;13;11;25;2015;3;1;1;8.0;1;5;;R;0.0;0.0;974
51474;201300057181;13;12;5;1730;1;2;1;1.0;6;12;173 rue Albert Lougnon;R;0.0;0.0;974
51475;201300057182;13;12;13;2315;3;2;1;1.0;7;12;route de la passerelle;R;0.0;0.0;974
51476;201300057183;13;8;25;1915;3;1;1;1.0;6;17;;R;0.0;0.0;974
51477;201300057184;13;9;8;645;1;2;1;1.0;2;17;RN2 - Le Baril;R;0.0;0.0;974
51478;201300057185;13;2;10;1315;1;2;1;1.0;6;22;314 rue emile Zola;R;;;974
51479;201300057186;13;4;11;45;5;2;1;1.0;7;22;rue du G?n?ral Ailleret;R;;;974