;Num_Acc;an;mois;jour;hrmn;lum;agg;int;atm;col;com;adr;gps;lat;long;dep
51480;201300057187;13;4;20;1045;1;1;3;1.0;3;22;;R;;;974
51481;201300057188;13;6;24;1700;1;1;1;1.0;5;22;;R;;;974
51482;201300057189;13;6;27;2000;3;1;1;1.0;1;22;;R;;;974
51483;201300057192;13;8;19;2215;3;1;1;1.0;6;22;;R;;;974
51484;201300057193;13;9;8;600;1;2;1;1.0;1;22;RN 3 - 128 Rue LEBLOND;R;0.0;0.0;974
51485;201300057194;13;10;19;2115;5;2;1;1.0;1;22;Rue Georges POMPIDOU;R;;;974
51486;201300057195;13;12;17;1730;1;2;1;1.0;1;22;;R;0.0;0.0;974
51487;201300057196;13;1;25;1145;1;1;1;1.0;3;11;;Y;0.0;0.0;976
51488;201300057197;13;2;18;1815;3;1;1;1.0;1;11;;Y;0.0;0.0;976
51489;201300057198;13;5;23;1845;3;1;1;1.0;3;11;;Y;0.0;0.0;976
51490;201300057199;13;6;12;1545;1;2;1;1.0;2;11;Route nationale 1;Y;0.0;0.0;976
51491;201300057200;13;6;22;2000;5;2;1;1.0;6;11;RN1 Longoni;Y;0.0;0.0;976
51492;201300057201;13;7;25;615;1;1;1;1.0;1;11;;Y;0.0;0.0;976
51493;201300057202;13;9;1;1815;3;1;1;1.0;6;11;;Y;0.0;0.0;976
51494;201300057203;13;10;5;500;3;1;1;1.0;3;11;;Y;0.0;0.0;976
51495;201300057204;13;11;23;1045;1;1;1;1.0;1;11;;Y;0.0;0.0;976
51496;201300057205;13;1;7;2230;3;2;1;1.0;6;15;ruelle Batsana quartier;Y;0.0;0.0;976
51497;201300057206;13;8;14;1145;1;2;1;1.0;6;15;8 RUE DU SMIAM;Y;0.0;0.0;976
51498;201300057207;13;9;13;2000;3;2;1;1.0;3;15;20 route nationale 4;Y;0.0;0.0;976
51499;201300057208;13;10;14;2145;5;2;1;1.0;6;15;rue du commerce;Y;0.0;0.0;976
51500;201300057209;13;11;9;1100;1;2;1;1.0;6;15;9, rue mosquee;Y;0.0;0.0;976
51501;201300057210;13;11;16;115;5;2;1;1.0;1;15;rue de la mairie;Y;0.0;0.0;976
51502;201300057211;13;12;16;1045;1;2;1;1.0;1;15;CARREFOUR DU SMIAM;M;0.0;0.0;976
51503;201300057212;13;12;16;1700;1;2;1;1.0;6;15;rue de la ferme;M;0.0;0.0;976
51504;201300057213;13;1;3;845;1;2;1;1.0;6;16;CCD3 quartier Badjoni;Y;0.0;0.0;976
51505;201300057214;13;1;5;2345;3;2;1;1.0;7;17;CCT 1 - M'roalé;Y;;;976
51506;201300057215;13;11;9;1930;3;2;1;1.0;6;16;Rue du commerce;Y;0.0;0.0;976
51507;201300057216;13;11;23;1630;1;2;1;1.0;6;16;rue du stade;Y;0.0;0.0;976
51508;201300057217;13;12;31;1745;5;1;1;1.0;7;3;;A;0.0;0.0;971
51509;201300057218;13;1;15;615;3;1;1;1.0;6;3;;A;0.0;0.0;971
51510;201300057219;13;1;29;530;3;1;1;1.0;5;3;;A;0.0;0.0;971
51511;201300057220;13;1;29;1945;3;1;1;1.0;6;3;;A;0.0;0.0;971
51512;201300057222;13;2;10;615;2;1;1;1.0;6;3;;A;0.0;0.0;971
51513;201300057223;13;2;24;615;2;2;1;1.0;6;3;ZI JARRY  VOIE PRINCIPAL;A;0.0;0.0;971
51514;201300057224;13;5;5;800;1;2;1;1.0;1;3;Boulevard du Lamentin;A;0.0;0.0;971
51515;201300057225;13;5;30;2100;5;1;1;1.0;3;3;;A;0.0;0.0;971
51516;201300057226;13;7;3;1330;1;1;1;1.0;7;3;;A;0.0;0.0;971
51517;201300057227;13;7;15;515;5;1;1;1.0;1;3;;A;0.0;0.0;971
51518;201300057228;13;7;23;715;1;1;1;1.0;1;3;;A;0.0;0.0;971
51519;201300057229;13;8;20;900;1;2;1;1.0;1;3;Rue de la r?publique;A;0.0;0.0;971
51520;201300057230;13;10;26;345;5;1;1;1.0;6;3;;A;0.0;0.0;971
51521;201300057231;13;11;2;1930;4;1;1;1.0;6;3;;A;0.0;0.0;971
51522;201300057232;13;11;9;515;2;2;1;1.0;5;3;Route de Bellecourt;A;0.0;0.0;971
51523;201300057233;13;11;18;430;5;1;1;1.0;3;3;;A;0.0;0.0;971
51524;201300057234;13;12;2;1745;2;2;1;1.0;3;3;belcourt;A;0.0;0.0;971
51525;201300057235;13;3;15;500;3;2;1;1.0;6;60;;G;0.0;0.0;973
51526;201300057236;13;4;24;2000;3;1;1;3.0;6;60;;G;0.0;0.0;973
51527;201300057237;13;4;8;1115;1;1;1;1.0;1;62;;G;0.0;0.0;973
51528;201300057239;13;7;15;700;1;1;1;1.0;6;12;;Y;0.0;0.0;976
51529;201300057240;13;11;5;1645;1;1;1;1.0;6;12;;Y;0.0;0.0;976
51530;201300057241;13;5;29;1900;3;1;1;1.0;1;4;;Y;0.0;0.0;976
51531;201300057242;13;9;5;2245;3;1;1;1.0;7;4;;Y;0.0;0.0;976
51532;201300057243;13;12;2;1500;1;2;1;1.0;3;4;Tsimkoura;M;0.0;0.0;976
51533;201300057244;13;12;29;530;2;1;1;1.0;1;4;;M;0.0;0.0;976
51534;201300057246;13;1;16;1930;4;2;1;1.0;3;9;169 rue des Flamboyant;G;0.0;0.0;973
51535;201300057247;13;1;30;1745;1;2;1;1.0;1;9;chemin morne coco;G;0.0;0.0;973
51536;201300057248;13;2;4;1815;1;1;1;2.0;1;9;;G;0.0;0.0;973
51537;201300057249;13;2;8;1830;1;1;1;2.0;1;9;;G;0.0;0.0;973
51538;201300057250;13;2;9;1400;1;2;1;1.0;1;9;Route de R?mire;G;0.0;0.0;973
51539;201300057251;13;2;22;830;1;1;1;1.0;2;9;;G;0.0;0.0;973
51540;201300057252;13;3;12;1500;1;1;1;1.0;3;9;;G;0.0;0.0;973
51541;201300057253;13;3;22;1745;1;2;1;1.0;3;9;;G;0.0;0.0;973
51542;201300057254;13;3;25;1945;5;2;1;1.0;6;9;route de r?mire;G;0.0;0.0;973
51543;201300057255;13;4;19;1715;1;1;1;1.0;1;9;;G;0.0;0.0;973
51544;201300057256;13;5;5;815;1;2;1;1.0;6;9;RUE ROBERT SAMPSON;G;0.0;0.0;973
51545;201300057257;13;5;12;1745;2;2;1;2.0;3;9;avenue gaston monnervill;G;0.0;0.0;973
51546;201300057258;13;5;18;2230;5;2;1;1.0;1;9;710 ROUTE DE rEMIRE;G;0.0;0.0;973
51547;201300057259;13;7;12;1900;3;1;1;1.0;6;9;;G;0.0;0.0;973
51548;201300057260;13;7;14;1845;2;1;1;1.0;2;9;;G;0.0;0.0;973
51549;201300057261;13;7;27;1915;3;2;1;1.0;1;9;Av Gaston MONNERVILLE;G;0.0;0.0;973
51550;201300057262;13;7;30;1700;2;2;1;1.0;4;9;RD 2;G;0.0;0.0;973
51551;201300057263;13;8;1;1730;1;2;1;1.0;1;9;rue gaston monnerville;G;0.0;0.0;973
51552;201300057264;13;8;14;1700;1;1;1;1.0;7;9;;G;0.0;0.0;973
51553;201300057265;13;9;15;1915;5;1;1;1.0;3;9;;G;0.0;0.0;973
51554;201300057266;13;10;16;1545;1;1;1;1.0;5;9;;G;0.0;0.0;973
51555;201300057267;13;10;16;2145;5;2;1;1.0;2;9;Route de Montjoly;G;0.0;0.0;973
51556;201300057269;13;10;20;115;5;2;1;2.0;6;9;route des palges;G;0.0;0.0;973
51557;201300057270;13;11;14;1930;5;2;1;1.0;3;9;rte remire/av just augus;G;0.0;0.0;973
51558;201300057271;13;11;30;815;5;2;1;1.0;5;9;Route de Montjoly;G;0.0;0.0;973
51559;201300057272;13;12;9;545;3;2;1;1.0;6;9;RN2 / carrefour BP 134;G;0.0;0.0;973
51560;201300057273;13;5;1;1830;3;2;1;1.0;1;15;rue louis desjardins;R;;;974
51561;201300057274;13;11;16;2100;3;2;1;1.0;5;40;Rue Etienne REGNAULT;R;0.0;0.0;974
51562;201300057275;13;7;30;745;1;1;1;1.0;3;13;;R;0.0;0.0;974
51563;201300057276;13;8;30;1315;1;2;1;1.0;3;13;CD11 - STELLA;R;;;974
51564;201300057277;13;9;7;1515;1;2;1;1.0;3;13;CD 11  - STELLA;R;;;974
51565;201300057278;13;9;30;800;1;2;1;1.0;3;13;6 RUE DU GENERAL LAMBERT;R;;;974
51566;201300057279;13;12;23;1315;1;2;1;1.0;1;48;rue Canne Bambous;R;0.0;0.0;974
51567;201300057280;13;2;18;1200;1;1;1;2.0;3;4;;G;0.0;0.0;973
51568;201300057281;13;5;24;500;2;1;1;1.0;6;4;;G;0.0;0.0;973
51569;201300057282;13;12;7;2315;5;2;1;1.0;1;4;RUE BEAUDELAIRE;G;0.0;0.0;973
51570;201300057284;13;2;1;1530;1;1;1;1.0;3;7;;G;0.0;0.0;973
51571;201300057285;13;2;25;500;4;2;1;1.0;1;7;RN 2 PK 2+400;G;0.0;0.0;973
51572;201300057286;13;3;25;1900;5;2;1;1.0;6;7;RN2  PK 0+700;G;0.0;0.0;973
51573;201300057287;13;4;7;2000;5;2;1;1.0;6;7;Chemin Morthium;G;0.0;0.0;973
51574;201300057288;13;5;12;815;1;2;1;2.0;1;7;RN1 PK6+630;G;0.0;0.0;973
51575;201300057289;13;5;21;2130;5;2;1;1.0;3;7;rue du champs de canne;G;0.0;0.0;973
51576;201300057290;13;5;31;1900;5;1;1;1.0;3;7;;G;0.0;0.0;973
51577;201300057291;13;6;25;1930;3;1;1;1.0;6;7;;G;0.0;0.0;973
51578;201300057292;13;6;29;1915;2;1;1;1.0;1;7;;G;0.0;0.0;973
51579;201300057294;13;8;2;800;1;2;2;1.0;3;7;rue Kalina;G;0.0;0.0;973
51580;201300057295;13;8;6;1030;1;1;1;1.0;1;7;;G;0.0;0.0;973
51581;201300057296;13;10;6;130;3;2;1;1.0;6;7;RN 04 La Matourienne;G;0.0;0.0;973
51582;201300057297;13;10;13;1900;5;1;1;1.0;1;7;;G;0.0;0.0;973
51583;201300057299;13;11;18;830;2;2;1;1.0;7;7;PK 6 RN 2;G;0.0;0.0;973
51584;201300057301;13;11;23;1230;1;1;1;1.0;3;7;;G;0.0;0.0;973
51585;201300057302;13;12;16;1145;1;1;1;3.0;1;7;;G;0.0;0.0;973
51586;201300057303;13;12;21;2145;3;2;1;2.0;3;7;RN2;G;0.0;0.0;973
51587;201300057304;13;11;12;900;1;1;1;1.0;3;22;;A;0.0;0.0;972
51588;201300057305;13;2;23;2145;3;1;1;1.0;6;15;;R;0.0;0.0;974
51589;201300057306;13;2;28;745;1;2;1;1.0;1;36;Avenue Auguste VINSON;R;;;974
51590;201300057307;13;3;29;2245;5;2;1;1.0;7;57;Rue de l'Eglise;R;;;974
51591;201300057308;13;6;8;1830;5;2;1;1.0;6;15;EPERON;R;0.0;0.0;974
51592;201300057309;13;9;20;1630;2;2;1;7.0;6;56;Chemin Lacaille;R;;;974
51593;201300057310;13;1;11;2000;3;2;1;1.0;1;13;;R;;;974
51594;201300057311;13;3;20;1615;1;1;3;1.0;3;13;;R;;;974
51595;201300057312;13;11;11;830;1;2;1;1.0;3;13;CD 11 rue du mus?e;R;0.0;0.0;974
51596;201300057313;13;12;22;800;1;2;1;1.0;2;13;;R;0.0;0.0;974
51597;201300057314;13;1;5;515;5;1;1;8.0;6;32;;A;0.0;0.0;971
51598;201300057315;13;1;25;400;3;1;1;2.0;3;32;;A;0.0;0.0;971
51599;201300057316;13;10;28;1615;1;1;1;1.0;6;9;;A;0.0;0.0;971
51600;201300057317;13;11;27;1545;1;1;1;1.0;3;9;;A;0.0;0.0;971
51601;201300057318;13;1;15;830;1;2;1;1.0;3;14;Avenue principale;R;0.0;0.0;974
51602;201300057319;13;1;17;800;1;2;1;1.0;2;14;RN5-Route de CILAOS;R;0.0;0.0;974
51603;201300057320;13;1;25;1700;1;1;1;1.0;6;14;;R;0.0;0.0;974
51604;201300057321;13;3;9;2130;3;2;1;1.0;3;14;;R;;;974
51605;201300057322;13;3;10;1345;1;2;1;1.0;1;14;route de Cilaos - RN 5 -;R;;;974
51606;201300057324;13;12;16;645;1;2;1;1.0;6;14;rue Hubert Delisle;R;0.0;0.0;974
51607;201300057327;13;5;2;1630;1;1;1;1.0;1;10;;R;0.0;0.0;974
51608;201300057328;13;5;7;730;1;1;1;8.0;3;10;;R;0.0;0.0;974
51609;201300057329;13;6;4;745;1;1;1;7.0;6;10;;R;0.0;0.0;974
51610;201300057330;13;7;28;615;1;1;1;2.0;7;10;;R;0.0;0.0;974
51611;201300057331;13;1;18;1930;5;2;1;1.0;5;29;;A;0.0;0.0;972
51612;201300057332;13;5;9;1515;1;1;1;1.0;1;5;;A;0.0;0.0;972
51613;201300057333;13;6;15;1700;1;1;1;1.0;1;34;;A;0.0;0.0;972
51614;201300057334;13;2;15;1230;1;1;1;1.0;1;25;;A;0.0;0.0;972
51615;201300057335;13;4;13;2100;3;1;1;1.0;1;4;;A;0.0;0.0;972
51616;201300057337;13;11;1;2045;5;1;1;1.0;7;25;;A;0.0;0.0;972
51617;201300057338;13;1;21;345;3;1;1;1.0;6;17;;A;0.0;0.0;972
51618;201300057339;13;2;12;1230;1;2;1;1.0;1;17;avenue Aim? C?zaire;A;0.0;0.0;972
51619;201300057340;13;3;9;1945;3;1;1;1.0;5;27;;A;0.0;0.0;972
51620;201300057341;13;3;13;1800;1;2;1;1.0;1;20;rue frantz fanon;A;0.0;0.0;972
51621;201300057342;13;4;7;1600;1;1;1;1.0;6;27;;A;0.0;0.0;972
51622;201300057343;13;4;24;1145;1;2;1;1.0;6;27;;A;0.0;0.0;972
51623;201300057346;13;6;2;1615;1;1;1;8.0;1;17;;A;0.0;0.0;972
51624;201300057347;13;7;17;1215;1;1;1;1.0;1;27;;A;0.0;0.0;972
51625;201300057348;13;7;17;1515;1;1;1;1.0;3;17;;A;0.0;0.0;972
51626;201300057349;13;7;28;2130;3;1;1;1.0;4;27;;A;0.0;0.0;972
51627;201300057350;13;9;11;615;1;1;1;1.0;1;27;;A;0.0;0.0;972
51628;201300057351;13;12;17;2315;3;1;1;1.0;6;20;;A;0.0;0.0;972
51629;201300057352;13;12;23;1930;3;2;1;1.0;1;17;RN5 quartier La duprey;A;0.0;0.0;972
51630;201300057353;13;1;27;945;2;1;1;3.0;5;10;;A;0.0;0.0;972
51631;201300057354;13;9;22;1845;5;2;1;1.0;3;10;RUE DE TRIANON;A;0.0;0.0;972
51632;201300057355;13;1;14;1615;1;2;1;1.0;6;6;Rue de la Cannelle;A;0.0;0.0;972
51633;201300057356;13;1;20;800;1;2;1;1.0;6;21;RUE SCHOELCHER;A;0.0;0.0;972
51634;201300057357;13;2;13;2130;5;2;1;1.0;1;2;Rue des Aliz?s;A;0.0;0.0;972
51635;201300057358;13;2;26;1500;1;1;1;1.0;3;97;;A;0.0;0.0;972
51636;201300057359;13;3;20;2000;5;2;1;2.0;6;21;D8a;A;0.0;0.0;972
51637;201300057360;13;3;22;1715;1;1;1;1.0;1;21;;A;0.0;0.0;972
51638;201300057361;13;5;26;2050;3;1;1;1.0;1;31;;A;0.0;0.0;972
51639;201300057362;13;6;23;45;3;1;1;1.0;6;31;;A;0.0;0.0;972
51640;201300057363;13;8;17;545;2;1;1;1.0;1;21;;A;0.0;0.0;972
51641;201300057364;13;8;19;115;3;1;1;3.0;2;21;;A;0.0;0.0;972
51642;201300057365;13;10;17;1245;1;1;1;1.0;3;21;;A;0.0;0.0;972
51643;201300057366;13;10;26;500;2;1;1;1.0;6;21;;A;0.0;0.0;972
51644;201300057367;13;10;31;1000;1;2;1;1.0;6;31;Rue Imp?ratice Jos?phine;A;0.0;0.0;972
51645;201300057368;13;11;17;1330;1;1;1;1.0;5;21;;A;0.0;0.0;972
51646;201300057369;13;12;29;2215;3;1;1;2.0;6;21;;A;0.0;0.0;972
51647;201300057370;13;1;9;645;1;1;1;1.0;3;7;;A;0.0;0.0;972
51648;201300057371;13;3;9;1845;5;2;1;1.0;1;23;RD6 inter J. FERRY;A;0.0;0.0;972
51649;201300057372;13;3;11;1745;1;1;1;1.0;7;7;;A;0.0;0.0;972
51650;201300057373;13;3;26;1230;1;2;1;1.0;6;7;AVENUE FRANTZ FANON;A;0.0;0.0;972
51651;201300057374;13;4;12;1515;1;2;1;1.0;6;7;Rue Edgar DUMAUZE;A;0.0;0.0;972
51652;201300057376;13;5;11;500;2;2;1;1.0;6;7;RN5;A;0.0;0.0;972
51653;201300057377;13;11;23;2245;3;1;1;1.0;5;7;;A;0.0;0.0;972
51654;201300057378;13;3;15;1900;5;2;1;1.0;3;14;14 RUE DES RAMIERS;A;0.0;0.0;972
51655;201300057379;13;3;17;1900;5;2;1;1.0;6;16;RN1 bourg;A;0.0;0.0;972
51656;201300057380;13;2;14;1345;1;1;1;1.0;7;22;;A;0.0;0.0;972
51657;201300057381;13;2;21;630;1;1;1;1.0;3;12;;A;0.0;0.0;972
51658;201300057382;13;2;25;630;2;2;1;1.0;6;12;RD 15 - Flamboyant;A;0.0;0.0;972
51659;201300057383;13;2;28;1900;5;2;6;1.0;6;22;boulevard Edouard Pid?ry;A;0.0;0.0;972
51660;201300057384;13;3;9;1530;1;1;1;1.0;1;12;;A;0.0;0.0;972
51661;201300057385;13;3;17;2145;5;1;1;1.0;3;22;;A;0.0;0.0;972
51662;201300057386;13;5;2;1900;5;1;1;1.0;3;12;xx;A;0.0;0.0;972
51663;201300057387;13;6;23;330;3;1;1;1.0;7;22;;A;0.0;0.0;972
51664;201300057388;13;9;15;530;2;1;1;2.0;7;22;;A;0.0;0.0;972
51665;201300057389;13;10;18;2015;5;2;1;1.0;3;22;Route de Pointe Fort;A;0.0;0.0;972
51666;201300057390;13;11;7;1730;3;2;1;1.0;6;22;RN 1;A;0.0;0.0;972
51667;201300057391;13;11;11;2100;5;1;1;1.0;1;12;;A;0.0;0.0;972
51668;201300057392;13;1;1;330;3;2;1;1.0;3;4;CD Rue raymond Barre;R;0.0;0.0;974
51669;201300057393;13;3;16;1645;1;2;1;1.0;6;1;chemin Kerbel;R;;;974
51670;201300057394;13;3;19;1045;1;2;1;1.0;3;4;re du casier rd 11;R;;;974
51671;201300057395;13;5;14;1200;1;1;3;1.0;1;4;;R;0.0;0.0;974
51672;201300057396;13;5;16;1715;1;2;1;1.0;3;1;rue de l'?glise;R;;;974
51673;201300057397;13;9;29;1600;1;2;1;1.0;6;4;avenue Raymond barre;R;;;974
51674;201300057398;13;10;8;1515;1;1;1;1.0;2;4;;R;;;974
51675;201300057399;13;12;10;1430;1;1;1;1.0;2;1;;R;0.0;0.0;974
51676;201300057401;13;2;10;330;3;1;1;2.0;1;22;;R;0.0;0.0;974
51677;201300057402;13;2;17;115;3;1;1;1.0;6;22;;R;;;974
51678;201300057403;13;5;17;900;1;2;1;1.0;3;22;54 rue du G?n?ral De Gau;R;;;974
51679;201300057405;13;2;7;1540;1;2;2;1.0;3;5;FELIX EBOUE (BOULVARD G.;A;0.0;0.0;971
51680;201300057406;13;3;1;1745;1;2;6;1.0;1;5;00, CHARLES DE GAULLE (B;A;0.0;0.0;971
51681;201300057407;13;3;5;1235;1;2;1;1.0;3;5;PERES DOMINICAINS(AVENUE;A;0.0;0.0;971
51682;201300057408;13;3;9;2200;5;2;1;1.0;3;5;RN2;A;0.0;0.0;971
51683;201300057409;13;3;23;2345;5;2;1;1.0;1;5;CHARLES DE GAULLE (BD DU;A;0.0;0.0;971
51684;201300057410;13;4;3;2015;5;2;1;1.0;7;5;R.N.3;A;0.0;0.0;971
51685;201300057411;13;4;10;1010;1;1;1;1.0;3;5;R.N.3;A;0.0;0.0;971
51686;201300057413;13;4;28;735;1;2;1;1.0;6;5;CHARLES DE GAULLE (BD DU;A;0.0;0.0;971
51687;201300057414;13;5;17;1455;1;2;1;1.0;1;5;ABBE GREGOIRE (AV);A;0.0;0.0;971
51688;201300057415;13;6;1;800;1;2;6;1.0;3;5;GOUVERNEUR DU LYON (AVE);A;0.0;0.0;971
51689;201300057416;13;7;26;1315;1;2;1;;3;21;ARLES DE GAULLE (BD DU;;;;971
51690;201300057417;13;8;13;1355;1;1;1;;3;21;LOGNE (ROUTE DE);;;;971
51691;201300057418;13;9;6;1355;1;2;1;;3;20;LOGNE (ROUTE DE);;;;971
51692;201300057420;13;9;29;900;1;2;1;1.0;6;5;MAUCHANAL (RUE);;;;971
51693;201300057421;13;10;29;1200;1;2;1;1.0;6;5;05, VICTOR HUGUES (RUE);;;;971
51694;201300057422;13;11;8;1550;1;2;1;1.0;2;5;55, FELIX EBOUE (BOULVAR;;;;971
51695;201300057423;13;11;12;1700;1;2;1;1.0;6;5;LARDENOY (RUE DE );;;;971
51696;201300057424;13;11;17;1000;1;2;2;1.0;3;5;CABRE (RUE DU DOCTEUR);;;;971
51697;201300057425;13;11;22;1915;5;1;1;;3;29;UL LACAVE (AVENUE );;;;971
51698;201300057426;13;12;7;2220;5;1;1;3.0;6;5;SIDAMBAROM(AVENUE);;;;971
51699;201300057427;13;12;10;1615;1;2;1;1.0;6;5;GASTON FEUILLARD(AVENUE);;;;971
51700;201300057429;13;12;22;2340;5;2;1;1.0;6;7;6SAINT RUFF (AVENUE);;;;971
51701;201300057430;13;1;13;1120;1;2;1;3.0;3;7;GERMAIN ST RUF (AVENUE );A;0.0;0.0;971
51702;201300057432;13;3;15;2030;5;2;1;1.0;3;7;FLAMBOYANTS ( ALLEE DES);A;0.0;0.0;971
51703;201300057433;13;5;3;1900;5;2;9;1.0;3;7;DELGRES ( BOULEVARD );A;0.0;0.0;971
51704;201300057434;13;5;16;1900;5;2;3;1.0;6;7;FLAMBOYANTS ( ALLEE DES;A;0.0;0.0;971
51705;201300057435;13;5;17;1510;1;2;2;1.0;1;7;GERARD MARIANNE;A;0.0;0.0;971
51706;201300057436;13;5;17;1855;4;2;1;1.0;3;7;PAUL LACAVE ( AVENUE );A;0.0;0.0;971
51707;201300057437;13;5;21;1940;5;2;1;1.0;1;7;2, MARQUISAT ( ROUTE DE;A;0.0;0.0;971
51708;201300057438;13;7;6;1500;1;1;1;1.0;2;7;MARQUISAT ( ROUTE DE );A;0.0;0.0;971
51709;201300057440;13;8;17;2350;5;2;1;1.0;6;7;7MARQUISAT ( ROUTE DE );;;;971
51710;201300057441;13;8;18;2350;5;2;1;1.0;6;7;MARQUISAT ( ROUTE DE );A;0.0;0.0;971
51711;201300057442;13;8;17;1700;2;2;1;1.0;6;7;DELGRES ( BOULEVARD );A;0.0;0.0;971
51712;201300057443;13;8;8;1115;1;2;1;1.0;3;7;MARQUISAT ( ROUTE DE );A;0.0;0.0;971
51713;201300057444;13;11;17;1300;1;2;2;1.0;1;7;3GERMAIN ST RUF (AVENUE;;;;971
51714;201300057445;13;7;25;2125;5;2;1;1.0;6;7;7SAINT RUFF (AVENUE);;;;971
51715;201300057446;13;12;10;1605;1;2;2;3.0;5;7;1SAINT RUFF (AVENUE);;;;971
51716;201300057447;13;1;2;1605;1;1;3;1.0;3;13;RN4, Morne Salines;A;0.0;0.0;971
51717;201300057449;13;2;21;800;1;2;1;1.0;1;7;3ELIE CHAUFFREIN ( RUE );A;0.0;0.0;971
51718;201300057450;13;1;6;348;5;1;1;1.0;6;13;RN 4, RN4-ROND POINT SAI;A;0.0;0.0;971
51719;201300057451;13;1;6;1920;5;2;1;8.0;3;20;RD 103, HOPITAL (BOULEVA;A;0.0;0.0;971
51720;201300057452;13;1;9;1010;1;1;1;1.0;2;1;RN 4, CHAUVEL;A;0.0;0.0;971
51721;201300057453;13;3;25;1800;1;2;1;;1;7;3GALBAS (CHEMIN DES );A;0.0;0.0;971
51722;201300057454;13;1;13;1800;2;2;6;1.0;6;1;RD129, DUGAZON;A;0.0;0.0;971
51723;201300057455;13;1;13;2120;5;2;2;1.0;3;1;00, MARECHAL LECLERC;A;0.0;0.0;971
51724;201300057456;13;1;20;530;2;1;1;1.0;1;1;00, ROUTE DE BOULIQUI;A;0.0;0.0;971
51725;201300057457;13;1;20;1620;1;2;1;1.0;3;13;RD 119, ROUTE DE PERINET;A;0.0;0.0;971
51726;201300057458;13;1;20;2221;5;2;8;1.0;6;20;00, BD LEGITIMUS;A;0.0;0.0;971
51727;201300057459;13;1;27;1600;1;2;2;2.0;6;1;00, MAIRIE;A;0.0;0.0;971
51728;201300057461;13;2;6;1845;2;1;1;1.0;4;13;RN 4, BAS DU FORT;A;0.0;0.0;971
51729;201300057462;13;2;4;835;1;2;1;1.0;5;13;RN 4, RN4 - SECTION RIVI;A;0.0;0.0;971
51730;201300057463;13;2;8;1205;1;2;1;1.0;6;1;RD 125, GRAND CAMP(SECTI;A;0.0;0.0;971
51731;201300057464;13;2;10;225;5;1;1;1.0;7;13;RD 103, SECTION COCOYER;A;0.0;0.0;971
51732;201300057465;13;2;13;520;5;2;1;1.0;6;13;RD 103, SECTION COCOYER;A;0.0;0.0;971
51733;201300057466;13;2;14;2050;3;1;1;1.0;6;1;RN 11, RN11;A;0.0;0.0;971
51734;201300057467;13;2;23;945;1;2;1;1.0;6;13;RN 4, SECTION MARE-GAILL;A;0.0;0.0;971
51735;201300057469;13;10;29;1200;1;1;6;1.0;6;20;, VICTOR HUGUES (RUE);;;;971
51736;201300057470;13;2;16;1930;3;2;1;1.0;6;1;RN 5, RN05;A;0.0;0.0;971
51737;201300057471;13;11;8;1550;1;1;1;5.0;6;5;, FELIX EBOUE (BOULVAR;;;;971
51738;201300057472;13;11;12;1700;1;1;6;;6;5;RDENOY (RUE DE );;;;971
51739;201300057474;13;3;5;1655;1;2;1;1.0;3;13;8, GENERAL DE GAULLE (A;A;0.0;0.0;971
51740;201300057475;13;11;17;1000;1;1;3;;3;5;CABRE (RUE DU DOCTEUR);;;;971
51741;201300057476;13;3;10;1950;5;1;1;1.0;3;1;RD 101, CHAZEAU;A;0.0;0.0;971
51742;201300057478;13;3;15;1722;5;2;1;1.0;6;1;00, POINTE D'OR;A;0.0;0.0;971
51743;201300057479;13;3;15;2005;5;2;3;1.0;3;20;RD 103, HOPITAL (BOULEVA;A;0.0;0.0;971
51744;201300057480;13;3;21;630;1;2;1;1.0;2;13;RN 4, SECTION PLIANE;A;0.0;0.0;971
51745;201300057481;13;3;23;2254;5;2;1;1.0;6;20;00, RAPHAEL CIPOLIN;A;0.0;0.0;971
51746;201300057482;13;4;1;1802;1;2;1;1.0;6;1;RD 129, LACROIX;A;0.0;0.0;971
51747;201300057483;13;4;6;1210;1;1;1;1.0;6;1;RN 5, HIBISCUS;A;0.0;0.0;971
51748;201300057484;13;4;7;1800;1;2;1;1.0;6;1;00, POINTE D'OR;A;0.0;0.0;971
51749;201300057485;13;4;8;820;1;1;1;1.0;1;13;00, Section Port Blanc;A;0.0;0.0;971
51750;201300057486;13;4;8;2000;4;1;1;1.0;6;1;RN 5, DOTHEMARE;A;0.0;0.0;971
51751;201300057487;13;4;9;1300;1;2;1;1.0;2;13;RD 127, MONTAUBAN (SECTE;A;0.0;0.0;971
51752;201300057489;13;4;12;805;1;1;3;1.0;3;1;RD 129, LOTISSEMENT FARR;A;0.0;0.0;971
51753;201300057490;13;4;14;1245;1;2;2;1.0;3;1;RD 125, LE RAIZET(SECTEU;A;0.0;0.0;971
51754;201300057491;13;4;13;2045;3;2;1;1.0;1;20;RD 126, GERTY ARCHIMEDE;A;0.0;0.0;971
51755;201300057492;13;4;14;1800;2;2;3;1.0;3;1;RD 126, Fr?d?ric JALTON;A;0.0;0.0;971
51756;201300057494;13;4;17;1603;1;2;3;1.0;3;1;RD 126, Fr?d?ric JALTON;A;0.0;0.0;971
51757;201300057495;13;4;20;128;5;1;1;3.0;2;1;RN4, RN1 ROCADE DE CHAUV;A;0.0;0.0;971
51758;201300057496;13;4;21;2100;5;1;1;1.0;1;1;RN 1, RN1-  HAUTEUR DE S;A;0.0;0.0;971
51759;201300057497;13;4;26;2225;4;1;1;8.0;2;13;RN 4, RN4 - SECTION RIVI;A;0.0;0.0;971
51760;201300057498;13;4;27;1625;1;1;1;1.0;1;13;RD 103, Section Port Bla;A;0.0;0.0;971
51761;201300057499;13;5;3;1700;1;2;1;1.0;3;13;RN 4, RN4 - SECTION RIVI;A;0.0;0.0;971
51762;201300057500;13;5;4;2115;5;2;2;1.0;3;20;00, FREBAULT;A;0.0;0.0;971
51763;201300057501;13;5;6;1545;1;2;1;1.0;1;13;187, SECTION PLIANE;A;0.0;0.0;971
51764;201300057503;13;5;7;2245;5;2;1;1.0;3;1;RD 103, CHAUVEL;A;0.0;0.0;971
51765;201300057504;13;5;8;445;2;1;1;1.0;7;1;RN1, BAIMBRIDGE;A;0.0;0.0;971
51766;201300057505;13;5;18;610;2;2;1;1.0;6;13;RN 4, SECTION MARE-GAILL;A;0.0;0.0;971
51767;201300057507;13;5;25;805;1;1;1;1.0;3;13;RD 103, SECTION LEROUX;A;0.0;0.0;971
51768;201300057508;13;5;25;2119;5;1;1;1.0;6;1;RD, PERRIN;A;0.0;0.0;971
51769;201300057509;13;5;30;820;1;1;1;1.0;6;1;RD 126, VIEUX BOURG;A;0.0;0.0;971
51770;201300057510;13;6;8;650;1;1;1;1.0;1;1;00, Fr?d?ric JALTON;A;0.0;0.0;971