;Num_Acc;an;mois;jour;hrmn;lum;agg;int;atm;col;com;adr;gps;lat;long;dep
52028;201300057804;13;1;24;1335;1;2;3;3.0;1;2;3150, MONTABO (ROUTE DE);G;0.0;0.0;973
52029;201300057805;13;1;24;2130;5;2;1;1.0;1;2;314, CESAIRE (CITE);G;0.0;0.0;973
52030;201300057807;13;2;4;715;1;2;1;2.0;2;2;30, BADUEL (ROUTE DE);G;0.0;0.0;973
52031;201300057808;13;2;6;740;1;1;3;1.0;3;2;3106, HILAIRE(CHEMIN);G;0.0;0.0;973
52032;201300057809;13;2;5;1329;1;2;1;2.0;6;2;2, MANGO (ROUTE);G;0.0;0.0;973
52033;201300057810;13;2;6;1215;1;1;1;1.0;6;2;SAINT MARTIN (RESIDENCE);G;0.0;0.0;973
52034;201300057811;13;2;16;2315;4;2;1;1.0;2;2;121, REPUBLIQUE (BD DE L;G;0.0;0.0;973
52035;201300057812;13;2;25;1617;1;2;1;1.0;2;2;147, ARAGO (FRANCOIS);G;0.0;0.0;973
52036;201300057813;13;2;26;1915;3;2;1;1.0;1;2;32, KATOURY (LOTISSEMENT;G;0.0;0.0;973
52037;201300057815;13;3;7;40;5;2;1;1.0;1;2;353, LALOUETTE(RUE);G;0.0;0.0;973
52038;201300057816;13;3;10;20;5;2;1;1.0;3;2;60, HEDER (AVENUE LEOPOL;G;0.0;0.0;973
52039;201300057818;13;3;19;1630;1;2;3;1.0;3;2;CABASSOU (ROUTE DE);G;0.0;0.0;973
52040;201300057819;13;3;21;245;5;1;1;1.0;1;2;VOLTAIRE(AVENUE);G;0.0;0.0;973
52041;201300057820;13;3;21;1405;1;2;3;1.0;6;2;64, JUBELIN (BOULEVARD);G;0.0;0.0;973
52042;201300057821;13;3;22;2029;5;1;1;2.0;6;2;ROUTE NATIONALE 1;G;0.0;0.0;973
52043;201300057822;13;3;24;925;1;2;1;1.0;2;2;ROUTE NATIONALE 1;G;0.0;0.0;973
52044;201300057823;13;3;24;1844;5;1;2;1.0;3;2;1815, EBOUE (ROCADE FELI;G;0.0;0.0;973
52045;201300057824;13;4;3;1805;2;2;1;1.0;3;2;9001, FLAMBOYANTS (RUE D;G;0.0;0.0;973
52046;201300057825;13;4;6;1610;1;1;1;1.0;4;2;0000, ZEPHIR (ROCADE);G;0.0;0.0;973
52047;201300057826;13;4;6;2020;4;2;1;1.0;1;2;42, DIGUE RONJON;G;0.0;0.0;973
52048;201300057827;13;4;8;430;5;2;1;1.0;6;2;LIBERTE (AVENUE DE LA);G;0.0;0.0;973
52049;201300057828;13;4;10;1955;5;2;3;1.0;1;2;33, 14 ET 22 JUIN 1962;G;0.0;0.0;973
52050;201300057829;13;4;15;2155;5;2;2;1.0;3;2;1816, MANGO (ROUTE);G;0.0;0.0;973
52051;201300057830;13;4;20;1137;1;2;1;2.0;6;2;1357, MADELEINE (ROUTE D;G;0.0;0.0;973
52052;201300057831;13;4;28;630;1;2;1;2.0;6;2;3948, MONTABO (ROUTE DE);G;0.0;0.0;973
52053;201300057832;13;4;28;2142;5;1;1;2.0;6;2;ROUTE NATIONALE 1;G;0.0;0.0;973
52054;201300057833;13;5;3;1304;1;2;1;1.0;3;2;471, BADUEL (ROUTE DE);G;0.0;0.0;973
52055;201300057834;13;5;4;2115;3;2;1;1.0;6;2;7, JASMIN(LOTISSEMENT);G;0.0;0.0;973
52056;201300057835;13;5;5;615;1;2;1;1.0;6;2;1095, BADUEL (ROUTE DE);G;0.0;0.0;973
52057;201300057836;13;4;12;1925;4;1;1;1.0;3;2;TROUBIRAN (CHEMIN DE);G;0.0;0.0;973
52058;201300057837;13;5;27;2040;5;2;1;1.0;3;2;GALMOT (ROND-POINT);G;0.0;0.0;973
52059;201300057838;13;6;1;1705;1;1;1;1.0;7;2;TIGRE (ROUTE DU);G;0.0;0.0;973
52060;201300057839;13;6;3;1614;1;2;1;1.0;1;2;46, FLAMBOYANTS (RUE DES;G;0.0;0.0;973
52061;201300057840;13;5;18;435;3;1;1;1.0;1;2;0, RABAN (ROUTE DE);G;0.0;0.0;973
52062;201300057841;13;4;30;1500;1;2;3;1.0;6;2;MANGO (ROUTE);G;0.0;0.0;973
52063;201300057842;13;3;31;1400;1;2;1;1.0;6;2;REPUBLIQUE (BD DE LA);G;0.0;0.0;973
52064;201300057843;13;6;6;2155;5;1;3;1.0;3;2;1, ZEPHIR (CITE);G;0.0;0.0;973
52065;201300057844;13;6;8;454;5;2;2;2.0;3;2;MONTABO (ROUTE DE) 1;G;0.0;0.0;973
52066;201300057845;13;6;10;2014;5;2;2;1.0;3;2;12, BARTHELEMY (RENE);G;0.0;0.0;973
52067;201300057846;13;6;10;2135;5;2;1;3.0;3;2;3191, MONTABO (ROUTE DE);G;0.0;0.0;973
52068;201300057847;13;6;11;935;1;2;1;1.0;3;2;2788, MADELEINE (ROUTE D;G;0.0;0.0;973
52069;201300057848;13;6;14;1430;1;2;1;1.0;2;2;9001, FLAMBOYANTS (RUE D;G;0.0;0.0;973
52070;201300057849;13;6;14;1500;1;2;2;1.0;3;2;28, VOLTAIRE(AVENUE);G;0.0;0.0;973
52071;201300057850;13;6;20;1620;1;2;1;1.0;3;2;599, MADELEINE (ROUTE DE;G;0.0;0.0;973
52072;201300057852;13;6;22;1900;5;2;1;2.0;3;2;18, BADUEL (ROUTE DE);G;0.0;0.0;973
52073;201300057853;13;6;24;936;1;2;1;1.0;3;2;61, LIBERTE (AVENUE DE L;G;0.0;0.0;973
52074;201300057854;13;6;11;2003;5;2;3;1.0;3;2;TIGRE (ROUTE DU);G;0.0;0.0;973
52075;201300057855;13;6;28;400;5;2;1;1.0;6;2;FELIX EBOUE(ROCADE);G;0.0;0.0;973
52076;201300057856;13;6;28;2125;4;2;1;8.0;6;2;BADUEL (ROUTE DE);G;0.0;0.0;973
52077;201300057857;13;6;29;400;5;1;2;8.0;3;2;27, HEDER (AVENUE LEOPOL;G;0.0;0.0;973
52078;201300057858;13;6;29;645;1;1;1;1.0;1;2;FLAMBOYANTS (RUE DES);G;0.0;0.0;973
52079;201300057859;13;6;30;1930;5;2;1;1.0;2;2;2059, MADELEINE (ROUTE D;G;0.0;0.0;973
52080;201300057860;13;7;2;1445;1;1;1;1.0;1;2;2571, MONTABO (ROUTE DE);G;0.0;0.0;973
52081;201300057861;13;7;4;1525;1;2;1;1.0;3;2;TIGRE (ROUTE DU);G;0.0;0.0;973
52082;201300057862;13;7;9;1451;1;2;1;1.0;5;2;2788, MADELEINE (ROUTE D;G;0.0;0.0;973
52083;201300057863;13;7;16;2220;4;1;1;1.0;2;2;ROUTE NATIONALE 3;G;0.0;0.0;973
52084;201300057864;13;7;17;1220;1;2;1;1.0;2;2;3312, BADUEL (ROUTE DE);G;0.0;0.0;973
52085;201300057865;13;7;21;1;3;2;1;1.0;6;2;933, BADUEL (ROUTE DE);G;0.0;0.0;973
52086;201300057866;13;7;23;955;1;2;1;1.0;4;2;1696, BADUEL (ROUTE DE);G;0.0;0.0;973
52087;201300057867;13;7;25;1026;1;2;1;1.0;2;2;913, BADUEL (ROUTE DE);G;0.0;0.0;973
52088;201300057868;13;7;26;1730;1;1;4;1.0;3;2;ROUTE NATIONALE 1;G;0.0;0.0;973
52089;201300057869;13;7;28;135;5;1;1;2.0;7;2;CABASSOU (ROUTE DE);G;0.0;0.0;973
52090;201300057870;13;7;29;2110;5;1;3;1.0;3;2;41, CESAIRE (CITE);G;0.0;0.0;973
52091;201300057871;13;7;31;2240;5;2;2;1.0;3;2;FELIX EBOUE(ROCADE);G;0.0;0.0;973
52092;201300057872;13;7;28;2020;5;1;1;1.0;6;2;1, TIGRE (ROUTE DU);G;0.0;0.0;973
52093;201300057873;13;8;4;350;5;2;1;1.0;1;2;BADUEL (ROUTE DE);G;0.0;0.0;973
52094;201300057874;13;8;11;655;1;1;6;1.0;2;2;MARINGOUINS (ROND-POINT);G;0.0;0.0;973
52095;201300057875;13;8;11;1255;1;2;1;1.0;6;2;383, MANGO (ROUTE);G;0.0;0.0;973
52096;201300057876;13;8;26;1220;1;2;1;1.0;5;2;7, REPUBLIQUE (BD DE LA);G;0.0;0.0;973
52097;201300057877;13;8;26;1915;5;2;1;1.0;6;2;5, FAUBOURG L'ABRI (CITE;G;0.0;0.0;973
52098;201300057878;13;8;28;1635;1;2;1;1.0;3;2;15, ESTREES (AVENUE D');G;0.0;0.0;973
52099;201300057879;13;9;2;1450;1;2;1;1.0;3;2;1296, MADELEINE (ROUTE D;G;0.0;0.0;973
52100;201300057880;13;9;3;1235;1;1;3;1.0;3;2;127, CABASSOU (ROUTE DE);G;0.0;0.0;973
52101;201300057881;13;9;5;1320;1;2;1;1.0;2;2;1413, FELIX EBOUE(ROCADE;G;0.0;0.0;973
52102;201300057882;13;9;7;1600;1;2;1;1.0;1;2;127, CABASSOU (ROUTE DE);G;0.0;0.0;973
52103;201300057883;13;9;9;112;5;2;1;1.0;6;2;CABASSOU (ROUTE DE);G;0.0;0.0;973
52104;201300057886;13;9;20;805;1;1;1;1.0;3;2;MIRZA (CITE);G;0.0;0.0;973
52105;201300057887;13;9;21;1945;2;2;1;1.0;1;2;ESTREES (AVENUE D');G;0.0;0.0;973
52106;201300057888;13;9;21;2308;4;1;3;1.0;3;2;2407, EBOUE (ROCADE FELI;G;0.0;0.0;973
52107;201300057889;13;9;23;2005;5;2;2;1.0;3;2;2, BLANC (LOUIS);G;0.0;0.0;973
52108;201300057890;13;9;25;800;1;2;1;1.0;5;2;2358, BADUEL (ROUTE DE);G;0.0;0.0;973
52109;201300057891;13;9;25;1525;1;2;3;1.0;3;2;1613, RABAN (ROUTE DE);G;0.0;0.0;973
52110;201300057892;13;9;26;1540;1;1;6;1.0;6;2;MARINGOUINS (ROND-POINT);G;0.0;0.0;973
52111;201300057893;13;9;29;815;1;1;1;1.0;2;2;3945, MONTABO (ROUTE DE);G;0.0;0.0;973
52112;201300057894;13;9;30;1955;5;1;1;1.0;5;2;1789, MADELEINE (ROUTE D;G;0.0;0.0;973
52113;201300057895;13;10;6;1945;5;2;1;1.0;1;2;237, MANGO (ROUTE);G;0.0;0.0;973
52114;201300057896;13;10;16;1220;1;2;1;1.0;3;2;599, MADELEINE (ROUTE DE;G;0.0;0.0;973
52115;201300057897;13;10;18;750;1;2;3;1.0;3;2;0, LIBERTE (AVENUE DE LA;G;0.0;0.0;973
52116;201300057898;13;10;19;1500;1;1;3;1.0;3;2;RABAN (ROUTE DE);G;0.0;0.0;973
52117;201300057899;13;10;19;2100;5;1;1;1.0;3;2;1850, MADELEINE (ROUTE D;G;0.0;0.0;973
52118;201300057900;13;10;20;2005;5;2;1;1.0;1;2;MADELEINE (ROUTE DE LA);G;0.0;0.0;973
52119;201300057901;13;10;21;220;5;2;1;1.0;6;2;2, BRADIN (GONTRAN) CITE;G;0.0;0.0;973
52120;201300057902;13;10;26;1430;1;2;1;1.0;3;2;127, CABASSOU (ROUTE DE);G;0.0;0.0;973
52121;201300057904;13;10;31;945;1;1;1;1.0;3;2;ZONE COLLERY I OU II;G;0.0;0.0;973
52122;201300057905;13;11;11;335;5;2;1;1.0;7;2;49, LIBERTE (AVENUE DE L;G;0.0;0.0;973
52123;201300057907;13;11;15;210;5;2;1;1.0;7;2;08, FLAMBOYANTS (RUE DES;G;0.0;0.0;973
52124;201300057908;13;11;15;1045;1;1;1;1.0;3;2;1361, BADUEL (ROUTE DE);G;0.0;0.0;973
52125;201300057910;13;11;26;930;1;2;4;1.0;3;2;MANGO (ROUTE);;;;973
52126;201300057911;13;11;30;1418;1;2;1;1.0;3;2;537, BADUEL (ROUTE DE);;;;973
52127;201300057912;13;12;7;740;1;2;1;9.0;6;2;62, BOUDINOT (AUGUSTE) C;;;;973
52128;201300057913;13;12;7;1815;2;2;1;1.0;1;2;3650, BADUEL (ROUTE DE);;;;973
52129;201300057914;13;12;12;626;1;1;1;2.0;3;2;556, MONTABO (ROUTE DE);;;;973
52130;201300057915;13;12;14;1205;1;1;1;1.0;3;2;31, LA ROSERAIE(CITE);;;;973
52131;201300057916;13;12;17;1600;1;1;3;3.0;1;2;21332, MONTABO (ROUTE DE;;;;973
52132;201300057918;13;12;21;1020;1;2;2;2.0;2;2;3PREVOT (ERNEST);;;;973
52133;201300057919;13;12;25;740;1;1;1;1.0;3;2;238, FLAMBOYANTS (RUE DE;;;;973
52134;201300057920;13;12;29;1540;1;2;1;1.0;3;2;ZEPHIR (ROCADE);;;;973
52135;201300057921;13;1;1;330;3;2;1;1.0;6;7;ROUTE DU SACRE COEUR;R;0.0;0.0;974
52136;201300057922;13;1;1;653;1;1;1;1.0;7;7;4, SECTEUR DU PORT;R;0.0;0.0;974
52137;201300057923;13;1;14;1620;1;2;1;1.0;2;7;RUE JACQUES PREVERT;R;;;974
52138;201300057924;13;1;14;2005;4;2;1;1.0;6;7;VERGES(AVENUE);R;0.0;0.0;974
52139;201300057925;13;1;25;2150;3;1;6;1.0;7;7;ROND POINT SACRE COEUR;R;;;974
52140;201300057926;13;2;10;835;1;2;1;1.0;7;7;ROND POINT DE CAMBAIE;R;0.0;0.0;974
52141;201300057927;13;2;12;1905;2;1;1;1.0;3;7;RUE JACQUES PREVERT;R;;;974
52142;201300057928;13;3;1;55;5;2;1;1.0;7;7;COMMUNE DE PARIS (AVENUE;R;0.0;0.0;974
52143;201300057929;13;3;1;1220;1;2;1;1.0;3;7;rue jesse owens;R;;;974
52144;201300057930;13;3;2;2225;5;2;1;1.0;3;7;COMMUNE DE PARIS (AV);R;0.0;0.0;974
52145;201300057931;13;3;4;1340;1;2;1;1.0;6;7;BANVILLE(RUELLE);R;;;974
52146;201300057932;13;3;4;1710;1;2;3;1.0;6;7;SPENCER HERBERT(RUE);R;;;974
52147;201300057933;13;3;5;1330;1;2;1;1.0;2;7;BD DE LA COMPAGNIE DES I;R;;;974
52148;201300057934;13;3;9;1023;1;2;1;1.0;6;7;MICHEL RENE(RUE);R;;;974
52149;201300057935;13;3;12;807;1;2;2;1.0;6;7;SAINT PAUL(RUE);R;0.0;0.0;974
52150;201300057936;13;3;14;2140;3;2;1;1.0;7;7;ROUTE DU SACRE COEUR;R;;;974
52151;201300057937;13;3;15;1300;1;2;1;1.0;6;7;19 MARS 1946(AVENUE DU);R;;;974
52152;201300057938;13;3;22;2300;3;2;1;1.0;3;7;ROND POINT SACRE COEUR;R;0.0;0.0;974
52153;201300057939;13;4;3;1920;3;1;1;1.0;6;7;CHEMIN DES ANGLAIS;R;;;974
52154;201300057940;13;4;4;640;2;1;1;1.0;6;7;OWENS JAMES;R;;;974
52155;201300057941;13;4;5;2145;5;2;1;1.0;7;7;ABATTOIR(PLACE);R;;;974
52156;201300057942;13;4;9;1635;1;2;1;1.0;3;7;ROND POINT DES DANSEUSES;R;0.0;0.0;974
52157;201300057943;13;4;11;1220;1;2;1;1.0;3;7;MONDON (AVENUE);R;;;974
52158;201300057944;13;4;12;2220;5;2;1;1.0;3;7;PARIS (AVENUE);R;;;974
52159;201300057945;13;4;13;2000;3;1;2;1.0;3;7;RUE JEAN MOULIN;R;;;974
52160;201300057946;13;4;15;1550;1;1;1;1.0;2;7;VOIE PORTUAIRE;R;;;974
52161;201300057947;13;4;17;1645;1;2;1;1.0;3;7;BD DE LA COMPAGNIE DES I;R;;;974
52162;201300057948;13;4;19;2000;3;2;1;1.0;6;7;SUAREZ ANDRE(RUE);R;;;974
52163;201300057949;13;4;20;2110;3;2;1;1.0;2;7;MASCAREIGNES(BOULEVARD);R;0.0;0.0;974
52164;201300057950;13;4;22;810;1;2;1;1.0;6;7;ROND POINT TITAN;R;;;974
52165;201300057951;13;4;24;915;1;2;1;1.0;6;7;BOSSE (RUE);R;;;974
52166;201300057952;13;5;3;1650;1;2;1;1.0;2;7;ROUTE DU SACRE COEUR;R;;;974
52167;201300057953;13;5;9;2105;5;2;1;1.0;3;7;PARIS (AVENUE);R;;;974
52168;201300057954;13;5;12;1530;1;2;1;1.0;6;7;SUAREZ ANDRE(RUE);R;;;974
52169;201300057955;13;5;17;1805;2;1;1;1.0;3;7;ROUTE NATIONALE N? 1;R;0.0;0.0;974
52170;201300057956;13;5;21;1650;1;1;1;1.0;7;7;ROUTE NATIONALE N? 1;R;0.0;0.0;974
52171;201300057957;13;5;25;1605;1;2;1;1.0;6;7;RUE JACQUES DUCLOS;R;0.0;0.0;974
52172;201300057958;13;5;25;2030;3;2;1;1.0;3;7;TAMATAVE (BOULEVARD);R;0.0;0.0;974
52173;201300057959;13;5;27;1310;1;2;2;1.0;2;7;SANS SOUCIS(RUE);R;;;974
52174;201300057960;13;6;6;1515;1;2;1;1.0;6;7;ROND POINT DE CAMBAIE;R;0.0;0.0;974
52175;201300057962;13;6;10;1656;1;2;1;1.0;2;7;MONDON (AVENUE);R;0.0;0.0;974
52176;201300057963;13;6;12;1525;1;2;1;1.0;3;7;RUE SULLY PRUD'HOMME;R;;;974
52177;201300057964;13;6;14;1606;1;2;1;1.0;6;7;08 MARS(RUE DU);R;;;974
52178;201300057966;13;6;20;1840;3;1;1;1.0;2;7;ROUTE NATIONALE N? 1;R;0.0;0.0;974
52179;201300057967;13;6;25;1920;5;2;1;1.0;3;7;SIMON (RUE PERNIC);R;;;974
52180;201300057968;13;7;6;2247;5;2;1;1.0;2;7;CARPAYE(AVENUE);R;;;974
52181;201300057969;13;7;10;920;1;2;1;1.0;2;7;COMPAGNIE DES INDES;R;;;974
52182;201300057970;13;7;11;638;2;2;1;1.0;7;7;RUE CHARLES DARWIN;R;;;974
52183;201300057971;13;7;15;835;1;2;1;1.0;6;7;LYON(RUE);R;2093729.0;529534.0;974
52184;201300057972;13;7;15;1645;1;2;1;1.0;5;7;VERDUN(BOULEVARD);R;0.0;0.0;974
52185;201300057973;13;7;23;2255;3;1;1;1.0;3;7;ROUTE NATIONALE 1;R;0.0;0.0;974
52186;201300057974;13;7;30;644;2;2;1;1.0;5;7;DESMOULINS(RUE);R;0.0;0.0;974
52187;201300057975;13;7;30;1800;2;2;1;1.0;6;7;14 JUILLET 1789(AVENUE D;R;;;974
52188;201300057976;13;8;6;1135;1;2;1;1.0;6;7;CABRAL(RUE);R;;;974
52189;201300057978;13;8;10;1;5;2;1;1.0;7;7;OWENS JAMES;R;0.0;0.0;974
52190;201300057979;13;8;10;1910;5;2;1;1.0;3;7;TOULOUSE(BOULEVARD);R;;;974
52191;201300057980;13;8;19;2015;5;2;6;1.0;3;7;ROND POINT DE L'OASIS;R;;;974
52192;201300057982;13;8;28;2216;5;2;3;1.0;1;7;19 MARS 1946 (AVENUE);R;;;974
52193;201300057983;13;8;29;1650;1;2;1;1.0;6;7;VERGES(AVENUE);R;;;974
52194;201300057984;13;8;30;1510;1;2;1;1.0;3;7;RUE THEODORE DROUET;R;;;974
52195;201300057985;13;9;10;625;1;2;1;1.0;6;7;RUE JACQUES PREVERT;R;0.0;0.0;974
52196;201300057986;13;9;23;711;1;2;1;1.0;6;7;OWENS JAMES;R;0.0;0.0;974
52197;201300057987;13;9;29;800;1;2;6;1.0;2;7;RD PT SACRE COEUR;R;;;974
52198;201300057988;13;10;6;250;3;1;1;1.0;6;7;ROUTE DU SACRE COEUR;R;0.0;0.0;974
52199;201300057989;13;10;6;2040;3;2;1;1.0;6;7;20, CARPAYE(AVENUE);R;0.0;0.0;974
52200;201300057990;13;10;7;700;1;1;1;1.0;3;7;ROUTE NATIONALE N? 1;R;0.0;0.0;974
52201;201300057991;13;10;10;1440;1;2;1;1.0;3;7;RUE JACQUES PREVERT;R;0.0;0.0;974
52202;201300057992;13;10;12;1400;1;2;2;1.0;3;7;LILLE (RUE);R;0.0;0.0;974
52203;201300057993;13;10;21;1905;3;2;1;1.0;1;7;OWENS JAMES;R;0.0;0.0;974
52204;201300057994;13;10;23;1415;1;2;1;1.0;2;7;33, RUE JACQUES PREVERT;R;0.0;0.0;974
52205;201300057995;13;10;27;1023;1;2;1;1.0;3;7;CIMENDEF(RUE);R;0.0;0.0;974
52206;201300057997;13;11;6;1310;1;2;1;1.0;6;7;ARAGON LOUIS(AVENUE);R;0.0;0.0;974
52207;201300057999;13;11;10;1715;1;2;1;1.0;3;7;RUE JEAN MOULIN;R;0.0;0.0;974
52208;201300058000;13;11;12;1615;1;2;1;1.0;6;7;VINCY LEONARD (RUELLE);R;0.0;0.0;974
52209;201300058001;13;11;18;815;1;2;2;1.0;3;7;LONDRES (RUE);R;0.0;0.0;974
52210;201300058002;13;11;18;1530;1;2;1;1.0;6;7;3, VILLON FRANCOIS(ALLEE;R;0.0;0.0;974
52211;201300058003;13;11;24;1902;5;2;1;1.0;3;7;RUE JACQUES DUCLOS;R;0.0;0.0;974
52212;201300058004;13;11;26;1820;2;2;3;1.0;6;7;70, DE GAULLE(RUE);R;0.0;0.0;974
52213;201300058005;13;11;29;1205;1;2;1;1.0;6;7;RUE JACQUES DUCLOS;R;0.0;0.0;974
52214;201300058006;13;12;2;825;1;1;1;1.0;2;7;ROUTE NATIONALE N? 1;R;0.0;0.0;974
52215;201300058007;13;12;3;1810;1;2;1;1.0;6;7;RUE VERLAINE;R;0.0;0.0;974
52216;201300058008;13;12;9;1540;1;2;1;1.0;3;7;ROUTE DU SACRE COEUR;R;0.0;0.0;974
52217;201300058009;13;12;10;1209;1;2;6;1.0;3;7;RUE BORIS VIAN;R;0.0;0.0;974
52218;201300058010;13;12;10;1700;1;2;2;1.0;3;7;COMMUNE DE PARIS (AVENUE;R;0.0;0.0;974
52219;201300058011;13;12;14;1115;1;2;1;1.0;6;7;CARPAYE(AVENUE);R;0.0;0.0;974
52220;201300058012;13;12;20;500;2;2;1;1.0;7;7;FERRY (RUE);;;;974
52221;201300058013;13;12;20;1650;1;2;1;1.0;7;7;OWENS JAMES;;;;974
52222;201300058016;13;12;25;325;5;2;1;1.0;6;7;48, LENINE (AVENUE);R;;;974
52223;201300058017;13;12;25;2130;2;2;1;1.0;6;7;ROND POINT BUTTE CITRONN;;;;974
52224;201300058018;13;2;4;1627;1;1;1;1.0;2;9;RN2 SENS STE SUZANNE ST;R;0.0;0.0;974
52225;201300058019;13;2;11;1227;1;1;1;1.0;6;9;AGENOR (chemin);R;0.0;0.0;974
52226;201300058020;13;2;12;1925;3;2;1;1.0;6;9;LACOARET(RUE);R;0.0;0.0;974
52227;201300058023;13;2;18;1700;1;2;3;2.0;3;9;ROCADE SUD(RUE);R;0.0;0.0;974
52228;201300058025;13;1;6;1525;1;2;1;1.0;6;9;RN2;R;0.0;0.0;974
52229;201300058026;13;2;19;1230;1;1;1;1.0;6;9;453, Salazie (route de);R;0.0;0.0;974
52230;201300058027;13;2;27;1630;1;2;1;1.0;2;9;936, MASCAREIGNES (Avenu;R;0.0;0.0;974
52231;201300058028;13;3;8;1400;1;1;1;1.0;6;9;0, DIORE(CHEMIN);R;0.0;0.0;974
52232;201300058029;13;3;30;1810;2;1;1;1.0;2;9;CRESSONNIERE (RUE DE LA);R;;;974
52233;201300058033;13;4;16;1650;1;2;1;1.0;4;9;DE BOURBON(AVENUE);R;5564823.0;296761.0;974
52234;201300058034;13;4;21;1500;1;2;1;1.0;1;9;001, BRAS DES CHEVRETTES;R;;;974
52235;201300058035;13;4;23;1930;5;2;1;1.0;3;9;ILE DE FRANCE(AVENUE);R;;;974
52236;201300058037;13;4;5;1830;5;2;1;2.0;6;9;001, DE LA GARE(RUE);R;;;974
52237;201300058038;13;4;29;1855;5;1;1;1.0;3;9;001, DU PERE REPOND(RUE);R;;;974
52238;201300058039;13;3;13;1755;2;1;1;1.0;1;9;001, PARC DU COLOSSE (ru;R;;;974
52239;201300058040;13;4;10;1855;3;1;1;1.0;2;9;001, MAUNIER(RUE);R;;;974
52240;201300058041;13;5;3;1040;1;2;1;1.0;6;9;2005, MINGARD(RUE);R;;;974
52241;201300058045;13;6;6;1730;2;1;1;1.0;3;9;, RN2 SENS STE SUZANNE S;R;0.0;0.0;974
52242;201300058046;13;6;6;1815;5;2;1;1.0;5;9;1932, ILE DE FRANCE (AV);R;0.0;0.0;974
52243;201300058047;13;3;9;1345;1;2;1;1.0;7;9;00, RN2 DIRECTION ST BEN;R;;;974
52244;201300058048;13;3;15;1040;1;2;2;1.0;3;9;00, Rio (chemin);R;0.0;0.0;974
52245;201300058050;13;6;14;2045;5;2;1;1.0;2;9;DE LA GARE(RUE);R;0.0;0.0;974
52246;201300058051;13;6;21;1755;2;2;1;1.0;2;9;, BEL OMBRE (chemin);R;;;974
52247;201300058052;13;4;23;1715;2;2;1;1.0;6;9;1590, ILE DE FRANCE(AVEN;R;;;974
52248;201300058053;13;7;22;1520;1;2;1;7.0;5;9;LAGOURGUE(CHEMIN);R;0.0;0.0;974
52249;201300058054;13;6;12;1920;5;2;1;1.0;7;9;DE LA GARE(RUE);R;0.0;0.0;974
52250;201300058055;13;6;8;1430;1;2;1;1.0;5;9;DE BOURBON(AVENUE);R;;;974
52251;201300058056;13;6;21;940;1;2;1;1.0;5;9;DE BOURBON(AVENUE);R;0.0;0.0;974
52252;201300058058;13;6;28;1415;1;2;1;1.0;2;9;DE LA GARE(RUE);R;0.0;0.0;974
52253;201300058059;13;7;28;1025;1;2;1;1.0;3;9;BRAS DES CHEVRETTES (che;R;;;974
52254;201300058060;13;7;1;800;1;2;1;1.0;6;9;PATELIN (chemin);R;0.0;0.0;974
52255;201300058061;13;7;6;1205;1;2;1;1.0;7;9;MAUNIER(RUE);R;;;974
52256;201300058063;13;7;9;1855;5;2;1;1.0;2;9;MASCAREIGNES (Avenue des;R;;;974
52257;201300058064;13;7;10;2100;5;2;1;1.0;7;9;IGNORE, ILE DE FRANCE(AV;R;;;974
52258;201300058065;13;10;2;1837;5;2;1;1.0;2;9;DU CENTRE(CHEMIN);;;;974
52259;201300058066;13;9;29;1605;1;2;1;1.0;7;9;LETCHIS(RUE);R;;;974
52260;201300058067;13;10;15;1925;5;1;1;1.0;1;9;30, Grand Canal ( chemin;;;;974
52261;201300058070;13;10;29;1720;1;1;1;2.0;6;9;DIORE(CHEMIN);;;;974
52262;201300058071;13;10;29;1730;1;1;1;2.0;2;9;RN2 SENS ST BENOIT ST DE;;;;974
52263;201300058072;13;11;2;710;1;2;1;1.0;6;9;MASCAREIGNES (Avenue des;;;;974
52264;201300058073;13;11;5;1230;1;2;1;9.0;3;9;MASCAREIGNES (Avenue des;;;;974
52265;201300058074;13;11;6;1555;1;1;1;2.0;1;9;516, CRESSONNIERE (rue d;;;;974
52266;201300058075;13;11;29;920;1;1;1;1.0;3;9;1500, BEL OMBRE (chemin);;;;974
52267;201300058076;13;12;16;745;1;1;1;9.0;2;9;IGNORE, Salazie (route d;;;;974
52268;201300058077;13;12;20;1700;1;2;3;1.0;6;9;330, MASCAREIGNES (Avenu;R;;;974
52269;201300058078;13;12;20;2015;2;2;3;9.0;3;9;IGNORE, BRUNET (CHEMIN);;;;974
52270;201300058079;13;12;30;1210;1;2;1;9.0;3;9;158, MASCAREIGNES Avenue;;;;974
52271;201300058080;13;2;1;630;2;2;1;2.0;2;9;491, DE BOURBON(AVENUE);R;;;974
52272;201300058081;13;2;7;1400;1;2;1;1.0;1;9;MASCAREIGNES (AVENUE);R;0.0;0.0;974
52273;201300058082;13;1;7;1430;1;2;1;1.0;2;11;78, BOIS DE NEFLES (RUE;R;;;974
52274;201300058083;13;1;14;2235;5;2;5;3.0;3;11;LABOURDONNAIS (RUE);R;;;974
52275;201300058084;13;1;29;2200;5;2;1;1.0;1;11;JAURES (BLD 1 JEAN);R;0.0;0.0;974
52276;201300058086;13;2;7;145;5;2;1;1.0;6;11;6, SAINT-BERNARD (CH DE);R;;;974
52277;201300058087;13;2;1;1520;1;2;2;2.0;2;11;32, GAULLE (DU GENERAL D;R;;;974
52278;201300058088;13;2;4;846;1;2;1;1.0;1;11;2LANCASTEL (BOULEVARD);R;;;974
52279;201300058089;13;2;9;100;5;2;1;1.0;5;11;5 POMPIDOU (AV. GEORGES);R;;;974
52280;201300058090;13;2;9;1405;1;2;1;9.0;6;11;3 MARCADET (RUELLE);R;;;974
52281;201300058091;13;2;10;327;3;2;1;1.0;2;11;LITTORAL (ROUTE 1 DU);R;0.0;0.0;974
52282;201300058092;13;2;12;1720;1;2;1;1.0;1;11;2  RAMBAUD (LEOPOLD);R;0.0;0.0;974
52283;201300058093;13;2;8;800;1;2;1;1.0;1;11;NOTRE DAME DE LA TRINITE;R;;;974
52284;201300058094;13;2;14;805;1;2;1;1.0;1;11;1BOYER (ROUTE ANTIDE);R;0.0;0.0;974
52285;201300058095;13;1;10;803;1;2;2;1.0;3;11;JAURES (BLD 1 JEAN);R;0.0;0.0;974
52286;201300058096;13;2;19;1635;1;2;1;2.0;6;11;RUISSEAU DES NOIRS (RUE);R;;;974
52287;201300058097;13;2;28;707;1;2;1;1.0;6;11;3, AGATES (ALLEE DES);R;;;974
52288;201300058098;13;2;28;1310;1;2;1;1.0;6;11;3 LECONTE DE LISLE (AV);R;;;974
52289;201300058100;13;3;2;2347;5;2;5;1.0;3;11;LECONTE DE LISLE (AV);R;;;974
52290;201300058101;13;3;10;222;5;2;2;1.0;3;11;DODU 1 (RUE JULIETTE);R;;;974
52291;201300058102;13;3;6;1400;1;2;1;1.0;3;11;CHAUDRON  (BLD 1 DU);R;0.0;0.0;974
52292;201300058103;13;3;12;1708;1;2;1;1.0;6;11;LAGRANGE (RUE LEO);R;;;974