;Num_Acc;an;mois;jour;hrmn;lum;agg;int;atm;col;com;adr;gps;lat;long;dep
52293;201300058104;13;3;3;1608;1;2;2;1.0;6;11;1, VICTOIRE (AVENUE DE L;R;;;974
52294;201300058106;13;3;25;1623;1;2;1;1.0;6;11;COCOTIERS (AVENUE DES);R;;;974
52295;201300058107;13;4;2;828;1;2;1;7.0;6;11;BOIS DE NEFLES (RUE DU);R;;;974
52296;201300058108;13;4;3;1712;1;2;1;2.0;6;11;MONTHYON (RUE);R;;;974
52297;201300058109;13;4;8;1658;1;2;1;1.0;3;11;JAURES (BLD 1 JEAN);R;0.0;0.0;974
52298;201300058110;13;4;18;1755;1;2;2;1.0;6;11;2, MONTHYON (RUE);R;;;974
52299;201300058111;13;5;18;2240;5;2;1;1.0;6;11;JAURES (BOULEVARD JEAN);R;0.0;0.0;974
52300;201300058112;13;4;22;753;1;1;1;7.0;6;11;NEUF (CHEMIN);R;0.0;0.0;974
52301;201300058113;13;4;24;800;1;2;2;1.0;6;11;JAURES (BD JEAN);R;0.0;0.0;974
52302;201300058114;13;4;22;1140;1;2;1;1.0;3;11;MAZAGRAN (RUE);R;;;974
52303;201300058115;13;5;8;1420;1;2;2;1.0;6;11;MALRAUX (AVENUE ANDRE);R;;;974
52304;201300058116;13;5;11;525;5;2;1;1.0;3;11;JAURES (BOULEVARD JEAN);R;0.0;0.0;974
52305;201300058117;13;4;13;520;4;2;1;1.0;3;11;RUISSEAU DES NOIRS (RUE);R;;;974
52306;201300058118;13;5;21;30;5;2;1;1.0;6;11;JAURES (BOULEVARD JEAN);R;0.0;0.0;974
52307;201300058119;13;5;25;520;5;2;1;1.0;6;11;LANCASTEL (BOULEVARD);R;;;974
52308;201300058121;13;6;3;1828;2;2;1;1.0;6;11;LATTRE DE TASSIGNY (AVEN;R;0.0;0.0;974
52309;201300058122;13;6;8;45;5;1;1;1.0;2;11;RN2/043;R;0.0;0.0;974
52310;201300058123;13;6;11;121;5;2;3;1.0;3;11;POMPIDOU (AV GEORGES);R;0.0;0.0;974
52311;201300058124;13;6;13;630;2;2;2;1.0;6;11;JAURES (BD JEAN);R;0.0;0.0;974
52312;201300058125;13;6;15;234;5;1;2;1.0;3;11;RN2/092;R;0.0;0.0;974
52313;201300058126;13;6;16;1950;2;2;1;1.0;3;11;LATTRE DE TASSIGNY (AV);R;0.0;0.0;974
52314;201300058127;13;6;17;2105;5;1;1;1.0;6;11;RN2/043;R;0.0;0.0;974
52315;201300058128;13;6;19;1535;1;2;1;1.0;2;11;RAMBAUD (LEOPOLD);R;0.0;0.0;974
52316;201300058129;13;6;22;205;5;2;2;1.0;3;11;DODU 1 (RUE JULIETTE);R;0.0;0.0;974
52317;201300058130;13;6;23;1845;5;2;1;1.0;2;11;JAURES (BOULEVARD JEAN);R;0.0;0.0;974
52318;201300058131;13;6;27;2200;5;2;1;1.0;6;11;BAUHINIAS (CHEMIN DES);R;;;974
52319;201300058132;13;6;28;1950;3;2;1;1.0;6;11;PICARDIE (RUE DE LA);R;;;974
52320;201300058133;13;7;2;1605;1;2;1;1.0;2;11;PROVIDENCE (BOULEVARD DE;R;0.0;0.0;974
52321;201300058134;13;7;7;100;5;2;2;1.0;3;11;PARIS (RUE DE);R;;;974
52322;201300058135;13;7;7;1245;1;2;2;1.0;3;11;JAURES (BOULEVARD JEAN);R;0.0;0.0;974
52323;201300058137;13;7;17;105;5;2;1;1.0;2;11;JAURES (BOULEVARD JEAN);R;0.0;0.0;974
52324;201300058138;13;7;25;815;1;2;1;1.0;6;11;BOULANGERIE (RUE DE LA);R;;;974
52325;201300058139;13;7;25;1528;1;1;6;8.0;6;11;JAURES (BOULEVARD JEAN);R;0.0;0.0;974
52326;201300058140;13;7;24;1900;4;2;1;1.0;3;11;PALMIERS (ROUTE DES);R;0.0;0.0;974
52327;201300058141;13;8;2;12;5;2;6;1.0;3;11;JAURES (BD JEAN);R;0.0;0.0;974
52328;201300058143;13;8;2;2343;5;2;1;1.0;6;11;MILIEU (CHEMIN DU);R;;;974
52329;201300058144;13;8;2;2311;5;2;1;1.0;3;11;RN2/111;R;0.0;0.0;974
52330;201300058145;13;8;5;1110;1;2;1;1.0;6;11;CHAUDRON (BLD 2 DU);R;0.0;0.0;974
52331;201300058146;13;8;7;1957;5;2;9;1.0;3;11;MACE (BOULEVARD GABRIEL);R;0.0;0.0;974
52332;201300058147;13;8;13;1134;1;2;2;1.0;6;11;MONTHYON (RUE);R;0.0;0.0;974
52333;201300058148;13;8;15;2045;5;2;9;1.0;3;11;JAURES (BD JEAN);R;0.0;0.0;974
52334;201300058150;13;8;16;1645;1;2;1;1.0;4;11;JAURES (BOULEVARD JEAN);R;0.0;0.0;974
52335;201300058151;13;8;20;1945;2;2;1;1.0;6;11;METZ (PLACE DE);R;;;974
52336;201300058152;13;9;2;2250;5;2;1;1.0;6;11;AMARYLLIS (DES);R;;;974
52337;201300058153;13;9;3;1915;2;2;1;1.0;1;11;DEBASSYNS (AVENUE);R;;;974
52338;201300058154;13;9;4;1755;2;1;1;1.0;6;11;BAILLY (CHEMIN);R;;;974
52339;201300058155;13;9;6;506;5;2;1;1.0;3;11;JAURES (BOULEVARD JEAN);R;0.0;0.0;974
52340;201300058156;13;9;8;2206;5;2;2;1.0;3;11;DODU 1 (RUE JULIETTE);R;0.0;0.0;974
52341;201300058157;13;9;8;41;3;2;2;1.0;1;11;GAULLE (DU GENERAL DE);R;0.0;0.0;974
52342;201300058158;13;9;13;1855;5;2;1;1.0;6;11;GAULLE (DU GENERAL DE);R;0.0;0.0;974
52343;201300058159;13;9;9;1722;1;2;1;1.0;6;11;BANCOUL (CHEMIN);R;;;974
52344;201300058160;13;9;11;1710;1;2;1;1.0;6;11;GAULLE (DU GENERAL DE);R;0.0;0.0;974
52345;201300058161;13;9;17;1910;1;2;1;1.0;3;11;PAGNOL (RUE MARCEL);R;;;974
52346;201300058162;13;10;4;1415;1;1;1;1.0;3;11;26, BRULE (ROUTE DU);R;0.0;0.0;974
52347;201300058163;13;10;5;2135;5;2;1;1.0;6;11;PITON (RTE DU BOIS DE NE;R;0.0;0.0;974
52348;201300058164;13;10;7;823;1;2;1;1.0;3;11;TOPAZES(ALLEE DES);R;0.0;0.0;974
52349;201300058165;13;10;7;1042;1;2;1;1.0;3;11;RAMBAUD (LEOPOLD);R;;;974
52350;201300058166;13;11;27;1255;1;2;4;1.0;5;11;MAZAGRAN (RUE);R;0.0;0.0;974
52351;201300058167;13;10;7;2005;5;2;2;1.0;3;11;CANAL (CHEMIN DU GRAND);R;0.0;0.0;974
52352;201300058168;13;10;15;2007;5;2;2;1.0;6;11;BRASSENS (AVENUE GEORGES;R;0.0;0.0;974
52353;201300058169;13;10;21;1239;1;2;1;1.0;1;11;MONNERVILLE (BOULEVARD G;R;0.0;0.0;974
52354;201300058170;13;9;26;646;1;2;2;1.0;3;11;AUBER (RUE JULES);R;0.0;0.0;974
52355;201300058171;13;11;9;2334;5;2;2;1.0;3;11;LORY LES HAUTS (RUE);R;0.0;0.0;974
52356;201300058172;13;11;12;736;1;2;1;1.0;3;11;NOTRE DAME DE LA TRINITE;R;0.0;0.0;974
52357;201300058173;13;11;15;805;1;2;1;1.0;4;11;JAURES (BLD 1 JEAN);R;0.0;0.0;974
52358;201300058174;13;11;22;1615;1;2;1;1.0;6;11;GASPARIN (LUCIEN);R;0.0;0.0;974
52359;201300058176;13;11;25;1835;5;1;1;2.0;7;11;RN2/043;R;0.0;0.0;974
52360;201300058177;13;12;8;2205;5;2;4;1.0;3;11;LANCASTEL (BOULEVARD);R;0.0;0.0;974
52361;201300058178;13;12;7;2115;4;2;1;1.0;6;11;PARIS (RUE DE);R;0.0;0.0;974
52362;201300058179;13;12;12;1158;1;2;1;1.0;6;11;BUTOR (RUE DU);R;0.0;0.0;974
52363;201300058180;13;11;23;359;5;2;1;1.0;3;11;RAMBAUD (LEOPOLD);R;0.0;0.0;974
52364;201300058181;13;12;25;505;2;2;1;1.0;1;11;GUICHARD (RUE ROGER);;;;974
52365;201300058183;13;12;12;1505;1;1;1;1.0;2;11;MONTAGNE (ROUTE DE LA);R;0.0;0.0;974
52366;201300058184;13;12;14;1407;1;2;1;1.0;6;11;RN2/043;R;0.0;0.0;974
52367;201300058185;13;12;13;2226;5;2;1;1.0;6;11;CANAL (CHEMIN DU GRAND);R;0.0;0.0;974
52368;201300058186;13;12;18;205;5;2;9;1.0;3;11;JAURES (BLD 2 JEAN);;;;974
52369;201300058187;13;12;22;1355;1;1;1;1.0;4;11;LITTORAL (ROUTE 1 DU);;;;974
52370;201300058188;13;12;22;855;1;2;2;1.0;3;11;PARIS (RUE DE);;;;974
52371;201300058189;13;12;25;2156;5;2;9;1.0;6;11;LECONTE DE LISLE (AVENUE;;;;974
52372;201300058190;13;12;30;210;3;1;1;1.0;6;11;LITTORAL (ROUTE 1 DU);;;;974
52373;201300058191;13;1;1;1112;1;2;1;1.0;6;16;SANS, LORION (RUE LUC);R;;;974
52374;201300058192;13;1;2;1440;1;2;1;1.0;7;16;SANS, RN1 (ROUTE NATIONA;R;0.0;0.0;974
52375;201300058193;13;1;5;1818;2;2;1;1.0;7;16;SANS, GENERAL DE GAULLE;R;0.0;0.0;974
52376;201300058194;13;1;9;137;3;1;1;1.0;7;16;RN1;R;0.0;0.0;974
52377;201300058195;13;1;9;615;2;2;1;1.0;1;16;SANS, MORIN (CHEMIN);R;0.0;0.0;974
52378;201300058196;13;1;10;1722;1;2;1;1.0;2;16;SANS, BANK (BOULEVARD);R;0.0;0.0;974
52379;201300058197;13;1;12;550;3;1;1;1.0;3;16;SANS, DIAGONAL (CHEMIN);R;0.0;0.0;974
52380;201300058198;13;1;13;1130;1;2;1;1.0;7;16;SANS, LORION (RUE LUC);R;0.0;0.0;974
52381;201300058199;13;1;15;600;2;2;1;2.0;7;16;SANS, DONAT (AVENUE LUC);R;;;974
52382;201300058200;13;1;16;1355;1;2;1;1.0;6;16;28, SUFFREN (RUE);R;;;974
52383;201300058201;13;1;19;1420;1;2;1;2.0;7;16;SANS, PARADIS (LIGNE) (1;R;0.0;0.0;974
52384;201300058202;13;1;20;1130;1;2;1;1.0;6;16;66, LEBLOND 1 (RUE MARIU;R;;;974
52385;201300058203;13;1;29;1500;1;2;1;1.0;6;16;SANS, LORION (RUE LUC);R;;;974
52386;201300058204;13;1;30;912;1;2;1;1.0;6;16;SANS, BOEUF (CHEMIN) (1);R;0.0;0.0;974
52387;201300058205;13;2;3;2155;3;1;1;1.0;3;16;RN2 (2);R;0.0;0.0;974
52388;201300058206;13;2;6;1403;1;1;1;1.0;2;16;RN1;R;0.0;0.0;974
52389;201300058208;13;2;7;1705;1;2;3;1.0;6;16;NEANT, LACAZE (RUE AMIRA;R;0.0;0.0;974
52390;201300058209;13;2;9;300;3;2;1;1.0;6;16;SANS, CHATEAU D'EAU (CHE;R;;;974
52391;201300058210;13;2;10;410;3;1;1;1.0;6;16;SANS, ENTRE DEUX (CHEMIN;R;;;974
52392;201300058211;13;2;11;1515;1;1;1;1.0;2;16;SANS, ARCHAMBAUD 400 (CH;R;;;974
52393;201300058212;13;2;12;2040;5;2;1;1.0;2;16;SANS, ARCHAMBAUD (RUE);R;;;974
52394;201300058213;13;2;13;600;1;1;1;1.0;3;16;SANS, MITTERAND (AVENUE;R;0.0;0.0;974
52395;201300058214;13;2;13;1157;1;1;1;1.0;3;16;ABEMONTI (IMPASSE);R;;;974
52396;201300058216;13;2;23;1945;3;1;1;1.0;6;16;3, PASTEUR (RUE);R;;;974
52397;201300058217;13;2;24;1625;1;1;1;2.0;3;16;SANS, CIMETIERE (CHEMIN;R;0.0;0.0;974
52398;201300058218;13;2;25;655;1;1;1;1.0;6;16;60, TROIS MARRE (CHEMIN);R;;;974
52399;201300058219;13;2;26;730;1;1;1;2.0;7;16;RN3 (3);R;0.0;0.0;974
52400;201300058221;13;2;27;1615;1;1;1;1.0;7;16;RN3 (3);R;0.0;0.0;974
52401;201300058222;13;2;28;1800;2;1;1;1.0;1;16;687, PICARD (CHEMIN);R;;;974
52402;201300058223;13;3;1;823;1;2;1;1.0;6;16;SANS, LEBLOND 1 (RUE MAR;R;;;974
52403;201300058224;13;3;3;1520;1;2;1;1.0;7;16;SANS, GAGARINE (RUE YOUR;R;;;974
52404;201300058225;13;3;5;1200;1;2;1;1.0;6;16;SANS, PRESBYTERE (RUE DU;R;;;974
52405;201300058226;13;3;7;2348;5;2;3;1.0;3;16;SANS, PRESBYTERE (RUE DU;R;;;974
52406;201300058227;13;3;10;845;1;1;1;1.0;7;16;SANS, RN3 (1);R;0.0;0.0;974
52407;201300058228;13;3;11;2140;3;1;1;1.0;6;16;116, RECHERCHANT (RUE AD;R;;;974
52408;201300058229;13;3;15;355;3;1;1;1.0;6;16;78, PARADIS (LIGNE) (1);R;;;974
52409;201300058230;13;3;15;1450;1;1;1;1.0;6;16;15, CHARETTE (CHEMIN);R;;;974
52410;201300058231;13;3;20;1028;1;1;1;1.0;6;16;SANS, IRFA (CHEMIN DE L';R;;;974
52411;201300058233;13;3;22;655;2;1;1;1.0;6;16;sans, BAMBOUS (LIGNE DES;R;;;974
52412;201300058234;13;3;23;835;1;1;1;1.0;6;16;RN1;R;0.0;0.0;974
52413;201300058235;13;3;26;1620;1;2;1;1.0;6;16;48, FRERE DENIS (RUE DU);R;;;974
52414;201300058236;13;3;28;1005;1;1;1;1.0;6;16;SANS, ANCIENNE NATIONALE;R;0.0;0.0;974
52415;201300058237;13;3;29;1900;3;1;1;3.0;6;16;SANS, BAMBOUS (LIGNE DES;R;;;974
52416;201300058238;13;3;31;450;3;2;2;1.0;3;16;SANS, FOUR A CHAUX(RUE D;R;;;974
52417;201300058239;13;3;31;1940;2;2;1;1.0;6;16;LORION(RUE LUC);R;0.0;0.0;974
52418;201300058240;13;4;1;510;2;1;1;1.0;7;16;RN1 (ROUTE NATIONALE);R;0.0;0.0;974
52419;201300058241;13;4;4;2305;5;2;1;1.0;3;16;, ROBINET DE LA SERVE (R;R;;;974
52420;201300058242;13;4;5;820;1;2;1;1.0;4;16;CHAINE (IMPASSE DE LA);R;;;974
52421;201300058243;13;4;7;1615;1;2;1;1.0;6;16;SOIE (ROUTE DE LA);R;;;974
52422;201300058244;13;4;13;1635;1;2;1;1.0;6;16;ARCHAMBAUD (RUE);R;0.0;0.0;974
52423;201300058245;13;4;14;538;2;1;1;1.0;6;16;RN1 (ROUTE NATIONALE);R;0.0;0.0;974
52424;201300058246;13;4;18;1841;2;2;1;1.0;6;16;HUBERT DE LISLE(BOULEVAR;R;0.0;0.0;974
52425;201300058247;13;4;22;815;1;2;1;1.0;2;16;BANK(BOULEVARD);R;;;974
52426;201300058248;13;4;22;1615;1;2;1;1.0;6;16;ASSISES (CHEMIN DES);R;;;974
52427;201300058249;13;4;25;800;1;2;3;1.0;6;16;CHARITE (RUE DE LA);R;;;974
52428;201300058250;13;4;25;1020;1;1;1;1.0;6;16;CD 29;R;0.0;0.0;974
52429;201300058251;13;4;28;500;2;2;3;1.0;2;16;sans, FOUR A CHAUX(RUE D;R;;;974
52430;201300058252;13;4;28;1400;1;1;1;1.0;6;16;sans, DIAGONAL (CHEMIN);R;;;974
52431;201300058253;13;4;29;1010;1;2;1;1.0;6;16;sans, KING (ALLEE MARTIN;R;;;974
52432;201300058254;13;4;29;1450;1;2;1;1.0;6;16;LEBLOND 1 (RUE MARIUS ET;R;;;974
52433;201300058255;13;5;2;1910;3;2;1;1.0;6;16;ANCIENNE RN2;R;0.0;0.0;974
52434;201300058256;13;5;4;1215;1;2;3;1.0;6;16;SANS, LEBLOND 1 (RUE MAR;R;0.0;0.0;974
52435;201300058257;13;5;4;2300;3;2;1;1.0;6;16;19, BECS ROSES (ALLEE DE;R;;;974
52436;201300058258;13;5;5;1845;2;2;3;1.0;6;16;ARCHAMBAUD (RUE);R;;;974
52437;201300058259;13;5;5;2020;5;2;1;1.0;6;16;LEBLOND 1 (RUE MARIUS ET;R;0.0;0.0;974
52438;201300058260;13;5;8;800;1;1;1;1.0;6;16;BASSIN PLAT(CHEMIN);R;;;974
52439;201300058262;13;5;13;1100;2;2;1;1.0;6;16;BANK (BOULEVARD);R;;;974
52440;201300058263;13;5;16;745;1;2;1;1.0;6;16;BORDIER (CHEMIN);R;;;974
52441;201300058264;13;5;16;1418;1;2;1;1.0;2;16;HUBERT DE LISLE(BOULEVAR;R;0.0;0.0;974
52442;201300058265;13;5;18;1220;1;1;1;1.0;7;16;RN3 (2);R;0.0;0.0;974
52443;201300058266;13;5;20;1755;1;2;1;1.0;6;16;PIOR (RUE HYPOLITTE);R;0.0;0.0;974
52444;201300058268;13;5;22;945;1;1;1;1.0;3;16;BOISSY (CHEMIN DE);R;0.0;0.0;974
52445;201300058269;13;5;22;1755;1;2;1;1.0;6;16;06, SALETTE (CHEMIN DE L;R;;;974
52446;201300058271;13;5;25;620;2;1;1;1.0;5;16;ANCIENNE RN 1;R;0.0;0.0;974
52447;201300058272;13;5;28;825;1;2;3;1.0;6;16;FOUR A CHAUX 1 (RUE DU);R;;;974
52448;201300058273;13;5;31;1655;1;2;1;1.0;6;16;BONS ENFANTS (RUE DES);R;;;974
52449;201300058274;13;5;31;1850;2;2;1;1.0;6;16;HUBERT DE LISLE(BOULEVAR;R;0.0;0.0;974
52450;201300058275;13;6;1;1755;2;1;1;1.0;6;16;SANS, DIAMANTS (ALLEE DE;R;;;974
52451;201300058276;13;6;1;1940;5;2;1;1.0;5;16;SANS, AUGUSTIN ARCHAMBAU;R;0.0;0.0;974
52452;201300058277;13;6;3;1814;5;1;1;1.0;7;16;SANS, ECHANGEUR (MONT CA;R;;;974
52453;201300058278;13;6;4;1600;1;2;2;1.0;3;16;ARCHAMBAUD (RUE);R;0.0;0.0;974
52454;201300058279;13;6;4;1630;1;2;1;1.0;6;16;SANS, BAILLIF (CHEMIN ER;R;;;974
52455;201300058280;13;6;7;700;1;2;3;1.0;7;16;9 BONS ENFANTS (RUE DES);R;0.0;0.0;974
52456;201300058281;13;6;7;1910;3;1;1;1.0;6;16;10, BENOITE BOULARD (RUE;R;;;974
52457;201300058282;13;6;8;1700;1;1;1;1.0;6;16;ANCIENNE RN2;R;0.0;0.0;974
52458;201300058283;13;6;12;1000;1;2;1;1.0;7;16;43, LAURET (RUE BERTIN);R;;;974
52459;201300058284;13;6;12;1650;1;2;1;1.0;3;16;SANS, CHEMINEE (ALLEE  D;R;;;974
52460;201300058285;13;6;14;1610;1;1;1;1.0;7;16;SANS, FALAISE (CHEMIN);R;0.0;0.0;974
52461;201300058286;13;6;14;1800;2;1;1;1.0;5;16;RN3 (1);R;0.0;0.0;974
52462;201300058287;13;6;16;1825;2;1;1;1.0;3;16;SANS, SALETTE (CHEMIN DE;R;;;974
52463;201300058288;13;6;24;1645;1;1;1;1.0;4;16;RN1 (ROUTE NATIONALE);R;0.0;0.0;974
52464;201300058289;13;6;27;922;1;2;8;1.0;6;16;SANS, ASSISES (CHEMIN DE;R;;;974
52465;201300058290;13;6;29;1020;1;2;3;1.0;3;16;SANS, RIFOSTA (CHEMIN);R;;;974
52466;201300058291;13;6;29;1830;2;2;1;1.0;7;16;69, RODIER (RUE);R;;;974
52467;201300058292;13;7;1;250;5;2;1;1.0;3;16;SANS, CLAIN (CHEMIN);R;;;974
52468;201300058293;13;7;1;1040;1;2;1;1.0;6;16;3, CHATEAU D'EAU (CHEMIN;R;;;974
52469;201300058295;13;7;6;1940;5;2;1;1.0;6;16;SANS, JEAN XXIII (RUE);R;;;974
52470;201300058297;13;7;11;910;1;2;1;1.0;3;16;SANS, HUBERT DE LISLE(BO;R;0.0;0.0;974
52471;201300058298;13;7;12;1635;1;2;3;1.0;3;16;SANS, BABET (RUE AUGUSTE;R;0.0;0.0;974
52472;201300058299;13;7;12;1615;1;1;1;1.0;3;16;10, KM3 (CHEMIN);R;0.0;0.0;974
52473;201300058300;13;7;13;1200;1;2;1;1.0;7;16;200, LEBLOND 2 (RUE MARI;R;;;974
52474;201300058301;13;7;13;1605;1;2;3;1.0;3;16;SANS, EGLISE  (RUE DE L';R;2128884.0;547171.0;974
52475;201300058302;13;7;16;1900;5;1;1;1.0;5;16;RN2 (1);R;0.0;0.0;974
52476;201300058303;13;7;16;2000;5;1;1;1.0;6;16;RN2 (2);R;0.0;0.0;974
52477;201300058304;13;7;18;754;1;1;1;2.0;7;16;RN3 (1);R;0.0;0.0;974
52478;201300058305;13;7;22;1700;2;1;1;1.0;6;16;SANS, ENTRE DEUX(route d;R;0.0;0.0;974
52479;201300058306;13;7;27;515;3;1;1;1.0;7;16;RN1(BRETELLE ACCES);R;0.0;0.0;974
52480;201300058307;13;8;2;1855;5;2;2;1.0;5;16;SANS, MAHY (RUE FRANCOIS;R;0.0;0.0;974
52481;201300058308;13;8;5;1050;1;1;1;1.0;3;16;SANS, HOARAU (IMPASSE DE;R;;;974
52482;201300058310;13;8;7;1925;2;1;1;1.0;2;5;RN2 (1);R;0.0;0.0;974
52483;201300058311;13;8;8;1316;1;2;2;1.0;2;16;SANS, FOUR A CHAUX 1 (RU;R;;;974
52484;201300058312;13;8;9;1430;1;1;3;1.0;3;16;SANS, RN3 (ANCIENNE ROUT;R;0.0;0.0;974
52485;201300058313;13;8;10;355;3;1;1;1.0;6;16;SANS, RN1 (ROUTE NATIONA;R;0.0;0.0;974
52486;201300058314;13;8;10;1305;1;1;1;1.0;7;16;SANS, MAURICE THOREZ(CHE;R;0.0;0.0;974
52487;201300058316;13;8;16;905;1;1;1;1.0;5;16;RN2/PDT F.MITTERAND;R;0.0;0.0;974
52488;201300058317;13;8;17;751;1;1;6;1.0;2;16;ROND POINT LA CAFRINE;R;0.0;0.0;974
52489;201300058318;13;8;19;1125;1;1;1;1.0;7;16;RN1 (ROUTE NATIONALE);R;0.0;0.0;974
52490;201300058319;13;8;21;1900;3;1;1;1.0;7;16;SANS, CIMETIERE (CHEMIN;R;;;974
52491;201300058320;13;8;22;430;5;1;6;1.0;7;16;GENERAL DE GAULLE (RN2);R;0.0;0.0;974
52492;201300058321;13;8;22;720;1;1;1;1.0;7;16;SANS, PRESIDENT MITTERAN;R;0.0;0.0;974
52493;201300058323;13;8;24;825;1;2;1;1.0;6;16;146, BONS ENFANTS (RUE D;R;;;974
52494;201300058324;13;8;24;1610;1;2;3;1.0;5;16;SANS, HIPPOLYTE  PIOT (R;R;0.0;0.0;974
52495;201300058325;13;8;24;1915;3;2;1;1.0;1;16;RN2 (1);R;0.0;0.0;974
52496;201300058327;13;8;26;1855;3;1;1;1.0;6;16;85, BAMBOUS (LIGNE DES);R;;;974
52497;201300058328;13;8;28;1645;1;2;1;1.0;6;16;SANS, LEBLOND 1 (RUE MAR;R;0.0;0.0;974
52498;201300058329;13;8;29;2015;3;1;1;1.0;7;16;RN3 (1);R;0.0;0.0;974
52499;201300058330;13;8;30;2130;3;1;1;1.0;6;16;SANS, POUDRIERE (RUE DE;R;;;974
52500;201300058331;13;9;4;2020;5;1;1;1.0;6;16;RN1 (ROUTE NATIONALE);R;0.0;0.0;974
52501;201300058332;13;9;5;635;2;1;3;1.0;3;16;34, LUCIEN (CHEMIN);R;;;974
52502;201300058333;13;9;8;1;3;1;1;1.0;1;16;SANS, ANCIENNE RN2;R;0.0;0.0;974
52503;201300058334;13;9;8;1706;1;2;3;1.0;3;16;SANS, LEBLOND(RUE M. ET;R;;;974
52504;201300058335;13;9;11;800;1;1;3;1.0;3;16;SANS, ENTRE DEUX (CHEMIN;R;0.0;0.0;974
52505;201300058336;13;9;11;815;1;1;1;1.0;2;16;RN3 (1);R;0.0;0.0;974
52506;201300058337;13;9;13;1730;1;1;1;1.0;7;16;88, BOIS D'OLIVE (CHEMIN;R;;;974
52507;201300058338;13;9;13;2319;5;1;1;1.0;7;16;199, AUBEPINES (CHEMINS;R;;;974
52508;201300058339;13;9;15;20;4;2;1;1.0;6;16;SANS, HIPPOLYTE  PIOT (R;R;0.0;0.0;974
52509;201300058340;13;9;15;2020;3;1;1;1.0;6;16;RN1;R;0.0;0.0;974
52510;201300058341;13;9;15;2100;3;1;1;1.0;3;16;sans, PARADIS (LIGNE) (2;R;0.0;0.0;974
52511;201300058342;13;9;15;100;5;2;2;1.0;3;16;SANS, LEBLOND 1 (RUE MAR;R;0.0;0.0;974
52512;201300058343;13;9;16;1218;1;2;1;1.0;4;16;SANS, CROIX DE JUBILE (C;R;0.0;0.0;974
52513;201300058344;13;9;17;1145;1;2;2;2.0;6;16;sans, ISAUTIER (RUE FRAN;R;0.0;0.0;974
52514;201300058345;13;9;22;1050;1;1;1;1.0;3;16;SANS, CLAIN (CHEMIN);R;;;974
52515;201300058348;13;9;26;725;1;1;1;1.0;2;16;RN3 (3);R;0.0;0.0;974
52516;201300058349;13;9;28;1800;2;1;1;1.0;7;16;RN1 (ROUTE NATIONALE);R;0.0;0.0;974
52517;201300058350;13;9;30;610;2;1;1;1.0;7;16;SANS, ISAUTIER (AVENUE C;R;;;974
52518;201300058351;13;9;30;700;1;1;1;1.0;7;16;SANS, ISAUTIER (AVENUE C;R;0.0;0.0;974
52519;201300058352;13;10;2;1429;1;2;1;1.0;3;16;GENERAL DE GAULLE (RN2);R;0.0;0.0;974
52520;201300058353;13;10;3;1145;1;1;1;1.0;7;16;SANS, BASSIN MARTIN (CHE;R;0.0;0.0;974
52521;201300058355;13;10;11;830;1;2;2;1.0;3;16;SANS, GUIGNARD(RUE MEZIA;R;0.0;0.0;974
52522;201300058356;13;10;11;1645;1;1;1;1.0;3;16;SANS, DU LYCEE(RUE);R;0.0;0.0;974
52523;201300058357;13;10;18;425;3;1;1;1.0;7;16;RN1;R;0.0;0.0;974
52524;201300058358;13;10;23;1135;1;1;2;1.0;3;16;SANS, RECHERCHANT (RUE A;R;0.0;0.0;974
52525;201300058359;13;10;26;1200;1;1;1;1.0;6;16;SANS, DELISLES (ROUTE HU;R;0.0;0.0;974
52526;201300058360;13;10;29;1025;1;1;1;1.0;7;16;RN3 (1);R;0.0;0.0;974
52527;201300058361;13;11;4;1800;1;1;1;1.0;3;16;RN1;R;0.0;0.0;974
52528;201300058362;13;11;6;1610;1;1;2;1.0;3;16;SANS, CD 26;R;0.0;0.0;974
52529;201300058363;13;11;7;830;1;1;1;1.0;4;16;RN3 (1);R;0.0;0.0;974
52530;201300058364;13;11;8;130;3;1;1;1.0;2;16;sans, ANCIENNE RN 1;R;0.0;0.0;974
52531;201300058365;13;11;8;915;1;1;1;1.0;4;16;SANS, CD 26;R;0.0;0.0;974
52532;201300058366;13;11;10;1200;1;1;1;1.0;7;16;245, GAULLE (RUE DU GENE;R;0.0;0.0;974
52533;201300058367;13;11;13;1223;1;2;3;1.0;3;16;SANS, POUDRIERE (RUE DE;R;0.0;0.0;974
52534;201300058368;13;11;15;822;1;2;2;1.0;7;16;SANS, LORION (RUE LUC);R;0.0;0.0;974
52535;201300058369;13;11;17;1150;1;2;1;1.0;7;16;123, GENERAL DE GAULLE(A;R;0.0;0.0;974
52536;201300058370;13;11;19;810;1;2;1;1.0;6;16;SANS, PARADIS (LIGNE) (1;R;0.0;0.0;974
52537;201300058371;13;11;19;2049;3;2;1;1.0;7;16;39, ALIZEES (PROMENADE D;R;0.0;0.0;974
52538;201300058372;13;11;22;1750;1;2;1;1.0;6;16;36, SAVANE (CHEMIN DE LA;R;0.0;0.0;974
52539;201300058373;13;12;3;1520;1;1;1;1.0;7;16;RN1;;;;974
52540;201300058375;13;12;5;1810;1;2;1;1.0;7;16;SANS, BANK(BOULEVARD);;;;974
52541;201300058376;13;12;6;1533;1;1;1;1.0;3;16;SANS, EQUERRE (LIGNE D');;;;974
52542;201300058377;13;12;10;835;1;2;1;1.0;6;16;95, ALBANY (RUE JEAN);;;;974
52543;201300058378;13;12;10;1135;1;1;1;1.0;1;16;24, CHATEAU D'EAU (CHEMI;;;;974
52544;201300058380;13;12;12;1320;1;1;1;1.0;3;16;RN2 (2);;;;974
52545;201300058381;13;12;13;1340;1;2;3;1.0;6;16;SANS, REBECCA (CHEMIN ST;;;;974
52546;201300058382;13;12;14;1300;1;1;1;1.0;3;16;SANS, ANCIENNE RN 1;;;;974
52547;201300058383;13;12;14;1715;1;2;1;1.0;6;16;52, VIGOUREUX(RUE VICTOR;;;;974
52548;201300058384;13;12;16;1310;1;2;1;1.0;2;16;RN02;;;;974
52549;201300058386;13;12;16;1925;3;2;3;1.0;3;16;SANS, PAVE(RUE);;;;974
52550;201300058387;13;12;18;1700;1;1;1;1.0;7;16;SANS, BADAMIER (CHEMIN);;;;974
52551;201300058389;13;12;21;1225;1;2;1;1.0;4;16;SANS, AUGUSTIN ARCHAMBAU;;;;974
52552;201300058390;13;12;27;730;1;2;1;1.0;3;16;155, AUBEPINES (CHEMINS;;;;974
52553;201300058392;13;12;27;1101;1;2;1;1.0;7;16;149, ASSISES (CHEMIN DES;;;;974
52554;201300058393;13;12;27;1835;2;1;1;1.0;3;16;SANS, ZONE (ALLEE DE LA);;;;974
52555;201300058394;13;12;29;720;1;2;1;1.0;6;16;22, BANCOULE (CHEMIN);;;;974
52556;201300058395;13;12;30;931;1;1;1;1.0;5;16;RN1;;;;974
52557;201300058397;13;12;30;1615;1;1;1;1.0;2;16;RN3 (1);;;;974